place_id,year,month,northdeg,city_id,lat,lon,panoid,spatial_cluster_id,heading_cluster_id,cluster_id,cluster_size,cluster_center_index,is_cluster_center,cluster_center_panoid
1547,2017,11,335,Bangkok,13.73248751686634,100.5497705007933,G6DFUCxaJ_djC0CCI7L1yA,15,0,15,7,15,True,G6DFUCxaJ_djC0CCI7L1yA
53,2018,10,393,Bangkok,13.71513905001517,100.53659868081,E2vArkZ5IBFNhDFv2YevpQ,17,0,17,4,17,True,E2vArkZ5IBFNhDFv2YevpQ
614,2019,5,265,Bangkok,13.72238011560403,100.4894538190531,ehrO640TpWKtujDcDTCeFg,26,0,26,2,26,True,ehrO640TpWKtujDcDTCeFg
4571,2016,9,441,Bangkok,13.76734231915488,100.5327591338645,_QnSHFP6OUs5m_D0rVUaKg,28,0,28,13,28,True,_QnSHFP6OUs5m_D0rVUaKg
2896,2020,8,442,Bangkok,13.74820076156278,100.5078355560728,zRS8KHIkE4bRAStWnmmg3w,29,0,29,5,29,True,zRS8KHIkE4bRAStWnmmg3w
3334,2018,9,558,Bangkok,13.75337706210767,100.5117559056213,nBxC3wm6XV9OYSVOl4EflA,31,0,31,2,31,True,nBxC3wm6XV9OYSVOl4EflA
2689,2018,7,303,Bangkok,13.74517673622374,100.5625151041962,bV7IvkF742dTrA_Kw-5EjQ,34,0,34,6,34,True,bV7IvkF742dTrA_Kw-5EjQ
1030,2019,10,276,Bangkok,13.72623528590091,100.5526383299203,_tDKxJvUjMX2XxN6wF72rQ,37,0,37,5,37,True,_tDKxJvUjMX2XxN6wF72rQ
3802,2018,9,340,Bangkok,13.75838976117215,100.5458622602633,aX0Au4dsNOGF2M1tT0eYjg,38,0,38,8,38,True,aX0Au4dsNOGF2M1tT0eYjg
216,2017,6,259,Bangkok,13.7175711684472,100.5257409639644,6uzpteqcwrjg5K3EhIFLmg,44,0,44,8,44,True,6uzpteqcwrjg5K3EhIFLmg
3120,2014,10,324,Bangkok,13.7509417643611,100.5598644184524,iOPY6YL-2VslHwXVdvldew,46,0,46,6,46,True,iOPY6YL-2VslHwXVdvldew
2711,2018,9,469,Bangkok,13.74615640111471,100.4977216518326,tvxjh3dkQvwnnXsHy_rQtQ,51,0,51,6,51,True,tvxjh3dkQvwnnXsHy_rQtQ
4131,2017,6,192,Bangkok,13.76413443904835,100.5316637504362,PbK3J7XReS8-tIY13-SqNA,54,0,54,4,54,True,PbK3J7XReS8-tIY13-SqNA
3868,2016,9,631,Bangkok,13.75950789238057,100.5249363707194,bbpg7zyHym4Ks3Cae8s6iA,61,0,61,12,61,True,bbpg7zyHym4Ks3Cae8s6iA
1443,2017,6,501,Bangkok,13.7312536972778,100.5336320519137,VHNc78nIPl6acI1U8HCl_w,64,0,64,7,64,True,VHNc78nIPl6acI1U8HCl_w
4257,2018,6,395,Bangkok,13.76439082659083,100.4830368415359,4MzEbBT_R8cirXEKykDwhA,70,0,70,13,70,True,4MzEbBT_R8cirXEKykDwhA
4389,2019,4,159,Bangkok,13.76429068361729,100.5203028020387,zQZBTMQAGHKoE54UHlE6vg,73,0,73,7,73,True,zQZBTMQAGHKoE54UHlE6vg
3524,2011,9,430,Bangkok,13.75523893436398,100.5327269567546,HRMcNMhN8UXfiU1jD0nSgg,87,0,87,2,87,True,HRMcNMhN8UXfiU1jD0nSgg
692,2019,6,589,Bangkok,13.72261641989159,100.5686257365009,wSsQAq2tVMBrV5VLYmzkcw,90,0,90,4,90,True,wSsQAq2tVMBrV5VLYmzkcw
621,2019,9,321,Bangkok,13.72227968853462,100.4930034339367,tYbSh-BQ9rV5lMfG1lJBBw,92,0,92,5,93,True,tYbSh-BQ9rV5lMfG1lJBBw
413,2018,9,92,Bangkok,13.71940769434381,100.54884159254,qoL8xOXFc2qTj9ITjhEN4A,96,0,96,7,97,True,qoL8xOXFc2qTj9ITjhEN4A
3769,2015,10,430,Bangkok,13.7583649238332,100.5096812714021,xekZhF5FiRWjIVuis4LqcQ,97,0,97,4,98,True,xekZhF5FiRWjIVuis4LqcQ
1796,2017,9,346,Bangkok,13.73467943797319,100.5385442223784,4Q0MbtMVKsXQAKDLBbqOfw,98,0,98,10,99,True,4Q0MbtMVKsXQAKDLBbqOfw
3220,2019,9,255,Bangkok,13.75115649430509,100.5690461708511,RVjOZgZUT2nMqDQk5ZH5rA,99,0,99,9,100,True,RVjOZgZUT2nMqDQk5ZH5rA
702,2019,5,620,Bangkok,13.72340874277737,100.4845112001976,x6fP6O_eHhP6c6GERLp53Q,104,0,104,11,105,True,x6fP6O_eHhP6c6GERLp53Q
3302,2016,11,310,Bangkok,13.75220008084864,100.5638973971126,4HXmI26xQebA64V2tKvlZg,106,0,106,6,107,True,4HXmI26xQebA64V2tKvlZg
591,2017,9,275,Bangkok,13.72130132526205,100.556744107714,-FViRcScSEDNDxOw7GtB3w,107,0,107,9,108,True,-FViRcScSEDNDxOw7GtB3w
1940,2017,6,150,Bangkok,13.73726042353889,100.512748214149,uJbgTlNauZvEWsIdHcB0Zg,113,0,113,2,114,True,uJbgTlNauZvEWsIdHcB0Zg
245,2020,9,303,Bangkok,13.71718938990114,100.5547372913166,V8JZG1uk9S4PlFO7bkapWA,109,0,109,5,115,True,V8JZG1uk9S4PlFO7bkapWA
2333,2019,5,510,Bangkok,13.74123221655709,100.555692777434,vbq8D7gbH-OER8fZaRnVGg,122,0,122,6,124,True,vbq8D7gbH-OER8fZaRnVGg
4231,2018,9,380,Bangkok,13.76315263616135,100.5428845106375,qZ_WbMuHE6Yza9U_0aDXAQ,123,0,123,3,125,True,qZ_WbMuHE6Yza9U_0aDXAQ
3407,2018,9,538,Bangkok,13.75422648541837,100.4985763629179,kM79K8pgX35clVS_uZABgA,124,0,124,3,126,True,kM79K8pgX35clVS_uZABgA
3723,2018,9,129,Bangkok,13.75701390848836,100.5508212920379,_RYSwYkstCvZ3NbaH4WZ3g,128,0,128,4,130,True,_RYSwYkstCvZ3NbaH4WZ3g
2100,2017,8,254,Bangkok,13.73926825450121,100.497554261858,3pRsiICYGOMsINYPvno3Rg,131,0,131,9,133,True,3pRsiICYGOMsINYPvno3Rg
60,2018,2,592,Bangkok,13.71622095431118,100.5452305139677,A800v0U4jGFnMqxb-vZNUw,132,0,132,2,134,True,A800v0U4jGFnMqxb-vZNUw
2081,2019,5,699,Bangkok,13.73825816841833,100.5598950719256,TyPLOGwzSsyBwYua3zNBbw,138,0,138,3,140,True,TyPLOGwzSsyBwYua3zNBbw
1018,2020,9,165,Bangkok,13.72595610169993,100.545589424744,3i3g0ApEj60WyuaSWPtO-Q,141,0,141,11,143,True,3i3g0ApEj60WyuaSWPtO-Q
3772,2019,4,132,Bangkok,13.75821151246003,100.5146751761409,bXxTgjQf05htXm4xUre-qA,142,0,142,9,144,True,bXxTgjQf05htXm4xUre-qA
3295,2011,12,464,Bangkok,13.75184915228414,100.5556613002462,NvFmJ7V8s0lUvT_PObnJbA,145,0,145,3,147,True,NvFmJ7V8s0lUvT_PObnJbA
3055,2019,8,47,Bangkok,13.75039900743145,100.4938916569781,M-0ILR1FyUDj8fSrL-qu5w,146,0,146,3,148,True,M-0ILR1FyUDj8fSrL-qu5w
1670,2020,9,638,Bangkok,13.73435204506475,100.4975006341847,eunUsA-ImW_H3xNn-mm6jw,149,0,149,7,151,True,eunUsA-ImW_H3xNn-mm6jw
2414,2020,8,194,Bangkok,13.74231588699422,100.5451885276056,ZjimGJhfyv5vOIPo6J-arg,150,0,150,4,152,True,ZjimGJhfyv5vOIPo6J-arg
1033,2011,12,145,Bangkok,13.72620312147831,100.5604253204254,yuMM-GzRoNcgDupprq3fDQ,151,0,151,9,153,True,yuMM-GzRoNcgDupprq3fDQ
1203,2020,9,521,Bangkok,13.72833582548977,100.5507330156801,pfmMwVpkIeYScyZ4wkxuXw,155,0,155,2,157,True,pfmMwVpkIeYScyZ4wkxuXw
522,2020,8,252,Bangkok,13.72028894215857,100.5684772670701,mmM_2hHXs9oOX-4WQrY6hA,159,0,159,3,161,True,mmM_2hHXs9oOX-4WQrY6hA
4517,2011,12,353,Bangkok,13.7661566083699,100.5666791431869,Ie1lOjOT_OCvdCjHRnYABg,164,0,164,1,166,True,Ie1lOjOT_OCvdCjHRnYABg
4569,2019,9,317,Bangkok,13.76699357188345,100.5245360916943,FxCvwkGl_KdVCAVZyeAplw,168,0,168,3,170,True,FxCvwkGl_KdVCAVZyeAplw
1577,2017,5,401,Bangkok,13.7331043884367,100.4971683651042,Bejh9_aPAYhky4VyQuUBVQ,176,0,176,2,178,True,Bejh9_aPAYhky4VyQuUBVQ
293,2018,11,322,Bangkok,13.71819927068334,100.5157298956533,sfSMwNspOHx0DkBBAHQZKw,177,0,177,12,179,True,sfSMwNspOHx0DkBBAHQZKw
3164,2016,8,309,Bangkok,13.75144288620691,100.5158278260945,1RtVMTxHR7JAg2vPKbGZHQ,178,0,178,1,180,True,1RtVMTxHR7JAg2vPKbGZHQ
562,2020,9,14,Bangkok,13.72137162888532,100.5240377123287,VQpAge3WB0P4ZypfH_dZQw,180,0,180,4,183,True,VQpAge3WB0P4ZypfH_dZQw
2688,2017,6,374,Bangkok,13.7453075137484,100.5588889525601,TlUuYsiDk8SLslppgi5uaQ,188,0,188,7,191,True,TlUuYsiDk8SLslppgi5uaQ
4772,2019,5,500,Bangkok,13.76935915439148,100.5577101817507,gQUDeKk1WN8oFRXSRclpyw,190,0,190,2,193,True,gQUDeKk1WN8oFRXSRclpyw
3584,2015,10,414,Bangkok,13.75633325890564,100.5027210259566,U1cvV3nMAU7LR7493m5kBg,191,0,191,8,194,True,U1cvV3nMAU7LR7493m5kBg
783,2016,11,297,Bangkok,13.72326486947609,100.5666150067711,K-h1VH3bg66uc9gimdxOHg,196,0,196,3,199,True,K-h1VH3bg66uc9gimdxOHg
617,2019,9,231,Bangkok,13.72237838443074,100.4966678870872,wa9hyGolbfGWynhMte9RPA,205,0,205,1,209,True,wa9hyGolbfGWynhMte9RPA
3680,2018,9,654,Bangkok,13.75727177402498,100.5066235167957,2GLgdbLSVqSAD4EaOqvsIw,206,0,206,8,210,True,2GLgdbLSVqSAD4EaOqvsIw
1806,2011,12,532,Bangkok,13.73491937933255,100.5496567488491,dLdz-9xPjGAj67fjEYma2A,209,0,209,2,213,True,dLdz-9xPjGAj67fjEYma2A
400,2018,2,504,Bangkok,13.71950967023436,100.5356550815866,vUs-fdei7ARJxP27h9M67w,210,0,210,4,214,True,vUs-fdei7ARJxP27h9M67w
2714,2017,11,507,Bangkok,13.74629962299483,100.4995729241729,vTiXubRuvqMaweDfBDmY_A,217,0,217,7,221,True,vTiXubRuvqMaweDfBDmY_A
1466,2017,6,494,Bangkok,13.73125926710776,100.5610171243034,3r2TLeYSBOUmo_O3OgrXbA,35,1,220,4,224,True,3r2TLeYSBOUmo_O3OgrXbA
2964,2018,9,183,Bangkok,13.74931313028978,100.4940663369173,mGJ84nCPZuA84HCz-1kX8Q,224,0,225,3,231,True,mGJ84nCPZuA84HCz-1kX8Q
4217,2017,11,563,Bangkok,13.76508485915222,100.5295627867161,Tz1C9cwQj7JxzNB4vydRmw,85,0,85,5,232,True,Tz1C9cwQj7JxzNB4vydRmw
3402,2016,11,357,Bangkok,13.75383986978754,100.4862448170801,IN5SrvRTvMxpP3BgQqbZKA,230,0,231,1,238,True,IN5SrvRTvMxpP3BgQqbZKA
2086,2020,8,394,Bangkok,13.73819034343834,100.5680094415822,o3CRGeBd2kj8DeyT6zeN3A,235,0,236,4,243,True,o3CRGeBd2kj8DeyT6zeN3A
3287,2019,9,121,Bangkok,13.7529084715979,100.5498719300432,5hodJ3Sjmyl70OcdUBjFAw,243,0,244,2,251,True,5hodJ3Sjmyl70OcdUBjFAw
4691,2011,12,659,Bangkok,13.76826845287973,100.5628451600926,h8Q9uQDsYaTWDhmuRqnkow,245,0,246,2,254,True,h8Q9uQDsYaTWDhmuRqnkow
3450,2018,7,533,Bangkok,13.75414673825544,100.5356949409396,wSMnrj95QvxjjGQOsMd8og,246,0,247,3,255,True,wSMnrj95QvxjjGQOsMd8og
3359,2020,8,410,Bangkok,13.75342127863555,100.5378119703297,E1UGUQNDYwNrY-23fnpqEw,266,0,267,7,275,True,E1UGUQNDYwNrY-23fnpqEw
618,2018,10,230,Bangkok,13.7227056322944,100.4947501732246,R5dkkqJW4NJwkfircZhnxw,273,0,274,2,282,True,R5dkkqJW4NJwkfircZhnxw
768,2016,11,467,Bangkok,13.72316527553024,100.5537718324164,ljhTd13k2h9clpp2k9vAdQ,276,0,277,1,285,True,ljhTd13k2h9clpp2k9vAdQ
4510,2018,9,378,Bangkok,13.76625971801037,100.5506202362607,ETes1r7CtvLxRZ9MFQAusw,280,0,281,1,290,True,ETes1r7CtvLxRZ9MFQAusw
3910,2017,6,514,Bangkok,13.75915457144183,100.5696737024931,XW4mqL3sv96-eGk1R4pAIw,282,0,283,4,292,True,XW4mqL3sv96-eGk1R4pAIw
4598,2019,5,418,Bangkok,13.76739879631172,100.560868233223,PjE9mNQDk7c0ltpa8sGjoA,287,0,288,2,297,True,PjE9mNQDk7c0ltpa8sGjoA
4106,2016,8,297,Bangkok,13.76256635317106,100.501060763588,YROLhDVvDMbl8udz-aMtDA,288,0,289,2,298,True,YROLhDVvDMbl8udz-aMtDA
2557,2017,6,462,Bangkok,13.74417491037259,100.5180045144202,pSekwAMJAv9cXclze5-GZA,292,0,293,7,302,True,pSekwAMJAv9cXclze5-GZA
1399,2018,10,251,Bangkok,13.73124753388159,100.4897075717659,iSwiREKgK3eUGDo_3FcAKQ,293,0,294,1,303,True,iSwiREKgK3eUGDo_3FcAKQ
2009,2018,6,453,Bangkok,13.73813224320879,100.4879144990054,q9dJUjbUJBlbsJ0ycoQQZQ,295,0,296,7,305,True,q9dJUjbUJBlbsJ0ycoQQZQ
2512,2020,8,637,Bangkok,13.74270210553014,100.5604890161028,PFBQfuLTxKYTfJ9U7QzyXA,298,0,299,3,308,True,PFBQfuLTxKYTfJ9U7QzyXA
4002,2019,9,400,Bangkok,13.76008948559642,100.5682370607457,dc54wOrPBbOS102GLJNdJA,299,0,300,1,309,True,dc54wOrPBbOS102GLJNdJA
2123,2019,5,521,Bangkok,13.73925214546599,100.5137379529016,ak4Uc1KXRTUtsDb93rfCOw,300,0,301,5,310,True,ak4Uc1KXRTUtsDb93rfCOw
3549,2019,9,292,Bangkok,13.75605343600037,100.5490102583636,BWhAXdAQqKPWumZBFjD5Fg,305,0,306,11,315,True,BWhAXdAQqKPWumZBFjD5Fg
997,2011,9,308,Bangkok,13.72677353048538,100.5295386927698,dx2PuJm3PU5aRpmuC4yQlg,310,0,311,5,321,True,dx2PuJm3PU5aRpmuC4yQlg
2451,2011,9,171,Bangkok,13.74320659009641,100.4988906369618,OynTVGe1ZtJwfJBMQnIzCg,315,0,316,4,328,True,OynTVGe1ZtJwfJBMQnIzCg
4393,2019,9,344,Bangkok,13.76505594315053,100.5296832536019,zbKBscWpcmruFYq84m0xNg,85,1,324,2,336,True,zbKBscWpcmruFYq84m0xNg
1600,2018,1,446,Bangkok,13.73327487083564,100.5205323949552,frTvl8p6grS9WCM-dhqz1A,326,0,329,9,341,True,frTvl8p6grS9WCM-dhqz1A
4684,2018,3,74,Bangkok,13.76817564527731,100.5600871260899,zEvZm_k5T8-UouIuIjTBzw,121,1,331,1,343,True,zEvZm_k5T8-UouIuIjTBzw
913,2016,11,91,Bangkok,13.72499030839545,100.5272311429927,fmTKZswRXjeL6NodcKPPEw,333,0,338,6,350,True,fmTKZswRXjeL6NodcKPPEw
3589,2019,5,321,Bangkok,13.75631261159736,100.5067258560865,fASb7TVhNj1F5E4JZgHiNQ,335,0,340,10,352,True,fASb7TVhNj1F5E4JZgHiNQ
4627,2017,5,222,Bangkok,13.76778301778677,100.4995060918736,JeEHvaP9sIA3U9uFuRMVFg,338,0,343,5,355,True,JeEHvaP9sIA3U9uFuRMVFg
2901,2020,8,479,Bangkok,13.74837066699023,100.5107411163452,3ZjEd3dm6vDdlKMMlo9bUg,343,0,348,5,361,True,3ZjEd3dm6vDdlKMMlo9bUg
4159,2018,10,323,Bangkok,13.76222610055498,100.5556982873801,N2P2KTZXCvKXMu-D2Ytn2A,349,0,354,2,368,True,N2P2KTZXCvKXMu-D2Ytn2A
3323,2020,9,329,Bangkok,13.75314699586841,100.4967980630467,_n4GwdoXNG-10k9NtQk8JQ,354,0,359,6,376,True,_n4GwdoXNG-10k9NtQk8JQ
4593,2017,6,378,Bangkok,13.76709553441981,100.5540550585252,jsp9ZMEMlPe6JEkprf7FVg,362,0,367,2,387,True,jsp9ZMEMlPe6JEkprf7FVg
3267,2014,9,611,Bangkok,13.7522191645015,100.5317072691682,21iWX35zSap27PPzaa6V7Q,284,0,285,11,392,True,21iWX35zSap27PPzaa6V7Q
3632,2020,8,409,Bangkok,13.75634935551653,100.5526250942102,G1D1X8o0-fmfURge_oCKrw,373,0,378,2,400,True,G1D1X8o0-fmfURge_oCKrw
2811,2018,9,406,Bangkok,13.74727362586493,100.5106867125029,qvCI9vwG8E4-T_ggqkqAqg,374,0,379,6,402,True,qvCI9vwG8E4-T_ggqkqAqg
633,2019,9,384,Bangkok,13.7222290422413,100.5097340448515,v041NnX0qafEITrFb_5NTA,380,0,385,1,408,True,v041NnX0qafEITrFb_5NTA
390,2019,8,263,Bangkok,13.7193118373507,100.52586053107,jbYnlwi6kmMndYtyuXdRHQ,381,0,386,2,409,True,jbYnlwi6kmMndYtyuXdRHQ
3922,2020,8,428,Bangkok,13.75959977537589,100.4855876809018,8CY-uPH5xznWAlvAEx38iw,386,0,391,4,415,True,8CY-uPH5xznWAlvAEx38iw
621,2017,9,503,Bangkok,13.72227445047653,100.4930086480102,tqu3sB_0-RYQWOYG4CYv6Q,92,1,392,2,416,True,tqu3sB_0-RYQWOYG4CYv6Q
2250,2011,9,266,Bangkok,13.74020822170323,100.5557612941845,7fXEo0Fk2YwVlqxS0BSthg,387,0,393,12,417,True,7fXEo0Fk2YwVlqxS0BSthg
542,2016,11,272,Bangkok,13.72122376449571,100.5017341689147,CI72SJ4Gx6ooo84VUI0zIA,388,0,394,11,418,True,CI72SJ4Gx6ooo84VUI0zIA
2887,2014,9,414,Bangkok,13.74822672265697,100.4978000100582,cZjFKau5MClKjE_7kBuItg,394,0,402,2,428,True,cZjFKau5MClKjE_7kBuItg
4154,2019,9,141,Bangkok,13.76209711084132,100.5506950604979,iZsBkvDbG_BUQhlqwmGw-g,396,0,404,5,430,True,iZsBkvDbG_BUQhlqwmGw-g
4057,2017,11,349,Bangkok,13.761152969433,100.5426768066549,_x9vzL8isupFW3ufrYIU-Q,397,0,405,1,431,True,_x9vzL8isupFW3ufrYIU-Q
490,2017,11,247,Bangkok,13.71968437176814,100.536042772254,AZYh_zSoGn90bcL-lFQXIA,400,0,408,1,434,True,AZYh_zSoGn90bcL-lFQXIA
4245,2019,5,275,Bangkok,13.76345329489498,100.5547778307752,qg-0iBt0VE-1Hj7RFfk2hg,408,0,416,2,442,True,qg-0iBt0VE-1Hj7RFfk2hg
105,2011,9,252,Bangkok,13.71616422428469,100.5016247347438,-fsJhvWDNyT0o5-jMBQi4g,413,0,421,2,448,True,-fsJhvWDNyT0o5-jMBQi4g
3410,2020,9,390,Bangkok,13.75414972501204,100.5012963349815,mPOZN-F7sBdaEhBwBeLZJQ,418,0,426,6,454,True,mPOZN-F7sBdaEhBwBeLZJQ
2094,2019,5,341,Bangkok,13.73919314106776,100.488603468095,LA8P4klWpXSfJ7H7X4MFGA,421,0,429,3,457,True,LA8P4klWpXSfJ7H7X4MFGA
3497,2015,10,479,Bangkok,13.75520204913791,100.501536436652,fX5uOp4pJLm1CYH2ezJKhw,423,0,431,5,459,True,fX5uOp4pJLm1CYH2ezJKhw
1097,2017,10,283,Bangkok,13.72712793646765,100.5378117325729,izFXIW4jGFzZ4Xczkid19Q,424,0,432,4,460,True,izFXIW4jGFzZ4Xczkid19Q
4315,2020,9,616,Bangkok,13.7644250109413,100.5323843690736,EvlpLx5vfqO_jTvMuiSXiQ,429,0,437,4,465,True,EvlpLx5vfqO_jTvMuiSXiQ
4751,2019,4,310,Bangkok,13.76925812675548,100.5387013252763,BT2Wd35hQBv8rIZMw8a3Ew,432,0,440,7,468,True,BT2Wd35hQBv8rIZMw8a3Ew
926,2019,5,535,Bangkok,13.72566558392544,100.5385597091031,J1EJ6LNGFMh7o1CFjbVDxQ,434,0,442,5,472,True,J1EJ6LNGFMh7o1CFjbVDxQ
3593,2014,9,516,Bangkok,13.75643410082781,100.5107491700783,Kgv8dHCSbRF4Aa4lwQoSQw,435,0,443,5,473,True,Kgv8dHCSbRF4Aa4lwQoSQw
3702,2018,1,382,Bangkok,13.75683225370827,100.5336710097208,LVlMLuzX8TRMQ2L9QamweQ,437,0,445,14,475,True,LVlMLuzX8TRMQ2L9QamweQ
558,2016,10,229,Bangkok,13.72165514612464,100.520842737987,b3HAQSjkfJf0riITdsmUdA,443,0,451,6,481,True,b3HAQSjkfJf0riITdsmUdA
4209,2016,8,256,Bangkok,13.76324421568703,100.5137217995403,xKMwNcATKj-wDHvaz6oTiA,444,0,452,9,482,True,xKMwNcATKj-wDHvaz6oTiA
2151,2018,9,584,Bangkok,13.73942118022623,100.549789090973,gWxkuDr2CShvQ8-7WfSs6w,445,0,453,1,483,True,gWxkuDr2CShvQ8-7WfSs6w
939,2019,7,438,Bangkok,13.72501752055214,100.5527807365666,QPKp5s9AJIUkpNuJvbv63A,465,0,473,2,504,True,QPKp5s9AJIUkpNuJvbv63A
3867,2018,1,543,Bangkok,13.75929891116699,100.5214826382884,9lsVv1FMRnDo8jOtzmzStw,466,0,474,5,505,True,9lsVv1FMRnDo8jOtzmzStw
3080,2018,1,178,Bangkok,13.75029353103251,100.5193512188063,H56E64DoAiRLEL6fncirSA,471,0,479,1,511,True,H56E64DoAiRLEL6fncirSA
633,2018,8,404,Bangkok,13.72222246152701,100.5097183568397,9C5Q1lmIJ28b0uuPW2CriA,380,1,484,3,516,True,9C5Q1lmIJ28b0uuPW2CriA
4309,2019,9,113,Bangkok,13.76523579989317,100.5292966149968,L0CqFLZQ3ydIOL8J_1G6kw,477,0,486,3,519,True,L0CqFLZQ3ydIOL8J_1G6kw
4535,2018,2,391,Bangkok,13.767347983612,100.4908713040996,xgqWazasD-m8p4tMhJ9hbg,478,0,487,5,520,True,xgqWazasD-m8p4tMhJ9hbg
2603,2018,1,438,Bangkok,13.74418164345144,100.5587818822057,83jEHe-wiyzABPX07xhSFA,62,1,490,1,525,True,83jEHe-wiyzABPX07xhSFA
4024,2020,8,377,Bangkok,13.76108855157289,100.5098861096768,sseDKR_xMNjkfmCKUmWvVw,489,0,499,4,539,True,sseDKR_xMNjkfmCKUmWvVw
1114,2016,11,481,Bangkok,13.72719857629032,100.5512767275295,JuXy1smlmw9zBkYtRqx8Jg,490,0,500,2,540,True,JuXy1smlmw9zBkYtRqx8Jg
4635,2018,9,296,Bangkok,13.76819225388417,100.5077466519742,wGplqROh-2DQqkk741GdWA,492,0,502,5,542,True,wGplqROh-2DQqkk741GdWA
4218,2018,10,181,Bangkok,13.76471040906374,100.530431045251,Asrg94b5wpckopxglFKsKw,498,0,508,4,550,True,Asrg94b5wpckopxglFKsKw
1652,2019,9,395,Bangkok,13.73329405006847,100.5696685812414,7nNMwqcMhHBN9_mJu2PZ8Q,499,0,509,4,551,True,7nNMwqcMhHBN9_mJu2PZ8Q
1235,2016,11,135,Bangkok,13.72915718773204,100.4996727442665,Vbhd2qzHZzgu8LqmI_D5Kg,506,0,516,5,559,True,Vbhd2qzHZzgu8LqmI_D5Kg
2551,2019,5,285,Bangkok,13.74416737144537,100.5126899374127,q3xcTYQbRS_njv1AR_DSRA,507,0,517,7,560,True,q3xcTYQbRS_njv1AR_DSRA
4788,2018,9,86,Bangkok,13.76927794575092,100.5697715935286,h6ydYrUBVFT8a4n2hi2hWA,517,0,527,6,570,True,h6ydYrUBVFT8a4n2hi2hWA
3970,2011,9,592,Bangkok,13.7604131067574,100.5387810244327,0mQs3ldWlVoQRC5F5J-VYw,225,0,226,7,581,True,0mQs3ldWlVoQRC5F5J-VYw
2205,2016,8,382,Bangkok,13.74019256863818,100.5158842976002,kxTG9dy9LvAt5JqsQo79sQ,528,0,538,8,583,True,kxTG9dy9LvAt5JqsQo79sQ
187,2020,9,273,Bangkok,13.71721963289874,100.4966627982354,AXF-n5fBhkowuYezpWHLGg,530,0,540,4,585,True,AXF-n5fBhkowuYezpWHLGg
3683,2011,9,195,Bangkok,13.7573720238791,100.5119586825773,zIdlm_F4hUrW2EFdq3C-NQ,531,0,541,5,587,True,zIdlm_F4hUrW2EFdq3C-NQ
2068,2016,11,479,Bangkok,13.73817541850053,100.5490234650533,o-v-Y7ztJzE6gwSkpMZc7g,139,1,547,2,593,True,o-v-Y7ztJzE6gwSkpMZc7g
467,2019,6,531,Bangkok,13.7203911123518,100.5147275310376,jeKqfDCL6Md8e1PkCu3KOw,539,0,550,2,598,True,jeKqfDCL6Md8e1PkCu3KOw
1970,2017,11,634,Bangkok,13.73727445999088,100.5346575886721,Kr9KWjVjlhz-yMO7U3vkyQ,260,0,261,9,600,True,Kr9KWjVjlhz-yMO7U3vkyQ
560,2017,5,326,Bangkok,13.72126732738597,100.5187194382867,NmtaqqLKYnyRC2l2VWlYEQ,543,0,554,2,603,True,NmtaqqLKYnyRC2l2VWlYEQ
4374,2020,8,216,Bangkok,13.76535034517536,100.5058371467277,2yjeHoLGGrrNC1J-crzwxg,544,0,555,2,604,True,2yjeHoLGGrrNC1J-crzwxg
2259,2018,10,214,Bangkok,13.74050591381726,100.5686773922892,7snbeia21NEdAItBAxWmow,356,0,361,6,605,True,7snbeia21NEdAItBAxWmow
3235,2018,9,358,Bangkok,13.75239077993684,100.4967390694947,YdX9HnaYQ-v2roGBX72p0A,549,0,560,7,611,True,YdX9HnaYQ-v2roGBX72p0A
4234,2016,9,219,Bangkok,13.76329319192796,100.5395114775864,frJvGZ06G7ZSJciwQHiS2w,557,0,568,5,619,True,frJvGZ06G7ZSJciwQHiS2w
3565,2018,10,352,Bangkok,13.75613304611369,100.4856930635559,ZpH-5KpefVaXCWHZGc3foQ,559,0,570,1,622,True,ZpH-5KpefVaXCWHZGc3foQ
2959,2017,8,258,Bangkok,13.74921404599604,100.4839302929463,oq1vs0iPbXvf1xb8sxl3Ng,560,0,571,1,623,True,oq1vs0iPbXvf1xb8sxl3Ng
4046,2019,9,188,Bangkok,13.76070355532396,100.5284573951202,LAKhejzAakJr9XgsVwyStQ,562,0,573,6,625,True,LAKhejzAakJr9XgsVwyStQ
1727,2011,12,330,Bangkok,13.73435081791784,100.5587472452394,x-KC8eh4EZ7zHEPDDtbqOQ,563,0,574,3,627,True,x-KC8eh4EZ7zHEPDDtbqOQ
4782,2019,5,370,Bangkok,13.76919673535305,100.5677895875955,SOvmlB6cQbW-67ovaujmgA,574,0,586,5,640,True,SOvmlB6cQbW-67ovaujmgA
2708,2015,10,537,Bangkok,13.74616663989029,100.4943249214003,-G7etxEYqQ9lgmywmuT1KQ,575,0,587,5,641,True,-G7etxEYqQ9lgmywmuT1KQ
4212,2020,8,155,Bangkok,13.76321706830383,100.5226916701865,08PHxbNRH8gbEFXM5Yh4QQ,419,0,427,8,642,True,08PHxbNRH8gbEFXM5Yh4QQ
4003,2019,9,602,Bangkok,13.76026512173259,100.568288823871,XL8hvK3vlPNQkk9-UUW3sQ,576,0,588,1,643,True,XL8hvK3vlPNQkk9-UUW3sQ
4842,2019,4,344,Bangkok,13.77034363936917,100.5413630979056,EnzVwr3GVx-dHJNgzMHQoA,278,0,279,13,656,True,EnzVwr3GVx-dHJNgzMHQoA
3820,2018,2,321,Bangkok,13.75859801910929,100.5608951300435,PIWeOWasB2Hk3RrAZ89tMg,587,0,599,8,661,True,PIWeOWasB2Hk3RrAZ89tMg
2531,2018,9,537,Bangkok,13.74427639367899,100.4918205192165,8xiLSZ_7Ruw2Fi-aTGwkMA,590,0,602,1,664,True,8xiLSZ_7Ruw2Fi-aTGwkMA
601,2018,10,196,Bangkok,13.72145027393627,100.5649502709719,KyelvoZP5ANtlFhyBp0-kQ,591,0,603,5,665,True,KyelvoZP5ANtlFhyBp0-kQ
222,2017,6,390,Bangkok,13.7176514360288,100.5314603620908,sPVrmY0Bc3T-MLAm5TxkQg,593,0,605,4,670,True,sPVrmY0Bc3T-MLAm5TxkQg
1909,2017,6,360,Bangkok,13.73628759673336,100.5656974340182,COEJJvKVFdVz8YPHHD0XfA,598,0,611,4,676,True,COEJJvKVFdVz8YPHHD0XfA
549,2020,9,319,Bangkok,13.7212816013315,100.5056851828886,xqYhc7dnU3CL8mw-whA_8A,601,0,614,12,680,True,xqYhc7dnU3CL8mw-whA_8A
3510,2019,5,432,Bangkok,13.75503016975581,100.514536780057,XMd5GzDyC-j5b1obB_9qqg,607,0,620,6,686,True,XMd5GzDyC-j5b1obB_9qqg
4246,2018,3,531,Bangkok,13.76319593414484,100.5567702222451,yv7TcFGGQkks9Y371U7xgA,613,0,626,3,692,True,yv7TcFGGQkks9Y371U7xgA
4130,2019,5,471,Bangkok,13.76220386438077,100.5258028847892,edB7P-hzLVcFhSvurcRseQ,615,0,628,6,694,True,edB7P-hzLVcFhSvurcRseQ
1349,2019,8,260,Bangkok,13.73016804767238,100.5275894474392,jCfEweX_hvw0_3yuMzrKJA,617,0,630,6,697,True,jCfEweX_hvw0_3yuMzrKJA
666,2020,8,177,Bangkok,13.72197263039446,100.5438149139582,n4i4gfCWg5927jgue2iVEw,620,0,633,1,701,True,n4i4gfCWg5927jgue2iVEw
3347,2011,9,309,Bangkok,13.75348051602458,100.5247692419031,2ZQ61lNau5F1A-NuagPHBQ,622,0,635,3,703,True,2ZQ61lNau5F1A-NuagPHBQ
2315,2017,9,376,Bangkok,13.74101833048493,100.5396006418065,AEElHdCiI2xAsjc4fdVx4g,364,1,638,10,706,True,AEElHdCiI2xAsjc4fdVx4g
1913,2011,9,380,Bangkok,13.7373413515099,100.4846131491022,47d26JSOQIlALDpUIzE1ow,625,0,639,1,707,True,47d26JSOQIlALDpUIzE1ow
619,2017,5,347,Bangkok,13.72239028498621,100.4957145176892,aaW6i1NnemAhJhfevAWQ2A,626,0,640,3,708,True,aaW6i1NnemAhJhfevAWQ2A
4606,2020,8,651,Bangkok,13.76719426289269,100.5658759140489,62gXigH0bKAzYziqwJAjhg,631,0,645,2,713,True,62gXigH0bKAzYziqwJAjhg
2780,2018,10,540,Bangkok,13.74624489097987,100.5676854209933,TIlu2yWa5-78UVUwyGp3Xg,637,0,651,1,724,True,TIlu2yWa5-78UVUwyGp3Xg
886,2018,5,381,Bangkok,13.72536305091166,100.5027176573437,LMAiaukCbqWeaFm6AyVtGw,640,0,654,4,727,True,LMAiaukCbqWeaFm6AyVtGw
3393,2018,9,423,Bangkok,13.75426992291837,100.4837936054366,IOhnT6GEQ2yKkJBTFUBHng,402,1,656,1,730,True,IOhnT6GEQ2yKkJBTFUBHng
3320,2017,6,342,Bangkok,13.7531205308692,100.4987883879581,YyfGqJvAnmk4aW2T5z72hg,72,1,657,2,731,True,YyfGqJvAnmk4aW2T5z72hg
4757,2019,4,299,Bangkok,13.7691340253435,100.5478268206318,VsIMS2KCXlOnP_FLfCghLQ,651,0,669,5,746,True,VsIMS2KCXlOnP_FLfCghLQ
3614,2017,7,669,Bangkok,13.7561553395592,100.528881009319,V8sDi_oWY6mxBsAXIO2W1Q,661,0,681,10,759,True,V8sDi_oWY6mxBsAXIO2W1Q
580,2020,8,474,Bangkok,13.72116015797276,100.5397328912147,fTuoxKKCKBtejg6aMJI5mw,664,0,685,3,764,True,fTuoxKKCKBtejg6aMJI5mw
998,2020,9,425,Bangkok,13.72626476441581,100.5277008234609,TCyUVwxZc8an2lbnVE3m2w,667,0,688,9,768,True,TCyUVwxZc8an2lbnVE3m2w
1748,2011,9,153,Bangkok,13.73518149415517,100.4888545693681,ebCro-bzNQRXDTnEAf6-dA,669,0,690,3,771,True,ebCro-bzNQRXDTnEAf6-dA
4836,2011,12,332,Bangkok,13.77092483591007,100.5332023341935,thqL8MG2H0E4Gvp22gjKMw,671,0,693,2,776,True,thqL8MG2H0E4Gvp22gjKMw
4420,2019,9,641,Bangkok,13.76515521485138,100.5568041927608,KzWurAAWNiPUSAASsNq3eQ,674,0,696,1,782,True,KzWurAAWNiPUSAASsNq3eQ
3358,2020,9,444,Bangkok,13.75297198607986,100.5406268250396,44oeNyJQBMSjBUvambkIkg,677,0,699,2,785,True,44oeNyJQBMSjBUvambkIkg
608,2016,11,409,Bangkok,13.7212000197899,100.5658084362567,qTAnFpsbBuvKbX1D5uLvKA,685,0,708,4,797,True,qTAnFpsbBuvKbX1D5uLvKA
1526,2011,9,424,Bangkok,13.73230019069864,100.5339462525956,MCWstqppvj320KCIXU9UYA,690,0,714,8,803,True,MCWstqppvj320KCIXU9UYA
634,2019,9,225,Bangkok,13.72242793559982,100.5057549690702,DiXATaufqOFSxUa-ur_jQg,696,0,720,4,810,True,DiXATaufqOFSxUa-ur_jQg
3213,2020,8,537,Bangkok,13.75134786705023,100.5636932991477,1lHWuiVhQDz947jq4dKQzA,698,0,722,6,813,True,1lHWuiVhQDz947jq4dKQzA
969,2018,5,235,Bangkok,13.7261642266781,100.4923597851296,85iO-8ndJxqqU9QUR-mNqQ,20,0,20,5,817,True,85iO-8ndJxqqU9QUR-mNqQ
1323,2017,9,309,Bangkok,13.72995102192193,100.498729280312,m-1tA2ODFhZ_9Redy0NoZA,702,0,726,3,819,True,m-1tA2ODFhZ_9Redy0NoZA
326,2017,6,562,Bangkok,13.71838321549862,100.5484331569763,AcbQvllzxUpbYhBRgBBb4A,703,0,727,3,820,True,AcbQvllzxUpbYhBRgBBb4A
1549,2011,10,81,Bangkok,13.73225788776512,100.5517499321564,QNlEPEPredf7443Yaz8P2g,704,0,728,6,821,True,QNlEPEPredf7443Yaz8P2g
4455,2020,8,145,Bangkok,13.76625773932645,100.5006443707056,kpkWEkfYcR2lFeAvA3Du5g,705,0,729,1,822,True,kpkWEkfYcR2lFeAvA3Du5g
869,2018,3,95,Bangkok,13.72396809447538,100.565465152165,7pz0DxbFU7-H8Ed3WObYLg,707,0,732,4,826,True,7pz0DxbFU7-H8Ed3WObYLg
1940,2011,9,326,Bangkok,13.7372491827451,100.5127568738321,6HhhQMYWuQE-mYIhFW-oyw,113,1,733,2,827,True,6HhhQMYWuQE-mYIhFW-oyw
815,2011,9,189,Bangkok,13.72407659226943,100.5166233433651,VeHNVEZJ-ujYVQ-rWeXgKg,709,0,735,2,829,True,VeHNVEZJ-ujYVQ-rWeXgKg
540,2017,11,385,Bangkok,13.72119997171777,100.5027105002634,VuH_JkSbP0XmaN0IWG_atg,712,0,738,13,834,True,VuH_JkSbP0XmaN0IWG_atg
2103,2016,8,282,Bangkok,13.73860926181164,100.4964972261523,CAs6XYfBfHiVqDK0T6aayQ,715,0,741,1,837,True,CAs6XYfBfHiVqDK0T6aayQ
999,2018,9,463,Bangkok,13.72592182387603,100.5238451212189,XwhuA6Qwyg5hvomuji5zTw,716,0,742,1,840,True,XwhuA6Qwyg5hvomuji5zTw
2225,2016,10,438,Bangkok,13.74019591306679,100.5349348434173,cKzyw0w5fyGhRWmqmkAQYQ,212,0,212,9,857,True,cKzyw0w5fyGhRWmqmkAQYQ
1904,2011,12,608,Bangkok,13.7362729640403,100.5668050494841,EjeSnla3c0ECXvjMo69V9Q,728,0,755,2,858,True,EjeSnla3c0ECXvjMo69V9Q
2554,2020,8,468,Bangkok,13.74408406026184,100.5149041602861,XtrpgolAduqA8iv9uNMtpQ,738,0,765,1,868,True,XtrpgolAduqA8iv9uNMtpQ
4252,2019,9,231,Bangkok,13.76331248845168,100.557535855111,yqoL99arpC4_SG3J9-4KOg,741,0,769,6,874,True,yqoL99arpC4_SG3J9-4KOg
4589,2020,9,459,Bangkok,13.76720748906422,100.5467376256235,ij-Mmg3Ncw23ywCZW1P0cg,742,0,770,1,875,True,ij-Mmg3Ncw23ywCZW1P0cg
516,2011,12,298,Bangkok,13.72026185660189,100.5603529442966,bjzFMrHJ-z7KpGjMQ_4HLQ,748,0,776,4,882,True,bjzFMrHJ-z7KpGjMQ_4HLQ
4201,2019,2,461,Bangkok,13.76400611490174,100.505227225011,BrKs0YQrlFuZfT4a40_IUA,112,0,112,10,885,True,BrKs0YQrlFuZfT4a40_IUA
1440,2011,12,350,Bangkok,13.73121231549604,100.5327386184674,gbHBy3WSXg0SHelnC2hCAQ,750,0,778,4,886,True,gbHBy3WSXg0SHelnC2hCAQ
1128,2017,11,493,Bangkok,13.72707918243882,100.5700048003775,zbIsAnFVrZrarrj9ESZMEQ,760,0,789,4,903,True,zbIsAnFVrZrarrj9ESZMEQ
786,2020,9,449,Bangkok,13.72420742560004,100.490771419262,vUruCB4f20BdBEqYW_qEFw,765,0,794,4,910,True,vUruCB4f20BdBEqYW_qEFw
2880,2018,2,402,Bangkok,13.74729386724671,100.4930349974114,s7InbsOfiaQxrFtB1D1i6A,632,0,646,6,911,True,s7InbsOfiaQxrFtB1D1i6A
910,2018,9,188,Bangkok,13.72514999043052,100.5207253521527,cHW183qas1_QRYPconkAgA,770,0,799,3,917,True,cHW183qas1_QRYPconkAgA
3319,2019,5,136,Bangkok,13.7532085074373,100.4957597412537,rlKtsip_RQSpynlPdo-S-A,773,0,802,1,922,True,rlKtsip_RQSpynlPdo-S-A
3211,2018,2,440,Bangkok,13.75161781651929,100.5677670195048,umpvMEC1EyGcJUbMBFb2cA,774,0,803,4,923,True,umpvMEC1EyGcJUbMBFb2cA
3524,2019,6,273,Bangkok,13.75523919981681,100.5327266998446,rmbDILV8-r_IP3yNUQkqZw,87,1,804,1,924,True,rmbDILV8-r_IP3yNUQkqZw
4650,2017,6,385,Bangkok,13.76784299331842,100.5249012568073,ZxvUz1JjV-BXL98x8EyWDg,781,0,811,1,931,True,ZxvUz1JjV-BXL98x8EyWDg
4233,2018,9,297,Bangkok,13.76318759509658,100.543730416889,91E8veFOjreI-0oWe8WSEQ,784,0,815,10,936,True,91E8veFOjreI-0oWe8WSEQ
421,2018,2,476,Bangkok,13.71924778064544,100.5577396011035,s5DxvjHk64yLnPkg5r874Q,597,1,819,1,943,True,s5DxvjHk64yLnPkg5r874Q
674,2016,11,294,Bangkok,13.72192189409931,100.545318218352,CCnXWuaGcLzgSRC3qr_-aw,791,0,823,1,951,True,CCnXWuaGcLzgSRC3qr_-aw
4678,2018,3,510,Bangkok,13.76818948968643,100.5558640716012,d6HQJzzizmhPqkVBYRplhQ,798,0,830,4,958,True,d6HQJzzizmhPqkVBYRplhQ
2260,2017,6,349,Bangkok,13.74028588804286,100.5674324406074,Zm-acWbzZ9E_CsBQjPtnwQ,148,0,148,6,959,True,Zm-acWbzZ9E_CsBQjPtnwQ
759,2018,8,372,Bangkok,13.72319127055811,100.5475758835884,2Mq0xvuZfV-HokQMh20JCA,799,0,831,1,960,True,2Mq0xvuZfV-HokQMh20JCA
3402,2019,9,522,Bangkok,13.75383888886064,100.4862324323364,9r-IeC2pk1FrOAFaZ3jcdw,230,1,839,3,968,True,9r-IeC2pk1FrOAFaZ3jcdw
380,2020,9,623,Bangkok,13.71928618374797,100.5154681826121,zCvEwxUima3yQRSeX5P7pg,806,0,842,4,972,True,zCvEwxUima3yQRSeX5P7pg
1080,2017,5,563,Bangkok,13.72718803115307,100.5227502738165,TWAqasJTQHKsELHwNI9hOA,807,0,843,8,973,True,TWAqasJTQHKsELHwNI9hOA
2578,2017,6,466,Bangkok,13.74420110342297,100.5439460984606,OUjTjWCv_i3xCybFb4Q5Jg,814,0,850,9,981,True,OUjTjWCv_i3xCybFb4Q5Jg
2968,2018,9,284,Bangkok,13.74940382239445,100.4940511268412,h0V_IPPtiusdBZME3wzphg,224,1,853,2,984,True,h0V_IPPtiusdBZME3wzphg
4555,2019,4,583,Bangkok,13.76721901444535,100.5156621324894,BSbw-NGQKAoNQBpGT05MPw,472,0,480,5,985,True,BSbw-NGQKAoNQBpGT05MPw
4779,2018,9,472,Bangkok,13.76927177985122,100.5626789004027,2W_H0ikVAgSMAVPb37alNw,822,0,859,2,993,True,2W_H0ikVAgSMAVPb37alNw
4655,2019,9,450,Bangkok,13.76817091737866,100.5250097605721,8HDky1fc7cR3C1Dizksljw,823,0,860,3,994,True,8HDky1fc7cR3C1Dizksljw
4598,2020,8,587,Bangkok,13.76739716726423,100.5608736588337,Yb56DVX-4BMXkCCjn9wwcA,287,1,866,2,1001,True,Yb56DVX-4BMXkCCjn9wwcA
4013,2017,11,524,Bangkok,13.76131836747481,100.4926004666119,e0n00BuHojBC7krc2Sw6Qw,831,0,869,2,1004,True,e0n00BuHojBC7krc2Sw6Qw
1292,2016,10,110,Bangkok,13.72917962993859,100.5619397777665,Gmxpbxwj6FryP19gaqGEdw,834,0,872,5,1009,True,Gmxpbxwj6FryP19gaqGEdw
4805,2020,8,194,Bangkok,13.770113680111,100.50560290051,iOg4gVZMe6k3Va3bAXdKbA,842,0,881,6,1020,True,iOg4gVZMe6k3Va3bAXdKbA
3903,2017,6,577,Bangkok,13.75920071964545,100.5579061389045,xrnk7kUHiFcbfpT-FeOz4Q,843,0,882,2,1021,True,xrnk7kUHiFcbfpT-FeOz4Q
3050,2017,9,372,Bangkok,13.75020418580937,100.4837408064867,C8tteo2kRVzqASDZZnBDSg,585,0,597,11,1023,True,C8tteo2kRVzqASDZZnBDSg
4823,2020,8,653,Bangkok,13.77073848075326,100.5175832913787,r4QW6oc_atKrEYwOpdICEQ,636,0,650,4,1024,True,r4QW6oc_atKrEYwOpdICEQ
2941,2016,10,468,Bangkok,13.74815166616334,100.554136602843,UrYsO6u2mBdeJdQdCsnyhw,847,0,886,12,1028,True,UrYsO6u2mBdeJdQdCsnyhw
1104,2011,12,356,Bangkok,13.72749227545058,100.5448963448649,ZvWcai5mZ4vcCY8DTvu7Kg,855,0,895,8,1042,True,ZvWcai5mZ4vcCY8DTvu7Kg
4696,2018,3,414,Bangkok,13.76823280412607,100.5637304689963,aeKuTkTEeCGYutgqu6q8nQ,857,0,897,3,1046,True,aeKuTkTEeCGYutgqu6q8nQ
2842,2011,9,461,Bangkok,13.74730806671326,100.5426130882537,9ML4jfiuapn0jag61dUJ0A,858,0,898,2,1048,True,9ML4jfiuapn0jag61dUJ0A
4418,2011,9,272,Bangkok,13.76478977383249,100.5515216990116,WXBkQJrn-SbXu_4v3pOsGQ,863,0,903,4,1056,True,WXBkQJrn-SbXu_4v3pOsGQ
2428,2020,8,472,Bangkok,13.74219926194818,100.5647255146556,au7yE3-idQBy8nfgwJ3h3Q,864,0,904,7,1057,True,au7yE3-idQBy8nfgwJ3h3Q
1412,2017,9,347,Bangkok,13.73124875970069,100.5077613713472,lI-Ja3OcEco-gG3q_cQvjQ,869,0,909,8,1063,True,lI-Ja3OcEco-gG3q_cQvjQ
3405,2019,8,210,Bangkok,13.75366708898889,100.4995963116175,-LJfcocXaCt2_zUeSZRFbQ,872,0,912,7,1066,True,-LJfcocXaCt2_zUeSZRFbQ
1828,2018,10,460,Bangkok,13.73525578974001,100.5688353635,3jgQ0NRY-sjlraWI_75P2Q,874,0,914,2,1068,True,3jgQ0NRY-sjlraWI_75P2Q
906,2016,10,335,Bangkok,13.72513315455608,100.5197170806502,KIccCU74Az9eNVsXT-BwnQ,876,0,916,1,1071,True,KIccCU74Az9eNVsXT-BwnQ
3494,2017,6,340,Bangkok,13.75520939900259,100.4956409294418,KPrFXZvm5WfcyS4-IbxBEw,884,0,926,9,1086,True,KPrFXZvm5WfcyS4-IbxBEw
64,2018,10,315,Bangkok,13.714974580144,100.547626221833,A2Pg2Aq7vFcWLTisG4h6zw,890,0,932,3,1093,True,A2Pg2Aq7vFcWLTisG4h6zw
3179,2011,9,276,Bangkok,13.75133858653298,100.5286694326149,9875DPFixldf-W3NIapZ5g,895,0,937,2,1098,True,9875DPFixldf-W3NIapZ5g
1673,2018,5,444,Bangkok,13.73414100308852,100.5047444449262,7M5BXDdBx0-lqX-EywXhNw,896,0,938,6,1099,True,7M5BXDdBx0-lqX-EywXhNw
527,2017,9,440,Bangkok,13.72112423674807,100.4917595996201,hMxU2j6lT33F1ipzZhA7Pw,908,0,952,13,1116,True,hMxU2j6lT33F1ipzZhA7Pw
712,2019,9,484,Bangkok,13.72320418855879,100.5000505426764,k6Vvw-oER-P84E76MDzyyg,353,0,358,8,1122,True,k6Vvw-oER-P84E76MDzyyg
2785,2017,8,264,Bangkok,13.74720854771794,100.4846082028495,Nqzqc8OL7eLOTwAogBssLQ,918,0,962,10,1138,True,Nqzqc8OL7eLOTwAogBssLQ
1976,2019,5,452,Bangkok,13.73716601313456,100.544321169925,QdAXFXZi0Hn0nhJ3KTtTOA,375,1,963,2,1139,True,QdAXFXZi0Hn0nhJ3KTtTOA
3289,2019,4,275,Bangkok,13.75251012623293,100.5518028796477,JThY9NFFrB6TD5hSr0KemA,920,0,966,2,1142,True,JThY9NFFrB6TD5hSr0KemA
2633,2011,9,351,Bangkok,13.7450234985341,100.5089660644607,PU18cL7w3QTP87RD6-dxkA,921,0,967,2,1143,True,PU18cL7w3QTP87RD6-dxkA
4559,2019,2,337,Bangkok,13.76502534722758,100.5186716015075,5vGsplxH-M06vPwsLlfSjw,929,0,975,8,1153,True,5vGsplxH-M06vPwsLlfSjw
718,2020,9,294,Bangkok,13.72325938917041,100.5076824995417,EGHV3vW_jRxmccKvewumBQ,221,1,979,3,1159,True,EGHV3vW_jRxmccKvewumBQ
2012,2018,10,229,Bangkok,13.73823149951059,100.4959479699886,M7-yUso9IiP6QldKCTkxsQ,934,0,981,7,1161,True,M7-yUso9IiP6QldKCTkxsQ
4562,2011,9,670,Bangkok,13.76759934962295,100.5158684419357,icEz29uvO0bIKKP-yQO89A,936,0,983,4,1164,True,icEz29uvO0bIKKP-yQO89A
807,2019,5,150,Bangkok,13.72409727530287,100.5077723373448,QceKZkINgBwfZ5p7ZNfGlQ,792,0,824,4,1167,True,QceKZkINgBwfZ5p7ZNfGlQ
4338,2020,8,416,Bangkok,13.76420018381511,100.5618206765369,g2bscgfSegy8b7c7K6K_VA,940,0,987,2,1171,True,g2bscgfSegy8b7c7K6K_VA
395,2019,6,156,Bangkok,13.7193833251456,100.5305755999885,iGLykCA0y9ngUXpYj2MQQQ,943,0,990,5,1175,True,iGLykCA0y9ngUXpYj2MQQQ
386,2016,10,356,Bangkok,13.71920371809638,100.5216952601066,PfETpqRYmDN4QbI1KL_Vqw,946,0,993,13,1179,True,PfETpqRYmDN4QbI1KL_Vqw
1386,2017,6,322,Bangkok,13.73022083037518,100.5639128258588,UaZWmV3ytOP9mHeeO9gGzw,949,0,997,6,1185,True,UaZWmV3ytOP9mHeeO9gGzw
411,2016,11,147,Bangkok,13.71930107662039,100.5478338939052,3JPWaO8ina-BcM4E59MDTA,951,0,999,5,1187,True,3JPWaO8ina-BcM4E59MDTA
1893,2019,10,223,Bangkok,13.7362150855421,100.5515418881392,33Z3SlZXhF2vzW7FYZZNAg,954,0,1002,6,1191,True,33Z3SlZXhF2vzW7FYZZNAg
2717,2017,6,68,Bangkok,13.7459094892329,100.508528219977,4d6jfKQKu_rXcxjHa8VlDQ,957,0,1005,6,1194,True,4d6jfKQKu_rXcxjHa8VlDQ
1573,2019,9,428,Bangkok,13.73342984509849,100.4906764319982,ZBwVr1hhsq7fF99SDbq54Q,21,1,1007,2,1197,True,ZBwVr1hhsq7fF99SDbq54Q
4160,2020,8,243,Bangkok,13.76219918424288,100.5577559473467,UnMAjEw1_NEZg8SaWsdJCg,959,0,1008,5,1198,True,UnMAjEw1_NEZg8SaWsdJCg
2038,2016,11,327,Bangkok,13.73810941611367,100.5250734315425,ihJecSqaiYvXC5lSdUMOKg,960,0,1010,7,1200,True,ihJecSqaiYvXC5lSdUMOKg
3942,2019,4,418,Bangkok,13.76030627683418,100.5089200783168,Njm7ENjzvbFkaHypeaJrBA,963,0,1013,1,1203,True,Njm7ENjzvbFkaHypeaJrBA
4837,2020,9,418,Bangkok,13.77017496830794,100.5389068192776,ZUJ9jwPWcawIXFCK3URmpw,965,0,1015,4,1205,True,ZUJ9jwPWcawIXFCK3URmpw
1216,2019,6,251,Bangkok,13.72809086555873,100.5669585641332,3yNAX7MUt-6t7SODVUihNA,966,0,1016,4,1206,True,3yNAX7MUt-6t7SODVUihNA
468,2020,9,619,Bangkok,13.72014770687947,100.5141710212317,2m1OfF_q6vkRDw9KjzN4wA,968,0,1018,6,1208,True,2m1OfF_q6vkRDw9KjzN4wA
2743,2019,7,399,Bangkok,13.74631726588881,100.5297612190311,gbAnyZgBjWyyRutjGyDSSw,970,0,1020,9,1210,True,gbAnyZgBjWyyRutjGyDSSw
4417,2017,12,313,Bangkok,13.76516598886511,100.5507413163315,IAy-lAQ_MGqp6Ao4BEjm7g,973,0,1024,5,1215,True,IAy-lAQ_MGqp6Ao4BEjm7g
408,2018,10,471,Bangkok,13.71928123956281,100.5460123932835,JrQp93oK7OQz-NYIaOIhJw,974,0,1025,2,1216,True,JrQp93oK7OQz-NYIaOIhJw
1904,2017,6,421,Bangkok,13.73621765749072,100.5667715562135,P-By2YMXddZIvbRDzrHMfA,728,1,1026,4,1218,True,P-By2YMXddZIvbRDzrHMfA
1215,2020,8,477,Bangkok,13.72850183562639,100.5671459260429,d0N5n67FdQj3KA3rG8dv2g,983,0,1035,4,1229,True,d0N5n67FdQj3KA3rG8dv2g
3199,2016,9,470,Bangkok,13.75122608051961,100.5547679963088,uP_0o6BZ0SykOxGpysa6XA,985,0,1037,2,1231,True,uP_0o6BZ0SykOxGpysa6XA
1931,2011,9,460,Bangkok,13.73659587462907,100.5037077663715,14-IptLfBue1BdrvVBDS4w,987,0,1039,2,1233,True,14-IptLfBue1BdrvVBDS4w
1772,2016,10,684,Bangkok,13.73513008319109,100.5188558376586,LEUIdr1g8AfLJpgaM6P23Q,990,0,1042,2,1236,True,LEUIdr1g8AfLJpgaM6P23Q
3664,2011,9,361,Bangkok,13.75777511416241,100.493905164896,Z6Cz5bLeecrSNoox4ORL1Q,80,0,80,8,1237,True,Z6Cz5bLeecrSNoox4ORL1Q
3142,2015,10,342,Bangkok,13.75121776504059,100.493703959179,CRpptAN2oTarVkEy8qUV7w,993,0,1045,3,1240,True,CRpptAN2oTarVkEy8qUV7w
4491,2017,11,194,Bangkok,13.76565991338055,100.5427153753552,p5USGb851yhI6aWerWb7Tw,1000,0,1052,5,1250,True,p5USGb851yhI6aWerWb7Tw
1939,2017,6,341,Bangkok,13.73731901182243,100.5107440250643,z9o6rdC9cyOqH0-H3Ns9YQ,1004,0,1056,2,1254,True,z9o6rdC9cyOqH0-H3Ns9YQ
4070,2019,2,245,Bangkok,13.76114871899961,100.5518908617368,KY8wp7CIOEGKJb2qxQy7hQ,1006,0,1058,3,1256,True,KY8wp7CIOEGKJb2qxQy7hQ
3116,2019,9,273,Bangkok,13.75016536110884,100.5546977391763,5GEtc_OYJd3KYOqQY34ehw,1008,0,1061,5,1260,True,5GEtc_OYJd3KYOqQY34ehw
2326,2018,1,644,Bangkok,13.74123586825092,100.5496049893643,sXPXZx1b7O4B0NHDP6GEZA,1009,0,1062,4,1261,True,sXPXZx1b7O4B0NHDP6GEZA
530,2020,9,231,Bangkok,13.72094756982165,100.4907625917715,oD2HeqcPbclGiGcLKkb1vg,1015,0,1068,11,1270,True,oD2HeqcPbclGiGcLKkb1vg
967,2017,8,537,Bangkok,13.72660950540888,100.494619994219,XZ9cTYZ-fp2OB8g05bbGhA,1018,0,1071,11,1273,True,XZ9cTYZ-fp2OB8g05bbGhA
653,2014,9,327,Bangkok,13.72213003484484,100.5307395154075,mf2yjwQKCSZVbkLerRlKzw,1019,0,1072,11,1274,True,mf2yjwQKCSZVbkLerRlKzw
2420,2011,12,656,Bangkok,13.74215357907669,100.5577117274906,14pFHcuXTFff6N1LXspnRg,1022,0,1075,1,1279,True,14pFHcuXTFff6N1LXspnRg
2469,2020,8,367,Bangkok,13.74321710560696,100.5178570984543,uDSwv3N-F-SZHFKgsepBqQ,1026,0,1079,2,1288,True,uDSwv3N-F-SZHFKgsepBqQ
481,2020,9,341,Bangkok,13.72012971553344,100.5256670982688,eyQFC4sN6fbLMQOATa2MzQ,157,1,1084,4,1293,True,eyQFC4sN6fbLMQOATa2MzQ
3828,2016,11,598,Bangkok,13.75947785670977,100.483820108802,a5bspyCPug97jqOSZfb_xw,1029,0,1085,5,1295,True,a5bspyCPug97jqOSZfb_xw
2942,2012,1,502,Bangkok,13.74759619688047,100.5517982446884,44kS6VNOYTXaKRWatnAcZw,126,1,1086,1,1296,True,44kS6VNOYTXaKRWatnAcZw
3892,2019,4,330,Bangkok,13.75924061960059,100.5467069944829,-YxviTDN6s0uLy4ZhWpl9A,1032,0,1089,3,1300,True,-YxviTDN6s0uLy4ZhWpl9A
4411,2020,9,489,Bangkok,13.76538555492391,100.5444611469044,-5VGZ_wQjfN9UdpI03mNuA,1033,0,1090,1,1301,True,-5VGZ_wQjfN9UdpI03mNuA
1913,2019,5,414,Bangkok,13.73732639080206,100.4846552216156,7vhNaPxvjzyc50ZQWeqFgw,625,1,1092,5,1304,True,7vhNaPxvjzyc50ZQWeqFgw
4581,2018,10,564,Bangkok,13.76760396967854,100.5379567553205,oCoEv64MXrl2Mqr1P7yung,1042,0,1100,4,1313,True,oCoEv64MXrl2Mqr1P7yung
65,2017,6,123,Bangkok,13.71539403260273,100.5487057686941,0IS8TfjaHCEeqhYDfLAZOA,1045,0,1103,2,1316,True,0IS8TfjaHCEeqhYDfLAZOA
1803,2019,7,499,Bangkok,13.73536464925255,100.5440017668531,Ti8yUIpfis81KqW7KPf-cA,1048,0,1107,5,1321,True,Ti8yUIpfis81KqW7KPf-cA
4445,2011,9,312,Bangkok,13.76619428274283,100.4906899760977,6F7IPOhSnxMoYh21al_WOA,1060,0,1121,5,1340,True,6F7IPOhSnxMoYh21al_WOA
1279,2019,5,406,Bangkok,13.72872739573459,100.5466719328936,VZsNU72YMNfYqLHDPlrKEA,1061,0,1122,1,1341,True,VZsNU72YMNfYqLHDPlrKEA
3677,2020,8,180,Bangkok,13.75732890716557,100.5125024320642,_W5I8-aAbDd-hCn15c5RTw,1063,0,1124,6,1343,True,_W5I8-aAbDd-hCn15c5RTw
3171,2012,4,508,Bangkok,13.75096781056121,100.5252000240352,TOqkgOP-axgHgtluAX35mg,924,0,970,13,1357,True,TOqkgOP-axgHgtluAX35mg
804,2018,10,199,Bangkok,13.72422318350645,100.5068427538388,PlU-r6niVwH2JgVRxYIY2Q,1074,0,1135,2,1359,True,PlU-r6niVwH2JgVRxYIY2Q
2693,2017,6,613,Bangkok,13.74518957639896,100.5690430891683,SfdQdt--0HbX6iJNH41yMg,1075,0,1136,2,1360,True,SfdQdt--0HbX6iJNH41yMg
2079,2019,9,389,Bangkok,13.73835542696265,100.5652668390573,QyheRW4RE8os9GDnSo70oQ,441,0,449,3,1367,True,QyheRW4RE8os9GDnSo70oQ
2332,2017,6,698,Bangkok,13.74121284269847,100.5575710366128,IU0UA5n_4bH5QN6Spj0JXA,1081,0,1142,2,1368,True,IU0UA5n_4bH5QN6Spj0JXA
4060,2018,10,384,Bangkok,13.76099329446189,100.5411791573015,wjrlhe_51elVv5W6AgREkA,1084,0,1145,5,1372,True,wjrlhe_51elVv5W6AgREkA
3934,2018,2,398,Bangkok,13.76039059535001,100.4994057823359,mLxVG26wW1-WlsvJQAr3jA,1085,0,1146,9,1373,True,mLxVG26wW1-WlsvJQAr3jA
875,2017,5,649,Bangkok,13.72549166953352,100.4895027133707,uWvca-ApZZdPI_C1ng0VXQ,1086,0,1147,5,1374,True,uWvca-ApZZdPI_C1ng0VXQ
3995,2016,9,577,Bangkok,13.76025044828255,100.5597341448185,DfcYIc6aqUEJUIUU0OpJ6A,1088,0,1149,1,1376,True,DfcYIc6aqUEJUIUU0OpJ6A
1405,2020,9,271,Bangkok,13.73136083611248,100.4987994719243,6ZtcKvCJZg5RGp9jvCnbpQ,1093,0,1154,3,1381,True,6ZtcKvCJZg5RGp9jvCnbpQ
4407,2018,10,368,Bangkok,13.76537775959408,100.5425614416033,VPfoE-DJkjNbSoU4zd6vjQ,1094,0,1155,1,1383,True,VPfoE-DJkjNbSoU4zd6vjQ
233,2018,2,190,Bangkok,13.71750147515525,100.5416346036957,7eLJ8ax4vJ5LF0Cef8oF2A,36,1,1159,2,1391,True,7eLJ8ax4vJ5LF0Cef8oF2A
425,2018,3,332,Bangkok,13.71919257845479,100.5636120793231,F-sFOqnZxY1reuIVIQgZAw,1098,0,1160,1,1392,True,F-sFOqnZxY1reuIVIQgZAw
4325,2018,10,651,Bangkok,13.76424581153983,100.5496238767759,cRO-bqYnlOzECYt1eNEGDA,1103,0,1165,4,1398,True,cRO-bqYnlOzECYt1eNEGDA
4383,2020,8,419,Bangkok,13.76515688640625,100.5120223201143,oQTMm--3sRl0zv8PYr1AzA,1108,0,1170,3,1405,True,oQTMm--3sRl0zv8PYr1AzA
2159,2019,5,73,Bangkok,13.73906687428171,100.5576525515642,22mfRIzALUAB69Cd2T_OnA,941,0,988,11,1408,True,22mfRIzALUAB69Cd2T_OnA
3188,2011,9,474,Bangkok,13.7512628164495,100.5376431179352,dchRTP8qHw6k9lMFPWbGYg,1109,0,1172,3,1409,True,dchRTP8qHw6k9lMFPWbGYg
407,2016,10,582,Bangkok,13.71924586802461,100.5446036059433,8bdwIIlQv-re7jOMGeJ8mA,1110,0,1173,4,1411,True,8bdwIIlQv-re7jOMGeJ8mA
849,2019,5,371,Bangkok,13.72425856125412,100.5507186805415,yQWRaEdRmVYHKyO267HVbQ,608,0,621,8,1412,True,yQWRaEdRmVYHKyO267HVbQ
3637,2020,8,122,Bangkok,13.75696486807685,100.555080750566,LGEf3aGdDpdrjsJKh-K0Mg,1114,0,1177,2,1416,True,LGEf3aGdDpdrjsJKh-K0Mg
86,2020,8,193,Bangkok,13.71489267420188,100.5697568037008,Fhe7NqbDPSkjo1TuzvpkSQ,1119,0,1182,3,1422,True,Fhe7NqbDPSkjo1TuzvpkSQ
2427,2019,5,487,Bangkok,13.74224600432408,100.5604133754628,OutuITBmWXK77kuw-JK0LA,812,1,1185,6,1425,True,OutuITBmWXK77kuw-JK0LA
3926,2019,4,374,Bangkok,13.76010065362491,100.4925833082747,F6aetpKWQ5whK9MMZRt2VA,1124,0,1189,5,1430,True,F6aetpKWQ5whK9MMZRt2VA
1633,2020,9,204,Bangkok,13.73318895968675,100.5516991186543,3SvP0xmTrI6JULep39lrKQ,1125,0,1190,4,1431,True,3SvP0xmTrI6JULep39lrKQ
1854,2019,8,324,Bangkok,13.73626076992742,100.5117385575824,ppzd8HgCZNae-ow3ubkgJg,1126,0,1191,8,1432,True,ppzd8HgCZNae-ow3ubkgJg
4443,2019,9,615,Bangkok,13.76624986036629,100.4866540959768,uUOgnFq2L_NoYhCSMSC8xg,1127,0,1192,5,1433,True,uUOgnFq2L_NoYhCSMSC8xg
2197,2020,9,366,Bangkok,13.74040425039136,100.5055054963835,Au-MXy2oUVhyqQ4tnlbHKQ,1132,0,1198,8,1441,True,Au-MXy2oUVhyqQ4tnlbHKQ
3521,2011,9,299,Bangkok,13.7553457070569,100.5267721048958,Dgr_ak5jG-TFKR0nOO4Ngg,722,0,748,4,1447,True,Dgr_ak5jG-TFKR0nOO4Ngg
3266,2018,10,220,Bangkok,13.75229606713259,100.5346960376617,tnFjCVy1wymahPGzdHFhUQ,328,0,332,11,1452,True,tnFjCVy1wymahPGzdHFhUQ
4485,2019,9,466,Bangkok,13.76602050190931,100.5332294423133,TQQa_OyatjncBb7y6vaQrg,839,0,878,5,1463,True,TQQa_OyatjncBb7y6vaQrg
1891,2017,6,329,Bangkok,13.73621772315272,100.5531417050815,fwMwf4iqCg-1gFleFpvIaw,1147,0,1216,4,1464,True,fwMwf4iqCg-1gFleFpvIaw
1542,2016,11,259,Bangkok,13.73214942982276,100.5467185377086,LRn3Sokjs1Aq3CgyR9lf7w,614,0,627,6,1465,True,LRn3Sokjs1Aq3CgyR9lf7w
833,2011,9,277,Bangkok,13.72422580455742,100.5366006696839,MmQliUnn2OEcKlCB7H7eLA,1151,0,1220,6,1469,True,MmQliUnn2OEcKlCB7H7eLA
1673,2017,11,621,Bangkok,13.7341361696074,100.5047349031967,P9mJgVuID6sg75YVwWDOKA,896,1,1227,1,1477,True,P9mJgVuID6sg75YVwWDOKA
495,2018,10,264,Bangkok,13.7198647009925,100.5432490567391,6HfUN7vaLC-ZY142op-giA,1157,0,1228,4,1479,True,6HfUN7vaLC-ZY142op-giA
649,2020,9,412,Bangkok,13.72225297852667,100.5207457823214,VA2RhqenghkJE0ZmCig1aQ,393,0,400,4,1482,True,VA2RhqenghkJE0ZmCig1aQ
3350,2019,6,295,Bangkok,13.75321045925884,100.5278053029596,oLa50rgrvk5dz3Xs6u9d2g,1160,0,1231,7,1484,True,oLa50rgrvk5dz3Xs6u9d2g
2268,2020,9,597,Bangkok,13.74127947269693,100.4856814600812,-BDCkVI7R-0yvugYD4mVBw,1162,0,1233,8,1487,True,-BDCkVI7R-0yvugYD4mVBw
910,2019,8,366,Bangkok,13.72515020826117,100.5207554199999,63_ml9oGGmIxseGHAgszcw,770,1,1234,1,1491,True,63_ml9oGGmIxseGHAgszcw
2968,2011,9,476,Bangkok,13.74940005258139,100.4939849092777,i1IZdNPi2fgLOvjIrfvMOg,224,2,1235,4,1492,True,i1IZdNPi2fgLOvjIrfvMOg
1012,2011,9,140,Bangkok,13.72621964843566,100.5377715944792,rIkBTZCAm_rrXSOcSbWGlg,1164,0,1237,6,1495,True,rIkBTZCAm_rrXSOcSbWGlg
4313,2019,4,558,Bangkok,13.76295283487531,100.5341304503627,sLPViuequGaV-E7vlV2MjA,331,1,1239,2,1497,True,sLPViuequGaV-E7vlV2MjA
2493,2020,9,425,Bangkok,13.74318385236854,100.5399525461164,dZWuoWU-INwb5KKbhEdHGw,1166,0,1240,8,1498,True,dZWuoWU-INwb5KKbhEdHGw
4489,2018,10,484,Bangkok,13.76626780541818,100.5358036070735,Kj-nrfbMxXpET9k2-kMJxg,1169,0,1243,2,1501,True,Kj-nrfbMxXpET9k2-kMJxg
2683,2019,10,367,Bangkok,13.74499022942955,100.5566745619155,IEujg51ioQDOPsIgF6EPIQ,1171,0,1245,8,1503,True,IEujg51ioQDOPsIgF6EPIQ
1749,2020,9,227,Bangkok,13.73522384371157,100.4897042175124,ebuCVzJVRar-6ej5WoCKNA,1173,0,1247,4,1505,True,ebuCVzJVRar-6ej5WoCKNA
3581,2018,2,226,Bangkok,13.75648021010288,100.4958067830405,abHe4s6X5bOgz7_luPIPiw,63,0,63,8,1514,True,abHe4s6X5bOgz7_luPIPiw
2443,2019,9,249,Bangkok,13.7432505797824,100.4857405448154,mpxeucRa827ZhNe4Pdgn6g,930,1,1251,1,1516,True,mpxeucRa827ZhNe4Pdgn6g
2075,2018,9,258,Bangkok,13.73800975014303,100.5572386298559,nqpPKm5DJQAyCR7KYUMaOQ,25,1,1258,2,1533,True,nqpPKm5DJQAyCR7KYUMaOQ
3767,2020,8,278,Bangkok,13.75839611952347,100.5109179701093,3WXQ1wd2GcSr9FihAZNXKg,1182,0,1259,6,1534,True,3WXQ1wd2GcSr9FihAZNXKg
4150,2020,8,607,Bangkok,13.76216534403677,100.5498548427859,TKpAJ6eQyWOR7SzXPOZYEQ,1183,0,1260,2,1535,True,TKpAJ6eQyWOR7SzXPOZYEQ
2635,2020,9,332,Bangkok,13.74535625535739,100.5054836669747,8qm2cxYn2h3LFm9ELtarCA,1184,0,1261,8,1536,True,8qm2cxYn2h3LFm9ELtarCA
708,2020,9,365,Bangkok,13.72324212535458,100.4977329991081,Pvv0SB-ICoZ845HwS6zwpQ,1187,0,1264,2,1540,True,Pvv0SB-ICoZ845HwS6zwpQ
431,2017,11,182,Bangkok,13.72021969218971,100.4848243029037,7O7kvcd91Db4myEmmRpPjQ,904,0,948,7,1542,True,7O7kvcd91Db4myEmmRpPjQ
3020,2011,9,224,Bangkok,13.7492644382868,100.5485955266384,kXBF0SpOw1dxIphnAM7Gzw,468,1,1268,1,1545,True,kXBF0SpOw1dxIphnAM7Gzw
516,2018,10,114,Bangkok,13.72025647676976,100.5603662546805,JSlp6Xx9NjH4Au3vlGlV3Q,748,1,1270,5,1549,True,JSlp6Xx9NjH4Au3vlGlV3Q
4783,2017,6,449,Bangkok,13.76914393655617,100.5659574963268,1wsz6wx4VJcrYP41LyM2aw,1193,0,1273,2,1553,True,1wsz6wx4VJcrYP41LyM2aw
1506,2019,5,334,Bangkok,13.73223931859718,100.508770116783,a354kylmnLgqI7iNNrClHQ,1195,0,1275,6,1556,True,a354kylmnLgqI7iNNrClHQ
3891,2020,8,368,Bangkok,13.75922000370473,100.547800110553,iApHYaSEuXfJBq2Ik7gWsA,1118,0,1181,6,1560,True,iApHYaSEuXfJBq2Ik7gWsA
1667,2019,9,472,Bangkok,13.7343148330502,100.499694467134,E-1c0OhysI2ePeEQUSMH0g,158,0,158,8,1575,True,E-1c0OhysI2ePeEQUSMH0g
4401,2017,6,453,Bangkok,13.76554038080784,100.5329477018845,dD-bIkOJuorlcLoSW_PhxQ,1201,0,1282,2,1577,True,dD-bIkOJuorlcLoSW_PhxQ
4146,2017,6,330,Bangkok,13.762196395024,100.5388856812242,OMG0alnOoiCUHSgXdpXNRg,1202,0,1283,4,1578,True,OMG0alnOoiCUHSgXdpXNRg
3992,2018,10,465,Bangkok,13.76028343812986,100.5627163733317,7UFZL2FAPZOoI2TURBV7oA,1203,0,1284,2,1579,True,7UFZL2FAPZOoI2TURBV7oA
1544,2016,11,290,Bangkok,13.73220408637203,100.5520147442449,VqPMX6hcqySK4idTrk5URA,1204,0,1285,4,1580,True,VqPMX6hcqySK4idTrk5URA
3048,2017,6,169,Bangkok,13.75034704510388,100.4895905791794,V7H5hw6NKLHiEdYql3yrAw,1209,0,1291,2,1586,True,V7H5hw6NKLHiEdYql3yrAw
146,2011,12,494,Bangkok,13.7174276761434,100.5416333327565,bPhHVavOeeiqWew7GR4coQ,36,2,1297,1,1592,True,bPhHVavOeeiqWew7GR4coQ
4808,2019,4,194,Bangkok,13.77036696781637,100.5028258022805,RacedBXa1fRoGZwuyi5lOA,1219,0,1302,5,1601,True,RacedBXa1fRoGZwuyi5lOA
3908,2019,4,516,Bangkok,13.75922540891783,100.5607656123267,8fQvEBE7cMjmVcdtYw2COQ,1221,0,1304,5,1604,True,8fQvEBE7cMjmVcdtYw2COQ
902,2018,2,462,Bangkok,13.72510604438211,100.5158199532272,ys3EsMve95DFadOIdpjs-w,1222,0,1305,1,1606,True,ys3EsMve95DFadOIdpjs-w
3688,2016,8,385,Bangkok,13.75719713610946,100.5156819868546,fQzlH-eoRwOlOQukm9nwhA,1226,0,1309,6,1611,True,fQzlH-eoRwOlOQukm9nwhA
868,2011,9,455,Bangkok,13.72410712037777,100.5669739895871,YmCCjgpUAnzGyPwcLjIv4g,1227,0,1311,2,1613,True,YmCCjgpUAnzGyPwcLjIv4g
4367,2020,8,300,Bangkok,13.76524017312596,100.5027086332367,JGMR9qZnnaW7acOTgiF5HQ,1232,0,1316,8,1622,True,JGMR9qZnnaW7acOTgiF5HQ
3264,2017,11,628,Bangkok,13.75216732548722,100.5335979457541,8pg9vn43Fty8qtfTXVUXYQ,1237,0,1322,2,1629,True,8pg9vn43Fty8qtfTXVUXYQ
4248,2011,12,315,Bangkok,13.76312383219223,100.5556052121253,-uMufAgfreGhd9px5uYGdw,1248,0,1333,3,1644,True,-uMufAgfreGhd9px5uYGdw
1734,2020,8,303,Bangkok,13.734354279154,100.5663485882388,p4l-c2WUry_UB80LO7zadA,1253,0,1339,4,1651,True,p4l-c2WUry_UB80LO7zadA
2328,2018,9,116,Bangkok,13.7412180536091,100.5507523557538,fveceAX7Pldu6_INqEVIYg,1255,0,1342,7,1657,True,fveceAX7Pldu6_INqEVIYg
4117,2018,9,408,Bangkok,13.76215525796567,100.5128844744056,0WW5zEf3OpD5W_cZOtoHSw,1259,0,1346,4,1665,True,0WW5zEf3OpD5W_cZOtoHSw
1561,2011,12,258,Bangkok,13.73236393891983,100.5668879705993,OG1fyNWDJBQ0wzLGtxIROw,1240,0,1325,12,1667,True,OG1fyNWDJBQ0wzLGtxIROw
2648,2011,9,528,Bangkok,13.74561660650753,100.5218368835909,_WDKmkz6h8yjJMEEHiRSQg,1260,0,1347,7,1668,True,_WDKmkz6h8yjJMEEHiRSQg
4017,2017,5,438,Bangkok,13.76123181134891,100.5008927490048,AdlqFpOrUFHdjHnJAz_Pww,1261,0,1348,4,1669,True,AdlqFpOrUFHdjHnJAz_Pww
611,2019,5,367,Bangkok,13.72205537920263,100.4881953777763,MAlbqOTBaeWPZ307lc6Jsw,1265,0,1352,1,1673,True,MAlbqOTBaeWPZ307lc6Jsw
1832,2019,5,177,Bangkok,13.73629236574856,100.4926276024218,vyzJ8uscxrgaQQYaSaWFLA,1236,1,1361,7,1686,True,vyzJ8uscxrgaQQYaSaWFLA
3423,2019,5,295,Bangkok,13.75427723314655,100.5077277801422,r2o78tw--pUqGvNcI2zDJA,1273,0,1362,1,1687,True,r2o78tw--pUqGvNcI2zDJA
4864,2018,3,492,Bangkok,13.77020869813563,100.5648435275398,QSrnRcy5_CQeD9MUwAwyLA,1274,0,1363,5,1689,True,QSrnRcy5_CQeD9MUwAwyLA
1010,2020,9,218,Bangkok,13.72627999940764,100.5339299228933,J6JIxlodg-lZiLQn2g1e3g,1275,0,1364,6,1690,True,J6JIxlodg-lZiLQn2g1e3g
1458,2018,9,472,Bangkok,13.73092372647339,100.5521294103276,46jSzULhSQGw_N1_A-9JrA,1276,0,1366,3,1692,True,46jSzULhSQGw_N1_A-9JrA
605,2020,9,270,Bangkok,13.7223700773588,100.4850088275918,SzjCuSPBYcM4yCDvN5EzbQ,1277,0,1367,2,1693,True,SzjCuSPBYcM4yCDvN5EzbQ
2676,2016,11,390,Bangkok,13.74524150363666,100.5457235914432,JwUFifml2Rk-X08DedBrhw,265,0,266,5,1707,True,JwUFifml2Rk-X08DedBrhw
3160,2017,6,223,Bangkok,13.75144913887646,100.514822933383,eW7LxTd_PV8V2Q0iYGgOfA,1286,0,1377,2,1713,True,eW7LxTd_PV8V2Q0iYGgOfA
3447,2016,11,429,Bangkok,13.75394280435041,100.5406603202547,8o_j5Lb-LrcTcVBN_sVg5Q,1287,0,1378,3,1715,True,8o_j5Lb-LrcTcVBN_sVg5Q
3580,2019,8,643,Bangkok,13.75625932897979,100.4945849552405,dYZQJ1yvj39PbaAYi5whWw,1288,0,1379,7,1716,True,dYZQJ1yvj39PbaAYi5whWw
4279,2019,4,388,Bangkok,13.76434028754813,100.4998587007019,-B2rAMaGPAdsuFAwm3CSzg,1289,0,1380,7,1717,True,-B2rAMaGPAdsuFAwm3CSzg
48,2017,9,448,Bangkok,13.7153263875384,100.5316955381949,WutTfzAUI8xj2JQUZRj-5A,1290,0,1381,2,1718,True,WutTfzAUI8xj2JQUZRj-5A
416,2017,9,145,Bangkok,13.7189620120128,100.5470759315618,VzN8du0R4WCtlk2xpUT8QA,1292,0,1385,2,1725,True,VzN8du0R4WCtlk2xpUT8QA
229,2018,10,418,Bangkok,13.71708874957285,100.5388479435992,-UOog3bnppKMDe6GFGG8FQ,1294,0,1387,1,1727,True,-UOog3bnppKMDe6GFGG8FQ
690,2018,3,527,Bangkok,13.72195264702839,100.5626762612115,tEP53UrfxDChSHlJBAj7oQ,1298,0,1391,4,1732,True,tEP53UrfxDChSHlJBAj7oQ
3528,2019,5,372,Bangkok,13.75517368820242,100.5287357295229,qtMLUBGenX9a2oLZLQn_pA,1300,0,1394,4,1735,True,qtMLUBGenX9a2oLZLQn_pA
587,2016,10,440,Bangkok,13.72130432682067,100.5457586176467,r6uMdAD_9PhewRsrCUFplg,1302,0,1396,2,1737,True,r6uMdAD_9PhewRsrCUFplg
4576,2018,3,319,Bangkok,13.76723828997375,100.535792130035,9QGWPOWjctf0viR10PXCCw,1303,0,1397,6,1738,True,9QGWPOWjctf0viR10PXCCw
1877,2020,9,430,Bangkok,13.73626010729978,100.538889074626,GXd3COVH18wzZY7a3gtzyQ,1304,0,1398,11,1739,True,GXd3COVH18wzZY7a3gtzyQ
3840,2019,8,418,Bangkok,13.75899577015177,100.4934968742539,R2L3i7waN1VMbOZhP6yoDA,1306,0,1400,7,1742,True,R2L3i7waN1VMbOZhP6yoDA
1742,2016,8,431,Bangkok,13.7341824494976,100.5698382951994,2X2vIrYcZI5dRvhMiXIp8A,764,1,1404,2,1748,True,2X2vIrYcZI5dRvhMiXIp8A
631,2020,9,410,Bangkok,13.72219459217228,100.5077667212129,YGu8BDoSvVW1LmFkJhzmqg,1310,0,1405,8,1750,True,YGu8BDoSvVW1LmFkJhzmqg
1508,2018,1,460,Bangkok,13.73211852240601,100.5135125285111,bYc9xO2QFbs8F5QO94oIZg,1311,0,1406,1,1751,True,bYc9xO2QFbs8F5QO94oIZg
3947,2011,9,362,Bangkok,13.760294525753,100.5157564203175,okVwRGxdwRO-cKznH_IxkQ,1312,0,1407,2,1752,True,okVwRGxdwRO-cKznH_IxkQ
1750,2019,9,641,Bangkok,13.73527911093517,100.4936623136169,OyVKfgZQGaZj4WSjz1yFHQ,1313,0,1408,3,1753,True,OyVKfgZQGaZj4WSjz1yFHQ
1343,2019,6,151,Bangkok,13.73023508910534,100.5157410349613,BvN-hU-cz7VSWYsxzWo5kA,809,0,845,7,1755,True,BvN-hU-cz7VSWYsxzWo5kA
3818,2019,4,365,Bangkok,13.75825716304554,100.5646228104788,n0H3L7x9MX-l7k_AuMzK4A,1316,0,1411,3,1760,True,n0H3L7x9MX-l7k_AuMzK4A
2595,2019,5,455,Bangkok,13.74420566437467,100.5533864206436,-Lc21pT2G3UZYbYWJPaiPQ,1317,0,1412,8,1761,True,-Lc21pT2G3UZYbYWJPaiPQ
4499,2017,6,504,Bangkok,13.76627591633843,100.5476653141326,4tXa7bjGzyzy112r3djhjQ,1325,0,1420,6,1775,True,4tXa7bjGzyzy112r3djhjQ
1753,2011,9,534,Bangkok,13.73516584472259,100.4977977595026,CxrR4OvHvP2bgKKFb-01hQ,1326,0,1421,7,1776,True,CxrR4OvHvP2bgKKFb-01hQ
4412,2020,9,349,Bangkok,13.76530294417356,100.5477285865965,6ins6D_1JI8fO5fknfD0qg,1329,0,1424,2,1781,True,6ins6D_1JI8fO5fknfD0qg
3392,2020,8,379,Bangkok,13.75411322464682,100.4846944276351,cFjgPf7zO0c7Hav8TM7rXg,1330,0,1425,3,1783,True,cFjgPf7zO0c7Hav8TM7rXg
4374,2018,9,407,Bangkok,13.76535133654124,100.5058379430792,_ftG4Bbf1xCn8J8w5Uv-PQ,544,1,1427,2,1789,True,_ftG4Bbf1xCn8J8w5Uv-PQ
1210,2017,6,241,Bangkok,13.72862495618805,100.5598849453503,6C310Kt_WpoYFGjYq4uMoA,1333,0,1429,10,1791,True,6C310Kt_WpoYFGjYq4uMoA
29,2011,12,183,Bangkok,13.71516261844227,100.5122567682669,gNOFpZGjOu32BEJRs56y4w,1340,0,1438,5,1806,True,gNOFpZGjOu32BEJRs56y4w
850,2011,10,370,Bangkok,13.72417492777116,100.5497382121554,ewUkp4A07SwdzeUuDbphMA,455,0,463,13,1811,True,ewUkp4A07SwdzeUuDbphMA
1461,2017,11,225,Bangkok,13.73119782363662,100.5521258221812,sWQge940mq7-Kktf6v1wIw,426,1,1442,10,1815,True,sWQge940mq7-Kktf6v1wIw
2984,2020,8,307,Bangkok,13.74920303096592,100.5106584054807,rgB7RM20i91c6Rl0uLttTw,1347,0,1446,6,1821,True,rgB7RM20i91c6Rl0uLttTw
4716,2018,2,363,Bangkok,13.76795166536492,100.4991737300117,b6x0-O4nxYKhfPPin9JdjA,1348,0,1447,4,1822,True,b6x0-O4nxYKhfPPin9JdjA
4524,2018,9,404,Bangkok,13.76703119564851,100.4834784749563,STetfr7CG7K3wIJi1XKH-A,1350,0,1449,2,1825,True,STetfr7CG7K3wIJi1XKH-A
4168,2017,12,326,Bangkok,13.76226368828824,100.5638356286133,rUJ2UH9vesdUhxcJPcm33Q,1351,0,1450,3,1826,True,rUJ2UH9vesdUhxcJPcm33Q
3118,2019,10,511,Bangkok,13.74955263369386,100.5575980471213,AvV8esCM-SwL53i0syWR6w,1353,0,1452,2,1830,True,AvV8esCM-SwL53i0syWR6w
4834,2011,12,308,Bangkok,13.77054431690744,100.5339032235771,A_-yV7w7WLOQ2Qw2W6Q89g,1354,0,1453,3,1831,True,A_-yV7w7WLOQ2Qw2W6Q89g
4850,2017,12,554,Bangkok,13.77064887991661,100.5529063211243,0YCAwTnyWVfsZPB7f5EOyA,1357,0,1456,2,1834,True,0YCAwTnyWVfsZPB7f5EOyA
3244,2018,9,535,Bangkok,13.75217878829373,100.5139274398037,moK3kTZMsd_rtBOwgt0AZQ,262,1,1458,1,1837,True,moK3kTZMsd_rtBOwgt0AZQ
846,2019,5,336,Bangkok,13.72362636302214,100.546438522872,rC0WGuUkpnztuEDLce8Wmg,1362,0,1462,4,1842,True,rC0WGuUkpnztuEDLce8Wmg
3507,2017,6,606,Bangkok,13.75518851633057,100.508726510465,xryJT7A4yTSrkok4glTjqw,1363,0,1463,2,1844,True,xryJT7A4yTSrkok4glTjqw
4190,2018,9,246,Bangkok,13.76331290755583,100.5007045205208,QjapVIyl_OpmPqBFzc7U2Q,878,0,918,6,1848,True,QjapVIyl_OpmPqBFzc7U2Q
4102,2020,8,123,Bangkok,13.76245553635466,100.4978865352585,QYyW2bEWT49Ifi-IYTxvRA,1368,0,1469,5,1854,True,QYyW2bEWT49Ifi-IYTxvRA
206,2017,6,410,Bangkok,13.71733970189388,100.5157707103847,dwEgkGJxkOkVCBSSS2b_Ig,1374,0,1475,2,1866,True,dwEgkGJxkOkVCBSSS2b_Ig
1947,2019,7,254,Bangkok,13.73722898465831,100.5147555856351,onl5zuTI8OOyx0kAXrL4hw,1385,0,1486,4,1883,True,onl5zuTI8OOyx0kAXrL4hw
917,2019,5,532,Bangkok,13.72506700503584,100.5362115260443,vRKBxt48uRzX-ht3dkqmOQ,752,0,780,6,1893,True,vRKBxt48uRzX-ht3dkqmOQ
4524,2019,5,233,Bangkok,13.76702901162611,100.4834847369731,zL5GRxvVTwVfghiScD7PuA,1350,1,1495,2,1901,True,zL5GRxvVTwVfghiScD7PuA
1807,2020,8,368,Bangkok,13.73520482438208,100.5485617743347,xxkoPMnS-fTgPKJa8COGhg,486,0,496,8,1906,True,xxkoPMnS-fTgPKJa8COGhg
2475,2017,7,707,Bangkok,13.74325703587267,100.5203955659659,XMCri2eQgWHwtol-179IJg,1159,0,1230,5,1908,True,XMCri2eQgWHwtol-179IJg
1506,2016,11,146,Bangkok,13.73224992401998,100.5087665687833,Hu0VX49Z27RIzaDfgOPn-w,1195,1,1504,3,1913,True,Hu0VX49Z27RIzaDfgOPn-w
2716,2017,6,263,Bangkok,13.74609137881007,100.5017218122023,DSdpBPAS2uN6Ce5Kq_nyTA,1136,0,1203,5,1915,True,DSdpBPAS2uN6Ce5Kq_nyTA
690,2011,12,356,Bangkok,13.72194789409025,100.5626705583396,2lbn5csmJWETdpEKKf8Edw,1298,1,1510,2,1922,True,2lbn5csmJWETdpEKKf8Edw
2658,2017,6,182,Bangkok,13.74525096053062,100.536711139399,OBh2OEbqcUUsmIrwNnIggA,425,0,433,10,1935,True,OBh2OEbqcUUsmIrwNnIggA
655,2017,10,413,Bangkok,13.7215989759843,100.5288972863791,TVkCg3fuHZaJMgbt8iReZg,1410,0,1520,10,1942,True,TVkCg3fuHZaJMgbt8iReZg
1585,2020,9,497,Bangkok,13.73325184525722,100.5025949409166,iMTU2Q0gOcA1vDZOtBVxxg,1411,0,1521,9,1945,True,iMTU2Q0gOcA1vDZOtBVxxg
127,2017,9,367,Bangkok,13.71634427252773,100.5237076078318,2NBggBRHWV4YUPA3FAJMzw,1415,0,1525,8,1949,True,2NBggBRHWV4YUPA3FAJMzw
57,2020,8,386,Bangkok,13.71471487616153,100.539570578479,5BNKI6-CYLPrvWuslWPKbA,1420,0,1530,8,1959,True,5BNKI6-CYLPrvWuslWPKbA
1666,2019,5,387,Bangkok,13.73424065185114,100.496698089497,zzxP2fwlEqvKFG9D4-PmZA,166,0,166,7,1960,True,zzxP2fwlEqvKFG9D4-PmZA
2842,2018,7,479,Bangkok,13.74731441120271,100.5426179482469,17eunnG3MJxAklSXcbeAjQ,858,1,1531,3,1961,True,17eunnG3MJxAklSXcbeAjQ
140,2018,10,528,Bangkok,13.71619630398111,100.5367151624156,zy_BqIMm4g2a8bGp5wmP5Q,1435,0,1547,2,1981,True,zy_BqIMm4g2a8bGp5wmP5Q
3973,2019,4,453,Bangkok,13.76019032921946,100.5447313456966,ZxsUSeAPw_Ui5dkEThzIsw,1436,0,1548,2,1982,True,ZxsUSeAPw_Ui5dkEThzIsw
3586,2016,8,383,Bangkok,13.75635094714926,100.5056679098224,2ohldVyVi79jBoty-38VWw,1437,0,1549,4,1984,True,2ohldVyVi79jBoty-38VWw
4789,2017,5,239,Bangkok,13.77023590147982,100.4857000067785,z2kRY4ymUvtDQMw7saWOBA,1438,0,1550,2,1985,True,z2kRY4ymUvtDQMw7saWOBA
972,2018,8,226,Bangkok,13.72622554298629,100.49759917176,qeWXg-_Fpe6JFcCGy-_Klg,1443,0,1556,1,1994,True,qeWXg-_Fpe6JFcCGy-_Klg
2417,2016,11,319,Bangkok,13.7421287461721,100.5517823647799,mBduu0sf0WM3IPR5oFVf8g,1450,0,1563,1,2005,True,mBduu0sf0WM3IPR5oFVf8g
4220,2020,8,189,Bangkok,13.76254035296208,100.5243778895331,6PJcKrHmepevPTRzXh0LoQ,1454,0,1570,11,2014,True,6PJcKrHmepevPTRzXh0LoQ
4154,2019,4,319,Bangkok,13.76208021198959,100.550720711742,8sTZ1_zavPr5nBk_yDOWTQ,396,1,1573,1,2019,True,8sTZ1_zavPr5nBk_yDOWTQ
3459,2017,6,480,Bangkok,13.75311458601368,100.5485020719022,GwMMPW2O1DXf1XQ7ZTGoRg,658,1,1582,6,2031,True,GwMMPW2O1DXf1XQ7ZTGoRg
1140,2011,9,442,Bangkok,13.72827755033001,100.492681870338,LDmbrPWKux8q58zdWkISpg,638,0,652,6,2032,True,LDmbrPWKux8q58zdWkISpg
2385,2018,1,530,Bangkok,13.74229117548624,100.522712649794,LHFsN0BNWWfGDq_z8azg1A,882,0,924,5,2037,True,LHFsN0BNWWfGDq_z8azg1A
4589,2016,9,278,Bangkok,13.76722095616807,100.5467414778,4MLdyA1Dv5DYWwu9pdf8aw,742,1,1586,3,2040,True,4MLdyA1Dv5DYWwu9pdf8aw
988,2020,9,459,Bangkok,13.72630881386792,100.5157097930261,nwUgAg1cAQowve9S-kjPTQ,1471,0,1591,4,2047,True,nwUgAg1cAQowve9S-kjPTQ
3947,2020,8,230,Bangkok,13.76029648418875,100.5157317269931,R7UJYbMcFMoH6RLcPz5w-g,1312,1,1592,2,2052,True,R7UJYbMcFMoH6RLcPz5w-g
455,2017,5,588,Bangkok,13.72056076500512,100.5047508777861,Lomyn_8U_ckako6rBOo5gA,274,0,275,14,2055,True,Lomyn_8U_ckako6rBOo5gA
3069,2018,9,299,Bangkok,13.75013643833277,100.5049865256367,Qv1702P6FR8r2lhspIOuBQ,1474,0,1595,1,2056,True,Qv1702P6FR8r2lhspIOuBQ
2642,2017,6,375,Bangkok,13.74522045325474,100.5164585672697,g-dJ7PBKjcHpV8qNmV9oiw,1475,0,1596,2,2061,True,g-dJ7PBKjcHpV8qNmV9oiw
2536,2019,8,503,Bangkok,13.7442882709285,100.4927659680997,ZddmOcdO9q2sEhy4D-sQDQ,101,1,1597,2,2062,True,ZddmOcdO9q2sEhy4D-sQDQ
4445,2019,9,150,Bangkok,13.7662178982093,100.4906852834166,x9WfYnr4n8gL5gLPFs5miw,1060,1,1599,2,2066,True,x9WfYnr4n8gL5gLPFs5miw
4416,2018,10,220,Bangkok,13.76527918388725,100.5455956984801,C0Ofqg0-NUNJwvzFLLAOdw,1477,0,1601,2,2070,True,C0Ofqg0-NUNJwvzFLLAOdw
1537,2017,11,140,Bangkok,13.7322486418555,100.5457080953057,t6zQYBrWsdK_TXT7w6cKYg,314,0,315,12,2071,True,t6zQYBrWsdK_TXT7w6cKYg
3296,2019,5,481,Bangkok,13.75222253382826,100.5597462965177,UQp8-TeE1IcNxw3H_cVzKQ,1478,0,1602,5,2073,True,UQp8-TeE1IcNxw3H_cVzKQ
4153,2020,8,442,Bangkok,13.76213526510089,100.5488386721995,JqHJxQYXB7hXwAqt8cz7bg,448,0,456,5,2077,True,JqHJxQYXB7hXwAqt8cz7bg
2083,2011,9,434,Bangkok,13.73820776225054,100.5647105443681,MFBg3uq6HYnB0iyj8pKeZg,1480,0,1604,4,2078,True,MFBg3uq6HYnB0iyj8pKeZg
1952,2017,6,372,Bangkok,13.73721715329886,100.524746775117,2gAmPc5CCNvBHlv4CEPGpg,1216,0,1299,9,2080,True,2gAmPc5CCNvBHlv4CEPGpg
3261,2016,11,339,Bangkok,13.75246519427243,100.5267908169157,2tC_f-5Kn-gYjwcErIHLqw,1361,0,1461,9,2083,True,2tC_f-5Kn-gYjwcErIHLqw
4826,2019,9,297,Bangkok,13.77083436551324,100.5250546397765,A0fUOWMRMqtXpz1z8dyM_g,1484,0,1610,9,2087,True,A0fUOWMRMqtXpz1z8dyM_g
2242,2011,10,266,Bangkok,13.74029062295569,100.5507192807597,iSDJrG7vePnrbIH_u-D0ew,1488,0,1614,7,2094,True,iSDJrG7vePnrbIH_u-D0ew
366,2019,6,324,Bangkok,13.71914592953031,100.5018013930588,G6bYGX3e5mbT4PsQI_YdIQ,1297,1,1617,3,2099,True,G6bYGX3e5mbT4PsQI_YdIQ
4488,2019,4,492,Bangkok,13.76637326870705,100.533409983244,cVH7RDYP42PESHBQZUCsHg,1493,0,1621,4,2103,True,cVH7RDYP42PESHBQZUCsHg
1835,2017,11,446,Bangkok,13.73616479955394,100.4905811486532,9JDamdROreGvNM85ndmL2w,45,1,1624,1,2106,True,9JDamdROreGvNM85ndmL2w
3447,2020,8,253,Bangkok,13.75398272497191,100.5406736028758,6hMx1-1cH4pRgfaFsiAKOg,1287,1,1633,2,2118,True,6hMx1-1cH4pRgfaFsiAKOg
4466,2017,5,350,Bangkok,13.76592119946805,100.5123736850096,RReeWc08A842cJ1B9rxHSg,1504,0,1634,2,2119,True,RReeWc08A842cJ1B9rxHSg
2606,2020,8,417,Bangkok,13.74444017285751,100.5671787855558,USNIEiIYCcRoo_FbjV3ULQ,1505,0,1635,2,2121,True,USNIEiIYCcRoo_FbjV3ULQ
4139,2020,9,512,Bangkok,13.76337819133318,100.5332263125477,MIWhKFLvj2KatF4Mlj9FLQ,1217,0,1300,5,2126,True,MIWhKFLvj2KatF4Mlj9FLQ
3741,2019,9,252,Bangkok,13.75795362027612,100.4831399639876,Zif89rM83ITD1LmNTWLD8Q,1511,0,1641,5,2130,True,Zif89rM83ITD1LmNTWLD8Q
3052,2015,10,340,Bangkok,13.75020183000214,100.493857841838,o5PNBBXzWgOwrb8u8hpDZw,1035,1,1642,3,2131,True,o5PNBBXzWgOwrb8u8hpDZw
931,2016,10,215,Bangkok,13.72504230706013,100.5476912751377,QX5gf-UaUurRC1uKktkwMQ,449,0,457,9,2138,True,QX5gf-UaUurRC1uKktkwMQ
2598,2020,8,355,Bangkok,13.7441524542954,100.5579206929444,sO2E5bGCepAafhdY7xUT6w,453,0,461,3,2143,True,sO2E5bGCepAafhdY7xUT6w
3423,2017,6,337,Bangkok,13.75425912336725,100.5077346641667,j1IbfmQ9oO4ugRRqTt1VsQ,1273,1,1651,5,2149,True,j1IbfmQ9oO4ugRRqTt1VsQ
3288,2017,7,204,Bangkok,13.75230864872569,100.5526990520652,qcSslYamF85mLGAzXIs-IA,428,1,1657,2,2156,True,qcSslYamF85mLGAzXIs-IA
916,2017,5,569,Bangkok,13.72539131716144,100.5270016779663,8mS4TqQQS1Uo34ICvJIi1Q,1523,0,1659,2,2162,True,8mS4TqQQS1Uo34ICvJIi1Q
4204,2020,8,512,Bangkok,13.76411336385439,100.5124895719785,QW9v1TzPGIiBsmDfcahm8w,1525,0,1661,6,2164,True,QW9v1TzPGIiBsmDfcahm8w
3907,2020,8,596,Bangkok,13.75922984819734,100.5648303397024,6IkVuylyK8O96tJH_uiOKQ,1528,0,1664,2,2169,True,6IkVuylyK8O96tJH_uiOKQ
3612,2017,6,332,Bangkok,13.75635325710181,100.5303682006163,GspHw_NplJ51XlQBV3W6BQ,469,0,477,12,2180,True,GspHw_NplJ51XlQBV3W6BQ
4342,2018,10,447,Bangkok,13.76423875121723,100.5596722292668,JgJV97-l1-o3RFILqufTOw,1536,0,1674,1,2190,True,JgJV97-l1-o3RFILqufTOw
1516,2019,7,658,Bangkok,13.73230273743881,100.5156435590567,Wi4m_PnCbUO6H1x-MSP7nA,1537,0,1675,8,2191,True,Wi4m_PnCbUO6H1x-MSP7nA
3602,2018,9,437,Bangkok,13.75626840199676,100.516786907405,edJkP8dTE6RQV8WASb8BLg,1175,0,1249,6,2197,True,edJkP8dTE6RQV8WASb8BLg
1547,2011,12,515,Bangkok,13.73248249100786,100.5497467530296,pCE0JJ1jAZAxDZHnuNa89Q,15,1,1358,3,2198,True,pCE0JJ1jAZAxDZHnuNa89Q
1943,2018,9,197,Bangkok,13.73822874021119,100.5073313622518,kLhnPwNvFPC188YoWhLZiQ,1540,0,1678,10,2200,True,kLhnPwNvFPC188YoWhLZiQ
606,2017,6,231,Bangkok,13.72120086859204,100.5688169828198,2mMSEfw8Ae5BCo3WQ4efRQ,1541,0,1679,2,2203,True,2mMSEfw8Ae5BCo3WQ4efRQ
311,2020,8,433,Bangkok,13.71795804417363,100.5338130500262,A6Y6nvTdaTaFSDCW0psHUQ,1542,0,1680,1,2205,True,A6Y6nvTdaTaFSDCW0psHUQ
3874,2019,4,235,Bangkok,13.75809230650995,100.5274759349896,DGzeu30y_jZrP5oEFdSjlA,1543,0,1681,2,2206,True,DGzeu30y_jZrP5oEFdSjlA
4607,2020,8,307,Bangkok,13.76728361147384,100.5637631257203,nBMGGy6uXYmp_Sz-Sehasw,1544,0,1682,2,2207,True,nBMGGy6uXYmp_Sz-Sehasw
1660,2016,11,236,Bangkok,13.73411304105048,100.4905875862996,h1IcQ3p4zdTdagCQYMuoMg,84,0,84,11,2209,True,h1IcQ3p4zdTdagCQYMuoMg
4304,2011,9,451,Bangkok,13.76485249181288,100.5300710168225,R3MB4z_zVuh5B4dpWbcr1w,1548,0,1688,5,2216,True,R3MB4z_zVuh5B4dpWbcr1w
4120,2018,1,328,Bangkok,13.76163760033822,100.5111303419262,nKmCN03kTK3vaehVbi_Smw,1549,0,1689,1,2217,True,nKmCN03kTK3vaehVbi_Smw
3237,2018,9,329,Bangkok,13.75208893050483,100.5037406530974,reY3p958EgtkOz6I1CFdAA,1551,0,1691,9,2219,True,reY3p958EgtkOz6I1CFdAA
2395,2011,9,518,Bangkok,13.74222836661021,100.525829546087,Z-sSYJ-ds94_Z84fCsinsg,1552,0,1694,2,2224,True,Z-sSYJ-ds94_Z84fCsinsg
1508,2017,11,432,Bangkok,13.73208922094293,100.5135413088456,o2aW6osU-mZ5F3JlDlujew,1311,1,1697,1,2228,True,o2aW6osU-mZ5F3JlDlujew
3965,2017,6,526,Bangkok,13.76079404377254,100.5379208465295,yITPBgpdz5weYAEc4JRnlg,1555,0,1698,8,2230,True,yITPBgpdz5weYAEc4JRnlg
814,2020,9,442,Bangkok,13.72423461436717,100.5156809509756,7W736uMt0AwguJKDw9gimg,1394,0,1497,5,2245,True,7W736uMt0AwguJKDw9gimg
4798,2017,5,341,Bangkok,13.76950312133743,100.4962656010334,dOcb3WhNGtEM7uIUKeGvSw,1566,0,1711,12,2248,True,dOcb3WhNGtEM7uIUKeGvSw
3183,2016,11,189,Bangkok,13.75119444217733,100.5334131778123,iVMwvOLTKrNq2OKZpBwsow,1567,0,1712,2,2250,True,iVMwvOLTKrNq2OKZpBwsow
1684,2019,8,144,Bangkok,13.73427662329515,100.5197148382187,7_C0pRns9o8dZxbaj1MEyw,1575,0,1722,5,2268,True,7_C0pRns9o8dZxbaj1MEyw
639,2011,9,381,Bangkok,13.72189207152637,100.5145514595883,sGsO_noQZLSXzBsucnn6jQ,724,0,750,4,2269,True,sGsO_noQZLSXzBsucnn6jQ
2260,2018,4,518,Bangkok,13.74031756001307,100.5674670851278,x6pHmPmf6Zy1c2yvGLC9GQ,148,1,1723,2,2270,True,x6pHmPmf6Zy1c2yvGLC9GQ
2965,2011,9,363,Bangkok,13.74980254417399,100.4946480699607,R3ZrhhpCxZRqz8Buqsn-mQ,1577,0,1726,4,2274,True,R3ZrhhpCxZRqz8Buqsn-mQ
4186,2019,9,308,Bangkok,13.76322210805051,100.4967398265868,w_KfgHHqcSuq0Num5dv8DA,1578,0,1727,7,2277,True,w_KfgHHqcSuq0Num5dv8DA
129,2011,12,518,Bangkok,13.71630361802437,100.5256444413839,WKr3UYsP3e0biOJjJQ-gaA,30,1,1728,2,2278,True,WKr3UYsP3e0biOJjJQ-gaA
2497,2017,6,620,Bangkok,13.74325319560674,100.5495727224758,INCyVI28iFvVwX9e_n9OOA,545,0,556,6,2282,True,INCyVI28iFvVwX9e_n9OOA
4177,2019,9,419,Bangkok,13.76356455136461,100.4892563962697,uyXS0QgAzUAjxtvhzhc06w,588,0,600,11,2292,True,uyXS0QgAzUAjxtvhzhc06w
2938,2016,11,263,Bangkok,13.7477351072215,100.5524013948132,-Nf91-izItyeucI8lhiidg,1581,0,1733,5,2293,True,-Nf91-izItyeucI8lhiidg
708,2019,9,547,Bangkok,13.72322840595969,100.4977298388255,YTvvGvyinQW0hqgOo_9NhQ,1187,1,1736,3,2298,True,YTvvGvyinQW0hqgOo_9NhQ
2732,2016,8,269,Bangkok,13.74620131536122,100.5187560931063,R2bWzMiWo1nIGiGTnJDtqg,1359,1,1738,1,2300,True,R2bWzMiWo1nIGiGTnJDtqg
318,2017,9,536,Bangkok,13.71836354423256,100.5408252353011,MRwGyq9zE-FIyrrp4JH5-w,1586,0,1740,2,2302,True,MRwGyq9zE-FIyrrp4JH5-w
1318,2018,10,394,Bangkok,13.73021539247256,100.4996816304161,16jeWCpH3OR3XYz5vu2RBQ,1590,0,1744,1,2306,True,16jeWCpH3OR3XYz5vu2RBQ
1916,2019,9,450,Bangkok,13.73712504261995,100.4838550512874,PoJkrVkbdCPbLQb63PYkAw,1594,0,1748,3,2313,True,PoJkrVkbdCPbLQb63PYkAw
1764,2016,11,328,Bangkok,13.73458351246667,100.507682714039,a1mdkBzMEdPo1I20cePnmg,1595,0,1749,2,2314,True,a1mdkBzMEdPo1I20cePnmg
1583,2019,9,414,Bangkok,13.73317813613347,100.50075371234,gzXHqN4ecdipfswXts6GbA,1596,0,1750,6,2316,True,gzXHqN4ecdipfswXts6GbA
2092,2011,9,473,Bangkok,13.73925310190077,100.4878507545493,QkREpAG-_Lfwdn7qxz60AA,1597,0,1751,6,2317,True,QkREpAG-_Lfwdn7qxz60AA
3822,2018,10,200,Bangkok,13.75813355301123,100.563717988325,Hwuflmpw7UYDYf9pzQsGcg,1598,0,1752,4,2318,True,Hwuflmpw7UYDYf9pzQsGcg
2227,2016,10,485,Bangkok,13.74013265956834,100.5394706331612,OBJrO_DUEP6cUi9-qdMDPQ,1387,0,1488,11,2323,True,OBJrO_DUEP6cUi9-qdMDPQ
3607,2020,9,84,Bangkok,13.75624819133199,100.5237041494852,ZV8-_HonEMuWfmw0Q9ZyRQ,1599,0,1754,13,2325,True,ZV8-_HonEMuWfmw0Q9ZyRQ
4282,2018,9,397,Bangkok,13.7643325633528,100.5024184584828,yDn6jcnLLO58Op-Xu1tfew,1600,0,1755,7,2328,True,yDn6jcnLLO58Op-Xu1tfew
4341,2011,12,662,Bangkok,13.76421168627727,100.5587843347427,ouYgRguhznuUNY6Jszl25w,228,1,1757,3,2330,True,ouYgRguhznuUNY6Jszl25w
1039,2018,10,470,Bangkok,13.72622816564438,100.564763216931,N_I_eY_UKvceVa_vrNvzFA,1605,0,1761,1,2334,True,N_I_eY_UKvceVa_vrNvzFA
1609,2019,8,442,Bangkok,13.73356373043834,100.5254717744459,W4n8PWAGebP2Kon6pgqaAw,346,1,679,3,2336,True,W4n8PWAGebP2Kon6pgqaAw
3942,2016,8,397,Bangkok,13.76033446644743,100.5089091292019,CP3tY-YSzcsocJfIxrUbxQ,963,1,1763,2,2338,True,CP3tY-YSzcsocJfIxrUbxQ
3585,2018,9,457,Bangkok,13.75620091335641,100.501671957237,xuriOvatTe9gxONyscdOyQ,1607,0,1764,6,2339,True,xuriOvatTe9gxONyscdOyQ
1918,2020,8,177,Bangkok,13.73729362193803,100.4875253629331,v3uIQPPhUFi7aNJwkg_1ig,420,0,428,6,2345,True,v3uIQPPhUFi7aNJwkg_1ig
1320,2017,5,446,Bangkok,13.73015490339125,100.4958916696644,8QPRrL6bQ-tf4x-SpY_Mbw,1467,1,1765,1,2349,True,8QPRrL6bQ-tf4x-SpY_Mbw
3542,2019,9,548,Bangkok,13.75571839103693,100.5435996744732,aqKbHU8Azi-zRODX8VVWZw,4,0,4,10,2350,True,aqKbHU8Azi-zRODX8VVWZw
2140,2020,8,638,Bangkok,13.73940788854043,100.5349757710432,WGX8M_fT9gEbG8J4vt1x6g,175,0,175,9,2355,True,WGX8M_fT9gEbG8J4vt1x6g
3862,2011,9,534,Bangkok,13.75942432930363,100.5179578134876,IfncXiaToBZgJZLPnCi--w,341,0,346,10,2358,True,IfncXiaToBZgJZLPnCi--w
580,2016,10,644,Bangkok,13.72117463475016,100.5397590931794,AtZXYw6b1pTZSQSVkit0rA,664,1,1768,1,2360,True,AtZXYw6b1pTZSQSVkit0rA
358,2011,9,365,Bangkok,13.71906702254661,100.494295066124,kiH3EUaOq0lM75huvTCMEQ,1611,0,1770,1,2365,True,kiH3EUaOq0lM75huvTCMEQ
263,2018,5,462,Bangkok,13.71822629930873,100.4857658041979,yRkjvp_OItcPG2xkVrZC1Q,1615,0,1774,2,2373,True,yRkjvp_OItcPG2xkVrZC1Q
390,2018,1,443,Bangkok,13.71931372729696,100.525860093999,5rioYJ9mItGe2305HI3-cg,381,1,1775,4,2374,True,5rioYJ9mItGe2305HI3-cg
1012,2016,11,329,Bangkok,13.72620876063317,100.537743453683,41_ubAx653OarWyudQzbTw,1164,1,1779,2,2381,True,41_ubAx653OarWyudQzbTw
3244,2017,6,352,Bangkok,13.752196899728,100.5139358112178,iEnfgjgUureiOWdv8zS6YQ,262,0,263,3,2396,True,iEnfgjgUureiOWdv8zS6YQ
3057,2014,9,387,Bangkok,13.75016467308317,100.4980328171219,Y368BI77NuJphymW8nn6fQ,1083,1,1789,2,2397,True,Y368BI77NuJphymW8nn6fQ
2204,2017,6,366,Bangkok,13.74041936733788,100.5147537395069,87e-hFdfH24AAnrB5ZqAQA,161,1,1791,1,2399,True,87e-hFdfH24AAnrB5ZqAQA
4552,2018,9,504,Bangkok,13.76684532448813,100.5093124876796,LErPHFAaSY5Y2xb73_K1MQ,1626,0,1792,10,2401,True,LErPHFAaSY5Y2xb73_K1MQ
2470,2018,1,503,Bangkok,13.74322177315923,100.515740728703,iaeihS20NEpyZ7mRBT-4PQ,1627,0,1793,6,2402,True,iaeihS20NEpyZ7mRBT-4PQ
927,2020,9,575,Bangkok,13.72511430714516,100.5417422855558,S7C8CceynXJ003Vk2yXJyw,219,0,219,10,2403,True,S7C8CceynXJ003Vk2yXJyw
3906,2020,8,435,Bangkok,13.75921552330145,100.5627025743115,FfQliwOfGZgtHMi4Hpa2tQ,1628,0,1794,2,2404,True,FfQliwOfGZgtHMi4Hpa2tQ
3498,2019,8,276,Bangkok,13.7556641657661,100.5038195219027,HMrqoq0XzYMtq-Ul4z45WA,1630,0,1797,6,2409,True,HMrqoq0XzYMtq-Ul4z45WA
3199,2016,11,292,Bangkok,13.75123605037374,100.5547216296134,NiVvAL5I7KAIZANzaq102w,985,1,1799,9,2414,True,NiVvAL5I7KAIZANzaq102w
1427,2019,5,488,Bangkok,13.73126046245939,100.517667162415,P8o4rFGm78av8iVNST5x1g,686,0,709,5,2421,True,P8o4rFGm78av8iVNST5x1g
2316,2020,8,620,Bangkok,13.74144546494727,100.535282796267,Nxj-Fh0eadfYHz4niuHO0g,9,0,9,9,2439,True,Nxj-Fh0eadfYHz4niuHO0g
309,2019,5,567,Bangkok,13.71835062303534,100.5318059686952,fxDNBqiXNUZ0KdE4mQTV3w,1053,0,1113,9,2442,True,fxDNBqiXNUZ0KdE4mQTV3w
2277,2016,11,639,Bangkok,13.74122449388664,100.4986704976156,bvT6RaTTbUDnZGsX3F2m-A,1644,0,1815,7,2444,True,bvT6RaTTbUDnZGsX3F2m-A
3760,2020,8,57,Bangkok,13.75833276302737,100.5038603390366,cUBrHk65pm_1Ev3NRU1Ong,1645,0,1816,5,2445,True,cUBrHk65pm_1Ev3NRU1Ong
4223,2019,4,278,Bangkok,13.76433735623481,100.5312377241237,qK5Neb338fsUsGxQcQa8Aw,1647,0,1818,3,2448,True,qK5Neb338fsUsGxQcQa8Aw
4461,2017,5,326,Bangkok,13.76622081333807,100.5057718269257,ncB0iFBSaRqtUFfOptLOug,1650,0,1821,5,2454,True,ncB0iFBSaRqtUFfOptLOug
3142,2011,9,167,Bangkok,13.75121021694786,100.4937679847522,De-rJZKbRrOejDu9AFCXuA,993,1,1822,3,2455,True,De-rJZKbRrOejDu9AFCXuA
4242,2017,11,313,Bangkok,13.76319602406955,100.5496893674427,yacAITe8K4krpOsYwDn4UA,1651,0,1823,7,2458,True,yacAITe8K4krpOsYwDn4UA
2230,2017,9,487,Bangkok,13.74038432853649,100.5351246246412,NYLLGW95QJ8-Wee8i8Jz1A,185,0,185,18,2462,True,NYLLGW95QJ8-Wee8i8Jz1A
1075,2019,6,447,Bangkok,13.72745402219721,100.5146902773943,T0PLavsbZ3pPNhtGFIyz_A,1659,0,1831,4,2474,True,T0PLavsbZ3pPNhtGFIyz_A
1308,2020,9,399,Bangkok,13.73039081369634,100.4847756088394,dvhSy24jZamxpsmblohWIA,1661,0,1833,4,2476,True,dvhSy24jZamxpsmblohWIA
359,2011,9,308,Bangkok,13.71910985000666,100.4947022271877,8xo6zwpjGp4cgKjCUXZcqg,649,1,1834,1,2477,True,8xo6zwpjGp4cgKjCUXZcqg
4089,2018,10,401,Bangkok,13.76127975794967,100.5654932993057,XabjgPJrZsn7irNVNNhJZA,226,0,227,5,2478,True,XabjgPJrZsn7irNVNNhJZA
1021,2016,10,231,Bangkok,13.72621554509834,100.5439197474748,EyjOtfZJ7y5UQYcnh9gvMA,1515,0,1646,8,2479,True,EyjOtfZJ7y5UQYcnh9gvMA
1386,2016,11,147,Bangkok,13.73022329645974,100.5639236462877,pmeZjiYPEybH_Y51RwOpEA,949,1,1835,1,2482,True,pmeZjiYPEybH_Y51RwOpEA
58,2020,8,296,Bangkok,13.71703525612241,100.5408068221632,MredCI0kX8xlAcYYY44XOg,1421,1,1836,2,2486,True,MredCI0kX8xlAcYYY44XOg
4388,2020,8,90,Bangkok,13.76506048327951,100.5185904789176,RHM7tdnk8zNlKFVtzSaE7A,929,1,1683,8,2490,True,RHM7tdnk8zNlKFVtzSaE7A
797,2020,9,412,Bangkok,13.72428191084443,100.4976841286466,Us3e5oCZNx4uByGGXI8MQw,580,1,1843,1,2506,True,Us3e5oCZNx4uByGGXI8MQw
2600,2020,9,264,Bangkok,13.74433354788407,100.5623310635571,q0JO9ZDOvrnb7xogGyz9vg,1668,0,1847,7,2512,True,q0JO9ZDOvrnb7xogGyz9vg
1221,2018,10,168,Bangkok,13.72940218860513,100.4854811987638,1cgUx0uCaMr0E1pwPqRAfA,1111,1,1848,2,2515,True,1cgUx0uCaMr0E1pwPqRAfA
4850,2020,8,380,Bangkok,13.77069041430851,100.5528923062033,lWhJ_Q7pj72x2bpoz4Pquw,1357,1,1850,6,2518,True,lWhJ_Q7pj72x2bpoz4Pquw
4810,2016,8,195,Bangkok,13.77030819050993,100.5085172305653,VMH05STM_64J_-OsH9vBng,1671,0,1852,8,2520,True,VMH05STM_64J_-OsH9vBng
584,2019,5,329,Bangkok,13.72171193751957,100.5517437239785,coeHkYXEKbC1Wk-Gg_Z43Q,1674,0,1855,1,2525,True,coeHkYXEKbC1Wk-Gg_Z43Q
4244,2019,5,619,Bangkok,13.76422329232173,100.5527521489335,yRG9zDdrxpUINIZu5LzbqQ,1516,0,1647,4,2533,True,yRG9zDdrxpUINIZu5LzbqQ
2547,2017,6,354,Bangkok,13.74390166948443,100.5060976601213,fXv7XesNKIP2uNcJnV_Gag,1679,0,1861,4,2536,True,fXv7XesNKIP2uNcJnV_Gag
1493,2020,9,634,Bangkok,13.73240481188427,100.4953282954787,AitBQE3MMx-p_4Akbj8cRg,1367,0,1468,7,2537,True,AitBQE3MMx-p_4Akbj8cRg
2073,2016,11,647,Bangkok,13.73830703529619,100.5573679440887,7r9uYXwPIk8tZjCdNsJnnw,1684,0,1866,2,2546,True,7r9uYXwPIk8tZjCdNsJnnw
965,2018,10,242,Bangkok,13.72618579921176,100.4916296777082,X6Q1agSQmFJy_QTsizW72A,1685,0,1867,1,2547,True,X6Q1agSQmFJy_QTsizW72A
553,2017,6,432,Bangkok,13.72098797649324,100.5142954476492,x3xGimWHQ5q2nD1tHjbRTQ,1688,0,1872,5,2553,True,x3xGimWHQ5q2nD1tHjbRTQ
679,2019,5,509,Bangkok,13.72228149436967,100.5537241476929,b8vuGeeP7EVj_uFiK2Sr8Q,1660,0,1832,9,2561,True,b8vuGeeP7EVj_uFiK2Sr8Q
3151,2011,9,596,Bangkok,13.75127105569958,100.5043342818486,1UQJSja9aYCBkvSQxJwVgw,818,1,1878,1,2562,True,1UQJSja9aYCBkvSQxJwVgw
4788,2020,8,252,Bangkok,13.76926325662681,100.5697807648489,i_FWgAD1tY_BK70AmcMTAw,517,1,1194,3,2570,True,i_FWgAD1tY_BK70AmcMTAw
1598,2011,9,315,Bangkok,13.73322143478072,100.5147516342505,JVnhdNelC9RsxvX_3YbJFw,1697,0,1882,3,2572,True,JVnhdNelC9RsxvX_3YbJFw
1099,2017,5,220,Bangkok,13.72729872119812,100.536699795783,wtJXTGnEWgTxPqsHRNqOkg,1698,0,1883,1,2573,True,wtJXTGnEWgTxPqsHRNqOkg
4092,2019,5,165,Bangkok,13.76229452011007,100.4907802314385,WRB8NjppU0Qk7MywF-FULg,1689,0,1873,13,2577,True,WRB8NjppU0Qk7MywF-FULg
1664,2017,11,556,Bangkok,13.73426833740777,100.4948237639456,GvpfLMK4bO_apMb-nsjClQ,1701,0,1887,2,2581,True,GvpfLMK4bO_apMb-nsjClQ
3976,2019,4,364,Bangkok,13.76005192526756,100.5437972377945,BAtV7nMAJJAHnRvnH9m6Pg,1703,0,1889,5,2589,True,BAtV7nMAJJAHnRvnH9m6Pg
392,2017,9,459,Bangkok,13.7191196408716,100.5276139823536,G5C2vtav-9RHtI612f3tQw,1708,0,1896,2,2603,True,G5C2vtav-9RHtI612f3tQw
85,2019,6,322,Bangkok,13.71527149697206,100.5683352529248,i1aKsyLCKXx_eNSctU7rPw,1709,0,1897,1,2605,True,i1aKsyLCKXx_eNSctU7rPw
3700,2018,1,591,Bangkok,13.7571180815958,100.5267272676108,eaBLazljurVYPVXDxLlf6A,1710,0,1898,3,2606,True,eaBLazljurVYPVXDxLlf6A
524,2017,5,347,Bangkok,13.72072271963478,100.4869560036365,XdrFe5n1UFapRE3x854Kvg,1711,0,1899,2,2610,True,XdrFe5n1UFapRE3x854Kvg
4253,2019,4,451,Bangkok,13.76322478742545,100.561589290512,6OynnPeJkcCIcU7gZixKuQ,1535,1,1906,1,2623,True,6OynnPeJkcCIcU7gZixKuQ
2515,2016,11,430,Bangkok,13.74270056704849,100.5606944494258,ggMAbymvsKNbu1w9XESwdQ,1694,1,1909,2,2630,True,ggMAbymvsKNbu1w9XESwdQ
4144,2017,6,462,Bangkok,13.76228433518211,100.5406370368063,8C4etqd1lAxXoEePezkzRw,247,0,248,5,2631,True,8C4etqd1lAxXoEePezkzRw
3337,2018,1,490,Bangkok,13.75350792959073,100.5207649772437,sThdCWFjNnDbxO_-c-V53g,891,0,933,5,2632,True,sThdCWFjNnDbxO_-c-V53g
1664,2017,9,536,Bangkok,13.73428741650523,100.4947573123687,EPqB-Q0aqJck8L1V9kHKcA,1701,1,1910,3,2633,True,EPqB-Q0aqJck8L1V9kHKcA
3964,2016,9,218,Bangkok,13.76019165303072,100.5368826032804,rIty4pUiAIwimaDFT69pEw,1723,0,1914,6,2638,True,rIty4pUiAIwimaDFT69pEw
3463,2018,9,607,Bangkok,13.75516867635591,100.5529627718023,xjADNwGdD2ct1zlpKvuNgg,285,0,286,11,2641,True,xjADNwGdD2ct1zlpKvuNgg
775,2011,12,125,Bangkok,13.72301440609165,100.5619271303994,4Q7kh2BEnQUSnLkeDBSuMQ,1725,0,1917,2,2642,True,4Q7kh2BEnQUSnLkeDBSuMQ
1807,2018,1,527,Bangkok,13.73521097495302,100.5485861963302,4EWN8BTgvaGAWxoJUekGbQ,486,1,692,3,2645,True,4EWN8BTgvaGAWxoJUekGbQ
4643,2011,9,439,Bangkok,13.76824347163644,100.5117702556245,J6oI8XgpWO5A49nCmj4qMg,1730,0,1922,7,2655,True,J6oI8XgpWO5A49nCmj4qMg
88,2011,9,121,Bangkok,13.7161724513763,100.4845804599524,8G_uQLstBhFdXnsRpe-wmA,1735,0,1928,5,2665,True,8G_uQLstBhFdXnsRpe-wmA
407,2017,6,387,Bangkok,13.71927146722939,100.5445987614198,slM7fGiQAjv5P3xv8TL53g,1110,1,1929,2,2666,True,slM7fGiQAjv5P3xv8TL53g
137,2016,10,396,Bangkok,13.71619092502607,100.5336329319633,e4sd2l4KRIvw98-3yJP1lQ,1736,0,1930,1,2667,True,e4sd2l4KRIvw98-3yJP1lQ
2793,2019,8,491,Bangkok,13.74707139214328,100.4905284570497,-CSd4CylOnA2Nzd3Cmo0gw,1205,1,1935,2,2677,True,-CSd4CylOnA2Nzd3Cmo0gw
3534,2017,9,445,Bangkok,13.75603798621778,100.5348639128908,hOP7KFLUKrrmFtXrpmUQxg,1743,0,1938,3,2682,True,hOP7KFLUKrrmFtXrpmUQxg
3056,2020,9,92,Bangkok,13.75007631938221,100.4896534981525,4Zn70-WXCDbEaOlV_fqRxw,18,0,18,6,2683,True,4Zn70-WXCDbEaOlV_fqRxw
1539,2019,10,344,Bangkok,13.73223257346963,100.5477364919047,qty2aviTNEdcYHsnZDoFoA,1508,0,1638,8,2687,True,qty2aviTNEdcYHsnZDoFoA
347,2020,8,217,Bangkok,13.71827711292525,100.5697379248385,ls1hDmROGAka3qzQdvSUDA,1746,0,1941,6,2688,True,ls1hDmROGAka3qzQdvSUDA
1893,2017,11,40,Bangkok,13.73620445079302,100.5515706073615,cdt0CTOOIWoCAAxusC-SDw,954,1,1669,4,2696,True,cdt0CTOOIWoCAAxusC-SDw
2252,2020,8,314,Bangkok,13.74016524958396,100.5601135553156,Ntj8cUGDN2iXmnzr-15usw,892,1,1923,4,2699,True,Ntj8cUGDN2iXmnzr-15usw
3312,2019,8,290,Bangkok,13.7531573087016,100.4937731632183,CBsEzvDWNUoCYIb6P3K5Ug,1043,0,1101,5,2711,True,CBsEzvDWNUoCYIb6P3K5Ug
2098,2020,8,646,Bangkok,13.73871629686266,100.4959784450578,CmzOUkANDHL1gu9rH4nwAw,272,1,1953,2,2713,True,CmzOUkANDHL1gu9rH4nwAw
760,2020,8,220,Bangkok,13.72307244343857,100.5500248973475,HOaKZYPkZ04l8HDCQAp2Ag,1762,0,1965,2,2729,True,HOaKZYPkZ04l8HDCQAp2Ag
3892,2017,6,153,Bangkok,13.75924906607607,100.5466919806229,zMldzo6cfZWg854jdgVNkA,1032,1,1970,3,2738,True,zMldzo6cfZWg854jdgVNkA
2878,2016,8,528,Bangkok,13.74826386009185,100.490049376388,oe5wqvh9F6bC21IY6Q3UAg,484,1,1971,1,2739,True,oe5wqvh9F6bC21IY6Q3UAg
3622,2017,6,356,Bangkok,13.75642699731101,100.5363112764017,D8hLWNtw2oQ-disgimBKkg,281,0,282,4,2740,True,D8hLWNtw2oQ-disgimBKkg
4694,2020,8,355,Bangkok,13.76831083395458,100.5674915122898,FIrgwEDbjKUoxKRHWzRAjA,1767,0,1973,2,2744,True,FIrgwEDbjKUoxKRHWzRAjA
3023,2019,4,483,Bangkok,13.74951851765846,100.5436501468201,wFv2ADnMPF5Gsm2jK3FZAw,1771,0,1977,4,2757,True,wFv2ADnMPF5Gsm2jK3FZAw
4269,2016,11,417,Bangkok,13.76407048541696,100.4877540558789,9H7Rn3D0Q-CaXw-q1lnEfQ,1773,0,1979,1,2759,True,9H7Rn3D0Q-CaXw-q1lnEfQ
4134,2020,8,175,Bangkok,13.76049423446234,100.5288821084101,QSgjoXvkKKnwt-iu2szncw,1778,0,1985,11,2769,True,QSgjoXvkKKnwt-iu2szncw
1858,2018,1,375,Bangkok,13.73633172609331,100.5167304382431,hq533rmSv-7AGpt2pdr6rQ,836,1,1989,1,2778,True,hq533rmSv-7AGpt2pdr6rQ
4236,2014,12,612,Bangkok,13.76330232596394,100.537481745,WinVPZiKLcQFV50-EtqrPw,105,0,105,9,2781,True,WinVPZiKLcQFV50-EtqrPw
51,2019,5,261,Bangkok,13.7152108125123,100.5347676465618,uYKg-yn5tn23AabOBHrH0g,1079,1,1992,2,2782,True,uYKg-yn5tn23AabOBHrH0g
4440,2020,8,281,Bangkok,13.76637196434473,100.4886192091721,ce6tm2NtMlq5KrhwaxAycQ,291,0,292,4,2787,True,ce6tm2NtMlq5KrhwaxAycQ
4421,2019,5,164,Bangkok,13.76525828752663,100.5536820277462,YgeZzQsTy2ehPlNh6srB4g,1789,0,1998,3,2791,True,YgeZzQsTy2ehPlNh6srB4g
351,2018,10,516,Bangkok,13.71917888769934,100.4867210730528,OIQd0uaTd95_iL3xKA2x3Q,1355,0,1454,15,2794,True,OIQd0uaTd95_iL3xKA2x3Q
594,2011,12,339,Bangkok,13.72094876876583,100.5575937802958,xXwXuyCL5Ucz1uRwlPTr1g,1349,0,1448,12,2797,True,xXwXuyCL5Ucz1uRwlPTr1g
1465,2018,9,330,Bangkok,13.73133193593835,100.5596752569116,1TKW9PcOCQIP7knt-5Utqw,1792,0,2001,11,2798,True,1TKW9PcOCQIP7knt-5Utqw
487,2011,12,318,Bangkok,13.72111972116247,100.5343477301434,IFX09x-wDs9SZiKDsMnZuA,1795,0,2004,1,2803,True,IFX09x-wDs9SZiKDsMnZuA
2858,2018,1,679,Bangkok,13.7472312539561,100.5563423695882,o9pxUvBJ7USMHa9ND53NJg,1682,1,2005,3,2805,True,o9pxUvBJ7USMHa9ND53NJg
1690,2011,9,513,Bangkok,13.73425949933227,100.5156276338099,LoPKvipBxj6RPWGcDbAlZA,1797,0,2007,2,2808,True,LoPKvipBxj6RPWGcDbAlZA
85,2020,8,389,Bangkok,13.71526536025674,100.5683533098252,LlKoXJ0SeYCMv6kT_-U1FA,1709,1,2008,2,2809,True,LlKoXJ0SeYCMv6kT_-U1FA
3374,2011,9,308,Bangkok,13.75234041155099,100.5525351562291,0oUN6x2HBs2O5PT6eF1aUQ,428,2,2010,10,2814,True,0oUN6x2HBs2O5PT6eF1aUQ
719,2017,9,330,Bangkok,13.72316876275947,100.5087122494833,AgDMXr5UV0WS5lSkoENNXg,1799,0,2012,5,2817,True,AgDMXr5UV0WS5lSkoENNXg
3692,2018,7,412,Bangkok,13.75708036603656,100.5247564239391,i59QR3fYiFA5-QgEywSQ8Q,1023,1,2013,1,2819,True,i59QR3fYiFA5-QgEywSQ8Q
606,2011,12,415,Bangkok,13.72117069579518,100.5688395900383,apZnBwZ3-97YD5wh1ZYjOA,1541,1,2014,5,2820,True,apZnBwZ3-97YD5wh1ZYjOA
2741,2017,9,431,Bangkok,13.74620144735991,100.5247576988691,bmcAiZA6KkI_M8rJkTz6Lg,1800,0,2015,2,2822,True,bmcAiZA6KkI_M8rJkTz6Lg
3728,2020,8,513,Bangkok,13.75713960827721,100.5568014647974,TXxG5d5ynsueIxO3CyPESw,801,0,834,5,2829,True,TXxG5d5ynsueIxO3CyPESw
2463,2011,9,484,Bangkok,13.74322721042974,100.5076434496531,eDSsummAUO8s3pnJKksKxg,1806,0,2021,5,2830,True,eDSsummAUO8s3pnJKksKxg
489,2011,12,455,Bangkok,13.72068056437762,100.5333549416544,YI1Xo5QjItZjyYJJg8C_wA,1809,0,2024,5,2834,True,YI1Xo5QjItZjyYJJg8C_wA
2355,2017,5,428,Bangkok,13.74220937616166,100.4876907116892,Asps8VFU8XiCyxw0mhq_cg,782,0,813,11,2840,True,Asps8VFU8XiCyxw0mhq_cg
3112,2019,5,252,Bangkok,13.74988101276004,100.5507694792911,4yBrO_XUyTyU7uJVY9x7zA,337,0,342,11,2843,True,4yBrO_XUyTyU7uJVY9x7zA
518,2020,8,240,Bangkok,13.71993937151456,100.5704748639605,yYsmnYjuwTfMD8arnV0MKw,1606,0,1762,4,2847,True,yYsmnYjuwTfMD8arnV0MKw
2879,2017,11,437,Bangkok,13.7470029682442,100.4921582283332,pVjbj3nxi1MEClrE84VzwQ,1812,0,2028,2,2848,True,pVjbj3nxi1MEClrE84VzwQ
4523,2018,10,100,Bangkok,13.76611541588231,100.5656681564538,zACwF0Q6fxkudkvH4BcZ3A,1815,0,2031,2,2852,True,zACwF0Q6fxkudkvH4BcZ3A
1675,2016,11,52,Bangkok,13.73425975843529,100.5027220588588,zL5D0w1y8r4RwUt1wHOLFQ,348,1,2036,1,2859,True,zL5D0w1y8r4RwUt1wHOLFQ
3784,2011,9,409,Bangkok,13.75779639720517,100.5286248364139,Z13-qMmxTmJ3qD35EyxU8A,1820,0,2038,1,2862,True,Z13-qMmxTmJ3qD35EyxU8A
324,2020,8,529,Bangkok,13.71788235895457,100.5468481876475,OQqIXQD3zT_sa_DdAq13ig,1826,0,2044,4,2880,True,OQqIXQD3zT_sa_DdAq13ig
395,2020,8,328,Bangkok,13.71939226073707,100.5305968011481,yhQK6uMABSPVtm7N5ryM4w,943,1,2046,1,2884,True,yhQK6uMABSPVtm7N5ryM4w
1013,2016,11,444,Bangkok,13.72616153461522,100.5397403449176,CrXqfOweaTE1ckV2b96cZQ,1828,0,2047,5,2886,True,CrXqfOweaTE1ckV2b96cZQ
2821,2019,5,307,Bangkok,13.74680858169024,100.5215837311618,Ja806qMUKH7sVeo4e96-dg,154,0,154,5,2889,True,Ja806qMUKH7sVeo4e96-dg
648,2018,9,279,Bangkok,13.72211540551909,100.5221365971446,WuzZQ8kNuhqyHjbQoPnSjw,736,1,2048,1,2892,True,WuzZQ8kNuhqyHjbQoPnSjw
2961,2011,12,315,Bangkok,13.74823056758796,100.5696873139536,0oYVCT8PqrqG13phmlSyDw,1700,0,1886,10,2895,True,0oYVCT8PqrqG13phmlSyDw
3643,2016,9,485,Bangkok,13.75637992810588,100.559734428879,RzdZ--ReDR7-mi9udxLiiA,1831,0,2051,12,2896,True,RzdZ--ReDR7-mi9udxLiiA
1865,2017,9,696,Bangkok,13.73623364010382,100.5217466915642,v6pdUpiPFuv-zoeKVDnmrA,734,0,761,11,2900,True,v6pdUpiPFuv-zoeKVDnmrA
3138,2019,8,448,Bangkok,13.75124100484283,100.489459018638,mV79vLAhNvnW-j3VlP3FFA,1282,0,1372,3,2902,True,mV79vLAhNvnW-j3VlP3FFA
4493,2017,6,187,Bangkok,13.76610282234862,100.5429645439188,OKSEhkr7Cnj7FlR76fm5mA,1049,0,1108,6,2910,True,OKSEhkr7Cnj7FlR76fm5mA
4590,2019,4,215,Bangkok,13.7673248368332,100.5445115311105,lvpmV_0jEaucg9tY-eDxzQ,255,0,256,5,2913,True,lvpmV_0jEaucg9tY-eDxzQ
3306,2019,5,354,Bangkok,13.75292989460676,100.485690208308,aMNsSGPiLq9H_tENZEBJrQ,89,0,89,10,2914,True,aMNsSGPiLq9H_tENZEBJrQ
642,2019,9,362,Bangkok,13.72198084052926,100.5114018162414,AHfIvkR_BIUhz09cEIfZtQ,1838,0,2060,1,2920,True,AHfIvkR_BIUhz09cEIfZtQ
2251,2018,10,346,Bangkok,13.73998213338955,100.5647771648489,Gsty4qIFodslZWx3i4BetA,1839,0,2061,3,2921,True,Gsty4qIFodslZWx3i4BetA
2194,2020,9,358,Bangkok,13.7401771835449,100.5027645364926,hBcgr2ItlbEILoz1UIs27w,552,0,563,6,2922,True,hBcgr2ItlbEILoz1UIs27w
2804,2018,9,442,Bangkok,13.74717291568228,100.5087367405158,iNtCUqTs_LWMvHJoFYkGwA,1842,0,2065,6,2929,True,iNtCUqTs_LWMvHJoFYkGwA
4786,2018,2,411,Bangkok,13.77023765233047,100.4876106478981,sjY_2vTXhxWIDG-fQ3dwyw,825,0,862,11,2930,True,sjY_2vTXhxWIDG-fQ3dwyw
4429,2020,8,660,Bangkok,13.76521763296618,100.5629121731109,__r7MbQLvsD4J2RfHjZpiw,1843,0,2067,4,2932,True,__r7MbQLvsD4J2RfHjZpiw
2574,2017,11,510,Bangkok,13.74507983918266,100.5368420028993,li_Rj4xld1rf5_9Q2Ncodw,1442,0,1554,13,2937,True,li_Rj4xld1rf5_9Q2Ncodw
1946,2011,9,178,Bangkok,13.73738409574966,100.518754149524,IfWtovGECuUB39Klr7AVXA,1846,0,2070,3,2941,True,IfWtovGECuUB39Klr7AVXA
4694,2018,9,408,Bangkok,13.76832001634932,100.5674806622487,b3Aomi8RZEiGsmk590VCUg,1767,1,2075,2,2950,True,b3Aomi8RZEiGsmk590VCUg
3422,2017,6,272,Bangkok,13.75412551126486,100.5137403610063,-WLZz__j4sN6OwSmsydrKw,1857,0,2086,6,2970,True,-WLZz__j4sN6OwSmsydrKw
2307,2017,6,530,Bangkok,13.74120083265182,100.5256290561698,gZOSTgCwpVPuURM2wEH55Q,1858,0,2087,8,2971,True,gZOSTgCwpVPuURM2wEH55Q
1423,2017,11,288,Bangkok,13.73120528634506,100.5096432268031,_BQN_4VMl24OQTsr9I0e0A,1740,0,1934,3,2975,True,_BQN_4VMl24OQTsr9I0e0A
2918,2017,6,526,Bangkok,13.74815723498506,100.5309579079436,gNSTyo6dFieohptxNjMOlA,480,0,489,12,2980,True,gNSTyo6dFieohptxNjMOlA
394,2018,1,429,Bangkok,13.71929371467465,100.529788079354,P-M-2wxLnudditu9QFw6Wg,1862,0,2091,1,2982,True,P-M-2wxLnudditu9QFw6Wg
184,2017,5,337,Bangkok,13.71716838298894,100.4937755991094,vE_36QgedWFO1CVb6eZLqQ,47,1,2093,2,2987,True,vE_36QgedWFO1CVb6eZLqQ
610,2018,3,251,Bangkok,13.72097943101226,100.5675028897521,desMxA9f6CWZQiEsRN0-wg,66,0,66,7,2989,True,desMxA9f6CWZQiEsRN0-wg
4402,2017,6,311,Bangkok,13.76519802613623,100.5327672827053,ZxnqKhKl8AfAVIx7a8dL7g,1865,0,2096,1,3004,True,ZxnqKhKl8AfAVIx7a8dL7g
4373,2011,9,663,Bangkok,13.76532089921945,100.5047233472885,fVZFXK5QO-eZm5eeS3QP1Q,1871,0,2103,2,3021,True,fVZFXK5QO-eZm5eeS3QP1Q
4787,2017,11,188,Bangkok,13.77000232262198,100.4869984936483,rBSlKsnnjRswlVGxGGHdOw,1392,0,1493,14,3024,True,rBSlKsnnjRswlVGxGGHdOw
4399,2019,4,159,Bangkok,13.76476556153133,100.5325323302856,BxYBe7rZVyDzx3iKPO44jg,436,1,2106,2,3027,True,BxYBe7rZVyDzx3iKPO44jg
3162,2017,6,513,Bangkok,13.75128761906844,100.513588252171,K1rtgYzyP35ItY8agbt1bg,1874,0,2108,3,3037,True,K1rtgYzyP35ItY8agbt1bg
369,2017,5,257,Bangkok,13.7190895874448,100.5046589411668,kivvQ1iVEC-dYQHHvqRMhQ,1875,0,2109,2,3038,True,kivvQ1iVEC-dYQHHvqRMhQ
4363,2018,11,456,Bangkok,13.7650010610326,100.4908556253965,p5LTltfAe3sC4J1Vu-4khA,1878,0,2112,2,3043,True,p5LTltfAe3sC4J1Vu-4khA
4303,2016,8,383,Bangkok,13.76373499116514,100.5215324671056,yeVzAAXkH6kQKhChfWC_ew,74,0,74,9,3046,True,yeVzAAXkH6kQKhChfWC_ew
545,2019,5,113,Bangkok,13.72090445564811,100.5066516875159,E9FN8TqjknkMQf3BZOqURA,1880,0,2115,6,3049,True,E9FN8TqjknkMQf3BZOqURA
3828,2011,9,425,Bangkok,13.75949347965671,100.4838022782785,IsFNOS6P0de9N3FH_El6pQ,1029,1,2116,1,3052,True,IsFNOS6P0de9N3FH_El6pQ
2599,2018,10,154,Bangkok,13.74395264319213,100.5638145635768,g_yl_7o-YIORCWP_kEcnSA,1882,0,2118,3,3054,True,g_yl_7o-YIORCWP_kEcnSA
665,2016,11,541,Bangkok,13.72160887918016,100.5428800655005,sqmJdnN_oOAGYmWuryct-w,1883,0,2119,5,3055,True,sqmJdnN_oOAGYmWuryct-w
517,2017,5,44,Bangkok,13.72141298147039,100.483875570592,0Aw4dkqVbggFFqdEQv4WjQ,1884,0,2120,6,3058,True,0Aw4dkqVbggFFqdEQv4WjQ
1938,2019,8,458,Bangkok,13.73680168234028,100.5120393387286,pCOTpQHG0w1KHncVqGUClQ,1889,0,2125,6,3067,True,pCOTpQHG0w1KHncVqGUClQ
992,2018,9,158,Bangkok,13.7261451515358,100.5225957252046,k5z8_NuyWoEbSXeUZhSEbQ,1890,0,2126,5,3069,True,k5z8_NuyWoEbSXeUZhSEbQ
4498,2019,4,672,Bangkok,13.76618487405725,100.5438728714756,AGOxmP8uvA8MJZzpPoISFQ,1891,0,2127,2,3074,True,AGOxmP8uvA8MJZzpPoISFQ
1825,2019,5,236,Bangkok,13.73525116909843,100.569920248405,9mCBof1yW28n0z619LEYUg,1058,0,1118,4,3076,True,9mCBof1yW28n0z619LEYUg
3043,2020,9,263,Bangkok,13.74935262679726,100.5667653212465,6F80VbXzsMEjqVuxLuk1vw,1893,0,2129,9,3077,True,6F80VbXzsMEjqVuxLuk1vw
1848,2011,9,362,Bangkok,13.73601233985379,100.5017920013614,ByscyMz9nVNr3q2MHg72Ig,1894,0,2130,2,3079,True,ByscyMz9nVNr3q2MHg72Ig
1808,2019,5,123,Bangkok,13.73520857077444,100.5516796994648,DZSM2WrzodWKd0U3xgyPUg,1895,0,2131,4,3080,True,DZSM2WrzodWKd0U3xgyPUg
316,2011,12,205,Bangkok,13.71808229547747,100.5388342024471,ttt3USufK4zdt43tABMMBA,1503,1,2135,1,3087,True,ttt3USufK4zdt43tABMMBA
4017,2011,9,258,Bangkok,13.76119785044502,100.500871356453,iP4v3cvdltcMBd2TGnE5tw,1261,1,2139,1,3093,True,iP4v3cvdltcMBd2TGnE5tw
145,2017,9,357,Bangkok,13.71723160089995,100.5412347514505,psviBWctBYWnO-ibcltScg,1402,0,1509,5,3107,True,psviBWctBYWnO-ibcltScg
586,2017,9,454,Bangkok,13.72153264575232,100.5483046284627,AcWasbBHf5NmhWtFdFkLcA,1902,0,2143,6,3108,True,AcWasbBHf5NmhWtFdFkLcA
3519,2019,5,419,Bangkok,13.75537793342273,100.5227974272517,kSQ4OsTAW1dP4uEXj4ABcw,1904,0,2145,1,3113,True,kSQ4OsTAW1dP4uEXj4ABcw
519,2020,8,427,Bangkok,13.72052047913526,100.5679940324339,48HECU__a4HJiE1f0oi7Bg,497,0,507,7,3114,True,48HECU__a4HJiE1f0oi7Bg
4556,2017,6,423,Bangkok,13.76683543991495,100.5145267321016,HTUVva6SFICgBBhU-BeW7w,1150,0,1219,7,3117,True,HTUVva6SFICgBBhU-BeW7w
2337,2020,8,490,Bangkok,13.74119132026097,100.5602634578556,vvPrN47OGICZCctn7lJ0Qw,1905,0,2146,2,3119,True,vvPrN47OGICZCctn7lJ0Qw
3194,2019,9,200,Bangkok,13.75107722646458,100.5470852424611,hgb44mcZcqXs6eoRjfGOcA,1906,0,2147,4,3120,True,hgb44mcZcqXs6eoRjfGOcA
792,2018,10,418,Bangkok,13.7244356635387,100.4916766366587,NSW94Wc96VUqtgwqUwXLGw,1327,1,2148,1,3121,True,NSW94Wc96VUqtgwqUwXLGw
2718,2018,1,454,Bangkok,13.74612353693859,100.5097996687304,K6-83a9HFUFuQeyc8gabIg,1907,0,2149,1,3124,True,K6-83a9HFUFuQeyc8gabIg
1919,2018,2,393,Bangkok,13.73741768478562,100.4918300943965,IT72p1khuwe-RcGdl8FvyQ,1070,0,1131,10,3126,True,IT72p1khuwe-RcGdl8FvyQ
2687,2016,11,300,Bangkok,13.74498955397405,100.5576956901196,V9Ft4nb22noKgpvnrNcxYg,1908,0,2150,6,3129,True,V9Ft4nb22noKgpvnrNcxYg
3445,2018,10,363,Bangkok,13.7540550788837,100.5352590828836,O6jaOxG_C1W3sKdvkArHoA,1909,0,2151,7,3132,True,O6jaOxG_C1W3sKdvkArHoA
1088,2020,9,278,Bangkok,13.72725538896433,100.5278048391865,GhzvKCxTMSGYeHF2SdjF_A,1381,0,1482,10,3143,True,GhzvKCxTMSGYeHF2SdjF_A
1911,2018,6,291,Bangkok,13.73736741796579,100.4858238760082,pYY1m_JV4aP88pi9UUvd-A,23,0,23,8,3145,True,pYY1m_JV4aP88pi9UUvd-A
1044,2020,9,359,Bangkok,13.72771970076304,100.4838827263938,pRhrslAi3lrRpdoS9EXibA,1915,0,2157,10,3150,True,pRhrslAi3lrRpdoS9EXibA
1278,2016,11,328,Bangkok,13.72889137210693,100.5457511328505,ehUumFpnRfcAK__OnP1BJg,1916,0,2158,8,3151,True,ehUumFpnRfcAK__OnP1BJg
3483,2020,9,274,Bangkok,13.7542310957239,100.5697362146017,WpvNjGS618bGDoK5EqN54g,1917,0,2159,5,3153,True,WpvNjGS618bGDoK5EqN54g
2593,2017,6,612,Bangkok,13.74424829117944,100.5553990965683,svwT0lXroH2WV1u6RwpwnQ,1919,0,2161,8,3155,True,svwT0lXroH2WV1u6RwpwnQ
4781,2018,9,473,Bangkok,13.7692202864543,100.5666687820522,FKz0OahsKeiPWAaLw5ayRA,1920,0,2162,3,3156,True,FKz0OahsKeiPWAaLw5ayRA
1124,2019,6,382,Bangkok,13.7272860221324,100.5660208894979,zPu31nv5_Ul7943cQ7dcCQ,1921,0,2163,2,3161,True,zPu31nv5_Ul7943cQ7dcCQ
319,2020,8,334,Bangkok,13.71800768788166,100.5413265942005,IgE0ID_g_Wd62mixqXlWJw,866,1,2164,2,3163,True,IgE0ID_g_Wd62mixqXlWJw
4503,2012,3,492,Bangkok,13.76618695550255,100.5487618388117,PAG-CtLnzt8usTS_ck4cIg,1447,0,1560,11,3176,True,PAG-CtLnzt8usTS_ck4cIg
1257,2019,8,209,Bangkok,13.72921430844976,100.5227648007395,MKy7nI7iGwTR2QwR3T-QhA,1721,1,2168,1,3178,True,MKy7nI7iGwTR2QwR3T-QhA
1163,2019,8,483,Bangkok,13.72851931637075,100.5145577420065,i_CcovuUOfZZMsds7rC9sw,1929,0,2176,7,3197,True,i_CcovuUOfZZMsds7rC9sw
4419,2017,6,441,Bangkok,13.76504896657141,100.5531937588381,ujbk2ThoTDAlrC1e_umPJQ,1930,0,2177,2,3202,True,ujbk2ThoTDAlrC1e_umPJQ
1892,2018,1,194,Bangkok,13.73621563640972,100.5498514396384,XKvAPY2fQWkGRjIqeb38rw,1757,0,1958,7,3207,True,XKvAPY2fQWkGRjIqeb38rw
1024,2018,9,473,Bangkok,13.72626732608775,100.5503323125628,4EA4ZycMfOyFq5JuU7EBdg,50,1,2178,2,3208,True,4EA4ZycMfOyFq5JuU7EBdg
742,2017,10,478,Bangkok,13.7231039680572,100.5258161212391,5FiY-rknRHgbCiyffJ2vcw,1931,0,2179,5,3213,True,5FiY-rknRHgbCiyffJ2vcw
2969,2016,8,323,Bangkok,13.74876833440886,100.489925538933,pflFXH2oMfmLouSn_jKXsw,533,1,2180,2,3215,True,pflFXH2oMfmLouSn_jKXsw
451,2016,11,127,Bangkok,13.72005791387689,100.4997310863821,2JWivPith-fmHM2-SLOAiQ,1925,1,2181,3,3218,True,2JWivPith-fmHM2-SLOAiQ
4781,2017,6,658,Bangkok,13.76921515778732,100.5666715261647,H65DCM6eRA0wjetyDyxbOA,1920,1,2182,2,3219,True,H65DCM6eRA0wjetyDyxbOA
2175,2018,2,536,Bangkok,13.73900186622012,100.5687206394338,xnPlyGADYLCD_iDA9Yo8kA,787,1,2183,2,3221,True,xnPlyGADYLCD_iDA9Yo8kA
139,2017,9,240,Bangkok,13.71634472728226,100.5359062566979,8mUmGXcSbksWolB3VbXRcQ,1020,1,2187,1,3227,True,8mUmGXcSbksWolB3VbXRcQ
1017,2018,9,19,Bangkok,13.72617647012969,100.5487531620012,CJth-qmsDa_r4vBCso_bcg,1430,2,2191,5,3235,True,CJth-qmsDa_r4vBCso_bcg
1318,2019,5,228,Bangkok,13.73020433020734,100.4996964438505,BnC1FgqzBi4UpGhof8esHQ,1590,1,2193,2,3239,True,BnC1FgqzBi4UpGhof8esHQ
3125,2018,10,72,Bangkok,13.75007166480181,100.5647385921622,YCI8t3EnE8MIM4wMNfdcDg,1940,0,2195,6,3246,True,YCI8t3EnE8MIM4wMNfdcDg
1415,2017,9,390,Bangkok,13.73084882285338,100.5065665404543,8eBqhAv3zM2th629QE1j0Q,1373,0,1474,4,3253,True,8eBqhAv3zM2th629QE1j0Q
2705,2019,8,409,Bangkok,13.74621930389796,100.4961005026519,GKJHtclbG_2jiEb4I3mlow,1942,0,2198,8,3260,True,GKJHtclbG_2jiEb4I3mlow
3262,2017,11,413,Bangkok,13.7522086773456,100.527700071822,quph1Jy1cF2swLRa9LNsew,1539,0,1677,9,3265,True,quph1Jy1cF2swLRa9LNsew
82,2020,8,657,Bangkok,13.71527183173719,100.56559989306,-D_lQFTWzxQralRMYrvr1g,360,0,365,6,3269,True,-D_lQFTWzxQralRMYrvr1g
1734,2019,9,479,Bangkok,13.73437749205638,100.5663840171651,3LJ29KJSJKw3vvMIJEwmzQ,1253,1,2205,1,3275,True,3LJ29KJSJKw3vvMIJEwmzQ
4140,2017,6,406,Bangkok,13.76221279070814,100.5357623053426,Y-Hnu1gcwQBlKakg_xrp-g,1951,0,2210,2,3292,True,Y-Hnu1gcwQBlKakg_xrp-g
3785,2018,7,425,Bangkok,13.758255487255,100.5267919355875,syBFODhOG9OAwB3nieOScQ,1954,0,2214,2,3296,True,syBFODhOG9OAwB3nieOScQ
1375,2017,9,222,Bangkok,13.73019161253174,100.5502029093338,rd9kX48BVtpM1AqtcbiYLw,174,1,2216,4,3299,True,rd9kX48BVtpM1AqtcbiYLw
220,2011,12,568,Bangkok,13.7169879396025,100.5297496761436,O2pK-AeIzJ7k6xei0SUByg,1962,0,2224,1,3311,True,O2pK-AeIzJ7k6xei0SUByg
109,2016,11,435,Bangkok,13.71648606511254,100.5058384635628,AgVM5PtEl8_gYmPJuluJwg,1013,0,1066,5,3312,True,AgVM5PtEl8_gYmPJuluJwg
576,2019,5,618,Bangkok,13.72140667490164,100.5326340101479,uGv2YbaZsf_Goa7A2rQ3MA,1965,0,2228,1,3321,True,uGv2YbaZsf_Goa7A2rQ3MA
2861,2017,6,428,Bangkok,13.74717763581671,100.559089542234,IpsNJbX01tog6U05exQ-Xw,238,0,239,5,3322,True,IpsNJbX01tog6U05exQ-Xw
2549,2011,9,575,Bangkok,13.7441642957934,100.5096019592087,raXRPVo1Q5s6tMav2g9lqg,609,0,622,4,3325,True,raXRPVo1Q5s6tMav2g9lqg
447,2011,9,310,Bangkok,13.72028457783971,100.4967601861768,WrKWJwn0PdvTMJxrL_3jDA,1969,0,2234,4,3331,True,WrKWJwn0PdvTMJxrL_3jDA
1629,2020,9,335,Bangkok,13.7332520268428,100.5456590964569,xODuovifPpLsBcwFiI3VNQ,1970,0,2235,11,3332,True,xODuovifPpLsBcwFiI3VNQ
3495,2020,9,508,Bangkok,13.75533726109033,100.4943210141324,f3PX-gYFss4KBcLBd3XkXQ,1971,0,2236,8,3333,True,f3PX-gYFss4KBcLBd3XkXQ
1598,2018,9,495,Bangkok,13.73321496880066,100.5147919127476,xMm-hTREUqKnQvYyKsqyQQ,1697,1,2240,2,3339,True,xMm-hTREUqKnQvYyKsqyQQ
3705,2017,11,332,Bangkok,13.7574668899714,100.5357705401823,_AGEwcqYIYKzNbLRE7Q_Og,846,0,885,11,3340,True,_AGEwcqYIYKzNbLRE7Q_Og
4398,2020,9,387,Bangkok,13.76624334477257,100.5352204491794,5UYae3mVo_Yg1I9yEy4bzg,1976,0,2243,14,3345,True,5UYae3mVo_Yg1I9yEy4bzg
4225,2018,10,383,Bangkok,13.76393687634102,100.5320847158453,2lN2331UpvQMse6r6YokYw,135,1,2246,2,3351,True,2lN2331UpvQMse6r6YokYw
99,2019,8,351,Bangkok,13.71633070139711,100.4957029841713,ecQdyWBzN1VbOZmw8jdxaA,1978,0,2247,1,3353,True,ecQdyWBzN1VbOZmw8jdxaA
4487,2011,9,400,Bangkok,13.76563563082064,100.5330292808889,Q3jHV2QAcmbIOy5VFigCvA,1201,2,2248,4,3354,True,Q3jHV2QAcmbIOy5VFigCvA
520,2018,3,163,Bangkok,13.72034990550156,100.5657529503358,JOw-uqa2CjSFVE2NdsQmRA,1979,0,2250,2,3357,True,JOw-uqa2CjSFVE2NdsQmRA
847,2011,12,323,Bangkok,13.72372177832504,100.5458018422774,OYMrys1JNF4UzjLeKMogFg,1983,0,2254,2,3361,True,OYMrys1JNF4UzjLeKMogFg
2642,2020,8,544,Bangkok,13.74521818029226,100.5164898984884,gKeMC0TEkXSd8wzDo_CTdQ,1475,1,2255,3,3363,True,gKeMC0TEkXSd8wzDo_CTdQ
2876,2018,10,338,Bangkok,13.74803219875561,100.4842987258587,RnP9DIGZE50RPn-Nswy0xA,42,0,42,10,3364,True,RnP9DIGZE50RPn-Nswy0xA
2342,2018,1,504,Bangkok,13.74123643051733,100.5586353831951,BQByBHQN5-VZ2FixQQCs-A,204,0,204,9,3377,True,BQByBHQN5-VZ2FixQQCs-A
1494,2019,5,135,Bangkok,13.73221606702399,100.4996847317612,Pahmm1cT5do_2NXhMRW3OQ,251,1,2260,1,3378,True,Pahmm1cT5do_2NXhMRW3OQ
2030,2019,5,473,Bangkok,13.73826596597465,100.510707236451,faxiI9QZqj1KXgL3uYZ1Qw,1987,0,2261,1,3380,True,faxiI9QZqj1KXgL3uYZ1Qw
3049,2017,11,222,Bangkok,13.75050355609892,100.4895939233218,dJiGuN_WZyRn9ioFKFzWKw,1209,1,2263,1,3382,True,dJiGuN_WZyRn9ioFKFzWKw
3368,2019,6,563,Bangkok,13.75315876466505,100.5447168229732,PN0YSlKhAp0q5gh-czXuiw,1465,0,1584,8,3386,True,PN0YSlKhAp0q5gh-czXuiw
3553,2017,6,167,Bangkok,13.75531308462877,100.5547943924547,a5GPWjed9C4CDs52tbECOg,1593,0,1747,4,3408,True,a5GPWjed9C4CDs52tbECOg
2076,2019,9,173,Bangkok,13.73820775534348,100.5559153566177,LWwZuh4H7Q0tU8X7gaAlhQ,312,1,2273,1,3411,True,LWwZuh4H7Q0tU8X7gaAlhQ
639,2018,9,256,Bangkok,13.7218459486782,100.514578738859,bTuCKl91ZCjlcaqZ8-4Omw,724,1,2275,1,3416,True,bTuCKl91ZCjlcaqZ8-4Omw
4081,2020,8,271,Bangkok,13.76105753592969,100.5626403213903,WmBXMPAhg_4nC7801aGskQ,1997,0,2276,3,3420,True,WmBXMPAhg_4nC7801aGskQ
1808,2020,9,314,Bangkok,13.73520967638711,100.5516521576823,pA1c9za2vEHi4fbJSI0hgA,1895,1,2279,5,3423,True,pA1c9za2vEHi4fbJSI0hgA
888,2017,9,77,Bangkok,13.72520731647434,100.5018094341524,fxv6jQ8inivbN271qzJtHA,2000,0,2280,1,3424,True,fxv6jQ8inivbN271qzJtHA
2429,2016,10,452,Bangkok,13.74229093048552,100.5635781859018,edNEf0LRNDZRR3qsSs8tog,2003,0,2283,5,3436,True,edNEf0LRNDZRR3qsSs8tog
2430,2017,6,318,Bangkok,13.74220653849158,100.5603778158337,MLF0vmIq-KIRKYQbDpe4Iw,812,0,848,6,3440,True,MLF0vmIq-KIRKYQbDpe4Iw
778,2018,10,525,Bangkok,13.72347516858537,100.565604942638,_z2WO1-esD-42pcbFGfhHg,2005,0,2287,2,3444,True,_z2WO1-esD-42pcbFGfhHg
2581,2020,8,346,Bangkok,13.74424847811182,100.5417178652721,sdavXbulsY-KD2OWjWy_oA,976,0,1028,12,3445,True,sdavXbulsY-KD2OWjWy_oA
536,2017,9,453,Bangkok,13.72132692541279,100.4937540788031,rZE3y7PQLyi1WGP2q-MPxQ,582,0,594,14,3446,True,rZE3y7PQLyi1WGP2q-MPxQ
4120,2019,9,519,Bangkok,13.76161162513001,100.5110963918151,zxnseKfXGONCrKfh37otzA,1549,1,1718,4,3447,True,zxnseKfXGONCrKfh37otzA
415,2020,8,388,Bangkok,13.7193093454812,100.5501535755361,omdxnG8R_xPXiQZkQvWGQw,1331,1,2289,1,3449,True,omdxnG8R_xPXiQZkQvWGQw
1666,2019,9,129,Bangkok,13.73424852423315,100.496684882482,wv2L1H5GMd6fpGRBf0DuuA,166,1,2291,1,3452,True,wv2L1H5GMd6fpGRBf0DuuA
242,2017,9,138,Bangkok,13.71722932931787,100.5512903063585,CSUeIf26XtA6WX4tlcZgmA,137,0,137,6,3460,True,CSUeIf26XtA6WX4tlcZgmA
4290,2020,8,190,Bangkok,13.76465129310506,100.5081546631391,Mgd5wuY0DUda1l2xYGX_yw,1082,0,1143,6,3462,True,Mgd5wuY0DUda1l2xYGX_yw
394,2019,8,240,Bangkok,13.71927044372718,100.5298013765449,frCqrKMwixJ5phTbBdmdmQ,1862,1,2294,7,3463,True,frCqrKMwixJ5phTbBdmdmQ
243,2019,6,373,Bangkok,13.71727721470055,100.5526274376643,XGPpJQ8I7SdW-4XcujQ_ww,55,1,678,4,3465,True,XGPpJQ8I7SdW-4XcujQ_ww
3263,2017,6,386,Bangkok,13.75210775850026,100.5245913151408,mQ8VtwzquyaMmG03q2UCAw,2010,0,2295,1,3470,True,mQ8VtwzquyaMmG03q2UCAw
3347,2017,6,482,Bangkok,13.75347749318372,100.5247664594888,bmX3-vuygrhPWqWRwy7zUg,622,1,2296,1,3471,True,bmX3-vuygrhPWqWRwy7zUg
4779,2011,12,275,Bangkok,13.76926056330531,100.5626775786306,KLfz_VG1mjGymm9t64Ve6g,822,1,2297,3,3476,True,KLfz_VG1mjGymm9t64Ve6g
447,2019,5,143,Bangkok,13.72028501836835,100.4967767311983,mNfG-ukcaW95QU0CIMNjMg,1969,1,2298,6,3483,True,mNfG-ukcaW95QU0CIMNjMg
2725,2011,9,341,Bangkok,13.74626867394976,100.5107643612202,4ptOZWo0HzsH5JK731NZSg,2012,0,2301,5,3486,True,4ptOZWo0HzsH5JK731NZSg
3751,2019,8,318,Bangkok,13.75824338221096,100.4986831151904,p6QYpvic7CkvFL3vqtrGHg,1961,0,2223,8,3498,True,p6QYpvic7CkvFL3vqtrGHg
97,2019,5,408,Bangkok,13.71621096759743,100.4938493100848,sVpNkW8KWnxlTEAIkVAlNA,2018,0,2307,5,3500,True,sVpNkW8KWnxlTEAIkVAlNA
3939,2019,9,367,Bangkok,13.76056823289798,100.5094964496181,MVzYj8RG9NvRCpF6liDFiQ,2019,0,2308,5,3501,True,MVzYj8RG9NvRCpF6liDFiQ
2469,2011,9,337,Bangkok,13.74323086295378,100.5178833397578,cch5h9mo8R2S50T_di5_SA,1026,1,2309,5,3503,True,cch5h9mo8R2S50T_di5_SA
1124,2020,8,403,Bangkok,13.72727820517105,100.5660325115254,h3tQl1p0dH3ZEUdej7gd8Q,1921,1,2311,3,3508,True,h3tQl1p0dH3ZEUdej7gd8Q
3435,2011,9,364,Bangkok,13.75428912414776,100.5226757050155,VQCmAxCiJZL_x54lQK0cpg,2021,0,2312,2,3510,True,VQCmAxCiJZL_x54lQK0cpg
2473,2011,9,507,Bangkok,13.74318382349255,100.522037704661,vJQtiEKGrpox4j14trCF_A,2023,0,2314,1,3515,True,vJQtiEKGrpox4j14trCF_A
3710,2019,2,256,Bangkok,13.75721534934735,100.5377389492602,foFSTKVLhccFCYYxgSIWvA,450,0,458,13,3516,True,foFSTKVLhccFCYYxgSIWvA
672,2018,10,479,Bangkok,13.72208315037595,100.5479309454729,BDrGyNBrNZApsLB9RHXIkg,2024,0,2315,1,3517,True,BDrGyNBrNZApsLB9RHXIkg
775,2020,8,144,Bangkok,13.72300755606027,100.561917601691,lym72Fl4rNJbQjEUMtt-Yw,1725,1,2318,2,3525,True,lym72Fl4rNJbQjEUMtt-Yw
1477,2020,9,311,Bangkok,13.73267670135972,100.4849318279204,o52xgIjSTdGk-JfOtL9pzA,2027,0,2319,3,3526,True,o52xgIjSTdGk-JfOtL9pzA
1759,2019,9,261,Bangkok,13.73530945701565,100.5058616591562,Qvw175NXxO0wWl4s86oBFA,2031,0,2327,4,3539,True,Qvw175NXxO0wWl4s86oBFA
2728,2018,1,403,Bangkok,13.74632654360633,100.516216841541,ats-wjfu7Fl-6Z6Qt7QDeg,2032,0,2328,3,3540,True,ats-wjfu7Fl-6Z6Qt7QDeg
217,2017,9,328,Bangkok,13.71732171435899,100.5271285162772,S4lFWtUt4nEvpVLXZNNEQw,2034,0,2330,6,3543,True,S4lFWtUt4nEvpVLXZNNEQw
4376,2019,4,364,Bangkok,13.76534764080402,100.5035318395722,zvphpK97VjhPKuD_58MUKQ,2035,0,2331,1,3547,True,zvphpK97VjhPKuD_58MUKQ
4550,2016,8,166,Bangkok,13.76717586548322,100.510853695796,SZ-0iBPnPXSeA-13WqqxVA,1716,0,1904,6,3550,True,SZ-0iBPnPXSeA-13WqqxVA
675,2018,10,625,Bangkok,13.72215652257884,100.5467934284488,isbCGMpT_FCjDON1FlkXUg,537,0,548,5,3556,True,isbCGMpT_FCjDON1FlkXUg
3017,2012,5,200,Bangkok,13.74962038489081,100.546702090937,V4bpvEoUG-_FK6JR1qoCaQ,1562,0,1705,13,3564,True,V4bpvEoUG-_FK6JR1qoCaQ
1761,2017,11,204,Bangkok,13.73506732107381,100.5045733696025,-i0qjM5_6t8W9O_lgVmzgg,2045,0,2341,5,3580,True,-i0qjM5_6t8W9O_lgVmzgg
2143,2017,6,507,Bangkok,13.73916739832881,100.5393235389248,xzUdHlBnH1QgldeZs_tktg,756,0,784,11,3586,True,xzUdHlBnH1QgldeZs_tktg
3790,2020,9,684,Bangkok,13.7582365042638,100.5298050049316,GvGDyhkvMkTQqP5uw9mvhQ,1824,0,2042,3,3587,True,GvGDyhkvMkTQqP5uw9mvhQ
828,2016,10,381,Bangkok,13.72377928282266,100.525895161432,2WjUCZjXb_ewj0ehVg-J3g,2048,0,2345,2,3595,True,2WjUCZjXb_ewj0ehVg-J3g
2983,2020,8,171,Bangkok,13.74908899514275,100.5076393176022,XUj9e4HMnj7xvMoe3o238A,648,0,666,6,3610,True,XUj9e4HMnj7xvMoe3o238A
2722,2017,6,184,Bangkok,13.74636804165521,100.5077406700213,5qMqN4Mlzutlp_NAl0otaw,700,0,724,6,3620,True,5qMqN4Mlzutlp_NAl0otaw
4356,2020,8,510,Bangkok,13.76517020566494,100.4876876155208,A-kxErW6XrVB2xDV41luMg,350,0,355,4,3627,True,A-kxErW6XrVB2xDV41luMg
3622,2018,10,386,Bangkok,13.75645062181538,100.5363195879082,KwaIj65ojkfEk9B_mnDjYg,281,1,2356,1,3628,True,KwaIj65ojkfEk9B_mnDjYg
4085,2017,6,608,Bangkok,13.76122042553314,100.570375357305,pCvghBBfFXl-4EDJ0YXpdA,2060,0,2359,4,3634,True,pCvghBBfFXl-4EDJ0YXpdA
4427,2018,2,405,Bangkok,13.76534437306122,100.5614659708432,6_W4hxVYt2YUQkEE2xz2Hw,2063,0,2363,4,3640,True,6_W4hxVYt2YUQkEE2xz2Hw
4240,2019,9,119,Bangkok,13.76330361909584,100.5447025371453,X6dTkqah_xKX9n2XvbzJkg,102,0,102,10,3641,True,X6dTkqah_xKX9n2XvbzJkg
575,2020,8,424,Bangkok,13.72125128906238,100.5346851571992,VEZe7NqLnCjf9plEeH1ZBg,1269,0,1356,3,3642,True,VEZe7NqLnCjf9plEeH1ZBg
4796,2018,11,476,Bangkok,13.77002481130798,100.4935907977077,cWraslAWX6jYcESuFdV1hA,78,1,2365,3,3648,True,cWraslAWX6jYcESuFdV1hA
547,2014,9,357,Bangkok,13.7215848759504,100.5077661632913,WDR8-ZZbUb1m5RKKM4mjTQ,783,0,814,8,3651,True,WDR8-ZZbUb1m5RKKM4mjTQ
303,2020,9,357,Bangkok,13.71831929357014,100.5261190020421,Nl9rgIwufZG60RpjyvTxOA,1751,1,2370,1,3655,True,Nl9rgIwufZG60RpjyvTxOA
2736,2016,11,277,Bangkok,13.74631589574015,100.522620364099,8PmyzuZRu4Uy2ti4xdpvBg,2038,1,2371,1,3657,True,8PmyzuZRu4Uy2ti4xdpvBg
2095,2017,12,246,Bangkok,13.73922764227531,100.4897472120864,8y7WmLiUB2j-tbrYs5z-2A,1066,0,1127,7,3659,True,8y7WmLiUB2j-tbrYs5z-2A
4546,2011,9,271,Bangkok,13.76703089344113,100.5050850685531,_ZMfK8Uk3GmdQpZOi2nw5Q,2069,0,2372,4,3661,True,_ZMfK8Uk3GmdQpZOi2nw5Q
3123,2011,12,446,Bangkok,13.75049776931472,100.5617926892222,ovFXCcA3g7A-s49sb7eqDQ,1177,1,2373,2,3663,True,ovFXCcA3g7A-s49sb7eqDQ
46,2020,8,355,Bangkok,13.71502277821991,100.5297134299314,9Z7IBsXq7WmsLUp8oRzdfA,1589,1,2375,1,3670,True,9Z7IBsXq7WmsLUp8oRzdfA
2641,2018,2,225,Bangkok,13.74532726892466,100.514440521012,q0r95ZH1M7vQB5uycfyXIA,2070,0,2376,5,3671,True,q0r95ZH1M7vQB5uycfyXIA
3712,2019,9,415,Bangkok,13.7572287041424,100.5447406584029,9IzLmFhez1vpWY04TMeAOg,1451,0,1564,7,3674,True,9IzLmFhez1vpWY04TMeAOg
1185,2014,9,562,Bangkok,13.72847377415358,100.5388024894793,gff2rhUM7YhMZU3xCgahWQ,294,0,295,11,3676,True,gff2rhUM7YhMZU3xCgahWQ
3887,2019,9,429,Bangkok,13.75930444079157,100.5434024111781,zsJfDmNQws9dAd2yFD8m-w,2071,0,2377,1,3677,True,zsJfDmNQws9dAd2yFD8m-w
328,2018,9,104,Bangkok,13.71839584721888,100.5507683204362,6vSX_yZfo8J4l7TMcCiH8Q,2072,0,2378,6,3679,True,6vSX_yZfo8J4l7TMcCiH8Q
190,2011,9,481,Bangkok,13.71722750995582,100.4997412658087,6rwZjMX_kbpEpVpH986uvA,2073,0,2379,4,3681,True,6rwZjMX_kbpEpVpH986uvA
1251,2017,10,369,Bangkok,13.72906514604871,100.5207446968018,EuFbYVq0buso8ToTk2jBgA,2074,0,2380,2,3682,True,EuFbYVq0buso8ToTk2jBgA
4695,2017,6,518,Bangkok,13.76828091757788,100.5656623789461,hWeqdH06SMN4FrnfoDOqRA,2075,0,2381,2,3683,True,hWeqdH06SMN4FrnfoDOqRA
1642,2020,9,205,Bangkok,13.73321097547571,100.5597788048692,bWyekNvsW8TqJEQp9XFdUA,861,1,2385,8,3693,True,bWyekNvsW8TqJEQp9XFdUA
2056,2018,9,395,Bangkok,13.73837352484841,100.5348266913296,eJU1eMYcKUNmUbsz7dnjOQ,767,1,2386,9,3696,True,eJU1eMYcKUNmUbsz7dnjOQ
3969,2017,9,372,Bangkok,13.76016797263951,100.5357597092888,Ja56EkddyrknudUdiBnGdw,2080,0,2388,11,3702,True,Ja56EkddyrknudUdiBnGdw
1846,2020,9,159,Bangkok,13.73623075772975,100.5036423363398,-iv4B-PgGI00CSIzbb3fRg,961,0,1011,8,3703,True,-iv4B-PgGI00CSIzbb3fRg
32,2019,6,210,Bangkok,13.71496250433626,100.5156925230192,3kD40Bv9sZe0zzWG5IUnnQ,682,0,704,7,3706,True,3kD40Bv9sZe0zzWG5IUnnQ
2449,2018,9,390,Bangkok,13.74335753362602,100.497185396266,ixqtALk6vGJLtW5QZ31QGw,1972,0,2237,9,3707,True,ixqtALk6vGJLtW5QZ31QGw
2299,2018,1,639,Bangkok,13.74124967432386,100.5207115639094,wmuglFQqtwqdf0WZAQtR1Q,2083,0,2393,2,3717,True,wmuglFQqtwqdf0WZAQtR1Q
4434,2011,12,412,Bangkok,13.76503644401552,100.5695332434061,zZ5HqU5INGvfDuJl5LIOaQ,2086,0,2396,6,3723,True,zZ5HqU5INGvfDuJl5LIOaQ
1425,2019,5,234,Bangkok,13.73119886268667,100.5157293002066,m3pVZPdrpg1vDkNgHokxvg,2087,0,2397,5,3724,True,m3pVZPdrpg1vDkNgHokxvg
4761,2019,4,427,Bangkok,13.76886772267026,100.5453959521084,N9pezZ8r0XQ4M9jMAcE18g,2088,0,2398,6,3729,True,N9pezZ8r0XQ4M9jMAcE18g
4326,2020,9,338,Bangkok,13.76434889658498,100.5465690437994,EAyJjhdFXOGyTuFOBCtnjg,2089,0,2399,1,3731,True,EAyJjhdFXOGyTuFOBCtnjg
4217,2019,9,384,Bangkok,13.76509425168453,100.5296021571654,h-TueO1JhfgLNMxjSY7smw,85,2,2403,3,3745,True,h-TueO1JhfgLNMxjSY7smw
4566,2011,9,522,Bangkok,13.76744648831336,100.5251799766239,KVdk-3YHwFysAbGPo8PNfQ,1737,0,1931,7,3747,True,KVdk-3YHwFysAbGPo8PNfQ
520,2020,8,338,Bangkok,13.72034622808816,100.5657592146467,mubHoSS8U9fbeiwuS7fBIg,1979,1,2405,2,3751,True,mubHoSS8U9fbeiwuS7fBIg
1728,2017,6,385,Bangkok,13.73431406721451,100.5606562677316,GUGBCWsB_8QQrVbW-XY7Kw,1574,0,1721,8,3753,True,GUGBCWsB_8QQrVbW-XY7Kw
150,2018,10,480,Bangkok,13.71640991283426,100.5468969611103,jQJ5sIxjbeS0JT2NIVRg6g,689,1,2406,2,3755,True,jQJ5sIxjbeS0JT2NIVRg6g
1268,2018,9,285,Bangkok,13.72918718661765,100.5337095078473,tO9UkTEcZNSyx6iKvnJsZA,1641,1,2407,1,3757,True,tO9UkTEcZNSyx6iKvnJsZA
4547,2011,9,206,Bangkok,13.76750592595871,100.5071626323403,MS9YNypHZqmPG25Pl6JY5Q,2096,0,2410,7,3760,True,MS9YNypHZqmPG25Pl6JY5Q
3534,2020,8,263,Bangkok,13.75603553515766,100.5348727337908,D0zze1mj8k1y4Zmgo-S6Og,1743,1,2411,2,3762,True,D0zze1mj8k1y4Zmgo-S6Og
2640,2014,9,439,Bangkok,13.74513856066118,100.5156324842684,5-VqOSr7KlzP18lUUzcgKQ,2097,0,2412,5,3766,True,5-VqOSr7KlzP18lUUzcgKQ
4480,2020,9,390,Bangkok,13.76562529397839,100.5284598858589,BWESZ_-kPYaS1KdPzO0pNQ,2098,0,2413,2,3767,True,BWESZ_-kPYaS1KdPzO0pNQ
4299,2011,9,559,Bangkok,13.76508572554791,100.5181133309233,jVA_Bv5L42PDjnURha7VZA,1346,0,1445,7,3769,True,jVA_Bv5L42PDjnURha7VZA
3201,2020,8,337,Bangkok,13.75246455303182,100.5520093144515,7-0COT5ne3uIgywZnVxCJQ,920,2,2420,2,3786,True,7-0COT5ne3uIgywZnVxCJQ
906,2019,8,166,Bangkok,13.72513534927791,100.5197079189846,3SCsNJirjMn6CXPbrmW5pw,876,1,1969,6,3789,True,3SCsNJirjMn6CXPbrmW5pw
3546,2016,11,254,Bangkok,13.75585389533895,100.5498700125853,b1V04DKh9umRsuoSPd4TZg,2104,0,2422,6,3790,True,b1V04DKh9umRsuoSPd4TZg
401,2018,2,275,Bangkok,13.71913591315561,100.5362660059295,OhIDGfPP0GiXiW20mxOwRg,2107,0,2425,2,3797,True,OhIDGfPP0GiXiW20mxOwRg
364,2018,6,143,Bangkok,13.71950190449894,100.4998580515392,HRI6_JEUGaDdLkIHTbtMTg,1733,0,1926,5,3802,True,HRI6_JEUGaDdLkIHTbtMTg
2684,2011,12,347,Bangkok,13.74596068828612,100.5639018290506,kAMEvl2e8-wG-u3oYWTcfQ,2111,0,2429,4,3806,True,kAMEvl2e8-wG-u3oYWTcfQ
1862,2019,6,93,Bangkok,13.73619132469651,100.5145119522434,0Y7prnmND6Kt_bZKNinJmg,1245,1,2430,1,3807,True,0Y7prnmND6Kt_bZKNinJmg
3044,2017,6,621,Bangkok,13.74893903055876,100.5696715853423,XN8RMLZnbA6LuU9kzzlCCg,2112,0,2431,3,3808,True,XN8RMLZnbA6LuU9kzzlCCg
2969,2011,9,151,Bangkok,13.74875863711235,100.4899485584539,dxiYKlojR82C_xnwAlx1Tw,533,0,543,7,3811,True,dxiYKlojR82C_xnwAlx1Tw
3516,2016,8,123,Bangkok,13.75516174889814,100.5156011545162,dq-L1xwWcgKQHY4NffCgxw,627,0,641,6,3813,True,dq-L1xwWcgKQHY4NffCgxw
3172,2016,11,433,Bangkok,13.751339743183,100.5255327869856,7SlPeujP6XlxhpThDZtCIw,261,0,262,4,3816,True,7SlPeujP6XlxhpThDZtCIw
1,2016,11,228,Bangkok,13.71541995884607,100.4848799365689,8hQkYBLClYeLNAEhsfdSFw,2041,0,2337,5,3817,True,8hQkYBLClYeLNAEhsfdSFw
2845,2017,6,331,Bangkok,13.74733823015867,100.5461016014754,kHIJ3l41hq8L-DSsNNqkBg,2118,0,2438,5,3833,True,kHIJ3l41hq8L-DSsNNqkBg
662,2014,9,470,Bangkok,13.72216214195138,100.5317113751487,89WAaQesncNLM6HA7gvzwg,1139,0,1206,8,3835,True,89WAaQesncNLM6HA7gvzwg
1254,2018,9,418,Bangkok,13.72922311065747,100.5197840457788,DSn8mo8h1nfFKs8llbwYsA,2119,0,2439,2,3836,True,DSn8mo8h1nfFKs8llbwYsA
2036,2018,1,120,Bangkok,13.73814617281564,100.515800527866,4mDP97IVdTuAKP6qKuJWwQ,1877,0,2111,8,3842,True,4mDP97IVdTuAKP6qKuJWwQ
4867,2019,5,220,Bangkok,13.77048855863165,100.5668229001404,atoBMWotoYOkvkEtI_RYxA,977,1,2441,3,3845,True,atoBMWotoYOkvkEtI_RYxA
4067,2018,9,215,Bangkok,13.76125250806627,100.5496962845143,nL1JigwIAaJy66LWj0qZQA,2121,0,2442,2,3846,True,nL1JigwIAaJy66LWj0qZQA
993,2016,10,536,Bangkok,13.72652697723255,100.5205490809828,u2yroisImen-2V7hL_OIYA,2127,0,2449,9,3864,True,u2yroisImen-2V7hL_OIYA
4117,2014,9,223,Bangkok,13.7621716087023,100.5128770528609,JiHP6OPygNN2XNLMw8qsRg,1259,1,2451,1,3866,True,JiHP6OPygNN2XNLMw8qsRg
1071,2018,9,249,Bangkok,13.72729766673628,100.5138477378755,RGadmsfV7i0tRHGKYBu6kA,2130,0,2454,1,3870,True,RGadmsfV7i0tRHGKYBu6kA
1657,2017,5,499,Bangkok,13.73417821073831,100.4926451384639,YHKtrsNkpF9ll3q4XyhHsg,1299,1,2456,3,3876,True,YHKtrsNkpF9ll3q4XyhHsg
2239,2018,1,696,Bangkok,13.74025920008333,100.5494090452505,G8nLS1FSSezwq5YononkKA,1959,1,2459,1,3883,True,G8nLS1FSSezwq5YononkKA
3452,2016,10,135,Bangkok,13.75406975075213,100.5457567287367,FwlmOZ0BhbhQg6Le3HA_5g,1135,0,1202,10,3885,True,FwlmOZ0BhbhQg6Le3HA_5g
2491,2018,9,223,Bangkok,13.74298130973151,100.5399223908107,YLS4mwxU4Im7E5Z5ApZ6Dw,2133,0,2461,11,3889,True,YLS4mwxU4Im7E5Z5ApZ6Dw
2687,2017,6,130,Bangkok,13.74500675115273,100.5576906083392,8fTn18kwK1C0Dcqwtm3iGQ,1908,1,2463,2,3898,True,8fTn18kwK1C0Dcqwtm3iGQ
3884,2020,9,547,Bangkok,13.75951014800497,100.5408599773595,KX7s-N6LNbrSXuMJCsQKmQ,838,0,877,9,3902,True,KX7s-N6LNbrSXuMJCsQKmQ
904,2018,2,478,Bangkok,13.72521775841186,100.5215363862288,U0Tcu7a1zKEwrOkHRxYusQ,2135,0,2464,1,3905,True,U0Tcu7a1zKEwrOkHRxYusQ
2005,2017,5,308,Bangkok,13.73778999985361,100.4913196348973,ng__qGMFC40csJJsSXNOSg,431,0,439,20,3906,True,ng__qGMFC40csJJsSXNOSg
2650,2011,10,459,Bangkok,13.74520702631975,100.5206431971023,aDt7d6aK8PiyFQkGqtsvyA,2136,0,2465,6,3908,True,aDt7d6aK8PiyFQkGqtsvyA
632,2011,9,395,Bangkok,13.72229757739012,100.5067151227028,2On9v9RcB0DY7bFxn8-1CA,147,1,2469,4,3919,True,2On9v9RcB0DY7bFxn8-1CA
3225,2019,5,599,Bangkok,13.75316520670401,100.4947327484079,4-betqqCYEnSldwKSEjFIA,2142,0,2472,1,3924,True,4-betqqCYEnSldwKSEjFIA
4432,2019,4,152,Bangkok,13.76524148717368,100.5657127085103,rkzAENDk4QHrDH_6zC1msQ,2143,0,2474,2,3927,True,rkzAENDk4QHrDH_6zC1msQ
806,2019,5,471,Bangkok,13.72425010029045,100.5057723389629,yPfrGFCrEFasQ1_zovUOOw,1448,0,1561,3,3932,True,yPfrGFCrEFasQ1_zovUOOw
4424,2020,8,656,Bangkok,13.76528224805122,100.5585809565661,lbnNrvn_MY8us8br2yFOoQ,2144,0,2476,2,3933,True,lbnNrvn_MY8us8br2yFOoQ
4619,2016,11,391,Bangkok,13.76904572167195,100.4936876849886,e1x4hD1_-JRYCSNmNcb1yQ,2145,0,2477,4,3935,True,e1x4hD1_-JRYCSNmNcb1yQ
719,2018,7,136,Bangkok,13.72317167627598,100.5087105833103,bF-iDZiIFZ1HGK_9laiyMA,1799,1,2230,5,3947,True,bF-iDZiIFZ1HGK_9laiyMA
323,2019,5,389,Bangkok,13.71887557335796,100.5463984121398,4LhMQAo9TWgg0sgnCr-NaQ,871,1,2482,2,3952,True,4LhMQAo9TWgg0sgnCr-NaQ
2369,2019,5,420,Bangkok,13.74175847382885,100.5004318185741,bklAIPub9IyO5fytLsr3Dg,2062,0,2362,5,3958,True,bklAIPub9IyO5fytLsr3Dg
1319,2016,11,346,Bangkok,13.73029028308413,100.5015329036001,gWFyYaT1lO_mr8mFyuQxsw,347,0,352,8,3964,True,gWFyYaT1lO_mr8mFyuQxsw
797,2019,9,234,Bangkok,13.72427564216144,100.4976871196325,nfkGkoPmw5I7T-TFuUJ1_Q,580,2,2491,1,3970,True,nfkGkoPmw5I7T-TFuUJ1_Q
3183,2020,8,383,Bangkok,13.75118788124126,100.5334115686263,dwJYvvdjhqPug_Ia0Axg8w,1567,1,2492,2,3971,True,dwJYvvdjhqPug_Ia0Axg8w
2151,2019,5,568,Bangkok,13.73942509227966,100.5497625017303,Cd4ICKJH1PXDt0sDsJ4Ckw,445,1,2493,1,3972,True,Cd4ICKJH1PXDt0sDsJ4Ckw
2442,2020,8,299,Bangkok,13.74318526509749,100.486658573323,9aRTg844T0EBDpq3M-wFqQ,2157,0,2496,5,3979,True,9aRTg844T0EBDpq3M-wFqQ
555,2018,9,74,Bangkok,13.72094052000397,100.5165906267234,q2EHhEXwCFBLJ4MoX7OZkA,731,0,758,8,3990,True,q2EHhEXwCFBLJ4MoX7OZkA
3859,2020,9,221,Bangkok,13.75910630452321,100.5186308859771,BAnvuP0BFCgAKbu1YYGd3w,100,0,100,10,3992,True,BAnvuP0BFCgAKbu1YYGd3w
430,2018,3,354,Bangkok,13.71933372324895,100.5627506791947,lS8PRV3L25aR2PNFdYNanw,2166,0,2508,5,4003,True,lS8PRV3L25aR2PNFdYNanw
4269,2020,8,224,Bangkok,13.76409206323872,100.4877800018752,kXGyJXP-39YRA28Vk0lA4A,1773,1,2499,4,4007,True,kXGyJXP-39YRA28Vk0lA4A
3736,2011,12,663,Bangkok,13.75732419565495,100.5644271132453,LKyGQ3z6A6g_-ywPr3E_vQ,2171,0,2513,2,4009,True,LKyGQ3z6A6g_-ywPr3E_vQ
3449,2020,8,502,Bangkok,13.75385796619709,100.5365500426284,sH-YYvsslji6LLtp7nALaw,1764,1,2516,1,4018,True,sH-YYvsslji6LLtp7nALaw
806,2020,9,309,Bangkok,13.72427658238441,100.5057689012183,1kxPD9CGazuv1Z9JMv6Kag,1448,1,2517,1,4019,True,1kxPD9CGazuv1Z9JMv6Kag
566,2011,9,444,Bangkok,13.7212429152255,100.5286953606082,4SmhLi4UltV06kGsARL2WQ,1785,0,1994,10,4023,True,4SmhLi4UltV06kGsARL2WQ
4136,2020,8,144,Bangkok,13.76118882638457,100.5273475442318,BNZKe08TteEHHPPdQTGCGQ,2176,0,2520,9,4025,True,BNZKe08TteEHHPPdQTGCGQ
834,2017,7,369,Bangkok,13.7243676662862,100.5319416683607,XYiyeoGxM11YxlYbbi3Ysg,1934,0,2186,4,4026,True,XYiyeoGxM11YxlYbbi3Ysg
1013,2017,6,269,Bangkok,13.72618194971202,100.539727253283,wy1zt-j0hZg_AicMcsh0fg,1828,1,2524,3,4033,True,wy1zt-j0hZg_AicMcsh0fg
4675,2011,9,585,Bangkok,13.76841295487656,100.5474295419025,-FJ7zXdTwQ6Q-ytFKZGqUw,2180,0,2525,1,4034,True,-FJ7zXdTwQ6Q-ytFKZGqUw
371,2019,8,401,Bangkok,13.71927039929063,100.5066983855058,WDbWO0Xu7Q9qghxLbx1aaw,167,0,167,10,4040,True,WDbWO0Xu7Q9qghxLbx1aaw
526,2017,5,236,Bangkok,13.72146060248494,100.4886243810095,Xm3wxfBzZ5jyFXS-DwAONg,1041,1,2530,1,4042,True,Xm3wxfBzZ5jyFXS-DwAONg
1023,2019,10,385,Bangkok,13.7263754370355,100.5497260367148,owUdAZQ6wVuMSic-QDeIQw,58,1,2531,4,4043,True,owUdAZQ6wVuMSic-QDeIQw
86,2019,6,313,Bangkok,13.71489680120573,100.569769833457,44ZbxiuqPX34WC6Q6hWD7Q,1119,1,2532,1,4049,True,44ZbxiuqPX34WC6Q6hWD7Q
1885,2020,9,439,Bangkok,13.73616859908534,100.5461941987127,Syw1vdTzZPVpd_0RfsJ_uA,759,0,788,9,4053,True,Syw1vdTzZPVpd_0RfsJ_uA
1394,2018,10,508,Bangkok,13.73024771670956,100.5696943162575,GoNxgc24rSP9C9XBJOVIVw,140,0,140,5,4064,True,GoNxgc24rSP9C9XBJOVIVw
4525,2016,11,569,Bangkok,13.7672135606813,100.4867593300743,c_m9bmHEreYg6E_6ZlHnYQ,2187,0,2537,5,4065,True,c_m9bmHEreYg6E_6ZlHnYQ
4507,2011,12,351,Bangkok,13.76615319893596,100.5548716013213,zFmTQ4NI28JeDhpQuhBGfQ,2190,0,2541,1,4071,True,zFmTQ4NI28JeDhpQuhBGfQ
2779,2016,10,277,Bangkok,13.74598277641633,100.5676122706001,CGa8IjRukyySh7Hpyf9itA,2192,0,2543,5,4076,True,CGa8IjRukyySh7Hpyf9itA
3641,2018,1,301,Bangkok,13.75651355236658,100.5588448681133,xlkkQNIzM_jERTJleDuJvw,1452,0,1566,12,4081,True,xlkkQNIzM_jERTJleDuJvw
2535,2020,9,555,Bangkok,13.74424276224594,100.4967866379193,Fbs1qagAd7JV57NkFkKgew,2195,0,2546,2,4086,True,Fbs1qagAd7JV57NkFkKgew
4805,2016,8,375,Bangkok,13.7700846863377,100.5055682584298,YV3VCZLquhHHHQzvIOaLhg,842,1,2547,2,4091,True,YV3VCZLquhHHHQzvIOaLhg
335,2017,11,435,Bangkok,13.71826400669279,100.5579599507128,iAmwLQSpVmSbFNS2eHS7ZA,1152,0,1221,10,4093,True,iAmwLQSpVmSbFNS2eHS7ZA
556,2018,9,415,Bangkok,13.72124827476511,100.5157427356038,p5ELbrghNtunoYbesozC9g,713,1,2552,3,4113,True,p5ELbrghNtunoYbesozC9g
1582,2017,9,341,Bangkok,13.73326526664398,100.4956249966101,uR-GgVna8kv6r-4UHr4Q0Q,1625,0,1790,9,4114,True,uR-GgVna8kv6r-4UHr4Q0Q
4069,2018,1,583,Bangkok,13.76132116482681,100.547557824053,gyKfGhwLLtWB3k3QELP6eQ,65,0,65,6,4118,True,gyKfGhwLLtWB3k3QELP6eQ
4246,2018,10,365,Bangkok,13.7632087380746,100.5567738287521,KBFnT0oKHdkao3p_ZI22Aw,613,1,2555,1,4119,True,KBFnT0oKHdkao3p_ZI22Aw
4221,2019,2,488,Bangkok,13.76363565425529,100.5266042544332,X71nxmAuewxgRMMKSKURhw,2128,0,2450,9,4122,True,X71nxmAuewxgRMMKSKURhw
1982,2019,10,328,Bangkok,13.73725744885194,100.5488540922145,brG76VkxDucjITtTZQE70g,2200,0,2557,6,4123,True,brG76VkxDucjITtTZQE70g
176,2011,9,523,Bangkok,13.71738752586243,100.4861196369259,9x1oPOcoItQjfGrv3Xu35g,1579,0,1730,5,4125,True,9x1oPOcoItQjfGrv3Xu35g
1154,2018,7,609,Bangkok,13.72807986024119,100.5067366119721,dr8tGtHCHCsbl-93Ti9z8Q,1308,1,2558,1,4127,True,dr8tGtHCHCsbl-93Ti9z8Q
155,2019,5,384,Bangkok,13.71654761405653,100.5515131320416,kKZky4Lsr1t_cpTjebZFcA,1729,0,1921,4,4133,True,kKZky4Lsr1t_cpTjebZFcA
4502,2018,10,507,Bangkok,13.76611150175516,100.5448573280002,hc2cuxspBek0AWJZ_-JaEA,1980,1,2561,1,4137,True,hc2cuxspBek0AWJZ_-JaEA
4013,2019,9,349,Bangkok,13.76135133225279,100.4925851522657,k84WOqgx0jmbtor93NAxmQ,831,1,1802,7,4139,True,k84WOqgx0jmbtor93NAxmQ
2256,2017,11,214,Bangkok,13.74015419222227,100.5637640860746,XNLqF6KTOOPMa0OLYP-18w,116,0,116,7,4140,True,XNLqF6KTOOPMa0OLYP-18w
4334,2018,10,344,Bangkok,13.76459007616899,100.5519584643269,9SlYoELty7maiFOO1uqEpQ,193,0,193,6,4143,True,9SlYoELty7maiFOO1uqEpQ
4584,2019,4,524,Bangkok,13.76722404957572,100.5488204355388,Cl_aC52XQZ3ebPo0bmHs8g,2102,0,2419,4,4156,True,Cl_aC52XQZ3ebPo0bmHs8g
3258,2017,7,462,Bangkok,13.75216575678128,100.5258235392986,v5YHKa9wXTazF-FLuApTxQ,753,0,781,13,4159,True,v5YHKa9wXTazF-FLuApTxQ
2110,2011,9,548,Bangkok,13.73924031595577,100.5046987082575,F_jfXZRKe33G1i2ld_735Q,1401,0,1508,5,4162,True,F_jfXZRKe33G1i2ld_735Q
2792,2016,8,374,Bangkok,13.74731433772581,100.4956535554037,eo4c7pV6Jk3GmMivHznJRA,275,0,276,4,4163,True,eo4c7pV6Jk3GmMivHznJRA
1112,2019,6,123,Bangkok,13.72686869294619,100.5526015200428,UIE0r08xk25Vyv_8OX1b8Q,2207,0,2567,6,4164,True,UIE0r08xk25Vyv_8OX1b8Q
1208,2017,11,539,Bangkok,13.7285343693622,100.5598966376529,y6gnnUYJkQg7L9gNE9oWSQ,1333,1,2064,7,4166,True,y6gnnUYJkQg7L9gNE9oWSQ
3226,2015,10,510,Bangkok,13.75240851480263,100.4916770816731,AyTszRS5MoN6fZO8pDu0CA,1867,0,2098,6,4167,True,AyTszRS5MoN6fZO8pDu0CA
768,2019,6,428,Bangkok,13.72317723367309,100.5537908110341,NNXXzrViWPOufVGIsmTwmw,276,1,2569,1,4170,True,NNXXzrViWPOufVGIsmTwmw
1325,2018,5,392,Bangkok,13.73075968555574,100.506864334138,OKjAwH8q2sWbBhCYx56uAQ,2137,0,2466,7,4175,True,OKjAwH8q2sWbBhCYx56uAQ
2221,2017,9,508,Bangkok,13.74022215424709,100.5254455524074,DctMuo4BB89o-d5XIgMqnA,236,1,660,7,4177,True,DctMuo4BB89o-d5XIgMqnA
3164,2017,6,108,Bangkok,13.75145261922166,100.5158258914816,7LFbsK9ShQ6MM8iQnugBAQ,178,1,2571,1,4181,True,7LFbsK9ShQ6MM8iQnugBAQ
1293,2016,10,289,Bangkok,13.72915412898915,100.560774130525,gLaxgFHqo8eA7Zs64naPbg,802,1,2579,2,4211,True,gLaxgFHqo8eA7Zs64naPbg
1665,2020,9,191,Bangkok,13.73418976424685,100.5005457691195,v17hdiW1Q9UQ5sVuvmNePQ,1663,0,1838,8,4216,True,v17hdiW1Q9UQ5sVuvmNePQ
953,2017,6,488,Bangkok,13.72537875424085,100.5649854829669,ppZIple6DRe7ut0pCph6AQ,2217,0,2583,5,4217,True,ppZIple6DRe7ut0pCph6AQ
1678,2018,10,566,Bangkok,13.73438320222598,100.5075139446803,oH89SzBdBPK8IukHAoB35A,2218,0,2584,1,4220,True,oH89SzBdBPK8IukHAoB35A
4496,2017,6,229,Bangkok,13.76624178294687,100.5397683132861,xHTmDGoDkBFziYdaI8c0UQ,1790,0,1999,6,4221,True,xHTmDGoDkBFziYdaI8c0UQ
4378,2018,8,214,Bangkok,13.76520012071937,100.5126845215569,lkqb3enAQ31vEaAEP1AHIw,2154,0,2490,3,4224,True,lkqb3enAQ31vEaAEP1AHIw
2354,2020,8,222,Bangkok,13.74210927146361,100.4855300888374,VnIPigR6_CCFXNb5K8OcmQ,988,1,2414,5,4229,True,VnIPigR6_CCFXNb5K8OcmQ
489,2020,8,637,Bangkok,13.72067148510301,100.5333606834816,RnzpqiWUIlD4zvpCYWaJwQ,1809,1,2587,1,4230,True,RnzpqiWUIlD4zvpCYWaJwQ
4133,2020,8,426,Bangkok,13.76216309050592,100.524684380544,eIvCZRTHsHaf1J9YG9Cdhw,2221,0,2589,9,4236,True,eIvCZRTHsHaf1J9YG9Cdhw
2388,2018,9,558,Bangkok,13.74212896615105,100.5219468474542,iCJ25wG2IcQf3st31mwtRg,2224,0,2592,4,4239,True,iCJ25wG2IcQf3st31mwtRg
1529,2017,6,64,Bangkok,13.73144517197057,100.5324428216669,TaTY1xLkGV3EVVsr1KkSDg,2092,0,2402,10,4241,True,TaTY1xLkGV3EVVsr1KkSDg
1814,2017,6,358,Bangkok,13.73531651404238,100.5586853576834,AuZ36Qn6WgpURb8Y2Lz16A,2226,0,2594,1,4243,True,AuZ36Qn6WgpURb8Y2Lz16A
3073,2018,9,556,Bangkok,13.75027291196661,100.5107673676641,azAunHJrzQYN7AqJ7VF4RA,2227,0,2595,4,4245,True,azAunHJrzQYN7AqJ7VF4RA
3168,2018,9,350,Bangkok,13.75106591030712,100.5166896555004,cj9uStu_qo-vi8UGr9NpYA,2228,0,2596,1,4247,True,cj9uStu_qo-vi8UGr9NpYA
3811,2018,3,188,Bangkok,13.75826267599117,100.5585683823798,NgjYKX_kZAchqXPtsILmew,2095,0,2409,7,4251,True,NgjYKX_kZAchqXPtsILmew
72,2018,10,200,Bangkok,13.71523817127696,100.5557587628501,3SDiH6PrvTMUEtVzmBd9QA,1153,0,1222,9,4253,True,3SDiH6PrvTMUEtVzmBd9QA
4648,2020,8,414,Bangkok,13.76839297709052,100.5163045762148,7n06pHT96wvvse_oYH8DmA,2230,0,2599,5,4260,True,7n06pHT96wvvse_oYH8DmA
792,2019,5,602,Bangkok,13.72443391499778,100.4917009806344,RU4DaCWnt4azp76wyoVSmQ,1327,0,1422,7,4265,True,RU4DaCWnt4azp76wyoVSmQ
4116,2017,5,282,Bangkok,13.76212486693432,100.5105868870617,UIX9dheWzhoyAFdtWeJZLQ,118,1,323,4,4267,True,UIX9dheWzhoyAFdtWeJZLQ
1094,2018,9,78,Bangkok,13.72716784900636,100.5355602267784,ZTkK0OIricMegcfeer6tHQ,2233,0,2602,6,4270,True,ZTkK0OIricMegcfeer6tHQ
572,2011,12,126,Bangkok,13.72163444928142,100.5355421464217,Om6fmk4E3gLurwO8k3WZtg,2234,0,2603,2,4272,True,Om6fmk4E3gLurwO8k3WZtg
1203,2019,5,322,Bangkok,13.72833529408887,100.5507342455836,53C4RUjyGa7mleGLRidRKw,155,1,2604,2,4273,True,53C4RUjyGa7mleGLRidRKw
585,2011,12,275,Bangkok,13.72170150157018,100.5507299770557,q0YKYENHk1JG4cG7rq9hAA,2235,0,2605,5,4277,True,q0YKYENHk1JG4cG7rq9hAA
3459,2020,8,289,Bangkok,13.7531499035028,100.5485070333466,MTrcmekNUdDQ033FpJN_8w,658,2,1710,9,4278,True,MTrcmekNUdDQ033FpJN_8w
2974,2011,9,319,Bangkok,13.74921194335681,100.4965043825282,rwlOVoB7dfgV8mcWjnMhnw,605,1,2607,1,4280,True,rwlOVoB7dfgV8mcWjnMhnw
52,2017,6,532,Bangkok,13.71559216607208,100.5354806051326,LpaD02DH4eXdB4l4uUKTmQ,2240,0,2611,4,4288,True,LpaD02DH4eXdB4l4uUKTmQ
2082,2018,10,633,Bangkok,13.73822890579243,100.5617283418499,iFfEBkTspGXRg4Vferin6w,2009,0,2293,11,4289,True,iFfEBkTspGXRg4Vferin6w
4870,2018,9,438,Bangkok,13.77021318207764,100.5687805336846,ofvLiQvs97u-_n5Rud6SHQ,2244,0,2615,3,4303,True,ofvLiQvs97u-_n5Rud6SHQ
3902,2019,4,287,Bangkok,13.75921595048467,100.5588303334083,LiMBeu9stBomcGNOXvtzcQ,1052,0,1112,4,4311,True,LiMBeu9stBomcGNOXvtzcQ
2334,2019,10,411,Bangkok,13.7412415448554,100.5563665512293,aNLhkAiEq57kvDRYxCC69Q,1635,1,2617,4,4314,True,aNLhkAiEq57kvDRYxCC69Q
336,2014,9,503,Bangkok,13.71834526847449,100.5585361750656,bSkv1i-P3nMnrGBu28jwKA,447,0,455,8,4318,True,bSkv1i-P3nMnrGBu28jwKA
875,2020,9,482,Bangkok,13.72549628069558,100.4895161932407,ZoUn6hEtMD26ryF4pkw8Xw,1086,1,2621,1,4334,True,ZoUn6hEtMD26ryF4pkw8Xw
863,2018,3,367,Bangkok,13.72411059334774,100.5617695336953,U_fz78X0_YT7ZVlnHmjISw,2251,0,2627,1,4347,True,U_fz78X0_YT7ZVlnHmjISw
4142,2014,9,314,Bangkok,13.7623229247434,100.5367412721175,I809LxfuGDboJ1-wpANPKA,440,0,448,12,4355,True,I809LxfuGDboJ1-wpANPKA
1863,2018,9,374,Bangkok,13.73632537135878,100.5197585686068,hTBfgLyQMSH5EXDBZTnTag,2254,0,2631,10,4361,True,hTBfgLyQMSH5EXDBZTnTag
3049,2017,6,239,Bangkok,13.75046121116819,100.4895731700254,coIhGRgPnhAOoRoT4_VApA,1209,2,2632,2,4362,True,coIhGRgPnhAOoRoT4_VApA
2510,2017,6,345,Bangkok,13.74261647533839,100.551584046237,Z7iHFiWuuGF3mdweaPbyBw,1518,0,1649,4,4371,True,Z7iHFiWuuGF3mdweaPbyBw
1847,2018,5,235,Bangkok,13.7353135580903,100.5058582826939,OpraoL2b89d2CHOB2MR76A,2031,1,2635,2,4376,True,OpraoL2b89d2CHOB2MR76A
1975,2015,10,228,Bangkok,13.73726637908898,100.5443211280747,dEJ6iy4SK6jTBM1wXS3rQg,375,3,2637,1,4380,True,dEJ6iy4SK6jTBM1wXS3rQg
1037,2017,6,215,Bangkok,13.7260001887665,100.5694837350093,K69KBmyAkiNCaWzN-h91Xw,711,0,737,3,4386,True,K69KBmyAkiNCaWzN-h91Xw
2299,2011,9,457,Bangkok,13.74126215160571,100.5207253951069,5InAWcNrOqqvD2O3KxTw0g,2083,1,2639,3,4387,True,5InAWcNrOqqvD2O3KxTw0g
1731,2019,9,95,Bangkok,13.73415495299827,100.5610226187599,1VFAuI-2axTggAJiO4rA_w,2258,0,2640,4,4389,True,1VFAuI-2axTggAJiO4rA_w
1214,2011,12,473,Bangkok,13.72817456067771,100.5687351549578,4sSONA572b1LUf7kgBRfZQ,2262,0,2644,2,4396,True,4sSONA572b1LUf7kgBRfZQ
2522,2017,6,350,Bangkok,13.74316164826351,100.5668012182661,46bpw64QCkY4E5mGbltjkw,1727,0,1919,7,4397,True,46bpw64QCkY4E5mGbltjkw
1688,2017,6,356,Bangkok,13.73415732441922,100.5168158391339,UJC5Piwi2h7_RUozJCuDVw,2263,0,2645,3,4398,True,UJC5Piwi2h7_RUozJCuDVw
4780,2018,9,389,Bangkok,13.76920921144465,100.5686997121018,88QE7FU0JDZ0qWi7HAp_xg,2264,0,2646,3,4403,True,88QE7FU0JDZ0qWi7HAp_xg
3720,2017,6,70,Bangkok,13.75727624470732,100.5507211621745,QFPtptxVFacW1cQ1JhaGTw,2265,0,2647,6,4404,True,QFPtptxVFacW1cQ1JhaGTw
4713,2018,11,408,Bangkok,13.76841564397058,100.4983372217698,xANCyZn3GTlMv_3nu8d9Xw,1643,0,1814,13,4414,True,xANCyZn3GTlMv_3nu8d9Xw
1167,2017,6,248,Bangkok,13.72820311754715,100.5217659786821,Yd18sWyPrQEDecPaWZxqCA,485,0,495,4,4419,True,Yd18sWyPrQEDecPaWZxqCA
605,2018,5,100,Bangkok,13.7223619549282,100.4850139253826,aAfcJsJcZCWOX17aBaRXeQ,1277,1,2655,4,4426,True,aAfcJsJcZCWOX17aBaRXeQ
2055,2011,9,480,Bangkok,13.73846862758297,100.5348353838669,KE0-J9Mb0TJAuYr-xPdf3Q,767,0,796,9,4429,True,KE0-J9Mb0TJAuYr-xPdf3Q
3804,2018,9,543,Bangkok,13.75832748394753,100.551516544344,l6u03qOkVTciAub7bcCmBA,1715,0,1903,4,4436,True,l6u03qOkVTciAub7bcCmBA
1181,2018,2,223,Bangkok,13.72833971258396,100.5359906034755,ycnY0VTbaNAHSCnBuK6f8Q,1683,0,1865,3,4440,True,ycnY0VTbaNAHSCnBuK6f8Q
4159,2011,12,501,Bangkok,13.76222170009361,100.5556587964357,0TBQ4gdmALHG7NNCHkAkpg,349,2,2662,1,4449,True,0TBQ4gdmALHG7NNCHkAkpg
4342,2017,6,256,Bangkok,13.76422619350059,100.5596683778794,mVRUsIZj915n3XDWIBm7cA,1536,1,2665,4,4453,True,mVRUsIZj915n3XDWIBm7cA
433,2018,10,441,Bangkok,13.71916479822564,100.5680589618508,KZd1Q1_fI7o3RaIoBZD4BA,2279,0,2667,5,4459,True,KZd1Q1_fI7o3RaIoBZD4BA
3956,2019,4,422,Bangkok,13.76009607948864,100.5210451106936,n1QazUJ7VNjyV9I4tKF9Vg,1533,0,1671,4,4467,True,n1QazUJ7VNjyV9I4tKF9Vg
4724,2020,8,310,Bangkok,13.76921702603769,100.5117634811562,gnmGiA20DWFZm68B3pRIcA,2163,0,2505,4,4469,True,gnmGiA20DWFZm68B3pRIcA
2859,2011,12,488,Bangkok,13.74725253888529,100.5591039257579,ldwbZdAAioRXeLi_oh5Ayg,238,1,2374,6,4471,True,ldwbZdAAioRXeLi_oh5Ayg
3724,2020,8,477,Bangkok,13.7572461748224,100.5586371586299,LQWtgq70ET5Yk0C0G5VH1A,162,0,162,5,4481,True,LQWtgq70ET5Yk0C0G5VH1A
3615,2018,7,305,Bangkok,13.75591110596923,100.5331537013031,YI3ocd2wwB8bzfFry-zAtg,160,0,160,11,4490,True,YI3ocd2wwB8bzfFry-zAtg
1884,2020,8,509,Bangkok,13.73631379942726,100.5425583483823,sWcjQTCXDXhJ70mYdZAsrw,1818,0,2034,9,4491,True,sWcjQTCXDXhJ70mYdZAsrw
64,2011,12,123,Bangkok,13.71498762718764,100.5476263008969,M9KUiYnyYGxvarLkumMVwQ,890,1,2680,3,4492,True,M9KUiYnyYGxvarLkumMVwQ
939,2020,9,255,Bangkok,13.72500080285094,100.5528039779684,Z3FoaLBrCgAbdP0BBl-oLg,465,1,1731,6,4507,True,Z3FoaLBrCgAbdP0BBl-oLg
45,2018,1,291,Bangkok,13.71522960654325,100.5286941650745,hcXoYDLBYoUVKQEuM_K6QQ,2293,0,2687,1,4512,True,hcXoYDLBYoUVKQEuM_K6QQ
4261,2017,6,533,Bangkok,13.76318504370274,100.5659514377969,798SF7Fp77GaP2kTL8LNXw,2298,0,2693,1,4534,True,798SF7Fp77GaP2kTL8LNXw
4067,2019,9,269,Bangkok,13.76126261165244,100.5496951963288,XEaIy9l6wR2HgVk_pIYSdw,2121,1,2694,2,4537,True,XEaIy9l6wR2HgVk_pIYSdw
746,2018,2,253,Bangkok,13.72306483366502,100.5338157542866,clXxdJ8NpptDB-2ss6ucQA,1433,0,1545,9,4538,True,clXxdJ8NpptDB-2ss6ucQA
4495,2018,3,292,Bangkok,13.76617184122726,100.5389235500606,9trWNSx5mykwxuLdzfYkHA,2299,0,2695,7,4540,True,9trWNSx5mykwxuLdzfYkHA
484,2019,5,653,Bangkok,13.7200342731613,100.5368321767351,NDew4bWxGpPpFavvyxAFIA,2300,0,2696,4,4542,True,NDew4bWxGpPpFavvyxAFIA
4568,2017,6,493,Bangkok,13.76842145629023,100.5303044539548,jsY3ApqLaX1zzkpUtBGN2w,717,0,743,12,4545,True,jsY3ApqLaX1zzkpUtBGN2w
770,2020,9,212,Bangkok,13.7232661694785,100.5517545471267,eGUPO0XNR9UtNOpW66IS0Q,2301,0,2697,4,4546,True,eGUPO0XNR9UtNOpW66IS0Q
642,2020,9,539,Bangkok,13.72201188619967,100.5114099326833,U8JZNUiIUMvAHEl1BUWs0w,1838,1,2699,2,4549,True,U8JZNUiIUMvAHEl1BUWs0w
222,2018,10,211,Bangkok,13.71766479352766,100.5314962154015,F0SHqw1XPxmD_uJo9eTlhw,593,1,2703,2,4555,True,F0SHqw1XPxmD_uJo9eTlhw
1535,2016,10,352,Bangkok,13.73197073744447,100.5374993500728,yfjFKqzwuMhETEI0vliI_g,1208,0,1290,9,4556,True,yfjFKqzwuMhETEI0vliI_g
1982,2018,9,511,Bangkok,13.73728232594514,100.548884945962,X93-p-YRLTq21fZowbfhtw,2200,1,2704,1,4557,True,X93-p-YRLTq21fZowbfhtw
1011,2020,9,122,Bangkok,13.72657228805073,100.5385979213848,hsgblGpX2jDkh_HXoCOYtQ,2306,0,2705,5,4560,True,hsgblGpX2jDkh_HXoCOYtQ
2141,2017,6,344,Bangkok,13.73897982020708,100.5392975809023,v0Db5XVj5qnuM2Ic-Z9_7Q,555,0,566,11,4567,True,v0Db5XVj5qnuM2Ic-Z9_7Q
1775,2018,9,188,Bangkok,13.73523236430587,100.5157503935655,uwQ6OndKWRS80ERuNX5fHA,2308,0,2707,1,4571,True,uwQ6OndKWRS80ERuNX5fHA
2257,2018,10,188,Bangkok,13.74027363988743,100.5656650001169,VHgR3y5kik8Bw3PY7tYEOg,2310,0,2709,5,4573,True,VHgR3y5kik8Bw3PY7tYEOg
4403,2019,9,308,Bangkok,13.76583988502251,100.5360606875051,6EjY3NkeNK4bsEG4qk6NNw,1051,0,1111,13,4578,True,6EjY3NkeNK4bsEG4qk6NNw
140,2019,5,513,Bangkok,13.71620673747774,100.536737411694,TA2-LRnvmya29PGr_I-DTg,1435,1,2712,1,4579,True,TA2-LRnvmya29PGr_I-DTg
902,2018,9,246,Bangkok,13.72509348173736,100.5158087770974,sr__rIUY64QheOOzDs7fcQ,1222,1,2714,1,4581,True,sr__rIUY64QheOOzDs7fcQ
2506,2017,11,263,Bangkok,13.74329117186891,100.5544002988974,U0NGcdOuMtokgDHxMYeN3A,2022,0,2313,8,4592,True,U0NGcdOuMtokgDHxMYeN3A
1294,2011,9,512,Bangkok,13.72964109983873,100.5597459894874,llinxAQN622_MJB5qsYdaw,301,0,302,11,4605,True,llinxAQN622_MJB5qsYdaw
1879,2017,11,366,Bangkok,13.73593080624359,100.5388436114895,E0KnptV5_wYXHfHPUpypFw,1832,0,2052,10,4608,True,E0KnptV5_wYXHfHPUpypFw
4792,2017,5,347,Bangkok,13.77031013984705,100.4947581576446,sUN4mT2PHAYykXsYoNMkSg,2321,0,2723,13,4612,True,sUN4mT2PHAYykXsYoNMkSg
1215,2018,10,668,Bangkok,13.72849638604849,100.5671616041579,-jRUW-TIp1G4FK-DrQoupA,983,1,2726,1,4616,True,-jRUW-TIp1G4FK-DrQoupA
2147,2020,8,363,Bangkok,13.73904434578051,100.5436648444153,hFnGlarW6R-Q5VcDoIlNoA,2108,0,2426,3,4618,True,hFnGlarW6R-Q5VcDoIlNoA
3994,2017,6,105,Bangkok,13.76021963081068,100.564700483448,SLgGHXK6Fb53VSYWMuvHTA,56,1,1211,4,4622,True,SLgGHXK6Fb53VSYWMuvHTA
1968,2017,11,482,Bangkok,13.73747104999868,100.5346857910495,FOCc8WGhhsiNBO5BMzl9Tg,260,2,1954,9,4625,True,FOCc8WGhhsiNBO5BMzl9Tg
3152,2011,9,435,Bangkok,13.75117410480417,100.506686798236,dvV81XzzkjtaGCALtPRN_g,1199,0,1280,5,4626,True,dvV81XzzkjtaGCALtPRN_g
471,2011,9,416,Bangkok,13.72023140360616,100.5224275674077,ClD_7iDO38hHMBQAJHA81w,2220,0,2586,5,4629,True,ClD_7iDO38hHMBQAJHA81w
4505,2017,12,451,Bangkok,13.76624607321824,100.5536951339717,qbPX0SIR6KgiQWOnPlD80w,1754,1,2731,1,4639,True,qbPX0SIR6KgiQWOnPlD80w
4259,2014,9,256,Bangkok,13.76319332065274,100.5677820592134,HZ1W-NEotCxeNLPiINgFeg,1067,0,1128,8,4642,True,HZ1W-NEotCxeNLPiINgFeg
3450,2012,5,362,Bangkok,13.75413645649914,100.5357245986913,87r4_2rUFctQ3r5RyEwJUw,246,1,2320,5,4644,True,87r4_2rUFctQ3r5RyEwJUw
2258,2017,9,333,Bangkok,13.74110468981763,100.4834512742258,k7GXosZTQicCvhRbwYfzPA,505,1,2733,1,4648,True,k7GXosZTQicCvhRbwYfzPA
233,2016,10,378,Bangkok,13.71748311809998,100.5416573605748,LYgkbrtSVwpxr_VEjh3lHw,36,4,2735,3,4652,True,LYgkbrtSVwpxr_VEjh3lHw
2671,2020,8,451,Bangkok,13.74533892742572,100.5457396217941,QfqVu-S__LIqslINVHCozw,265,1,1212,5,4656,True,QfqVu-S__LIqslINVHCozw
991,2011,9,688,Bangkok,13.72625593183431,100.5214298675674,DtEI6VUANCSgi0yLJIJ7Tg,1968,0,2233,5,4662,True,DtEI6VUANCSgi0yLJIJ7Tg
1122,2019,9,235,Bangkok,13.72717754051154,100.5602955940068,uRQYrP9rZYpIqovs8VTnaw,48,0,48,10,4667,True,uRQYrP9rZYpIqovs8VTnaw
108,2017,10,153,Bangkok,13.71617412513662,100.5048108797855,3CZNwnKLXCCyFabryUbCxQ,2331,0,2738,2,4668,True,3CZNwnKLXCCyFabryUbCxQ
4558,2011,9,161,Bangkok,13.76465460756904,100.5194989970546,IdeiWmmSAbTbMnCM1VlmFA,875,0,915,15,4669,True,IdeiWmmSAbTbMnCM1VlmFA
2723,2019,8,383,Bangkok,13.74610570339739,100.5039924375638,srHf4OcFiv4NeosZ0t8cFw,2332,0,2739,6,4670,True,srHf4OcFiv4NeosZ0t8cFw
3062,2019,8,702,Bangkok,13.75021658286838,100.5018122189724,rjnKHSkIRv1D534SAOFNWg,2058,0,2357,7,4679,True,rjnKHSkIRv1D534SAOFNWg
2798,2020,9,443,Bangkok,13.74710627178603,100.5006508232079,ne-250Bs7_GhdLZdn4lDmg,1384,0,1485,7,4689,True,ne-250Bs7_GhdLZdn4lDmg
2734,2011,9,339,Bangkok,13.74602688888478,100.519653924019,hm770UHk8JawDgQ3bx64nw,130,0,130,6,4691,True,hm770UHk8JawDgQ3bx64nw
4530,2018,2,113,Bangkok,13.76715068971653,100.4847068537705,LqK-Uqoct2kFQ3tM2b59yg,2335,0,2742,3,4694,True,LqK-Uqoct2kFQ3tM2b59yg
439,2011,9,349,Bangkok,13.7202334514123,100.4857341361945,SjvnRFFS8p7jTD2DWDcavQ,1823,1,2743,3,4696,True,SjvnRFFS8p7jTD2DWDcavQ
1692,2016,10,327,Bangkok,13.73423333307418,100.5246080650489,HtpTtA-uX4u_JpUYHTp0Pg,1623,0,1787,7,4701,True,HtpTtA-uX4u_JpUYHTp0Pg
3304,2019,9,403,Bangkok,13.75330899186395,100.4837194514058,mchrzO-LO7s0ax7EnvGNSw,1750,0,1946,5,4710,True,mchrzO-LO7s0ax7EnvGNSw
2214,2018,1,486,Bangkok,13.74024600466827,100.5216445074356,miDvJYorBD0c65ieNZzzng,2238,1,2747,1,4712,True,miDvJYorBD0c65ieNZzzng
214,2019,8,299,Bangkok,13.71718600690603,100.5237624728483,wRy7ZCbbH1HNbit4YS5tqg,2338,0,2748,2,4713,True,wRy7ZCbbH1HNbit4YS5tqg
3849,2020,8,334,Bangkok,13.75924722792827,100.5027478635501,MsjMhHBinbSojKX_itFHPg,1521,0,1653,6,4714,True,MsjMhHBinbSojKX_itFHPg
778,2020,8,317,Bangkok,13.72346576170756,100.5655954995978,0RC_zI2QEQhytHnbFMiV3g,2005,1,2749,1,4716,True,0RC_zI2QEQhytHnbFMiV3g
698,2011,9,479,Bangkok,13.7234599908026,100.4876363845283,8ik60sdnmIOxaRXU8OkvFA,189,0,189,7,4721,True,8ik60sdnmIOxaRXU8OkvFA
4500,2012,3,472,Bangkok,13.76623942611122,100.54968304754,hFI2cTRiv1LHzrzsmwqSYA,710,0,736,7,4723,True,hFI2cTRiv1LHzrzsmwqSYA
2173,2016,10,377,Bangkok,13.73918921453092,100.5677532414197,xuoZIeedvKs4Ynz_O7vsxQ,2340,0,2752,2,4729,True,xuoZIeedvKs4Ynz_O7vsxQ
3312,2020,9,596,Bangkok,13.75316057201993,100.4937290942819,L0BvZ7tAAf5_7P54nNK5bg,1043,1,2753,1,4730,True,L0BvZ7tAAf5_7P54nNK5bg
457,2020,9,325,Bangkok,13.7195870372435,100.5115591600041,DZVOseBXawgckot7WJEj7g,43,0,43,13,4733,True,DZVOseBXawgckot7WJEj7g
4228,2019,9,343,Bangkok,13.7631758086735,100.5337158802878,rbdkdv8SuhrJr5KeVO01Vw,1796,1,2755,3,4735,True,rbdkdv8SuhrJr5KeVO01Vw
611,2016,11,333,Bangkok,13.72208264874596,100.4882006032874,ol9TQ8Dltxne9NSryrNyOQ,1265,1,2756,2,4737,True,ol9TQ8Dltxne9NSryrNyOQ
4534,2018,11,427,Bangkok,13.76735699236766,100.4916530271764,WNhCCLiYawi4-8R7nS9pqA,1637,1,2757,1,4738,True,WNhCCLiYawi4-8R7nS9pqA
132,2020,9,211,Bangkok,13.71657695583558,100.5286480031351,FNo1TLtLeu5lIFEhBeB2_w,2342,0,2758,5,4739,True,FNo1TLtLeu5lIFEhBeB2_w
1116,2020,9,350,Bangkok,13.72704660801722,100.5525830652117,0N3-vo0B1YqPIO54wgLMWg,1463,3,2342,6,4741,True,0N3-vo0B1YqPIO54wgLMWg
3200,2018,9,448,Bangkok,13.75126368968159,100.5538603991238,F5aGM_z7Gykcl-OYbPdkXw,2343,0,2759,3,4742,True,F5aGM_z7Gykcl-OYbPdkXw
2733,2011,10,672,Bangkok,13.74625290528622,100.5208113626986,bfx0o7nRqTvvgONvLp9glw,2055,0,2353,7,4761,True,bfx0o7nRqTvvgONvLp9glw
2706,2019,5,115,Bangkok,13.74665491918437,100.4908798819817,Ddx3Nht6vOpQhW8SlXjgOQ,1632,0,1801,8,4762,True,Ddx3Nht6vOpQhW8SlXjgOQ
1112,2020,3,301,Bangkok,13.72686397904555,100.5525670464751,ZImQ8OoeM15vD7oh27VKFw,2207,1,2682,4,4768,True,ZImQ8OoeM15vD7oh27VKFw
2577,2014,10,400,Bangkok,13.74490207149408,100.537815271085,-1MwsVmYb9m1Qml1HjuPbw,108,1,1598,11,4770,True,-1MwsVmYb9m1Qml1HjuPbw
1570,2019,5,511,Bangkok,13.73208837668541,100.5690502961229,7oKwO7Rkv8n4K_KKKZwOgw,271,1,396,5,4777,True,7oKwO7Rkv8n4K_KKKZwOgw
578,2020,8,422,Bangkok,13.72093662920225,100.5409759958666,bXc70eLQ8Me6nltCYU0ZYg,2350,0,2769,2,4782,True,bXc70eLQ8Me6nltCYU0ZYg
4736,2011,9,558,Bangkok,13.77178383858854,100.5229568251966,a7T8-r5Lu9iqNw2WAEUZtg,363,0,368,8,4791,True,a7T8-r5Lu9iqNw2WAEUZtg
3241,2018,2,367,Bangkok,13.75219654502079,100.502042891915,faCSdO0EBIxliwP9gK_xEw,211,0,211,7,4794,True,faCSdO0EBIxliwP9gK_xEw
1321,2018,5,300,Bangkok,13.73015797994005,100.4967215346962,gnPNxLouG7KuKnTBOaIHNA,1487,1,2772,3,4796,True,gnPNxLouG7KuKnTBOaIHNA
3139,2016,8,317,Bangkok,13.75113423153649,100.4894918482295,-awWROwwF7U0vNrJTy8Dyg,1282,2,2775,2,4800,True,-awWROwwF7U0vNrJTy8Dyg
2966,2018,2,77,Bangkok,13.7492825977089,100.4898090947479,Gzip_RITbglm3Sf0iMtUHQ,2353,0,2776,8,4801,True,Gzip_RITbglm3Sf0iMtUHQ
1024,2016,11,286,Bangkok,13.72626231248241,100.550318402789,5LgU-F5xOi1jSUCoCXMJ_A,50,0,50,6,4803,True,5LgU-F5xOi1jSUCoCXMJ_A
3113,2017,6,640,Bangkok,13.75029491623424,100.5536141724278,DgoP6Ul71WzBOOyfiQ_cUg,2355,0,2778,3,4804,True,DgoP6Ul71WzBOOyfiQ_cUg
4317,2014,9,398,Bangkok,13.76430030293479,100.5377385468605,K2_pqDM0tPNR5NolqMLnrQ,879,0,919,10,4807,True,K2_pqDM0tPNR5NolqMLnrQ
46,2016,11,170,Bangkok,13.71502313996096,100.5297146850705,w9PT6VkehdP71wmsLASaRg,1589,0,1743,3,4819,True,w9PT6VkehdP71wmsLASaRg
3764,2019,8,459,Bangkok,13.75823662807838,100.5066896221408,uSvKZcotX2rIUQcp4I5UDA,729,1,2783,1,4825,True,uSvKZcotX2rIUQcp4I5UDA
2337,2011,12,315,Bangkok,13.74117888812209,100.5602402224108,vOo7-9_18PXpqS8D_hBmww,1905,1,2785,2,4828,True,vOo7-9_18PXpqS8D_hBmww
3082,2018,9,526,Bangkok,13.75030081519503,100.5157859936294,3JMNq0DL3X217BOCsVcbdQ,2360,0,2786,4,4830,True,3JMNq0DL3X217BOCsVcbdQ
3033,2016,9,595,Bangkok,13.7494416803988,100.5587903962696,GlhQlR-JAeNoV59iB1a-Vg,1011,0,1064,9,4831,True,GlhQlR-JAeNoV59iB1a-Vg
4624,2018,7,76,Bangkok,13.76820049458022,100.4987461438614,fl4WcMfi55N80LfF3oGatg,1613,0,1772,12,4834,True,fl4WcMfi55N80LfF3oGatg
1268,2016,10,469,Bangkok,13.72918022835346,100.533692714219,p8Xjit3zqfMvPbLwtHmHHw,1641,0,1811,5,4836,True,p8Xjit3zqfMvPbLwtHmHHw
1264,2020,9,485,Bangkok,13.72917654122246,100.5316113240453,V8o8dCADeWTFf8_HY_AO-A,1989,0,2264,4,4853,True,V8o8dCADeWTFf8_HY_AO-A
467,2018,9,344,Bangkok,13.72038255613181,100.5147518394858,td0xsCr93AsftN1EiE6rpA,539,1,683,4,4862,True,td0xsCr93AsftN1EiE6rpA
2517,2011,9,444,Bangkok,13.74326807907424,100.5686930737659,dkBkZ6fVZ5aQXlO6miQyjQ,1122,1,2488,4,4863,True,dkBkZ6fVZ5aQXlO6miQyjQ
1302,2020,8,336,Bangkok,13.72931013327943,100.5675813269611,wjk5oavmIpis3g3SYIlilg,2371,0,2802,4,4866,True,wjk5oavmIpis3g3SYIlilg
3358,2017,11,264,Bangkok,13.75297140979623,100.5406407968746,aHuV44yHesGs1CekcwKyFQ,677,1,2025,6,4875,True,aHuV44yHesGs1CekcwKyFQ
1063,2020,9,601,Bangkok,13.72713255327887,100.5027773546586,hb-3cteoYfL9P3LjHZDZqg,1705,1,2807,4,4882,True,hb-3cteoYfL9P3LjHZDZqg
1903,2017,6,506,Bangkok,13.7362253667719,100.5580048089284,vS63E8oQuN3uXGEbH2MZBw,2374,0,2808,1,4885,True,vS63E8oQuN3uXGEbH2MZBw
67,2018,10,340,Bangkok,13.71543425459273,100.5507623911657,8mCDR-A7dkGl7yExVspgvw,2375,0,2809,1,4887,True,8mCDR-A7dkGl7yExVspgvw
2625,2018,9,356,Bangkok,13.74526674392857,100.5037765298346,-UcoU9Jvonnuq5rRiQfc2A,2253,0,2630,6,4893,True,-UcoU9Jvonnuq5rRiQfc2A
3413,2020,8,310,Bangkok,13.75413909943423,100.5059667839599,oFXlfCg3B17-wgwln9eP8A,1247,1,2812,2,4896,True,oFXlfCg3B17-wgwln9eP8A
3666,2017,6,530,Bangkok,13.7575493904565,100.4967972994408,GF2cTAhFVrki1T4Q01XOTw,2377,0,2813,7,4904,True,GF2cTAhFVrki1T4Q01XOTw
696,2018,3,532,Bangkok,13.722420238158,100.5692971022295,Wbi3D3cUB11U2NJ95gIl-w,2380,0,2816,1,4909,True,Wbi3D3cUB11U2NJ95gIl-w
337,2017,6,493,Bangkok,13.71810948511443,100.5596580756006,m2DgfHWd31p6766xC5GRKA,600,0,613,6,4911,True,m2DgfHWd31p6766xC5GRKA
199,2018,10,371,Bangkok,13.71689824623813,100.5085228519064,D0Hae6nNHy4YpAXnuliC3A,2381,0,2817,5,4914,True,D0Hae6nNHy4YpAXnuliC3A
1824,2011,12,398,Bangkok,13.73521067991593,100.5677736333124,i8PFqnagQCu07r2buD4JLw,1640,1,2819,2,4918,True,i8PFqnagQCu07r2buD4JLw
2039,2018,9,227,Bangkok,13.7382692997436,100.5234680618637,Za-_nz9RQsgAgyzSNshc5A,2383,0,2820,3,4924,True,Za-_nz9RQsgAgyzSNshc5A
406,2019,5,420,Bangkok,13.71887820404905,100.540880235188,9BmzAWfZBMZqfTIgU6O4iw,2384,0,2821,3,4925,True,9BmzAWfZBMZqfTIgU6O4iw
3239,2020,9,254,Bangkok,13.75216364287668,100.5047739277252,kmgBDpnSlspud5-w6wp7Yw,2245,0,2619,9,4926,True,kmgBDpnSlspud5-w6wp7Yw
4065,2011,12,447,Bangkok,13.76120278456289,100.5487261592836,DKNubHWLuwDMgwAiDyWluA,2385,0,2822,1,4929,True,DKNubHWLuwDMgwAiDyWluA
4534,2020,8,396,Bangkok,13.7673496520391,100.4916423352887,1wG3e8BDU1K2XvnlVVV74g,1637,2,2823,2,4934,True,1wG3e8BDU1K2XvnlVVV74g
2898,2011,9,425,Bangkok,13.74834467841659,100.5127213595062,VnssCZGTyjrpSEYkKpNuCQ,2387,0,2825,2,4937,True,VnssCZGTyjrpSEYkKpNuCQ
2255,2020,8,429,Bangkok,13.74059227272497,100.560707017422,qMHH1AvXa8K5YxHmzdCkGw,1665,0,1842,5,4939,True,qMHH1AvXa8K5YxHmzdCkGw
2488,2017,6,489,Bangkok,13.74487871750743,100.5379649030972,930sIM_dn78QKuKJ011lZg,108,0,108,12,4944,True,930sIM_dn78QKuKJ011lZg
4693,2018,9,497,Bangkok,13.76816967387016,100.564743640885,n8aReWLJE-wm4tSVoo8fow,2391,0,2829,2,4952,True,n8aReWLJE-wm4tSVoo8fow
3215,2019,5,134,Bangkok,13.75143635170454,100.5649872444509,qyDQxO1Xi3TOJLHOlRrkNA,2394,0,2832,2,4959,True,qyDQxO1Xi3TOJLHOlRrkNA
10,2020,9,549,Bangkok,13.7151918296453,100.4939001138117,cr289MRGR5VCsr6h_SnMdg,900,1,2833,3,4960,True,cr289MRGR5VCsr6h_SnMdg
948,2018,10,79,Bangkok,13.72522643942412,100.5627336434028,KC2f9K4SC0r8HC6b_a7Wmw,926,1,2834,1,4962,True,KC2f9K4SC0r8HC6b_a7Wmw
1709,2011,9,324,Bangkok,13.73424777020101,100.5407293952702,u5N8-2dRvYzn5VNmMCTc9A,1489,0,1615,10,4965,True,u5N8-2dRvYzn5VNmMCTc9A
1090,2018,9,294,Bangkok,13.72729705162922,100.525947953205,K89d1PVd30qiXh2GyhTtcw,2397,0,2837,2,4970,True,K89d1PVd30qiXh2GyhTtcw
3853,2019,4,177,Bangkok,13.75927879234022,100.5085980511461,f4pOZtHZeeC2Ftno1Syhrg,1835,1,2839,1,4980,True,f4pOZtHZeeC2Ftno1Syhrg
139,2017,6,433,Bangkok,13.71635754549002,100.535908590438,nPTeskrlV1okOfSpgmXwzQ,1020,0,1073,4,4981,True,nPTeskrlV1okOfSpgmXwzQ
2275,2018,9,208,Bangkok,13.74143800398089,100.4947976292155,WirQ0i5zoV7gyhb_7nuAdA,2323,0,2725,7,4982,True,WirQ0i5zoV7gyhb_7nuAdA
2456,2014,9,410,Bangkok,13.7429353624307,100.5012224758052,KpxGvDhgYPKQhSEKip7mZg,1479,0,1603,5,4985,True,KpxGvDhgYPKQhSEKip7mZg
1126,2016,10,339,Bangkok,13.72722838313476,100.5651222186073,ORU2XCN-47ANW_aOMY-Hew,1323,0,1418,7,4988,True,ORU2XCN-47ANW_aOMY-Hew
3665,2019,8,415,Bangkok,13.75737390232636,100.4977362858039,Z93jzTC1g3HBWZntE49v9w,746,0,774,8,4989,True,Z93jzTC1g3HBWZntE49v9w
1048,2020,9,294,Bangkok,13.72753709027964,100.4847378862309,kuyyVjRVc6v_rzz0cS6AZg,947,0,995,7,4993,True,kuyyVjRVc6v_rzz0cS6AZg
487,2018,10,503,Bangkok,13.7210975765076,100.534324147462,yQsTQ6y6jepkoeJ5O5k-ow,1795,1,2843,3,4995,True,yQsTQ6y6jepkoeJ5O5k-ow
1901,2020,8,404,Bangkok,13.7362766897192,100.5570387066565,gFCqT_jK7LjG8IQyUlAu2w,2402,0,2844,1,4996,True,gFCqT_jK7LjG8IQyUlAu2w
244,2017,11,473,Bangkok,13.71724126102213,100.553646389503,elz53YflKp79GIPFBoI8cQ,714,1,2849,1,5011,True,elz53YflKp79GIPFBoI8cQ
960,2011,9,657,Bangkok,13.72624476341256,100.4887438492577,ZSQfUXflqPJi5gUUp1jB_A,2409,0,2852,2,5023,True,ZSQfUXflqPJi5gUUp1jB_A
1319,2018,10,525,Bangkok,13.73027185544451,100.5015557501792,46aY19BMN0W3JB6lEsc_8w,347,1,2853,1,5024,True,46aY19BMN0W3JB6lEsc_8w
2558,2018,9,509,Bangkok,13.74420361636517,100.5237647864465,BQ_mYXTHcAB-bffeLcOt9g,1986,0,2258,7,5025,True,BQ_mYXTHcAB-bffeLcOt9g
643,2020,9,545,Bangkok,13.72230187089746,100.5178245323981,exWfmAKMcoBQgDvlHxp_Pg,2155,0,2494,6,5036,True,exWfmAKMcoBQgDvlHxp_Pg
4588,2018,7,231,Bangkok,13.76728502792063,100.543653484859,NZ9y2hC-AUFBkIO-7Qz52g,2411,0,2856,6,5044,True,NZ9y2hC-AUFBkIO-7Qz52g
2715,2020,9,527,Bangkok,13.74619946084767,100.5029666701989,fXPd5nlQGkUDEaB6_cIe8Q,1556,0,1699,6,5047,True,fXPd5nlQGkUDEaB6_cIe8Q
4054,2019,9,259,Bangkok,13.7627661833964,100.534584349532,udovlBZAvg7IZibkaUhveQ,2120,1,2857,3,5050,True,udovlBZAvg7IZibkaUhveQ
485,2020,8,564,Bangkok,13.72036863892329,100.5326590536276,My-xRALDBUd5rTEujegQzQ,2414,0,2861,2,5055,True,My-xRALDBUd5rTEujegQzQ
2057,2019,7,682,Bangkok,13.73818567627411,100.5428731524384,xAbws196EWsI9iL2lBWBUg,1056,0,1116,12,5056,True,xAbws196EWsI9iL2lBWBUg
3721,2018,9,342,Bangkok,13.7573269720649,100.5497833346428,WWFqwnWOnzzZQpza5solyQ,1281,0,1371,5,5062,True,WWFqwnWOnzzZQpza5solyQ
3856,2011,9,353,Bangkok,13.75938942635484,100.5098861150722,H5rNXtHjSy8EBOKYEne4Qw,796,1,2862,2,5067,True,H5rNXtHjSy8EBOKYEne4Qw
3814,2018,10,473,Bangkok,13.75830456524588,100.5576477751563,01sIOgDJHHI1vWNCvc9D2g,1513,1,2864,2,5071,True,01sIOgDJHHI1vWNCvc9D2g
3873,2019,2,246,Bangkok,13.75906376389591,100.5308886651883,DkGkAK0NVAdf7UuOyw1dlg,2417,0,2866,1,5079,True,DkGkAK0NVAdf7UuOyw1dlg
3048,2020,9,357,Bangkok,13.7503470734692,100.4895878982645,hAizas0SrWwLM1NdlEBbxw,1209,3,2870,6,5088,True,hAizas0SrWwLM1NdlEBbxw
2653,2018,9,581,Bangkok,13.74533640042142,100.5246135401871,Qn0at420x2h59EL3xAV0Aw,2421,0,2872,3,5101,True,Qn0at420x2h59EL3xAV0Aw
2169,2017,11,615,Bangkok,13.73929847616124,100.5647180425476,CQ3h6sDn4XOQ1q2LpaBUAQ,2422,0,2873,4,5102,True,CQ3h6sDn4XOQ1q2LpaBUAQ
1157,2014,9,324,Bangkok,13.7280479934423,100.5089558125227,b14mBuXV9rWf9sGzISdcJw,828,1,2009,9,5105,True,b14mBuXV9rWf9sGzISdcJw
4466,2019,4,161,Bangkok,13.76592707811544,100.5123783681144,mCXFmXCVkVPUbuTn1yWoNQ,1504,1,2876,3,5113,True,mCXFmXCVkVPUbuTn1yWoNQ
408,2016,11,490,Bangkok,13.71922400541695,100.5460450990856,KlWV8jPalmJo76kvRQKN4g,974,1,1432,4,5116,True,KlWV8jPalmJo76kvRQKN4g
2893,2020,9,326,Bangkok,13.74825471838459,100.5035040958501,2F0gK50a4h1XPODVsvlB1A,2229,0,2597,4,5121,True,2F0gK50a4h1XPODVsvlB1A
2501,2017,11,387,Bangkok,13.74318098764083,100.548724698695,9WjcrXRNZhg4M4eZIhVMkA,2426,0,2878,2,5124,True,9WjcrXRNZhg4M4eZIhVMkA
4498,2017,6,483,Bangkok,13.7661973862619,100.5438787654136,4YliYY0Xp1o4ZX_rmolmVQ,1891,1,2880,4,5127,True,4YliYY0Xp1o4ZX_rmolmVQ
2296,2019,5,357,Bangkok,13.74117041955472,100.5159401285068,Vzcf2cR3ih1rTgzvyZ4LDQ,2214,0,2580,8,5129,True,Vzcf2cR3ih1rTgzvyZ4LDQ
4381,2020,8,465,Bangkok,13.7660115068484,100.5160857456167,g5RgkOeQUM97rUtws6C_iw,1848,0,2073,7,5130,True,g5RgkOeQUM97rUtws6C_iw
648,2020,9,478,Bangkok,13.72212398553325,100.5221096920696,5R4knX1G1mb4xMkAMEreDg,736,0,763,5,5135,True,5R4knX1G1mb4xMkAMEreDg
1280,2019,5,276,Bangkok,13.72858570749594,100.5476663199128,PfVA5hv6B2feKdgampKGhg,2428,0,2881,5,5137,True,PfVA5hv6B2feKdgampKGhg
1976,2015,10,266,Bangkok,13.73713318589976,100.5443002634696,ZFHA4JoX_Ya_mo0ZpVbZtA,375,2,1961,6,5140,True,ZFHA4JoX_Ya_mo0ZpVbZtA
1372,2019,9,34,Bangkok,13.73001072094849,100.5522537133386,yFd6Is-WHhLDrmf1riT1yA,76,1,1607,6,5141,True,yFd6Is-WHhLDrmf1riT1yA
97,2019,8,612,Bangkok,13.7161525292098,100.49384453393,kmgVbLdP86m7x8e3HjMcIw,2018,1,2884,1,5146,True,kmgVbLdP86m7x8e3HjMcIw
1279,2020,9,236,Bangkok,13.72874069342687,100.5466452772791,6K1j31anWZJfrMHvmqH3aA,1061,1,2885,4,5147,True,6K1j31anWZJfrMHvmqH3aA
3941,2017,5,537,Bangkok,13.76019040691492,100.50782534211,joQapFwct4sQxtyHfbyeDA,414,0,422,6,5155,True,joQapFwct4sQxtyHfbyeDA
773,2020,8,584,Bangkok,13.72348387669838,100.5635245846608,B0euMc1ylIw1WRAFpxZhhw,2431,0,2887,2,5158,True,B0euMc1ylIw1WRAFpxZhhw
4506,2018,10,451,Bangkok,13.76613483534609,100.5566428236892,liSqm7BjIVwbNTxMYFg_lQ,766,0,795,4,5173,True,liSqm7BjIVwbNTxMYFg_lQ
2678,2019,10,241,Bangkok,13.74480787438997,100.5547102703083,7fU4W4i7o51ud3gSvTPQpw,619,0,632,9,5174,True,7fU4W4i7o51ud3gSvTPQpw
4391,2020,8,192,Bangkok,13.76526652239086,100.5238362666368,53Vrp5iAFY91AO9VHQbVmw,2435,0,2892,4,5175,True,53Vrp5iAFY91AO9VHQbVmw
2052,2014,9,251,Bangkok,13.73816076118606,100.539178354911,x_SvY0B7HteAIRNgyZfF9w,503,0,513,10,5180,True,x_SvY0B7HteAIRNgyZfF9w
2385,2019,5,514,Bangkok,13.74227872025421,100.5227401242645,LP3h9ho7vQtF4kx5a4a1lA,882,1,2893,1,5184,True,LP3h9ho7vQtF4kx5a4a1lA
772,2018,10,473,Bangkok,13.7232566412692,100.5627395762013,Kf9B9L8CHjSJUOXhYvLvsw,1509,1,2894,2,5185,True,Kf9B9L8CHjSJUOXhYvLvsw
4474,2019,4,370,Bangkok,13.76596809461235,100.5165634721591,uLdpD-yU6a2hlEad4ts8ag,2324,0,2727,8,5186,True,uLdpD-yU6a2hlEad4ts8ag
3924,2020,8,123,Bangkok,13.76052968481102,100.4979012510033,RkW8Ap4kPVy5-JQsESJFHw,633,1,2896,1,5188,True,RkW8Ap4kPVy5-JQsESJFHw
4101,2020,9,351,Bangkok,13.76201404710239,100.4954018431349,PovQgPfudJx-AoXxJ5vq4Q,2110,0,2428,8,5193,True,PovQgPfudJx-AoXxJ5vq4Q
4321,2018,3,441,Bangkok,13.76420041366017,100.5437521344952,JE0diuH0tykLiDJfC7JXUQ,676,0,698,6,5194,True,JE0diuH0tykLiDJfC7JXUQ
1509,2016,8,320,Bangkok,13.73226808838725,100.5147781238807,Mk7xrbCGWyRoadqmMm1qmw,998,0,1050,10,5197,True,Mk7xrbCGWyRoadqmMm1qmw
2053,2011,9,185,Bangkok,13.73807312141647,100.5391600023342,LI9vM6uS6_pKn5T_Dul47w,503,1,2901,11,5212,True,LI9vM6uS6_pKn5T_Dul47w
1570,2020,8,328,Bangkok,13.73210667806631,100.569036278607,Mipxugz5OVoCiA3tNWd4mw,271,0,272,3,5223,True,Mipxugz5OVoCiA3tNWd4mw
2763,2020,8,370,Bangkok,13.74619464020679,100.5458962728666,AqmOt-MkWU8_paXwgU4tIg,2441,0,2906,6,5228,True,AqmOt-MkWU8_paXwgU4tIg
2188,2016,11,444,Bangkok,13.74056836002139,100.4968040639217,c4tGwLV1DTf5lTzLkQYbtQ,2284,1,2907,2,5229,True,c4tGwLV1DTf5lTzLkQYbtQ
734,2020,9,262,Bangkok,13.72325448326036,100.5206050196307,5krmjmdAkRjmT5f_kcCu8w,1510,1,2908,1,5232,True,5krmjmdAkRjmT5f_kcCu8w
109,2019,5,260,Bangkok,13.7165128737948,100.5058065374907,zPcg5tEEPr06pyVxpxyiXQ,1013,1,2909,1,5236,True,zPcg5tEEPr06pyVxpxyiXQ
3189,2017,6,227,Bangkok,13.75137684439384,100.5385015632665,Jck20EiVQvqi5LlMcy13ug,788,0,820,5,5239,True,Jck20EiVQvqi5LlMcy13ug
818,2020,9,254,Bangkok,13.72436611892368,100.5241649129315,KAgvUMsqH_qtoJqG97EGDw,2443,0,2912,2,5242,True,KAgvUMsqH_qtoJqG97EGDw
1254,2017,10,238,Bangkok,13.72920465513343,100.5197863171689,3mu-9N4i9qv3DircLNhAQg,2119,1,2913,2,5245,True,3mu-9N4i9qv3DircLNhAQg
2370,2017,6,220,Bangkok,13.742311248514,100.5015810205373,SD6Q63Q8tjF2J6_E_Wn_Cw,2444,0,2914,5,5246,True,SD6Q63Q8tjF2J6_E_Wn_Cw
688,2018,3,194,Bangkok,13.7221696094545,100.5618723579468,aDje9yvtFPaul5M2gySsJQ,1538,0,1676,4,5252,True,aDje9yvtFPaul5M2gySsJQ
3318,2017,6,310,Bangkok,13.75325902167909,100.4977045875885,loSW0GlTWOWpzdzeoUmfrA,2418,0,2867,6,5274,True,loSW0GlTWOWpzdzeoUmfrA
2095,2016,11,64,Bangkok,13.73924891149627,100.4897771449955,SJDouOCa2f1oDd7lu3Mb5g,1066,1,2922,2,5280,True,SJDouOCa2f1oDd7lu3Mb5g
4867,2018,3,389,Bangkok,13.7704756572996,100.5668185954523,NUYn75iJuVRBLihGDAm0Dw,977,0,1029,5,5283,True,NUYn75iJuVRBLihGDAm0Dw
3374,2019,5,478,Bangkok,13.75230832149442,100.5525294179751,WRtqhIL4Fahw1piTIEgS8Q,428,3,2083,4,5288,True,WRtqhIL4Fahw1piTIEgS8Q
920,2011,9,292,Bangkok,13.72513313096811,100.5315682710794,5yPvocepWdJkLPvfHNfT0A,2277,0,2664,6,5291,True,5yPvocepWdJkLPvfHNfT0A
4513,2018,3,374,Bangkok,13.76631194296909,100.5585684401966,BZpXX-ZlMHFz-NTMvegH7w,2453,0,2926,1,5295,True,BZpXX-ZlMHFz-NTMvegH7w
4712,2020,8,231,Bangkok,13.76883233718585,100.4975514365944,lT8We1sqd6d-tb8olaoJeA,2255,0,2633,11,5303,True,lT8We1sqd6d-tb8olaoJeA
848,2011,12,212,Bangkok,13.72396676933045,100.5442264966935,o0BSZNlgySphsXce6jAoJA,1324,1,2929,2,5306,True,o0BSZNlgySphsXce6jAoJA
3479,2020,8,187,Bangkok,13.75429390818618,100.5685585059032,JRKkM6zDyfN5zw15FQ4dGg,2346,0,2764,4,5308,True,JRKkM6zDyfN5zw15FQ4dGg
3304,2018,9,568,Bangkok,13.75328254677442,100.4837412964757,sllXFPcWib1tSgpRFPLpHA,1750,1,2931,3,5312,True,sllXFPcWib1tSgpRFPLpHA
180,2012,1,207,Bangkok,13.71721280683052,100.4898543237346,uM4-g7WhXk0ANq5OK_vtfQ,233,0,234,10,5314,True,uM4-g7WhXk0ANq5OK_vtfQ
4198,2014,9,198,Bangkok,13.76313242831787,100.5096445106369,3rl6eEHx7wJjHfIjhepGhw,1745,0,1940,9,5316,True,3rl6eEHx7wJjHfIjhepGhw
2434,2011,12,470,Bangkok,13.74205646836275,100.5666770732199,ZjMgFl07ctfayEUQCDBZ8Q,2090,0,2400,7,5318,True,ZjMgFl07ctfayEUQCDBZ8Q
3419,2018,9,394,Bangkok,13.75414203305726,100.5098344084554,gDV4L9r8Oald1QOgkf8B3A,2456,0,2932,3,5324,True,gDV4L9r8Oald1QOgkf8B3A
2740,2011,9,479,Bangkok,13.74664964288829,100.5278003606461,O7Ddf1A-gWOz5ShI1hvMJQ,2457,0,2933,5,5328,True,O7Ddf1A-gWOz5ShI1hvMJQ
1206,2016,10,435,Bangkok,13.72829458554967,100.5607109633389,WeVlq6LhzgzlExTNHi3CzQ,569,0,580,4,5332,True,WeVlq6LhzgzlExTNHi3CzQ
2426,2019,5,540,Bangkok,13.74221756517471,100.55865259843,VjLgJYjj7DUZrp9wp_aJWw,848,1,2935,2,5335,True,VjLgJYjj7DUZrp9wp_aJWw
2395,2019,5,348,Bangkok,13.7422385403972,100.5258099953382,O5bujPwBWHUdJm9tYmwsXA,1552,1,2175,7,5345,True,O5bujPwBWHUdJm9tYmwsXA
3520,2019,6,614,Bangkok,13.75522468922253,100.5246166033368,vnM1oFlgKAPfYDOdRT5Ocw,1091,1,2937,2,5346,True,vnM1oFlgKAPfYDOdRT5Ocw
3313,2016,8,286,Bangkok,13.75321670855522,100.4916868383568,DfBv-5efPIOCWxcTGqk7xQ,2036,0,2332,8,5348,True,DfBv-5efPIOCWxcTGqk7xQ
152,2020,8,353,Bangkok,13.71622484086719,100.5487145085525,5iXjNtZWVMoUzkxTETh7OQ,2461,0,2939,1,5352,True,5iXjNtZWVMoUzkxTETh7OQ
4738,2019,4,513,Bangkok,13.76947523521221,100.5259953926494,KqHqpg3GDTGZi_A53vQ1YQ,1944,0,2201,6,5361,True,KqHqpg3GDTGZi_A53vQ1YQ
4306,2011,9,346,Bangkok,13.7644524969349,100.5239897651578,osRe0HtqO87KcZCNnwNfqQ,1699,0,1885,7,5370,True,osRe0HtqO87KcZCNnwNfqQ
2378,2020,8,651,Bangkok,13.74216763993359,100.5156124429757,b2cULD-cmPc_dpxmYIt2cQ,1163,0,1236,8,5378,True,b2cULD-cmPc_dpxmYIt2cQ
425,2019,9,415,Bangkok,13.7191664190845,100.5636297428913,wHx3fq4pyf2naR8yefM4pA,1098,1,2946,1,5379,True,wHx3fq4pyf2naR8yefM4pA
4362,2016,8,372,Bangkok,13.76476737425327,100.4963700923389,aqhQ1ihnrHEo2ORl3hZzvA,2466,0,2947,1,5382,True,aqhQ1ihnrHEo2ORl3hZzvA
647,2011,9,256,Bangkok,13.72221617182902,100.5237691351185,fl_yUzCcbHkVvqJw3GOe3g,2341,1,2949,7,5390,True,fl_yUzCcbHkVvqJw3GOe3g
4735,2011,9,309,Bangkok,13.77214999355245,100.5221428892042,nSzAosWlfhwFFztGIU5VTg,2467,0,2950,5,5392,True,nSzAosWlfhwFFztGIU5VTg
1396,2020,9,85,Bangkok,13.73074620555601,100.4843216008404,mbfiNoTMWGifhR_0tkfStw,2469,0,2952,4,5397,True,mbfiNoTMWGifhR_0tkfStw
3804,2018,1,352,Bangkok,13.75832363653729,100.5515139397444,soa8F9XWH_kHL39v1xWKLw,1715,1,2953,2,5401,True,soa8F9XWH_kHL39v1xWKLw
2819,2017,6,370,Bangkok,13.7469192208236,100.5196589665632,PUSYonvnornIA1B1bkDSKQ,1258,0,1345,7,5403,True,PUSYonvnornIA1B1bkDSKQ
1902,2016,11,280,Bangkok,13.73621222848468,100.559993453878,0sMNsdlGTFzEVZ6kuKcw2w,2473,0,2957,1,5408,True,0sMNsdlGTFzEVZ6kuKcw2w
2,2016,11,398,Bangkok,13.71514263052087,100.4858026052575,VHqNUDqSAcSSrgmnG1SN7A,479,0,488,3,5419,True,VHqNUDqSAcSSrgmnG1SN7A
3907,2017,6,417,Bangkok,13.75922582854371,100.5648298835291,42MUhWJwvLaEAaEewCINZA,1528,1,2959,4,5424,True,42MUhWJwvLaEAaEewCINZA
4126,2020,8,431,Bangkok,13.76221996415738,100.5226689396245,OJy01Gf5v2GQcEcv5-yG8A,1856,0,2085,6,5425,True,OJy01Gf5v2GQcEcv5-yG8A
1821,2018,10,484,Bangkok,13.73513405052701,100.5628027439681,opuVE-3eclNw3-cHGcEdGg,1372,0,1473,5,5426,True,opuVE-3eclNw3-cHGcEdGg
3113,2018,9,562,Bangkok,13.75030170500464,100.5535870262372,JNTn5vNtY9LWVfEjT1Grsw,2355,1,2961,1,5428,True,JNTn5vNtY9LWVfEjT1Grsw
2308,2014,9,442,Bangkok,13.74135681191968,100.5301278126096,gKP-DrbagGPdgvsEXxmRNQ,2317,0,2719,10,5430,True,gKP-DrbagGPdgvsEXxmRNQ
4345,2019,4,414,Bangkok,13.76423368060442,100.5667316201261,i6Sv7KtmHWwH5JWxLEAY8w,277,0,278,4,5435,True,i6Sv7KtmHWwH5JWxLEAY8w
3094,2020,8,472,Bangkok,13.75017547978276,100.5314685147291,Vb_dGG5IHCwWx1QraajXUQ,1296,0,1389,8,5437,True,Vb_dGG5IHCwWx1QraajXUQ
602,2019,6,411,Bangkok,13.72104355530733,100.559248682086,qc-tGhY7pwT7-E0vqwO3DA,1263,0,1350,13,5446,True,qc-tGhY7pwT7-E0vqwO3DA
1457,2018,9,390,Bangkok,13.73120272854874,100.5517315560479,wiXUB6qSA3bwWexO6EFM9A,1069,0,1130,6,5452,True,wiXUB6qSA3bwWexO6EFM9A
1650,2019,9,186,Bangkok,13.73288073556819,100.566436887306,SnxZq4YMsUHhgt5lsVYozw,1631,0,1798,14,5460,True,SnxZq4YMsUHhgt5lsVYozw
4723,2011,9,354,Bangkok,13.76969717643874,100.5061008812224,dGskoUR0h9AWQUiTeK2XAQ,1933,0,2185,9,5461,True,dGskoUR0h9AWQUiTeK2XAQ
84,2011,12,293,Bangkok,13.71505162136414,100.568264679592,kkN0pfd1NMhbIstX60j3FA,2477,0,2964,3,5462,True,kkN0pfd1NMhbIstX60j3FA
4463,2020,8,145,Bangkok,13.76600622826265,100.5074658949231,fuNA2Pr3DGgmruE0dmowUw,1522,0,1656,6,5464,True,fuNA2Pr3DGgmruE0dmowUw
8,2018,6,625,Bangkok,13.71516072503587,100.4916860008491,jkN86-yvRcflHno40hn4jA,2481,0,2970,2,5477,True,jkN86-yvRcflHno40hn4jA
4499,2020,9,697,Bangkok,13.76627681506752,100.5476663298953,2ZVv8z2wnyWroJM2C3oq4w,1325,1,2972,1,5482,True,2ZVv8z2wnyWroJM2C3oq4w
50,2016,10,39,Bangkok,13.71525949041279,100.533809902718,_1QI2kRPh9vzilVzrotxDw,1481,0,1605,10,5500,True,_1QI2kRPh9vzilVzrotxDw
1500,2011,9,352,Bangkok,13.7321189666798,100.5059296658776,qD_FCX5Fjw6B45mM0fCnmA,2483,0,2975,6,5506,True,qD_FCX5Fjw6B45mM0fCnmA
1469,2020,8,452,Bangkok,13.73119995906139,100.5614693475543,7xhMCbf71VKCePdwLfWVrw,2484,0,2976,1,5507,True,7xhMCbf71VKCePdwLfWVrw
3896,2018,9,287,Bangkok,13.75909027442961,100.5509324869074,MSJNDG9GKMwRu9GHumh-6g,378,1,2977,1,5508,True,MSJNDG9GKMwRu9GHumh-6g
4639,2019,9,502,Bangkok,13.76777165909268,100.5124707159367,LkMpkIKLXPYroUPFx_evQQ,2487,0,2981,3,5516,True,LkMpkIKLXPYroUPFx_evQQ
3715,2019,9,452,Bangkok,13.75700415399618,100.5456139786272,qMgBljheSVmPcwnpggGF7g,181,0,181,7,5521,True,qMgBljheSVmPcwnpggGF7g
3700,2011,9,519,Bangkok,13.75710995516975,100.5267389084358,uxL3DL-gFO1SRD3b-_8JYQ,1710,1,2985,1,5526,True,uxL3DL-gFO1SRD3b-_8JYQ
19,2011,9,232,Bangkok,13.71513707714474,100.502720562595,UIdnWyzz82YRVhuFZhJ0Hw,2173,1,2986,4,5528,True,UIdnWyzz82YRVhuFZhJ0Hw
1090,2017,5,108,Bangkok,13.72730721074185,100.5259521642606,-4-oGnWYtE5VMMNXLuseqg,2397,1,2987,1,5531,True,-4-oGnWYtE5VMMNXLuseqg
179,2017,5,383,Bangkok,13.71733574653002,100.4887118271674,bVYX0AAgRpAU92b646I72g,2491,0,2990,1,5538,True,bVYX0AAgRpAU92b646I72g
4304,2017,6,270,Bangkok,13.76488076680246,100.5300825224271,etJcuEv9QTQdqOMx95d08Q,1548,1,2991,2,5539,True,etJcuEv9QTQdqOMx95d08Q
2623,2019,8,541,Bangkok,13.74517112706048,100.4944751341146,vaEIi8EHC4GKDeadzKaPCg,2412,0,2858,8,5540,True,vaEIi8EHC4GKDeadzKaPCg
48,2019,5,625,Bangkok,13.71532801180307,100.5317039891814,xx9uXS_RMzxu3ShPXn2xUA,1290,1,1507,5,5543,True,xx9uXS_RMzxu3ShPXn2xUA
4703,2020,8,269,Bangkok,13.76842750069492,100.5690555214988,_O18398YA2NwYiEJSJaNFg,2205,1,2992,1,5544,True,_O18398YA2NwYiEJSJaNFg
1068,2017,12,565,Bangkok,13.72735237201517,100.5036847964585,drIza7B_RsXsU1qg4k8Y7A,780,0,810,7,5547,True,drIza7B_RsXsU1qg4k8Y7A
2877,2019,5,328,Bangkok,13.74817512775824,100.4941729065029,LKf4jEYJXxHHXUmy5nxhWw,239,0,240,3,5559,True,LKf4jEYJXxHHXUmy5nxhWw
353,2019,5,415,Bangkok,13.71915088521523,100.4886974876708,iCoWDjuzGMUj5iIRU-mSOA,2274,1,2996,2,5560,True,iCoWDjuzGMUj5iIRU-mSOA
4059,2018,9,393,Bangkok,13.76112168655873,100.5400104719427,QHsRGu4hE5wmuzbkgYPI4w,2494,0,2997,6,5561,True,QHsRGu4hE5wmuzbkgYPI4w
1727,2017,6,505,Bangkok,13.73434873036416,100.5587572758895,axTsvQzcWS7rUz6M9xAjKQ,563,1,2998,1,5562,True,axTsvQzcWS7rUz6M9xAjKQ
1069,2018,10,595,Bangkok,13.72731737709511,100.5087070299479,L2KAYluZBpAbuc9_k-WVvw,518,0,528,3,5564,True,L2KAYluZBpAbuc9_k-WVvw
1812,2016,11,643,Bangkok,13.73527135414343,100.5599539345905,921LM7aMIe7krvYVpA0TXg,2315,0,2717,5,5565,True,921LM7aMIe7krvYVpA0TXg
1328,2017,9,428,Bangkok,13.72922510926244,100.5050133223852,fKCyWzHxw2XpjSoP47fTGA,1364,0,1464,9,5575,True,fKCyWzHxw2XpjSoP47fTGA
3596,2016,8,282,Bangkok,13.75648454498788,100.5127221706719,x9_YAlLvBNoMp5vmqZn64g,909,0,953,7,5576,True,x9_YAlLvBNoMp5vmqZn64g
4633,2011,9,506,Bangkok,13.76834676736044,100.5048220232859,1R_uho9XGBma6WpiMsOxUQ,2482,1,2999,3,5585,True,1R_uho9XGBma6WpiMsOxUQ
434,2017,6,301,Bangkok,13.71913564079302,100.5695588786378,Dr4ftqz-WxpGBG1SAX94Xg,2496,0,3001,2,5594,True,Dr4ftqz-WxpGBG1SAX94Xg
2179,2016,11,312,Bangkok,13.74029030646568,100.4888045161365,qH3nyyuiAVD6WYEWeyYqzg,1332,0,1428,6,5596,True,qH3nyyuiAVD6WYEWeyYqzg
496,2016,10,497,Bangkok,13.71996600382671,100.5450888236844,7YWHg_3BVFCTFF33UmjOCQ,1653,0,1825,3,5597,True,7YWHg_3BVFCTFF33UmjOCQ
1889,2011,9,510,Bangkok,13.73594947145826,100.5441025321521,SkNUqhmyBBvSiGSt_wpt3g,1869,1,3002,2,5600,True,SkNUqhmyBBvSiGSt_wpt3g
1745,2020,9,390,Bangkok,13.73515416988876,100.4916445592281,Glb4EoOxNlGM8_nNjP4jKQ,2117,0,2437,5,5605,True,Glb4EoOxNlGM8_nNjP4jKQ
3887,2017,6,378,Bangkok,13.75931182248611,100.5434020558386,8Rmgbf2TfCWHuF5g3AUCYA,2071,2,3006,1,5611,True,8Rmgbf2TfCWHuF5g3AUCYA
3200,2011,12,287,Bangkok,13.75128109679657,100.553847301915,4sSBVLIg74-asx1VladUQg,2343,1,3007,3,5612,True,4sSBVLIg74-asx1VladUQg
3784,2017,6,276,Bangkok,13.75780762845988,100.5286238909747,XzJfYKPEv0U2TwDo9N1nVw,1820,2,3009,2,5616,True,XzJfYKPEv0U2TwDo9N1nVw
444,2017,5,351,Bangkok,13.7200692280368,100.4947186903981,EADvE8Q_6kg1mrOyzgpmTQ,1829,0,2049,4,5618,True,EADvE8Q_6kg1mrOyzgpmTQ
749,2017,6,488,Bangkok,13.72333027687423,100.5357283755146,04MTYtZj9fRIXAbGdI8RXA,862,0,902,10,5619,True,04MTYtZj9fRIXAbGdI8RXA
1097,2018,9,445,Bangkok,13.72713473822431,100.5378116129871,D9841hBwWpiCycib1k1Mzw,424,1,3010,2,5620,True,D9841hBwWpiCycib1k1Mzw
4159,2017,12,339,Bangkok,13.76222645184942,100.5557043397901,rDhUz1e7ojVo4knx6NndEg,349,3,3012,1,5623,True,rDhUz1e7ojVo4knx6NndEg
2152,2020,1,630,Bangkok,13.73930723398865,100.5469240758182,m83q1u2vls7lafRPXpITbw,579,0,591,11,5633,True,m83q1u2vls7lafRPXpITbw
3517,2016,10,67,Bangkok,13.75544909410389,100.5258162644847,DuraWh_01DhmIINInmzJ9A,561,0,572,10,5636,True,DuraWh_01DhmIINInmzJ9A
3940,2018,9,567,Bangkok,13.76032082818655,100.5067406781834,2GxWwVPhGjVYigyQJXBV_A,1770,0,1976,12,5639,True,2GxWwVPhGjVYigyQJXBV_A
2967,2011,9,126,Bangkok,13.74901133064954,100.4898871124036,qcBPtEC2IuR_ZO1q_NqUbw,2451,0,2921,8,5640,True,qcBPtEC2IuR_ZO1q_NqUbw
284,2016,11,130,Bangkok,13.71833245287891,100.5067585753704,-rOfzILC1A-99BsMcEM3Xg,2503,0,3018,3,5651,True,-rOfzILC1A-99BsMcEM3Xg
607,2019,6,305,Bangkok,13.72135257573286,100.5697098224279,3Z4z8VsFeLfB7zRhUl9UGA,2505,0,3021,2,5661,True,3Z4z8VsFeLfB7zRhUl9UGA
358,2019,8,519,Bangkok,13.71908631438978,100.4943192734007,yPvbJ011yj9bAR1hdkwSqg,1611,1,3022,1,5662,True,yPvbJ011yj9bAR1hdkwSqg
1206,2017,6,222,Bangkok,13.72829731847563,100.5607037774723,8_JosZFPIwP-ngq8GPRnoQ,569,1,3024,1,5677,True,8_JosZFPIwP-ngq8GPRnoQ
795,2020,9,439,Bangkok,13.72431993954545,100.4925084909114,WMZRVfEwiq9ynj6M4xfPGA,1270,0,1357,12,5679,True,WMZRVfEwiq9ynj6M4xfPGA
312,2018,2,440,Bangkok,13.71834959654275,100.5346711523838,iIasjUpNVpxc0_CsQ0iNng,481,0,491,5,5680,True,iIasjUpNVpxc0_CsQ0iNng
3587,2019,5,286,Bangkok,13.75629601629938,100.5047289221563,rh9npSxbo7HoGVrzHDNMPg,2509,0,3027,7,5683,True,rh9npSxbo7HoGVrzHDNMPg
1544,2011,12,463,Bangkok,13.73222746753637,100.5519839142405,_KLVuaTHH92z6zlVFjJpCg,1204,1,1729,6,5686,True,_KLVuaTHH92z6zlVFjJpCg
3507,2011,9,423,Bangkok,13.75521301908375,100.5086879368739,ZUX7XfiyQRsMJavY2bThsw,1363,1,1891,4,5689,True,ZUX7XfiyQRsMJavY2bThsw
2517,2018,10,389,Bangkok,13.74329068393983,100.5687193125059,2xCrOxsMXzpRHZcdT2b3ZA,1122,2,3029,1,5691,True,2xCrOxsMXzpRHZcdT2b3ZA
960,2019,5,478,Bangkok,13.72624844808825,100.4887504111091,GNxL3L2DTafPnWTchutLyw,2409,1,3030,1,5693,True,GNxL3L2DTafPnWTchutLyw
2402,2016,11,549,Bangkok,13.74228275617857,100.5354092790999,dW0kVo2oNxu8AJIABragLQ,2511,0,3032,18,5695,True,dW0kVo2oNxu8AJIABragLQ
2955,2018,9,353,Bangkok,13.74834527820665,100.5677768985514,vVvd5h41xmajZGRpWnGw0Q,1315,0,1410,12,5704,True,vVvd5h41xmajZGRpWnGw0Q
1491,2018,5,183,Bangkok,13.73242399490655,100.4989583324697,Tw-mBlU3nJBAdqURNYPQDA,2515,0,3036,3,5705,True,Tw-mBlU3nJBAdqURNYPQDA
2084,2011,12,429,Bangkok,13.73823635131478,100.5664422569875,1DNGqK0L6LIROAFce83aVw,522,0,532,10,5707,True,1DNGqK0L6LIROAFce83aVw
4684,2019,9,229,Bangkok,13.76814159678757,100.5600644214847,kV4ziGj2RLC2hTyyTZciFg,121,0,121,4,5715,True,kV4ziGj2RLC2hTyyTZciFg
1136,2020,9,397,Bangkok,13.72821702722678,100.4887070730524,CGhkZz6PjbAUJQAOzZnJ4w,2140,0,2470,6,5721,True,CGhkZz6PjbAUJQAOzZnJ4w
352,2018,10,394,Bangkok,13.71948502141902,100.4876667168181,esg-J8MklyKYqnvEnpHySA,1614,0,1773,14,5734,True,esg-J8MklyKYqnvEnpHySA
3402,2011,9,475,Bangkok,13.7538095769289,100.4862669472117,VhzntRaiiXxAYH6k6FEUlA,230,2,3043,1,5735,True,VhzntRaiiXxAYH6k6FEUlA
4067,2020,8,285,Bangkok,13.76126717572222,100.549712978011,V4eRSlrdYI1TKlJU8A8OaA,2121,2,3044,1,5737,True,V4eRSlrdYI1TKlJU8A8OaA
84,2018,10,480,Bangkok,13.71499190655624,100.5682328147898,owGAzmcTO4xSXkTxvVSVSA,2477,1,3045,1,5740,True,owGAzmcTO4xSXkTxvVSVSA
929,2016,11,197,Bangkok,13.72511071950425,100.5407393873454,hsHSbXwnaj471w5xmDzuKQ,1786,0,1995,10,5745,True,hsHSbXwnaj471w5xmDzuKQ
1775,2011,9,355,Bangkok,13.73524406702353,100.5157530868926,TWGeo0EYo4kFC_8WJB75uw,2308,1,3048,1,5754,True,TWGeo0EYo4kFC_8WJB75uw
640,2011,9,296,Bangkok,13.72236189263406,100.5167459243474,zDAghpZv57rbzuOBoRK4MQ,2463,1,3050,4,5756,True,zDAghpZv57rbzuOBoRK4MQ
514,2017,6,330,Bangkok,13.71994849334029,100.564652509317,Cl6rNXdT5HZlc3NRmxlmig,2523,0,3051,5,5762,True,Cl6rNXdT5HZlc3NRmxlmig
1318,2018,5,208,Bangkok,13.73021385240373,100.499681776498,1H1GMoMww8LI2dpqgJ9Ppw,1590,2,3052,2,5766,True,1H1GMoMww8LI2dpqgJ9Ppw
2576,2019,5,604,Bangkok,13.74418385220169,100.5357380762874,2z9qG3yyeX6G2GUr6PuPKQ,250,0,251,10,5777,True,2z9qG3yyeX6G2GUr6PuPKQ
2175,2017,6,365,Bangkok,13.73899957189349,100.5687558531718,33LvGPjdfGkOi3vZqrmS9w,787,0,818,4,5795,True,33LvGPjdfGkOi3vZqrmS9w
1148,2020,9,349,Bangkok,13.7285658075946,100.4968173467507,QIlawnt8z9bydgP1PF0ang,172,0,172,4,5798,True,QIlawnt8z9bydgP1PF0ang
4296,2018,9,613,Bangkok,13.76492590292504,100.5144082616473,HmUe3F7pNSptn5nLGIAhCg,1636,0,1806,6,5799,True,HmUe3F7pNSptn5nLGIAhCg
2016,2019,5,212,Bangkok,13.73820994158368,100.4965833371784,MxsG036xJHD_gbyDsxLKeQ,1243,0,1328,12,5805,True,MxsG036xJHD_gbyDsxLKeQ
2164,2016,8,707,Bangkok,13.73924258519279,100.5654695410606,aJqsFLFcXtwdsG_91GV8ew,867,0,907,5,5806,True,aJqsFLFcXtwdsG_91GV8ew
1198,2016,11,67,Bangkok,13.72820267235586,100.5524536959646,WET_-ZgutEslWhAuV_w8AA,223,0,224,6,5810,True,WET_-ZgutEslWhAuV_w8AA
2712,2019,5,511,Bangkok,13.74623937747098,100.5009008263609,KDwICF49qCGONRMHzjst8A,2280,0,2668,6,5824,True,KDwICF49qCGONRMHzjst8A
2908,2020,9,686,Bangkok,13.74832629722227,100.5213733027265,4FSOPDcQybBdHlUeEt1-Eg,267,0,268,6,5826,True,4FSOPDcQybBdHlUeEt1-Eg
3455,2017,11,289,Bangkok,13.75403203014398,100.5465184648581,IxFHyYQpR2LCRS-7OrsSyQ,2528,0,3060,4,5830,True,IxFHyYQpR2LCRS-7OrsSyQ
983,2018,10,227,Bangkok,13.72605699335859,100.5055578687045,Ze3DwoXdxsg-2kBg7aN6-Q,2529,0,3061,1,5831,True,Ze3DwoXdxsg-2kBg7aN6-Q
4590,2018,10,391,Bangkok,13.76733016058808,100.5445143254576,TIQZMqTjOuwMQVs7l2Fv3w,255,1,3063,1,5835,True,TIQZMqTjOuwMQVs7l2Fv3w
3783,2019,9,273,Bangkok,13.75821665161971,100.5196705167052,f9mcT12bmmJELZNz99RLxQ,1167,0,1241,11,5839,True,f9mcT12bmmJELZNz99RLxQ
4219,2018,7,617,Bangkok,13.76334160282334,100.5264836167476,zf1BULdh1hCyNU3uwWzZjQ,1680,0,1862,8,5852,True,zf1BULdh1hCyNU3uwWzZjQ
2043,2011,9,382,Bangkok,13.7383461730106,100.5223820245884,uTnLreup3e8Y70TPUrrcBg,832,1,3068,1,5856,True,uTnLreup3e8Y70TPUrrcBg
14,2019,8,486,Bangkok,13.71521143761088,100.4977243477946,sRuq8KJ2wmpdojpi3gR9LQ,2368,0,2798,4,5858,True,sRuq8KJ2wmpdojpi3gR9LQ
1355,2020,9,402,Bangkok,13.73023174270641,100.5347259906295,ug15ABcQV4wSSxcpYc0Amw,1101,0,1163,11,5859,True,ug15ABcQV4wSSxcpYc0Amw
4576,2011,12,171,Bangkok,13.76728737520431,100.5358054632758,cNdm2WcTXPGNq1Ws4_XztQ,1303,1,3069,1,5861,True,cNdm2WcTXPGNq1Ws4_XztQ
777,2017,11,379,Bangkok,13.72321336002157,100.5647407252226,y2UpAg9kM5k1TewqKpOurQ,1655,0,1827,5,5862,True,y2UpAg9kM5k1TewqKpOurQ
2178,2011,9,416,Bangkok,13.7403173703739,100.4878245912812,DRjhpUfE5ad1DY2EPqRcwQ,2165,1,3070,3,5865,True,DRjhpUfE5ad1DY2EPqRcwQ
830,2019,8,305,Bangkok,13.72385140653871,100.526248315039,lMaNJ-eog4N0ArasToCo1Q,2533,0,3071,2,5869,True,lMaNJ-eog4N0ArasToCo1Q
3127,2017,12,653,Bangkok,13.75028646390795,100.563742188089,4bAD2WwN3yOtRUGGlpPD8g,2534,0,3072,4,5870,True,4bAD2WwN3yOtRUGGlpPD8g
3895,2020,8,444,Bangkok,13.75915563632786,100.5457833211395,S1naKWB5Ex1bSvQNNU7-VQ,856,0,896,4,5875,True,S1naKWB5Ex1bSvQNNU7-VQ
2531,2019,8,367,Bangkok,13.74428275769246,100.4918204708259,b6YoheolsOlYHkrNA4JzJw,590,1,3073,2,5881,True,b6YoheolsOlYHkrNA4JzJw
2933,2020,8,446,Bangkok,13.74819465446559,100.5446629070985,-BeDFNVktlutOQLnQvNiug,1550,0,1690,8,5882,True,-BeDFNVktlutOQLnQvNiug
1927,2017,11,288,Bangkok,13.73713437256159,100.4938453692953,Fk7yn9sVSYOmVP7DffAk_Q,403,0,411,11,5883,True,Fk7yn9sVSYOmVP7DffAk_Q
3675,2019,5,296,Bangkok,13.75711609986222,100.5027129687015,YIt-Omqnl4rGmM0Ja4GZdA,1065,0,1126,5,5884,True,YIt-Omqnl4rGmM0Ja4GZdA
4630,2020,8,171,Bangkok,13.76873904261112,100.5072296643714,oa-Suyrt6cVglTaRXlyr2A,2535,0,3074,5,5888,True,oa-Suyrt6cVglTaRXlyr2A
4322,2020,9,515,Bangkok,13.76387637641991,100.5405757611419,J3f_u-MfK87qC3ET8sLDaQ,2267,0,2649,4,5889,True,J3f_u-MfK87qC3ET8sLDaQ
1690,2018,9,205,Bangkok,13.73428798800431,100.5156139769399,IdMSu_aj9m34EiZi-_b6QA,1797,1,3077,1,5899,True,IdMSu_aj9m34EiZi-_b6QA
3246,2018,9,218,Bangkok,13.75226852663928,100.5145308817888,uZzEaIN9QY6nOhfEF0uBOw,1198,1,3080,2,5911,True,uZzEaIN9QY6nOhfEF0uBOw
2796,2011,9,353,Bangkok,13.74721043754414,100.492783857131,kmFVOatX170dbL5SFAoGdQ,1242,0,1327,6,5914,True,kmFVOatX170dbL5SFAoGdQ
98,2018,10,296,Bangkok,13.71635745365497,100.4946996141361,IzAPaNIFJkdXHvUNV-s-7w,2448,0,2918,4,5918,True,IzAPaNIFJkdXHvUNV-s-7w
3207,2017,6,278,Bangkok,13.75116429952375,100.5587142497482,5A_K0GCd4wXc_zkO9Gg9Ww,308,1,3084,3,5921,True,5A_K0GCd4wXc_zkO9Gg9Ww
2376,2016,8,166,Bangkok,13.74212948712119,100.5067972207329,CsV0VGFJXdmlfuUhLcLOLQ,1572,1,3085,1,5923,True,CsV0VGFJXdmlfuUhLcLOLQ
1136,2018,10,554,Bangkok,13.72821852290785,100.488698992442,L2h7aIyaE_celwmG565ZgQ,2140,1,3086,1,5929,True,L2h7aIyaE_celwmG565ZgQ
65,2018,10,142,Bangkok,13.71540003353504,100.5487202542132,4ZUbUN9OMHC3h4UbkQHuxQ,1045,1,3087,1,5931,True,4ZUbUN9OMHC3h4UbkQHuxQ
206,2011,9,590,Bangkok,13.71733226997268,100.5157892974403,TVKK2_D5ynMSzATApSMhYw,1374,1,3088,3,5933,True,TVKK2_D5ynMSzATApSMhYw
1781,2018,9,446,Bangkok,13.73526747737878,100.5206771942813,yjKd0pUTnSEZatKwlAyanQ,1215,0,1298,4,5936,True,yjKd0pUTnSEZatKwlAyanQ
885,2020,9,504,Bangkok,13.7256121917104,100.5035770621164,9wBvw9Qo_zXFSRsXtlZ_Gg,2541,0,3089,3,5937,True,9wBvw9Qo_zXFSRsXtlZ_Gg
765,2016,11,307,Bangkok,13.72318577530678,100.5547134344148,VBCWA7l56gdRT0qT8eX1Hw,365,0,370,5,5940,True,VBCWA7l56gdRT0qT8eX1Hw
738,2011,9,380,Bangkok,13.72337594526568,100.5267032777678,4NpAgPgcxAVUzA8EBaiuVA,198,1,1374,4,5941,True,4NpAgPgcxAVUzA8EBaiuVA
3056,2016,8,285,Bangkok,13.75010155365816,100.4896287747274,kj8BeI5cCof7_NXdoXF6HQ,18,2,3093,2,5954,True,kj8BeI5cCof7_NXdoXF6HQ
1889,2015,10,689,Bangkok,13.73593169349361,100.5441142122361,eP-SAkyCB10clFQE88q8Ag,1869,0,2100,6,5961,True,eP-SAkyCB10clFQE88q8Ag
832,2018,2,95,Bangkok,13.72425441637285,100.5348813465881,U_Y0Q0tAIylXa-6uah7tdQ,1656,1,3095,3,5974,True,U_Y0Q0tAIylXa-6uah7tdQ
1121,2020,8,396,Bangkok,13.72717058298321,100.5627294160509,0e7fxCOSjy2g2iYxNrqTdQ,2212,0,2576,4,5978,True,0e7fxCOSjy2g2iYxNrqTdQ
3292,2014,10,164,Bangkok,13.75167655297284,100.5566076445801,Uo-Bom_8L41xLsPvUR9FfQ,2049,0,2346,6,5981,True,Uo-Bom_8L41xLsPvUR9FfQ
440,2017,11,133,Bangkok,13.71997519002321,100.4878555579751,Y1ldj2tN2hpl80ehQo_OsQ,548,0,559,12,5983,True,Y1ldj2tN2hpl80ehQo_OsQ
2606,2017,6,229,Bangkok,13.74441713331356,100.5671621208714,XAWJrLdqsUjNx3w60AlJQw,1505,1,2487,4,5987,True,XAWJrLdqsUjNx3w60AlJQw
3785,2019,4,252,Bangkok,13.75825263260919,100.5267887251318,cC8eZpIM9bI8kBxnrAmXGw,1954,1,3097,1,5990,True,cC8eZpIM9bI8kBxnrAmXGw
4631,2014,9,412,Bangkok,13.76777662834609,100.5082379807498,GH2xCX3ng9uxTPrtJ52_Lg,241,0,242,8,5991,True,GH2xCX3ng9uxTPrtJ52_Lg
3803,2016,9,230,Bangkok,13.75824823469139,100.5427852042185,-7c56BrFCrar_haw8_69Vg,2548,0,3099,3,5998,True,-7c56BrFCrar_haw8_69Vg
1828,2020,8,289,Bangkok,13.73529496168888,100.5688357470784,pb1bzWVBdc7eAho4ow8eTA,874,1,3101,2,6003,True,pb1bzWVBdc7eAho4ow8eTA
3970,2018,10,451,Bangkok,13.76046753542527,100.5388149829022,22oqffaS0oxXFaqA0W1J7g,225,1,3104,1,6014,True,22oqffaS0oxXFaqA0W1J7g
595,2011,10,292,Bangkok,13.72116261120846,100.5530058271936,F7dW2sCAkMrX83tPrEQHbw,1531,0,1667,6,6015,True,F7dW2sCAkMrX83tPrEQHbw
3288,2016,11,388,Bangkok,13.75226483162229,100.5527242493687,vlDpeDNZFJl9rQVa4bSSaw,428,0,436,12,6017,True,vlDpeDNZFJl9rQVa4bSSaw
3161,2018,1,153,Bangkok,13.75124057726441,100.5107380661935,XAlZcNMJaTWUNhk0FNOchA,2552,0,3106,1,6020,True,XAlZcNMJaTWUNhk0FNOchA
123,2019,8,331,Bangkok,13.71627526675151,100.5197794636649,Xy-lUfIR18Qc8YNVSSQJRg,1587,0,1741,4,6026,True,Xy-lUfIR18Qc8YNVSSQJRg
2703,2016,8,519,Bangkok,13.74680603920662,100.4907012029069,8isgK3HmeS3RQwpJI2Z6Xg,1928,1,3108,2,6030,True,8isgK3HmeS3RQwpJI2Z6Xg
2413,2011,12,190,Bangkok,13.74216841438495,100.549763951146,-kUL-zSehh1TBF236gI9qQ,2555,0,3110,10,6043,True,-kUL-zSehh1TBF236gI9qQ
4825,2017,6,572,Bangkok,13.77019901456738,100.5258626260131,Cb4UUJty-F5GFYzNaN6XgQ,2556,0,3111,1,6044,True,Cb4UUJty-F5GFYzNaN6XgQ
776,2019,6,195,Bangkok,13.72317886078113,100.5607323685333,6rmW6Fn0MT9PJn6SeIRSmg,1494,1,3112,2,6047,True,6rmW6Fn0MT9PJn6SeIRSmg
1914,2020,8,574,Bangkok,13.73624504384792,100.5679096819808,sxJOf5hPidyN7MhSpo4Spw,2557,0,3113,2,6053,True,sxJOf5hPidyN7MhSpo4Spw
4851,2019,4,151,Bangkok,13.76966535636108,100.548154917169,HI3pEgfV6ldbL_nzYIeztA,1939,1,3114,1,6054,True,HI3pEgfV6ldbL_nzYIeztA
3449,2018,10,350,Bangkok,13.75386618131834,100.5365056683624,bsurd8JFa1jIk4vZMxtwxg,1764,2,3116,1,6060,True,bsurd8JFa1jIk4vZMxtwxg
636,2019,5,139,Bangkok,13.72209370167027,100.5107302771155,KpIUnAkx8sbPOrRdhKGnYw,2490,0,2988,4,6067,True,KpIUnAkx8sbPOrRdhKGnYw
4762,2019,9,516,Bangkok,13.77000731429851,100.5412155493355,ZW6xCuL6nUn973jnFYEe9A,370,0,375,12,6068,True,ZW6xCuL6nUn973jnFYEe9A
320,2018,2,237,Bangkok,13.71914280479225,100.5419458208932,p-3tQGMe-BOdPNl_NehUYw,894,1,2072,3,6069,True,p-3tQGMe-BOdPNl_NehUYw
4486,2017,11,317,Bangkok,13.76640728370255,100.5348396345439,EVxF3yoscDejFvYffrH7yg,1078,0,1139,13,6085,True,EVxF3yoscDejFvYffrH7yg
4278,2017,5,62,Bangkok,13.76400474603545,100.4985614738676,OIACd926XdLF3LPM2Y_H0w,1998,0,2277,8,6090,True,OIACd926XdLF3LPM2Y_H0w
60,2020,8,524,Bangkok,13.7162260185527,100.5452383739275,aCA-eER0vtxe2PoEuuxLAQ,132,1,3122,1,6098,True,aCA-eER0vtxe2PoEuuxLAQ
2445,2018,9,304,Bangkok,13.74327931831184,100.4947812975661,4SUj7-Ek8EiJVw8e9Z66cw,2164,1,3124,1,6102,True,4SUj7-Ek8EiJVw8e9Z66cw
243,2017,11,209,Bangkok,13.71724815103577,100.55263335343,Y7VNobz4oy3MpjGr0KTe2w,55,0,55,5,6109,True,Y7VNobz4oy3MpjGr0KTe2w
3167,2018,7,373,Bangkok,13.75123317866822,100.5218180985091,02L3U106QrLzcb92G9H7pQ,2182,0,2527,10,6111,True,02L3U106QrLzcb92G9H7pQ
2971,2016,8,662,Bangkok,13.74916407953794,100.4979202826335,CTlJg6fpJjNv7qBeVmuGWQ,1502,1,3127,2,6112,True,CTlJg6fpJjNv7qBeVmuGWQ
1029,2018,1,491,Bangkok,13.7263394947247,100.5517107840367,9HRJ0Sxy20RsFBCxgyV5cw,2329,0,2734,3,6113,True,9HRJ0Sxy20RsFBCxgyV5cw
1115,2011,12,298,Bangkok,13.72723244819541,100.5525599725844,oWd-DdB4XoKbYtXowpZYFg,1463,2,1952,7,6127,True,oWd-DdB4XoKbYtXowpZYFg
2741,2020,8,240,Bangkok,13.7461884057694,100.5247304076904,0h4r1Rqfb48uvqiWPRmTAg,1800,1,3133,2,6132,True,0h4r1Rqfb48uvqiWPRmTAg
3605,2020,8,389,Bangkok,13.75621787578251,100.5270368907315,1Iv3yojQiesjh9mIwk4qoQ,2567,0,3134,4,6133,True,1Iv3yojQiesjh9mIwk4qoQ
1605,2011,9,300,Bangkok,13.73321998179813,100.5276815383789,MNh2aP1cUoH3Wd1M5IUqOg,1250,0,1335,6,6139,True,MNh2aP1cUoH3Wd1M5IUqOg
955,2018,10,274,Bangkok,13.72493743770656,100.5672635850842,Cl6L3scNsDLyEj8mM7wPpA,242,0,243,5,6140,True,Cl6L3scNsDLyEj8mM7wPpA
4460,2017,5,188,Bangkok,13.76641300131903,100.5098851002431,VPty375jpmx32-0h35CBTA,1649,1,3135,1,6141,True,VPty375jpmx32-0h35CBTA
995,2016,10,594,Bangkok,13.72626417044341,100.5196926461818,EsHbdKCn3Gvf9D3d1f9OOQ,2471,0,2955,8,6147,True,EsHbdKCn3Gvf9D3d1f9OOQ
1404,2019,5,433,Bangkok,13.73101050950106,100.4998972573484,fJW-STTh5SEvvbEjOHJ9dQ,2569,0,3138,4,6150,True,fJW-STTh5SEvvbEjOHJ9dQ
2464,2017,9,589,Bangkok,13.74332854912164,100.5162022802969,7BHnGS_VfC3OyhRxf7X91Q,1318,1,3139,3,6153,True,7BHnGS_VfC3OyhRxf7X91Q
3298,2019,5,363,Bangkok,13.75253021980921,100.5647747788561,OEWLeSoB7UMBzNikpSTXSA,2570,0,3140,9,6155,True,OEWLeSoB7UMBzNikpSTXSA
2298,2018,9,282,Bangkok,13.74117087600761,100.5187937034376,tZFRuKoULNv6zKlkglkA1A,2290,1,3142,2,6157,True,tZFRuKoULNv6zKlkglkA1A
104,2020,9,169,Bangkok,13.71651760733502,100.5004717044587,gA1sO2_FyQgVNnP_4r6WSA,1129,1,3143,2,6158,True,gA1sO2_FyQgVNnP_4r6WSA
3471,2019,9,295,Bangkok,13.75388462773706,100.5626651462801,Hvt1Ab6CkUHoTl13Qjk4Yg,1859,0,2088,8,6176,True,Hvt1Ab6CkUHoTl13Qjk4Yg
3793,2020,9,327,Bangkok,13.75826260305928,100.5337328989221,C_cQ_d29C5eomQRQIT761w,1821,0,2039,6,6177,True,C_cQ_d29C5eomQRQIT761w
2078,2011,12,401,Bangkok,13.73832576413613,100.5637357404981,O2dfRo4bGZ35UpTb1y9fiQ,933,1,3145,1,6181,True,O2dfRo4bGZ35UpTb1y9fiQ
1083,2018,1,132,Bangkok,13.72711164248867,100.5165807863578,HY_dxFVzNCqgLoWm-_QOFw,2572,0,3146,1,6182,True,HY_dxFVzNCqgLoWm-_QOFw
4417,2018,10,487,Bangkok,13.76515270414575,100.5506941992559,-qVI5kubseTqOTWoUWLm7w,973,1,1654,3,6183,True,-qVI5kubseTqOTWoUWLm7w
1039,2020,8,307,Bangkok,13.7262415359161,100.5647841042065,4dmPwPVPdQxD6lGalZ2L5w,1605,1,2432,7,6185,True,4dmPwPVPdQxD6lGalZ2L5w
4750,2017,11,392,Bangkok,13.76895166875613,100.5295197737034,F_RU7eWeKriUulq54-NQyA,1534,0,1672,10,6207,True,F_RU7eWeKriUulq54-NQyA
3189,2018,10,390,Bangkok,13.75137864223299,100.5385256742058,YLw9TBoTIcr0C48srj7Udg,788,1,3151,1,6217,True,YLw9TBoTIcr0C48srj7Udg
974,2019,9,288,Bangkok,13.72615002689155,100.4986924527572,rTB0Elrp-PnI3dNK85xIFg,1017,1,3152,2,6225,True,rTB0Elrp-PnI3dNK85xIFg
431,2018,5,361,Bangkok,13.72024865492948,100.4848122901684,u4QxRHt77jf6qb7s-B2T7w,904,1,3154,1,6231,True,u4QxRHt77jf6qb7s-B2T7w
4232,2016,9,551,Bangkok,13.76323089464164,100.5386079663075,N50s8T5GSL9y2yh_g8PFpQ,2575,0,3155,6,6234,True,N50s8T5GSL9y2yh_g8PFpQ
572,2018,10,144,Bangkok,13.72163852046917,100.5355495771884,Qa2XrMON2jJvCmjWMzAs0A,2234,1,3158,2,6242,True,Qa2XrMON2jJvCmjWMzAs0A
1824,2019,9,211,Bangkok,13.73525398618445,100.5677584630359,KAvcnrMnUiliOD8Ns0itUQ,1640,0,1810,4,6245,True,KAvcnrMnUiliOD8Ns0itUQ
4866,2017,11,410,Bangkok,13.77032237010497,100.5624128444823,QItZmOkFOyXZM7xZOwnd2g,2579,0,3160,2,6247,True,QItZmOkFOyXZM7xZOwnd2g
2030,2018,1,544,Bangkok,13.73825383840598,100.5107374425045,veH8L6lqxOBj8RssH0V-tA,1987,1,3161,1,6255,True,veH8L6lqxOBj8RssH0V-tA
1411,2016,11,465,Bangkok,13.73170517393477,100.5039512990661,rXko1DsCSJ2CRDBR8byACw,958,1,3162,1,6258,True,rXko1DsCSJ2CRDBR8byACw
4213,2020,8,532,Bangkok,13.76335673400402,100.5235634350003,1JI3SAcMEZHA98vx7dmhLA,0,0,0,7,6264,True,1JI3SAcMEZHA98vx7dmhLA
1293,2017,6,462,Bangkok,13.72915567928889,100.5607137077105,bEXMBFOSduoTF3jqtAc_aw,802,0,835,4,6271,True,bEXMBFOSduoTF3jqtAc_aw
2758,2020,9,412,Bangkok,13.74630033185529,100.548035282471,7t1mRMF-XrF3YhpCZW0P8Q,923,1,1272,7,6275,True,7t1mRMF-XrF3YhpCZW0P8Q
3079,2019,5,594,Bangkok,13.74999751096909,100.5186020327171,A30D2EZFCVg14ySXuOLuFg,2583,0,3169,4,6276,True,A30D2EZFCVg14ySXuOLuFg
928,2018,10,318,Bangkok,13.72539235005341,100.5426688725043,wB4xRDVoFReXcFOqb__gXg,1399,0,1505,9,6286,True,wB4xRDVoFReXcFOqb__gXg
47,2018,11,322,Bangkok,13.71541511351457,100.530651248003,BCjGKAQzahQFnTdIHpQzMg,1802,0,2017,4,6287,True,BCjGKAQzahQFnTdIHpQzMg
754,2018,8,269,Bangkok,13.72362840232002,100.5443979840789,axgnaw6pBTqu4uwtYZeDuw,1423,0,1535,5,6290,True,axgnaw6pBTqu4uwtYZeDuw
2779,2018,2,461,Bangkok,13.74600576663971,100.5676218391511,8dXxCIixL19Vn56faPJEGw,2192,1,3171,1,6298,True,8dXxCIixL19Vn56faPJEGw
4456,2011,9,514,Bangkok,13.76606542040119,100.4970112704184,qg83EYbmz17L5uafAXA8LQ,2586,0,3173,1,6305,True,qg83EYbmz17L5uafAXA8LQ
3133,2015,10,40,Bangkok,13.75138634024178,100.4894909790077,NCp4dMXHzISwffOxjtfWmw,1282,4,3174,4,6308,True,NCp4dMXHzISwffOxjtfWmw
3138,2015,10,272,Bangkok,13.7512917259511,100.4895035900969,LLdxgqGj5XA-a0imjHssSA,1282,1,2452,6,6311,True,LLdxgqGj5XA-a0imjHssSA
3640,2018,9,386,Bangkok,13.75665629690928,100.5557296694087,8TDLWaZIUBplEcwT-W7DDg,2589,0,3178,4,6319,True,8TDLWaZIUBplEcwT-W7DDg
4292,2019,4,508,Bangkok,13.7654680014491,100.5172654094029,yA-Ks7XVpbKIKR0tIIsyoQ,2590,0,3179,7,6325,True,yA-Ks7XVpbKIKR0tIIsyoQ
3330,2020,8,387,Bangkok,13.75318723195095,100.5027269774739,dN_FjMufqZ_FOtSLXEKkYQ,2160,0,2501,6,6327,True,dN_FjMufqZ_FOtSLXEKkYQ
722,2011,9,349,Bangkok,13.72307142188834,100.5067094001059,AxKYgTjL0hxGzo8PjpZxGA,1601,1,3180,3,6332,True,AxKYgTjL0hxGzo8PjpZxGA
2363,2016,11,270,Bangkok,13.74186890483057,100.497585881754,34ZqTobo-Jx5n-bjOtAtSg,683,0,706,8,6337,True,34ZqTobo-Jx5n-bjOtAtSg
3465,2017,12,288,Bangkok,13.7543485036664,100.5557528656625,6ui9Uq8UI868M99myHXVSQ,2591,0,3182,6,6338,True,6ui9Uq8UI868M99myHXVSQ
1979,2016,11,100,Bangkok,13.73717532088609,100.5497619374165,SR3M895L1jiS147qQgs3Jg,183,0,183,4,6341,True,SR3M895L1jiS147qQgs3Jg
223,2020,9,207,Bangkok,13.71726581745865,100.5328093369748,9wh2HeZHNytElFxruvOQYA,1726,0,1918,11,6342,True,9wh2HeZHNytElFxruvOQYA
4827,2019,9,370,Bangkok,13.77124248774855,100.5241469809108,SSxsiLHTxr2EeA1ndfQ8Qw,1724,0,1915,9,6343,True,SSxsiLHTxr2EeA1ndfQ8Qw
3188,2020,8,494,Bangkok,13.75126841853604,100.5376553026006,MUnjxTpEk5GxkqL90f_CPQ,1109,1,3183,1,6348,True,MUnjxTpEk5GxkqL90f_CPQ
1608,2019,6,555,Bangkok,13.73310296642476,100.5248330859258,IGuWG83geD_nc1c8MT7qvQ,1138,1,3184,2,6349,True,IGuWG83geD_nc1c8MT7qvQ
3837,2020,8,206,Bangkok,13.75953965566347,100.4959408606571,Yhrxv6Ld-wvG-85gOlBeRA,556,0,567,6,6351,True,Yhrxv6Ld-wvG-85gOlBeRA
3489,2014,9,99,Bangkok,13.75523613580393,100.4896339850458,6UBTO9jzAZ-rezUj9nhAmw,1254,1,3185,2,6353,True,6UBTO9jzAZ-rezUj9nhAmw
4,2018,5,206,Bangkok,13.71520605749694,100.4877048861459,vIL9R4SlUhcmwXUuOHZWcg,1816,1,3188,2,6363,True,vIL9R4SlUhcmwXUuOHZWcg
4434,2019,9,380,Bangkok,13.76501488119107,100.5695377547311,uum5SVzGcN9WaTYMxF6Ywg,2086,1,3189,1,6366,True,uum5SVzGcN9WaTYMxF6Ywg
3399,2011,9,508,Bangkok,13.75423091898839,100.4895986817924,Ou1Ev0SOOSR0QR3B-1ER4w,1100,1,2285,4,6374,True,Ou1Ev0SOOSR0QR3B-1ER4w
2153,2018,9,506,Bangkok,13.73915471344045,100.5491996038252,b2esc4Rw2SzCYtLzz_nprg,1137,0,1204,4,6381,True,b2esc4Rw2SzCYtLzz_nprg
157,2016,11,512,Bangkok,13.71620189026109,100.5537560275939,4yIaAZ3TU5nDLl_TC2yLFQ,1546,1,3191,1,6385,True,4yIaAZ3TU5nDLl_TC2yLFQ
439,2016,11,515,Bangkok,13.72021220685081,100.4857124636352,EItTJF1C3kRuvD1t12Z44Q,1823,0,2041,6,6392,True,EItTJF1C3kRuvD1t12Z44Q
4138,2020,9,251,Bangkok,13.76371588258929,100.5325066912572,e8Sp81AzawWeEhco47MH-w,2223,0,2591,6,6394,True,e8Sp81AzawWeEhco47MH-w
2248,2017,6,362,Bangkok,13.74025549519704,100.5574240970756,OJk9aHFvDODGXO2ZEruHFA,1524,0,1660,3,6407,True,OJk9aHFvDODGXO2ZEruHFA
1666,2014,9,77,Bangkok,13.73426265015447,100.4967528216115,EF7P68isNgY9wASmEHw5EA,166,2,3197,1,6412,True,EF7P68isNgY9wASmEHw5EA
301,2020,9,240,Bangkok,13.71824897338882,100.5239023370025,5hUCHPf4G8_tDz1tueDDFA,1822,0,2040,3,6413,True,5hUCHPf4G8_tDz1tueDDFA
2875,2016,8,454,Bangkok,13.7485771400887,100.4899715329182,lxWQuPN_KXBZEGjRt1BmmA,2184,1,3198,2,6415,True,lxWQuPN_KXBZEGjRt1BmmA
1053,2018,10,398,Bangkok,13.72721157888277,100.4937732080359,nnqOfx04OlQ6p7zkzNaBLw,2131,0,2455,4,6416,True,nnqOfx04OlQ6p7zkzNaBLw
1988,2018,9,561,Bangkok,13.73715506360218,100.557026270358,UP7jjrBYZeq17OC-XsiqbA,2597,0,3199,7,6417,True,UP7jjrBYZeq17OC-XsiqbA
736,2018,9,179,Bangkok,13.72319632521936,100.5219382909363,3oHu7q_OFmrm1X82ydiIAA,1532,1,3200,1,6419,True,3oHu7q_OFmrm1X82ydiIAA
3310,2017,8,314,Bangkok,13.75330383367859,100.486218729102,h3diy0opWRfbXIt5jEM1uA,1196,0,1276,6,6425,True,h3diy0opWRfbXIt5jEM1uA
4042,2018,7,547,Bangkok,13.76113267065076,100.5233341257556,eimIY8uBj6cIe7vKo-vigg,1927,0,2172,3,6428,True,eimIY8uBj6cIe7vKo-vigg
2239,2011,12,715,Bangkok,13.74027362560106,100.5494134733497,Mioyie38ch0vwbP_G3YGYg,1959,2,3202,2,6430,True,Mioyie38ch0vwbP_G3YGYg
4452,2020,8,167,Bangkok,13.76653989492568,100.4990316611897,pCK3japMa_Esv_ONNsZwSg,2599,0,3203,1,6432,True,pCK3japMa_Esv_ONNsZwSg
650,2018,9,125,Bangkok,13.7222926666374,100.5221031195601,lz314fqDceDev07_LGe0fw,695,0,719,3,6435,True,lz314fqDceDev07_LGe0fw
4374,2018,2,195,Bangkok,13.76536436670391,100.5058206007581,zzVVDIB09cMoFBOTdoDE0w,544,2,3204,1,6436,True,zzVVDIB09cMoFBOTdoDE0w
2081,2020,8,524,Bangkok,13.73828924912064,100.5598712735313,mqVQXssjrKFi8boispU7tQ,138,1,1658,3,6446,True,mqVQXssjrKFi8boispU7tQ
1183,2016,10,296,Bangkok,13.72813388306423,100.5306063255209,Sy8X1eR5L28WkKDt7AGiIw,32,1,3206,1,6454,True,Sy8X1eR5L28WkKDt7AGiIw
2471,2017,6,303,Bangkok,13.74312439807599,100.5186702038045,PUarJwecysZEV8haPRpiCQ,1440,0,1552,6,6459,True,PUarJwecysZEV8haPRpiCQ
2616,2017,5,514,Bangkok,13.74510997414485,100.4847361468798,34689vX6Wh-afavoh2Mtxw,2601,0,3207,7,6462,True,34689vX6Wh-afavoh2Mtxw
4332,2020,8,265,Bangkok,13.76420302933681,100.5537156704899,hrH_IULNmz9u2S2fQXm_Vw,2602,0,3208,5,6464,True,hrH_IULNmz9u2S2fQXm_Vw
111,2016,11,592,Bangkok,13.71644590470219,100.5078361990419,6AVzGkhn5AwbqhFKg1tcjw,1675,1,3210,2,6468,True,6AVzGkhn5AwbqhFKg1tcjw
2878,2018,2,352,Bangkok,13.74829636355047,100.4900646713047,z0r3-9Q9Rsge7XY9ffLHBw,484,0,494,9,6470,True,z0r3-9Q9Rsge7XY9ffLHBw
4769,2011,12,220,Bangkok,13.76909688486422,100.5520666862524,Ny1TXX5dSZAAl2jCsDFv6Q,2327,1,3212,1,6473,True,Ny1TXX5dSZAAl2jCsDFv6Q
3379,2019,5,210,Bangkok,13.75302259842445,100.5566651786064,4U6FsonxPvVx1tqoUDF_oA,2604,0,3213,5,6476,True,4U6FsonxPvVx1tqoUDF_oA
4391,2017,6,379,Bangkok,13.76522327948123,100.5238402658406,5SyGfWYDpW-fk5_QVGNqyA,2435,1,3215,1,6485,True,5SyGfWYDpW-fk5_QVGNqyA
2327,2011,9,299,Bangkok,13.74131808649228,100.5450173669087,uD_PAi3tH-q1sVKbdquL2g,927,0,973,9,6493,True,uD_PAi3tH-q1sVKbdquL2g
734,2019,6,246,Bangkok,13.72324963245361,100.5205936685721,jlpy9HtRhtld_B5ByC-10w,1510,2,3217,1,6494,True,jlpy9HtRhtld_B5ByC-10w
3976,2020,9,508,Bangkok,13.76006090796741,100.5438066012006,XSEEK3daSAPaN2XpQFqGnQ,1703,1,3219,1,6498,True,XSEEK3daSAPaN2XpQFqGnQ
4610,2018,2,518,Bangkok,13.76825928388543,100.4856847040613,_mqomn5OI04hOo_ks98J1g,915,0,959,5,6500,True,_mqomn5OI04hOo_ks98J1g
1900,2011,12,589,Bangkok,13.73623782206589,100.555892780054,dqvQsjvLNpmyPLZU4je7mA,1514,0,1645,3,6507,True,dqvQsjvLNpmyPLZU4je7mA
2512,2017,6,603,Bangkok,13.74270451022899,100.5605099028527,3A95mJzjGrMQ_nuUCyg0rA,298,1,3222,1,6511,True,3A95mJzjGrMQ_nuUCyg0rA
3275,2019,6,112,Bangkok,13.75291800445427,100.5409015692898,CfELFfPTzxJvbVXZSKUDYA,1819,0,2037,6,6513,True,CfELFfPTzxJvbVXZSKUDYA
366,2017,5,138,Bangkok,13.71914907115271,100.5018001157339,1iqbr1FdqH4tOPxmkdAJYg,1297,0,1390,4,6514,True,1iqbr1FdqH4tOPxmkdAJYg
946,2017,6,640,Bangkok,13.7252169184254,100.5617718774611,6O6eNtvkWCKQsKYRPj7rmQ,1154,0,1223,7,6520,True,6O6eNtvkWCKQsKYRPj7rmQ
2516,2018,1,718,Bangkok,13.74323224083278,100.5587195714164,cQBI-nT4BjBFN1G7mdg-gA,1984,1,3224,1,6523,True,cQBI-nT4BjBFN1G7mdg-gA
2809,2020,8,575,Bangkok,13.7473052445713,100.5046620581705,2wtGsg7dNgvtWj0tgJh3qw,2612,0,3230,4,6547,True,2wtGsg7dNgvtWj0tgJh3qw
291,2016,11,313,Bangkok,13.71874946822081,100.5138412955749,-TZIn0TkXU-ZOqRUaY2JKQ,511,0,521,12,6553,True,-TZIn0TkXU-ZOqRUaY2JKQ
739,2019,5,390,Bangkok,13.72322258918372,100.5311660657859,bSpUe6HKY4XwB37IOss_yg,2614,0,3232,2,6557,True,bSpUe6HKY4XwB37IOss_yg
1135,2017,5,467,Bangkok,13.72819827979765,100.4838430987161,ybqaFwRLdUh58AsNQ_vLqw,2616,0,3235,1,6562,True,ybqaFwRLdUh58AsNQ_vLqw
3481,2020,8,86,Bangkok,13.75522423581398,100.4835669682703,zwl7ZfOwFiNrlLcorWztxg,693,0,717,12,6565,True,zwl7ZfOwFiNrlLcorWztxg
507,2018,10,227,Bangkok,13.72020767723847,100.5577344607242,SlSd355AQrDqh7O4WKaV6g,93,0,93,8,6568,True,SlSd355AQrDqh7O4WKaV6g
4194,2018,2,268,Bangkok,13.7632682562604,100.5026894889806,Lp3yKHVkvTU-7MALjzfgpg,2405,0,2847,5,6575,True,Lp3yKHVkvTU-7MALjzfgpg
571,2011,12,366,Bangkok,13.7211764188877,100.5375615689465,-sOHs7DDQgPMFmruitIssA,2177,0,2521,3,6584,True,-sOHs7DDQgPMFmruitIssA
279,2018,10,337,Bangkok,13.71847190856189,100.5018386472949,49XbZI5D3riAjQ_ilrjlLQ,2549,1,3242,1,6589,True,49XbZI5D3riAjQ_ilrjlLQ
882,2019,9,619,Bangkok,13.72518230006726,100.494717200528,FN7Jz0nNKb3jMtDnxQlvGA,1748,0,1943,5,6605,True,FN7Jz0nNKb3jMtDnxQlvGA
4226,2017,11,321,Bangkok,13.76355896810544,100.5328392082841,UyqbVWV5mX-CX3xUUjkkDA,2620,0,3244,4,6606,True,UyqbVWV5mX-CX3xUUjkkDA
4390,2017,11,514,Bangkok,13.76535634804662,100.5243428948998,kWEBzxLSaRpibsQpm7VBrA,2621,0,3245,7,6608,True,kWEBzxLSaRpibsQpm7VBrA
4778,2018,9,407,Bangkok,13.76913220303392,100.5637076032818,ojKaESSWtgyYeT05x-KknQ,1573,0,1720,6,6613,True,ojKaESSWtgyYeT05x-KknQ
4654,2017,6,482,Bangkok,13.76808429335575,100.5281894825116,ppjni1OU_099FYy-739CmA,153,0,153,13,6616,True,ppjni1OU_099FYy-739CmA
3696,2016,8,320,Bangkok,13.75723558189546,100.5207248671433,_ZdCqLqJWC_DLnaq5jjHag,656,0,674,6,6619,True,_ZdCqLqJWC_DLnaq5jjHag
838,2011,12,349,Bangkok,13.72430470976779,100.544059449755,F1qAEOd9PRGI_6XIRGHP_g,2053,1,3248,2,6621,True,F1qAEOd9PRGI_6XIRGHP_g
777,2020,8,560,Bangkok,13.72319350442563,100.5647510949539,7zx8INDfu4_SmjVzxJxiSA,1655,1,3252,3,6638,True,7zx8INDfu4_SmjVzxJxiSA
1135,2020,9,483,Bangkok,13.72818660058945,100.4838412020784,hywfskCRhJ70aNNWFsOdJA,2616,1,3254,1,6643,True,hywfskCRhJ70aNNWFsOdJA
4264,2019,5,79,Bangkok,13.76419212642259,100.4896342904556,RBS-sFULO2ylkjrvFXaCRw,969,0,1019,10,6644,True,RBS-sFULO2ylkjrvFXaCRw
1999,2011,12,376,Bangkok,13.73727024698026,100.5698175952313,UTTl6hPUDIzUPpoCDltZnA,2626,0,3255,9,6645,True,UTTl6hPUDIzUPpoCDltZnA
2160,2020,8,702,Bangkok,13.73932572808468,100.558348134795,eRFLo5DkyBW5SEtgiXin-A,2446,1,3256,3,6647,True,eRFLo5DkyBW5SEtgiXin-A
4362,2011,9,267,Bangkok,13.76475043113641,100.496366252876,8185ZDNVutKhhxdUARe_MA,2466,1,3259,2,6653,True,8185ZDNVutKhhxdUARe_MA
4396,2019,4,131,Bangkok,13.7654483408956,100.528848755382,TrbeHrqEwdj0ZBeV-i14ww,2630,0,3262,1,6659,True,TrbeHrqEwdj0ZBeV-i14ww
1576,2017,8,453,Bangkok,13.73315181195962,100.4917112433414,QDf1kPuNQAYPW30o0COIeA,1958,1,3263,1,6660,True,QDf1kPuNQAYPW30o0COIeA
360,2018,10,168,Bangkok,13.7191420938644,100.4957507199785,6X7UB_tk_R-sOo_gKiS9SQ,2538,1,3265,2,6669,True,6X7UB_tk_R-sOo_gKiS9SQ
1792,2016,11,432,Bangkok,13.73512960570647,100.5401554098782,sIK8GgmNLDG9jbXvsgFl-w,313,0,314,6,6675,True,sIK8GgmNLDG9jbXvsgFl-w
1099,2016,11,319,Bangkok,13.72729172386116,100.5366983365231,27EVOJCIj0cX5B2Qz95q4Q,1698,1,3250,3,6676,True,27EVOJCIj0cX5B2Qz95q4Q
2188,2018,9,471,Bangkok,13.74056111223866,100.4967860765313,5NiG_hkJYbaXi0Nb2YHS6A,2284,0,2673,3,6679,True,5NiG_hkJYbaXi0Nb2YHS6A
304,2017,6,49,Bangkok,13.71826249396047,100.5268721618035,4zJeP_XkGFxnZ_n2-WfxGQ,2365,1,3266,3,6681,True,4zJeP_XkGFxnZ_n2-WfxGQ
1402,2017,8,273,Bangkok,13.73135221635777,100.4906508671452,WmOsGkghAIgtl2kwgill6w,2378,1,3268,1,6686,True,WmOsGkghAIgtl2kwgill6w
554,2020,9,347,Bangkok,13.72117837889898,100.5146881677141,1-3t5Xy0Yt7jPa94li0Sqw,584,0,596,5,6693,True,1-3t5Xy0Yt7jPa94li0Sqw
781,2018,10,609,Bangkok,13.72324168645799,100.5696063382829,2bStVEXVkDU0gvqIuZzKHw,2632,0,3271,5,6699,True,2bStVEXVkDU0gvqIuZzKHw
4072,2018,10,457,Bangkok,13.76119504721748,100.5576259813938,Kb6_V1ZCgbP7febeiVNR0w,639,1,3273,2,6701,True,Kb6_V1ZCgbP7febeiVNR0w
1057,2019,9,441,Bangkok,13.72735699012161,100.497682136856,2B9MBA0mi_NT--srH9V-eQ,1804,0,2019,10,6703,True,2B9MBA0mi_NT--srH9V-eQ
1916,2018,10,282,Bangkok,13.73712221173744,100.4838450051216,DWH3UnfWxyKMOPi6MaDKeA,1594,1,3275,2,6704,True,DWH3UnfWxyKMOPi6MaDKeA
3959,2020,9,329,Bangkok,13.760336607731,100.5287290995861,l7NrvgwskblCPBKdJ36GyQ,2634,0,3276,11,6707,True,l7NrvgwskblCPBKdJ36GyQ
2989,2017,11,562,Bangkok,13.74925741026732,100.5127191434986,tlBvl5kJiwFS6GPme1PPDA,2635,0,3277,8,6714,True,tlBvl5kJiwFS6GPme1PPDA
1274,2020,9,413,Bangkok,13.72923643000366,100.5377361242762,PRK7U-lvw00xk01_PZA_MA,2123,0,2444,13,6723,True,PRK7U-lvw00xk01_PZA_MA
4513,2017,6,557,Bangkok,13.76632014403013,100.5585699117986,v1_g0D8qorGgNPnmWjrfOg,2453,1,3017,5,6731,True,v1_g0D8qorGgNPnmWjrfOg
4374,2018,7,524,Bangkok,13.76537492896967,100.5058131736228,JGxDin_4NR_icNo0vj93MQ,544,3,3280,1,6735,True,JGxDin_4NR_icNo0vj93MQ
3355,2019,6,471,Bangkok,13.75323019640103,100.5336994366073,6QdXK9YZeR6PXwx-k5hbZw,942,0,989,6,6736,True,6QdXK9YZeR6PXwx-k5hbZw
2978,2020,9,607,Bangkok,13.74921736427445,100.5047617170699,9FKx9j7DFsWGmgIXYO4cRw,2639,0,3282,3,6745,True,9FKx9j7DFsWGmgIXYO4cRw
1222,2017,5,446,Bangkok,13.72902481549506,100.4879429889121,Pe7ZL4et84DOeC7MqfxcHQ,893,0,935,8,6746,True,Pe7ZL4et84DOeC7MqfxcHQ
1036,2018,3,355,Bangkok,13.72616396365809,100.5616909437635,mqYC3MH3yEMFG1d7oyP_Kw,1845,1,2416,4,6750,True,mqYC3MH3yEMFG1d7oyP_Kw
1002,2019,6,357,Bangkok,13.72624007647359,100.5287538616707,DJvva_PcQHdma1VXyKLO9w,2640,0,3283,2,6756,True,DJvva_PcQHdma1VXyKLO9w
707,2018,5,116,Bangkok,13.72326036721772,100.4926883698083,KsAoJWrRUsaC7FYG3e2_kg,650,0,668,6,6757,True,KsAoJWrRUsaC7FYG3e2_kg
3552,2020,9,241,Bangkok,13.75509491464313,100.5556429605617,HkvHeyiSSRIXwq_QayX4pw,1558,0,1701,8,6758,True,HkvHeyiSSRIXwq_QayX4pw
4745,2011,12,247,Bangkok,13.77027696610325,100.5343747851578,blv0OhQe26CbihI26NZlyA,2641,0,3284,2,6760,True,blv0OhQe26CbihI26NZlyA
4519,2017,6,294,Bangkok,13.76622624791632,100.5637131175581,WawaA_Qmn1gh0AROhHnxiQ,2642,0,3285,4,6761,True,WawaA_Qmn1gh0AROhHnxiQ
607,2018,10,100,Bangkok,13.72137545763925,100.5696922204806,RahmuCDe_gbXnCv7jQXnPg,2505,1,3287,1,6768,True,RahmuCDe_gbXnCv7jQXnPg
4206,2018,8,437,Bangkok,13.76362457023793,100.5130691594992,M7Lh2JD2B6772JMwNZCWiQ,1793,0,2002,5,6770,True,M7Lh2JD2B6772JMwNZCWiQ
1147,2017,5,502,Bangkok,13.7283232892259,100.5017312143257,gAYmx65IL7vl8AaXgEQh5w,2336,0,2745,9,6776,True,gAYmx65IL7vl8AaXgEQh5w
1878,2019,7,171,Bangkok,13.73614775158972,100.5343336789641,kJxdvKkafYp1-eWXxKp_Pg,1914,0,2156,7,6782,True,kJxdvKkafYp1-eWXxKp_Pg
1674,2019,5,571,Bangkok,13.73432407654505,100.5056020512586,5gouuNh-tN_DDjjEdtgLfA,2047,1,3291,1,6787,True,5gouuNh-tN_DDjjEdtgLfA
3727,2020,8,509,Bangkok,13.75720154972995,100.5548297098442,UrCBycmMJNEbcDLK5UijTA,2439,1,3295,1,6801,True,UrCBycmMJNEbcDLK5UijTA
652,2017,10,342,Bangkok,13.72222454482404,100.5275481331153,872fgchynSrELSUQAP7taw,1382,0,1483,3,6804,True,872fgchynSrELSUQAP7taw
3693,2019,6,386,Bangkok,13.75719987618483,100.5238177393815,sGs1RBevIYeKWlOCaWzpRw,1922,0,2165,4,6811,True,sGs1RBevIYeKWlOCaWzpRw
2790,2019,5,246,Bangkok,13.74744932895937,100.4903005029276,SBLTZ1ZHGr0LD8OPziDsLw,11,1,1565,5,6816,True,SBLTZ1ZHGr0LD8OPziDsLw
1500,2018,10,525,Bangkok,13.7321021850345,100.5059350664318,XdEG6XjSrABhhfZuXaA2dQ,2483,1,3298,2,6818,True,XdEG6XjSrABhhfZuXaA2dQ
615,2019,8,623,Bangkok,13.72228073257586,100.4906606189862,kty2o2p3Og4ffXj5f4RgMA,2079,0,2387,7,6819,True,kty2o2p3Og4ffXj5f4RgMA
1609,2017,5,257,Bangkok,13.73356727316254,100.5254645761436,ntowfnwnfAoP3C-UNPWA2g,346,0,351,3,6821,True,ntowfnwnfAoP3C-UNPWA2g
3536,2018,7,560,Bangkok,13.75505508631746,100.5357073780619,88Ttr3HF7S4act_RstUpgA,829,1,3303,2,6841,True,88Ttr3HF7S4act_RstUpgA
3995,2018,2,557,Bangkok,13.76025016121229,100.5597296346662,2g2Zmy9mUYHWU5D0vmdMEw,1088,2,3304,1,6848,True,2g2Zmy9mUYHWU5D0vmdMEw
2145,1970,8,374,Bangkok,13.7392454,100.53952,CAoSLEFGMVFpcFBsZXRwSmN4RF8xeHVkdXp3OFBsNU9YN09uLV9GRFhRNl9KeEt5,2459,1,3305,1,6850,True,CAoSLEFGMVFpcFBsZXRwSmN4RF8xeHVkdXp3OFBsNU9YN09uLV9GRFhRNl9KeEt5
2401,2018,9,345,Bangkok,13.74198457454608,100.5397523821162,SNz4QnXP8PDPYtoQKElpQg,529,0,539,10,6853,True,SNz4QnXP8PDPYtoQKElpQg
563,2017,5,358,Bangkok,13.72089379668411,100.5217556493538,VNGD7JQ9_YKRsO0Jflb-Iw,2043,1,3046,6,6858,True,VNGD7JQ9_YKRsO0Jflb-Iw
1740,2019,9,248,Bangkok,13.73528687982667,100.4838488644893,hNQnGjKknjSFF8k7VB5opw,2653,0,3307,1,6861,True,hNQnGjKknjSFF8k7VB5opw
3669,2020,9,402,Bangkok,13.75728559718182,100.49543163078,zGBE5GgXa9tKf3p0-HM47Q,708,0,734,8,6864,True,zGBE5GgXa9tKf3p0-HM47Q
4865,2011,12,488,Bangkok,13.77031987986822,100.565584239567,oLcAoR07P_TzZE81bjwq9g,1774,1,3308,2,6867,True,oLcAoR07P_TzZE81bjwq9g
4237,2017,6,569,Bangkok,13.76329383848723,100.5456174024014,Ie3coEA-KxDJpam_FQFKtw,841,1,2502,3,6874,True,Ie3coEA-KxDJpam_FQFKtw
261,2019,10,370,Bangkok,13.71817931739022,100.4837204469045,2HEeUbU_fGDSrjSujvkRmg,1731,0,1924,8,6877,True,2HEeUbU_fGDSrjSujvkRmg
2512,2016,11,477,Bangkok,13.74268410224284,100.5604508196415,qqyrAj2UrCkO8ynx_Xm2ZA,298,2,3310,1,6886,True,qqyrAj2UrCkO8ynx_Xm2ZA
613,2017,10,222,Bangkok,13.72227776396445,100.4887970229432,Jc7LGYJeyzOH1ctv1u5Txg,2489,1,3311,1,6887,True,Jc7LGYJeyzOH1ctv1u5Txg
2572,2018,8,480,Bangkok,13.74423428808505,100.5347589262567,Un4_w4GxCI_GSpc53C-Ybw,345,1,3313,1,6899,True,Un4_w4GxCI_GSpc53C-Ybw
3411,2018,2,180,Bangkok,13.75456669693063,100.5017865276033,3X33I6IJdUn5E0phofy0HA,2425,0,2877,5,6903,True,3X33I6IJdUn5E0phofy0HA
3280,2020,9,504,Bangkok,13.75223609938218,100.5457645889261,KIGRV0Pgxe_xbX_XwpJY1A,2655,0,3314,9,6909,True,KIGRV0Pgxe_xbX_XwpJY1A
1027,2020,3,454,Bangkok,13.72596130777165,100.5526677247882,s-TouMSObj9PdF_Jl0fVOg,2285,1,2989,4,6913,True,s-TouMSObj9PdF_Jl0fVOg
2863,2018,7,404,Bangkok,13.74727389213168,100.5575400597114,MTHxAmMEbIywt4gpJMbp5A,2656,0,3316,2,6916,True,MTHxAmMEbIywt4gpJMbp5A
402,2016,10,225,Bangkok,13.71967890274439,100.5382067510788,tKMwuZwjvC6m6RI7aJylSQ,1456,1,3318,1,6920,True,tKMwuZwjvC6m6RI7aJylSQ
295,2018,10,331,Bangkok,13.71828448000094,100.5177566621582,9MFo6_Nhh0v6zXmhmhGN-g,410,0,418,9,6922,True,9MFo6_Nhh0v6zXmhmhGN-g
2760,2016,11,309,Bangkok,13.74621241071455,100.5480294826008,PQ4CtrAj880tXZGk51jDDA,923,0,969,7,6931,True,PQ4CtrAj880tXZGk51jDDA
3515,2017,6,546,Bangkok,13.75519731171681,100.5168533952043,VGHoS2ThwOtvzqgOPp_3BA,747,1,3322,1,6932,True,VGHoS2ThwOtvzqgOPp_3BA
4072,2017,6,283,Bangkok,13.76119514945059,100.5576222417651,pvnKT3NmzWXhjSuoF8YEhA,639,0,653,4,6933,True,pvnKT3NmzWXhjSuoF8YEhA
1382,2019,6,428,Bangkok,13.73023876561254,100.5617500848367,YZxXi2K68x-7fwKJlWZAvQ,2054,1,3324,2,6942,True,YZxXi2K68x-7fwKJlWZAvQ
659,2019,5,131,Bangkok,13.72217670899713,100.5327601914696,CWedbWzOXHEzn69DZysbgw,1854,1,3325,3,6943,True,CWedbWzOXHEzn69DZysbgw
2976,2020,9,344,Bangkok,13.74951939648554,100.499723726702,0tdd-BxuxsD7PAECMXtOyg,986,0,1038,8,6944,True,0tdd-BxuxsD7PAECMXtOyg
730,2020,9,112,Bangkok,13.72356957043655,100.514664262721,hHm_kKFe78O5EEmeT-T4MQ,2464,1,3326,2,6946,True,hHm_kKFe78O5EEmeT-T4MQ
1135,2019,5,278,Bangkok,13.72821106702429,100.4838533029477,xwhbD6Cm4GMYiiBB-oCOEw,2616,2,3327,2,6948,True,xwhbD6Cm4GMYiiBB-oCOEw
2803,2020,9,482,Bangkok,13.74725943994935,100.499752066522,VmBmJdnUBSYG-qi5ssiOcQ,1912,0,2154,9,6949,True,VmBmJdnUBSYG-qi5ssiOcQ
4346,2019,4,494,Bangkok,13.76425252019258,100.5686168784666,x6fN65Pk2hh_werR7uaiaw,571,0,582,8,6951,True,x6fN65Pk2hh_werR7uaiaw
2068,2019,11,282,Bangkok,13.73819363365256,100.5490029403082,FCdztuMExb8paLGwqOXqMg,139,0,139,8,6954,True,FCdztuMExb8paLGwqOXqMg
435,2019,6,495,Bangkok,13.71959236882154,100.5690252815731,w4Rex6RhwA_cRqRLFwEkeQ,2661,0,3328,3,6956,True,w4Rex6RhwA_cRqRLFwEkeQ
300,2017,6,569,Bangkok,13.7180080083452,100.52287626927,erof6CjdhVwxc50vsY61yQ,1732,0,1925,4,6957,True,erof6CjdhVwxc50vsY61yQ
2472,2017,6,401,Bangkok,13.74317926593727,100.5200749354698,_VfSybH2FWn5MWpicyFYgA,2039,0,2335,10,6968,True,_VfSybH2FWn5MWpicyFYgA
4564,2017,6,518,Bangkok,13.76734760066373,100.5247006801848,veoZvpdwCQACk7VbgrnjSg,1130,2,3330,2,6969,True,veoZvpdwCQACk7VbgrnjSg
1405,2017,5,104,Bangkok,13.73134018572157,100.4988068857988,i0tk0gDqXIP5i-0JOSVLVA,1093,1,3331,1,6970,True,i0tk0gDqXIP5i-0JOSVLVA
3736,2017,6,485,Bangkok,13.75732040131701,100.5644111498509,Bgzl708-8EjbvtoZR5gtlg,2171,1,2692,4,6977,True,Bgzl708-8EjbvtoZR5gtlg
3929,2020,8,536,Bangkok,13.76029797076181,100.4936628151539,tBCkF3OsJ0CUFu80BcRuKQ,2282,1,3335,1,6988,True,tBCkF3OsJ0CUFu80BcRuKQ
441,2017,9,343,Bangkok,13.72021378035199,100.4897420746438,pEhuVO09SxFoia4Sbh9uWw,1744,0,1939,12,6990,True,pEhuVO09SxFoia4Sbh9uWw
2324,2018,9,519,Bangkok,13.74127293251825,100.5518160347811,2G5GiXV-8iSqLiyQG852rQ,2369,1,3338,1,6993,True,2G5GiXV-8iSqLiyQG852rQ
1099,2020,9,354,Bangkok,13.72730640221128,100.5366900419496,ZRBCJBlSH3WLDxl3oXLn7Q,1698,2,3340,2,7000,True,ZRBCJBlSH3WLDxl3oXLn7Q
4702,2011,9,625,Bangkok,13.76924017995486,100.4867043351426,8t_AW1CbvyddBPwzvICszg,1791,0,2000,6,7002,True,8t_AW1CbvyddBPwzvICszg
2910,2017,7,226,Bangkok,13.74820128746919,100.5197748278708,rAC1ISVZ9MzxpmxMYvC-Kw,2665,0,3341,1,7003,True,rAC1ISVZ9MzxpmxMYvC-Kw
925,2018,2,120,Bangkok,13.72531829830656,100.5376780212469,mHpvhqb2Xb6p3ZmzHjaQHQ,2106,1,3342,2,7006,True,mHpvhqb2Xb6p3ZmzHjaQHQ
4487,2017,6,223,Bangkok,13.76566860355672,100.5330154968122,UVXcQFCdvsWraE13msh4dw,1201,1,1957,3,7008,True,UVXcQFCdvsWraE13msh4dw
1997,2011,12,387,Bangkok,13.73722628584099,100.5669378963048,17bSLRd6SoMjlb6IQlI-MQ,2592,0,3186,4,7009,True,17bSLRd6SoMjlb6IQlI-MQ
279,2018,6,157,Bangkok,13.71846771045546,100.5018479751704,vFMV5Majh3SlgPwgC0zW5g,2549,0,3100,4,7013,True,vFMV5Majh3SlgPwgC0zW5g
881,2011,9,426,Bangkok,13.7249523940112,100.493762382848,uzkIFjmauLbMIXUhivbBBw,2232,0,2601,7,7014,True,uzkIFjmauLbMIXUhivbBBw
18,2018,6,347,Bangkok,13.7152722088921,100.5017310245369,brMXaVkiHGiBv71FGioXYw,2668,0,3345,2,7019,True,brMXaVkiHGiBv71FGioXYw
3346,2016,11,423,Bangkok,13.7531300833809,100.5227597681131,iCW0MgaXvo13Od08Q-L_dg,2669,0,3346,4,7023,True,iCW0MgaXvo13Od08Q-L_dg
1978,2020,8,188,Bangkok,13.73722385467864,100.5531078321981,8ndICGMegSc3lzagIrARpQ,668,0,689,5,7035,True,8ndICGMegSc3lzagIrARpQ
171,2017,6,545,Bangkok,13.71648900773729,100.5678537208333,pPBJb-fJGPmt8wSLufsl5Q,536,1,3348,1,7036,True,pPBJb-fJGPmt8wSLufsl5Q
782,2019,6,466,Bangkok,13.72306431346979,100.5687133344013,4VJ_FsG8EbjeQ5CG7Wo4vA,2001,0,2281,4,7039,True,4VJ_FsG8EbjeQ5CG7Wo4vA
4287,2017,11,342,Bangkok,13.76391587215254,100.5051845083484,Yvf6yP34sVPVZ4AxetBFhw,112,1,1225,10,7043,True,Yvf6yP34sVPVZ4AxetBFhw
3685,2017,7,465,Bangkok,13.75685407007268,100.5187359059223,fehA0xwtA3i3WdVNE4nhsQ,2064,0,2364,9,7050,True,fehA0xwtA3i3WdVNE4nhsQ
4291,2020,8,592,Bangkok,13.76453132487698,100.5141889261031,FkMhwQG98mVGI-NtKvZa4w,603,0,616,7,7054,True,FkMhwQG98mVGI-NtKvZa4w
1961,2020,9,335,Bangkok,13.73717399063066,100.5293410333065,mheSFtJi4E3FFpiRYIS6Fw,2450,0,2920,11,7060,True,mheSFtJi4E3FFpiRYIS6Fw
3365,2019,9,322,Bangkok,13.75322109797108,100.5477031249839,IjXjeMH8PpDHyRFfdbHq2g,660,1,3353,1,7062,True,IjXjeMH8PpDHyRFfdbHq2g
1368,2020,9,519,Bangkok,13.73013010921313,100.5476993845063,_hn-x7U1RLWfOAh1vaBPAA,1229,2,3355,2,7071,True,_hn-x7U1RLWfOAh1vaBPAA
4230,2017,6,501,Bangkok,13.763320535014,100.5403538311771,5l_FDX5w8Nt5lJuy1SC2MA,554,0,565,5,7072,True,5l_FDX5w8Nt5lJuy1SC2MA
3215,2018,10,454,Bangkok,13.75141874869717,100.5649971745359,thpUBDHJfKzUvSIqW5cU5w,2394,1,3356,1,7073,True,thpUBDHJfKzUvSIqW5cU5w
4163,2018,10,204,Bangkok,13.76201356792252,100.5554820890484,dAfrax2lZOQdcg2eB1OpEQ,195,0,195,10,7079,True,dAfrax2lZOQdcg2eB1OpEQ
2251,2016,10,513,Bangkok,13.73997993655436,100.5647650818575,juSchYPi8mdDqJK76xN5ww,1839,1,3357,1,7083,True,juSchYPi8mdDqJK76xN5ww
3363,2017,6,190,Bangkok,13.75317682749979,100.539965219931,AvDkOOyIYsCnzlwtwyCr6w,1462,1,3358,2,7084,True,AvDkOOyIYsCnzlwtwyCr6w
1375,2018,1,52,Bangkok,13.73022181783394,100.5502160117541,zrUpax0qCIr4TxDFKpg65Q,174,2,3359,1,7086,True,zrUpax0qCIr4TxDFKpg65Q
220,2019,8,386,Bangkok,13.71699289744567,100.5297482249644,HVq6E2yrmxc5nklvCxtyjQ,1962,1,3360,5,7089,True,HVq6E2yrmxc5nklvCxtyjQ
7,2017,5,125,Bangkok,13.71521830516588,100.4907569939315,cr0O3t67qbgexal3XNJopw,2309,1,3362,1,7094,True,cr0O3t67qbgexal3XNJopw
4694,2017,12,314,Bangkok,13.76835028786595,100.5674956936003,1wcmw6JdikxwrewpzyCpUg,1767,2,3363,1,7096,True,1wcmw6JdikxwrewpzyCpUg
4419,2018,10,620,Bangkok,13.76502912198889,100.5532051574986,ncEXbYvZCZtwIHdsBe3vWw,1930,1,2968,5,7108,True,ncEXbYvZCZtwIHdsBe3vWw
3087,2017,7,518,Bangkok,13.75017357829469,100.5247533061909,vSNpuCGRAWu0s8u69HP_Og,1755,0,1951,13,7113,True,vSNpuCGRAWu0s8u69HP_Og
839,2018,8,313,Bangkok,13.72477134984593,100.5405846801958,BCCiBr8Jh66thWabKEmd8w,994,0,1046,11,7117,True,BCCiBr8Jh66thWabKEmd8w
876,2016,11,332,Bangkok,13.72531911729597,100.4857441423821,Ft-8Fc8WXRUKqDZpw1txqw,618,1,3367,1,7132,True,Ft-8Fc8WXRUKqDZpw1txqw
966,2011,9,498,Bangkok,13.72619714622847,100.4937980722676,v5u7IYW19hjAKHvNZlnQng,1370,0,1471,8,7136,True,v5u7IYW19hjAKHvNZlnQng
2466,2011,9,529,Bangkok,13.74329743165219,100.5117049931031,kcASOk5pmhyyFOdPp1iiRg,1702,0,1888,5,7144,True,kcASOk5pmhyyFOdPp1iiRg
4640,2019,4,536,Bangkok,13.76739357274917,100.5132981599255,DkkVppqsxlWuKQo7Bmsmwg,2647,0,3293,4,7151,True,DkkVppqsxlWuKQo7Bmsmwg
4653,2018,10,475,Bangkok,13.768606752604,100.5256636185245,9ObHDPgRYzQJgvKjoQRMtA,1148,0,1217,7,7152,True,9ObHDPgRYzQJgvKjoQRMtA
1571,2016,11,423,Bangkok,13.7336285721335,100.4927190134922,ncPu9KIs4HJVL7WUa75QLw,1284,0,1375,6,7153,True,ncPu9KIs4HJVL7WUa75QLw
4820,2020,8,573,Bangkok,13.77065742440693,100.5146629910915,LIBNT1obMDHLqGeeqc3t4w,1021,0,1074,7,7167,True,LIBNT1obMDHLqGeeqc3t4w
167,2011,12,674,Bangkok,13.71617225445573,100.5638657406289,nOZswyBMeMvigkVJRCD5iA,2677,0,3370,1,7168,True,nOZswyBMeMvigkVJRCD5iA
4772,2011,12,330,Bangkok,13.7693406294755,100.5577225211473,_Tx3hnz3DuX2KK5xSZgCbA,190,1,2958,3,7172,True,_Tx3hnz3DuX2KK5xSZgCbA
1781,2018,1,415,Bangkok,13.73526185743621,100.5206448443954,EKy9djyvJj1qX3xs-w_zMw,1215,1,3372,1,7177,True,EKy9djyvJj1qX3xs-w_zMw
482,2019,6,362,Bangkok,13.71990489009608,100.5298919960492,Fw7GsjynUgYRRl-yvB5GEg,1923,0,2166,6,7178,True,Fw7GsjynUgYRRl-yvB5GEg
3052,2011,9,161,Bangkok,13.75021900980638,100.4939189912543,RoJXCbOObcXCFZzS2Bm2nA,1035,0,1093,4,7181,True,RoJXCbOObcXCFZzS2Bm2nA
1852,2019,6,468,Bangkok,13.73650966721253,100.5107447439135,2bqeWhBuHLCsaRSdwvHtig,2440,0,2905,5,7183,True,2bqeWhBuHLCsaRSdwvHtig
2710,2016,8,248,Bangkok,13.74617027338444,100.4964304748342,RWfKvZOwcCcp3HTM-j1dpA,1913,0,2155,9,7192,True,RWfKvZOwcCcp3HTM-j1dpA
4127,2019,9,452,Bangkok,13.76252520501124,100.5238763522176,gW1fbdGH1xPqLBNvvPXYKA,2679,0,3374,8,7195,True,gW1fbdGH1xPqLBNvvPXYKA
826,2020,9,186,Bangkok,13.724261780177,100.5250563872574,09InP6cSSazzVkKN-WZQsQ,2122,1,3257,3,7196,True,09InP6cSSazzVkKN-WZQsQ
4229,2018,10,510,Bangkok,13.76238337391182,100.5353305306439,JDSVlLaPG8eX2tM6ZZYScA,1218,0,1301,6,7197,True,JDSVlLaPG8eX2tM6ZZYScA
3038,2016,9,199,Bangkok,13.74913466297622,100.5627069677618,ATS8KpeHjkOGARwBd0cS1A,523,0,533,12,7202,True,ATS8KpeHjkOGARwBd0cS1A
2121,2019,7,590,Bangkok,13.73928539207702,100.512684482364,_TLzAoRaugQAqu4fEMvyfw,323,0,326,4,7207,True,_TLzAoRaugQAqu4fEMvyfw
1198,2019,6,239,Bangkok,13.72817329537226,100.5524284235414,EgvXI6S8VIvzdrlaxGxNww,223,1,833,4,7208,True,EgvXI6S8VIvzdrlaxGxNww
3554,2020,9,381,Bangkok,13.75486960125067,100.5566653999277,fYFiEPzJOWA8nLJ80YxNMQ,1149,0,1218,9,7213,True,fYFiEPzJOWA8nLJ80YxNMQ
2415,2019,7,465,Bangkok,13.74209062977044,100.5472169481299,MNUqGlbC8mz0mnMhuFaOKg,546,0,557,11,7226,True,MNUqGlbC8mz0mnMhuFaOKg
2580,2020,8,596,Bangkok,13.74456946787557,100.5397460616166,EZsqh_9lm_Gv076JjR844Q,1280,0,1370,12,7228,True,EZsqh_9lm_Gv076JjR844Q
1038,2017,6,292,Bangkok,13.72630121463094,100.5696194705615,fPhVz4GVrCz7kkipI5VF2g,1517,0,1648,6,7237,True,fPhVz4GVrCz7kkipI5VF2g
1235,2017,9,314,Bangkok,13.72913726486073,100.4996452036717,cVFJAqv-aVkvG5ESrSre1w,506,1,2902,4,7247,True,cVFJAqv-aVkvG5ESrSre1w
3310,2018,10,490,Bangkok,13.75331902644739,100.4862199864198,15HlCUjaRu4I5ER2bG8XYA,1196,2,3378,1,7253,True,15HlCUjaRu4I5ER2bG8XYA
635,2019,9,313,Bangkok,13.7220816919348,100.5086938832899,8PlqjP3gyQ5ANvOqdWL2hg,1963,0,2225,8,7257,True,8PlqjP3gyQ5ANvOqdWL2hg
3307,2018,9,274,Bangkok,13.75340149757327,100.4862239845989,B4Tf5OTYGZ6Vh4cI9BkDZw,1196,1,2259,7,7258,True,B4Tf5OTYGZ6Vh4cI9BkDZw
2011,2011,9,544,Bangkok,13.73804624299533,100.4943616659299,7FIhANqAPvsRcROSWI8o6g,2334,0,2741,5,7262,True,7FIhANqAPvsRcROSWI8o6g
3236,2017,11,528,Bangkok,13.75219705050729,100.5009115761208,73gtXS6icbxumQHpmDp4xA,1926,0,2171,10,7271,True,73gtXS6icbxumQHpmDp4xA
1539,2017,9,524,Bangkok,13.73222558112009,100.5477417337656,pwpkh_p3eZhmPYFDBY_5LA,1508,1,3382,1,7275,True,pwpkh_p3eZhmPYFDBY_5LA
916,2020,9,376,Bangkok,13.72540349500882,100.5270145702176,1kDQZJA91HZ717pUfxquUQ,1523,1,2671,7,7278,True,1kDQZJA91HZ717pUfxquUQ
3272,2018,1,494,Bangkok,13.75233390015692,100.5387660044409,unM59fpDcKDx6P1io9DzfA,2498,1,3384,1,7281,True,unM59fpDcKDx6P1io9DzfA
612,2020,9,395,Bangkok,13.72260206108678,100.4865508549377,nVRNHWIFKf0GMqBkog7VQw,1885,0,2121,5,7284,True,nVRNHWIFKf0GMqBkog7VQw
1989,2016,11,108,Bangkok,13.73720223216699,100.5580326229093,tvJ6M8-P4UzBGBAlRwTKSw,550,0,561,5,7287,True,tvJ6M8-P4UzBGBAlRwTKSw
4672,2019,4,316,Bangkok,13.76821162489263,100.5487605655302,rfRkPDTIqumR-IirMpqiCQ,2211,0,2575,4,7288,True,rfRkPDTIqumR-IirMpqiCQ
926,2017,10,370,Bangkok,13.72567874643952,100.5385292540587,zpMAQLo7IVHOSt5oESEp8g,434,1,3288,3,7291,True,zpMAQLo7IVHOSt5oESEp8g
310,2020,8,506,Bangkok,13.71824205787436,100.532747266918,pmrxAP1sFH-nG7PGPfr0Qg,1642,0,1813,5,7297,True,pmrxAP1sFH-nG7PGPfr0Qg
3382,2019,5,503,Bangkok,13.75326336570056,100.5593676380371,kXD6KvmwDgYLB2RenyXUaA,1279,0,1369,6,7299,True,kXD6KvmwDgYLB2RenyXUaA
4231,2017,6,194,Bangkok,13.76311994568582,100.5428407860763,dlDRyyJPQRDWuHrWi973Sg,123,1,3386,3,7300,True,dlDRyyJPQRDWuHrWi973Sg
1898,2020,8,388,Bangkok,13.73601345163939,100.553745449253,MZ0sPQz-p1F6dc5_alsntw,2685,0,3387,1,7304,True,MZ0sPQz-p1F6dc5_alsntw
3283,2016,11,553,Bangkok,13.75205107544198,100.544719845699,WxZX41TAB39Tp8Jf1e6pFw,594,1,3388,2,7305,True,WxZX41TAB39Tp8Jf1e6pFw
2043,2017,6,573,Bangkok,13.73834877324326,100.5223832159606,6fwIirV1ACYkFzHHimcJBQ,832,0,870,4,7308,True,6fwIirV1ACYkFzHHimcJBQ
2251,2020,8,311,Bangkok,13.73997616964103,100.5647750563278,FNcBIe81dwN56t63l52Nxg,1839,2,3389,2,7316,True,FNcBIe81dwN56t63l52Nxg
2579,2017,6,564,Bangkok,13.74473721590278,100.5388029489423,kWC2NnkRf2bkq-ZrTPdJ3g,692,1,3390,1,7322,True,kWC2NnkRf2bkq-ZrTPdJ3g
156,2018,10,515,Bangkok,13.71617481957343,100.5527253576272,gMd4iGKZX-ljg3n4B5pArQ,2291,0,2684,3,7325,True,gMd4iGKZX-ljg3n4B5pArQ
241,2019,5,380,Bangkok,13.71697859323102,100.5507782776734,varCGYcvcqkl2FHSzmosMg,2686,0,3391,5,7326,True,varCGYcvcqkl2FHSzmosMg
2380,2011,9,409,Bangkok,13.74220972102525,100.5177071697948,67Isg3K4Cf42dN1OytTqLA,805,0,841,8,7327,True,67Isg3K4Cf42dN1OytTqLA
4865,2017,11,293,Bangkok,13.77033156434424,100.5655852269691,vb_7jyyKJsIToExoiEG_Dw,1774,0,1980,6,7328,True,vb_7jyyKJsIToExoiEG_Dw
3128,2017,6,228,Bangkok,13.75026470172073,100.5688269935181,oA3jSKbV3OPjSyyUTNzC7w,2687,0,3392,6,7331,True,oA3jSKbV3OPjSyyUTNzC7w
820,2018,9,362,Bangkok,13.724317357167,100.5226711137845,oEh8lCy22FthM4FrURof4g,1172,0,1246,10,7332,True,oEh8lCy22FthM4FrURof4g
4261,2018,10,361,Bangkok,13.76316525147045,100.5659452865138,MthOMaaKaHcQPJ1QTVm5zQ,2298,1,3394,4,7338,True,MthOMaaKaHcQPJ1QTVm5zQ
3752,2019,5,86,Bangkok,13.75792363295196,100.495605585673,pLDXVRsDrMStwi2xf2ki1Q,1861,0,2090,9,7360,True,pLDXVRsDrMStwi2xf2ki1Q
3912,2011,12,560,Bangkok,13.7593105623138,100.5687515518548,gzFfFN5tFyDaYycRlVcIig,2689,0,3397,4,7361,True,gzFfFN5tFyDaYycRlVcIig
1964,2016,10,202,Bangkok,13.7370193459673,100.5390039060392,PiQD-h3hjH2gYR4Be_nM6Q,120,0,120,11,7365,True,PiQD-h3hjH2gYR4Be_nM6Q
486,2020,8,469,Bangkok,13.72033686271627,100.5386798888519,hZRUC3LKJ0wZ53yCczooHw,2281,1,3402,1,7387,True,hZRUC3LKJ0wZ53yCczooHw
4569,2017,6,489,Bangkok,13.7669826390476,100.5245515640825,kcmGtYYg7HN_9msuRoLs_Q,168,1,3403,1,7388,True,kcmGtYYg7HN_9msuRoLs_Q
140,2020,8,335,Bangkok,13.71619259133799,100.5367064305317,-Wsjb2JyAaBheuEqnf0KWw,1435,2,3405,1,7393,True,-Wsjb2JyAaBheuEqnf0KWw
1676,2019,9,441,Bangkok,13.73413551162882,100.5035166096843,bAXEOkZKwDYVl-QU2Aewkg,2307,0,2706,4,7399,True,bAXEOkZKwDYVl-QU2Aewkg
4200,2019,9,215,Bangkok,13.76324931260663,100.5047900393348,Dni8lGIMwHYMmVx3eGZj6g,1068,0,1129,11,7402,True,Dni8lGIMwHYMmVx3eGZj6g
255,2018,3,526,Bangkok,13.71773037323818,100.5649461997806,FtEg_-8s2yTGGLp6fZDydQ,2508,0,3026,6,7406,True,FtEg_-8s2yTGGLp6fZDydQ
2379,2020,8,372,Bangkok,13.7422358606155,100.5139568675225,4znUdEfbFEcTdYsknlFeww,830,0,868,4,7407,True,4znUdEfbFEcTdYsknlFeww
3012,2011,9,507,Bangkok,13.74908954581516,100.5416613665345,pL9bF0nXJC9irK7zDSdrDw,1991,0,2266,5,7409,True,pL9bF0nXJC9irK7zDSdrDw
3387,2018,9,402,Bangkok,13.7531891474563,100.5646924785704,cN7ILW8MsSJ1Zdql5PWKoA,1476,1,3410,1,7415,True,cN7ILW8MsSJ1Zdql5PWKoA
4860,2019,4,177,Bangkok,13.77025478954921,100.5587000743655,b-6CJ_8zevc9SndsUvkMog,1464,0,1583,7,7417,True,b-6CJ_8zevc9SndsUvkMog
3988,2011,12,562,Bangkok,13.76030873077454,100.5525423438737,vTG2R0uIdcTMDiYIo0eYig,2311,0,2710,5,7418,True,vTG2R0uIdcTMDiYIo0eYig
663,2020,8,427,Bangkok,13.72196014566823,100.5360712323941,b2fACWSsvApUKjtwQ7AJ7Q,1938,1,3416,1,7442,True,b2fACWSsvApUKjtwQ7AJ7Q
3334,2018,2,379,Bangkok,13.75336418569702,100.5118022294707,pA2GZ7ljLJg_3jiX46zqxQ,31,1,3214,4,7443,True,pA2GZ7ljLJg_3jiX46zqxQ
3527,2017,9,487,Bangkok,13.75552361533411,100.5331630309304,DeRXSsPzeajyLYZHa88Xqg,1719,0,1908,13,7450,True,DeRXSsPzeajyLYZHa88Xqg
4516,2018,3,522,Bangkok,13.76617780135252,100.5597698748854,vBIGKfRSf7EuGEmE3El1bQ,2514,1,3417,4,7455,True,vBIGKfRSf7EuGEmE3El1bQ
922,2017,10,436,Bangkok,13.72512370697721,100.5344390908454,FwFxhHdEhrDh-g_YdgNVIA,1188,1,3419,2,7457,True,FwFxhHdEhrDh-g_YdgNVIA
1242,2019,5,349,Bangkok,13.72928108074515,100.5057056664832,KWiKgEJulEHjNRMSREaXRw,156,0,156,7,7458,True,KWiKgEJulEHjNRMSREaXRw
2254,2011,12,198,Bangkok,13.74031805977112,100.5627722513376,pxBVmm78WR6j8NKPiuox_Q,1497,1,3420,2,7464,True,pxBVmm78WR6j8NKPiuox_Q
2909,2017,6,277,Bangkok,13.74820635697151,100.5207961263145,CUXOLm5gpUiQYS9P60CqRg,2333,0,2740,11,7469,True,CUXOLm5gpUiQYS9P60CqRg
2555,2019,6,582,Bangkok,13.74430163165721,100.5163540088412,9y6KnBsv-UvFQG-dyrmSDQ,2698,0,3421,5,7478,True,9y6KnBsv-UvFQG-dyrmSDQ
2761,2020,8,650,Bangkok,13.74628564185035,100.5443046602315,j7YbgS1VKmIeIc9JTN_Ygg,187,0,187,10,7479,True,j7YbgS1VKmIeIc9JTN_Ygg
856,2019,5,419,Bangkok,13.7239260468752,100.551531609189,KtWa-gMbgZH-UXlLdRVexw,2288,1,3422,1,7482,True,KtWa-gMbgZH-UXlLdRVexw
4432,2011,12,341,Bangkok,13.76524520955777,100.5657060521726,btOGCZAxPdBVxXWORUVaIA,2143,1,2654,3,7483,True,btOGCZAxPdBVxXWORUVaIA
4684,2016,9,397,Bangkok,13.76812826846229,100.5600637866023,GKz7WZ3kgk3KRYpRbDBGxA,121,2,3425,2,7496,True,GKz7WZ3kgk3KRYpRbDBGxA
2889,2020,9,552,Bangkok,13.74822768510291,100.4967111087245,Lm3uFNkYykjQuITX97sb2g,2701,0,3428,6,7499,True,Lm3uFNkYykjQuITX97sb2g
3999,2020,9,474,Bangkok,13.76046842290563,100.5662566793932,AgBUTVQcV0qXvixgZSqAkQ,487,0,497,13,7509,True,AgBUTVQcV0qXvixgZSqAkQ
1891,2020,8,499,Bangkok,13.73624960662953,100.5531325162509,B7przEv_23RI7oHViS54kw,1147,1,3429,2,7512,True,B7przEv_23RI7oHViS54kw
3344,2017,6,581,Bangkok,13.75330408281455,100.5217321939991,NiaMs_E0KU6TgaTPO7qTBQ,77,1,3431,2,7516,True,NiaMs_E0KU6TgaTPO7qTBQ
4769,2017,6,395,Bangkok,13.76908866070384,100.5520993877993,M6DIkxieWQ17E9-OfNTPvg,2327,0,2730,5,7517,True,M6DIkxieWQ17E9-OfNTPvg
1931,2016,11,304,Bangkok,13.73659754352773,100.5037356577829,OEilcB0Ai29tOw9S26O7NQ,987,1,3432,1,7520,True,OEilcB0Ai29tOw9S26O7NQ
775,2017,11,323,Bangkok,13.72299011047894,100.561901055191,kpwrECx46p7TP_ISql_EuQ,1725,2,3433,1,7522,True,kpwrECx46p7TP_ISql_EuQ
4428,2018,10,300,Bangkok,13.76517217723714,100.5598466817401,xrSUWMUrALCWlk0LzJUpXQ,2076,1,3309,4,7529,True,xrSUWMUrALCWlk0LzJUpXQ
149,2020,8,426,Bangkok,13.7164395217409,100.5455442666828,pp-VzzBlbZZQXT6rgi0aMA,2703,0,3434,2,7530,True,pp-VzzBlbZZQXT6rgi0aMA
1132,2011,9,156,Bangkok,13.72826520509917,100.4846772531614,_OJAQ4ey7okxks23ReGS7g,2704,0,3435,1,7533,True,_OJAQ4ey7okxks23ReGS7g
2188,2011,9,276,Bangkok,13.74056724826701,100.496798561297,QRVSiudqsjitPnXDzkcJkQ,2284,2,3436,1,7536,True,QRVSiudqsjitPnXDzkcJkQ
4604,2017,12,232,Bangkok,13.76719765960252,100.5667369426065,hn-OvMID-FwrXpGcnsOyaw,2705,0,3437,5,7542,True,hn-OvMID-FwrXpGcnsOyaw
3986,2018,9,413,Bangkok,13.76027642445345,100.5536990359535,_pRSfCJlhGcs7dhAtpyVVQ,2243,0,2614,4,7543,True,_pRSfCJlhGcs7dhAtpyVVQ
207,2018,11,427,Bangkok,13.71731522494878,100.5168688335494,zEPwLXZiqPWnckKq3g3qug,1545,0,1684,6,7545,True,zEPwLXZiqPWnckKq3g3qug
989,2017,10,455,Bangkok,13.72621703876886,100.5147661756884,hV9WMX2XWoK2b0H0m6Ew4A,2707,0,3441,4,7552,True,hV9WMX2XWoK2b0H0m6Ew4A
296,2019,6,551,Bangkok,13.7182878341934,100.5187066151604,3FuS6YPvYTuFnhDQ8Gnedw,2030,0,2326,12,7575,True,3FuS6YPvYTuFnhDQ8Gnedw
4743,2011,9,324,Bangkok,13.76951837779439,100.5278730875485,_jKOxrar4QOhHDArL9MdPQ,833,0,871,12,7576,True,_jKOxrar4QOhHDArL9MdPQ
2030,2017,11,408,Bangkok,13.73824059598342,100.5107396901001,8TjD_mgEW54CxtgzzkUYqg,1987,2,3445,1,7583,True,8TjD_mgEW54CxtgzzkUYqg
2545,2018,1,502,Bangkok,13.74444088422809,100.5085291837113,xO7nbifPIOyFX8yiMtYphQ,1670,1,3446,2,7589,True,xO7nbifPIOyFX8yiMtYphQ
821,2019,8,103,Bangkok,13.72418234070715,100.5216472494014,sVZLBcgIrb_gNwuEY-47QA,264,0,265,8,7595,True,sVZLBcgIrb_gNwuEY-47QA
2303,2020,8,389,Bangkok,13.74136704258517,100.5239963437144,36mUpvf6WkAYcW-TIlbrCg,1095,0,1156,5,7596,True,36mUpvf6WkAYcW-TIlbrCg
1806,2018,9,633,Bangkok,13.73491780755009,100.5496547856522,UmWinvDNTIYzAjVIDGLCKg,209,2,3448,1,7610,True,UmWinvDNTIYzAjVIDGLCKg
2096,2020,9,64,Bangkok,13.73877445106826,100.4902637821641,HgEJECgAt2njvQcEzvfjCg,1841,0,2063,7,7619,True,HgEJECgAt2njvQcEzvfjCg
4485,2018,10,282,Bangkok,13.7660462173672,100.5332125083209,sqPzwTnvKoZ65vhynfROZw,839,1,3452,2,7626,True,sqPzwTnvKoZ65vhynfROZw
2607,2017,6,192,Bangkok,13.74413864770968,100.567077798465,VV0h4yjs6_GX09QLC2HRbQ,248,0,249,6,7628,True,VV0h4yjs6_GX09QLC2HRbQ
845,2018,8,307,Bangkok,13.72393093935439,100.5480912001159,g67P8S8-i8XbwY_OcZf0TQ,2209,1,3454,1,7631,True,g67P8S8-i8XbwY_OcZf0TQ
2814,2020,8,379,Bangkok,13.74766508025318,100.513823443067,RpxmxtxIb4_4wfDTVNmQcg,1194,0,1274,4,7632,True,RpxmxtxIb4_4wfDTVNmQcg
3819,2020,8,510,Bangkok,13.75825981466122,100.5629170701486,SB7ajQ-R4CYW5KlyuoSWAA,2711,0,3455,4,7634,True,SB7ajQ-R4CYW5KlyuoSWAA
1354,2019,5,592,Bangkok,13.72998404530254,100.5318062963519,4gg3wRabELCxswFUJaCajg,2713,0,3458,5,7644,True,4gg3wRabELCxswFUJaCajg
2273,2020,8,252,Bangkok,13.74164617553724,100.4944914424355,61WrEx4qN4R3wdODTZUECw,1633,0,1803,7,7655,True,61WrEx4qN4R3wdODTZUECw
4155,2020,9,452,Bangkok,13.76202507231608,100.5470539961191,Sg-b-QksX_enpehPTBC2Rw,992,0,1044,6,7665,True,Sg-b-QksX_enpehPTBC2Rw
1894,2020,1,301,Bangkok,13.73620650422483,100.5486971383467,hYp7wTV5I5p9Fs9X_95iVQ,2717,0,3464,7,7683,True,hYp7wTV5I5p9Fs9X_95iVQ
3356,2016,11,712,Bangkok,13.75322097268753,100.52976967237,BlGDOqGn849mZ7V7GYt3uA,2152,0,2486,7,7692,True,BlGDOqGn849mZ7V7GYt3uA
413,2017,8,263,Bangkok,13.7193776909233,100.5488329396093,LJg2kbCrcsAj2Dyt9Sgogg,96,1,3468,1,7695,True,LJg2kbCrcsAj2Dyt9Sgogg
1618,2018,9,504,Bangkok,13.73340833090637,100.5341033026104,cfONz3t985LoePoP_o6y5Q,972,1,3269,9,7706,True,cfONz3t985LoePoP_o6y5Q
1620,2017,6,411,Bangkok,13.73313406034924,100.5379465012423,60dHHtwn5gXRQUhJL6WUEw,1214,0,1296,8,7709,True,60dHHtwn5gXRQUhJL6WUEw
3798,2018,1,377,Bangkok,13.75826105320952,100.539690818199,bnAtawloEXkeqHFEQx6ggA,16,0,16,3,7711,True,bnAtawloEXkeqHFEQx6ggA
1388,2020,8,252,Bangkok,13.73025133895322,100.5651379114646,6Gg5c9pTwRdr50ddjPUpgQ,2252,0,2628,4,7722,True,6Gg5c9pTwRdr50ddjPUpgQ
377,2020,9,388,Bangkok,13.71931378267824,100.5127469862322,58Qym7AV20Ddy04cQEHvWQ,457,0,465,12,7723,True,58Qym7AV20Ddy04cQEHvWQ
3160,2018,9,410,Bangkok,13.7514566904396,100.5148111912082,C8B7uJNWLvONifDqxkp83Q,1286,1,3470,2,7727,True,C8B7uJNWLvONifDqxkp83Q
919,2019,5,215,Bangkok,13.72540368243133,100.5360563206745,Jsr_DPvRDB6UkveADuGYeA,1713,0,1901,5,7731,True,Jsr_DPvRDB6UkveADuGYeA
2078,2011,9,564,Bangkok,13.73831016598517,100.5637061043788,nrx_dHjM2pq_EhK6ZMs20w,933,0,980,6,7746,True,nrx_dHjM2pq_EhK6ZMs20w
2693,2016,10,445,Bangkok,13.7452132847461,100.5690425225367,CQUlc4y5rq48bqPWhhXDaA,1075,1,2077,3,7753,True,CQUlc4y5rq48bqPWhhXDaA
726,2017,6,306,Bangkok,13.72379469582556,100.5155330692285,YjuMLXF7aGHZaNDCrIrDVw,646,0,664,7,7754,True,YjuMLXF7aGHZaNDCrIrDVw
4406,2020,9,347,Bangkok,13.76521932340469,100.5406618974751,vPEa2Th79AOuwQvf1OpY1g,2550,0,3103,6,7757,True,vPEa2Th79AOuwQvf1OpY1g
1780,2019,5,150,Bangkok,13.73538606360908,100.5266949326346,Cmsm3Eh2m87EdV1bCXf3NA,2595,1,3474,1,7758,True,Cmsm3Eh2m87EdV1bCXf3NA
4690,2019,5,292,Bangkok,13.76831967415332,100.5686921916918,WHtYJzdnLp34VQT-FUpMQQ,1390,0,1491,4,7775,True,WHtYJzdnLp34VQT-FUpMQQ
420,2019,5,391,Bangkok,13.71932688710116,100.5528969498138,F2RW_7LXE9J2L0GgwB7m4Q,1825,0,2043,4,7776,True,F2RW_7LXE9J2L0GgwB7m4Q
4645,2016,12,618,Bangkok,13.76723794086672,100.5246799653589,5Q9JvihoFxeG5p4QDMh-yg,1130,3,3480,2,7783,True,5Q9JvihoFxeG5p4QDMh-yg
2482,2017,9,406,Bangkok,13.74295435236956,100.5286462217268,phfcUluHx1ydLRVse65iGQ,2196,1,3028,4,7802,True,phfcUluHx1ydLRVse65iGQ
3201,2017,6,514,Bangkok,13.75243111583947,100.5519859277328,0rSNdcCbL7opfc7GMZ07kA,920,3,3067,11,7805,True,0rSNdcCbL7opfc7GMZ07kA
909,2017,5,281,Bangkok,13.72519209662905,100.5238709131789,W06IoE34PriDdobEzxTByw,2730,0,3484,4,7811,True,W06IoE34PriDdobEzxTByw
1581,2018,10,570,Bangkok,13.73325392708283,100.4976109811669,m-lFJprvQ0zOCjYNurKLVQ,2731,0,3485,3,7812,True,m-lFJprvQ0zOCjYNurKLVQ
1285,2020,9,93,Bangkok,13.72918930087329,100.5523453467592,zOdbnXVHj8vQJo8xA_7OLg,252,1,766,6,7819,True,zOdbnXVHj8vQJo8xA_7OLg
270,2018,10,201,Bangkok,13.7181729825056,100.4927798932769,Docu0cQ2RqqDI_1skXuHvA,2733,0,3487,2,7820,True,Docu0cQ2RqqDI_1skXuHvA
4856,2011,9,437,Bangkok,13.76879982396283,100.554015190785,WvrH3AfwV9zYhyz8ppHtkQ,1667,1,3491,1,7828,True,WvrH3AfwV9zYhyz8ppHtkQ
4603,2017,6,579,Bangkok,13.76724610500123,100.5576588863423,JGS0W7GyEE4Dc93NQExomA,1005,1,3492,2,7829,True,JGS0W7GyEE4Dc93NQExomA
1019,2017,6,290,Bangkok,13.72560561458105,100.5463802995987,aT50Sli8GT5YbitxCwrI8w,797,0,829,12,7835,True,aT50Sli8GT5YbitxCwrI8w
4662,2018,3,202,Bangkok,13.76725595045953,100.5332890361775,1a_8wQ6s4co-CNOxIUzDNw,459,0,467,12,7839,True,1a_8wQ6s4co-CNOxIUzDNw
2221,2018,9,688,Bangkok,13.74024391006969,100.5254842325646,l4SwiwZ2IElZUx7Fjqx2bg,236,0,237,3,7841,True,l4SwiwZ2IElZUx7Fjqx2bg
1306,2020,9,461,Bangkok,13.73019211682229,100.4889304398139,Jcb-K0eSQekD5LaYIoQ56w,2361,0,2787,4,7844,True,Jcb-K0eSQekD5LaYIoQ56w
837,2017,6,613,Bangkok,13.7242136472543,100.5387224545549,bn58fronSL0iNIgQOXrpOA,721,0,747,11,7846,True,bn58fronSL0iNIgQOXrpOA
2640,2020,8,614,Bangkok,13.74512954332955,100.5156562774004,_qnWACOK1K4-A-myo6UXdg,2097,1,3496,1,7858,True,_qnWACOK1K4-A-myo6UXdg
1288,2019,5,332,Bangkok,13.72907003244649,100.5516978727409,CD3ksrubXYuinM3dJQCZNA,2025,0,2316,3,7862,True,CD3ksrubXYuinM3dJQCZNA
826,2017,5,6,Bangkok,13.72425617481496,100.5250637670099,6-YNYqvAiEujJKmReR6njg,2122,0,2443,5,7866,True,6-YNYqvAiEujJKmReR6njg
3787,2018,10,367,Bangkok,13.758051327309,100.5276561621076,jsJjbaq0zoHVhZwiCgt28g,2738,0,3500,3,7870,True,jsJjbaq0zoHVhZwiCgt28g
1861,2018,9,155,Bangkok,13.73629910129552,100.5137715139353,VmLxpJsq8vvnH8IUNWllfA,1486,0,1612,8,7871,True,VmLxpJsq8vvnH8IUNWllfA
3130,2011,12,526,Bangkok,13.75028627846492,100.5626922187853,rs6tyedqtV3SrQyA4xizwg,279,1,3501,1,7877,True,rs6tyedqtV3SrQyA4xizwg
919,2020,9,43,Bangkok,13.72539257993417,100.5360667395739,hOzKgIl-uuhvbcVbTN6LwA,1713,1,3502,1,7878,True,hOzKgIl-uuhvbcVbTN6LwA
3842,2020,8,436,Bangkok,13.75939755160119,100.4985836798751,tIHPTiddvLmYRALaQ8aLWQ,1268,0,1355,8,7881,True,tIHPTiddvLmYRALaQ8aLWQ
976,2019,9,106,Bangkok,13.72642456120389,100.4996869129315,_iIL48wNjkqkjC2IPzF_WQ,1338,1,3503,1,7885,True,_iIL48wNjkqkjC2IPzF_WQ
1466,2016,10,324,Bangkok,13.73125915152091,100.5610358709918,yQMZraGQsyTau_QRg6q3Eg,35,0,35,6,7897,True,yQMZraGQsyTau_QRg6q3Eg
3466,2016,11,150,Bangkok,13.75423929169276,100.5567789052208,fy2VTu7rjSRAUXUpTjRv9g,1498,0,1627,5,7901,True,fy2VTu7rjSRAUXUpTjRv9g
2865,2017,6,277,Bangkok,13.7464423412025,100.5677472436538,3zpWWGOr84etn9nkK9kWkw,2739,0,3504,3,7902,True,3zpWWGOr84etn9nkK9kWkw
3051,2011,9,147,Bangkok,13.74980768250328,100.4947619649778,mPhi5mYgPQe3qrIZe4S3rA,1577,1,3505,4,7906,True,mPhi5mYgPQe3qrIZe4S3rA
3978,2019,4,225,Bangkok,13.76028781965326,100.5467757488618,xl2_m8sb1aVx8WGUEl0cqw,2566,0,3131,6,7911,True,xl2_m8sb1aVx8WGUEl0cqw
935,2017,9,281,Bangkok,13.72519940307013,100.5487562958309,8kt_q1GlqTf5SQbCbM9-4A,519,1,2141,4,7914,True,8kt_q1GlqTf5SQbCbM9-4A
3718,2011,9,200,Bangkok,13.75697101008465,100.5476652408237,eYBItkst9qiE3jFyWhsrVw,1898,0,2136,10,7916,True,eYBItkst9qiE3jFyWhsrVw
1399,2018,6,352,Bangkok,13.73120883116168,100.4897441717113,sz3JisUQvEfbUPDMUrWKNQ,293,1,3509,2,7928,True,sz3JisUQvEfbUPDMUrWKNQ
3420,2018,9,296,Bangkok,13.7542718324746,100.5105463924928,9aUWErmqY9_A_yo8A0hnSg,2740,0,3510,2,7929,True,9aUWErmqY9_A_yo8A0hnSg
4339,2018,2,585,Bangkok,13.76423738362835,100.5626643851016,d9YilGGpniaTZ7KwroeWpg,1840,1,3511,3,7930,True,d9YilGGpniaTZ7KwroeWpg
3454,2011,9,448,Bangkok,13.75428031800726,100.5446919471622,PaauX2PS_58-YFVw-iS7ww,1425,0,1537,4,7932,True,PaauX2PS_58-YFVw-iS7ww
4283,2018,9,242,Bangkok,13.76448917003209,100.4979086598658,ssM4X9PTGOYPzf2ETb4m2Q,1900,1,3512,2,7941,True,ssM4X9PTGOYPzf2ETb4m2Q
1323,2017,5,427,Bangkok,13.72995503142178,100.4987586840698,eeKr2DGb6wNVOQJiELYG5A,702,1,3513,1,7942,True,eeKr2DGb6wNVOQJiELYG5A
240,2020,8,465,Bangkok,13.71678920149167,100.5498258026494,deqZNAt4gHI5VrDa4zVf8w,2741,0,3514,1,7948,True,deqZNAt4gHI5VrDa4zVf8w
4639,2019,4,486,Bangkok,13.76775864891967,100.5124354078921,ZlL4cqXp24wS3XmTrsw9Wg,2487,1,3515,1,7955,True,ZlL4cqXp24wS3XmTrsw9Wg
2582,2016,11,298,Bangkok,13.74421912697291,100.542770926753,hafo9FMCe_hXTBVTrkQuuA,581,0,593,6,7957,True,hafo9FMCe_hXTBVTrkQuuA
4014,2020,8,334,Bangkok,13.76133942538952,100.4979087381691,1k_ZLsfRjn1TWEI6Svmt4g,1707,1,3516,1,7959,True,1k_ZLsfRjn1TWEI6Svmt4g
3402,2017,8,320,Bangkok,13.75382185785801,100.4862583617901,I1khkmG5E1qOMHxSwKkHbQ,230,3,3517,1,7966,True,I1khkmG5E1qOMHxSwKkHbQ
2694,2017,6,340,Bangkok,13.74504125278083,100.5673445604165,Fc3NvA0T6lpHIV_II1AwVg,2742,0,3518,3,7968,True,Fc3NvA0T6lpHIV_II1AwVg
67,2011,12,325,Bangkok,13.71542395690613,100.5507351384608,z8P_WzsZ02gEgWbbkwgsTQ,2375,1,3519,1,7970,True,z8P_WzsZ02gEgWbbkwgsTQ
1662,2020,9,231,Bangkok,13.73421303202443,100.4877929329287,xYCfYK5MM-diP1Kg9gBxAA,2721,0,3469,3,7979,True,xYCfYK5MM-diP1Kg9gBxAA
2039,2019,5,405,Bangkok,13.73826061715247,100.5234781432114,FVpvBhKasAvGlyR6JVYCKA,2383,1,3521,2,7984,True,FVpvBhKasAvGlyR6JVYCKA
1241,2017,9,176,Bangkok,13.72916008026296,100.5047473203194,vh5KjxzSSE41BSaRvI86dQ,1123,0,1188,10,7985,True,vh5KjxzSSE41BSaRvI86dQ
3533,2012,5,337,Bangkok,13.75528065028724,100.5365537302578,zMYp67DkAJ0H2tJ_X6TNkg,2744,0,3522,4,7987,True,zMYp67DkAJ0H2tJ_X6TNkg
1995,2017,6,324,Bangkok,13.73700659831927,100.5646912325159,T9Y0gZWxDn6bkVT-lgDeTg,2624,1,3523,2,7989,True,T9Y0gZWxDn6bkVT-lgDeTg
2726,2017,11,283,Bangkok,13.7461756348636,100.5115960736787,XVB3ru8_7rB0P27asxxKZA,1811,1,3524,1,7997,True,XVB3ru8_7rB0P27asxxKZA
3895,2017,6,610,Bangkok,13.75912574566838,100.5457692966413,oI_-TTRN2sM-WKrCOw7stg,856,1,3526,1,8000,True,oI_-TTRN2sM-WKrCOw7stg
4245,2018,10,99,Bangkok,13.76345273923818,100.5547890891012,aZVe7o31pswTOHG1Cg7nEw,408,1,3407,4,8003,True,aZVe7o31pswTOHG1Cg7nEw
4382,2020,8,682,Bangkok,13.76537510511918,100.5104364776184,FnlfH58HVGJ6osT8WZZtlQ,684,0,707,6,8017,True,FnlfH58HVGJ6osT8WZZtlQ
4070,2011,12,424,Bangkok,13.76115430735792,100.5518961981684,efQs0RhXO4xDd6XNaRtNIA,1006,1,3528,3,8022,True,efQs0RhXO4xDd6XNaRtNIA
4169,2018,10,375,Bangkok,13.76214473674535,100.5587909058503,G-twU3YaTngfw6JSWc-wGg,1692,0,1876,5,8029,True,G-twU3YaTngfw6JSWc-wGg
4372,2020,8,117,Bangkok,13.76519992549077,100.5076641663384,VLwTJ-EVLIgLyeh0KivTkg,2215,0,2581,6,8030,True,VLwTJ-EVLIgLyeh0KivTkg
1923,2016,11,129,Bangkok,13.73788903589999,100.4912599526854,tDzyCtiD6aBhi-t2vMd7yg,431,1,3531,1,8037,True,tDzyCtiD6aBhi-t2vMd7yg
1023,2017,9,201,Bangkok,13.72637433523944,100.5497485938717,XYUWhZ5AFL31BgGVnbP8Yw,58,0,58,6,8046,True,XYUWhZ5AFL31BgGVnbP8Yw
435,2020,8,312,Bangkok,13.71960953092065,100.569049188719,ttiq8o__jGd31R317QSBjQ,2661,1,3537,1,8073,True,ttiq8o__jGd31R317QSBjQ
4162,2017,12,320,Bangkok,13.76137959813448,100.5532372091727,ZR9jNc9t9IE25NOrG5QDWg,171,0,171,12,8078,True,ZR9jNc9t9IE25NOrG5QDWg
1550,2018,9,214,Bangkok,13.7324950421813,100.5487747337407,W7kCgx2b8oK-z4FW4ZIrVg,1911,0,2153,6,8081,True,W7kCgx2b8oK-z4FW4ZIrVg
304,2018,9,229,Bangkok,13.7182678648081,100.5268490841113,cB3N_Pv75_uc2IBrbjGmgA,2365,0,2792,4,8083,True,cB3N_Pv75_uc2IBrbjGmgA
2244,2020,8,449,Bangkok,13.74023309469782,100.5530113122855,Qp3bwbxO8aR_oZ1U7BhVuQ,114,0,114,3,8092,True,Qp3bwbxO8aR_oZ1U7BhVuQ
619,2018,7,522,Bangkok,13.72239391487208,100.4957476703474,mqJ2qONsIgVTYWIH1jueZw,626,1,3539,1,8094,True,mqJ2qONsIgVTYWIH1jueZw
1165,2016,8,489,Bangkok,13.72828492988856,100.5176671741242,2UYqqhj7GUb5EACAvnnmWA,194,1,2095,4,8098,True,2UYqqhj7GUb5EACAvnnmWA
4373,2018,3,472,Bangkok,13.76531739169644,100.5047053265805,tjsk2qlhghGliik18piv3Q,1871,1,3541,1,8109,True,tjsk2qlhghGliik18piv3Q
227,2019,5,366,Bangkok,13.71718201993732,100.5367548105317,yXzsVjS3Rtam_3NkQcOOvQ,320,1,3542,3,8110,True,yXzsVjS3Rtam_3NkQcOOvQ
2261,2011,9,269,Bangkok,13.74091504593846,100.4848509333864,OIFcZlF9DiHYLQDUTylrqQ,2470,1,3543,2,8112,True,OIFcZlF9DiHYLQDUTylrqQ
4123,2020,9,293,Bangkok,13.76136146870737,100.5159757545563,iH-Okebs_d0Yl3Z341hfmA,2712,0,3457,6,8114,True,iH-Okebs_d0Yl3Z341hfmA
1471,2019,6,462,Bangkok,13.73126763277167,100.5637509593319,5UhEB9G5lQsCWPu_usRFKA,2286,1,3544,2,8119,True,5UhEB9G5lQsCWPu_usRFKA
3497,2018,2,297,Bangkok,13.75522726363229,100.501507474841,v5s8UuWAoAz6xSzYuguPKQ,423,1,2299,5,8123,True,v5s8UuWAoAz6xSzYuguPKQ
3171,2019,5,326,Bangkok,13.75097724921476,100.5251687399515,PLHfEiiKPMp4NMkYBTsAVw,924,1,3545,1,8129,True,PLHfEiiKPMp4NMkYBTsAVw
612,2016,11,571,Bangkok,13.72261204619967,100.4865601755328,xhzAVa8AkQ39v-ozZZGqoQ,1885,1,3546,1,8130,True,xhzAVa8AkQ39v-ozZZGqoQ
822,2016,10,206,Bangkok,13.72462569991239,100.520731987773,gIJG9abLBnCznqniQCWVGg,1953,1,3547,2,8133,True,gIJG9abLBnCznqniQCWVGg
4396,2017,11,303,Bangkok,13.76542908800054,100.528831697026,rPoLvM0to0fDnOwh6JvHPg,2630,1,3548,4,8135,True,rPoLvM0to0fDnOwh6JvHPg
1803,2016,11,691,Bangkok,13.73534642474256,100.5440114874982,auS5l9FRzccP5LfZzi9IbA,1048,1,1686,3,8151,True,auS5l9FRzccP5LfZzi9IbA
4831,2018,3,489,Bangkok,13.77027161572547,100.5347643674441,WvG4jviWNqRt-hR6aUgZEA,416,0,424,4,8156,True,WvG4jviWNqRt-hR6aUgZEA
4633,2019,9,324,Bangkok,13.76836189853476,100.5048554067899,Vyj8dU27I4IAGzmIMz1mgw,2482,0,2971,7,8161,True,Vyj8dU27I4IAGzmIMz1mgw
2856,2016,9,554,Bangkok,13.74717261853613,100.5539476368331,81LWZCeCXmu_vJxVACYDsQ,754,0,782,11,8162,True,81LWZCeCXmu_vJxVACYDsQ
559,2019,6,148,Bangkok,13.72132893269249,100.5253821857629,9i8UYf0VB72FQTCe4X9ybw,2750,0,3550,2,8168,True,9i8UYf0VB72FQTCe4X9ybw
863,2020,8,197,Bangkok,13.72411088431505,100.5617321334153,-WtkkHQ_bYs6Wg6-W7HSag,2251,1,2891,6,8170,True,-WtkkHQ_bYs6Wg6-W7HSag
3364,2018,3,215,Bangkok,13.753370950413,100.54376663206,CAoSLEFGMVFpcE9MbnRieE5Pa0pVbFVYQkt3VnZHNTVhVkxfSmFaVzZudGdDUzg3,1470,1,3552,2,8175,True,CAoSLEFGMVFpcE9MbnRieE5Pa0pVbFVYQkt3VnZHNTVhVkxfSmFaVzZudGdDUzg3
676,2020,8,533,Bangkok,13.72222248384279,100.5497543482153,NTpXPdYU7VR6cld5UupC3A,2638,1,3554,5,8182,True,NTpXPdYU7VR6cld5UupC3A
920,2016,10,118,Bangkok,13.72515630454039,100.5315794446486,wnkeMMpgf-bG-53-3VA23g,2277,1,3555,2,8186,True,wnkeMMpgf-bG-53-3VA23g
3887,2016,9,302,Bangkok,13.75931478076486,100.5433816661874,U3NLMIpKEzzUm8EXNmhfFQ,2071,1,2927,5,8189,True,U3NLMIpKEzzUm8EXNmhfFQ
3637,2011,12,291,Bangkok,13.75697171556287,100.5550715377949,iWzfAOqPsBF7WRXFFybgcg,1114,1,3556,3,8191,True,iWzfAOqPsBF7WRXFFybgcg
774,2016,10,290,Bangkok,13.72318150232576,100.5599734348534,Kna7LBfNgeOjCAwtFQdOtw,399,0,407,15,8193,True,Kna7LBfNgeOjCAwtFQdOtw
1579,2019,5,346,Bangkok,13.7333086000836,100.4986594972027,nFMiNZ0arn1gUsnSYAiRhg,2754,0,3558,2,8198,True,nFMiNZ0arn1gUsnSYAiRhg
4696,2020,8,250,Bangkok,13.76823563449699,100.5637342520537,RdaPDpM7WEdSUmCD3OKy1Q,857,1,3559,1,8202,True,RdaPDpM7WEdSUmCD3OKy1Q
8,2019,5,432,Bangkok,13.71517133842552,100.4917037152155,r0rf_U7v5A7ha9Xm1ycQRQ,2481,1,3150,3,8207,True,r0rf_U7v5A7ha9Xm1ycQRQ
2433,2019,9,504,Bangkok,13.74224522414291,100.5699644036606,QTe2JI2vpK03tC_GYGa55g,2714,1,3562,1,8215,True,QTe2JI2vpK03tC_GYGa55g
11,2018,10,478,Bangkok,13.71467591418033,100.494660452358,YHLi6mOlYpHK4ruL-SqbYw,2757,0,3563,2,8218,True,YHLi6mOlYpHK4ruL-SqbYw
434,2018,10,104,Bangkok,13.71915213031724,100.5695913190328,aUkW1deyQQ_QQ18USuKejA,2496,1,3564,2,8220,True,aUkW1deyQQ_QQ18USuKejA
1304,2018,10,455,Bangkok,13.7300287651697,100.4838492144412,sS0WR7zT1UAhCofcpn4z0g,2758,0,3565,2,8229,True,sS0WR7zT1UAhCofcpn4z0g
4348,2020,8,592,Bangkok,13.764241843892,100.5656423170162,OjhtEwVoXGZHMWI-OQFxXA,319,0,320,4,8233,True,OjhtEwVoXGZHMWI-OQFxXA
4011,2018,2,405,Bangkok,13.76092606136219,100.4969327347312,yTD0cEBEzKatPlV6793ggg,996,0,1048,7,8234,True,yTD0cEBEzKatPlV6793ggg
4816,2011,9,672,Bangkok,13.77041968431264,100.5145286116839,XGB0yKaqOhIdjdKjhJTgLg,1717,0,1905,7,8238,True,XGB0yKaqOhIdjdKjhJTgLg
1029,2019,5,303,Bangkok,13.72633270454275,100.5517400079728,5BDHg0YOoTgPzOUHCFVSgg,2329,1,3567,1,8240,True,5BDHg0YOoTgPzOUHCFVSgg
2985,2017,6,252,Bangkok,13.74921417924747,100.513672468579,Aj-UaSt1n0DNEWon5P5-kg,2760,0,3569,8,8255,True,Aj-UaSt1n0DNEWon5P5-kg
2817,2016,8,562,Bangkok,13.74716750670573,100.5206313172965,sSTN2bzo-PrzqpCuXx2ktw,860,1,3570,1,8262,True,sSTN2bzo-PrzqpCuXx2ktw
1740,2018,10,112,Bangkok,13.73526113244228,100.4838595621555,uoOg4miQuppPqnkKPFABAA,2653,1,3571,1,8264,True,uoOg4miQuppPqnkKPFABAA
912,2019,8,379,Bangkok,13.72519924456629,100.5247378215793,KPSd_bVHeFAfmedaCDFC7Q,1473,0,1594,9,8273,True,KPSd_bVHeFAfmedaCDFC7Q
3973,2017,6,567,Bangkok,13.76015278295018,100.5447362526678,8yZJoVnfPIHVV0XJ9jNY9Q,1436,1,3572,1,8274,True,8yZJoVnfPIHVV0XJ9jNY9Q
733,2017,10,332,Bangkok,13.7231821731772,100.5234474367733,IVYPRTEjBVxhVxQqWEuhiw,1380,1,3575,3,8280,True,IVYPRTEjBVxhVxQqWEuhiw
2794,2018,2,118,Bangkok,13.74739123439566,100.4947583815552,NWZnaheuml_qbd2JyFq3kw,2276,0,2663,5,8285,True,NWZnaheuml_qbd2JyFq3kw
141,2020,8,522,Bangkok,13.71619980082458,100.5378027943219,Hp_X62XuC6m1wUAHtB17rA,2762,0,3576,2,8286,True,Hp_X62XuC6m1wUAHtB17rA
2473,2018,9,344,Bangkok,13.74316572149955,100.5220181789327,INx015rwR1WQjB4R1tuN7g,2023,1,3577,5,8288,True,INx015rwR1WQjB4R1tuN7g
2307,2014,11,711,Bangkok,13.74118054273321,100.5256476776563,x6PUAng5I8QT6yTDgL_QmA,1858,1,3579,2,8294,True,x6PUAng5I8QT6yTDgL_QmA
3486,2020,9,280,Bangkok,13.75516708439619,100.4941060233598,OMCQMn_cr9l432TaTPHWFQ,254,0,255,8,8299,True,OMCQMn_cr9l432TaTPHWFQ
4719,2018,3,456,Bangkok,13.76919547641373,100.5046887187012,wnA-FDjr25gydXdwMpxsTw,744,1,3581,1,8301,True,wnA-FDjr25gydXdwMpxsTw
2780,2018,2,365,Bangkok,13.74624510372899,100.567678065684,ixFYzRTdMeJBH92JVSRr5A,637,1,1310,5,8313,True,ixFYzRTdMeJBH92JVSRr5A
4256,2019,9,271,Bangkok,13.7633434628019,100.5627241115564,5xbobjqKIzW62f9U6uiPYw,258,0,259,3,8332,True,5xbobjqKIzW62f9U6uiPYw
382,2019,6,662,Bangkok,13.7191647921,100.5178192429911,B5xLkceNuK994npCX4FHjQ,2532,1,3584,1,8341,True,B5xLkceNuK994npCX4FHjQ
518,2018,10,422,Bangkok,13.71991840940874,100.5704892752425,oSlApacgmspW9Y74fKee_w,1606,1,3585,2,8346,True,oSlApacgmspW9Y74fKee_w
384,2017,10,236,Bangkok,13.71924977928897,100.5197943385387,H6xi-hHCOevO-K-QWQMiew,1561,0,1704,9,8351,True,H6xi-hHCOevO-K-QWQMiew
3889,2019,4,549,Bangkok,13.75905904268506,100.5401271933139,vrv_SVhR_WL9pjn3ew4Xag,2767,0,3587,2,8354,True,vrv_SVhR_WL9pjn3ew4Xag
3734,2011,9,307,Bangkok,13.75722901181873,100.5626994989979,9FKnz3rOwvAyOGy2XVfIPw,2768,0,3588,2,8359,True,9FKnz3rOwvAyOGy2XVfIPw
834,2017,5,547,Bangkok,13.72435242780225,100.5319270028652,wOpiCqhkuboa_FT3Y4rc6g,1934,1,3354,5,8364,True,wOpiCqhkuboa_FT3Y4rc6g
2486,2016,8,475,Bangkok,13.74323776591819,100.5355647538876,C2UlVfXjdiHj8GVQsDshsQ,1570,0,1715,9,8366,True,C2UlVfXjdiHj8GVQsDshsQ
1428,2018,9,187,Bangkok,13.73126546936584,100.5216996723915,yXjt9boNQwrTak_kmibBag,1128,0,1193,11,8371,True,yXjt9boNQwrTak_kmibBag
857,2011,12,13,Bangkok,13.72427021465366,100.5608925852023,BItgRNB9dmWgXcXfoVJmYg,2769,0,3590,2,8375,True,BItgRNB9dmWgXcXfoVJmYg
2902,2016,10,489,Bangkok,13.74825553539383,100.5135707803697,1lhfRYw60xKgAShumzTztg,95,0,95,8,8377,True,1lhfRYw60xKgAShumzTztg
2479,2020,8,550,Bangkok,13.74328743691754,100.526697457794,ccko42X5OvE_I5m5w60CrQ,1996,0,2272,4,8386,True,ccko42X5OvE_I5m5w60CrQ
2981,2020,9,297,Bangkok,13.74925430336915,100.5037565277083,-ZMYxpzA92x1r9QO6VhdhQ,1720,0,1911,4,8400,True,-ZMYxpzA92x1r9QO6VhdhQ
4680,2011,9,341,Bangkok,13.7682165472091,100.5516337713656,Ql6pHV9p9X1Rf0aKn8_F3g,611,1,3593,2,8420,True,Ql6pHV9p9X1Rf0aKn8_F3g
329,2018,9,429,Bangkok,13.71822211221523,100.5515570418711,Py9dX2Fw1Yvc-yjxbvkyWQ,2305,0,2702,6,8421,True,Py9dX2Fw1Yvc-yjxbvkyWQ
2585,2018,1,150,Bangkok,13.74433160590202,100.5491605460267,dcbBg17X02F5B8ifEam-EA,1620,0,1782,6,8443,True,dcbBg17X02F5B8ifEam-EA
1054,2011,9,46,Bangkok,13.72720174835502,100.4915577423447,3eEMBLiU_8X8KmOQGZnsOg,515,0,525,7,8446,True,3eEMBLiU_8X8KmOQGZnsOg
1181,2019,5,207,Bangkok,13.72831775486245,100.5360007282477,otB89_MukPUEIdAGPSYuRA,1683,2,3596,1,8452,True,otB89_MukPUEIdAGPSYuRA
721,2017,5,344,Bangkok,13.72308212220537,100.5057330926165,gHJF6nFyCgbnfce429HLwA,1932,0,2184,3,8453,True,gHJF6nFyCgbnfce429HLwA
4745,2020,9,71,Bangkok,13.77026162990774,100.5344033851734,7J9HVEnHy2K-Kdb7iLU-GA,2641,1,3597,3,8456,True,7J9HVEnHy2K-Kdb7iLU-GA
1338,2018,1,134,Bangkok,13.73036560180259,100.5166725695333,jyVFvbgKLykHA5MNoMKhAQ,2688,0,3393,9,8460,True,jyVFvbgKLykHA5MNoMKhAQ
4062,2020,9,206,Bangkok,13.7614018578722,100.538431126722,6qoDR9Bt86eh_6d_MzTm-A,2772,0,3598,5,8462,True,6qoDR9Bt86eh_6d_MzTm-A
656,2016,10,422,Bangkok,13.72227575371367,100.5298787930123,Z_uGwUgBXg3GVPH6yndvog,1395,0,1498,9,8463,True,Z_uGwUgBXg3GVPH6yndvog
1074,2019,5,223,Bangkok,13.72712045640066,100.5090901754288,J-SDX2HKqvzvZoBc3p0qYw,2436,0,2895,5,8475,True,J-SDX2HKqvzvZoBc3p0qYw
673,2017,6,181,Bangkok,13.72228116221584,100.5486236659006,S6HhTimJraazBY8ZSkd86w,2153,0,2489,6,8478,True,S6HhTimJraazBY8ZSkd86w
632,2018,5,573,Bangkok,13.72228516411727,100.5067118224012,unJ87mmhTUCB2478s-Guyg,147,0,147,7,8486,True,unJ87mmhTUCB2478s-Guyg
3536,2012,5,406,Bangkok,13.75506106853116,100.5356935060919,9Bl7Wj-EJP7051DIX3DakA,829,0,867,5,8492,True,9Bl7Wj-EJP7051DIX3DakA
599,2020,8,512,Bangkok,13.72119862203234,100.5628405448406,FT-aVDeqycTzXOlGClTg8A,1241,0,1326,5,8495,True,FT-aVDeqycTzXOlGClTg8A
4335,2017,6,343,Bangkok,13.76496925951043,100.5511609937404,Avwe2gOkDgMhmvLPTOiWJQ,2560,0,3121,6,8496,True,Avwe2gOkDgMhmvLPTOiWJQ
4183,2016,11,630,Bangkok,13.76324949676698,100.489706911364,Loto0IAOwyx4utDC9I40Cw,1369,0,1470,10,8497,True,Loto0IAOwyx4utDC9I40Cw
4375,2019,4,393,Bangkok,13.7651700746085,100.5098932343566,i9kG9Uwx9L_ZADuAMqz1gQ,1994,0,2270,8,8498,True,i9kG9Uwx9L_ZADuAMqz1gQ
4739,2019,9,334,Bangkok,13.77141835755435,100.5237544290359,rIFv-HxDe5Axqx8YeltHvg,446,0,454,6,8506,True,rIFv-HxDe5Axqx8YeltHvg
2420,2020,8,475,Bangkok,13.74218425514704,100.557703686436,a0goApQKliSmzMqiDBoysA,1022,1,3601,3,8512,True,a0goApQKliSmzMqiDBoysA
2783,2011,12,328,Bangkok,13.74598704294643,100.5637341473624,iZSNGC344d9Pm49BgPWiGw,2774,0,3602,4,8517,True,iZSNGC344d9Pm49BgPWiGw
3133,2019,8,216,Bangkok,13.75133258389869,100.4894465425954,h1ti9yrlXuciXWo1qDP_ew,1282,5,3603,2,8521,True,h1ti9yrlXuciXWo1qDP_ew
1084,2019,6,637,Bangkok,13.72725652747021,100.5266210908008,O21VIr5pL8_M19xkLcS74g,1788,0,1997,7,8527,True,O21VIr5pL8_M19xkLcS74g
2736,2017,9,461,Bangkok,13.74628378167191,100.5226328389852,nXxmu9meN48PC6fYAooMxA,2038,0,2334,8,8528,True,nXxmu9meN48PC6fYAooMxA
803,2017,5,99,Bangkok,13.7243596066871,100.4987308144179,_GeQd8wMy4BttW_vYlcT9g,1398,0,1502,4,8534,True,_GeQd8wMy4BttW_vYlcT9g
1563,2011,12,331,Bangkok,13.73206217292793,100.5675942162516,R_qbK-ZFOsDymcD6cgDZMQ,2390,0,2828,12,8535,True,R_qbK-ZFOsDymcD6cgDZMQ
3249,2011,9,442,Bangkok,13.75207331954633,100.5106253321538,0pk-WRpyHjMW5mHEQlzrTw,583,0,595,4,8536,True,0pk-WRpyHjMW5mHEQlzrTw
1688,2019,5,177,Bangkok,13.734164304715,100.5168172830751,srmYvCjaLUSBajJx5mQn6Q,2263,1,3604,1,8543,True,srmYvCjaLUSBajJx5mQn6Q
1261,2011,9,138,Bangkok,13.72940033680289,100.5279480196325,GgCo9UnYbjkyqrabiLgc4Q,1404,1,3605,1,8549,True,GgCo9UnYbjkyqrabiLgc4Q
2895,2019,8,600,Bangkok,13.74816827054325,100.5067039263763,-1e5SshCe3IK-pZEOBVqmw,2082,0,2391,10,8550,True,-1e5SshCe3IK-pZEOBVqmw
3742,2019,4,556,Bangkok,13.7571931076257,100.5697697812311,ngV7MOSoP0qMSxFtv0lqMg,2485,0,2978,7,8551,True,ngV7MOSoP0qMSxFtv0lqMg
628,2016,11,366,Bangkok,13.72222899214058,100.5046788635508,f18M5KKx0yWCQ9IOSHG2FA,2775,0,3606,2,8556,True,f18M5KKx0yWCQ9IOSHG2FA
1745,2011,9,573,Bangkok,13.73513124931027,100.4916497222694,la32Y_uawHEeZqf8rG54SA,2117,1,3450,4,8557,True,la32Y_uawHEeZqf8rG54SA
586,2017,11,632,Bangkok,13.72155357357218,100.5483187822301,f6Qv9TNoHP2OmnKkv3mE4w,1902,1,3607,1,8563,True,f6Qv9TNoHP2OmnKkv3mE4w
301,2019,6,408,Bangkok,13.71826980473263,100.5238928074222,aCQKlMRthKQaVa-0Dki9nQ,1822,1,3608,1,8565,True,aCQKlMRthKQaVa-0Dki9nQ
2106,2018,9,372,Bangkok,13.73926978885246,100.5037195849254,4STE1G3H8UorCXaFNdt2pw,937,0,984,4,8567,True,4STE1G3H8UorCXaFNdt2pw
1837,2018,10,349,Bangkok,13.73616577448139,100.4997677959035,oWcH3Kcpy5fiAR7VtaxHUA,2776,0,3609,3,8569,True,oWcH3Kcpy5fiAR7VtaxHUA
3764,2019,4,442,Bangkok,13.75826768343763,100.5066887499545,6LZSi_AXmeElV6524zV3Yw,729,2,3610,1,8570,True,6LZSi_AXmeElV6524zV3Yw
1557,2019,6,334,Bangkok,13.73219361916082,100.5627202154972,MV1uUNtn4vm6x7dEd9LdtA,678,1,3612,2,8574,True,MV1uUNtn4vm6x7dEd9LdtA
898,2017,5,322,Bangkok,13.72544146703608,100.5166993302947,HA2GNrloK6OQqhiQuoZidw,1974,0,2241,7,8576,True,HA2GNrloK6OQqhiQuoZidw
268,2017,5,346,Bangkok,13.71815476418634,100.4907688766917,6BU_KNsVPa2kUBbt0DzHEg,2544,1,3613,1,8579,True,6BU_KNsVPa2kUBbt0DzHEg
3145,2020,9,355,Bangkok,13.75133871159612,100.4967888176083,f7YpqX3jIGY2TKAb5ooqdg,2777,0,3614,5,8583,True,f7YpqX3jIGY2TKAb5ooqdg
1153,2017,12,401,Bangkok,13.72786339634652,100.5057882027388,RTYpzgVZ719jncApbnj6AA,2659,1,3615,1,8585,True,RTYpzgVZ719jncApbnj6AA
2514,2017,6,172,Bangkok,13.74320725143537,100.5637323767488,Gw4SD6IR_-0rX5EOBOlVcA,1801,0,2016,9,8600,True,Gw4SD6IR_-0rX5EOBOlVcA
1407,2018,6,488,Bangkok,13.73116142886002,100.5018405738498,B2fCxetilhvl-mhyT3ibhg,2654,0,3312,7,8605,True,B2fCxetilhvl-mhyT3ibhg
145,2020,8,167,Bangkok,13.71723898177561,100.5412233351557,liXNcz3TzXkdlHjXv5lbnw,1402,1,3618,2,8608,True,liXNcz3TzXkdlHjXv5lbnw
802,2016,11,311,Bangkok,13.72406147721293,100.4996776235652,uxeYIisgwrK8UCsfSCVnag,234,0,235,8,8614,True,uxeYIisgwrK8UCsfSCVnag
1882,2017,6,307,Bangkok,13.73611077358321,100.5388690733546,fOTAz4dqwZ2HpIeUGiMCgQ,1304,1,1579,11,8632,True,fOTAz4dqwZ2HpIeUGiMCgQ
689,2019,9,467,Bangkok,13.72219245235666,100.5646606052489,nWPf8tZpUu4-grXK4ReXrw,231,0,232,5,8634,True,nWPf8tZpUu4-grXK4ReXrw
4309,2018,7,287,Bangkok,13.76523010555198,100.5292530984299,SLzat56iFZizPNGDNb1R5g,477,1,1277,4,8642,True,SLzat56iFZizPNGDNb1R5g
4667,2018,3,347,Bangkok,13.76809906049949,100.5399708504237,UF6p8aH-FBrgLRq69Jn3kg,325,0,328,11,8649,True,UF6p8aH-FBrgLRq69Jn3kg
2927,2020,8,199,Bangkok,13.74823302880001,100.5417931418533,WCvkMgn-xeDHDEgMy6WIzw,1512,0,1643,5,8660,True,WCvkMgn-xeDHDEgMy6WIzw
3214,2020,8,588,Bangkok,13.75153376485217,100.5628033421455,fXAr32i1SCykd4Hr3oeIbg,2650,0,3299,5,8661,True,fXAr32i1SCykd4Hr3oeIbg
475,2017,10,207,Bangkok,13.72007984391681,100.5237705615364,J_0BUxGlMc6BIu05pC2mkA,67,0,67,13,8663,True,J_0BUxGlMc6BIu05pC2mkA
4729,2020,8,528,Bangkok,13.77014999693706,100.5138633710338,ciVxMcp8g-FXGc6tP0KzkQ,681,1,2056,7,8665,True,ciVxMcp8g-FXGc6tP0KzkQ
493,2011,12,659,Bangkok,13.72058709749176,100.5404746809271,FTcYUc_57_kzDBHR_i7TOg,2761,1,3624,1,8668,True,FTcYUc_57_kzDBHR_i7TOg
2476,2018,9,202,Bangkok,13.74314693316028,100.5229700083848,MR4Oq8CAzvVmKK7yzxxlUw,1569,1,3626,3,8673,True,MR4Oq8CAzvVmKK7yzxxlUw
2377,2018,1,443,Bangkok,13.7422858600179,100.5127306243606,k7Fu57e0JTps3uAx5kvd1A,2695,1,3628,2,8682,True,k7Fu57e0JTps3uAx5kvd1A
3924,2017,5,309,Bangkok,13.76052456445585,100.4978827411786,c2Df7Q5of6sv-ZdgbHQVTA,633,0,647,6,8685,True,c2Df7Q5of6sv-ZdgbHQVTA
539,2020,9,113,Bangkok,13.72126954090782,100.4997099059583,dFCU8DrFhlRBUtrDCspnZw,732,0,759,10,8690,True,dFCU8DrFhlRBUtrDCspnZw
1145,2020,9,369,Bangkok,13.72819853883312,100.5006999508339,JNiA8IOHTIimgZCPDgdcJg,642,0,658,9,8693,True,JNiA8IOHTIimgZCPDgdcJg
611,2017,10,197,Bangkok,13.72206619150519,100.4881919638969,p8OOuHO24YJ2apZ3wehP6Q,1265,2,3630,1,8696,True,p8OOuHO24YJ2apZ3wehP6Q
4029,2020,8,176,Bangkok,13.76104222509061,100.5056169895222,OgSCKRSVIYgwYp__KPyk4g,1210,0,1292,10,8705,True,OgSCKRSVIYgwYp__KPyk4g
2121,2011,9,617,Bangkok,13.73926979757981,100.5126838808196,42wKyFbuBcyex66HcRCpoA,323,1,3631,1,8707,True,42wKyFbuBcyex66HcRCpoA
3053,2016,8,507,Bangkok,13.7501879511344,100.4896168421262,WrtcYpqQ7OswzeKEv6B2UQ,18,3,3635,1,8730,True,WrtcYpqQ7OswzeKEv6B2UQ
3396,2020,9,448,Bangkok,13.75318543279283,100.5697058504127,zMKH-pXGTFOhGLpITQDUag,1246,0,1331,7,8737,True,zMKH-pXGTFOhGLpITQDUag
1152,2011,9,232,Bangkok,13.72815466679028,100.5088129930685,5wqixvoJe7iVKQVQAssB8Q,828,2,3003,12,8740,True,5wqixvoJe7iVKQVQAssB8Q
818,2011,9,65,Bangkok,13.72435395666612,100.5241679409962,WOj1jXl72didap7A6QPLcQ,2443,1,3638,2,8746,True,WOj1jXl72didap7A6QPLcQ
1083,2011,9,171,Bangkok,13.72709054138213,100.5165909590412,_h1BRBFQyQbCJVepAyxXJQ,2572,1,3640,4,8752,True,_h1BRBFQyQbCJVepAyxXJQ
758,2018,9,308,Bangkok,13.72339526464597,100.5467544746899,j856vhfpQFLyi4Q9ncVadA,1956,0,2217,3,8754,True,j856vhfpQFLyi4Q9ncVadA
2592,2017,6,491,Bangkok,13.74421888105826,100.5567249765425,Bvwv7iETAj186ELAyJz7kg,2400,1,3400,5,8759,True,Bvwv7iETAj186ELAyJz7kg
2076,2011,12,356,Bangkok,13.73821647869623,100.5559020008772,mN1PVSLiazoIcFj93-qYig,312,0,313,5,8761,True,mN1PVSLiazoIcFj93-qYig
2582,2018,1,477,Bangkok,13.74419724101251,100.5427678734877,kNHi9_T7eqh6ONjcr3ynBg,581,1,3641,1,8762,True,kNHi9_T7eqh6ONjcr3ynBg
3631,2020,9,516,Bangkok,13.75637437898935,100.5477285617227,JMPMISOXM5NG-VQaMAVYvA,1836,0,2057,12,8763,True,JMPMISOXM5NG-VQaMAVYvA
1700,2017,11,484,Bangkok,13.73432362108642,100.5290762399176,VCMz75MWuS07v-DsmKf0BQ,256,0,257,10,8764,True,VCMz75MWuS07v-DsmKf0BQ
3968,2016,9,399,Bangkok,13.75988810590412,100.5353799739456,Xlm1f5AEYmg-Hh8gZoz4rQ,1251,0,1336,11,8765,True,Xlm1f5AEYmg-Hh8gZoz4rQ
667,2018,10,292,Bangkok,13.72246771358692,100.5445803175617,hfOOP92X3zOVNbkoAv2dug,2786,0,3642,3,8768,True,hfOOP92X3zOVNbkoAv2dug
156,2016,10,338,Bangkok,13.71617816618312,100.5527482273993,9Ly2pVK_Z8Gmy5rzTwtwbw,2291,1,3644,1,8778,True,9Ly2pVK_Z8Gmy5rzTwtwbw
103,2020,9,227,Bangkok,13.71667840650695,100.5001038136483,HzvBo8i_x8gH3czGJhfqCQ,2789,0,3647,2,8784,True,HzvBo8i_x8gH3czGJhfqCQ
4249,2016,9,165,Bangkok,13.76235360659736,100.5512770878515,zWoik31VdNJ85c-l0hsRqA,844,0,883,11,8788,True,zWoik31VdNJ85c-l0hsRqA
429,2014,9,421,Bangkok,13.71922343704572,100.5617011244288,TW_3GPeOzrWSQGO7kh0Sew,1973,0,2239,12,8793,True,TW_3GPeOzrWSQGO7kh0Sew
1483,2019,5,166,Bangkok,13.73125434742121,100.5687396559351,99_gX8vDhHPbFy2-QEF5bQ,817,0,854,11,8795,True,99_gX8vDhHPbFy2-QEF5bQ
3488,2020,9,615,Bangkok,13.75542914160069,100.4921830382465,em85iMB3akFS_jWdVezhZA,1560,0,1703,8,8799,True,em85iMB3akFS_jWdVezhZA
3117,2014,10,160,Bangkok,13.75072884803002,100.5607844547224,Swiwnu7jRZIw6myv2y4Ikg,1734,0,1927,6,8800,True,Swiwnu7jRZIw6myv2y4Ikg
4557,2017,6,615,Bangkok,13.76625180826036,100.5242598932461,w25i0gdGTgrpkKshnIXNVw,2790,0,3649,1,8803,True,w25i0gdGTgrpkKshnIXNVw
3561,2020,9,215,Bangkok,13.75526595513207,100.5647115324911,FeyHmx7bAAJQ8-3ORez9oQ,60,0,60,10,8806,True,FeyHmx7bAAJQ8-3ORez9oQ
617,2020,9,404,Bangkok,13.72237575301158,100.4966396292445,BLGetPqOi4TJqZAEXDLuWw,205,1,3650,2,8808,True,BLGetPqOi4TJqZAEXDLuWw
556,2020,9,592,Bangkok,13.72122724425598,100.5157355569564,0nmPWd_iv5y8IgXsSlhtdA,713,0,739,5,8815,True,0nmPWd_iv5y8IgXsSlhtdA
453,2020,9,532,Bangkok,13.72060809737455,100.5037666140587,VsUXC2cIfxPqIKOOuO-SIA,53,0,53,13,8820,True,VsUXC2cIfxPqIKOOuO-SIA
26,2019,5,149,Bangkok,13.71650560919557,100.5094185544137,eBWKYkkvkbmUkH-y8Q45og,1918,0,2160,5,8822,True,eBWKYkkvkbmUkH-y8Q45og
3207,2014,10,96,Bangkok,13.75119759269376,100.5587326799973,8xxqH9y3sOK2MwDw1mzteQ,308,0,309,7,8833,True,8xxqH9y3sOK2MwDw1mzteQ
2067,2018,9,351,Bangkok,13.73821755049339,100.5506974129871,ogMJzcVub7f5aG-oVfun9A,1547,1,3653,1,8835,True,ogMJzcVub7f5aG-oVfun9A
4065,2019,4,614,Bangkok,13.76119717263376,100.5487813039484,6HD-5Wkcn7c84kqlKdbBkQ,2385,1,3654,1,8841,True,6HD-5Wkcn7c84kqlKdbBkQ
4694,2019,9,544,Bangkok,13.76832628476308,100.5674956789704,ngG6h8eujRJdXq6bqGFVfQ,1767,3,3655,2,8845,True,ngG6h8eujRJdXq6bqGFVfQ
3238,2020,9,171,Bangkok,13.75215805024785,100.5057062780706,TN2s65hoUtkhvbYODOJs3Q,1990,0,2265,10,8852,True,TN2s65hoUtkhvbYODOJs3Q
3099,2020,8,590,Bangkok,13.75032419019363,100.5398016414103,rk07ShQhDGXvlj36EkHo8g,1441,0,1553,10,8853,True,rk07ShQhDGXvlj36EkHo8g
2553,2016,8,462,Bangkok,13.74420413144898,100.5159031710773,3sXvDuYG4PeRIxTI8F4a0g,2093,0,2404,8,8858,True,3sXvDuYG4PeRIxTI8F4a0g
1657,2020,9,326,Bangkok,13.73418048229503,100.4926465946578,zvK9UKnLVdU_0bCUGrBHVA,1299,0,1393,6,8861,True,zvK9UKnLVdU_0bCUGrBHVA
2271,2020,9,295,Bangkok,13.74121764731112,100.4978544111081,gLFi4-4LxjeTNfk_ho_xEg,595,0,607,11,8881,True,gLFi4-4LxjeTNfk_ho_xEg
3293,2017,12,280,Bangkok,13.75266780241227,100.5577980785025,03ug300MaosuNWyL9Jv-KQ,2193,0,2544,6,8892,True,03ug300MaosuNWyL9Jv-KQ
733,2020,9,145,Bangkok,13.72316440833385,100.5234739830966,pWGwXJcVGCP8frHwnASXmg,1380,0,1481,7,8907,True,pWGwXJcVGCP8frHwnASXmg
2812,2017,6,540,Bangkok,13.74711078770413,100.5163622778568,jl1JZmPkir-IbyYyGUArbg,673,0,695,8,8914,True,jl1JZmPkir-IbyYyGUArbg
1846,2019,5,348,Bangkok,13.73620387966842,100.5036708456741,5XY0OrGFD_OtfkhFasAaCQ,961,1,3658,1,8915,True,5XY0OrGFD_OtfkhFasAaCQ
2718,2019,5,264,Bangkok,13.74613907257823,100.5097570181829,Qv3UBM-rXcVQzxMsde_iRQ,1907,1,3418,4,8918,True,Qv3UBM-rXcVQzxMsde_iRQ
179,2019,5,217,Bangkok,13.71734896447077,100.4887405714356,1mkeyieiLksqr_GQvY71Vw,2491,1,3659,3,8926,True,1mkeyieiLksqr_GQvY71Vw
1651,2019,5,425,Bangkok,13.73439362454394,100.4845905408612,6G4fIF-244t5BVSNspJdhg,2633,1,3660,4,8929,True,6G4fIF-244t5BVSNspJdhg
4324,2020,8,624,Bangkok,13.76428986806964,100.5486107526344,vgI7SprQpoHnSoNUs1L-Kw,1356,0,1455,11,8932,True,vgI7SprQpoHnSoNUs1L-Kw
4722,2020,8,172,Bangkok,13.76918473116988,100.5067075368996,AFljvgqfcystBwSVafRAyQ,2724,0,3475,5,8946,True,AFljvgqfcystBwSVafRAyQ
4025,2018,8,338,Bangkok,13.76117760150168,100.5115859758606,9wVGSxt1JZkHLufOZ1w-BA,2652,1,3662,1,8947,True,9wVGSxt1JZkHLufOZ1w-BA
772,2020,8,294,Bangkok,13.72323766343424,100.5627377462505,aZoIiQmdj8FJZLyyiKPkpg,1509,0,1639,4,8949,True,aZoIiQmdj8FJZLyyiKPkpg
2972,2018,9,326,Bangkok,13.74934474275434,100.5001253910362,x-s7k2fBqlcv9pamksNvLA,925,0,971,9,8950,True,x-s7k2fBqlcv9pamksNvLA
2623,2018,9,364,Bangkok,13.74517641656644,100.4945026282629,a0YNjkXRujRSFzQEbIC_6g,2412,1,3663,1,8956,True,a0YNjkXRujRSFzQEbIC_6g
151,2020,8,669,Bangkok,13.7161504938126,100.5478559737407,Xsoi73E4Pca6T1vNRNBP0g,2785,1,3664,1,8959,True,Xsoi73E4Pca6T1vNRNBP0g
4607,2011,12,342,Bangkok,13.76728058191311,100.5637704320513,ZYXxmADxmUZZtyLXv7mPVw,1544,1,3665,1,8963,True,ZYXxmADxmUZZtyLXv7mPVw
1289,2019,5,165,Bangkok,13.72911927639572,100.550808798981,_XiTQrGwBTNtCs3lWK6YKg,2792,0,3666,1,8973,True,_XiTQrGwBTNtCs3lWK6YKg
1641,2018,3,314,Bangkok,13.73321825353074,100.5610047253715,X1Em4WZ-5FMY6yoEEeioHQ,524,0,534,4,8975,True,X1Em4WZ-5FMY6yoEEeioHQ
1132,2017,10,345,Bangkok,13.72827493386824,100.4846760129051,f_447TIBPf1dM2HXQ9i2Cg,2704,1,3580,5,8978,True,f_447TIBPf1dM2HXQ9i2Cg
446,2018,10,582,Bangkok,13.72041547643615,100.4927492457833,lQ6GYItEcGLWAzeY7mr5mQ,2479,1,3667,1,8979,True,lQ6GYItEcGLWAzeY7mr5mQ
1111,2018,9,249,Bangkok,13.72712959715024,100.5525423861923,-o8I7tWGYm0OVbQ2Gdn0nA,1463,1,1693,4,8987,True,-o8I7tWGYm0OVbQ2Gdn0nA
4464,2018,9,425,Bangkok,13.76623119562592,100.5147143344482,32lTZ-AekIbGGiNm2VAKwA,1855,0,2084,4,8992,True,32lTZ-AekIbGGiNm2VAKwA
2303,2017,6,201,Bangkok,13.74135116836839,100.5239842748732,VvhAqTHrqWxFobzkpjsJig,1095,1,3669,1,8998,True,VvhAqTHrqWxFobzkpjsJig
2013,2016,11,285,Bangkok,13.7381903741744,100.4977282724035,6jqmqf_On_p-13oALg3l8Q,1158,1,3670,1,9004,True,6jqmqf_On_p-13oALg3l8Q
1001,2020,9,190,Bangkok,13.72595168847536,100.5268706676003,teRcIfCW2ijDbH9ixK1WFg,2782,0,3629,7,9005,True,teRcIfCW2ijDbH9ixK1WFg
1817,2016,10,472,Bangkok,13.73530849175771,100.5653842997874,qOW4cyEnKTA1opR0ugQbPA,2794,0,3671,1,9011,True,qOW4cyEnKTA1opR0ugQbPA
359,2018,10,124,Bangkok,13.71910792845019,100.494695370628,c4jSRvPjg0lmP0QPttqN1A,649,0,667,5,9022,True,c4jSRvPjg0lmP0QPttqN1A
2297,2017,11,524,Bangkok,13.74120455237736,100.5197747873194,SCAGhSlSAdU3kgGyrxegVA,779,0,809,9,9032,True,SCAGhSlSAdU3kgGyrxegVA
2789,2017,11,81,Bangkok,13.74776295988239,100.4901945501236,eQYeF2BaqHDhfLGqhiZO5w,1794,0,2003,4,9033,True,eQYeF2BaqHDhfLGqhiZO5w
3906,2017,6,385,Bangkok,13.75922249425199,100.5627228977617,4aIriWDq5eh49sS22bxkmw,1628,1,3673,3,9040,True,4aIriWDq5eh49sS22bxkmw
3674,2016,8,210,Bangkok,13.75715277008832,100.504529598087,U8kU4K96_kibFNz7TVWE4Q,919,0,965,6,9045,True,U8kU4K96_kibFNz7TVWE4Q
1975,2018,9,407,Bangkok,13.73725108444489,100.5443350732593,IiEy6d1wKfsPMLF-0CyJ5Q,375,0,380,5,9047,True,IiEy6d1wKfsPMLF-0CyJ5Q
2544,2017,6,385,Bangkok,13.74437158274353,100.510573405099,l-uVjZNBXbpe4HamW1mPlw,2729,1,3675,3,9050,True,l-uVjZNBXbpe4HamW1mPlw
2825,2017,11,91,Bangkok,13.74698736071469,100.5266718032721,mP3EUNLZ2Rv2RX1cxISlOQ,290,0,291,12,9052,True,mP3EUNLZ2Rv2RX1cxISlOQ
3163,2020,8,494,Bangkok,13.75138712868487,100.5084558608353,ChsRNe3XJeBEfxEv5b1XTg,2611,0,3229,4,9054,True,ChsRNe3XJeBEfxEv5b1XTg
4433,2018,10,419,Bangkok,13.76536154792708,100.5667763377038,vfDpk1NdZctWICGCu9QvFA,2186,1,3677,2,9058,True,vfDpk1NdZctWICGCu9QvFA
3883,2014,9,278,Bangkok,13.75885983909522,100.5325602728447,K9sHB51ixPaASVT056_UEQ,1988,0,2262,12,9059,True,K9sHB51ixPaASVT056_UEQ
569,2019,5,423,Bangkok,13.72112179730045,100.5316905366561,5MuHidrkBdyhvHp8S68Xfg,1527,1,3679,1,9066,True,5MuHidrkBdyhvHp8S68Xfg
4695,2020,8,695,Bangkok,13.76830205817644,100.565677223452,ru6tKj3zDnq3a3dS-j4w0Q,2075,1,2774,4,9068,True,ru6tKj3zDnq3a3dS-j4w0Q
1517,2019,8,454,Bangkok,13.73212343879385,100.5267395976829,f6XCHGizDFbfJKDn0T4-ag,2085,0,2395,3,9069,True,f6XCHGizDFbfJKDn0T4-ag
3271,2020,8,493,Bangkok,13.75235081309475,100.5355673839577,MSwJtotbZBcHV6IcOI7YuA,2275,0,2661,8,9071,True,MSwJtotbZBcHV6IcOI7YuA
1760,2016,11,217,Bangkok,13.73505685142367,100.5032337049005,4seEuZvg6Q__6V82YMnMBQ,763,0,792,9,9072,True,4seEuZvg6Q__6V82YMnMBQ
557,2018,9,108,Bangkok,13.72111754518571,100.5223069511622,Suh9cxtLsIyvHOJKzqKJYw,870,1,3680,1,9074,True,Suh9cxtLsIyvHOJKzqKJYw
3764,2014,9,405,Bangkok,13.75824548929431,100.5066646578607,yfhjr8tZYX2k5ZzNVwUsvQ,729,0,756,8,9075,True,yfhjr8tZYX2k5ZzNVwUsvQ
2956,2020,3,476,Bangkok,13.74846913540707,100.5667322958007,2oCAxBSJz3eXrkDqLjcpqg,1798,0,2011,14,9077,True,2oCAxBSJz3eXrkDqLjcpqg
376,2014,9,412,Bangkok,13.71926233918655,100.5116998823828,3et8EbNNRuUYxyhig2NSWQ,845,0,884,12,9078,True,3et8EbNNRuUYxyhig2NSWQ
1559,2019,9,289,Bangkok,13.73220948194855,100.5651220508654,qWxZWDM937ftZjtGd1OYkQ,771,1,3682,4,9083,True,qWxZWDM937ftZjtGd1OYkQ
2344,2011,12,250,Bangkok,13.74117299608995,100.566940229576,x-oPwJmXm1iaC4-17cZxuA,599,0,612,9,9094,True,x-oPwJmXm1iaC4-17cZxuA
913,2017,5,256,Bangkok,13.72497434287592,100.5272254934011,NNuqHMImgYX73xn54M64dw,333,1,3270,3,9095,True,NNuqHMImgYX73xn54M64dw
1211,2018,3,433,Bangkok,13.72890277400188,100.5639579761191,4UZhFdJrLnqdGpqTTN4pKQ,24,1,3683,1,9099,True,4UZhFdJrLnqdGpqTTN4pKQ
3627,2016,11,453,Bangkok,13.75634359833044,100.5446443169655,QtLILbbLfMRE0U8J8MKtPA,1673,0,1854,10,9104,True,QtLILbbLfMRE0U8J8MKtPA
4553,2011,9,403,Bangkok,13.7670766437063,100.5129212021643,soOqSPjYXA_w3BUORfrg5A,2798,0,3684,2,9105,True,soOqSPjYXA_w3BUORfrg5A
3315,2014,9,213,Bangkok,13.7532537437211,100.4895699808888,Nn_Omhnaz5PMegZZ2FcpYw,2345,1,3685,2,9107,True,Nn_Omhnaz5PMegZZ2FcpYw
4025,2020,8,519,Bangkok,13.76115298182213,100.5115669827094,gXTTAe0mVWyvt6KReu3T6g,2652,0,3302,5,9109,True,gXTTAe0mVWyvt6KReu3T6g
3644,2018,9,602,Bangkok,13.75629653028197,100.5607090509508,wJkofR26ig2ome0xJse9OQ,932,0,978,12,9111,True,wJkofR26ig2ome0xJse9OQ
4227,2017,6,448,Bangkok,13.76302013482779,100.537131434584,rovkZ7fGSQ2PyAR66xTsig,589,0,601,11,9133,True,rovkZ7fGSQ2PyAR66xTsig
4128,2011,9,350,Bangkok,13.76432693595039,100.5197562508368,pN10m5Bsp0npkDjz-BR6ag,427,0,435,6,9135,True,pN10m5Bsp0npkDjz-BR6ag
1078,2011,9,284,Bangkok,13.7272948791171,100.5218240707023,sJceJ5BTzBal8Ac72OF5ag,2799,0,3687,2,9138,True,sJceJ5BTzBal8Ac72OF5ag
4055,2019,4,567,Bangkok,13.76133248104196,100.5366881647458,Si_ijXid0EznLlJJ8j4jhg,663,0,684,7,9142,True,Si_ijXid0EznLlJJ8j4jhg
4780,2017,6,582,Bangkok,13.76920089557007,100.5686940809822,iglHhUJrOuv45-aouFZycw,2264,1,3689,3,9147,True,iglHhUJrOuv45-aouFZycw
797,2018,10,265,Bangkok,13.7242648776276,100.4976882568696,1oxXkob3JL6bBF6X0jUzng,580,3,3690,1,9151,True,1oxXkob3JL6bBF6X0jUzng
333,2019,5,74,Bangkok,13.7172709811979,100.5555785007112,22jVb05GnVzID58ekOJaMw,2619,0,3243,4,9160,True,22jVb05GnVzID58ekOJaMw
1818,2020,9,676,Bangkok,13.7353528652533,100.561191428898,Qvwps9sPLe1dGTpmHtBaag,1345,0,1444,10,9166,True,Qvwps9sPLe1dGTpmHtBaag
4168,2019,9,501,Bangkok,13.76225148860679,100.5638325908391,f6AYdBVWp-39t7LRA2g0NQ,1351,1,3693,4,9169,True,f6AYdBVWp-39t7LRA2g0NQ
2259,2019,5,385,Bangkok,13.7405151574899,100.5686338390957,OU1xWtomxkY36rp8xjF9Qw,356,1,3695,1,9172,True,OU1xWtomxkY36rp8xjF9Qw
822,2019,6,384,Bangkok,13.72462385136222,100.5207373733602,eCfskjToRf1Vo1iO_JT4LQ,1953,0,2213,4,9173,True,eCfskjToRf1Vo1iO_JT4LQ
3072,2020,8,239,Bangkok,13.74999068719113,100.5126685351456,8VFnBwP0Lf9CmkV6E4UFAQ,296,0,297,5,9182,True,8VFnBwP0Lf9CmkV6E4UFAQ
2589,2017,9,411,Bangkok,13.74427987044601,100.5476974325816,Od2-_Tj_3h5865SEkzGIvg,1758,0,1960,8,9183,True,Od2-_Tj_3h5865SEkzGIvg
4475,2017,6,695,Bangkok,13.76544756583837,100.5239315791246,XIdmcOYSaOLOnnUjVeRCvw,2676,1,3698,1,9191,True,XIdmcOYSaOLOnnUjVeRCvw
4161,2011,12,373,Bangkok,13.76228811471575,100.556717039359,u2_NEPKXRxJ6yC8LGeCJWw,2803,0,3699,3,9201,True,u2_NEPKXRxJ6yC8LGeCJWw
3295,2016,9,289,Bangkok,13.75187460595905,100.5556769516571,TtrBH4x-iwVVSvb0gbjjyA,145,1,1319,7,9204,True,TtrBH4x-iwVVSvb0gbjjyA
1596,2011,9,333,Bangkok,13.73338170033992,100.5137970185109,08ILl7BKu6JukOTFkiQIKA,2272,1,3701,1,9209,True,08ILl7BKu6JukOTFkiQIKA
2544,2018,9,219,Bangkok,13.74439443414648,100.5105602228252,FOtFFSLpTFRwAQZcGMyx9Q,2729,0,3482,4,9211,True,FOtFFSLpTFRwAQZcGMyx9Q
3825,2020,2,309,Bangkok,13.75835860519057,100.5697777920865,oShuNT0kt9aH7cNIP-9Udw,2806,0,3703,3,9212,True,oShuNT0kt9aH7cNIP-9Udw
3181,2016,10,475,Bangkok,13.75124634069209,100.5315645196534,dl6-J10-XfU74mBzgDn7eA,2723,0,3473,8,9214,True,dl6-J10-XfU74mBzgDn7eA
615,2018,10,442,Bangkok,13.72227762349499,100.4906489961562,ivrwSxu4Q8ZGTxb_CgEgYw,2079,1,3704,1,9217,True,ivrwSxu4Q8ZGTxb_CgEgYw
2098,2016,11,626,Bangkok,13.73872981039762,100.4959898148163,IZouWyIIRpLkKXX_zSiPwA,272,0,273,4,9220,True,IZouWyIIRpLkKXX_zSiPwA
278,2019,5,265,Bangkok,13.71815928180169,100.5008919468717,0Qv0Q3AfWC2ykUiLWpzkgA,136,1,3705,1,9229,True,0Qv0Q3AfWC2ykUiLWpzkgA
1514,2019,8,365,Bangkok,13.73223634231326,100.5178076510217,p_Q2sYkKK4-8qBD1w8bhlA,1490,0,1616,5,9233,True,p_Q2sYkKK4-8qBD1w8bhlA
509,2011,10,218,Bangkok,13.72021777547747,100.5527242196562,QgDzJNxdMz4h0-fgGoSR_w,1629,0,1796,7,9243,True,QgDzJNxdMz4h0-fgGoSR_w
2094,2020,8,549,Bangkok,13.73921512003236,100.4886097473759,wIo2apb_2dEbC-57ijsSow,421,1,3708,3,9249,True,wIo2apb_2dEbC-57ijsSow
39,2020,9,325,Bangkok,13.71577047824606,100.5224671493853,S7I1R1RBhOzZqXTCdiI5aA,2517,0,3038,8,9250,True,S7I1R1RBhOzZqXTCdiI5aA
1015,2019,7,189,Bangkok,13.72575405344016,100.5428791224253,LbJHIan7FHygnitPkSVeSg,1412,0,1522,9,9260,True,LbJHIan7FHygnitPkSVeSg
379,2017,6,380,Bangkok,13.71936262472802,100.5147519675774,f2vy-jFYy-vo7z8gurLDnA,1910,1,3710,1,9261,True,f2vy-jFYy-vo7z8gurLDnA
1710,2018,9,604,Bangkok,13.73428473887185,100.539735459108,qFaWcry_inkmFbD2t00lWQ,1180,0,1256,11,9264,True,qFaWcry_inkmFbD2t00lWQ
3800,2016,9,376,Bangkok,13.75820722235508,100.5436880132083,YGc6AEoqadqQY3TXidZw_w,2808,0,3711,2,9267,True,YGc6AEoqadqQY3TXidZw_w
4071,2011,9,171,Bangkok,13.76114406554208,100.5537217758196,ojBQTgyPhYW-AkxJHYKwAw,86,0,86,11,9278,True,ojBQTgyPhYW-AkxJHYKwAw
3532,2020,8,411,Bangkok,13.75530623228802,100.5388280596741,nMVTijc5yo3M8rI5un8TbQ,1034,0,1091,6,9281,True,nMVTijc5yo3M8rI5un8TbQ
1102,2017,9,228,Bangkok,13.72714483033068,100.5427409044295,hz7ZWc1oGyEOHaxgSGIHMw,999,0,1051,12,9286,True,hz7ZWc1oGyEOHaxgSGIHMw
63,2018,2,420,Bangkok,13.71548289050332,100.5464229074189,RXbjp2x7jWG2Xq_NnIXQUg,1624,0,1788,8,9300,True,RXbjp2x7jWG2Xq_NnIXQUg
4211,2016,8,344,Bangkok,13.76455624155756,100.5193242794781,BrkhBNd6KbXXu9Ax6UEGjg,1455,0,1571,7,9305,True,BrkhBNd6KbXXu9Ax6UEGjg
855,2019,10,334,Bangkok,13.72407207820202,100.5528774384754,QHL2PCKUwNn2B_FZ-kJmQw,1418,1,2549,3,9307,True,QHL2PCKUwNn2B_FZ-kJmQw
1982,2017,6,277,Bangkok,13.73724206980046,100.5488786368577,ZytyTQCRtfK7jqaphBc3zw,2200,2,3713,1,9308,True,ZytyTQCRtfK7jqaphBc3zw
3649,2018,10,384,Bangkok,13.75627042852402,100.563746198034,YqN_fz40ZYakKhaIMIZSug,1030,0,1087,12,9310,True,YqN_fz40ZYakKhaIMIZSug
963,2020,9,332,Bangkok,13.72627456992793,100.4895921885314,U7oMkd785ifey7tMyy9aog,2810,0,3714,5,9311,True,U7oMkd785ifey7tMyy9aog
961,2019,8,409,Bangkok,13.72643266830353,100.485562206177,3i_xmLLjK3azkL-ekdYV7w,1977,0,2244,4,9322,True,3i_xmLLjK3azkL-ekdYV7w
4327,2020,9,426,Bangkok,13.76414828797143,100.5449387045549,TcURyrL-wXWDekDT-W-Cdw,1495,1,3716,2,9326,True,TcURyrL-wXWDekDT-W-Cdw
2674,2020,8,542,Bangkok,13.74516137788978,100.5493427263834,WmYtl_GPFhRQD2A_KwqSeQ,1405,0,1513,4,9331,True,WmYtl_GPFhRQD2A_KwqSeQ
914,2014,9,282,Bangkok,13.72523206251904,100.5288170012108,5oUeylqS2wWprJHjjfrdBQ,475,0,483,11,9341,True,5oUeylqS2wWprJHjjfrdBQ
2823,2017,6,529,Bangkok,13.74715965736449,100.5228012470869,v_swD6Pqm-mCJE_BpPtuXw,991,0,1043,5,9343,True,v_swD6Pqm-mCJE_BpPtuXw
4165,2018,3,522,Bangkok,13.76228814070449,100.564500614303,hXRT1BdFhjh0txMY2IaKmg,1704,1,3718,1,9351,True,hXRT1BdFhjh0txMY2IaKmg
4585,2020,9,330,Bangkok,13.76726996951769,100.5475730846102,ZJRPCb1nCdZg_giwGMrxsA,2543,1,3719,1,9355,True,ZJRPCb1nCdZg_giwGMrxsA
1412,2019,9,522,Bangkok,13.73123194180176,100.5077613047891,qP3VCT3hnzcpGnOTu5GQuA,869,1,3720,2,9356,True,qP3VCT3hnzcpGnOTu5GQuA
842,2017,7,522,Bangkok,13.72449919251486,100.5396770380455,CsqJyD3QUIYxDkcrewgYRA,566,0,577,9,9365,True,CsqJyD3QUIYxDkcrewgYRA
4467,2019,4,494,Bangkok,13.76622537844776,100.5125169040851,q7A4eIlmDfVuCO68vJVbCQ,2801,0,3692,3,9367,True,q7A4eIlmDfVuCO68vJVbCQ
3756,2019,5,58,Bangkok,13.75817868710063,100.4937166661002,bSct6nIeYkZ7-9_lFp-nkA,2078,0,2384,6,9372,True,bSct6nIeYkZ7-9_lFp-nkA
885,2018,10,322,Bangkok,13.72561193946291,100.5035775551693,1NMDlWP_0hXvPNWOSGhlrw,2541,1,3175,4,9377,True,1NMDlWP_0hXvPNWOSGhlrw
3532,2012,5,584,Bangkok,13.755314237062,100.5388195380504,lMlICIGtx5jaZLQfpoIwgg,1034,1,1200,4,9390,True,lMlICIGtx5jaZLQfpoIwgg
2476,2017,11,39,Bangkok,13.74313240955724,100.5230094732521,4y66uyD1WlxanNl8J92-Yw,1569,0,1714,11,9392,True,4y66uyD1WlxanNl8J92-Yw
2059,2011,9,484,Bangkok,13.7382800955507,100.5393648378526,g8_eglvoOsb3ICiPWxTr4A,2645,0,3290,9,9405,True,g8_eglvoOsb3ICiPWxTr4A
1713,2018,1,314,Bangkok,13.7342835463541,100.5427549518738,4eC2rDMZ154lzeeeEdtuPg,1501,0,1630,15,9408,True,4eC2rDMZ154lzeeeEdtuPg
988,2011,9,263,Bangkok,13.72631150805196,100.5156906969726,lrjJn0XykgAydqIXLLdBpA,1471,1,3726,1,9430,True,lrjJn0XykgAydqIXLLdBpA
1320,2018,10,462,Bangkok,13.73015650153305,100.4959035913618,_O7e5atxW1cLMBlYpuumAw,1467,0,1587,3,9431,True,_O7e5atxW1cLMBlYpuumAw
3419,2019,6,198,Bangkok,13.7541567550191,100.5098342910833,3yIHEytqmhVPF5KNuPValg,2456,1,3728,1,9443,True,3yIHEytqmhVPF5KNuPValg
2934,2018,7,185,Bangkok,13.74814439581711,100.5483423633085,sWGcseIbHsPLKxaYiFPHVA,395,1,837,7,9444,True,sWGcseIbHsPLKxaYiFPHVA
2879,2011,9,627,Bangkok,13.74702152787356,100.4921643200688,_001kLpO9clBJPbEaiMyZg,1812,1,2138,6,9446,True,_001kLpO9clBJPbEaiMyZg
1261,2019,8,325,Bangkok,13.72936364410568,100.5279175162593,ZsT2PpcaKm46gO0sRw6QdQ,1404,0,1512,5,9447,True,ZsT2PpcaKm46gO0sRw6QdQ
1257,2018,9,388,Bangkok,13.72920209009238,100.5227703733625,S92t1MSdbs-VoK8d6X18iw,1721,0,1912,4,9450,True,S92t1MSdbs-VoK8d6X18iw
4383,2019,4,605,Bangkok,13.76514378897431,100.5120112186801,ECDWwfz5lwfv-doAsF3S-A,1108,1,3730,1,9463,True,ECDWwfz5lwfv-doAsF3S-A
2313,2017,9,462,Bangkok,13.74126451024042,100.535257273923,RHO48wr5bkdA5pF4vkahow,1805,0,2020,9,9464,True,RHO48wr5bkdA5pF4vkahow
1472,2019,9,304,Bangkok,13.73157827259786,100.5680039300363,AlbbSfuK-ZfLGH3X1h26mA,6,0,6,13,9468,True,AlbbSfuK-ZfLGH3X1h26mA
3469,2020,9,249,Bangkok,13.75423945720322,100.5607088682245,t3ZlRui7k8F-sJsekq6COg,1165,0,1238,9,9470,True,t3ZlRui7k8F-sJsekq6COg
3278,2014,9,312,Bangkok,13.75229604880031,100.5415020453271,y4vpZjfSyXdZe6nkIMCcQQ,81,0,81,11,9481,True,y4vpZjfSyXdZe6nkIMCcQQ
2154,2011,10,540,Bangkok,13.73921443526997,100.5508404273568,JYZ0k_6bjdl_AcgtiL_wxg,1608,0,1766,6,9492,True,JYZ0k_6bjdl_AcgtiL_wxg
4157,2020,9,170,Bangkok,13.76178347656215,100.5524461624051,6AGluL5rVlyNbagAij6aZA,1309,0,1403,13,9495,True,6AGluL5rVlyNbagAij6aZA
1623,2018,9,461,Bangkok,13.73332792385295,100.5340914909625,gqN4VdbliV6zFQrCk0higA,972,0,1023,7,9503,True,gqN4VdbliV6zFQrCk0higA
3531,2018,7,221,Bangkok,13.7553586004899,100.5377327474833,O0CpBIQNMwpNF0GN-QUOQw,1564,1,3216,5,9505,True,O0CpBIQNMwpNF0GN-QUOQw
1902,2020,8,471,Bangkok,13.73618710789873,100.5599955461783,jnEWNYYHX5FZteXzUjuTnQ,2473,1,3732,4,9510,True,jnEWNYYHX5FZteXzUjuTnQ
4584,2016,9,348,Bangkok,13.76726189625862,100.5488399333377,cTkIK6lCyrDU8jFoBsoY_g,2102,1,3733,2,9511,True,cTkIK6lCyrDU8jFoBsoY_g
3348,2018,9,346,Bangkok,13.75331916859303,100.5257231705864,RmwQKSRdl7X9h0Fl5mGwOA,1047,0,1105,3,9516,True,RmwQKSRdl7X9h0Fl5mGwOA
3906,2018,2,566,Bangkok,13.75918790656037,100.5627187470421,1GQRAjq2tlrkmYq_T0lFBg,1628,2,3734,2,9517,True,1GQRAjq2tlrkmYq_T0lFBg
4215,2020,8,524,Bangkok,13.76341160783543,100.52184867954,HdPogiEwNB39E26vBWI05w,2662,0,3334,5,9518,True,HdPogiEwNB39E26vBWI05w
4766,2018,3,312,Bangkok,13.76900732763655,100.5536071371018,gQN9Uhr05yoqhIOaPBpI4w,2168,0,2510,7,9519,True,gQN9Uhr05yoqhIOaPBpI4w
4106,2019,4,476,Bangkok,13.76255962911374,100.5010651204249,6vxgmLriu8wZ6HwuAkad-Q,288,1,3622,5,9522,True,6vxgmLriu8wZ6HwuAkad-Q
3966,2018,7,259,Bangkok,13.75947506625256,100.5351498661203,1nNggDhzwjxtjnE6DLuLKQ,758,0,787,10,9531,True,1nNggDhzwjxtjnE6DLuLKQ
4643,2019,2,162,Bangkok,13.76819740566634,100.5117900259949,HXML1B_bGkd3_0hCZga0mw,1730,1,3736,1,9535,True,HXML1B_bGkd3_0hCZga0mw
1749,2018,9,395,Bangkok,13.73521967030768,100.4896985472201,f6deFCdCVkwQKrFYatrU9g,1173,1,3737,1,9539,True,f6deFCdCVkwQKrFYatrU9g
237,2019,5,491,Bangkok,13.71720352378172,100.5467138196452,NDgVd30jxK6ouYASGwdZgg,2818,0,3738,2,9550,True,NDgVd30jxK6ouYASGwdZgg
1672,2017,11,199,Bangkok,13.73386121354475,100.5067584492731,Gu74kg78w-MgCInCqfha8g,2710,1,3739,1,9551,True,Gu74kg78w-MgCInCqfha8g
1825,2011,12,48,Bangkok,13.73529648344858,100.5699045338051,u4d31Z43skkCPblzrluKDw,1058,1,3740,1,9560,True,u4d31Z43skkCPblzrluKDw
3102,2020,8,364,Bangkok,13.75064080753875,100.5389297349311,CMED5qxpMkbJ_oP6ErFtlA,980,0,1032,11,9561,True,CMED5qxpMkbJ_oP6ErFtlA
2817,2018,9,383,Bangkok,13.74718458297573,100.5205920836687,G8ca7BuUzIV4k_pm9rdXlA,860,0,900,4,9566,True,G8ca7BuUzIV4k_pm9rdXlA
780,2017,6,580,Bangkok,13.72317219090307,100.568735376374,8MDI-zc5GC9y9NbJuW9w9w,2001,2,3741,1,9567,True,8MDI-zc5GC9y9NbJuW9w9w
2942,2020,8,439,Bangkok,13.7475870093546,100.5517969401138,X_VOAFa51Y3E9WInFhGFHQ,126,2,3742,1,9569,True,X_VOAFa51Y3E9WInFhGFHQ
1389,2018,10,569,Bangkok,13.72998641955128,100.5680024158966,i-BOQiwLmrJ3eDcwxZ0BBw,1207,1,3743,1,9579,True,i-BOQiwLmrJ3eDcwxZ0BBw
3292,2017,6,345,Bangkok,13.75163798442121,100.5565975783146,6EZTdFxLMMWX6RQbxJcoDA,2049,1,2897,3,9580,True,6EZTdFxLMMWX6RQbxJcoDA
2147,2017,6,531,Bangkok,13.73904855638982,100.5436535752877,BUfGgJt7fz97ZlXmdWa_tA,2108,1,3744,1,9582,True,BUfGgJt7fz97ZlXmdWa_tA
414,2017,6,54,Bangkok,13.71918203727694,100.5515134246264,7CMqk1R_79NLzFwBq00Gjg,2297,1,3746,2,9598,True,7CMqk1R_79NLzFwBq00Gjg
827,2020,9,342,Bangkok,13.72420957709187,100.5307230012655,eUfehU2g_sIl1wKVbijNXA,2495,2,3747,1,9599,True,eUfehU2g_sIl1wKVbijNXA
1335,2018,1,249,Bangkok,13.73024124247647,100.5138399802259,fk79XmwGJwHYLAjeZFC5uQ,2170,1,3748,1,9601,True,fk79XmwGJwHYLAjeZFC5uQ
3208,2011,9,348,Bangkok,13.75115688988797,100.5597034242897,B_SOtrNvxgVf0XDwNedL_Q,2807,0,3709,5,9602,True,B_SOtrNvxgVf0XDwNedL_Q
2066,2019,9,246,Bangkok,13.7382769111244,100.5519145595153,tAD7VLZ6e1yW9z85c_YbwA,1244,0,1329,3,9604,True,tAD7VLZ6e1yW9z85c_YbwA
51,2011,12,286,Bangkok,13.71522138766946,100.5347526309411,wI9NL9whU62qxKe9Uynwog,1079,2,3749,1,9611,True,wI9NL9whU62qxKe9Uynwog
500,2020,8,133,Bangkok,13.72028362486062,100.5516681980955,YR50JdcHYYoxxIq5RWdCKg,412,1,3594,6,9612,True,YR50JdcHYYoxxIq5RWdCKg
1290,2018,1,180,Bangkok,13.7291556453407,100.550266064793,S7L1DtL5KJ79u4sxt0ZBrA,2613,0,3231,5,9619,True,S7L1DtL5KJ79u4sxt0ZBrA
4288,2018,1,133,Bangkok,13.76411791684139,100.5086506604008,tRLfKhAoUAOuzNiEGG_MrA,2649,0,3297,6,9623,True,tRLfKhAoUAOuzNiEGG_MrA
2204,2019,6,195,Bangkok,13.74042681356052,100.5147393823279,2_TDnxrBpLLXtZHvTGOhTQ,161,0,161,3,9634,True,2_TDnxrBpLLXtZHvTGOhTQ
3103,2019,9,381,Bangkok,13.75020182104974,100.5407083161544,cPO0-9eYWgTsfU0-aQS8Fg,564,0,575,13,9638,True,cPO0-9eYWgTsfU0-aQS8Fg
1880,2018,9,345,Bangkok,13.73596942422554,100.540305066202,qL3f3avjw_cGm_orgeoWfw,2007,0,2290,5,9643,True,qL3f3avjw_cGm_orgeoWfw
2572,2017,11,302,Bangkok,13.74420982934024,100.5347553444324,PhsoUBrCSULYg_ixDj0JuQ,345,0,350,3,9645,True,PhsoUBrCSULYg_ixDj0JuQ
2679,2019,10,592,Bangkok,13.74523031828026,100.5535755328326,ojMNGYeFfREzmiad0CR_gA,1400,0,1506,8,9647,True,ojMNGYeFfREzmiad0CR_gA
4774,2017,6,352,Bangkok,13.76929675171458,100.5602475540374,SRW9CIjGYvMqAwHy2qctfw,981,0,1033,4,9649,True,SRW9CIjGYvMqAwHy2qctfw
1368,2018,1,324,Bangkok,13.73013213064859,100.5477167617624,TZuyZ-6cMDkwKDE95LxtBg,1229,3,3753,2,9664,True,TZuyZ-6cMDkwKDE95LxtBg
3250,2019,6,508,Bangkok,13.75223543308816,100.5117748973513,91c1GJE89SCqWdGThyGibA,2822,0,3754,1,9666,True,91c1GJE89SCqWdGThyGibA
1491,2011,9,356,Bangkok,13.73240899227416,100.4989727878177,MRaWgRMAmiX_DIywZGlEAA,2515,1,3755,1,9667,True,MRaWgRMAmiX_DIywZGlEAA
146,2019,5,514,Bangkok,13.71743942454755,100.541639380542,056kvJMrQVVAP0y3BogU-g,36,0,36,3,9670,True,056kvJMrQVVAP0y3BogU-g
1974,2020,8,431,Bangkok,13.73722422002269,100.542716755817,2Spyl9z_bxJymo6AR68Btw,1200,0,1281,13,9674,True,2Spyl9z_bxJymo6AR68Btw
1775,2019,5,74,Bangkok,13.73524179065183,100.5157336065159,auqiiNP35WNmHEkZ3A6jSg,2308,2,3756,2,9680,True,auqiiNP35WNmHEkZ3A6jSg
491,2016,10,416,Bangkok,13.71987208390741,100.5428782646578,OHdr57Shd_d8mAxDfCYimQ,2318,0,2720,3,9686,True,OHdr57Shd_d8mAxDfCYimQ
1389,2019,6,412,Bangkok,13.72999488271608,100.5679858917046,5clN7wWfLC026a8dAPLAZg,1207,0,1288,4,9704,True,5clN7wWfLC026a8dAPLAZg
2806,2020,9,455,Bangkok,13.74717500173575,100.5066450422694,ucLgRQlkt-vBA0JNWGHdOQ,2486,0,2980,7,9706,True,ucLgRQlkt-vBA0JNWGHdOQ
2603,2018,7,492,Bangkok,13.74418843947164,100.558753181013,oiHzfRZG6AdEm5lOFD7xqQ,62,3,3758,2,9707,True,oiHzfRZG6AdEm5lOFD7xqQ
675,2011,12,449,Bangkok,13.72215695980503,100.5467602302462,y5IbLITORZdFTQW_k8kErA,537,1,3759,1,9710,True,y5IbLITORZdFTQW_k8kErA
780,2018,10,549,Bangkok,13.72318858461173,100.5687425085436,f7BR3CUilANiQZq-bED7Kw,2001,1,3488,3,9721,True,f7BR3CUilANiQZq-bED7Kw
13,2019,5,586,Bangkok,13.71504837292594,100.4966950633611,KHMsV5gXjjWjoOKA35NJVQ,1396,0,1500,5,9725,True,KHMsV5gXjjWjoOKA35NJVQ
4293,2020,8,377,Bangkok,13.76456661269168,100.511957980017,m26heDjRX5wmri_DGCxyMA,2825,0,3762,6,9727,True,m26heDjRX5wmri_DGCxyMA
3977,2018,9,398,Bangkok,13.76017630713877,100.5487860855968,1SOGARVWQ60BUfis5I8OUA,2328,0,2732,4,9728,True,1SOGARVWQ60BUfis5I8OUA
42,2018,11,381,Bangkok,13.71554423021829,100.5258633254158,IwWDHWh-BzmS-OuMbouy6g,269,1,3763,1,9734,True,IwWDHWh-BzmS-OuMbouy6g
3711,2019,9,445,Bangkok,13.75721194782731,100.5437114874164,k0KDYS8DwYDlzzwqx8YGIA,2827,0,3766,3,9744,True,k0KDYS8DwYDlzzwqx8YGIA
1045,2018,10,333,Bangkok,13.72731404119533,100.4867290052201,B-KiKmC-ELHvCYnqfW9cNg,800,0,832,7,9748,True,B-KiKmC-ELHvCYnqfW9cNg
3853,2018,9,370,Bangkok,13.75925699986225,100.5085881547598,aO680e4PA7-X-PkvhV_cVA,1835,0,2055,5,9757,True,aO680e4PA7-X-PkvhV_cVA
4580,2017,6,327,Bangkok,13.76725697518373,100.5386968614136,xSTb7NWDY8dSTZxiAG-20A,2829,0,3768,4,9759,True,xSTb7NWDY8dSTZxiAG-20A
3901,2017,6,308,Bangkok,13.75919635186611,100.5548603782791,azKn5dpPwRyS_YnLtVUiSQ,604,0,617,4,9763,True,azKn5dpPwRyS_YnLtVUiSQ
2820,2020,8,309,Bangkok,13.74706178881543,100.5187215659712,UpQHVFfiHTAMBJBqximgew,2296,0,2690,7,9767,True,UpQHVFfiHTAMBJBqximgew
4476,2016,8,296,Bangkok,13.76483448487183,100.5191004404026,E76U6WnMeqZ6Q9ezngOglg,2830,0,3769,8,9770,True,E76U6WnMeqZ6Q9ezngOglg
1169,2011,9,233,Bangkok,13.72820158790716,100.5197122212757,rPVUnDxvi7Zd91j4om4-6g,1185,0,1262,3,9777,True,rPVUnDxvi7Zd91j4om4-6g
4207,2019,4,303,Bangkok,13.76487880057503,100.518538159345,GOWAgE7bdOPUMTvYtObpsA,2820,0,3751,7,9778,True,GOWAgE7bdOPUMTvYtObpsA
3264,2016,11,452,Bangkok,13.7522076989579,100.533602241892,nS_S50vP7rjQl6Yu7HvImg,1237,1,3770,2,9783,True,nS_S50vP7rjQl6Yu7HvImg
93,2017,5,492,Bangkok,13.71619031090347,100.4897241014638,b36UpQU9TOprQ10vuGMSUQ,474,0,482,9,9786,True,b36UpQU9TOprQ10vuGMSUQ
2990,2020,8,332,Bangkok,13.74935426290575,100.5147362977639,iCkX7iLndgUkwz0hPOQdWg,1646,0,1817,5,9788,True,iCkX7iLndgUkwz0hPOQdWg
3389,2018,10,435,Bangkok,13.7531995254538,100.5677075027269,esvtODuAJ1DTRWmn-IHJbQ,2706,0,3440,8,9789,True,esvtODuAJ1DTRWmn-IHJbQ
3825,2011,12,124,Bangkok,13.75835093519251,100.5698096603796,GaVnFeJuH_0dQWnHlvTJlA,2806,1,3771,2,9791,True,GaVnFeJuH_0dQWnHlvTJlA
90,2016,11,307,Bangkok,13.71620491817816,100.4867338105249,higQ8WOFCq7gt7bE8AiAOw,329,0,333,4,9798,True,higQ8WOFCq7gt7bE8AiAOw
1415,2018,10,548,Bangkok,13.73080625723091,100.5065596501019,qOO9YMJZV4REPc8PRKAYhg,1373,1,3773,1,9805,True,qOO9YMJZV4REPc8PRKAYhg
514,2018,3,144,Bangkok,13.71994627036322,100.5646928653202,RSfggXLWnOGt4vNWzBSA8g,2523,1,3192,3,9811,True,RSfggXLWnOGt4vNWzBSA8g
1512,2019,6,268,Bangkok,13.732227658005,100.5197199453042,8kTotL2SK5gL8qDhkoKebQ,2449,0,2919,5,9817,True,8kTotL2SK5gL8qDhkoKebQ
4549,2019,4,371,Bangkok,13.76701329289269,100.5065455512286,YCBEvP4zil7w55oTgNLDhA,2246,1,3774,1,9819,True,YCBEvP4zil7w55oTgNLDhA
2080,2020,8,381,Bangkok,13.73817061655904,100.5629868277468,kadaUlRah7r7bcWRIvRmZw,1776,0,1983,6,9827,True,kadaUlRah7r7bcWRIvRmZw
4254,2020,8,333,Bangkok,13.76317309972282,100.5607437787051,-LLJZQNFFpRxMywHI7EFSQ,2420,0,2871,5,9831,True,-LLJZQNFFpRxMywHI7EFSQ
4057,2018,9,523,Bangkok,13.76114827809825,100.542689432192,-KUVgOnmsnBf__ZJ1us2sw,397,1,2744,7,9837,True,-KUVgOnmsnBf__ZJ1us2sw
4512,2011,12,254,Bangkok,13.76627549581083,100.5625046187272,rm5cc7edFq90YL1XsbR4Hw,1779,0,1986,5,9841,True,rm5cc7edFq90YL1XsbR4Hw
827,2016,10,174,Bangkok,13.72421195375793,100.530684237952,uHmJT2kGtSc9ZfPlnPUusQ,2495,1,3449,3,9842,True,uHmJT2kGtSc9ZfPlnPUusQ
2118,2017,6,335,Bangkok,13.73930487413471,100.515865589383,2AgOlgC7he3WNKTngBLKmg,899,0,941,8,9847,True,2AgOlgC7he3WNKTngBLKmg
2881,2020,9,377,Bangkok,13.74826779254848,100.4941876096776,kjquU4W7sdSYQ07e5W4CeA,239,1,705,3,9851,True,kjquU4W7sdSYQ07e5W4CeA
718,2017,10,473,Bangkok,13.72325955898031,100.507698992723,DARuR2ihzKEVYgej5gQSNw,221,0,222,4,9865,True,DARuR2ihzKEVYgej5gQSNw
3734,2018,10,491,Bangkok,13.75725874277465,100.5627042759362,2CecmeoRS28SHEAzOBwGvA,2768,1,3777,3,9866,True,2CecmeoRS28SHEAzOBwGvA
1441,2019,5,399,Bangkok,13.73142713099785,100.5317902061011,jj66bGRu-BpbbScMpWQHwQ,257,0,258,11,9867,True,jj66bGRu-BpbbScMpWQHwQ
3027,2018,9,316,Bangkok,13.74919328495964,100.5554303243307,pQFgp_iJcsmYjYbFHpdDFg,2832,0,3778,1,9868,True,pQFgp_iJcsmYjYbFHpdDFg
2916,2019,6,304,Bangkok,13.74826183049031,100.5285560770729,HSEslP2t_4JA2-YeZj9INg,169,0,169,7,9874,True,HSEslP2t_4JA2-YeZj9INg
1323,2019,5,471,Bangkok,13.72994814886217,100.4987257480243,yII_nBomy7XCBDcXwmsc0A,702,2,3780,2,9875,True,yII_nBomy7XCBDcXwmsc0A
4679,2019,9,279,Bangkok,13.76836582227466,100.5547670007651,NFICBo0YTK_qJNjH6YiVsA,2363,0,2789,6,9880,True,NFICBo0YTK_qJNjH6YiVsA
129,2018,11,350,Bangkok,13.71627552378901,100.5256516582637,81blNAkeD0YnSCvBwQrn6Q,30,0,30,6,9883,True,81blNAkeD0YnSCvBwQrn6Q
1531,2018,9,364,Bangkok,13.73248066501954,100.5339736565083,z9K3fvj_pYcobWwAgANNxQ,690,1,3227,7,9886,True,z9K3fvj_pYcobWwAgANNxQ
893,2018,5,283,Bangkok,13.72586328100718,100.5045893130163,GcK1suoyaWjpkSI-PoFKLg,2547,0,3098,4,9889,True,GcK1suoyaWjpkSI-PoFKLg
3759,2017,5,172,Bangkok,13.75803887511789,100.5026560476329,7_uxyU71dIIOkp1RxDkuMA,1225,0,1308,5,9894,True,7_uxyU71dIIOkp1RxDkuMA
2038,2011,9,492,Bangkok,13.7380993839245,100.5250988619224,i6NR8ST6AE6nWd05c8Zqzw,960,1,3781,2,9897,True,i6NR8ST6AE6nWd05c8Zqzw
1802,2019,5,601,Bangkok,13.73516891168128,100.5439833737103,XTfZZjiA4lgHY2Iga_tpjg,1054,1,3782,1,9899,True,XTfZZjiA4lgHY2Iga_tpjg
3735,2020,8,207,Bangkok,13.75721346998867,100.5639140674402,cmdnhhFULB5MhOkorsZEoQ,2834,0,3783,2,9906,True,cmdnhhFULB5MhOkorsZEoQ
2735,2011,9,376,Bangkok,13.74677004035511,100.5217827613804,UttpKm6om1gNS2L3VEZ3Zg,154,1,3656,6,9907,True,UttpKm6om1gNS2L3VEZ3Zg
840,2020,9,214,Bangkok,13.7242207414214,100.5377393359508,3aZiuXwqvnTPYajxY7DISg,730,0,757,11,9909,True,3aZiuXwqvnTPYajxY7DISg
2807,2020,8,427,Bangkok,13.74728999760593,100.5096994089038,wD-lKsm0MJCeXO2tvIMEJw,1609,0,1767,6,9911,True,wD-lKsm0MJCeXO2tvIMEJw
2197,2016,8,179,Bangkok,13.74040620514024,100.5054750765709,CrZvBo-jMLnNCFj10uOsMQ,1132,1,3784,1,9916,True,CrZvBo-jMLnNCFj10uOsMQ
796,2018,10,252,Bangkok,13.72420331995847,100.4966828583752,jiOr9hoyKiMAjwZU-tdczA,2454,1,3633,3,9920,True,jiOr9hoyKiMAjwZU-tdczA
298,2011,12,402,Bangkok,13.71820930777441,100.51975083879,ZDm7KqNMwhDL9_7d_R_KZA,433,0,441,10,9924,True,ZDm7KqNMwhDL9_7d_R_KZA
130,2019,6,588,Bangkok,13.7157589154261,100.5268728237214,DYuYZwUhYrQnn-sB7J9Fsw,1873,1,3439,3,9944,True,DYuYZwUhYrQnn-sB7J9Fsw
4376,2017,5,543,Bangkok,13.76537775674066,100.5035487075168,gxFbLX4pxFUdOhZb8Mvd2w,2035,1,2651,7,9946,True,gxFbLX4pxFUdOhZb8Mvd2w
1324,2017,11,258,Bangkok,13.73016537111526,100.508834363249,186H64GX8gB8wfN_HUnnsA,1231,0,1315,10,9951,True,186H64GX8gB8wfN_HUnnsA
1888,2019,5,388,Bangkok,13.73593736620724,100.5407185180391,SZLri6M2MD5yQYhqCJ5u-Q,652,0,670,6,9952,True,SZLri6M2MD5yQYhqCJ5u-Q
976,2016,11,137,Bangkok,13.72640444569367,100.4996566859591,UOd8nMQstzef5ZMwkjDQiw,1338,2,3786,3,9954,True,UOd8nMQstzef5ZMwkjDQiw
4515,2018,10,620,Bangkok,13.76620455363521,100.5617351572036,IlwcpAhINv9djXizU2GSMg,2835,0,3787,1,9956,True,IlwcpAhINv9djXizU2GSMg
951,2020,8,470,Bangkok,13.72512512406081,100.5691099558318,Q9lzCnRoGHj0IMfOts8nIg,2836,0,3788,2,9957,True,Q9lzCnRoGHj0IMfOts8nIg
1068,2014,10,379,Bangkok,13.72736886729743,100.5036759922477,cShjwjzTWAVWlJofe0-qrA,780,1,3789,5,9972,True,cShjwjzTWAVWlJofe0-qrA
1195,2020,9,186,Bangkok,13.72853924737286,100.5478437643114,BG1dmnj02svbhvxFg4XriA,2802,0,3696,5,9984,True,BG1dmnj02svbhvxFg4XriA
4549,2018,9,185,Bangkok,13.76705646323491,100.5065320751289,xZSvhz0VYsmcKbkESNVqgQ,2246,0,2620,5,9994,True,xZSvhz0VYsmcKbkESNVqgQ
3893,2018,9,367,Bangkok,13.75904844757599,100.5518986224186,bK2y5erNwXWs2XVaLrvBVw,409,1,2711,3,10009,True,bK2y5erNwXWs2XVaLrvBVw
577,2016,10,312,Bangkok,13.7207419890469,100.5391807623476,PZlVDPlNR7fWf-0KF2Fgyw,2839,0,3792,1,10010,True,PZlVDPlNR7fWf-0KF2Fgyw
2255,2019,5,245,Bangkok,13.74061427349404,100.5607126261267,5fiiW1ISbANAUoeTT62dsA,1665,1,3793,2,10011,True,5fiiW1ISbANAUoeTT62dsA
3175,2020,9,657,Bangkok,13.75131888856543,100.5225981328375,PD1B_fCCOkjyVtQVk9UQEw,2573,0,3149,6,10012,True,PD1B_fCCOkjyVtQVk9UQEw
2626,2014,9,695,Bangkok,13.74523566929016,100.500669032041,xmQymBy5BkWFg_IwQ_1mMg,2395,0,2835,8,10025,True,xmQymBy5BkWFg_IwQ_1mMg
933,2019,5,629,Bangkok,13.72507815113815,100.5500404369851,SI00JbW_XnEIKEi4MZYtwg,2755,0,3560,3,10028,True,SI00JbW_XnEIKEi4MZYtwg
3036,2017,11,277,Bangkok,13.74932606391237,100.5597779221464,j233k_KU4B0xssJh0qlCyw,355,0,360,7,10032,True,j233k_KU4B0xssJh0qlCyw
3798,2019,4,550,Bangkok,13.75825782266815,100.5396907824326,Vq0Miht23dHWz0sj94CJVw,16,1,3794,2,10035,True,Vq0Miht23dHWz0sj94CJVw
836,2017,10,392,Bangkok,13.72398857401949,100.5327801788233,TCXOOG5nPNRT6USjY-mY4Q,1833,0,2053,3,10039,True,TCXOOG5nPNRT6USjY-mY4Q
344,2018,3,293,Bangkok,13.71827781035262,100.5666461005577,kMqdhKsHP6I9tHJFU1X5fQ,865,1,3796,2,10041,True,kMqdhKsHP6I9tHJFU1X5fQ
4546,2018,7,453,Bangkok,13.76702397472032,100.5050784792768,uYvtpa2AIMslpJqqb3FiuQ,2069,1,3797,2,10043,True,uYvtpa2AIMslpJqqb3FiuQ
4102,2017,5,312,Bangkok,13.76243844435198,100.4978462091741,TsqMqQ2WfU98MyTjIxQ5zg,1368,1,1618,3,10048,True,TsqMqQ2WfU98MyTjIxQ5zg
791,2017,10,600,Bangkok,13.72408536382683,100.495717996501,9P4BhjqB4kmPuZLMteC6TA,778,0,808,8,10049,True,9P4BhjqB4kmPuZLMteC6TA
4506,2017,6,256,Bangkok,13.76613432161635,100.556638601503,QMRwHafBI1w7AB46D3PKOQ,766,1,2475,3,10050,True,QMRwHafBI1w7AB46D3PKOQ
1973,2017,6,537,Bangkok,13.73596763109025,100.5405186102684,LJti-BR3KMCtqgA0rENX_g,2151,0,2485,6,10051,True,LJti-BR3KMCtqgA0rENX_g
3439,2018,1,285,Bangkok,13.75442364732087,100.5316927237563,FChN3A5CBwMOC90Hd5_GPA,1741,0,1936,4,10071,True,FChN3A5CBwMOC90Hd5_GPA
1117,2016,11,446,Bangkok,13.72762721448894,100.5600431580955,hup0ky6pd54LAYLnedbfCg,339,1,838,10,10074,True,hup0ky6pd54LAYLnedbfCg
2035,2017,6,146,Bangkok,13.73817470034563,100.5146583935441,bvUavEYyO2UVy77AEYutlQ,1879,0,2114,4,10078,True,bvUavEYyO2UVy77AEYutlQ
4694,2018,2,486,Bangkok,13.76834121063824,100.567484978026,-5DiT_Cjt1OWfujrayHyaQ,1767,4,3799,1,10081,True,-5DiT_Cjt1OWfujrayHyaQ
1666,2016,11,238,Bangkok,13.73424959380624,100.4966755288834,-Yc5-xxfUCXJLgdQEyQgZQ,166,3,3800,1,10085,True,-Yc5-xxfUCXJLgdQEyQgZQ
4657,2011,12,606,Bangkok,13.76827639514204,100.5359041534452,lvSVF8eOC5Upswfb1eUshQ,508,1,3801,1,10086,True,lvSVF8eOC5Upswfb1eUshQ
2617,2020,9,139,Bangkok,13.74544550730181,100.4957380156476,F2B5CRAsCkyG7jiYN0iC-Q,173,0,173,8,10091,True,F2B5CRAsCkyG7jiYN0iC-Q
1870,2011,9,356,Bangkok,13.73625514031927,100.5247666318086,jISHh6V1QXHPbX6XiGsdrg,743,0,771,5,10095,True,jISHh6V1QXHPbX6XiGsdrg
450,2018,10,180,Bangkok,13.72022511456219,100.4958415040624,uw12QsAnwO264xDvaveg-A,886,1,3802,2,10104,True,uw12QsAnwO264xDvaveg-A
841,2020,8,228,Bangkok,13.7246728400152,100.5437083933114,vkLL6iPCCZGls9i5x9Y8yQ,616,1,3803,2,10106,True,vkLL6iPCCZGls9i5x9Y8yQ
736,2020,9,364,Bangkok,13.7232042581466,100.5219100470435,Ik0r_iHgE9PQA71xKYXvng,1532,0,1670,5,10112,True,Ik0r_iHgE9PQA71xKYXvng
3730,2017,12,294,Bangkok,13.75719481785639,100.5576526161907,ro0rKhRPjckmsqU3qEoKOw,1844,0,2068,10,10113,True,ro0rKhRPjckmsqU3qEoKOw
3995,2017,6,396,Bangkok,13.7602372982998,100.5597291295258,4pn26TDTcnExExrGo4iZHw,1088,1,2598,6,10116,True,4pn26TDTcnExExrGo4iZHw
4583,2020,9,164,Bangkok,13.76699841025069,100.5434878938686,eHhPpjij2Hy6ZTNliERLqw,1967,0,2231,5,10117,True,eHhPpjij2Hy6ZTNliERLqw
965,2018,8,266,Bangkok,13.72621742652379,100.4916182274697,v4HjO9xgKup9C98Bxd5avg,1685,1,3807,1,10131,True,v4HjO9xgKup9C98Bxd5avg
472,2020,9,455,Bangkok,13.72076526404896,100.5206095870963,5gjbxJc_TnmittmAfvvSQw,2747,0,3538,6,10141,True,5gjbxJc_TnmittmAfvvSQw
617,2017,5,202,Bangkok,13.72237075752332,100.4966459206936,9PYrHo4__2OCi9pgXoPLaA,205,2,3811,1,10152,True,9PYrHo4__2OCi9pgXoPLaA
4316,2020,9,595,Bangkok,13.76333849652807,100.5333111242059,dc2ZKxhu0VNcKpQTLSQ4XA,1217,1,1846,4,10161,True,dc2ZKxhu0VNcKpQTLSQ4XA
3209,2017,6,613,Bangkok,13.75136813421064,100.5578010437658,NIA4_KNaxv9sLzxGK2BRbQ,1262,1,3812,2,10164,True,NIA4_KNaxv9sLzxGK2BRbQ
1802,2011,9,413,Bangkok,13.73520446515189,100.5439725126101,3tV1rHcwST-CYzrBohrR2w,1054,0,1114,8,10167,True,3tV1rHcwST-CYzrBohrR2w
1414,2018,5,281,Bangkok,13.73145735792119,100.5048298971087,gJTqv2f8uUXR6BBwF5PskA,1860,0,2089,7,10170,True,gJTqv2f8uUXR6BBwF5PskA
557,2016,10,283,Bangkok,13.72112279871062,100.5222786026592,FzJ6JDtNxS7lNAd5NghUkw,870,0,910,4,10172,True,FzJ6JDtNxS7lNAd5NghUkw
4871,2017,6,406,Bangkok,13.77029749929213,100.5695532058366,K_qNg_dfYgEboX3cK1pc5Q,2845,0,3814,2,10179,True,K_qNg_dfYgEboX3cK1pc5Q
344,2017,6,116,Bangkok,13.71825823446995,100.5666771716652,fYSkMSY_XASPhSc-v4Xohw,865,0,905,3,10186,True,fYSkMSY_XASPhSc-v4Xohw
4254,2019,4,529,Bangkok,13.76314926132293,100.5607726836268,u0E5u82wuj0W7xNRSSDSKA,2420,1,3815,1,10189,True,u0E5u82wuj0W7xNRSSDSKA
160,2017,7,271,Bangkok,13.71631559843095,100.5567060392972,gcTXkVU07Zey5FP7tntLTw,71,0,71,13,10200,True,gcTXkVU07Zey5FP7tntLTw
2339,2018,10,480,Bangkok,13.74121382298789,100.5645082971139,-KaUMpnr7eNrSBYgJ-vhrA,1283,1,3816,2,10201,True,-KaUMpnr7eNrSBYgJ-vhrA
124,2020,9,79,Bangkok,13.71620946649964,100.5206225828567,v6TE0dgZJcdYtW2Rt4Cjdg,75,0,75,7,10203,True,v6TE0dgZJcdYtW2Rt4Cjdg
360,2020,9,234,Bangkok,13.71916077026101,100.4957725170783,93GL44TuZVxlZoksrhhVZw,2538,2,3817,1,10204,True,93GL44TuZVxlZoksrhhVZw
3974,2019,9,574,Bangkok,13.76020067743769,100.5425425271147,ObigSy4EtP6kNMC89NfHqg,119,0,119,8,10217,True,ObigSy4EtP6kNMC89NfHqg
4369,2020,8,136,Bangkok,13.76538820952771,100.4987424857201,SiAxJzaibCBDdBBeCJCdJQ,1742,1,3821,3,10219,True,SiAxJzaibCBDdBBeCJCdJQ
4507,2019,5,536,Bangkok,13.76612628375125,100.554861013103,-vm8Qul_rKfn99hjTRcKYw,2190,1,3824,2,10228,True,-vm8Qul_rKfn99hjTRcKYw
1536,2016,11,466,Bangkok,13.73222574600157,100.5377881552421,2EP_d-XBkktrc_0zKcV-2A,1105,0,1167,11,10230,True,2EP_d-XBkktrc_0zKcV-2A
3567,2018,10,560,Bangkok,13.75613706673601,100.4864089741373,PXqw6PIsSvxQ2JgbS1PQ1w,2849,0,3825,1,10233,True,PXqw6PIsSvxQ2JgbS1PQ1w
425,2011,12,369,Bangkok,13.71921019331437,100.5636140711327,LSqLrnGFawHtjowFtxj4dg,1098,2,3826,3,10236,True,LSqLrnGFawHtjowFtxj4dg
3992,2020,8,297,Bangkok,13.76028886441481,100.5627280082193,liS6cuLXOyaAi1LgQBzwmQ,1203,1,2882,3,10237,True,liS6cuLXOyaAi1LgQBzwmQ
3635,2020,9,469,Bangkok,13.75654085065368,100.5467580649003,iSAWVWbX7EL6ctgzstKBaQ,1584,0,1737,12,10244,True,iSAWVWbX7EL6ctgzstKBaQ
1721,2018,9,116,Bangkok,13.73421785346862,100.5486248024316,FYArUeukZcGmeTdjyz5k9g,2850,0,3828,1,10247,True,FYArUeukZcGmeTdjyz5k9g
2320,2017,9,492,Bangkok,13.74114479580886,100.5450068751945,iU329pLybdOiEs2r3EPs_g,927,1,3211,9,10248,True,iU329pLybdOiEs2r3EPs_g
924,2018,10,417,Bangkok,13.72512549710577,100.5435602320256,veSx3rKflRAaA2v8dOIVNw,2326,1,3830,2,10256,True,veSx3rKflRAaA2v8dOIVNw
3550,2018,10,608,Bangkok,13.7553256713879,100.553728611123,BO5ifQnCcNodovswuRxOhQ,612,0,625,7,10259,True,BO5ifQnCcNodovswuRxOhQ
2537,2020,9,439,Bangkok,13.7441851092494,100.4991123181383,GdGcNgAc8bgi4rEDENE_EQ,2852,0,3832,5,10260,True,GdGcNgAc8bgi4rEDENE_EQ
4052,2020,9,537,Bangkok,13.7613827902507,100.5375373307896,fAElQThFQVbAck77SOdIaw,2648,0,3296,6,10263,True,fAElQThFQVbAck77SOdIaw
3784,2017,11,111,Bangkok,13.75779916267474,100.5286224908272,KCYDFeE7mfjaHU97OOMxFA,1820,3,3833,1,10279,True,KCYDFeE7mfjaHU97OOMxFA
108,2018,10,343,Bangkok,13.71618754750707,100.5048165687437,z3t7v7scfmYmw9JVkb8LIA,2331,1,3834,2,10285,True,z3t7v7scfmYmw9JVkb8LIA
4424,2011,12,488,Bangkok,13.76528598188656,100.5585820225037,14jIM9grlXrOZfQqQVLjkg,2144,1,3835,1,10296,True,14jIM9grlXrOZfQqQVLjkg
3985,2011,12,313,Bangkok,13.75979877671091,100.556326856157,__Lhpb6uXywGJ3lQqVBCTg,184,0,184,12,10297,True,__Lhpb6uXywGJ3lQqVBCTg
452,2019,8,253,Bangkok,13.71985036213696,100.500696632623,dZ0Qbfc6WFpylLK-nReL5A,2225,1,3805,4,10298,True,dZ0Qbfc6WFpylLK-nReL5A
4140,2018,10,584,Bangkok,13.76220506633574,100.5357137577994,zz_-UsvqT6CcribggDeqIA,1951,1,3016,5,10300,True,zz_-UsvqT6CcribggDeqIA
2603,2019,5,368,Bangkok,13.74422969657525,100.5587452796404,SQiBn32dH8MOza5RTKH-cg,62,4,3836,1,10301,True,SQiBn32dH8MOza5RTKH-cg
3281,2018,9,435,Bangkok,13.75256846011997,100.5427952545734,BxBWM4S6ph-yQOZkWi7Uig,438,1,3837,1,10302,True,BxBWM4S6ph-yQOZkWi7Uig
374,2017,5,511,Bangkok,13.71972123478003,100.5098317218275,B1N96ysf2E2JkMCNXz4vaA,1634,0,1804,13,10309,True,B1N96ysf2E2JkMCNXz4vaA
3287,2019,5,290,Bangkok,13.7528750264376,100.5498481054097,5Gx-jAWrYLHhkooCEmnhfw,243,1,1392,11,10310,True,5Gx-jAWrYLHhkooCEmnhfw
4741,2017,6,608,Bangkok,13.76870596318851,100.5252522260974,hB-nEb3PVKs5RLKnZX5Fww,2854,0,3839,1,10313,True,hB-nEb3PVKs5RLKnZX5Fww
73,2018,10,389,Bangkok,13.71516413951492,100.5567273814034,YIBzrT04dexhoaj9MrxQ_w,1223,0,1306,4,10316,True,YIBzrT04dexhoaj9MrxQ_w
1708,2018,9,616,Bangkok,13.73428606987592,100.5386915756063,wnt3si37C3_keJP6V-Ms4Q,2791,0,3652,7,10319,True,wnt3si37C3_keJP6V-Ms4Q
862,2011,9,550,Bangkok,13.7242867645297,100.5637711385833,5_sPFHVVrdOBKiAB0wRcBA,761,0,790,9,10320,True,5_sPFHVVrdOBKiAB0wRcBA
4002,2019,4,221,Bangkok,13.76012073783799,100.568221446265,LUhvpet_4Mi3zttK3QC2RA,299,1,1569,3,10321,True,LUhvpet_4Mi3zttK3QC2RA
729,2020,9,338,Bangkok,13.72328635993708,100.5177137470025,x_23zZKXMHUCkbNTlptKgw,1096,0,1157,5,10330,True,x_23zZKXMHUCkbNTlptKgw
2326,2020,8,472,Bangkok,13.74124925009569,100.549580371092,BgUPqNqU2lltfRwDnfXbmQ,1009,1,2686,6,10337,True,BgUPqNqU2lltfRwDnfXbmQ
4186,2020,8,269,Bangkok,13.76323628362017,100.4967715520206,65NQY070NbgI8gksQytdIQ,1578,1,3841,1,10350,True,65NQY070NbgI8gksQytdIQ
4472,2019,9,359,Bangkok,13.76559313477383,100.5174110675663,IRDf-SzgoM8oHSzezQbH7w,2709,0,3444,8,10351,True,IRDf-SzgoM8oHSzezQbH7w
4095,2019,9,477,Bangkok,13.76200520722409,100.4879600229542,lljuTDpNoEnMn4hSEYY2jQ,2718,0,3465,3,10358,True,lljuTDpNoEnMn4hSEYY2jQ
2235,2011,9,573,Bangkok,13.74018975353675,100.5448446370696,HGAfGok3C9hPZR19dDm8EA,1966,0,2229,5,10364,True,HGAfGok3C9hPZR19dDm8EA
4704,2016,11,640,Bangkok,13.76919327055705,100.4938079640376,DkRcneWrG4jEaKrUViD0vA,2145,1,3423,6,10370,True,DkRcneWrG4jEaKrUViD0vA
1413,2017,11,232,Bangkok,13.7311422186094,100.5057244784931,N8PEsAMHX0E8o3FYluNuGA,2637,0,3279,4,10376,True,N8PEsAMHX0E8o3FYluNuGA
2195,2018,1,456,Bangkok,13.7402463216977,100.4996852811225,e0oIWhXDLKFcNBfV0Clpxw,2011,0,2300,11,10378,True,e0oIWhXDLKFcNBfV0Clpxw
1989,2019,9,301,Bangkok,13.73719080246199,100.5580209992482,uSU9e1FLrB2Awetb0gDnOg,550,1,3843,2,10380,True,uSU9e1FLrB2Awetb0gDnOg
1372,2018,9,216,Bangkok,13.73000627686457,100.5522276244125,wVYbA8_lkLz2nH7uGLsGCw,76,0,76,4,10381,True,wVYbA8_lkLz2nH7uGLsGCw
445,2017,5,222,Bangkok,13.72023226430799,100.4938365215205,apGMRDaREwnNcV_rshWGPA,2608,1,3844,3,10383,True,apGMRDaREwnNcV_rshWGPA
358,2016,11,388,Bangkok,13.71905280557367,100.494276624955,xrGQbR1xgTgcwXwX0IjM8A,1611,2,3845,6,10385,True,xrGQbR1xgTgcwXwX0IjM8A
4148,2014,9,650,Bangkok,13.76234839817152,100.542591031853,hKMrSILB4XC7rdIcRsNywQ,1133,0,1199,9,10388,True,hKMrSILB4XC7rdIcRsNywQ
1119,2020,9,399,Bangkok,13.72728760258477,100.5600843720765,X3uh8pgteqzhCBn5CmXh7A,654,1,2460,10,10391,True,X3uh8pgteqzhCBn5CmXh7A
105,2020,9,75,Bangkok,13.71613758639009,100.5016601474812,LprTub_CbiHswKstv2fTpg,413,1,3840,4,10392,True,LprTub_CbiHswKstv2fTpg
2445,2019,5,488,Bangkok,13.74325914220364,100.4947577125837,D9P9byMP90eFCdm34WzSvw,2164,0,2506,7,10399,True,D9P9byMP90eFCdm34WzSvw
3784,2016,10,359,Bangkok,13.75781689215031,100.5286466663379,4PSuJZ8Q1M3e7-OsPJXVwQ,1820,1,2529,3,10400,True,4PSuJZ8Q1M3e7-OsPJXVwQ
4767,2017,6,173,Bangkok,13.76857684612061,100.554430439816,BJSmNH3FRXo3tCsT9TbgRA,2715,0,3461,6,10402,True,BJSmNH3FRXo3tCsT9TbgRA
658,2016,10,152,Bangkok,13.72219511205631,100.5367275173326,B6npqymXoJ5S9OF_yV3NXQ,2795,1,3847,3,10403,True,B6npqymXoJ5S9OF_yV3NXQ
4851,2016,9,181,Bangkok,13.76969269478124,100.5481512286735,B2ZAV-cMBZR2FvZ2Ad6djQ,1939,0,2194,3,10404,True,B2ZAV-cMBZR2FvZ2Ad6djQ
1042,2016,11,375,Bangkok,13.72615914508407,100.5678199878383,LXH5TVFXMHTj1ybAFCZdfg,2158,1,3120,3,10412,True,LXH5TVFXMHTj1ybAFCZdfg
3500,2017,11,481,Bangkok,13.75504268945487,100.501467584278,nFFG2YkrwDIjh7L_Qex9lQ,1295,1,1839,4,10414,True,nFFG2YkrwDIjh7L_Qex9lQ
576,2011,12,641,Bangkok,13.72140213312145,100.5326289491378,hFE3P5ttWZTZqoLyp58H3Q,1965,2,3848,1,10415,True,hFE3P5ttWZTZqoLyp58H3Q
4499,2016,9,680,Bangkok,13.76628704612093,100.5476811658609,sVgr1NSz8gtBvT7hajMXIA,1325,2,3849,1,10422,True,sVgr1NSz8gtBvT7hajMXIA
1371,2020,3,245,Bangkok,13.73029599273997,100.5521959628244,CHxAPYSGwnq2VsKWG_cQ5Q,701,1,2548,3,10423,True,CHxAPYSGwnq2VsKWG_cQ5Q
2919,2020,8,650,Bangkok,13.74814554090419,100.5297311764449,7oroy_3NZQ9XkxocIhjmtA,1252,0,1338,9,10425,True,7oroy_3NZQ9XkxocIhjmtA
462,2020,9,201,Bangkok,13.72025949112144,100.508744455357,aLMoghkJusCeUuuZ3hjHng,69,0,69,13,10426,True,aLMoghkJusCeUuuZ3hjHng
2435,2018,4,123,Bangkok,13.74232678703949,100.5677252704012,p7H8_CYw3gtEWnLN5cYktg,868,1,3850,1,10440,True,p7H8_CYw3gtEWnLN5cYktg
1910,2020,8,228,Bangkok,13.73615716677942,100.5609944377823,HpIthsWVz8LjvlGx64U-rg,902,0,944,7,10444,True,HpIthsWVz8LjvlGx64U-rg
3874,2018,10,420,Bangkok,13.75809197259648,100.5274725176528,lJ_pQ4wW4li0yj84ySFHlA,1543,1,3497,3,10446,True,lJ_pQ4wW4li0yj84ySFHlA
2795,2016,8,342,Bangkok,13.7469065554398,100.4917769076997,t-6GvwZBaamwOvBmsUrGOg,2857,0,3851,4,10454,True,t-6GvwZBaamwOvBmsUrGOg
3784,2020,8,338,Bangkok,13.75782771671355,100.5286079528589,_bJxicB0ZzBeyekyCL-HFQ,1820,4,3852,1,10456,True,_bJxicB0ZzBeyekyCL-HFQ
554,2019,8,175,Bangkok,13.72118046791175,100.514670813373,AZOdZiISW-S4yYfjOO6ksg,584,1,3853,1,10469,True,AZOdZiISW-S4yYfjOO6ksg
4753,2019,4,428,Bangkok,13.76907732412763,100.5380065373897,sNd-avjV8UPNOqLa4FeGIA,837,0,876,9,10473,True,sNd-avjV8UPNOqLa4FeGIA
760,2019,5,380,Bangkok,13.72307237172642,100.5500462386488,GjrflS1NUn6MBYRxy5pg9Q,1762,1,2498,3,10476,True,GjrflS1NUn6MBYRxy5pg9Q
691,2020,9,369,Bangkok,13.72291925379307,100.4839879343621,qZXPINezzq5MTeOOAoKJ2g,2559,0,3119,11,10477,True,qZXPINezzq5MTeOOAoKJ2g
1458,2017,6,295,Bangkok,13.73092846269636,100.5521558930387,a-4uTv8rEIYTkWdd1ZcaZw,1276,1,1516,7,10479,True,a-4uTv8rEIYTkWdd1ZcaZw
237,2020,8,660,Bangkok,13.71718523399248,100.5466984480383,5N522utLZwweIsUgZY01eQ,2818,1,3854,2,10484,True,5N522utLZwweIsUgZY01eQ
3035,2017,11,99,Bangkok,13.74924405997295,100.5617310202892,xYfoeCL5F86bxl5zTFvtlw,2114,0,2434,10,10488,True,xYfoeCL5F86bxl5zTFvtlw
1501,2019,9,595,Bangkok,13.73227781515108,100.5015414366808,DJS0kd5R__VRQAO_Vd1ABA,202,0,202,4,10489,True,DJS0kd5R__VRQAO_Vd1ABA
1989,2017,6,127,Bangkok,13.73719708228662,100.5580343841207,9mhHwvlAyalfUzYloVjs8Q,550,2,3855,1,10493,True,9mhHwvlAyalfUzYloVjs8Q
1000,2019,6,167,Bangkok,13.7261432293786,100.5253898877534,2RDRkR8zRJUXcNZ-B5uMdQ,2468,1,3856,2,10497,True,2RDRkR8zRJUXcNZ-B5uMdQ
3370,2019,6,464,Bangkok,13.7529218794129,100.545670871438,cJyZ3_1VQo6-bRAJcnvYjw,521,0,531,8,10509,True,cJyZ3_1VQo6-bRAJcnvYjw
449,2016,11,175,Bangkok,13.72018894598865,100.4977576571757,ZYO4DzuCJ8DHAU2xcoVdlw,2404,0,2846,7,10511,True,ZYO4DzuCJ8DHAU2xcoVdlw
4360,2020,8,318,Bangkok,13.76510184888118,100.4966687553016,LcYe4blg__9CSNNl_xZDVg,1220,0,1303,4,10516,True,LcYe4blg__9CSNNl_xZDVg
2534,2020,9,357,Bangkok,13.74433745122819,100.493689455875,A5_tHDME5xtHA5eSsMGSXg,2132,0,2458,6,10518,True,A5_tHDME5xtHA5eSsMGSXg
4078,2019,4,460,Bangkok,13.76122500112542,100.5586843615728,NBZTxwrXV5909JE76Lj67g,1386,0,1487,6,10521,True,NBZTxwrXV5909JE76Lj67g
3248,2018,9,224,Bangkok,13.75224524943799,100.5088399731035,YbUL8-5EAv4xUZaff3Fb7A,2670,0,3347,6,10522,True,YbUL8-5EAv4xUZaff3Fb7A
3979,2019,4,345,Bangkok,13.76028501559078,100.547712566067,PgswzBDxxGRVErLvxavc0g,1687,0,1869,3,10524,True,PgswzBDxxGRVErLvxavc0g
4143,2020,9,401,Bangkok,13.76258819272281,100.5349228676539,4UuMF2xjtN980O4Ca0OlAw,2551,1,3859,3,10542,True,4UuMF2xjtN980O4Ca0OlAw
4439,2017,5,289,Bangkok,13.76578833866634,100.489738484149,tG-d_uDKosBlVkY8bUDZsg,680,0,702,6,10556,True,tG-d_uDKosBlVkY8bUDZsg
2645,2019,5,251,Bangkok,13.74533779610907,100.5237740632732,VeAi4V_Fqfp5-gLTgbSr4g,461,0,469,8,10565,True,VeAi4V_Fqfp5-gLTgbSr4g
2964,2019,5,349,Bangkok,13.74930611891224,100.4939980767645,itPrWplVgeyFjqxSrnMXHg,224,3,3861,2,10577,True,itPrWplVgeyFjqxSrnMXHg
2298,2018,1,451,Bangkok,13.74115292180369,100.5187935036731,REDHCjwmu-6gUxGvhPt6Ug,2290,0,2683,4,10578,True,REDHCjwmu-6gUxGvhPt6Ug
3319,2019,8,165,Bangkok,13.7531715396611,100.4957387921545,ZXd2NKXGb16XP342BVDy_A,773,1,3862,1,10580,True,ZXd2NKXGb16XP342BVDy_A
248,2011,9,308,Bangkok,13.71725224322688,100.5576673866858,6cnUSnkZ6SEHN0J-MEWqoQ,1519,0,1650,10,10590,True,6cnUSnkZ6SEHN0J-MEWqoQ
650,2019,6,317,Bangkok,13.72231562757341,100.5220760630174,qCofMg4IyVtNN7fnLn36NA,695,1,3863,3,10592,True,qCofMg4IyVtNN7fnLn36NA
1259,2018,9,291,Bangkok,13.72945176867938,100.5265794508819,Ac28KYDGxvJy1vgZgLlJmA,2617,0,3239,8,10593,True,Ac28KYDGxvJy1vgZgLlJmA
1442,2020,9,179,Bangkok,13.73057855872579,100.534412853389,ltmxj6BoDSQQ90AFjdML5Q,1050,0,1110,10,10610,True,ltmxj6BoDSQQ90AFjdML5Q
42,2017,9,191,Bangkok,13.71554431080362,100.5258702215801,X4B5A9HxZ2OjE47NMWg9Kw,269,2,3865,1,10614,True,X4B5A9HxZ2OjE47NMWg9Kw
4741,2020,8,440,Bangkok,13.76868067975246,100.5252230579933,b59Ipjw7qCJMJc7yXR43Xg,2854,1,3866,2,10615,True,b59Ipjw7qCJMJc7yXR43Xg
2517,2011,12,596,Bangkok,13.74326415130915,100.5687144525754,oxZ-7hk1lkyOYaMp_hQhww,1122,3,3868,1,10627,True,oxZ-7hk1lkyOYaMp_hQhww
2239,2020,8,531,Bangkok,13.74026235925844,100.549384813806,OJzwTbhB_WzhkEgbJxczGQ,1959,0,2220,7,10633,True,OJzwTbhB_WzhkEgbJxczGQ
3906,2018,10,419,Bangkok,13.75921014829619,100.5627076539102,_2SpF_2wVXlMEOXWrY61Tg,1628,3,3870,1,10649,True,_2SpF_2wVXlMEOXWrY61Tg
1495,2020,9,532,Bangkok,13.73226997932569,100.500655348753,YT8Rlism-lAuk7EG0buQ_Q,1257,1,3871,1,10650,True,YT8Rlism-lAuk7EG0buQ_Q
1566,2018,6,137,Bangkok,13.73371633888726,100.4856702914806,efW8cZbuvOz0gsgghuX1Eg,811,0,847,4,10651,True,efW8cZbuvOz0gsgghuX1Eg
3069,2018,1,347,Bangkok,13.75019572469117,100.5049861260486,s_eazdJaGD2lIqf1MECO7Q,1474,1,3872,2,10653,True,s_eazdJaGD2lIqf1MECO7Q
4632,2019,9,663,Bangkok,13.76835276245359,100.5025334515282,oQAwomB8pDhZFY-5nM1FnQ,1950,0,2209,8,10654,True,oQAwomB8pDhZFY-5nM1FnQ
3870,2017,7,401,Bangkok,13.75921066068212,100.5247936884968,JVwe5D3jMsurX_J7i3ZxBg,2727,0,3479,4,10657,True,JVwe5D3jMsurX_J7i3ZxBg
479,2018,10,567,Bangkok,13.72040488044682,100.5317244829976,5GDCDIfU8iMcWGXq2ZEEOQ,2237,0,2608,5,10670,True,5GDCDIfU8iMcWGXq2ZEEOQ
3953,2018,10,490,Bangkok,13.76020324043617,100.5237447945699,VGs7_p5RjjJJ7Ejv03uboQ,2861,0,3874,3,10675,True,VGs7_p5RjjJJ7Ejv03uboQ
819,2020,9,345,Bangkok,13.72422317108759,100.5177753876891,tU0LNA-Jc85VPNVCK6is5A,2631,0,3267,5,10683,True,tU0LNA-Jc85VPNVCK6is5A
2464,2019,5,415,Bangkok,13.74332228813597,100.516168228384,zGAOZo2KtCnjA037ygjrpQ,1318,0,1413,5,10689,True,zGAOZo2KtCnjA037ygjrpQ
1558,2016,10,189,Bangkok,13.73223286737983,100.5639207769119,7bDsyvL-JXhQ7sX_VPNLBQ,2837,0,3790,4,10692,True,7bDsyvL-JXhQ7sX_VPNLBQ
2975,2019,8,456,Bangkok,13.74918711352769,100.5017021736095,vpBLRxHIqCvsrmMORsyUiw,2499,0,3008,8,10697,True,vpBLRxHIqCvsrmMORsyUiw
3668,2020,9,419,Bangkok,13.75717959553837,100.4946675683248,9JS3dSDE5a2ZRuFC4-mRIg,1264,0,1351,8,10710,True,9JS3dSDE5a2ZRuFC4-mRIg
4369,2018,2,320,Bangkok,13.76540278427605,100.4987249271454,rw85NpA3o8WDKTaqxhelww,1742,0,1937,6,10718,True,rw85NpA3o8WDKTaqxhelww
924,2017,7,238,Bangkok,13.72515203658044,100.5435692240956,QBDXAGHPI4hscfKaYSD85w,2326,0,2729,5,10721,True,QBDXAGHPI4hscfKaYSD85w
1833,2020,9,186,Bangkok,13.73615500081996,100.487629276691,DY5hIRgUfh6vYE_sJ5B1MA,79,0,79,11,10722,True,DY5hIRgUfh6vYE_sJ5B1MA
4080,2011,9,604,Bangkok,13.76117698091465,100.5599549961986,E88rwfMymupRxYCwoYzEkw,134,1,3876,1,10725,True,E88rwfMymupRxYCwoYzEkw
797,2018,5,445,Bangkok,13.72426246311016,100.4976840446487,1JTetxYFqBaKoDA5azSXRQ,580,4,3877,1,10731,True,1JTetxYFqBaKoDA5azSXRQ
3442,2014,9,137,Bangkok,13.75439308016327,100.5287838908001,4-l3Z2_ossY5zQMpFv_Q3A,2204,0,2563,10,10735,True,4-l3Z2_ossY5zQMpFv_Q3A
242,2020,8,319,Bangkok,13.71724535057897,100.5512866087539,qpHcbrfvV7AoJlT941DFCg,137,1,3878,1,10745,True,qpHcbrfvV7AoJlT941DFCg
3979,2020,8,327,Bangkok,13.76028340992235,100.5477150633723,1vCjOZbTmyApeLEtBJv6Zg,1687,1,3879,1,10750,True,1vCjOZbTmyApeLEtBJv6Zg
3281,2012,5,338,Bangkok,13.75252940679781,100.5427738430374,0i0VT8MaSQDB-ef4U4_1Vw,438,0,446,4,10754,True,0i0VT8MaSQDB-ef4U4_1Vw
4016,2016,8,398,Bangkok,13.76138824794449,100.4959432608327,G4KnTQKi79rvg767YaG5PA,2605,0,3218,8,10759,True,G4KnTQKi79rvg767YaG5PA
3437,2020,8,522,Bangkok,13.75404423103701,100.5281033839547,Tz5HU-aR_3zVFd5l24fkYQ,2763,0,3578,5,10777,True,Tz5HU-aR_3zVFd5l24fkYQ
3372,2020,9,356,Bangkok,13.75274666185549,100.5506119956467,P-w_N8QvgTw_beSFW3QkLA,2862,0,3880,4,10778,True,P-w_N8QvgTw_beSFW3QkLA
187,2018,10,452,Bangkok,13.71721872046803,100.4966684679083,yzXNwYvl2cnawJsqZeeOuQ,530,1,3881,1,10780,True,yzXNwYvl2cnawJsqZeeOuQ
381,2011,9,329,Bangkok,13.7193509250811,100.5167091406797,RCe80AGmLBKnjwfADpWEJg,2179,0,2523,9,10785,True,RCe80AGmLBKnjwfADpWEJg
1690,2017,6,496,Bangkok,13.73427686025917,100.5156292752852,3u4fbMHf590IK9xcQVzGlQ,1797,2,3882,2,10787,True,3u4fbMHf590IK9xcQVzGlQ
2770,2012,1,630,Bangkok,13.74620879195878,100.5515512259333,6ZcbmBqvw_2weGvYq7Rt5A,2841,0,3798,3,10788,True,6ZcbmBqvw_2weGvYq7Rt5A
2796,2017,11,162,Bangkok,13.74722103187834,100.4927773176947,saAypCSI0EFWYTx65zyqCg,1242,1,3883,2,10803,True,saAypCSI0EFWYTx65zyqCg
3246,2019,6,396,Bangkok,13.75224822880266,100.5145294491916,UVceGteAOsh_fa1Jdhxj9Q,1198,0,1279,3,10804,True,UVceGteAOsh_fa1Jdhxj9Q
4488,2017,6,319,Bangkok,13.7663874307153,100.533393020915,5mw-cdyUACOVh7qP5z80OA,1493,1,3884,2,10805,True,5mw-cdyUACOVh7qP5z80OA
2513,2020,9,269,Bangkok,13.74343746505857,100.5621290013153,dGwBocmGSC3EKopW59y-Tg,398,0,406,10,10816,True,dGwBocmGSC3EKopW59y-Tg
238,2017,6,608,Bangkok,13.71727401634321,100.5476707854338,wmn7hJRI9HEhD-ct4c0c8g,2430,1,3885,2,10823,True,wmn7hJRI9HEhD-ct4c0c8g
2665,2011,9,260,Bangkok,13.74443041451269,100.541558304699,zyldL9EfZjxRJ7uXwDMSuw,1189,0,1266,7,10828,True,zyldL9EfZjxRJ7uXwDMSuw
434,2019,6,284,Bangkok,13.71911514850581,100.5695826344884,MAdO8eCc36cDzlGlbRUn0w,2496,2,3887,1,10837,True,MAdO8eCc36cDzlGlbRUn0w
2515,2018,7,611,Bangkok,13.74269381102256,100.5606663843589,wzwkHMfXYH43EpCn0ERNHw,1694,0,1879,4,10843,True,wzwkHMfXYH43EpCn0ERNHw
2376,2020,9,358,Bangkok,13.74212314919142,100.5068420028807,F8OMO1-5Hhc-YC3rCRFdwg,1572,0,1717,8,10855,True,F8OMO1-5Hhc-YC3rCRFdwg
1288,2017,6,520,Bangkok,13.72907371586116,100.5516768039591,kkCyt5IkCBM-1w1QS8ZGyg,2025,1,3888,2,10858,True,kkCyt5IkCBM-1w1QS8ZGyg
2597,2019,5,514,Bangkok,13.7442921338818,100.558810750973,rwJ5HKtWXGXBs2T57ORkcQ,62,5,3889,3,10859,True,rwJ5HKtWXGXBs2T57ORkcQ
2888,2019,8,423,Bangkok,13.74831011830828,100.5016048256347,TJXj515Jxjqbr_PZOCNAqw,2352,0,2771,9,10863,True,TJXj515Jxjqbr_PZOCNAqw
401,2017,11,291,Bangkok,13.71911325501138,100.5362791000503,xRkEYom6aAV90nqOWpEdfg,2107,1,3890,1,10865,True,xRkEYom6aAV90nqOWpEdfg
4455,2014,9,188,Bangkok,13.76626560615613,100.500664196547,5G1A02mZkJqyPMWZWwC4Mw,705,1,3891,3,10867,True,5G1A02mZkJqyPMWZWwC4Mw
838,2016,10,524,Bangkok,13.72431637539839,100.5440320775527,fzLsDd1K6FDLK7WG9AbTJA,2053,0,2351,5,10868,True,fzLsDd1K6FDLK7WG9AbTJA
4672,2016,9,492,Bangkok,13.76820466686928,100.5487614747355,ZWI76Qsn8Ns9PGYfaMtrmw,2211,1,3893,2,10886,True,ZWI76Qsn8Ns9PGYfaMtrmw
815,2019,8,373,Bangkok,13.72408174777367,100.5166133105442,2yD1OKoPbggcrDJyjX2otw,709,1,3894,1,10895,True,2yD1OKoPbggcrDJyjX2otw
4083,2017,6,421,Bangkok,13.76126652340384,100.5647184768948,oSEh1Qpsuf7p-JZj5YelNA,2581,1,3895,1,10897,True,oSEh1Qpsuf7p-JZj5YelNA
4833,2020,9,441,Bangkok,13.77033811933563,100.5296379450133,LYOnwQQ8tkBnLpDazKLu7Q,2242,0,2613,4,10898,True,LYOnwQQ8tkBnLpDazKLu7Q
3289,2019,9,290,Bangkok,13.7525108689263,100.5518011413692,J5_nA7RZBexRAL6q0zyNMA,920,4,3896,2,10899,True,J5_nA7RZBexRAL6q0zyNMA
268,2018,10,364,Bangkok,13.71815473036943,100.4907860092764,mjXogxV9pYt1jrfvHgzz5w,2544,2,3897,1,10901,True,mjXogxV9pYt1jrfvHgzz5w
491,2017,6,237,Bangkok,13.71988732397186,100.542864631876,B201wFzvHPFsfHhcuR6Rfw,2318,1,3620,4,10909,True,B201wFzvHPFsfHhcuR6Rfw
65,2020,8,303,Bangkok,13.71539650388035,100.54869192508,F3AIFNmjBVthja6Nm9QWGw,1045,2,3899,1,10915,True,F3AIFNmjBVthja6Nm9QWGw
3113,2018,1,462,Bangkok,13.7502907143548,100.5536127816469,zUQtAY2lPk_6C_A09W71bA,2355,2,3900,2,10918,True,zUQtAY2lPk_6C_A09W71bA
3376,2017,6,362,Bangkok,13.75254073738565,100.5515092801502,AlheCDKPa7v92oIHM4j1Ig,422,1,3901,1,10920,True,AlheCDKPa7v92oIHM4j1Ig
1581,2017,5,399,Bangkok,13.73325097218506,100.4976143256034,dU0Wkv1g0R7gK5PvA5qKZA,2731,1,3902,1,10923,True,dU0Wkv1g0R7gK5PvA5qKZA
3617,2018,1,388,Bangkok,13.7560797760339,100.5346766675757,YKmDpM1SE2vZJdwA6UW7ig,1743,2,3903,2,10927,True,YKmDpM1SE2vZJdwA6UW7ig
3942,2011,9,210,Bangkok,13.76034326345384,100.5089277881956,MzmE5gPAww6X--wlzSKayg,963,2,3904,2,10932,True,MzmE5gPAww6X--wlzSKayg
3650,2014,9,452,Bangkok,13.75620969577466,100.5626867845401,Q5W4JB3uEUppJV0L1-yYqw,2452,0,2925,5,10935,True,Q5W4JB3uEUppJV0L1-yYqw
2559,2017,6,412,Bangkok,13.74403839100983,100.5207619604509,Q1bnalSU0wmLVy59QV2DWQ,2492,1,3906,2,10936,True,Q1bnalSU0wmLVy59QV2DWQ
3069,2011,9,172,Bangkok,13.75017012666897,100.5050053391781,fWd2WE8Q3OJwZ8geSqJeAw,1474,2,3907,2,10943,True,fWd2WE8Q3OJwZ8geSqJeAw
4819,2020,8,582,Bangkok,13.76992619535836,100.5171385844068,4zNfGaZQMTkMffaRUY4mWw,2273,1,3225,5,10951,True,4zNfGaZQMTkMffaRUY4mWw
3075,2016,8,268,Bangkok,13.75018421676452,100.513719222116,4wy-jkhQswdjI8EUwxgKrQ,901,0,943,9,10962,True,4wy-jkhQswdjI8EUwxgKrQ
3493,2020,9,198,Bangkok,13.75518281878524,100.4964584274695,VJ4TOJrCoDlzX-vhKjvE2g,1491,0,1619,4,10972,True,VJ4TOJrCoDlzX-vhKjvE2g
1006,2020,9,207,Bangkok,13.72619385778687,100.5367289953891,pUxeb2jW688xkxVj0BPc4w,2269,0,2653,6,10975,True,pUxeb2jW688xkxVj0BPc4w
3935,2020,8,311,Bangkok,13.76006904119932,100.4986566837857,KHNtUBLtfV-3UVrkesrYbw,1739,0,1933,7,10995,True,KHNtUBLtfV-3UVrkesrYbw
485,2011,12,375,Bangkok,13.72038373411544,100.5326698882892,UtwL0OdSBOLJIZQJM-4WrA,2414,1,3373,3,10999,True,UtwL0OdSBOLJIZQJM-4WrA
262,2019,10,434,Bangkok,13.71859588136545,100.484562269711,iFHk9hWkhL6phqyOthslBA,344,0,349,12,11005,True,iFHk9hWkhL6phqyOthslBA
22,2018,6,636,Bangkok,13.71529452388352,100.5056322797041,5C44DiPmy1ONcKbHp8v1vQ,532,0,542,10,11007,True,5C44DiPmy1ONcKbHp8v1vQ
52,2018,2,345,Bangkok,13.71560534831139,100.5354974379182,uANZXjCvxuURU4ACa_Svuw,2240,1,3910,2,11011,True,uANZXjCvxuURU4ACa_Svuw
3953,2011,9,300,Bangkok,13.76020197621043,100.5237538261985,b7jSAVRe8TUJmOQa0bULWA,2861,1,3911,1,11013,True,b7jSAVRe8TUJmOQa0bULWA
4413,2018,10,442,Bangkok,13.76508938434912,100.5469876703232,7V8xA9UhvzaXA1rz0-8BKg,2607,0,3221,6,11020,True,7V8xA9UhvzaXA1rz0-8BKg
953,2018,10,310,Bangkok,13.72539501673914,100.5649641077304,i02BuVtsjmO76refeUS84A,2217,1,2969,5,11021,True,i02BuVtsjmO76refeUS84A
4524,2011,9,211,Bangkok,13.7670279761022,100.483489750001,mhXa0aWrgyu1a3HNpP5DIw,1350,2,3912,1,11041,True,mhXa0aWrgyu1a3HNpP5DIw
977,2020,9,235,Bangkok,13.72619697977333,100.5091722427363,k-iitGAsiC0Hf6oJ6AjsRg,2413,0,2859,5,11042,True,k-iitGAsiC0Hf6oJ6AjsRg
3327,2017,11,323,Bangkok,13.75327966076446,100.5067605585212,gTBrn0-e57rE5O5HfnhdJg,2615,1,3913,1,11046,True,gTBrn0-e57rE5O5HfnhdJg
1256,2017,6,634,Bangkok,13.72921959350311,100.5187222088386,d1ZbvzhQ-UAkKZwxehMMvg,881,1,3914,1,11049,True,d1ZbvzhQ-UAkKZwxehMMvg
2559,2011,9,610,Bangkok,13.74403949599951,100.5207604644104,OyuLr4vzyo21zZ56bqq-hA,2492,0,2993,5,11053,True,OyuLr4vzyo21zZ56bqq-hA
4658,2016,12,448,Bangkok,13.76823312015012,100.5307234383788,odLtm27PEhKyCbaFJVwfTw,2139,0,2468,13,11075,True,odLtm27PEhKyCbaFJVwfTw
3515,2018,8,356,Bangkok,13.75522114691361,100.5168848452709,2skt9NDpemFQ2p9xoGGLrg,747,0,775,5,11077,True,2skt9NDpemFQ2p9xoGGLrg
642,2018,8,274,Bangkok,13.72198674557343,100.5114037673616,svJT4thw_ZjA8K9PJ9meSg,1838,2,3916,1,11079,True,svJT4thw_ZjA8K9PJ9meSg
408,2019,5,302,Bangkok,13.71927684587311,100.5460256510988,m6NBE96yOjIfnviXqNmpuA,974,2,3917,2,11081,True,m6NBE96yOjIfnviXqNmpuA
4421,2011,12,332,Bangkok,13.76524640849015,100.5537085440017,tTRJkFHpZtH0YugcDJzYtw,1789,1,3918,2,11084,True,tTRJkFHpZtH0YugcDJzYtw
4145,2019,4,257,Bangkok,13.76214066506594,100.5417990023326,0afNF6o_ezwyT1awkIOBNQ,2610,0,3228,5,11085,True,0afNF6o_ezwyT1awkIOBNQ
1107,2011,12,281,Bangkok,13.72725980744839,100.5503099167551,hkf1yr95ad8CvHPT8yN_4Q,1112,0,1175,4,11089,True,hkf1yr95ad8CvHPT8yN_4Q
4061,2020,9,364,Bangkok,13.7614513227705,100.5444784133623,jsNRLPBLldZX2fgM2JZ_Ow,2213,1,3919,2,11090,True,jsNRLPBLldZX2fgM2JZ_Ow
4256,2018,3,451,Bangkok,13.76332517309201,100.5627214904025,xDADrauH-XCMs_HXt-nLmA,258,1,585,6,11092,True,xDADrauH-XCMs_HXt-nLmA
1821,2011,12,453,Bangkok,13.73515863070024,100.5628081613487,QdcXPlTepUYGFFu-6AydpQ,1372,1,3920,1,11093,True,QdcXPlTepUYGFFu-6AydpQ
3913,2020,8,341,Bangkok,13.76035442863302,100.4837899320691,l0AfsBKjH5J1fx98-27RBw,635,1,3237,5,11105,True,l0AfsBKjH5J1fx98-27RBw
4413,2016,9,624,Bangkok,13.7650402876304,100.5469712925157,ORBE2DI753BErWAXV8t59A,2607,1,3922,2,11106,True,ORBE2DI753BErWAXV8t59A
4815,2018,1,285,Bangkok,13.77024300529938,100.5137013036353,HuJeMZ4WrW0OsdTjmbOAbw,681,0,703,8,11109,True,HuJeMZ4WrW0OsdTjmbOAbw
445,2020,9,395,Bangkok,13.72023873218663,100.4938413787135,khg2Yv1jVWe-KGqrIuLLkA,2608,0,3223,3,11113,True,khg2Yv1jVWe-KGqrIuLLkA
3174,2011,9,402,Bangkok,13.75114062448988,100.5282318269154,ey3012XmNPJOT6s360y5zg,1097,1,3923,2,11114,True,ey3012XmNPJOT6s360y5zg
326,2017,8,373,Bangkok,13.71840940498421,100.5484316261582,dLSpQKOIJH6qTc6PZEc97Q,703,1,3924,2,11115,True,dLSpQKOIJH6qTc6PZEc97Q
1153,2016,11,220,Bangkok,13.72787839339366,100.5057780814558,f47equtJiW-xobVnJjRwqw,2659,0,3320,10,11120,True,f47equtJiW-xobVnJjRwqw
452,2016,11,82,Bangkok,13.71986211854118,100.5006981791388,LV189HylilovQja7dzgKTg,2225,0,2593,4,11121,True,LV189HylilovQja7dzgKTg
4771,2018,3,318,Bangkok,13.7692706135306,100.5593882417529,VXoohAR2YPipNfjNlWoMLQ,1267,1,3925,2,11122,True,VXoohAR2YPipNfjNlWoMLQ
1815,2016,11,270,Bangkok,13.73520185172386,100.555916694151,uLR2NH4fClCbkil60Bkw1w,2771,0,3592,4,11123,True,uLR2NH4fClCbkil60Bkw1w
3063,2018,9,61,Bangkok,13.75019980301129,100.4965206755571,BbTqF_Y7pU2cfescYoGjgg,2351,0,2770,9,11131,True,BbTqF_Y7pU2cfescYoGjgg
3544,2016,11,537,Bangkok,13.75564681329501,100.5507764238527,niEnicM6BqfI_NypUbyREA,473,0,481,10,11138,True,niEnicM6BqfI_NypUbyREA
4612,2018,2,167,Bangkok,13.76816294328522,100.4866287919722,4TX0lB9LWxUiRbsWw_3GYw,1834,0,2054,9,11140,True,4TX0lB9LWxUiRbsWw_3GYw
964,2018,5,290,Bangkok,13.72610343909607,100.4967775276906,hNcSp8ZjjyRDlpp0tbBGIw,2811,1,3928,2,11144,True,hNcSp8ZjjyRDlpp0tbBGIw
4683,2017,6,246,Bangkok,13.76905561191938,100.5530821692859,N_Grzn17ISQalJ9mayPcUQ,2863,0,3929,5,11146,True,N_Grzn17ISQalJ9mayPcUQ
628,2011,9,533,Bangkok,13.72221199265635,100.5046927878881,bCrADr51Do0YEFdZhq90CA,2775,1,3611,6,11149,True,bCrADr51Do0YEFdZhq90CA
4335,2018,3,521,Bangkok,13.76497041828992,100.5511041063128,Eq-snuFzHpopd7f8oIFanQ,2560,1,3930,2,11152,True,Eq-snuFzHpopd7f8oIFanQ
4326,2016,9,353,Bangkok,13.76437188125535,100.5465872061642,VXb80p7TPpMGjP4PfPWe_w,2089,2,3931,1,11154,True,VXb80p7TPpMGjP4PfPWe_w
3327,2020,8,512,Bangkok,13.75327862486974,100.5067433811338,LW0qTsI-zDjtpd9anT4sXA,2615,0,3233,3,11158,True,LW0qTsI-zDjtpd9anT4sXA
4458,2018,9,521,Bangkok,13.76623993934649,100.5039444434871,DJZJvuise66McIrWQFRmjg,1496,0,1625,8,11168,True,DJZJvuise66McIrWQFRmjg
1962,2017,11,470,Bangkok,13.73731189997046,100.5295353787074,Gro-XcmBgAW7VwMK24MwOA,1360,0,1460,11,11172,True,Gro-XcmBgAW7VwMK24MwOA
623,2014,9,694,Bangkok,13.72218042866226,100.4917909230186,w_tajFFTjw9EyK_dZbjdsQ,2407,0,2850,12,11174,True,w_tajFFTjw9EyK_dZbjdsQ
803,2018,5,268,Bangkok,13.72435704110053,100.4987357441696,63bi8iZSbQB5dGO_9tWbKw,1398,1,3933,1,11184,True,63bi8iZSbQB5dGO_9tWbKw
3362,2017,9,539,Bangkok,13.7531947415144,100.5357652257154,OyEan0RrEtxOqoWXS1yehg,1212,0,1294,8,11192,True,OyEan0RrEtxOqoWXS1yehg
2887,2018,9,238,Bangkok,13.74820106843337,100.4977731034416,nvrpFNdn0HD4fNmIp4DB4g,394,1,1120,7,11200,True,nvrpFNdn0HD4fNmIp4DB4g
3487,2018,9,77,Bangkok,13.75588298019939,100.4909018681451,GsEH_k76wpq4hlHh_36xJA,2061,1,3661,3,11207,True,GsEH_k76wpq4hlHh_36xJA
759,2019,5,565,Bangkok,13.72320384532186,100.5476126036624,xnuz8xyus70u4CW7dT2xmA,799,1,3937,5,11215,True,xnuz8xyus70u4CW7dT2xmA
3290,2020,9,469,Bangkok,13.75268558630142,100.55088772971,aix1jDPngkYZaQ6fJ-AyRA,803,0,836,10,11216,True,aix1jDPngkYZaQ6fJ-AyRA
2890,2018,9,360,Bangkok,13.74813849633164,100.4999437588461,mY5KwcjGmGIXNwSNJNoErQ,2542,0,3090,6,11217,True,mY5KwcjGmGIXNwSNJNoErQ
3813,2020,8,287,Bangkok,13.75819807419864,100.5556842908123,DcuzXQSxOR8bCsjaPWszaA,2865,0,3938,2,11219,True,DcuzXQSxOR8bCsjaPWszaA
150,2016,11,302,Bangkok,13.71642658183695,100.5468762789932,6GXGHDXo1kwGIF48Q_X1pw,689,0,713,3,11221,True,6GXGHDXo1kwGIF48Q_X1pw
3603,2020,8,407,Bangkok,13.75651065715565,100.5136889931658,0wdGH_IO8UjLFAK1pGYp1A,59,0,59,7,11225,True,0wdGH_IO8UjLFAK1pGYp1A
3336,2017,11,352,Bangkok,13.7530930912131,100.512652530712,euIaCQiOPKFErZDhBqlHNg,1760,0,1963,4,11238,True,euIaCQiOPKFErZDhBqlHNg
4283,2016,8,197,Bangkok,13.76447128897951,100.4979135760499,o2Utv0HRsIzCvtse_xclEA,1900,0,2140,6,11239,True,o2Utv0HRsIzCvtse_xclEA
1914,2019,9,395,Bangkok,13.73621576778235,100.5678810487175,CLIJjjGGqgJpj_QVtAaNnA,2557,1,3707,3,11242,True,CLIJjjGGqgJpj_QVtAaNnA
4075,2018,9,287,Bangkok,13.7611217317764,100.5526413776243,3f1n3UbMV6GB4UeiJRO9WQ,2406,0,2848,8,11251,True,3f1n3UbMV6GB4UeiJRO9WQ
3402,2020,8,501,Bangkok,13.75382496230451,100.4862589231663,vgSkaKscncRRNoSjnAwguw,230,4,3941,1,11253,True,vgSkaKscncRRNoSjnAwguw
4819,2016,12,395,Bangkok,13.7699422447081,100.5170964405464,P7ty3wrmJx8mjvpsaN1QPQ,2273,2,3942,1,11261,True,P7ty3wrmJx8mjvpsaN1QPQ
581,2018,10,502,Bangkok,13.72169327509016,100.5454773249878,FNaii-ixxiJc7wf5VF7-PA,2016,1,3943,2,11273,True,FNaii-ixxiJc7wf5VF7-PA
4164,2019,4,557,Bangkok,13.76256047838164,100.5628115467457,DJNE6DWUf9LbsO3Q1GEmWw,2797,0,3681,5,11281,True,DJNE6DWUf9LbsO3Q1GEmWw
3281,2018,1,358,Bangkok,13.75254028733465,100.542745196924,HBCJ2E2DqWT1hIYZl1pnUg,438,2,3944,1,11285,True,HBCJ2E2DqWT1hIYZl1pnUg
397,2020,8,378,Bangkok,13.71924346898277,100.5326928793458,Zq0Qqjqzt0HWc5y7np2VMg,2866,0,3945,3,11290,True,Zq0Qqjqzt0HWc5y7np2VMg
1495,2019,5,555,Bangkok,13.73228488748102,100.500671724499,d_old3FGBHZ8IFuhCFUV1A,1257,2,3946,1,11293,True,d_old3FGBHZ8IFuhCFUV1A
3708,2018,7,497,Bangkok,13.75724647233869,100.5367198684891,veKXASF-3tsHhE1UVvlVQA,342,0,347,12,11299,True,veKXASF-3tsHhE1UVvlVQA
2971,2018,9,491,Bangkok,13.74918232864279,100.4979064333354,_Ew5l0q2It82J5jRW4A2lw,1502,0,1631,7,11302,True,_Ew5l0q2It82J5jRW4A2lw
4829,2019,10,189,Bangkok,13.76983258571152,100.5275757368197,drZuwzVxOtCRgslkmFc_AQ,1813,0,2029,11,11305,True,drZuwzVxOtCRgslkmFc_AQ
2458,2018,9,495,Bangkok,13.74319470904201,100.510697228214,JqCKBS2BeSrxKOx-FY78hA,259,0,260,6,11306,True,JqCKBS2BeSrxKOx-FY78hA
44,2017,9,426,Bangkok,13.71522103025758,100.5276702030502,HScU5NGl5fhtjjr7_xMi6Q,2846,0,3819,3,11307,True,HScU5NGl5fhtjjr7_xMi6Q
1082,2018,1,166,Bangkok,13.72720972748454,100.5187263409583,_SJ6NvkSMOUDNA12C4DImQ,2625,0,3253,9,11308,True,_SJ6NvkSMOUDNA12C4DImQ
1214,2019,6,661,Bangkok,13.72819148907554,100.5687693685433,59Ht4QfA2KfeVR-ZvfhUbg,2262,1,3294,5,11310,True,59Ht4QfA2KfeVR-ZvfhUbg
1089,2018,1,192,Bangkok,13.72698248956639,100.5297723627851,EPqoUOf0FG0s2uos48Fhig,1025,0,1078,10,11312,True,EPqoUOf0FG0s2uos48Fhig
2189,2019,8,283,Bangkok,13.74025355388076,100.4977415939812,ndvEPvrozQxpGsKilWKmHA,666,0,687,8,11317,True,ndvEPvrozQxpGsKilWKmHA
1734,2018,10,424,Bangkok,13.7343472198066,100.5663434486645,ZMewqPsUQf6eNjYeXc9ynA,1253,2,3947,1,11321,True,ZMewqPsUQf6eNjYeXc9ynA
221,2016,10,187,Bangkok,13.71735597547542,100.5307054322365,FA2Z72OYkb165bLwpuxv0w,510,1,3932,3,11326,True,FA2Z72OYkb165bLwpuxv0w
488,2018,10,265,Bangkok,13.72039408840538,100.5376673479159,-J3sRrjIIILLcsXV9EK6HQ,2525,1,3948,2,11330,True,-J3sRrjIIILLcsXV9EK6HQ
567,2020,9,351,Bangkok,13.72124364388065,100.5276960602139,DYl6nsHkZulFiUcrpZjSpA,351,0,356,10,11333,True,DYl6nsHkZulFiUcrpZjSpA
2160,2018,7,512,Bangkok,13.73932414299932,100.5583242785416,nnruak8uK4W54u0ZuOEuEw,2446,0,2916,7,11338,True,nnruak8uK4W54u0ZuOEuEw
2361,2018,2,656,Bangkok,13.74221882500703,100.4948024449448,4MfTTSHnr-OX5B3s3MDYBw,596,0,608,7,11349,True,4MfTTSHnr-OX5B3s3MDYBw
3594,2020,8,283,Bangkok,13.75644382174531,100.5116543968748,v9GnSj997cBfImnQIjOtww,1807,0,2022,6,11354,True,v9GnSj997cBfImnQIjOtww
4527,2017,11,181,Bangkok,13.76722052783431,100.4887846877721,AQilvlobBLA2BXv7kUxL9A,2868,0,3950,3,11360,True,AQilvlobBLA2BXv7kUxL9A
1286,2020,9,13,Bangkok,13.72900635302741,100.5523650331812,gxjz-Lt4BRD7oHACcRNjOQ,577,2,1785,6,11361,True,gxjz-Lt4BRD7oHACcRNjOQ
1127,2017,6,236,Bangkok,13.72727603684627,100.5665730385782,SaazxyLyYipob7V9WNNahw,2398,0,2838,4,11363,True,SaazxyLyYipob7V9WNNahw
4782,2017,12,197,Bangkok,13.76919154120696,100.5677860360788,6tbtbV57SjRPYfFJyUXFGA,574,1,3951,2,11364,True,6tbtbV57SjRPYfFJyUXFGA
3930,2020,8,346,Bangkok,13.76046530828608,100.500912870183,TtD-hBtVcDqg8NJbdPPQzQ,2563,0,3126,9,11370,True,TtD-hBtVcDqg8NJbdPPQzQ
578,2011,12,606,Bangkok,13.72091110631828,100.540945827302,s9SsH7gKDBYdgTEqZrviMw,2350,1,3952,2,11381,True,s9SsH7gKDBYdgTEqZrviMw
905,2017,10,119,Bangkok,13.72517882106216,100.517739849739,VZtETDXtgKNPF7h06_gaLg,133,0,133,5,11391,True,VZtETDXtgKNPF7h06_gaLg
829,2020,9,128,Bangkok,13.72417438412526,100.5276579723332,PC2cXV3INzEyLYb7BaH3Dg,634,0,648,4,11393,True,PC2cXV3INzEyLYb7BaH3Dg
859,2017,11,522,Bangkok,13.72405688336995,100.5602146919195,LBGjhTCylZILEBbD6-6cxw,1028,0,1083,14,11397,True,LBGjhTCylZILEBbD6-6cxw
1939,2019,6,163,Bangkok,13.73728572399211,100.5107196739444,dVaPnZJ9-7N8l3eiW9h4ug,1004,1,3627,4,11401,True,dVaPnZJ9-7N8l3eiW9h4ug
88,2019,5,295,Bangkok,13.71617267213597,100.4845696096777,JKzUS8xVxIz6P_uyg2ZvSw,1735,1,3954,2,11406,True,JKzUS8xVxIz6P_uyg2ZvSw
3159,2019,6,420,Bangkok,13.75154691748667,100.5098304068307,Mhcl3Da7Gc4oZRkOoYfCWg,7,0,7,8,11407,True,Mhcl3Da7Gc4oZRkOoYfCWg
90,2011,9,126,Bangkok,13.71621207636765,100.4867489766633,lwlElguSitWGhM2hf5FEtw,329,1,3148,3,11409,True,lwlElguSitWGhM2hf5FEtw
4328,2020,9,682,Bangkok,13.76429146827932,100.5457937796266,Ghjzi_p-NdeSQM7aWyNDMQ,2161,1,3926,3,11411,True,Ghjzi_p-NdeSQM7aWyNDMQ
4229,2019,9,321,Bangkok,13.76239629502785,100.5353656858659,PVH15makoX42arUpySngEA,1218,1,3955,2,11423,True,PVH15makoX42arUpySngEA
3080,2019,5,464,Bangkok,13.75033186907905,100.5193575244576,PFUtAoIzQr9ULEPhMokUiA,471,2,3956,1,11427,True,PFUtAoIzQr9ULEPhMokUiA
4158,2020,9,351,Bangkok,13.76215845882131,100.5516921294279,u_XMWFBr2YeDqL_V6UpKbQ,687,0,710,11,11431,True,u_XMWFBr2YeDqL_V6UpKbQ
4871,2017,11,230,Bangkok,13.7703005933719,100.5695560683738,UQapFqDy_OXiG8g3Vy0Ifg,2845,1,3957,4,11435,True,UQapFqDy_OXiG8g3Vy0Ifg
18,2020,9,535,Bangkok,13.71524852508952,100.5017153055127,S38_Oqo4qbOzXkQzAbhmDQ,2668,1,3958,1,11436,True,S38_Oqo4qbOzXkQzAbhmDQ
3320,2020,8,164,Bangkok,13.75312351493273,100.4987473478284,zGcLHEuWhxGKXjnCoNJMmw,72,0,72,5,11437,True,zGcLHEuWhxGKXjnCoNJMmw
1880,2017,6,371,Bangkok,13.73594159174874,100.5402860442158,57bgfcSyLfR5ql5O465Juw,2007,1,3959,1,11442,True,57bgfcSyLfR5ql5O465Juw
2450,2017,6,453,Bangkok,13.74330774985338,100.4937547194993,EYRBeGCcbrzjG-Ih4Vep0w,1155,1,2238,4,11445,True,EYRBeGCcbrzjG-Ih4Vep0w
1571,2018,6,595,Bangkok,13.73360382792841,100.492687696341,Q8xZl69suoEj7JZnx2BZBg,1284,1,1382,3,11448,True,Q8xZl69suoEj7JZnx2BZBg
1731,2016,11,263,Bangkok,13.73417539845492,100.5610050900679,6RAL8WNbBpCh-g2jg3dlXQ,2258,1,2900,3,11452,True,6RAL8WNbBpCh-g2jg3dlXQ
4740,2019,8,326,Bangkok,13.76921366419669,100.5287100897488,RlSufx4tyorXSwZKPa_a2A,2869,0,3961,2,11453,True,RlSufx4tyorXSwZKPa_a2A
4067,2019,4,515,Bangkok,13.76126443963496,100.5497198154327,oIFH9kU9q9g3aJPHZQQwPg,2121,3,3962,1,11455,True,oIFH9kU9q9g3aJPHZQQwPg
2149,2017,9,387,Bangkok,13.73902291592493,100.5466869544039,t4XSqmppF68pESJkFdqcbQ,772,0,801,11,11462,True,t4XSqmppF68pESJkFdqcbQ
4216,2011,9,333,Bangkok,13.76413852176733,100.5201803674569,NwFW233LP1Y-bGbxrXMDEw,2231,0,2600,7,11467,True,NwFW233LP1Y-bGbxrXMDEw
4003,2020,2,406,Bangkok,13.76028012659152,100.5682685365808,C3WZvhGaNAD-B1auW7RxLQ,576,1,3963,3,11470,True,C3WZvhGaNAD-B1auW7RxLQ
4760,2019,4,670,Bangkok,13.76845284897399,100.5451507949172,vWgPT6VMG1Aq2OzYhxQayA,2657,1,3965,1,11478,True,vWgPT6VMG1Aq2OzYhxQayA
1918,2019,5,359,Bangkok,13.73729401544527,100.4875328044773,b1kU1ntvoxglNJX_Q9VIcw,420,1,1289,3,11481,True,b1kU1ntvoxglNJX_Q9VIcw
449,2017,9,361,Bangkok,13.72019635600427,100.4977580573421,lBL4MCdFhes0knf3QiheXw,2404,1,3676,3,11482,True,lBL4MCdFhes0knf3QiheXw
42,2011,12,406,Bangkok,13.715538037705,100.525877206334,L6MIs2M3e50-bfl27m2oDw,269,3,3967,1,11487,True,L6MIs2M3e50-bfl27m2oDw
657,2016,10,361,Bangkok,13.72270056889954,100.5335783519304,oemxNSS6Bnuu9z7881U96w,1691,0,1875,10,11489,True,oemxNSS6Bnuu9z7881U96w
4675,2016,9,397,Bangkok,13.76841942117233,100.5474365033937,Kny6RTdqhXGokXJ71SjnCA,2180,1,3040,4,11490,True,Kny6RTdqhXGokXJ71SjnCA
1240,2018,8,500,Bangkok,13.72928874765603,100.5068194223915,3JNksN8W_QWjDwbS7v_-XQ,2872,0,3968,1,11493,True,3JNksN8W_QWjDwbS7v_-XQ
4561,2019,9,479,Bangkok,13.76660252126603,100.5243789153368,b3bWOH11qK66V1bt-2C6Ig,2628,0,3260,3,11496,True,b3bWOH11qK66V1bt-2C6Ig
4418,2019,4,459,Bangkok,13.76478687312093,100.5514871008861,eL920oIimkdSMdZEeTygvw,863,1,2674,5,11498,True,eL920oIimkdSMdZEeTygvw
1993,2017,6,556,Bangkok,13.73716968564996,100.563810234071,G08MaUSl30lHaJtdD89xRQ,2773,0,3600,4,11500,True,G08MaUSl30lHaJtdD89xRQ
1837,2020,8,528,Bangkok,13.73614892167413,100.4997532260153,ZkyJZ5mlkGZYjf5DUr8n_g,2776,1,3969,1,11503,True,ZkyJZ5mlkGZYjf5DUr8n_g
3282,2020,8,341,Bangkok,13.75230957879679,100.5437180936771,dtY2wzEdzq1UqESTqSRasg,2206,1,3970,2,11509,True,dtY2wzEdzq1UqESTqSRasg
3301,2019,5,613,Bangkok,13.7523395879674,100.5677431769513,djYcUfCxwa0zJVqkYqcMQQ,2873,0,3971,5,11512,True,djYcUfCxwa0zJVqkYqcMQQ
2775,2017,6,346,Bangkok,13.74632233782261,100.5589886428853,TIDLVqUB-uO34fwc1wN99A,2113,0,2433,6,11513,True,TIDLVqUB-uO34fwc1wN99A
1894,2018,9,329,Bangkok,13.73620974460193,100.5487066361521,n7QiNNs9RORi9eGxzH4GwA,2717,1,3972,1,11519,True,n7QiNNs9RORi9eGxzH4GwA
1841,2018,5,113,Bangkok,13.73602871228268,100.4986113053684,xDt4CyuQBKuq6tS84h7QzA,2201,1,3973,2,11529,True,xDt4CyuQBKuq6tS84h7QzA
535,2014,10,134,Bangkok,13.72120048771603,100.4977019848871,De_NuCLFjGu8mN0yo_erHQ,1106,0,1168,13,11548,True,De_NuCLFjGu8mN0yo_erHQ
2481,2017,6,343,Bangkok,13.74345601478406,100.52577863989,KKqI_OWS_A27GfkunGm4wg,2094,0,2408,7,11566,True,KKqI_OWS_A27GfkunGm4wg
328,2018,2,288,Bangkok,13.7183745986258,100.5507706587689,r7BnaR730PNuE0yD18Qubw,2072,1,3977,2,11569,True,r7BnaR730PNuE0yD18Qubw
2973,2019,5,478,Bangkok,13.74957516944679,100.498716614937,feFEF0nFcgbxTbfWbTO1YA,1038,0,1096,8,11574,True,feFEF0nFcgbxTbfWbTO1YA
4400,2020,9,371,Bangkok,13.765516396464,100.5368420728587,oOkNvFUdZPahSs6zG5xihg,1753,0,1949,13,11577,True,oOkNvFUdZPahSs6zG5xihg
3667,2019,8,566,Bangkok,13.75713425043587,100.4987785009231,z4n9znVZhjXlzvhgi8bI9A,2793,0,3668,7,11578,True,z4n9znVZhjXlzvhgi8bI9A
3682,2011,9,351,Bangkok,13.75719988849835,100.5097156836059,DVf49eYy2mZnq_dEY2NWhw,452,0,460,4,11580,True,DVf49eYy2mZnq_dEY2NWhw
1343,2014,9,212,Bangkok,13.73022080594815,100.5157396302577,__DbyW5vvuK7radw8dLmIg,809,1,3978,1,11583,True,__DbyW5vvuK7radw8dLmIg
179,2011,9,398,Bangkok,13.71732703792271,100.4886958577376,MI1O32YTGuSbvCurza--SA,2491,2,3979,1,11598,True,MI1O32YTGuSbvCurza--SA
921,2011,9,609,Bangkok,13.72510113660997,100.5328080263454,BUvlFYlVwiI7Zvz4z2Z7YQ,110,0,110,8,11607,True,BUvlFYlVwiI7Zvz4z2Z7YQ
3540,2017,11,297,Bangkok,13.75484042288722,100.5459668923533,Yy534NaVwMlvJt0rHm1yYw,1239,0,1324,5,11616,True,Yy534NaVwMlvJt0rHm1yYw
4649,2016,8,374,Bangkok,13.76961850178281,100.5169711670211,VlbKNdLn0-tWFThQqODrOA,662,0,682,4,11618,True,VlbKNdLn0-tWFThQqODrOA
1128,2020,8,317,Bangkok,13.72711125969981,100.5699802928558,ElP-uFLTTKR7w2pKtRNpSQ,760,1,3722,4,11619,True,ElP-uFLTTKR7w2pKtRNpSQ
804,2016,11,20,Bangkok,13.72420574839212,100.5068469577285,JqB1qNPKErQfk9F8lLn80Q,1074,1,2995,4,11635,True,JqB1qNPKErQfk9F8lLn80Q
3453,2018,1,599,Bangkok,13.75445654071744,100.5417437052539,bBV-eppnAOM0swalVz3uSw,2876,0,3981,5,11636,True,bBV-eppnAOM0swalVz3uSw
3272,2011,9,317,Bangkok,13.75229067595811,100.5387685004538,CjRwaMS9UxyvBw0Jk5vRxg,2498,0,3005,6,11637,True,CjRwaMS9UxyvBw0Jk5vRxg
2495,2011,9,636,Bangkok,13.74322851375043,100.5437467604082,ZPBUMn42ezyltg-f0DTuGA,850,0,889,11,11643,True,ZPBUMn42ezyltg-f0DTuGA
3165,2017,7,329,Bangkok,13.75109684447873,100.520633744815,risMWz8s-Ev_QbrNcMBn5g,94,0,94,6,11651,True,risMWz8s-Ev_QbrNcMBn5g
144,2018,2,442,Bangkok,13.7168282726246,100.5403970758374,ix04_5ZCdk0ztU9hIoHggg,1429,1,1812,3,11658,True,ix04_5ZCdk0ztU9hIoHggg
4315,2017,6,442,Bangkok,13.76446830561462,100.5323781254774,2W2y7IqCXWtxckwVTXnHzw,429,1,3983,2,11660,True,2W2y7IqCXWtxckwVTXnHzw
3123,2017,6,263,Bangkok,13.75051142372138,100.56179631837,iETC_v7UQnkAOcGkjr4qnw,1177,0,1252,7,11663,True,iETC_v7UQnkAOcGkjr4qnw
2477,2017,11,210,Bangkok,13.74317504067079,100.527677600678,rflwIpWnPhmLZz4_bGMxVQ,2746,0,3533,4,11670,True,rflwIpWnPhmLZz4_bGMxVQ
165,2020,8,159,Bangkok,13.71616986626202,100.561744830328,yYQ29tT5rbMQGNDg4iTNzg,2526,0,3057,8,11679,True,yYQ29tT5rbMQGNDg4iTNzg
4778,2018,3,590,Bangkok,13.76913571765546,100.5636867344962,BZmetIKYJzIg2EQzx3mCGw,1573,1,3984,2,11692,True,BZmetIKYJzIg2EQzx3mCGw
847,2017,6,504,Bangkok,13.72371810757211,100.5457456601982,BYnoV7FnhqSeEBeA0SR4QA,1983,1,3168,4,11699,True,BYnoV7FnhqSeEBeA0SR4QA
4319,2017,6,267,Bangkok,13.76424360619377,100.5426844977372,l3B9-0X1oN4mxF79zabkaQ,2855,0,3842,3,11712,True,l3B9-0X1oN4mxF79zabkaQ
3493,2018,9,367,Bangkok,13.75514519992359,100.4964605590071,G55OKKOSnRDqJnHCUY8vkw,1491,1,3985,1,11713,True,G55OKKOSnRDqJnHCUY8vkw
463,2018,6,503,Bangkok,13.72026472248112,100.5056888523802,jJ3Uxr_xrH_yfMACiEevTQ,165,0,165,6,11717,True,jJ3Uxr_xrH_yfMACiEevTQ
2672,2017,9,307,Bangkok,13.74521855449075,100.5478513752412,M3pCKGjj5SZUya8P6muxmA,2778,0,3616,9,11719,True,M3pCKGjj5SZUya8P6muxmA
2548,2017,11,167,Bangkok,13.74407940336131,100.5076042128999,unvKWuL37y672jxE1InWGg,2859,0,3858,5,11728,True,unvKWuL37y672jxE1InWGg
1042,2020,8,566,Bangkok,13.72613157585363,100.5678319535155,_O36D6AO6xcWPX26aAaPAg,2158,0,2497,4,11736,True,_O36D6AO6xcWPX26aAaPAg
2539,2018,9,360,Bangkok,13.74453626455507,100.5017506609085,beNVjXmXsQjHMbvjZZ0aPQ,1975,0,2242,6,11743,True,beNVjXmXsQjHMbvjZZ0aPQ
1980,2017,6,296,Bangkok,13.73726549444134,100.5519649997205,5Y__KQUb0v2ROg5VlP5PBg,1206,0,1287,5,11748,True,5Y__KQUb0v2ROg5VlP5PBg
3617,2020,8,213,Bangkok,13.75607550793536,100.5346934460786,_WdqhFNr9FYyqY6z0rEWnA,1743,3,3960,3,11749,True,_WdqhFNr9FYyqY6z0rEWnA
1462,2018,1,320,Bangkok,13.73120274718834,100.5477947268563,PcBjKifFALoxGQVKUisNMg,1055,1,3987,1,11754,True,PcBjKifFALoxGQVKUisNMg
3018,2019,7,190,Bangkok,13.74957674459448,100.545776820303,vzTft71XoOz1q-l5aTWI2A,912,0,956,14,11755,True,vzTft71XoOz1q-l5aTWI2A
2302,2011,9,269,Bangkok,13.74127406029844,100.5226202157884,EqG8V5DSvDsXJSgk1GgD5A,733,1,3813,4,11763,True,EqG8V5DSvDsXJSgk1GgD5A
634,2017,10,411,Bangkok,13.72240670886908,100.5057703650955,de7ojXQej9_sLKsV_Ix2mQ,696,1,1081,7,11770,True,de7ojXQej9_sLKsV_Ix2mQ
484,2018,10,468,Bangkok,13.72002728811036,100.5368180471544,wY2wwTZS4z8Pi-Q0Kg21Dw,2300,1,3988,1,11772,True,wY2wwTZS4z8Pi-Q0Kg21Dw
4290,2011,9,376,Bangkok,13.76462567515526,100.5081170064609,I04e-VfoKkwnwSRQ24fzOw,1082,1,3989,2,11776,True,I04e-VfoKkwnwSRQ24fzOw
821,2018,2,288,Bangkok,13.7241595747655,100.5216468643091,DibAdI4FxRPgc3RfQyiyVw,264,1,3990,1,11781,True,DibAdI4FxRPgc3RfQyiyVw
3522,2018,9,446,Bangkok,13.75493509288251,100.5216196246555,AwXChQZgkQsRS56uNuzDIQ,2554,0,3109,5,11784,True,AwXChQZgkQsRS56uNuzDIQ
4626,2017,5,186,Bangkok,13.76737965308197,100.5002764703579,jjSY0ANYTtLsenG4VvtdnQ,371,0,376,5,11786,True,jjSY0ANYTtLsenG4VvtdnQ
1413,2016,11,412,Bangkok,13.73110036060843,100.5057228418935,KfawtvU7akfyIsgaBER9Ow,2637,1,3991,2,11798,True,KfawtvU7akfyIsgaBER9Ow
4337,2019,4,294,Bangkok,13.76420607929677,100.5637586504379,EU7GHvwQMyyvLvFADIf7ng,2046,0,2343,5,11805,True,EU7GHvwQMyyvLvFADIf7ng
687,2018,9,234,Bangkok,13.72214290876748,100.5602778467377,cVAY74ozW1_GMVIirdFKHQ,1027,0,1082,4,11808,True,cVAY74ozW1_GMVIirdFKHQ
3328,2018,9,690,Bangkok,13.75325886531523,100.5057609279905,5ezg-1gxCmmXmV82F_9GTA,1366,0,1467,4,11811,True,5ezg-1gxCmmXmV82F_9GTA
2789,2019,5,255,Bangkok,13.74774577951172,100.4901663162084,oYQf21cP_7BZR6q69cD1FQ,1794,1,2982,5,11813,True,oYQf21cP_7BZR6q69cD1FQ
1712,2020,8,443,Bangkok,13.73419401868495,100.541760059152,5GsIgj58sQs_K7-McJ8Xrg,1695,0,1880,11,11818,True,5GsIgj58sQs_K7-McJ8Xrg
3889,2011,9,362,Bangkok,13.7590466544635,100.5401313861445,bsgunJcMJfykkZoOu2AZ4g,2767,1,3993,3,11824,True,bsgunJcMJfykkZoOu2AZ4g
4241,2018,10,335,Bangkok,13.76363498481413,100.5465363266754,hIZKghbZlsMQN4Lmd65qlw,2513,0,3034,6,11825,True,hIZKghbZlsMQN4Lmd65qlw
3654,2019,4,373,Bangkok,13.75619960864735,100.5698095810806,TiUD-EoaAc-wreNLGOZg3A,302,0,303,9,11828,True,TiUD-EoaAc-wreNLGOZg3A
2517,2019,5,367,Bangkok,13.74330055900904,100.5687076903994,P2aIUAlYOq0IKC3ettFE1g,1122,0,1187,3,11831,True,P2aIUAlYOq0IKC3ettFE1g
476,2020,9,419,Bangkok,13.72089190372509,100.5216675689732,3om-l4CxqJaLWBK3EjbFTg,2043,0,2339,6,11840,True,3om-l4CxqJaLWBK3EjbFTg
615,2017,5,426,Bangkok,13.72228057311138,100.4906437700027,RkE0UsODOnI-pv95FzA4mg,2079,2,3994,1,11842,True,RkE0UsODOnI-pv95FzA4mg
4593,2020,8,333,Bangkok,13.76707943842184,100.5540682847333,zErMFkkUdMYFBSzPU0h_Zg,362,1,3995,2,11847,True,zErMFkkUdMYFBSzPU0h_Zg
744,2018,10,217,Bangkok,13.72322604635099,100.5367451289127,zTxnmVofjOAfhJN6yLQ6jA,1073,0,1134,5,11849,True,zTxnmVofjOAfhJN6yLQ6jA
3282,2018,9,163,Bangkok,13.7523159445763,100.5437018372646,P8y_x9OSsWsLUzsdVa3tsQ,2206,0,2566,3,11850,True,P8y_x9OSsWsLUzsdVa3tsQ
1126,2017,6,520,Bangkok,13.72719382031948,100.5651505496682,FrZDpqz6Phs6TJNNVDRtGA,1323,1,3996,1,11857,True,FrZDpqz6Phs6TJNNVDRtGA
4273,2020,8,284,Bangkok,13.76375440976815,100.4957621057008,6Oo5CBXROgwwzHxiTzwrtw,1428,0,1540,7,11860,True,6Oo5CBXROgwwzHxiTzwrtw
1076,2016,8,495,Bangkok,13.72724408745233,100.5160076773333,6CGasFLSvpZeX0nl_ETcxA,1602,0,1758,10,11863,True,6CGasFLSvpZeX0nl_ETcxA
198,2011,9,155,Bangkok,13.71718726194263,100.5077375534226,pBNovd1ZXGvbdrCB0t0N_Q,2183,0,2533,5,11864,True,pBNovd1ZXGvbdrCB0t0N_Q
42,2019,8,218,Bangkok,13.71554011954324,100.5258980468012,dAur7mrqn8o-EltFmKjsqQ,269,4,3997,3,11867,True,dAur7mrqn8o-EltFmKjsqQ
3630,2019,9,195,Bangkok,13.75625476789878,100.5516993317137,IyR89_En6wOvqXuYiO9rhg,1432,0,1544,7,11875,True,IyR89_En6wOvqXuYiO9rhg
2457,2019,6,289,Bangkok,13.74321488745345,100.508746555481,ih2efUN-j6dYw_FglCA99w,1016,0,1069,6,11877,True,ih2efUN-j6dYw_FglCA99w
3803,2017,6,412,Bangkok,13.75824276317091,100.5427864151543,FZGWPPdITwjfILiB_3Oa6Q,2548,1,3915,3,11887,True,FZGWPPdITwjfILiB_3Oa6Q
3990,2020,9,557,Bangkok,13.76009455573638,100.5548901892828,St_57Xl6yFhj9B1L7v9v1A,2623,0,3247,5,11890,True,St_57Xl6yFhj9B1L7v9v1A
323,2020,8,587,Bangkok,13.71888308520943,100.5463864848076,kp7ri-tFDLFrkbArnHajUQ,871,0,911,6,11903,True,kp7ri-tFDLFrkbArnHajUQ
1799,2018,9,212,Bangkok,13.73532014068757,100.5411654292712,7iNmszFDbMM1AwIr2kEY2w,1090,0,1151,6,11905,True,7iNmszFDbMM1AwIr2kEY2w
3409,2018,9,309,Bangkok,13.75427240844839,100.4965680828479,WjmVxAWwUpLcOxfnFxVHmg,769,1,3999,3,11906,True,WjmVxAWwUpLcOxfnFxVHmg
4298,2017,5,310,Bangkok,13.76468984159986,100.5189813029964,sAWZevq4bXI62kOi3SGNNg,1427,0,1539,6,11908,True,sAWZevq4bXI62kOi3SGNNg
4132,2014,9,685,Bangkok,13.76240157143992,100.5261110070836,0DAj2G4cp7AoD3qhqbFuCQ,1768,0,1974,8,11918,True,0DAj2G4cp7AoD3qhqbFuCQ
1740,2018,6,276,Bangkok,13.73528029294183,100.4838430528176,Ej3F7r-N-Ri1zTVJ4Xn9Bg,2653,2,4000,2,11926,True,Ej3F7r-N-Ri1zTVJ4Xn9Bg
2500,2019,5,340,Bangkok,13.74355981381904,100.5457455909791,3P2SRci15TCqJtL6yOIpxw,1782,0,1990,11,11936,True,3P2SRci15TCqJtL6yOIpxw
3818,2011,12,555,Bangkok,13.75825351610598,100.5646255761226,TWtKwrEcjZMo71b8Iyqqrg,1316,1,3462,3,11941,True,TWtKwrEcjZMo71b8Iyqqrg
3861,2018,1,264,Bangkok,13.75916978820616,100.513675790632,MFz7XEG6sUQQggMlOcHnhA,367,0,372,9,11952,True,MFz7XEG6sUQQggMlOcHnhA
707,2018,10,293,Bangkok,13.72326917737384,100.492682033526,vM_d7Ej0eFxDbnnjzF1PLg,650,1,4001,2,11954,True,vM_d7Ej0eFxDbnnjzF1PLg
2203,2018,2,165,Bangkok,13.74014998205665,100.5068024169449,iv0u1KYMemJuSE5GrqvDrg,2017,1,4002,1,11960,True,iv0u1KYMemJuSE5GrqvDrg
3789,2016,11,524,Bangkok,13.75883485663793,100.5320576398549,EhRiGnyDxQYStRkiSS13Rw,913,0,957,15,11962,True,EhRiGnyDxQYStRkiSS13Rw
3814,2020,8,645,Bangkok,13.75830616633015,100.5576654589944,nXkwu95P_R45DUMrk6v2xQ,1513,0,1644,3,11964,True,nXkwu95P_R45DUMrk6v2xQ
3174,2018,1,585,Bangkok,13.75110691728396,100.5282262484536,5h4KoWlTEeh4CT_2c7YaKg,1097,0,1158,7,11965,True,5h4KoWlTEeh4CT_2c7YaKg
4228,2011,9,527,Bangkok,13.76316525305909,100.5336797170149,A0PWV60qqaqvqMrwJmePNw,1796,0,2006,5,11966,True,A0PWV60qqaqvqMrwJmePNw
3410,2018,2,216,Bangkok,13.75416159979447,100.5012703206819,DU8m-C1xFq8j3wVTaBYm0g,418,1,3443,4,11972,True,DU8m-C1xFq8j3wVTaBYm0g
948,2020,8,251,Bangkok,13.72523440226829,100.5627171153755,HYs1X5Ee7pXVoLUK2tTbdQ,926,0,972,8,11975,True,HYs1X5Ee7pXVoLUK2tTbdQ
1847,2018,10,46,Bangkok,13.7353737489339,100.5058242537865,XCiSDPiL2hQl6ZCpny0O8Q,2031,2,4003,1,11976,True,XCiSDPiL2hQl6ZCpny0O8Q
492,2011,12,169,Bangkok,13.72013526278529,100.5398364208618,L44BCf-g7Kc7USN7L2aCcA,2725,0,3477,3,11979,True,L44BCf-g7Kc7USN7L2aCcA
3229,2019,5,341,Bangkok,13.75234059168119,100.4897719661563,O02Jx6y5epI_iAt4gFlktw,2858,0,3857,4,11986,True,O02Jx6y5epI_iAt4gFlktw
3232,2016,8,97,Bangkok,13.75262628784028,100.4986904551364,IE0Ku35pVTdJgtm5-QWzlA,1181,1,4004,1,11996,True,IE0Ku35pVTdJgtm5-QWzlA
2627,2020,9,295,Bangkok,13.74527530331776,100.4977532476182,V9WGFM2fY-6udO9nNTYc3A,2416,0,2865,9,12003,True,V9WGFM2fY-6udO9nNTYc3A
1449,2019,7,420,Bangkok,13.73021142313305,100.5352924933783,pRjSWQGZ-U6pvhtCfhCyuQ,540,0,551,10,12009,True,pRjSWQGZ-U6pvhtCfhCyuQ
4755,2020,9,358,Bangkok,13.7692263293315,100.5367459021371,duudF4fkQprR4hKXigdmig,2169,1,2924,5,12021,True,duudF4fkQprR4hKXigdmig
686,2020,9,446,Bangkok,13.72227180404031,100.5596678588297,maCwhsuLgIvBgbB4JUmOEA,785,0,816,13,12024,True,maCwhsuLgIvBgbB4JUmOEA
796,2017,9,423,Bangkok,13.7241980584229,100.4967065547601,8o7POY42Vk_YStkkSdBHHg,2454,0,2928,7,12036,True,8o7POY42Vk_YStkkSdBHHg
1783,2012,4,386,Bangkok,13.73500731883966,100.5236464246927,hd1wz3dLVKhUkCNUpr3keQ,749,0,777,5,12048,True,hd1wz3dLVKhUkCNUpr3keQ
481,2011,12,513,Bangkok,13.72012475651041,100.5256694489702,6435xmnTEFHMEtv6dDILwg,157,0,157,5,12056,True,6435xmnTEFHMEtv6dDILwg
3344,2019,5,403,Bangkok,13.75330350094213,100.5217356888419,R96gxcc5tWRgOQVBp8UMPw,77,0,77,3,12067,True,R96gxcc5tWRgOQVBp8UMPw
579,2019,5,435,Bangkok,13.72153181112173,100.542615288521,Wirn5S-toRuoQswP6e_Rqw,2879,0,4006,5,12069,True,Wirn5S-toRuoQswP6e_Rqw
4831,2011,12,304,Bangkok,13.77027837371055,100.5347923307324,wwAsa3Jqr5vbjZkoMkjxXg,416,1,2974,3,12072,True,wwAsa3Jqr5vbjZkoMkjxXg
3996,2019,4,198,Bangkok,13.76028003835241,100.5606592876824,VgJKUEIjJfecUuHtavyYUg,1445,0,1558,4,12078,True,VgJKUEIjJfecUuHtavyYUg
4828,2017,6,90,Bangkok,13.77019850247541,100.5267511321343,4nfwvp2OwztVHjKvT1lOqg,407,0,415,10,12079,True,4nfwvp2OwztVHjKvT1lOqg
3578,2016,8,218,Bangkok,13.7560645794116,100.494333078342,jFB59O9jDYEPhN7lMHm8hw,1808,0,2023,8,12083,True,jFB59O9jDYEPhN7lMHm8hw
126,2017,9,446,Bangkok,13.71594830743794,100.5228868475517,pTvVZVQo43k_bOJb7kvsMQ,2198,0,2553,6,12088,True,pTvVZVQo43k_bOJb7kvsMQ
515,2017,6,350,Bangkok,13.72004438645977,100.5597254029737,XNhUI6JAsd8ebFSRH17Xcw,1592,0,1746,9,12111,True,XNhUI6JAsd8ebFSRH17Xcw
1816,2016,11,107,Bangkok,13.73527041915447,100.5570759120386,ynD-1BweBoDdQo3cmxvMjw,1343,0,1441,3,12115,True,ynD-1BweBoDdQo3cmxvMjw
2970,2020,9,197,Bangkok,13.74918569315018,100.4961263532393,wJsrfIl_ixDqGDLpmqap3A,1426,0,1538,7,12119,True,wJsrfIl_ixDqGDLpmqap3A
401,2018,10,233,Bangkok,13.71907953933641,100.5362830681638,pY9f_n3pou2sMyjbiKwx3g,2107,2,4008,1,12120,True,pY9f_n3pou2sMyjbiKwx3g
4353,2019,5,512,Bangkok,13.76526532208693,100.4869770918509,Jl1vaq4xs0clKC0JQX0Beg,2881,0,4009,3,12121,True,Jl1vaq4xs0clKC0JQX0Beg
414,2018,2,233,Bangkok,13.71919882210991,100.5514938182423,efVJFB5aFbGq1xG0rrAi_w,2297,0,2691,6,12137,True,efVJFB5aFbGq1xG0rrAi_w
3671,2019,5,204,Bangkok,13.75715898416182,100.5056081592991,NqVTSieImOYkvr2Ayor5iQ,2423,1,3453,4,12145,True,NqVTSieImOYkvr2Ayor5iQ
685,2017,6,447,Bangkok,13.72213452312028,100.5637949297135,5HwuCoPuYL7KC-K6BTBHyA,2042,0,2338,3,12148,True,5HwuCoPuYL7KC-K6BTBHyA
599,2018,10,671,Bangkok,13.72120451025852,100.5628406669422,z0OZWji8ocQnSVInEKERtA,1241,1,4011,1,12151,True,z0OZWji8ocQnSVInEKERtA
831,2018,2,172,Bangkok,13.72420396622525,100.5336778160533,Yk9AM8yjoeoURI-JrzGZcg,111,1,2107,5,12153,True,Yk9AM8yjoeoURI-JrzGZcg
3503,2020,9,362,Bangkok,13.75522501841635,100.5052272156549,r0d6ixkqXxZzmjBvpF_T4Q,2366,0,2794,3,12165,True,r0d6ixkqXxZzmjBvpF_T4Q
3433,2018,1,177,Bangkok,13.75428837607513,100.526630584895,0SK-Yy4lvr7T7m6x6p0vww,1784,1,4012,1,12168,True,0SK-Yy4lvr7T7m6x6p0vww
4564,2019,4,324,Bangkok,13.7673362099268,100.5246742513675,da9lBr0GSYri0Fho2p56QA,1130,1,2618,3,12173,True,da9lBr0GSYri0Fho2p56QA
53,2016,10,558,Bangkok,13.71516920556168,100.5365825515185,NmFNOy4e5Psx2QkhChpi0Q,17,1,2249,4,12181,True,NmFNOy4e5Psx2QkhChpi0Q
3146,2016,8,110,Bangkok,13.75122811493686,100.4957006778138,NSe6OrifWmABqTofMOuzyA,1766,0,1972,6,12188,True,NSe6OrifWmABqTofMOuzyA
778,2018,3,471,Bangkok,13.72345550219648,100.5655767516882,-wDY164agXY6shX9ZBHJ0w,2005,2,4016,1,12189,True,-wDY164agXY6shX9ZBHJ0w
360,2018,6,31,Bangkok,13.71920330928876,100.4957799706827,GFNNvAU1MLn0GhLnmQmneA,2538,3,4017,2,12190,True,GFNNvAU1MLn0GhLnmQmneA
2366,2020,9,535,Bangkok,13.74249562026854,100.503245120323,L1dmCj_gZRYcpDIhFFrphw,207,0,207,8,12191,True,L1dmCj_gZRYcpDIhFFrphw
618,2020,9,408,Bangkok,13.722705633617,100.4947389310437,xEZHuccxj_w9yDJc2VpOsg,273,1,1340,3,12198,True,xEZHuccxj_w9yDJc2VpOsg
1469,2016,10,280,Bangkok,13.73119925119888,100.5614668019267,cUTILXjB2yAARG3NX9WV5A,2484,1,3117,4,12199,True,cUTILXjB2yAARG3NX9WV5A
4064,2020,8,355,Bangkok,13.76124704251481,100.5506304558947,qbxH82IdFHGvomwvQ_cbjQ,2819,1,4018,1,12200,True,qbxH82IdFHGvomwvQ_cbjQ
2268,2011,9,426,Bangkok,13.74130112113107,100.4856837898346,hW7wgBKDd9juH8XMbzYH4g,1162,1,4019,1,12203,True,hW7wgBKDd9juH8XMbzYH4g
1874,2019,5,694,Bangkok,13.73627105308175,100.5293807801109,vArwaXK22yKhKhOcyHQU1Q,922,0,968,9,12205,True,vArwaXK22yKhKhOcyHQU1Q
2496,2017,11,380,Bangkok,13.74405388527417,100.5428937350255,GmWhU5Uo3Ft0F4KhnhE0LA,914,0,958,11,12211,True,GmWhU5Uo3Ft0F4KhnhE0LA
763,2017,6,325,Bangkok,13.72326162874357,100.5485849653857,TrQpCBRWIMkIclCScQ4LvQ,2084,0,2394,6,12217,True,TrQpCBRWIMkIclCScQ4LvQ
2058,2011,9,425,Bangkok,13.73823940448931,100.5444866688802,odhioKL2OxmZT5iAWkpx4Q,321,0,322,4,12219,True,odhioKL2OxmZT5iAWkpx4Q
2347,2020,8,337,Bangkok,13.74246523757027,100.4846884999212,FvFJHLnUfim-LKzx7mzCNg,377,0,382,6,12220,True,FvFJHLnUfim-LKzx7mzCNg
965,2020,9,71,Bangkok,13.72620752970538,100.4916320389269,hxnE5Qy0trNfRwDu95QC0Q,1685,2,4021,2,12223,True,hxnE5Qy0trNfRwDu95QC0Q
3797,2011,9,300,Bangkok,13.75799946229509,100.5405299777304,9EQAq7xaAXy7VeFTdXUKYg,2691,0,3401,4,12225,True,9EQAq7xaAXy7VeFTdXUKYg
3888,2018,9,409,Bangkok,13.75917998707568,100.5416812215301,Xd_EWFx-n25Fv5XqAd_aSQ,229,1,4022,1,12226,True,Xd_EWFx-n25Fv5XqAd_aSQ
3404,2018,2,680,Bangkok,13.75434333217962,100.4940440602317,3muzmJTa8hkX_oucyZMpOw,1213,0,1295,7,12251,True,3muzmJTa8hkX_oucyZMpOw
4273,2017,11,466,Bangkok,13.76371119888399,100.49575580448,8ZssXmD2O2wAewAZQDhQnQ,1428,1,4023,1,12254,True,8ZssXmD2O2wAewAZQDhQnQ
1842,2020,9,313,Bangkok,13.73639918182493,100.4977950793875,u6h5hKsYMzOp68E71SimYQ,1935,0,2188,5,12255,True,u6h5hKsYMzOp68E71SimYQ
329,2016,10,259,Bangkok,13.71821325855479,100.5515767382091,zAiv90DyrBlH7OJaHl-MUA,2305,1,3011,3,12258,True,zAiv90DyrBlH7OJaHl-MUA
3076,2011,9,501,Bangkok,13.7502002711635,100.511858105086,FtMfUkx4nlmjbmY0jsd5Xg,2410,1,4024,2,12266,True,FtMfUkx4nlmjbmY0jsd5Xg
956,2019,6,477,Bangkok,13.72532749595341,100.5674754262403,NULWCHBTWjmtezMWWqnyEA,451,1,1655,4,12267,True,NULWCHBTWjmtezMWWqnyEA
456,2016,11,322,Bangkok,13.72067355654351,100.5016979862996,QtMM0SNN77Al6-MwKrvMUg,336,0,341,14,12268,True,QtMM0SNN77Al6-MwKrvMUg
3461,2018,9,545,Bangkok,13.75496879273217,100.5538816883892,l9lx0rSnBtfEwjOqSoLP6Q,1469,0,1589,12,12283,True,l9lx0rSnBtfEwjOqSoLP6Q
74,2011,10,469,Bangkok,13.71534275162095,100.5577768959309,JZlbcF_5UYNxoJRvTSwRew,602,0,615,4,12287,True,JZlbcF_5UYNxoJRvTSwRew
4409,2020,9,437,Bangkok,13.76539819677988,100.5433921323469,aQwfGBfyPEJLTOWcoIClWg,2500,0,3013,3,12291,True,aQwfGBfyPEJLTOWcoIClWg
3965,2018,10,344,Bangkok,13.76083620073538,100.5379100992265,uqLnlhyNpnfQtfrvVf2RIQ,1555,1,4027,1,12296,True,uqLnlhyNpnfQtfrvVf2RIQ
473,2016,10,12,Bangkok,13.72025679560903,100.5196449814235,gOnOit9pn8b1onv0pchbKg,2382,0,2818,9,12298,True,gOnOit9pn8b1onv0pchbKg
1580,2018,5,453,Bangkok,13.73309647638752,100.4997498763014,zZryAkeTOAJwvarHMQennQ,2520,1,4028,1,12299,True,zZryAkeTOAJwvarHMQennQ
2863,2017,6,226,Bangkok,13.74726687863035,100.5575399852438,jJYyd-LW9KQJvlrbQ0qbfg,2656,1,4031,2,12307,True,jJYyd-LW9KQJvlrbQ0qbfg
765,2017,6,118,Bangkok,13.72318257652325,100.554700761456,Pa8DSqKph8aW5q_uzPIayw,365,1,4032,2,12311,True,Pa8DSqKph8aW5q_uzPIayw
6,2019,5,559,Bangkok,13.71494589694461,100.489880869908,44bre8SPZrUYdIHCTc1sXg,1863,0,2092,5,12321,True,44bre8SPZrUYdIHCTc1sXg
4372,2017,5,282,Bangkok,13.76516958404532,100.5076361205322,HKhH0IobusL7ae6WzBfjSA,2215,1,4033,1,12332,True,HKhH0IobusL7ae6WzBfjSA
406,2020,8,600,Bangkok,13.71887805847195,100.5408677121916,-pWYVm3ilRvVuRs2u5GzEg,2384,1,4034,1,12333,True,-pWYVm3ilRvVuRs2u5GzEg
3973,2018,9,498,Bangkok,13.76017910343338,100.5447390697548,8UAWKmhGlgn5YeP0MX014A,1436,2,4036,1,12344,True,8UAWKmhGlgn5YeP0MX014A
4399,2018,8,327,Bangkok,13.76475007470344,100.5325517223239,6f-o3vdZ4cZdGKPK0656hw,436,0,444,4,12345,True,6f-o3vdZ4cZdGKPK0656hw
4386,2019,4,419,Bangkok,13.76390912340048,100.5211511859936,DWE4o-J2S_mXckov9gIioQ,1116,0,1179,8,12350,True,DWE4o-J2S_mXckov9gIioQ
3754,2011,9,205,Bangkok,13.75820437585377,100.4948563403823,UJVHR6apgA7qzvMb4wBKVA,2181,0,2526,5,12368,True,UJVHR6apgA7qzvMb4wBKVA
3851,2018,2,222,Bangkok,13.75914595008675,100.506514518596,eWIurYwEMOVoCfXXQGlLKw,1001,0,1053,6,12370,True,eWIurYwEMOVoCfXXQGlLKw
970,2016,11,122,Bangkok,13.72622739060319,100.4957117523464,kGRhG4WayuKQGW4lWY6zTw,8,0,8,4,12371,True,kGRhG4WayuKQGW4lWY6zTw
2883,2016,8,356,Bangkok,13.74800486436946,100.4901143476146,aja7JXSIaUdw2nKKvb15kw,2870,1,4038,1,12379,True,aja7JXSIaUdw2nKKvb15kw
1371,2020,9,58,Bangkok,13.73029011952201,100.5522210024279,_4fEXkyoL_N70-VCcM0Iuw,701,0,725,7,12383,True,_4fEXkyoL_N70-VCcM0Iuw
2340,2016,10,325,Bangkok,13.74111662263584,100.5633891293311,KeiSv6KghDrpFwA_nSV2ng,2037,0,2333,8,12400,True,KeiSv6KghDrpFwA_nSV2ng
4754,2019,4,391,Bangkok,13.76919193373661,100.5407686001793,OWgjdWYxSuGawIrzunweVA,2660,0,3321,10,12404,True,OWgjdWYxSuGawIrzunweVA
3069,2020,8,263,Bangkok,13.75014507641486,100.5050195272597,rW1Lmp0Jom0_oWc5Y24xTQ,1474,3,4039,1,12405,True,rW1Lmp0Jom0_oWc5Y24xTQ
278,2011,9,447,Bangkok,13.7181343928237,100.5008883873159,dUOuA_ceUp2EPRJq-BosxQ,136,0,136,5,12406,True,dUOuA_ceUp2EPRJq-BosxQ
1009,2016,10,239,Bangkok,13.72635218223973,100.5310524310427,pZoei4ZjNLFUbbDlvpnx1A,2065,1,2616,3,12408,True,pZoei4ZjNLFUbbDlvpnx1A
4814,2017,5,62,Bangkok,13.76929929580048,100.5092921723301,PlhPNPpP1eRCUUiJlKe0lw,352,0,357,6,12409,True,PlhPNPpP1eRCUUiJlKe0lw
230,2018,10,645,Bangkok,13.71726888593017,100.5398531568001,lEeXeVPDn9JtsiBuYLiang,1999,1,4041,1,12416,True,lEeXeVPDn9JtsiBuYLiang
3307,2011,9,448,Bangkok,13.7533602648249,100.4862209349793,KwEH0MN2qjIf13_hBFqwjA,1196,3,4042,1,12420,True,KwEH0MN2qjIf13_hBFqwjA
1049,2014,9,366,Bangkok,13.72725625040059,100.4877464663159,9lIiEDpHPOF_0DedvbPJ0w,1321,0,1416,11,12426,True,9lIiEDpHPOF_0DedvbPJ0w
3055,2015,10,235,Bangkok,13.75039905724294,100.4938289555631,P2CYEMpoIqT7Z6a2tFHOcw,146,1,2361,6,12440,True,P2CYEMpoIqT7Z6a2tFHOcw
4697,2017,5,416,Bangkok,13.76924049064954,100.4877207649593,EFjBQDBg3pDYMy_OVn564A,493,1,1784,3,12446,True,EFjBQDBg3pDYMy_OVn564A
2083,2018,10,619,Bangkok,13.73818074045799,100.5647153304598,oN6CuNmpDtrxFnlnwjxDfA,1480,1,3167,4,12454,True,oN6CuNmpDtrxFnlnwjxDfA
1005,2018,9,131,Bangkok,13.72633024107449,100.5359490586639,xKq29ok9jWh-N_A9_1eEyg,2716,0,3463,5,12460,True,xKq29ok9jWh-N_A9_1eEyg
3438,2016,10,360,Bangkok,13.75406780556476,100.5297311317942,0_NkLH8XanElCwXliqPcfw,534,0,544,15,12463,True,0_NkLH8XanElCwXliqPcfw
4693,2020,8,322,Bangkok,13.76816594882779,100.5647483935012,olYJY5uJw72njDoYGqOM3A,2391,1,3141,3,12466,True,olYJY5uJw72njDoYGqOM3A
216,2020,9,431,Bangkok,13.71755679597316,100.5257374616689,mT9YcMqjptVh2rXY-jzztg,44,1,4045,1,12476,True,mT9YcMqjptVh2rXY-jzztg
543,2016,11,258,Bangkok,13.72124219037341,100.4987006225197,85vUOezyswvA0b9kp7d9lw,2885,0,4046,4,12477,True,85vUOezyswvA0b9kp7d9lw
3126,2016,10,108,Bangkok,13.7496317996503,100.566689206452,5FQ2kW7c3c7AEWHVmV6X-w,2502,0,3015,6,12482,True,5FQ2kW7c3c7AEWHVmV6X-w
577,2011,12,292,Bangkok,13.7207404731469,100.539184091186,zUbgcKDjJvBDUf42HT3Adw,2839,1,4048,2,12484,True,zUbgcKDjJvBDUf42HT3Adw
3799,2020,9,707,Bangkok,13.75824786858885,100.5447219813677,VXw7mUwu9fFEtasgkDCU_w,456,0,464,4,12492,True,VXw7mUwu9fFEtasgkDCU_w
1339,2019,6,177,Bangkok,13.73020663969824,100.5183152612779,_EpGJBbxLdDTXziiOhiUEw,2408,0,2851,10,12493,True,_EpGJBbxLdDTXziiOhiUEw
2217,2016,10,278,Bangkok,13.74024834879678,100.5297981300998,Dde4NLWm3AOlRdmbDM6Q7Q,2189,0,2539,10,12495,True,Dde4NLWm3AOlRdmbDM6Q7Q
349,2020,9,447,Bangkok,13.71916855745081,100.4847713965875,zsWQu1hgOrOy_LU87LhhcA,1071,0,1132,11,12513,True,zsWQu1hgOrOy_LU87LhhcA
2346,2017,6,207,Bangkok,13.74147224635433,100.5697391898729,T1A_XDLLozDPCs3D4B-88Q,512,1,4050,1,12514,True,T1A_XDLLozDPCs3D4B-88Q
3805,2019,4,413,Bangkok,13.75826613360557,100.5487871237398,y1dVMpsnyy9-0vSFLB-Cyg,1830,0,2050,8,12518,True,y1dVMpsnyy9-0vSFLB-Cyg
3989,2019,4,441,Bangkok,13.76021302304061,100.5577541498444,vroR1xjsNuW8i09pOLNFHg,2162,0,2504,5,12522,True,vroR1xjsNuW8i09pOLNFHg
1806,2019,10,352,Bangkok,13.73494538295857,100.5496719973377,n2RxkMuNGD_-O1w74SiLAg,209,3,4051,1,12525,True,n2RxkMuNGD_-O1w74SiLAg
1554,2019,9,422,Bangkok,13.7322535400846,100.5596343709664,cjN0Hy538KVTtLk0dtJD3g,2216,0,2582,8,12542,True,cjN0Hy538KVTtLk0dtJD3g
1059,2020,9,160,Bangkok,13.72722500010372,100.4967063930074,mEA2nrrcY3-K2gzvMZ86fA,1352,0,1451,11,12557,True,mEA2nrrcY3-K2gzvMZ86fA
2964,2020,9,366,Bangkok,13.74932798411776,100.4940275973037,kY5S6jduzkIv9AlzReobHQ,224,4,4052,1,12561,True,kY5S6jduzkIv9AlzReobHQ
2836,2011,12,252,Bangkok,13.74719484759104,100.5308139824686,IGJ-gPwazp9e6u8DtNPWfA,793,0,825,14,12564,True,IGJ-gPwazp9e6u8DtNPWfA
3385,2018,2,216,Bangkok,13.75329903555538,100.5667579840282,ZSu70Ida4aTWzVY2SfUexw,2696,0,3413,7,12567,True,ZSu70Ida4aTWzVY2SfUexw
3274,2020,8,517,Bangkok,13.75209604528564,100.537010352844,e5y57aSysI83B6o8QtAgAg,200,1,2245,6,12570,True,e5y57aSysI83B6o8QtAgAg
2861,2016,11,599,Bangkok,13.74719324309993,100.5591026973289,8m4Ic-UMhnvwIBSFU2aOxw,238,2,4053,1,12573,True,8m4Ic-UMhnvwIBSFU2aOxw
4049,2017,9,266,Bangkok,13.76122678985652,100.5267502337359,fvWTsOW9jFpO6oar-mkRZw,303,0,304,13,12576,True,fvWTsOW9jFpO6oar-mkRZw
2382,2017,9,487,Bangkok,13.74227211630302,100.5160531640495,S3MbDGA3c09Oxj4wQq0_Ag,1301,1,4054,2,12586,True,S3MbDGA3c09Oxj4wQq0_Ag
3420,2018,1,153,Bangkok,13.75427710146195,100.51054307188,PR6snX-ps04dFp8iqhXRhA,2740,1,4055,1,12591,True,PR6snX-ps04dFp8iqhXRhA
3993,2011,12,632,Bangkok,13.76022328444604,100.5638510698528,zK2yyscrsnnlPFzAcFOkyw,2886,0,4056,4,12594,True,zK2yyscrsnnlPFzAcFOkyw
3711,2020,9,262,Bangkok,13.75722077784151,100.5437007695846,pg0xcbeA9l1bZPkvEg1EYQ,2827,1,4057,2,12597,True,pg0xcbeA9l1bZPkvEg1EYQ
3042,2020,9,632,Bangkok,13.74928906518312,100.568677549143,v6Hf8gdOSqzllxIkUf6wjg,2887,0,4058,4,12599,True,v6Hf8gdOSqzllxIkUf6wjg
4796,2011,9,281,Bangkok,13.77005983253751,100.4935666948124,R0Noi7Gk1hquRgAr6hPUJg,78,0,78,3,12602,True,R0Noi7Gk1hquRgAr6hPUJg
4517,2017,6,164,Bangkok,13.76616468783407,100.5667114412938,2153-mweAnC4X5bgUnEisg,164,1,1433,4,12618,True,2153-mweAnC4X5bgUnEisg
1077,2018,9,259,Bangkok,13.72727154668437,100.5177530994335,_VEqQtl_IPkcYVzZVUzeIg,1850,0,2076,4,12619,True,_VEqQtl_IPkcYVzZVUzeIg
415,2011,12,405,Bangkok,13.71932178227799,100.5501540390281,xYkqDbAOhQlqKGFzMwZnxQ,1331,2,4061,2,12620,True,xYkqDbAOhQlqKGFzMwZnxQ
881,2017,5,228,Bangkok,13.7249756523522,100.4937861847824,Rjoxkb-uTLpeXJW1q3wcmA,2232,1,3875,4,12626,True,Rjoxkb-uTLpeXJW1q3wcmA
2437,2018,10,382,Bangkok,13.7428939729347,100.48486938404,ISs9Aoqr10rhZdeSeCwQGQ,897,0,939,6,12634,True,ISs9Aoqr10rhZdeSeCwQGQ
526,2019,5,412,Bangkok,13.72146868879138,100.4886483035636,sSpPxRCg_SzDqAjr23VhsA,1041,0,1099,8,12638,True,sSpPxRCg_SzDqAjr23VhsA
474,2017,10,170,Bangkok,13.72036252501257,100.5247191192322,YOtgnDbU9BGLvHiE6uc_sQ,2026,0,2317,13,12661,True,YOtgnDbU9BGLvHiE6uc_sQ
3788,2020,9,356,Bangkok,13.75847971119241,100.5328430353708,-sz8tfibHv6RFvJ45KiiFw,1872,0,2104,14,12671,True,-sz8tfibHv6RFvJ45KiiFw
3886,2019,9,445,Bangkok,13.75926726013535,100.5447016140103,IEp5e17QnuwQE-c3KlNZgg,2099,0,2415,8,12674,True,IEp5e17QnuwQE-c3KlNZgg
2324,2020,8,343,Bangkok,13.74124545748566,100.5518343566086,zaRfStUy5aWazyS27x3AaA,2369,0,2800,6,12676,True,zaRfStUy5aWazyS27x3AaA
2959,2019,9,431,Bangkok,13.74922324632076,100.4838813025872,qzVQBTLO9iFMtvUmuH1-jw,560,1,1692,11,12679,True,qzVQBTLO9iFMtvUmuH1-jw
1517,2017,10,409,Bangkok,13.73210382575661,100.5267400629136,FiD5T26L78WvXU4U2FDDSA,2085,2,4065,1,12688,True,FiD5T26L78WvXU4U2FDDSA
162,2018,10,288,Bangkok,13.71618886957022,100.5583193515566,WZj-yfNsLLJ6J-ZvFIbEHw,1012,0,1065,8,12691,True,WZj-yfNsLLJ6J-ZvFIbEHw
3656,2014,9,26,Bangkok,13.75715161722581,100.4832917615931,WA2vVTP4TQVGuo83OPH2lQ,1992,0,2267,7,12692,True,WA2vVTP4TQVGuo83OPH2lQ
2228,2016,11,374,Bangkok,13.73999096262719,100.5394524161831,08sz30vMic9DdxCVbdr8Og,1387,1,1916,12,12695,True,08sz30vMic9DdxCVbdr8Og
3855,2020,8,415,Bangkok,13.75928253447709,100.5075603431807,6Ap9C1eAULnIDvT2-1Jn5g,2077,0,2383,7,12698,True,6Ap9C1eAULnIDvT2-1Jn5g
558,2018,9,470,Bangkok,13.72165788867199,100.52083950955,PZE1kJPw3BnTxq4HB4SHFQ,443,1,4066,1,12702,True,PZE1kJPw3BnTxq4HB4SHFQ
3049,2011,9,419,Bangkok,13.75049001840085,100.4895632284398,8qsogTVO9cwXDGqCc_LF4g,1209,4,3395,5,12703,True,8qsogTVO9cwXDGqCc_LF4g
4302,2014,9,231,Bangkok,13.76414131788784,100.5206448453439,ZjaRzPdt_fBnLiC3t7QDhw,2403,0,2845,7,12706,True,ZjaRzPdt_fBnLiC3t7QDhw
392,2017,6,276,Bangkok,13.71912148364504,100.5276181724988,S6um1L5NEVk9qTDDO1Wb3w,1708,1,2269,5,12712,True,S6um1L5NEVk9qTDDO1Wb3w
568,2011,12,193,Bangkok,13.72097398575337,100.5268066930875,XRBLkRX0KzdAEukXiUsFIw,898,0,940,9,12718,True,XRBLkRX0KzdAEukXiUsFIw
4347,2018,2,149,Bangkok,13.76425984847559,100.5647462377186,-vXgk_nb4V9vfzgUMEZq7w,2889,0,4067,1,12730,True,-vXgk_nb4V9vfzgUMEZq7w
2173,2018,10,549,Bangkok,13.73920394589792,100.5677539446173,kHeawEbmcdY5QGk_6eRmBQ,2340,1,3757,4,12750,True,kHeawEbmcdY5QGk_6eRmBQ
603,2017,6,401,Bangkok,13.72114510736158,100.5607645669155,Uqq0SUV2VK18F0Mmi5xbTw,2752,1,4070,1,12752,True,Uqq0SUV2VK18F0Mmi5xbTw
83,2018,10,622,Bangkok,13.71563019177583,100.5657339156809,qvUprqubq_ylV1LJHG9gKQ,2856,0,3846,6,12753,True,qvUprqubq_ylV1LJHG9gKQ
12,2016,11,346,Bangkok,13.71506672795361,100.4962082108983,lfYcCTDgwiVUTccV6Pky0w,222,0,223,3,12758,True,lfYcCTDgwiVUTccV6Pky0w
3205,2018,9,309,Bangkok,13.75073886772747,100.5615599600285,0zKZ2tbHKCHzvB2lBPzXtQ,366,0,371,6,12764,True,0zKZ2tbHKCHzvB2lBPzXtQ
4456,2019,4,348,Bangkok,13.76606357766073,100.4970099703835,HKvPaCA6t8nJMGtR9zISbg,2586,1,4072,1,12774,True,HKvPaCA6t8nJMGtR9zISbg
4516,2019,5,352,Bangkok,13.76620043192379,100.5597714334322,FjFRuHg-UUKeVHltV0zDKQ,2514,0,3035,4,12776,True,FjFRuHg-UUKeVHltV0zDKQ
4311,2019,4,193,Bangkok,13.76451713370006,100.5308563496591,BOPHgpuyZth6FVmLU_CTHg,2067,1,3385,3,12780,True,BOPHgpuyZth6FVmLU_CTHg
2757,2018,9,489,Bangkok,13.74622250483883,100.5498953935985,KVZhnyVPclFcZ0H7rnS9lg,2266,0,2648,4,12781,True,KVZhnyVPclFcZ0H7rnS9lg
1078,2019,6,454,Bangkok,13.727285185733,100.5218297188417,yZkro0uiJU1V0jGTOr3law,2799,1,4073,2,12785,True,yZkro0uiJU1V0jGTOr3law
1041,2017,11,437,Bangkok,13.72635362337157,100.5637480609734,PxQcZOBye-9zP0z0PwD7Cw,568,0,579,7,12793,True,PxQcZOBye-9zP0z0PwD7Cw
845,2020,8,491,Bangkok,13.72388778318559,100.5480923232674,bsZE3-I7Y_SIJtrPMwiDoQ,2209,0,2570,8,12806,True,bsZE3-I7Y_SIJtrPMwiDoQ
3114,2018,1,324,Bangkok,13.74994406239833,100.5517197630529,OM0aC5o5EmQMb2-msZroqg,2219,0,2585,12,12808,True,OM0aC5o5EmQMb2-msZroqg
3503,2019,8,319,Bangkok,13.75521333463905,100.5052140209388,9cHt0WTzdwYUiCOc6K-2tQ,2366,1,4075,1,12809,True,9cHt0WTzdwYUiCOc6K-2tQ
3687,2018,1,477,Bangkok,13.75695622790851,100.5197506914322,ib4MQgimtINTCz8zo8PO_A,1413,0,1523,18,12812,True,ib4MQgimtINTCz8zo8PO_A
3057,2018,2,215,Bangkok,13.75013443453226,100.4980120192124,Df-gEniOTlEeGrtOKLOWew,1083,0,1144,8,12814,True,Df-gEniOTlEeGrtOKLOWew
4143,2011,9,225,Bangkok,13.76259817951846,100.5349367684058,V0VD9Ol1qK7nlLChY7abog,2551,0,3105,5,12817,True,V0VD9Ol1qK7nlLChY7abog
37,2016,10,332,Bangkok,13.71548423571961,100.5208160448503,n-BsiNbn5euFiM6tcPfK2g,572,0,583,7,12822,True,n-BsiNbn5euFiM6tcPfK2g
1800,2020,8,581,Bangkok,13.73533846745011,100.5423928007275,vVhgjOXzDYE_x0FUWZFOCw,1897,0,2133,13,12823,True,vVhgjOXzDYE_x0FUWZFOCw
3520,2018,2,429,Bangkok,13.75524533913499,100.5246256452516,LNlqsSQEyJk-tqxVVhEk3Q,1091,0,1152,3,12828,True,LNlqsSQEyJk-tqxVVhEk3Q
2638,2019,6,294,Bangkok,13.74489062487466,100.512583376389,C0XnpLasTCwyppvYbn1wQQ,2671,0,3349,4,12830,True,C0XnpLasTCwyppvYbn1wQQ
1488,2019,5,628,Bangkok,13.73239989638495,100.4946773129224,IPFeIAUhdzPNj4-GJ5UiIg,889,0,931,5,12833,True,IPFeIAUhdzPNj4-GJ5UiIg
278,2018,10,240,Bangkok,13.71811230837498,100.5008702658748,9PnxdGiJgiOf7GSg5pyMJg,136,2,4076,1,12834,True,9PnxdGiJgiOf7GSg5pyMJg
496,2020,8,312,Bangkok,13.7199707604911,100.5450770866253,IusYV5Cd7Uy6uz_m2c8BLg,1653,1,4077,1,12835,True,IusYV5Cd7Uy6uz_m2c8BLg
3406,2020,9,328,Bangkok,13.75422463476768,100.4958708832703,44u1g_eb_kx4X90nTxNqPQ,1285,0,1376,8,12838,True,44u1g_eb_kx4X90nTxNqPQ
3209,2020,9,433,Bangkok,13.75141113718832,100.557796445887,H66M2ZqU8CCIYQKhrk6ixQ,1262,0,1349,8,12847,True,H66M2ZqU8CCIYQKhrk6ixQ
2535,2018,9,385,Bangkok,13.74423905100142,100.4967804943859,K9iQPQ8Hiy0vOT7GxK-b5Q,2195,1,2860,4,12850,True,K9iQPQ8Hiy0vOT7GxK-b5Q
960,2017,9,568,Bangkok,13.72625343062499,100.4887750501307,ykkZ-H9owds3BTpV4NW3CA,2409,2,4078,2,12854,True,ykkZ-H9owds3BTpV4NW3CA
2799,2020,9,403,Bangkok,13.74699432986365,100.502735152461,I3wVaBS0F8Gl6sViyuxysg,389,0,395,5,12858,True,I3wVaBS0F8Gl6sViyuxysg
56,2020,8,258,Bangkok,13.71504116698886,100.5393844348169,p3e9Cinp1pPIsptRmKYENw,1104,0,1166,9,12860,True,p3e9Cinp1pPIsptRmKYENw
4452,2018,3,376,Bangkok,13.76653885531272,100.4990382691805,wYlgjaOSzEtEnxyjoFji-w,2599,1,4079,1,12862,True,wYlgjaOSzEtEnxyjoFji-w
3624,2018,7,384,Bangkok,13.75628543037954,100.5407583035078,RHYHnqGI50iVr0cYZTvVYQ,2101,0,2418,10,12863,True,RHYHnqGI50iVr0cYZTvVYQ
2346,2019,9,377,Bangkok,13.74146114099863,100.569726466379,LXwWmuVL3s4hDRz7Zq5HLA,512,2,4080,1,12864,True,LXwWmuVL3s4hDRz7Zq5HLA
4591,2011,12,226,Bangkok,13.76722820937914,100.555728761676,_Cfy17_QB4xRvr5udKsAMA,2051,1,4081,2,12866,True,_Cfy17_QB4xRvr5udKsAMA
4604,2020,8,427,Bangkok,13.76719747119534,100.5667376739683,u8qBFB0D3Zy-zkz_OQgO4g,2705,1,4082,3,12874,True,u8qBFB0D3Zy-zkz_OQgO4g
2442,2018,9,485,Bangkok,13.74317769951964,100.4866547702878,X50BcECARzS_5wVYD5Chgw,2157,1,4083,2,12875,True,X50BcECARzS_5wVYD5Chgw
2898,2017,6,254,Bangkok,13.74833709823445,100.5127274446957,ncN8QvVjfnjcDuYZpS1qkw,2387,1,3534,3,12879,True,ncN8QvVjfnjcDuYZpS1qkw
4720,2018,9,365,Bangkok,13.76935082807689,100.5087773938602,_qvYVQBpL9TW1SNes-TgGw,384,0,389,6,12887,True,_qvYVQBpL9TW1SNes-TgGw
3068,2018,9,345,Bangkok,13.75030539098977,100.5027502144327,EiFck-4VyQM2tYCMlsyqww,2465,0,2945,6,12892,True,EiFck-4VyQM2tYCMlsyqww
1733,2016,10,376,Bangkok,13.73411136941854,100.5646718695376,_CFHdjxNbAhQgPjI7oPBRw,1046,0,1104,12,12903,True,_CFHdjxNbAhQgPjI7oPBRw
781,2017,6,446,Bangkok,13.72326372085415,100.5695905776678,f7m7EAZJG6vPZ-yWhwm6hA,2632,1,4085,2,12905,True,f7m7EAZJG6vPZ-yWhwm6hA
2978,2018,1,418,Bangkok,13.74920201324785,100.5047449883967,sIA6RydlbS5GZj2YBZhoNg,2639,1,3300,4,12915,True,sIA6RydlbS5GZj2YBZhoNg
3319,2018,9,273,Bangkok,13.75322007628832,100.4957281924507,mKVQ75uSLNOpRuZIgtcPrg,773,2,4087,2,12916,True,mKVQ75uSLNOpRuZIgtcPrg
4267,2017,11,527,Bangkok,13.76425702055141,100.4887114150641,5d8DI0D-7uAjEMI97Cnj7g,2891,0,4088,2,12927,True,5d8DI0D-7uAjEMI97Cnj7g
230,2011,12,390,Bangkok,13.71726578505558,100.5398190026032,t_BdrlpZF5i8xi-CDL2vFw,1999,0,2278,3,12929,True,t_BdrlpZF5i8xi-CDL2vFw
470,2011,9,182,Bangkok,13.72075124021894,100.5170335243919,1EkAUB9qkOlz-PCQ9hcCYQ,494,0,504,8,12930,True,1EkAUB9qkOlz-PCQ9hcCYQ
4800,2011,9,521,Bangkok,13.77076132874597,100.5022658634288,BHBgRINSi1wDmuamspvDjw,2627,1,3369,4,12931,True,BHBgRINSi1wDmuamspvDjw
3913,2017,8,526,Bangkok,13.76033998338246,100.4837820894279,WkXljySVFMG2pp7JZALIJw,635,0,649,5,12932,True,WkXljySVFMG2pp7JZALIJw
388,2020,9,585,Bangkok,13.71969520029071,100.5234572821621,3_Vl-yv9MPJzSff5HZIBoA,2126,0,2448,13,12942,True,3_Vl-yv9MPJzSff5HZIBoA
1069,2020,9,410,Bangkok,13.72731662554978,100.5086997280925,9ZjglAyPRQUtJBoRvzdc3Q,518,1,4089,1,12946,True,9ZjglAyPRQUtJBoRvzdc3Q
3118,2020,9,529,Bangkok,13.74956503281259,100.5576283465046,WDsnU40flIjOFA6xP17ttw,1353,2,4091,2,12949,True,WDsnU40flIjOFA6xP17ttw
1798,2019,5,352,Bangkok,13.73521433358247,100.5460342764506,KRtsBS9ixxq3oOvNn9db7A,2518,0,3039,11,12954,True,KRtsBS9ixxq3oOvNn9db7A
754,2018,10,454,Bangkok,13.72360234273781,100.5443868218978,dgpYCxnlxlwaEE5v-ZNrVQ,1423,1,1795,3,12955,True,dgpYCxnlxlwaEE5v-ZNrVQ
3023,2020,8,467,Bangkok,13.74949748276779,100.5436713861311,4Ag2-Kyuc8lmED8OIhNhHg,1771,1,4093,1,12964,True,4Ag2-Kyuc8lmED8OIhNhHg
666,2018,10,349,Bangkok,13.72197604208901,100.5438374241682,O1DZL_WyON93CnzOnmVo6w,620,1,2943,4,12965,True,O1DZL_WyON93CnzOnmVo6w
1689,2017,6,242,Bangkok,13.73424058071084,100.5179615500894,dhUgJAo1accTYm_aTvNF9A,2512,0,3033,7,12967,True,dhUgJAo1accTYm_aTvNF9A
4807,2020,8,568,Bangkok,13.76995787739752,100.5040575811521,jF4Yp2kO16PRQ1ODIM0MhQ,2603,0,3209,7,12971,True,jF4Yp2kO16PRQ1ODIM0MhQ
870,2017,6,485,Bangkok,13.72412841296057,100.5699191006549,ucl7ieAGmc-F2XksyQjgtA,2893,0,4094,2,12973,True,ucl7ieAGmc-F2XksyQjgtA
4064,2011,12,535,Bangkok,13.76122393290432,100.5506204114481,ZFA1Yg3fYRWGYNKeqpeWiA,2819,0,3750,5,12978,True,ZFA1Yg3fYRWGYNKeqpeWiA
4575,2014,9,343,Bangkok,13.76769729295334,100.5319186609821,K08nhKKpfhhBhmfjKuhWJw,1080,0,1141,13,12980,True,K08nhKKpfhhBhmfjKuhWJw
4032,2020,8,455,Bangkok,13.76141036546688,100.5124673081436,vfQgX-JAHLkYZVY0dMrBsQ,1666,0,1844,4,12990,True,vfQgX-JAHLkYZVY0dMrBsQ
2321,2017,6,260,Bangkok,13.74120883119669,100.5396325970732,FYP6qIDzVjqd3j7ZXZELDw,364,0,369,11,13006,True,FYP6qIDzVjqd3j7ZXZELDw
2827,2018,1,568,Bangkok,13.74720662762381,100.5295839292352,-AsOyTlluse51b9xjvsnJg,117,0,117,9,13012,True,-AsOyTlluse51b9xjvsnJg
3623,2017,6,429,Bangkok,13.75653111153129,100.539743271672,GaLHzxgKMwBrdC0hS7YOXg,488,0,498,12,13014,True,GaLHzxgKMwBrdC0hS7YOXg
318,2018,10,552,Bangkok,13.71840818647381,100.5407996116161,Y3LH-apDy9PT3yXR3HXAUQ,1586,1,4096,2,13025,True,Y3LH-apDy9PT3yXR3HXAUQ
3441,2017,11,574,Bangkok,13.75434004045265,100.5325008891978,csytq5ZcFISC3-Ie4N1Xdw,218,0,218,12,13031,True,csytq5ZcFISC3-Ie4N1Xdw
2116,2018,2,316,Bangkok,13.73923822630188,100.510690780902,5l2G7AvV2iB4bYAc_QG-yw,1416,1,4097,1,13037,True,5l2G7AvV2iB4bYAc_QG-yw
2145,2019,5,696,Bangkok,13.73922905164294,100.5394952479487,aGeIGg1bkVAPqdii8GHZMg,2459,0,2936,10,13042,True,aGeIGg1bkVAPqdii8GHZMg
1139,2019,5,407,Bangkok,13.72827596166731,100.4936654831186,olriZvpkOpKEw8Rh5rIbzw,2081,0,2390,11,13043,True,olriZvpkOpKEw8Rh5rIbzw
4395,2017,11,287,Bangkok,13.76475628888416,100.5268331463762,gEcvOdMRaIL6aaNMchPVtg,2304,0,2701,9,13044,True,gEcvOdMRaIL6aaNMchPVtg
167,2018,10,477,Bangkok,13.71617951432953,100.5638714227662,pzg21qQ4Ol3WXG2kdVWr4A,2677,1,3404,3,13046,True,pzg21qQ4Ol3WXG2kdVWr4A
581,2019,5,315,Bangkok,13.72172633480584,100.5454766988435,l9sdjWn67To6xYpht13Rzw,2016,0,2305,6,13054,True,l9sdjWn67To6xYpht13Rzw
1678,2016,11,402,Bangkok,13.73440816324599,100.5075224167861,s96vIy-EGQh9Z6WL0YYPjQ,2218,1,4098,4,13055,True,s96vIy-EGQh9Z6WL0YYPjQ
477,2020,9,463,Bangkok,13.7202559735179,100.5276730507326,LbvlHBS5YA2vdWW5gn5_Kw,2178,1,4099,1,13057,True,LbvlHBS5YA2vdWW5gn5_Kw
2354,2018,9,395,Bangkok,13.74210866038692,100.4855186301474,gA3LsmyIMMAz47UFiqwtuQ,988,0,1040,3,13058,True,gA3LsmyIMMAz47UFiqwtuQ
492,2016,10,343,Bangkok,13.7201246311663,100.5398333579796,pQl8a0zUSiiDTfYeOl6Yyg,2725,1,4100,1,13068,True,pQl8a0zUSiiDTfYeOl6Yyg
1801,2020,8,303,Bangkok,13.73513760242522,100.5411371865752,vNdqSnGSVjy1AfoKVD-chg,1616,0,1776,6,13069,True,vNdqSnGSVjy1AfoKVD-chg
2505,2020,8,501,Bangkok,13.74327085852813,100.5566402990086,LkHpnhNaxIeL0L2H4sg1kQ,938,0,985,4,13072,True,LkHpnhNaxIeL0L2H4sg1kQ
742,2019,8,292,Bangkok,13.72313579105966,100.5258039665856,GmK3537UJzx-HcY8DI9CMw,1931,1,2286,4,13074,True,GmK3537UJzx-HcY8DI9CMw
2258,2017,5,280,Bangkok,13.74111257306457,100.4834933816269,ag_1DiHPm8dkdfhRg6a-6g,505,0,515,11,13075,True,ag_1DiHPm8dkdfhRg6a-6g
37,2017,6,312,Bangkok,13.71549670802221,100.5208057902627,vfUSqpzfT2g8ji1hjnsLCQ,572,1,4101,1,13079,True,vfUSqpzfT2g8ji1hjnsLCQ
1100,2017,10,343,Bangkok,13.72728002545712,100.5381652342674,53cTbfBe0u2OgutCu3Rntw,2840,0,3795,4,13087,True,53cTbfBe0u2OgutCu3Rntw
4311,2020,9,372,Bangkok,13.76449839622139,100.5308528052611,Em-ZlQJh4h2LY8YHjKmCUw,2067,0,2368,5,13097,True,Em-ZlQJh4h2LY8YHjKmCUw
3403,2018,2,343,Bangkok,13.75443013503131,100.4918756375398,vBsbOhPPJg5v3FwfGJf3Aw,547,0,558,6,13103,True,vBsbOhPPJg5v3FwfGJf3Aw
1131,2020,9,118,Bangkok,13.72806676344052,100.4875668329789,cjYkg_yrno5OIZ5Rp9ezEg,14,0,14,8,13104,True,cjYkg_yrno5OIZ5Rp9ezEg
603,2016,10,564,Bangkok,13.72114099119111,100.5607178297642,G64D7_MZxOgKFOPtu1_GMA,2752,0,3553,3,13106,True,G64D7_MZxOgKFOPtu1_GMA
1716,2011,9,199,Bangkok,13.73420814580471,100.5446792835518,w98LyDuV0DqGTskUhu-j0Q,645,0,663,11,13123,True,w98LyDuV0DqGTskUhu-j0Q
1583,2018,5,600,Bangkok,13.73318995062448,100.5007723135756,4-_ElN6H9JLYBsFE18n2hw,1596,1,4102,1,13129,True,4-_ElN6H9JLYBsFE18n2hw
1862,2018,9,269,Bangkok,13.73618855074506,100.5145105054082,N6_S1R0x4qwiSdMpYPpQEw,1245,0,1330,3,13132,True,N6_S1R0x4qwiSdMpYPpQEw
4199,2014,9,473,Bangkok,13.7627962429027,100.508772201567,-CAUQ90my174nfFOF17UYw,1319,0,1414,8,13134,True,-CAUQ90my174nfFOF17UYw
3178,2019,6,580,Bangkok,13.7512761972805,100.534740901778,j4fFIn3wlp3leT_jmPKJHA,2530,0,3062,4,13140,True,j4fFIn3wlp3leT_jmPKJHA
4301,2020,8,494,Bangkok,13.76413947236235,100.5238707601604,8hw6MBAzzrIzeEdxeIvERg,1336,0,1434,7,13153,True,8hw6MBAzzrIzeEdxeIvERg
4467,2011,9,681,Bangkok,13.76624429725254,100.5125330958677,k0w2N5qtq809supcB2WYvw,2801,1,4103,2,13155,True,k0w2N5qtq809supcB2WYvw
230,2019,5,570,Bangkok,13.71727642515499,100.5397738926789,60GTipUukQYFjBh9NX_SPA,1999,2,4104,2,13156,True,60GTipUukQYFjBh9NX_SPA
4353,2018,2,334,Bangkok,13.76524978448791,100.4869808380569,MZ0OufvPWjZg_HMwVOzxSA,2881,1,4105,3,13162,True,MZ0OufvPWjZg_HMwVOzxSA
1028,2011,12,131,Bangkok,13.72614159479319,100.5526802579696,dQ1Hm_puRjp5AZQViTQCgw,37,1,336,10,13166,True,dQ1Hm_puRjp5AZQViTQCgw
405,2020,8,228,Bangkok,13.71920486403299,100.5416811227742,u89cwaBJbuNYF5jeSuOdQg,2787,1,4107,1,13172,True,u89cwaBJbuNYF5jeSuOdQg
367,2019,8,59,Bangkok,13.71904408342397,100.5025861095214,CyG9s8imlZuW4mqM-6_-3g,1371,0,1472,4,13174,True,CyG9s8imlZuW4mqM-6_-3g
1979,2019,5,255,Bangkok,13.73717176921435,100.5497595347166,Y06QxtoQd0sZA0LxbNdRjA,183,1,3527,3,13179,True,Y06QxtoQd0sZA0LxbNdRjA
1065,2018,6,346,Bangkok,13.72720397836432,100.5090465961572,HLHN5FwW5QsdsEs-GFNSHw,2436,1,3772,4,13187,True,HLHN5FwW5QsdsEs-GFNSHw
3642,2018,9,476,Bangkok,13.7563025054145,100.5533869664437,bbDuiAe3UnJfQyZP3r2niw,2287,0,2678,6,13206,True,bbDuiAe3UnJfQyZP3r2niw
3283,2018,9,374,Bangkok,13.75206089269572,100.5446959536668,1YnlvHcjxYuVOaTCIjao7g,594,0,606,3,13212,True,1YnlvHcjxYuVOaTCIjao7g
2256,2019,9,388,Bangkok,13.7401525140254,100.5637452401682,xSywUXs5cdRMkmpj7glLDA,116,1,4108,1,13214,True,xSywUXs5cdRMkmpj7glLDA
974,2018,10,112,Bangkok,13.72617045197066,100.4986920109709,pK-IeVY0BP0ilKsLhM6MQw,1017,0,1070,9,13218,True,pK-IeVY0BP0ilKsLhM6MQw
712,2017,9,517,Bangkok,13.72317278076205,100.5000640333878,petw-5Qxp71ChG9wtCtBwg,353,1,4109,2,13229,True,petw-5Qxp71ChG9wtCtBwg
4642,2018,9,555,Bangkok,13.76802556103225,100.5160774001766,1XmuebTjyl5zLtVHsdpaLA,1722,0,1913,5,13243,True,1XmuebTjyl5zLtVHsdpaLA
624,2016,11,543,Bangkok,13.72212819547273,100.5017174877695,G0eoGSXOJP49PdYjpUwBvA,2424,1,3785,4,13248,True,G0eoGSXOJP49PdYjpUwBvA
4244,2017,6,419,Bangkok,13.76424153316372,100.552730065628,d-a6Yj8XK8dd0I9-ufbOoQ,1516,2,4111,1,13250,True,d-a6Yj8XK8dd0I9-ufbOoQ
763,2017,11,503,Bangkok,13.72325978778302,100.5485994066341,L8dUkMN6-tl5Zu2fYh3BYA,2084,1,4112,1,13253,True,L8dUkMN6-tl5Zu2fYh3BYA
3948,2018,9,208,Bangkok,13.76000857901675,100.5175554473103,9Go8vAELCiyoxlbnN-VZjA,1388,0,1489,10,13259,True,9Go8vAELCiyoxlbnN-VZjA
3912,2017,6,362,Bangkok,13.75931347650985,100.5687460772865,VB9PqHQemTJr271zJ6Z2-Q,2689,1,4113,1,13270,True,VB9PqHQemTJr271zJ6Z2-Q
4043,2018,10,337,Bangkok,13.76141062895656,100.5217609543126,f3Yf_nB4bZR0pvCXJa0bSQ,726,0,752,4,13288,True,f3Yf_nB4bZR0pvCXJa0bSQ
1240,2011,9,324,Bangkok,13.72927332485592,100.5068294341816,_mO3e7H50Q2IVAuwuESaOQ,2872,1,4063,7,13289,True,_mO3e7H50Q2IVAuwuESaOQ
1167,2017,10,83,Bangkok,13.72819749017333,100.5217661624625,-BuVymPa2mTHMw0egTavBg,485,1,4114,1,13292,True,-BuVymPa2mTHMw0egTavBg
3900,2011,12,341,Bangkok,13.75903500041683,100.5556168787883,OA4N3GyJjqIr-8nl1auVwQ,827,0,864,3,13300,True,OA4N3GyJjqIr-8nl1auVwQ
3993,2019,4,460,Bangkok,13.76021848613224,100.5638483694718,T2vdPwbTJvzcBDltTl95pA,2886,1,4116,2,13308,True,T2vdPwbTJvzcBDltTl95pA
3448,2016,11,183,Bangkok,13.75420909248342,100.537755066947,3wQTrVkCVk72NbrrGXhEUw,1506,1,2763,5,13311,True,3wQTrVkCVk72NbrrGXhEUw
3636,2019,5,307,Bangkok,13.75642278358886,100.5497593690949,DXMWieBULKRo0Hqyn6zV0Q,2014,0,2303,10,13313,True,DXMWieBULKRo0Hqyn6zV0Q
451,2019,5,311,Bangkok,13.72004477137894,100.4997289062761,kYYbhaZFko2xrbZugSAZbQ,1925,0,2170,4,13338,True,kYYbhaZFko2xrbZugSAZbQ
3837,2019,10,469,Bangkok,13.75950900696198,100.4959322281308,CAoSLEFGMVFpcE9DUDZKbi1vX3YzZG0tWFc4cldLTFhHN2c5d2t4NzdQTEhjV1l4,556,1,4117,1,13342,True,CAoSLEFGMVFpcE9DUDZKbi1vX3YzZG0tWFc4cldLTFhHN2c5d2t4NzdQTEhjV1l4
2013,2011,9,107,Bangkok,13.73821728415221,100.4977468874585,bxIh5TV8xmhwPm0PjEvCjw,1158,0,1229,5,13344,True,bxIh5TV8xmhwPm0PjEvCjw
4684,2018,9,182,Bangkok,13.7681475188084,100.5600741043785,CT55pDD_5FwGIzcaX-dr2Q,121,3,4118,1,13346,True,CT55pDD_5FwGIzcaX-dr2Q
761,2018,10,309,Bangkok,13.72322817166372,100.5445761050628,NPei8BrMwLABFCwQO4kMiQ,1322,1,4119,2,13347,True,NPei8BrMwLABFCwQO4kMiQ
1508,2019,8,258,Bangkok,13.73210167108069,100.5135310297098,Y5-2e3qY1U-M51Lbbz5erQ,1311,2,2636,6,13353,True,Y5-2e3qY1U-M51Lbbz5erQ
3784,2018,10,449,Bangkok,13.75778328620898,100.5286169906269,P2Kd-wKNaM7nxOVleghLeA,1820,5,4120,1,13358,True,P2Kd-wKNaM7nxOVleghLeA
2244,2017,6,281,Bangkok,13.74026241165891,100.5530239798874,XCttRx1KgTpXP1XJVs9lRg,114,1,4121,4,13359,True,XCttRx1KgTpXP1XJVs9lRg
4323,2020,9,451,Bangkok,13.7641887663501,100.5397856721766,OKiOpYrpPfVmg9rrLcX1Iw,2057,0,2355,7,13368,True,OKiOpYrpPfVmg9rrLcX1Iw
2425,2016,11,411,Bangkok,13.74249647716566,100.5617961727261,BFatsj0I_vTcNE2vr2-Kww,2476,1,3939,3,13377,True,BFatsj0I_vTcNE2vr2-Kww
4836,2018,10,133,Bangkok,13.77093031889379,100.5331919434411,BQJnMViA56yAh4elynWTPQ,671,1,3489,3,13381,True,BQJnMViA56yAh4elynWTPQ
3124,2018,10,350,Bangkok,13.74986414076595,100.5656433907476,-L21LkN16MMLcVhEG3wIjA,910,0,954,5,13385,True,-L21LkN16MMLcVhEG3wIjA
2550,2014,9,375,Bangkok,13.74430006663291,100.5046195061278,ZrODW2q6cDiAWpzPMPoIHw,2888,0,4064,4,13391,True,ZrODW2q6cDiAWpzPMPoIHw
4352,2018,2,332,Bangkok,13.76526705621995,100.4887503554733,fGhnc6qtAsrk_rJyjUZezA,2138,0,2467,8,13401,True,fGhnc6qtAsrk_rJyjUZezA
4824,2020,8,270,Bangkok,13.77158701566914,100.5233802212124,O23dPAL6hNN4RRDqjKXaCQ,496,0,506,10,13405,True,O23dPAL6hNN4RRDqjKXaCQ
327,2018,2,602,Bangkok,13.71867106710095,100.5499414363442,mS5Fy5PzIcA8ed95p3I3Ow,483,1,4122,1,13413,True,mS5Fy5PzIcA8ed95p3I3Ow
4065,2017,6,636,Bangkok,13.76119995448271,100.5487122900072,keO6UcQvsEJ6_yZeuYGFvg,2385,2,4123,2,13425,True,keO6UcQvsEJ6_yZeuYGFvg
141,2018,10,366,Bangkok,13.71623396003367,100.5378112001012,deN74UwOD79U9twzIPcxXw,2762,1,4013,3,13428,True,deN74UwOD79U9twzIPcxXw
4007,2016,8,138,Bangkok,13.76203760206784,100.4907424123979,sR0O3iGUL8rHhFxeQO92Fw,1949,1,4125,1,13441,True,sR0O3iGUL8rHhFxeQO92Fw
674,2020,8,120,Bangkok,13.72195701467905,100.5453272813857,Y94cmf1ifHfrHS2xguDkzg,791,1,1109,6,13460,True,Y94cmf1ifHfrHS2xguDkzg
4701,2019,2,235,Bangkok,13.76921805564848,100.4857344936951,ZlsFwrsVllQDtnu87zFiFg,1235,0,1320,11,13482,True,ZlsFwrsVllQDtnu87zFiFg
4410,2016,9,239,Bangkok,13.76530991122917,100.5376547043967,dRFjipllsNAEP5KFjs6SCw,1131,0,1197,12,13485,True,dRFjipllsNAEP5KFjs6SCw
1494,2018,10,318,Bangkok,13.73219440014285,100.4996593179969,5S-gS57YaKtXW6Qx8zUrbg,251,0,252,7,13489,True,5S-gS57YaKtXW6Qx8zUrbg
3391,2011,12,427,Bangkok,13.75309795789695,100.5687219356937,ENQHVZH7BHHnt1GQnSHeYQ,629,0,643,8,13493,True,ENQHVZH7BHHnt1GQnSHeYQ
4135,2020,8,99,Bangkok,13.76085371880718,100.5280878321153,8Qr1szBs38n6-R8pcKPmYg,1568,0,1713,7,13495,True,8Qr1szBs38n6-R8pcKPmYg
1898,2017,6,196,Bangkok,13.73601492769814,100.5537309815076,hOPnMS54Nj2Gggz5tOC20g,2685,1,4126,3,13497,True,hOPnMS54Nj2Gggz5tOC20g
2512,2011,12,461,Bangkok,13.74270016028957,100.560462221654,uoSNhI9hpYhz3qhgr6feGw,298,3,4127,1,13501,True,uoSNhI9hpYhz3qhgr6feGw
432,2014,9,86,Bangkok,13.71920361478233,100.5667551126258,yVqqBEED-QUOre9we0ZhZQ,1059,0,1119,8,13507,True,yVqqBEED-QUOre9we0ZhZQ
4338,2018,10,592,Bangkok,13.76417322817385,100.561829074016,iWwmVOL3oUJ5gGLeaEkHmQ,940,1,4128,2,13510,True,iWwmVOL3oUJ5gGLeaEkHmQ
2767,2017,6,581,Bangkok,13.74574309888748,100.5546986973967,Nv0u46xESK1_KDnP3mxh4g,1664,0,1841,7,13517,True,Nv0u46xESK1_KDnP3mxh4g
1842,2017,9,139,Bangkok,13.73639787629622,100.4977921579021,Rb17RhaSGlnrTTQTDpja9A,1935,1,4129,2,13519,True,Rb17RhaSGlnrTTQTDpja9A
4655,2016,12,638,Bangkok,13.7681481213393,100.5250473735485,L1qvwhsTr7yiTGzqbjeMgg,823,1,1534,3,13527,True,L1qvwhsTr7yiTGzqbjeMgg
1558,2018,3,17,Bangkok,13.73222912428217,100.563946846125,zEFJew8p-ebuwQIzfhtjKw,2837,1,3992,3,13530,True,zEFJew8p-ebuwQIzfhtjKw
3390,2019,5,472,Bangkok,13.75324636038141,100.5616990516731,QrdZBI1ZngZbeD5lcm0R6w,737,0,764,10,13536,True,QrdZBI1ZngZbeD5lcm0R6w
67,2020,8,369,Bangkok,13.71544250828009,100.5507611755736,bWx9BKDXGoLiaeqJ8fYk2Q,2375,2,4130,1,13541,True,bWx9BKDXGoLiaeqJ8fYk2Q
830,2017,10,81,Bangkok,13.72385082763014,100.5262360780948,sK9mWSXgx21ZIpY6Nig6vg,2533,1,4131,1,13545,True,sK9mWSXgx21ZIpY6Nig6vg
4036,2017,6,362,Bangkok,13.76045078158057,100.5170488200425,bmMXiuozJSCQAVmsrndAFQ,458,0,466,10,13552,True,bmMXiuozJSCQAVmsrndAFQ
1154,2011,9,427,Bangkok,13.72811239194915,100.5067482867096,X5y-QVA5GL99bB9BbOyu2Q,1308,0,1402,8,13555,True,X5y-QVA5GL99bB9BbOyu2Q
4661,2011,12,452,Bangkok,13.76783851925022,100.5357317685831,dCEo0eybyrm5YL-uTibn9w,1583,1,4132,1,13565,True,dCEo0eybyrm5YL-uTibn9w
246,2019,5,204,Bangkok,13.71721185715015,100.5557601828359,lcseYlnX8FVVfRX-wa3Tyw,2663,0,3337,4,13572,True,lcseYlnX8FVVfRX-wa3Tyw
705,2017,5,321,Bangkok,13.7231879240099,100.49192333032,I6SrdgWstXmnBHF666Rd9g,1422,0,1533,11,13573,True,I6SrdgWstXmnBHF666Rd9g
385,2020,9,190,Bangkok,13.71919348673144,100.5207466796198,ZdrzhqFDzAn_pIoIAJVaKA,2278,0,2666,7,13583,True,ZdrzhqFDzAn_pIoIAJVaKA
4086,2017,6,537,Bangkok,13.76123038284554,100.5666469275605,Eg09eWPOydigvxDZ-7rqaQ,1948,0,2207,9,13586,True,Eg09eWPOydigvxDZ-7rqaQ
3547,2020,9,615,Bangkok,13.75542840433139,100.5517829008155,XApZGs6tt8nxhanTfy4duQ,586,0,598,11,13589,True,XApZGs6tt8nxhanTfy4duQ
1462,2018,9,235,Bangkok,13.73120164380772,100.5478063215515,goyLt-ksIS1gTgBcgrcccQ,1055,0,1115,6,13590,True,goyLt-ksIS1gTgBcgrcccQ
2797,2020,9,137,Bangkok,13.74704571493499,100.5017632037538,RDurM58rExSqIUzOmHixjA,2577,0,3157,4,13591,True,RDurM58rExSqIUzOmHixjA
3115,2019,5,306,Bangkok,13.7500006194071,100.5527238140611,Uqh07rPltWMe7O_BgHbX1g,624,0,637,11,13601,True,Uqh07rPltWMe7O_BgHbX1g
589,2017,11,447,Bangkok,13.72112031326802,100.547997136826,eIvVnaFhJ64O2gHmy7pBZQ,1062,1,4135,1,13608,True,eIvVnaFhJ64O2gHmy7pBZQ
493,2016,10,467,Bangkok,13.72060498014005,100.5404893773744,YN03YcgeiaNOta5Oryr37w,2761,0,3573,3,13612,True,YN03YcgeiaNOta5Oryr37w
3059,2019,5,315,Bangkok,13.74985795720015,100.4957169944753,oduDUuF_ndLS6xqCLzg_1Q,2817,0,3735,4,13618,True,oduDUuF_ndLS6xqCLzg_1Q
2161,2018,9,165,Bangkok,13.73913319019489,100.5547408350342,_iTOS-SIA8TdDVFTsevkSg,1662,0,1837,7,13619,True,_iTOS-SIA8TdDVFTsevkSg
2614,2016,11,326,Bangkok,13.74519732227762,100.4856851055361,AroIzerjumnmD_GE6uRaBA,1408,1,4136,1,13625,True,AroIzerjumnmD_GE6uRaBA
3760,2019,4,242,Bangkok,13.75832936141285,100.5038276946906,C8avwNpxU2ejqy3meZW7Jg,1645,1,2134,4,13628,True,C8avwNpxU2ejqy3meZW7Jg
1063,2018,5,419,Bangkok,13.72714149578953,100.5027408008694,7FNMRHos9xhIWsjUJK9Dog,1705,0,1893,6,13629,True,7FNMRHos9xhIWsjUJK9Dog
624,2018,10,369,Bangkok,13.72213265261575,100.5017105745538,qn4_O_UvQRQxMzLJAYue5g,2424,0,2875,4,13632,True,qn4_O_UvQRQxMzLJAYue5g
25,2016,11,519,Bangkok,13.71621501698231,100.5083534052788,E5o8PVun4gJbOqf2fyGF6g,2897,0,4137,1,13633,True,E5o8PVun4gJbOqf2fyGF6g
4139,2017,6,321,Bangkok,13.76339226696555,100.5332457522997,_vyYhg0gTyqzAnBTiej2zw,1217,3,4138,1,13638,True,_vyYhg0gTyqzAnBTiej2zw
4021,2018,9,463,Bangkok,13.76140177595726,100.5049972997966,4sRTR7DVJvwxwBvHt83w0A,1554,0,1696,7,13640,True,4sRTR7DVJvwxwBvHt83w0A
4470,2019,2,187,Bangkok,13.7645028176135,100.5198341303818,oquN0Ev-QbR8gIJsLYZ72Q,2664,0,3339,8,13641,True,oquN0Ev-QbR8gIJsLYZ72Q
4663,2020,9,311,Bangkok,13.7676496617994,100.5324123978937,1uU3qnnjH3h1Zy3X0E2Obg,179,0,179,14,13657,True,1uU3qnnjH3h1Zy3X0E2Obg
247,2019,5,144,Bangkok,13.71678747868885,100.5564208197207,NEKJA9jxJdLhoHrosULaBg,1179,0,1255,4,13667,True,NEKJA9jxJdLhoHrosULaBg
2536,2020,9,323,Bangkok,13.74431482429195,100.4927817381546,6YkBWgnl0SPl3btTA7chFw,101,0,101,7,13673,True,6YkBWgnl0SPl3btTA7chFw
3763,2017,5,290,Bangkok,13.75867144210292,100.505482475997,AfQtTPV_XcQA8FB6lY3Wcw,2585,0,3172,4,13675,True,AfQtTPV_XcQA8FB6lY3Wcw
3234,2017,6,91,Bangkok,13.7521470424176,100.4977934002285,70M_-f2TV1eXDnBYVNyRIA,720,0,746,7,13682,True,70M_-f2TV1eXDnBYVNyRIA
1821,2019,6,330,Bangkok,13.73512176573693,100.5627728494103,h-oFATfDp9MILWIrEX2sAQ,1372,2,4139,1,13683,True,h-oFATfDp9MILWIrEX2sAQ
4339,2017,6,395,Bangkok,13.76423358128496,100.5626617233589,H6zsODLrZNzQNYTRdSc2hw,1840,0,2062,4,13691,True,H6zsODLrZNzQNYTRdSc2hw
883,2011,9,435,Bangkok,13.72537468734639,100.4966935837859,rI9xYyNHVF0PjzuVAqf8BQ,953,1,1106,4,13692,True,rI9xYyNHVF0PjzuVAqf8BQ
4602,2018,10,656,Bangkok,13.76718950624098,100.5588840771952,53o4bbUQbSD6HZrNaT6ctg,1565,0,1708,5,13694,True,53o4bbUQbSD6HZrNaT6ctg
1031,2016,10,330,Bangkok,13.72632598691236,100.5602083306141,7B4jzAb5L7ro9PxXtl3Oug,1718,0,1907,23,13695,True,7B4jzAb5L7ro9PxXtl3Oug
2545,2020,9,312,Bangkok,13.744470890323,100.5085136734913,GHOY_KpWzj2fJmLSoc4kPw,1670,0,1851,3,13701,True,GHOY_KpWzj2fJmLSoc4kPw
1841,2020,9,296,Bangkok,13.7360292881143,100.4986058055265,R96RzIbGEnGF_c_PPSz9BA,2201,0,2559,6,13720,True,R96RzIbGEnGF_c_PPSz9BA
2431,2011,9,447,Bangkok,13.74254144042437,100.568517393585,nDuedjLMalQBR1v5ecF0yg,659,0,677,10,13725,True,nDuedjLMalQBR1v5ecF0yg
4255,2019,4,654,Bangkok,13.76322549432854,100.5588027009941,AuLLQVzaQ3c9E4Zc2TEZOQ,2828,0,3767,3,13733,True,AuLLQVzaQ3c9E4Zc2TEZOQ
29,2020,9,224,Bangkok,13.71518774707732,100.5122439665618,1-roAA4vlfcPp-mCajJSog,1340,1,4143,1,13739,True,1-roAA4vlfcPp-mCajJSog
3011,2020,9,450,Bangkok,13.74919327022806,100.5409059435769,HuJ96hn-aPyca7DjppCGGw,665,0,686,11,13741,True,HuJ96hn-aPyca7DjppCGGw
4218,2011,9,362,Bangkok,13.76469034263004,100.5304155586796,vXWZK97UZh3pxBJ3LZ-Gbw,498,1,3323,3,13745,True,vXWZK97UZh3pxBJ3LZ-Gbw
73,2017,6,201,Bangkok,13.71515525229041,100.5567188483208,4Kk3P3_dURhtZrEKAzjkpA,1223,1,4144,1,13750,True,4Kk3P3_dURhtZrEKAzjkpA
3545,2020,9,602,Bangkok,13.75630480385833,100.5480001615677,S_D7lbRfDtYOR63glQ6upA,1652,0,1824,10,13754,True,S_D7lbRfDtYOR63glQ6upA
1349,2018,9,95,Bangkok,13.73019575752988,100.5276110187081,OSxh8X_cs5QiSUdWPf9d5A,617,1,4145,2,13755,True,OSxh8X_cs5QiSUdWPf9d5A
70,2016,10,244,Bangkok,13.71519416263128,100.5536029905654,qXEqXnR25fNug0z9YxjiJw,467,0,475,8,13768,True,qXEqXnR25fNug0z9YxjiJw
4159,2020,8,360,Bangkok,13.76221822959152,100.5556834051153,JkborBW-ugLbHO3ILLHPhg,349,4,4146,1,13773,True,JkborBW-ugLbHO3ILLHPhg
1497,2020,9,341,Bangkok,13.73218560148275,100.5026890508393,xGksPgxr-WA1HNO7AFNW0A,1314,0,1409,8,13786,True,xGksPgxr-WA1HNO7AFNW0A
1858,2018,2,478,Bangkok,13.73633979162583,100.5167506751851,HYaBe6-UIWtsxPvS8w4zSA,836,2,4147,1,13788,True,HYaBe6-UIWtsxPvS8w4zSA
1982,2011,12,473,Bangkok,13.73722798626158,100.5488764242429,AlEnKNKNOZYFUHWbaNYESQ,2200,3,4148,1,13790,True,AlEnKNKNOZYFUHWbaNYESQ
4464,2017,5,243,Bangkok,13.766236792604,100.5147118683057,M40F8P-PBP-dMipAMTcENw,1855,1,4149,1,13791,True,M40F8P-PBP-dMipAMTcENw
645,2016,10,237,Bangkok,13.72223797625584,100.5186099675853,GI30kI9XZBNwhwdeMXCeCA,1690,1,4150,2,13794,True,GI30kI9XZBNwhwdeMXCeCA
4636,2019,4,220,Bangkok,13.76809367224195,100.5055935042368,XbPzwaqqwXjczuR_GgWhAg,2867,1,4151,2,13796,True,XbPzwaqqwXjczuR_GgWhAg
1791,2017,9,254,Bangkok,13.73489082576785,100.5386207752425,0DqxQEfRJ9pLKCwQvNrsJA,623,0,636,8,13809,True,0DqxQEfRJ9pLKCwQvNrsJA
4680,2017,6,514,Bangkok,13.76820795326406,100.5516622035788,iKxYSm10InVaYbSgRrmHOQ,611,0,624,6,13817,True,iKxYSm10InVaYbSgRrmHOQ
3435,2018,8,558,Bangkok,13.75428988370541,100.5226721375049,ZLsE9hgdicnmpJGmQh-mqQ,2021,1,2782,4,13821,True,ZLsE9hgdicnmpJGmQh-mqQ
589,2016,11,267,Bangkok,13.72108970518565,100.5479682295697,iBXi0lvQ6ikbqt20KvzCYQ,1062,0,1123,6,13823,True,iBXi0lvQ6ikbqt20KvzCYQ
2331,2011,12,505,Bangkok,13.7415623691633,100.5538289895307,Y7JsvPJu1i8MkIKc4QkKKw,2587,0,3176,5,13831,True,Y7JsvPJu1i8MkIKc4QkKKw
1559,2017,6,466,Bangkok,13.73221660632126,100.5651444120493,MfpPjkMflo3ts3pU7Fq2MA,771,0,800,4,13839,True,MfpPjkMflo3ts3pU7Fq2MA
1463,2020,9,66,Bangkok,13.73111322847557,100.5521320174943,WVaoKiRuOgcsB8E727jHQw,426,0,434,10,13841,True,WVaoKiRuOgcsB8E727jHQw
3408,2017,6,678,Bangkok,13.75411166382282,100.4979008369068,I7Eo-aFcmxMu16IxHLCV1A,2899,0,4152,3,13844,True,I7Eo-aFcmxMu16IxHLCV1A
4012,2019,9,377,Bangkok,13.76107601574446,100.4938093706936,zS3rUDtcxKwYH1DlVDPJfw,2539,0,3082,8,13848,True,zS3rUDtcxKwYH1DlVDPJfw
744,2018,9,386,Bangkok,13.72323697604136,100.53670314778,SM0bS-riC-JdpHFKowXcwA,1073,1,4153,2,13853,True,SM0bS-riC-JdpHFKowXcwA
389,2019,8,537,Bangkok,13.71998977219697,100.5244402376964,XpNhXcJ4KTJlvC2j_xmbwg,263,0,264,15,13855,True,XpNhXcJ4KTJlvC2j_xmbwg
755,2020,8,351,Bangkok,13.72175520273135,100.5433238628919,qn0Y4wk51E7Kw4UDiHBU8w,2584,0,3170,4,13868,True,qn0Y4wk51E7Kw4UDiHBU8w
3311,2014,9,488,Bangkok,13.75275077368772,100.4932767763501,U395K_prnddzMook8QYR_Q,723,0,749,8,13869,True,U395K_prnddzMook8QYR_Q
71,2016,11,35,Bangkok,13.71527547194117,100.554896382161,QbUARAYVcdErSO92S1AOjQ,1234,1,4154,2,13871,True,QbUARAYVcdErSO92S1AOjQ
219,2018,1,317,Bangkok,13.71738522969762,100.5287445383961,OZZPphTIr2VwBErgHP_Zqw,2488,1,4155,1,13880,True,OZZPphTIr2VwBErgHP_Zqw
1585,2011,9,669,Bangkok,13.73322481433702,100.5026076338479,DHbV95axW_YhkoE1G3Jj_Q,1411,1,4156,2,13889,True,DHbV95axW_YhkoE1G3Jj_Q
448,2011,9,607,Bangkok,13.72011414038402,100.4987204655867,BkLnKpStTi9ftOAF6Ce36Q,2175,0,2519,3,13894,True,BkLnKpStTi9ftOAF6Ce36Q
803,2011,9,288,Bangkok,13.72435842462728,100.4987114252709,U3UWNB-VSi1AUWagaiduuA,1398,2,4158,2,13904,True,U3UWNB-VSi1AUWagaiduuA
3164,2019,6,130,Bangkok,13.75145769217171,100.5158177069307,vkQFFFylPSUJRKrS6SN0TQ,178,2,4160,2,13912,True,vkQFFFylPSUJRKrS6SN0TQ
3300,2018,9,338,Bangkok,13.7518923110292,100.561670018325,7hN1j2S0V-ryXkm2m_Wpog,2580,0,3163,6,13921,True,7hN1j2S0V-ryXkm2m_Wpog
955,2011,9,466,Bangkok,13.7249264216798,100.5672979663469,aMo5RfDCVdXhPgVswb22zw,242,1,4161,3,13926,True,aMo5RfDCVdXhPgVswb22zw
4728,2014,9,414,Bangkok,13.76910170221756,100.5097234653455,bEJBkjg3VAuawrJ47vmAdw,1769,0,1975,8,13927,True,bEJBkjg3VAuawrJ47vmAdw
4715,2017,11,375,Bangkok,13.76757856244339,100.4998881908268,ysXrKirM96E4KaQSrFO9jQ,2644,0,3289,7,13940,True,ysXrKirM96E4KaQSrFO9jQ
1975,2020,8,213,Bangkok,13.73726622332693,100.5443188750991,GpgcCZmm0RlOITkyfxo1Fw,375,4,4162,2,13950,True,GpgcCZmm0RlOITkyfxo1Fw
4690,2020,8,105,Bangkok,13.76830873540022,100.5687093107669,pJMkLiafduaH5TDF70--8w,1390,1,4163,1,13952,True,pJMkLiafduaH5TDF70--8w
2507,2011,12,506,Bangkok,13.74318313126145,100.5578318347854,qrkreoHVBtD0km3CSL2RcQ,1612,0,1771,3,13954,True,qrkreoHVBtD0km3CSL2RcQ
2708,2017,6,366,Bangkok,13.74616994565013,100.4943590928259,NBq0dRy43LDLJ2CenAVQiQ,575,1,4164,1,13956,True,NBq0dRy43LDLJ2CenAVQiQ
131,2016,10,182,Bangkok,13.71617735642868,100.527691618747,uRhheEePxvDhLl8oiPjiTA,1391,1,2323,5,13973,True,uRhheEePxvDhLl8oiPjiTA
2030,2019,6,573,Bangkok,13.73823061158405,100.5107309858274,i7DdrH7Qxi3elU0Gg3Ef2Q,1987,3,4165,2,13974,True,i7DdrH7Qxi3elU0Gg3Ef2Q
3629,2017,11,215,Bangkok,13.75617765245639,100.5427071230937,I_H4ncWRirRTZVUBxqUpHg,501,0,511,4,13976,True,I_H4ncWRirRTZVUBxqUpHg
1810,2019,5,56,Bangkok,13.73520402183503,100.550813499938,gpBQSSB7qn2CRPOpcEMFzA,2442,0,2911,6,13983,True,gpBQSSB7qn2CRPOpcEMFzA
4593,2011,12,542,Bangkok,13.76705893990558,100.5540560773525,ZNi0luYeVpyK68-tBjtN8g,362,2,4166,1,13985,True,ZNi0luYeVpyK68-tBjtN8g
3533,2011,9,150,Bangkok,13.75529494901406,100.5365640347196,Y7c0sD0GdGzRKjlAm3RxeA,2744,1,4047,5,13987,True,Y7c0sD0GdGzRKjlAm3RxeA
2883,2011,9,172,Bangkok,13.7480285790845,100.4901319241464,M1pdzCOwLP9jcLS5VEluGA,2870,0,3964,8,13988,True,M1pdzCOwLP9jcLS5VEluGA
4696,2018,9,230,Bangkok,13.76823764619851,100.5637298954302,WP7JvyRl08KBRCQOEMYEeA,857,2,4167,1,13989,True,WP7JvyRl08KBRCQOEMYEeA
3737,2020,8,601,Bangkok,13.75730490961351,100.5672973807615,5-yL664HmPYcuR13jsnzGg,2813,0,3724,4,13996,True,5-yL664HmPYcuR13jsnzGg
506,2020,9,281,Bangkok,13.7202428778631,100.5586851384542,w3DGav-v60l18ulFEGDDGQ,873,0,913,8,13997,True,w3DGav-v60l18ulFEGDDGQ
2155,2016,11,236,Bangkok,13.73917342936002,100.5518883482441,PIA7eIX1LapPbjSbFbbrxQ,2167,1,4169,1,14020,True,PIA7eIX1LapPbjSbFbbrxQ
4141,2017,6,438,Bangkok,13.76207545785669,100.5379307923397,WGpexYEhKgx1V1nFZ00j_Q,2749,0,3549,5,14023,True,WGpexYEhKgx1V1nFZ00j_Q
3519,2018,9,242,Bangkok,13.75538574353303,100.5227737581973,fJbeUG7dvNPDtvB4_3VwZg,1904,1,3818,4,14024,True,fJbeUG7dvNPDtvB4_3VwZg
3961,2020,9,289,Bangkok,13.76068330576631,100.5279615949977,GUzL6GlBww664Gs0JO7pkw,1849,0,2074,10,14025,True,GUzL6GlBww664Gs0JO7pkw
3910,2020,2,324,Bangkok,13.75914956655672,100.56968595516,aRmZaYEimhgRJcL_Vwu-6g,282,1,4170,1,14026,True,aRmZaYEimhgRJcL_Vwu-6g
1981,2017,6,84,Bangkok,13.73720661220374,100.5507356476346,FJ9sn55e9ep7MrpCu62IOw,1007,1,3251,3,14037,True,FJ9sn55e9ep7MrpCu62IOw
444,2018,10,524,Bangkok,13.72006502174665,100.4947219563751,riBoqnSE7v1taTMA9VME-A,1829,1,4173,2,14055,True,riBoqnSE7v1taTMA9VME-A
3856,2016,8,174,Bangkok,13.75936070834465,100.5099313485932,IQcbwgwLS6jaW_tWR4IXPQ,796,0,828,5,14071,True,IQcbwgwLS6jaW_tWR4IXPQ
3949,2019,9,406,Bangkok,13.75953845570862,100.5181313366144,pJ9baOuxIMFPVuTJ4mJQaQ,482,0,492,11,14072,True,pJ9baOuxIMFPVuTJ4mJQaQ
146,2020,8,334,Bangkok,13.71745195821692,100.541618893352,NX-lcPGOYQpNLnQVTeL1NA,36,3,1555,5,14075,True,NX-lcPGOYQpNLnQVTeL1NA
4800,2016,8,342,Bangkok,13.77079214131159,100.5022489302817,1lf1EtAEUY_HQn4D30sDIA,2627,0,3258,4,14088,True,1lf1EtAEUY_HQn4D30sDIA
1297,2020,8,459,Bangkok,13.72894356564709,100.5647059843938,lFDYRmqcR-COvtxvgYe-pg,2357,0,2780,6,14091,True,lFDYRmqcR-COvtxvgYe-pg
689,2011,9,653,Bangkok,13.72219557284106,100.5646839282289,moUfNoySgbf4mbck67elnQ,231,1,1515,4,14103,True,moUfNoySgbf4mbck67elnQ
3871,2011,9,315,Bangkok,13.75921740026723,100.5317477244763,Lc_fDXt-0Cp4tBQVMTKm-g,849,0,888,13,14106,True,Lc_fDXt-0Cp4tBQVMTKm-g
3634,2020,9,616,Bangkok,13.75624693142051,100.5487379898015,UMY4f-0bHFHDct78K1_CiQ,2522,0,3049,5,14123,True,UMY4f-0bHFHDct78K1_CiQ
3290,2017,7,276,Bangkok,13.75272093906575,100.5509083944076,tPwVvOd-B9THsQYI6RntcQ,803,1,4174,1,14131,True,tPwVvOd-B9THsQYI6RntcQ
1038,2016,11,485,Bangkok,13.72627188312959,100.5696376097267,um3OIAasRDXVAobq0L9YAA,1517,1,4175,2,14135,True,um3OIAasRDXVAobq0L9YAA
353,2020,9,248,Bangkok,13.71915240677258,100.488659992002,dQi__jKmNrMZqsfmeLzCMw,2274,0,2660,5,14143,True,dQi__jKmNrMZqsfmeLzCMw
960,2020,9,630,Bangkok,13.72624324157095,100.4887522034105,Vg0Nkdhvd67ehY9zOV0CKQ,2409,3,4176,1,14144,True,Vg0Nkdhvd67ehY9zOV0CKQ
2208,2016,8,602,Bangkok,13.74017138705629,100.5162811596312,MmGvULUo565QxBkWiseAbw,2843,0,3808,6,14146,True,MmGvULUo565QxBkWiseAbw
4294,2019,4,442,Bangkok,13.76422017734882,100.5136249737368,idy1w3wrLHXCCyXyCtaRAg,1141,0,1208,3,14147,True,idy1w3wrLHXCCyXyCtaRAg
3971,2017,6,559,Bangkok,13.76038383597906,100.5411999172318,HoF9VXFuXsnrGZdfMPZBig,2809,0,3712,4,14149,True,HoF9VXFuXsnrGZdfMPZBig
1919,2016,11,229,Bangkok,13.73745965593737,100.4918371888907,mHf6m4aXgQwgatjdUrE8gA,1070,1,4177,1,14152,True,mHf6m4aXgQwgatjdUrE8gA
4429,2018,2,471,Bangkok,13.76521671060261,100.5629047382816,l5jT_VxfqF8oLNHl6nPtjA,1843,1,3495,4,14165,True,l5jT_VxfqF8oLNHl6nPtjA
1669,2017,9,324,Bangkok,13.73426104963374,100.4957155291661,RIQzpVVpQtA8L-DBIz4k3Q,368,0,373,7,14168,True,RIQzpVVpQtA8L-DBIz4k3Q
868,2018,10,280,Bangkok,13.72412309877742,100.5669430453899,S_EPu91IZL6tMDe0vkG-GQ,1227,1,2035,5,14172,True,S_EPu91IZL6tMDe0vkG-GQ
4619,2020,8,412,Bangkok,13.76906212909774,100.4937044277862,eR6NFwdpUieADP-VPU_BHQ,2145,2,4179,1,14179,True,eR6NFwdpUieADP-VPU_BHQ
571,2019,5,550,Bangkok,13.72116355614115,100.5375338180538,pS5euDZO5XXiE1UqhzT31A,2177,1,3764,4,14181,True,pS5euDZO5XXiE1UqhzT31A
4870,2018,2,614,Bangkok,13.77019731295811,100.5687726990288,_G5bsAFeyLi14wyd4x1bqQ,2244,1,4180,2,14182,True,_G5bsAFeyLi14wyd4x1bqQ
3329,2020,9,433,Bangkok,13.75320519159595,100.5047485765395,2akfrjGhYrRi437BI_DQwg,1031,0,1088,5,14195,True,2akfrjGhYrRi437BI_DQwg
1736,2019,6,288,Bangkok,13.7342201082002,100.5627573595729,ietsRpFrgGaiFp909GFg0A,359,1,4181,1,14220,True,ietsRpFrgGaiFp909GFg0A
2367,2017,11,309,Bangkok,13.74224661376741,100.5026541672429,LfXZF1KN_2sOhdy9KZXfVQ,201,0,201,7,14229,True,LfXZF1KN_2sOhdy9KZXfVQ
3249,2018,1,276,Bangkok,13.75206991308902,100.510616365131,YtZCDHjNgZb6MS1JU4xAGA,583,1,4182,1,14233,True,YtZCDHjNgZb6MS1JU4xAGA
4443,2018,11,450,Bangkok,13.76624935018268,100.4866734376143,Z5wvPTDPFIP50OBcOWll_w,1127,1,4183,1,14247,True,Z5wvPTDPFIP50OBcOWll_w
3273,2018,10,465,Bangkok,13.75224264218211,100.5379659351287,iS0zx5LIZe5VQ3goOPbsqg,2622,0,3246,5,14254,True,iS0zx5LIZe5VQ3goOPbsqg
2453,2019,5,679,Bangkok,13.74325471881751,100.5037635113432,kRxssKbPwsx0L3INegpfuw,1197,0,1278,9,14257,True,kRxssKbPwsx0L3INegpfuw
2435,2017,11,152,Bangkok,13.7423157441453,100.5677259234319,GIZnkIwE5eSS3o7LwOMjOg,868,0,908,10,14259,True,GIZnkIwE5eSS3o7LwOMjOg
732,2011,9,331,Bangkok,13.72306738341182,100.5187631303802,dOU09dB1uyaUsEbG5chWnw,2527,0,3059,7,14261,True,dOU09dB1uyaUsEbG5chWnw
42,2018,1,243,Bangkok,13.71553469399852,100.5259143778245,H1YF_WaIG1p117soPp4ivw,269,0,270,3,14263,True,H1YF_WaIG1p117soPp4ivw
3908,2020,8,343,Bangkok,13.75920918280928,100.5607652638448,JWXXq1KcM23tNRDo6wuj5Q,1221,1,4185,1,14264,True,JWXXq1KcM23tNRDo6wuj5Q
3445,2020,8,552,Bangkok,13.75405471635434,100.53526371847,pTqdxzWB838IEh_L589P1Q,1909,1,4186,1,14266,True,pTqdxzWB838IEh_L589P1Q
4334,2019,5,522,Bangkok,13.76458300273821,100.5519305346744,XbW5Mq3pnG-w4-Nrk81_hw,193,1,4187,2,14269,True,XbW5Mq3pnG-w4-Nrk81_hw
6,2020,9,396,Bangkok,13.71495559668951,100.489907073262,XM-uo3L8U2d42hksrhN_5w,1863,1,4188,1,14271,True,XM-uo3L8U2d42hksrhN_5w
4103,2018,2,631,Bangkok,13.76199285703182,100.4949672651873,nXWrG3wgHoHTmKots21FjQ,2546,0,3096,7,14277,True,nXWrG3wgHoHTmKots21FjQ
425,2017,6,349,Bangkok,13.71919057321355,100.5636369896749,YjzZnEMF4yJR8fhPC8myEw,1098,3,4189,1,14279,True,YjzZnEMF4yJR8fhPC8myEw
1206,2019,6,261,Bangkok,13.7282978571287,100.5607284307102,8frut-xNb3iMeW-2VGroUw,569,2,4190,2,14281,True,8frut-xNb3iMeW-2VGroUw
951,2018,10,454,Bangkok,13.72514710976221,100.5691098932215,9RqsVawDfCLhDNi-qcE0ZQ,2836,1,4191,1,14287,True,9RqsVawDfCLhDNi-qcE0ZQ
3242,2020,9,352,Bangkok,13.75207729863298,100.5067354127132,GsxP3kGf_qrOuJXAsuanBg,1417,0,1527,7,14291,True,GsxP3kGf_qrOuJXAsuanBg
552,2020,9,533,Bangkok,13.72136287622606,100.5180632610787,jce0aYVMBINEbb4MsHjE1g,851,0,890,6,14294,True,jce0aYVMBINEbb4MsHjE1g
4196,2016,8,360,Bangkok,13.76334731599601,100.4995446863761,IWt36FL3RA25QaWT3GdjuA,1466,1,4192,1,14301,True,IWt36FL3RA25QaWT3GdjuA
1886,2017,6,422,Bangkok,13.73630202676979,100.5441680454689,UzNesxKe2rKPSPh0BGHC-A,199,1,3451,3,14304,True,UzNesxKe2rKPSPh0BGHC-A
149,2018,2,608,Bangkok,13.71644747102634,100.545552804303,mbi4SSfUqcrJ9FDbysZGWQ,2703,1,4193,2,14307,True,mbi4SSfUqcrJ9FDbysZGWQ
2917,2020,9,502,Bangkok,13.74833463721468,100.5310895928212,qPzQnTSLY3DnxZ9Yndhjsw,2593,0,3190,4,14316,True,qPzQnTSLY3DnxZ9Yndhjsw
4557,2020,8,427,Bangkok,13.76629185056141,100.5242573075125,Ly4zFBAcBoWOWfhVKj56EA,2790,1,4159,3,14317,True,Ly4zFBAcBoWOWfhVKj56EA
4678,2019,5,333,Bangkok,13.7681930801817,100.5558418687285,sLhs3CdTg6gJP0O6dNW19g,798,1,2796,3,14318,True,sLhs3CdTg6gJP0O6dNW19g
572,2020,8,300,Bangkok,13.72163393020253,100.535567810841,nkMih99_DmZ96Mu9yLuMcg,2234,2,4194,2,14321,True,nkMih99_DmZ96Mu9yLuMcg
4505,2017,6,615,Bangkok,13.76619201519237,100.5536873715891,zPoDiJcjDcOLi6lLgxy7CA,1754,0,1950,5,14322,True,zPoDiJcjDcOLi6lLgxy7CA
3047,2020,8,280,Bangkok,13.75015325509477,100.4838745263701,5GFfr6OWG056cRGZ3Cij_g,585,1,3723,4,14326,True,5GFfr6OWG056cRGZ3Cij_g
1477,2018,10,292,Bangkok,13.73266438691528,100.4849503889195,Ns_CLPRFxXATXKIMoEzc0g,2027,1,4195,1,14329,True,Ns_CLPRFxXATXKIMoEzc0g
3735,2019,4,379,Bangkok,13.75721119104096,100.5639193893269,JZKWPQB_D1lSfbRgVtA-Ug,2834,1,4141,4,14330,True,JZKWPQB_D1lSfbRgVtA-Ug
1750,2017,8,448,Bangkok,13.73528442639472,100.4936941270702,aILsdh-47Ie7n-Ie7yWl1Q,1313,1,2923,3,14332,True,aILsdh-47Ie7n-Ie7yWl1Q
2844,2018,7,410,Bangkok,13.7471267918715,100.5481796914082,i1xATgZHpm6s2LHIEs6Fdg,2847,0,3822,8,14338,True,i1xATgZHpm6s2LHIEs6Fdg
19,2016,11,55,Bangkok,13.71515769884752,100.5027061063128,buNloYen4GzyqP_szF6Dqw,2173,0,2515,5,14344,True,buNloYen4GzyqP_szF6Dqw
2024,2016,8,355,Bangkok,13.73844082675555,100.5069285417793,ChKxECUjHF7LRv0rDA9Gsg,1092,0,1153,9,14347,True,ChKxECUjHF7LRv0rDA9Gsg
3626,2017,11,363,Bangkok,13.75617801687921,100.5457355433906,idana1wPtr-cHHoikb7zzw,735,0,762,6,14364,True,idana1wPtr-cHHoikb7zzw
2628,2020,9,423,Bangkok,13.74535049663854,100.5017670667589,lshqOvYEu9K7jXc-s1oWxA,1271,0,1359,7,14367,True,lshqOvYEu9K7jXc-s1oWxA
2014,2019,5,618,Bangkok,13.73848822185007,100.4982898435633,o9Pwn6DHRSiKL3jUTv6n5Q,1,0,1,11,14370,True,o9Pwn6DHRSiKL3jUTv6n5Q
2075,2016,11,436,Bangkok,13.73798205777555,100.5572377166778,K9n6dnbkfCBjkIxYxt-owA,25,0,25,5,14377,True,K9n6dnbkfCBjkIxYxt-owA
2284,2011,9,329,Bangkok,13.74124743846352,100.5076740111212,i4nIPXbDrF5uKshxzCaHCw,905,0,949,4,14381,True,i4nIPXbDrF5uKshxzCaHCw
7,2019,5,164,Bangkok,13.71522486489794,100.4907765462539,yfEhiw3WdLuyRHNKdhq2uA,2309,0,2708,6,14390,True,yfEhiw3WdLuyRHNKdhq2uA
3492,2018,2,431,Bangkok,13.75522213901214,100.4987090556489,nBBsK9A5-ho7yCFdtUQv6g,203,0,203,3,14394,True,nBBsK9A5-ho7yCFdtUQv6g
1113,2018,9,346,Bangkok,13.72715411001398,100.5507874861014,c69TuCpxsPYke0JpGz-o0Q,2732,0,3486,5,14396,True,c69TuCpxsPYke0JpGz-o0Q
1658,2018,9,508,Bangkok,13.73456475905364,100.4916832400393,-saiqouZHLoMyLJb1jvqww,1559,0,1702,4,14402,True,-saiqouZHLoMyLJb1jvqww
3100,2020,8,403,Bangkok,13.75017079118043,100.5378726833774,0drPJzeqNN0HfBXpdhvA3Q,2902,0,4197,4,14405,True,0drPJzeqNN0HfBXpdhvA3Q
1186,2017,6,451,Bangkok,13.72818900880111,100.5397135128082,J1X-qow7VmgKapUBGV7U_A,725,0,751,6,14407,True,J1X-qow7VmgKapUBGV7U_A
4458,2019,4,362,Bangkok,13.76623489512119,100.50393986995,AP2yYPBKmLk-6nrfI4KwSw,1496,1,4200,1,14414,True,AP2yYPBKmLk-6nrfI4KwSw
908,2017,6,147,Bangkok,13.72524863366492,100.5226961857337,UIH56Ze8Ia83CQ0ZG6ta6A,2753,0,3557,5,14416,True,UIH56Ze8Ia83CQ0ZG6ta6A
4031,2018,1,482,Bangkok,13.76119156855156,100.5157262054093,rG53R3wOl6hQRtEJSUHLrw,2667,0,3344,3,14417,True,rG53R3wOl6hQRtEJSUHLrw
170,2014,9,378,Bangkok,13.71652238062256,100.5661408782786,m2pgb8Ujw9I-5r9Z-KjSDw,906,0,950,5,14419,True,m2pgb8Ujw9I-5r9Z-KjSDw
1675,2019,9,237,Bangkok,13.73424832962008,100.5027308484445,oeNeKiAJccJ3hmzr3JT8VA,348,0,353,3,14431,True,oeNeKiAJccJ3hmzr3JT8VA
3352,2017,5,255,Bangkok,13.7534877443655,100.5308575673608,2m_qhzjx1LMgTNMKVqfdTQ,1358,0,1457,13,14446,True,2m_qhzjx1LMgTNMKVqfdTQ
25,2017,5,389,Bangkok,13.71622919982995,100.5083341658485,kDLMW_zE3JlsLiPcqAI5Vw,2897,1,4202,1,14448,True,kDLMW_zE3JlsLiPcqAI5Vw
1542,2017,9,449,Bangkok,13.73213641503083,100.5467386194827,YhkKcSz3095GEsL6Jyvjnw,614,1,4203,1,14452,True,YhkKcSz3095GEsL6Jyvjnw
4313,2011,9,361,Bangkok,13.76296900951987,100.5341559712916,KoJyCsF0t4-GuhJjc_NKMw,331,0,335,5,14460,True,KoJyCsF0t4-GuhJjc_NKMw
1377,2019,9,307,Bangkok,13.73031290571026,100.5596968473122,BRImmcqZJoad3rL3xCNLuQ,688,0,711,20,14469,True,BRImmcqZJoad3rL3xCNLuQ
2365,2014,9,315,Bangkok,13.74219973448215,100.50072299758,SaYcgErbeP6TDTOPeczdeg,997,0,1049,7,14476,True,SaYcgErbeP6TDTOPeczdeg
2554,2011,9,297,Bangkok,13.7441101376897,100.5149006056935,lLesmlTcYcnrUAuVrgu30Q,738,1,1183,6,14478,True,lLesmlTcYcnrUAuVrgu30Q
498,2020,8,611,Bangkok,13.72008465117912,100.5489937323546,Xv7_N-tH4mpiYF-3dGOH_Q,1176,1,4204,2,14482,True,Xv7_N-tH4mpiYF-3dGOH_Q
1205,2020,8,360,Bangkok,13.72825084623284,100.5612859901066,vhq0WC-c1-nYsjwAnRL0YA,2673,1,3998,4,14484,True,vhq0WC-c1-nYsjwAnRL0YA
1382,2018,9,243,Bangkok,13.73022404675274,100.5617522396836,JmOygjO32mDaWUx2kMUwwA,2054,0,2352,4,14487,True,JmOygjO32mDaWUx2kMUwwA
1087,2018,9,484,Bangkok,13.72744685410583,100.5235957246851,430QV_fEKaQSi0EfcKB-_A,578,0,590,8,14488,True,430QV_fEKaQSi0EfcKB-_A
856,2019,10,585,Bangkok,13.72393179430598,100.551528214802,Qjosrj5La1WL7ioKNittqQ,2288,0,2679,5,14489,True,Qjosrj5La1WL7ioKNittqQ
577,2019,5,480,Bangkok,13.7207557567603,100.5391994122519,LaeOWsSxGnFaMCyznXLi6Q,2839,2,4205,1,14493,True,LaeOWsSxGnFaMCyznXLi6Q
2237,2020,8,344,Bangkok,13.74023817481026,100.551870833018,MueuH8BZX9TfTB9TN2NldQ,1985,0,2257,7,14504,True,MueuH8BZX9TfTB9TN2NldQ
369,2019,8,68,Bangkok,13.7190764703668,100.5046946286443,NlTGIeJvgpKS8yVZfcS67A,1875,1,2948,4,14505,True,NlTGIeJvgpKS8yVZfcS67A
1358,2014,9,394,Bangkok,13.73007610901027,100.5356596509574,kIBz03Y-3-lSPSQu5SLnFA,2116,0,2436,10,14508,True,kIBz03Y-3-lSPSQu5SLnFA
1429,2018,1,352,Bangkok,13.73094843352425,100.5198007364003,5XhCx8oRK--j68kfhwZfBA,2458,0,2934,10,14509,True,5XhCx8oRK--j68kfhwZfBA
2726,2011,9,457,Bangkok,13.74615291047445,100.5116337393775,7NxZ4Bu7iasxElZIePWnPQ,1811,0,2027,3,14517,True,7NxZ4Bu7iasxElZIePWnPQ
2045,2019,7,460,Bangkok,13.73822927376916,100.5296706763446,0pXZ37kx7nd2girVE_9qnQ,2779,0,3617,7,14522,True,0pXZ37kx7nd2girVE_9qnQ
4078,2017,12,267,Bangkok,13.76124735694454,100.5586761616122,wZiy9Pw3Ju0sa_SQlhAyDg,1386,1,4206,4,14527,True,wZiy9Pw3Ju0sa_SQlhAyDg
3250,2018,1,333,Bangkok,13.75225521904938,100.5117813629417,umDeUAEIfTVexvlI_lBjJw,2822,1,4207,3,14530,True,umDeUAEIfTVexvlI_lBjJw
4537,2020,8,387,Bangkok,13.76714175683582,100.5007393387551,gcoYcRbFoBAhWjrGjW3Mfg,385,0,390,7,14535,True,gcoYcRbFoBAhWjrGjW3Mfg
3420,2011,9,318,Bangkok,13.75427852158405,100.5105355214174,20l0AYX-xX8C-seVsivKmw,2740,2,4208,1,14539,True,20l0AYX-xX8C-seVsivKmw
4407,2020,9,175,Bangkok,13.76538310030248,100.5425656585665,Yu08cARK3IfxOCzhJZvqRQ,1094,1,2389,6,14548,True,Yu08cARK3IfxOCzhJZvqRQ
2097,2019,9,286,Bangkok,13.73929432454178,100.4985863754574,GllDAoF2tdRA05pbfX1lEw,306,0,307,11,14554,True,GllDAoF2tdRA05pbfX1lEw
790,2019,8,370,Bangkok,13.7243496290704,100.4859753409991,8sd7sX3GKBL1K8Oe-nYycQ,2257,0,2638,6,14555,True,8sd7sX3GKBL1K8Oe-nYycQ
4080,2020,8,412,Bangkok,13.76120261804339,100.5599588653366,1CoyQrSTBXo_jm8g--l3hw,134,0,134,6,14563,True,1CoyQrSTBXo_jm8g--l3hw
2649,2018,9,472,Bangkok,13.74515350288586,100.518143746218,QpQ26UI-ywzB39tKdgVVYQ,995,0,1047,7,14571,True,QpQ26UI-ywzB39tKdgVVYQ
2170,2018,9,299,Bangkok,13.73915881759233,100.5631015764935,4agQP9nuYOYbEt7H9QLD8g,553,0,564,10,14583,True,4agQP9nuYOYbEt7H9QLD8g
256,2020,8,433,Bangkok,13.71739158665071,100.5657214719865,naPFguT9jwX1B3yJjczamA,1580,0,1732,7,14584,True,naPFguT9jwX1B3yJjczamA
1020,2016,11,499,Bangkok,13.72627829312919,100.5487301480486,Ez8aA-Z0js3t593JugkXWg,1430,3,3775,4,14585,True,Ez8aA-Z0js3t593JugkXWg
2790,2018,2,80,Bangkok,13.74745234712192,100.4903457388457,aAKY6ex5vhve2fVuNeDcQQ,11,0,11,5,14588,True,aAKY6ex5vhve2fVuNeDcQQ
163,2020,9,455,Bangkok,13.7167903744958,100.5598844704728,6E8_YU7JRezlE3w1mUel-w,2901,0,4178,3,14595,True,6E8_YU7JRezlE3w1mUel-w
2030,2011,9,392,Bangkok,13.73824098388616,100.5107359788327,wTjEatrs-lEMiQmHWUQMKA,1987,4,4210,1,14597,True,wTjEatrs-lEMiQmHWUQMKA
2805,2018,9,590,Bangkok,13.74720864892659,100.505806081855,4_kfkFQf2P9FvkNQYt6Aug,1657,0,1829,5,14607,True,4_kfkFQf2P9FvkNQYt6Aug
4740,2020,9,416,Bangkok,13.76919975354072,100.5287374073827,Y9Z6hVwwf1WOB1c2Pw4EnQ,2869,1,4211,3,14612,True,Y9Z6hVwwf1WOB1c2Pw4EnQ
3531,2012,5,386,Bangkok,13.75535717519037,100.5377436709191,ZlhJv8z-T6fAxXQw0ue7pg,1564,0,1707,4,14618,True,ZlhJv8z-T6fAxXQw0ue7pg
4817,2017,6,474,Bangkok,13.77234061164993,100.521772598637,cBAqOxzdvSOm-V-RLXtDyQ,2271,0,2657,7,14629,True,cBAqOxzdvSOm-V-RLXtDyQ
522,2018,3,442,Bangkok,13.72026568028879,100.5685005548906,KPNGVyOAx9SGpNVw-FkbzA,159,1,891,5,14631,True,KPNGVyOAx9SGpNVw-FkbzA
3462,2017,11,388,Bangkok,13.75538144671403,100.551982412306,2UmDVQI3JyyEDD2HS4R60w,586,1,661,6,14635,True,2UmDVQI3JyyEDD2HS4R60w
2099,2018,10,311,Bangkok,13.73873643916358,100.4921013686056,t4S9bhBq5LB2IOj4upGDNg,795,0,827,6,14649,True,t4S9bhBq5LB2IOj4upGDNg
1091,2014,9,587,Bangkok,13.72750443723463,100.5316172594585,7jjIpDF2DqA4c22qDyVn1A,699,0,723,10,14650,True,7jjIpDF2DqA4c22qDyVn1A
1789,2018,9,486,Bangkok,13.73507273019483,100.528623805613,G23qCfmzUwWnq2JZ59yNWw,2312,0,2713,5,14658,True,G23qCfmzUwWnq2JZ59yNWw
3927,2018,2,179,Bangkok,13.76032479469784,100.4968823539255,GC00thVXuRk3MVMQFH2B8A,1014,0,1067,5,14659,True,GC00thVXuRk3MVMQFH2B8A
3713,2019,4,350,Bangkok,13.75712304430325,100.5408370776884,RalavF149sT98QW0AI9ebw,2636,0,3278,4,14677,True,RalavF149sT98QW0AI9ebw
4237,2018,10,525,Bangkok,13.76334204329063,100.5456089479591,4BZvMUREueqj-ICpAk7xEA,841,0,880,3,14679,True,4BZvMUREueqj-ICpAk7xEA
221,2017,6,367,Bangkok,13.71734856651938,100.530690863058,vmxbl6dxBxpCbp210_D08A,510,0,520,4,14683,True,vmxbl6dxBxpCbp210_D08A
510,2017,6,242,Bangkok,13.72035267626933,100.5567639898852,aFab1XVmj7MgSorITY8mJg,2367,0,2797,5,14684,True,aFab1XVmj7MgSorITY8mJg
3577,2014,9,376,Bangkok,13.75620017821475,100.4988319378119,xtHCwkjNDFr6Wk1pwow8qw,1278,1,4212,1,14686,True,xtHCwkjNDFr6Wk1pwow8qw
3399,2019,5,327,Bangkok,13.75422725269686,100.4895672281626,M3D9SLyxAj-zZvMiQdnTmg,1100,0,1162,5,14692,True,M3D9SLyxAj-zZvMiQdnTmg
4262,2017,6,419,Bangkok,13.76344044530185,100.5660253612374,m8hmWi218jrNf1bRXrraAA,2842,1,4213,1,14698,True,m8hmWi218jrNf1bRXrraAA
1069,2018,7,394,Bangkok,13.72731999053341,100.5087159379458,FRQj-2F7ZGpHxfviclL7KQ,518,2,4215,1,14706,True,FRQj-2F7ZGpHxfviclL7KQ
4412,2018,10,517,Bangkok,13.76527195154805,100.5477096167887,ukxDSgXBs_Vd5eaVXBtDeg,1329,1,3366,3,14710,True,ukxDSgXBs_Vd5eaVXBtDeg
3867,2017,6,363,Bangkok,13.75932693049778,100.5214181610637,8eTwb2j-XsQJEA9qPJqMOg,466,1,4216,1,14711,True,8eTwb2j-XsQJEA9qPJqMOg
138,2020,8,347,Bangkok,13.71645907275447,100.5346095497896,pJ1e6dReF0vM09xE35ex8Q,2745,0,3532,3,14726,True,pJ1e6dReF0vM09xE35ex8Q
1269,2011,9,210,Bangkok,13.72881035327024,100.5348082349213,n5u7w3sb8UcuJVb6CRFQZw,2146,0,2478,8,14731,True,n5u7w3sb8UcuJVb6CRFQZw
454,2020,9,569,Bangkok,13.72064563531517,100.502744679618,I9goJjL1GBvXHxlZzbLJtQ,1449,0,1562,11,14733,True,I9goJjL1GBvXHxlZzbLJtQ
4424,2018,10,469,Bangkok,13.7653000642987,100.558586980768,ZlbTsQcKN-JqQ12KtWHHdA,2144,2,4217,1,14742,True,ZlbTsQcKN-JqQ12KtWHHdA
1908,2017,6,572,Bangkok,13.73622504931073,100.5627464881996,GZipE-KPsZs-JUscUxE1Fw,1783,1,4218,1,14751,True,GZipE-KPsZs-JUscUxE1Fw
4034,2016,8,393,Bangkok,13.76082847039748,100.5140369050153,BDnoTD3AxlcwPD07TiAk4w,1458,0,1575,4,14752,True,BDnoTD3AxlcwPD07TiAk4w
2793,2017,11,297,Bangkok,13.74709761530984,100.490546417763,kIBWVGypC7-imcA_AnhsUA,1205,0,1286,7,14759,True,kIBWVGypC7-imcA_AnhsUA
1107,2018,9,90,Bangkok,13.72727714898695,100.5503208125107,PtvbzrqlAmeT6L7zXrsFMw,1112,1,3187,3,14760,True,PtvbzrqlAmeT6L7zXrsFMw
2063,2017,9,429,Bangkok,13.73815080545803,100.5465364197528,YDe8sGZTP8PYSCb1TGDILg,411,0,419,11,14761,True,YDe8sGZTP8PYSCb1TGDILg
2291,2011,9,669,Bangkok,13.74121629328902,100.5159765011657,6K68WPfeHoRkHseidI1_yA,2214,1,3636,7,14762,True,6K68WPfeHoRkHseidI1_yA
1450,2017,11,372,Bangkok,13.73103919312406,100.5371519695077,MAh2hAk7Fe2cERYy-h4d3g,567,0,578,10,14763,True,MAh2hAk7Fe2cERYy-h4d3g
2314,2017,6,363,Bangkok,13.74115810626076,100.5350797401331,LHZHSLggBYmW_sFADKiM1w,2109,0,2427,8,14765,True,LHZHSLggBYmW_sFADKiM1w
2173,2017,6,530,Bangkok,13.739192276443,100.5677549447318,odrNlp6LB_ZtD142oCTN3A,2340,2,4219,1,14769,True,odrNlp6LB_ZtD142oCTN3A
4320,2020,9,360,Bangkok,13.76411467202644,100.538864970855,x-3JelmJDeIBJ326ZUeFfA,1483,0,1609,4,14770,True,x-3JelmJDeIBJ326ZUeFfA
4355,2019,8,373,Bangkok,13.76533019137197,100.4833747896223,RkGQRNsZZ-emCbKIglObrA,1002,0,1054,11,14773,True,RkGQRNsZZ-emCbKIglObrA
80,2018,2,290,Bangkok,13.71521723096812,100.5636445032734,s7meshVub0YunwjTizOQkQ,2564,0,3128,6,14775,True,s7meshVub0YunwjTizOQkQ
3878,2020,9,388,Bangkok,13.75934640932172,100.5364344903343,slmj5oxUqvqd7S0VuVWfUA,19,0,19,6,14776,True,slmj5oxUqvqd7S0VuVWfUA
4416,2016,9,387,Bangkok,13.76527293407623,100.5455957297545,fThFP-1igSyYdQfChsQgEg,1477,1,1870,3,14782,True,fThFP-1igSyYdQfChsQgEg
1172,2018,9,202,Bangkok,13.7281784289309,100.525724113684,15hbsJaEQ18J65ml7e2LZQ,2347,0,2766,7,14785,True,15hbsJaEQ18J65ml7e2LZQ
2137,2019,5,320,Bangkok,13.73920092872276,100.5347840613255,mb_qTGu49RHe2gA_a75fcQ,215,0,215,8,14792,True,mb_qTGu49RHe2gA_a75fcQ
4573,2017,6,353,Bangkok,13.76674069568493,100.5344322025152,WpezOEUz8anxolwrEXyGfA,1040,0,1098,13,14803,True,WpezOEUz8anxolwrEXyGfA
3620,2020,8,427,Bangkok,13.75657613110024,100.5357954154812,f4czoGL9Mb64uZICbm-0-g,2393,1,4221,2,14806,True,f4czoGL9Mb64uZICbm-0-g
2007,2019,9,83,Bangkok,13.73816178220427,100.4927174717728,LzdzBHRrtcT5biAsBpV9PQ,1107,0,1169,7,14807,True,LzdzBHRrtcT5biAsBpV9PQ
524,2019,8,519,Bangkok,13.72072029795206,100.4869650092642,4JWEVtZQmpVrXz57tCt6cw,1711,1,3398,5,14810,True,4JWEVtZQmpVrXz57tCt6cw
735,2018,1,317,Bangkok,13.72325403896097,100.5197155200928,sGW1QqCTH4URocfUU3_GKQ,1393,0,1496,10,14816,True,sGW1QqCTH4URocfUU3_GKQ
399,2020,8,586,Bangkok,13.71911783137339,100.5347714714918,dEAiVqCOW36DYfEUafCoUw,390,0,397,5,14819,True,dEAiVqCOW36DYfEUafCoUw
3328,2017,6,507,Bangkok,13.75325636918604,100.505749964195,k7XVaPor8zyu4B8_ay4nYw,1366,1,4222,2,14829,True,k7XVaPor8zyu4B8_ay4nYw
2163,2020,8,246,Bangkok,13.73943093944856,100.5568622705676,FQq3zs9WM6Oyl3Gbb5vuhA,1407,0,1517,14,14830,True,FQq3zs9WM6Oyl3Gbb5vuhA
2471,2020,8,121,Bangkok,13.74314648463418,100.5186678134223,H6u7cF6oxprZ6-f0alLLow,1440,1,4223,1,14831,True,H6u7cF6oxprZ6-f0alLLow
1487,2018,10,293,Bangkok,13.73224806421328,100.4935519371934,xqYUekdeGmY3Iw0aHC-qbA,1896,0,2132,4,14834,True,xqYUekdeGmY3Iw0aHC-qbA
2440,2018,2,149,Bangkok,13.74314982105301,100.4875810975765,nOu0Nesy-dWsT_uJ0CL0xg,2565,0,3129,10,14840,True,nOu0Nesy-dWsT_uJ0CL0xg
983,2018,5,482,Bangkok,13.72609174334904,100.5055736876392,1c4wM8wsVSLv44FRutG7lg,2529,1,4224,1,14848,True,1c4wM8wsVSLv44FRutG7lg
3795,2020,9,416,Bangkok,13.75819507966874,100.535833963236,L45tIq8HeFwsxe-at4baDw,2571,0,3144,6,14851,True,L45tIq8HeFwsxe-at4baDw
1658,2020,9,323,Bangkok,13.73456942322349,100.4916851844453,i0VHDkqIveOKDbIOsvj-GQ,1559,1,4225,1,14853,True,i0VHDkqIveOKDbIOsvj-GQ
2685,2019,9,262,Bangkok,13.74531341057484,100.5625438193253,CZwa-3TQv6B6vx1lDKt-jA,34,1,2652,7,14863,True,CZwa-3TQv6B6vx1lDKt-jA
4203,2019,4,220,Bangkok,13.76311378199505,100.5089090864622,qAKzTGYAnCP02-90OaNLEw,379,0,384,7,14869,True,qAKzTGYAnCP02-90OaNLEw
4411,2018,3,327,Bangkok,13.76539722485588,100.5444529723868,AkUMNDe_M4mUe34FcALmnA,1033,1,1171,5,14871,True,AkUMNDe_M4mUe34FcALmnA
4854,2016,9,509,Bangkok,13.77031088654965,100.5527223101868,iGf2fD73M2nD_AfDFvAeog,495,1,4226,1,14876,True,iGf2fD73M2nD_AfDFvAeog
3275,2017,6,309,Bangkok,13.75289552179921,100.540892916347,5U7L5mrOIeGM80SSSIl86A,1819,1,2676,3,14878,True,5U7L5mrOIeGM80SSSIl86A
1250,2018,9,599,Bangkok,13.72874442074513,100.5149585164655,6DMtd2gf7xhQwj4UxNQSgw,2766,0,3586,6,14885,True,6DMtd2gf7xhQwj4UxNQSgw
533,2018,10,165,Bangkok,13.72123646585699,100.4927577794043,5WXAGjUpxFmCBPOBIuwB1g,2316,0,2718,11,14892,True,5WXAGjUpxFmCBPOBIuwB1g
802,2011,9,131,Bangkok,13.72407439702432,100.4996908494042,uG2AJggJIs3FoSCryOLKtQ,234,1,3940,3,14894,True,uG2AJggJIs3FoSCryOLKtQ
1719,2019,11,430,Bangkok,13.73420481990657,100.5517624100086,-U5H3nMnKHfc0OrEYLZGJw,1453,0,1567,7,14901,True,-U5H3nMnKHfc0OrEYLZGJw
4083,2019,9,247,Bangkok,13.76125644726211,100.5647478668957,Ty4Z13JewheQ5EMy1Yn10w,2581,0,3164,4,14907,True,Ty4Z13JewheQ5EMy1Yn10w
3401,2018,9,525,Bangkok,13.75418584273865,100.4938257868527,p43N3JJ3fm40gPNdB_Yozg,1892,0,2128,8,14918,True,p43N3JJ3fm40gPNdB_Yozg
2451,1970,1,204,Bangkok,13.74323364560234,100.4988409951329,CAoSLEFGMVFpcE1WVjZORndwbHVIX2ZjV3NVWEFzNjgwUFdZQXFOeGZLLXdpR3JB,315,1,4229,1,14931,True,CAoSLEFGMVFpcE1WVjZORndwbHVIX2ZjV3NVWEFzNjgwUFdZQXFOeGZLLXdpR3JB
1041,2019,6,610,Bangkok,13.72633864385144,100.5637214676201,8ByxQmBC2V9VYdYbrTUqiA,568,1,4230,1,14933,True,8ByxQmBC2V9VYdYbrTUqiA
2776,2011,12,470,Bangkok,13.74621242809538,100.5589783741233,R9-vlbFlAEmKofCg-z6vrQ,2113,1,3530,4,14940,True,R9-vlbFlAEmKofCg-z6vrQ
1980,2018,9,479,Bangkok,13.73726608256597,100.5519775636524,tmlZJaZ_kB9TdKlsjSaK2w,1206,1,4231,2,14945,True,tmlZJaZ_kB9TdKlsjSaK2w
3812,2017,6,594,Bangkok,13.7582046651083,100.5547953191741,G-0UmjKWUws4dN86_xop5g,2598,1,4232,1,14952,True,G-0UmjKWUws4dN86_xop5g
4116,2014,9,113,Bangkok,13.76216739284117,100.5105866196307,miyZf9_xm8zs7xhiA4sh7A,118,0,118,5,14968,True,miyZf9_xm8zs7xhiA4sh7A
4677,2019,9,351,Bangkok,13.7681830915473,100.5506743266781,DuKqp11gOnXty5zD2Mr8lA,740,0,768,11,14971,True,DuKqp11gOnXty5zD2Mr8lA
3464,2019,9,152,Bangkok,13.75420401480909,100.5597256225948,VoXhhJp7B6HJJWdXKF_wZQ,1145,0,1214,6,14976,True,VoXhhJp7B6HJJWdXKF_wZQ
4475,2020,8,509,Bangkok,13.76543644572727,100.523906279611,n8LtoMBW_-mLCheDx_xbCw,2676,0,3365,4,14983,True,n8LtoMBW_-mLCheDx_xbCw
1095,2019,5,431,Bangkok,13.72740351735154,100.5345907735509,1d-lScOHiWj7WC2TF37Iig,854,0,894,6,14990,True,1d-lScOHiWj7WC2TF37Iig
4111,2016,8,194,Bangkok,13.76262069197462,100.5101359172356,lso6QMrZ7D_59EdOnKYYIA,2728,1,4086,3,14999,True,lso6QMrZ7D_59EdOnKYYIA
685,2018,3,467,Bangkok,13.72210127139967,100.5637986103337,c7vJuZslWc2OjsHJ1x2qwA,2042,1,4234,1,15014,True,c7vJuZslWc2OjsHJ1x2qwA
3675,2019,8,481,Bangkok,13.75711306486552,100.5027327797323,67wzDw8qTiNUTnInZ6RGlw,1065,1,4235,2,15016,True,67wzDw8qTiNUTnInZ6RGlw
2116,2016,8,180,Bangkok,13.73922978376737,100.5106801813368,tAo9bp7-03XegletdmDuow,1416,0,1526,5,15017,True,tAo9bp7-03XegletdmDuow
3536,2018,2,429,Bangkok,13.75506687439702,100.5356667064082,gEEaFDQcyi-Z2xA8eFqAuA,829,2,4236,2,15024,True,gEEaFDQcyi-Z2xA8eFqAuA
4159,2018,9,517,Bangkok,13.76220478623125,100.5557143783602,x0hQCJ7Oz6iwMy82QJL1Fg,349,1,2626,4,15033,True,x0hQCJ7Oz6iwMy82QJL1Fg
978,2019,9,425,Bangkok,13.72630292070984,100.5089798714805,4JB0dZokKpFlQvsEmOZFnA,1787,0,1996,11,15034,True,4JB0dZokKpFlQvsEmOZFnA
4771,2011,12,514,Bangkok,13.769242146737,100.5593864305013,D2kkrgnKKkhYLJnf29MTeQ,1267,0,1354,4,15036,True,D2kkrgnKKkhYLJnf29MTeQ
2262,2019,9,244,Bangkok,13.74055670011344,100.5694895942696,c_VKUjuC2KHpHEMOIdyz6g,2015,0,2304,6,15038,True,c_VKUjuC2KHpHEMOIdyz6g
720,2018,8,412,Bangkok,13.72282170523296,100.5096567041722,5j2qDoAkuFSng-TExR0Uhw,2029,0,2322,4,15042,True,5j2qDoAkuFSng-TExR0Uhw
4031,2017,6,667,Bangkok,13.76115648739696,100.5156940317635,u7rWP0zhAqFcTC-hqBgMsQ,2667,1,4237,2,15043,True,u7rWP0zhAqFcTC-hqBgMsQ
4741,2011,9,422,Bangkok,13.76871624500402,100.5252318476319,QSuJvWaKcC6miFZbdgYRFQ,2854,2,4238,1,15049,True,QSuJvWaKcC6miFZbdgYRFQ
438,2019,5,317,Bangkok,13.72035977918803,100.4907744155933,Q3Mr3T4apL5RNtWT91KVpg,1870,0,2102,10,15057,True,Q3Mr3T4apL5RNtWT91KVpg
2507,2020,8,330,Bangkok,13.74319168919767,100.5578119255163,iF0GqEelf54cDAavWxSjiA,1612,1,4157,3,15058,True,iF0GqEelf54cDAavWxSjiA
3289,2017,9,462,Bangkok,13.75247386178219,100.5518003960311,3estlAmgT3AQJKBUZe4l0A,920,1,1021,12,15062,True,3estlAmgT3AQJKBUZe4l0A
1036,2011,12,181,Bangkok,13.72617896387939,100.5617006758216,XJwkzN3TcGQ9BzQBcS_XXw,1845,0,2069,5,15066,True,XJwkzN3TcGQ9BzQBcS_XXw
3837,2018,3,372,Bangkok,13.75954905922828,100.4959719515394,iehimo-mVfzmqTQvMRlYgg,556,2,4239,1,15071,True,iehimo-mVfzmqTQvMRlYgg
294,2018,6,186,Bangkok,13.71824470195035,100.5167369642108,5YLvvK94l5emjZ0_O3bt8Q,182,0,182,12,15087,True,5YLvvK94l5emjZ0_O3bt8Q
416,2017,6,332,Bangkok,13.71895137834745,100.5470731135807,wb-0gpkidBxITepawfEvug,1292,1,3137,6,15090,True,wb-0gpkidBxITepawfEvug
3053,2018,2,311,Bangkok,13.7501649802705,100.4896457888011,zT31KT6TzV2qrF7kTFb4yg,18,1,964,6,15091,True,zT31KT6TzV2qrF7kTFb4yg
2981,2016,8,326,Bangkok,13.74924651445526,100.503785837564,O9vckv_oPhG6MrjSclJ7Gw,1720,1,4240,1,15094,True,O9vckv_oPhG6MrjSclJ7Gw
1143,2020,9,514,Bangkok,13.72787188531145,100.4919055672699,1hUtnipbiThB3EHZ2jEUSg,391,0,398,9,15102,True,1hUtnipbiThB3EHZ2jEUSg
712,2011,9,290,Bangkok,13.72321285139147,100.5000482961429,uTqz0Lruk9Hbof_6-6kqxQ,353,2,4241,1,15105,True,uTqz0Lruk9Hbof_6-6kqxQ
1140,2018,10,158,Bangkok,13.72826152494727,100.4926679296379,1ecROzcogU7hhR904yZpoQ,638,1,4242,1,15118,True,1ecROzcogU7hhR904yZpoQ
3658,2018,2,558,Bangkok,13.75727661227352,100.4926953516454,xKIEh7wGxcjhv3mviFAtyg,2875,0,3980,7,15119,True,xKIEh7wGxcjhv3mviFAtyg
528,2020,9,305,Bangkok,13.72128360354973,100.4896784425379,ErZIyg5KB-1-vECjBmAYkQ,2606,0,3220,4,15123,True,ErZIyg5KB-1-vECjBmAYkQ
2510,2014,10,159,Bangkok,13.74264242234026,100.5515823738535,kaGZQlqcRiqRWMiLb8qHpg,1518,1,2101,4,15124,True,kaGZQlqcRiqRWMiLb8qHpg
750,2018,9,381,Bangkok,13.72347602604188,100.5316364871762,3P8m9WB1kF37DLIhbO0A8g,1057,0,1117,3,15129,True,3P8m9WB1kF37DLIhbO0A8g
4489,2020,9,668,Bangkok,13.76626779332202,100.5358012815924,-6a05g_DDyddv1FrcSbH9Q,1169,1,3694,4,15130,True,-6a05g_DDyddv1FrcSbH9Q
672,2020,8,661,Bangkok,13.72206647994448,100.5479187287156,-CdLa-G6FDDDlVf3o6tGCA,2024,1,3333,4,15131,True,-CdLa-G6FDDDlVf3o6tGCA
708,2018,7,524,Bangkok,13.72323522115648,100.4977207242238,II_2OOLVB5tqopulA-601w,1187,2,4243,1,15134,True,II_2OOLVB5tqopulA-601w
409,2017,9,255,Bangkok,13.7191989276998,100.5436029319107,S_zoAWLMuATR5ywXapzdRg,514,1,3336,3,15137,True,S_zoAWLMuATR5ywXapzdRg
2350,2020,8,242,Bangkok,13.74117923114091,100.5658471556791,1XF_o6u3185xtl4u6GvjhA,1342,0,1440,5,15146,True,1XF_o6u3185xtl4u6GvjhA
4173,2019,4,295,Bangkok,13.76217472719007,100.5666717284241,yQGmDeapxe39dvSOAp2nwQ,2056,1,3272,4,15156,True,yQGmDeapxe39dvSOAp2nwQ
1579,2020,9,174,Bangkok,13.73327316677421,100.4986504753258,NwvJ2ogg09uxe4cVc8gkVA,2754,1,4244,2,15157,True,NwvJ2ogg09uxe4cVc8gkVA
44,2020,9,601,Bangkok,13.71522209933945,100.5276718863756,LI6Skiyt1lqdfrSyCQHCMg,2846,1,3974,3,15158,True,LI6Skiyt1lqdfrSyCQHCMg
1061,2018,8,435,Bangkok,13.72723610991784,100.4997963825119,X-LiK4DFrprduVqIa-p-HQ,2553,0,3107,4,15159,True,X-LiK4DFrprduVqIa-p-HQ
1925,2016,11,449,Bangkok,13.73721154349113,100.4966135562041,r1aacaXVLzZJbwKIUthBZA,2903,1,4214,3,15163,True,r1aacaXVLzZJbwKIUthBZA
2501,2017,6,575,Bangkok,13.74315412855669,100.5487389974304,v7l0aL3dvmHbdSzbqhGCHQ,2426,1,4060,4,15178,True,v7l0aL3dvmHbdSzbqhGCHQ
3779,2011,10,231,Bangkok,13.75824128877729,100.522709810455,X-qEvu-xGWswkKO1xVi17A,718,0,744,6,15184,True,X-qEvu-xGWswkKO1xVi17A
857,2020,8,198,Bangkok,13.72427325838201,100.5608945669465,tcxMDdEv2VMFPD6NgoIksw,2769,1,4245,2,15188,True,tcxMDdEv2VMFPD6NgoIksw
238,2017,8,431,Bangkok,13.71727565791745,100.5476503576589,0NIMfXbKXij11QZ_mZBrIg,2430,0,2886,6,15189,True,0NIMfXbKXij11QZ_mZBrIg
4225,2020,9,564,Bangkok,13.76393455722642,100.532043044393,2SjzqsAWXGP4TnPHLZ6qug,135,0,135,4,15191,True,2SjzqsAWXGP4TnPHLZ6qug
3003,2017,6,420,Bangkok,13.7492033128017,100.5287052857115,1D6OWbMslJdc0Sp5POLBhQ,369,0,374,6,15196,True,1D6OWbMslJdc0Sp5POLBhQ
2246,2019,9,560,Bangkok,13.74028172272678,100.5585118957072,GtR8kG_MQpcDvPI1kwLcnA,1024,1,4247,2,15210,True,GtR8kG_MQpcDvPI1kwLcnA
2079,2011,12,566,Bangkok,13.73833365152317,100.5652921818638,SyJ3XfRLXr888QBB-ZVgtQ,441,1,3525,6,15211,True,SyJ3XfRLXr888QBB-ZVgtQ
3291,2018,9,270,Bangkok,13.75244678569311,100.5588065559374,7XI1NDGFdka2MOs3a7ssfw,565,0,576,6,15213,True,7XI1NDGFdka2MOs3a7ssfw
3151,2018,9,581,Bangkok,13.75130495004545,100.5043692063722,qpK1M5vb08Nu6t4bu1aKSg,818,2,4248,1,15219,True,qpK1M5vb08Nu6t4bu1aKSg
3210,2016,9,310,Bangkok,13.75104472139859,100.5567735008521,t54vuza_DLUY-Co9pRDzAA,2892,0,4090,5,15228,True,t54vuza_DLUY-Co9pRDzAA
4121,2017,6,449,Bangkok,13.76270150087895,100.5141137986448,1J8phbPiP8bwc0T4llMPog,1037,0,1095,10,15235,True,1J8phbPiP8bwc0T4llMPog
676,2017,7,362,Bangkok,13.72219985536729,100.5497297524726,G44Tj3OA-BpehDdaI7iVLA,2638,0,3281,3,15243,True,G44Tj3OA-BpehDdaI7iVLA
776,2017,6,367,Bangkok,13.72315778644598,100.5607342589906,DYvaSbinTTMO8GJA9zPCyw,1494,0,1622,4,15247,True,DYvaSbinTTMO8GJA9zPCyw
3071,2018,9,202,Bangkok,13.75015735005405,100.5151251731382,cODUVj60S88hkJD5N7A67g,2838,0,3791,4,15248,True,cODUVj60S88hkJD5N7A67g
649,2017,5,216,Bangkok,13.72223806410874,100.5207519411738,ekBKKd2tTk4wnzDERjj8PQ,393,1,3725,3,15249,True,ekBKKd2tTk4wnzDERjj8PQ
1886,2015,10,611,Bangkok,13.73631905857617,100.5441726224005,Fo3MH7kIauKczfaBhhr03g,199,0,199,6,15251,True,Fo3MH7kIauKczfaBhhr03g
2425,2020,8,581,Bangkok,13.74248546165166,100.561769528371,NdCNAupqwijH2U5DtsTD8A,2476,0,2963,3,15252,True,NdCNAupqwijH2U5DtsTD8A
844,2019,5,296,Bangkok,13.72437011950984,100.5487329615817,kU7Y8BVJaFOwX-2FjsVraw,978,0,1030,9,15253,True,kU7Y8BVJaFOwX-2FjsVraw
2011,2017,11,351,Bangkok,13.73806549368742,100.4943503128345,xXmYDRsDAJzfp-0nIxJdmg,2334,1,4184,4,15257,True,xXmYDRsDAJzfp-0nIxJdmg
739,2016,10,537,Bangkok,13.72322835799167,100.5311797670948,vzFRT4pSSq4HqlpN_hFdbQ,2614,1,4249,1,15261,True,vzFRT4pSSq4HqlpN_hFdbQ
2596,2016,11,301,Bangkok,13.74423320600494,100.5545373409938,iI7To6PnpCk3C1Hsa9olsw,1339,0,1437,8,15270,True,iI7To6PnpCk3C1Hsa9olsw
3303,2018,10,325,Bangkok,13.7522518457825,100.5657427385305,pRQEG4_bgjJJwHdEn33p6w,2105,0,2423,5,15272,True,pRQEG4_bgjJJwHdEn33p6w
2185,2018,9,140,Bangkok,13.74121327380725,100.4952140046794,wyk8lLoASG-aapuXE_fBpw,2743,0,3520,7,15273,True,wyk8lLoASG-aapuXE_fBpw
3309,2018,10,128,Bangkok,13.75229133110746,100.5697254994877,WAAzgpE7eRHEE-RT6L-QBQ,2833,0,3779,4,15277,True,WAAzgpE7eRHEE-RT6L-QBQ
760,2016,10,201,Bangkok,13.72305966987417,100.5500215012666,ppCdkmxCuq5Q5WApDcOsyA,1762,2,4251,1,15279,True,ppCdkmxCuq5Q5WApDcOsyA
4008,2018,11,331,Bangkok,13.76226982771972,100.4883935949139,ppU8qqqso5RJovOSRjehUQ,2804,0,3700,4,15285,True,ppU8qqqso5RJovOSRjehUQ
1967,2016,10,495,Bangkok,13.73721217868805,100.5390336789125,sQZQ224zEEfm5Q_jePmX2A,383,0,388,11,15292,True,sQZQ224zEEfm5Q_jePmX2A
1736,2017,6,478,Bangkok,13.73421538889013,100.5627722503391,dyw3cY9LG1lU3G7OHRSTGg,359,0,364,6,15296,True,dyw3cY9LG1lU3G7OHRSTGg
2886,2019,5,405,Bangkok,13.74802144655183,100.5034422171406,gbq0rzW7hAXf870WiYMirw,2239,0,2610,6,15299,True,gbq0rzW7hAXf870WiYMirw
4360,2018,2,278,Bangkok,13.76510404797575,100.4967032605333,S9y6qZ8ZCYBksxQxwCkD5Q,1220,1,4252,1,15302,True,S9y6qZ8ZCYBksxQxwCkD5Q
103,2018,6,392,Bangkok,13.71667862329131,100.5000873045008,Hn2OaOwBAlIODvfGBIl3ZA,2789,1,4142,5,15304,True,Hn2OaOwBAlIODvfGBIl3ZA
4674,2020,9,454,Bangkok,13.76831138324399,100.5465951085732,CESDpjY141PEa5kWvqpywg,240,0,241,5,15325,True,CESDpjY141PEa5kWvqpywg
3942,2018,9,231,Bangkok,13.76029719874339,100.5089501058575,qtqYcaDgcuzgAGRKUeHxTQ,963,3,4253,1,15333,True,qtqYcaDgcuzgAGRKUeHxTQ
1602,2011,9,141,Bangkok,13.73325550023547,100.5157074293229,ph6QQ2hKNe0BkoIk-68_tQ,1945,0,2202,4,15334,True,ph6QQ2hKNe0BkoIk-68_tQ
143,2017,9,215,Bangkok,13.71643545308979,100.5396182462319,VxtCqKiEmUWhSfPbqbQ4Rg,2194,1,3375,5,15335,True,VxtCqKiEmUWhSfPbqbQ4Rg
2632,2017,6,122,Bangkok,13.7452289979434,100.5097608836721,dflLlK3FjKsvGpLKdoX-QA,558,0,569,6,15336,True,dflLlK3FjKsvGpLKdoX-QA
2882,2019,5,131,Bangkok,13.74818205139086,100.4961305385224,rIDMIS5gOG7Vz4rK3kRQMQ,672,0,694,6,15339,True,rIDMIS5gOG7Vz4rK3kRQMQ
4089,2020,8,223,Bangkok,13.76126355814134,100.5654824354154,UD1s8b05a5W5FjjhI82MrA,226,1,4254,1,15340,True,UD1s8b05a5W5FjjhI82MrA
601,2016,11,378,Bangkok,13.72143423886925,100.5649419111052,TBusOFU5ZT8-skZjrqSarA,591,1,3831,3,15341,True,TBusOFU5ZT8-skZjrqSarA
1345,2011,9,447,Bangkok,13.73031729802394,100.5246705870148,1XAJX08iw1eKaMC1Rh4a9A,22,0,22,7,15344,True,1XAJX08iw1eKaMC1Rh4a9A
3955,2018,9,243,Bangkok,13.76011373347012,100.5249045678259,MNNKPqrg7qXVZZjm2iONMA,2100,0,2417,6,15348,True,MNNKPqrg7qXVZZjm2iONMA
1604,2019,5,278,Bangkok,13.733486972494,100.5268288613982,9XSH4eYdDgbVERjCOZyBUQ,1571,0,1716,4,15350,True,9XSH4eYdDgbVERjCOZyBUQ
616,2016,11,393,Bangkok,13.72223560903636,100.4856921725148,5jhhbl6gdG0eZMQpujQCpQ,2894,1,4255,1,15356,True,5jhhbl6gdG0eZMQpujQCpQ
3044,2017,12,434,Bangkok,13.74896031880473,100.5696778137497,2voYBP7ndYHCeIhN8JvX2A,2112,1,4256,1,15359,True,2voYBP7ndYHCeIhN8JvX2A
2080,2017,6,552,Bangkok,13.7381801503232,100.5630116199137,m4wUb8ofiwLbfcKozD0ckQ,1776,1,4257,1,15371,True,m4wUb8ofiwLbfcKozD0ckQ
2404,2018,9,536,Bangkok,13.74222227343656,100.5435799688,ttaa9pm0SGqWtHvbUrjY_Q,372,0,377,23,15373,True,ttaa9pm0SGqWtHvbUrjY_Q
1826,2011,9,420,Bangkok,13.73648090009201,100.4868468845422,oKcJdBVQHsaMfEqVTTMxWQ,815,0,851,10,15385,True,oKcJdBVQHsaMfEqVTTMxWQ
2706,2016,8,323,Bangkok,13.74663560964462,100.4908595481744,eIkqJwSDLbVuhMLEeN5c7A,1632,1,4258,1,15388,True,eIkqJwSDLbVuhMLEeN5c7A
3863,2018,7,490,Bangkok,13.75928224329832,100.5156097909078,3-DuGSZZLsw12008NwSM2w,2851,0,3829,5,15391,True,3-DuGSZZLsw12008NwSM2w
791,2018,6,419,Bangkok,13.72409298443981,100.4956968851376,3Y-C_wM1E-HtacfqtJe4tQ,778,1,4259,3,15392,True,3Y-C_wM1E-HtacfqtJe4tQ
1756,2017,9,344,Bangkok,13.73516158020954,100.4960138931514,YR5VuK1rKqs4QOi2Ialr7g,2429,0,2883,10,15395,True,YR5VuK1rKqs4QOi2Ialr7g
4294,2017,5,276,Bangkok,13.76426466636489,100.5136359565736,fv4OTHO25DNclPUZnpbbgA,1141,1,4260,2,15397,True,fv4OTHO25DNclPUZnpbbgA
2837,2018,1,378,Bangkok,13.74725285140753,100.540588971176,muy_Z1YuM0qY_5ieOPFqng,2506,0,3023,9,15398,True,muy_Z1YuM0qY_5ieOPFqng
2198,2020,9,345,Bangkok,13.74043657851291,100.5097699364516,OjBSKfHdLANBVpNYJGOVJg,1230,0,1314,5,15399,True,OjBSKfHdLANBVpNYJGOVJg
569,2011,12,406,Bangkok,13.72113981297728,100.5316977812601,1jJPLXjdvBc-otGdKDJURA,1527,2,4261,1,15401,True,1jJPLXjdvBc-otGdKDJURA
4514,2019,5,433,Bangkok,13.76606782764888,100.5606771640148,26W5a9sP9J-mS0Ew99_p5g,2694,0,3411,4,15407,True,26W5a9sP9J-mS0Ew99_p5g
1243,2018,5,368,Bangkok,13.72918336029442,100.5087175427277,Jw3zMX7q49vnqae2dSIn2A,1526,0,1662,10,15409,True,Jw3zMX7q49vnqae2dSIn2A
2583,2017,6,445,Bangkok,13.7444183580589,100.5407490569708,RaB4gPuCxaGTVd-2Ou6NMg,903,0,945,11,15415,True,RaB4gPuCxaGTVd-2Ou6NMg
1900,2020,8,418,Bangkok,13.7362393081324,100.5558815080409,eR-srWZu9hQJbRCOxdjj8w,1514,1,4262,1,15426,True,eR-srWZu9hQJbRCOxdjj8w
2903,2019,6,452,Bangkok,13.74818747924195,100.5156412624207,wMHPS56Nf4YLjuVDm9x7LQ,2537,0,3079,4,15436,True,wMHPS56Nf4YLjuVDm9x7LQ
1388,2018,3,432,Bangkok,13.73025652787121,100.5651145454518,pF6iFVmjLdJHtXKQXwJb6g,2252,1,3264,4,15438,True,pF6iFVmjLdJHtXKQXwJb6g
4591,2011,9,418,Bangkok,13.76721831615016,100.55570378445,70sxsFaK0UsinXIzfkOrHw,2051,0,2348,5,15440,True,70sxsFaK0UsinXIzfkOrHw
270,2018,6,448,Bangkok,13.71816415499171,100.492812253945,i8Pb0_TCJcaBZh5FqHvFHw,2733,1,4263,1,15457,True,i8Pb0_TCJcaBZh5FqHvFHw
1423,2018,10,464,Bangkok,13.73120197813527,100.5096454153893,1Y0-d-GZxGtTyJ2Q6Yp7Iw,1740,1,2199,5,15462,True,1Y0-d-GZxGtTyJ2Q6Yp7Iw
3492,2018,9,251,Bangkok,13.755214536039,100.4986736724127,hAB5faij7eNbZKuK6_RKAg,203,1,1503,7,15465,True,hAB5faij7eNbZKuK6_RKAg
699,2020,9,402,Bangkok,13.72368103298147,100.4885699190921,JThkLqJJFjal7gNDd6RK9A,935,0,982,7,15471,True,JThkLqJJFjal7gNDd6RK9A
2766,2016,11,451,Bangkok,13.74630838963283,100.5562195196466,c3pjSKO8okO2i6jYkFRR7w,361,2,4264,3,15485,True,c3pjSKO8okO2i6jYkFRR7w
1955,2017,6,159,Bangkok,13.73737001133084,100.5237384452948,yKBD8NdSSoRNkqucrAMPIA,439,0,447,9,15486,True,yKBD8NdSSoRNkqucrAMPIA
3923,2019,5,527,Bangkok,13.76001230642457,100.4911236868518,hHKf4MZssPf5eZ_QWWM1iA,989,0,1041,3,15488,True,hHKf4MZssPf5eZ_QWWM1iA
2877,2018,2,159,Bangkok,13.7481893739667,100.4942304527591,8hLl0KdcOvblRKqjmm0V_g,239,3,3706,4,15490,True,8hLl0KdcOvblRKqjmm0V_g
1115,2019,10,481,Bangkok,13.72720461042536,100.552531791635,PVmQezG2C-Y1AAzvSTagwA,1463,5,4049,3,15492,True,PVmQezG2C-Y1AAzvSTagwA
3947,2017,6,197,Bangkok,13.76029245021916,100.5157564210507,0_YbqCB9J027WZSwBML5tA,1312,2,4265,2,15496,True,0_YbqCB9J027WZSwBML5tA
843,2020,9,547,Bangkok,13.72501921600398,100.5414285085825,tUySVuRTS-QA2BM_aNKQXA,2699,0,3424,10,15497,True,tUySVuRTS-QA2BM_aNKQXA
4378,2019,4,410,Bangkok,13.76521396200834,100.5126535644918,nW0AzSHgPQn1NH60wR8nOQ,2154,1,4266,1,15502,True,nW0AzSHgPQn1NH60wR8nOQ
4054,2017,11,435,Bangkok,13.76276152737948,100.534541516664,Jt1hyjWUb4eFAL4aXdd5cA,2120,0,2440,4,15503,True,Jt1hyjWUb4eFAL4aXdd5cA
443,2020,9,235,Bangkok,13.72025417689497,100.4918146555746,tI1I5KN31lMoJNconVF4BA,1775,0,1982,6,15504,True,tI1I5KN31lMoJNconVF4BA
1905,2017,6,420,Bangkok,13.73614513072031,100.5638033200975,kITgzbCb7RHkSBrPiCroFg,2900,1,4267,1,15517,True,kITgzbCb7RHkSBrPiCroFg
3829,2017,6,430,Bangkok,13.75825068160209,100.5675062307029,-hyAAMFII9jnMYMLC8PVLg,2878,0,4005,5,15527,True,-hyAAMFII9jnMYMLC8PVLg
2037,2019,7,521,Bangkok,13.73811503972219,100.5220944750183,0UjlpzW3e08Rm5GXm2-VMw,2249,0,2624,9,15528,True,0UjlpzW3e08Rm5GXm2-VMw
488,2020,8,447,Bangkok,13.72039209024735,100.5376615322826,M6XwKrprR4khzZ2gjNdQPg,2525,0,3055,3,15546,True,M6XwKrprR4khzZ2gjNdQPg
2579,2011,9,549,Bangkok,13.74472525949512,100.5387746439178,0JvoZK4YN5tusR_DhKnQqg,692,0,716,3,15550,True,0JvoZK4YN5tusR_DhKnQqg
4851,2011,9,132,Bangkok,13.7696668628933,100.5481638016494,s8UiApyy2mFlfcMOtK1oDw,1939,2,4269,1,15559,True,s8UiApyy2mFlfcMOtK1oDw
1129,2018,3,535,Bangkok,13.7269640210119,100.5682061649525,SpiS-p9S8YH97kwCB2gQJg,2700,0,3427,5,15567,True,SpiS-p9S8YH97kwCB2gQJg
152,2018,10,524,Bangkok,13.71624822969177,100.548723480613,eRhzjoaaR8iPsL0ezKdqCg,2461,1,3456,5,15575,True,eRhzjoaaR8iPsL0ezKdqCg
1914,2018,10,463,Bangkok,13.7362502666093,100.5678778335442,ajiQbfyii3MDwIoRzDyV5w,2557,2,4270,1,15576,True,ajiQbfyii3MDwIoRzDyV5w
3501,2018,2,302,Bangkok,13.75533244638178,100.5047510367432,BSk0_JPr2-hc72FSGvqFzg,2576,0,3156,6,15577,True,BSk0_JPr2-hc72FSGvqFzg
3360,2016,11,206,Bangkok,13.75320149167704,100.5349285952448,uI1p1Ko3Hv6PCfPD9knvdw,1738,0,1932,9,15579,True,uI1p1Ko3Hv6PCfPD9knvdw
2164,2011,12,526,Bangkok,13.73925308414685,100.5654479605862,orBikzRk7fAPMURACpTwcQ,867,1,2079,4,15586,True,orBikzRk7fAPMURACpTwcQ
157,2020,9,345,Bangkok,13.71621273214425,100.5537816561514,0M7RpSNcp4IemGTndMC4UQ,1546,0,1685,6,15588,True,0M7RpSNcp4IemGTndMC4UQ
4645,2019,4,445,Bangkok,13.76725087078134,100.5246404021311,gCEkML4KQJEvQliIYxD0oA,1130,0,1196,3,15596,True,gCEkML4KQJEvQliIYxD0oA
4530,2019,5,147,Bangkok,13.76713075055448,100.4847351272256,vjqfqkvz0cnbcgnbaYzpSQ,2335,1,4272,2,15602,True,vjqfqkvz0cnbcgnbaYzpSQ
3843,2016,8,518,Bangkok,13.75924807362134,100.49275112896,K0BE8tk6YgXTuSEuPgzJlA,1146,0,1215,9,15604,True,K0BE8tk6YgXTuSEuPgzJlA
3684,2016,8,104,Bangkok,13.75770618552902,100.5151759691048,NS5SnnjZvm_G_ypiPnQUBg,525,0,535,9,15606,True,NS5SnnjZvm_G_ypiPnQUBg
608,2020,8,598,Bangkok,13.72118000067885,100.5658339527474,WPwMUFJ9ehbfjbQ850oJbA,685,1,2113,5,15619,True,WPwMUFJ9ehbfjbQ850oJbA
2811,2017,6,231,Bangkok,13.74726688997348,100.5106524624122,uTa-iyPEixhDQBZlWAYKtA,374,1,4273,1,15624,True,uTa-iyPEixhDQBZlWAYKtA
226,2016,10,335,Bangkok,13.71739314041131,100.5355957743123,-gblkXQepay4_i4ZDUBfNA,2672,1,4274,1,15629,True,-gblkXQepay4_i4ZDUBfNA
1655,2019,5,113,Bangkok,13.73412688474044,100.4856298295689,F2dXqfdyIVZzPChbEImbWw,2831,0,3776,5,15630,True,F2dXqfdyIVZzPChbEImbWw
4195,2019,4,370,Bangkok,13.7632625219754,100.5038229414533,s1petVzAFgzI73J2NH59dQ,2141,0,2471,9,15634,True,s1petVzAFgzI73J2NH59dQ
459,2016,11,351,Bangkok,13.72019514336544,100.5077121800564,9kBfEU6JNKk1WGn2YgUNfg,2427,0,2879,11,15644,True,9kBfEU6JNKk1WGn2YgUNfg
4861,2017,6,230,Bangkok,13.77054417224315,100.5578463973565,2nG4Wu8My8PS2hUkLsVphA,630,0,644,4,15646,True,2nG4Wu8My8PS2hUkLsVphA
3224,2016,8,292,Bangkok,13.75221341128428,100.489351799108,6_ay5Ejqhk1ku0Kv4fqypA,1678,1,4275,1,15648,True,6_ay5Ejqhk1ku0Kv4fqypA
1806,2017,6,426,Bangkok,13.73492221914443,100.5496585884509,2xnuNkHJFdzlCzyGdKHj2Q,209,1,3076,3,15655,True,2xnuNkHJFdzlCzyGdKHj2Q
3448,2017,6,205,Bangkok,13.75422893642464,100.5377679156517,Ucmj19wAmNcjOcJBQGqk-g,1506,2,4276,1,15658,True,Ucmj19wAmNcjOcJBQGqk-g
640,2018,9,359,Bangkok,13.72232061327619,100.5167637574672,PE8-YFqUZJSkSHj77pDsGg,2463,0,2941,3,15661,True,PE8-YFqUZJSkSHj77pDsGg
933,2017,11,451,Bangkok,13.72505482770331,100.5500061028424,kAeKynhtNrdrIpBsCnhc6Q,2755,1,3568,5,15662,True,kAeKynhtNrdrIpBsCnhc6Q
570,2018,9,302,Bangkok,13.72153850791122,100.5296760082386,TLdcbkHhtrKGMEaoB8sIzw,227,0,228,9,15667,True,TLdcbkHhtrKGMEaoB8sIzw
889,2019,9,314,Bangkok,13.72537967363603,100.4994300572251,TVOT-20fPWZUatalv3XgvQ,2472,0,2956,4,15668,True,TVOT-20fPWZUatalv3XgvQ
3796,2011,9,632,Bangkok,13.75838273517669,100.5384797794694,FwMYOJyThqnrgIH7iSTuQw,1763,1,4277,2,15671,True,FwMYOJyThqnrgIH7iSTuQw
3449,2018,7,521,Bangkok,13.75385052400231,100.5365804983072,WPu1roHXkYJwDnpLqZVf-w,1764,3,4278,1,15673,True,WPu1roHXkYJwDnpLqZVf-w
3279,2019,9,334,Bangkok,13.75258149692578,100.5467898234776,JRR6Uiebjjf1IaYtD1H6gg,2824,0,3761,4,15674,True,JRR6Uiebjjf1IaYtD1H6gg
3147,2020,9,331,Bangkok,13.75125888452105,100.5017415848256,hP1kkFu4gHomomNkU098Kg,1238,0,1323,7,15675,True,hP1kkFu4gHomomNkU098Kg
4834,2018,10,115,Bangkok,13.77055010060189,100.533889574222,IVMHRtHCU47iXbqnfhPZqQ,1354,1,4279,2,15685,True,IVMHRtHCU47iXbqnfhPZqQ
756,2018,2,518,Bangkok,13.72412333658317,100.5384156179811,2n7UAmcpvfcq2LXAdGSU6g,931,0,977,11,15690,True,2n7UAmcpvfcq2LXAdGSU6g
4861,2019,9,418,Bangkok,13.77052269735451,100.5578466942872,5zMRAy_l3oMphCIWSHqC2A,630,1,1080,7,15691,True,5zMRAy_l3oMphCIWSHqC2A
3537,2018,9,422,Bangkok,13.75559856267693,100.54528419722,CMIAjhiTlrpdECfXjM_mYQ,2172,0,2514,8,15707,True,CMIAjhiTlrpdECfXjM_mYQ
687,2017,11,44,Bangkok,13.72213294089826,100.5602999208242,mxwtfjMX_z7sISLmjuhPBQ,1027,1,3717,5,15710,True,mxwtfjMX_z7sISLmjuhPBQ
2854,2012,1,638,Bangkok,13.7471335317531,100.5517053906543,NTW5JOI4G3Oe1P0W5qEOtA,2561,1,4059,3,15712,True,NTW5JOI4G3Oe1P0W5qEOtA
573,2019,5,306,Bangkok,13.72183229679122,100.5366919942091,71IzmAee3QGMSbHibFKSog,2419,0,2868,3,15717,True,71IzmAee3QGMSbHibFKSog
2178,2016,11,242,Bangkok,13.7402970202283,100.4878352741368,CaWmDlLbQqzuw1JlbAZeFw,2165,0,2507,4,15720,True,CaWmDlLbQqzuw1JlbAZeFw
2824,2017,6,446,Bangkok,13.74725364328292,100.5283940695295,9cGVR6Gq6rRpLoFGFlJEZA,1781,1,4062,3,15724,True,9cGVR6Gq6rRpLoFGFlJEZA
4202,2017,11,454,Bangkok,13.7635974656642,100.5049979445606,HAcyrdJm4o-FHpF0jNK_ZQ,463,0,471,9,15730,True,HAcyrdJm4o-FHpF0jNK_ZQ
3082,2011,9,346,Bangkok,13.75031705480111,100.5157613699967,N9AVRgmRu3y2kAPKo9H3cw,2360,1,4280,1,15731,True,N9AVRgmRu3y2kAPKo9H3cw
2322,2011,9,459,Bangkok,13.74110371467602,100.5396188553749,oTRFQDuq_nIvNFYBbzKCow,364,2,2274,11,15733,True,oTRFQDuq_nIvNFYBbzKCow
190,2018,10,304,Bangkok,13.71722748445428,100.4997285462462,Jgt05wBBs_ffD5jWv7fzCA,2073,1,3056,3,15735,True,Jgt05wBBs_ffD5jWv7fzCA
3978,2020,9,548,Bangkok,13.76027177938714,100.5467589131034,WllTQg4gcibZpGBmwY647g,2566,1,4281,1,15737,True,WllTQg4gcibZpGBmwY647g
49,2020,8,123,Bangkok,13.71519562733742,100.532707784255,_SPc15-VH90wEcmKWQdHcg,1168,0,1242,3,15738,True,_SPc15-VH90wEcmKWQdHcg
3449,2017,6,326,Bangkok,13.75385713897109,100.5365579812194,CO2uTie5IF3uD4JJ2u_25w,1764,0,1967,4,15743,True,CO2uTie5IF3uD4JJ2u_25w
2903,2018,2,250,Bangkok,13.74821479864553,100.5156520301465,b0wlrGIkwvg2Pi-kjkDLgg,2537,1,4282,1,15744,True,b0wlrGIkwvg2Pi-kjkDLgg
1306,2018,10,130,Bangkok,13.73017421121901,100.4889390445822,KkDBPYZcJVCikJYLzs8QMg,2361,1,4283,1,15750,True,KkDBPYZcJVCikJYLzs8QMg
3375,2018,7,259,Bangkok,13.75311475176439,100.5486924627236,BXjndYXXBdO7HFc7PXXXGg,658,0,676,9,15757,True,BXjndYXXBdO7HFc7PXXXGg
4104,2017,5,606,Bangkok,13.76216391588171,100.50178005696,EFA-9E_Ynr8x82C4rNc2Kw,2020,0,2310,6,15759,True,EFA-9E_Ynr8x82C4rNc2Kw
1687,2011,9,415,Bangkok,13.73441988000009,100.5148095546776,Gf2FpRXNRQ2lKiBNHizH_g,1397,0,1501,3,15766,True,Gf2FpRXNRQ2lKiBNHizH_g
3168,2017,6,190,Bangkok,13.75106869822306,100.516685494727,Q0P2MdBW4O2zB3N-9aNOgA,2228,1,4228,3,15768,True,Q0P2MdBW4O2zB3N-9aNOgA
4441,2016,11,446,Bangkok,13.76623112069622,100.4837879197341,LBfsIhaJNfhtXBDzUMEm9Q,1936,0,2189,5,15769,True,LBfsIhaJNfhtXBDzUMEm9Q
659,2020,9,304,Bangkok,13.72217140091693,100.5327626876134,_h4xO745wTlUVDyTueXoLw,1854,0,2082,4,15771,True,_h4xO745wTlUVDyTueXoLw
4433,2019,4,591,Bangkok,13.76536589723811,100.5667581977144,ujtaV25qSFAAXvFJgebEeA,2186,0,2536,3,15777,True,ujtaV25qSFAAXvFJgebEeA
4427,2020,8,580,Bangkok,13.76533478022783,100.5614686784176,gORQooxDKk4NiptKtx1YWg,2063,1,4284,1,15785,True,gORQooxDKk4NiptKtx1YWg
241,2020,8,201,Bangkok,13.7169923716636,100.5507905259712,faJO2swbxejRo96BWGs6cg,2686,1,4285,1,15786,True,faJO2swbxejRo96BWGs6cg
311,2018,2,264,Bangkok,13.71796291656053,100.5338324847214,On4RB8trwPM2gx4zBeW8Ig,1542,1,2066,5,15796,True,On4RB8trwPM2gx4zBeW8Ig
4308,2018,10,449,Bangkok,13.76394614881915,100.5265012220792,ZB5jD5zE3icggQY3K6ziWA,1144,0,1213,5,15797,True,ZB5jD5zE3icggQY3K6ziWA
4372,2018,2,299,Bangkok,13.76517586124496,100.5076341017884,yvMgNTZLFs68cHQu_W5B6g,2215,2,4286,1,15805,True,yvMgNTZLFs68cHQu_W5B6g
922,2020,9,250,Bangkok,13.72511226835265,100.534473555126,vY_whf6eOOxU00Cpyy49UA,1188,0,1265,6,15806,True,vY_whf6eOOxU00Cpyy49UA
3217,2020,8,427,Bangkok,13.7522663235524,100.483592032703,NyKMtLqZhqgfNtDuD4aCZg,317,0,318,10,15809,True,NyKMtLqZhqgfNtDuD4aCZg
2261,2019,9,463,Bangkok,13.74087947151251,100.4848438639671,ZL2t2H74y0kYrm3BSMfaeg,2470,0,2954,7,15811,True,ZL2t2H74y0kYrm3BSMfaeg
3381,2011,12,328,Bangkok,13.75349928490404,100.5608080258299,-dekEyWTys-tQfygoB8w_Q,1335,0,1431,10,15813,True,-dekEyWTys-tQfygoB8w_Q
466,2011,9,473,Bangkok,13.72021753796613,100.5158622145173,VGWmC0uJdNejA8fVcbQzZg,2582,0,3166,4,15823,True,VGWmC0uJdNejA8fVcbQzZg
3579,2020,9,345,Bangkok,13.75583233024024,100.4975578871666,LtvihmYISJGhTngfbfV5UQ,2344,0,2760,7,15825,True,LtvihmYISJGhTngfbfV5UQ
538,2014,10,293,Bangkok,13.72124608863059,100.5007563175255,AzVSbm0FoEvJJMkyb8rw_Q,950,0,998,12,15832,True,AzVSbm0FoEvJJMkyb8rw_Q
1790,2016,10,507,Bangkok,13.7352139131803,100.5276771105244,NI8QyWssI0WN8LQy5vl5PQ,2574,0,3153,6,15833,True,NI8QyWssI0WN8LQy5vl5PQ
1258,2019,8,212,Bangkok,13.72928706611374,100.5288140365209,rVTYWpYhD04ZkWoJDGAMlw,464,0,472,4,15835,True,rVTYWpYhD04ZkWoJDGAMlw
2460,2011,9,418,Bangkok,13.74328186784497,100.5056552264968,zG6X27d7A700V4Q9y5ZtXw,1076,0,1137,5,15840,True,zG6X27d7A700V4Q9y5ZtXw
2770,2020,8,457,Bangkok,13.74623813902736,100.5515516335846,Zhkg3YG23VcHrbuCQB5Xeg,2841,1,4227,3,15842,True,Zhkg3YG23VcHrbuCQB5Xeg
1264,2018,9,303,Bangkok,13.72914378850205,100.5316414359498,AyOXUuzyklAF5fOpZnfelg,1989,1,4288,1,15843,True,AyOXUuzyklAF5fOpZnfelg
12,2017,10,530,Bangkok,13.71507020106261,100.4962109894129,fz-Bq_L8Z3mSJkZsMmjiDw,222,1,812,5,15852,True,fz-Bq_L8Z3mSJkZsMmjiDw
4295,2020,8,569,Bangkok,13.76405301665289,100.5125602430803,_P9QUi4tGAq3Cf1Ev8o0hA,1525,1,2793,5,15856,True,_P9QUi4tGAq3Cf1Ev8o0hA
4319,2019,4,445,Bangkok,13.76422301735925,100.5426717985937,K8BbLI9hc22dsp7ynFIGgQ,2855,1,4289,2,15872,True,K8BbLI9hc22dsp7ynFIGgQ
3487,2017,6,252,Bangkok,13.75585894493854,100.4908914561592,IGWrdG7RpztdT8GoIngCug,2061,0,2360,7,15873,True,IGWrdG7RpztdT8GoIngCug
4577,2019,2,364,Bangkok,13.76722872287129,100.5396804407551,7Y_eYKpTx-mnSDRsxoxOzQ,1676,0,1857,8,15893,True,7Y_eYKpTx-mnSDRsxoxOzQ
4053,2018,10,294,Bangkok,13.76062585816064,100.5357876155345,TC-P-NuiOM56vSHdR7mU0g,1377,0,1478,12,15905,True,TC-P-NuiOM56vSHdR7mU0g
360,2016,11,207,Bangkok,13.7191897606,100.4957681146922,QsCVBEwhn985_VbENrf3bQ,2538,0,3081,4,15909,True,QsCVBEwhn985_VbENrf3bQ
4846,2017,11,476,Bangkok,13.76902075089259,100.5454893421377,7oQMpFkce1Yp1c4g76VVWQ,1706,1,2325,4,15910,True,7oQMpFkce1Yp1c4g76VVWQ
1647,2016,10,655,Bangkok,13.73325990928138,100.5627457390381,PFYlTytXrxhVGpMnOE_4NA,971,1,3648,4,15916,True,PFYlTytXrxhVGpMnOE_4NA
3780,2020,9,368,Bangkok,13.75856502875562,100.5237171282754,PsbZazBj_xEwxJwRt9G4Vg,2524,0,3054,7,15924,True,PsbZazBj_xEwxJwRt9G4Vg
4289,2020,8,396,Bangkok,13.76446339479343,100.5100135141246,8QCMNOvai24ug3FngPTDxw,324,0,327,7,15926,True,8QCMNOvai24ug3FngPTDxw
587,2020,8,263,Bangkok,13.72132181655209,100.5457697903902,K65lzfm69l-m9u3AUr5-1w,1302,1,2574,6,15940,True,K65lzfm69l-m9u3AUr5-1w
2728,2014,9,432,Bangkok,13.74633059859955,100.5162283842088,fM3z8Yu7MOBndp5AhSRw1g,2032,1,4290,2,15947,True,fM3z8Yu7MOBndp5AhSRw1g
1009,2020,9,413,Bangkok,13.72637482499587,100.5310191577564,BwB-eF6WJD9RmdN2gVHdew,2065,0,2366,4,15949,True,BwB-eF6WJD9RmdN2gVHdew
3582,2019,5,372,Bangkok,13.75649254967777,100.4998051220575,vJXjo-4O61pGvEOkc11RtA,208,0,208,5,15953,True,vJXjo-4O61pGvEOkc11RtA
1790,2017,9,307,Bangkok,13.73524501717306,100.5276615802775,XaxQXnTSLMZvRneCO77phQ,2574,1,4292,1,15958,True,XaxQXnTSLMZvRneCO77phQ
4523,2019,4,276,Bangkok,13.76612323035008,100.565676469117,wawVdJ7HW7ERfB1b2Xr_iQ,1815,1,3589,3,15959,True,wawVdJ7HW7ERfB1b2Xr_iQ
446,2019,8,395,Bangkok,13.72040831163326,100.4927426011895,PAmnKlsRV4mPY7zoM2Xn6g,2479,0,2966,6,15979,True,PAmnKlsRV4mPY7zoM2Xn6g
2379,2011,9,389,Bangkok,13.74227224040403,100.5139590185319,IHFF1YYAyVcBCVT9KVf1XQ,830,1,4293,1,15981,True,IHFF1YYAyVcBCVT9KVf1XQ
2151,2011,12,406,Bangkok,13.73943209835169,100.5497892611835,NXN8eDh6DRpqIRnVRLBEAg,445,2,3927,4,15983,True,NXN8eDh6DRpqIRnVRLBEAg
4380,2016,8,650,Bangkok,13.76527439464604,100.5145939150957,EL48V4okG537bgxWnATCMg,1957,0,2218,6,15984,True,EL48V4okG537bgxWnATCMg
3255,2018,9,393,Bangkok,13.75205832126633,100.5166895954983,fVxvHsSowGlVJeSfRAPW8A,1658,0,1830,4,15993,True,fVxvHsSowGlVJeSfRAPW8A
750,2017,5,199,Bangkok,13.72347961172385,100.5316053535426,c2bJmjV4A9bwA7OUWTsafg,1057,1,4294,1,15994,True,c2bJmjV4A9bwA7OUWTsafg
1330,2017,11,131,Bangkok,13.73106263973871,100.5060042100934,fnW_rjeEG2rKMnDnWiBB6w,1224,0,1307,11,15997,True,fnW_rjeEG2rKMnDnWiBB6w
2727,2017,6,303,Bangkok,13.74620642648502,100.5127040957166,e9vRDVUs5CHSt-8PXRe_dg,2432,0,2888,8,16003,True,e9vRDVUs5CHSt-8PXRe_dg
1517,2016,10,268,Bangkok,13.73215444669501,100.5267250152821,bwVMbix6G_lflqfTYlAiIQ,2085,1,3864,3,16005,True,bwVMbix6G_lflqfTYlAiIQ
1908,2016,10,394,Bangkok,13.73623020197284,100.5627288110726,EwPSKx99VccGdxQ2mYRXPQ,1783,0,1991,8,16006,True,EwPSKx99VccGdxQ2mYRXPQ
268,2020,9,530,Bangkok,13.71815104781094,100.4907578086037,CuvcLsQtXRJsLMiAkX3qrA,2544,0,3092,4,16007,True,CuvcLsQtXRJsLMiAkX3qrA
4119,2017,11,152,Bangkok,13.76089480537106,100.5165325717081,dBTsXFvdyboZ8Qo5BRV7Cw,297,1,3483,9,16009,True,dBTsXFvdyboZ8Qo5BRV7Cw
574,2020,9,424,Bangkok,13.72125634464553,100.5337080680138,l8MMYWMsvUwbSGI7c6tJ_Q,2124,0,2445,6,16012,True,l8MMYWMsvUwbSGI7c6tJ_Q
661,2011,12,232,Bangkok,13.72217318584298,100.5377490533749,JKDahNnNvMVF0XZzQa738w,2033,0,2329,4,16015,True,JKDahNnNvMVF0XZzQa738w
1085,2016,10,245,Bangkok,13.72734606818005,100.5250380898142,Q5b2xTD1p1o_Gle5LW6-3Q,2521,0,3047,7,16020,True,Q5b2xTD1p1o_Gle5LW6-3Q
2098,2019,9,684,Bangkok,13.73869555355483,100.4959618078943,qQQAmj93NU_m-SqZaJScNg,272,2,4295,1,16022,True,qQQAmj93NU_m-SqZaJScNg
1696,2017,11,155,Bangkok,13.73417368136937,100.5257371298964,Wjjsp-JGkGXeLRcNXCvqxA,127,0,127,12,16023,True,Wjjsp-JGkGXeLRcNXCvqxA
3813,2019,5,477,Bangkok,13.75820070384865,100.5556867356905,a4nPW4Of_aSQ8fdTQjQrpw,2865,1,4035,3,16027,True,a4nPW4Of_aSQ8fdTQjQrpw
4284,2019,5,347,Bangkok,13.76437741170606,100.5054518708496,X2VAPw2Y2kZYhaKaabHguQ,1557,0,1700,10,16040,True,X2VAPw2Y2kZYhaKaabHguQ
229,2011,12,225,Bangkok,13.71708474268274,100.5388579983574,ugS6SKypZHnysdQ-RckKdw,1294,1,4296,2,16043,True,ugS6SKypZHnysdQ-RckKdw
2214,2019,5,590,Bangkok,13.74026712960243,100.5216515184413,MTIApbHZc-PrbtLBKbtpRA,2238,0,2609,5,16044,True,MTIApbHZc-PrbtLBKbtpRA
2067,2017,6,176,Bangkok,13.73819774587686,100.5507010574416,kS6O1wOneVwb1aEuqFq6BA,1547,0,1687,5,16045,True,kS6O1wOneVwb1aEuqFq6BA
4238,2019,9,415,Bangkok,13.76323375355434,100.548598553905,gXbEUeKCTtoydmZxChVlcg,2364,1,3697,5,16049,True,gXbEUeKCTtoydmZxChVlcg
2099,2018,2,473,Bangkok,13.73874989858258,100.4920897735815,imQMisQzYdn_gaWzLEFY5Q,795,1,4297,1,16053,True,imQMisQzYdn_gaWzLEFY5Q
2792,2018,2,207,Bangkok,13.74733934673255,100.4956801783247,g7021gYoHE2CwUufC-36Pg,275,1,1800,3,16071,True,g7021gYoHE2CwUufC-36Pg
3169,2018,1,358,Bangkok,13.75115630705966,100.5198720868424,6R4GVNi47fcGvvAIMymNGg,1648,0,1819,6,16076,True,6R4GVNi47fcGvvAIMymNGg
486,2011,12,289,Bangkok,13.72033615346274,100.5386726344923,gff7n3aWrbvEnn8Yszx8hw,2281,0,2669,3,16078,True,gff7n3aWrbvEnn8Yszx8hw
1556,2018,3,459,Bangkok,13.73218734639948,100.5609767650597,4RPS9cBqYEUGLLt-6-0T2A,192,0,192,3,16082,True,4RPS9cBqYEUGLLt-6-0T2A
3375,2020,9,429,Bangkok,13.75308443154534,100.5486708220068,oYQ4_y6_sDMQImflj705pQ,658,3,3165,6,16088,True,oYQ4_y6_sDMQImflj705pQ
2054,2017,9,368,Bangkok,13.73822627919472,100.534634330417,vBkRf_EM9oiBn4OndxbBhg,2322,0,2724,8,16090,True,vBkRf_EM9oiBn4OndxbBhg
2349,2016,10,448,Bangkok,13.74124189965749,100.5676248139909,1pyOvBn6yQhV-GLjw_rOsQ,357,0,362,7,16098,True,1pyOvBn6yQhV-GLjw_rOsQ
124,2019,6,399,Bangkok,13.71619587845276,100.520615701142,w8QRFJK2MIJfN1q03ojSEA,75,1,4299,1,16107,True,w8QRFJK2MIJfN1q03ojSEA
888,2020,9,241,Bangkok,13.72524002015582,100.5017974655735,rnfLeVdP8vBa2CL32PNhxA,2000,1,2324,5,16108,True,rnfLeVdP8vBa2CL32PNhxA
4756,2011,12,676,Bangkok,13.76939754859206,100.5394497853571,s7DOnMinXm3FF9xtR25WUQ,2283,1,4300,1,16110,True,s7DOnMinXm3FF9xtR25WUQ
4099,2019,9,196,Bangkok,13.76227621624429,100.4937635118987,jGvqivCNjRRz94G2FWRV9Q,1328,0,1423,7,16111,True,jGvqivCNjRRz94G2FWRV9Q
3141,2019,5,396,Bangkok,13.75113276584481,100.4947548972046,V0uhDvIpvESGsgzech_64g,1378,0,1479,6,16114,True,V0uhDvIpvESGsgzech_64g
3139,2014,9,137,Bangkok,13.75119467354337,100.4895199252769,vYqUXpIeT8CGUY_fSbsf_g,1282,3,2791,6,16117,True,vYqUXpIeT8CGUY_fSbsf_g
1742,2019,6,257,Bangkok,13.73417133136623,100.5698231021077,Gnvz9VhkCCQ1xiDN1MVT3w,764,0,793,5,16131,True,Gnvz9VhkCCQ1xiDN1MVT3w
3430,2019,5,272,Bangkok,13.75435828359077,100.5157469345675,DDxBsxHUGj-4RHIGDUjpxA,2609,1,4302,1,16133,True,DDxBsxHUGj-4RHIGDUjpxA
4545,2018,1,181,Bangkok,13.76728140006361,100.5057938976439,Xm1psXPfU6p5reJ7_9Hhnw,216,1,1945,8,16141,True,Xm1psXPfU6p5reJ7_9Hhnw
3069,2017,6,513,Bangkok,13.75014121230863,100.504983369021,7l6lyFf6sN-Vr90rWutsDw,1474,4,4304,1,16146,True,7l6lyFf6sN-Vr90rWutsDw
512,2017,11,78,Bangkok,13.72040047776551,100.5637925883351,6_TsVxjvoKw5R-QJd5ALUw,2376,1,4305,3,16148,True,6_TsVxjvoKw5R-QJd5ALUw
4174,2020,8,318,Bangkok,13.76226497981124,100.5657061688803,nHYIr9-V1RcsMHeu9gB0pw,2796,1,4306,1,16164,True,nHYIr9-V1RcsMHeu9gB0pw
1887,2019,5,615,Bangkok,13.73621391529797,100.5463874711171,MBuiYEt1YtPlwootBrPTOw,1696,0,1881,9,16169,True,MBuiYEt1YtPlwootBrPTOw
164,2016,11,392,Bangkok,13.71642554765541,100.5607325782914,1lloY7KzmtIOMaj1k3HeZg,2812,0,3721,4,16171,True,1lloY7KzmtIOMaj1k3HeZg
4676,2017,11,288,Bangkok,13.76811167943831,100.5449559673723,ADcZG9cN7hcz9y5Rq6wsCQ,641,0,655,6,16178,True,ADcZG9cN7hcz9y5Rq6wsCQ
2922,2017,9,52,Bangkok,13.74943908708631,100.5331006920937,GTQLebpD98TYfFitXGZlwA,2313,0,2715,5,16186,True,GTQLebpD98TYfFitXGZlwA
4456,2020,8,491,Bangkok,13.76606808984509,100.4970286670711,pLpMyXQG2UlmFTxam6tfBA,2586,2,4307,1,16187,True,pLpMyXQG2UlmFTxam6tfBA
1192,2019,5,493,Bangkok,13.72884785520146,100.5459350272608,HvmS7o2t8wYFOSei-NW6vA,1916,1,4308,1,16196,True,HvmS7o2t8wYFOSei-NW6vA
4269,2018,11,399,Bangkok,13.76406763161904,100.4877668634219,hIN7KYbLOLuEJwajZvOM-w,1773,2,4309,2,16198,True,hIN7KYbLOLuEJwajZvOM-w
1090,2011,9,125,Bangkok,13.72736376639528,100.5259386979868,Xf0H7pLGEe_AfRzhrqbKrw,2397,2,4310,2,16206,True,Xf0H7pLGEe_AfRzhrqbKrw
460,2011,9,369,Bangkok,13.72034754027707,100.5067307521862,xr1wzSBbNNiUucKBP2YQ5Q,1431,0,1543,10,16212,True,xr1wzSBbNNiUucKBP2YQ5Q
3405,2017,11,384,Bangkok,13.75365884231645,100.4995908916374,pY70gNcrRtIkliU_j3MZcw,872,1,4311,1,16215,True,pY70gNcrRtIkliU_j3MZcw
3225,2018,2,421,Bangkok,13.75314710709023,100.4947324147832,mBuj54PjhjimrJMPPgT42w,2142,1,3181,4,16217,True,mBuj54PjhjimrJMPPgT42w
412,2019,5,262,Bangkok,13.71912366853117,100.5501308692606,WIfHOOuHvI6i-3X7i26TPA,984,0,1036,6,16218,True,WIfHOOuHvI6i-3X7i26TPA
318,2020,8,362,Bangkok,13.71839901782586,100.5408236237988,PXbiD6jDhVhN7Uuv3ubUMw,1586,2,4312,1,16220,True,PXbiD6jDhVhN7Uuv3ubUMw
2637,2019,6,164,Bangkok,13.74524548661495,100.5117369099858,X9ldgHnbsuV5B1NRAwPJiw,2895,0,4133,3,16227,True,X9ldgHnbsuV5B1NRAwPJiw
2962,2017,11,246,Bangkok,13.74948438657076,100.4897589538103,pqAwgeCTmSGmjdi61wwe2g,1901,0,2142,15,16228,True,pqAwgeCTmSGmjdi61wwe2g
4721,2017,5,444,Bangkok,13.76889136036013,100.5030487977158,UySdWoAeQoXgoQAcRTZFqQ,2460,0,2938,9,16229,True,UySdWoAeQoXgoQAcRTZFqQ
531,2016,11,353,Bangkok,13.72121236864463,100.494747547418,KmF5-K2mNj4YrUNw9fVaYg,1134,0,1201,8,16231,True,KmF5-K2mNj4YrUNw9fVaYg
2302,2019,7,451,Bangkok,13.74125617741152,100.5226537367053,QWJ65WtvFExtb7U2m5Ny5Q,733,0,760,6,16244,True,QWJ65WtvFExtb7U2m5Ny5Q
2542,2014,9,508,Bangkok,13.74443804485763,100.5038178339843,oA3bUg-a_qhA3s3Fe9cqTA,1087,0,1148,7,16249,True,oA3bUg-a_qhA3s3Fe9cqTA
3297,2018,9,276,Bangkok,13.75168641845912,100.5625812367624,5gfgfofp35AGnjO5UYxwSA,2050,0,2347,6,16254,True,5gfgfofp35AGnjO5UYxwSA
4235,2019,2,341,Bangkok,13.76327995491506,100.5417525660579,AzQyo6J6Vhe6MCpJYv6VSQ,1847,0,2071,10,16255,True,AzQyo6J6Vhe6MCpJYv6VSQ
773,2017,6,417,Bangkok,13.723493263466,100.5635251695772,svW3BAewZPyqqG_HbGkV1g,2431,1,4313,2,16262,True,svW3BAewZPyqqG_HbGkV1g
4471,2019,2,295,Bangkok,13.76521245602468,100.5182566160743,v9GOajyGy4FqXbk1cGtYEA,1379,0,1480,8,16267,True,v9GOajyGy4FqXbk1cGtYEA
592,2017,11,412,Bangkok,13.72180437723314,100.5549004631838,rTCh-YPTIPRPDv9t_3blfQ,820,0,857,11,16269,True,rTCh-YPTIPRPDv9t_3blfQ
4606,2011,12,475,Bangkok,13.76720505284885,100.5658778385357,KeqjTfwdn1OIGUtEs4eAUQ,631,1,3147,3,16273,True,KeqjTfwdn1OIGUtEs4eAUQ
2759,2020,8,324,Bangkok,13.74646124955876,100.5459455987414,C74De70YOqr3r3ko4lj-7Q,1156,0,1226,6,16284,True,C74De70YOqr3r3ko4lj-7Q
1816,2020,8,286,Bangkok,13.73526498893718,100.5570705888955,THvDw5T80oJqgK7ruszJlg,1343,1,4314,1,16288,True,THvDw5T80oJqgK7ruszJlg
4154,2018,1,446,Bangkok,13.76209489132427,100.5506840766852,oS0rQAx0lJZqRgX6u3SyGg,396,2,4315,1,16297,True,oS0rQAx0lJZqRgX6u3SyGg
3622,2018,7,676,Bangkok,13.75643267224303,100.5363206291156,wrTTDbJySJ_s-ZEFWiQiNQ,281,2,4316,1,16299,True,wrTTDbJySJ_s-ZEFWiQiNQ
1118,2019,9,359,Bangkok,13.72755474555396,100.5600458411341,HF6hpkIr_d4S9XbC1UL1CA,339,0,344,10,16301,True,HF6hpkIr_d4S9XbC1UL1CA
3349,2011,9,480,Bangkok,13.75297732096291,100.5236591844621,u_PeBoNguSya560IglqKfA,2805,0,3702,5,16314,True,u_PeBoNguSya560IglqKfA
1924,2019,5,207,Bangkok,13.73727403294096,100.4986960465693,YdXXSpKciOsRohJrDxHv2w,2874,0,3975,6,16317,True,YdXXSpKciOsRohJrDxHv2w
3419,2018,1,215,Bangkok,13.75417666782099,100.5098327958043,bbmrKUpeImKoLvojMVBSug,2456,2,4317,1,16319,True,bbmrKUpeImKoLvojMVBSug
1991,2018,10,518,Bangkok,13.73719422793028,100.5628524392843,Vbpo0BZ36UrNeFGzdjkOsg,232,0,233,8,16323,True,Vbpo0BZ36UrNeFGzdjkOsg
1647,2017,6,457,Bangkok,13.73326542079351,100.5627311238927,XTG3z9dYU14Yj46R7EoN4A,971,0,1022,3,16327,True,XTG3z9dYU14Yj46R7EoN4A
614,2018,5,64,Bangkok,13.72236397418349,100.4894506617146,jhZc8PTr14LW7xV-HJHnVw,26,1,4318,1,16337,True,jhZc8PTr14LW7xV-HJHnVw
3876,2016,11,405,Bangkok,13.75924847435473,100.5296398717764,KjxubtyLVevjjSyrnceAYA,1617,0,1778,5,16345,True,KjxubtyLVevjjSyrnceAYA
607,2020,8,288,Bangkok,13.7213461342002,100.5696924442502,Re2nXbO0FIH2hDXSBhYIJA,2505,2,4199,3,16346,True,Re2nXbO0FIH2hDXSBhYIJA
517,2020,9,223,Bangkok,13.72139840474234,100.4838784496531,XtckQ2C6b3JHweCfW2id7Q,1884,1,4124,3,16351,True,XtckQ2C6b3JHweCfW2id7Q
1487,2018,9,127,Bangkok,13.73221414713748,100.4935596587513,X6PzjOdA50mUc3gK7yuKFw,1896,1,4319,1,16352,True,X6PzjOdA50mUc3gK7yuKFw
1286,2019,11,203,Bangkok,13.72898691911002,100.5523361518665,JEnex-yUJjJWejRm2e9yNg,577,1,1494,4,16356,True,JEnex-yUJjJWejRm2e9yNg
1000,2018,9,327,Bangkok,13.72616470077768,100.5253369147299,7X-mEjchGcEWrBIfkF8rZA,2468,0,2951,5,16357,True,7X-mEjchGcEWrBIfkF8rZA
2252,2018,9,492,Bangkok,13.74017208991839,100.5601467894889,KG6lKdvzVgea462DWZkGRA,892,0,934,3,16359,True,KG6lKdvzVgea462DWZkGRA
2064,2016,11,317,Bangkok,13.7382283705038,100.5530586494,H93b6QbKJbcmkyMsX400wA,2880,1,4320,1,16360,True,H93b6QbKJbcmkyMsX400wA
2325,2016,11,189,Bangkok,13.7411669195358,100.5470559067889,fBoEuObD0_g38cZOwCX9_A,2379,0,2815,9,16363,True,fBoEuObD0_g38cZOwCX9_A
18,2019,5,519,Bangkok,13.71524527927149,100.5017197650244,HZ7zsA2HQ-s1jzrKxnZuFg,2668,2,4321,2,16369,True,HZ7zsA2HQ-s1jzrKxnZuFg
2153,2020,1,334,Bangkok,13.73915818735222,100.5491730786039,cRTyg6CshW4_J3iKbKaHnQ,1137,1,1955,6,16373,True,cRTyg6CshW4_J3iKbKaHnQ
2377,2011,9,273,Bangkok,13.74231178468448,100.5127267433379,QswkJhKndbIvgKLWfCAU_A,2695,0,3412,4,16385,True,QswkJhKndbIvgKLWfCAU_A
2405,2018,9,206,Bangkok,13.74207527116711,100.5397718333142,SinqMsDm_9LROwPLopCTxg,529,1,1383,10,16387,True,SinqMsDm_9LROwPLopCTxg
2170,2017,6,483,Bangkok,13.739148469479,100.5631242434266,EsrBp2IKgskfbec4llpPuA,553,1,4322,1,16390,True,EsrBp2IKgskfbec4llpPuA
3386,2019,5,330,Bangkok,13.75332044519108,100.5637562481329,vuru5cHcW6Rj48lYwIQM-w,2680,0,3376,4,16391,True,vuru5cHcW6Rj48lYwIQM-w
4719,2020,8,624,Bangkok,13.769215055286,100.504706399585,W4ciaraAAEJR-t6MeSDaCw,744,2,4323,1,16396,True,W4ciaraAAEJR-t6MeSDaCw
1468,2019,9,235,Bangkok,13.73122952555438,100.5596682382281,8YspypgBhJoZ14k3Z9OcCA,1792,1,2169,8,16399,True,8YspypgBhJoZ14k3Z9OcCA
4490,2017,11,136,Bangkok,13.76579858662414,100.5364721502378,Eut1OQ-QBHrYMzGol1Sctw,1576,0,1725,13,16402,True,Eut1OQ-QBHrYMzGol1Sctw
501,2011,12,244,Bangkok,13.72025161868068,100.5498563188847,akz9CAWrEsS5aXUkQ-FTOA,2736,1,4324,1,16404,True,akz9CAWrEsS5aXUkQ-FTOA
1083,2019,6,323,Bangkok,13.7270812236426,100.5165927540827,Em99kl-JITqpql04XzZN7A,2572,2,4325,2,16413,True,Em99kl-JITqpql04XzZN7A
2624,2020,9,378,Bangkok,13.74522212747634,100.4986597827669,K0dFj_n1s2XP_lRx3xQMeQ,307,0,308,10,16422,True,K0dFj_n1s2XP_lRx3xQMeQ
4191,2016,8,285,Bangkok,13.76331362476946,100.5017899370334,ysBtRpLIQk5oyJqKDNWxBA,1457,0,1574,7,16429,True,ysBtRpLIQk5oyJqKDNWxBA
2823,2018,9,349,Bangkok,13.74716870918046,100.5227834768091,ekmHyFNR-C667Q7AqI_LPg,991,1,2944,4,16433,True,ekmHyFNR-C667Q7AqI_LPg
397,2019,5,553,Bangkok,13.7192573577179,100.5327194521595,s3j9Ry8NDPPdu3aivqADDg,2866,1,4326,2,16435,True,s3j9Ry8NDPPdu3aivqADDg
290,2018,6,420,Bangkok,13.71896569101321,100.5129358304433,nvYGRrGuJurzRQwxiScCjg,1161,0,1232,14,16445,True,nvYGRrGuJurzRQwxiScCjg
3700,2019,5,559,Bangkok,13.75712295123989,100.5267292526752,OU4Aco1I1WtTs0x0_aEEoA,1710,2,4327,1,16447,True,OU4Aco1I1WtTs0x0_aEEoA
3080,2011,9,507,Bangkok,13.7503168151817,100.5193701667279,NBGchphnbJEsmiJQtywYWw,471,1,1859,6,16452,True,NBGchphnbJEsmiJQtywYWw
1894,2017,6,229,Bangkok,13.73617278085083,100.5487311919385,CjUcPhK9HFprEd83igoyhg,2717,2,4328,1,16461,True,CjUcPhK9HFprEd83igoyhg
469,2020,9,32,Bangkok,13.72017453553237,100.5186401610033,FlOWicadWkUGP44gT6hxHQ,2197,0,2551,5,16465,True,FlOWicadWkUGP44gT6hxHQ
2713,2018,9,508,Bangkok,13.74600481574055,100.4986427702498,Wj_MN9sEP1IJKm9T1kKHQA,2737,0,3499,6,16468,True,Wj_MN9sEP1IJKm9T1kKHQA
1941,2018,2,414,Bangkok,13.73781573569858,100.5080899950937,ihtYD3jR4m8wy-FzQSquRA,2199,0,2554,10,16476,True,ihtYD3jR4m8wy-FzQSquRA
817,2019,8,517,Bangkok,13.72441263232385,100.5185767000245,dr5s2_JyjJdJ1oW94cJFIQ,2348,0,2767,4,16489,True,dr5s2_JyjJdJ1oW94cJFIQ
2010,2019,5,505,Bangkok,13.73824660659587,100.4907168645243,MmBVSLbUUAYezjNk7LU85g,1293,0,1386,7,16493,True,MmBVSLbUUAYezjNk7LU85g
3274,2018,10,684,Bangkok,13.75209312463885,100.5370182553965,NYguPV81T8RCCyaFN4_pwg,200,0,200,3,16498,True,NYguPV81T8RCCyaFN4_pwg
3162,2018,9,693,Bangkok,13.7513135613195,100.5135968714271,HgHV0HNLpQ603plYMM0rzw,1874,1,4329,1,16513,True,HgHV0HNLpQ603plYMM0rzw
2128,2019,5,396,Bangkok,13.73917313286744,100.5195802056712,1XhlHDUX7jF08oGhWuESNQ,1376,0,1477,8,16521,True,1XhlHDUX7jF08oGhWuESNQ
4755,2018,3,179,Bangkok,13.76924149116564,100.5367710549231,jS_5nrUJTqBCg2Bdg_kQBQ,2169,0,2511,4,16524,True,jS_5nrUJTqBCg2Bdg_kQBQ
1334,2020,9,366,Bangkok,13.7302349396494,100.5096935933672,toVozw6CYylyCHxtG3mlXQ,1960,0,2221,11,16526,True,toVozw6CYylyCHxtG3mlXQ
4312,2019,9,306,Bangkok,13.76443375481737,100.5372712417172,6YWAC7Mhh5bfgGKaQCDO-g,1529,0,1665,16,16532,True,6YWAC7Mhh5bfgGKaQCDO-g
464,2016,8,90,Bangkok,13.7193690732406,100.5124428378107,294WOscAVySiV_RPb2gxeQ,840,0,879,13,16545,True,294WOscAVySiV_RPb2gxeQ
667,2016,11,479,Bangkok,13.72247188391784,100.5445801078844,UYYW3uNpYH2bmfHXO4qr0Q,2786,1,4330,2,16548,True,UYYW3uNpYH2bmfHXO4qr0Q
184,2019,8,150,Bangkok,13.71717701133345,100.493762753048,zv9TmXE2Ddj0kh8cAKPwRA,47,0,47,7,16557,True,zv9TmXE2Ddj0kh8cAKPwRA
4638,2018,9,510,Bangkok,13.76881880873549,100.5099676007834,-pTnnZwwPE4IxgMy9Qjrng,2337,0,2746,6,16560,True,-pTnnZwwPE4IxgMy9Qjrng
3367,2020,9,228,Bangkok,13.75341592879945,100.5468621297908,ypxBZI-SWfO2UgRJjNH3qw,2882,0,4037,5,16561,True,ypxBZI-SWfO2UgRJjNH3qw
1020,2017,11,663,Bangkok,13.726277449274,100.5487485036819,f4ClSNxrTqqllE5BC1stzQ,1430,1,1608,5,16563,True,f4ClSNxrTqqllE5BC1stzQ
4239,2020,8,385,Bangkok,13.76280425387746,100.550413435965,VIWqAbI7zD3nCazoM0e5Lg,2510,0,3031,9,16565,True,VIWqAbI7zD3nCazoM0e5Lg
949,2017,11,317,Bangkok,13.72527595680042,100.5602988050307,PwCVVopA28bML8IYJ3rnAQ,2433,0,2889,10,16568,True,PwCVVopA28bML8IYJ3rnAQ
3161,2017,11,218,Bangkok,13.75128543385304,100.5107623461599,sQjFkYuzlJ77n-zI9Ih19w,2552,1,3745,4,16569,True,sQjFkYuzlJ77n-zI9Ih19w
964,2018,10,116,Bangkok,13.72610846215119,100.4967881700669,KHnEKdRjnSIXujky_Muicw,2811,0,3715,3,16579,True,KHnEKdRjnSIXujky_Muicw
1207,2014,9,364,Bangkok,13.72828131182072,100.5599391025225,yQKsHSsk0k8a-kuHoMIoAQ,526,0,536,20,16580,True,yQKsHSsk0k8a-kuHoMIoAQ
3020,2020,9,198,Bangkok,13.74927394213142,100.5485547175574,05yGtJNjlLgE9QQd-vL5Jg,468,0,476,7,16581,True,05yGtJNjlLgE9QQd-vL5Jg
4574,2012,2,172,Bangkok,13.76707272379634,100.533692378275,0AAMgRLMyQXRwOgMpn0XCw,813,0,849,12,16586,True,0AAMgRLMyQXRwOgMpn0XCw
3322,2017,11,392,Bangkok,13.75348528989496,100.5007015687769,yPuSnwbS3--ivtgPXWOiAQ,88,0,88,6,16588,True,yPuSnwbS3--ivtgPXWOiAQ
4252,2020,8,403,Bangkok,13.76332189314695,100.5575404346992,nsmSisZAhtGGdghSesAVTA,741,1,4331,1,16591,True,nsmSisZAhtGGdghSesAVTA
1687,2018,9,213,Bangkok,13.7344243517572,100.5147935403677,Q-vcvq4Bavr7ha7Jbva2rA,1397,1,4332,1,16599,True,Q-vcvq4Bavr7ha7Jbva2rA
1007,2020,9,145,Bangkok,13.72598659564942,100.5340662113238,mNrIjCXusTPAiUUVmis4qw,2159,0,2500,7,16602,True,mNrIjCXusTPAiUUVmis4qw
1894,2016,11,473,Bangkok,13.73623768756251,100.5487061609707,MEs0JMoEfnWkMW33yy1BpA,2717,3,4333,1,16605,True,MEs0JMoEfnWkMW33yy1BpA
3722,2017,6,53,Bangkok,13.75722710098333,100.5467495608517,T2nFShcuy53zLqSH6k6q9g,2504,0,3020,6,16606,True,T2nFShcuy53zLqSH6k6q9g
4497,2011,10,154,Bangkok,13.76636785359292,100.5455279903507,_cEEd_sInWM_kY-sn44YRg,1604,0,1760,4,16613,True,_cEEd_sInWM_kY-sn44YRg
4081,2011,12,95,Bangkok,13.76105778323539,100.5626412890323,9DMGy46QYfT0pZxHjtCo1g,1997,1,4334,1,16621,True,9DMGy46QYfT0pZxHjtCo1g
738,2020,9,570,Bangkok,13.72335244631367,100.526710064536,XClBiqz9vw-uHTN4w2rD6g,198,0,198,4,16630,True,XClBiqz9vw-uHTN4w2rD6g
4431,2018,2,602,Bangkok,13.76521269659924,100.5647053900255,JZ-WVq3HSro1NM7sCx60iQ,1249,1,3102,3,16632,True,JZ-WVq3HSro1NM7sCx60iQ
3232,2020,9,281,Bangkok,13.75262472524642,100.498691810221,RekNPkKg78HTZUVXTv8flg,1181,0,1257,5,16635,True,RekNPkKg78HTZUVXTv8flg
4657,2019,4,411,Bangkok,13.76825938051738,100.5358981540299,WAR-4HyXXE6TRXe7IH5LVQ,508,0,518,4,16636,True,WAR-4HyXXE6TRXe7IH5LVQ
143,2016,10,407,Bangkok,13.71642336689874,100.5396580471834,odd4cPt1Vne6OsBqAfbfYg,2194,0,2545,3,16637,True,odd4cPt1Vne6OsBqAfbfYg
882,2018,10,444,Bangkok,13.72520212907212,100.4947175883617,lJ15V9zJDKw0s2VS7DKoAQ,1748,1,3426,4,16639,True,lJ15V9zJDKw0s2VS7DKoAQ
2667,2020,8,619,Bangkok,13.7451305082068,100.5440993858147,XMxc94r1jNCwrYhFuLIuRw,2735,0,3494,10,16642,True,XMxc94r1jNCwrYhFuLIuRw
1125,2020,8,417,Bangkok,13.72687546824159,100.5635913214777,5Y4N2B53qf13tstk-22Uqg,125,0,125,4,16644,True,5Y4N2B53qf13tstk-22Uqg
760,2017,6,186,Bangkok,13.72308368352688,100.5500245405147,NY7iApPJRU-tSpuLOg1eyg,1762,3,4335,1,16645,True,NY7iApPJRU-tSpuLOg1eyg
3136,2016,11,89,Bangkok,13.75123287363053,100.4836828981616,_z5YfSQYIUkfAjAIYrdAOw,283,0,284,7,16651,True,_z5YfSQYIUkfAjAIYrdAOw
888,2017,5,96,Bangkok,13.72525500921141,100.5017960331097,CgGSgtKatq68XWSGhoumiQ,2000,2,4336,1,16666,True,CgGSgtKatq68XWSGhoumiQ
13,2016,11,414,Bangkok,13.71504791484431,100.4967024397569,tisKGI-0McoZG_jbk2xz2g,1396,1,4030,3,16687,True,tisKGI-0McoZG_jbk2xz2g
4020,2020,8,553,Bangkok,13.76120474174302,100.5026348012855,LOvT1boHA08Rsda3lAHv6g,41,0,41,4,16692,True,LOvT1boHA08Rsda3lAHv6g
32,2017,9,393,Bangkok,13.71494753507028,100.5157085084013,fQX1_32_2MQ3BFVgkMDfCw,682,1,1254,3,16707,True,fQX1_32_2MQ3BFVgkMDfCw
1348,2016,10,104,Bangkok,13.73018695202398,100.5234971331018,5dx89dsBgit3uxi3ZBEMUA,1419,0,1529,9,16709,True,5dx89dsBgit3uxi3ZBEMUA
4394,2018,3,327,Bangkok,13.76511191853675,100.5269700902865,ZKrPe1EmC468H6Rgg_3Nnw,2415,0,2863,10,16723,True,ZKrPe1EmC468H6Rgg_3Nnw
4862,2016,9,306,Bangkok,13.7700287483307,100.5596928080169,0KS2LLLM3geCPWExq3xGeg,826,0,863,9,16730,True,0KS2LLLM3geCPWExq3xGeg
1260,2017,5,281,Bangkok,13.72928801298892,100.5237908484222,0gCKiUbls_jXPR_GjgeRCg,1468,0,1588,5,16736,True,0gCKiUbls_jXPR_GjgeRCg
1037,2018,3,389,Bangkok,13.72598125752124,100.569506579473,q3PwVpygADtY39j3GzJJ9A,711,1,3860,5,16742,True,q3PwVpygADtY39j3GzJJ9A
398,2019,5,513,Bangkok,13.71874751355113,100.5339463600183,MutL-SVwY4gWPUmwqh8Puw,2068,0,2369,5,16744,True,MutL-SVwY4gWPUmwqh8Puw
4244,2018,10,437,Bangkok,13.76424261129314,100.5527597275742,ItQuzUxjxnwhnHGQ7INZxQ,1516,1,3066,3,16745,True,ItQuzUxjxnwhnHGQ7INZxQ
2734,2016,8,514,Bangkok,13.74601756402808,100.5196766176082,89ycbhFhCGKRaz6RKHq6Rg,130,1,4337,1,16746,True,89ycbhFhCGKRaz6RKHq6Rg
3524,2014,9,345,Bangkok,13.75522474224623,100.5327612885393,I2dUZFJBinBxlYJGqcvZEw,87,2,4338,2,16751,True,I2dUZFJBinBxlYJGqcvZEw
3475,2020,9,527,Bangkok,13.75419447308063,100.5647047377043,N0aWDx0Oo9jUUaYX7G56kw,2643,0,3286,12,16770,True,N0aWDx0Oo9jUUaYX7G56kw
346,2011,9,574,Bangkok,13.71821967712649,100.5687271001983,Np6ZbvA8ARBG5Ezu1PPx3Q,2354,0,2777,5,16772,True,Np6ZbvA8ARBG5Ezu1PPx3Q
3143,2018,9,251,Bangkok,13.75138313574544,100.493744691107,cpvARGFZ1yR0VQIJx3_24A,694,1,4339,2,16778,True,cpvARGFZ1yR0VQIJx3_24A
2986,2019,6,303,Bangkok,13.74927400076033,100.5117325738005,XNMFNUhAiuYIQBrEnyVFWw,1010,0,1063,6,16781,True,XNMFNUhAiuYIQBrEnyVFWw
3785,2011,9,442,Bangkok,13.75825053352079,100.526781228154,2O3_JMRQo_KONWv3OAoWBA,1954,2,4340,1,16782,True,2O3_JMRQo_KONWv3OAoWBA
652,2019,8,169,Bangkok,13.72222214206553,100.5275749221762,e4oE_Pzi3txBhHJhEbGVuQ,1382,1,1840,4,16783,True,e4oE_Pzi3txBhHJhEbGVuQ
3430,2017,11,253,Bangkok,13.75434500350665,100.5157536798684,u6bdpVifJzpLo-d-b4vimQ,2609,0,3226,4,16785,True,u6bdpVifJzpLo-d-b4vimQ
1343,2011,9,118,Bangkok,13.73027534268928,100.5156910260914,m_bFE5xpNvT7f1Phajwmyw,809,2,4341,1,16789,True,m_bFE5xpNvT7f1Phajwmyw
3929,2019,4,356,Bangkok,13.76031759931206,100.4936863006393,v07nZnvR-3y1XpMLGqCfxw,2282,0,2670,4,16797,True,v07nZnvR-3y1XpMLGqCfxw
1169,2018,9,421,Bangkok,13.72819157357596,100.5197137404131,eW9NfG8dAv3NQg6xskj0sQ,1185,1,4342,2,16807,True,eW9NfG8dAv3NQg6xskj0sQ
2066,2011,12,80,Bangkok,13.73826754730458,100.5519422338861,1uUuhOVAonE5u8Yv16XSXQ,1244,1,2854,4,16810,True,1uUuhOVAonE5u8Yv16XSXQ
534,2011,9,103,Bangkok,13.72131075808882,100.4956796019429,WLvEPbDVUYI5D10-SvHPig,907,0,951,10,16814,True,WLvEPbDVUYI5D10-SvHPig
3215,2018,2,277,Bangkok,13.75141252505747,100.564997348889,qq5ZXZmsJpoSOSSxJ2wXdQ,2394,2,4343,1,16818,True,qq5ZXZmsJpoSOSSxJ2wXdQ
4262,2020,8,256,Bangkok,13.76342722493589,100.5660147175219,r1P2InckEgNU_M6laoP3DA,2842,0,3804,4,16822,True,r1P2InckEgNU_M6laoP3DA
3393,2020,8,616,Bangkok,13.75426756328369,100.4837761641622,2t3OKmV0tH5hTdos4CCgJQ,402,0,410,3,16827,True,2t3OKmV0tH5hTdos4CCgJQ
2418,2019,10,414,Bangkok,13.74216481606564,100.5526414923903,8JK3xOsYX08H2ynDzLLsag,143,0,143,14,16834,True,8JK3xOsYX08H2ynDzLLsag
1771,2019,6,409,Bangkok,13.7351806590546,100.5177360985906,gnzfQGUyY9NP4pntWAFDiA,2241,0,2612,7,16841,True,gnzfQGUyY9NP4pntWAFDiA
145,2018,2,187,Bangkok,13.71725564516285,100.5412407022618,LgZ7gmk9lgxD-mtPUGAHgQ,1402,2,4344,1,16847,True,LgZ7gmk9lgxD-mtPUGAHgQ
4048,2019,4,320,Bangkok,13.76032636621787,100.5292633580759,1Vgg0h1uvYxoYRfAlmVxcA,679,0,701,7,16848,True,1Vgg0h1uvYxoYRfAlmVxcA
3294,2018,9,205,Bangkok,13.75212220417922,100.560648011785,urBA0P0jAna-9zm8X8KnlA,1947,0,2206,6,16853,True,urBA0P0jAna-9zm8X8KnlA
4543,2019,9,447,Bangkok,13.76733394921842,100.5015619358478,fAfJIYBoZ2CPGeCgQWwIPw,1272,0,1360,8,16860,True,fAfJIYBoZ2CPGeCgQWwIPw
4785,2014,9,148,Bangkok,13.77013930953228,100.4847296249543,_XTGrTMwnbX5GbzsgJQxaw,675,0,697,13,16862,True,_XTGrTMwnbX5GbzsgJQxaw
925,2018,8,308,Bangkok,13.72529021706449,100.5376782651543,8jpGbsvXsa7lBF1lpKkhBA,2106,0,2424,6,16872,True,8jpGbsvXsa7lBF1lpKkhBA
182,2017,11,170,Bangkok,13.71721015876138,100.4917325597284,kDA8enjOI0jsGjnuLQhuOg,1099,1,3595,7,16879,True,kDA8enjOI0jsGjnuLQhuOg
2489,2017,6,569,Bangkok,13.74340242355443,100.5355959492772,O3kFTbom0AyhtepxeIVU8A,1570,1,1871,11,16882,True,O3kFTbom0AyhtepxeIVU8A
211,2017,6,241,Bangkok,13.71710253154622,100.520297302856,rIESrADEXjynG_yVwblu-Q,916,0,960,8,16883,True,rIESrADEXjynG_yVwblu-Q
3425,2019,5,407,Bangkok,13.75464911319903,100.5148377355742,7erYrOUQ96ug1_IuyKyL-A,948,0,996,5,16886,True,7erYrOUQ96ug1_IuyKyL-A
3618,2012,5,565,Bangkok,13.75672225634815,100.5389283644271,ni5nvqQOt7LrJXe5OFiR9Q,316,0,317,12,16888,True,ni5nvqQOt7LrJXe5OFiR9Q
565,2019,5,271,Bangkok,13.72127774094706,100.530805814595,MJnTJp_sB6EcORtsCEdaIQ,1143,0,1210,9,16896,True,MJnTJp_sB6EcORtsCEdaIQ
1948,2014,9,519,Bangkok,13.73725734705672,100.5155223464738,leCWx2OpvUZiFZicafNq8A,2726,0,3478,6,16900,True,leCWx2OpvUZiFZicafNq8A
4015,2016,8,443,Bangkok,13.76156174600099,100.4944364894252,5vRZENTV5MFP0ExgEzev0Q,2437,0,2899,7,16903,True,5vRZENTV5MFP0ExgEzev0Q
2339,2020,8,320,Bangkok,13.7412245071265,100.5645004216234,pxS0QQFhX3w-vlh4SPubtg,1283,0,1373,4,16908,True,pxS0QQFhX3w-vlh4SPubtg
4061,2016,9,551,Bangkok,13.76143293375568,100.5444785376859,G9R83Uvg8rOVbRaBdiLc-A,2213,0,2577,3,16911,True,G9R83Uvg8rOVbRaBdiLc-A
4050,2018,7,655,Bangkok,13.76126958981212,100.5256578719163,ycl4pAXrrl9zBpVZHTxbSQ,2203,0,2562,15,16916,True,ycl4pAXrrl9zBpVZHTxbSQ
688,2011,12,381,Bangkok,13.72216508532306,100.5618719220818,GD1BqQdjxMZPf5JVzllDQw,1538,1,4345,1,16929,True,GD1BqQdjxMZPf5JVzllDQw
2954,2020,8,402,Bangkok,13.74860578330497,100.5657932890964,LhYLRujcflesAGhyjQXXbQ,1654,0,1826,15,16944,True,LhYLRujcflesAGhyjQXXbQ
2847,2017,6,314,Bangkok,13.74698190242946,100.548755249249,J9fdHv6-p8Z9ujNpiQ1ubg,952,0,1000,5,16945,True,J9fdHv6-p8Z9ujNpiQ1ubg
341,2018,9,336,Bangkok,13.71822751199025,100.5637505853826,nuRWU9mu0USBEwjAQiJFSQ,2722,0,3472,7,16954,True,nuRWU9mu0USBEwjAQiJFSQ
4565,2020,8,444,Bangkok,13.76710502202693,100.5278469296062,RIsN9QzxgcFmSIZ8d6gCLQ,1981,0,2252,4,16966,True,RIsN9QzxgcFmSIZ8d6gCLQ
1165,2020,9,303,Bangkok,13.72829733668468,100.5176529406347,BzqLgC5CTff4kHCOUIMESQ,194,0,194,3,16978,True,BzqLgC5CTff4kHCOUIMESQ
3039,2020,9,314,Bangkok,13.74915378185088,100.5676303099939,Ij6PjU0ArfV-aO6Y9K663g,1460,0,1577,8,16980,True,Ij6PjU0ArfV-aO6Y9K663g
2880,2017,6,237,Bangkok,13.74727535223075,100.4930683427458,G2d4knnEuIcxw_4gUqbxUg,632,1,4347,2,16982,True,G2d4knnEuIcxw_4gUqbxUg
1832,2017,5,357,Bangkok,13.73628767528668,100.4926238337027,jm6YnsMy87a6qfRDXUA_Hg,1236,0,1321,3,16987,True,jm6YnsMy87a6qfRDXUA_Hg
4719,2017,11,426,Bangkok,13.76921296529913,100.5047052402597,WHRmO__lERMFzzQ3phDw1w,744,0,772,5,16989,True,WHRmO__lERMFzzQ3phDw1w
4189,2017,5,184,Bangkok,13.763091888698,100.4948116340126,vWDhtw3RKlFU3smaAaMTVA,570,0,581,8,17004,True,vWDhtw3RKlFU3smaAaMTVA
3649,2018,2,311,Bangkok,13.75629057773089,100.5637267811298,vfxGqe4LHM7XfAeZzDqRZQ,1030,1,4348,1,17011,True,vfxGqe4LHM7XfAeZzDqRZQ
71,2019,6,222,Bangkok,13.7152986304953,100.5548837757554,lMFjHsK1jibvutUmMJDCiA,1234,0,1318,4,17033,True,lMFjHsK1jibvutUmMJDCiA
2720,2020,9,127,Bangkok,13.74634839051574,100.5047255433008,WEr4NZ-GFIMgX1-cMHCNWA,2507,0,3025,5,17038,True,WEr4NZ-GFIMgX1-cMHCNWA
419,2018,9,46,Bangkok,13.7191730472116,100.5534455439526,a0lmZCUiSeQO8pAcaXkNdA,1305,0,1399,8,17047,True,a0lmZCUiSeQO8pAcaXkNdA
4783,2019,5,624,Bangkok,13.76916684508132,100.5659727273352,Yr04DcvwwjhHSmZmyPLU7A,1193,1,2350,4,17048,True,Yr04DcvwwjhHSmZmyPLU7A
3472,2014,9,436,Bangkok,13.75407596138309,100.5616620564117,deG2VeKjfDlGjFveIyYu9g,2568,0,3136,9,17052,True,deG2VeKjfDlGjFveIyYu9g
879,2019,5,436,Bangkok,13.72513875997718,100.4957133658412,SzqQ2oke3Vp3T7dlFKyG_g,2191,0,2542,3,17053,True,SzqQ2oke3Vp3T7dlFKyG_g
1017,2019,5,208,Bangkok,13.72619494433245,100.5487331274987,WCHgtZh41JpOp_GVaNrYlQ,1430,0,1542,4,17055,True,WCHgtZh41JpOp_GVaNrYlQ
1803,2011,9,484,Bangkok,13.73536911174662,100.5440084241089,HxF5nMLoLoQTRhXtO8FC5Q,1048,2,4349,1,17061,True,HxF5nMLoLoQTRhXtO8FC5Q
141,2016,10,540,Bangkok,13.71623469872137,100.5378133210244,YMwKcB8fE3LpRBB9XyOxYA,2762,2,4350,1,17068,True,YMwKcB8fE3LpRBB9XyOxYA
138,2017,6,174,Bangkok,13.71645959243351,100.5346080377729,xuEfbWDOPpCvVbVAzXkhNg,2745,1,3623,3,17075,True,xuEfbWDOPpCvVbVAzXkhNg
1521,2019,8,540,Bangkok,13.73220214702835,100.5236959992374,qQx5llq0hj6vYDpilYtTRw,789,0,821,5,17076,True,qQx5llq0hj6vYDpilYtTRw
3363,2017,11,35,Bangkok,13.75317442445711,100.5399875286771,8sEjQAbq1Bnslib24DIjKQ,1462,0,1580,6,17078,True,8sEjQAbq1Bnslib24DIjKQ
3776,2018,1,427,Bangkok,13.75856150701108,100.518967046208,wnrqb6lo6HLkXAohB03vdA,2,0,2,10,17082,True,wnrqb6lo6HLkXAohB03vdA
2443,2018,10,432,Bangkok,13.74324330460117,100.4857224488391,2H8ce7N6YEn9OhzmmzyPPA,930,0,976,7,17085,True,2H8ce7N6YEn9OhzmmzyPPA
3185,2018,10,322,Bangkok,13.75151048779406,100.5368270641378,GZcpTo3QhGtQg5FIGwLVoA,2497,0,3004,6,17089,True,GZcpTo3QhGtQg5FIGwLVoA
4767,2011,9,347,Bangkok,13.7685871360105,100.554435477993,ADhe-EsoLePztLmdznY-FQ,2715,1,4351,1,17090,True,ADhe-EsoLePztLmdznY-FQ
396,2017,11,374,Bangkok,13.71926410967478,100.5318049144469,QFPR1bn1Xb0sdsrql6g8Dw,358,0,363,11,17091,True,QFPR1bn1Xb0sdsrql6g8Dw
320,2017,6,428,Bangkok,13.71915415621124,100.5419770611031,wtx1dxzrAeem_kMcx6xVbg,894,0,936,4,17100,True,wtx1dxzrAeem_kMcx6xVbg
3882,2020,9,231,Bangkok,13.75917794102862,100.5388984941512,l7r3RJ1zwojmKVtovfzynA,1439,0,1551,5,17108,True,l7r3RJ1zwojmKVtovfzynA
4551,2017,6,561,Bangkok,13.76742714360506,100.5114162425758,NhbY4hy3RjPu0LQpqbeZng,2314,0,2716,5,17110,True,NhbY4hy3RjPu0LQpqbeZng
4114,2011,9,297,Bangkok,13.76193926832523,100.5083844126808,VgZnJ11PY1Dmd0d7bn_BhQ,2134,0,2462,8,17118,True,VgZnJ11PY1Dmd0d7bn_BhQ
3489,2019,5,260,Bangkok,13.75522681101547,100.489597343567,41SwDUM8SaXWRoS0mOIN7A,1254,0,1341,5,17126,True,41SwDUM8SaXWRoS0mOIN7A
4251,2017,12,265,Bangkok,13.76324419570657,100.5638366646931,gQ5jFZTeeYMzZZ6bzDXsHQ,610,1,4352,1,17133,True,gQ5jFZTeeYMzZZ6bzDXsHQ
1183,2020,9,458,Bangkok,13.72812871106954,100.5306116213145,m_8ocbsjT4yRqplVaKJHNA,32,0,32,3,17137,True,m_8ocbsjT4yRqplVaKJHNA
2390,2019,7,482,Bangkok,13.74223540099826,100.5237507395936,CBNRo8lsJrQbkF4EI1L34w,115,0,115,6,17152,True,CBNRo8lsJrQbkF4EI1L34w
541,2020,9,430,Bangkok,13.72114461135908,100.504719098621,uZLvO9hsgO4gAaVh9JgGMw,214,0,214,12,17155,True,uZLvO9hsgO4gAaVh9JgGMw
2616,2018,10,331,Bangkok,13.74512775779344,100.4847476834675,yDcImC_X7BcWWOH2r9VARA,2601,1,4353,2,17158,True,yDcImC_X7BcWWOH2r9VARA
2409,2015,10,693,Bangkok,13.74212983319424,100.5451785736883,DLktnXg6_v8RI15wGoU1eA,2702,1,3827,5,17163,True,DLktnXg6_v8RI15wGoU1eA
722,2020,9,170,Bangkok,13.72307139104025,100.5067034415981,gvTHtZRmiAJ1eDM4H1moEA,1601,0,1756,4,17165,True,gvTHtZRmiAJ1eDM4H1moEA
3784,2017,9,149,Bangkok,13.75782227247617,100.5286116659498,0E_ygoFggAxVUaBzpr_VxA,1820,6,4354,1,17168,True,0E_ygoFggAxVUaBzpr_VxA
3916,2020,9,391,Bangkok,13.75920294822218,100.5658121263645,aaWaVTEruXMwI0emF_yCZg,2596,0,3195,11,17171,True,aaWaVTEruXMwI0emF_yCZg
3988,2020,8,399,Bangkok,13.76030400091594,100.5525428596794,cfJIiKEuXc1Aly24643uiQ,2311,1,3810,3,17179,True,cfJIiKEuXc1Aly24643uiQ
3268,2020,8,635,Bangkok,13.75219505790721,100.5296659279226,oVbnCoqAeOS741vIjho56Q,2675,0,3364,7,17188,True,oVbnCoqAeOS741vIjho56Q
3698,2019,9,529,Bangkok,13.75695827498481,100.529669693035,HnH9w7qCZlPGtTAdpnvLKw,1853,0,2081,10,17198,True,HnH9w7qCZlPGtTAdpnvLKw
1905,2018,10,251,Bangkok,13.73613948531493,100.5637930551868,u-_yUX2mnCzIL679HKzpPQ,2900,0,4171,3,17203,True,u-_yUX2mnCzIL679HKzpPQ
1258,2011,9,393,Bangkok,13.72930917364205,100.5288081541204,GJDrtiAsOJ4dIwMoo_bWMg,464,1,3625,3,17215,True,GJDrtiAsOJ4dIwMoo_bWMg
4808,2016,8,371,Bangkok,13.77034885619973,100.5028207317375,-EY9nvYnXZ0OBm3DFby26g,1219,1,4355,1,17220,True,-EY9nvYnXZ0OBm3DFby26g
3873,2017,6,411,Bangkok,13.7591163190058,100.5308990141599,cUoB06DWNpDQ_kgmgENABg,2417,1,3234,3,17223,True,cUoB06DWNpDQ_kgmgENABg
1520,2018,1,321,Bangkok,13.73243742806478,100.5228066021456,ibNuDYiFnXpv_JxpjoRORg,417,0,425,6,17226,True,ibNuDYiFnXpv_JxpjoRORg
4387,2019,4,442,Bangkok,13.76526673694329,100.5176888220262,MdoS1taj9FnQS5F7dNtTgQ,2784,0,3637,7,17229,True,MdoS1taj9FnQS5F7dNtTgQ
876,2019,5,379,Bangkok,13.72529461690183,100.4857275627566,tkqWsyyC_6iUJoZFYuIPCA,618,0,631,3,17236,True,tkqWsyyC_6iUJoZFYuIPCA
832,2019,5,274,Bangkok,13.72427653692824,100.5348340641961,yKP8vjoD1O6HmwNQNUhTaQ,1656,0,1828,3,17238,True,yKP8vjoD1O6HmwNQNUhTaQ
355,2018,10,651,Bangkok,13.71915238930683,100.4907529989247,R3oneZxlGzYknK19NEG_-Q,405,0,413,12,17239,True,R3oneZxlGzYknK19NEG_-Q
760,2017,7,143,Bangkok,13.72306134705061,100.5500044262166,qN-bHLm7DK9jXcHYplAfZw,1762,4,4356,1,17243,True,qN-bHLm7DK9jXcHYplAfZw
1016,2018,9,85,Bangkok,13.72628606202301,100.5418485046547,2dBYJdlEDSBFt1vUaank3Q,2646,1,3934,3,17254,True,2dBYJdlEDSBFt1vUaank3Q
1822,2018,10,697,Bangkok,13.73529835575869,100.5665822188845,DuDyNqEEiYD9bvxI864PDA,1072,1,4357,1,17269,True,DuDyNqEEiYD9bvxI864PDA
2766,2020,8,613,Bangkok,13.74631144494941,100.5562400179126,l_rP4gBwiBf3_aIVoaGNrA,361,1,947,5,17276,True,l_rP4gBwiBf3_aIVoaGNrA
1748,2020,9,339,Bangkok,13.73516659579681,100.4888423290381,1QT2csH2w1dDtmNgZ6ggdw,669,1,4358,2,17278,True,1QT2csH2w1dDtmNgZ6ggdw
3790,2011,9,520,Bangkok,13.75820608784717,100.5298080319139,lwv0xyqdJ0E0pWbdf6j3oQ,1824,1,4359,1,17286,True,lwv0xyqdJ0E0pWbdf6j3oQ
1812,2018,9,455,Bangkok,13.73532005786254,100.5599555543049,795TOkkaHkudETA9bvSxTA,2315,1,4360,1,17287,True,795TOkkaHkudETA9bvSxTA
3365,2011,12,143,Bangkok,13.75325051376716,100.5476894544753,GX7S50SMsXVnoOk0J8Z0cw,660,2,4361,1,17289,True,GX7S50SMsXVnoOk0J8Z0cw
1907,2012,1,146,Bangkok,13.73622798694134,100.5616800564765,vXYVppORNSb4YAmzPqOAfA,1903,0,2144,10,17291,True,vXYVppORNSb4YAmzPqOAfA
3191,2017,11,336,Bangkok,13.75104459336522,100.5447078982477,zQIHMfbD7uuEv1dwNRpLAQ,462,0,470,4,17293,True,zQIHMfbD7uuEv1dwNRpLAQ
2907,2019,5,356,Bangkok,13.74812056666041,100.5181285512105,WXAlQRL0dkxJyQt2JJIbjQ,653,0,671,6,17305,True,WXAlQRL0dkxJyQt2JJIbjQ
1909,2011,12,537,Bangkok,13.73627314317775,100.5656958785031,iWaSS5IbW-uFzfgeBuMyQg,598,1,4362,1,17306,True,iWaSS5IbW-uFzfgeBuMyQg
1255,2018,9,305,Bangkok,13.72942161900183,100.5167119234674,8PGWZ2nqfdnjEsGLm6EJpA,1638,0,1808,6,17309,True,8PGWZ2nqfdnjEsGLm6EJpA
4803,2020,8,103,Bangkok,13.76865582085923,100.4978855289983,tmyNA-_rbLrSaPqvWCyung,606,0,619,12,17310,True,tmyNA-_rbLrSaPqvWCyung
1159,2014,9,63,Bangkok,13.72814029116785,100.5089455739764,UngsNC1Zk-YhKMc3nMVsrQ,828,0,865,11,17311,True,UngsNC1Zk-YhKMc3nMVsrQ
338,2018,3,677,Bangkok,13.71820062515943,100.5607579003134,b9Qx-u0HfM5H4eGnML31OA,2289,0,2681,7,17312,True,b9Qx-u0HfM5H4eGnML31OA
584,2018,10,152,Bangkok,13.72171482833004,100.5517309506645,2YEMK4MLghRXD3LC_cCCYQ,1674,1,3672,4,17314,True,2YEMK4MLghRXD3LC_cCCYQ
49,2017,6,307,Bangkok,13.71520765274103,100.5327020110461,0FLBaJYWZNOTbagOcHXYAw,1168,1,2211,3,17321,True,0FLBaJYWZNOTbagOcHXYAw
2274,2020,8,221,Bangkok,13.74129969963741,100.4955946835539,6cXaRNFNsl35xtLiM7EBFg,2816,0,3731,5,17322,True,6cXaRNFNsl35xtLiM7EBFg
1767,2018,1,338,Bangkok,13.7352246672108,100.5126519706551,juTuBbqNAGfhdi8QuE_7IA,2594,1,4363,1,17331,True,juTuBbqNAGfhdi8QuE_7IA
1140,2019,9,492,Bangkok,13.72825234392625,100.4926754633865,JVuz2WRmO7TyObE0A46LGA,638,2,4364,1,17336,True,JVuz2WRmO7TyObE0A46LGA
4214,2019,9,355,Bangkok,13.76380073177132,100.52094185906,9Q0C8hhXwUk1nBSLa2q6UA,2562,0,3125,7,17346,True,9Q0C8hhXwUk1nBSLa2q6UA
2942,2019,5,335,Bangkok,13.74758860741024,100.5517997773808,tqRY5bg0rVknWBoVsvhG0w,126,0,126,3,17347,True,tqRY5bg0rVknWBoVsvhG0w
239,2017,6,211,Bangkok,13.71736187430954,100.5484721599968,-qnujVgFMaz09OtQboQXRQ,2708,0,3442,4,17349,True,-qnujVgFMaz09OtQboQXRQ
4737,2018,10,366,Bangkok,13.76912620845851,100.5258489803328,nxVtFezYgJk8rQdAykwKcA,2319,0,2721,7,17352,True,nxVtFezYgJk8rQdAykwKcA
4837,2018,3,244,Bangkok,13.77017134856033,100.5388969324556,YzPEuA68Ypqn5egFh-xGcg,965,1,2910,4,17369,True,YzPEuA68Ypqn5egFh-xGcg
1838,2014,9,610,Bangkok,13.73623845704701,100.4967209095161,YYD4MRIRayUDiQpj5UhFCA,2684,0,3383,9,17370,True,YYD4MRIRayUDiQpj5UhFCA
4570,2019,10,281,Bangkok,13.76684413364183,100.527685434462,1HBbd7GGRaoxv3l7HlmySw,1756,0,1956,11,17371,True,1HBbd7GGRaoxv3l7HlmySw
757,2020,9,518,Bangkok,13.72348022401369,100.5508398179792,zSPkhYzue6RWmp48qW-MoA,719,0,745,10,17382,True,zSPkhYzue6RWmp48qW-MoA
4520,2017,6,386,Bangkok,13.76625620619035,100.5646174745039,LHZhC3mfNvYrfMceI_R99g,2320,1,4366,1,17384,True,LHZhC3mfNvYrfMceI_R99g
1719,2017,6,258,Bangkok,13.7342011064558,100.5517942981777,nzi3sjqBhSj28vVqRFlvXA,1453,1,4025,3,17385,True,nzi3sjqBhSj28vVqRFlvXA
934,2018,8,543,Bangkok,13.72521240237085,100.5467328874849,1a0rl-9sI9oNOW5drhmjpw,304,0,305,8,17386,True,1a0rl-9sI9oNOW5drhmjpw
730,2017,9,312,Bangkok,13.72355367243826,100.5146641243211,pwdY3zFLPGKWrEeypnjm7g,2464,0,2942,5,17387,True,pwdY3zFLPGKWrEeypnjm7g
1156,2016,11,149,Bangkok,13.72833105336034,100.5076475619407,PdAUufolpLJI6xQSaP90oQ,945,0,992,8,17394,True,PdAUufolpLJI6xQSaP90oQ
31,2018,11,168,Bangkok,13.71515525670076,100.5147320295311,oVo1OUMXqdnCRPM7MAzl6A,1618,1,3886,3,17411,True,oVo1OUMXqdnCRPM7MAzl6A
1421,2017,6,549,Bangkok,13.73136685211008,100.5145179425719,tGd1hPsFBju8Via2zVZ7nA,2349,0,2768,4,17415,True,tGd1hPsFBju8Via2zVZ7nA
1817,2011,12,646,Bangkok,13.73528953452108,100.5653828924187,umKIKiUjpQ4CcOXCXG3o5w,2794,1,4068,3,17421,True,umKIKiUjpQ4CcOXCXG3o5w
2105,2016,8,250,Bangkok,13.73909893036995,100.5057052039261,YvKs0-_tD-nLAcAcIm8TxQ,2666,0,3343,5,17429,True,YvKs0-_tD-nLAcAcIm8TxQ
1459,2017,9,476,Bangkok,13.73125812029538,100.5501969425409,1rQzAQ-QP34DokwEUvqF9A,2028,0,2321,5,17438,True,1rQzAQ-QP34DokwEUvqF9A
1819,2017,6,613,Bangkok,13.73535435319558,100.5634504088953,mU5y_SXChahzH97pc0gnZQ,592,1,4367,1,17448,True,mU5y_SXChahzH97pc0gnZQ
2731,2011,9,36,Bangkok,13.74628412205893,100.5181801238023,IFzQLJR-Km-FrobuUVcnWw,516,0,526,7,17450,True,IFzQLJR-Km-FrobuUVcnWw
4238,2011,12,244,Bangkok,13.76322169581874,100.5485891239856,DzfibaoUeDaFgt2mac653w,2364,0,2790,3,17455,True,DzfibaoUeDaFgt2mac653w
3420,2019,6,108,Bangkok,13.75426245930526,100.5105644766578,EXCQ5c8U19eUKikHVgjQjA,2740,3,4368,1,17457,True,EXCQ5c8U19eUKikHVgjQjA
936,2020,9,490,Bangkok,13.72558575261818,100.5458186014887,wRv-Mc_Zb2h0wAg3edhOhg,2765,0,3583,8,17466,True,wRv-Mc_Zb2h0wAg3edhOhg
2281,2011,9,461,Bangkok,13.74120094960839,100.5026521296795,LcgSpzxtJwo8FXWH2VQ3Kw,1117,0,1180,9,17473,True,LcgSpzxtJwo8FXWH2VQ3Kw
4129,2019,4,596,Bangkok,13.76396074677203,100.5205884832795,sT0rjSx-i41lJOjsLbSxWA,982,0,1034,6,17474,True,sT0rjSx-i41lJOjsLbSxWA
442,2019,9,414,Bangkok,13.72027156030073,100.4886643066629,XO8mwmDR6nxt1ajNOLMuaA,859,0,899,13,17475,True,XO8mwmDR6nxt1ajNOLMuaA
3896,2011,12,467,Bangkok,13.75907595805521,100.5509250378657,Bw6r3vgBdS3sQusvD3KaPA,378,0,383,3,17476,True,Bw6r3vgBdS3sQusvD3KaPA
303,2018,11,538,Bangkok,13.7183351284562,100.5260993495761,djDL1r2jsYEDtwN5eRHu7w,1751,0,1947,8,17478,True,djDL1r2jsYEDtwN5eRHu7w
4726,2020,8,453,Bangkok,13.77021139567798,100.5142294162401,l-EWsw7UVxCXiuC8XFJakQ,2002,0,2282,7,17480,True,l-EWsw7UVxCXiuC8XFJakQ
2087,2018,10,608,Bangkok,13.7391349681155,100.4840608284109,FPXsaEobDf0RpJmpuH4CYw,2860,0,3869,4,17483,True,FPXsaEobDf0RpJmpuH4CYw
3576,2017,6,611,Bangkok,13.75629624234607,100.4923901355363,QExCpm4XfgXR8udsFH3PEg,2396,0,2836,8,17492,True,QExCpm4XfgXR8udsFH3PEg
1523,2019,8,343,Bangkok,13.73229398883862,100.5276874823701,un6wu6a5Q7JX5skiGCIZ1A,1121,1,4369,1,17504,True,un6wu6a5Q7JX5skiGCIZ1A
4428,2019,5,480,Bangkok,13.76517560924531,100.5598482422179,M0-6N27HzwzOZRXuLoGOEQ,2076,0,2382,5,17507,True,M0-6N27HzwzOZRXuLoGOEQ
2874,2016,11,430,Bangkok,13.74806253093421,100.4838108158543,vyo1mfOjfmfUkfnKy8oeXg,1814,0,2030,8,17521,True,vyo1mfOjfmfUkfnKy8oeXg
2637,2018,2,435,Bangkok,13.74522964888845,100.5117485341816,gNOs7ErewcAorWHpkqFSfQ,2895,1,4370,1,17538,True,gNOs7ErewcAorWHpkqFSfQ
3226,2018,2,321,Bangkok,13.75244495674139,100.4916728206495,hVSxEpvdW2sD5H9xpm9WIw,1867,1,4371,1,17540,True,hVSxEpvdW2sD5H9xpm9WIw
4489,2018,3,501,Bangkok,13.76627014858365,100.5358032400693,rhI1iCsVT1GJAWYmXVO27Q,1169,2,4372,2,17548,True,rhI1iCsVT1GJAWYmXVO27Q
4710,2018,2,507,Bangkok,13.76843059638119,100.5026069138705,JF72sS5pbWKAFVR3SE9IaQ,1950,1,2629,10,17564,True,JF72sS5pbWKAFVR3SE9IaQ
4425,2011,12,101,Bangkok,13.76518949988723,100.5576768630724,OV1ECta4oI_AqqXRx1Sb_A,2388,1,4172,3,17569,True,OV1ECta4oI_AqqXRx1Sb_A
4263,2020,3,429,Bangkok,13.76353789056972,100.5683643778747,gfEhLgu_EpY57OD_bF-8qA,967,0,1017,13,17573,True,gfEhLgu_EpY57OD_bF-8qA
815,2020,9,213,Bangkok,13.72410734360547,100.5166450410858,_mnpy_sGrT3sG2WSoiwG_Q,709,2,4373,1,17574,True,_mnpy_sGrT3sG2WSoiwG_Q
2914,2020,9,625,Bangkok,13.74812292116935,100.5239353429864,7nhz2kFl0NSU_mL2AKhY0Q,2493,0,2994,13,17575,True,7nhz2kFl0NSU_mL2AKhY0Q
330,2019,5,420,Bangkok,13.7179906470595,100.5524716523436,rC-cPxKULYjULfBghVJdgg,751,0,779,5,17577,True,rC-cPxKULYjULfBghVJdgg
1184,2011,9,483,Bangkok,13.72882158958351,100.5379636920826,FX4PxnLbwBU9J4uWrrgqdg,1434,0,1546,11,17578,True,FX4PxnLbwBU9J4uWrrgqdg
3819,2017,6,336,Bangkok,13.75824470444104,100.5629093659177,PuuebMeN3oApPl3eJ4nGeQ,2711,1,4374,1,17594,True,PuuebMeN3oApPl3eJ4nGeQ
943,2020,9,88,Bangkok,13.72522642767792,100.5527791727462,9ijb1CPRHVTvqxhPN0ZmKQ,2848,0,3823,7,17595,True,9ijb1CPRHVTvqxhPN0ZmKQ
785,2017,11,650,Bangkok,13.72395843210828,100.4850423724614,-BFDidNsk82z7cY_ZKsLpw,2356,0,2779,7,17602,True,-BFDidNsk82z7cY_ZKsLpw
1390,2017,6,290,Bangkok,13.73057941582503,100.5627564071468,fm3RN4aSPVBNTLx2ClYlsA,2658,0,3319,6,17606,True,fm3RN4aSPVBNTLx2ClYlsA
4469,2019,9,248,Bangkok,13.76614634933062,100.5157300205522,PtCnsErsbayltX74Bg_42g,2399,0,2840,7,17625,True,PtCnsErsbayltX74Bg_42g
3122,2011,12,325,Bangkok,13.75034741737282,100.5565674417445,YFsQSa8eXlbSL21E3nW9KA,309,0,310,5,17626,True,YFsQSa8eXlbSL21E3nW9KA
4396,2019,9,112,Bangkok,13.76543420777258,100.5288739065545,ZwsrryXLDLaMXlOqr9sFxg,2630,2,4375,2,17628,True,ZwsrryXLDLaMXlOqr9sFxg
4373,2018,9,623,Bangkok,13.76532333336546,100.5047384717101,_psXoYGuBnWYXqK3gor5jA,1871,2,4376,1,17642,True,_psXoYGuBnWYXqK3gor5jA
3628,2019,4,341,Bangkok,13.75611205902295,100.543877505996,ySaWAaXJgUMglBJonDcVgA,2292,0,2685,8,17643,True,ySaWAaXJgUMglBJonDcVgA
1883,2016,11,589,Bangkok,13.73621313947784,100.5344997039587,woojiyMvm8MJTyMXpu_trg,502,0,512,9,17644,True,woojiyMvm8MJTyMXpu_trg
2033,2014,9,196,Bangkok,13.73823401377075,100.5167022606913,TRAxAXxAPm9McV9BBnHvKw,1344,0,1443,8,17647,True,TRAxAXxAPm9McV9BBnHvKw
1397,2017,5,63,Bangkok,13.73127525807807,100.4937346694987,5DWhLOob-2_Wo8BJQ9wx3w,1553,0,1695,5,17654,True,5DWhLOob-2_Wo8BJQ9wx3w
4401,2011,9,637,Bangkok,13.76555213828447,100.5329828783953,QhCsWe8r4Vmx3ZntMb6qtw,1201,3,2799,4,17660,True,QhCsWe8r4Vmx3ZntMb6qtw
4210,2019,4,339,Bangkok,13.76225912667403,100.5149338967725,TfDXLhBICS8zOiUfiaCmtQ,1621,0,1783,6,17661,True,TfDXLhBICS8zOiUfiaCmtQ
4196,2011,9,194,Bangkok,13.7633383545829,100.4995400774817,5rWXBd53xJGHRP0J15GosQ,1466,0,1585,5,17664,True,5rWXBd53xJGHRP0J15GosQ
391,2017,6,184,Bangkok,13.71916995104916,100.5265934798524,vp58k8BJxyuTdSyAJQW3xQ,12,1,873,4,17668,True,vp58k8BJxyuTdSyAJQW3xQ
2010,2018,2,339,Bangkok,13.73827273745553,100.4907437119161,P6Xh0CKQB-dcC2dCvxF2vQ,1293,1,4377,1,17671,True,P6Xh0CKQB-dcC2dCvxF2vQ
4821,2012,2,485,Bangkok,13.77197978867159,100.5225183219317,PLrLMaUdXn2Qd8yf8MOnpg,1446,0,1559,9,17684,True,PLrLMaUdXn2Qd8yf8MOnpg
3568,2020,9,414,Bangkok,13.75524454910726,100.5699216166953,lwUaCB-GuoUFhBjy7xwRow,1881,0,2117,4,17685,True,lwUaCB-GuoUFhBjy7xwRow
3451,2017,9,272,Bangkok,13.75445841391905,100.5438239746184,W6a9RA-h8dbXz6ZQD64Vmg,186,0,186,6,17695,True,W6a9RA-h8dbXz6ZQD64Vmg
909,2018,9,112,Bangkok,13.72519022626934,100.5238806715904,MzLzGpgWrrooqu7kCvt-Nw,2730,1,4378,1,17696,True,MzLzGpgWrrooqu7kCvt-Nw
2529,2018,6,246,Bangkok,13.74402329892652,100.4844801442566,gOUIytRJ1VrW6SGPxY4HAQ,1320,0,1415,5,17705,True,gOUIytRJ1VrW6SGPxY4HAQ
3002,2020,9,654,Bangkok,13.74915488396289,100.5241593678198,CjLJCZaflr8PRAGU_DDSYA,883,0,925,13,17713,True,CjLJCZaflr8PRAGU_DDSYA
379,2019,6,199,Bangkok,13.71936920289466,100.5147335983368,t1FNbxjN1I-NmaXSzzdR-Q,1910,0,2152,5,17717,True,t1FNbxjN1I-NmaXSzzdR-Q
2631,2017,11,332,Bangkok,13.74504683713723,100.5069686105865,1ipAoH-7gTNpTlv0PFeeUw,33,0,33,8,17720,True,1ipAoH-7gTNpTlv0PFeeUw
3031,2016,10,373,Bangkok,13.74954541305806,100.5577201834334,LRoGvwXkB5hKzG4q4K8FCg,1353,1,1466,11,17721,True,LRoGvwXkB5hKzG4q4K8FCg
3880,2017,6,644,Bangkok,13.75939925513533,100.5353290295555,uA-1WXiQBfKYcinaWclX-A,327,0,330,11,17722,True,uA-1WXiQBfKYcinaWclX-A
2391,2019,7,485,Bangkok,13.74213655668263,100.5300588570626,ZaeQwJ_0pBebAk8gdBREIA,1728,0,1920,5,17723,True,ZaeQwJ_0pBebAk8gdBREIA
226,2011,12,141,Bangkok,13.7174145198507,100.5356444589001,Af5cscP6g3Gik7FeTNqt3g,2672,0,3351,6,17724,True,Af5cscP6g3Gik7FeTNqt3g
1527,2016,10,402,Bangkok,13.73215670148156,100.5307343059844,xPw81mz-AqrFzSa6a3dx1Q,2066,0,2367,9,17726,True,xPw81mz-AqrFzSa6a3dx1Q
4326,2017,6,167,Bangkok,13.76436315446569,100.5465761053665,DCTzKnj1yVWCEYy-Rm_VFg,2089,1,3130,5,17738,True,DCTzKnj1yVWCEYy-Rm_VFg
1327,2016,11,540,Bangkok,13.73039980500348,100.5077365010588,cnVhz7zH4MhGr4AEa6g5hg,739,1,4380,1,17740,True,cnVhz7zH4MhGr4AEa6g5hg
1221,2019,5,344,Bangkok,13.72937550733972,100.4854674734381,u-uGgPYlDl7ELPfcZfBLZw,1111,0,1174,3,17744,True,u-uGgPYlDl7ELPfcZfBLZw
879,2020,9,250,Bangkok,13.72514765680036,100.4957405730974,nP0IjM16p9M7jdrr7nnkGw,2191,1,4020,3,17745,True,nP0IjM16p9M7jdrr7nnkGw
954,2020,8,271,Bangkok,13.72513295190879,100.5696326527435,leFS5savKIEEoQQgA8Acrw,2629,0,3261,4,17748,True,leFS5savKIEEoQQgA8Acrw
1205,2019,6,544,Bangkok,13.72823648412589,100.5612642358198,Ft9L8-er-cykfQPX_GHEjw,2673,0,3352,4,17749,True,Ft9L8-er-cykfQPX_GHEjw
708,2018,10,349,Bangkok,13.723230706322,100.4977302712614,gNqvbQyc_sOIBQOrEYDj_w,1187,3,4381,1,17753,True,gNqvbQyc_sOIBQOrEYDj_w
2409,2019,7,512,Bangkok,13.74213174839636,100.5451591483011,AuaR0lSu89de_f6m4HikEg,2702,0,3430,4,17755,True,AuaR0lSu89de_f6m4HikEg
3996,2020,8,384,Bangkok,13.76023858204772,100.5606476456028,AG2nUtHNBXepGWjG8y6iKw,1445,1,4382,1,17758,True,AG2nUtHNBXepGWjG8y6iKw
4363,2018,2,265,Bangkok,13.76501256586364,100.4908546127192,iaQuecsebsWI7S62BAHFqg,1878,1,4095,5,17773,True,iaQuecsebsWI7S62BAHFqg
67,2019,5,397,Bangkok,13.71545999590796,100.5507743560094,0RLm40-5O5mhtwdWwoVKkg,2375,3,4383,1,17780,True,0RLm40-5O5mhtwdWwoVKkg
1407,2017,9,672,Bangkok,13.731154901547,100.5018668201576,hLzpEu_Zijfh2aszqfDIXw,2654,1,4384,1,17786,True,hLzpEu_Zijfh2aszqfDIXw
418,2020,8,496,Bangkok,13.71960685137166,100.5568281337942,ZzGo0ULJqfp6cA1H4Cmp0w,68,0,68,5,17790,True,ZzGo0ULJqfp6cA1H4Cmp0w
1495,2018,5,361,Bangkok,13.73226551535077,100.5006462125473,p9awpJwPS2Z2SoXmC1S_mg,1257,0,1344,6,17791,True,p9awpJwPS2Z2SoXmC1S_mg
1550,2016,11,403,Bangkok,13.7324891566207,100.5487423650466,YGAtct5g1a0R2_eaWXJ0Mg,1911,1,4074,3,17796,True,YGAtct5g1a0R2_eaWXJ0Mg
1289,2017,6,320,Bangkok,13.72910439120206,100.5507622847438,NdCI4a5fSTdINZ68wqzmhw,2792,1,4385,2,17800,True,NdCI4a5fSTdINZ68wqzmhw
1811,2019,9,386,Bangkok,13.73524341829108,100.5580091216581,17fL9wBENaOd4F0DMRAAEQ,1672,1,4386,2,17802,True,17fL9wBENaOd4F0DMRAAEQ
4226,2017,6,143,Bangkok,13.76357365784669,100.5328680910088,563oTupWlhz_b_HHV3KVjQ,2620,1,3471,3,17816,True,563oTupWlhz_b_HHV3KVjQ
758,2011,12,130,Bangkok,13.7234101218318,100.5467570882689,iWikQDTu_uf6RNC1331iuQ,1956,1,4387,1,17819,True,iWikQDTu_uf6RNC1331iuQ
4866,2020,8,219,Bangkok,13.7703099124827,100.5624076329699,lj83Nh6vyoatCBIh5pFGNw,2579,1,3574,4,17827,True,lj83Nh6vyoatCBIh5pFGNw
4182,2018,11,23,Bangkok,13.76322568436094,100.4875505993932,njIriLi_il_2HqHUq4CBwA,415,1,3921,4,17831,True,njIriLi_il_2HqHUq4CBwA
1956,2017,6,525,Bangkok,13.73704563862069,100.5226622934627,0-XaWULtghUboNn_RcDUrA,406,0,414,8,17835,True,0-XaWULtghUboNn_RcDUrA
4032,2014,9,275,Bangkok,13.76143497520282,100.5124732099802,mwXhIqgLOrO2b17avEj9BQ,1666,1,4388,1,17836,True,mwXhIqgLOrO2b17avEj9BQ
4409,2011,10,259,Bangkok,13.76539268041978,100.5433870847717,e8Qj2LUYcjBYWtVPwUjukQ,2500,1,4040,3,17839,True,e8Qj2LUYcjBYWtVPwUjukQ
2738,2014,9,432,Bangkok,13.74620072933243,100.5235336340618,boKhrj6o6uPGKs79iKu2LQ,2462,1,3196,4,17843,True,boKhrj6o6uPGKs79iKu2LQ
855,2011,12,158,Bangkok,13.72409882201345,100.5529023473176,YsJlVfXRty_qBBfm6GTchw,1418,0,1528,7,17848,True,YsJlVfXRty_qBBfm6GTchw
4548,2019,9,305,Bangkok,13.767330404568,100.5088377683942,GXo_tb3Hga4E__8GP7IslA,2040,0,2336,5,17850,True,GXo_tb3Hga4E__8GP7IslA
2498,2019,5,582,Bangkok,13.74319957870094,100.5477040599848,3ryzetJWmcXo-lNstXWq1g,1190,0,1267,16,17852,True,3ryzetJWmcXo-lNstXWq1g
159,2016,11,460,Bangkok,13.71621487029983,100.5556733431002,cdSDNvkkRSfO_QEUEMdJhQ,1693,0,1877,5,17858,True,cdSDNvkkRSfO_QEUEMdJhQ
4585,2016,9,150,Bangkok,13.76727826373973,100.5475756742564,vjUKaWS_fa0CFsUxVtr9XA,2543,0,3091,5,17865,True,vjUKaWS_fa0CFsUxVtr9XA
663,2017,6,256,Bangkok,13.72196150683168,100.5360621292243,wUrezT-MSu_Py453v2kMKg,1938,0,2192,4,17872,True,wUrezT-MSu_Py453v2kMKg
1381,2017,11,449,Bangkok,13.73019510944636,100.5597027432514,unoD3uQJn81gR09R6_KsYA,688,1,921,9,17876,True,unoD3uQJn81gR09R6_KsYA
3083,2020,8,534,Bangkok,13.7501811743595,100.5169178338656,L0yezpWT8KfrA_La1LKSGg,2896,0,4134,5,17882,True,L0yezpWT8KfrA_La1LKSGg
2829,2017,5,320,Bangkok,13.74715258944857,100.5257258974405,bfit8V-_FQ3xBB9Nt4COLw,129,0,129,12,17886,True,bfit8V-_FQ3xBB9Nt4COLw
4425,2016,9,289,Bangkok,13.76518194277402,100.557678433552,Af6m8a2JvH8cV1932BrcDg,2388,0,2826,5,17887,True,Af6m8a2JvH8cV1932BrcDg
2334,2017,11,593,Bangkok,13.74124697926202,100.5563935514925,QRPYMGnsyT4Q_B9pjwb72w,1635,0,1805,3,17893,True,QRPYMGnsyT4Q_B9pjwb72w
137,2017,6,590,Bangkok,13.71618905926113,100.5336285115095,ajaBXPhK1ieq8snlQEIvfw,1736,1,4389,1,17895,True,ajaBXPhK1ieq8snlQEIvfw
4604,2011,12,94,Bangkok,13.76722611631848,100.5667583998973,RkFm7A9gC6SWMUX4030fMg,2705,2,4390,1,17896,True,RkFm7A9gC6SWMUX4030fMg
3677,2019,4,365,Bangkok,13.75733356974819,100.5125065148218,JdXmqndrdMLCYWOOKjTWvA,1063,1,4391,1,17900,True,JdXmqndrdMLCYWOOKjTWvA
1913,2020,9,280,Bangkok,13.73731626897177,100.4846479105927,tMaJYnfZZhMWbB4Uh23oqg,625,2,4392,1,17903,True,tMaJYnfZZhMWbB4Uh23oqg
1335,2018,6,75,Bangkok,13.73021807527793,100.5138709910573,zQIlNUKP6UpBuw4RyPp2dw,2170,0,2512,7,17910,True,zQIlNUKP6UpBuw4RyPp2dw
2599,2016,10,185,Bangkok,13.74393446841053,100.5637792755624,2NPfnvFAEP14hsq7zftqKA,1882,1,4393,1,17919,True,2NPfnvFAEP14hsq7zftqKA
2805,2018,1,402,Bangkok,13.74719630929989,100.5058016619719,r6e_0RDEWThTS-OZkDloVA,1657,1,4394,1,17920,True,r6e_0RDEWThTS-OZkDloVA
3187,2018,7,276,Bangkok,13.75106303652402,100.5412062274138,fWiHBRCaz7hePnv843a9KA,1639,0,1809,11,17935,True,fWiHBRCaz7hePnv843a9KA
1374,2019,5,344,Bangkok,13.73021674025734,100.5518378406587,4nr8NEUWOR1jVWz9rvFLBg,2558,0,3115,6,17940,True,4nr8NEUWOR1jVWz9rvFLBg
1858,2018,9,199,Bangkok,13.73633043639024,100.5167265411735,AccurueIWajCH7ovYq0RqA,836,0,875,4,17947,True,AccurueIWajCH7ovYq0RqA
3074,2020,8,371,Bangkok,13.75013436215735,100.5097344467472,4VDU_5zwR4DgpDS_ZxYX2w,1876,0,2110,5,17958,True,4VDU_5zwR4DgpDS_ZxYX2w
4083,2011,12,398,Bangkok,13.76126386568193,100.5647159299709,KOa53rV_ZltkNzq-5zolVQ,2581,2,4395,1,17964,True,KOa53rV_ZltkNzq-5zolVQ
2002,2017,6,305,Bangkok,13.73714269713201,100.5680000252725,tSKPBFPgQnpEKAK29EuSVw,2392,0,2830,4,17971,True,tSKPBFPgQnpEKAK29EuSVw
4014,2011,9,145,Bangkok,13.76133821288921,100.4979163317003,mLbv5fexZ8pvBTPnagUY7Q,1707,0,1895,6,17976,True,mLbv5fexZ8pvBTPnagUY7Q
58,2016,10,493,Bangkok,13.71701839969273,100.5408194020444,LY_1ah_EqCo2yZxJNcX0mA,1421,0,1532,6,17987,True,LY_1ah_EqCo2yZxJNcX0mA
3801,2017,6,450,Bangkok,13.75835723263974,100.5415057144064,ieDW9_BoncHVq_DeO1DcLQ,1170,0,1244,4,17989,True,ieDW9_BoncHVq_DeO1DcLQ
1950,2019,7,412,Bangkok,13.73717895489668,100.5137450233202,jO8OKSsDn1pXDAXdlO-S2Q,2516,0,3037,4,18001,True,jO8OKSsDn1pXDAXdlO-S2Q
755,2018,10,172,Bangkok,13.72176115017892,100.5433130295654,K479tGVEegUsjPzbSp51XA,2584,1,4396,1,18004,True,K479tGVEegUsjPzbSp51XA
2411,2011,9,223,Bangkok,13.74225139806892,100.5505814161883,8oEzgig-sLXeQoEqT-CgVA,655,0,673,6,18009,True,8oEzgig-sLXeQoEqT-CgVA
131,2019,6,365,Bangkok,13.71617318323408,100.5277012245814,dW1A0fqoOaGUA7qdbfUiYQ,1391,0,1492,3,18012,True,dW1A0fqoOaGUA7qdbfUiYQ
1978,2018,9,377,Bangkok,13.73724324889028,100.5530961901366,f-yoistcOq-qP-z73dgRLg,668,1,4397,1,18021,True,f-yoistcOq-qP-z73dgRLg
132,2019,6,402,Bangkok,13.71656697321714,100.5286036724542,PITSW4CCbbBFE0CbNXv_pw,2342,1,4398,1,18022,True,PITSW4CCbbBFE0CbNXv_pw
696,2017,6,344,Bangkok,13.72243435926837,100.5692738664035,0KSPp-hnH0wnqxB1cmrcsQ,2380,1,4271,4,18023,True,0KSPp-hnH0wnqxB1cmrcsQ
2450,2011,9,273,Bangkok,13.74329221425584,100.4937873875603,dWgceM8SSXRWJo1oj0-rPg,1155,0,1224,4,18039,True,dWgceM8SSXRWJo1oj0-rPg
4456,2018,2,475,Bangkok,13.76606845234623,100.4970460409085,QeWnB5Oz-mEvuw9T3cQRMg,2586,3,4399,1,18044,True,QeWnB5Oz-mEvuw9T3cQRMg
783,2017,6,474,Bangkok,13.72326830615148,100.5666452182581,2LI8wnFVkH25PkVXgGx3Og,196,1,1568,3,18049,True,2LI8wnFVkH25PkVXgGx3Og
4515,2019,4,448,Bangkok,13.76619390166605,100.5617307524829,4Q-TuJuFL29g06mhUp3PFg,2835,1,3909,4,18050,True,4Q-TuJuFL29g06mhUp3PFg
1780,2020,8,322,Bangkok,13.73535371275582,100.5267235186312,COImljvb5LDNOt-R56WBgg,2595,0,3194,5,18052,True,COImljvb5LDNOt-R56WBgg
2283,2020,9,389,Bangkok,13.74091492541137,100.5018093388369,w1Om34steKFoVKbn-PwNgA,2103,0,2421,6,18053,True,w1Om34steKFoVKbn-PwNgA
711,2016,11,291,Bangkok,13.72329244324188,100.5019013079083,nOj5-0ResMEK_lWkSVHPvg,2781,0,3621,4,18054,True,nOj5-0ResMEK_lWkSVHPvg
1394,2019,6,314,Bangkok,13.73026400099623,100.5696554572517,MX_m3pdrHYqkL1wmJ_DfFg,140,1,4400,2,18060,True,MX_m3pdrHYqkL1wmJ_DfFg
1327,2018,6,361,Bangkok,13.73042211057849,100.5077675934117,7XTnQEV6_woHQpKK6CSBjg,739,0,767,6,18062,True,7XTnQEV6_woHQpKK6CSBjg
4356,2018,2,338,Bangkok,13.76517829062449,100.4877189935926,7APQnkgcVmf7N7_lNZzoDQ,350,1,4401,1,18065,True,7APQnkgcVmf7N7_lNZzoDQ
4711,2017,5,386,Bangkok,13.76924088251976,100.496771872613,jvcgJ6q4LbMvSv30N_bO7Q,1444,0,1557,12,18073,True,jvcgJ6q4LbMvSv30N_bO7Q
1860,2011,10,404,Bangkok,13.73626631769971,100.5186732603742,Prb_lqVxC4VHP7CPCoR4vg,819,0,856,5,18078,True,Prb_lqVxC4VHP7CPCoR4vg
163,2016,11,440,Bangkok,13.71676984934556,100.5598880903478,uXEdApm1bkvuKLUbpCl7cQ,2901,1,4402,1,18081,True,uXEdApm1bkvuKLUbpCl7cQ
289,2016,11,288,Bangkok,13.71919169302314,100.5119895435692,Z7F3fmn3K8BV0-JF7g8iAA,911,0,955,13,18083,True,Z7F3fmn3K8BV0-JF7g8iAA
4035,2018,7,241,Bangkok,13.76097080461605,100.5164712637242,WapOiwCL1FQdMY5iWJRZEw,297,0,298,10,18085,True,WapOiwCL1FQdMY5iWJRZEw
4431,2019,4,426,Bangkok,13.7652019868855,100.5647088646327,bp62m5nOAqccaOI4iDU4Eg,1249,0,1334,3,18086,True,bp62m5nOAqccaOI4iDU4Eg
2336,2020,8,538,Bangkok,13.7411969140966,100.5529959170238,mtAwKLPnqwxnT_LhxRjn2g,2303,1,4403,2,18090,True,mtAwKLPnqwxnT_LhxRjn2g
2155,2019,9,47,Bangkok,13.73918887580759,100.5518910868665,ewpPy6bua41ggYfPAlLF6w,2167,0,2509,6,18097,True,ewpPy6bua41ggYfPAlLF6w
1239,2018,10,415,Bangkok,13.72909822685756,100.5077881361162,Oqz0IaKwgqq-CixhGK6QXg,2898,0,4140,4,18098,True,Oqz0IaKwgqq-CixhGK6QXg
2158,2020,8,287,Bangkok,13.73909032252704,100.5536864113248,bmVZkqSyU1V0z4xYD1vEwg,2261,1,4404,1,18106,True,bmVZkqSyU1V0z4xYD1vEwg
3800,2020,9,556,Bangkok,13.7582266988439,100.5437000096822,ux5j8GGs2CIBJ5JrXfq88Q,2808,1,3908,3,18121,True,ux5j8GGs2CIBJ5JrXfq88Q
1295,2011,12,508,Bangkok,13.72943244872846,100.5597703339432,4bGBtf1zsRxgBy3k1cosXA,1482,0,1606,20,18122,True,4bGBtf1zsRxgBy3k1cosXA
559,2017,5,338,Bangkok,13.72135736841883,100.5253682366132,ysZVF033MqS48OAU3PwIaQ,2750,1,3867,3,18123,True,ysZVF033MqS48OAU3PwIaQ
1707,2017,11,636,Bangkok,13.73459916339342,100.5342716405764,uYkydWIlsyqZKmnTR_gnZA,392,0,399,9,18124,True,uYkydWIlsyqZKmnTR_gnZA
4222,2018,10,328,Bangkok,13.76309037738821,100.526152678647,_ljuHf0k1Gg-_mjPetTo4Q,2823,0,3760,4,18127,True,_ljuHf0k1Gg-_mjPetTo4Q
66,2019,5,182,Bangkok,13.71523562536,100.5496449348792,2YQc5BbbXYu8LjnTC0nvEA,2884,0,4044,5,18132,True,2YQc5BbbXYu8LjnTC0nvEA
4856,2018,10,263,Bangkok,13.76877576870521,100.5540230206598,gxdsvllh987p2az3pMNe4Q,1667,0,1845,7,18134,True,gxdsvllh987p2az3pMNe4Q
4402,2018,10,328,Bangkok,13.76523700876182,100.5327854948633,ZHWmvdjmICLo0KSpFlp9zQ,1865,2,4405,1,18137,True,ZHWmvdjmICLo0KSpFlp9zQ
3794,2020,9,531,Bangkok,13.7581919652589,100.5346889187707,-RdeF0BicQnV2tjjPyIPZA,1899,0,2137,12,18157,True,-RdeF0BicQnV2tjjPyIPZA
2773,2017,6,216,Bangkok,13.7462594776459,100.5574673832291,NM9V4LIRpq-nsMe7e-sZGA,1375,0,1476,6,18158,True,NM9V4LIRpq-nsMe7e-sZGA
2748,2018,1,471,Bangkok,13.74616961834858,100.530672079129,INBzsCFMOFFvmNPxU9XWXA,152,2,4406,2,18160,True,INBzsCFMOFFvmNPxU9XWXA
3448,2011,9,361,Bangkok,13.75419786349189,100.5377597747169,09L8FpBot6t_JpjmUDpFLA,1506,0,1636,4,18161,True,09L8FpBot6t_JpjmUDpFLA
3308,2020,9,449,Bangkok,13.75219284665595,100.5687143463775,ioNKjmcrCsoyzr5uUwOIcA,1888,0,2124,5,18164,True,ioNKjmcrCsoyzr5uUwOIcA
1211,2016,11,383,Bangkok,13.72890233513352,100.5639997093956,_AHijsvW8m7HboncV2b64Q,24,0,24,3,18167,True,_AHijsvW8m7HboncV2b64Q
2632,2018,2,309,Bangkok,13.74519621045337,100.5097548247503,V_-H6nARTj8DkPrPhBz9_w,558,1,4407,1,18173,True,V_-H6nARTj8DkPrPhBz9_w
1586,2017,9,654,Bangkok,13.73328749382157,100.5066590335204,ZJxPbDgcnqJb1LwX4Nu8sg,1946,1,4408,1,18188,True,ZJxPbDgcnqJb1LwX4Nu8sg
2092,2019,5,274,Bangkok,13.7392921444389,100.4878246990138,yO1Xhmf_k9FzVZQqG0bHGA,1597,1,4409,1,18192,True,yO1Xhmf_k9FzVZQqG0bHGA
2029,2016,8,283,Bangkok,13.73819212650708,100.5126137671801,dh-O72lH1bojXNn1Lu0uQg,2853,0,3838,7,18204,True,dh-O72lH1bojXNn1Lu0uQg
410,2017,9,468,Bangkok,13.71955935523409,100.5424841650646,5X3UwCZ3XzHZCcBRhE7pBQ,1507,1,4410,2,18207,True,5X3UwCZ3XzHZCcBRhE7pBQ
828,2020,9,283,Bangkok,13.72378679020079,100.5258517479662,F7ofq03XsxpV6JQnCL2v5Q,2048,1,4411,1,18208,True,F7ofq03XsxpV6JQnCL2v5Q
104,2019,5,345,Bangkok,13.71649427919254,100.5004588318145,FBxsrQh6UXPK5IoVocicWg,1129,0,1195,5,18210,True,FBxsrQh6UXPK5IoVocicWg
1920,2018,6,311,Bangkok,13.73690688519736,100.4925079289196,8spZ-AuHf2oOI_XpQDuN3Q,1712,0,1900,11,18214,True,8spZ-AuHf2oOI_XpQDuN3Q
498,2019,5,627,Bangkok,13.72011970621154,100.5490169955073,q-MIsrbmcADWPN1TD93cng,1176,2,4412,1,18218,True,q-MIsrbmcADWPN1TD93cng
1113,2020,9,517,Bangkok,13.72715593320564,100.5507811394834,scK45sEjSf7wzjfsEFG05A,2732,1,4413,1,18220,True,scK45sEjSf7wzjfsEFG05A
3975,2017,6,439,Bangkok,13.76035762121451,100.5395733094098,lhVxB5po5tC0Vwr4tDweVg,1714,0,1902,6,18222,True,lhVxB5po5tC0Vwr4tDweVg
2200,2017,11,504,Bangkok,13.74026636388106,100.5106878885654,X_nuPGOFYladBV_FmTBMkw,816,0,852,6,18225,True,X_nuPGOFYladBV_FmTBMkw
1929,2020,8,486,Bangkok,13.73725597765445,100.4959491041347,1eyjXEaMUQaE0mOp6aOjFw,2751,0,3551,4,18231,True,1eyjXEaMUQaE0mOp6aOjFw
330,2016,10,247,Bangkok,13.71800311280956,100.5524766493314,qjdcql1_d23QJOwc-tt86w,751,1,1365,5,18232,True,qjdcql1_d23QJOwc-tt86w
831,2018,8,355,Bangkok,13.72418036113216,100.5336654269838,t1V9BmkLc1KrVMX3H7tI0g,111,0,111,4,18239,True,t1V9BmkLc1KrVMX3H7tI0g
2911,2016,11,322,Bangkok,13.74844974975933,100.5280633448298,OaPq5wpfA_XorEgbC3pjXA,2908,0,4346,4,18241,True,OaPq5wpfA_XorEgbC3pjXA
219,2020,9,503,Bangkok,13.71737999313389,100.5287328517366,eOzyfAsF-hvuE0DiHBDfvA,2488,0,2983,3,18252,True,eOzyfAsF-hvuE0DiHBDfvA
4347,2020,8,343,Bangkok,13.76426137554097,100.5647457331895,DC10iqlEGX4SLGe1AhSauQ,2889,1,4168,3,18253,True,DC10iqlEGX4SLGe1AhSauQ
4452,2011,9,350,Bangkok,13.766513517403,100.4990651348098,NqYAIW05JTHbkUii0SJUig,2599,2,4414,2,18254,True,NqYAIW05JTHbkUii0SJUig
3909,2019,4,386,Bangkok,13.75937844572805,100.5597667410892,-1f3zG0Vyff2YADNmMXGUg,964,0,1014,4,18255,True,-1f3zG0Vyff2YADNmMXGUg
2828,2017,7,564,Bangkok,13.7471977228736,100.5237621793587,ZyYW1yWCJ6YTLWCf_cSKvg,956,0,1004,10,18275,True,ZyYW1yWCJ6YTLWCf_cSKvg
3885,2017,6,257,Bangkok,13.75918652313358,100.542889323398,YgVZh4O5YrgQ7ptkg06AMA,491,0,501,5,18288,True,YgVZh4O5YrgQ7ptkg06AMA
2932,2020,9,479,Bangkok,13.74828865713081,100.5483677593284,C-c1RoE2ZLMeOYDrN-EcJA,395,0,403,8,18296,True,C-c1RoE2ZLMeOYDrN-EcJA
3027,2018,7,648,Bangkok,13.74923997532157,100.5554551793822,b40Awf1ASav8s_dF3AN99g,2832,1,3982,4,18309,True,b40Awf1ASav8s_dF3AN99g
3403,2014,9,175,Bangkok,13.75446579805307,100.491850425109,_OpU4MwB8YVu-ikFRTEDnw,547,1,4415,1,18310,True,_OpU4MwB8YVu-ikFRTEDnw
2561,2011,9,516,Bangkok,13.74429356878441,100.5216995108342,Jy35Kps03Um3e7xfcmuBxQ,1341,1,4416,2,18321,True,Jy35Kps03Um3e7xfcmuBxQ
3614,2018,1,494,Bangkok,13.75616346562646,100.5288851334987,BNwdmtA77F1vHuVzf1Ls_Q,661,1,4417,1,18324,True,BNwdmtA77F1vHuVzf1Ls_Q
1758,2018,5,474,Bangkok,13.73533697977697,100.5016503151868,Uf0OwkzH_BU1mooiY5tJaA,2438,0,2903,5,18328,True,Uf0OwkzH_BU1mooiY5tJaA
30,2018,1,514,Bangkok,13.71524438193472,100.5137236437406,pOebjTtyZ40yOJ886Fn4BQ,887,0,929,9,18330,True,pOebjTtyZ40yOJ886Fn4BQ
354,2019,8,326,Bangkok,13.71912925169202,100.4897573795587,dcQN2qba-JSNswf0oX84Yg,2115,1,4418,1,18333,True,dcQN2qba-JSNswf0oX84Yg
2226,2018,9,348,Bangkok,13.74010396028516,100.5349199027448,L7CUdXU7juAC-mG7JbRc2Q,212,1,1719,9,18335,True,L7CUdXU7juAC-mG7JbRc2Q
4399,2017,6,143,Bangkok,13.7647614772818,100.532537794477,-d0l9ot4eshGoKC9UrIoAw,436,2,4419,1,18340,True,-d0l9ot4eshGoKC9UrIoAw
2191,2018,1,88,Bangkok,13.74032719149954,100.5037859404552,2yd2Spg4TpJeHtqnwCa4dA,1102,0,1164,10,18342,True,2yd2Spg4TpJeHtqnwCa4dA
4329,2020,9,213,Bangkok,13.7642924406545,100.5476753934166,lplUeKcnuzVvm-8c4J1VPA,1192,0,1271,13,18343,True,lplUeKcnuzVvm-8c4J1VPA
2824,2020,8,268,Bangkok,13.74727385042885,100.5283984457743,2AsZvW2ZQmDPXd-T16vJ5w,1781,0,1988,4,18347,True,2AsZvW2ZQmDPXd-T16vJ5w
1289,2020,9,149,Bangkok,13.72911492996118,100.5507896489166,xftaYvwUqsmZYN65pIqEBg,2792,2,4420,2,18348,True,xftaYvwUqsmZYN65pIqEBg
1945,2018,1,251,Bangkok,13.73716066529586,100.5177236265,1oEV-1otVcI-_XBelutaCQ,2188,0,2538,10,18365,True,1oEV-1otVcI-_XBelutaCQ
154,2020,8,221,Bangkok,13.71628450129922,100.5512884599264,9XpbbVn-OJ54vm6D1ACB7A,2907,0,4303,5,18373,True,9XpbbVn-OJ54vm6D1ACB7A
2614,2020,8,502,Bangkok,13.74516605316329,100.4856686754335,erS0Li2XGBF4tFOoe2GGnQ,1408,0,1518,7,18376,True,erS0Li2XGBF4tFOoe2GGnQ
4756,2018,3,500,Bangkok,13.76942437563165,100.5394666708696,mMfBigbjo60wD15RfOJmMA,2283,0,2672,5,18378,True,mMfBigbjo60wD15RfOJmMA
1027,2020,9,277,Bangkok,13.72595247445499,100.5527005471,xZA-fD-BWFUPqA6yM2xFUQ,2285,0,2675,6,18379,True,xZA-fD-BWFUPqA6yM2xFUQ
3336,2017,6,174,Bangkok,13.75309835716598,100.5126372045979,-jECXOvJWXohZWNF90yKtA,1760,1,4421,2,18381,True,-jECXOvJWXohZWNF90yKtA
1835,2020,9,276,Bangkok,13.73616345146384,100.4905742071681,zyThMvKtTMWMQGnXkigjTA,45,0,45,9,18389,True,zyThMvKtTMWMQGnXkigjTA
1014,2019,5,333,Bangkok,13.72654493133504,100.5406305915434,qCa_T46aZ6hfAkHok3VYxg,1995,0,2271,6,18392,True,qCa_T46aZ6hfAkHok3VYxg
126,2017,6,634,Bangkok,13.71594806976717,100.5228876358448,E8OJKjY-yBwmGxwo0djq5A,2198,1,4422,1,18393,True,E8OJKjY-yBwmGxwo0djq5A
841,2017,6,36,Bangkok,13.72468679834166,100.5437197620699,bhfjr2cD-mqviXTZcUdp5w,616,0,629,5,18395,True,bhfjr2cD-mqviXTZcUdp5w
2848,2020,8,318,Bangkok,13.74727700920823,100.5437013499667,W-2nh3tZPgwZUPePCj7FMQ,2519,0,3041,5,18398,True,W-2nh3tZPgwZUPePCj7FMQ
500,2017,6,320,Bangkok,13.7202637926068,100.5516884189478,OApUUWWHi-h4Ar-n_EmwtQ,412,0,420,3,18401,True,OApUUWWHi-h4Ar-n_EmwtQ
2531,2020,9,382,Bangkok,13.74427860872307,100.4918197093379,aX3Ksm0Y6c7FJCFofkTXwA,590,2,4423,1,18402,True,aX3Ksm0Y6c7FJCFofkTXwA
1360,2014,9,338,Bangkok,13.73016666397486,100.5368109562745,qMRxd3EbSMRxpTgnA7ZAlw,470,0,478,10,18405,True,qMRxd3EbSMRxpTgnA7ZAlw
3632,2019,9,221,Bangkok,13.75635017171503,100.5526341808704,Wky5hYpyY_KO5bKWZ74AdA,373,1,3053,3,18408,True,Wky5hYpyY_KO5bKWZ74AdA
4607,2018,3,89,Bangkok,13.76727492458144,100.5637663194419,AqrzgFau2xqtOj0uCkUKdQ,1544,2,4424,1,18416,True,AqrzgFau2xqtOj0uCkUKdQ
3539,2017,6,52,Bangkok,13.75518746936941,100.5458016263391,mLrvH0FhxXMmkuiDYUhUHQ,2759,0,3566,5,18417,True,mLrvH0FhxXMmkuiDYUhUHQ
2158,2018,1,104,Bangkok,13.73909191088849,100.5536809559914,5AQKVttU-kraIKyPxHCR1Q,2261,0,2643,6,18421,True,5AQKVttU-kraIKyPxHCR1Q
3620,2016,10,237,Bangkok,13.75657637076539,100.5358107232186,CmrEOczc4oRRzwKy-ia6nA,2393,0,2831,5,18422,True,CmrEOczc4oRRzwKy-ia6nA
4622,2016,11,323,Bangkok,13.76866393065249,100.4932978854457,msoqFxaoZ1QJWIg54j9yWg,2156,0,2495,6,18428,True,msoqFxaoZ1QJWIg54j9yWg
2818,2017,6,150,Bangkok,13.74723334396037,100.5180908797561,saAGkO7yWz-em0tmrsm4Vg,647,0,665,6,18453,True,saAGkO7yWz-em0tmrsm4Vg
785,2019,5,471,Bangkok,13.72396839981336,100.4850087305417,XYnuDYoxU66tmnq7iMXnhg,2356,1,4426,1,18454,True,XYnuDYoxU66tmnq7iMXnhg
1129,2018,10,356,Bangkok,13.72697724373698,100.5681828780931,E0kE737kbibXXdrT_DDM7w,2700,1,3490,3,18455,True,E0kE737kbibXXdrT_DDM7w
1793,2019,5,259,Bangkok,13.73520568725875,100.5387129995702,M6qBRw0nDw-da79paWCYgQ,1039,0,1097,11,18458,True,M6qBRw0nDw-da79paWCYgQ
4163,2019,5,314,Bangkok,13.76202306650642,100.555471714427,88FbhjUzCboWTHW8KothuA,195,1,4427,1,18459,True,88FbhjUzCboWTHW8KothuA
714,2019,9,444,Bangkok,13.72295910568522,100.5007428829957,MdrGMj1eo1_svoHJFbhbtg,542,1,3459,3,18463,True,MdrGMj1eo1_svoHJFbhbtg
2161,2020,8,340,Bangkok,13.73913623989848,100.5547237577899,kDuPiRpxr1ucWPm8i6O4oA,1662,1,4429,1,18493,True,kDuPiRpxr1ucWPm8i6O4oA
2776,2016,11,651,Bangkok,13.74616931432704,100.5589918272221,TBTOq1rh5D_cUHPtxY7NOQ,2113,2,4430,1,18498,True,TBTOq1rh5D_cUHPtxY7NOQ
1602,2019,5,126,Bangkok,13.73326056951183,100.5156789892761,WntKpq8MklVajXzMTrQQXw,1945,1,4431,1,18506,True,WntKpq8MklVajXzMTrQQXw
4505,2020,8,434,Bangkok,13.76620931524497,100.5536862516424,qVqg-5mkj28NyuDjZvS0oQ,1754,2,4250,3,18507,True,qVqg-5mkj28NyuDjZvS0oQ
3460,2019,9,147,Bangkok,13.75336011997638,100.5475193655084,OfCQQ-BY1A2hQODnRb8rMQ,1964,0,2227,9,18511,True,OfCQQ-BY1A2hQODnRb8rMQ
1123,2019,9,268,Bangkok,13.72738646119566,100.5600634892715,-9Qzu7Rn5wZAQgmOgNIC8w,654,0,672,11,18530,True,-9Qzu7Rn5wZAQgmOgNIC8w
1819,2020,8,431,Bangkok,13.73534026055322,100.5634463013007,D1OJnizv4fRpXrxvdxvx6Q,592,0,604,4,18532,True,D1OJnizv4fRpXrxvdxvx6Q
4852,2017,11,432,Bangkok,13.77021022671232,100.5517148125765,Zc2YUou6UdN0EKeQ8Q9NdA,2690,0,3399,9,18541,True,Zc2YUou6UdN0EKeQ8Q9NdA
588,2018,10,197,Bangkok,13.72110992468504,100.5496839364804,P61DJhv1cijrZyCJXQthTw,2210,0,2572,4,18544,True,P61DJhv1cijrZyCJXQthTw
3365,2019,7,265,Bangkok,13.75326341440728,100.5476974786921,ZWSTZeWG19wlEu2GsfGRsw,660,0,680,4,18547,True,ZWSTZeWG19wlEu2GsfGRsw
2795,2017,11,182,Bangkok,13.74692800285219,100.4917998498189,KUIk0TSxZC443xliOL3gWQ,2857,1,4432,2,18548,True,KUIk0TSxZC443xliOL3gWQ
983,2019,5,250,Bangkok,13.72607647252718,100.5055399093136,i92-FKa6Zu2LtnPWOChF1w,2529,2,4433,1,18549,True,i92-FKa6Zu2LtnPWOChF1w
1556,2017,6,632,Bangkok,13.73218844424692,100.5609988494622,FITEPB5ztzYAMnJVYgQS6A,192,1,610,6,18550,True,FITEPB5ztzYAMnJVYgQS6A
1011,2011,9,285,Bangkok,13.72657424639361,100.5386035663747,qDRje-iRjaAqQffDteVB6Q,2306,1,3898,3,18552,True,qDRje-iRjaAqQffDteVB6Q
1721,2020,9,293,Bangkok,13.73418773788578,100.5486174192682,o7DxVRL_ntyoRumELP1yNA,2850,1,3873,5,18555,True,o7DxVRL_ntyoRumELP1yNA
1302,2018,10,518,Bangkok,13.72930903489308,100.567596497608,TtT1b0GFytWCQcIPXdr9HA,2371,1,4434,1,18564,True,TtT1b0GFytWCQcIPXdr9HA
495,2017,9,429,Bangkok,13.7198307436735,100.5432630312918,01pa98NFXgjNsN6j4dZ0yg,1157,1,2973,3,18565,True,01pa98NFXgjNsN6j4dZ0yg
3186,2014,9,404,Bangkok,13.75130955192423,100.5412717336875,G7-GRnCJqn0A0QrX_UIHdg,340,0,345,10,18573,True,G7-GRnCJqn0A0QrX_UIHdg
4491,2018,10,381,Bangkok,13.76566085047281,100.5427175397993,fNJIPvJqZnf8ezrjeDoetA,1000,1,4435,1,18591,True,fNJIPvJqZnf8ezrjeDoetA
4592,2019,9,99,Bangkok,13.76690768584795,100.5545301671201,xkE1xVbaWXCGao1US_kdqQ,2780,1,4268,4,18593,True,xkE1xVbaWXCGao1US_kdqQ
1369,2019,6,392,Bangkok,13.73022338188307,100.5478244508686,iv5C8DIfhR8Lw5TvEQkpew,1229,1,2751,4,18596,True,iv5C8DIfhR8Lw5TvEQkpew
3485,2016,8,356,Bangkok,13.75515037964426,100.4920829090332,V2Q7xkY9PBvniSLACoafEw,776,0,806,6,18612,True,V2Q7xkY9PBvniSLACoafEw
4789,2019,5,429,Bangkok,13.77021024730193,100.4856868834528,dClB_ZdBTVAkuJYuwXwdxw,1438,1,1777,3,18621,True,dClB_ZdBTVAkuJYuwXwdxw
3648,2018,9,224,Bangkok,13.75620605963451,100.564731175153,-apE-FOyixVei26dfgQJKw,27,0,27,7,18628,True,-apE-FOyixVei26dfgQJKw
1150,2011,9,598,Bangkok,13.72855345621417,100.5025967560473,Y82RvBxWe9dvh7BQKZTZgg,541,0,552,9,18637,True,Y82RvBxWe9dvh7BQKZTZgg
4440,2011,9,465,Bangkok,13.76636238274487,100.488583963427,iy3--uHVslLlrCfIXpTrnA,291,1,4436,1,18642,True,iy3--uHVslLlrCfIXpTrnA
2319,2019,5,648,Bangkok,13.7412538173996,100.543411340403,lXpj_-gXhM7EfKqEZYcmsA,535,0,545,12,18661,True,lXpj_-gXhM7EfKqEZYcmsA
4616,2017,11,505,Bangkok,13.76835209299519,100.4886718893824,DG8Ed7qaAMeoHka1MCvPpg,1414,1,4437,1,18662,True,DG8Ed7qaAMeoHka1MCvPpg
575,2011,12,241,Bangkok,13.72125199497277,100.5346533955001,w27sR8fLBeqXflOFpSnL_A,1269,1,4438,2,18688,True,w27sR8fLBeqXflOFpSnL_A
3383,2016,11,206,Bangkok,13.7528048972971,100.5576825551727,jFNCi_mrCvidTVJiA9jekQ,144,0,144,5,18693,True,jFNCi_mrCvidTVJiA9jekQ
3265,2017,9,312,Bangkok,13.75274931013829,100.5329335193913,VPh-wbPZI4pwuSkynXH5Ag,2302,0,2698,8,18697,True,VPh-wbPZI4pwuSkynXH5Ag
673,2017,11,356,Bangkok,13.72228653436023,100.5486304709073,aXZ832uZRNLbl3cUsCi1ig,2153,1,4439,1,18698,True,aXZ832uZRNLbl3cUsCi1ig
2801,2018,9,172,Bangkok,13.74729520044039,100.4967276565096,Wq70r8fOG9LnuCW-AoAo0w,1036,0,1094,5,18701,True,Wq70r8fOG9LnuCW-AoAo0w
4561,2017,6,653,Bangkok,13.76666158230664,100.5244250497905,VsuJSTacOjSYt-zkfOCMVA,2628,1,4440,1,18702,True,VsuJSTacOjSYt-zkfOCMVA
573,2018,10,329,Bangkok,13.72185754218177,100.5366883169948,0Y4Rc6g5Umarlrhe5fYt6g,2419,1,4441,1,18708,True,0Y4Rc6g5Umarlrhe5fYt6g
2990,2019,6,509,Bangkok,13.74936349942818,100.5147108464098,pQFttjE-2is16jjAm7fREg,1646,1,4442,1,18709,True,pQFttjE-2is16jjAm7fREg
3619,2020,8,420,Bangkok,13.75630389643264,100.5337064657717,z1qFw56xtjHhD1MR25pgtg,213,1,4443,1,18710,True,z1qFw56xtjHhD1MR25pgtg
3439,2016,11,101,Bangkok,13.75441548267083,100.5317439191941,ZLyq4vYzVfeHksuJV8j-Tw,1741,1,4444,1,18715,True,ZLyq4vYzVfeHksuJV8j-Tw
4501,2018,3,411,Bangkok,13.76615107310751,100.5468958458176,OHb9LdAJSUzA8dRbccIqfA,2906,0,4291,6,18722,True,OHb9LdAJSUzA8dRbccIqfA
1814,2016,11,192,Bangkok,13.73531478503021,100.558704605992,B2flKeyIw3MZ7qGHgqZeOQ,2226,1,4301,4,18727,True,B2flKeyIw3MZ7qGHgqZeOQ
1705,2016,10,402,Bangkok,13.7340796719199,100.5383181959481,0pXb7Upw7VxBJkoymQ2wJA,917,0,961,9,18733,True,0pXb7Upw7VxBJkoymQ2wJA
1981,2019,5,269,Bangkok,13.7371993834621,100.5507293404252,dz4s3gbgxoHa8zVhjIMeEg,1007,0,1060,3,18741,True,dz4s3gbgxoHa8zVhjIMeEg
2254,2020,8,387,Bangkok,13.74029680013485,100.5627758437673,7i-6sg0mVOy5BKaFRqZLjQ,1497,0,1626,6,18742,True,7i-6sg0mVOy5BKaFRqZLjQ
4563,2019,2,363,Bangkok,13.7657813904789,100.5169920346254,z97cSTALjieqeV4y_tRyYA,1178,0,1253,8,18752,True,z97cSTALjieqeV4y_tRyYA
350,2012,1,385,Bangkok,13.71930815786528,100.4856616445902,oEDra3QQvRvh-5NcFbp8bg,1619,0,1781,12,18753,True,oEDra3QQvRvh-5NcFbp8bg
956,2020,8,292,Bangkok,13.72534041383858,100.567448401093,pEUkp4gmcemtC0_zGlwrsA,451,0,459,3,18761,True,pEUkp4gmcemtC0_zGlwrsA
354,2018,10,522,Bangkok,13.7191334551953,100.489762679413,-MCKhOzhZ4vaIjl_k2_FdA,2115,2,4445,1,18764,True,-MCKhOzhZ4vaIjl_k2_FdA
3812,2019,5,406,Bangkok,13.75822857360185,100.5548075981489,i-YFfOy_djGX2jjnDzxG0w,2598,0,3201,4,18774,True,i-YFfOy_djGX2jjnDzxG0w
4502,2020,9,524,Bangkok,13.7661159230617,100.5448768230995,6CLwN7WPEkNiVrn8UR-K0w,1980,2,4446,1,18775,True,6CLwN7WPEkNiVrn8UR-K0w
1194,2020,9,479,Bangkok,13.7282230659515,100.5447958676666,cV3pUNvVKM2MvgiXKVldIg,697,0,721,11,18780,True,cV3pUNvVKM2MvgiXKVldIg
372,2020,9,338,Bangkok,13.71903323285664,100.5076143036045,llVd9xrKLdf48gS3o2oJBA,1064,0,1125,9,18796,True,llVd9xrKLdf48gS3o2oJBA
477,2017,9,277,Bangkok,13.72024532208221,100.5276876105389,m9Fg9ft-wiv-A9AqkkBZ2g,2178,0,2522,7,18799,True,m9Fg9ft-wiv-A9AqkkBZ2g
2091,2018,2,256,Bangkok,13.73910085816495,100.4916704855197,2CAQXw9cVYmOU_vk_B4Aiw,1266,1,4447,1,18803,True,2CAQXw9cVYmOU_vk_B4Aiw
3619,2011,9,225,Bangkok,13.75630407753215,100.5337109707724,nfazpvRFUiXvanoOkz9uCA,213,0,213,6,18807,True,nfazpvRFUiXvanoOkz9uCA
1930,2018,10,229,Bangkok,13.73725661269184,100.4976869962741,hSJ8dWJiXZF9tMgTNzbiXg,1817,1,2979,3,18811,True,hSJ8dWJiXZF9tMgTNzbiXg
870,2018,10,679,Bangkok,13.72413337536862,100.5699471421613,2NQLxqgiZSRTaFgo_-y5EQ,2893,1,4115,6,18812,True,2NQLxqgiZSRTaFgo_-y5EQ
2521,2019,5,352,Bangkok,13.74323040402739,100.5679723176989,9y1bqe1HDyIXVVuSagCAsA,2734,0,3493,5,18823,True,9y1bqe1HDyIXVVuSagCAsA
3709,2017,6,472,Bangkok,13.75715413589281,100.5338532395469,HgZi8-ylnIIrsSKSMBZrIg,289,0,290,13,18828,True,HgZi8-ylnIIrsSKSMBZrIg
2186,2019,9,355,Bangkok,13.74021038640162,100.498628521554,qxPL8zeg6gOQC29LxujoSA,1866,0,2097,8,18830,True,qxPL8zeg6gOQC29LxujoSA
111,2017,5,408,Bangkok,13.71643882956036,100.5078644765519,fJf-w1zEk-CdI-SazsJMKg,1675,0,1856,3,18832,True,fJf-w1zEk-CdI-SazsJMKg
2240,2017,6,598,Bangkok,13.74036770258974,100.5448726837026,ZqlRBbuUaAmybWIcHsItIg,1837,0,2058,3,18835,True,ZqlRBbuUaAmybWIcHsItIg
2982,2019,5,273,Bangkok,13.74985460364113,100.5029886112696,_Ngz-QJlqwMHVawkcV2Eiw,1765,0,1968,6,18839,True,_Ngz-QJlqwMHVawkcV2Eiw
4005,2018,2,281,Bangkok,13.76157399849337,100.4911424963959,NqSo1b51gdJP6fjpL7DFJA,2044,0,2340,10,18840,True,NqSo1b51gdJP6fjpL7DFJA
3671,2018,9,363,Bangkok,13.75716177942817,100.5056011323768,aszlGV-mcfNAkIUKTvjArw,2423,0,2874,5,18849,True,aszlGV-mcfNAkIUKTvjArw
140,2016,10,352,Bangkok,13.7161875884859,100.5366941867742,TuTnmAhzfrLvV6M11xRnrg,1435,3,4448,1,18851,True,TuTnmAhzfrLvV6M11xRnrg
3882,2011,9,413,Bangkok,13.75916231651698,100.5388996065928,s9ih9afIlU3_N-RDVsJQNA,1439,1,4449,1,18858,True,s9ih9afIlU3_N-RDVsJQNA
14,2020,9,682,Bangkok,13.71521884980065,100.4977276644758,k1Gb_2SCBufetEnxiAnNzw,2368,1,4450,1,18864,True,k1Gb_2SCBufetEnxiAnNzw
130,2020,9,418,Bangkok,13.71575701132123,100.5268467155664,jvmnjb0Cd7ncji7uBY_v2w,1873,0,2105,5,18866,True,jvmnjb0Cd7ncji7uBY_v2w
1336,2018,6,361,Bangkok,13.7302292358964,100.5146753978027,DINPzWOtgPthkzCWkyzkng,1389,0,1490,4,18880,True,DINPzWOtgPthkzCWkyzkng
176,2019,5,338,Bangkok,13.71742092904428,100.4861038057184,DnaPlD1wNV327pHIekNC0w,1579,1,4451,1,18890,True,DnaPlD1wNV327pHIekNC0w
1050,2018,6,383,Bangkok,13.72711105311118,100.4886753501314,LktNyqsFcB5awOxi_K3CxA,2475,0,2962,10,18891,True,LktNyqsFcB5awOxi_K3CxA
1542,2018,1,337,Bangkok,13.73211931773353,100.546736048309,C9NhaAonH3AdfAOjLRxIUQ,614,2,4452,1,18897,True,C9NhaAonH3AdfAOjLRxIUQ
1304,2019,5,629,Bangkok,13.73006672729991,100.4838813929883,tw7x6KKobELImI9g1MU-fw,2758,1,4453,2,18900,True,tw7x6KKobELImI9g1MU-fw
2147,2018,9,345,Bangkok,13.73904471838616,100.5436508164903,HHXDvZkax5DUuoHiNlr3xw,2108,2,4454,1,18906,True,HHXDvZkax5DUuoHiNlr3xw
3387,2016,10,384,Bangkok,13.7532534333566,100.5646882908456,o7405l7PeTIZ-D-2ESjNSw,1476,2,4455,1,18907,True,o7405l7PeTIZ-D-2ESjNSw
4316,2018,10,425,Bangkok,13.76335821398683,100.5333173989215,rTvKmrFYLTLX-uP21AB4-g,1217,2,1892,4,18912,True,rTvKmrFYLTLX-uP21AB4-g
3900,2020,8,530,Bangkok,13.75903105474543,100.5556140414807,w-L7gpinK0LqAreEKNs6Lw,827,1,4456,2,18919,True,w-L7gpinK0LqAreEKNs6Lw
1321,2020,9,484,Bangkok,13.73013281176284,100.4967097347738,iNrlRhoKp9XQURKjWquC6w,1487,0,1613,6,18920,True,iNrlRhoKp9XQURKjWquC6w
1586,2017,5,468,Bangkok,13.73327712591429,100.506637201805,AejLTAm8f0qJL8wvZevBaA,1946,0,2204,8,18927,True,AejLTAm8f0qJL8wvZevBaA
2996,2020,8,546,Bangkok,13.74926406321899,100.516776386991,T_peWIqpPOdpy-BSW7k95g,928,0,974,7,18937,True,T_peWIqpPOdpy-BSW7k95g
3120,2017,6,487,Bangkok,13.75090523943825,100.5598680035271,LZJOm-H7VdrtYoPrUpGT1A,46,1,712,4,18938,True,LZJOm-H7VdrtYoPrUpGT1A
1351,2020,9,471,Bangkok,13.73027560546094,100.532752992022,7TWOv4FeQ_o9QMbzkBoaRw,1003,0,1055,6,18941,True,7TWOv4FeQ_o9QMbzkBoaRw
4327,2016,9,243,Bangkok,13.7641368821987,100.5449268811251,PvdZqIeecMks3iO-9zDsuQ,1495,0,1623,3,18955,True,PvdZqIeecMks3iO-9zDsuQ
4165,2017,6,686,Bangkok,13.76230457296828,100.5645172153373,akfVQfEzOapfqwnmcLRYcg,1704,0,1890,5,18960,True,akfVQfEzOapfqwnmcLRYcg
904,2018,9,292,Bangkok,13.72521617489453,100.5215482110873,INjJArE17gJCkJYppUkXCA,2135,1,2588,7,18966,True,INjJArE17gJCkJYppUkXCA
768,2017,6,621,Bangkok,13.72316328493224,100.5537690351703,gJzHlk1ctVtpi7U-FkXFlg,276,2,2898,4,18974,True,gJzHlk1ctVtpi7U-FkXFlg
4520,2020,8,212,Bangkok,13.76625421655662,100.5646168577511,iyA1jCDFBbcJxA5aKl6AIA,2320,0,2722,4,18976,True,iyA1jCDFBbcJxA5aKl6AIA
721,2020,9,170,Bangkok,13.72308003614739,100.505723625545,2K-DRJuFVjQwVwKBmu6Oww,1932,1,4071,4,18977,True,2K-DRJuFVjQwVwKBmu6Oww
3467,2019,5,318,Bangkok,13.75477775932944,100.5548362866588,xEssUYGhzgyCVmXuqXsz-Q,322,0,325,11,18985,True,xEssUYGhzgyCVmXuqXsz-Q
3315,2020,9,388,Bangkok,13.75324952147744,100.4895322470769,p4ySqHGzNOZeEy7kbahR_g,2345,0,2762,3,18993,True,p4ySqHGzNOZeEy7kbahR_g
943,2019,10,276,Bangkok,13.72521407461583,100.552751101004,Z8fvSvO9J_EdbP1_WpdOjw,2848,1,4457,1,18999,True,Z8fvSvO9J_EdbP1_WpdOjw
4593,2019,5,565,Bangkok,13.7671052328424,100.5540618690597,SfR4XfyiduNxKGd8SBAdzg,362,3,4458,1,19000,True,SfR4XfyiduNxKGd8SBAdzg
4592,2018,10,282,Bangkok,13.76689202524864,100.5545710938071,wsERro8F2inR4zhjjWkE3w,2780,0,3619,4,19001,True,wsERro8F2inR4zhjjWkE3w
1972,2017,6,238,Bangkok,13.73713764855073,100.5463620622814,9vbN58n6_UIQ6QrOBXyEWg,268,0,269,10,19008,True,9vbN58n6_UIQ6QrOBXyEWg
4765,2017,6,411,Bangkok,13.76921990031213,100.5527430018252,snUefKInephmt9FWPfdNxg,1993,0,2268,5,19011,True,snUefKInephmt9FWPfdNxg
1738,2016,10,678,Bangkok,13.73419919576693,100.568833780024,xOZDj4YMqXM48Bibf1gOJg,2270,0,2656,4,19017,True,xOZDj4YMqXM48Bibf1gOJg
4267,2018,11,451,Bangkok,13.76423863622853,100.4886766151603,nNRsekslK7To_xj62ogxRA,2891,1,4459,1,19018,True,nNRsekslK7To_xj62ogxRA
85,2018,10,356,Bangkok,13.71525946748484,100.5683425529812,msFNp8mWJGR52ZPucA2-lw,1709,2,4460,1,19022,True,msFNp8mWJGR52ZPucA2-lw
1486,2017,8,388,Bangkok,13.73224262348872,100.4897653797517,e2XpGGEGLMbmTr5Vn3JTxw,1937,0,2190,9,19023,True,e2XpGGEGLMbmTr5Vn3JTxw
797,2017,5,210,Bangkok,13.72428090539605,100.4976716089879,rbjG8pblxbiY_5Lw3J3HTQ,580,5,4461,2,19029,True,rbjG8pblxbiY_5Lw3J3HTQ
3407,2019,5,352,Bangkok,13.75425153294585,100.4985466208506,4MTDXW-Xy-bozRN6D2fHfA,124,1,401,5,19032,True,4MTDXW-Xy-bozRN6D2fHfA
3633,2018,10,258,Bangkok,13.75623852314904,100.5507642527903,ySs9TbZa43byEMBNMD9WgA,1686,0,1868,7,19045,True,ySs9TbZa43byEMBNMD9WgA
3130,2020,9,351,Bangkok,13.7503067676377,100.5627101759399,tFvedWeczuUYXZ0SVZGoXg,279,0,280,7,19049,True,tFvedWeczuUYXZ0SVZGoXg
2157,2019,10,149,Bangkok,13.73919838067071,100.5530591863461,TwUlwdNdIIcLRdmiAiIcNA,2362,0,2788,6,19050,True,TwUlwdNdIIcLRdmiAiIcNA
1931,2019,5,273,Bangkok,13.73658411251722,100.5037288655908,EKsTH9Ew67WnlpTrLSaeFQ,987,2,4462,1,19055,True,EKsTH9Ew67WnlpTrLSaeFQ
2447,2011,9,308,Bangkok,13.74332212923073,100.4956990208704,rIQzP4xR5ug2nzNt0JfIRQ,1777,0,1984,7,19064,True,rIQzP4xR5ug2nzNt0JfIRQ
1848,2020,9,379,Bangkok,13.73599903538119,100.5017752319277,2phPFaPUwioOSOcSoIHCpw,1894,1,4463,2,19065,True,2phPFaPUwioOSOcSoIHCpw
4248,2018,10,145,Bangkok,13.76313271640053,100.5556097948777,XrVPXvyRkJ51X5GzIkSktA,1248,1,3415,3,19076,True,XrVPXvyRkJ51X5GzIkSktA
217,2018,11,509,Bangkok,13.7172963470422,100.5271127560889,Y7KZfUStcl7sFnBFjE3Yzw,2034,1,4287,3,19078,True,Y7KZfUStcl7sFnBFjE3Yzw
3105,2014,9,130,Bangkok,13.74980190680721,100.5426944500984,E669KewkrrYnEmanX8J1VA,318,0,319,9,19082,True,E669KewkrrYnEmanX8J1VA
3164,2018,9,291,Bangkok,13.75144744913052,100.5158275145861,oFVZtDfDq0FT7SDz7LCgbg,178,3,4464,1,19091,True,oFVZtDfDq0FT7SDz7LCgbg
448,2017,5,432,Bangkok,13.72011605608614,100.4987479781018,i86hI5T2jCVBDm-GO4FCzg,2175,1,2765,7,19103,True,i86hI5T2jCVBDm-GO4FCzg
2002,2018,10,496,Bangkok,13.73713464254573,100.5680120095756,Y0ba-ir9sRxwMKFazGErtA,2392,1,4466,2,19106,True,Y0ba-ir9sRxwMKFazGErtA
1278,2019,5,518,Bangkok,13.72887656315167,100.5457509168493,n6qakKNHADhjhxUefsvk2w,1916,2,4467,1,19116,True,n6qakKNHADhjhxUefsvk2w
4174,2019,4,497,Bangkok,13.7622719518082,100.5657050547862,cYv61GPVtf4Xi9gnGjTTsg,2796,0,3678,5,19119,True,cYv61GPVtf4Xi9gnGjTTsg
4647,2020,8,514,Bangkok,13.76879088508186,100.516522262588,yk1reo3jUvxhbNt6GfwZwQ,2248,0,2623,6,19123,True,yk1reo3jUvxhbNt6GfwZwQ
761,2011,12,128,Bangkok,13.7232312423905,100.5445966602688,cAkt8_e_UbMm2xwuKf5w1g,1322,0,1417,6,19130,True,cAkt8_e_UbMm2xwuKf5w1g
3107,2019,9,466,Bangkok,13.75028431392917,100.5466676623641,rayZrTUp1jtsh5nyTBsZIQ,670,0,691,4,19135,True,rayZrTUp1jtsh5nyTBsZIQ
181,2018,10,582,Bangkok,13.71717010437302,100.4907976458663,z_ui-tXb2zemGDKx5Bbang,2651,0,3301,3,19136,True,z_ui-tXb2zemGDKx5Bbang
1676,2017,11,264,Bangkok,13.73411330111572,100.5035375702524,2OkkceYcc3WRxJmPR4NKPA,2307,1,2761,5,19139,True,2OkkceYcc3WRxJmPR4NKPA
867,2016,11,371,Bangkok,13.72426736619313,100.564810995356,lsy9HlIQJrAX48gKdvbIhQ,1759,0,1962,5,19145,True,lsy9HlIQJrAX48gKdvbIhQ
2830,2017,5,234,Bangkok,13.74682195573083,100.5276052441146,_9TgLLChgI3yy3-sD9xrIQ,500,0,510,12,19148,True,_9TgLLChgI3yy3-sD9xrIQ
3588,2020,9,266,Bangkok,13.75613284827266,100.5036774867482,19C91f7S1XgyQWElQG-LRA,460,0,468,9,19153,True,19C91f7S1XgyQWElQG-LRA
2612,2011,9,158,Bangkok,13.74500992910248,100.4865269529154,Q071qHZmFeCXHNcG4mfFRg,40,0,40,10,19164,True,Q071qHZmFeCXHNcG4mfFRg
4285,2019,4,432,Bangkok,13.76427321280867,100.5097401365459,o8lzurJGT15wkSuMvm2PWQ,1472,0,1593,5,19173,True,o8lzurJGT15wkSuMvm2PWQ
3456,2011,9,448,Bangkok,13.75469867301422,100.5428659067916,7h87oW-Zjhi6-WWgKVd6AQ,2434,0,2890,6,19175,True,7h87oW-Zjhi6-WWgKVd6AQ
144,2018,10,611,Bangkok,13.71681075042508,100.5404016424075,M1m41hJThB5vZnsBvC4diA,1429,0,1541,5,19181,True,M1m41hJThB5vZnsBvC4diA
4843,2019,9,387,Bangkok,13.77007178343204,100.541068451157,n5An6KwXLOeqPjoy-_CYUQ,370,1,2773,12,19185,True,n5An6KwXLOeqPjoy-_CYUQ
3263,2020,8,558,Bangkok,13.75210381794332,100.5246155501419,RTA8x3mExG7JrdHhsAfykA,2010,1,2457,4,19187,True,RTA8x3mExG7JrdHhsAfykA
4862,2017,6,478,Bangkok,13.76999170609926,100.5596925002402,u7SFbbUYlbIm5n0kWZT5Gw,826,1,4468,1,19194,True,u7SFbbUYlbIm5n0kWZT5Gw
1714,2019,7,134,Bangkok,13.73424873487512,100.5437381230881,xQMn85LE0HbKfYCjegRb3Q,757,0,785,15,19196,True,xQMn85LE0HbKfYCjegRb3Q
1591,2017,9,513,Bangkok,13.73333783865394,100.508799309944,MXNduDJo1tVj_YZI5NhAzA,794,0,826,7,19201,True,MXNduDJo1tVj_YZI5NhAzA
3577,2017,11,213,Bangkok,13.75619083919651,100.498798772292,17AJQsell0p_xUDYZGHdag,1278,0,1368,5,19202,True,17AJQsell0p_xUDYZGHdag
450,2020,9,342,Bangkok,13.7202268880493,100.4958313304432,X9KAF_d2F-lOTkRA0RVdRQ,886,0,928,8,19206,True,X9KAF_d2F-lOTkRA0RVdRQ
1310,2019,9,230,Bangkok,13.72977887180098,100.4855653866141,EKmPHssuyTRE4qzc5GEvcA,1887,0,2123,4,19208,True,EKmPHssuyTRE4qzc5GEvcA
3877,2017,11,407,Bangkok,13.7584780955494,100.5333959535427,sq5xKv-dLo0QqAMPefu4rA,49,0,49,13,19217,True,sq5xKv-dLo0QqAMPefu4rA
1762,2017,11,141,Bangkok,13.73507515547602,100.5038485151437,yCkB9p0bt3nOjwXinFO0HA,1952,0,2212,5,19219,True,yCkB9p0bt3nOjwXinFO0HA
2849,2017,6,404,Bangkok,13.74724575794072,100.5444709065159,l8axLnN7J3Eiko5YGwT6Hw,621,0,634,9,19235,True,l8axLnN7J3Eiko5YGwT6Hw
2748,2017,5,329,Bangkok,13.74617828902962,100.5306673979172,DIznbaTBIFVljGo6jU9UVg,152,1,786,8,19239,True,DIznbaTBIFVljGo6jU9UVg
4405,2020,9,307,Bangkok,13.76521156450952,100.5388514829633,mSXnNG_H8rlOAcw5v8oP1w,311,0,312,14,19255,True,mSXnNG_H8rlOAcw5v8oP1w
4118,2018,1,155,Bangkok,13.76189210239248,100.5154125471492,2h71KP-a1oyz2dHNv0_Q2A,1810,0,2026,6,19258,True,2h71KP-a1oyz2dHNv0_Q2A
3686,2011,9,415,Bangkok,13.75697906198625,100.5164007576362,kk41r1n6Ki7Aa3vhZzc8yw,1772,0,1978,5,19261,True,kk41r1n6Ki7Aa3vhZzc8yw
1179,2012,4,332,Bangkok,13.72824958329032,100.5336576611229,4ptjHDjLG8ALup00eoqbLA,442,0,450,10,19264,True,4ptjHDjLG8ALup00eoqbLA
2748,2016,10,435,Bangkok,13.74614815282564,100.530663747771,gmsoZvUalp8fiNIEebFprg,152,0,152,4,19266,True,gmsoZvUalp8fiNIEebFprg
827,2017,5,363,Bangkok,13.72420367322246,100.5307030588264,AZw_Bo67IHOGW-D9p8Zfqw,2495,0,3000,3,19270,True,AZw_Bo67IHOGW-D9p8Zfqw
4510,2011,9,555,Bangkok,13.76626777290853,100.5506774544874,mHtA8FCRlTC4s8xPwMGOUg,280,1,3315,8,19274,True,mHtA8FCRlTC4s8xPwMGOUg
4659,2019,9,303,Bangkok,13.76800854248858,100.531616140417,5sDmStoHcd5rh3Z6iTuNYg,1924,0,2167,14,19275,True,5sDmStoHcd5rh3Z6iTuNYg
4161,2018,10,545,Bangkok,13.76228409913062,100.5567254840918,lbqbfzAoeqMzMzcUXDfbaw,2803,1,4469,1,19276,True,lbqbfzAoeqMzMzcUXDfbaw
45,2020,9,460,Bangkok,13.71520699463502,100.5287031829263,cEs8IyK0g3lJw6j7CNa2pw,2293,1,3686,3,19279,True,cEs8IyK0g3lJw6j7CNa2pw
3984,2018,3,254,Bangkok,13.76015526047703,100.5557444943148,EIiNRnwQbVgeaRb24UhM0w,163,0,163,13,19288,True,EIiNRnwQbVgeaRb24UhM0w
4602,2018,3,482,Bangkok,13.76715896539346,100.5588771170594,5TV8naI68C695HYOGSaDxw,1565,1,4470,1,19290,True,5TV8naI68C695HYOGSaDxw
1683,2019,8,38,Bangkok,13.73430648003204,100.5127314904943,4-KLPnyHT9ah0fsvc1QkQw,2678,0,3371,7,19293,True,4-KLPnyHT9ah0fsvc1QkQw
1,2019,5,418,Bangkok,13.71540894171225,100.4848769616509,b-AaHXIaVdde_uD8VMHuYg,2041,1,4092,3,19297,True,b-AaHXIaVdde_uD8VMHuYg
2148,2020,8,592,Bangkok,13.73913830260071,100.5430367427822,5gbvNgt1KnZTHbYKjTnJTg,1886,0,2122,12,19310,True,5gbvNgt1KnZTHbYKjTnJTg
1016,2020,9,273,Bangkok,13.72627865474785,100.5418358755277,EJChwZ0CE2myW-mXZsCHqQ,2646,0,3292,4,19318,True,EJChwZ0CE2myW-mXZsCHqQ
2406,2016,10,475,Bangkok,13.74228757879644,100.5397927545386,MwVatKzbvsheXut3zKhhrQ,1365,0,1465,9,19327,True,MwVatKzbvsheXut3zKhhrQ
285,2020,9,200,Bangkok,13.71816797679289,100.507784159177,AK3NnlsRP8rAlc0kiI1IfQ,332,0,337,10,19333,True,AK3NnlsRP8rAlc0kiI1IfQ
1574,2011,9,447,Bangkok,13.73327219597789,100.489731224144,VgDgtUU46f2kCMtHrziRpA,2091,0,2401,7,19335,True,VgDgtUU46f2kCMtHrziRpA
4478,2018,10,650,Bangkok,13.76622749905878,100.5246887401755,m6OrNQe_iTMNtQmKF5U29A,1186,0,1263,7,19339,True,m6OrNQe_iTMNtQmKF5U29A
1378,2019,5,233,Bangkok,13.72974986085101,100.5522865260365,k6anCHoHN16EBFAbPfp0YQ,5,1,3377,5,19340,True,k6anCHoHN16EBFAbPfp0YQ
2156,2017,6,168,Bangkok,13.73921738765291,100.546722267066,M9at8qDYfcHR7oN7LPUS5g,1530,0,1666,12,19345,True,M9at8qDYfcHR7oN7LPUS5g
1402,2016,11,94,Bangkok,13.73133584628471,100.4906660604326,1mEnmqhclVxwTXMahwbwpw,2378,0,2814,6,19348,True,1mEnmqhclVxwTXMahwbwpw
1175,2020,9,266,Bangkok,13.72815317287723,100.5287378043636,GaSz-oojq21gpMnBUo2iYw,2372,0,2803,8,19365,True,GaSz-oojq21gpMnBUo2iYw
957,2019,8,377,Bangkok,13.7261219207409,100.4869032235838,adKtoj3hvIzagNPt3C4x2g,2370,0,2801,9,19366,True,adKtoj3hvIzagNPt3C4x2g
393,2017,9,319,Bangkok,13.71933210990676,100.5286347295484,OMCZi0yWo6vSOvRKMaxKXw,2883,1,4471,1,19372,True,OMCZi0yWo6vSOvRKMaxKXw
963,2018,10,138,Bangkok,13.72626197270573,100.489572768171,MQsyl9TaqJpJz-G5NDm5tA,2810,1,4472,1,19381,True,MQsyl9TaqJpJz-G5NDm5tA
1312,2017,11,497,Bangkok,13.73020214713451,100.4945518003375,zn5lGKH8_redmNFMPYTtBg,52,0,52,11,19399,True,zn5lGKH8_redmNFMPYTtBg
393,2016,10,137,Bangkok,13.71934084011021,100.5286249187265,pJ__CbY-6Q73cM8iBo3epw,2883,0,4043,7,19401,True,pJ__CbY-6Q73cM8iBo3epw
1530,2011,9,292,Bangkok,13.73221667505926,100.5337720371211,CIaLTAmY5vtjzZMaKzDd6g,1077,0,1138,8,19402,True,CIaLTAmY5vtjzZMaKzDd6g
1577,2018,10,253,Bangkok,13.73308190322291,100.4971798422547,GgjEFTEKJCMlx5W4h5zDZw,176,1,4473,1,19403,True,GgjEFTEKJCMlx5W4h5zDZw
387,2020,9,345,Bangkok,13.71945501727155,100.5226225539154,MrxdiZi_CNSdO5JueqmYtQ,2401,0,2842,14,19405,True,MrxdiZi_CNSdO5JueqmYtQ
2245,2020,8,526,Bangkok,13.74008139307787,100.5551304510808,ySaPt7Do22wOBtVZDSNEDw,1383,0,1484,7,19407,True,ySaPt7Do22wOBtVZDSNEDw
4691,2018,9,480,Bangkok,13.76827317474692,100.5628463801283,Baq03deQqexTQ5JaXSllSA,245,1,4015,4,19411,True,Baq03deQqexTQ5JaXSllSA
512,2019,6,268,Bangkok,13.72040131465884,100.5637834302588,m0iWuXCHMV76BVI8X2OUTQ,2376,0,2811,5,19422,True,m0iWuXCHMV76BVI8X2OUTQ
1643,2020,9,273,Bangkok,13.73307858036013,100.5597413641164,ec7ttohV9uPWyYIBiByUOQ,861,0,901,7,19423,True,ec7ttohV9uPWyYIBiByUOQ
4341,2018,3,500,Bangkok,13.76419834673734,100.5587782397621,M2ecAeRFYndxDhf3eEB7Uw,228,0,229,3,19424,True,M2ecAeRFYndxDhf3eEB7Uw
1411,2018,5,286,Bangkok,13.73174308356343,100.5039556607382,Yq9UXsqhsxZLW7yQREHcxg,958,0,1006,8,19425,True,Yq9UXsqhsxZLW7yQREHcxg
1654,2017,10,481,Bangkok,13.73422870113028,100.4836914154165,PRpLvClx6DyTeM_SdKoKqA,2693,0,3409,6,19430,True,PRpLvClx6DyTeM_SdKoKqA
4173,2018,10,460,Bangkok,13.76214498852122,100.5666918657199,EoyMeS9TBMxdC6MMGfOkLA,2056,0,2354,3,19443,True,EoyMeS9TBMxdC6MMGfOkLA
4835,2019,10,454,Bangkok,13.77013724773124,100.5290247422727,5MF49dqilxtsHdYjG51JEA,2125,0,2447,9,19445,True,5MF49dqilxtsHdYjG51JEA
739,2020,9,203,Bangkok,13.72318927005985,100.5311919459262,hjwu4pVe1wzVUdgdYtAkjQ,2614,2,4474,1,19447,True,hjwu4pVe1wzVUdgdYtAkjQ
117,2017,6,571,Bangkok,13.71612608035081,100.5141080437878,WWGlyvGXAmj5VYMMLFNxkw,1585,0,1739,11,19448,True,WWGlyvGXAmj5VYMMLFNxkw
2175,2019,5,552,Bangkok,13.73900191969819,100.5687440327836,LqPpkuG4waNl2VPrS2GxIA,787,2,4475,1,19449,True,LqPpkuG4waNl2VPrS2GxIA
2188,2017,6,418,Bangkok,13.74058536886206,100.4968173194006,8HYZHCIpu3X7oLDiK6fpPA,2284,3,4476,1,19454,True,8HYZHCIpu3X7oLDiK6fpPA
3078,2016,8,566,Bangkok,13.75021921931686,100.5206560388179,BnrppcN7oLmJaBjnG_sxKw,2770,1,4477,1,19456,True,BnrppcN7oLmJaBjnG_sxKw
2690,2016,11,326,Bangkok,13.74520869855299,100.5588852359319,DIDwMWtsMDs_Rr02-Ob-gQ,188,1,2059,7,19467,True,DIDwMWtsMDs_Rr02-Ob-gQ
695,2017,6,543,Bangkok,13.72244231067424,100.5658815231066,0BAgLUCber_AaLEWImRnmg,1681,0,1863,9,19468,True,0BAgLUCber_AaLEWImRnmg
2644,2019,5,417,Bangkok,13.74514004830165,100.5197319290413,PPQPzoVk11fvLfGZa2cxUQ,3,0,3,6,19471,True,PPQPzoVk11fvLfGZa2cxUQ
2058,2016,11,612,Bangkok,13.73824220399471,100.5445033875783,orRZjTIgJkuk9QjN6BCtLQ,321,1,753,5,19478,True,orRZjTIgJkuk9QjN6BCtLQ
3421,2019,5,349,Bangkok,13.75435960342786,100.5086426541372,sEkETPo2wofaykcRgiu_gQ,1851,1,4478,1,19480,True,sEkETPo2wofaykcRgiu_gQ
2240,2020,8,432,Bangkok,13.74039443181637,100.5448593574909,alPcfFtoeb2VveTCHzaXOQ,1837,1,3396,6,19488,True,alPcfFtoeb2VveTCHzaXOQ
1369,2019,10,223,Bangkok,13.73021659174711,100.5478262319375,eYF-rEcg9l4IVI1cRNl4wA,1229,0,1313,3,19490,True,eYF-rEcg9l4IVI1cRNl4wA
1599,2017,7,268,Bangkok,13.73318946624399,100.5177231606145,z-Ramz_OH3y8ZSHiLxJLvg,2588,0,3177,4,19495,True,z-Ramz_OH3y8ZSHiLxJLvg
1870,2020,8,180,Bangkok,13.73626408121115,100.5247431753907,V0_qkfhdagXY2VbX4_eUbg,743,1,3892,4,19496,True,V0_qkfhdagXY2VbX4_eUbg
4007,2019,5,324,Bangkok,13.7620384081039,100.4907850795876,OY3WQjWfC8bhu5pra7JqVA,1949,0,2208,7,19517,True,OY3WQjWfC8bhu5pra7JqVA
968,2020,9,310,Bangkok,13.72635843397054,100.4906049664007,9JCOVASZ8CjZ7KeL07o4CQ,2844,1,4479,1,19522,True,9JCOVASZ8CjZ7KeL07o4CQ
2136,2014,9,434,Bangkok,13.73928545201364,100.5296487706232,gE48vuU8Wzorn9Nx8bbbpA,1191,0,1269,7,19526,True,gE48vuU8Wzorn9Nx8bbbpA
2203,2011,9,369,Bangkok,13.74017636391612,100.5068235526634,6v850x0VahgHlCeFvDAFUg,2017,0,2306,3,19531,True,6v850x0VahgHlCeFvDAFUg
4138,2017,6,67,Bangkok,13.76374606205974,100.5325029164941,UxM2cVl6JeH91yRZ1cObUw,2223,1,4480,1,19541,True,UxM2cVl6JeH91yRZ1cObUw
1433,2019,6,382,Bangkok,13.73133880809603,100.5266886129315,ykrlyb3TPw9jw1bBqNBqXg,877,0,917,8,19542,True,ykrlyb3TPw9jw1bBqNBqXg
3117,2011,9,328,Bangkok,13.75070602101172,100.5607673237806,ka4fISWhWK7Br4_hfA9aRA,1734,1,2446,4,19543,True,ka4fISWhWK7Br4_hfA9aRA
4509,2011,9,262,Bangkok,13.76648163636643,100.5557917553708,6WzsQ5P9rIxYH9AWPayVFA,775,0,805,4,19550,True,6WzsQ5P9rIxYH9AWPayVFA
4104,2016,8,437,Bangkok,13.7621615963559,100.5017598062936,m4mlM5JFBmnbDeSxpNwFcw,2020,1,4481,1,19551,True,m4mlM5JFBmnbDeSxpNwFcw
1431,2016,10,304,Bangkok,13.73107892560379,100.5244102871412,sajph1XbrGmiBCMmifLElg,2877,0,3986,4,19552,True,sajph1XbrGmiBCMmifLElg
2516,2020,8,539,Bangkok,13.74324525956483,100.5586986363225,1T5Qn_lPEWGHcEjeb9uKMQ,1984,0,2256,8,19553,True,1T5Qn_lPEWGHcEjeb9uKMQ
4348,2017,6,407,Bangkok,13.76424117770719,100.5656414748076,xxcDeCp81Kr_9Omy_Y03Kg,319,1,3329,4,19554,True,xxcDeCp81Kr_9Omy_Y03Kg
1895,2019,5,111,Bangkok,13.73621863140906,100.5507669995893,BwKimSuTyqNvHpHOcmhOCg,2148,0,2480,6,19555,True,BwKimSuTyqNvHpHOcmhOCg
2660,2017,6,509,Bangkok,13.7451880867545,100.5307086583069,Wzpx5zYt-ZJqqLGBnWe3QQ,1406,0,1514,9,19558,True,Wzpx5zYt-ZJqqLGBnWe3QQ
4651,2020,8,615,Bangkok,13.76827056154922,100.5255273756836,SjHeBXbJcZ3W7-ikVsYHrA,2764,0,3582,7,19562,True,SjHeBXbJcZ3W7-ikVsYHrA
3904,2019,4,705,Bangkok,13.75921496113599,100.5636752738585,4jbjQIvqcvHudt8LQxTjYA,2800,0,3688,4,19563,True,4jbjQIvqcvHudt8LQxTjYA
4415,2020,8,203,Bangkok,13.76524194758031,100.5497742834578,DT3jLrLYTPgesZFKLjE5kQ,2815,0,3729,5,19567,True,DT3jLrLYTPgesZFKLjE5kQ
25,2020,9,360,Bangkok,13.71621731586866,100.5083391364965,ieZd0N9HoKrYVV2aXFWg6Q,2897,2,4482,1,19578,True,ieZd0N9HoKrYVV2aXFWg6Q
3129,2019,5,290,Bangkok,13.74943283154275,100.5675397191164,g1z-VE32CyoZ2awbcnVtFQ,1485,0,1611,6,19579,True,g1z-VE32CyoZ2awbcnVtFQ
2974,2018,9,516,Bangkok,13.74920803501051,100.4965332499235,lMNmkotVw6SAf5EKhyMZiw,605,0,618,8,19580,True,lMNmkotVw6SAf5EKhyMZiw
562,2011,9,187,Bangkok,13.72137218783272,100.5240279852771,HDx9myjOxvGHREjdBx3Ugg,180,1,1499,5,19596,True,HDx9myjOxvGHREjdBx3Ugg
2884,2020,8,250,Bangkok,13.74814673128071,100.5007819793401,U_PPp3JhWeUNbTno4PiRrw,810,0,846,5,19597,True,U_PPp3JhWeUNbTno4PiRrw
4534,2019,9,223,Bangkok,13.76735192908439,100.4916382670553,qtzdwcrJV8-5yfftWm6_Aw,1637,0,1807,4,19600,True,qtzdwcrJV8-5yfftWm6_Aw
2390,2017,6,272,Bangkok,13.74221361774541,100.5237437490968,c9tIGDJTQ3a5z_oR5F_jUw,115,1,4483,1,19602,True,c9tIGDJTQ3a5z_oR5F_jUw
989,2019,6,244,Bangkok,13.72620357178768,100.5147565606499,0e9AMJd3H5lLoo89Vt52Tw,2707,1,4484,1,19617,True,0e9AMJd3H5lLoo89Vt52Tw
4480,2011,9,568,Bangkok,13.76559794105862,100.5284746583761,vquDcm4i-1y4y7FK6nWgDw,2098,1,3651,3,19622,True,vquDcm4i-1y4y7FK6nWgDw
1903,2017,11,337,Bangkok,13.73620165577407,100.5580118964904,lrCSD1lmgev2hzwGSaidpg,2374,1,3643,5,19623,True,lrCSD1lmgev2hzwGSaidpg
614,2016,11,221,Bangkok,13.72236426405749,100.4894524281152,_IOupMyqLRPlPPTQila2QQ,26,2,4485,1,19634,True,_IOupMyqLRPlPPTQila2QQ
1285,2018,9,280,Bangkok,13.72917313324242,100.5523157110477,LRofCOdslkdgIEbM3MabtQ,252,0,253,4,19638,True,LRofCOdslkdgIEbM3MabtQ
4636,2016,8,37,Bangkok,13.76811178926162,100.5055975545845,A5zyZY9FpdzRX2M3LMO3Uw,2867,0,3949,4,19640,True,A5zyZY9FpdzRX2M3LMO3Uw
3851,2020,8,365,Bangkok,13.75912946161141,100.5065217174541,mSyfrvyrwWGU6hmdU0SnUQ,1001,1,4486,1,19641,True,mSyfrvyrwWGU6hmdU0SnUQ
2505,2017,6,309,Bangkok,13.74327341520692,100.5566088076982,5sanbJYhjrH2WwwDMMOwcA,938,1,1009,5,19642,True,5sanbJYhjrH2WwwDMMOwcA
4760,2018,10,494,Bangkok,13.76844338309634,100.5451449642153,_fUqYcxdqLDBSfZDyh3l6Q,2657,0,3317,5,19646,True,_fUqYcxdqLDBSfZDyh3l6Q
3034,2016,11,612,Bangkok,13.74919714640607,100.5607242574472,zu4-tT0E0NYpCWcWGklv5Q,2501,0,3014,9,19647,True,zu4-tT0E0NYpCWcWGklv5Q
701,2011,9,456,Bangkok,13.72393462584918,100.4896113695136,2p2wU_sgiHohXQ9ffb5q4g,2202,0,2560,7,19665,True,2p2wU_sgiHohXQ9ffb5q4g
110,2018,6,349,Bangkok,13.71621074515308,100.506689185135,oULJxQivefU4j4cfyjPVQA,1588,0,1742,7,19666,True,oULJxQivefU4j4cfyjPVQA
3777,2020,9,367,Bangkok,13.7578548981687,100.522110305154,txpWlHp6-a784Bkyockv4g,2150,0,2483,4,19667,True,txpWlHp6-a784Bkyockv4g
3195,2017,9,358,Bangkok,13.75147927021996,100.5472741814944,MM3nDk3pTfzdY8iqiHbK5g,2909,0,4428,4,19669,True,MM3nDk3pTfzdY8iqiHbK5g
3288,2020,8,188,Bangkok,13.75229864580852,100.5527153044961,EXGf_OaG727paMn0J5_1Ug,428,4,4487,1,19673,True,EXGf_OaG727paMn0J5_1Ug
2738,2020,9,608,Bangkok,13.74621447221685,100.5235659036732,i6d2J0SJrshgZsEsFF800g,2462,0,2940,6,19678,True,i6d2J0SJrshgZsEsFF800g
263,2019,5,595,Bangkok,13.71825679363813,100.4858266940324,-SauXiAjZQ99VnW6e92adw,1615,2,4488,1,19685,True,-SauXiAjZQ99VnW6e92adw
4491,2019,4,365,Bangkok,13.76569392878554,100.5427303503446,K7webhdUDawrPkYBcqsmmA,1000,2,4489,1,19688,True,K7webhdUDawrPkYBcqsmmA
2731,2017,7,107,Bangkok,13.74631353959326,100.5182212635637,PPcCvjMEcFLm07dRfndCFQ,516,1,4490,1,19699,True,PPcCvjMEcFLm07dRfndCFQ
2108,2014,9,570,Bangkok,13.73967381849364,100.4997681288123,JdUT8yPBnV5TwAETevEPrg,91,0,91,7,19700,True,JdUT8yPBnV5TwAETevEPrg
2560,2019,5,231,Bangkok,13.74422596668674,100.5196942917809,GBxsuMq9HW2cO1a30_2REw,454,0,462,7,19709,True,GBxsuMq9HW2cO1a30_2REw
1928,2017,11,404,Bangkok,13.73750403003329,100.4945931913049,1wJ-Ap4izg23c0V1pAd0Fw,538,0,549,10,19723,True,1wJ-Ap4izg23c0V1pAd0Fw
2282,2011,9,427,Bangkok,13.74120633690119,100.4997209640352,yq4hhaxTzpz_Lyvb6p79EA,1334,0,1430,6,19734,True,yq4hhaxTzpz_Lyvb6p79EA
3888,2016,10,572,Bangkok,13.75914850531668,100.5416768232281,vCYPIU2VM55DkdrbWKVzLA,229,0,230,9,19737,True,vCYPIU2VM55DkdrbWKVzLA
3893,2020,8,197,Bangkok,13.75904793445298,100.5518951846631,HH5ECQlBk8Zik4bSoVz9UA,409,0,417,4,19738,True,HH5ECQlBk8Zik4bSoVz9UA
3387,2018,10,344,Bangkok,13.75323297533547,100.564700355155,bnRh22JltGgFxemYcrnITw,1476,0,1600,7,19741,True,bnRh22JltGgFxemYcrnITw
2182,2019,5,270,Bangkok,13.74052467891003,100.4895185193977,U_zfBiTFiDRdJ2AUlikdXA,808,0,844,7,19744,True,U_zfBiTFiDRdJ2AUlikdXA
4752,2011,12,373,Bangkok,13.76959724376176,100.5409880992596,ZRGRYpZSG0dgENl2IpegvA,39,0,39,11,19752,True,ZRGRYpZSG0dgENl2IpegvA
2420,2016,11,637,Bangkok,13.74214235945304,100.557706802076,cKRj90ZQenCOii1rofSJVQ,1022,2,4491,2,19767,True,cKRj90ZQenCOii1rofSJVQ
609,2017,5,605,Bangkok,13.72235176683542,100.4836609964767,MjbINttSGI6AfthMYIKObQ,1982,0,2253,8,19771,True,MjbINttSGI6AfthMYIKObQ
2855,2019,5,639,Bangkok,13.74715909133018,100.5563491937071,H6RrF1P_5UuXVjp_4oH9Yg,1682,3,4492,2,19777,True,H6RrF1P_5UuXVjp_4oH9Yg
1822,2016,10,512,Bangkok,13.73527449389034,100.5665492311732,a7_OblWRiqAGOI9pIoa87w,1072,0,1133,4,19785,True,a7_OblWRiqAGOI9pIoa87w
3838,2019,5,297,Bangkok,13.75916662914882,100.4967234725181,qkywhuVxn90wKg_zKSNFDQ,768,0,797,7,19799,True,qkywhuVxn90wKg_zKSNFDQ
4507,2017,6,335,Bangkok,13.76612650336146,100.554861031804,us_nRQ5phsnjvaZfvVF5JQ,2190,2,4493,1,19807,True,us_nRQ5phsnjvaZfvVF5JQ
3704,2016,9,133,Bangkok,13.75699838305364,100.5387274503513,CIwOTzS90MHLLby3onxpTA,1500,0,1629,13,19810,True,CIwOTzS90MHLLby3onxpTA
3161,2015,10,135,Bangkok,13.75124187165246,100.5107325117885,b16OQZNQNxYLBNLnlrrQmQ,2552,2,4494,1,19824,True,b16OQZNQNxYLBNLnlrrQmQ
616,2011,9,202,Bangkok,13.72222969544895,100.4856811780075,D8HlsoYOIZA91Ww2OKqCSg,2894,0,4106,5,19833,True,D8HlsoYOIZA91Ww2OKqCSg
1815,2019,9,463,Bangkok,13.73518892156596,100.5559213056069,-84WZJ07Ry6djWHoEWArUw,2771,1,4495,1,19836,True,-84WZJ07Ry6djWHoEWArUw
1674,2020,9,398,Bangkok,13.73433432453795,100.5056169492658,Clpd_WFqlkeNmEUhHOBmnQ,2047,0,2344,3,19839,True,Clpd_WFqlkeNmEUhHOBmnQ
1852,2016,8,302,Bangkok,13.73653756416744,100.5107159721367,o1_7PaXq2o7DwJkgjpi4ag,2440,1,4496,1,19853,True,o1_7PaXq2o7DwJkgjpi4ag
3178,2018,9,366,Bangkok,13.75127325450934,100.5347241984013,fgyBiyZtxRArCooL-oYtSw,2530,1,4497,1,19855,True,fgyBiyZtxRArCooL-oYtSw
2248,2020,8,175,Bangkok,13.74027050095378,100.5574179355916,EIFLTduld0NEWLnPat7L1A,1524,1,3241,4,19856,True,EIFLTduld0NEWLnPat7L1A
830,2011,9,207,Bangkok,13.7238333354032,100.5262581713194,XUtMClIaKvyFVjC1Z_xT2Q,2533,2,4498,2,19857,True,XUtMClIaKvyFVjC1Z_xT2Q
415,2019,5,226,Bangkok,13.71930079846739,100.5501519358927,bE-lMMggCKCXL2DMC43jYA,1331,0,1426,4,19870,True,bE-lMMggCKCXL2DMC43jYA
4661,2018,10,266,Bangkok,13.76784271885545,100.5357352905833,bX0R8a1XRCZn8szf78c35A,1583,0,1735,6,19872,True,bX0R8a1XRCZn8szf78c35A
4005,2016,8,81,Bangkok,13.76155401346446,100.4911200204955,fJJsyAri-LIO6NpFKoIILw,2044,1,4499,1,19882,True,fJJsyAri-LIO6NpFKoIILw
3930,2014,9,530,Bangkok,13.7604211430414,100.5009062755296,MBUydQLlhTxaUzCPtHs4cA,2563,1,4500,1,19886,True,MBUydQLlhTxaUzCPtHs4cA
2531,2017,6,562,Bangkok,13.74429812022771,100.4918330984068,lyDwhDtj0fsbyap4rr69hQ,590,3,4501,1,19890,True,lyDwhDtj0fsbyap4rr69hQ
4864,2020,8,677,Bangkok,13.77022140172835,100.5648444367822,gL_efdF7eJWUB0b-DrbBWw,1274,1,4502,1,19897,True,gL_efdF7eJWUB0b-DrbBWw
2003,2017,11,626,Bangkok,13.73746695102848,100.5687027804267,8hrdZ4HcmjQ8wmAYMntkyA,1337,0,1435,9,19898,True,8hrdZ4HcmjQ8wmAYMntkyA
3902,2017,6,255,Bangkok,13.75920158173033,100.5588331217098,MGd5fzvWcikgfW1QXbzdZg,1052,1,4503,1,19902,True,MGd5fzvWcikgfW1QXbzdZg
1116,2020,3,528,Bangkok,13.7270453718097,100.5525480845311,pbkA5EeDcuhL7zFAC8ncsg,1463,0,1581,4,19909,True,pbkA5EeDcuhL7zFAC8ncsg
1675,2011,9,68,Bangkok,13.73422662145144,100.5027509039956,60iTOTTCnYZ5FgnAeP_IAQ,348,2,4505,1,19910,True,60iTOTTCnYZ5FgnAeP_IAQ
182,2019,5,362,Bangkok,13.71719541128425,100.4917417724564,CmLYTtmFBMh5ZP8sCubI6A,1099,0,1161,3,19922,True,CmLYTtmFBMh5ZP8sCubI6A
3570,2018,10,183,Bangkok,13.7560796638245,100.4836625088031,Nxj3XtRJKu2r8Sxzlpq0vA,2681,0,3379,5,19935,True,Nxj3XtRJKu2r8Sxzlpq0vA
4315,2019,4,424,Bangkok,13.76445566763382,100.5323684273662,BQzYXUoyTWvqfc90YFMDjQ,429,2,4506,1,19937,True,BQzYXUoyTWvqfc90YFMDjQ
4022,2016,8,271,Bangkok,13.7612306787363,100.4997310586924,1_ykFK-9AgUtBaFLI8F2Kw,253,0,254,9,19941,True,1_ykFK-9AgUtBaFLI8F2Kw
968,2011,9,498,Bangkok,13.72635081859137,100.4905940326786,eOri2ccvInwyRjmG1-pQ2Q,2844,0,3809,6,19958,True,eOri2ccvInwyRjmG1-pQ2Q
1503,2017,9,170,Bangkok,13.73257809854638,100.5062136706117,ULoI70yC-Nn53fRxqx2HaA,2059,0,2358,7,19967,True,ULoI70yC-Nn53fRxqx2HaA
3611,2018,1,194,Bangkok,13.75560561226988,100.5315558073133,OeKhqEnG_05ZqQSFXvy9Ew,2756,1,4507,1,19971,True,OeKhqEnG_05ZqQSFXvy9Ew
1797,2011,12,555,Bangkok,13.7353113314582,100.5462312645499,VnTr1FNnRd6GM0_BQDtbNA,1943,0,2200,10,19976,True,VnTr1FNnRd6GM0_BQDtbNA
2603,2017,6,554,Bangkok,13.74420748164046,100.5587478481948,u43dd79gGP4_RGfJKfCybA,62,0,62,3,19982,True,u43dd79gGP4_RGfJKfCybA
354,2017,10,502,Bangkok,13.71912871725299,100.4897594666789,Fe_IC8Bmyo_JjWkRRDXUcA,2115,0,2435,3,19992,True,Fe_IC8Bmyo_JjWkRRDXUcA
4825,2020,8,370,Bangkok,13.77020026379099,100.5258351917735,-b-7EZd7OdQcRoPqgNhp0g,2556,1,3350,4,20007,True,-b-7EZd7OdQcRoPqgNhp0g
1930,2019,5,396,Bangkok,13.7372625386806,100.4977305966686,8irX6GRdLCjFqWFvOw9GLQ,1817,0,2033,8,20010,True,8irX6GRdLCjFqWFvOw9GLQ
405,2019,5,40,Bangkok,13.71919459408293,100.5416858619497,3YWhKq_hP-lv4iNdfvCtjg,2787,0,3645,3,20025,True,3YWhKq_hP-lv4iNdfvCtjg
734,2018,9,83,Bangkok,13.72324067882654,100.5206171093793,3i9VUWiZTTwNSRTgYb-7_Q,1510,0,1640,5,20031,True,3i9VUWiZTTwNSRTgYb-7_Q
3364,2018,1,287,Bangkok,13.75340298779718,100.5437698191539,vutPiAIcRMHW2QwYkeN0ZQ,1470,0,1590,8,20034,True,vutPiAIcRMHW2QwYkeN0ZQ
1573,2017,8,596,Bangkok,13.73342387217173,100.4907094547273,ifjWC3SSpqgYUfPqDXP6kw,21,0,21,7,20040,True,ifjWC3SSpqgYUfPqDXP6kw
3387,2019,9,418,Bangkok,13.75322119673583,100.5646843511,X8uKmoegrXSA0YchL7SzLA,1476,3,4509,1,20055,True,X8uKmoegrXSA0YchL7SzLA
433,2016,11,631,Bangkok,13.71914696416217,100.5680819433518,v-klDMv7YXOUhuV7i_ROJA,2279,1,4510,1,20057,True,v-klDMv7YXOUhuV7i_ROJA
4156,2018,9,284,Bangkok,13.76228675301267,100.5447629057699,jfrg2bZB4Rc6PBzOfsN8Tg,804,0,840,9,20061,True,jfrg2bZB4Rc6PBzOfsN8Tg
560,2018,9,513,Bangkok,13.72131418766526,100.5187052598853,pFGUY9isSCMYv-bH79ihlA,543,1,2222,4,20063,True,pFGUY9isSCMYv-bH79ihlA
3645,2020,9,419,Bangkok,13.75622377803915,100.5617390753692,YJ_CYPcIg1YY3IT7wpRHkQ,1409,0,1519,11,20070,True,YJ_CYPcIg1YY3IT7wpRHkQ
714,2017,10,631,Bangkok,13.722960311965,100.500760052679,BZ962aQ8Bb6byvGJzIxPBg,542,0,553,8,20075,True,BZ962aQ8Bb6byvGJzIxPBg
4774,2018,9,169,Bangkok,13.7692939643695,100.5602382360356,5WZy91w8W62Sn3RlDtGp8A,981,1,3905,3,20083,True,5WZy91w8W62Sn3RlDtGp8A
1376,2018,9,384,Bangkok,13.73028468329548,100.5502000990391,RI6d7LsFmIDh2d3W7HJZsA,174,0,174,5,20097,True,RI6d7LsFmIDh2d3W7HJZsA
1576,2017,12,277,Bangkok,13.73319707967365,100.4917189759101,OUZm3Nraje_7uqAi5ddYgw,1958,0,2219,10,20114,True,OUZm3Nraje_7uqAi5ddYgw
4849,2020,9,570,Bangkok,13.77067809051905,100.5414807901018,AL3SfFz4cwrXvQTZHFPAiA,83,0,83,12,20127,True,AL3SfFz4cwrXvQTZHFPAiA
1156,2019,5,327,Bangkok,13.72830221677078,100.5076287636143,sL0KZCkV7GVxIhWx6IgNiQ,945,1,4511,3,20138,True,sL0KZCkV7GVxIhWx6IgNiQ
4147,2018,10,359,Bangkok,13.76273263024288,100.5435317575216,RRT9sVNivM-YIASb5hHqVA,643,0,659,13,20139,True,RRT9sVNivM-YIASb5hHqVA
1693,2019,5,344,Bangkok,13.73419576722827,100.5236911792251,YAxRmg0dnMUa0axoTITrDA,2052,0,2349,7,20146,True,YAxRmg0dnMUa0axoTITrDA
1504,2017,11,384,Bangkok,13.73255336432134,100.5132993795685,5YOcwxmwixZQTZKDcd88TA,2697,1,3535,3,20148,True,5YOcwxmwixZQTZKDcd88TA
2346,2019,5,162,Bangkok,13.74146102952674,100.5697497062735,JvX7_KMOr4m-6qFw3Xhhfg,512,0,522,6,20149,True,JvX7_KMOr4m-6qFw3Xhhfg
1781,2019,6,319,Bangkok,13.73526053134748,100.5206221052022,RiELBAZWa_uAt5TK-_nPQA,1215,2,4512,1,20151,True,RiELBAZWa_uAt5TK-_nPQA
658,2018,10,342,Bangkok,13.72219479305604,100.5367526285421,jXkt_ru_2YycKP5JAGwoLw,2795,0,3674,4,20157,True,jXkt_ru_2YycKP5JAGwoLw
4137,2019,4,318,Bangkok,13.76301691296089,100.5340567780245,iSTEbVj4g_611LNR1LeqEw,331,2,1981,5,20164,True,iSTEbVj4g_611LNR1LeqEw
4408,2020,9,225,Bangkok,13.76491553932168,100.5422814167664,jxIq-JDQ0oBjcFZVzZYzgw,1622,0,1786,7,20165,True,jxIq-JDQ0oBjcFZVzZYzgw
2538,2018,9,273,Bangkok,13.74473392238832,100.500924458391,nMjCbFOSScJfYYjc-Yj8PQ,2720,0,3467,5,20172,True,nMjCbFOSScJfYYjc-Yj8PQ
1256,2011,9,458,Bangkok,13.72921990365521,100.5187326324799,hkdtD7IeMdAZ4186PhlOvQ,881,0,923,5,20173,True,hkdtD7IeMdAZ4186PhlOvQ
2362,2018,9,565,Bangkok,13.74219664558078,100.4966943601096,8KnTqXLoX41DaKJAl-fnug,955,0,1003,8,20187,True,8KnTqXLoX41DaKJAl-fnug
848,2016,10,401,Bangkok,13.72398779272988,100.5441886393862,k5Iyz3ixlNVW9LzHpo-NsA,1324,0,1419,4,20191,True,k5Iyz3ixlNVW9LzHpo-NsA
3351,2016,8,378,Bangkok,13.75324601399512,100.5317768301087,g7HI4jv6i5d0a_1lVXlGEA,504,1,4513,1,20195,True,g7HI4jv6i5d0a_1lVXlGEA
3496,2020,9,189,Bangkok,13.75532133918882,100.4986834166028,1tzRhjxiH8NHRHHlrr_AHg,203,2,4029,5,20210,True,1tzRhjxiH8NHRHHlrr_AHg
2597,2020,8,342,Bangkok,13.74428915078217,100.5587967102642,M4hv_2dFF-wK0ml4YutSHQ,62,2,1959,3,20211,True,M4hv_2dFF-wK0ml4YutSHQ
2563,2011,9,338,Bangkok,13.74442108009498,100.5187538044507,KHSE5fnKsoaqTiVuw6ea9g,2445,0,2915,7,20212,True,KHSE5fnKsoaqTiVuw6ea9g
51,2018,2,193,Bangkok,13.71524272596338,100.5347656036236,KPHF7g1sM6n7BBiCiYEQnA,1079,0,1140,3,20214,True,KPHF7g1sM6n7BBiCiYEQnA
867,2020,8,552,Bangkok,13.72426041070439,100.5648308670775,SvPnJGdHGFPMzRDCZKbHZQ,1759,1,2203,4,20221,True,SvPnJGdHGFPMzRDCZKbHZQ
1580,2019,9,424,Bangkok,13.73311076647342,100.499744471695,pvZsWdW42nUFEHq7FvEY_g,2520,0,3042,6,20224,True,pvZsWdW42nUFEHq7FvEY_g
284,2017,5,317,Bangkok,13.71832863465677,100.5067683774276,ayNMqyVnq2T2UM-DC1ojnA,2503,1,3058,5,20225,True,ayNMqyVnq2T2UM-DC1ojnA
4243,2019,9,419,Bangkok,13.76321147262395,100.5477143240419,qOBCZacOrkXkB2QgHRxS8Q,1256,0,1343,7,20226,True,qOBCZacOrkXkB2QgHRxS8Q
3727,2018,9,692,Bangkok,13.75719376113806,100.5548258964462,OqBkTaXH3MJ9DoY3lDPRuw,2439,0,2904,3,20229,True,OqBkTaXH3MJ9DoY3lDPRuw
3380,2019,9,356,Bangkok,13.75308592128009,100.5593298690333,yHt76PEfjSqDyT0dZ0aM_A,2478,0,2965,6,20231,True,yHt76PEfjSqDyT0dZ0aM_A
3161,2016,8,435,Bangkok,13.75125981179022,100.5107572031485,NIdqFHdA1QAIW_Vr2fCilA,2552,3,4514,2,20234,True,NIdqFHdA1QAIW_Vr2fCilA
4271,2011,9,417,Bangkok,13.7643549564274,100.4965690683506,KnZgSL52lCXHxE-oqU-WWg,1174,0,1248,8,20251,True,KnZgSL52lCXHxE-oqU-WWg
961,2020,9,232,Bangkok,13.72643590942468,100.4855670269758,1Tvo-4_7S3TRKOPQpnbVvQ,1977,1,4515,1,20252,True,1Tvo-4_7S3TRKOPQpnbVvQ
423,2020,8,352,Bangkok,13.7198048713807,100.5558605036147,jng3F2KrgnCrbp2yrQHC4Q,2540,0,3083,4,20259,True,jng3F2KrgnCrbp2yrQHC4Q
1002,2020,9,549,Bangkok,13.72625659205369,100.5287489546452,nVS4e3vWKY62sCukOT_MMw,2640,1,3368,3,20269,True,nVS4e3vWKY62sCukOT_MMw
1764,2018,3,187,Bangkok,13.73459652665706,100.5077140778303,CAoSLEFGMVFpcFBlVmpKSTBtMjhnSkNkT3VlS0oxOFJZT3lFTnFFTFZYZV9kMmVr,1595,1,4516,1,20271,True,CAoSLEFGMVFpcFBlVmpKSTBtMjhnSkNkT3VlS0oxOFJZT3lFTnFFTFZYZV9kMmVr
46,2017,6,407,Bangkok,13.71502894876501,100.5297309328453,YrCFQfRvlsGBpZzW8pM5gw,1589,2,4517,1,20283,True,YrCFQfRvlsGBpZzW8pM5gw
99,2018,6,176,Bangkok,13.71633121811933,100.4956956392568,PTv7q14KkG4PGcyM_d-0Aw,1978,1,4379,3,20284,True,PTv7q14KkG4PGcyM_d-0Aw
4056,2019,4,327,Bangkok,13.76106364402325,100.5360371031745,R9EJnHkCtYVYLU_9-ZQz-A,244,0,245,12,20290,True,R9EJnHkCtYVYLU_9-ZQz-A
797,2016,11,332,Bangkok,13.72426741618903,100.4976720952099,MBlf5SEGRE-BC9EQJx_vCg,580,0,592,4,20296,True,MBlf5SEGRE-BC9EQJx_vCg
4713,2016,7,502,Bangkok,13.76844237171925,100.4983590820469,sSOio97ZaFs5sAMvkw2-AA,1643,1,4518,1,20303,True,sSOio97ZaFs5sAMvkw2-AA
3841,2020,8,352,Bangkok,13.75948025900268,100.4978699487254,Ain_Da7TeuAd_OpnoJOdJw,2295,0,2689,7,20312,True,Ain_Da7TeuAd_OpnoJOdJw
2694,2020,8,518,Bangkok,13.74505605812187,100.5673450863685,Dyr2F9eglpaGniQkIeay5w,2742,1,3634,3,20313,True,Dyr2F9eglpaGniQkIeay5w
4420,2020,9,457,Bangkok,13.76516360603333,100.5567712854329,a5NTd7gGFN0_q-Nx8uCv1w,674,1,1337,9,20321,True,a5NTd7gGFN0_q-Nx8uCv1w
1668,2018,5,361,Bangkok,13.73428511876906,100.4986617585576,TKHj4hhur_XzdMKjiA-bHg,1140,0,1207,9,20333,True,TKHj4hhur_XzdMKjiA-bHg
3168,2016,8,368,Bangkok,13.7510624953857,100.5166840363867,uo3XwcksHC595cblBsz2CQ,2228,2,4519,1,20335,True,uo3XwcksHC595cblBsz2CQ
1216,2018,10,428,Bangkok,13.72807504867528,100.5669629580505,rzeoM5h7-pRXc3eg1hT9Lg,966,1,4520,1,20340,True,rzeoM5h7-pRXc3eg1hT9Lg
3362,2018,1,438,Bangkok,13.7532016765714,100.5357714494218,eGjvP9B8TVx1VAviXnLV4w,1212,1,4521,1,20341,True,eGjvP9B8TVx1VAviXnLV4w
2802,2011,9,580,Bangkok,13.74716099433611,100.498724702469,BFbjCSg3kKYWOrXqFXtKbQ,888,0,930,5,20344,True,BFbjCSg3kKYWOrXqFXtKbQ
2235,2019,7,392,Bangkok,13.74021441451523,100.5448273296832,i8OQpMAhWitbev9QjKvJ8Q,1966,1,4069,3,20347,True,i8OQpMAhWitbev9QjKvJ8Q
1537,2019,6,211,Bangkok,13.7322542719184,100.5456839404075,CAoSLEFGMVFpcFB3dEVEMjZzUTFJNzM4NmJZRlB3ODJBOFdzeklpYjM5QUxwV05n,314,1,4522,1,20349,True,CAoSLEFGMVFpcFB3dEVEMjZzUTFJNzM4NmJZRlB3ODJBOFdzeklpYjM5QUxwV05n
951,2011,12,639,Bangkok,13.72514229780194,100.5691355291145,Xz3nWULGx5Fm4NVWI9BkAQ,2836,2,4504,3,20350,True,Xz3nWULGx5Fm4NVWI9BkAQ
4105,2017,5,281,Bangkok,13.76197588190114,100.5024777201294,1CDElAqbZraITOznzIgK1Q,2294,0,2688,7,20364,True,1CDElAqbZraITOznzIgK1Q
391,2018,1,372,Bangkok,13.71915682184938,100.5265700472342,c7pO_K65C5OfoeJ41YtSjg,12,0,12,5,20368,True,c7pO_K65C5OfoeJ41YtSjg
3655,2011,12,294,Bangkok,13.75594623983083,100.5676596547006,r0cF4F1w_uUlRPpp4IPmog,2821,0,3752,9,20373,True,r0cF4F1w_uUlRPpp4IPmog
4801,2018,2,272,Bangkok,13.7690711423278,100.4970943425982,Dv77G4uTUewzTVQtxHdhQQ,2447,0,2917,10,20380,True,Dv77G4uTUewzTVQtxHdhQQ
3787,2019,4,187,Bangkok,13.75805029760952,100.5276584113648,LObo0gVO0l8fFDhY7myHMQ,2738,1,4523,1,20382,True,LObo0gVO0l8fFDhY7myHMQ
4237,2018,9,587,Bangkok,13.76329735568153,100.5456211986769,ds0fepgo1y_q8fqtmzN50w,841,2,4524,1,20387,True,ds0fepgo1y_q8fqtmzN50w
31,2018,6,329,Bangkok,13.71514895239711,100.5147223808331,STZyBg8kpWNpItYGrv_0WA,1618,0,1780,8,20392,True,STZyBg8kpWNpItYGrv_0WA
1794,2017,6,556,Bangkok,13.73547641830202,100.5343965989347,sFiuOxqSsZM_ThEi26moHQ,2682,0,3380,7,20395,True,sFiuOxqSsZM_ThEi26moHQ
3151,2020,9,403,Bangkok,13.75130345773638,100.5043303432573,rdjEBLt-8Zf37UpmZPeuZg,818,0,855,5,20400,True,rdjEBLt-8Zf37UpmZPeuZg
4804,2020,8,510,Bangkok,13.77027992266292,100.506719261932,6Dmnf1CksOsEPrLUk_OmxQ,1591,0,1745,8,20405,True,6Dmnf1CksOsEPrLUk_OmxQ
2854,2017,6,465,Bangkok,13.74716695220806,100.5517125145788,zfoEa1HK6OHz7KbIlIfjeg,2561,0,3123,3,20412,True,zfoEa1HK6OHz7KbIlIfjeg
1942,2019,5,264,Bangkok,13.73727514693958,100.5098642634527,T0SxS9uqQouFwTjrDMiIXg,1677,0,1858,6,20415,True,T0SxS9uqQouFwTjrDMiIXg
3881,2019,4,343,Bangkok,13.75909509892176,100.5349402236735,2sp0w1Svto6itV1ErKID2g,1803,0,2018,10,20416,True,2sp0w1Svto6itV1ErKID2g
36,2019,8,276,Bangkok,13.71526081094551,100.5197757343667,KwN58Pc88JlfJ_3oM0vMOg,944,0,991,4,20430,True,KwN58Pc88JlfJ_3oM0vMOg
1730,2017,6,382,Bangkok,13.73428025776111,100.5599197441137,DNti_ryxdqjD24UJRBM4eg,509,0,519,5,20431,True,DNti_ryxdqjD24UJRBM4eg
2203,2018,9,350,Bangkok,13.74019682011511,100.5068414190915,SNmdkkpB9XMc-8iqFtqwiw,2017,2,4525,1,20433,True,SNmdkkpB9XMc-8iqFtqwiw
70,2019,5,64,Bangkok,13.71517190796718,100.5536372897224,vkEH_g0O9vKBI_5GdWOwEg,467,1,4526,1,20441,True,vkEH_g0O9vKBI_5GdWOwEg
4501,2018,10,586,Bangkok,13.76619488389895,100.5469340602601,td2Ply1dwALIOKYqsKakig,2906,1,4527,1,20443,True,td2Ply1dwALIOKYqsKakig
501,2018,10,411,Bangkok,13.72024139481472,100.5498401282019,o5Z-D-NWpMbKq32P-HRzEQ,2736,0,3498,3,20445,True,o5Z-D-NWpMbKq32P-HRzEQ
1353,2019,8,434,Bangkok,13.73024873587402,100.5306435379851,FVFyhxzhfaJ1GlyGZR2k2A,2004,0,2284,8,20446,True,FVFyhxzhfaJ1GlyGZR2k2A
4402,2019,4,497,Bangkok,13.76518114323933,100.5327848181683,ptWCUjruuLKwIE-S-h3_xQ,1865,1,2565,6,20449,True,ptWCUjruuLKwIE-S-h3_xQ
2392,2011,9,468,Bangkok,13.74292350958567,100.528801489181,EA5sGied0DfZ6P5JMi6knQ,2196,0,2550,5,20450,True,EA5sGied0DfZ6P5JMi6knQ
1881,2017,11,516,Bangkok,13.73650358499879,100.534542415712,L9QhEgTk6M1xqq9dioo40A,1868,0,2099,9,20456,True,L9QhEgTk6M1xqq9dioo40A
2072,2018,9,574,Bangkok,13.73813235860632,100.5586957965211,cV8ILJIWscljdlENcy8pGw,404,0,412,14,20463,True,cV8ILJIWscljdlENcy8pGw
2592,2018,9,670,Bangkok,13.74421846521827,100.5567610746827,2ZsRP3zRrMYfglRkQUzM-A,2400,0,2841,4,20468,True,2ZsRP3zRrMYfglRkQUzM-A
1619,2019,5,335,Bangkok,13.73274624584039,100.5378011448879,Et1DYJEuADgVauihEMGMcg,527,0,537,11,20473,True,Et1DYJEuADgVauihEMGMcg
2065,2016,11,348,Bangkok,13.73865717016126,100.5497737986969,HAgux57xA2-cGWHJoES8GA,1747,0,1942,6,20474,True,HAgux57xA2-cGWHJoES8GA
4267,2020,8,470,Bangkok,13.76423872443925,100.4886742268092,ZSKF-0yV5cm-5p0kHDwlbg,2891,2,4528,1,20475,True,ZSKF-0yV5cm-5p0kHDwlbg
4697,2011,9,228,Bangkok,13.76924891509876,100.487725286223,wSxGX4TA71QMjfRA1OGfTw,493,0,503,6,20478,True,wSxGX4TA71QMjfRA1OGfTw
458,2016,8,224,Bangkok,13.72003835194175,100.5096654417227,GcQDMR3PhqX3FaiU6kXOTA,745,0,773,12,20483,True,GcQDMR3PhqX3FaiU6kXOTA
4607,2019,5,108,Bangkok,13.76727956511209,100.5637611335666,rpPMr1mCBNhLoUXveavsXw,1544,3,4529,1,20487,True,rpPMr1mCBNhLoUXveavsXw
4789,2011,9,254,Bangkok,13.77018799217413,100.4856853424589,epx_MfLYyFVDhtZdPJZm6g,1438,2,4530,1,20498,True,epx_MfLYyFVDhtZdPJZm6g
3954,2019,4,562,Bangkok,13.76018304987507,100.5218449150327,bBRcKM9-OMWp_yRgQM-j8Q,1211,0,1293,7,20504,True,bBRcKM9-OMWp_yRgQM-j8Q
4652,2012,3,418,Bangkok,13.76826445939818,100.5285058968852,ndnp6Blujo8FYQ3bIG_x4w,1461,0,1578,10,20509,True,ndnp6Blujo8FYQ3bIG_x4w
171,2011,12,377,Bangkok,13.71651002535603,100.5678489211362,FV3e5n9wQxAP1y6acVWkrg,536,0,546,5,20513,True,FV3e5n9wQxAP1y6acVWkrg
3360,2020,8,379,Bangkok,13.75318432277463,100.5349211786084,6lQmUPwxvd9xnnjaoiqlPQ,1738,1,4531,1,20519,True,6lQmUPwxvd9xnnjaoiqlPQ
970,2018,10,298,Bangkok,13.72623480302071,100.4957372287834,2Y5Xx3jdY-nlbjW31DjmJA,8,1,4532,1,20539,True,2Y5Xx3jdY-nlbjW31DjmJA
4161,2019,4,392,Bangkok,13.76228294661602,100.556720953913,3M6tesqAt0Iye6HMxrmguQ,2803,2,4533,1,20549,True,3M6tesqAt0Iye6HMxrmguQ
1557,2018,3,514,Bangkok,13.73221700225965,100.5627239616907,3OzG6DGcq_onfv6ihZuCHA,678,0,700,5,20555,True,3OzG6DGcq_onfv6ihZuCHA
1811,2011,12,208,Bangkok,13.73527234355598,100.5580183448933,lfqDpXEH914x_OhV1JQYbQ,1672,0,1853,4,20560,True,lfqDpXEH914x_OhV1JQYbQ
2417,2020,8,130,Bangkok,13.74211337415809,100.5518037231568,r5cB6nNsZFKfQn89Fq-JVw,1450,1,2736,5,20561,True,r5cB6nNsZFKfQn89Fq-JVw
3743,2020,8,370,Bangkok,13.7570980327553,100.5671040927154,rUzX5-ZhlNfNNeA1s6GLoA,2373,0,2805,4,20565,True,rUzX5-ZhlNfNNeA1s6GLoA
1775,2019,6,122,Bangkok,13.7352740013638,100.5157648779752,DskuPsQ6H-mF4xFtctJmiw,2308,3,4534,1,20579,True,DskuPsQ6H-mF4xFtctJmiw
3700,2020,8,328,Bangkok,13.75710624188762,100.5267369885521,CO74Ll0rIGhZD1kjmhJ3Jg,1710,3,4535,1,20580,True,CO74Ll0rIGhZD1kjmhJ3Jg
2172,2020,8,280,Bangkok,13.73927518052751,100.5666022465398,rFf4_nHqR9MzQlvG7bo_qQ,755,0,783,10,20583,True,rFf4_nHqR9MzQlvG7bo_qQ
1231,2018,8,489,Bangkok,13.72913943795486,100.4988171894228,-3GIEfJZAsG1Jv8Cjh9IAw,1120,0,1184,4,20589,True,-3GIEfJZAsG1Jv8Cjh9IAw
2073,2011,12,466,Bangkok,13.73832092547209,100.5573713029728,2u_mQRqhlALGV2IOq7aKWA,1684,1,3019,3,20605,True,2u_mQRqhlALGV2IOq7aKWA
4042,2011,9,371,Bangkok,13.76114550359455,100.5233332818883,3R-QmdP62f3pl5X96jFSPw,1927,1,4536,1,20611,True,3R-QmdP62f3pl5X96jFSPw
319,2019,5,158,Bangkok,13.71803523337225,100.5413351847827,KgtX1153sKEnxNQTQ4Eakg,866,0,906,4,20623,True,KgtX1153sKEnxNQTQ4Eakg
4545,2018,7,376,Bangkok,13.76725061064008,100.5057732266876,qmnj55bTaYj1-aYkdvKeng,216,0,216,3,20630,True,qmnj55bTaYj1-aYkdvKeng
3983,2018,9,443,Bangkok,13.76027151028333,100.5457552816936,s2O0bTKjpVy8A4LN6Oi2Ug,628,0,642,4,20637,True,s2O0bTKjpVy8A4LN6Oi2Ug
151,2017,6,487,Bangkok,13.71615560705121,100.5478413873178,9iBISErLV5TsMdTkFyoR8w,2785,0,3639,4,20654,True,9iBISErLV5TsMdTkFyoR8w
2598,2017,6,535,Bangkok,13.74415047236869,100.5579410527588,GL0admlsRBk34QRy1stiGA,453,1,3599,3,20665,True,GL0admlsRBk34QRy1stiGA
4328,2016,9,512,Bangkok,13.76428762370324,100.5457861697126,MpJwBoQO3TF5dj8P7dZojQ,2161,0,2503,6,20672,True,MpJwBoQO3TF5dj8P7dZojQ
4223,2018,7,455,Bangkok,13.76429960289927,100.5312522165694,HSUQ-25oYRtjoty1d_IGew,1647,1,3438,6,20674,True,HSUQ-25oYRtjoty1d_IGew
2633,2019,8,173,Bangkok,13.74502480905473,100.508927134006,9hN5en7B82y-TBZ0GfZ6Pg,921,1,2806,6,20678,True,9hN5en7B82y-TBZ0GfZ6Pg
647,2017,10,444,Bangkok,13.72223254407503,100.5237461558663,JByp5zcLuWM9nzEWI3Cuig,2341,0,2754,3,20681,True,JByp5zcLuWM9nzEWI3Cuig
3189,2020,8,406,Bangkok,13.75136651554749,100.5385179549661,dCKz4bKCGM97JOjn5FGGGA,788,2,4537,1,20685,True,dCKz4bKCGM97JOjn5FGGGA
2241,2017,6,204,Bangkok,13.74022098657848,100.5468913784924,BbI5KOneINJmi7s3ExsDmQ,1089,0,1150,12,20690,True,BbI5KOneINJmi7s3ExsDmQ
1249,2018,9,284,Bangkok,13.72924873647104,100.5139893068008,zCLkVuxBlvjW-kXyCvML8Q,2455,0,2930,7,20691,True,zCLkVuxBlvjW-kXyCvML8Q
1641,2017,6,130,Bangkok,13.7332172084305,100.5610331795818,B89pJOlfpNcjfzHqHREO2w,524,1,1724,6,20704,True,B89pJOlfpNcjfzHqHREO2w
1523,2016,10,174,Bangkok,13.73233233330365,100.5277155649458,42rk6FfytOROX7-TyyEjDw,1121,0,1186,7,20705,True,42rk6FfytOROX7-TyyEjDw
3310,2016,11,509,Bangkok,13.75332167742765,100.4862213080681,kvU_r014nKXHL_h4CZrobQ,1196,4,4538,1,20707,True,kvU_r014nKXHL_h4CZrobQ
4253,2017,6,635,Bangkok,13.76323316676545,100.5615927174613,27yzmEDR_dcbOFWeLdpDvA,1535,0,1673,4,20714,True,27yzmEDR_dcbOFWeLdpDvA
1111,2020,9,74,Bangkok,13.72713779721577,100.552572251138,ZkFnD63KxbcAkY3e3tidBg,1463,4,2528,6,20716,True,ZkFnD63KxbcAkY3e3tidBg
828,2019,6,448,Bangkok,13.72378563427711,100.5258613122837,OPg9W-4zK9WG6Nmk30HK5g,2048,2,4539,1,20718,True,OPg9W-4zK9WG6Nmk30HK5g
2091,2019,5,88,Bangkok,13.73913088262658,100.4916363947488,sa1eCyZ088iHzTm_0kECqQ,1266,0,1353,7,20720,True,sa1eCyZ088iHzTm_0kECqQ
183,2020,9,407,Bangkok,13.71717705631883,100.4927665373092,2uLJwh9OUNnlDUbmu4VrSA,1424,0,1536,7,20727,True,2uLJwh9OUNnlDUbmu4VrSA
3143,2019,8,429,Bangkok,13.75139803427862,100.4936852849706,gmX3Oj814Xv0zyISPIUdgQ,694,0,718,3,20730,True,gmX3Oj814Xv0zyISPIUdgQ
1503,2018,5,344,Bangkok,13.73255758390872,100.5062219056243,hGFOXDxZZmUFcJQtqdkMdg,2059,1,4540,1,20731,True,hGFOXDxZZmUFcJQtqdkMdg
4641,2020,8,348,Bangkok,13.76845194570195,100.5107867481837,GzJ6HZA1M3smOsDSGjhOMg,2474,0,2960,6,20733,True,GzJ6HZA1M3smOsDSGjhOMg
4806,2018,9,226,Bangkok,13.77002701914221,100.5076588515313,1KAbZkhZjj8MWSK2iz3HRw,880,0,922,9,20734,True,1KAbZkhZjj8MWSK2iz3HRw
2561,2017,6,330,Bangkok,13.74429318251485,100.5216847701528,toRTY2TF50IHDBLE9WnZIQ,1341,0,1439,3,20736,True,toRTY2TF50IHDBLE9WnZIQ
3259,2019,5,246,Bangkok,13.75229183041047,100.5226565504176,a5QD1YdGGr_y8pPyIjh4oQ,2719,0,3466,4,20737,True,a5QD1YdGGr_y8pPyIjh4oQ
3611,2019,6,371,Bangkok,13.7556063580059,100.5315409052442,KsRD-5VT5Jejekr_HKU76g,2756,0,3561,3,20738,True,KsRD-5VT5Jejekr_HKU76g
999,2019,8,422,Bangkok,13.72594103852472,100.5238375517203,ip3C6UA9ppNhD4cWALr3Pg,716,1,2869,3,20759,True,ip3C6UA9ppNhD4cWALr3Pg
3269,2017,11,262,Bangkok,13.75206121068642,100.5305054988744,aL0cXquFiEL2PKRBadJbvw,2905,0,4246,4,20764,True,aL0cXquFiEL2PKRBadJbvw
3413,2018,9,481,Bangkok,13.75411128732702,100.5059851084633,G_AWEOIpfzmcs5LM9avm_w,1247,0,1332,4,20767,True,G_AWEOIpfzmcs5LM9avm_w
2765,2019,10,520,Bangkok,13.74619360260172,100.5562163028752,GdkD0Yrb9vt_4EnmFxcHuA,361,0,366,8,20770,True,GdkD0Yrb9vt_4EnmFxcHuA
4625,2018,2,499,Bangkok,13.76788533621269,100.5020830617088,ICjIWRm5FjQoGwz5z-XhxQ,2545,0,3094,9,20778,True,ICjIWRm5FjQoGwz5z-XhxQ
4018,2019,4,382,Bangkok,13.76114456806226,100.5016560714221,ZbP0iT24F2pdcAdYEtHAGQ,2260,0,2642,5,20781,True,ZbP0iT24F2pdcAdYEtHAGQ
3819,2011,12,531,Bangkok,13.75824553869921,100.5629156503515,KM1Rk1s1_qpcU-jge9HHAQ,2711,2,4541,1,20785,True,KM1Rk1s1_qpcU-jge9HHAQ
1352,2019,5,118,Bangkok,13.73010413491842,100.5335135110994,VP992SvLFF1trax41xyi0Q,2871,0,3966,4,20787,True,VP992SvLFF1trax41xyi0Q
240,2018,10,640,Bangkok,13.71679054116155,100.5498228291044,4bb_waYu-Jy_BjOG2sZwZA,2741,1,4110,5,20788,True,4bb_waYu-Jy_BjOG2sZwZA
2332,2018,7,520,Bangkok,13.74121492681886,100.5575496668486,WJwOlLk7hKaXUFHcBQyjxQ,1081,1,1709,3,20796,True,WJwOlLk7hKaXUFHcBQyjxQ
2007,2018,2,272,Bangkok,13.73815855622279,100.4927181908757,q2o5E1P2o-AtE35J4vy59A,1107,1,4542,1,20802,True,q2o5E1P2o-AtE35J4vy59A
4351,2011,9,495,Bangkok,13.76530061679988,100.4899202996818,99CjLyZGn8pVGBK3mzoR1g,2386,0,2824,7,20806,True,99CjLyZGn8pVGBK3mzoR1g
645,2018,9,417,Bangkok,13.72222148972491,100.5186117330885,5FSXTR-4AnDThvtC1qk90w,1690,0,1874,4,20811,True,5FSXTR-4AnDThvtC1qk90w
2343,2017,11,295,Bangkok,13.7412992283578,100.5634153637258,JhjsH9KVDgkTPM_oDvGnLQ,2256,0,2634,9,20812,True,JhjsH9KVDgkTPM_oDvGnLQ
3376,2011,9,197,Bangkok,13.75257372621867,100.5515355356866,nV2M_eA34sbimAIBpF5kWA,422,0,430,9,20814,True,nV2M_eA34sbimAIBpF5kWA
4137,2017,11,495,Bangkok,13.76298131888974,100.5340806228689,ePfMtTZ6O0JVzyvMyj9N5Q,331,3,4543,2,20834,True,ePfMtTZ6O0JVzyvMyj9N5Q
849,2018,3,294,Bangkok,13.7242509060988,100.5507363581279,-ehuleervJK7MRJZuSySkQ,608,1,4544,1,20835,True,-ehuleervJK7MRJZuSySkQ
3960,2020,9,363,Bangkok,13.76014861855167,100.5296438490958,a1VWFmMEUqym2Cq7FjFMVw,2578,0,3159,12,20839,True,a1VWFmMEUqym2Cq7FjFMVw
383,2020,9,477,Bangkok,13.71924059022097,100.518697763384,-uHJ3hFh9D_NV4Xzsg1k2Q,170,0,170,6,20843,True,-uHJ3hFh9D_NV4Xzsg1k2Q
3144,2017,11,209,Bangkok,13.75155351540042,100.4987764120085,GQu4IED7e5doHKSECsUviQ,852,0,892,9,20847,True,GQu4IED7e5doHKSECsUviQ
3359,2019,6,586,Bangkok,13.75342774243501,100.5378027392945,lDU7dKvwwaSepiaHgs6R_Q,266,1,4545,1,20850,True,lDU7dKvwwaSepiaHgs6R_Q
1473,2011,12,104,Bangkok,13.7311511412853,100.5627374853796,TMKtbeR9VypL5pk4yK352Q,13,0,13,8,20863,True,TMKtbeR9VypL5pk4yK352Q
4468,2020,8,521,Bangkok,13.76619799133198,100.5108412298239,_RQxW2MiKoBUC91Cx9HX2w,220,0,221,7,20864,True,_RQxW2MiKoBUC91Cx9HX2w
410,2018,10,299,Bangkok,13.71955151459346,100.5424539887433,gianeVj7e-RbY6Aglvvdvw,1507,0,1637,4,20871,True,gianeVj7e-RbY6Aglvvdvw
498,2017,6,447,Bangkok,13.72009236253082,100.5489827783887,voA-KJ8FzGvpC-4nSGJF2A,1176,0,1250,6,20875,True,voA-KJ8FzGvpC-4nSGJF2A
1596,2017,6,158,Bangkok,13.73338760433262,100.5137558307778,bDitxpZThHYUaGjJzWCq9Q,2272,0,2658,3,20879,True,bDitxpZThHYUaGjJzWCq9Q
4182,2017,5,219,Bangkok,13.76322546482475,100.4875384768158,aAU70iTeVv6PDR-EQWEExw,415,0,423,3,20885,True,aAU70iTeVv6PDR-EQWEExw
3972,2019,4,300,Bangkok,13.76017982537936,100.5407385227588,FBh4G08NsCShPFknX1m4aQ,2674,0,3361,5,20886,True,FBh4G08NsCShPFknX1m4aQ
2091,2018,6,40,Bangkok,13.73914211863667,100.4916063006331,MuvnO2QK0Do9ZVV2f0VXjg,1266,2,4546,1,20891,True,MuvnO2QK0Do9ZVV2f0VXjg
1022,2020,9,240,Bangkok,13.72622640574752,100.5446941127707,0_u-eeq4LKVGvQkYeMgp8g,2268,0,2650,6,20892,True,0_u-eeq4LKVGvQkYeMgp8g
4660,2020,9,485,Bangkok,13.76858053498285,100.5299535155627,IoUlH7XLMe8Lr4z6o0avZg,786,0,817,13,20896,True,IoUlH7XLMe8Lr4z6o0avZg
316,2016,10,384,Bangkok,13.71807777834051,100.5388273080217,RN9GUbLKkr6Zo50FXxED8w,1503,0,1632,5,20900,True,RN9GUbLKkr6Zo50FXxED8w
3369,2020,8,471,Bangkok,13.75317816952847,100.5429494992514,2frSQDgkbvAmhCa7aZA8KA,2748,0,3540,7,20902,True,2frSQDgkbvAmhCa7aZA8KA
1127,2018,10,417,Bangkok,13.72729086127771,100.5665943842698,gRzrmildVbzToN9h-2FqPQ,2398,1,4547,1,20903,True,gRzrmildVbzToN9h-2FqPQ
2157,2020,8,341,Bangkok,13.73921824682635,100.553044117883,AEA1CeGF6EARSHiMZ_Vsaw,2362,1,4548,1,20907,True,AEA1CeGF6EARSHiMZ_Vsaw
421,2017,6,418,Bangkok,13.71925609096575,100.5577719615707,GgLb3vT8i8Ghu9BGrm-Zlw,597,0,609,4,20911,True,GgLb3vT8i8Ghu9BGrm-Zlw
3224,2020,9,472,Bangkok,13.75219624245147,100.4893844412356,UJY-ADQF4Gq5Vt6L9TZfrQ,1678,0,1860,4,20913,True,UJY-ADQF4Gq5Vt6L9TZfrQ
4840,2020,9,301,Bangkok,13.76986620436802,100.5355353991994,1_0k__9EvS9LnivCzFQCHw,1228,0,1312,6,20915,True,1_0k__9EvS9LnivCzFQCHw
229,2020,8,402,Bangkok,13.71707977139476,100.5388295111138,6NjREQkD2DAWfgV1AP0Irg,1294,2,4549,1,20916,True,6NjREQkD2DAWfgV1AP0Irg
4733,2019,9,466,Bangkok,13.76997852138076,100.5171675865135,6vJgllc2GEbyWQ-Ju26pPw,2273,0,2659,4,20920,True,6vJgllc2GEbyWQ-Ju26pPw
561,2018,9,125,Bangkok,13.72120085213158,100.5195405390928,LEU3ALxvISTuq44PCWpfmQ,1233,0,1317,10,20924,True,LEU3ALxvISTuq44PCWpfmQ
1471,2020,8,293,Bangkok,13.73127766900543,100.5637184523564,EReHAp3H34g0BCWUeJRl5g,2286,0,2677,5,20939,True,EReHAp3H34g0BCWUeJRl5g
663,2019,5,280,Bangkok,13.72193289638262,100.536061741514,WSf6LTjxec6vhfkXY5OPWA,1938,2,4550,1,20942,True,WSf6LTjxec6vhfkXY5OPWA
1399,2020,9,270,Bangkok,13.73124471354279,100.4897201066466,3BqzY-M-4iUDATrWdkzszA,293,2,4551,1,20950,True,3BqzY-M-4iUDATrWdkzszA
3076,2019,6,328,Bangkok,13.75019822360367,100.511840128864,qmwlVnnyzBktIQDnkcNGlg,2410,0,2855,4,20958,True,qmwlVnnyzBktIQDnkcNGlg
1378,2019,7,415,Bangkok,13.72972996716569,100.5522577292664,20Wxxl84Wyu4ssfCWyEdlQ,5,0,5,5,20964,True,20Wxxl84Wyu4ssfCWyEdlQ
3692,2011,9,226,Bangkok,13.75708856485369,100.5247044947888,5ORDaWA7b00qnJAj7sqMnQ,1023,0,1076,6,20965,True,5ORDaWA7b00qnJAj7sqMnQ
1028,2019,10,323,Bangkok,13.72614437042975,100.5526487534197,aDssq33oaPKMmt-Qanpgfw,37,2,3508,5,20966,True,aDssq33oaPKMmt-Qanpgfw
4616,2011,9,334,Bangkok,13.76836063049777,100.4886819539708,cfsd8KdtrHGToSAuJVN1rA,1414,0,1524,5,20974,True,cfsd8KdtrHGToSAuJVN1rA
3566,2018,10,391,Bangkok,13.75613198724766,100.4847565068398,RfguAo_Ov9NoRlCMLpOguQ,2006,0,2288,7,20978,True,RfguAo_Ov9NoRlCMLpOguQ
3565,2020,8,175,Bangkok,13.75617340785169,100.4856906884923,Gq1j9ysnz1a7sMUSQm66-A,559,1,2540,4,20985,True,Gq1j9ysnz1a7sMUSQm66-A
4481,2020,8,645,Bangkok,13.76652742483305,100.524822481981,uJtNVBbPQwyLWT_oa9pp_w,2536,0,3078,6,20986,True,uJtNVBbPQwyLWT_oa9pp_w
1855,2019,6,358,Bangkok,13.7362517339774,100.512775872384,n95e3lhSBsjmqak64h-0tw,727,0,754,4,20989,True,n95e3lhSBsjmqak64h-0tw
4758,2020,9,429,Bangkok,13.76905957606875,100.5455140502152,vjSAlsgGBvHcLGWu0E8DJA,1706,0,1894,4,20993,True,vjSAlsgGBvHcLGWu0E8DJA
2692,2020,8,411,Bangkok,13.74529669135147,100.5677433431628,mnncTspuwTaOa5-NN6OdZg,2692,0,3408,4,20995,True,mnncTspuwTaOa5-NN6OdZg
409,2020,8,78,Bangkok,13.71920155257327,100.5436207561124,vaOVy7isxhKst28MvMIOtw,514,0,524,4,21003,True,vaOVy7isxhKst28MvMIOtw
1946,2018,9,352,Bangkok,13.73737790629977,100.5187435742665,Jdv6Ca4rFJ57P9IVHouIUA,1846,1,4552,1,21004,True,Jdv6Ca4rFJ57P9IVHouIUA
1706,2017,9,655,Bangkok,13.73430062639764,100.5342282513492,VTRrWRd4zGEzLyz8vXyHPg,706,0,730,7,21005,True,VTRrWRd4zGEzLyz8vXyHPg
836,2020,9,571,Bangkok,13.72396337774368,100.5327790392074,jneCP9bNbT2rdGIgA7eMcA,1833,1,4233,3,21006,True,jneCP9bNbT2rdGIgA7eMcA
3348,2017,6,519,Bangkok,13.75331298775479,100.5257524247667,-53gimRuBrnsCB98C03dgw,1047,1,4553,1,21026,True,-53gimRuBrnsCB98C03dgw
576,2020,9,446,Bangkok,13.7214191726294,100.5326546343368,Rwfx8UWIxsndv4de7AfZFA,1965,1,2573,5,21027,True,Rwfx8UWIxsndv4de7AfZFA
3172,2017,11,451,Bangkok,13.75133987265959,100.525543264612,35H-Q7tRoAT30Tw6fgjDpg,261,1,4554,1,21029,True,35H-Q7tRoAT30Tw6fgjDpg
3408,2011,9,510,Bangkok,13.75412036120166,100.4979007829749,pg40XLS3UERZ8Q6eOJvyfA,2899,1,4209,3,21030,True,pg40XLS3UERZ8Q6eOJvyfA
1284,2017,11,303,Bangkok,13.72891370886571,100.5523731791343,dStFfN_TAgXWo9T-3LJ1UA,577,0,589,6,21035,True,dStFfN_TAgXWo9T-3LJ1UA
4150,2017,6,430,Bangkok,13.76216633043659,100.5498606767394,eF8Jvu23J1ORSRELYV3dVg,1183,1,3953,3,21041,True,eF8Jvu23J1ORSRELYV3dVg
2103,2018,10,452,Bangkok,13.73862378576235,100.4964779484565,Ji1PgFLLrC38OBWavbr4KQ,715,1,2174,7,21045,True,Ji1PgFLLrC38OBWavbr4KQ
1608,2017,6,360,Bangkok,13.73309842709777,100.5248292446895,3zwAQOODzmsMj_45lzh6FA,1138,0,1205,4,21058,True,3zwAQOODzmsMj_45lzh6FA
210,2018,11,341,Bangkok,13.71721515409265,100.5198040694313,cPWKAEJPg-d6nRUSj3W1IQ,962,0,1012,8,21078,True,cPWKAEJPg-d6nRUSj3W1IQ
880,2017,9,489,Bangkok,13.72526610427349,100.4926260765974,iLWAvpYXkir9z2K9tILDWA,1115,0,1178,11,21084,True,iLWAvpYXkir9z2K9tILDWA
2210,2019,8,569,Bangkok,13.74013657526703,100.5126583928818,ILXvp8itjmSYRw7FiQA3KA,270,0,271,7,21086,True,ILXvp8itjmSYRw7FiQA3KA
2762,2020,8,374,Bangkok,13.74614628270889,100.5442872414074,DyaxkkjXgkDPj4HWaaJfjw,187,1,920,11,21098,True,DyaxkkjXgkDPj4HWaaJfjw
1987,2016,10,564,Bangkok,13.73734072850399,100.5598121507187,IU_iqvJHR1KlMRPXB8MxYA,382,0,387,12,21099,True,IU_iqvJHR1KlMRPXB8MxYA
983,2020,9,536,Bangkok,13.72606408839499,100.5055634858998,DPngCnGOZbAGqV_YVR00Rw,2529,3,4555,1,21104,True,DPngCnGOZbAGqV_YVR00Rw
41,2018,1,327,Bangkok,13.71562853098896,100.5246522429667,iOwpOceQ2quuulLuJfurAw,2208,0,2568,4,21114,True,iOwpOceQ2quuulLuJfurAw
4065,2019,9,595,Bangkok,13.76120697684921,100.5487818762842,aFphQm6r37DFoYJdiCn9rg,2385,3,4556,1,21120,True,aFphQm6r37DFoYJdiCn9rg
3366,2020,9,241,Bangkok,13.7532466294762,100.5417700886182,lUoE7Qc2XnquwtcZNrGoxg,2339,0,2750,6,21127,True,lUoE7Qc2XnquwtcZNrGoxg
3152,2017,6,227,Bangkok,13.75117488843899,100.5066617065132,dApNRYumcL02KO0TZ-MWrg,1199,1,4557,1,21133,True,dApNRYumcL02KO0TZ-MWrg
4161,2020,8,563,Bangkok,13.76228804278598,100.5567164675224,QClRqMJT3NSsW5CzOv0W9Q,2803,3,4558,1,21135,True,QClRqMJT3NSsW5CzOv0W9Q
3796,2016,9,452,Bangkok,13.7583711862426,100.5384765270242,3MBod00mjnCsQUH7dwAPCg,1763,0,1966,4,21138,True,3MBod00mjnCsQUH7dwAPCg
4281,2017,5,216,Bangkok,13.76408687970363,100.5034879666898,OQtU2h2wp-sNNO8Ji5r7pg,824,0,861,12,21142,True,OQtU2h2wp-sNNO8Ji5r7pg
4813,2017,11,396,Bangkok,13.7701410965938,100.5127715327709,m9twJkWgC03A2wtqxl6zfQ,1044,0,1102,4,21145,True,m9twJkWgC03A2wtqxl6zfQ
902,2019,6,269,Bangkok,13.72510418472582,100.5158049728571,teqhkwjaIROhnl2-y0lzzA,1222,2,4198,6,21161,True,teqhkwjaIROhnl2-y0lzzA
137,2018,10,574,Bangkok,13.71622622157171,100.5336115878339,RhqSXGXcKMXjH6yCOXYY8A,1736,2,4508,3,21163,True,RhqSXGXcKMXjH6yCOXYY8A
4746,2019,2,189,Bangkok,13.76855987600129,100.5303801895252,OXu-4KCvDtjQcA3rugKpdg,717,1,994,12,21165,True,OXu-4KCvDtjQcA3rugKpdg
2670,2014,9,268,Bangkok,13.74529259540063,100.5402819729561,Eq6O4nJk2B-8i7gbZ51Rqw,82,0,82,10,21167,True,Eq6O4nJk2B-8i7gbZ51Rqw
1767,2018,6,515,Bangkok,13.73519905779585,100.5126480953937,IEZ8MTm1GneYb_Aq96mwGw,2594,0,3193,7,21175,True,IEZ8MTm1GneYb_Aq96mwGw
3179,2016,11,458,Bangkok,13.75133537061222,100.5286916642357,Q5gPKPVueHjK7mDUu10x-g,895,1,2795,5,21188,True,Q5gPKPVueHjK7mDUu10x-g
4190,2011,9,189,Bangkok,13.76333406987765,100.5007246183201,LOo6n8ky4IgUeYOtEVMsGA,878,1,4559,1,21193,True,LOo6n8ky4IgUeYOtEVMsGA
2142,2020,8,483,Bangkok,13.73927482905676,100.5349562529418,16wv0s1614L5IW4CPI5SRw,175,1,2197,10,21204,True,16wv0s1614L5IW4CPI5SRw
2865,2020,8,452,Bangkok,13.74642942166518,100.5677427697646,91HeUIj9hfZ7n-ygFcV_pw,2739,1,4560,1,21214,True,91HeUIj9hfZ7n-ygFcV_pw
1966,2020,8,678,Bangkok,13.73737386860012,100.5346707353929,KHiYbNQzoEMosMQLKhenRg,260,1,731,9,21218,True,KHiYbNQzoEMosMQLKhenRg
490,2020,8,310,Bangkok,13.71970941381278,100.53606609692,JFLVaJ1WJbC_95A6yuOdzA,400,1,2578,5,21230,True,JFLVaJ1WJbC_95A6yuOdzA
1251,2018,9,563,Bangkok,13.72906805899684,100.5207617820608,6CCW1Kgm6lwS-5Ty52AyXg,2074,1,3506,4,21236,True,6CCW1Kgm6lwS-5Ty52AyXg
3286,2017,11,149,Bangkok,13.7521818435329,100.5487217936429,gjv3DBW00g6sWGtJVKh8Qg,2008,0,2292,6,21237,True,gjv3DBW00g6sWGtJVKh8Qg
1032,2019,6,513,Bangkok,13.72656448738718,100.5601673217921,9SCd1MDv0kqxYS_Fc2h4xQ,1718,1,2392,12,21248,True,9SCd1MDv0kqxYS_Fc2h4xQ
270,2011,9,255,Bangkok,13.71816781674938,100.4928329369272,cqgM8RkED0bVzdWvIkMNNQ,2733,2,4561,1,21249,True,cqgM8RkED0bVzdWvIkMNNQ
3970,2020,9,647,Bangkok,13.76042932526357,100.5387943238776,kcrOXBLb9fEmE5acAnXf3Q,225,2,4562,1,21252,True,kcrOXBLb9fEmE5acAnXf3Q
4068,2011,10,569,Bangkok,13.76120567739741,100.5457052957472,Y7etl_nOnL4vx-2pKX0H9Q,237,0,238,10,21255,True,Y7etl_nOnL4vx-2pKX0H9Q
4703,2018,9,449,Bangkok,13.76842856127675,100.5690563850667,yF2NcN_4OtZ8knqFYCKXXA,2205,0,2564,4,21256,True,yF2NcN_4OtZ8knqFYCKXXA
4362,2017,5,251,Bangkok,13.76475006323709,100.4963717147524,M_ioGbRyv6Kui227S0MY3A,2466,2,4365,3,21262,True,M_ioGbRyv6Kui227S0MY3A
3322,2016,8,214,Bangkok,13.7535058618005,100.5006837429791,RbMawGe34-CGVpU_DZO93A,88,1,4014,3,21264,True,RbMawGe34-CGVpU_DZO93A
292,2018,9,462,Bangkok,13.7180539480151,100.5149370107668,A8M-svqAp8zC-g_IQbypmg,2174,0,2518,6,21267,True,A8M-svqAp8zC-g_IQbypmg
2015,2020,8,353,Bangkok,13.73829899167883,100.4942319028207,QzrRsVSYu_HIpiym_6zLvw,103,0,103,9,21270,True,QzrRsVSYu_HIpiym_6zLvw
972,2018,5,409,Bangkok,13.72616556819142,100.4976142948399,GhhbGrts14DmwPwWz7zkyA,1443,1,3332,4,21271,True,GhhbGrts14DmwPwWz7zkyA
4854,2011,9,326,Bangkok,13.77032256064355,100.5526988131858,7FvnVANiM5MWOZo305CxyA,495,0,505,7,21274,True,7FvnVANiM5MWOZo305CxyA
1661,2020,9,94,Bangkok,13.73386297936337,100.4936828585814,Cb3UzfLDZ915RM-5Lc7ouQ,57,0,57,9,21293,True,Cb3UzfLDZ915RM-5Lc7ouQ
1325,2016,11,588,Bangkok,13.73070500979415,100.5068633914162,7uYamb7CahpoLpfGY6zZoQ,2137,1,4563,1,21309,True,7uYamb7CahpoLpfGY6zZoQ
2341,2018,7,497,Bangkok,13.74129467385571,100.5619428395211,-SqTGjY5OoSRmbsEdUW53w,1941,0,2196,6,21310,True,-SqTGjY5OoSRmbsEdUW53w
402,2020,8,43,Bangkok,13.71967398109697,100.5382485141753,XmXucU6RWjFDy8B4zxYNAw,1456,0,1572,5,21314,True,XmXucU6RWjFDy8B4zxYNAw
613,2019,5,405,Bangkok,13.72229657504792,100.4887896889398,5jDMeboADlm_sC3npMqW_A,2489,0,2984,4,21328,True,5jDMeboADlm_sC3npMqW_A
3468,2019,5,543,Bangkok,13.75425454634093,100.5576852075685,HCJGbIuxwJCztfKQ0Igagw,691,0,715,5,21337,True,HCJGbIuxwJCztfKQ0Igagw
3500,2020,9,671,Bangkok,13.75503362675302,100.5014967953504,mXMZHMcyRJDS-tTYD337jA,1295,0,1388,6,21342,True,mXMZHMcyRJDS-tTYD337jA
3101,2011,12,387,Bangkok,13.74993659742326,100.5417007398589,1WNjzaEy0fPNc1-C_XX2YQ,821,0,858,9,21350,True,1WNjzaEy0fPNc1-C_XX2YQ
3228,2020,9,442,Bangkok,13.75250824261033,100.4927563061716,-zeBBsv_j5pAroHf7LedGA,1852,0,2080,8,21353,True,-zeBBsv_j5pAroHf7LedGA
945,2017,6,605,Bangkok,13.72559161092402,100.5640198941538,NHGqIU-sJYjchSQ819kJAA,2904,0,4220,6,21359,True,NHGqIU-sJYjchSQ819kJAA
1995,2020,8,489,Bangkok,13.73701260924018,100.5646954889199,JsrrNbPzTieSmv4GgpaSLA,2624,0,3249,3,21361,True,JsrrNbPzTieSmv4GgpaSLA
599,2011,12,686,Bangkok,13.72118985236934,100.5628394531563,uSSt6I1-yss1CxTZog4o3Q,1241,2,4564,1,21363,True,uSSt6I1-yss1CxTZog4o3Q
846,2011,12,165,Bangkok,13.72364680625955,100.5464107054422,ky0kMlvagT0K8UKDrFhEtA,1362,1,4565,2,21365,True,ky0kMlvagT0K8UKDrFhEtA
1262,2011,9,263,Bangkok,13.72910814706921,100.5248284941729,r8E02MHx4rkU7ZI39luvFQ,2389,0,2827,8,21368,True,r8E02MHx4rkU7ZI39luvFQ
38,2018,1,240,Bangkok,13.71545222651113,100.5215845883157,fGintSsDVSXbDRa81r1XeQ,520,0,530,8,21371,True,fGintSsDVSXbDRa81r1XeQ
1579,2018,5,204,Bangkok,13.73328263716056,100.4986369004281,v-6WlWUAhduUThQdkHt8eg,2754,2,4566,1,21375,True,v-6WlWUAhduUThQdkHt8eg
3592,2019,8,481,Bangkok,13.75625457041905,100.5095640278128,xdNMgEUnHzN-BLm_xU1W0A,1864,0,2094,6,21376,True,xdNMgEUnHzN-BLm_xU1W0A
1769,2017,6,463,Bangkok,13.73527918815764,100.5138381358994,k30iWnORxo0iXWLIkyZ1Vw,1492,0,1620,10,21390,True,k30iWnORxo0iXWLIkyZ1Vw
3763,2020,8,480,Bangkok,13.75865836196176,100.505460394446,zdCqsd9cFMyUhoA93KSzLw,2585,1,4567,1,21396,True,zdCqsd9cFMyUhoA93KSzLw
4727,2011,9,195,Bangkok,13.76875917251898,100.5104740771875,GnZ-zo26m6PKCODIriUMVA,551,0,562,7,21402,True,GnZ-zo26m6PKCODIriUMVA
2356,2016,11,378,Bangkok,13.74195711360324,100.4880924352027,v2JT04BILQV5tjVyNO7zqQ,2600,0,3205,7,21408,True,v2JT04BILQV5tjVyNO7zqQ
4305,2020,9,491,Bangkok,13.76415543738785,100.526787045968,6DinhpD2kprlAO_qzo9pXQ,2531,0,3064,6,21413,True,6DinhpD2kprlAO_qzo9pXQ
1504,2011,9,206,Bangkok,13.73254577752542,100.5133141448548,K5X5lg3AWbTerleg7IK9iA,2697,0,3414,5,21414,True,K5X5lg3AWbTerleg7IK9iA
1096,2018,9,552,Bangkok,13.72709219227299,100.5338158296936,OA1bbd1AAwL4b1UkYCuHMw,2250,0,2625,6,21417,True,OA1bbd1AAwL4b1UkYCuHMw
1062,2019,5,292,Bangkok,13.72759355323174,100.4986975508353,tDps1KFmo0MeTz8eRHD31Q,1499,0,1628,8,21420,True,tDps1KFmo0MeTz8eRHD31Q
4187,2019,4,373,Bangkok,13.76356702941094,100.4954101090361,JDYPMoK5BtTVc2ruZNBXgA,939,0,986,7,21421,True,JDYPMoK5BtTVc2ruZNBXgA
1645,2011,9,536,Bangkok,13.73318095858501,100.5657193868037,RXOs3ErCIMNl0qOEbcUeKA,2864,0,3935,8,21430,True,RXOs3ErCIMNl0qOEbcUeKA
4255,2018,10,461,Bangkok,13.76323275528719,100.5588061270003,tROwpsE7M81-KO08Ek5kxw,2828,1,4568,1,21432,True,tROwpsE7M81-KO08Ek5kxw
2858,2011,12,506,Bangkok,13.74723215795808,100.5563468475998,sbVtdMuutgvZwNY0CA3xLA,1682,2,2473,4,21434,True,sbVtdMuutgvZwNY0CA3xLA
1174,2011,9,236,Bangkok,13.72846796331523,100.5266714805936,SzOOXCMCMdqi4Wpu7T7xGA,1749,0,1944,5,21436,True,SzOOXCMCMdqi4Wpu7T7xGA
4497,2018,10,316,Bangkok,13.76633478012186,100.5454891484959,Pncig0g4fMx2CrLPQ0jkig,1604,1,4569,1,21450,True,Pncig0g4fMx2CrLPQ0jkig
935,2019,10,109,Bangkok,13.72521276209659,100.5487708510426,OmP8RcAnmCqZJMsIXA2rVQ,519,0,529,5,21455,True,OmP8RcAnmCqZJMsIXA2rVQ
3625,2019,9,404,Bangkok,13.75620562415498,100.5417481670313,lvvTlqyxjKRMn-ZAwFj8lA,2185,0,2535,9,21457,True,lvvTlqyxjKRMn-ZAwFj8lA
382,2018,9,488,Bangkok,13.7191811389508,100.5178170456548,BzR1-Sbl9cSOrDtVNxbUUQ,2532,0,3065,7,21458,True,BzR1-Sbl9cSOrDtVNxbUUQ
2555,2016,8,392,Bangkok,13.74430231650952,100.5163155776551,Mg_Ns6wPsPWTRrDdVcjOPQ,2698,1,4570,2,21462,True,Mg_Ns6wPsPWTRrDdVcjOPQ
2905,2016,8,698,Bangkok,13.74828380240904,100.5165959479164,MDWRAQXZjs05ooiOlUiXkw,401,0,409,10,21467,True,MDWRAQXZjs05ooiOlUiXkw
1114,2018,9,656,Bangkok,13.72719502041179,100.5512845391359,wodO9RlRntFDqlLooyLbzg,490,1,2226,3,21485,True,wodO9RlRntFDqlLooyLbzg
1627,2019,7,437,Bangkok,13.73335723653805,100.5458992891006,c-VnXyAc5Ots-mwy16G-ZA,513,0,523,13,21495,True,c-VnXyAc5Ots-mwy16G-ZA
3188,2016,10,413,Bangkok,13.7512314610387,100.5376771853576,wcTkbE5m4kRt2Pfux2H2Sg,1109,2,3476,3,21503,True,wcTkbE5m4kRt2Pfux2H2Sg
2910,2018,8,192,Bangkok,13.74820559701375,100.51974525585,HUN9Ccyf1JMoty3BeTqIMA,2665,1,3406,11,21504,True,HUN9Ccyf1JMoty3BeTqIMA
2724,2019,5,583,Bangkok,13.74603676375871,100.5136701798727,aqvI0uqGYeidvQY9_XsoLQ,2222,0,2590,9,21508,True,aqvI0uqGYeidvQY9_XsoLQ
4650,2019,4,207,Bangkok,13.7678384703438,100.5248767874251,Gvr91tWG3gZBybYotraf9g,781,1,2556,3,21514,True,Gvr91tWG3gZBybYotraf9g
1247,2017,9,477,Bangkok,13.72918910288629,100.5157454413553,yP_UhHjHAR8Qr1CxWM2azA,2358,0,2781,7,21523,True,yP_UhHjHAR8Qr1CxWM2azA
3608,2018,1,601,Bangkok,13.75627054251005,100.5227148240286,1B9SDaMbj5HPOBL5LGD2iQ,1955,0,2215,7,21524,True,1B9SDaMbj5HPOBL5LGD2iQ
4460,2019,4,363,Bangkok,13.76638666366989,100.5098425546333,aLE42XtAbXgWlXY46io2oQ,1649,0,1820,6,21526,True,aLE42XtAbXgWlXY46io2oQ
3681,2015,10,441,Bangkok,13.7573147487473,100.507743459888,H8Ydf82onNoKsepFQI8CAQ,1752,0,1948,8,21538,True,H8Ydf82onNoKsepFQI8CAQ
703,2018,10,447,Bangkok,13.72297522012343,100.4858320125782,nVeSkAzpCLVP3kk7vHPpdA,1307,0,1401,8,21540,True,nVeSkAzpCLVP3kk7vHPpdA
3305,2019,5,322,Bangkok,13.7531850861461,100.4847350965438,QM5DamNkActcaiz7cqurKQ,1610,0,1769,9,21551,True,QM5DamNkActcaiz7cqurKQ
4379,2019,4,309,Bangkok,13.76561770862059,100.5169213353813,yRSPMRmVxCURkwsINjFOWg,2330,0,2737,7,21553,True,yRSPMRmVxCURkwsINjFOWg
4205,2018,9,186,Bangkok,13.76272144986863,100.5143851293009,_fJA-gZUiE3F7PSwil5oYQ,2129,0,2453,8,21557,True,_fJA-gZUiE3F7PSwil5oYQ
37,2019,6,380,Bangkok,13.71546683777543,100.5208463679238,01AultybAKFJEeJdPzF9qA,572,2,4571,1,21559,True,01AultybAKFJEeJdPzF9qA
3078,2011,9,384,Bangkok,13.75022409774808,100.5206376280764,F2ncACe07aF4JPWzLZBuJA,2770,0,3591,4,21561,True,F2ncACe07aF4JPWzLZBuJA
2647,2020,8,440,Bangkok,13.74532867083978,100.5187885734149,SIBjlR8QT8HYaqaEiwiF4g,330,0,334,7,21563,True,SIBjlR8QT8HYaqaEiwiF4g
2703,2020,9,322,Bangkok,13.74680543998919,100.490727689699,gpqQgBRiKxLG638zgKrPGg,1928,0,2173,6,21567,True,gpqQgBRiKxLG638zgKrPGg
2009,2016,11,626,Bangkok,13.73812290725345,100.4879082075644,pIJiN-06VwG76DbSURns8w,295,1,3236,3,21569,True,pIJiN-06VwG76DbSURns8w
4237,2020,9,413,Bangkok,13.76329897462164,100.5456114071032,YTdP4-DhQLj1pdjsAp1PkQ,841,3,4572,1,21572,True,YTdP4-DhQLj1pdjsAp1PkQ
1704,2014,9,319,Bangkok,13.73375317926066,100.5381846225183,4oEQWG3JZesrs8yH3gKfPg,2826,0,3765,7,21574,True,4oEQWG3JZesrs8yH3gKfPg
11,2017,5,292,Bangkok,13.71468102963041,100.4946601594048,MEOJFBdVTIle6H4OJsKmqw,2757,1,3936,4,21577,True,MEOJFBdVTIle6H4OJsKmqw
593,2020,9,364,Bangkok,13.7212680679618,100.5527409229991,2fNlO8DOU2Mu3ZcHmVbovQ,1761,0,1964,4,21579,True,2fNlO8DOU2Mu3ZcHmVbovQ
2732,2017,6,85,Bangkok,13.74620017783732,100.5187717496854,XQe7rvYm35nJD77E306nlg,1359,0,1459,6,21580,True,XQe7rvYm35nJD77E306nlg
4725,2017,11,497,Bangkok,13.76940428197439,100.512411556763,hYDEJSiEe5jCDaPrxhg4_w,1113,0,1176,5,21582,True,hYDEJSiEe5jCDaPrxhg4_w
2952,2017,11,341,Bangkok,13.74820669874602,100.5687790879768,bxse8JBVFALTtaua_L2piQ,1142,0,1209,14,21588,True,bxse8JBVFALTtaua_L2piQ
544,2020,9,238,Bangkok,13.72207778919089,100.5108234232776,-C-wXJhKC5h0X5dMZglHew,2490,1,3507,4,21594,True,-C-wXJhKC5h0X5dMZglHew
2662,2017,6,220,Bangkok,13.74520417282832,100.5357254923209,rHmQz7woOY_PXhlGE-W5Jg,1827,0,2045,10,21595,True,rHmQz7woOY_PXhlGE-W5Jg
3567,2020,8,626,Bangkok,13.75615189498483,100.4864251369648,U_eNfqWR3nC7QaM0JhxwMg,2849,1,3976,3,21598,True,U_eNfqWR3nC7QaM0JhxwMg
1014,2017,10,150,Bangkok,13.72655501180063,100.5406053686243,PMBo8VrMCuBKkgbWSByRLA,1995,1,3657,3,21607,True,PMBo8VrMCuBKkgbWSByRLA
4371,2016,8,118,Bangkok,13.76498592572738,100.5084150753588,iuQUu6gn7zMn8xfMLe8bYA,2814,0,3727,5,21608,True,iuQUu6gn7zMn8xfMLe8bYA
2335,2019,5,126,Bangkok,13.7411551815314,100.5546708116739,xW7W8atBySHj8lhLymZf-w,657,0,675,12,21609,True,xW7W8atBySHj8lhLymZf-w
569,2018,10,238,Bangkok,13.72114358482029,100.5317285202275,nXpNJl7a5HVW4hOYEUHgUg,1527,0,1663,5,21614,True,nXpNJl7a5HVW4hOYEUHgUg
1181,2020,9,387,Bangkok,13.72833823983345,100.5359714856186,kvQ0ZmVVi-IUwICLRhm-5w,1683,1,3132,4,21623,True,kvQ0ZmVVi-IUwICLRhm-5w
1764,2011,9,212,Bangkok,13.73459851189563,100.5076804699346,C9n5ZvOzSu-SMcxjZJ6NGQ,1595,2,4573,1,21629,True,C9n5ZvOzSu-SMcxjZJ6NGQ
3717,2020,9,307,Bangkok,13.75727239805441,100.5487047915979,_rlmWraj5Sm4j59IlW6GKw,2783,0,3632,6,21630,True,_rlmWraj5Sm4j59IlW6GKw
239,2020,8,390,Bangkok,13.71735634744608,100.5484771161783,5vwkPkThqSy02xDybcyPeQ,2708,1,4574,1,21634,True,5vwkPkThqSy02xDybcyPeQ
3349,2017,6,303,Bangkok,13.75298018190373,100.5236923537813,tCLnM0vDwQ4CdARVH6Fz7Q,2805,1,4575,1,21635,True,tCLnM0vDwQ4CdARVH6Fz7Q
3421,2017,6,177,Bangkok,13.75438160623204,100.5086689671889,AopvfkNh6Y-zYIm7poFaFw,1851,0,2078,4,21636,True,AopvfkNh6Y-zYIm7poFaFw
3398,2014,9,626,Bangkok,13.75418021877283,100.4918206925287,GwV0eBddhtvsLaD_48rPgA,2149,0,2481,8,21641,True,GwV0eBddhtvsLaD_48rPgA
700,2019,8,514,Bangkok,13.72323414810538,100.4867417008964,kTQieIjzcOz8LNjjesvHcA,573,0,584,8,21644,True,kTQieIjzcOz8LNjjesvHcA
4131,2020,9,380,Bangkok,13.76412006144939,100.5316607911674,FnQe5Uv5Sjzk7KaAlZ1hkQ,54,1,4298,3,21645,True,FnQe5Uv5Sjzk7KaAlZ1hkQ
412,2020,8,443,Bangkok,13.71912250475612,100.550126219872,hjtUQZff1G4AuLabOQa4TA,984,1,4576,1,21647,True,hjtUQZff1G4AuLabOQa4TA
60,2018,10,632,Bangkok,13.71624134632824,100.5452554717431,KKvyR8c395HHajoaWpX-Rg,132,2,4577,1,21658,True,KKvyR8c395HHajoaWpX-Rg
10,2011,9,374,Bangkok,13.71519317982178,100.4938988712864,E9eeJSGzDLvsQjueqYGcVg,900,0,942,3,21659,True,E9eeJSGzDLvsQjueqYGcVg
4105,2020,8,460,Bangkok,13.76196830042869,100.5024780685612,KgpE0HKES0MY_egCCPDjqQ,2294,1,4578,1,21661,True,KgpE0HKES0MY_egCCPDjqQ
946,2011,12,476,Bangkok,13.72522225210149,100.5617569091896,eTTyOhHuhOwRkqNVvrOF0A,1154,1,2804,3,21663,True,eTTyOhHuhOwRkqNVvrOF0A
2256,2017,6,405,Bangkok,13.74014066946503,100.5637530538876,ZcNYWDfAA9JUdDfpzsYR6Q,116,2,4579,1,21670,True,ZcNYWDfAA9JUdDfpzsYR6Q
2729,2011,9,385,Bangkok,13.7458852569828,100.514603249944,uRBuYhbGcNj2jr3UC0D5iw,835,0,874,9,21674,True,uRBuYhbGcNj2jr3UC0D5iw
2385,2016,10,574,Bangkok,13.74230320252311,100.5227541344159,crw2kJhXgPApKGSsOm7fvQ,882,2,4580,1,21675,True,crw2kJhXgPApKGSsOm7fvQ
1772,2019,8,516,Bangkok,13.73517095868563,100.5188297456238,rsk1lhDzA3tuKZIqkXyLLg,990,1,1884,5,21676,True,rsk1lhDzA3tuKZIqkXyLLg
3351,2016,11,508,Bangkok,13.75324344589406,100.5317282557399,kgd6mOUr0mtqaE0ogwACHQ,504,0,514,11,21685,True,kgd6mOUr0mtqaE0ogwACHQ
4393,2017,11,527,Bangkok,13.76504301882363,100.5296559479283,ksoauq5e_4lz1nDI4zefkQ,85,3,2484,5,21688,True,ksoauq5e_4lz1nDI4zefkQ
1969,2020,9,678,Bangkok,13.73732323319443,100.5392293614696,2X3EBPyQ9jDu_fnCxedsbA,979,0,1031,10,21691,True,2X3EBPyQ9jDu_fnCxedsbA
3392,2018,9,190,Bangkok,13.75411379302077,100.484679417226,pJxbisvFvIiINVWD0HZD0A,1330,1,4581,1,21696,True,pJxbisvFvIiINVWD0HZD0A
1105,2020,9,205,Bangkok,13.72867918119268,100.5470157660353,bJROHCFqAvWFV9gqbBRNHA,2359,0,2784,5,21697,True,bJROHCFqAvWFV9gqbBRNHA
537,2020,9,208,Bangkok,13.72117300088676,100.5037032811423,0YjzC0_olr5Jvaqgq0JgTw,790,0,822,12,21703,True,0YjzC0_olr5Jvaqgq0JgTw
2064,2020,8,134,Bangkok,13.73823539789046,100.5530832217121,6l_sPSHkG1mNJw8Rxb1XOA,2880,0,4007,5,21705,True,6l_sPSHkG1mNJw8Rxb1XOA
4095,2016,11,188,Bangkok,13.76203034754555,100.4879627858627,-Twe5rg8hRsggmhIIRiyOw,2718,1,4582,1,21709,True,-Twe5rg8hRsggmhIIRiyOw
1596,2018,1,96,Bangkok,13.73338862864348,100.5137652098938,5YiCPLhCh01NM2Fgn4oBAw,2272,2,4583,1,21720,True,5YiCPLhCh01NM2Fgn4oBAw
2382,2020,8,306,Bangkok,13.74227330928896,100.5160224912479,z0FbSPGxQayy-8GXD3JAyQ,1301,0,1395,6,21723,True,z0FbSPGxQayy-8GXD3JAyQ
4560,2019,2,149,Bangkok,13.76541395633888,100.5178092258145,UEJOS6NO8Ed4Xsw8bntNig,1459,0,1576,8,21726,True,UEJOS6NO8Ed4Xsw8bntNig
3409,2018,2,134,Bangkok,13.75428334419258,100.4965664104416,GvetnSprEDF6DnZMZXPacg,769,0,798,3,21738,True,GvetnSprEDF6DnZMZXPacg
532,2016,8,183,Bangkok,13.72123023910004,100.4966884825659,gcwbWJxZHH7NJzByxKskOQ,777,0,807,12,21740,True,gcwbWJxZHH7NJzByxKskOQ
2929,2018,7,387,Bangkok,13.74823665085649,100.5407516238537,BnsRbP_TdJkJe_6kAbgCxA,762,0,791,11,21741,True,BnsRbP_TdJkJe_6kAbgCxA
4047,2019,9,192,Bangkok,13.76105793385171,100.5276580286303,ax20EUUvG2cyY8OkophRMg,1403,0,1511,6,21746,True,ax20EUUvG2cyY8OkophRMg
327,2020,8,416,Bangkok,13.71868809829218,100.5499628878088,ZYP92Z6_pImmeyumStyjrw,483,0,493,8,21753,True,ZYP92Z6_pImmeyumStyjrw
4502,2017,6,332,Bangkok,13.76612282283557,100.5448579267629,sXK9nSN4FzCFFEs2cnXF7A,1980,0,2251,3,21764,True,sXK9nSN4FzCFFEs2cnXF7A
2234,2011,9,357,Bangkok,13.74012979064127,100.5432171743417,hToIUPJDasIY2kVj_Ide2g,376,0,381,12,21773,True,hToIUPJDasIY2kVj_Ide2g
694,2018,3,452,Bangkok,13.72193603131512,100.5664258691822,mEsNCqljRNdv07fke4RPMg,1563,0,1706,7,21796,True,mEsNCqljRNdv07fke4RPMg
2653,2020,8,402,Bangkok,13.74535734381237,100.5245916685964,pG_atF8uST_e3IAYMGDEwA,2421,1,4584,1,21802,True,pG_atF8uST_e3IAYMGDEwA
4509,2018,10,423,Bangkok,13.76647851328351,100.5557981032119,IWOFyit4qjo6CSlaN2BzKA,775,1,3238,3,21813,True,IWOFyit4qjo6CSlaN2BzKA
1320,2011,9,276,Bangkok,13.7301509269421,100.49590173865,PCYto0Jen9ao-3K8Btp0BQ,1467,2,4585,1,21816,True,PCYto0Jen9ao-3K8Btp0BQ
1901,2017,6,212,Bangkok,13.73627458796041,100.5570446456897,2zmiEKjhQSK8a4qJzKwpJQ,2402,1,4425,3,21818,True,2zmiEKjhQSK8a4qJzKwpJQ
244,2018,9,291,Bangkok,13.71719840497587,100.5536692831308,IavbGOsg7MWjTgkP9Achig,714,0,740,5,21822,True,IavbGOsg7MWjTgkP9Achig
4527,2018,11,364,Bangkok,13.76721420408491,100.4887706680925,1_bRH58u_hw_ytFxPdAWRQ,2868,1,4026,5,21829,True,1_bRH58u_hw_ytFxPdAWRQ
1795,2017,6,531,Bangkok,13.73513032385383,100.5343460331519,Eu0WfExBtkcW2hBj-xJYHQ,2788,0,3646,8,21837,True,Eu0WfExBtkcW2hBj-xJYHQ
1148,2011,9,529,Bangkok,13.72858865513542,100.496798558768,-TcO7L1IqEtp97I1BW2ZlA,172,1,4586,1,21839,True,-TcO7L1IqEtp97I1BW2ZlA
2433,2017,6,327,Bangkok,13.74222785359518,100.5699422193672,44tbEYHgXBztagTe1RTrZg,2714,0,3460,7,21840,True,44tbEYHgXBztagTe1RTrZg
1925,2019,5,418,Bangkok,13.73721939671692,100.4966297712042,RCjCD0NZAj3YNT3evHtjRQ,2903,0,4201,4,21850,True,RCjCD0NZAj3YNT3evHtjRQ
4251,2019,4,448,Bangkok,13.76321382500919,100.5638492828267,MCO-e2n9cprDRuI9Ac1_9g,610,0,623,6,21852,True,MCO-e2n9cprDRuI9Ac1_9g
214,2011,12,318,Bangkok,13.71720066371915,100.5237536268092,9FO6Ifoa4egfz_gkexrCZQ,2338,1,3536,3,21855,True,9FO6Ifoa4egfz_gkexrCZQ
1755,2020,9,349,Bangkok,13.7351715146086,100.4970193398257,iPE4EA79phs-G2L2W26wgQ,2259,0,2641,11,21857,True,iPE4EA79phs-G2L2W26wgQ
1577,2018,5,234,Bangkok,13.73310173135083,100.4971722844608,S6p0cl3EXoxGyTy1UXNA1w,176,2,4587,1,21859,True,S6p0cl3EXoxGyTy1UXNA1w
2414,2011,9,377,Bangkok,13.7422997395108,100.5452079947313,2PROxpQwhMvhsDpHSaZEoQ,150,1,1668,4,21860,True,2PROxpQwhMvhsDpHSaZEoQ
4030,2019,9,532,Bangkok,13.76132403031917,100.5085252270918,OFJ_GGxjhi0Rf4QcGMEg6g,2480,0,2967,8,21869,True,OFJ_GGxjhi0Rf4QcGMEg6g
2875,2017,11,279,Bangkok,13.74856389223606,100.4899863909665,jRoyg6W06h2Gc5rGGUgaJA,2184,0,2534,8,21877,True,jRoyg6W06h2Gc5rGGUgaJA
2881,2019,8,211,Bangkok,13.7482521278186,100.4942209724564,mfKuPy4iWWqgwW-BA_-gWQ,239,2,946,4,21887,True,mfKuPy4iWWqgwW-BA_-gWQ
3513,2019,5,494,Bangkok,13.7552915915392,100.5146191945457,opPZVVb5F69E3AxlpdiBWQ,2890,0,4084,6,21894,True,opPZVVb5F69E3AxlpdiBWQ
4318,2020,9,268,Bangkok,13.76419979209078,100.5417057711014,HLXW631wL4m0L3SKFCqlaw,286,0,287,6,21898,True,HLXW631wL4m0L3SKFCqlaw
2426,2020,8,366,Bangkok,13.74219193271093,100.5586259433103,NVQ2Qbq1McefLKIKo81MaQ,848,0,887,7,21903,True,NVQ2Qbq1McefLKIKo81MaQ
4461,2018,9,135,Bangkok,13.76622532298965,100.5057752797895,oLjBihJPES8X05w06yffRA,1650,1,4465,3,21914,True,oLjBihJPES8X05w06yffRA
4208,2018,7,241,Bangkok,13.76180233726191,100.5154782325629,USORdoYSHEexOClMETuhyw,1810,1,3075,6,21915,True,USORdoYSHEexOClMETuhyw
1986,2017,6,107,Bangkok,13.73719334667826,100.5558815199139,LgZq3s6OwgqOHux9v0LzAA,2247,0,2622,7,21924,True,LgZq3s6OwgqOHux9v0LzAA
205,2011,9,516,Bangkok,13.71721948049834,100.5145886684866,2bASpL6xQ3C1Uh28euLKBg,2683,0,3381,7,21927,True,2bASpL6xQ3C1Uh28euLKBg
3021,2015,10,255,Bangkok,13.74968836917941,100.5477127070626,sCRYpom6VhLoeqwTvzAN5A,885,0,927,12,21946,True,sCRYpom6VhLoeqwTvzAN5A
2855,2011,12,458,Bangkok,13.74713980509539,100.5563349255835,9eQgXFXJivBtWgLWNNaYJA,1682,0,1864,5,21950,True,9eQgXFXJivBtWgLWNNaYJA
4111,2011,9,371,Bangkok,13.76258425767866,100.5101242241366,XoTtOw8Zb1bM_buLp8NGBg,2728,0,3481,6,21952,True,XoTtOw8Zb1bM_buLp8NGBg
59,2017,6,258,Bangkok,13.7173242097598,100.541382388091,NF5NBCaJaNMfh5J30AXo9A,2236,0,2606,4,21966,True,NF5NBCaJaNMfh5J30AXo9A
2246,2017,6,369,Bangkok,13.74027421040098,100.5585026622639,xAMakBKN_5Xk2FaR8a6DsA,1024,0,1077,7,21970,True,xAMakBKN_5Xk2FaR8a6DsA
3994,2020,8,268,Bangkok,13.76019608322318,100.5647070130662,m6E8TVjG4l8ErIGOebZuPQ,56,0,56,3,21978,True,m6E8TVjG4l8ErIGOebZuPQ
1662,2019,5,425,Bangkok,13.73424646208758,100.4878039020871,Ot83V-XPWVdfN4xz2jdnlw,2721,1,4588,1,21988,True,Ot83V-XPWVdfN4xz2jdnlw
3509,2017,6,346,Bangkok,13.75478965847933,100.5106444307995,RykkEWFQFt6ew_OSK12aMA,1780,0,1987,6,22000,True,RykkEWFQFt6ew_OSK12aMA
4665,2017,6,456,Bangkok,13.76827327225548,100.5377287055328,e-T2kRnv_DR0vyF9-csquA,1291,0,1384,4,22002,True,e-T2kRnv_DR0vyF9-csquA
478,2016,10,226,Bangkok,13.72032532293061,100.5308278188715,-JJRmUmUUcNL4gRecA2x5Q,2013,0,2302,13,22005,True,-JJRmUmUUcNL4gRecA2x5Q
2253,2018,7,456,Bangkok,13.74026943859847,100.5618613791429,qkY6YfmYHYHmwpsNy6Zn5Q,1520,0,1652,6,22012,True,qkY6YfmYHYHmwpsNy6Zn5Q
886,2017,9,195,Bangkok,13.72537444658502,100.5027419746431,hN004lIMQCDxI-TpE9kXFA,640,1,1059,3,22022,True,hN004lIMQCDxI-TpE9kXFA
25,2019,5,483,Bangkok,13.71624946808498,100.508358777387,AQXDrQeXRFFPVggsR2bzAw,2897,3,4589,1,22028,True,AQXDrQeXRFFPVggsR2bzAw
2,2017,5,577,Bangkok,13.7151428547041,100.4858186228873,t77HU9jotBMLbk-m9-u9vA,479,1,3529,3,22031,True,t77HU9jotBMLbk-m9-u9vA
3526,2015,10,229,Bangkok,13.75482218707633,100.5275647148836,NscsqJiq45s4l99oWK1f0w,644,0,662,10,22035,True,NscsqJiq45s4l99oWK1f0w
1651,2017,10,259,Bangkok,13.7343967380143,100.4845676986477,E_uLdtTxUtNcDue7vkYTTg,2633,0,3274,4,22039,True,E_uLdtTxUtNcDue7vkYTTg
3898,2018,9,29,Bangkok,13.75918828894514,100.5566838978952,OAVPhwBDRhusnPa68vFYig,975,0,1027,13,22044,True,OAVPhwBDRhusnPa68vFYig
3923,2020,9,335,Bangkok,13.76002339096626,100.4911255073587,tfacbr-1q9UlU-KYP0C5XA,989,1,4590,1,22047,True,tfacbr-1q9UlU-KYP0C5XA
59,2016,10,440,Bangkok,13.71731401145964,100.5414068544386,nvnPfcHAN1q8I3eEOSSndA,2236,1,3691,4,22055,True,nvnPfcHAN1q8I3eEOSSndA
583,2020,8,465,Bangkok,13.72182606120322,100.543497375805,XuCistpJ9TbRtFpDH7Dhow,334,0,339,4,22060,True,XuCistpJ9TbRtFpDH7Dhow
3470,2018,2,284,Bangkok,13.75423322851886,100.5587095289161,FvpDIwFB7679Y3yYvbXX2g,249,0,250,8,22063,True,FvpDIwFB7679Y3yYvbXX2g
3816,2019,5,460,Bangkok,13.75824484943375,100.5567102289456,Cv5CVpCxq65lbwKB3k8Iwg,2618,0,3240,4,22066,True,Cv5CVpCxq65lbwKB3k8Iwg
3903,2011,12,396,Bangkok,13.75918528850263,100.5579206524174,K8l1Nwy-sMBeeI45qygAcA,843,1,1753,3,22073,True,K8l1Nwy-sMBeeI45qygAcA
883,2018,10,242,Bangkok,13.72537153387387,100.4966768806631,gXU5kE4-Ug6qjO8PuNgp2g,953,0,1001,5,22077,True,gXU5kE4-Ug6qjO8PuNgp2g
748,2017,5,242,Bangkok,13.72332670333896,100.5347113718965,DuebthzGozPt_4e4hA1BSQ,1603,0,1759,10,22084,True,DuebthzGozPt_4e4hA1BSQ
4196,2020,8,378,Bangkok,13.76333114689495,100.4995369406772,9DdrpLsqErrrL6lJQLk6TA,1466,2,4591,1,22097,True,9DdrpLsqErrrL6lJQLk6TA
4553,2020,8,218,Bangkok,13.76708800628032,100.5129289748935,0_ZzLGYIeps4MyJ_EqFkIQ,2798,1,4196,3,22100,True,0_ZzLGYIeps4MyJ_EqFkIQ
227,2017,6,536,Bangkok,13.71719052076254,100.5367712865587,eaqPd6eEaxC7DhxHyWo3lg,320,0,321,3,22106,True,eaqPd6eEaxC7DhxHyWo3lg
4603,2018,3,393,Bangkok,13.76726832815516,100.5576189708855,wJb5abAVbDJPMHp5grV64g,1005,0,1057,7,22110,True,wJb5abAVbDJPMHp5grV64g
3150,2018,9,423,Bangkok,13.75143643590005,100.4977200019847,U3ZKfGAhDn4lMRD0edmV-g,476,0,485,8,22112,True,U3ZKfGAhDn4lMRD0edmV-g
183,2011,9,584,Bangkok,13.71716452620802,100.4927744524853,iwjSjYIOpZm90B2FgVdODw,1424,1,3118,3,22123,True,iwjSjYIOpZm90B2FgVdODw
3496,2016,8,370,Bangkok,13.75532592228752,100.4987140878008,vxUsPZ5ICbh0yEnLdXN1QA,203,3,4592,1,22125,True,vxUsPZ5ICbh0yEnLdXN1QA
4,2019,5,24,Bangkok,13.71524253288095,100.487692696656,wCX_sqhb5YBb1OtxfXH4kg,1816,0,2032,4,22127,True,wCX_sqhb5YBb1OtxfXH4kg
1672,2018,5,368,Bangkok,13.73385127013628,100.5067350947502,-isjepdH7if4rckwQ4zTAQ,2710,0,3447,7,22129,True,-isjepdH7if4rckwQ4zTAQ
263,2020,9,436,Bangkok,13.71823869360637,100.4858053943725,WM9ucpDSH4XPsPbTADRY5w,1615,1,3806,3,22131,True,WM9ucpDSH4XPsPbTADRY5w
4600,2011,12,333,Bangkok,13.76717629620012,100.5620116216841,UtP7G9a4B0FI1ydRPqeWQg,853,0,893,5,22132,True,UtP7G9a4B0FI1ydRPqeWQg
3372,2011,12,166,Bangkok,13.75278225035265,100.5506236106806,f65aAIqOmpsfnvhezeVRlg,2862,1,4010,9,22133,True,f65aAIqOmpsfnvhezeVRlg
3433,2011,12,352,Bangkok,13.75425554338557,100.5266552287381,ii1bR_ZPi4q6bHkStAtZEQ,1784,0,1993,12,22135,True,ii1bR_ZPi4q6bHkStAtZEQ
1615,2019,6,351,Bangkok,13.73325460923437,100.5287440429144,3mtdruDclFJhAEULWHR6QA,430,0,438,5,22141,True,3mtdruDclFJhAEULWHR6QA
2413,2019,10,248,Bangkok,13.74217568194602,100.5497244271157,OEvD3pNbo0wktw6EfbIx6Q,2555,1,4593,1,22154,True,OEvD3pNbo0wktw6EfbIx6Q
2212,2020,9,595,Bangkok,13.74015351340842,100.5197254874602,EjWSglFH_ePu6ZjF-CXHqQ,197,0,197,10,22164,True,EjWSglFH_ePu6ZjF-CXHqQ
2936,2011,9,476,Bangkok,13.74785420632875,100.5456422694966,dJAsnx-fl0jbyfV0asvZcA,10,0,10,6,22167,True,dJAsnx-fl0jbyfV0asvZcA
3683,2018,7,373,Bangkok,13.75735782658307,100.5119444351576,CrE2BsuGKkEbEc8If8fa6Q,531,1,4594,1,22169,True,CrE2BsuGKkEbEc8If8fa6Q
2822,2016,10,427,Bangkok,13.74728677684164,100.5164149443727,X1i86afBqoWrCgfvAmHlmw,2147,0,2479,9,22178,True,X1i86afBqoWrCgfvAmHlmw
1652,2020,8,194,Bangkok,13.73327134982864,100.5696374741506,jmMwaAAZ2sSJQ8LxhsuPLg,499,1,2232,3,22184,True,jmMwaAAZ2sSJQ8LxhsuPLg
976,2017,12,308,Bangkok,13.72638559228193,100.4996657316478,m1V6PpUh74phKjrpYbTnEw,1338,0,1436,7,22190,True,m1V6PpUh74phKjrpYbTnEw
1071,2011,9,418,Bangkok,13.72729379018063,100.5138194751341,QGH1XWeNexGhZiVHQ30jLA,2130,1,3820,3,22192,True,QGH1XWeNexGhZiVHQ30jLA
3498,2016,9,451,Bangkok,13.75565868178361,100.5038420805477,m7ZUQ8d3w7nX0pPzWqMziw,1630,1,4595,1,22194,True,m7ZUQ8d3w7nX0pPzWqMziw
3991,2011,12,372,Bangkok,13.76024709260735,100.5616500785238,XyFug4tHGaH8WDmonxCDww,1669,0,1849,6,22206,True,XyFug4tHGaH8WDmonxCDww
3548,2020,9,354,Bangkok,13.75522787075698,100.5526973396518,Lb7GMy9RKW2-LxR0E9AAqQ,2325,0,2728,10,22232,True,Lb7GMy9RKW2-LxR0E9AAqQ
2336,2019,10,339,Bangkok,13.74119470780171,100.5530020342142,So0F0AVPOpMg2dafyIhkVg,2303,0,2700,6,22235,True,So0F0AVPOpMg2dafyIhkVg
181,2017,11,411,Bangkok,13.71718567179726,100.4907960264868,1CyR_uUT9iDJzN7QSq3KuQ,2651,1,3306,6,22236,True,1CyR_uUT9iDJzN7QSq3KuQ
2864,2020,9,203,Bangkok,13.74737258842406,100.5629817474812,pvKKr-DOaOjgRr9iZMz1uA,1582,0,1734,7,22237,True,pvKKr-DOaOjgRr9iZMz1uA
1296,2019,9,453,Bangkok,13.72937095529952,100.5597857141417,vmiwRIr0MI_dSfFoOfFSaw,1482,1,2810,9,22266,True,vmiwRIr0MI_dSfFoOfFSaw
