place_id,year,month,northdeg,city_id,lat,lon,panoid,spatial_cluster_id,heading_cluster_id,cluster_id,cluster_size,cluster_center_index,is_cluster_center,cluster_center_panoid
1443,2020,7,122,Brussels,50.84700958856036,4.345165020081683,V09MmbI7mQDtuVG9L4hSNw,0,0,0,7,0,True,V09MmbI7mQDtuVG9L4hSNw
2841,2020,7,247,Brussels,50.86479202622439,4.341965253717561,m7MsbavY5yPxWA6QmV4jEQ,1,0,1,7,1,True,m7MsbavY5yPxWA6QmV4jEQ
764,2014,7,46,Brussels,50.83785869104199,4.368962048690674,pg7EWD-YekGoZt6vsTm_Tg,8,0,8,1,8,True,pg7EWD-YekGoZt6vsTm_Tg
2738,2009,3,86,Brussels,50.86397084165208,4.316629245880148,U8YqpA5u2XppRGLkUg9_WA,14,0,14,2,14,True,U8YqpA5u2XppRGLkUg9_WA
2171,2014,7,139,Brussels,50.85585959614072,4.373706609982523,3xevgwTU3jxLX4iLezF8xQ,16,0,16,6,16,True,3xevgwTU3jxLX4iLezF8xQ
2024,2019,5,227,Brussels,50.85345629665228,4.379521901814877,7q8sCdgT5nrsa2sOTfUwqA,21,0,21,2,21,True,7q8sCdgT5nrsa2sOTfUwqA
2069,2014,7,118,Brussels,50.85470226963727,4.351068223709264,46jM1duoEgCmY7TzNYwjGg,23,0,23,4,23,True,46jM1duoEgCmY7TzNYwjGg
634,2014,9,244,Brussels,50.83690610037652,4.317184581068659,l1m5iRFpjLIW4-219hLgYQ,26,0,26,7,26,True,l1m5iRFpjLIW4-219hLgYQ
32,2013,7,354,Brussels,50.82898832796388,4.33915519847441,YDiby0gReiOXATgBPkLQgQ,29,0,29,2,29,True,YDiby0gReiOXATgBPkLQgQ
841,2020,6,179,Brussels,50.83910557187178,4.367917202131304,arhGSUZ4iZBmrZ05QceJAg,30,0,30,8,30,True,arhGSUZ4iZBmrZ05QceJAg
1651,2020,11,74,Brussels,50.84971236041724,4.318916179608977,O-k04ko0zUxriEvUlSS1Zw,31,0,31,5,31,True,O-k04ko0zUxriEvUlSS1Zw
2774,2014,7,231,Brussels,50.86397478341131,4.357331981753141,b5oRA2I-WgisEQxeMj0Gbw,33,0,33,2,33,True,b5oRA2I-WgisEQxeMj0Gbw
1738,2017,6,154,Brussels,50.85113366077959,4.325421894222603,b-2iiuGg5UoqnnipoLduNg,37,0,37,5,37,True,b-2iiuGg5UoqnnipoLduNg
1929,2009,8,20,Brussels,50.85316068874064,4.365242559266291,nTam5SyMKO-CeUoRnzEO0A,41,0,41,8,41,True,nTam5SyMKO-CeUoRnzEO0A
64,2009,9,162,Brussels,50.82914348955403,4.371298539015199,vdGNLiAAuyfyQMt43oQuSQ,42,0,42,6,42,True,vdGNLiAAuyfyQMt43oQuSQ
1984,2019,3,66,Brussels,50.85408517559235,4.338765650343082,JQLexXrDL3QUv6lQCOneOQ,45,0,45,1,45,True,JQLexXrDL3QUv6lQCOneOQ
2551,2013,7,331,Brussels,50.86075220147715,4.359013759247065,3Zue7rE7xx7bIel3qJRMgw,50,0,50,6,50,True,3Zue7rE7xx7bIel3qJRMgw
77,2014,7,246,Brussels,50.82905546914062,4.384103897936794,Rf7Me6ZfrwnIuDgCeiijvA,53,0,53,2,53,True,Rf7Me6ZfrwnIuDgCeiijvA
284,2009,4,352,Brussels,50.83207268412229,4.35664786714567,JHep1d6Sht67psePx1JFEg,61,0,61,1,61,True,JHep1d6Sht67psePx1JFEg
2289,2019,4,1,Brussels,50.85811006083404,4.333961667283757,vI9HaiBvWl6aiWzZOpoTgw,62,0,62,3,62,True,vI9HaiBvWl6aiWzZOpoTgw
1463,2018,5,161,Brussels,50.84714181796371,4.370160515776396,jxjfOZfyu5M65RkI3uYFKQ,65,0,65,7,65,True,jxjfOZfyu5M65RkI3uYFKQ
591,2019,3,255,Brussels,50.83595687000896,4.352365994590471,W9B3e3DzraWFdhFt-uRrkw,68,0,68,1,68,True,W9B3e3DzraWFdhFt-uRrkw
1800,2014,9,335,Brussels,50.85197837195661,4.307206060946278,NDjb9O4KjcyCAAHTO3PYaA,73,0,73,4,73,True,NDjb9O4KjcyCAAHTO3PYaA
1470,2014,7,204,Brussels,50.8470083968858,4.372076783080483,S99CAPJpdXf0ewUCcDgDdg,75,0,75,5,75,True,S99CAPJpdXf0ewUCcDgDdg
240,2009,3,359,Brussels,50.83241438315461,4.313715010138921,fZFyib7Z6oIqeWtZh1PhBQ,79,0,79,4,79,True,fZFyib7Z6oIqeWtZh1PhBQ
2167,2009,4,31,Brussels,50.85598921201639,4.363187909472265,SwwebUuMdrdtyO-1xbw09A,81,0,81,1,81,True,SwwebUuMdrdtyO-1xbw09A
2078,2013,7,90,Brussels,50.85487432706246,4.35726567309957,hxdwDw8FLzS77ZzoY5h5gw,82,0,82,6,82,True,hxdwDw8FLzS77ZzoY5h5gw
2893,2019,5,135,Brussels,50.86601720977839,4.308094755819457,R7jflbiOT4oWUVXwCdSnLg,87,0,87,3,87,True,R7jflbiOT4oWUVXwCdSnLg
2216,2013,10,39,Brussels,50.85713255520018,4.338257427376487,Lz_Py8AJVci8mmosFpi9_g,89,0,89,4,89,True,Lz_Py8AJVci8mmosFpi9_g
185,2013,6,264,Brussels,50.83098234758955,4.336119848841323,VV1KRD4h5rodgRi7XGWUQA,93,0,93,2,93,True,VV1KRD4h5rodgRi7XGWUQA
609,2017,5,226,Brussels,50.8356168765399,4.370269981615198,-1V8CDssPDl6lcXb_lBLAA,95,0,95,4,95,True,-1V8CDssPDl6lcXb_lBLAA
2010,2014,7,223,Brussels,50.85406263418079,4.36621577523347,Fwc6xLzvTR0fAq5AW8lS1Q,100,0,100,8,102,True,Fwc6xLzvTR0fAq5AW8lS1Q
3,2013,6,49,Brussels,50.82953691323041,4.309566509959927,C7WHNHFj-LaCS_ApJFd2-w,102,0,102,2,104,True,C7WHNHFj-LaCS_ApJFd2-w
1161,2020,7,45,Brussels,50.84289629733755,4.38200788210751,nbRbKh3UPQox1vxIfxzZ8w,108,0,108,11,110,True,nbRbKh3UPQox1vxIfxzZ8w
2696,2013,7,190,Brussels,50.86295946071625,4.352391164986425,Rom1pAK4mTiRyS8paFWg0A,109,0,109,10,111,True,Rom1pAK4mTiRyS8paFWg0A
1596,2013,7,314,Brussels,50.84908158422675,4.342229491228226,S1mlW0cIwEWbhzL3ogKHTw,111,0,111,1,113,True,S1mlW0cIwEWbhzL3ogKHTw
1517,2020,6,67,Brussels,50.84780465086641,4.343246137000872,PgRmuT5qXH9DtndK8fB4hQ,113,0,113,4,115,True,PgRmuT5qXH9DtndK8fB4hQ
41,2013,7,165,Brussels,50.82868786809048,4.348932012242213,rzl2Xo4LfIwePLxyhfHudQ,122,0,122,1,124,True,rzl2Xo4LfIwePLxyhfHudQ
335,2009,4,123,Brussels,50.8329348487403,4.330109363726807,8IL4Qo1kKRhOXI06jPb0Aw,123,0,123,2,125,True,8IL4Qo1kKRhOXI06jPb0Aw
2675,2020,7,250,Brussels,50.8633215367756,4.329043748911837,2r8QPy8gNTiWF6UHQJMpQA,128,0,128,6,130,True,2r8QPy8gNTiWF6UHQJMpQA
1275,2020,6,31,Brussels,50.84501001038833,4.339146482136122,TEZoO6vmYsRVTr1T3X1RVA,130,0,130,7,132,True,TEZoO6vmYsRVTr1T3X1RVA
1709,2019,9,90,Brussels,50.84985922372166,4.381196011426295,au4Y1aBxCRfFv7RD2LFLjQ,134,0,134,4,136,True,au4Y1aBxCRfFv7RD2LFLjQ
2862,2014,7,19,Brussels,50.86487817532075,4.362582427467394,jv2c4cTmAOhQ_HUfoObVqw,136,0,136,5,138,True,jv2c4cTmAOhQ_HUfoObVqw
2880,2013,7,280,Brussels,50.86520050114443,4.377230662373803,i2PDSMefo56YCAkc5pIJgw,139,0,139,3,141,True,i2PDSMefo56YCAkc5pIJgw
1066,2014,7,48,Brussels,50.84180272609689,4.356496741760228,sd2TD-qzZzFu_ellsZNGyQ,145,0,145,2,147,True,sd2TD-qzZzFu_ellsZNGyQ
337,2020,7,255,Brussels,50.83236890117644,4.331751274530507,Sh9lZ7vVWAceyOxq2ZM9pg,152,0,152,5,155,True,Sh9lZ7vVWAceyOxq2ZM9pg
183,2009,4,241,Brussels,50.83097598383993,4.334176412606592,FSqRfFOFJp7uKiizTaq5FQ,154,0,154,1,157,True,FSqRfFOFJp7uKiizTaq5FQ
534,2009,4,48,Brussels,50.83473857940866,4.373368653613789,mer3pOxztxbW7vrJ0tUOXQ,2,1,157,1,160,True,mer3pOxztxbW7vrJ0tUOXQ
440,2019,3,97,Brussels,50.83398017623981,4.357045094850781,mnoYZZ0UDjaH8NdkLCBUEw,159,0,160,5,164,True,mnoYZZ0UDjaH8NdkLCBUEw
814,2020,7,327,Brussels,50.83902670070495,4.340464321510926,E_bbej8o8Lkab7frPXGxWQ,160,0,161,4,165,True,E_bbej8o8Lkab7frPXGxWQ
210,2017,5,208,Brussels,50.83108312935363,4.361280388304229,5Lbl3-rbJtlGKtHMCrEofw,166,0,167,7,171,True,5Lbl3-rbJtlGKtHMCrEofw
705,2009,3,153,Brussels,50.83799144871674,4.310409053998089,nfYPyEE_oqly4qTKsgMUDw,173,0,174,4,178,True,nfYPyEE_oqly4qTKsgMUDw
1192,2014,9,133,Brussels,50.84406776756453,4.327347284907134,lQKi9Lf82-R8qZ-cgGK-wA,178,0,179,6,183,True,lQKi9Lf82-R8qZ-cgGK-wA
4,2013,6,16,Brussels,50.8284837658414,4.312324266960873,sl5C96ahF41lgdJpGeHqHw,180,0,181,2,185,True,sl5C96ahF41lgdJpGeHqHw
2849,2009,4,54,Brussels,50.86489363415797,4.352067214087431,O7WkPMtg5IcLUz8GdOEMaA,181,0,182,4,186,True,O7WkPMtg5IcLUz8GdOEMaA
998,2020,6,325,Brussels,50.8411581687787,4.370254757842688,vy5MGoeSDzUXoyqR1oij3Q,183,0,184,6,188,True,vy5MGoeSDzUXoyqR1oij3Q
1050,2020,7,89,Brussels,50.84183274797006,4.34396059230652,_AlaRzfmyZa4x3Va4p0ukw,186,0,187,5,191,True,_AlaRzfmyZa4x3Va4p0ukw
2250,2020,7,150,Brussels,50.85690232320127,4.376004629811284,hg1mUzuOWuvbTPJW7fCqvQ,194,0,195,7,199,True,hg1mUzuOWuvbTPJW7fCqvQ
687,2014,7,249,Brussels,50.83698489849451,4.370043167665894,wj0wKzaQM_HSGXySJGx-NA,196,0,197,1,201,True,wj0wKzaQM_HSGXySJGx-NA
2333,2019,4,153,Brussels,50.85834648143351,4.374989873825768,It46rREvFGvq3QGB__nNkg,197,0,198,7,202,True,It46rREvFGvq3QGB__nNkg
2711,2014,7,29,Brussels,50.86331935564001,4.368270068601148,IVlgKyGyMq6rClzJdLI6fA,200,0,201,5,205,True,IVlgKyGyMq6rClzJdLI6fA
1780,2020,6,175,Brussels,50.85072912745525,4.364985689935303,3l8gmRa_jUn94WX1HNX8zg,201,0,202,1,206,True,3l8gmRa_jUn94WX1HNX8zg
2905,2009,3,118,Brussels,50.86594537502882,4.326326060324374,cxjuaWD5x-9nRX2Q-UX7PA,209,0,211,4,217,True,cxjuaWD5x-9nRX2Q-UX7PA
2908,2014,9,71,Brussels,50.8660493091399,4.332202776394579,BiAZYfhPCTrUMtzvhkFU2Q,214,0,216,2,222,True,BiAZYfhPCTrUMtzvhkFU2Q
2751,2020,7,39,Brussels,50.863795891716,4.329454522334014,_ShfR02gpnIiuXJw4kUrEw,203,0,204,14,224,True,_ShfR02gpnIiuXJw4kUrEw
218,2014,7,358,Brussels,50.8310033003583,4.369341867595822,CWTwjp8EggGLcBTCbI_OpQ,218,0,220,4,227,True,CWTwjp8EggGLcBTCbI_OpQ
2942,2013,7,64,Brussels,50.8660615799601,4.365114677161698,fc1eNSMwOVfMk62ujkUxCQ,15,1,221,2,228,True,fc1eNSMwOVfMk62ujkUxCQ
905,2019,10,306,Brussels,50.83991080819176,4.35439709369179,p5CHs9n5kQzqJXgKyfQ7Ug,220,0,223,1,230,True,p5CHs9n5kQzqJXgKyfQ7Ug
1852,2020,11,46,Brussels,50.85215475154028,4.36259320199173,xTmZolFpUraeSItmGAIXCg,221,0,224,11,231,True,xTmZolFpUraeSItmGAIXCg
2600,2009,6,162,Brussels,50.86202137573892,4.327039892206842,UeKiKH9mOonQtr9AI7j0cw,225,0,228,1,235,True,UeKiKH9mOonQtr9AI7j0cw
1163,2020,7,252,Brussels,50.84297956902132,4.381168612767485,GDjHSYGJnqbTX66Pvs1Lbg,140,0,140,9,240,True,GDjHSYGJnqbTX66Pvs1Lbg
60,2019,3,68,Brussels,50.82913431765713,4.367163416444718,UjYYzajMuPWjdPJj9tlhcg,233,0,236,2,245,True,UjYYzajMuPWjdPJj9tlhcg
2214,2013,7,83,Brussels,50.85700221935313,4.341322110258211,VGAIwgPTjhoPEOYX1mDw8Q,234,0,237,3,246,True,VGAIwgPTjhoPEOYX1mDw8Q
2785,2013,7,148,Brussels,50.86402126827252,4.362214396168844,eBV4cca1m50XUtV7vQag7A,236,0,239,4,248,True,eBV4cca1m50XUtV7vQag7A
1815,2009,4,52,Brussels,50.85177923900282,4.330818900718291,3IVI-hmrVeAGsqzOzJ8vgg,243,0,246,4,255,True,3IVI-hmrVeAGsqzOzJ8vgg
1670,2010,10,72,Brussels,50.85017445900023,4.34025899392247,yDOwkOWBf5tqdLCnbukhkA,245,0,248,8,257,True,yDOwkOWBf5tqdLCnbukhkA
2608,2009,4,51,Brussels,50.86190952634593,4.345936106710888,JJNtfKflcJ1lr22TuM8I2Q,247,0,250,1,260,True,JJNtfKflcJ1lr22TuM8I2Q
327,2013,6,298,Brussels,50.83282424192033,4.322229246511724,wAOrJ8VBmXV3H5B1usVmSQ,248,0,251,4,261,True,wAOrJ8VBmXV3H5B1usVmSQ
1099,2014,9,52,Brussels,50.84303692272326,4.314185601507067,yJRa6kmmYZeY0hVn9ffFCg,250,0,253,1,263,True,yJRa6kmmYZeY0hVn9ffFCg
1435,2009,9,341,Brussels,50.84697199722267,4.33999499223882,iuJk258NBTHSMVdYw3s_Vg,258,0,261,5,271,True,iuJk258NBTHSMVdYw3s_Vg
795,2009,8,242,Brussels,50.83899456192245,4.322089671187086,VzzUUfMuY32k9iYEEKMxNQ,171,0,172,9,272,True,VzzUUfMuY32k9iYEEKMxNQ
534,2019,4,220,Brussels,50.8347636135282,4.373449483873673,1tsg0LsJ8vwXuuR9pnYbBw,2,0,2,5,273,True,1tsg0LsJ8vwXuuR9pnYbBw
1577,2020,11,311,Brussels,50.8489955595445,4.323226847373277,NkoLWAab-UTBpcDYzh0PuA,259,0,262,8,274,True,NkoLWAab-UTBpcDYzh0PuA
280,2010,10,163,Brussels,50.83194842587152,4.353142144936199,qSPV0VLIB7Fw2e0gllJRig,262,0,265,5,277,True,qSPV0VLIB7Fw2e0gllJRig
2485,2019,4,156,Brussels,50.86019734749177,4.370274950937935,4XR2TwVfQUTK92wWBBXu8g,271,0,275,6,287,True,4XR2TwVfQUTK92wWBBXu8g
1837,2017,5,325,Brussels,50.85225912526746,4.352318849029875,Y6LOODvEvxnxJNRDeE-JAQ,273,0,277,2,290,True,Y6LOODvEvxnxJNRDeE-JAQ
1433,2009,4,48,Brussels,50.84631037989062,4.336174595503755,itEsOx-0wTEG3clIOmem4w,280,0,284,2,298,True,itEsOx-0wTEG3clIOmem4w
1095,2009,3,227,Brussels,50.84312164450615,4.315120946076584,86copf1i2-CYh5tcoEa4rg,283,0,287,2,301,True,86copf1i2-CYh5tcoEa4rg
2259,2020,11,157,Brussels,50.85680572997089,4.379199980472142,Lu80gwWsLV8KgcIYqxK8Hg,286,0,290,4,304,True,Lu80gwWsLV8KgcIYqxK8Hg
2063,2009,10,14,Brussels,50.85497879041342,4.342459360473369,bj1-9iVsMurMh_Z1VFmpxg,290,0,294,1,309,True,bj1-9iVsMurMh_Z1VFmpxg
2671,2013,7,285,Brussels,50.8630006022554,4.326187722125854,IBVC52Pnu_ey9DNOA3SKrA,293,0,297,2,312,True,IBVC52Pnu_ey9DNOA3SKrA
2601,2019,3,191,Brussels,50.86214963439586,4.339453024680162,uBidUUBkvfq_-cutFTPyFw,298,0,302,2,317,True,uBidUUBkvfq_-cutFTPyFw
2513,2019,5,243,Brussels,50.86060942965727,4.32040643589616,k6zE07AYRO8T0atePjZ_6Q,300,0,304,4,319,True,k6zE07AYRO8T0atePjZ_6Q
457,2014,7,252,Brussels,50.83384902838774,4.373929383360276,Pa5_tcOdMl1eQdVtffrulw,304,0,308,2,324,True,Pa5_tcOdMl1eQdVtffrulw
295,2009,6,29,Brussels,50.83199109616614,4.368558479875662,CmJyRCZY3JSW-vdI78wZnQ,312,0,316,2,332,True,CmJyRCZY3JSW-vdI78wZnQ
807,2009,4,265,Brussels,50.83894324573213,4.334140720698922,qe7Sn0B-FnRmTypV5-4fZQ,315,0,319,2,336,True,qe7Sn0B-FnRmTypV5-4fZQ
2613,2020,7,312,Brussels,50.86194834794648,4.344158695243792,8v6nSsxjRUNcIlCYJDFg2Q,317,0,321,5,338,True,8v6nSsxjRUNcIlCYJDFg2Q
731,2020,7,31,Brussels,50.83794843319506,4.336152215834262,sy-5gAAWYg8MLjcadL8fHQ,320,0,324,5,341,True,sy-5gAAWYg8MLjcadL8fHQ
2809,2013,10,61,Brussels,50.86513171455562,4.3091158953173,gu5Xt2UeVRjKv-ReG4xC9A,323,0,327,4,344,True,gu5Xt2UeVRjKv-ReG4xC9A
119,2019,3,49,Brussels,50.83012285392591,4.348652266020274,pitjNpND3FLd-Maa_d6bfw,329,0,333,3,351,True,pitjNpND3FLd-Maa_d6bfw
1727,2009,3,345,Brussels,50.85043442291927,4.317535899413938,MEJ5gksb6n5YxjTdD-zl2Q,331,0,335,5,353,True,MEJ5gksb6n5YxjTdD-zl2Q
381,2014,7,113,Brussels,50.83326630800584,4.37597304479501,93rIoPPBApa0zd-4MHxWyg,332,0,336,2,354,True,93rIoPPBApa0zd-4MHxWyg
771,2013,7,0,Brussels,50.83774448557654,4.375706991629029,yX8HxcxgAiG4QLxNzT0qhQ,335,0,339,2,357,True,yX8HxcxgAiG4QLxNzT0qhQ
445,2019,4,104,Brussels,50.83398765417558,4.362137960445538,47DtnkAevm_LodG-EXctJA,336,0,340,4,358,True,47DtnkAevm_LodG-EXctJA
2954,2014,7,277,Brussels,50.86587733606605,4.376060359467699,CGH7P4JXbq_8O-xCWQtGDw,337,0,341,5,359,True,CGH7P4JXbq_8O-xCWQtGDw
2265,2020,11,36,Brussels,50.85702721035203,4.384046753393766,89qGN8Ur0n4_i_ovU1DO6g,338,0,342,4,360,True,89qGN8Ur0n4_i_ovU1DO6g
1645,2020,11,114,Brussels,50.85040468132723,4.313618036330154,RXqrz3wfczI_5NAWRgd5UQ,339,0,343,4,361,True,RXqrz3wfczI_5NAWRgd5UQ
451,2017,5,203,Brussels,50.83400706108736,4.368203477215938,BJCv-NCl_zZdslsck5zpOg,127,0,127,8,363,True,BJCv-NCl_zZdslsck5zpOg
2829,2009,8,185,Brussels,50.86497949369843,4.33118782711901,LcYTQ8wU2ugdGPAL2tOi3w,348,0,353,2,372,True,LcYTQ8wU2ugdGPAL2tOi3w
913,2017,5,233,Brussels,50.83983215046309,4.362399744351162,jGKBZnmk9uHaA1u_etDYRA,350,0,355,5,374,True,jGKBZnmk9uHaA1u_etDYRA
1348,2011,3,334,Brussels,50.84570494871524,4.330722478309399,pJYGRo0X7FZCYHy5LJxAXg,351,0,356,6,375,True,pJYGRo0X7FZCYHy5LJxAXg
910,2017,5,24,Brussels,50.84018133607924,4.359967156387831,FusI5gQMWlI6Boj-M1FJOg,104,0,104,5,378,True,FusI5gQMWlI6Boj-M1FJOg
390,2017,6,137,Brussels,50.8339792707466,4.306792469328116,405yMJHZACAdY0U4azIceA,371,0,376,1,400,True,405yMJHZACAdY0U4azIceA
206,2017,5,0,Brussels,50.8313120609859,4.357349230537127,himiC2Wy9gtM8wuGdMkvLQ,373,0,378,2,403,True,himiC2Wy9gtM8wuGdMkvLQ
708,2009,3,10,Brussels,50.83793458795456,4.312017753600992,y7k8croGRvUZFqYR5xBoiQ,374,0,379,2,404,True,y7k8croGRvUZFqYR5xBoiQ
1312,2013,6,334,Brussels,50.84506339326305,4.37122346402656,zPbuHX-3wF2BKreI8_X5HA,376,0,381,9,406,True,zPbuHX-3wF2BKreI8_X5HA
232,2013,10,198,Brussels,50.83095255518536,4.383274248796813,hTvQF544OZQMqQacfkxZYw,377,0,382,5,407,True,hTvQF544OZQMqQacfkxZYw
711,2009,3,58,Brussels,50.83820677566447,4.315464436189578,WJkoR86XDclMqzoHY4BCdw,379,0,384,3,409,True,WJkoR86XDclMqzoHY4BCdw
1350,2017,5,354,Brussels,50.84600950696854,4.331209933622032,3-2-99uhW_bqbcu_K4LCQw,380,0,385,3,410,True,3-2-99uhW_bqbcu_K4LCQw
1445,2014,7,224,Brussels,50.84696206424555,4.348264520569145,qWxOWrAdMoEVlcf3OIeJSA,385,0,390,4,415,True,qWxOWrAdMoEVlcf3OIeJSA
1436,2009,8,314,Brussels,50.84664545889304,4.343678023240306,bEUlOwFKXyJG3KD7DppsHw,386,0,391,2,416,True,bEUlOwFKXyJG3KD7DppsHw
1336,2019,5,358,Brussels,50.84594291011119,4.316114778162131,jG_HHed4F_G__J5Ep0mxKA,138,0,138,5,420,True,jG_HHed4F_G__J5Ep0mxKA
77,2013,7,113,Brussels,50.82907470795119,4.384083067243369,3zpoq-ZEplux3e-WqKpBag,53,1,396,2,422,True,3zpoq-ZEplux3e-WqKpBag
1546,2014,7,82,Brussels,50.84826106568031,4.37117065557953,Geo2pJxU3nR1JvqrOr8fUg,392,0,398,1,424,True,Geo2pJxU3nR1JvqrOr8fUg
682,2020,7,217,Brussels,50.83697737037549,4.365253449041776,CoS0H-6h6WYwpUlVJ74Vqw,396,0,402,8,429,True,CoS0H-6h6WYwpUlVJ74Vqw
2888,2009,3,274,Brussels,50.86593743046987,4.310223228126577,xuncNavSBbLJ_U2-5F2JiQ,398,0,404,4,431,True,xuncNavSBbLJ_U2-5F2JiQ
1944,2017,5,118,Brussels,50.85288584468462,4.377234518190138,hKp5k5Vdapy42e83BEfZLQ,403,0,409,2,439,True,hKp5k5Vdapy42e83BEfZLQ
1919,2020,7,321,Brussels,50.85301572103482,4.349246462881656,qwfdMbwq3apwQYd8elWYjA,405,0,411,5,441,True,qwfdMbwq3apwQYd8elWYjA
786,2019,5,159,Brussels,50.83880868540257,4.31336869045602,r6QOTqcB-eR1OCCYJmvAvA,410,0,416,4,447,True,r6QOTqcB-eR1OCCYJmvAvA
2188,2013,10,244,Brussels,50.85701196942939,4.314209879031524,6KndX0JCy6efmF3LGhfBlw,415,0,421,4,453,True,6KndX0JCy6efmF3LGhfBlw
1173,2009,3,307,Brussels,50.84387239756423,4.309173471183359,Z2b-yW1O5VzDYw5RN4CrxA,423,0,429,7,462,True,Z2b-yW1O5VzDYw5RN4CrxA
702,2014,9,95,Brussels,50.83799251948709,4.307080752010598,tWaehGu9p-gUVsUCg4I0tg,424,0,430,4,463,True,tWaehGu9p-gUVsUCg4I0tg
2268,2019,5,81,Brussels,50.85761733631183,4.31313506827034,pFR794vPIJtSggkCUz8PJg,425,0,431,4,464,True,pFR794vPIJtSggkCUz8PJg
1961,2014,9,171,Brussels,50.85401415442163,4.318162944250028,GF4uByhOKEi841QA7Z6W0Q,426,0,432,4,465,True,GF4uByhOKEi841QA7Z6W0Q
976,2013,7,269,Brussels,50.84101290039197,4.347180205930232,HtDp5LBbOjRddQEuxhUX2w,434,0,440,1,473,True,HtDp5LBbOjRddQEuxhUX2w
1113,2009,3,177,Brussels,50.84427139063084,4.326438710920361,C2a70R_9CtQtbDcJAZddWw,19,1,445,7,478,True,C2a70R_9CtQtbDcJAZddWw
957,2009,4,294,Brussels,50.84102385513086,4.328207760166329,h_YxvbfYsPvLIaybZ1RhYw,60,1,453,2,486,True,h_YxvbfYsPvLIaybZ1RhYw
2783,2009,6,145,Brussels,50.86375833472222,4.358030504644525,sawt72F11chi6Ldd6JRKHA,452,0,463,2,497,True,sawt72F11chi6Ldd6JRKHA
2094,2020,7,77,Brussels,50.85500438268079,4.379176621449077,ke_flW2emGNt6eBbjgDc6Q,459,0,470,2,505,True,ke_flW2emGNt6eBbjgDc6Q
728,2014,7,33,Brussels,50.83802042411042,4.333011464246488,K8V9whLYmpuat0VmlvrA4g,461,0,472,2,507,True,K8V9whLYmpuat0VmlvrA4g
2277,2017,5,100,Brussels,50.85784693777054,4.324904929936152,GO92lJCnFyu-yxuJt1dEfg,462,0,473,3,508,True,GO92lJCnFyu-yxuJt1dEfg
63,2019,9,227,Brussels,50.82905853147575,4.370359258259072,ko6zZM9LUKxfTit7wEV2Tg,464,0,475,6,510,True,ko6zZM9LUKxfTit7wEV2Tg
324,2019,5,1,Brussels,50.83285967682927,4.318952231382575,tyusqNuwHxwkC4x8vUqGzw,468,0,479,2,515,True,tyusqNuwHxwkC4x8vUqGzw
1202,2020,7,282,Brussels,50.84398318170033,4.339478602974655,FTP3LZQ0bumwzJlioGbCIg,279,0,283,8,517,True,FTP3LZQ0bumwzJlioGbCIg
869,2020,7,200,Brussels,50.83967923704699,4.319136445466154,RJkoiYwUoFwGPuCrLcPmLg,470,0,481,5,518,True,RJkoiYwUoFwGPuCrLcPmLg
1622,2014,7,110,Brussels,50.84940479814847,4.370951695211477,KkMqlN75B62gUq8smLAqQw,473,0,484,8,521,True,KkMqlN75B62gUq8smLAqQw
159,2019,5,226,Brussels,50.83067824367583,4.310239392855893,Te-FgvRszl_-gAN-rKeDXQ,486,0,497,3,539,True,Te-FgvRszl_-gAN-rKeDXQ
367,2013,7,149,Brussels,50.8328922313418,4.362330041526934,D_deZZ-1A4LCECi_Q6RfMQ,491,0,502,5,544,True,D_deZZ-1A4LCECi_Q6RfMQ
1893,2019,4,125,Brussels,50.85290180772484,4.324580118007233,esndT5uqse1hW9DSncxT2g,493,0,504,4,546,True,esndT5uqse1hW9DSncxT2g
1259,2009,8,91,Brussels,50.84495173684476,4.318235512690672,q9peCFZA5shqI4xS_DUBZQ,294,0,298,5,549,True,q9peCFZA5shqI4xS_DUBZQ
787,2019,5,220,Brussels,50.83895585706236,4.314239866730528,ldiblZtAhSq3PIsPQ4Ejtw,496,0,507,5,551,True,ldiblZtAhSq3PIsPQ4Ejtw
353,2020,7,309,Brussels,50.83312617697853,4.347229257584343,DQtfLJsNymsiATnGxOdYfA,497,0,508,6,552,True,DQtfLJsNymsiATnGxOdYfA
205,2020,7,189,Brussels,50.83092853788128,4.356303685783983,Ibh18lpcbVFOv8Js9mw5XQ,192,0,193,5,553,True,Ibh18lpcbVFOv8Js9mw5XQ
1200,2020,7,317,Brussels,50.84383679886339,4.335215042314394,IYdfcWM1Rr8ZoDcfXZn5KA,499,0,510,3,555,True,IYdfcWM1Rr8ZoDcfXZn5KA
2748,2009,3,191,Brussels,50.86389997633229,4.324089256809041,EtCfs0OxoQzdsqF1fw527w,501,0,512,5,557,True,EtCfs0OxoQzdsqF1fw527w
2828,2020,7,148,Brussels,50.86473822025827,4.33028687045354,Hk2HPCUYw8TMxfhpALfwvQ,504,0,515,5,560,True,Hk2HPCUYw8TMxfhpALfwvQ
1081,2009,4,244,Brussels,50.84185133883665,4.378699190862383,zlmbp1xWDPzbjbu-V9pVtw,511,0,522,4,570,True,zlmbp1xWDPzbjbu-V9pVtw
720,2010,10,136,Brussels,50.83789491077962,4.325349398004292,XwgLyWTRfmSbG_GZdznrLA,512,0,523,4,571,True,XwgLyWTRfmSbG_GZdznrLA
2566,2020,6,276,Brussels,50.86095366031133,4.374232988594836,UthRSfGcAOpF0q8kpuesCA,513,0,524,6,572,True,UthRSfGcAOpF0q8kpuesCA
2672,2019,4,25,Brussels,50.86303811005259,4.328277096877236,se8TsNbq5q6MInnlGpa_uw,277,1,525,1,573,True,se8TsNbq5q6MInnlGpa_uw
1635,2019,5,162,Brussels,50.8490109779634,4.383505459592355,TXZyeZB8bD82YizFpOt6Ag,521,0,533,2,581,True,TXZyeZB8bD82YizFpOt6Ag
2363,2013,7,42,Brussels,50.85894562718887,4.32918582921065,f_mkp8xd_xN740vf2hHXIw,523,0,535,5,583,True,f_mkp8xd_xN740vf2hHXIw
542,2017,5,156,Brussels,50.83530756487124,4.381474904948553,F-iXq71BDAgXNi7P8VZZfQ,524,0,536,6,584,True,F-iXq71BDAgXNi7P8VZZfQ
1369,2020,7,269,Brussels,50.84590476489655,4.349505625494612,LTN3djKBfgaiX2JbfK7-6Q,526,0,538,2,586,True,LTN3djKBfgaiX2JbfK7-6Q
2464,2020,7,62,Brussels,50.86013096098405,4.354236205257728,czB7uQ9b1OyxobkdDmJpfg,532,0,546,1,594,True,czB7uQ9b1OyxobkdDmJpfg
746,2020,7,70,Brussels,50.83792009542406,4.351172642432768,CAesj76jf3UAfmsGA8Mfhw,535,0,549,5,597,True,CAesj76jf3UAfmsGA8Mfhw
2311,2009,4,99,Brussels,50.85799531384541,4.352160364518286,LaPZU24zWBq2spnuogqZYQ,538,0,552,4,602,True,LaPZU24zWBq2spnuogqZYQ
2107,2014,9,154,Brussels,50.85594238887941,4.312179795010508,jNIRcVhRwvXenpqfvYM4Bg,539,0,553,2,603,True,jNIRcVhRwvXenpqfvYM4Bg
1921,2013,7,329,Brussels,50.85306676396824,4.358065179352304,IO4Ku3Mr-hkFk9Id93aNYA,540,0,554,2,605,True,IO4Ku3Mr-hkFk9Id93aNYA
1335,2017,6,154,Brussels,50.84527297789989,4.322151106887865,H1ttpOmhIenMUL3KigoQbg,543,0,557,4,608,True,H1ttpOmhIenMUL3KigoQbg
460,2009,9,272,Brussels,50.83390275228668,4.377296206695344,_XcTkvWDbIbKMnTW0G21IQ,544,0,558,2,609,True,_XcTkvWDbIbKMnTW0G21IQ
2778,2014,7,262,Brussels,50.86411668453039,4.351828749973659,pnSKs-a0JBFKW4i5w0JaEw,551,0,565,1,616,True,pnSKs-a0JBFKW4i5w0JaEw
2700,2019,3,21,Brussels,50.86296840570638,4.351075638957303,Yc3KHokeFgjmIH2tk9M9fw,554,0,568,2,619,True,Yc3KHokeFgjmIH2tk9M9fw
1958,2019,5,26,Brussels,50.85381388432283,4.311386356476051,w4svdSPM30hdClK7joRvPA,556,0,571,2,622,True,w4svdSPM30hdClK7joRvPA
1940,2014,7,240,Brussels,50.85310380616654,4.369273345229624,SRJieALlGyooGI9ZUrGMig,232,0,235,6,624,True,SRJieALlGyooGI9ZUrGMig
2632,2020,7,209,Brussels,50.86199685586949,4.366011938078057,4TzvnWk8IKbYVvqGgWZYtQ,558,0,573,3,627,True,4TzvnWk8IKbYVvqGgWZYtQ
1179,2013,6,302,Brussels,50.84391496801939,4.314114765009697,Og4RiVMHtZNqdGKBYeiJyA,563,0,578,6,633,True,Og4RiVMHtZNqdGKBYeiJyA
563,2010,10,162,Brussels,50.83591929388155,4.324126791050273,zFEX8xGKqCt5u0yiseUTUQ,566,0,581,5,636,True,zFEX8xGKqCt5u0yiseUTUQ
2588,2019,5,65,Brussels,50.86199505481149,4.322175792544165,bS3NO7nWPmDUk6HkMkJhaQ,571,0,586,6,641,True,bS3NO7nWPmDUk6HkMkJhaQ
2548,2013,7,272,Brussels,50.86104548376006,4.362821569891458,LGKw2jAAj2dxqoSbkUwLYw,572,0,587,4,642,True,LGKw2jAAj2dxqoSbkUwLYw
562,2019,5,53,Brussels,50.83622349387733,4.323260363858908,eao74SAQv03-bysvl8Fd5w,573,0,588,5,643,True,eao74SAQv03-bysvl8Fd5w
1451,2009,4,263,Brussels,50.84682921224309,4.350996778060009,phlxc0-jA6s6ZJ7MMFdkbw,581,0,596,2,655,True,phlxc0-jA6s6ZJ7MMFdkbw
2106,2014,9,349,Brussels,50.85584839463911,4.307374701635117,zX8i-l-Vvkc-hjmZ_Es3Ww,586,0,601,7,661,True,zX8i-l-Vvkc-hjmZ_Es3Ww
733,2009,6,162,Brussels,50.83800309173625,4.338126447667266,4pCeGEH_2ebjoQffpC-vtQ,588,0,603,2,664,True,4pCeGEH_2ebjoQffpC-vtQ
1967,2014,9,262,Brussels,50.85376569867667,4.325023495751408,pYAMSDdE5OTrGNX9B4rwmQ,594,0,609,2,670,True,pYAMSDdE5OTrGNX9B4rwmQ
1391,2020,11,105,Brussels,50.84565988812414,4.372999051856956,1ECkJ3aVKMhczrckORhtwA,597,0,612,4,674,True,1ECkJ3aVKMhczrckORhtwA
2177,2014,7,114,Brussels,50.85634796943216,4.381340885757303,uMf7bEDhCG4hql5ORsVD5w,598,0,613,4,675,True,uMf7bEDhCG4hql5ORsVD5w
1676,2009,4,326,Brussels,50.84982268031811,4.349291978960288,jt2P5w6ANdvZouzKZJwTSA,39,0,39,8,680,True,jt2P5w6ANdvZouzKZJwTSA
2720,2014,7,240,Brussels,50.86292269221438,4.374340781890122,oJk7BElxin866HF4xdCE0Q,602,0,617,7,682,True,oJk7BElxin866HF4xdCE0Q
656,2020,6,176,Brussels,50.83690269940544,4.339373887167024,UxBYvMbHM9noflnXL0lAGg,603,0,618,9,683,True,UxBYvMbHM9noflnXL0lAGg
1204,2020,7,229,Brussels,50.8439440477832,4.340153616522096,qfkjTkWb9ydZ0XSrzag9Jg,609,0,624,5,691,True,qfkjTkWb9ydZ0XSrzag9Jg
443,2009,9,97,Brussels,50.83396707303243,4.360211529314556,fCZwBcTQq8VidV8sBE1S8Q,612,0,627,7,694,True,fCZwBcTQq8VidV8sBE1S8Q
1082,2020,7,130,Brussels,50.84193013896644,4.374739144402679,E-2bBF8nf_KSCKnQWxC0jw,490,0,501,9,695,True,E-2bBF8nf_KSCKnQWxC0jw
2243,2009,4,201,Brussels,50.85666673158588,4.365035114288093,8n_YefqpdSWDQP2FFjnFfA,617,0,632,6,700,True,8n_YefqpdSWDQP2FFjnFfA
2158,2020,11,267,Brussels,50.85609564478361,4.355344576640283,uSRb1Ob6oyQ2OWqaqEcGCw,622,0,637,1,705,True,uSRb1Ob6oyQ2OWqaqEcGCw
2624,2019,3,146,Brussels,50.86217396864945,4.353933911279435,9Xc3ES-VHBZCQc4NWKkSwA,411,0,417,5,706,True,9Xc3ES-VHBZCQc4NWKkSwA
178,2009,4,258,Brussels,50.83019780160583,4.330799309148953,XD5i_u1Y3T12T9PrqcxVqQ,115,0,115,6,707,True,XD5i_u1Y3T12T9PrqcxVqQ
151,2013,7,145,Brussels,50.83013576230709,4.38005187642562,_KOPsJfiF9XyfZ3FzU_iWw,623,0,638,7,708,True,_KOPsJfiF9XyfZ3FzU_iWw
2865,2009,6,140,Brussels,50.86505548457929,4.362692454401714,vh1rESmLvrb39szw7qW7LA,626,0,641,2,711,True,vh1rESmLvrb39szw7qW7LA
1838,2018,5,58,Brussels,50.85202638296575,4.350996690296558,iwoAfa9-0sdBHkJihT6oXQ,627,0,642,1,712,True,iwoAfa9-0sdBHkJihT6oXQ
2442,2014,7,72,Brussels,50.85996847115467,4.335033273462891,nzP7JoIU3k-Pt_E-zE6YbA,628,0,643,6,713,True,nzP7JoIU3k-Pt_E-zE6YbA
2196,2009,3,135,Brussels,50.85692736332685,4.322429441253595,dEwwFzN-xNFe-KhWYVianQ,437,0,444,5,715,True,dEwwFzN-xNFe-KhWYVianQ
1362,2019,9,356,Brussels,50.84623371260043,4.345575601848791,s4eBHXzo-8fS0TDYSzmFSw,630,0,645,9,718,True,s4eBHXzo-8fS0TDYSzmFSw
898,2020,7,71,Brussels,50.84020086740354,4.347452279880158,En_31Cw8JkG0dNI5hztrzw,632,0,647,6,722,True,En_31Cw8JkG0dNI5hztrzw
2140,2013,7,320,Brussels,50.85601772962745,4.341216724992415,HP-EWLmffGGoTxqdnTZalw,633,0,649,4,724,True,HP-EWLmffGGoTxqdnTZalw
1235,2014,7,272,Brussels,50.84399735937775,4.372185879891266,v-0Vieq3R5uUzp8yFo8c_g,635,0,651,5,726,True,v-0Vieq3R5uUzp8yFo8c_g
102,2009,8,157,Brussels,50.83014960444117,4.33092729962408,2TaEeQ8JQ944y0oJJpV42w,115,1,659,4,738,True,2TaEeQ8JQ944y0oJJpV42w
876,2009,3,55,Brussels,50.8399065028574,4.325230181509077,zL1aG8F0S6I3fVdgPHA5YQ,363,0,368,6,739,True,zL1aG8F0S6I3fVdgPHA5YQ
2224,2013,7,1,Brussels,50.85703824262696,4.345148352322775,fYE4caL6nphod4a1U5gBVw,644,0,661,1,741,True,fYE4caL6nphod4a1U5gBVw
2040,2019,5,72,Brussels,50.85468523288165,4.314472569378192,-mk4nPdQxmkyzVZA87lJhw,647,0,664,3,745,True,-mk4nPdQxmkyzVZA87lJhw
99,2009,9,182,Brussels,50.82931183689502,4.329645902790599,qv7YwQKor65RYL6Wbu_8hw,649,0,666,12,747,True,qv7YwQKor65RYL6Wbu_8hw
2281,2009,10,45,Brussels,50.85787538971442,4.327057989819584,HmbsMHB72bqUn-y684eTQw,652,0,669,5,750,True,HmbsMHB72bqUn-y684eTQw
2179,2020,11,259,Brussels,50.85652656687378,4.380462982258255,LUTaXvslulaFzkPZ71VmEQ,653,0,670,2,751,True,LUTaXvslulaFzkPZ71VmEQ
562,2009,9,225,Brussels,50.83626027170847,4.323241411316586,zctATzRIaR_m7OrHqGx0Ig,573,1,671,2,752,True,zctATzRIaR_m7OrHqGx0Ig
1271,2013,6,289,Brussels,50.84546910175713,4.331944510290938,3KPdMOPZ5NbVX2PmMfoIJw,654,0,672,2,753,True,3KPdMOPZ5NbVX2PmMfoIJw
1724,2020,11,26,Brussels,50.85100513678564,4.316725199509844,Brpr4ImTv8_hj2y4v2t0lg,549,1,673,6,754,True,Brpr4ImTv8_hj2y4v2t0lg
1191,2011,3,22,Brussels,50.84430907230887,4.32624869161444,w-dK2__IhQ2FO4a4U1MZiw,19,0,19,4,756,True,w-dK2__IhQ2FO4a4U1MZiw
666,2014,7,134,Brussels,50.83676387784922,4.349485107087983,pLYjGKcy7DzpSFHIQNswTA,655,0,674,2,757,True,pLYjGKcy7DzpSFHIQNswTA
1552,2018,10,112,Brussels,50.84793209083757,4.37545292944505,tX-C7ULOWl7ZbQGSQsUJ_g,10,1,544,5,762,True,tX-C7ULOWl7ZbQGSQsUJ_g
2437,2009,6,174,Brussels,50.86013389646953,4.328237697665027,VxK_mFTWtWSQLTml81McqA,658,0,678,1,764,True,VxK_mFTWtWSQLTml81McqA
397,2009,8,269,Brussels,50.8338667847426,4.314176324820159,CVRulgp7HUEOin9o80CJKA,354,0,359,5,765,True,CVRulgp7HUEOin9o80CJKA
311,2009,4,136,Brussels,50.83191852503923,4.384428709719827,7LFxfav_lqz8w8fwvE19Jg,662,0,682,5,770,True,7LFxfav_lqz8w8fwvE19Jg
1474,2014,7,104,Brussels,50.84677723880301,4.377163294753569,Q0yWi5LnlPioF5fb2j3Mig,663,0,683,3,771,True,Q0yWi5LnlPioF5fb2j3Mig
2957,2009,4,89,Brussels,50.86590802138556,4.380762773705883,6dgjXdcWbhZQARPddiSDWg,667,0,687,5,775,True,6dgjXdcWbhZQARPddiSDWg
74,2019,4,191,Brussels,50.82925024548334,4.381659932141616,KYyLYYsRIXJIkWRRPv__Yg,668,0,688,1,777,True,KYyLYYsRIXJIkWRRPv__Yg
712,2020,7,246,Brussels,50.83785069359153,4.317691337784882,BWqHPHuHhZZG3jSdWUQRwA,669,0,689,7,778,True,BWqHPHuHhZZG3jSdWUQRwA
2508,2013,7,153,Brussels,50.86138547828831,4.324045469239586,hBeRTxVr4kZplXv64AuXhA,673,0,693,4,784,True,hBeRTxVr4kZplXv64AuXhA
2911,2010,10,39,Brussels,50.86591481799292,4.334416088623946,7kPpMAtemvm6Jg-yBk78nQ,675,0,695,6,786,True,7kPpMAtemvm6Jg-yBk78nQ
1278,2017,6,320,Brussels,50.84508106669636,4.335498767114657,ok4ocgu60hVdqOjj77JzgA,676,0,696,4,789,True,ok4ocgu60hVdqOjj77JzgA
1353,2009,4,125,Brussels,50.84570926996712,4.331595934210567,ASZr-ShYnHGB-opZyFlSDA,680,0,700,3,795,True,ASZr-ShYnHGB-opZyFlSDA
1198,2017,6,27,Brussels,50.84405873018693,4.336077265083122,-xtn-hapbDrn1MTtQdoY_A,682,0,702,3,797,True,-xtn-hapbDrn1MTtQdoY_A
2843,2013,6,39,Brussels,50.86500000292888,4.340230474199969,uGgPEIRNQjsvDLe4W67yAg,679,0,699,4,800,True,uGgPEIRNQjsvDLe4W67yAg
2854,2009,6,275,Brussels,50.86499089187366,4.35793707735577,wPMUNfk5hGNjCDbm8nEDkg,689,0,709,2,807,True,wPMUNfk5hGNjCDbm8nEDkg
2290,2009,6,122,Brussels,50.85818412856115,4.33607699114946,W4e17zaa5Ly0k21HtDxEfQ,694,0,714,2,814,True,W4e17zaa5Ly0k21HtDxEfQ
2414,2009,9,48,Brussels,50.85960511358511,4.308829355497205,Xo-pOgYSjFpmrcls32MC7A,529,1,715,6,815,True,Xo-pOgYSjFpmrcls32MC7A
843,2013,7,191,Brussels,50.8387249105104,4.370405809702346,6SITfL6nwGxcdXJhJvJtdg,13,0,13,7,816,True,6SITfL6nwGxcdXJhJvJtdg
1410,2017,5,314,Brussels,50.84678896344379,4.314833775237611,e3MUY2nQkRdGBg6bcVurlw,701,0,722,4,823,True,e3MUY2nQkRdGBg6bcVurlw
1414,2009,3,354,Brussels,50.84749050759262,4.319492137339491,o3xmpYxv2XmiDjeZmDk0RA,239,1,723,1,825,True,o3xmpYxv2XmiDjeZmDk0RA
2041,2019,5,190,Brussels,50.85509711713232,4.323622866490267,Jm4zC0_ritxygFy_3Lw7_g,702,0,724,4,827,True,Jm4zC0_ritxygFy_3Lw7_g
696,2009,4,18,Brussels,50.83681731242883,4.379827775239126,T-cyVI6o2W6KCl2kVsxCsw,703,0,725,3,828,True,T-cyVI6o2W6KCl2kVsxCsw
1893,2013,10,314,Brussels,50.85290620618188,4.324539009524416,QsHAkcX1h_9Qq-aaQ7fr7A,493,1,727,2,831,True,QsHAkcX1h_9Qq-aaQ7fr7A
2504,2013,10,25,Brussels,50.86099380447392,4.317221901583387,EwjWxBgeDpl7_RbhtVJKsQ,514,1,728,1,832,True,EwjWxBgeDpl7_RbhtVJKsQ
2456,2020,7,340,Brussels,50.86027605240606,4.349377139756456,cc576xJyh-s1LweeMJjp1g,620,0,635,4,833,True,cc576xJyh-s1LweeMJjp1g
2154,2020,6,299,Brussels,50.85568510035194,4.356982651783617,hMmXd11Dt-QEqP0TRATpsg,705,0,729,5,834,True,hMmXd11Dt-QEqP0TRATpsg
516,2020,7,258,Brussels,50.83519342603645,4.355650088794038,yX9du460y6itKuiqbhOw6w,706,0,730,8,835,True,yX9du460y6itKuiqbhOw6w
1167,2009,4,159,Brussels,50.84306637975792,4.376280234175014,rOurQ-UnhOwby44wDyMk1Q,708,0,733,8,838,True,rOurQ-UnhOwby44wDyMk1Q
1032,2017,6,238,Brussels,50.84270486918618,4.322789244392123,bKlrKfIv9_xuAqppUtvV2Q,713,0,738,2,843,True,bKlrKfIv9_xuAqppUtvV2Q
1404,2009,4,37,Brussels,50.84599602208696,4.382461035846121,CM8_oVq-6stEcHo8i3XCMA,223,0,226,8,846,True,CM8_oVq-6stEcHo8i3XCMA
1645,2017,6,299,Brussels,50.85039911135636,4.313657065494015,SNNbFZyuOxPx4RUvbGgQ1w,339,1,742,2,849,True,SNNbFZyuOxPx4RUvbGgQ1w
2015,2013,7,69,Brussels,50.85402204824333,4.37497422100359,o5L2EGSDqpvZJ28_rBS0mQ,717,0,743,1,850,True,o5L2EGSDqpvZJ28_rBS0mQ
2880,2014,7,260,Brussels,50.86519829434889,4.377239771047654,2L2AjA0LT-a-Do_RSuCjRg,139,1,745,1,853,True,2L2AjA0LT-a-Do_RSuCjRg
1172,2020,6,74,Brussels,50.84298873080373,4.383997889631003,BefYw8-R_VH_BwaoN9cYdA,719,0,746,3,854,True,BefYw8-R_VH_BwaoN9cYdA
1539,2017,5,200,Brussels,50.847966086162,4.364197119314054,EHFYbCDVU9gxSrJkg_5Wgw,720,0,747,1,855,True,EHFYbCDVU9gxSrJkg_5Wgw
2137,2009,10,57,Brussels,50.85593194573003,4.339392885800081,nRMMPiyuesp0KwMqwUuhDQ,722,0,749,2,858,True,nRMMPiyuesp0KwMqwUuhDQ
264,2019,3,96,Brussels,50.83191017121222,4.337294087106155,Ha5-UC-BRZbu8z3fBzzmVg,724,0,751,1,861,True,Ha5-UC-BRZbu8z3fBzzmVg
2411,2013,7,16,Brussels,50.85888647195456,4.377169227574895,ZCao3mbAL4QjpY28RUELPw,726,0,753,1,863,True,ZCao3mbAL4QjpY28RUELPw
1522,2013,7,80,Brussels,50.84794057002372,4.346184341413148,lRqiqW0bD-EU2qjTmforlQ,728,0,755,5,867,True,lRqiqW0bD-EU2qjTmforlQ
2308,2013,7,109,Brussels,50.85788763024856,4.356992359313706,fl3BSBJxA0FZodD40vT5wg,734,0,762,4,874,True,fl3BSBJxA0FZodD40vT5wg
2899,2013,6,258,Brussels,50.86600758586586,4.319340135816786,d8SPelOR2oryLuRPbuNaFw,193,0,194,6,877,True,d8SPelOR2oryLuRPbuNaFw
450,2013,7,173,Brussels,50.8341207943564,4.36698689730673,C2nYsjQESIbpBRK3eP4W1g,737,0,765,8,879,True,C2nYsjQESIbpBRK3eP4W1g
1720,2009,3,188,Brussels,50.85110667162969,4.309142918053753,Q4Z7zyd8ZMGrPK3mcBSKVw,739,0,767,4,883,True,Q4Z7zyd8ZMGrPK3mcBSKVw
736,2011,3,296,Brussels,50.8380948798775,4.341044036355424,RMJF9kSPPNCxFWBztZkvCA,742,0,770,5,887,True,RMJF9kSPPNCxFWBztZkvCA
921,2013,7,197,Brussels,50.84003271023007,4.370124209649247,YyQy9PaWNU5fNyyZ7yxC4A,750,0,779,1,900,True,YyQy9PaWNU5fNyyZ7yxC4A
82,2019,5,21,Brussels,50.83028475112317,4.31055983385099,ttLfFbEwUGaLCWQ-Vn06Yw,752,0,782,2,903,True,ttLfFbEwUGaLCWQ-Vn06Yw
1196,2019,5,249,Brussels,50.84391628322865,4.334162986794047,bCVSVK8ChoaMNbQ5XtwivA,407,0,413,4,906,True,bCVSVK8ChoaMNbQ5XtwivA
844,2014,10,17,Brussels,50.83906853843031,4.370784623126072,wI8cyoGkuT8m0oaFIz2-pw,542,0,556,7,916,True,wI8cyoGkuT8m0oaFIz2-pw
415,2019,3,73,Brussels,50.8341169176521,4.331921754448716,UbjVoOz8yo0Dt1KD8qDs3g,763,0,793,2,920,True,UbjVoOz8yo0Dt1KD8qDs3g
379,2014,7,207,Brussels,50.83309786480311,4.374192379001921,CpL4xU5DqU2nuLbHNnqsiQ,767,0,797,4,926,True,CpL4xU5DqU2nuLbHNnqsiQ
201,2019,3,333,Brussels,50.83128208893911,4.352300809625813,5UTzam0vetpDFQ5j5DkfUw,768,0,798,4,928,True,5UTzam0vetpDFQ5j5DkfUw
2236,2020,7,351,Brussels,50.85716830939015,4.3609186014566,LK8lYy3VASq1XQYOOalfCw,770,0,800,1,930,True,LK8lYy3VASq1XQYOOalfCw
1493,2014,9,295,Brussels,50.84795881727612,4.314200253143592,tOVvLT-tvYkzxYacOgLnsA,775,0,806,4,941,True,tOVvLT-tvYkzxYacOgLnsA
1359,2009,4,267,Brussels,50.8460004588492,4.335179682670781,0G4vk4Fkryoe7jOSLJtFBA,782,0,813,1,949,True,0G4vk4Fkryoe7jOSLJtFBA
2258,2013,7,223,Brussels,50.85701319965197,4.378211757029707,SsBg2hVm9B9IexHtw0TJpg,784,0,815,2,951,True,SsBg2hVm9B9IexHtw0TJpg
784,2019,5,199,Brussels,50.83893005220334,4.311224929639871,Rxvmhf5uQ9LRtv72sqedXA,786,0,817,6,955,True,Rxvmhf5uQ9LRtv72sqedXA
2155,2020,7,209,Brussels,50.85579371904975,4.360104057412376,yVz8DIZSeedFEItabrDbbg,789,0,820,5,958,True,yVz8DIZSeedFEItabrDbbg
56,2009,6,33,Brussels,50.82905587870423,4.363149299424694,Lk8KvwMAH0gAVccfMk8AQg,794,0,825,5,963,True,Lk8KvwMAH0gAVccfMk8AQg
1477,2013,7,162,Brussels,50.84736300718834,4.379753343532458,kLwXDcu0wRjXoCkQau7SOg,353,0,358,10,968,True,kLwXDcu0wRjXoCkQau7SOg
1586,2009,4,48,Brussels,50.84864740300792,4.330697075256175,mMbCDzY2qqPpleFyXKliYQ,800,0,831,1,970,True,mMbCDzY2qqPpleFyXKliYQ
2357,2013,7,55,Brussels,50.85913765703936,4.323789154927463,eE2_FpqPGF3WlSGtFNNZ-Q,751,0,781,7,973,True,eE2_FpqPGF3WlSGtFNNZ-Q
1539,2014,7,29,Brussels,50.84798403985663,4.364215587632507,Dre8jaruyF1ZDDaRe1yCYA,720,1,834,4,974,True,Dre8jaruyF1ZDDaRe1yCYA
1160,2013,7,64,Brussels,50.84303502647566,4.370239286405866,7b-gEjNUllU7nHKUZJmygw,803,0,835,1,977,True,7b-gEjNUllU7nHKUZJmygw
2759,2019,5,46,Brussels,50.86400117115218,4.334235157868005,iulxiHIXiDJEdVaaYhqHgQ,805,0,837,5,979,True,iulxiHIXiDJEdVaaYhqHgQ
426,2020,7,36,Brussels,50.83388747310331,4.342978936073147,4MqTvtp51Gsh66unBt4Viw,806,0,838,8,980,True,4MqTvtp51Gsh66unBt4Viw
76,2019,4,272,Brussels,50.82917661272869,4.383171536775737,_McF2Y_czcTLB246xyZI8Q,807,0,839,3,981,True,_McF2Y_czcTLB246xyZI8Q
629,2013,6,184,Brussels,50.83703369622935,4.312398652542332,7gdY-jye6k4Ca7ePxIcBjQ,816,0,848,4,991,True,7gdY-jye6k4Ca7ePxIcBjQ
2774,2020,7,42,Brussels,50.86398113834877,4.357373292311163,uyLGuVFsKKxOtXg-1BJmwg,33,1,850,3,995,True,uyLGuVFsKKxOtXg-1BJmwg
1222,2020,6,251,Brussels,50.84408455119692,4.359011027136154,22tbYO8K0TD67djiP1ZDHA,819,0,852,3,1000,True,22tbYO8K0TD67djiP1ZDHA
2073,2020,7,296,Brussels,50.85497615628849,4.352258527471437,Ae2S62fX1V0CryUhAUm8FA,716,1,853,2,1001,True,Ae2S62fX1V0CryUhAUm8FA
2536,2009,4,261,Brussels,50.86107319061671,4.345410233543425,7pAsNyq94f2n-ilzbDEsbg,825,0,861,1,1013,True,7pAsNyq94f2n-ilzbDEsbg
284,2020,7,320,Brussels,50.83206685297039,4.356658759287562,GJhs3Wf420QL6ooWoDGPuA,61,1,866,5,1020,True,GJhs3Wf420QL6ooWoDGPuA
552,2014,9,244,Brussels,50.83591287009826,4.313159084155056,VAR4GFnDw_63l2B0md5iwA,830,0,867,2,1021,True,VAR4GFnDw_63l2B0md5iwA
2781,2020,7,327,Brussels,50.8638120562666,4.364089930900407,lrtQwovFp8vJFfKX0_a5PA,835,0,873,5,1030,True,lrtQwovFp8vJFfKX0_a5PA
1819,2009,8,249,Brussels,50.85202000305753,4.332212837161164,SiQ3mwb1GHzqqM4w2oiy2w,840,0,878,3,1035,True,SiQ3mwb1GHzqqM4w2oiy2w
2866,2009,6,227,Brussels,50.86557247900326,4.360278276115834,7aejE8wCnOlyYAy08I0s9g,842,0,880,5,1040,True,7aejE8wCnOlyYAy08I0s9g
2938,2014,7,9,Brussels,50.86602176276006,4.357155724978004,Fkq3RxFtiIOdPbfsU0YFVg,843,0,881,3,1041,True,Fkq3RxFtiIOdPbfsU0YFVg
1559,2019,5,162,Brussels,50.84795497690208,4.379032608810232,TU2Q4CduxlAVk007PxZOjQ,619,0,634,5,1043,True,TU2Q4CduxlAVk007PxZOjQ
2089,2019,3,174,Brussels,50.85507078339988,4.366066885595617,95JBA6FG1AuiVCiaWAZ7iA,847,0,885,5,1047,True,95JBA6FG1AuiVCiaWAZ7iA
2339,2013,7,29,Brussels,50.85810726189103,4.378496528785966,7Qr9996mIYAZAJnHHK5EJQ,157,0,158,8,1051,True,7Qr9996mIYAZAJnHHK5EJQ
1729,2013,10,81,Brussels,50.85088951245787,4.324112540170637,wi86eG5jbWfhqP3dTugyKw,851,0,891,2,1054,True,wi86eG5jbWfhqP3dTugyKw
2590,2014,9,53,Brussels,50.86186382664924,4.326308617077608,kzcrvi52VHR3JRXSSBuEUA,852,0,892,2,1055,True,kzcrvi52VHR3JRXSSBuEUA
198,2013,7,159,Brussels,50.83119478928553,4.3486028863543,vCxZVf-QdtPdBvh98bHE9w,240,0,243,3,1061,True,vCxZVf-QdtPdBvh98bHE9w
401,2009,9,78,Brussels,50.83389128018751,4.318544104825104,58UzAIf85F8Jza-kB_UbTQ,859,0,899,2,1066,True,58UzAIf85F8Jza-kB_UbTQ
1508,2013,7,99,Brussels,50.84782158153791,4.331882177020882,-bRQHMreQrEoPjfCZew2jw,863,0,903,1,1070,True,-bRQHMreQrEoPjfCZew2jw
1056,2020,7,192,Brussels,50.84199997531961,4.352191476639605,FEJWU5fcUsmejNhTp0PUKg,864,0,904,4,1071,True,FEJWU5fcUsmejNhTp0PUKg
409,2019,5,323,Brussels,50.83438483425262,4.326816190382001,el2d65-MaGU8FPmMEasMKA,326,0,330,4,1072,True,el2d65-MaGU8FPmMEasMKA
2517,2009,10,316,Brussels,50.86096925844978,4.329112404219305,Eg56DehBoWePGRAl2b7h-Q,870,0,910,4,1079,True,Eg56DehBoWePGRAl2b7h-Q
2064,2019,3,67,Brussels,50.85500074768336,4.340153312957566,LqfPdnK4AZxVBDUp4NasBA,872,0,912,1,1082,True,LqfPdnK4AZxVBDUp4NasBA
103,2017,6,223,Brussels,50.83007304954753,4.332102665108139,7S-b0qm7HZI7CMOSMWWXTg,878,0,918,4,1091,True,7S-b0qm7HZI7CMOSMWWXTg
2302,2009,4,323,Brussels,50.85798658356007,4.349210854788411,SvgazHh9q4Y_7dM5iCbCTw,796,0,827,8,1095,True,SvgazHh9q4Y_7dM5iCbCTw
1541,2014,7,56,Brussels,50.8480216150535,4.369269887546996,oLez3XRo2zpvyIDoJkcEvw,537,0,551,7,1098,True,oLez3XRo2zpvyIDoJkcEvw
279,2019,3,168,Brussels,50.83200369846063,4.351977411480203,RZL6zwWGvBuw48i1xZwH4w,883,0,923,4,1099,True,RZL6zwWGvBuw48i1xZwH4w
1535,2020,11,320,Brussels,50.84813786087656,4.359183468075638,RAK5FEro3x47e6g494A7BQ,885,0,925,7,1101,True,RAK5FEro3x47e6g494A7BQ
686,2019,4,267,Brussels,50.83727410278617,4.369698242675192,bPN9ElL5PtlguP7AsBrNeQ,34,1,927,4,1106,True,bPN9ElL5PtlguP7AsBrNeQ
51,2019,3,236,Brussels,50.82895896675438,4.358112437348747,x3iWqKdMTdlZsTYhSvha4A,886,0,928,5,1107,True,x3iWqKdMTdlZsTYhSvha4A
1414,2019,5,163,Brussels,50.84748804999186,4.319479133001572,pd7N3pn2d4m3mlysC3cWfg,239,0,242,4,1112,True,pd7N3pn2d4m3mlysC3cWfg
2645,2013,7,270,Brussels,50.86194391627883,4.379255325321358,b7MJqNfzyUMLEG9hHRbSBQ,890,0,934,2,1115,True,b7MJqNfzyUMLEG9hHRbSBQ
2732,2013,7,229,Brussels,50.86342058801137,4.385764844678854,z-h8yQv86C2aNDlDv5fuWg,631,0,646,4,1116,True,z-h8yQv86C2aNDlDv5fuWg
359,2020,6,14,Brussels,50.83302702558582,4.353925077993328,YpZ_zPGxVlwxWtUsZvb2TQ,269,0,273,7,1117,True,YpZ_zPGxVlwxWtUsZvb2TQ
2240,2020,7,235,Brussels,50.85700252579557,4.357094821750806,uB7bevrt5gfprFkuJb_j_A,891,0,935,4,1120,True,uB7bevrt5gfprFkuJb_j_A
1136,2009,8,252,Brussels,50.84313431523149,4.353997532190336,QKWQhjG5CbZ07EndWtChuA,893,0,937,9,1123,True,QKWQhjG5CbZ07EndWtChuA
2125,2013,10,102,Brussels,50.85579005453672,4.326173346205799,ujOGk14tY1QPjefa20ZeqQ,170,0,171,6,1131,True,ujOGk14tY1QPjefa20ZeqQ
413,2009,4,321,Brussels,50.83383752500514,4.330202570986712,-oxobYdlMyOa9SlTfgPyvg,903,0,949,5,1139,True,-oxobYdlMyOa9SlTfgPyvg
1218,2014,7,137,Brussels,50.84391673682673,4.355184044757053,YwhcewQf67xubC0dkbDLxQ,904,0,950,7,1140,True,YwhcewQf67xubC0dkbDLxQ
1701,2014,7,132,Brussels,50.84994849233833,4.370391862631687,hRpP5Dm_ySFVpQRoHFw0gg,898,1,952,1,1142,True,hRpP5Dm_ySFVpQRoHFw0gg
1178,2009,3,61,Brussels,50.84451221699307,4.316931786479763,IJ2q7jvtPFcXjdzV51H7aQ,914,0,961,6,1156,True,IJ2q7jvtPFcXjdzV51H7aQ
2052,2013,10,257,Brussels,50.85524450734314,4.33001196973022,Xtn9zPs8QeN4PdFoVaHiGg,817,1,965,1,1162,True,Xtn9zPs8QeN4PdFoVaHiGg
1165,2009,4,239,Brussels,50.84319383090985,4.380289612074509,dohwgUdJWfm2i0bKQwQfFw,926,0,976,2,1175,True,dohwgUdJWfm2i0bKQwQfFw
2210,2013,7,125,Brussels,50.85693835314639,4.330226853200928,uPET2Latu1u8kUTXf93rbQ,930,0,980,1,1183,True,uPET2Latu1u8kUTXf93rbQ
710,2009,3,251,Brussels,50.83797142501378,4.315265236190157,1q3BFi2sOqUTT2MqJ_s3vw,931,0,981,1,1184,True,1q3BFi2sOqUTT2MqJ_s3vw
1118,2013,6,58,Brussels,50.84308247709001,4.333080140298355,Sxs4DTO4GRNJ5c2jUIjtRg,934,0,984,3,1188,True,Sxs4DTO4GRNJ5c2jUIjtRg
1394,2010,10,254,Brussels,50.84560479401674,4.376903633284644,_rs0ext0FNQp4E0vPazmHg,389,1,985,3,1189,True,_rs0ext0FNQp4E0vPazmHg
1918,2014,7,226,Brussels,50.85303127125412,4.350008347350664,TDwB5S75szQlwj6GrTFgzw,936,0,987,4,1191,True,TDwB5S75szQlwj6GrTFgzw
1832,2014,7,299,Brussels,50.85210966903371,4.342161576531941,YplpqRwu0iftpJdT5UI1dw,939,0,990,6,1195,True,YplpqRwu0iftpJdT5UI1dw
2769,2019,3,1,Brussels,50.86367128486594,4.349253547402433,IvD7cI3rjR2jLVcX81EJEQ,942,0,993,7,1201,True,IvD7cI3rjR2jLVcX81EJEQ
1766,2018,5,25,Brussels,50.85096762796547,4.352305148665628,l8QgLtH4dySq0f_z0RGhJA,321,1,994,1,1202,True,l8QgLtH4dySq0f_z0RGhJA
2076,2019,3,36,Brussels,50.85490898911274,4.355543847681673,MgPTSK4tY4OfVkbCzJGfCQ,950,0,1002,1,1212,True,MgPTSK4tY4OfVkbCzJGfCQ
140,2014,7,21,Brussels,50.83010110749333,4.369436063411656,pyNronFpCc1Tub4YxA-L5Q,951,0,1004,6,1214,True,pyNronFpCc1Tub4YxA-L5Q
1648,2020,11,313,Brussels,50.85000537606948,4.318100827519859,cFBdE0RyExkBB_Xtm2jLrQ,953,0,1006,4,1216,True,cFBdE0RyExkBB_Xtm2jLrQ
2589,2009,6,130,Brussels,50.86167348267103,4.325352813107171,pdaAJr3cLdcGdm-knnGrMA,955,0,1008,1,1218,True,pdaAJr3cLdcGdm-knnGrMA
2587,2019,5,203,Brussels,50.86203220012642,4.318145119065589,HTIGQnTqEULatp7t0kcWLw,956,0,1009,2,1219,True,HTIGQnTqEULatp7t0kcWLw
2055,2019,4,254,Brussels,50.85463390453394,4.332626151330186,Z4STM3gVB6HWwLtRFq0OGA,960,0,1013,4,1224,True,Z4STM3gVB6HWwLtRFq0OGA
2315,2020,7,7,Brussels,50.85805977626329,4.359194977115775,OLHy76Fq_DHq4CGK65t_aA,966,0,1019,5,1231,True,OLHy76Fq_DHq4CGK65t_aA
2890,2013,7,276,Brussels,50.86585752207986,4.312237704205867,mDz81UBuE066eOLBScrBgA,967,0,1020,2,1232,True,mDz81UBuE066eOLBScrBgA
2361,2009,10,314,Brussels,50.85909461646867,4.333274925785108,KKnd4FKLndsPnVe5si918w,971,0,1024,1,1236,True,KKnd4FKLndsPnVe5si918w
546,2019,5,144,Brussels,50.83601746091342,4.30713259773197,uYaiQYK1rGpueZwfIIwYFg,972,0,1025,1,1237,True,uYaiQYK1rGpueZwfIIwYFg
886,2019,4,346,Brussels,50.83991988246437,4.335169935804438,Bjdx3XzVMmSA33MiFK2b0g,973,0,1026,8,1238,True,Bjdx3XzVMmSA33MiFK2b0g
2048,2009,6,310,Brussels,50.85492575835642,4.331538796343185,BZYKvwvyrI1vKxrXgwxuzw,975,0,1028,2,1240,True,BZYKvwvyrI1vKxrXgwxuzw
1075,2019,4,285,Brussels,50.84195428379054,4.368412459304526,ssowWTACNQECBSHhrWpaHw,198,0,199,7,1242,True,ssowWTACNQECBSHhrWpaHw
2118,2009,3,132,Brussels,50.85600585946597,4.315590747770372,3KHVif-ylD0cJD6gjKoBUQ,978,0,1031,4,1247,True,3KHVif-ylD0cJD6gjKoBUQ
1884,2014,9,1,Brussels,50.85296715281467,4.317928660950059,Fht35fMsZpVD0pQkmdGXLw,982,0,1035,5,1252,True,Fht35fMsZpVD0pQkmdGXLw
1045,2009,4,61,Brussels,50.8419900005436,4.334145185491179,IamNAIacduLelAYUAmTh5g,986,0,1039,1,1257,True,IamNAIacduLelAYUAmTh5g
1941,2017,5,283,Brussels,50.85284426575072,4.379226198349821,ms6aM23iThU27jxh3cFIEA,989,0,1042,3,1260,True,ms6aM23iThU27jxh3cFIEA
2790,2020,7,212,Brussels,50.8641787163569,4.370298338807363,zURhlydkedYXIYL4DaAFlw,995,0,1049,5,1273,True,zURhlydkedYXIYL4DaAFlw
644,2014,8,309,Brussels,50.83695886741474,4.327270924829171,LOSPn3Nfk-LqbBdaxoPe-Q,555,0,570,4,1278,True,LOSPn3Nfk-LqbBdaxoPe-Q
468,2009,3,31,Brussels,50.83507164009028,4.307189089894168,dFbkY8QOWwTfBEtwBx-cLw,999,0,1053,5,1281,True,dFbkY8QOWwTfBEtwBx-cLw
2473,2017,5,165,Brussels,50.86011287132045,4.357568577479727,faXbVPEI76RhgN6TX5D6pQ,725,0,752,6,1284,True,faXbVPEI76RhgN6TX5D6pQ
1818,2014,9,84,Brussels,50.85206776582956,4.330055268412076,5V84bive04I7bpHzsXU_4A,1004,0,1059,3,1291,True,5V84bive04I7bpHzsXU_4A
1186,2009,3,180,Brussels,50.84375525639808,4.31952408562733,UKwYA_e8LgqgYl770DUH-g,1005,0,1060,4,1292,True,UKwYA_e8LgqgYl770DUH-g
2754,2020,7,216,Brussels,50.8639673567693,4.331259762215935,HQZ-_p1PSGqqrDXGh2G5yg,1006,0,1061,6,1295,True,HQZ-_p1PSGqqrDXGh2G5yg
73,2019,4,1,Brussels,50.82891546953142,4.38007437948579,9myVnYDbjbCw-3om2wi9QQ,80,0,80,4,1299,True,9myVnYDbjbCw-3om2wi9QQ
553,2017,5,209,Brussels,50.83605220130652,4.314140963271877,m-rnfHZvbr-CG0qAwTklOw,1008,0,1064,2,1300,True,m-rnfHZvbr-CG0qAwTklOw
2015,2019,5,251,Brussels,50.85400241645159,4.374960438170789,RqxgVzxP2oWPuaO6ZHlNWw,717,1,1067,3,1303,True,RqxgVzxP2oWPuaO6ZHlNWw
1235,2009,4,238,Brussels,50.84401217584744,4.372220152040573,yMcQilTOjDH6OHRgZlUqPQ,635,1,1071,3,1308,True,yMcQilTOjDH6OHRgZlUqPQ
2241,2014,7,9,Brussels,50.85692025266518,4.366570906283719,VXP7JhHPimgAey_Ji_4Tww,1013,0,1072,4,1309,True,VXP7JhHPimgAey_Ji_4Tww
2359,2013,7,217,Brussels,50.85866076250136,4.325169937799368,jo9Po-VNQMXmdxP8DqrC4A,1014,0,1073,2,1310,True,jo9Po-VNQMXmdxP8DqrC4A
2282,2009,6,357,Brussels,50.85800642756817,4.331222320113354,u8rXndtiDhguahdHWFneUQ,1015,0,1074,2,1312,True,u8rXndtiDhguahdHWFneUQ
2722,2013,7,56,Brussels,50.86300833254089,4.377564703778431,1fvN0LM7f3wtWwaAVO8Fwg,1016,0,1075,1,1313,True,1fvN0LM7f3wtWwaAVO8Fwg
278,2019,3,270,Brussels,50.83223073399949,4.351251024720383,i1lnOTIuK3SRgnuo3ew2fQ,1017,0,1076,2,1315,True,i1lnOTIuK3SRgnuo3ew2fQ
333,2013,6,151,Brussels,50.83308431098435,4.328002929751315,zsAO1ICL8iJ9y8y1_uRABQ,1020,0,1079,6,1318,True,zsAO1ICL8iJ9y8y1_uRABQ
2486,2020,11,312,Brussels,50.8599430254086,4.375269289667195,OJrUfI623CbGrzDGk5aLog,456,1,1080,1,1319,True,OJrUfI623CbGrzDGk5aLog
1941,2020,11,125,Brussels,50.85285645103283,4.379218721391352,GE4SGZnRhZurVThPUFESOg,989,1,1083,3,1323,True,GE4SGZnRhZurVThPUFESOg
2336,2017,5,178,Brussels,50.85900815739272,4.307128104073385,ZjkjpgBjRToAX1z8M2vWNg,868,0,908,5,1326,True,ZjkjpgBjRToAX1z8M2vWNg
245,2013,6,314,Brussels,50.83174586940635,4.318259251112968,pIBQ3sHUF9Lrk6s-7L4XPA,1026,0,1089,2,1331,True,pIBQ3sHUF9Lrk6s-7L4XPA
571,2017,6,263,Brussels,50.83610035312388,4.332461899083424,oQBtfKltUCf5WU2LOlHyhw,1029,0,1092,3,1334,True,oQBtfKltUCf5WU2LOlHyhw
702,2019,5,62,Brussels,50.83798974055546,4.307110458141218,_JO_b_IzZojdyw3gnye8gg,424,1,1099,1,1344,True,_JO_b_IzZojdyw3gnye8gg
1250,2013,6,35,Brussels,50.84545355480701,4.308969785811177,NCEXhlgmOrRm2jXeEO8QYQ,296,0,300,4,1347,True,NCEXhlgmOrRm2jXeEO8QYQ
1185,2017,5,214,Brussels,50.84373833336068,4.323444345303737,sYgtWodfeEHMYS_2RKioWw,1040,0,1105,4,1351,True,sYgtWodfeEHMYS_2RKioWw
1169,2020,7,181,Brussels,50.84269573569726,4.382951010236534,cF3tKAgTG1kUx7lSbj2yWQ,1042,0,1107,13,1353,True,cF3tKAgTG1kUx7lSbj2yWQ
230,2013,7,298,Brussels,50.83108718792594,4.380884526099879,_rjASxMLB0y7E3BmiGXJOg,1043,0,1109,2,1355,True,_rjASxMLB0y7E3BmiGXJOg
2562,2014,7,242,Brussels,50.86103285038554,4.376129814384579,sHhKsKjFugv-UhmjzF0kqQ,980,0,1033,4,1360,True,sHhKsKjFugv-UhmjzF0kqQ
212,2009,4,147,Brussels,50.83080753787461,4.36359082219068,iCDb66_lK20dR7mqS1P8bg,167,0,168,7,1362,True,iCDb66_lK20dR7mqS1P8bg
1629,2009,4,135,Brussels,50.84878804631039,4.378123508732169,Ymuhh7TL9MztiGP-nwiRJg,440,1,1113,1,1363,True,Ymuhh7TL9MztiGP-nwiRJg
720,2009,4,328,Brussels,50.83793276200056,4.325385845859984,308OZ_nVpPlmVctF85JBew,512,1,1115,2,1369,True,308OZ_nVpPlmVctF85JBew
2718,2014,7,111,Brussels,50.86297929299626,4.370981162388278,UbQ3AWoE9C2obcmUj0skWA,1009,0,1066,6,1370,True,UbQ3AWoE9C2obcmUj0skWA
1642,2020,11,273,Brussels,50.85025287586465,4.315654646340161,evgzEaM2GOtaxU8mWm6Y2A,1048,0,1116,5,1371,True,evgzEaM2GOtaxU8mWm6Y2A
1076,2019,10,82,Brussels,50.8419748317009,4.371164914426455,cvCrcUTYkkO4txEtmuiMnQ,902,1,1121,2,1379,True,cvCrcUTYkkO4txEtmuiMnQ
1166,2009,4,172,Brussels,50.84302123167947,4.378299215131195,2TF0WVv70xlEDU9T90RmHw,958,0,1011,6,1381,True,2TF0WVv70xlEDU9T90RmHw
873,2020,7,261,Brussels,50.83999863688862,4.32216020808056,avDu8NetJS-IkNcNpMyOMg,1058,0,1127,2,1389,True,avDu8NetJS-IkNcNpMyOMg
138,2014,7,323,Brussels,50.83019823964637,4.367721316535731,PLl_Yhzhv4Y495Rob6u9bA,1061,0,1130,4,1393,True,PLl_Yhzhv4Y495Rob6u9bA
2076,2020,7,68,Brussels,50.85489102790454,4.355536649507656,8bikTzQi4YaubMGFENcDWQ,950,1,1132,1,1397,True,8bikTzQi4YaubMGFENcDWQ
2228,2020,7,354,Brussels,50.85693703542967,4.356122662958405,zq0B8HPT_9tXICniqtyK1g,184,1,1135,2,1401,True,zq0B8HPT_9tXICniqtyK1g
1806,2014,9,146,Brussels,50.85242001353607,4.31800630087011,6G-5Ga5P1iqaNhIk4LFSiA,1065,0,1136,4,1402,True,6G-5Ga5P1iqaNhIk4LFSiA
526,2013,7,182,Brussels,50.83500362270311,4.365207202503504,0E5fCFN2MHOyNk0csZ2G7g,1066,0,1137,5,1403,True,0E5fCFN2MHOyNk0csZ2G7g
1575,2019,4,244,Brussels,50.84931370302225,4.327050862122541,19cuLOTxq5lDRo1TwOqa3w,1067,0,1138,9,1406,True,19cuLOTxq5lDRo1TwOqa3w
177,2010,10,283,Brussels,50.83246456721226,4.327731606802684,8R0tymg30U7I4UXm5M0U0g,1075,0,1146,8,1416,True,8R0tymg30U7I4UXm5M0U0g
1819,2019,4,64,Brussels,50.8520131348886,4.33217953851081,ppC2Ikc5hpA2fHsoDmxHiQ,840,1,1153,6,1425,True,ppC2Ikc5hpA2fHsoDmxHiQ
1799,2019,5,199,Brussels,50.85172507766184,4.308227943434195,fGNMl6lH0kzxt1Z6I74Krg,1081,0,1154,2,1427,True,fGNMl6lH0kzxt1Z6I74Krg
2687,2014,7,215,Brussels,50.86300473987397,4.341258446539067,3s3Oi-AcNodB8rgtS5Y74w,1082,0,1155,4,1428,True,3s3Oi-AcNodB8rgtS5Y74w
293,2014,7,315,Brussels,50.83193566044937,4.365992388697131,H55wg3yepQjOPSMOK_6jnQ,1085,0,1159,3,1436,True,H55wg3yepQjOPSMOK_6jnQ
1517,2013,7,253,Brussels,50.84779710366657,4.343258183676905,85v6qUolPM9anogjdsOPtw,113,1,1161,2,1438,True,85v6qUolPM9anogjdsOPtw
317,2009,3,5,Brussels,50.83312342021065,4.312283338693979,vIMv_F66x2zl6anpcXcWsg,1088,0,1165,2,1443,True,vIMv_F66x2zl6anpcXcWsg
145,2009,6,137,Brussels,50.83002918796063,4.37469211946331,KtZX4g3BSxEQu7cSJy0D2A,589,0,604,5,1444,True,KtZX4g3BSxEQu7cSJy0D2A
857,2009,4,322,Brussels,50.8386446999537,4.382734198847842,C6iyysqCniguXuLaFe536w,1089,0,1166,4,1445,True,C6iyysqCniguXuLaFe536w
738,2020,7,213,Brussels,50.83768924165467,4.343423022573757,tOr-wNYDHQuXfnRGCalUYw,1090,0,1167,6,1446,True,tOr-wNYDHQuXfnRGCalUYw
770,2013,7,226,Brussels,50.838039039162,4.375247064631312,aMvCtAoECkirrdWK9sZyWA,1094,0,1171,4,1452,True,aMvCtAoECkirrdWK9sZyWA
2962,2014,7,328,Brussels,50.86593948493707,4.384239803939413,3jpPIYW6-gQYLtTN6-0J9A,1097,0,1174,1,1458,True,3jpPIYW6-gQYLtTN6-0J9A
2866,2017,6,248,Brussels,50.86557435965839,4.36031839780104,Wa0tCNd_S0vEliBqogrV2A,842,1,1175,2,1459,True,Wa0tCNd_S0vEliBqogrV2A
575,2009,4,286,Brussels,50.83535973378127,4.337429579070458,jLQC_cMP0UyGe0RF0Qt72g,44,0,44,8,1461,True,jLQC_cMP0UyGe0RF0Qt72g
1603,2019,5,188,Brussels,50.84904975827656,4.350287215090077,9FPY2pxhjAdR61d1qrKdrg,1099,0,1177,1,1462,True,9FPY2pxhjAdR61d1qrKdrg
2286,2009,4,92,Brussels,50.8578984415963,4.329180078788314,c5zKpuitRI4A2abMI8wGhQ,1100,0,1178,1,1465,True,c5zKpuitRI4A2abMI8wGhQ
1210,2020,7,11,Brussels,50.84417555126102,4.348462739958583,s1_AUd88la4YgeGVedZx1g,1101,0,1179,3,1466,True,s1_AUd88la4YgeGVedZx1g
1021,2017,6,105,Brussels,50.84236592986863,4.315008874596564,XM5HBIQeaZmTSjtHNVJH_Q,55,1,1188,2,1480,True,XM5HBIQeaZmTSjtHNVJH_Q
1066,2019,5,320,Brussels,50.84178913559603,4.356476433362262,DTzSHnFb0dhHPmtzCcfE5Q,145,1,1196,1,1492,True,DTzSHnFb0dhHPmtzCcfE5Q
2056,2014,7,204,Brussels,50.85517123064462,4.334785187783771,ZZaV9dd-rQmqP4CVsQ0maA,1116,0,1200,5,1497,True,ZZaV9dd-rQmqP4CVsQ0maA
1252,2017,5,157,Brussels,50.84505446785359,4.311263003345529,HUGPERn6eJ1j6lnul6zUuQ,1119,0,1203,2,1502,True,HUGPERn6eJ1j6lnul6zUuQ
429,2013,7,248,Brussels,50.83395837400456,4.346153298445738,SPUWnqvm-7uaR3pgigauiA,1121,0,1205,4,1504,True,SPUWnqvm-7uaR3pgigauiA
1614,2014,7,126,Brussels,50.8490195715274,4.362019403089302,Z78DHyUai3AoTBlNHYB3Tw,887,1,1206,3,1506,True,Z78DHyUai3AoTBlNHYB3Tw
2496,2013,7,285,Brussels,50.86004403873916,4.384322268749018,8Rf8-WQlVNgfT35aBL-FiQ,1124,0,1209,2,1509,True,8Rf8-WQlVNgfT35aBL-FiQ
1976,2014,7,28,Brussels,50.85416062872169,4.336722777940639,5iKQatShWHiObcSfmNPlGg,945,1,1212,1,1512,True,5iKQatShWHiObcSfmNPlGg
28,2019,3,121,Brussels,50.82900777287049,4.335216493761079,RJhh3fo9EMAqfwOzKD4zfA,1131,0,1217,5,1519,True,RJhh3fo9EMAqfwOzKD4zfA
1508,2009,6,73,Brussels,50.84782732715633,4.33184660103452,Ds6z8PrjyH8FxrPtDbxsDA,863,2,1218,1,1520,True,Ds6z8PrjyH8FxrPtDbxsDA
2481,2020,11,167,Brussels,50.86002317530772,4.371161507461655,t0OUVRo-W1BDTf2qJd7-PA,190,1,1220,1,1525,True,t0OUVRo-W1BDTf2qJd7-PA
1563,2019,5,273,Brussels,50.84935134187817,4.313839347182888,U7xnAtkXw2uJwCCaR7qB2g,305,0,309,5,1534,True,U7xnAtkXw2uJwCCaR7qB2g
2838,2017,5,47,Brussels,50.86494262619558,4.333232025274119,TXnUMGuqbQvcpTNSuyR6zw,1134,0,1225,6,1535,True,TXnUMGuqbQvcpTNSuyR6zw
2526,2013,10,346,Brussels,50.86115101951277,4.333249745494973,l61pPby6-QGEusThmOnKTQ,919,0,967,6,1537,True,l61pPby6-QGEusThmOnKTQ
1741,2009,6,131,Brussels,50.8511609760029,4.335306251196203,EnR7m45KSesB5yWfVTNtjw,1141,0,1232,5,1546,True,EnR7m45KSesB5yWfVTNtjw
525,2019,3,176,Brussels,50.83497602651441,4.364228575073623,o7MQh1fDboUch9YQ2g5Cew,1148,0,1239,1,1559,True,o7MQh1fDboUch9YQ2g5Cew
840,2019,4,159,Brussels,50.83907599568266,4.367359117911842,JfNnpUIC6DGtvaaTTREATQ,1151,0,1242,7,1564,True,JfNnpUIC6DGtvaaTTREATQ
1633,2014,7,311,Brussels,50.84898814509535,4.37539668248695,CGQHtiYqfJhUUqYyCxTQoA,1160,0,1251,1,1574,True,CGQHtiYqfJhUUqYyCxTQoA
2403,2017,6,24,Brussels,50.85905995278863,4.370040861018244,HejTGzVVj0P0JQVtIrME3Q,1162,0,1253,1,1577,True,HejTGzVVj0P0JQVtIrME3Q
533,2019,10,31,Brussels,50.83509874119435,4.372308934351179,Bd30v76OUDOzvdbe-Sc1bA,1172,0,1264,6,1594,True,Bd30v76OUDOzvdbe-Sc1bA
2337,2017,6,289,Brussels,50.8580178295182,4.38133027411109,d6BiGL-z8E8U-UKczvbioA,1173,0,1265,1,1596,True,d6BiGL-z8E8U-UKczvbioA
887,2014,7,348,Brussels,50.84005153046574,4.336569767015458,O9EVsYU85dz6YzJIdpvP_Q,1179,0,1272,5,1610,True,O9EVsYU85dz6YzJIdpvP_Q
1484,2020,7,123,Brussels,50.84786014046156,4.310273404859077,GO98PfivsHQH6ZBqOXRGsg,1180,0,1273,4,1611,True,GO98PfivsHQH6ZBqOXRGsg
165,2017,6,154,Brussels,50.83115708770134,4.316144410965897,Bvdr99QLeYlNpGhHri9L7g,1181,0,1274,3,1612,True,Bvdr99QLeYlNpGhHri9L7g
535,2013,7,173,Brussels,50.83507240215814,4.374138672705296,2PWj7jNWe3LvVweVw6qiCw,730,0,757,5,1615,True,2PWj7jNWe3LvVweVw6qiCw
1953,2020,11,72,Brussels,50.85396757159936,4.307410917861124,Hf1U828CFkZvvTdoPL-NlQ,1184,0,1277,2,1619,True,Hf1U828CFkZvvTdoPL-NlQ
380,2019,3,291,Brussels,50.83291933326953,4.375261299047485,D0ddUddBu2BgZL1kmzB7jQ,301,1,1278,3,1620,True,D0ddUddBu2BgZL1kmzB7jQ
106,2009,4,47,Brussels,50.8301318910822,4.33501439497277,WKeDAE1cl2SRYPa1P8bMdw,1187,0,1281,2,1623,True,WKeDAE1cl2SRYPa1P8bMdw
921,2014,7,26,Brussels,50.84003857785373,4.370108999036071,eXqAsDokOAKXKPcl1SgIAA,750,1,1286,5,1630,True,eXqAsDokOAKXKPcl1SgIAA
2871,2019,3,149,Brussels,50.86494378030224,4.367280681688203,bvgGwC_igEvaGaJFYXkvJw,358,0,363,4,1635,True,bvgGwC_igEvaGaJFYXkvJw
2068,2020,7,138,Brussels,50.85496825525648,4.347213081748563,_5HAUM7gXaKEnpmL2nsEdg,1194,0,1290,7,1636,True,_5HAUM7gXaKEnpmL2nsEdg
2515,2020,7,229,Brussels,50.86125286994582,4.326432456981009,JFHmq4aGRrgzqoRbnC0Oaw,1195,0,1291,4,1637,True,JFHmq4aGRrgzqoRbnC0Oaw
271,2018,10,204,Brussels,50.83175352521961,4.344387503213957,S3zeOrb7ZYHhYhrcZZTj4A,1197,0,1293,5,1641,True,S3zeOrb7ZYHhYhrcZZTj4A
369,2009,6,69,Brussels,50.83298052709011,4.363794650826073,cnBivv7Kw8AKHde_l96Osw,1201,0,1298,5,1649,True,cnBivv7Kw8AKHde_l96Osw
980,2014,7,29,Brussels,50.84082932477708,4.350560904946772,1ZncfLigUyLt9w-zrG9mdA,1202,0,1299,6,1650,True,1ZncfLigUyLt9w-zrG9mdA
61,2013,7,45,Brussels,50.82897012403778,4.368189988058952,CLJlr5FzM2iwDrOMNc_zNw,1206,0,1304,3,1657,True,CLJlr5FzM2iwDrOMNc_zNw
1669,2014,7,285,Brussels,50.84996021923147,4.339361232164554,qD49EPcfvyDWX4tmnaVh4g,1209,0,1307,5,1660,True,qD49EPcfvyDWX4tmnaVh4g
293,2019,3,127,Brussels,50.83196117095091,4.365966256173888,E7pzClj99obxqpfhmflBfw,1085,1,1309,3,1663,True,E7pzClj99obxqpfhmflBfw
482,2019,5,126,Brussels,50.83489855893015,4.320944652904039,_2wSWC_ArBwzX1X5ORHeBQ,1212,0,1311,2,1667,True,_2wSWC_ArBwzX1X5ORHeBQ
2749,2019,5,257,Brussels,50.86360140075505,4.324818865177032,uzMz49qhfaWdLCZGqLsm8w,749,0,778,6,1670,True,uzMz49qhfaWdLCZGqLsm8w
1601,2019,5,49,Brussels,50.8489354189181,4.349293360397982,aym2V4u8OB1c26BLyQARCA,1215,0,1314,1,1671,True,aym2V4u8OB1c26BLyQARCA
2774,2009,6,66,Brussels,50.86396381929895,4.357384935079449,jEDqqZhFroHg6kSU9d-Q-Q,33,2,1317,1,1674,True,jEDqqZhFroHg6kSU9d-Q-Q
361,2020,6,266,Brussels,50.83303191042481,4.356261207676555,aR6psRwfBJkx4-lQiLFvAQ,1218,0,1319,5,1676,True,aR6psRwfBJkx4-lQiLFvAQ
250,2019,5,38,Brussels,50.83193857718306,4.323272142309295,ryEK0zy6ljTuQ1Y46Wu5Cg,1221,0,1322,6,1680,True,ryEK0zy6ljTuQ1Y46Wu5Cg
217,2013,7,102,Brussels,50.8311114530778,4.368547441533372,iMmhmlKoO3CjETeJ3jiRrQ,577,0,592,4,1686,True,iMmhmlKoO3CjETeJ3jiRrQ
489,2017,5,317,Brussels,50.83522716508877,4.327775004570968,eOS8Tob3ET71ElcJim0uBQ,216,0,218,5,1691,True,eOS8Tob3ET71ElcJim0uBQ
1497,2014,9,70,Brussels,50.84791514112121,4.320250440261503,6CbXd_4FxRd9q1SoVLq_nw,781,0,812,4,1703,True,6CbXd_4FxRd9q1SoVLq_nw
258,2014,8,153,Brussels,50.8323969796509,4.331577213941772,t0y4eB4fnPOuogzRG7nd1g,152,1,1065,5,1712,True,t0y4eB4fnPOuogzRG7nd1g
1455,2009,9,163,Brussels,50.84704111223171,4.35693509926501,agLTx_vs8D5Ob9Jn6V8f5A,1231,0,1337,1,1713,True,agLTx_vs8D5Ob9Jn6V8f5A
2904,2020,7,236,Brussels,50.86593191109996,4.328033400989385,2wMVQbsqzfervF8My4a0nA,165,0,166,10,1715,True,2wMVQbsqzfervF8My4a0nA
638,2013,6,325,Brussels,50.83666324716832,4.321081666860618,fKj5AdMf4_ydrkSqF2l2Yw,1234,0,1340,4,1720,True,fKj5AdMf4_ydrkSqF2l2Yw
576,2009,4,214,Brussels,50.83570368796386,4.337868896878104,Hvfrkfe8Rnmx99O9QHYl-g,1135,0,1226,8,1721,True,Hvfrkfe8Rnmx99O9QHYl-g
2466,2013,7,328,Brussels,50.86003830000535,4.353108623185977,xZhm4_ZQIpNpsQjLDE_wVg,1235,0,1341,3,1722,True,xZhm4_ZQIpNpsQjLDE_wVg
1318,2017,5,310,Brussels,50.84499460944694,4.37923500149791,mJK_beN5nVM-qIFqIjFAtg,1238,0,1344,6,1727,True,mJK_beN5nVM-qIFqIjFAtg
480,2009,3,157,Brussels,50.83493251928855,4.319022497830201,PluXO4iNkmCv1JkcrdYAqQ,1240,0,1346,3,1730,True,PluXO4iNkmCv1JkcrdYAqQ
2345,2009,9,122,Brussels,50.85904603950618,4.311197991267356,3YkvtMi0iMNrJNae41fxyw,1242,0,1348,2,1733,True,3YkvtMi0iMNrJNae41fxyw
893,2020,7,28,Brussels,50.83996096678426,4.342062939219553,QigZg1i8Rm7H6MVrmfU0GA,1243,0,1349,1,1734,True,QigZg1i8Rm7H6MVrmfU0GA
1641,2014,9,182,Brussels,50.8499259350717,4.310300127806951,e0oydSCAk9lZYPospODPKw,1244,0,1350,6,1735,True,e0oydSCAk9lZYPospODPKw
1710,2014,7,135,Brussels,50.84993126609891,4.379154988234516,kFdp-HPnj5FUwr5gs_TAJQ,1245,0,1351,1,1737,True,kFdp-HPnj5FUwr5gs_TAJQ
911,2017,5,203,Brussels,50.84000731604533,4.360098885635591,h3NNAtiqMKS87mj9UlAIIQ,417,0,423,6,1745,True,h3NNAtiqMKS87mj9UlAIIQ
1970,2009,4,286,Brussels,50.85437048159699,4.330190479928603,zj0yHEm3e53dAGVhU4vuNA,1250,0,1357,3,1753,True,zj0yHEm3e53dAGVhU4vuNA
2586,2009,8,143,Brussels,50.86206935479708,4.316130306919191,31ktR0QdBM7b7fR8GsE0Hg,1252,0,1359,5,1759,True,31ktR0QdBM7b7fR8GsE0Hg
2359,2009,3,247,Brussels,50.85864255235018,4.32523855361658,OJuRfkPgDwykG7TQLl0lQQ,1014,1,1362,3,1765,True,OJuRfkPgDwykG7TQLl0lQQ
1826,2009,6,329,Brussels,50.85216244757186,4.339451663312001,mKLZL53j-p69kObnwyMBGw,1255,0,1363,1,1767,True,mKLZL53j-p69kObnwyMBGw
1500,2014,9,48,Brussels,50.8481587261119,4.320457522123564,K4VUrxAhOabcE8NoZ4TKpQ,1256,0,1364,4,1768,True,K4VUrxAhOabcE8NoZ4TKpQ
672,2009,6,159,Brussels,50.8370100787585,4.355094382234069,kFuSbHCr23ScIDXHx1Zp7w,1257,0,1365,1,1769,True,kFuSbHCr23ScIDXHx1Zp7w
2190,2013,10,265,Brussels,50.85701751852427,4.315328199117848,r4T2fvfCu2Gah7H_GHfQZA,1261,0,1369,4,1776,True,r4T2fvfCu2Gah7H_GHfQZA
2640,2020,6,183,Brussels,50.86210610952085,4.373268488728656,2nV-YcZm-1c8nGhLot4QVw,821,0,856,4,1785,True,2nV-YcZm-1c8nGhLot4QVw
1469,2019,4,48,Brussels,50.84708646084205,4.373099134903847,4SniJU3ocp-HBqNFEckOjQ,1039,1,1377,2,1789,True,4SniJU3ocp-HBqNFEckOjQ
2631,2019,3,132,Brussels,50.86192565016198,4.361266894838796,JgV7nbqxWSKosIixB2Bkxw,744,1,1378,2,1790,True,JgV7nbqxWSKosIixB2Bkxw
131,2019,9,198,Brussels,50.82973925315438,4.360436604811455,U0t0gpMYR3HgYMjcwxcIbw,1270,0,1380,2,1797,True,U0t0gpMYR3HgYMjcwxcIbw
1525,2018,5,20,Brussels,50.84810700855623,4.347115555925653,NQy-dIYMneI8I8df4AoKTw,1271,0,1381,2,1798,True,NQy-dIYMneI8I8df4AoKTw
2514,2013,10,64,Brussels,50.86149331761732,4.325513550807056,mbU5QB33weM6SXMokRCMJA,1272,0,1382,2,1799,True,mbU5QB33weM6SXMokRCMJA
2554,2013,6,134,Brussels,50.86086858703605,4.37104121948553,TMewqsz_i9ELmHJU4rgvGw,578,1,676,4,1801,True,TMewqsz_i9ELmHJU4rgvGw
1392,2019,10,212,Brussels,50.84593072677069,4.370534086699144,JKScgwePeklQ7D4cK3LYhQ,1276,0,1388,2,1807,True,JKScgwePeklQ7D4cK3LYhQ
2729,2019,10,74,Brussels,50.8626733080403,4.382060152122261,0y7WluIinCqOPHWbOqyMxg,1166,1,1389,2,1808,True,0y7WluIinCqOPHWbOqyMxg
624,2009,3,267,Brussels,50.83705492758804,4.307433227699737,iuD29cs-t8fVtG8PRzKM7w,1277,0,1390,5,1810,True,iuD29cs-t8fVtG8PRzKM7w
2253,2019,10,119,Brussels,50.85677365219586,4.3711041943034,jx2SA5pN6S3hUobUdSo6Qw,11,0,11,6,1813,True,jx2SA5pN6S3hUobUdSo6Qw
1027,2009,3,209,Brussels,50.84209176570455,4.315334371595653,7l5SQBQ8Vn97v9Sr_UrMqA,1279,0,1392,1,1816,True,7l5SQBQ8Vn97v9Sr_UrMqA
2726,2019,4,203,Brussels,50.8630134868971,4.380057477228806,Huj1bVpqGkrnCS9lg__gug,1281,0,1395,1,1820,True,Huj1bVpqGkrnCS9lg__gug
1570,2019,5,144,Brussels,50.84854806779101,4.318311077864589,ekqGJzsAsc5G4Fgv58ebRA,1283,0,1397,1,1823,True,ekqGJzsAsc5G4Fgv58ebRA
2685,2017,5,166,Brussels,50.86325681288977,4.335694474076425,vQjHT98BMFtT_zJL2LeXkQ,1284,0,1399,4,1827,True,vQjHT98BMFtT_zJL2LeXkQ
2864,2014,7,91,Brussels,50.86502894990058,4.365477034796988,JGulG0Zgvq4i4bBWWqwuDA,1233,0,1339,7,1830,True,JGulG0Zgvq4i4bBWWqwuDA
745,2009,4,175,Brussels,50.83824689711919,4.350452038732255,_iFOWhBhsPIMVe6g_gOQDg,1286,0,1402,3,1835,True,_iFOWhBhsPIMVe6g_gOQDg
2012,2019,5,218,Brussels,50.85362491290053,4.364942301657907,mo1GgFIxsULbaPrxZLSTnQ,1287,0,1403,11,1836,True,mo1GgFIxsULbaPrxZLSTnQ
182,2009,8,319,Brussels,50.83097541982573,4.333324860183739,axc8ChPTIq009vlKl2PvPg,1290,0,1406,1,1840,True,axc8ChPTIq009vlKl2PvPg
254,2014,9,98,Brussels,50.83235170334498,4.327086641709585,Wcf4FQ9eV4atYwxgDdmdoQ,446,0,457,9,1841,True,Wcf4FQ9eV4atYwxgDdmdoQ
411,2009,9,220,Brussels,50.83373335535573,4.327975560734337,Uq9SpZj5uFHpjfNS9sgW6g,697,1,1407,2,1843,True,Uq9SpZj5uFHpjfNS9sgW6g
839,2019,4,151,Brussels,50.83887845294755,4.366269002475235,ur1Vta1gkra0_NOk5gxVzg,1292,0,1409,1,1846,True,ur1Vta1gkra0_NOk5gxVzg
382,2019,4,268,Brussels,50.83263820831133,4.377851154340903,qQQuVpu5pTHR1l4gz7BT8Q,1296,0,1414,3,1852,True,qQQuVpu5pTHR1l4gz7BT8Q
2021,2014,7,232,Brussels,50.8542126091585,4.380532716886096,eULZZG7FfpJsJLoH1in2Iw,1225,0,1328,5,1854,True,eULZZG7FfpJsJLoH1in2Iw
2879,2013,7,91,Brussels,50.86502336495218,4.378245818229019,JuKNyDazkeb4sR1U-6wZtw,1299,0,1417,4,1861,True,JuKNyDazkeb4sR1U-6wZtw
1719,2013,7,258,Brussels,50.84983881876369,4.384165091472278,cc3SNt1wWPWxXdKtFzqUJA,1302,0,1420,4,1865,True,cc3SNt1wWPWxXdKtFzqUJA
2326,2014,7,230,Brussels,50.85825270025946,4.369325489812746,ZKlxEiFZQcco5lema13gvQ,1306,0,1424,7,1869,True,ZKlxEiFZQcco5lema13gvQ
215,2013,7,196,Brussels,50.83120260316199,4.366723433720287,VMYkJGCHjH-mcoPskI-diw,964,0,1017,5,1870,True,VMYkJGCHjH-mcoPskI-diw
1921,2014,7,147,Brussels,50.8530328770218,4.357979649973529,8S4Sht47S2yTkgY8ditZrA,540,1,1430,2,1881,True,8S4Sht47S2yTkgY8ditZrA
1596,2014,7,337,Brussels,50.84906407264141,4.342253519552856,k1O-41QZJfs8aGHmGWsAyw,111,1,1433,1,1887,True,k1O-41QZJfs8aGHmGWsAyw
2501,2017,5,317,Brussels,50.86089057570388,4.314275153025835,fScvLBj96WnTUnEofe9vtQ,1316,0,1437,7,1892,True,fScvLBj96WnTUnEofe9vtQ
2450,2014,7,318,Brussels,50.86002615664609,4.339948603835612,oz2VE3VkGv4Nwbr1GTwQTw,1318,0,1439,2,1896,True,oz2VE3VkGv4Nwbr1GTwQTw
2534,2009,4,106,Brussels,50.86103223267749,4.351079943078499,tXFfQl6WLlMdkA7kO7NEDQ,1321,0,1442,8,1900,True,tXFfQl6WLlMdkA7kO7NEDQ
1938,2020,11,65,Brussels,50.85297995046293,4.370243267974367,dzrtchBohYnEXQXHkAhV2Q,211,0,213,8,1904,True,dzrtchBohYnEXQXHkAhV2Q
1653,2014,9,9,Brussels,50.84984470261965,4.322839057484402,P-GkwHMbtptsMianM0HsNQ,1322,0,1444,1,1905,True,P-GkwHMbtptsMianM0HsNQ
467,2019,9,60,Brussels,50.83392652467322,4.38427291392448,jj09wgDWxbW0v5lqCy8Ing,1001,1,1445,1,1907,True,jj09wgDWxbW0v5lqCy8Ing
2724,2014,7,190,Brussels,50.86297246919879,4.381023033590786,ru2c0yICqmzmePOjI94yFw,32,0,32,8,1909,True,ru2c0yICqmzmePOjI94yFw
323,2014,8,201,Brussels,50.83321071861804,4.317779191938823,HpJaz1TgTzandP0YVIXdJA,1325,0,1448,3,1916,True,HpJaz1TgTzandP0YVIXdJA
2677,2017,5,331,Brussels,50.86290539965009,4.332107506584776,LGmoyqibocabiV_ojr97uQ,1120,0,1204,5,1921,True,LGmoyqibocabiV_ojr97uQ
2725,2017,6,100,Brussels,50.8630770419364,4.37818011563341,ORALXyNruHFQ3ftFlPNpOQ,1329,0,1452,2,1927,True,ORALXyNruHFQ3ftFlPNpOQ
675,2014,7,215,Brussels,50.83698940227321,4.358154669966996,8jdvJPHAW_WD3LTupwnmwg,1003,0,1058,6,1928,True,8jdvJPHAW_WD3LTupwnmwg
2683,2017,5,24,Brussels,50.86295375759153,4.339328634370563,zCpPgcDxX_5iTWKeVTGMBA,141,0,141,6,1930,True,zCpPgcDxX_5iTWKeVTGMBA
1506,2009,4,120,Brussels,50.8478257947482,4.326565165250932,bbDkSqIHg_EGPmPGRx-JSQ,1332,0,1455,2,1933,True,bbDkSqIHg_EGPmPGRx-JSQ
2600,2019,4,339,Brussels,50.86202017907747,4.327091285975196,7UQynVOf0u-ONWoUO1Pl-w,225,1,1456,5,1934,True,7UQynVOf0u-ONWoUO1Pl-w
2049,2013,10,216,Brussels,50.85492485290175,4.329204853247742,o87tLZv3PHL9aBQ9PWSX8Q,1334,0,1458,1,1937,True,o87tLZv3PHL9aBQ9PWSX8Q
1659,2013,10,159,Brussels,50.84958693634483,4.328833829245786,9_MND1xYqSumu5Xd_kfebQ,1335,0,1459,4,1938,True,9_MND1xYqSumu5Xd_kfebQ
2375,2020,7,42,Brussels,50.85896045219928,4.342209860392803,Q6OdX50Zr2q4_iD1l9M2Dg,1211,0,1310,7,1940,True,Q6OdX50Zr2q4_iD1l9M2Dg
1498,2009,3,36,Brussels,50.84748565880751,4.325968837610542,-WLsgwhoWNp6NqtY6vp-zQ,1336,0,1460,2,1944,True,-WLsgwhoWNp6NqtY6vp-zQ
1181,2011,3,197,Brussels,50.84390431952931,4.324371939629216,bQyMN3v4UqRVZfdWZYG84w,977,1,1461,2,1948,True,bQyMN3v4UqRVZfdWZYG84w
1860,2009,6,312,Brussels,50.8519643228503,4.371128467820648,PyIwhH5j9My9T12-A9S71g,1300,0,1418,6,1950,True,PyIwhH5j9My9T12-A9S71g
211,2019,4,222,Brussels,50.83096071354595,4.362171720125759,X00edlkRM_syW2-2lVRxUw,453,0,464,6,1955,True,X00edlkRM_syW2-2lVRxUw
1751,2019,3,69,Brussels,50.85110279021676,4.341261381068744,bqaexPt298i4GVGHj5FJ4Q,1338,0,1464,1,1956,True,bqaexPt298i4GVGHj5FJ4Q
2849,2013,6,234,Brussels,50.86486285946488,4.352022012240574,aHVliJ6n3iI29YdXAIpUsg,181,1,1468,3,1961,True,aHVliJ6n3iI29YdXAIpUsg
66,2019,4,347,Brussels,50.8292439275161,4.373634623382429,3bncUcurqorKu1y1vdW_3g,1341,0,1469,5,1962,True,3bncUcurqorKu1y1vdW_3g
352,2019,4,60,Brussels,50.83296004779416,4.349130822742159,np1DXcdpwGYH9ZFxJI9H2A,1342,0,1470,8,1963,True,np1DXcdpwGYH9ZFxJI9H2A
203,2019,3,167,Brussels,50.8309113972845,4.354181171678934,7-2Fa3n3q_M5UKBvvbHXEw,1343,0,1471,2,1965,True,7-2Fa3n3q_M5UKBvvbHXEw
1889,2009,4,221,Brussels,50.85306593861046,4.32538688115271,EDrCF7GeTmsSTOxOLUrt_g,1344,0,1472,1,1967,True,EDrCF7GeTmsSTOxOLUrt_g
2054,2009,10,336,Brussels,50.85486336339908,4.335990179762998,k7HEh7L49m80oEWFyYk4pA,1345,0,1474,8,1969,True,k7HEh7L49m80oEWFyYk4pA
1609,2019,3,251,Brussels,50.84883640558273,4.356954306073097,QhdcwaOgxQINo7aA1C6lOQ,482,0,493,10,1971,True,QhdcwaOgxQINo7aA1C6lOQ
1066,2020,7,204,Brussels,50.84179233226516,4.356502455676354,pjfQgmmxp1ifeK6hNIkHwA,145,2,1478,1,1977,True,pjfQgmmxp1ifeK6hNIkHwA
2235,2014,7,131,Brussels,50.85689814141168,4.360460857925387,LUW55y-sKmT8DI1ZgIiCdw,677,0,697,4,1980,True,LUW55y-sKmT8DI1ZgIiCdw
1476,2017,5,35,Brussels,50.84765841357254,4.383108433614725,YVOzsrQ0AYl5an7d8so2kQ,1155,0,1246,12,1982,True,YVOzsrQ0AYl5an7d8so2kQ
1859,2018,5,128,Brussels,50.85203424544486,4.373045941442698,inerm260nL0e3EkEenh7gw,1056,0,1125,8,1983,True,inerm260nL0e3EkEenh7gw
2812,2017,5,196,Brussels,50.86512378506058,4.30693396902001,kwuM16LmiC9JSaQHu6YtUQ,1350,0,1482,3,1987,True,kwuM16LmiC9JSaQHu6YtUQ
819,2020,7,233,Brussels,50.83905601618391,4.345980524493274,AYKvNGztuosTwIqwYp_Y3g,765,0,795,7,1991,True,AYKvNGztuosTwIqwYp_Y3g
1633,2020,11,133,Brussels,50.84899571480292,4.375389926788118,CqlUUme_dJVUK6eok-zTfg,1160,1,1484,7,1993,True,CqlUUme_dJVUK6eok-zTfg
725,2017,6,25,Brussels,50.83809040848765,4.330012429824891,KmIVvdE-tWeqUaOoTyqXvg,205,0,207,5,1994,True,KmIVvdE-tWeqUaOoTyqXvg
1158,2020,6,250,Brussels,50.84298194773007,4.375282463769683,h_4jR1BXOyhvZTAePb3iOA,397,0,403,10,2002,True,h_4jR1BXOyhvZTAePb3iOA
1175,2017,5,202,Brussels,50.84401430668533,4.313090766246513,bAkKl76o5g8Ay2sH_80y9A,1249,1,1486,1,2004,True,bAkKl76o5g8Ay2sH_80y9A
2414,2009,3,213,Brussels,50.85958250718026,4.308785193129639,Va4_Bc7E6O0zZKWxxGwKhQ,529,2,1488,1,2008,True,Va4_Bc7E6O0zZKWxxGwKhQ
1358,2019,3,70,Brussels,50.84612970353076,4.339534191012912,eAWJVrU1J-RVsoDoi22pCg,402,0,408,5,2016,True,eAWJVrU1J-RVsoDoi22pCg
1802,2020,11,200,Brussels,50.8517524930781,4.314321975468146,vnFiDP3LhqML4t3_Uc3crQ,1359,0,1496,6,2022,True,vnFiDP3LhqML4t3_Uc3crQ
998,2017,5,144,Brussels,50.84118058793218,4.370285564494929,TEKn-O-et4K7oUiWf3q0bw,183,1,1498,1,2024,True,TEKn-O-et4K7oUiWf3q0bw
2234,2017,5,280,Brussels,50.8569792872308,4.359154010081705,G8djuW_1lGssQnkQmul3Ig,1361,0,1499,1,2026,True,G8djuW_1lGssQnkQmul3Ig
277,2014,7,8,Brussels,50.83178112832275,4.35003819480356,ypG_aUjGsnTgfzNIftw4qg,435,0,441,5,2031,True,ypG_aUjGsnTgfzNIftw4qg
2561,2020,7,289,Brussels,50.86105930724496,4.37169214945341,wFZijoiSSkrCtX-34r-Wzw,1364,0,1502,5,2033,True,wFZijoiSSkrCtX-34r-Wzw
1267,2019,5,131,Brussels,50.84495070025693,4.325255109175731,snbMieCgpXpDj8LHTgtcog,1365,0,1503,1,2035,True,snbMieCgpXpDj8LHTgtcog
2528,2009,4,206,Brussels,50.86141842028014,4.344923689706279,8-8-seVmMjTIiTPgHnAAkQ,1217,1,1505,1,2037,True,8-8-seVmMjTIiTPgHnAAkQ
1864,2013,7,188,Brussels,50.85190406375018,4.378085891100193,XzLZ5xHtWfsNrmhF4Scb5w,1367,0,1506,4,2038,True,XzLZ5xHtWfsNrmhF4Scb5w
1681,2010,10,38,Brussels,50.84992831743453,4.351273332363546,UPgLHIkbCNd2o9Au2f2WJA,1368,0,1507,4,2039,True,UPgLHIkbCNd2o9Au2f2WJA
1534,2019,3,303,Brussels,50.84801059808822,4.360923669484957,ze1CVN_TE8B7P0L2zF3-nQ,1106,0,1185,6,2048,True,ze1CVN_TE8B7P0L2zF3-nQ
751,2009,4,172,Brussels,50.83831256983991,4.355690802991869,rEqV8tYJjKi951ixnYN45A,478,0,489,6,2050,True,rEqV8tYJjKi951ixnYN45A
1485,2019,4,179,Brussels,50.84797231877203,4.3111648922121,LSnLjmF_g97OvMC_mtertg,1373,0,1512,2,2053,True,LSnLjmF_g97OvMC_mtertg
1215,2013,7,233,Brussels,50.84415886132334,4.35350526139293,S_GIYhz8jHRP_jDR4XZ8tw,1375,0,1514,2,2055,True,S_GIYhz8jHRP_jDR4XZ8tw
2039,2014,9,17,Brussels,50.85504434609619,4.3175251910723,0Th60b27bud7aBUBLb4lEg,1376,0,1515,1,2056,True,0Th60b27bud7aBUBLb4lEg
390,2013,6,287,Brussels,50.83400801413091,4.306842780836075,18-DbLkCH93wrWRBeBYIOg,371,1,1222,3,2059,True,18-DbLkCH93wrWRBeBYIOg
1999,2009,6,329,Brussels,50.85390851311168,4.351796430883369,I0jl_XFS205ZrU1-lwrWog,804,2,1519,6,2064,True,I0jl_XFS205ZrU1-lwrWog
2947,2019,3,168,Brussels,50.86599735130699,4.37095387619387,uZ0g2LDS_q1F7OC2FWmNEA,905,0,951,6,2066,True,uZ0g2LDS_q1F7OC2FWmNEA
2403,2013,7,340,Brussels,50.85903344126473,4.370046957219643,0pxMmzArwU2qQLNFlYHCVQ,1162,1,1521,8,2067,True,0pxMmzArwU2qQLNFlYHCVQ
1473,2019,10,17,Brussels,50.84674518176072,4.376227063041298,P2T2ClFMyuoElrdRs-doxg,536,0,550,5,2070,True,P2T2ClFMyuoElrdRs-doxg
564,2009,4,90,Brussels,50.83613651469174,4.32523450036666,sjX1CHSCSzZLcsW_AjEtzQ,1385,0,1528,2,2085,True,sjX1CHSCSzZLcsW_AjEtzQ
1912,2019,3,43,Brussels,50.85282383633163,4.348120890447611,ShuqvwRMdUFToUIht1o8tQ,382,0,387,5,2086,True,ShuqvwRMdUFToUIht1o8tQ
1610,2009,4,276,Brussels,50.84876428219806,4.356407276177567,h04QvmpeOhztEar6LqbGSw,1269,0,1379,7,2094,True,h04QvmpeOhztEar6LqbGSw
1850,2013,7,242,Brussels,50.85203986719647,4.365167372813088,R3Hitij6Je_9Z7Jbxyk7UA,430,0,436,7,2107,True,R3Hitij6Je_9Z7Jbxyk7UA
2434,2009,3,299,Brussels,50.8600141699188,4.32339412787564,EkHrE8fRU49UZQ_nSzhEOQ,748,0,776,7,2109,True,EkHrE8fRU49UZQ_nSzhEOQ
1546,2019,10,252,Brussels,50.84824628778683,4.371176348107903,CxISQzAH8tiKBVtiPwNugQ,392,1,1540,7,2112,True,CxISQzAH8tiKBVtiPwNugQ
2825,2014,9,286,Brussels,50.86464907600764,4.322011382000079,4QJxEGlAbUGhbIn7Tr7AIg,1315,1,1541,1,2113,True,4QJxEGlAbUGhbIn7Tr7AIg
1514,2017,5,276,Brussels,50.84772246885472,4.339332985981803,s_DjQZ6N5wxWmY7eH2q3JQ,46,0,46,5,2118,True,s_DjQZ6N5wxWmY7eH2q3JQ
1928,2009,8,267,Brussels,50.85279918894054,4.362684795913845,laJUNwnWYklHGypltjCgSQ,384,0,389,9,2120,True,laJUNwnWYklHGypltjCgSQ
2522,2009,6,181,Brussels,50.86094794731383,4.335122625494535,Bas8rZiqzOe110F2jDSpcw,608,0,623,5,2122,True,Bas8rZiqzOe110F2jDSpcw
2109,2009,3,68,Brussels,50.8560428398807,4.308021772851885,ug0xKI7w15UV1ADOpjEpvQ,1401,0,1548,7,2129,True,ug0xKI7w15UV1ADOpjEpvQ
1422,2019,5,48,Brussels,50.84728288634728,4.325653399206749,wtRX0ON86GT2UDfMaA0HzA,531,0,545,5,2133,True,wtRX0ON86GT2UDfMaA0HzA
2310,2009,6,309,Brussels,50.85794680769907,4.353245742749927,7ROETSTg42M3D9-gUYJiPA,1404,0,1551,1,2136,True,7ROETSTg42M3D9-gUYJiPA
1135,2014,7,230,Brussels,50.84297686290206,4.34918173554026,qNroBWS1jUlYIrfJywMI7A,1268,0,1376,5,2138,True,qNroBWS1jUlYIrfJywMI7A
730,2017,6,208,Brussels,50.83769910885373,4.335061992430401,TJP4eT3oJPA8roC5Jzr25Q,1406,0,1554,1,2140,True,TJP4eT3oJPA8roC5Jzr25Q
2671,2013,10,301,Brussels,50.86297850304952,4.326223886577444,sEB3AEvYqQU4KPSwyc9i6w,293,1,1555,2,2141,True,sEB3AEvYqQU4KPSwyc9i6w
2598,2009,10,130,Brussels,50.861958909709,4.33023209660291,V1z--t0RaWYiRsi93-14vA,1408,0,1558,4,2147,True,V1z--t0RaWYiRsi93-14vA
2327,2020,11,327,Brussels,50.85794419929579,4.376297554892684,VaWzFR41ruY9uj6m0SGpVA,758,1,1561,3,2153,True,VaWzFR41ruY9uj6m0SGpVA
580,2009,4,192,Brussels,50.83578814298507,4.340825370968669,0ODBKFNUYhZyAYjcZcJM9w,1412,0,1563,2,2157,True,0ODBKFNUYhZyAYjcZcJM9w
2592,2009,6,303,Brussels,50.86181714349502,4.324151693304523,HCCPy1W7_33Ej0CKhLr1cQ,1413,0,1564,4,2158,True,HCCPy1W7_33Ej0CKhLr1cQ
723,2013,6,205,Brussels,50.83802209307065,4.328114444122059,DiaNlbTVruLufraH9gorsg,1414,0,1565,1,2159,True,DiaNlbTVruLufraH9gorsg
2052,2013,7,75,Brussels,50.85523459211395,4.330010661699822,7ed3COaOEv3O3F2e4qdEKA,817,0,849,4,2161,True,7ed3COaOEv3O3F2e4qdEKA
32,2019,3,17,Brussels,50.82900065590097,4.339114351725652,hvJW95Wg7BMIW-T8AcnjxA,29,1,1566,1,2163,True,hvJW95Wg7BMIW-T8AcnjxA
494,2019,5,26,Brussels,50.83503283034629,4.333137743864629,rBLLof4X86GfavS5zTW75A,1418,0,1570,4,2169,True,rBLLof4X86GfavS5zTW75A
1292,2014,7,198,Brussels,50.84484739887635,4.34904450453505,cTZzkThDVO2VkdEESuCCmQ,1420,0,1572,5,2171,True,cTZzkThDVO2VkdEESuCCmQ
2220,2009,6,344,Brussels,50.85693266699782,4.337219709546137,YpqZJac25MPfN9YtSIczMQ,595,0,610,3,2176,True,YpqZJac25MPfN9YtSIczMQ
132,2009,6,62,Brussels,50.82998232079973,4.361184838681842,9GFReLm-GzK34bNMgKDNZg,1416,0,1568,7,2180,True,9GFReLm-GzK34bNMgKDNZg
2399,2020,7,141,Brussels,50.85875472700457,4.367038015734051,5HtjpWx-8Bxleh7OqEUJGg,1426,0,1578,5,2184,True,5HtjpWx-8Bxleh7OqEUJGg
1126,2019,4,234,Brussels,50.84302739982049,4.339171458196363,Ewl0sOoau1ummtOYw-v4Dw,1427,0,1579,9,2185,True,Ewl0sOoau1ummtOYw-v4Dw
286,2013,7,69,Brussels,50.8319861334331,4.359121262937486,0MvpPrbZqtf4HG0WzwvjrA,1428,0,1580,6,2186,True,0MvpPrbZqtf4HG0WzwvjrA
2901,2018,10,276,Brussels,50.86586411714259,4.325161657046329,sqVdwbzW3_SLGrGHRCcgdw,114,0,114,8,2188,True,sqVdwbzW3_SLGrGHRCcgdw
2599,2009,6,172,Brussels,50.86192091647484,4.331973532553234,zJph7s7EDwdIvlYBVlD8TQ,401,0,407,3,2191,True,zJph7s7EDwdIvlYBVlD8TQ
512,2009,4,44,Brussels,50.83513915019158,4.350955269888486,eYIxtR-Ld0cg3avBMJ3_gg,1237,0,1343,6,2196,True,eYIxtR-Ld0cg3avBMJ3_gg
1114,2009,8,170,Brussels,50.84273609268276,4.329910948331031,ml5goZfZAlQ9-vB5vBYfxw,924,1,1585,2,2197,True,ml5goZfZAlQ9-vB5vBYfxw
2011,2020,11,14,Brussels,50.85384144836833,4.367650186127983,CajlMmEdaVaERGcULMVeZw,1435,0,1588,6,2202,True,CajlMmEdaVaERGcULMVeZw
2314,2019,5,313,Brussels,50.85808905060262,4.363263685989418,AhEYxF4UPQBr3whemoJlSg,1436,0,1589,7,2205,True,AhEYxF4UPQBr3whemoJlSg
2596,2017,5,298,Brussels,50.86223976051057,4.328094478111353,YUjxpqdCMSycgkauSl73bA,1438,0,1591,1,2209,True,YUjxpqdCMSycgkauSl73bA
1131,2020,7,304,Brussels,50.84305950715075,4.347864907070536,bLFwm26us_cBQBquwV1UwA,1439,0,1592,4,2211,True,bLFwm26us_cBQBquwV1UwA
2471,2013,7,277,Brussels,50.85999735850725,4.362348958222584,FaQUvEdSntqWU2uAF7eMGg,1382,0,1524,5,2214,True,FaQUvEdSntqWU2uAF7eMGg
420,2019,3,165,Brussels,50.83377726180748,4.337579384351322,pncp_TnNuXkuvBgopR-6aQ,1440,0,1594,4,2215,True,pncp_TnNuXkuvBgopR-6aQ
1894,2009,4,231,Brussels,50.8529308524146,4.331114320753529,lro5mYgG3asU7pgABsiX_Q,1441,0,1595,5,2216,True,lro5mYgG3asU7pgABsiX_Q
1335,2014,9,353,Brussels,50.84527578997042,4.322202364735439,JHC4LffH7NBZ5v1-lN0MKg,543,1,1597,2,2219,True,JHC4LffH7NBZ5v1-lN0MKg
2236,2013,7,334,Brussels,50.85714979977119,4.360888598539588,UrI3RJcrNVe5mximoAy8hA,770,1,1604,2,2230,True,UrI3RJcrNVe5mximoAy8hA
1994,2014,7,206,Brussels,50.85402442364624,4.356147869499026,mih11-Y9QJ9I-twW8uxnIA,1448,0,1605,1,2231,True,mih11-Y9QJ9I-twW8uxnIA
1942,2013,7,243,Brussels,50.8529093152726,4.376263376786032,BJecJiBUg3mBrZP7IMnvaw,1046,0,1112,3,2235,True,BJecJiBUg3mBrZP7IMnvaw
374,2019,4,251,Brussels,50.83294079170082,4.369273501184028,eWdk5srvV8xpbDtdKd-dRA,1158,0,1249,7,2236,True,eWdk5srvV8xpbDtdKd-dRA
1619,2020,11,255,Brussels,50.84906094958058,4.360872427243688,MYR4619HZu680dQgVdr-ng,364,1,1462,5,2238,True,MYR4619HZu680dQgVdr-ng
1627,2014,7,183,Brussels,50.84898150917051,4.374107331432736,ay2EUuCliwSJltcAT6Z2Hg,185,0,186,5,2240,True,ay2EUuCliwSJltcAT6Z2Hg
1361,2009,4,145,Brussels,50.84539039837929,4.344310707129079,G2BEgrk_BKYiEoRK3CgMeg,1453,0,1610,3,2244,True,G2BEgrk_BKYiEoRK3CgMeg
236,2019,5,135,Brussels,50.8321475737895,4.309469180577536,BRjjxAlUb59Jd1cw_8F5tQ,1000,1,1611,2,2247,True,BRjjxAlUb59Jd1cw_8F5tQ
2365,2014,9,238,Brussels,50.85883921130856,4.330896178532108,oO_lJEQ6YQQ7Pyn-yT80bA,1454,0,1612,2,2248,True,oO_lJEQ6YQQ7Pyn-yT80bA
540,2009,9,337,Brussels,50.83482002620487,4.379384386461211,YSLPHN_sp3a8CqU5hV9WZw,393,1,1613,2,2250,True,YSLPHN_sp3a8CqU5hV9WZw
1712,2019,4,317,Brussels,50.8501798643128,4.37987471054354,L68VXj8_ia1kSrqmbmh-8w,832,1,1615,2,2254,True,L68VXj8_ia1kSrqmbmh-8w
2460,2019,3,242,Brussels,50.85979392550328,4.344973936642456,gDrAD1vbpbY2G78h5OAMQw,1456,0,1617,5,2256,True,gDrAD1vbpbY2G78h5OAMQw
1439,2019,4,315,Brussels,50.84703261382786,4.337847669836975,VyIQQyYl9AtG6AmNJiEbqw,1457,0,1618,6,2258,True,VyIQQyYl9AtG6AmNJiEbqw
1183,2020,7,190,Brussels,50.84433116193166,4.320517223931496,XDjA7nz9RjRJ_qyxAsW7aQ,1458,0,1619,3,2259,True,XDjA7nz9RjRJ_qyxAsW7aQ
1341,2009,4,327,Brussels,50.84624793180627,4.325729554046171,-R2WrgVmXoAf479CIlWAxg,1461,0,1622,1,2265,True,-R2WrgVmXoAf479CIlWAxg
350,2020,6,254,Brussels,50.83319281712563,4.345280839323244,hk2fEi5ayFOnEYG1EddZDQ,1265,0,1373,6,2274,True,hk2fEi5ayFOnEYG1EddZDQ
2840,2009,4,226,Brussels,50.86494180531563,4.334283912523832,Vgb1-tGwflpk5s-JO4SNAg,1470,0,1633,5,2286,True,Vgb1-tGwflpk5s-JO4SNAg
433,2014,7,19,Brussels,50.83398993477405,4.350235816009185,kyi02l-E6AIbbesOAGrwIg,1472,0,1635,7,2288,True,kyi02l-E6AIbbesOAGrwIg
2721,2013,7,77,Brussels,50.86312916314051,4.379223429889892,I87GSj3gRIWjnrVcN7lEVg,1474,0,1637,2,2291,True,I87GSj3gRIWjnrVcN7lEVg
1031,2009,3,309,Brussels,50.84210243306064,4.32200605630807,eDfPhxuHl_JzC7MWCHRfew,438,0,447,4,2304,True,eDfPhxuHl_JzC7MWCHRfew
1284,2019,4,78,Brussels,50.84488631080094,4.344176678967219,dkBroMz7adEYm1q9lsBc-g,1480,0,1643,1,2305,True,dkBroMz7adEYm1q9lsBc-g
2594,2019,4,298,Brussels,50.86209891000585,4.328898515150072,GiSxYQOVf05-88WLO2QohA,1481,0,1644,5,2309,True,GiSxYQOVf05-88WLO2QohA
1936,2014,8,189,Brussels,50.85292479365589,4.37524738541283,zXLdh2jtwt6c0QCK_GcKAg,340,0,344,5,2320,True,zXLdh2jtwt6c0QCK_GcKAg
2694,2019,3,81,Brussels,50.86292845881702,4.353577940813921,wFQGToPj4JtZcvzNGIITuQ,1489,0,1652,2,2330,True,wFQGToPj4JtZcvzNGIITuQ
2555,2020,7,226,Brussels,50.86095357600622,4.365125249320307,2P1E1Q4fYW1NOeeBj6H6aw,1492,0,1655,4,2335,True,2P1E1Q4fYW1NOeeBj6H6aw
324,2013,6,180,Brussels,50.83284683708887,4.319014578633009,InFHEw_BrITJv3YRgCZSqw,468,1,1657,3,2338,True,InFHEw_BrITJv3YRgCZSqw
1423,2009,4,302,Brussels,50.84679873773604,4.328471868221754,N-ev3yK3zvSyfMw25hGpuQ,1495,0,1660,4,2345,True,N-ev3yK3zvSyfMw25hGpuQ
1965,2013,10,158,Brussels,50.85391183222257,4.319191538977908,PQnJEujFpy4Y_-Qyo9TbnQ,1497,0,1662,2,2347,True,PQnJEujFpy4Y_-Qyo9TbnQ
219,2013,7,161,Brussels,50.83109011402683,4.370173242997102,o5SFdscLc9nOWiOzcEyGzg,1150,0,1241,4,2351,True,o5SFdscLc9nOWiOzcEyGzg
2785,2017,6,339,Brussels,50.86401333708632,4.3621779197514,2gFAHrX_q9y4yvzqKYBEnA,236,1,1665,3,2355,True,2gFAHrX_q9y4yvzqKYBEnA
2115,2017,5,342,Brussels,50.85582876838652,4.316513265637367,xSkzA39ZSnwevq0QSOIytg,1216,0,1315,5,2358,True,xSkzA39ZSnwevq0QSOIytg
2350,2009,3,255,Brussels,50.85893304226122,4.316621691343407,Kujx5EaenRR6EAla-ZEuiw,992,0,1046,4,2360,True,Kujx5EaenRR6EAla-ZEuiw
1511,2019,4,129,Brussels,50.84812231522772,4.333903473662123,76rn4Yqb0sEgA6-jj71-_g,1500,0,1666,8,2364,True,76rn4Yqb0sEgA6-jj71-_g
2096,2013,7,345,Brussels,50.85498616464876,4.374086644093257,Sk_vC3GV3cV4gCuL0Td18w,616,1,1671,1,2373,True,Sk_vC3GV3cV4gCuL0Td18w
2961,2014,7,79,Brussels,50.86562168609201,4.383477169913103,UWewv4mxtGcNNdPBeAY1mw,1506,0,1674,1,2377,True,UWewv4mxtGcNNdPBeAY1mw
1678,2020,7,210,Brussels,50.84993673449637,4.346217654286618,HPpqStJt86rq9oRnVzEKRg,1463,0,1624,5,2388,True,HPpqStJt86rq9oRnVzEKRg
237,2020,7,259,Brussels,50.83182751338965,4.309947333315466,J_RgV0WnjTF2LKHxjZ_FrA,1513,0,1681,5,2389,True,J_RgV0WnjTF2LKHxjZ_FrA
2213,2013,10,350,Brussels,50.85690464983487,4.334251688881455,i_AatCwCc-wEyLOkuuNV2Q,884,0,924,8,2391,True,i_AatCwCc-wEyLOkuuNV2Q
1831,2009,10,185,Brussels,50.85200860599101,4.345101892469476,WPn-tdNnnIJ6mIFGLqbUyQ,1516,0,1684,5,2397,True,WPn-tdNnnIJ6mIFGLqbUyQ
2913,2009,4,305,Brussels,50.86592956051249,4.331133587036474,CkmKmDpatFDzb445glxszw,1517,0,1685,6,2398,True,CkmKmDpatFDzb445glxszw
1642,2017,6,86,Brussels,50.85027801298557,4.315626363178597,d5f7jL-jxMtTH_iHj8T9fQ,1048,1,1687,1,2403,True,d5f7jL-jxMtTH_iHj8T9fQ
2063,2013,10,188,Brussels,50.85494955196454,4.342430026800026,jlm_52i0DYgcFsAzLGpLUQ,290,2,1108,5,2410,True,jlm_52i0DYgcFsAzLGpLUQ
1316,2020,11,225,Brussels,50.84517288327473,4.375255265990641,BIA6I6qYRYkLhacy6ahkTQ,1522,0,1692,2,2412,True,BIA6I6qYRYkLhacy6ahkTQ
1954,2019,5,169,Brussels,50.85392487067758,4.313231155952467,9i2A3SsJzVwqCHqO83y4RQ,1524,0,1694,3,2415,True,9i2A3SsJzVwqCHqO83y4RQ
340,2019,3,283,Brussels,50.83317050204471,4.335542314584226,mJ3R6l8pIhDhodb1sktNVQ,35,0,35,5,2416,True,mJ3R6l8pIhDhodb1sktNVQ
348,2019,3,302,Brussels,50.83286304279161,4.343255405276298,qg2fHgPGt63MccCccph33w,561,0,576,10,2419,True,qg2fHgPGt63MccCccph33w
2117,2017,5,249,Brussels,50.85623677768794,4.320423215636692,tcANr-UKsECgeHp3kzBZ2A,1528,0,1698,2,2426,True,tcANr-UKsECgeHp3kzBZ2A
809,2020,7,212,Brussels,50.83905320890039,4.335143900254815,Cp1AAznz0Zl_paE9leAbVA,1415,0,1567,4,2427,True,Cp1AAznz0Zl_paE9leAbVA
2246,2009,6,168,Brussels,50.85702466621062,4.367747434120567,VcYmy7DxGrmhPf0iBYF2kQ,292,0,296,7,2428,True,VcYmy7DxGrmhPf0iBYF2kQ
2722,2019,4,126,Brussels,50.86303477161878,4.377480168326869,S0x_7RBnFu5LcbIZZP_Onw,1016,1,1699,2,2429,True,S0x_7RBnFu5LcbIZZP_Onw
1532,2014,7,288,Brussels,50.84787652787533,4.357392360770138,Q-BJWRl95mdUFUPIquvLow,1523,0,1693,7,2435,True,Q-BJWRl95mdUFUPIquvLow
593,2014,7,49,Brussels,50.83583363498951,4.353396059137113,G0aNwm8WeblgFli52-VUWw,1532,0,1705,2,2439,True,G0aNwm8WeblgFli52-VUWw
1045,2014,7,202,Brussels,50.84199435819585,4.334135878651924,d41bfyZDYxldb-oWGSVXnQ,986,1,1706,3,2440,True,d41bfyZDYxldb-oWGSVXnQ
2569,2020,11,52,Brussels,50.86099682696685,4.384262649102762,vFGZG9pxWKqPafRORfOnWg,1536,0,1710,1,2445,True,vFGZG9pxWKqPafRORfOnWg
1974,2014,9,197,Brussels,50.85437282344156,4.331093361480714,SEKB9vLKPKGyOgFiBg_-xg,686,0,706,4,2448,True,SEKB9vLKPKGyOgFiBg_-xg
1284,2009,4,253,Brussels,50.84489506727616,4.344154105793095,FfKe_vFMLHIR6sfzb5-nSQ,1480,1,1713,3,2453,True,FfKe_vFMLHIR6sfzb5-nSQ
2294,2020,7,273,Brussels,50.85806145466152,4.344140331589617,0dXq-otGcakzUV5nS8vliQ,625,1,1714,1,2454,True,0dXq-otGcakzUV5nS8vliQ
2297,2020,7,358,Brussels,50.85776143694178,4.343438653907161,jKRpBIrmxM3Xe3Zuau3E-w,1110,1,1719,1,2463,True,jKRpBIrmxM3Xe3Zuau3E-w
1104,2019,5,18,Brussels,50.84330612527376,4.316114700124145,ZWwfLmwhKFrmqDE8PIXUfQ,1543,0,1720,1,2466,True,ZWwfLmwhKFrmqDE8PIXUfQ
393,2009,8,230,Brussels,50.83404224568861,4.310232258406815,7BTd-XN0CCgsMxi2P3jh0g,1545,0,1722,2,2468,True,7BTd-XN0CCgsMxi2P3jh0g
2260,2009,5,342,Brussels,50.85711418270226,4.382372420130459,52MGYM4Jus0-PFTlKTz0Hg,1546,0,1723,5,2473,True,52MGYM4Jus0-PFTlKTz0Hg
622,2009,4,72,Brussels,50.83605047149089,4.383288084548633,Aizkswmb0OHyhE-_MEDgog,1548,0,1725,2,2476,True,Aizkswmb0OHyhE-_MEDgog
2239,2020,7,304,Brussels,50.85705786531449,4.361944535198713,V5vakI3e2eeSTWI9GODkgQ,1549,0,1726,2,2477,True,V5vakI3e2eeSTWI9GODkgQ
241,2009,3,245,Brussels,50.83208701953516,4.314432336155928,iihKXEM6u4k55Ju2SGucrw,1550,0,1727,2,2478,True,iihKXEM6u4k55Ju2SGucrw
1654,2014,9,240,Brussels,50.84997483680241,4.324097844905196,YghxN91vvSQN-G5R9sfeNA,1551,0,1728,4,2481,True,YghxN91vvSQN-G5R9sfeNA
1282,2009,4,209,Brussels,50.84507423275407,4.343060236102279,8LCHKA3jaj91uDWEBgKaaQ,1552,0,1729,5,2482,True,8LCHKA3jaj91uDWEBgKaaQ
395,2019,5,191,Brussels,50.83365257215191,4.313767980481868,etGzlQ2IHJCgK78S6DOUtg,921,0,969,3,2498,True,etGzlQ2IHJCgK78S6DOUtg
2739,2017,5,239,Brussels,50.86399559681734,4.314111585661718,dwICN4HumArU9ZL0T8eSbw,1561,0,1738,1,2499,True,dwICN4HumArU9ZL0T8eSbw
2726,2020,6,49,Brussels,50.8630104009132,4.380027230314204,Lq28GzFroFV7maSA1nnr5g,1281,1,1739,2,2501,True,Lq28GzFroFV7maSA1nnr5g
2758,2019,5,35,Brussels,50.86394865611567,4.335214590261012,eDcuM156snV2X_Pf2VCelQ,1563,0,1742,4,2509,True,eDcuM156snV2X_Pf2VCelQ
1696,2009,4,234,Brussels,50.85001835728828,4.366320840280287,XvFv5-wR3NWdTTF7vu8LeQ,1149,0,1240,6,2513,True,XvFv5-wR3NWdTTF7vu8LeQ
1271,2017,5,106,Brussels,50.84548043880604,4.331942546852368,9xzIcePgs0Q9EID2CT35Pw,654,1,1744,2,2514,True,9xzIcePgs0Q9EID2CT35Pw
338,2020,10,119,Brussels,50.83255926298252,4.333833913293754,oZF3OWsvugsatlqVyJ0nWA,27,0,27,8,2516,True,oZF3OWsvugsatlqVyJ0nWA
992,2013,7,214,Brussels,50.84052322897999,4.363705239237439,jOEl5IitUsx8S066v_2jfQ,316,0,320,5,2517,True,jOEl5IitUsx8S066v_2jfQ
840,2013,7,347,Brussels,50.83911253200412,4.367392959900103,_K4aBR1j25BIbqff3j-olg,1151,1,1748,2,2520,True,_K4aBR1j25BIbqff3j-olg
113,2014,7,212,Brussels,50.83005355010592,4.342167084197962,sbo7APh3V-OE3jzyZgUcKQ,1568,0,1751,4,2525,True,sbo7APh3V-OE3jzyZgUcKQ
599,2009,4,235,Brussels,50.83601654700641,4.360201245622784,8dZn2uiwY3lBs4DUe8KGaQ,1527,0,1697,5,2526,True,8dZn2uiwY3lBs4DUe8KGaQ
326,2017,6,73,Brussels,50.83314313027761,4.32165980772182,d2dWYZLEVUiRr9BDPSoXVw,1080,1,1752,1,2527,True,d2dWYZLEVUiRr9BDPSoXVw
1065,2020,7,64,Brussels,50.84201642304955,4.356268562540669,M7y_WtOYlIT9EUqR-Zilww,427,1,1753,1,2528,True,M7y_WtOYlIT9EUqR-Zilww
1914,2014,7,217,Brussels,50.85296815860891,4.35431792202597,Hgax-hT23wKB1n6bfIHWEg,1571,0,1756,4,2534,True,Hgax-hT23wKB1n6bfIHWEg
106,2013,6,236,Brussels,50.83011816770964,4.335022181527445,226DN9nSYRbDNwXV3wv_4g,1187,1,1758,3,2536,True,226DN9nSYRbDNwXV3wv_4g
1829,2020,11,190,Brussels,50.85190668199589,4.341283792067591,6114U_TuoaSnI5ukrqZ3PA,162,0,163,6,2538,True,6114U_TuoaSnI5ukrqZ3PA
595,2020,7,75,Brussels,50.83607420033761,4.356200697025233,CwKSBP8MRIewFdHCCi3vtw,1437,0,1590,9,2540,True,CwKSBP8MRIewFdHCCi3vtw
625,2014,9,78,Brussels,50.83713892467088,4.308098772726955,X00epuD0WSaUQwaNwzrzGQ,1574,0,1760,2,2541,True,X00epuD0WSaUQwaNwzrzGQ
820,2014,7,326,Brussels,50.83905374838178,4.347556765043183,xy1QMhXkCPQlHcYLGCNY4w,1576,0,1762,4,2545,True,xy1QMhXkCPQlHcYLGCNY4w
511,2014,7,70,Brussels,50.8348405888466,4.350301700208484,BSak2XwAAF-yXbvx_Ock2w,1023,0,1086,4,2548,True,BSak2XwAAF-yXbvx_Ock2w
2633,2013,7,18,Brussels,50.8619744034029,4.360209656034257,k5iZ-p_Po_QHIGSzIcI9Fg,1577,0,1763,2,2549,True,k5iZ-p_Po_QHIGSzIcI9Fg
294,2009,8,7,Brussels,50.8320165918768,4.367154818837465,YLQ_g0tahkyJhgLffhFwDg,1578,0,1764,6,2550,True,YLQ_g0tahkyJhgLffhFwDg
1358,2009,4,236,Brussels,50.84611687177181,4.33954436877108,VW30_IYE4pNw0y_UULMiGQ,402,1,1766,2,2554,True,VW30_IYE4pNw0y_UULMiGQ
526,2019,4,7,Brussels,50.83500360769347,4.365168243778802,3VQno0ug5qS2WcWCC8M6HQ,1066,1,1767,3,2556,True,3VQno0ug5qS2WcWCC8M6HQ
10,2013,6,63,Brussels,50.82903535936903,4.317146878820321,YVxsfy6ZLdUgLOYEDGoNrQ,1580,0,1768,7,2559,True,YVxsfy6ZLdUgLOYEDGoNrQ
1860,2013,7,137,Brussels,50.85195472821532,4.371119690024034,_Z_SNhbnogMZvT4lNzj1kQ,1300,1,1769,1,2561,True,_Z_SNhbnogMZvT4lNzj1kQ
2386,2009,4,81,Brussels,50.85890810040983,4.352313225271134,jUj_1qCKfJHT4IYkx29f7Q,1054,0,1123,3,2563,True,jUj_1qCKfJHT4IYkx29f7Q
897,2009,4,260,Brussels,50.83995033858702,4.346507791569411,an7fzQf5Plkn6wWrO-96ag,1581,0,1770,2,2565,True,an7fzQf5Plkn6wWrO-96ag
1813,2013,6,329,Brussels,50.85229193574635,4.326658857717786,gqMBZriMhYgpxGCL4rZHdw,1078,1,1771,1,2566,True,gqMBZriMhYgpxGCL4rZHdw
2809,2017,5,237,Brussels,50.86514598223278,4.309085394608515,ykh-iI1TVKVVVtUqhAv3jQ,323,1,1772,1,2568,True,ykh-iI1TVKVVVtUqhAv3jQ
2365,2013,10,264,Brussels,50.85884587176837,4.330874854959349,2ckt8d09vdRwXNjI_69k7g,1454,1,1777,1,2576,True,2ckt8d09vdRwXNjI_69k7g
2489,2014,7,237,Brussels,50.86020642439255,4.379570654695416,CApuUUjxeMA7TvRN_C3HrQ,57,0,57,8,2577,True,CApuUUjxeMA7TvRN_C3HrQ
354,2020,6,262,Brussels,50.83321905816987,4.348185685567302,Po1URJX7Av3oLBb6LjsiQg,1544,0,1721,6,2578,True,Po1URJX7Av3oLBb6LjsiQg
2554,2020,6,310,Brussels,50.86088745976312,4.371078755588838,algTciObLZBnjmTVLh2IOw,578,0,593,6,2581,True,algTciObLZBnjmTVLh2IOw
2327,2019,4,157,Brussels,50.85794376872222,4.376272589062444,wdq7O9_PoyKQaoltMGM1CA,758,0,788,4,2583,True,wdq7O9_PoyKQaoltMGM1CA
2325,2009,4,303,Brussels,50.85800504674893,4.367167085237051,7PF-cidXQSgWBkQfre5KYQ,776,0,807,4,2593,True,7PF-cidXQSgWBkQfre5KYQ
805,2017,5,163,Brussels,50.83904570570233,4.332246763930029,iM66kYElSk3jSxUd7WVC6g,1445,1,1786,1,2603,True,iM66kYElSk3jSxUd7WVC6g
2418,2009,9,13,Brussels,50.86006649665961,4.307274504554549,IoB0Q-ISafjqWkZ-C4darg,59,2,1787,4,2604,True,IoB0Q-ISafjqWkZ-C4darg
1583,2009,4,242,Brussels,50.84900065048945,4.330199087002092,ZaYyXIIqFeS4Sed6A7ckNw,1590,0,1788,1,2605,True,ZaYyXIIqFeS4Sed6A7ckNw
1635,2019,9,333,Brussels,50.84895051788211,4.383472314626022,AbhUIkj1_EEGT473cGPo6A,521,1,1790,8,2610,True,AbhUIkj1_EEGT473cGPo6A
638,2014,8,137,Brussels,50.83666886992107,4.321183243993868,OiNvdCwb4t9QZ7Iabs8_5w,1234,1,1792,2,2613,True,OiNvdCwb4t9QZ7Iabs8_5w
1252,2019,5,331,Brussels,50.845042899177,4.311252011958965,GorRGguUvmEBxUAIv2IXvA,1119,1,1794,3,2617,True,GorRGguUvmEBxUAIv2IXvA
1757,2013,7,108,Brussels,50.8510841790929,4.349203799009169,aIwmwqrD7Ac4Beb2_lJxHQ,799,0,830,6,2619,True,aIwmwqrD7Ac4Beb2_lJxHQ
1771,2020,7,93,Brussels,50.85120287495916,4.359348019426792,UuZzPDB06tVafQQcMN9dQQ,381,0,386,8,2620,True,UuZzPDB06tVafQQcMN9dQQ
1107,2009,8,318,Brussels,50.84257290019055,4.321935112367385,PZ8ErsU4muNCQ-cJEnOQ2g,1593,0,1795,5,2621,True,PZ8ErsU4muNCQ-cJEnOQ2g
1874,2014,9,79,Brussels,50.85304641735583,4.315269545972471,8NRvoroFHMZXbTwdmpo7AA,1594,0,1796,3,2623,True,8NRvoroFHMZXbTwdmpo7AA
2893,2013,10,312,Brussels,50.86605566206793,4.308126115013404,Wl2MRIFhIF7cky4VZpZEKA,87,1,1798,1,2628,True,Wl2MRIFhIF7cky4VZpZEKA
1705,2019,5,204,Brussels,50.85005110299987,4.372209454702229,jwPZBXBFVBfT-CBI74hXrw,1092,0,1169,8,2631,True,jwPZBXBFVBfT-CBI74hXrw
161,2009,3,334,Brussels,50.83088397168392,4.3113151638117,kZ94X1Ak8OsWoC8i9UEDHg,1596,0,1800,2,2633,True,kZ94X1Ak8OsWoC8i9UEDHg
1310,2009,4,243,Brussels,50.8450283762959,4.370055887883084,_psRLsZmR8wAmTMv8eCqCg,388,0,393,7,2635,True,_psRLsZmR8wAmTMv8eCqCg
1129,2013,7,283,Brussels,50.8429352904881,4.34338124556444,8hwVkp6ba84XWowyA_MdoA,618,0,633,4,2636,True,8hwVkp6ba84XWowyA_MdoA
728,2019,4,11,Brussels,50.83803026645509,4.333018041025934,AMQP3Maj7EyE0JGKHz0H_w,461,1,1802,2,2637,True,AMQP3Maj7EyE0JGKHz0H_w
444,2009,9,347,Brussels,50.83422099704258,4.360950735197354,1cqcAfnVVcrqEwqK_0avHQ,56,0,56,7,2640,True,1cqcAfnVVcrqEwqK_0avHQ
1297,2019,9,268,Brussels,50.8450374300541,4.356372127187511,tK1mJdoXQjPBhUHsYG5rqA,383,0,388,6,2643,True,tK1mJdoXQjPBhUHsYG5rqA
1983,2011,3,309,Brussels,50.85401304257817,4.343221966151166,Y6gilPI8HUXpABuNRhxHHg,848,0,888,3,2648,True,Y6gilPI8HUXpABuNRhxHHg
1386,2014,7,242,Brussels,50.84647490066914,4.364412792961203,7VE5dsxuw7EhX8lKQ1IqbA,517,0,529,9,2650,True,7VE5dsxuw7EhX8lKQ1IqbA
1525,2013,7,200,Brussels,50.84809984445159,4.347115881212381,UzKD164iVNzm_pkqe3cLNQ,1271,1,1807,3,2652,True,UzKD164iVNzm_pkqe3cLNQ
257,2010,10,116,Brussels,50.83265872037648,4.330757827393205,Hod9zLsnLl8Gk57IMoZPHg,1483,0,1646,7,2656,True,Hod9zLsnLl8Gk57IMoZPHg
2300,2020,7,46,Brussels,50.85792130322497,4.341177007604974,Oya8MnEGJiEF3J530O2xYQ,1451,0,1608,6,2657,True,Oya8MnEGJiEF3J530O2xYQ
60,2009,6,273,Brussels,50.82914078350194,4.36714000833966,tWIac6C02BGr-L3k71v5yA,233,1,1810,2,2660,True,tWIac6C02BGr-L3k71v5yA
452,2013,7,149,Brussels,50.8341527857208,4.369449544462558,LF9rdwiM_bq7BsvoL8xaNA,1304,0,1422,6,2663,True,LF9rdwiM_bq7BsvoL8xaNA
743,2020,7,191,Brussels,50.83785309908711,4.348098010421392,CTeF0PGwvXRwnYiDas1KJw,1603,0,1811,4,2664,True,CTeF0PGwvXRwnYiDas1KJw
411,2013,6,52,Brussels,50.83371013637748,4.327953641649091,fRDCYUmivorNNls5zvlS_g,697,0,718,4,2665,True,fRDCYUmivorNNls5zvlS_g
1804,2017,5,211,Brussels,50.85201345787455,4.316093026055593,IKGeBG3LatH5MkwUNwgsJA,1604,0,1812,1,2669,True,IKGeBG3LatH5MkwUNwgsJA
1818,2013,7,266,Brussels,50.85205466379227,4.330013807912319,RvT6-YEhM4yn_KA8G8RTTg,1004,1,1813,2,2670,True,RvT6-YEhM4yn_KA8G8RTTg
2955,2013,6,252,Brussels,50.8659246241352,4.378068474604714,b3f98gJ7XL_cXc2tHmkmcA,1606,0,1815,4,2674,True,b3f98gJ7XL_cXc2tHmkmcA
41,2019,3,182,Brussels,50.82869088587296,4.348932919183076,99GU87JNrLUygpFwZKXA1w,122,1,1817,2,2676,True,99GU87JNrLUygpFwZKXA1w
1407,2019,5,37,Brussels,50.84706700170064,4.310178713674262,AmxJdFgkItePHkHEMZ3BkQ,1609,0,1819,2,2680,True,AmxJdFgkItePHkHEMZ3BkQ
2040,2017,5,259,Brussels,50.85467092903978,4.314508430904796,WtD-TxVo1PjieFAA_EwQdA,647,1,1821,2,2686,True,WtD-TxVo1PjieFAA_EwQdA
1423,2020,11,121,Brussels,50.8467971322723,4.328522603697506,4zL5w9rfM4QQ8cG2Xv9ZsA,1495,1,1827,5,2696,True,4zL5w9rfM4QQ8cG2Xv9ZsA
1822,2013,7,196,Brussels,50.85183963084153,4.335098413365702,9oVc7qLRlqgVjbRxzrNd6Q,548,0,562,4,2700,True,9oVc7qLRlqgVjbRxzrNd6Q
459,2014,7,6,Brussels,50.83411940311345,4.376482650041623,s5aNpXL4HyRt4T2Q8AP0mA,1617,0,1829,4,2704,True,s5aNpXL4HyRt4T2Q8AP0mA
2344,2009,8,316,Brussels,50.85900835158621,4.3121403242167,UZtpLXtdtkRYOCLDJanwyw,1619,0,1831,4,2711,True,UZtpLXtdtkRYOCLDJanwyw
963,2019,4,231,Brussels,50.84121291518218,4.334553376281752,o_oBdlvXHTFoD8qzxN_wTA,1620,0,1832,4,2714,True,o_oBdlvXHTFoD8qzxN_wTA
2047,2014,9,299,Brussels,50.85495095746356,4.32623097717625,xMG1Q-PgykWOOmzgJuvVpQ,1621,0,1833,4,2715,True,xMG1Q-PgykWOOmzgJuvVpQ
2065,2013,7,253,Brussels,50.85509258226821,4.345002559592905,E32wFTl9H_B8M4xbiJhv1w,1625,0,1837,4,2721,True,E32wFTl9H_B8M4xbiJhv1w
1712,2009,6,124,Brussels,50.85015860073747,4.379934813216432,bDCepR62I9vHAurHGE7JrA,832,0,869,9,2727,True,bDCepR62I9vHAurHGE7JrA
144,2014,7,34,Brussels,50.83008284253719,4.372468215104597,dK179VU9jtRQVuM19Xih9g,1628,0,1843,5,2730,True,dK179VU9jtRQVuM19Xih9g
2234,2013,7,92,Brussels,50.85699320634955,4.359096779169772,IKOC4rml3szEgv3oCpjKiw,1361,1,1844,2,2731,True,IKOC4rml3szEgv3oCpjKiw
421,2019,3,343,Brussels,50.83395275626992,4.338120989970652,lmG9MrO6m0hzXmG0DiH7jA,1631,0,1847,5,2741,True,lmG9MrO6m0hzXmG0DiH7jA
2348,2014,9,141,Brussels,50.85897057954097,4.315352143364394,-53xubadCTybX791k_VmVA,1392,0,1536,5,2744,True,-53xubadCTybX791k_VmVA
1674,2014,7,326,Brussels,50.85001644905993,4.345327044011966,dputQGB-GWLsut1dW2G6qg,1632,0,1848,4,2746,True,dputQGB-GWLsut1dW2G6qg
1418,2009,9,284,Brussels,50.84702978464956,4.322388001914829,CkODomhAN4DrkoRkMiAOAw,328,0,332,4,2751,True,CkODomhAN4DrkoRkMiAOAw
2211,2014,9,42,Brussels,50.85704738213792,4.331083578135738,78M5Mx0Qm86YAbyczOnyRA,1273,1,1851,1,2752,True,78M5Mx0Qm86YAbyczOnyRA
196,2019,4,223,Brussels,50.83105303517159,4.347393901722158,SB1o007Pykta1qNCRA5zGg,1635,0,1852,1,2754,True,SB1o007Pykta1qNCRA5zGg
166,2010,10,205,Brussels,50.83097169060255,4.317051049725421,HCU7sW1GGCTqgL27lt4-PQ,1636,0,1853,1,2755,True,HCU7sW1GGCTqgL27lt4-PQ
2819,2019,5,32,Brussels,50.86518896377313,4.314989001653198,vb1Lg8DvwnfW2NZXiRpMag,1301,0,1419,4,2756,True,vb1Lg8DvwnfW2NZXiRpMag
50,2017,5,109,Brussels,50.82879419387141,4.356829071153658,2QHkDb0bqW7n9DE5r46SYg,1641,0,1858,6,2765,True,2QHkDb0bqW7n9DE5r46SYg
997,2010,10,279,Brussels,50.84099832990641,4.371167617264799,-VhjAQN1NVCvIBxL8d716Q,1642,0,1859,2,2766,True,-VhjAQN1NVCvIBxL8d716Q
1870,2020,11,279,Brussels,50.85300404838092,4.307235460675196,RKvDjMBtLhaPijWk3GU24w,559,0,574,7,2768,True,RKvDjMBtLhaPijWk3GU24w
1701,2020,7,166,Brussels,50.84995039156188,4.370348900134469,62eaymw9FRzuePCYi62HYA,898,0,944,5,2770,True,62eaymw9FRzuePCYi62HYA
1915,2009,8,281,Brussels,50.85295708208363,4.351355988472614,o2NoRwS2fRtpuxmagF5_0g,1643,0,1860,8,2772,True,o2NoRwS2fRtpuxmagF5_0g
1065,2019,5,233,Brussels,50.8420081531744,4.356273734518631,oL973HvswKSJHFr5gpAThw,427,0,433,3,2773,True,oL973HvswKSJHFr5gpAThw
995,2020,6,110,Brussels,50.84099148647655,4.369191977317289,3iVyFQPHU7CL_0fcJBbZAw,1074,0,1145,7,2775,True,3iVyFQPHU7CL_0fcJBbZAw
642,2019,5,274,Brussels,50.83708072650074,4.325372975333652,rBffXG65549it_udEc5erw,230,0,233,5,2780,True,rBffXG65549it_udEc5erw
2066,2009,9,113,Brussels,50.85473472558532,4.343988860593664,Zx7P1VbNLGF_eKt55Sxu-A,343,1,1862,2,2782,True,Zx7P1VbNLGF_eKt55Sxu-A
2851,2020,7,250,Brussels,50.86494129859181,4.350263454934483,Dor5H6DfkoyIjTmEufmXng,1645,0,1863,7,2783,True,Dor5H6DfkoyIjTmEufmXng
1459,2020,6,224,Brussels,50.84695225745948,4.359258636806987,ie_EYlc3GlK1gM2pVQavrA,1646,0,1864,6,2784,True,ie_EYlc3GlK1gM2pVQavrA
979,2011,3,300,Brussels,50.84110321249307,4.351113417965383,atOZ2mFvwx26oitkCBp5mQ,712,0,737,6,2785,True,atOZ2mFvwx26oitkCBp5mQ
666,2019,3,305,Brussels,50.83676613127616,4.349521391929843,7ipF96KVL3L61_SWaHVEGA,655,1,1870,4,2796,True,7ipF96KVL3L61_SWaHVEGA
856,2019,9,117,Brussels,50.83900306312763,4.383960310748741,2FcJDcPGwJmc1bYahnuIOA,1651,0,1871,6,2797,True,2FcJDcPGwJmc1bYahnuIOA
2479,2017,6,195,Brussels,50.86000323201704,4.363041408337438,yKxhinnvM6xvVlVbukFyCA,418,0,424,9,2798,True,yKxhinnvM6xvVlVbukFyCA
1022,2010,10,161,Brussels,50.84186065726182,4.316305701629194,Z3js8vFzBY5DIgb8VOGf5w,1653,0,1873,2,2802,True,Z3js8vFzBY5DIgb8VOGf5w
2572,2020,6,186,Brussels,50.86124699767152,4.38033297169127,M-fTfW4tkwGS1uC4Qf960A,952,0,1005,7,2811,True,M-fTfW4tkwGS1uC4Qf960A
2669,2014,9,339,Brussels,50.86328175419037,4.324036037230876,iqhtbsjeVlr_QkVxAUxEzQ,1656,0,1876,1,2813,True,iqhtbsjeVlr_QkVxAUxEzQ
2438,2014,9,314,Brussels,50.85995553370078,4.326320029766886,XvVORX3JpfMjZqTuu6-EXA,1657,0,1877,2,2815,True,XvVORX3JpfMjZqTuu6-EXA
1619,2019,3,77,Brussels,50.84910206121485,4.360889635249942,63KeAblLa1en2Y4UQU_SnA,364,2,1878,2,2817,True,63KeAblLa1en2Y4UQU_SnA
1398,2009,4,41,Brussels,50.84596592717042,4.381191757414859,mqMmTjA5UQ9HS_8Y0OYqYg,1658,0,1880,2,2820,True,mqMmTjA5UQ9HS_8Y0OYqYg
192,2014,7,212,Brussels,50.83097251261254,4.343121048679686,UvHKx8Sq3pdeWI61n7ktug,1659,0,1881,6,2821,True,UvHKx8Sq3pdeWI61n7ktug
1658,2017,6,272,Brussels,50.84999915060003,4.322927953951262,1ZHvNcSTmw8fcJCtzq4DrQ,436,0,443,4,2835,True,1ZHvNcSTmw8fcJCtzq4DrQ
614,2019,4,198,Brussels,50.83598928789643,4.375216617050178,iCgkJ6cRSHKg5r-IeR4jzw,1666,0,1889,2,2838,True,iCgkJ6cRSHKg5r-IeR4jzw
2644,2013,6,230,Brussels,50.86209848828752,4.377952840675319,mPGHAkDN5NxXWuj5QBhu2A,1648,0,1866,4,2843,True,mPGHAkDN5NxXWuj5QBhu2A
1935,2020,6,240,Brussels,50.85311138237389,4.373482047541306,sgClWOtHRcyTlNO3uFO6lA,946,1,1890,1,2846,True,sgClWOtHRcyTlNO3uFO6lA
1589,2009,4,191,Brussels,50.84893588841324,4.340141151796074,Hhn0FQ7h311XAduQyxpcZQ,1667,0,1891,5,2847,True,Hhn0FQ7h311XAduQyxpcZQ
1315,2017,5,192,Brussels,50.84507044161971,4.37393928477085,tBjMqD7AEZQ7BvdJM82zjg,1137,0,1228,7,2854,True,tBjMqD7AEZQ7BvdJM82zjg
26,2019,3,344,Brussels,50.82901745841602,4.333755832237193,kR0V6M2ElZAH5qifTsRdGA,1669,0,1893,10,2855,True,kR0V6M2ElZAH5qifTsRdGA
561,2013,6,70,Brussels,50.83596245787394,4.322310052857793,4ApZA0KE5O-9u_x0pAaUpQ,1671,0,1895,2,2859,True,4ApZA0KE5O-9u_x0pAaUpQ
2693,2014,7,355,Brussels,50.86301843009733,4.344151251556313,QHTCWEjgKHdv7zcC-1gSqA,1241,0,1347,5,2862,True,QHTCWEjgKHdv7zcC-1gSqA
33,2009,8,10,Brussels,50.82892690219813,4.340139235907231,Osa0HHTFhKGpVHYhvGIQlw,275,1,1898,2,2863,True,Osa0HHTFhKGpVHYhvGIQlw
2596,2014,9,141,Brussels,50.86224292593724,4.328068750710681,D1RBaDq9LzQ5KBnYZpKstw,1438,1,1901,4,2868,True,D1RBaDq9LzQ5KBnYZpKstw
1270,2019,5,165,Brussels,50.84479731159178,4.329520896640791,_iFLrF9uCnKdRMVI8dMgcg,1251,0,1358,6,2871,True,_iFLrF9uCnKdRMVI8dMgcg
1593,2020,7,151,Brussels,50.84898803425269,4.338211381318238,8jk6aU7fjUI8bj1LZitY3A,1146,0,1237,3,2874,True,8jk6aU7fjUI8bj1LZitY3A
1811,2017,6,28,Brussels,50.85196643605038,4.32420629090592,MSfi4moHXVKwHPldE0gYkw,1684,0,1911,1,2891,True,MSfi4moHXVKwHPldE0gYkw
1571,2013,6,301,Brussels,50.84845671849762,4.317345986592667,TgT7J-hz56n6TuBwLJZWug,1686,0,1914,6,2894,True,TgT7J-hz56n6TuBwLJZWug
1424,2009,4,46,Brussels,50.84712456469116,4.324415955225001,L8KJVqOYhCRUOcMPrx3O2g,672,0,692,4,2902,True,L8KJVqOYhCRUOcMPrx3O2g
2126,2014,9,50,Brussels,50.85606698916198,4.326276749470081,hqkh7urtX9II7tcMyySPjg,1688,0,1917,1,2903,True,hqkh7urtX9II7tcMyySPjg
1688,2013,7,130,Brussels,50.8500916013394,4.361079069132666,fbgZ4zLHCUMJN_a6PMi-Iw,871,1,1921,2,2912,True,fbgZ4zLHCUMJN_a6PMi-Iw
1042,2020,7,354,Brussels,50.84195957960171,4.34020707282932,aylJmVdq32MRA9GziFwqaw,590,0,605,8,2915,True,aylJmVdq32MRA9GziFwqaw
2096,2017,5,182,Brussels,50.85499639378207,4.374123428664103,J48vgdLwd73nsEx8nC0VOg,616,0,631,7,2923,True,J48vgdLwd73nsEx8nC0VOg
2358,2009,3,146,Brussels,50.85905043481214,4.325767055502189,gRfFYSl9RZ4nBrsHHACErQ,1695,0,1925,3,2924,True,gRfFYSl9RZ4nBrsHHACErQ
1192,2009,8,327,Brussels,50.84406716195893,4.327360849326412,F_jBHplfNeJxg8A7NakKQA,178,1,1926,1,2929,True,F_jBHplfNeJxg8A7NakKQA
75,2014,7,143,Brussels,50.82891719247321,4.3821033590435,IpKow4ELwpJEA_tGGAC-Cg,1509,1,1930,2,2937,True,IpKow4ELwpJEA_tGGAC-Cg
2633,2019,4,54,Brussels,50.86198384234928,4.360252497919698,iQDTh5sEBd80EBHu9tuv8Q,1577,1,1931,1,2940,True,iQDTh5sEBd80EBHu9tuv8Q
1050,2017,5,266,Brussels,50.84183289822175,4.343962896083989,lLj3N4dJaxZhyjKbeyc9Og,186,1,1934,3,2945,True,lLj3N4dJaxZhyjKbeyc9Og
1447,2018,5,158,Brussels,50.8470588250326,4.347110190100143,wNOjvz-hIhHlSDz37o9Grw,1047,1,1936,1,2951,True,wNOjvz-hIhHlSDz37o9Grw
493,2009,4,168,Brussels,50.83467941980251,4.332690510405157,tyG2PxaS1z-U2bLP5VvyQg,1701,0,1937,4,2952,True,tyG2PxaS1z-U2bLP5VvyQg
2156,2019,3,234,Brussels,50.8559469070581,4.361120709504984,JPFqARiPSL44F7qheECBng,867,0,907,3,2956,True,JPFqARiPSL44F7qheECBng
564,2013,6,268,Brussels,50.83611552165804,4.325211605040708,A8FeJBgymAIwGea5qzynxQ,1385,1,1942,1,2971,True,A8FeJBgymAIwGea5qzynxQ
2948,2009,4,67,Brussels,50.86616055841961,4.374113778434664,ilJD_dE2fdbUPZbjNI6DjA,263,1,1945,1,2979,True,ilJD_dE2fdbUPZbjNI6DjA
2553,2009,6,359,Brussels,50.86111316723755,4.364248963654364,8glUIWo5Jwb0AJGSpv1h0w,330,1,1809,3,2985,True,8glUIWo5Jwb0AJGSpv1h0w
2949,2020,7,121,Brussels,50.86601719566758,4.368269580252321,GHz-q1Zje1smOhzXPvlP3A,624,0,639,8,2987,True,GHz-q1Zje1smOhzXPvlP3A
2077,2014,7,282,Brussels,50.85502601120079,4.356188652390552,8S7cJnUMCQ6eMLqZiOhz1w,1713,0,1952,3,2993,True,8S7cJnUMCQ6eMLqZiOhz1w
1747,2017,5,73,Brussels,50.85096761307047,4.338269349190699,raM8YAGc0Quxt9dLOp6ebQ,1369,0,1508,11,3000,True,raM8YAGc0Quxt9dLOp6ebQ
1165,2019,9,195,Brussels,50.84315331821409,4.380289493974885,BX_RWF2oGCxDxL-I-6Td5Q,926,1,1325,9,3004,True,BX_RWF2oGCxDxL-I-6Td5Q
2223,2019,3,245,Brussels,50.85695366018539,4.344328662397582,0CLl3lneq5bm3OqHzmHK1Q,1486,0,1649,5,3005,True,0CLl3lneq5bm3OqHzmHK1Q
521,2019,4,78,Brussels,50.83478891828447,4.359796061370909,NSqZrC2eWtTtLk9uGTXStg,502,0,513,5,3006,True,NSqZrC2eWtTtLk9uGTXStg
1773,2017,5,37,Brussels,50.85088211969548,4.363672104676414,-6yYJaFJ0pmXTwlXhn0xwA,639,0,655,4,3007,True,-6yYJaFJ0pmXTwlXhn0xwA
1947,2013,7,32,Brussels,50.8530661848355,4.383440597573898,tD-vL0zyKHyIvRpD_fqK4Q,791,1,1954,2,3011,True,tD-vL0zyKHyIvRpD_fqK4Q
2719,2009,6,233,Brussels,50.86309474909606,4.369207965151746,DUvN0TlU02Di58g8IbZ40w,1049,0,1117,5,3012,True,DUvN0TlU02Di58g8IbZ40w
1644,2014,9,324,Brussels,50.84996396295098,4.316093371319513,zdAZsedT43HSXbd83S0xSw,1715,0,1955,2,3013,True,zdAZsedT43HSXbd83S0xSw
2221,2014,7,85,Brussels,50.8571631779991,4.349285588438431,Img1N8cfB4hfalrRoDZvsQ,224,0,227,5,3014,True,Img1N8cfB4hfalrRoDZvsQ
1243,2014,7,118,Brussels,50.8440871546966,4.380331053095764,MlEezhZKJCQf7HBObcqmfg,17,1,1956,1,3016,True,MlEezhZKJCQf7HBObcqmfg
495,2019,5,24,Brussels,50.83529380186725,4.333474800214351,Z5aNYWa-UZukhkBwpfep8A,1716,0,1957,4,3017,True,Z5aNYWa-UZukhkBwpfep8A
239,2009,8,2,Brussels,50.83235387156428,4.31163508857422,gkmz5qZeVKHVh37Swm1g2g,1129,0,1215,5,3019,True,gkmz5qZeVKHVh37Swm1g2g
2882,2019,3,344,Brussels,50.86502900300437,4.381033534855335,-3DJNVpDuGSz_N5t81phdg,643,0,660,7,3020,True,-3DJNVpDuGSz_N5t81phdg
2556,2017,5,59,Brussels,50.86106474900993,4.370279163623074,izMW2k3SBASCu1MhHtEYTA,1520,0,1689,6,3022,True,izMW2k3SBASCu1MhHtEYTA
1907,2020,6,312,Brussels,50.85296307250148,4.338550275465455,yOY52AVxImuKxA-RB8-h4A,530,0,543,3,3024,True,yOY52AVxImuKxA-RB8-h4A
612,2019,10,93,Brussels,50.83597103452422,4.373171636153828,Mry9zj5Qs4bMCvVFoxzj6Q,1407,1,1960,3,3027,True,Mry9zj5Qs4bMCvVFoxzj6Q
2104,2009,6,358,Brussels,50.85520837740833,4.380779571375419,V58k3pDkkf6kDEro52jiag,1719,0,1961,1,3029,True,V58k3pDkkf6kDEro52jiag
660,2017,5,205,Brussels,50.83698383790911,4.343244784805194,JQSS2I0qSDh5dxwwWoe2HA,1720,0,1962,1,3030,True,JQSS2I0qSDh5dxwwWoe2HA
2274,2014,9,190,Brussels,50.85796233972638,4.321209489530536,q-efwzbzBGtfpHM30eHK_g,1193,0,1289,4,3033,True,q-efwzbzBGtfpHM30eHK_g
544,2010,10,348,Brussels,50.83515243868537,4.383264393721335,wmt5ZMGhns2Qyywbf27pRA,1317,0,1438,4,3035,True,wmt5ZMGhns2Qyywbf27pRA
545,2014,7,134,Brussels,50.83501494389336,4.384232981875978,3p2M7N6U1D5kuKj-rV051g,1721,0,1963,5,3036,True,3p2M7N6U1D5kuKj-rV051g
1510,2013,7,171,Brussels,50.84837880556481,4.337265790059496,Y4hQCW_A9602IqxYFguEqw,1723,0,1965,5,3040,True,Y4hQCW_A9602IqxYFguEqw
2145,2020,7,72,Brussels,50.85591599484969,4.345246904675658,_AljtMRxddoXQTVKU_XZRQ,1726,0,1968,4,3048,True,_AljtMRxddoXQTVKU_XZRQ
2229,2019,3,262,Brussels,50.85703433255114,4.351003777696931,w7-u0XYaDtd2tk6kJP55Bw,1156,0,1247,4,3056,True,w7-u0XYaDtd2tk6kJP55Bw
791,2020,11,250,Brussels,50.83891939600051,4.318521950803666,BcZ7BwrLDkUYwCeaxMSvfQ,582,0,597,5,3062,True,BcZ7BwrLDkUYwCeaxMSvfQ
446,2014,7,222,Brussels,50.8340612915074,4.363709610264624,2jAvSgE9DmZFKpPFUitLwQ,457,1,1971,1,3063,True,2jAvSgE9DmZFKpPFUitLwQ
1666,2013,7,225,Brussels,50.84978532395179,4.336239018364907,_hOn0g2DmX8dzqh9dm_GTw,1307,1,1974,1,3067,True,_hOn0g2DmX8dzqh9dm_GTw
248,2019,5,221,Brussels,50.83232548667536,4.320948883383337,hS7uhVjE_b3tgU_c43j8mA,688,0,708,5,3071,True,hS7uhVjE_b3tgU_c43j8mA
1951,2019,4,204,Brussels,50.85299957269612,4.38340914688824,hPknldKHlzOY4AUpXzsrvw,791,0,822,6,3072,True,hPknldKHlzOY4AUpXzsrvw
1028,2020,7,43,Brussels,50.84199186867184,4.321195187324177,zcBQFb1KFd9GEi9diVLJPQ,1729,0,1976,5,3074,True,zcBQFb1KFd9GEi9diVLJPQ
2868,2020,6,73,Brussels,50.86505180509212,4.366433508517928,kN68ofFgtx3TrSoUo4KOiQ,933,0,983,7,3081,True,kN68ofFgtx3TrSoUo4KOiQ
1456,2010,10,4,Brussels,50.84703532915216,4.360152531849411,CJ30A7DRHrEgpPBmmJGw7w,1518,0,1686,7,3091,True,CJ30A7DRHrEgpPBmmJGw7w
1487,2020,7,312,Brussels,50.84801805431842,4.312151372036379,A4iqPrHoB-Qhx4yecxkGdQ,1377,0,1516,6,3093,True,A4iqPrHoB-Qhx4yecxkGdQ
167,2019,5,216,Brussels,50.83059797910781,4.318069019071262,ec8Z1S7dnWIuBDBXkGCTSQ,855,1,1984,2,3095,True,ec8Z1S7dnWIuBDBXkGCTSQ
2788,2009,6,196,Brussels,50.86391984424134,4.364140623987277,bGVkT5V5wCZhlm7xdiVohw,835,2,1988,1,3112,True,bGVkT5V5wCZhlm7xdiVohw
525,2020,6,71,Brussels,50.83498701082753,4.364218591928677,kvroWrpycvNSK83XwSDJ5g,1148,1,1989,6,3113,True,kvroWrpycvNSK83XwSDJ5g
41,2009,4,220,Brussels,50.82869940850239,4.3489145441465,xxlzX7pkaHvqjHpbPshvnw,122,2,1991,1,3116,True,xxlzX7pkaHvqjHpbPshvnw
1787,2014,7,26,Brussels,50.85093639896813,4.37329081677285,m76OMGZLvesciMo54MJ0sQ,1739,0,1992,5,3121,True,m76OMGZLvesciMo54MJ0sQ
1127,2013,7,291,Brussels,50.84282437447894,4.342213852320136,ZBeXp8QPafqgxgg0G_nHsg,1740,0,1995,2,3125,True,ZBeXp8QPafqgxgg0G_nHsg
2626,2009,4,358,Brussels,50.86206222253779,4.35640763359354,T6Ra9Wgyzmo_YeMrLBxd8g,1011,0,1069,3,3128,True,T6Ra9Wgyzmo_YeMrLBxd8g
469,2017,6,41,Brussels,50.83491763778211,4.308085818139816,HCaweKjl_13avFMLWxonbw,1741,0,1996,3,3129,True,HCaweKjl_13avFMLWxonbw
115,2013,7,138,Brussels,50.8299931999111,4.344498807368757,cuEjv2ZLeSsenT0-KzfdHg,1069,1,2000,1,3135,True,cuEjv2ZLeSsenT0-KzfdHg
882,2019,5,238,Brussels,50.84000888564324,4.331118579047979,GLFVY3X8aYBFcBB-JjjwSg,1091,1,2002,1,3138,True,GLFVY3X8aYBFcBB-JjjwSg
736,2019,4,46,Brussels,50.83809753735836,4.341005183932271,KclIRjw42bee052huGnXUQ,742,1,2003,7,3139,True,KclIRjw42bee052huGnXUQ
1871,2011,3,58,Brussels,50.85212275658296,4.381406082023742,gsL9qs15hhKgMX7ELDI1Dg,666,1,2005,1,3143,True,gsL9qs15hhKgMX7ELDI1Dg
1784,2009,6,301,Brussels,50.85090462017918,4.372529396112402,MhQjFl5LIz96Uu5-NCOaPA,1746,0,2006,4,3144,True,MhQjFl5LIz96Uu5-NCOaPA
2120,2009,3,198,Brussels,50.85591648996591,4.31698844039824,Z8Z1-XB6nFL3uU0gr9AmAQ,1747,0,2007,2,3145,True,Z8Z1-XB6nFL3uU0gr9AmAQ
1279,2013,6,328,Brussels,50.84548297175466,4.337330774738004,1M66YDuNfh6B_gK_LZJeQQ,740,0,768,3,3146,True,1M66YDuNfh6B_gK_LZJeQQ
888,2013,6,126,Brussels,50.83999824502975,4.337118570893193,a-wgTL2lrn1GkBTDdgNyHw,1751,0,2011,4,3154,True,a-wgTL2lrn1GkBTDdgNyHw
2082,2020,11,151,Brussels,50.85477271746625,4.361073882599853,x8WdCgL2Etiq7f_ofalm1Q,1573,0,1759,5,3157,True,x8WdCgL2Etiq7f_ofalm1Q
2854,2019,4,102,Brussels,50.86501787827912,4.357897000202615,ZlGzLnEUNRT7DC9vno0jfA,689,1,1194,4,3160,True,ZlGzLnEUNRT7DC9vno0jfA
2956,2009,4,55,Brussels,50.86604598247693,4.38035854757294,U0xg8D8omU6H9dQm79dEQQ,657,0,677,5,3164,True,U0xg8D8omU6H9dQm79dEQQ
2083,2019,3,239,Brussels,50.85495452269285,4.363160336288725,E19L8jAgQQgPXZcRgXKjCg,1755,0,2015,1,3166,True,E19L8jAgQQgPXZcRgXKjCg
1729,2009,4,252,Brussels,50.85089005779788,4.324115178592059,m8BvbeMnDwJ1Wt6ARM9yEQ,851,1,2016,1,3169,True,m8BvbeMnDwJ1Wt6ARM9yEQ
2142,2013,7,90,Brussels,50.85575889008104,4.341954167056654,sccMU2XxpcHyL4RbsgBiMw,1756,0,2017,1,3173,True,sccMU2XxpcHyL4RbsgBiMw
2718,2013,7,300,Brussels,50.86299208304731,4.371036977136231,GoZU3JIe-RyIJB0kXEMnnw,1009,1,2018,2,3175,True,GoZU3JIe-RyIJB0kXEMnnw
1407,2009,3,206,Brussels,50.84705714303069,4.310132975518128,Ui45o9tAvCNOzo33XybAUQ,1609,1,2019,1,3179,True,Ui45o9tAvCNOzo33XybAUQ
482,2014,8,309,Brussels,50.83487727644505,4.320928045648938,i6pKQnyJraJ6ir9nhCDVbQ,1212,1,2020,2,3180,True,i6pKQnyJraJ6ir9nhCDVbQ
2671,2009,3,102,Brussels,50.86299808732856,4.326248101497252,Oyodj_wgJo9hCOhKPTucwQ,293,2,2024,2,3184,True,Oyodj_wgJo9hCOhKPTucwQ
2328,2017,6,305,Brussels,50.85817871119053,4.376454735546173,3rEDK7B3uYJxU6LB1P4yOg,1761,0,2027,4,3190,True,3rEDK7B3uYJxU6LB1P4yOg
2101,2013,7,271,Brussels,50.85492781537393,4.380288421562587,CaN_UwMl7fPY7deUppVGcg,1763,0,2029,2,3194,True,CaN_UwMl7fPY7deUppVGcg
750,2014,7,125,Brussels,50.83795509224162,4.355164467263396,nisYqiraIB1BDgnqlyzLiA,135,0,135,6,3197,True,nisYqiraIB1BDgnqlyzLiA
2920,2019,3,252,Brussels,50.86595850104151,4.337491186939973,Ipx_isKXi0r_7RI-v9u_3g,445,0,456,4,3198,True,Ipx_isKXi0r_7RI-v9u_3g
2019,2020,11,199,Brussels,50.85408409178449,4.370957572757697,SB9uI1FXD15Kvjb5D1hxXg,860,0,900,6,3200,True,SB9uI1FXD15Kvjb5D1hxXg
334,2014,8,114,Brussels,50.8331986027219,4.329304032898698,gy8BHechY9yql2tX0Fk_ug,1766,0,2033,2,3201,True,gy8BHechY9yql2tX0Fk_ug
2378,2013,7,137,Brussels,50.8591857891306,4.34429564289372,AqO8EoYjng_tJqSMjb5p-A,771,0,801,12,3205,True,AqO8EoYjng_tJqSMjb5p-A
708,2019,5,345,Brussels,50.8379288104116,4.312021200459131,IFicj18dc6zyWQzvwJ5G1A,374,1,2040,2,3214,True,IFicj18dc6zyWQzvwJ5G1A
2088,2020,11,140,Brussels,50.85493325001787,4.371499948038477,BDMIfifeB6sewpn_PKa4qA,1770,0,2041,6,3215,True,BDMIfifeB6sewpn_PKa4qA
1425,2009,3,243,Brussels,50.84698086886232,4.325100665839743,zKV4OqiOTCSviqcJAGCELg,1192,1,2043,1,3218,True,zKV4OqiOTCSviqcJAGCELg
435,2013,7,37,Brussels,50.83420649798104,4.35211619372423,bYZph8ZUJo952GlML2RnAg,1562,0,1740,7,3224,True,bYZph8ZUJo952GlML2RnAg
2550,2014,7,265,Brussels,50.86087069231395,4.362748021141645,uLf2iAB4bsrWOAy2SVMvMQ,990,1,2045,2,3225,True,uLf2iAB4bsrWOAy2SVMvMQ
183,2017,5,266,Brussels,50.83097767215975,4.334176966393148,M5XWAWx6wWpeGiU_snuNcA,154,1,2046,1,3226,True,M5XWAWx6wWpeGiU_snuNcA
283,2020,6,65,Brussels,50.83197084859635,4.356672352404225,nEujQ9sjZEpWnWP9JCmtuA,61,3,2048,1,3232,True,nEujQ9sjZEpWnWP9JCmtuA
543,2017,5,25,Brussels,50.83504897321268,4.382262862477716,62e9zOmaxjPvK9U3obHTsg,1774,0,2051,7,3235,True,62e9zOmaxjPvK9U3obHTsg
387,2019,10,165,Brussels,50.83303917294322,4.38215156050259,GwYd8UKVTYDCDxs8_T10Tg,1114,0,1197,4,3237,True,GwYd8UKVTYDCDxs8_T10Tg
2545,2019,3,132,Brussels,50.86078913674572,4.352820862163095,NiK244SzD6gdg4RSpJe8rQ,516,0,528,5,3244,True,NiK244SzD6gdg4RSpJe8rQ
217,2017,5,282,Brussels,50.83110985647164,4.368582042796298,lrFeny7xdj4NpUyAb_c-3g,577,1,2056,2,3260,True,lrFeny7xdj4NpUyAb_c-3g
48,2009,4,337,Brussels,50.82889321337402,4.355649871148022,JR7zcKBUnozliRUxMjBe1A,1687,0,1916,7,3264,True,JR7zcKBUnozliRUxMjBe1A
1987,2020,7,13,Brussels,50.85339342194086,4.350083777472562,hGueSTQQy4Pmo7WOI-gkWQ,1778,0,2057,4,3268,True,hGueSTQQy4Pmo7WOI-gkWQ
2837,2009,4,83,Brussels,50.86489478484592,4.336102627453811,8_2_CYfkv2UL9OWToCRopQ,1779,0,2058,1,3273,True,8_2_CYfkv2UL9OWToCRopQ
2024,2020,11,37,Brussels,50.85345591736277,4.379532692297015,i-h37R_cC6N0XxTd-szhwA,21,1,1383,4,3286,True,i-h37R_cC6N0XxTd-szhwA
457,2019,4,79,Brussels,50.83383339971567,4.373887875761027,DhB9ZNrF4Wm8B3nyUnsOtA,304,1,972,6,3291,True,DhB9ZNrF4Wm8B3nyUnsOtA
2093,2020,11,100,Brussels,50.85499377768046,4.367294357672708,MOLJBRB45ssmCN4OvDQL8w,1784,0,2065,1,3292,True,MOLJBRB45ssmCN4OvDQL8w
2411,2020,11,32,Brussels,50.85889483679407,4.377181836396923,GSp6FsKxYWSMnXHj34baww,726,1,2068,1,3296,True,GSp6FsKxYWSMnXHj34baww
596,2019,10,133,Brussels,50.83625424354837,4.356851648349199,EQLLfql9ZiQy_zrM2-7-Jg,307,0,311,5,3305,True,EQLLfql9ZiQy_zrM2-7-Jg
2951,2009,6,283,Brussels,50.86604016096921,4.373136833681134,8RdWXU91h2q2DBYuS9em9w,520,0,532,3,3306,True,8RdWXU91h2q2DBYuS9em9w
462,2009,9,7,Brussels,50.83406578616415,4.379045701687254,iP2HhEw249i5Ieqf0_axtg,302,0,306,3,3309,True,iP2HhEw249i5Ieqf0_axtg
1469,2017,5,216,Brussels,50.84702266352316,4.373083205157051,ih1RzILk4b_425v8T8zj9A,1039,0,1104,6,3313,True,ih1RzILk4b_425v8T8zj9A
1417,2009,3,353,Brussels,50.8467913372368,4.322566374116186,urNZupOCmMeFpZCmpr3MNw,66,0,66,4,3315,True,urNZupOCmMeFpZCmpr3MNw
961,2014,7,139,Brussels,50.84089346524932,4.33244163315697,E36wcVRRUobe0Uk2zCvCYg,1791,0,2076,5,3318,True,E36wcVRRUobe0Uk2zCvCYg
255,2009,3,329,Brussels,50.83250680224755,4.328021752824959,8kHK-1BMU_FIQTwDu2W0Mw,1792,0,2077,8,3319,True,8kHK-1BMU_FIQTwDu2W0Mw
1959,2013,6,23,Brussels,50.85396930498296,4.316108263267228,kXZMDkmPdL1owj_q2zNdNA,783,0,814,4,3320,True,kXZMDkmPdL1owj_q2zNdNA
1022,2019,5,337,Brussels,50.84187993821578,4.316288023380666,YU2U_YoVgTbQwweAFc_-6A,1653,1,2078,3,3321,True,YU2U_YoVgTbQwweAFc_-6A
1766,2014,7,294,Brussels,50.85094645131381,4.352264589683873,ACI21gnuL0UuPnAlKb8R9A,321,2,2079,1,3322,True,ACI21gnuL0UuPnAlKb8R9A
1261,2020,7,341,Brussels,50.84514632164816,4.321925259941031,TV5tnG54Kq8F60Eaa-wGbg,369,0,374,4,3324,True,TV5tnG54Kq8F60Eaa-wGbg
1824,2020,11,167,Brussels,50.85191805173272,4.340417006968946,x-Ggb8Wu4mS_ukemdho3jw,1275,0,1387,10,3326,True,x-Ggb8Wu4mS_ukemdho3jw
2282,2019,4,178,Brussels,50.85801196714844,4.331279221309264,fSVgXXNR1FiESXepVcEH0g,1015,1,2081,2,3328,True,fSVgXXNR1FiESXepVcEH0g
855,2018,5,253,Brussels,50.83894475962332,4.382077183894109,faTwhdmaJ6cX8eHqeibBLw,1797,0,2085,2,3334,True,faTwhdmaJ6cX8eHqeibBLw
2777,2009,4,340,Brussels,50.86414686722033,4.355589227850844,ZtM7PQ8LrWVfvsrDbIIDBg,479,1,2089,1,3342,True,ZtM7PQ8LrWVfvsrDbIIDBg
1265,2013,6,261,Brussels,50.84498568747804,4.320086180745881,B6VkTGIxN1On2NDtulDNeQ,1410,0,1560,5,3343,True,B6VkTGIxN1On2NDtulDNeQ
1115,2009,9,275,Brussels,50.84305003327072,4.329264983839172,eMsnTe91Jj-kBO_LdAWIFw,1802,0,2091,5,3348,True,eMsnTe91Jj-kBO_LdAWIFw
1603,2013,7,161,Brussels,50.84905809802154,4.350288477534401,1jxKZIF_Vlrtt-DMEwWIkw,1099,1,2094,2,3351,True,1jxKZIF_Vlrtt-DMEwWIkw
663,2019,9,49,Brussels,50.83688569188785,4.346245486234478,I_oA2DVx1NwrkSkWdkRc5g,94,0,94,9,3356,True,I_oA2DVx1NwrkSkWdkRc5g
1212,2014,7,148,Brussels,50.843881856732,4.346053321405488,E2AAyRHBfTjQx-d_TCT4xA,1806,0,2097,6,3358,True,E2AAyRHBfTjQx-d_TCT4xA
2168,2018,5,179,Brussels,50.85566465683758,4.370146617926984,Zc3fDWuNwYs8RJ5WeP1Xgg,1103,0,1182,8,3361,True,Zc3fDWuNwYs8RJ5WeP1Xgg
1391,2020,6,296,Brussels,50.84564771591614,4.372969872207083,4pmjNqXEIXEJYsO1HwRGMg,597,1,777,5,3369,True,4pmjNqXEIXEJYsO1HwRGMg
1913,2020,11,88,Brussels,50.85289788748512,4.347099552518039,pOI3BATdvB6mCaRjmhuWQw,1812,0,2103,7,3372,True,pOI3BATdvB6mCaRjmhuWQw
635,2017,5,132,Brussels,50.83699552702364,4.318090279540598,9MOfXQZWqRoB1Aa-0EDxBQ,1430,1,2104,2,3376,True,9MOfXQZWqRoB1Aa-0EDxBQ
1350,2011,3,293,Brussels,50.84605520949527,4.331184016484106,pxje5T6T5hAShRf9o0IwPQ,380,1,2107,2,3381,True,pxje5T6T5hAShRf9o0IwPQ
1195,2019,4,319,Brussels,50.84425705025417,4.333662808645888,HMLt5nBYgxbYGxLFKaNnPg,1816,0,2109,1,3384,True,HMLt5nBYgxbYGxLFKaNnPg
1123,2017,5,164,Brussels,50.84300189063107,4.340213937986173,dR3-dioapP1cWvAkj9Vunw,1698,1,2110,2,3385,True,dR3-dioapP1cWvAkj9Vunw
4,2019,5,196,Brussels,50.82845350366058,4.312340197465789,BupjX2GXg7T9tnQ7siY-Cw,180,1,2114,2,3390,True,BupjX2GXg7T9tnQ7siY-Cw
1097,2009,3,71,Brussels,50.84319187083522,4.311988155283932,mfF80o1C0_HxUqt7G-Hwhw,1431,1,2115,2,3392,True,mfF80o1C0_HxUqt7G-Hwhw
2268,2013,10,258,Brussels,50.85761093214317,4.313076344305616,Y3Hqsd0ZLjUddB1J2SV-8g,425,1,2117,1,3394,True,Y3Hqsd0ZLjUddB1J2SV-8g
2930,2011,3,24,Brussels,50.86557411212903,4.355392074638108,HGJFIiWdtidZUNtjQMgeKA,969,0,1022,10,3399,True,HGJFIiWdtidZUNtjQMgeKA
2488,2013,7,29,Brussels,50.86003023936945,4.379090366842543,O76KPRM_qmDtFNPlpPjDLg,306,0,310,6,3409,True,O76KPRM_qmDtFNPlpPjDLg
1390,2020,7,209,Brussels,50.84600705851685,4.371293026979352,qfWsOUC2XdC8lKlceBW-Nw,1366,1,2120,4,3412,True,qfWsOUC2XdC8lKlceBW-Nw
57,2014,7,34,Brussels,50.82925155392071,4.364869086690498,hcP9qSLIeFwBFMOUsxj-uA,1823,0,2123,5,3418,True,hcP9qSLIeFwBFMOUsxj-uA
2037,2014,9,319,Brussels,50.85501027406832,4.315964478001024,20GKqPmeriWHIP1PYjtyDQ,1824,0,2124,4,3419,True,20GKqPmeriWHIP1PYjtyDQ
1710,2020,11,321,Brussels,50.84991009552719,4.379203349586478,fMNF-lI0-dpe8nVtXYB2Jg,1245,1,1467,6,3421,True,fMNF-lI0-dpe8nVtXYB2Jg
2453,2010,10,229,Brussels,50.86007623159049,4.336160386676542,8u6PgSREJXPWRw_7cYSInA,1400,1,2127,4,3425,True,8u6PgSREJXPWRw_7cYSInA
2067,2014,7,320,Brussels,50.85489283712223,4.346474523243115,iRtpKmhbjsB8o66KvMaS4A,1165,0,1256,6,3428,True,iRtpKmhbjsB8o66KvMaS4A
1441,2009,4,156,Brussels,50.84696627642016,4.344275416529892,0HJTaQ4IR_Hc0QIQgZmU2g,1076,1,2129,2,3431,True,0HJTaQ4IR_Hc0QIQgZmU2g
2091,2017,5,54,Brussels,50.85518586409678,4.372307610323434,jCohr_iJuwBp7Lq9cgJi4A,1827,0,2132,4,3438,True,jCohr_iJuwBp7Lq9cgJi4A
239,2013,7,181,Brussels,50.83231717784671,4.311647424114405,hlBdtLC_2r3bwigwjZ7Wng,1129,1,2133,1,3439,True,hlBdtLC_2r3bwigwjZ7Wng
119,2009,4,244,Brussels,50.83013941111491,4.348596768033424,rf5rKVd0EK0U4sVtbH08NA,329,1,2135,2,3447,True,rf5rKVd0EK0U4sVtbH08NA
2337,2020,6,125,Brussels,50.85802841266742,4.381339935485436,k43zs8mx-Z0rP8K7QV7iTA,1173,1,2137,5,3450,True,k43zs8mx-Z0rP8K7QV7iTA
2427,2014,9,36,Brussels,50.85995512514749,4.319170567828487,ciBP_9YqM0RWxOGUfRFymQ,1333,0,1457,3,3456,True,ciBP_9YqM0RWxOGUfRFymQ
2764,2009,4,148,Brussels,50.86391802154096,4.342326441357002,3eTewA5eUz_PfqIFmxnz7Q,1831,0,2141,1,3464,True,3eTewA5eUz_PfqIFmxnz7Q
680,2020,6,33,Brussels,50.83725851445627,4.36331185970398,JnJ8Uen34CMWtrydAAqyBg,1387,0,1530,8,3465,True,JnJ8Uen34CMWtrydAAqyBg
2613,2009,4,136,Brussels,50.86196041851806,4.344145357896949,C9AJ_kF_pd-FMeFRq7B_Pg,317,1,2142,1,3470,True,C9AJ_kF_pd-FMeFRq7B_Pg
687,2009,9,268,Brussels,50.836992897607,4.370034212707259,2IoghqgbTUVtzUCSJnmRbA,196,1,1602,3,3476,True,2IoghqgbTUVtzUCSJnmRbA
224,2014,7,131,Brussels,50.8312636018039,4.375286240402642,R54p4ejdA3xlqbHSGweS1A,1822,0,2121,4,3477,True,R54p4ejdA3xlqbHSGweS1A
1298,2020,7,243,Brussels,50.84505373242714,4.357101788136714,nrHlViimhzJNIi7Zz7YExQ,877,2,2145,1,3478,True,nrHlViimhzJNIi7Zz7YExQ
2590,2009,3,233,Brussels,50.86187182394826,4.326357739211657,vMn3qLNaB9N5fc0O5HL8eA,852,1,1190,4,3480,True,vMn3qLNaB9N5fc0O5HL8eA
2875,2009,8,330,Brussels,50.86482160706362,4.373833088525342,Sne3DA7UfNePzf5R2C4x2A,319,0,323,6,3484,True,Sne3DA7UfNePzf5R2C4x2A
1356,2017,5,358,Brussels,50.84597600090704,4.337263902193889,F89CPVBy0vcFAoIBiJcsdg,1835,0,2147,4,3487,True,F89CPVBy0vcFAoIBiJcsdg
207,2014,6,332,Brussels,50.83089791842241,4.358078401757946,mcHaHU46jo_ZUJrd7038Yw,1291,0,1408,5,3490,True,mcHaHU46jo_ZUJrd7038Yw
615,2014,7,299,Brussels,50.83608857422801,4.375855452436975,3gqwh6tqSP5dKrZys6PfwA,1836,0,2148,3,3491,True,3gqwh6tqSP5dKrZys6PfwA
1023,2019,5,54,Brussels,50.84173690361273,4.320828791471121,28sqHLMyCI61qygvVrGCyg,1159,1,2149,1,3492,True,28sqHLMyCI61qygvVrGCyg
1583,2019,4,75,Brussels,50.84899568050049,4.330202108299991,k_yo6ksBt2049zSZlRqeZQ,1590,1,2154,4,3508,True,k_yo6ksBt2049zSZlRqeZQ
1148,2010,10,4,Brussels,50.84235005622433,4.367167274634292,2-yZ993sZq8nBSfKVNiwVA,1588,0,1782,5,3510,True,2-yZ993sZq8nBSfKVNiwVA
598,2009,4,95,Brussels,50.83578084078948,4.358717062234849,60haWoJWrxtoHMRmsiJwsA,1841,0,2155,5,3511,True,60haWoJWrxtoHMRmsiJwsA
33,2019,3,188,Brussels,50.82894768661275,4.340170797521631,wJrB_ihqrL22Hdekxpeh0A,275,0,279,3,3513,True,wJrB_ihqrL22Hdekxpeh0A
1432,2013,6,35,Brussels,50.84689981681878,4.332289557857511,yDKBQqiUrlkVM5S-cbfcgg,90,0,90,7,3517,True,yDKBQqiUrlkVM5S-cbfcgg
2835,2013,7,203,Brussels,50.86495935422113,4.33825237889784,zpLqSfPfsXiIL5Qd6bcJpQ,1526,1,2158,1,3522,True,zpLqSfPfsXiIL5Qd6bcJpQ
1644,2017,6,288,Brussels,50.84996345963784,4.316135853226282,VVckvsdBp2S8gNsftaDibg,1715,1,2159,1,3524,True,VVckvsdBp2S8gNsftaDibg
2444,2013,7,37,Brussels,50.85973575052012,4.330921242412085,_y9ND3UH-5un87X-fa7LJQ,801,0,832,3,3525,True,_y9ND3UH-5un87X-fa7LJQ
1388,2014,7,225,Brussels,50.84597199799445,4.374418062167566,XvT7Tzr2gF2gJRdXsKzT-w,1843,0,2160,1,3529,True,XvT7Tzr2gF2gJRdXsKzT-w
2589,2017,5,3,Brussels,50.86162225308515,4.325327216861524,-2nmmbY-hLgX7ZWxYYgPsg,955,1,2161,1,3533,True,-2nmmbY-hLgX7ZWxYYgPsg
1745,2020,7,210,Brussels,50.85096457613649,4.336192487031449,Z9wwSqyB7J_RTW0rA9Bl-w,1018,1,2167,2,3540,True,Z9wwSqyB7J_RTW0rA9Bl-w
2074,2014,7,222,Brussels,50.8549605622151,4.353278242052877,Yy6jMZyk7qTGis6MONGKtg,1083,0,1157,6,3547,True,Yy6jMZyk7qTGis6MONGKtg
1290,2014,7,246,Brussels,50.84507702070871,4.348196936612746,2vLGASLUGT3O8vt9cn35Tw,1850,0,2170,4,3548,True,2vLGASLUGT3O8vt9cn35Tw
303,2009,9,86,Brussels,50.83204329389572,4.376175891907926,UfJ-4Idl6m0OmphDkF87zQ,1851,0,2172,7,3559,True,UfJ-4Idl6m0OmphDkF87zQ
289,2013,7,18,Brussels,50.83202798840396,4.362188534570733,lFMelRUE1elKSJtalDtFng,1178,0,1270,6,3560,True,lFMelRUE1elKSJtalDtFng
1321,2018,10,100,Brussels,50.8449306895746,4.380159685468562,heDJd8uB7EnCLxTpMzMAGg,1010,1,2173,2,3561,True,heDJd8uB7EnCLxTpMzMAGg
1957,2013,10,263,Brussels,50.85402117357636,4.317209170028852,9g880mpjHbRuEcCT4D9Xcw,1852,0,2174,1,3562,True,9g880mpjHbRuEcCT4D9Xcw
1279,2009,4,152,Brussels,50.84548306837005,4.337345573870898,fmCkmgmWt0q-dMAmJeLxBw,740,1,2179,2,3574,True,fmCkmgmWt0q-dMAmJeLxBw
1778,2014,7,46,Brussels,50.8511110142806,4.367126590700328,drDYJSCHs7fWDiwz6zX2Og,91,1,2180,1,3575,True,drDYJSCHs7fWDiwz6zX2Og
2519,2017,5,238,Brussels,50.86101284223401,4.327049127903178,fdXMH5evsHMSIW-UJbsBig,1857,0,2182,2,3580,True,fdXMH5evsHMSIW-UJbsBig
1325,2019,10,163,Brussels,50.84497898073858,4.38376948368681,gPsuGpG0sQ9V6TokBT7yaQ,745,1,2183,3,3584,True,gPsuGpG0sQ9V6TokBT7yaQ
839,2020,6,178,Brussels,50.83887594026766,4.366268775828856,-90S7bYog69bmtdSEc0VtA,1292,1,2185,4,3587,True,-90S7bYog69bmtdSEc0VtA
2499,2020,7,63,Brussels,50.85997935604649,4.313079180625853,CloL3yuYslqMxyWjOCj9oQ,881,0,921,7,3588,True,CloL3yuYslqMxyWjOCj9oQ
2416,2014,7,10,Brussels,50.85885789193672,4.384761398855946,cLE7Nvy02LNheLvNPw4hwg,1395,1,2187,1,3591,True,cLE7Nvy02LNheLvNPw4hwg
1095,2013,6,48,Brussels,50.84312011999857,4.315156003622375,1vwtawvMa2W8E_zTuHH-yA,283,1,2189,2,3601,True,1vwtawvMa2W8E_zTuHH-yA
2119,2013,10,63,Brussels,50.85650077655612,4.319676578125881,rId_SlINxmFlGghK-ivkbA,1861,0,2190,3,3603,True,rId_SlINxmFlGghK-ivkbA
2692,2019,3,69,Brussels,50.86272652148234,4.342821543878997,mMjUXMFZlc9QNJrp6nDd7g,1862,0,2191,5,3604,True,mMjUXMFZlc9QNJrp6nDd7g
2233,2013,7,62,Brussels,50.85690162186705,4.350209916633992,PcPdPfWqEVHFzuqTyQZd5g,176,0,177,5,3614,True,PcPdPfWqEVHFzuqTyQZd5g
2259,2014,7,344,Brussels,50.85678816781217,4.379217975378157,KEtMyOjEDnY44KKLtJ7L0Q,286,1,2197,2,3619,True,KEtMyOjEDnY44KKLtJ7L0Q
2247,2020,11,222,Brussels,50.85701470330753,4.370182564951235,5dO505tb1Hck2htKKEDUtg,1507,0,1675,6,3628,True,5dO505tb1Hck2htKKEDUtg
2702,2009,9,188,Brussels,50.86294378169977,4.358457966638168,HPwB2RlCzRAKSKkffvs5TQ,1867,0,2200,7,3631,True,HPwB2RlCzRAKSKkffvs5TQ
1948,2013,10,230,Brussels,50.85385876650599,4.3081446759384,38GbaOU07bKWXOoFuTjgsA,684,0,704,4,3640,True,38GbaOU07bKWXOoFuTjgsA
1139,2009,4,187,Brussels,50.8429261266406,4.351224571917855,6pEktIFLSNgXjAznpye1vg,1870,0,2203,3,3645,True,6pEktIFLSNgXjAznpye1vg
679,2017,5,31,Brussels,50.83704479567271,4.362367268329154,m4rNbCeBPNSZrmO_eE9EzA,1712,1,2206,4,3651,True,m4rNbCeBPNSZrmO_eE9EzA
2105,2009,6,311,Brussels,50.85493794320845,4.383653667846417,c6Hf5b_rm_yIvUWWulLluQ,1220,0,1321,3,3663,True,c6Hf5b_rm_yIvUWWulLluQ
7,2019,5,112,Brussels,50.8288340217534,4.315022422554702,7p1srOk8QmaMfQExhsD_eA,1873,0,2208,1,3664,True,7p1srOk8QmaMfQExhsD_eA
610,2019,4,315,Brussels,50.83601185470914,4.371192172184925,9OUskFO0bqGak4nnTdaVyA,1443,0,1598,9,3670,True,9OUskFO0bqGak4nnTdaVyA
60,2013,7,257,Brussels,50.82912623670476,4.367113016862595,gMXZr7m-8YXZ5sq0_6PzJQ,233,2,2211,2,3674,True,gMXZr7m-8YXZ5sq0_6PzJQ
1354,2017,5,56,Brussels,50.84597267481655,4.338139968256944,-Pjx49LWlKEJg_TFQxcAIg,505,0,516,5,3679,True,-Pjx49LWlKEJg_TFQxcAIg
1499,2013,6,248,Brussels,50.84760522365228,4.319701405673041,6b7Ai0wLj_Qjo1HZVHqr2w,361,0,366,4,3683,True,6b7Ai0wLj_Qjo1HZVHqr2w
105,2019,3,228,Brussels,50.82996212350157,4.333782071134602,tRNv2XzYR7ocn_WJ-NjfUA,1878,0,2215,6,3685,True,tRNv2XzYR7ocn_WJ-NjfUA
190,2019,3,7,Brussels,50.83086678073028,4.341355556334697,7Xj2xfRM_aRyJtkAu3wLPQ,22,0,22,6,3689,True,7Xj2xfRM_aRyJtkAu3wLPQ
2665,2011,3,101,Brussels,50.86302969845232,4.317219756716631,g8ziNb-2RKnphVCfrM5irw,1647,1,2218,2,3693,True,g8ziNb-2RKnphVCfrM5irw
2761,2019,5,71,Brussels,50.86400010072689,4.340379341424645,3_kqFtsdtmbzV5m57Bb7ag,1881,0,2219,4,3694,True,3_kqFtsdtmbzV5m57Bb7ag
2943,2017,5,123,Brussels,50.86570006348573,4.368000203188912,HbeHB_S0E-v1J85pR3ZWPQ,226,0,229,7,3698,True,HbeHB_S0E-v1J85pR3ZWPQ
2165,2019,4,170,Brussels,50.85584361715579,4.366045701452725,OZarMYTsQQ0RtiqWtEvSUg,1884,0,2222,2,3703,True,OZarMYTsQQ0RtiqWtEvSUg
507,2010,10,260,Brussels,50.8349997144375,4.346163828387825,glSUQe2HljDY4hf4IxZZMA,674,0,694,5,3705,True,glSUQe2HljDY4hf4IxZZMA
2298,2009,10,324,Brussels,50.85809586163046,4.339456523277823,HjO5WLPG15yS5KurRa345w,970,0,1023,6,3706,True,HjO5WLPG15yS5KurRa345w
2614,2020,7,225,Brussels,50.86188326653206,4.351524464363908,u0S-2J_sAW3glwUaY-b79Q,48,0,48,8,3715,True,u0S-2J_sAW3glwUaY-b79Q
1823,2019,3,32,Brussels,50.8520947616116,4.336975574802906,o7lDPgniRVg5AqT5KLnoFg,1837,1,2225,1,3717,True,o7lDPgniRVg5AqT5KLnoFg
2332,2019,5,231,Brussels,50.85789422907762,4.374164539395964,FWRkL_dQu0eXwHVyOVwqAw,1348,0,1480,4,3723,True,FWRkL_dQu0eXwHVyOVwqAw
1359,2014,7,155,Brussels,50.8459945073912,4.335229719718615,BW-GAlvxCZznZ4io4UuUow,782,1,2227,2,3729,True,BW-GAlvxCZznZ4io4UuUow
8,2013,6,238,Brussels,50.82914083942443,4.31433371614126,eE2zjcpSiAd5m_LgIQD6sw,746,1,2229,2,3734,True,eE2zjcpSiAd5m_LgIQD6sw
343,2019,3,72,Brussels,50.83284991758016,4.337944361493382,tRDwQSS7DlGwhZBtxngRdw,1232,0,1338,5,3741,True,tRDwQSS7DlGwhZBtxngRdw
1133,2018,5,18,Brussels,50.84305985767035,4.344129505828065,qO56NpdPZ3a7FckVDKXSTg,1790,0,2075,4,3743,True,qO56NpdPZ3a7FckVDKXSTg
614,2009,4,14,Brussels,50.83599078115761,4.375240739793542,mm4Q0SexKRY1Sx2HtbhPug,1666,1,2230,3,3745,True,mm4Q0SexKRY1Sx2HtbhPug
1814,2013,6,164,Brussels,50.85195802179655,4.327196273393308,VSsoH__pdXrV6OtsxFpUrg,1888,0,2231,5,3746,True,VSsoH__pdXrV6OtsxFpUrg
1735,2017,5,51,Brussels,50.85079901078517,4.328877035367812,LWCmI0Qgy-zzJXXQ8x8lww,1889,0,2232,3,3747,True,LWCmI0Qgy-zzJXXQ8x8lww
2542,2020,7,311,Brussels,50.86100042165021,4.353035740588706,eeSuMXvZWeOWRHquTLRbTw,761,0,791,3,3751,True,eeSuMXvZWeOWRHquTLRbTw
2948,2019,3,48,Brussels,50.86615332889298,4.374065309953146,BLS_uLdOYeoq9gPSQpv7JA,263,2,2234,1,3756,True,BLS_uLdOYeoq9gPSQpv7JA
806,2014,7,305,Brussels,50.83895121805544,4.333085988518259,MwwTdIgVNxV770SrwJsoEA,1891,0,2235,5,3759,True,MwwTdIgVNxV770SrwJsoEA
1002,2020,7,132,Brussels,50.84100839204545,4.374259197808549,pR2eG6DVEzD4MNQnSr7NDw,38,0,38,5,3763,True,pR2eG6DVEzD4MNQnSr7NDw
34,2014,7,244,Brussels,50.8291183543948,4.340788337579342,0IE9tll8CB-vb2DWhPrn1w,1894,0,2238,5,3768,True,0IE9tll8CB-vb2DWhPrn1w
1996,2013,7,118,Brussels,50.85397567847714,4.354057322811459,bQ6LEKLzKwUgrIojxZ6nNw,853,1,2239,1,3769,True,bQ6LEKLzKwUgrIojxZ6nNw
486,2014,8,231,Brussels,50.83498313846435,4.325162296236948,3qrg1CaYVdeg9wPyEB-SQg,1895,0,2240,3,3770,True,3qrg1CaYVdeg9wPyEB-SQg
2862,2019,3,187,Brussels,50.86488545035565,4.362612613778298,Y3TPJnaLVAl-FayZ60dHeQ,136,1,2241,2,3772,True,Y3TPJnaLVAl-FayZ60dHeQ
1925,2013,7,304,Brussels,50.85273986743235,4.357747492317514,G_PsGDmajluBwqyOwlrmpA,254,1,2242,1,3776,True,G_PsGDmajluBwqyOwlrmpA
2858,2020,6,56,Brussels,50.86494321844198,4.355211475171238,ds1CZ2-in70c24iixgZ2PA,1897,0,2244,1,3779,True,ds1CZ2-in70c24iixgZ2PA
1858,2009,6,270,Brussels,50.8520006690201,4.368255622376841,dVUfHi-9AqAaT3FiBGiXEw,494,0,505,12,3780,True,dVUfHi-9AqAaT3FiBGiXEw
2961,2020,6,250,Brussels,50.86565114222608,4.383459987652119,oPShS3eVr8lihdSfJeRiVw,1506,1,2245,1,3781,True,oPShS3eVr8lihdSfJeRiVw
2158,2014,7,242,Brussels,50.85607221021469,4.355352254558182,_NUjeA6jf-lRmoYj1AdCbw,622,1,2248,2,3790,True,_NUjeA6jf-lRmoYj1AdCbw
168,2017,5,307,Brussels,50.83062613484201,4.319775466487839,RWOjtg8odLGw5wAxMACbvw,1696,0,1927,7,3792,True,RWOjtg8odLGw5wAxMACbvw
969,2020,6,63,Brussels,50.84092517996805,4.339930980044225,7K1q9fB7qaG6vCaXE_jNTg,564,0,579,8,3797,True,7K1q9fB7qaG6vCaXE_jNTg
1958,2014,9,200,Brussels,50.85382621983629,4.311368066102553,q95Va9uxwJFg4gCygWKCZA,556,1,2253,2,3803,True,q95Va9uxwJFg4gCygWKCZA
1969,2009,4,301,Brussels,50.85408861699354,4.326273096928534,3jwnvOHP6E_23LBJYa-SbQ,968,1,2254,1,3805,True,3jwnvOHP6E_23LBJYa-SbQ
1331,2017,5,37,Brussels,50.8457664271086,4.312886680953991,0uM2Qa4YEv0lN_-W3n7uSw,1906,0,2259,4,3814,True,0uM2Qa4YEv0lN_-W3n7uSw
1036,2009,4,138,Brussels,50.84195365260755,4.330199265821593,tOXqLPvnGt2_3RCrDC5QOA,583,1,2260,5,3815,True,tOXqLPvnGt2_3RCrDC5QOA
2285,2009,10,229,Brussels,50.85827401805421,4.330471581486116,gIMdB1Fl6mMrgKfTkCiujw,1909,0,2263,2,3820,True,gIMdB1Fl6mMrgKfTkCiujw
611,2019,10,14,Brussels,50.83592257857526,4.372174064453048,uAZLuqBrBgERcc0d5W6mAw,235,0,238,6,3824,True,uAZLuqBrBgERcc0d5W6mAw
1754,2020,11,64,Brussels,50.85096682444972,4.345298109936001,x3xVDGSIYilYg0ubW2yClw,1885,1,2265,2,3826,True,x3xVDGSIYilYg0ubW2yClw
646,2019,5,49,Brussels,50.83721729201849,4.328882314875751,L5acOzvyHD0m_8RSmpruOQ,522,0,534,4,3829,True,L5acOzvyHD0m_8RSmpruOQ
2567,2020,11,102,Brussels,50.86076848472135,4.377042833614667,4nkSF6yrCwWIFXyL-LwkGg,132,1,2266,1,3830,True,4nkSF6yrCwWIFXyL-LwkGg
2933,2019,3,58,Brussels,50.86648862249336,4.351516805354328,HaygbfKX8A5Ub0LwiWKCVg,963,0,1016,8,3832,True,HaygbfKX8A5Ub0LwiWKCVg
2467,2017,6,123,Brussels,50.85987197531509,4.362291332688367,B5H5Z5p8t9nC2nPIjM8NwQ,1382,1,1533,6,3833,True,B5H5Z5p8t9nC2nPIjM8NwQ
1750,2019,3,59,Brussels,50.85110246298512,4.342098329905623,bZrpA4174P0hBOzHMVX-ZA,1660,1,2268,1,3835,True,bZrpA4174P0hBOzHMVX-ZA
692,2019,4,219,Brussels,50.83706435196642,4.374650278564606,_p4oJ3WrA_tWN03wptnebg,84,0,84,5,3839,True,_p4oJ3WrA_tWN03wptnebg
1916,2017,5,215,Brussels,50.85292378194856,4.355072911133518,zm2--HspDnWPTnE5IshHTg,1911,0,2269,5,3840,True,zm2--HspDnWPTnE5IshHTg
1915,2018,5,97,Brussels,50.85293529946496,4.351380168641625,xoM3THfxh4u7IktTjZ9TGQ,1643,1,2270,2,3842,True,xoM3THfxh4u7IktTjZ9TGQ
2852,2009,9,227,Brussels,50.86355061749232,4.34595982720093,7M9qWCMmqGojIYDNfydt9g,1807,0,2098,15,3843,True,7M9qWCMmqGojIYDNfydt9g
1750,2020,7,250,Brussels,50.85111247293038,4.34215196665244,Nl0Fa-J-mxJX_eLqzHq7vg,1660,0,1882,3,3844,True,Nl0Fa-J-mxJX_eLqzHq7vg
641,2020,6,84,Brussels,50.8368387772117,4.324715045449481,oO53HHTgIkwatek6qslcXQ,1912,0,2271,2,3845,True,oO53HHTgIkwatek6qslcXQ
2349,2014,9,43,Brussels,50.85904828258991,4.318212189805763,k3Ijd8H2x_wxddIROJrZLw,1914,0,2274,6,3852,True,k3Ijd8H2x_wxddIROJrZLw
402,2009,9,315,Brussels,50.83417557866989,4.318865562341959,6V8ouZSWdMJubGlLsx1e9g,1711,1,2275,1,3854,True,6V8ouZSWdMJubGlLsx1e9g
2130,2009,4,59,Brussels,50.85602864180624,4.328303861518573,mrCDPai6PhQjQFBEjcOMKQ,217,0,219,4,3856,True,mrCDPai6PhQjQFBEjcOMKQ
2841,2013,7,68,Brussels,50.86475308325805,4.341944610490598,u1qXVXWg4ZhLMPUAnuArtw,1,1,2278,3,3860,True,u1qXVXWg4ZhLMPUAnuArtw
47,2014,7,275,Brussels,50.82895277206883,4.354253599505824,SpqAeULXBkPxXiMCgKyduA,1916,0,2279,4,3861,True,SpqAeULXBkPxXiMCgKyduA
25,2014,7,18,Brussels,50.82896181187866,4.332363127683418,28bmuoEGh4CArbZ8xTbxzw,1917,0,2280,3,3862,True,28bmuoEGh4CArbZ8xTbxzw
32,2017,5,325,Brussels,50.8289883283586,4.339056949771518,W2EltclihWKTCm7M7uIQKg,29,2,2281,2,3865,True,W2EltclihWKTCm7M7uIQKg
1856,2018,5,130,Brussels,50.85215887462488,4.372380940451111,e9-_vVtAfftvfVtazvN4XQ,1918,0,2282,8,3867,True,e9-_vVtAfftvfVtazvN4XQ
2038,2013,10,292,Brussels,50.85502378303028,4.318515809000388,j0oWBeKlPpc46MWGk64GZg,1919,0,2284,1,3871,True,j0oWBeKlPpc46MWGk64GZg
754,2014,7,51,Brussels,50.83788498478982,4.35935511718303,Z54L_cLEf_AT0qnky9va3g,1921,0,2286,6,3873,True,Z54L_cLEf_AT0qnky9va3g
2963,2013,7,103,Brussels,50.86597587936347,4.381971711547666,5lnL6CmOehes3H8QKhOfhg,1922,0,2287,5,3874,True,5lnL6CmOehes3H8QKhOfhg
377,2014,7,197,Brussels,50.832776993487,4.371977302919163,9Sg9uZdK1t5rlV6y0tXX3Q,557,0,572,8,3876,True,9Sg9uZdK1t5rlV6y0tXX3Q
1619,2013,7,285,Brussels,50.8490523848706,4.360869424625609,qIO_53SA4KpdEatocg8buw,364,3,2290,1,3880,True,qIO_53SA4KpdEatocg8buw
1718,2020,6,89,Brussels,50.85003624334811,4.383271140338098,GBu3rYCDglrH4jWryFXa_A,1700,0,1935,7,3882,True,GBu3rYCDglrH4jWryFXa_A
1083,2019,10,276,Brussels,50.84176970484183,4.377413581197601,smdPcyc5lRSShmkqtbcUkQ,474,0,485,6,3884,True,smdPcyc5lRSShmkqtbcUkQ
2867,2009,6,128,Brussels,50.86497054411157,4.372172097291381,C5E7VsdwZ6MgyUegFp8euQ,1161,0,1252,4,3886,True,C5E7VsdwZ6MgyUegFp8euQ
1826,2019,3,170,Brussels,50.8521272934624,4.339450546137182,DAHrNOGfkHhfiCcXlqfxJQ,1255,1,2292,2,3889,True,DAHrNOGfkHhfiCcXlqfxJQ
353,2009,4,128,Brussels,50.83316092358232,4.347187675737383,ghlOEyPC2GXL4_nk1ZCpiA,497,1,2294,1,3892,True,ghlOEyPC2GXL4_nk1ZCpiA
1552,2019,9,303,Brussels,50.84791708535603,4.375442462104706,e4nNhX8f04jaLgAIeRTK-Q,10,0,10,4,3896,True,e4nNhX8f04jaLgAIeRTK-Q
2288,2009,6,222,Brussels,50.85786501075057,4.333401884492433,R8-u07em93tfDUYIu5kzKA,509,1,1181,3,3897,True,R8-u07em93tfDUYIu5kzKA
957,2014,8,311,Brussels,50.84101899289854,4.328186385437967,jC6EiwxR2dE33YlaC_IZCw,60,2,2295,1,3898,True,jC6EiwxR2dE33YlaC_IZCw
790,2014,9,301,Brussels,50.839109790344,4.317128476721808,3m9y-y4pEMvTThFAwjjCOA,125,1,2035,5,3900,True,3m9y-y4pEMvTThFAwjjCOA
641,2019,5,257,Brussels,50.83684648445637,4.324736731011039,ha8sd8qOnJUxDhhjOtWHhQ,1912,1,2298,5,3905,True,ha8sd8qOnJUxDhhjOtWHhQ
973,2014,7,306,Brussels,50.84115686338194,4.343860004188792,6FUon-8VbAp5sXp35mZNcA,1929,0,2299,4,3906,True,6FUon-8VbAp5sXp35mZNcA
2228,2014,7,194,Brussels,50.8569080488617,4.356136771458887,upbca4VizAzFZurI5Pr57w,184,0,185,4,3907,True,upbca4VizAzFZurI5Pr57w
2495,2014,9,38,Brussels,50.85979246846784,4.308127905635564,I1GsLfNdAOpO4hJkh3rKhQ,528,3,2302,2,3916,True,I1GsLfNdAOpO4hJkh3rKhQ
1219,2013,7,189,Brussels,50.84412618957968,4.355748527124348,djl-hxhDldQW__7KZalfzQ,344,0,348,8,3920,True,djl-hxhDldQW__7KZalfzQ
2209,2013,7,136,Brussels,50.8569016140072,4.33231070486796,7R4rD6IufjIw0CEVXKFt2Q,1932,0,2303,1,3921,True,7R4rD6IufjIw0CEVXKFt2Q
1697,2019,4,300,Brussels,50.84975155991516,4.365120467298055,6HaOK6W8nfmljo2Qfs27xg,1785,1,2277,4,3923,True,6HaOK6W8nfmljo2Qfs27xg
40,2020,10,81,Brussels,50.8291346022746,4.346666833941577,9deWp3eZ4xSNMNivbq5XLA,281,1,1429,5,3926,True,9deWp3eZ4xSNMNivbq5XLA
52,2013,7,260,Brussels,50.82917691290926,4.359046807045951,5ts1W1PRkw9WdnWy91cpbA,1553,0,1730,5,3928,True,5ts1W1PRkw9WdnWy91cpbA
1210,2014,7,186,Brussels,50.84417521433324,4.348480005025268,eyWljbebvKOYmiMMkwSU8A,1101,1,2307,2,3938,True,eyWljbebvKOYmiMMkwSU8A
1607,2010,10,125,Brussels,50.84903460592398,4.354306253792792,_LnJu1g6eGVsk73RLa_eFw,1936,0,2308,1,3940,True,_LnJu1g6eGVsk73RLa_eFw
527,2014,7,153,Brussels,50.83504155605564,4.366234783825465,4hj_nEH1_HYRfEtOV1It9Q,1692,0,1922,4,3949,True,4hj_nEH1_HYRfEtOV1It9Q
689,2009,4,1,Brussels,50.83702219782702,4.372307975249792,vHuRRqT0xP13wCBmVeZkRw,255,0,258,6,3959,True,vHuRRqT0xP13wCBmVeZkRw
1174,2009,3,32,Brussels,50.84394608403753,4.312232859375878,_9G40PRus-Qq7rHGSj5ZKg,693,0,713,7,3967,True,_9G40PRus-Qq7rHGSj5ZKg
1264,2009,3,168,Brussels,50.84462470519136,4.324754615961353,Z6N0uXwcGF0J8uHXCADYTw,1508,1,2311,5,3968,True,Z6N0uXwcGF0J8uHXCADYTw
1868,2019,9,40,Brussels,50.8520360470463,4.384175455843973,BatIy1GitXEQl4Au1S0tjA,1021,1,2312,2,3970,True,BatIy1GitXEQl4Au1S0tjA
1352,2009,4,250,Brussels,50.84617482261447,4.334262738630368,qSnu7DXXq-we8ZcbACookw,92,1,2314,1,3975,True,qSnu7DXXq-we8ZcbACookw
310,2009,4,250,Brussels,50.83202873291488,4.383353236002751,8rL2VZEDW_DGCq7LGIG_zg,1938,0,2315,1,3977,True,8rL2VZEDW_DGCq7LGIG_zg
591,2013,7,227,Brussels,50.83595207693313,4.352391966273641,C_ErEl4DPd4ock1JNAv1uQ,68,1,2317,1,3979,True,C_ErEl4DPd4ock1JNAv1uQ
699,2013,7,125,Brussels,50.83665953920815,4.382120918024654,usDFJVgvF-3w2Xb7fdflvg,1905,1,2318,3,3980,True,usDFJVgvF-3w2Xb7fdflvg
2527,2009,10,205,Brussels,50.86099275105489,4.342370308691006,DsVmV-E9In0nTxwqkLlY6A,96,1,2319,1,3981,True,DsVmV-E9In0nTxwqkLlY6A
2836,2013,7,56,Brussels,50.86514988979346,4.335395837490102,jVr-HnD4icjYR8vnJ9laiA,1943,0,2324,2,4001,True,jVr-HnD4icjYR8vnJ9laiA
1903,2019,3,87,Brussels,50.85282465528201,4.340128120704722,bCQbmCrxHSuxN6oEbZzNSA,1945,0,2327,2,4006,True,bCQbmCrxHSuxN6oEbZzNSA
1979,2019,4,186,Brussels,50.85406557445592,4.333015213796577,u_l8cJhO8m4_QgEWZfH_ZA,260,0,263,4,4007,True,u_l8cJhO8m4_QgEWZfH_ZA
2894,2009,3,150,Brussels,50.86615407279053,4.315339954296507,lZKk5jovVLR2hehWqX-dCg,1939,0,2320,9,4014,True,lZKk5jovVLR2hehWqX-dCg
283,2014,7,242,Brussels,50.83198107470974,4.356633925900477,2P1cYz1mIMSPSP4rDOpEHA,61,2,1799,5,4015,True,2P1cYz1mIMSPSP4rDOpEHA
2537,2017,5,235,Brussels,50.86076983799354,4.34584820380686,GYSRDu8AaBykq6-borcJFA,391,0,397,4,4018,True,GYSRDu8AaBykq6-borcJFA
1019,2019,5,135,Brussels,50.84226479165429,4.31067911249423,xrN9DQvfqahAHVG3I63uLA,1947,0,2329,2,4022,True,xrN9DQvfqahAHVG3I63uLA
1002,2013,7,320,Brussels,50.84097866117992,4.374288036086324,dCD4SyIhNMdAHODYfDfE4Q,38,1,2330,2,4023,True,dCD4SyIhNMdAHODYfDfE4Q
2782,2014,7,355,Brussels,50.86407266202421,4.35876815142988,NqnKkxUW5DzH6ZXzDoPkeA,1948,0,2332,2,4026,True,NqnKkxUW5DzH6ZXzDoPkeA
318,2009,8,220,Brussels,50.83312259344264,4.312963146533869,Gb27mXFMsscGmMZHsQhTPA,1421,0,1573,5,4031,True,Gb27mXFMsscGmMZHsQhTPA
386,2013,7,23,Brussels,50.83308750846724,4.381171098751146,JwVDYiSiwlNkJdPs5Eoz8g,1923,0,2288,5,4041,True,JwVDYiSiwlNkJdPs5Eoz8g
1605,2010,10,317,Brussels,50.84906502445261,4.352293950734953,C4hv0Q_8rZLXe_BnkUiAHw,1950,0,2334,2,4043,True,C4hv0Q_8rZLXe_BnkUiAHw
2218,2009,6,187,Brussels,50.85703234315697,4.339972348858126,r_Q7LeFuiNX4F_3acrGayg,1093,0,1170,7,4044,True,r_Q7LeFuiNX4F_3acrGayg
2481,2009,4,185,Brussels,50.86002032204124,4.371158082342725,afAs5ZYtq3dTAv6voZLVsw,190,2,2338,2,4053,True,afAs5ZYtq3dTAv6voZLVsw
623,2014,7,128,Brussels,50.83594794323339,4.384276855418206,a2ftqsR-8FrE-Zq45JCVww,1956,0,2344,4,4066,True,a2ftqsR-8FrE-Zq45JCVww
798,2009,4,73,Brussels,50.83897511647947,4.325089640088956,dwhIP2W0QtZ6TupcMnKrwQ,1227,0,1332,4,4068,True,dwhIP2W0QtZ6TupcMnKrwQ
2285,2014,9,27,Brussels,50.85825557924409,4.330463856100542,s-CI5h_SccnaaS84GisI7A,1909,1,2345,1,4075,True,s-CI5h_SccnaaS84GisI7A
1492,2009,3,240,Brussels,50.84846993166256,4.317064171135818,LQIHI4151zbMFZG3ieNZBw,1957,0,2346,2,4077,True,LQIHI4151zbMFZG3ieNZBw
160,2013,6,32,Brussels,50.8310347579086,4.311548772237315,pAwWbbxk0MZRD2qHicy-pQ,1958,0,2347,3,4079,True,pAwWbbxk0MZRD2qHicy-pQ
2639,2019,3,290,Brussels,50.86166005319718,4.370897792767786,XqjoyufooutU34HF7DVjhw,1960,0,2349,5,4081,True,XqjoyufooutU34HF7DVjhw
2561,2009,8,109,Brussels,50.86103241005725,4.371739432008417,V6v4xuDxyGs2VfwUrC5jLQ,1364,1,2350,3,4086,True,V6v4xuDxyGs2VfwUrC5jLQ
693,2014,7,156,Brussels,50.83699440812919,4.376183605749174,LRJttO8Na5t8a5vPzjyjPg,1840,0,2153,3,4088,True,LRJttO8Na5t8a5vPzjyjPg
2044,2017,6,177,Brussels,50.85493347407581,4.323526391379295,TXoSBJaIjWs4d42tLcJRMg,1961,0,2351,4,4089,True,TXoSBJaIjWs4d42tLcJRMg
2277,2009,3,288,Brussels,50.85783593306835,4.324888270759444,yvdp--ygSguo6-uUTy3kHw,462,1,2353,1,4094,True,yvdp--ygSguo6-uUTy3kHw
923,2013,7,35,Brussels,50.83999148527214,4.372493093387215,upKJyneViR6e-WpGCCAtiw,1434,0,1587,5,4095,True,upKJyneViR6e-WpGCCAtiw
878,2019,5,284,Brussels,50.83954387215854,4.327112828098478,BduM7vPUogIuMlkZYK9YOA,1282,0,1396,8,4097,True,BduM7vPUogIuMlkZYK9YOA
714,2017,6,186,Brussels,50.83774261978632,4.319486108498191,FJgdDyYe7uQubIMe9jO7tw,1064,1,2354,2,4100,True,FJgdDyYe7uQubIMe9jO7tw
1811,2013,10,46,Brussels,50.85196963438658,4.324155744971852,qhGMnl49_PyHl5uPLyoH-w,1684,2,2356,2,4102,True,qhGMnl49_PyHl5uPLyoH-w
1867,2020,6,296,Brussels,50.85188249717525,4.374802578811964,nOrnw3rlP8LFXUjv8kVi6g,1246,0,1352,5,4103,True,nOrnw3rlP8LFXUjv8kVi6g
1790,2013,7,332,Brussels,50.85086247483375,4.380868846609992,EnPHDc9b_XkaHhgWWBpwvA,1964,0,2357,5,4106,True,EnPHDc9b_XkaHhgWWBpwvA
1927,2013,7,5,Brussels,50.85295350767612,4.363150463981897,LoMIihshLNd5HvHW3DPfkw,753,0,783,4,4108,True,LoMIihshLNd5HvHW3DPfkw
1911,2009,9,243,Brussels,50.85298974491823,4.344152455335331,UYZPTIQVe-IEmXzxtplsRg,1966,0,2359,5,4113,True,UYZPTIQVe-IEmXzxtplsRg
1761,2013,7,3,Brussels,50.85072772478276,4.355781227704478,N7dPP1tMgqAoEucCAfCT7g,222,1,2362,1,4121,True,N7dPP1tMgqAoEucCAfCT7g
1650,2017,5,292,Brussels,50.85027962452251,4.317562001159882,mCk7eUDyxbc52Y7CqWpFQQ,331,1,2366,6,4134,True,mCk7eUDyxbc52Y7CqWpFQQ
1142,2009,9,152,Brussels,50.84299603662782,4.358409406738391,YvxWRRzNO8makXASW8Svcw,546,1,2368,5,4137,True,YvxWRRzNO8makXASW8Svcw
883,2019,5,190,Brussels,50.83996430208386,4.332145146557426,Ebqp-xUvaECCNbjv3agmqA,1972,0,2369,5,4141,True,Ebqp-xUvaECCNbjv3agmqA
1392,2020,11,186,Brussels,50.84592571062451,4.370531875784124,5pL5kRpseHORt5D7aNkf5A,1276,1,2370,4,4142,True,5pL5kRpseHORt5D7aNkf5A
1505,2013,6,343,Brussels,50.84811303634233,4.327117029131688,1VAmqNpp6elSr_4tfOpuZw,1145,0,1236,4,4143,True,1VAmqNpp6elSr_4tfOpuZw
193,2009,9,330,Brussels,50.83087772130427,4.34404165749782,nG5jXQKIjcW4YQ645wGAPA,1109,1,2371,2,4146,True,nG5jXQKIjcW4YQ645wGAPA
379,2020,6,24,Brussels,50.8330913642028,4.374209398327402,rpJazoP8EMa65FW6dn_tPA,767,1,2372,2,4148,True,rpJazoP8EMa65FW6dn_tPA
2028,2019,5,9,Brussels,50.8538695363064,4.384204183274658,N7GwdWUaQo3kBHMWWyGkdA,1973,0,2373,2,4151,True,N7GwdWUaQo3kBHMWWyGkdA
2338,2019,4,351,Brussels,50.85784119314862,4.380611798587476,_iA9v6OZtY4aELffusktlQ,1031,0,1094,3,4157,True,_iA9v6OZtY4aELffusktlQ
2205,2013,7,119,Brussels,50.85680507530291,4.32727823037523,WeYq3HWTglDwQQtzn0_QZA,1976,0,2377,3,4163,True,WeYq3HWTglDwQQtzn0_QZA
292,2017,5,214,Brussels,50.83201042635606,4.365186064448682,2el3bYP9LUlntKC7-Jh2BQ,151,0,151,7,4172,True,2el3bYP9LUlntKC7-Jh2BQ
310,2019,4,68,Brussels,50.83201243283276,4.38336912770266,A9cfJYTKljRO61nd6dxZwg,1938,1,2380,3,4175,True,A9cfJYTKljRO61nd6dxZwg
1339,2013,6,342,Brussels,50.84508727442849,4.319132727942741,CYB1NTEIMEPvXC3presYVg,148,0,148,5,4179,True,CYB1NTEIMEPvXC3presYVg
441,2014,7,303,Brussels,50.83393904589575,4.358605719424379,M6esqHIAuj-WtsK3xHkodA,1655,0,1875,8,4183,True,M6esqHIAuj-WtsK3xHkodA
2741,2013,6,284,Brussels,50.86397229696797,4.318285660078303,t83ZMo6bxTIQDqfNq1RCnQ,1032,0,1095,6,4184,True,t83ZMo6bxTIQDqfNq1RCnQ
2026,2014,7,64,Brussels,50.85393339799094,4.383323300376577,pl1ErWkAS9kyoPgHMKNmwQ,1222,1,2383,2,4187,True,pl1ErWkAS9kyoPgHMKNmwQ
1267,2020,7,303,Brussels,50.84495728698929,4.325323858525572,LJgHQzsAqpxNsJuN_mN6Ww,1365,1,2384,5,4190,True,LJgHQzsAqpxNsJuN_mN6Ww
2477,2019,3,42,Brussels,50.86002184173032,4.365226483994033,T7bBWKcermARIP3uF_w5Hg,1077,0,1149,6,4202,True,T7bBWKcermARIP3uF_w5Hg
1800,2013,10,162,Brussels,50.85199558989014,4.307258808741789,3rVsbAt9JM7VKViLjdu3VA,73,1,942,3,4210,True,3rVsbAt9JM7VKViLjdu3VA
2420,2018,5,323,Brussels,50.85896407272634,4.381218623790096,KkMOEiYtC4961dIxnfmj8w,976,1,2386,3,4215,True,KkMOEiYtC4961dIxnfmj8w
1897,2013,7,309,Brussels,50.85292960792669,4.334328745107177,gQbZ3mGPBXvBxZ_9KLJ-MA,648,0,665,6,4216,True,gQbZ3mGPBXvBxZ_9KLJ-MA
1446,2019,3,346,Brussels,50.84699877002153,4.346222250753772,_0dHNKJ7w1CXKc5LgGGXcQ,1624,0,1836,9,4220,True,_0dHNKJ7w1CXKc5LgGGXcQ
1216,2009,4,7,Brussels,50.84396024916308,4.352123421816002,GE-3jGCyR_xTC6t_uw3Zlg,4,1,2389,2,4225,True,GE-3jGCyR_xTC6t_uw3Zlg
2117,2013,10,264,Brussels,50.85624037579184,4.320382471244313,XyWnKmz26iv2fTZaRKpFRg,1528,1,2390,1,4226,True,XyWnKmz26iv2fTZaRKpFRg
966,2013,6,35,Brussels,50.84088270029397,4.337169626696016,zaSuZ-cBtLV-OGwfezbo2A,375,0,380,5,4228,True,zaSuZ-cBtLV-OGwfezbo2A
757,2020,6,126,Brussels,50.8379887909683,4.361940623150255,oy99agPJphLWIzW5QDa3Vg,1589,1,2392,1,4231,True,oy99agPJphLWIzW5QDa3Vg
1657,2009,4,68,Brussels,50.85010932001678,4.325124144678822,Hcu7-iaw8QE6PEvSNUEcDA,1585,1,2393,1,4237,True,Hcu7-iaw8QE6PEvSNUEcDA
1320,2009,4,309,Brussels,50.84468646589603,4.373056268216912,ljx3ekbE0UlTNNshLTKzAA,709,0,734,11,4241,True,ljx3ekbE0UlTNNshLTKzAA
52,2019,9,93,Brussels,50.82916888822877,4.359048944361364,EFNN-WEKKzxiDTUVhJZe-w,1553,1,2394,1,4246,True,EFNN-WEKKzxiDTUVhJZe-w
407,2009,4,310,Brussels,50.83419998728984,4.323867772706758,JX2tnLp0Uc_McB2B5UIrnw,227,1,2396,1,4249,True,JX2tnLp0Uc_McB2B5UIrnw
2323,2019,10,180,Brussels,50.85808354664552,4.370237922331266,iqSKk2rp9jZPOC1vwJL5HQ,1980,0,2397,5,4251,True,iqSKk2rp9jZPOC1vwJL5HQ
487,2009,4,47,Brussels,50.8348197718384,4.326059185474203,W8v3DDwUcFlTCLwwj0HRww,1683,0,1910,5,4254,True,W8v3DDwUcFlTCLwwj0HRww
2170,2019,5,30,Brussels,50.85607915851437,4.3738263510213,BSAimg5ShTrmrX1VDkt3cg,1982,0,2399,6,4258,True,BSAimg5ShTrmrX1VDkt3cg
2959,2013,7,2,Brussels,50.86603783670514,4.376900823481142,5bT19boaS4lYze_yUyraiw,1984,0,2401,4,4263,True,5bT19boaS4lYze_yUyraiw
2772,2017,5,149,Brussels,50.86331266192159,4.346688896646723,qpVYu5yciRmAdCiURQqV9A,118,0,118,6,4265,True,qpVYu5yciRmAdCiURQqV9A
355,2020,6,115,Brussels,50.8329870419833,4.350246147757687,-a-u-bYKVkEIMfVl9f6Xjw,394,1,2406,1,4274,True,-a-u-bYKVkEIMfVl9f6Xjw
693,2013,7,318,Brussels,50.83699217789829,4.376181735345925,3s_8-hmr6-gRoE-0AYw4Iw,1840,1,2407,1,4276,True,3s_8-hmr6-gRoE-0AYw4Iw
875,2010,10,267,Brussels,50.83980562289464,4.324238196805887,yVC0yJtvPvGKcqknDQEGxw,1987,0,2408,3,4277,True,yVC0yJtvPvGKcqknDQEGxw
781,2019,5,207,Brussels,50.83921748451335,4.308260380066852,8zOGx3z_pU5pXSUxU9Iqvw,1854,0,2176,6,4281,True,8zOGx3z_pU5pXSUxU9Iqvw
2070,2019,3,238,Brussels,50.85479794609152,4.349273417977481,KqV5wj8GL_cLsrsYmfGw1A,1988,0,2409,2,4283,True,KqV5wj8GL_cLsrsYmfGw1A
2346,2014,9,189,Brussels,50.85869314515828,4.313165871856258,lQ65AObitmJApbeUgthc7w,1865,0,2195,3,4285,True,lQ65AObitmJApbeUgthc7w
2820,2014,9,11,Brussels,50.86484415924387,4.316335209373097,7V4AgdTK35e014SFvrngAw,1989,0,2410,4,4287,True,7V4AgdTK35e014SFvrngAw
2224,2013,6,341,Brussels,50.85703416948466,4.345145126146791,ldwhoc_Wt-Xbdp2tC5p7Qw,644,2,2411,1,4289,True,ldwhoc_Wt-Xbdp2tC5p7Qw
2756,2009,4,223,Brussels,50.86399127764821,4.333142211041626,cVDvByOfKvoIMR6NQogq9Q,481,0,492,5,4292,True,cVDvByOfKvoIMR6NQogq9Q
288,2009,4,91,Brussels,50.83202172801661,4.361081913363751,QfPTlkEN_V32pPABAc1JSw,1356,0,1493,7,4293,True,QfPTlkEN_V32pPABAc1JSw
1422,2009,3,217,Brussels,50.84729950476349,4.32564899324863,AIMcmjUtZVjlReFp-fh7oA,531,1,2414,1,4297,True,AIMcmjUtZVjlReFp-fh7oA
2256,2009,5,206,Brussels,50.85682580602459,4.382694165180647,k2y1-bRaf8nN07CLL26_eg,769,0,799,5,4298,True,k2y1-bRaf8nN07CLL26_eg
1900,2020,6,311,Brussels,50.8531412965732,4.330299542805904,sk8EyUg0gBB2HmKpdfwJFQ,1298,1,2416,2,4300,True,sk8EyUg0gBB2HmKpdfwJFQ
525,2019,4,135,Brussels,50.83500825133163,4.364226390365338,xWYVmzKqQWycb_2tNzadLg,1148,2,2417,1,4301,True,xWYVmzKqQWycb_2tNzadLg
2373,2009,10,222,Brussels,50.85890508183711,4.340424136391184,PpylVhnbNwgA-AWr-zdGQg,18,0,18,7,4305,True,PpylVhnbNwgA-AWr-zdGQg
1109,2013,6,123,Brussels,50.84339164073027,4.328613594262337,AQ_wmuMmY_qiRkSPNGR2CA,1993,0,2420,2,4311,True,AQ_wmuMmY_qiRkSPNGR2CA
2750,2014,7,305,Brussels,50.86395131928625,4.328155263188529,3niXUwa2CXH5QxFk6bf3Uw,1995,0,2422,4,4320,True,3niXUwa2CXH5QxFk6bf3Uw
245,2009,4,291,Brussels,50.83174983418043,4.318247869500712,KgljskXW57RB2d3AmmZ1jg,1026,1,1593,3,4321,True,KgljskXW57RB2d3AmmZ1jg
2861,2019,3,120,Brussels,50.8649508165112,4.364605177301809,UU9P3A97788WMvd9ol_SFA,707,0,732,7,4325,True,UU9P3A97788WMvd9ol_SFA
203,2013,7,199,Brussels,50.83090118201341,4.354170172786091,WZjioBppHDuDuInYtNF0jQ,1343,1,2426,2,4328,True,WZjioBppHDuDuInYtNF0jQ
1360,2019,4,327,Brussels,50.84609172533921,4.336651223563313,rLHgEL-0z2L4Ov5iQvhvgA,164,1,2427,2,4330,True,rLHgEL-0z2L4Ov5iQvhvgA
131,2009,4,19,Brussels,50.82973316759156,4.360375199008284,oESBNwEDr_NdQ-blyZUSFg,1270,1,2428,3,4336,True,oESBNwEDr_NdQ-blyZUSFg
2291,2019,4,237,Brussels,50.85772525830516,4.332028595609688,ET9AGCbAk4p_g7lGOWWtqw,399,1,2429,2,4340,True,ET9AGCbAk4p_g7lGOWWtqw
2370,2013,7,19,Brussels,50.858843862133,4.335918807218848,xTo8S-NqEeidId32a744Ew,1239,0,1345,6,4342,True,xTo8S-NqEeidId32a744Ew
700,2009,9,266,Brussels,50.83668703467993,4.383344590575978,MVtk1VcR65VmxpDA7Mh62A,447,1,2430,3,4344,True,MVtk1VcR65VmxpDA7Mh62A
2945,2020,7,273,Brussels,50.86625668438388,4.364735223489011,guHNhBgk4InKeJ0NeD0vpw,406,0,412,7,4349,True,guHNhBgk4InKeJ0NeD0vpw
1942,2014,7,68,Brussels,50.85292690660015,4.376226537769824,--MucZvRpKTk1RmdMDPgzA,1046,1,2432,2,4354,True,--MucZvRpKTk1RmdMDPgzA
622,2019,10,47,Brussels,50.8360442435695,4.383308307978123,8Tt7NGyjfCB_3bQimcev_g,1548,1,2433,2,4358,True,8Tt7NGyjfCB_3bQimcev_g
1814,2014,9,347,Brussels,50.85195135590825,4.32719313362141,bXRxq_1MLN3uyTSxB5KVpw,1888,1,2434,2,4365,True,bXRxq_1MLN3uyTSxB5KVpw
194,2014,7,96,Brussels,50.8311879242243,4.345086625425149,R4u704hnos2l8GgZRudAcg,1691,0,1920,4,4366,True,R4u704hnos2l8GgZRudAcg
807,2014,7,283,Brussels,50.83896268513777,4.334130746400501,K_f32JywOb6pbFr-zXeYRw,315,1,2436,2,4370,True,K_f32JywOb6pbFr-zXeYRw
59,2009,6,158,Brussels,50.82881215753272,4.366253583492759,oEphIwFHxyuk6ZUD9BrHDA,6,1,2438,2,4377,True,oEphIwFHxyuk6ZUD9BrHDA
233,2009,4,219,Brussels,50.83101573542871,4.384232724518742,6G3ZMB7KXl_HppEksiTxwQ,1999,0,2440,1,4385,True,6G3ZMB7KXl_HppEksiTxwQ
1500,2009,3,240,Brussels,50.84819661958973,4.320479543816718,Ds7i4gmGjmXA-vXgo4yPrw,1256,1,2443,1,4392,True,Ds7i4gmGjmXA-vXgo4yPrw
2153,2019,3,222,Brussels,50.85568529285553,4.350157582087853,BN_xClTs56YX1YFFkJergA,2002,0,2444,5,4394,True,BN_xClTs56YX1YFFkJergA
2038,2019,5,106,Brussels,50.85502775164838,4.318515334893825,PjCiyo-yco4B3cNWEHwisw,1919,1,2445,2,4395,True,PjCiyo-yco4B3cNWEHwisw
2156,2013,7,50,Brussels,50.85598823384738,4.361076525636721,_676dy7f-itP2QMBe1KqLg,867,1,2446,2,4398,True,_676dy7f-itP2QMBe1KqLg
2597,2013,10,216,Brussels,50.86198452479867,4.331157440353749,uTmZn03ru4T9WXluLlkUzw,2003,0,2447,5,4403,True,uTmZn03ru4T9WXluLlkUzw
1706,2019,4,268,Brussels,50.84980753104262,4.374075094629577,eftUjoCtdOJ2-B_8SRk8Aw,1735,0,1983,7,4405,True,eftUjoCtdOJ2-B_8SRk8Aw
2957,2013,7,112,Brussels,50.86592989122811,4.380701605340878,KEDNdKdutlDhFEHqiLcfGQ,667,1,2448,1,4408,True,KEDNdKdutlDhFEHqiLcfGQ
2158,2020,7,42,Brussels,50.85613766097556,4.355368765818331,4m7D8sAOe8zsis57KQmBzQ,622,2,2450,1,4415,True,4m7D8sAOe8zsis57KQmBzQ
122,2019,3,8,Brussels,50.82998446821539,4.351214922644533,tQsE1MlXw4JDXb6Br9uV8Q,1900,0,2250,5,4416,True,tQsE1MlXw4JDXb6Br9uV8Q
2385,2019,5,237,Brussels,50.85896458487306,4.349183089750086,wb4Oru53y_VDv4P8v8k65w,844,0,882,7,4421,True,wb4Oru53y_VDv4P8v8k65w
84,2013,6,129,Brussels,50.82966686557437,4.313693202492411,5Phk9BO70S6W49LxNbtnEA,2005,0,2451,4,4422,True,5Phk9BO70S6W49LxNbtnEA
1881,2009,3,52,Brussels,50.85309303230378,4.317168030003634,AnDOwaStNyq40sSG70rqgA,2006,0,2452,4,4423,True,AnDOwaStNyq40sSG70rqgA
1347,2013,6,150,Brussels,50.84598424990504,4.326085954496031,30mTiAYc_8aT-W-CJH_RzQ,2007,0,2453,3,4424,True,30mTiAYc_8aT-W-CJH_RzQ
2676,2019,5,116,Brussels,50.86294898339666,4.335194769251382,4K_p0BwBRZqnjva3I0Ac3A,1817,1,2454,1,4425,True,4K_p0BwBRZqnjva3I0Ac3A
273,2011,3,330,Brussels,50.83199297418371,4.346172902427524,Vx5J5_XfFhSTrvLnwtg42A,747,0,775,4,4428,True,Vx5J5_XfFhSTrvLnwtg42A
140,2019,4,197,Brussels,50.8301470781004,4.36943239256231,LZnyO8RhhQjmXutuzqjVCA,951,1,2456,2,4430,True,LZnyO8RhhQjmXutuzqjVCA
984,2019,4,120,Brussels,50.84098370656137,4.355207885187054,vQQ0zcbuPj3MNUXzR_phaw,1902,0,2255,9,4434,True,vQQ0zcbuPj3MNUXzR_phaw
1662,2013,7,197,Brussels,50.84991266133607,4.330226371415833,g1kTGeDzKdGIsTuxm8C2Kg,2009,0,2458,3,4436,True,g1kTGeDzKdGIsTuxm8C2Kg
1441,2010,10,340,Brussels,50.84698305419849,4.344242280591438,1J4B0ovYMQvxsIRq5UcIFw,1076,0,1148,3,4439,True,1J4B0ovYMQvxsIRq5UcIFw
1137,2009,8,204,Brussels,50.84272195378218,4.352508725515602,vkCpcp4G4TN5eAlZwv3iDA,1839,1,2460,2,4441,True,vkCpcp4G4TN5eAlZwv3iDA
416,2014,7,315,Brussels,50.8344133345169,4.332298922696272,6EKydqv3wRdk__5RtlRmlg,291,0,295,3,4444,True,6EKydqv3wRdk__5RtlRmlg
2427,2013,7,225,Brussels,50.85993083618958,4.319176366617126,mNgGbKsLiY0vYg_1kwIBsw,1333,1,2464,1,4453,True,mNgGbKsLiY0vYg_1kwIBsw
1636,2013,6,347,Brussels,50.8500086568972,4.308204211768807,eES_J9BWk0elAkLGiNEWCg,213,0,215,4,4455,True,eES_J9BWk0elAkLGiNEWCg
2620,2020,7,183,Brussels,50.86200354506391,4.352253427584743,SmvsVIPJZePZ6AGx6idd9g,700,0,721,4,4457,True,SmvsVIPJZePZ6AGx6idd9g
1955,2013,10,70,Brussels,50.85406226865003,4.314509557173395,EA78k5RmhPioVgYd27sJCA,1557,1,2465,1,4462,True,EA78k5RmhPioVgYd27sJCA
868,2019,5,226,Brussels,50.83913466292771,4.317254146273628,WBwQZTrGot0Z1SMVruiWUQ,125,0,125,5,4467,True,WBwQZTrGot0Z1SMVruiWUQ
1011,2019,10,81,Brussels,50.84108843254065,4.37932075875886,dwPsw7_41z4OcxeCn57UqQ,2014,0,2467,3,4470,True,dwPsw7_41z4OcxeCn57UqQ
2535,2017,5,251,Brussels,50.86097884844369,4.34715137845354,VCg3_s4lH863zTeVZ_8ffg,1266,0,1374,5,4471,True,VCg3_s4lH863zTeVZ_8ffg
855,2013,6,79,Brussels,50.8389424568476,4.382111683896412,3W6xegL4BzlF7tWq3xorWA,1797,1,2469,2,4475,True,3W6xegL4BzlF7tWq3xorWA
1799,2013,10,34,Brussels,50.85173186660084,4.308257901639355,mJgcqLfH36CSoUYuJ7Fz4A,1081,1,2470,2,4477,True,mJgcqLfH36CSoUYuJ7Fz4A
1102,2010,10,127,Brussels,50.84327159040583,4.318757199037278,9FI32PoyJ1UEMn-FvzKQNQ,2015,0,2471,2,4481,True,9FI32PoyJ1UEMn-FvzKQNQ
1130,2020,7,17,Brussels,50.84312977684778,4.347012793232258,5JpQr4ERai8uBzwAcUj1lw,1535,0,1709,4,4485,True,5JpQr4ERai8uBzwAcUj1lw
2101,2020,11,78,Brussels,50.85491605721457,4.380267023130593,rewRGMIJyBZt4yDV9iowcg,1763,1,2475,3,4493,True,rewRGMIJyBZt4yDV9iowcg
1779,2020,6,67,Brussels,50.85101450198162,4.369248760987891,tX300EzPoP313Zu0l-qg1w,2018,0,2476,2,4496,True,tX300EzPoP313Zu0l-qg1w
1044,2019,4,25,Brussels,50.84222068203546,4.3378556326259,EBGA7iY-1YKL3_IQSglYUg,1280,0,1394,5,4497,True,EBGA7iY-1YKL3_IQSglYUg
2050,2019,4,310,Brussels,50.85518936860505,4.32696922659783,FlA0cMcithPPdcLr58ODKA,1123,0,1208,4,4499,True,FlA0cMcithPPdcLr58ODKA
1038,2017,6,231,Brussels,50.84226248270934,4.333687421374814,qZKjmUfUpPrkb4rgGTzuxA,1034,0,1097,5,4508,True,qZKjmUfUpPrkb4rgGTzuxA
653,2020,6,18,Brussels,50.8374712116938,4.336453854915035,2JsyYwsecf2JjGynpxls2w,2019,0,2477,1,4510,True,2JsyYwsecf2JjGynpxls2w
590,2014,7,106,Brussels,50.83565484085933,4.350814546010778,EPzGdpcdFIorikLlRIwjmg,1926,1,2478,1,4511,True,EPzGdpcdFIorikLlRIwjmg
44,2009,4,306,Brussels,50.8289987607433,4.350111843208907,UTVxDgdWmagl8TKigtyeHA,1022,1,2482,2,4520,True,UTVxDgdWmagl8TKigtyeHA
2023,2013,7,161,Brussels,50.8540252249914,4.382373299033418,DRUDFkH4yn7ynSXJR27ZBQ,836,0,874,4,4526,True,DRUDFkH4yn7ynSXJR27ZBQ
334,2009,4,295,Brussels,50.83317006646402,4.32926397779062,D_pna7pbj0nRAjq9AEqn0w,1766,1,2483,4,4529,True,D_pna7pbj0nRAjq9AEqn0w
342,2017,5,241,Brussels,50.83314670839514,4.337363404080904,7-4Ew5YBge1poc6x_nG1bQ,2023,0,2484,5,4534,True,7-4Ew5YBge1poc6x_nG1bQ
2022,2020,11,239,Brussels,50.85398841894965,4.378252462993047,KMiqLHZ2xi4qpJtLDqnvNQ,938,0,989,7,4538,True,KMiqLHZ2xi4qpJtLDqnvNQ
2622,2009,9,161,Brussels,50.86198058705772,4.357962184200693,MBu7mgQED-K4mkIFyjD3cg,1704,0,1941,6,4541,True,MBu7mgQED-K4mkIFyjD3cg
1657,2014,9,35,Brussels,50.85009758576978,4.325140996550147,nvEesQNNBEYEZCK3UPdndQ,1585,0,1778,5,4558,True,nvEesQNNBEYEZCK3UPdndQ
71,2014,7,124,Brussels,50.82884007710801,4.378271590100097,l0Bcc2WsbfenhwovsN1T1A,2028,0,2491,1,4560,True,l0Bcc2WsbfenhwovsN1T1A
1873,2014,7,251,Brussels,50.8519760907953,4.382248837757825,8ogNC-apIGrT80CbyPajtA,2029,0,2492,7,4563,True,8ogNC-apIGrT80CbyPajtA
1746,2019,4,157,Brussels,50.85107485506437,4.332191013545272,ZfIk057vvIiN__Tm1l0NnQ,297,0,301,7,4564,True,ZfIk057vvIiN__Tm1l0NnQ
281,2019,3,276,Brussels,50.83179238442284,4.354137330797514,xYcyo94O4wvvYeIbp9YHFw,2031,0,2494,3,4568,True,xYcyo94O4wvvYeIbp9YHFw
1118,2009,8,238,Brussels,50.84310328763156,4.333069487299382,hdlmfAgd4Bk80pvy6NirRg,934,1,2497,4,4574,True,hdlmfAgd4Bk80pvy6NirRg
484,2020,6,291,Brussels,50.83495215274905,4.323601088324152,A6tWkmANvkwi82QmMBLAEw,1910,1,2424,6,4576,True,A6tWkmANvkwi82QmMBLAEw
2675,2013,10,232,Brussels,50.86332350262221,4.329084756987578,DLrP095Lmz3YzCSvutK9Vg,128,1,2498,1,4579,True,DLrP095Lmz3YzCSvutK9Vg
2456,2011,3,154,Brussels,50.86025822707742,4.349374994154117,QO2T_dGlMKc4eGAQSkrwag,620,1,2499,1,4581,True,QO2T_dGlMKc4eGAQSkrwag
859,2013,6,346,Brussels,50.83977617656791,4.309060143343404,q0N7E6cvS5g3xvVly6c79g,1814,0,2106,5,4585,True,q0N7E6cvS5g3xvVly6c79g
2409,2020,7,233,Brussels,50.85904920699949,4.379234564921035,BoKKi2kZxCOuIeMdRXa7Nw,1355,0,1490,6,4588,True,BoKKi2kZxCOuIeMdRXa7Nw
1098,2019,5,205,Brussels,50.84301008027969,4.31290398703763,nGKDKjkJYOvPb-E9wCSsag,1393,0,1537,5,4591,True,nGKDKjkJYOvPb-E9wCSsag
1581,2013,6,325,Brussels,50.8489603947131,4.329278417859572,tvPBqPuQxLuSLYod8tBO4g,2034,0,2501,1,4594,True,tvPBqPuQxLuSLYod8tBO4g
1967,2013,7,77,Brussels,50.85373977683819,4.325047427057939,R44eC-73h-QQfdegsQLjcg,594,1,2502,3,4596,True,R44eC-73h-QQfdegsQLjcg
29,2009,4,220,Brussels,50.82893867137484,4.336247373441449,0KAFmCpI1uBXEBBArf3fdw,70,0,70,5,4598,True,0KAFmCpI1uBXEBBArf3fdw
2142,2009,6,288,Brussels,50.85572921097184,4.341967103926573,VVhGuUhZbGx7J3nTnC5Dfg,1756,1,2503,3,4599,True,VVhGuUhZbGx7J3nTnC5Dfg
2452,2017,5,148,Brussels,50.85989153867939,4.342133418608126,cJ1IjWdaamBXXVzdHnxlCw,1171,0,1263,4,4602,True,cJ1IjWdaamBXXVzdHnxlCw
1324,2009,4,77,Brussels,50.84502583548034,4.383806766905095,N0KGuH8Xk97sFi0Zn_2cjw,745,2,2504,4,4604,True,N0KGuH8Xk97sFi0Zn_2cjw
989,2013,6,126,Brussels,50.84094238089614,4.359742241738116,MVKa7gEwMRRheOfM_SbnHw,1650,1,2131,5,4605,True,MVKa7gEwMRRheOfM_SbnHw
2629,2014,7,81,Brussels,50.86183372615869,4.364615516251666,hELP4XBc7moBNa5JMYN9gA,1670,1,2508,2,4611,True,hELP4XBc7moBNa5JMYN9gA
206,2009,4,175,Brussels,50.83132151295194,4.357351988278019,UOVehZACyDu_MsTHqpLhjg,373,1,1658,6,4613,True,UOVehZACyDu_MsTHqpLhjg
2629,2018,5,65,Brussels,50.86185656659795,4.364634385121909,ijFStP1rxZBqh82QBE_aPw,1670,2,2510,1,4614,True,ijFStP1rxZBqh82QBE_aPw
2712,2009,6,48,Brussels,50.86296088761591,4.363689411627685,l5l4WMT0aXzVW5_FydgDaA,189,0,190,6,4616,True,l5l4WMT0aXzVW5_FydgDaA
902,2014,7,348,Brussels,50.83998280061153,4.351041389570049,2EOw1AFAwo-o8yRb33Jhkw,1663,0,1886,7,4619,True,2EOw1AFAwo-o8yRb33Jhkw
592,2019,3,271,Brussels,50.83610470815463,4.354059702108788,gAHbU_-cjLDSCZ81gg_E5Q,2039,0,2512,1,4625,True,gAHbU_-cjLDSCZ81gg_E5Q
1646,2020,11,187,Brussels,50.85021597567286,4.310648392320161,w58okmDBJt4sLHEV3G-o6g,1175,0,1267,6,4628,True,w58okmDBJt4sLHEV3G-o6g
592,2014,7,76,Brussels,50.83610372818157,4.354058420864993,ryhFkjU18-3UNIFWotIJug,2039,1,2515,2,4629,True,ryhFkjU18-3UNIFWotIJug
1081,2019,5,50,Brussels,50.84188372850483,4.378618685164546,MUaCVlUCDTTLHEHp28v81g,511,1,1987,6,4643,True,MUaCVlUCDTTLHEHp28v81g
1023,2020,11,220,Brussels,50.8417531939433,4.320894575340914,zH0Yjrih3K-3_iAD67pTyQ,1159,0,1250,5,4644,True,zH0Yjrih3K-3_iAD67pTyQ
2912,2019,5,80,Brussels,50.86589408033991,4.330187601070856,_kJRYx2iT3q-4PpRT8YerQ,1226,0,1331,4,4645,True,_kJRYx2iT3q-4PpRT8YerQ
2061,2009,10,82,Brussels,50.85506211326248,4.341375044756242,ITaxlQ5gmmeUIRIj55OUQg,2045,0,2520,3,4646,True,ITaxlQ5gmmeUIRIj55OUQg
904,2013,7,280,Brussels,50.8400311112401,4.353122900635353,30NPsgYabEIclO4xxkCgRg,1476,0,1639,6,4651,True,30NPsgYabEIclO4xxkCgRg
209,2009,6,11,Brussels,50.83097507005341,4.360167469158418,YT2A8JKChxTLb1S3KrVJYQ,1210,0,1308,11,4658,True,YT2A8JKChxTLb1S3KrVJYQ
2729,2017,6,266,Brussels,50.86266867623342,4.381992644406886,SEWRdd4Rg7RHA1_Jy7_-Xg,1166,0,1257,4,4659,True,SEWRdd4Rg7RHA1_Jy7_-Xg
1777,2014,7,359,Brussels,50.85075862944437,4.371057249357199,k-ntwGOQY7ePwQ1oqOoeXw,911,0,958,8,4661,True,k-ntwGOQY7ePwQ1oqOoeXw
1111,2013,6,196,Brussels,50.8436341527851,4.323976312998359,eBXM19yFO-GGQWCa3ojS2w,2047,0,2522,7,4662,True,eBXM19yFO-GGQWCa3ojS2w
1261,2010,10,160,Brussels,50.84513805153747,4.321964529726198,92-7TZ6pSpvDvxHdLU9ixw,369,1,2523,1,4663,True,92-7TZ6pSpvDvxHdLU9ixw
1389,2013,7,107,Brussels,50.84597053194344,4.372503906951578,MSy4v5bQP1-b_98Tvr-YTA,1259,1,2524,2,4667,True,MSy4v5bQP1-b_98Tvr-YTA
2874,2014,7,97,Brussels,50.86471815914505,4.378681182759035,cWathOIV4eAkyN-Ue8yOBQ,2020,1,2527,2,4681,True,cWathOIV4eAkyN-Ue8yOBQ
1562,2014,9,135,Brussels,50.84856827917329,4.310513333334907,v0naoZgCDSm6nBq7Rrpyng,822,0,857,4,4689,True,v0naoZgCDSm6nBq7Rrpyng
1876,2009,3,245,Brussels,50.8531361308556,4.314129541319549,fAEsq_dYZNBHDfAhCUlE0w,2051,0,2529,1,4691,True,fAEsq_dYZNBHDfAhCUlE0w
1154,2019,4,246,Brussels,50.84304738728942,4.369008069516061,ZOuaRYDThls_cogh1DirfQ,641,0,657,6,4692,True,ZOuaRYDThls_cogh1DirfQ
2177,2020,11,294,Brussels,50.85633015867622,4.381383691433851,lgHpQUX8FxBqYxVocjHbPA,598,1,2530,1,4693,True,lgHpQUX8FxBqYxVocjHbPA
2694,2009,5,50,Brussels,50.8629492978402,4.353574857437632,RIB2Pk6HCDKups-hXy78DA,1489,1,2531,2,4703,True,RIB2Pk6HCDKups-hXy78DA
2316,2009,6,324,Brussels,50.85795705071849,4.362460670492275,7L7Ff3Cj2guQ5oIrDJGMQA,2054,0,2535,1,4717,True,7L7Ff3Cj2guQ5oIrDJGMQA
81,2013,6,146,Brussels,50.82997310323243,4.310207848537515,L0CcbC51OOe-N563cCrVEw,2043,1,2537,2,4728,True,L0CcbC51OOe-N563cCrVEw
1086,2017,5,181,Brussels,50.84232600929884,4.375903840915511,mdhBZ_i9lxTN8BSkO69d2w,1450,0,1607,6,4730,True,mdhBZ_i9lxTN8BSkO69d2w
1093,2013,6,92,Brussels,50.84191363312156,4.384203559102853,__ufquuZ3flUXdZxUfmuAg,324,0,328,7,4732,True,__ufquuZ3flUXdZxUfmuAg
273,2014,7,143,Brussels,50.83198041121985,4.346235034923271,zyTEaEp7YTFH4amNODM4Sg,747,1,2538,1,4734,True,zyTEaEp7YTFH4amNODM4Sg
1505,2009,3,173,Brussels,50.84812561184323,4.327086582979145,47B8AIYif2P9_2pXhaLaCg,1145,1,2539,1,4736,True,47B8AIYif2P9_2pXhaLaCg
2313,2020,7,305,Brussels,50.85804784301823,4.35397076700793,yYty6070VymU_UsP-tARWQ,2057,0,2541,4,4751,True,yYty6070VymU_UsP-tARWQ
1769,2010,10,66,Brussels,50.8509974319466,4.361742387781413,aj3XkrRHy-z-vQak3fYMzA,811,0,843,8,4759,True,aj3XkrRHy-z-vQak3fYMzA
1911,2009,4,68,Brussels,50.85299185046369,4.344152787073658,8JMGr-Tl02-6FZP6e1Oi8w,1966,1,2543,1,4761,True,8JMGr-Tl02-6FZP6e1Oi8w
302,2017,5,245,Brussels,50.83203039505679,4.375614620129507,s2RdMkf-gOgS2V-__rXHGg,1727,0,1973,5,4766,True,s2RdMkf-gOgS2V-__rXHGg
1687,2009,9,4,Brussels,50.84982951609708,4.356138251331582,DS2R6IfvxCkpZj1b86vDzg,129,0,129,11,4770,True,DS2R6IfvxCkpZj1b86vDzg
2007,2019,10,40,Brussels,50.85393680509546,4.368937074128893,mca97wr5jlZk8nr8u7rmbw,1925,1,2547,1,4776,True,mca97wr5jlZk8nr8u7rmbw
2906,2013,7,175,Brussels,50.86578075894919,4.322056159215986,9Z8anxikDcaMOGfhZ43_ZA,2061,0,2548,7,4785,True,9Z8anxikDcaMOGfhZ43_ZA
2039,2019,5,253,Brussels,50.85507649010101,4.317558425431805,Xn65rI4c43mobqYr0SE_Zg,1376,1,2550,1,4793,True,Xn65rI4c43mobqYr0SE_Zg
1396,2009,6,150,Brussels,50.84599814452086,4.380225777637984,idSyDrvh3kTUZ7Luwmds3w,451,0,462,4,4797,True,idSyDrvh3kTUZ7Luwmds3w
365,2019,3,358,Brussels,50.83288843707358,4.360562805512743,_k0rQkaeV_tvGBRm7NzBFg,2063,0,2552,1,4801,True,_k0rQkaeV_tvGBRm7NzBFg
356,2013,7,20,Brussels,50.83296053122298,4.351320693401779,HKZjmtG6bDDHEPkG443Nng,1164,0,1255,5,4803,True,HKZjmtG6bDDHEPkG443Nng
1495,2014,9,17,Brussels,50.84800470609324,4.322127188728314,jK7iPDvJbRPPMt51yXkkhg,174,1,2557,1,4815,True,jK7iPDvJbRPPMt51yXkkhg
2007,2017,5,228,Brussels,50.85395565549889,4.36897484786355,1HdO4LDSWBjaDVD7K4cp-A,1925,0,2291,8,4817,True,1HdO4LDSWBjaDVD7K4cp-A
2440,2009,3,197,Brussels,50.85968792028752,4.32612030407131,4fdVSFOqWauCTNaT1izhwA,2068,0,2558,1,4823,True,4fdVSFOqWauCTNaT1izhwA
660,2014,7,18,Brussels,50.83694582106867,4.343199180451286,o7r9AkJeRjWNc7A1qIfNfg,1720,1,2559,4,4825,True,o7r9AkJeRjWNc7A1qIfNfg
274,2013,7,32,Brussels,50.83202298062692,4.347437461525638,MbLbNxKl_ozVB5WeiF4EmQ,2070,0,2561,5,4829,True,MbLbNxKl_ozVB5WeiF4EmQ
1623,2019,5,116,Brussels,50.8489964248069,4.368176391496235,R08krIpKD_BJ0oCG9c3yew,2071,0,2562,1,4830,True,R08krIpKD_BJ0oCG9c3yew
1177,2020,7,231,Brussels,50.84407999012286,4.315085513056584,vh90dGaTvz7evUOl3Nr15A,1990,0,2412,6,4834,True,vh90dGaTvz7evUOl3Nr15A
1743,2019,3,210,Brussels,50.85117932866906,4.333520162289047,Ts6lq9XQZYrcYZdivloaBQ,935,0,986,10,4835,True,Ts6lq9XQZYrcYZdivloaBQ
2573,2017,6,168,Brussels,50.860988642102,4.380166547694794,vBzEA3uUFmI9RjXswG7F-w,215,0,217,7,4838,True,vBzEA3uUFmI9RjXswG7F-w
2440,2009,4,23,Brussels,50.85969351676732,4.326160713194448,Y-ie9mcLBQgzGbdCiiWV0Q,2068,1,2565,3,4845,True,Y-ie9mcLBQgzGbdCiiWV0Q
2568,2019,10,27,Brussels,50.86093787767066,4.382409199453154,fUZBi--5JGOxIxT4oy0dgA,476,0,487,5,4851,True,fUZBi--5JGOxIxT4oy0dgA
2897,2018,10,307,Brussels,50.86598634377294,4.32020789545344,VglS-UqULGikX-iJbCsevQ,1347,0,1479,4,4854,True,VglS-UqULGikX-iJbCsevQ
2450,2009,6,151,Brussels,50.86002527816252,4.33997360374462,Yp-pK8QeOS4ZvbKzSafXxA,1318,1,2568,2,4862,True,Yp-pK8QeOS4ZvbKzSafXxA
2502,2009,8,87,Brussels,50.86107946949008,4.316238868199211,0oqs2ZFZs5M_Tp3LG6rTTg,901,0,947,6,4863,True,0oqs2ZFZs5M_Tp3LG6rTTg
1557,2013,7,312,Brussels,50.84798965366658,4.383571357513532,qNwcWyh31yoRs2qGF92Jbw,1644,1,2569,2,4867,True,qNwcWyh31yoRs2qGF92Jbw
2443,2019,3,146,Brussels,50.86025909235969,4.33394186537829,R5xZ9NuSdl1y0YZYbWFHQw,36,0,36,4,4869,True,R5xZ9NuSdl1y0YZYbWFHQw
792,2009,3,171,Brussels,50.83898630358078,4.319166252196903,eWDoH8J9rBrV-ddPyaBxBA,605,1,2575,3,4887,True,eWDoH8J9rBrV-ddPyaBxBA
2305,2013,7,24,Brussels,50.85807804642127,4.34820263609603,syLlzbpLG7vMi2eYYgiD7A,237,0,240,9,4889,True,syLlzbpLG7vMi2eYYgiD7A
1965,2019,5,138,Brussels,50.8539369413614,4.319173826792486,woLN6oiF8EDSRRbYvTUmJw,1497,1,2577,2,4894,True,woLN6oiF8EDSRRbYvTUmJw
466,2009,4,247,Brussels,50.83394281280567,4.383189009147709,FfUTyVlspS2tf6TPBec4dg,1595,1,2578,1,4899,True,FfUTyVlspS2tf6TPBec4dg
1442,2009,4,33,Brussels,50.84690515594694,4.350455610649176,8GGQPO-wnUv7iS8_2Qql0w,1324,1,2579,1,4901,True,8GGQPO-wnUv7iS8_2Qql0w
1730,2014,9,104,Brussels,50.85073602309407,4.323340317902059,Q1aUgGXmaitWkVL7s-k2RA,1253,0,1360,3,4903,True,Q1aUgGXmaitWkVL7s-k2RA
770,2020,6,265,Brussels,50.83804074297009,4.37523604628044,NkmBvp25-afVF1dL9MMB1w,1094,1,2580,1,4904,True,NkmBvp25-afVF1dL9MMB1w
628,2019,5,175,Brussels,50.83696885295501,4.310827009503223,gLP8OKXansUluK6ZOjRVrw,1935,0,2306,4,4911,True,gLP8OKXansUluK6ZOjRVrw
407,2013,6,135,Brussels,50.83419929782754,4.323899485812625,W-6CccNPoDfE-BunSJxbmg,227,0,230,4,4913,True,W-6CccNPoDfE-BunSJxbmg
2946,2009,6,189,Brussels,50.86601948519375,4.366147059389946,fmGV4KNg0Le7dLQuHCzvlA,1051,0,1119,6,4916,True,fmGV4KNg0Le7dLQuHCzvlA
709,2011,3,322,Brussels,50.83796975562525,4.314048301649388,hcUk5lh9KPaMyWuGUTqddg,1572,0,1757,4,4917,True,hcUk5lh9KPaMyWuGUTqddg
1172,2017,5,258,Brussels,50.84297070261594,4.383953652091559,CawBbAYfh887TN9CBw5gJA,719,1,2584,2,4926,True,CawBbAYfh887TN9CBw5gJA
451,2019,4,27,Brussels,50.83402753359691,4.368214336019677,j189Ck_8wvqeDLxjRR5LPA,127,1,2585,1,4930,True,j189Ck_8wvqeDLxjRR5LPA
2519,2020,7,64,Brussels,50.86099631852678,4.327053132780441,AUqFlTlMa18K741kDdjDrQ,1857,1,2586,1,4931,True,AUqFlTlMa18K741kDdjDrQ
56,2014,7,220,Brussels,50.82907026788344,4.363154139565816,9HZYhCm3jdwF3aGMwKA4wQ,794,1,2588,1,4935,True,9HZYhCm3jdwF3aGMwKA4wQ
1289,2014,7,173,Brussels,50.84485967875654,4.347053714180875,jfDvdexjozYayEvGAKNHkQ,1994,1,2589,3,4939,True,jfDvdexjozYayEvGAKNHkQ
1092,2009,3,225,Brussels,50.8430043674222,4.307182133973975,neGpZgSVcv19YHWLSDgqOg,755,0,785,4,4943,True,neGpZgSVcv19YHWLSDgqOg
1991,2009,4,222,Brussels,50.85407885332651,4.348511691353463,_fyAX5SUBDH7C270fnWbPA,1326,0,1449,5,4945,True,_fyAX5SUBDH7C270fnWbPA
1289,2020,7,353,Brussels,50.84483454311196,4.347067830240978,zPXwLHCTLClOGajDfv0vKw,1994,0,2421,4,4947,True,zPXwLHCTLClOGajDfv0vKw
2362,2009,6,248,Brussels,50.85889793610159,4.32806856815778,znhkU2jXwXHcV8RbOZVJXg,1288,0,1404,5,4948,True,znhkU2jXwXHcV8RbOZVJXg
2848,2013,7,279,Brussels,50.86507857756727,4.351267339201926,oEWNEDxDqScuCQDKV3OeqQ,1583,1,2591,2,4950,True,oEWNEDxDqScuCQDKV3OeqQ
2650,2020,6,221,Brussels,50.86194737795535,4.382751990614944,KO0zPi7fN2nuC7-K1QKUfw,937,1,2592,1,4951,True,KO0zPi7fN2nuC7-K1QKUfw
2075,2017,5,121,Brussels,50.85498659232592,4.354034198965271,DByfo5O3z4qlAcuVltyARA,987,0,1040,5,4954,True,DByfo5O3z4qlAcuVltyARA
1878,2013,10,187,Brussels,50.85289943002346,4.31097939779798,Wjs1ON5bSf7SB9YmrG1YSQ,311,0,315,5,4960,True,Wjs1ON5bSf7SB9YmrG1YSQ
580,2014,7,7,Brussels,50.8358139032746,4.340837054784409,XtzTW1BEYJOdMgBsQQHg6A,1412,1,2594,2,4963,True,XtzTW1BEYJOdMgBsQQHg6A
136,2019,9,35,Brussels,50.8300345658856,4.36413269732751,bZKaB-VE9X5sXuCIezwfEg,1793,1,2597,1,4970,True,bZKaB-VE9X5sXuCIezwfEg
1007,2011,3,147,Brussels,50.84095296077499,4.376236000216473,MoyzHOkJH0KA2DDEQwpI7w,1499,0,1664,8,4973,True,MoyzHOkJH0KA2DDEQwpI7w
2715,2009,6,355,Brussels,50.86308185444449,4.374417440309651,gN-l4nsUOWHvkrDroO4rNw,349,0,354,7,4979,True,gN-l4nsUOWHvkrDroO4rNw
390,2019,5,110,Brussels,50.8340210911626,4.306803031326391,RcWSaEy7JkcwvvHe5SA0Nw,371,2,2598,1,4980,True,RcWSaEy7JkcwvvHe5SA0Nw
2585,2009,8,68,Brussels,50.86199921886741,4.317149280719196,7SB9USws43XiJKRegXQPyA,772,0,802,5,4983,True,7SB9USws43XiJKRegXQPyA
1035,2009,3,80,Brussels,50.84199750227025,4.33124997752507,fM0pyGukUG14VQQA6ex-IQ,533,0,547,6,4985,True,fM0pyGukUG14VQQA6ex-IQ
2543,2013,7,171,Brussels,50.86102072117568,4.356217300559654,hD4CV_VnKo3PgcfwUyd5Ng,2084,0,2600,7,4988,True,hD4CV_VnKo3PgcfwUyd5Ng
2593,2013,7,115,Brussels,50.8617963557389,4.321233610213651,fwD2LXuVxq18j5yqMuSC7A,483,0,494,6,4990,True,fwD2LXuVxq18j5yqMuSC7A
2137,2020,6,220,Brussels,50.85592209512135,4.339418740515442,pG6dtx4PspgFekMPX2PZ7g,722,1,2601,4,4993,True,pG6dtx4PspgFekMPX2PZ7g
2415,2009,3,98,Brussels,50.85982977950995,4.308016906321057,rhKIwNjatGe585mIV45fkg,528,2,931,3,4996,True,rhKIwNjatGe585mIV45fkg
1984,2013,7,241,Brussels,50.85405241302204,4.338733159615234,XJDlUC5T_SKWwTqPwQb2YQ,45,1,1224,4,4997,True,XJDlUC5T_SKWwTqPwQb2YQ
2189,2013,10,241,Brussels,50.85697952304771,4.3111777965579,UJw8IEbN8ghA-sCMpadbRg,2086,0,2603,1,5001,True,UJw8IEbN8ghA-sCMpadbRg
487,2009,9,237,Brussels,50.83485851682913,4.326067024872956,AebOdiwiN7JzMSLVlJmoXA,1683,1,2604,1,5004,True,AebOdiwiN7JzMSLVlJmoXA
2356,2013,10,116,Brussels,50.85891020786932,4.324180806536766,VU7Q5sU39P07bpyBTrWIPg,2017,0,2474,5,5011,True,VU7Q5sU39P07bpyBTrWIPg
2008,2020,6,236,Brussels,50.85388120892473,4.364050972702724,eLsOcutebuRjVhSCmC3hPA,1214,0,1313,10,5012,True,eLsOcutebuRjVhSCmC3hPA
2275,2009,6,21,Brussels,50.85822994177787,4.320152387367581,DFQ7TLUezulazJVrSDFs1g,1616,0,1828,4,5013,True,DFQ7TLUezulazJVrSDFs1g
1137,2014,7,226,Brussels,50.84271164847496,4.352490164396469,1R2jZIlHUpMuoJy0BHPG6Q,1839,0,2152,4,5014,True,1R2jZIlHUpMuoJy0BHPG6Q
2437,2020,7,349,Brussels,50.86009801250567,4.328276322056172,N-hQo-5NNbv8M9xpcR1OUg,658,1,1082,5,5021,True,N-hQo-5NNbv8M9xpcR1OUg
80,2013,6,284,Brussels,50.82986013438284,4.308857745353507,kh0fdR79TAPmqO7dAO5rig,2046,1,2610,1,5024,True,kh0fdR79TAPmqO7dAO5rig
1639,2020,6,117,Brussels,50.84909551660589,4.384250100432711,FK6MeB9dKl-NciKEuhiv5A,2091,0,2611,1,5025,True,FK6MeB9dKl-NciKEuhiv5A
2386,2020,7,256,Brussels,50.85891415289027,4.352328571932349,A0UPGvPZckpYO37dOTyOPA,1054,1,2612,1,5029,True,A0UPGvPZckpYO37dOTyOPA
563,2017,5,188,Brussels,50.83595293983959,4.324150940188978,MKLC6i_Xu_vZYvuy9Lh0pA,566,1,2614,1,5032,True,MKLC6i_Xu_vZYvuy9Lh0pA
2651,2020,6,123,Brussels,50.86204912731534,4.380741642280794,a0nPPXkQKtxjsgmovjkskA,962,0,1015,7,5034,True,a0nPPXkQKtxjsgmovjkskA
2808,2017,5,158,Brussels,50.86534470652682,4.309867963190311,v80w3uoDPIyg5bdZ-chFUw,86,1,2615,1,5038,True,v80w3uoDPIyg5bdZ-chFUw
2814,2019,5,248,Brussels,50.86480301522958,4.313202358799254,A72-woqxlMADbi5GTIOdbQ,2093,0,2616,3,5039,True,A72-woqxlMADbi5GTIOdbQ
2915,2013,7,20,Brussels,50.86586713309398,4.335416322178326,lC-Utc7gTt0fO2HwPzHfKg,1312,1,2617,1,5041,True,lC-Utc7gTt0fO2HwPzHfKg
2038,2009,3,272,Brussels,50.85503820584029,4.318496561905707,Hx8J9GGBmXEIujRjIWfTnA,1919,2,2618,1,5044,True,Hx8J9GGBmXEIujRjIWfTnA
2176,2019,5,51,Brussels,50.85605466477393,4.374870264002256,hSyaulZQL1LBsoBCXQ3fiw,1597,0,1801,3,5054,True,hSyaulZQL1LBsoBCXQ3fiw
137,2017,5,345,Brussels,50.82992424454923,4.365958570043437,IGlnkleUei1YZ9shl0ZU-g,241,0,244,5,5058,True,IGlnkleUei1YZ9shl0ZU-g
2036,2019,5,263,Brussels,50.85499730201343,4.31523708042164,iGV5LUqiZTB1_PKT5SB9hg,2094,0,2619,5,5064,True,iGV5LUqiZTB1_PKT5SB9hg
532,2019,3,167,Brussels,50.83481137538394,4.370963626968042,akzR2ksMoKvy28V4hBO1oQ,2095,0,2620,1,5071,True,akzR2ksMoKvy28V4hBO1oQ
1954,2013,10,354,Brussels,50.85392953562575,4.313218871704534,IJJSoTEQr_WPm9fPWD17bQ,1524,1,2621,1,5072,True,IJJSoTEQr_WPm9fPWD17bQ
1127,2009,4,270,Brussels,50.84285092248954,4.342217208685122,bscqCfK0QtYkhD5qh1WMmA,1740,1,2622,2,5074,True,bscqCfK0QtYkhD5qh1WMmA
2463,2020,7,220,Brussels,50.85996679474827,4.355280589505574,4c1oFbU_wmRmrOSwVU3a_g,2096,0,2623,2,5082,True,4c1oFbU_wmRmrOSwVU3a_g
1644,2019,5,344,Brussels,50.84995110896831,4.316159473852756,nVSgjLl8Dw5Ukf-3AyU_qw,1715,2,2625,2,5085,True,nVSgjLl8Dw5Ukf-3AyU_qw
2322,2009,4,294,Brussels,50.85795173913394,4.366132265011011,hsk6hxXPkxYhVAXaCo04OQ,1285,0,1400,5,5086,True,hsk6hxXPkxYhVAXaCo04OQ
1402,2017,5,11,Brussels,50.84704195609699,4.309122625869959,SDyubPce7r3dxyahWGpgfQ,2075,1,2626,3,5088,True,SDyubPce7r3dxyahWGpgfQ
2538,2009,4,56,Brussels,50.86088354034137,4.350704930656645,hfM6H2qgZUUrBcq1Yi1XgA,471,0,482,8,5094,True,hfM6H2qgZUUrBcq1Yi1XgA
219,2019,3,351,Brussels,50.83108806332221,4.370179061584729,DNk7hEOrHezjrFwPhOlyfg,1150,1,2627,1,5096,True,DNk7hEOrHezjrFwPhOlyfg
2935,2014,7,139,Brussels,50.86588123882179,4.355635842393616,pYJ1fJWjEpkDblhvzmAz9Q,199,0,200,10,5099,True,pYJ1fJWjEpkDblhvzmAz9Q
1605,2020,7,145,Brussels,50.84907930503497,4.352293997456798,ugnvaT5p8ch3tR33zIjtaQ,1950,1,2629,4,5109,True,ugnvaT5p8ch3tR33zIjtaQ
2408,2013,6,285,Brussels,50.8588509280094,4.38015195352138,1bpYKBFb5VB4DKalsRMQUw,2099,0,2631,5,5114,True,1bpYKBFb5VB4DKalsRMQUw
1433,2014,7,231,Brussels,50.84633055384482,4.336244437333381,RuraH-e5zp29DU4_Z2GbIA,280,1,1840,4,5115,True,RuraH-e5zp29DU4_Z2GbIA
1300,2019,9,239,Brussels,50.84499535936787,4.359585606833726,aQsP6MPxBSahrV3yGDeN2w,1676,0,1902,3,5116,True,aQsP6MPxBSahrV3yGDeN2w
502,2013,7,315,Brussels,50.83474692967372,4.340950532220526,6rp56s4JY2aTNXvH4rv7ww,1773,0,2050,6,5119,True,6rp56s4JY2aTNXvH4rv7ww
1201,2009,4,6,Brussels,50.84402781131017,4.341122796782257,If_fUBcbuXt6JdJZOnLRow,780,0,811,6,5137,True,If_fUBcbuXt6JdJZOnLRow
900,2011,3,153,Brussels,50.83987314783021,4.349577257746632,jxXW_to45KAqapRltzla6Q,412,0,418,7,5148,True,jxXW_to45KAqapRltzla6Q
1666,2020,6,206,Brussels,50.84980128388462,4.336249332900912,hgRx_bLQw-G3lnUFEgQ4_A,1307,0,1425,4,5152,True,hgRx_bLQw-G3lnUFEgQ4_A
1681,2009,8,211,Brussels,50.84990012521876,4.351321846700057,NiyF2FWc-pW7bVTWwLmCxg,1368,1,2635,2,5153,True,NiyF2FWc-pW7bVTWwLmCxg
1281,2009,4,240,Brussels,50.84486998618089,4.341236424563759,dLS7XIXCMFrcYW4p2zz2hA,1838,0,2151,7,5156,True,dLS7XIXCMFrcYW4p2zz2hA
494,2019,3,219,Brussels,50.83504534042319,4.333100826650313,G05v92u9nlqCBTVIkSylCQ,1418,1,2637,2,5157,True,G05v92u9nlqCBTVIkSylCQ
1110,2017,6,89,Brussels,50.84371687656095,4.328016046061666,iohQ6WnS7WuiLT_HDoePMg,611,0,626,3,5158,True,iohQ6WnS7WuiLT_HDoePMg
1841,2020,6,89,Brussels,50.85210686821261,4.359723494119481,JCKO2vaIy-slU2SmqRCALQ,715,0,740,7,5159,True,JCKO2vaIy-slU2SmqRCALQ
2568,2009,7,199,Brussels,50.8609620218328,4.38239189757191,yBRm-v-PK2PGaEnO6e-WQw,476,1,2638,2,5160,True,yBRm-v-PK2PGaEnO6e-WQw
1367,2010,10,197,Brussels,50.84591732242992,4.342294541138298,KVXY8YoMHOeXhehCZ_1Mkg,1978,0,2385,7,5164,True,KVXY8YoMHOeXhehCZ_1Mkg
1677,2019,3,351,Brussels,50.84992347830507,4.348104016418074,KQyeCfW8r9udeLDQXiS6Zg,1025,0,1088,7,5165,True,KQyeCfW8r9udeLDQXiS6Zg
2574,2014,9,351,Brussels,50.86313452511465,4.308658044392994,f0TNQbrGjLA6CoS13PBDOw,2104,0,2639,4,5169,True,f0TNQbrGjLA6CoS13PBDOw
1556,2009,4,228,Brussels,50.8478652337182,4.384527001780077,EmzAptQO11dpUWvuAYG8Zw,168,0,169,6,5170,True,EmzAptQO11dpUWvuAYG8Zw
1783,2014,7,317,Brussels,50.85088964939365,4.375869155622769,fTXM8YSBMoCKomZkOJ1-eg,342,0,346,7,5175,True,fTXM8YSBMoCKomZkOJ1-eg
1205,2019,9,104,Brussels,50.84399918310906,4.344214654637551,OFDCHbTvME8SXuB27JZgEw,1362,1,2643,1,5179,True,OFDCHbTvME8SXuB27JZgEw
2002,2009,4,24,Brussels,50.85392057171072,4.359203487988008,x1kC0_939TAf4_8A8bjivw,1685,0,1913,5,5181,True,x1kC0_939TAf4_8A8bjivw
2151,2020,7,3,Brussels,50.85592233725046,4.352615116125328,AfqrH87mW1jEFbwwqnjrrA,498,0,509,3,5182,True,AfqrH87mW1jEFbwwqnjrrA
1397,2013,7,212,Brussels,50.84585769729163,4.378246035067155,vN7ZCo6eQ8v06Se6DsBuAg,1983,0,2400,5,5183,True,vN7ZCo6eQ8v06Se6DsBuAg
826,2020,7,142,Brussels,50.83895928354715,4.353226078662416,Gb3cOrvO4JddZ_k7YLODHg,2106,0,2644,6,5186,True,Gb3cOrvO4JddZ_k7YLODHg
312,2013,6,254,Brussels,50.83327130437105,4.307676262077319,X0YQibnZkEU7xjlCNnr0Bg,1514,0,1682,6,5191,True,X0YQibnZkEU7xjlCNnr0Bg
2452,2020,7,319,Brussels,50.85991447824897,4.342164935486747,FGiJ0LY64feQHytIe7p4kQ,1171,1,2583,8,5194,True,FGiJ0LY64feQHytIe7p4kQ
389,2014,7,27,Brussels,50.83292368242085,4.384065665021973,ckWKvxtdRSVw-VR9ve6FRA,2053,1,2649,1,5205,True,ckWKvxtdRSVw-VR9ve6FRA
2239,2010,10,116,Brussels,50.85709150357381,4.361953968534743,BTxj9sScmTx5TVMt73fNTw,1549,1,2652,2,5215,True,BTxj9sScmTx5TVMt73fNTw
169,2020,6,49,Brussels,50.83086200119605,4.320384358446426,Zjgl0FCRP3C2aDHPRxyvvw,1875,0,2210,4,5217,True,Zjgl0FCRP3C2aDHPRxyvvw
1013,2013,7,309,Brussels,50.84080682740781,4.380036374512862,yz57PFrVxi26D77vYj0IJQ,1699,1,2653,1,5218,True,yz57PFrVxi26D77vYj0IJQ
1717,2013,6,134,Brussels,50.85095420617695,4.307214444587848,wuD2iHxDDDsc1ZUlUbppvg,2110,0,2654,1,5219,True,wuD2iHxDDDsc1ZUlUbppvg
1572,2019,5,323,Brussels,50.84837957517952,4.316380209464681,Y-qkRF4BI1UixBNK_11q0g,923,0,973,4,5222,True,Y-qkRF4BI1UixBNK_11q0g
1863,2009,6,161,Brussels,50.85199340915077,4.379179324442084,6njrFbjBRh7lk5oHEWugtw,1293,0,1410,4,5224,True,6njrFbjBRh7lk5oHEWugtw
1774,2019,3,109,Brussels,50.8509795516616,4.370181826657423,wdb3oH-E3D3mgixOe05-8g,1330,0,1453,3,5225,True,wdb3oH-E3D3mgixOe05-8g
1122,2014,7,225,Brussels,50.84304100915501,4.336194843693895,gbt6_NurLuK4Qmx7fFOCgQ,2111,0,2656,1,5226,True,gbt6_NurLuK4Qmx7fFOCgQ
2441,2013,7,290,Brussels,50.85980515106027,4.33198513580409,iL7Ef69NR83KI0VYv-TKIA,638,1,2657,2,5228,True,iL7Ef69NR83KI0VYv-TKIA
1920,2020,7,97,Brussels,50.85294662499239,4.35309282077893,udCW4QcKl_q-rHiWFSTWwQ,2112,0,2658,3,5231,True,udCW4QcKl_q-rHiWFSTWwQ
1451,2014,7,70,Brussels,50.84684082556099,4.350978779627611,en2ptboKOHY-66tAUm0Qlg,581,1,2660,2,5243,True,en2ptboKOHY-66tAUm0Qlg
159,2017,5,56,Brussels,50.83065503416816,4.31020582689909,ZtOeVsZSf_HWYGbL2QwEyA,486,1,2661,1,5244,True,ZtOeVsZSf_HWYGbL2QwEyA
118,2014,7,273,Brussels,50.82988171801718,4.347331481912959,SFOYnB3gyNLg4taMD6JChw,404,0,410,3,5249,True,SFOYnB3gyNLg4taMD6JChw
1606,2013,7,148,Brussels,50.84872647034776,4.350867889577385,AputEXU3p0RP3tUjJq9J2g,1963,0,2355,3,5250,True,AputEXU3p0RP3tUjJq9J2g
620,2014,7,344,Brussels,50.83607433946089,4.381507494563009,-tk3UDTbqEBKQvkQg1zLOA,2116,0,2664,5,5254,True,-tk3UDTbqEBKQvkQg1zLOA
1601,2014,7,68,Brussels,50.84889922835528,4.349326855732852,7zou8kp8DCJ3hkZBELV0dw,1215,1,2665,2,5255,True,7zou8kp8DCJ3hkZBELV0dw
7,2014,8,164,Brussels,50.8288605168114,4.315054585987317,T0_wD7-ODVJhjSVtjPSKyA,1873,1,2666,5,5258,True,T0_wD7-ODVJhjSVtjPSKyA
1248,2013,6,257,Brussels,50.84498615446962,4.308331014620484,kkZW1Lu9MyN39prS4kvafw,2117,0,2667,1,5263,True,kkZW1Lu9MyN39prS4kvafw
2210,2009,4,319,Brussels,50.8569744215941,4.330218491137461,WTD4AJZZoK141HN4hDm9PQ,930,1,2563,3,5265,True,WTD4AJZZoK141HN4hDm9PQ
2430,2014,9,59,Brussels,50.85948493599628,4.315955102598894,sNaxShywyIpsEsU42iod7A,1640,0,1857,4,5272,True,sNaxShywyIpsEsU42iod7A
1560,2009,4,120,Brussels,50.84805706579176,4.381363931478663,9GpjvFbY6jkjU1t0JZxm_A,2120,0,2670,4,5276,True,9GpjvFbY6jkjU1t0JZxm_A
2014,2009,5,249,Brussels,50.85378482463395,4.377111296812863,0vC01bYWRATcLFfm3qLujw,2072,0,2566,5,5282,True,0vC01bYWRATcLFfm3qLujw
2693,2013,7,186,Brussels,50.86301863677667,4.344102669612913,TGE1HlYjRfH4xK1ni6f-7A,1241,1,2673,1,5286,True,TGE1HlYjRfH4xK1ni6f-7A
2739,2019,5,222,Brussels,50.86399727362728,4.314101103450789,YMLv96grObj9wvtmEnfg5w,1561,1,2674,1,5287,True,YMLv96grObj9wvtmEnfg5w
412,2017,5,96,Brussels,50.83400963793883,4.329173680293622,AHet0fyyY-xMVpnxABVB5Q,1977,0,2379,6,5289,True,AHet0fyyY-xMVpnxABVB5Q
2440,2014,9,218,Brussels,50.85968558104938,4.3261211609303,MbBFHSv61Y6lyHhYe1A0Ow,2068,2,2675,1,5292,True,MbBFHSv61Y6lyHhYe1A0Ow
2636,2009,8,140,Brussels,50.86198371137868,4.372267927027603,BDUGr6XnrIFTkY8QHJL_Hw,252,0,255,5,5294,True,BDUGr6XnrIFTkY8QHJL_Hw
1106,2009,3,22,Brussels,50.84357349929623,4.319214136167376,GMZXTnYteZJsI9w5XByunA,2122,0,2677,4,5295,True,GMZXTnYteZJsI9w5XByunA
648,2009,4,87,Brussels,50.83682904352856,4.331027734702978,qQO7JZFm_DmuDGySL9s6LQ,1035,0,1100,6,5309,True,qQO7JZFm_DmuDGySL9s6LQ
1581,2020,11,2,Brussels,50.84898467984182,4.32928164593766,_xMEU6NzoOOPnES6BTYLwg,2034,1,2681,1,5326,True,_xMEU6NzoOOPnES6BTYLwg
2843,2019,4,220,Brussels,50.86503309343538,4.340264863441482,VqOG3uawcbh3CMvM_2GkTg,679,1,859,3,5327,True,VqOG3uawcbh3CMvM_2GkTg
1246,2014,7,336,Brussels,50.84425195014164,4.383352984182023,_HaU-MSwnNjUWhrBjUdNQw,78,0,78,7,5332,True,_HaU-MSwnNjUWhrBjUdNQw
1721,2020,11,285,Brussels,50.85096117110177,4.31689613423012,RkL0_MJQ4VwvVGganO6elA,549,0,563,5,5334,True,RkL0_MJQ4VwvVGganO6elA
117,2013,7,274,Brussels,50.83006749135864,4.346603356871213,EMqeKAD3uABM_YuyQkN-DA,2027,0,2489,5,5337,True,EMqeKAD3uABM_YuyQkN-DA
2944,2017,6,178,Brussels,50.86601982874407,4.361575546878011,3SUM7C2BCCs7xg1OsIM-JQ,908,0,955,6,5347,True,3SUM7C2BCCs7xg1OsIM-JQ
1981,2009,8,354,Brussels,50.85395345202041,4.342310849831339,XOC6glbc_W1E9j403zDJ-g,2130,0,2686,5,5351,True,XOC6glbc_W1E9j403zDJ-g
1342,2009,8,41,Brussels,50.84587728807295,4.32398349640184,VSHVoGP2yY_FCV7BTMnXzQ,2131,0,2687,2,5352,True,VSHVoGP2yY_FCV7BTMnXzQ
82,2013,6,210,Brussels,50.8302983412648,4.310578653138198,e4WI3ERLsip6xqIJ5vU1cg,752,1,2688,2,5362,True,e4WI3ERLsip6xqIJ5vU1cg
964,2019,4,134,Brussels,50.84091117079542,4.335065991125402,GTNxGCFFrby6s9SMOoPJyg,1626,0,1839,4,5379,True,GTNxGCFFrby6s9SMOoPJyg
535,2009,4,10,Brussels,50.83505535290871,4.374108018812332,oC4TYZHPQhQVrKr-mHXXcg,730,1,2694,1,5382,True,oC4TYZHPQhQVrKr-mHXXcg
956,2009,3,201,Brussels,50.84074384127576,4.327512580869266,57_pB4UPCCoLpUz1xKMDDA,454,0,465,12,5393,True,57_pB4UPCCoLpUz1xKMDDA
591,2020,7,73,Brussels,50.83593417663479,4.352328019101369,OX6JOfZw8Q1oOAIiirO7RQ,68,2,2698,1,5401,True,OX6JOfZw8Q1oOAIiirO7RQ
2071,2020,7,46,Brussels,50.85472236284604,4.348195752417626,dzl3gCCNjfX9bMRPM7kaUg,2136,0,2701,4,5405,True,dzl3gCCNjfX9bMRPM7kaUg
2610,2013,7,310,Brussels,50.86185452515897,4.340129118778054,rU7268kYoD1X_-WrZzmi0w,2137,0,2702,5,5407,True,rU7268kYoD1X_-WrZzmi0w
654,2017,6,283,Brussels,50.83752222201109,4.336915875804642,vx1JVSF3XhnAhAYps3pSdA,2082,0,2596,4,5409,True,vx1JVSF3XhnAhAYps3pSdA
536,2013,7,67,Brussels,50.83509108208442,4.375469135486386,SBNNQxhOmScnMmQZAvd7Ng,2138,0,2703,4,5411,True,SBNNQxhOmScnMmQZAvd7Ng
677,2013,7,132,Brussels,50.83685299347679,4.360863518858636,bQ6X1yr9iOTbcJWAdDFUBQ,2055,0,2536,4,5412,True,bQ6X1yr9iOTbcJWAdDFUBQ
848,2014,7,212,Brussels,50.8388618628697,4.37550017693442,z0pylYZjlP5Hx7-GAv1wnw,1662,0,1885,3,5415,True,z0pylYZjlP5Hx7-GAv1wnw
1370,2009,4,41,Brussels,50.84586563375292,4.350097438074066,gHaKMn_Zuui0i_X5F40Rxw,2026,1,2706,1,5417,True,gHaKMn_Zuui0i_X5F40Rxw
1162,2013,7,187,Brussels,50.84286438383905,4.377088778022008,etzIctduLIqnrj9n3TNl7Q,1586,0,1780,7,5419,True,etzIctduLIqnrj9n3TNl7Q
609,2009,4,51,Brussels,50.83560068425302,4.370272827947079,OGoM-cEgcJfJQ8OAXzgFlw,95,1,2708,2,5423,True,OGoM-cEgcJfJQ8OAXzgFlw
1425,2014,9,58,Brussels,50.84695280139566,4.32510857685736,5BBtNHdFvje40P40Q2ue7A,1192,0,1288,5,5425,True,5BBtNHdFvje40P40Q2ue7A
724,2017,5,21,Brussels,50.8377900825737,4.328991318818362,-jmpuSZirfV333TcdJXr8A,687,0,707,7,5435,True,-jmpuSZirfV333TcdJXr8A
1262,2009,8,322,Brussels,50.84484355483344,4.321408537707834,WDpTfmxgzdmhVvuKp39R1A,2143,0,2710,4,5444,True,WDpTfmxgzdmhVvuKp39R1A
981,2010,10,59,Brussels,50.84107269456283,4.351652030024546,bLyQdWPYvQPTjCkYz3jN4w,1357,0,1494,7,5452,True,bLyQdWPYvQPTjCkYz3jN4w
1768,2019,3,130,Brussels,50.85086266952514,4.361500990507531,cY0s83-tESHbNuQ9xboIdw,1044,0,1110,9,5454,True,cY0s83-tESHbNuQ9xboIdw
1689,2017,5,240,Brussels,50.84999124348931,4.35718341995651,rKFwHnMPRkHELYcs8BN3PQ,1204,1,1318,5,5457,True,rKFwHnMPRkHELYcs8BN3PQ
1845,2020,6,249,Brussels,50.85221769208873,4.358123744223063,chIv1GhLP3O5b1dbbKbmBw,1579,0,1765,4,5468,True,chIv1GhLP3O5b1dbbKbmBw
1640,2013,6,347,Brussels,50.8499592031651,4.307346311974428,dWEJjNw-F-m0GFxcA4uTbw,2033,0,2496,3,5479,True,dWEJjNw-F-m0GFxcA4uTbw
1602,2013,7,268,Brussels,50.84898236741415,4.348136619402712,9z7YPRaXNYpSK9juVB5HkQ,1882,1,2714,1,5487,True,9z7YPRaXNYpSK9juVB5HkQ
1543,2014,7,168,Brussels,50.84794005544721,4.368277282602556,gMJ2BS7B6nUUaYr0tQZA3g,1033,0,1096,7,5490,True,gMJ2BS7B6nUUaYr0tQZA3g
2205,2019,4,295,Brussels,50.85680766058836,4.327330165089844,xMHTSKsZetQlDsRo6WMBXQ,1976,1,2716,2,5492,True,xMHTSKsZetQlDsRo6WMBXQ
1807,2014,9,218,Brussels,50.8518805494497,4.315134254078494,Xgh_RtMW2vMJvtxLqdbjiw,575,0,590,6,5494,True,Xgh_RtMW2vMJvtxLqdbjiw
2439,2009,3,97,Brussels,50.86023631020854,4.326672426178718,nGqySfNAR9Zb3NE2XMlCOw,574,0,589,3,5499,True,nGqySfNAR9Zb3NE2XMlCOw
1503,2014,9,201,Brussels,50.84783694652712,4.330316508423511,hafjUDr0mKQ8CeELy70IgQ,2148,0,2718,6,5504,True,hafjUDr0mKQ8CeELy70IgQ
2796,2013,7,76,Brussels,50.86400572782918,4.371175347430945,b_8U70rPDlG3G53s810D7w,1566,0,1747,5,5512,True,b_8U70rPDlG3G53s810D7w
78,2009,8,214,Brussels,50.82982923536811,4.307238424111902,RNzrma8lvK-XUQAz367PJw,1637,0,1854,6,5514,True,RNzrma8lvK-XUQAz367PJw
1861,2014,7,283,Brussels,50.85210249480163,4.374570540903066,5ei3--1x3WNLZ44IyhZi3A,1690,0,1919,5,5515,True,5ei3--1x3WNLZ44IyhZi3A
278,2014,7,82,Brussels,50.83224394776515,4.351245247854503,qiabZSsu6zt38sxlIr2NNQ,1017,1,2719,2,5516,True,qiabZSsu6zt38sxlIr2NNQ
2825,2018,7,102,Brussels,50.86462813489738,4.321981478891735,6ZLfXQreKp-fII9oIW9ttQ,1315,0,1436,5,5522,True,6ZLfXQreKp-fII9oIW9ttQ
697,2009,9,285,Brussels,50.83707634499843,4.380042138291591,OaYdNpzl9eF2WkZNFg0MVw,1274,0,1386,4,5525,True,OaYdNpzl9eF2WkZNFg0MVw
2290,2013,10,304,Brussels,50.85817739073806,4.336118746063761,JwT3IoVItz93JQECcf3ETQ,694,1,2198,3,5526,True,JwT3IoVItz93JQECcf3ETQ
1952,2020,11,357,Brussels,50.85288665215405,4.38206849855535,uxbhla543KbgTHjHx57fBg,508,1,2723,2,5531,True,uxbhla543KbgTHjHx57fBg
2368,2009,6,82,Brussels,50.85905391330136,4.337100172203803,g9bxWFThkMDykpdvrMn1XQ,5,0,5,5,5538,True,g9bxWFThkMDykpdvrMn1XQ
44,2014,7,122,Brussels,50.8289775685241,4.350166228400014,Ps4gaTfJGVcFYrb4MZ5irQ,1022,0,1085,3,5546,True,Ps4gaTfJGVcFYrb4MZ5irQ
68,2019,4,63,Brussels,50.8288854404713,4.375252714834258,HZTIw-eXG-cfB-8uCgzwnQ,1941,0,2322,4,5557,True,HZTIw-eXG-cfB-8uCgzwnQ
186,2014,7,238,Brussels,50.83118117402317,4.337475095589801,bARDXKaf-mIMNKkrHzaiQg,614,0,629,3,5561,True,bARDXKaf-mIMNKkrHzaiQg
479,2017,5,203,Brussels,50.83523013159837,4.318620090982471,VsNB5Eu-o7ffrmwupO6CEg,1985,0,2404,3,5563,True,VsNB5Eu-o7ffrmwupO6CEg
2946,2020,6,0,Brussels,50.86602102557055,4.366191801346226,E4PJzsX3DDCvi_npmjUaCw,1051,1,2214,5,5564,True,E4PJzsX3DDCvi_npmjUaCw
1866,2014,7,91,Brussels,50.8518607839591,4.376258900958768,41qc0TEH2FIasbZAEkTcww,827,0,863,6,5567,True,41qc0TEH2FIasbZAEkTcww
1898,2013,10,127,Brussels,50.85309668873298,4.334408085570556,VDLpQBe7torSWPIQt-1Uqg,648,1,731,7,5569,True,VDLpQBe7torSWPIQt-1Uqg
2372,2009,6,264,Brussels,50.8590722588956,4.334076544983443,Z2NGohM5FZbsAEjbXGbt-Q,1224,0,1327,6,5577,True,Z2NGohM5FZbsAEjbXGbt-Q
1460,2010,10,340,Brussels,50.84690699605642,4.362120754557808,jCDTds3ZzObvjv7hsk8QkA,895,0,940,5,5580,True,jCDTds3ZzObvjv7hsk8QkA
1693,2009,9,86,Brussels,50.84987824760897,4.360315653481739,hu6lO2GOlp7_X4bVQQfcRg,754,0,784,9,5589,True,hu6lO2GOlp7_X4bVQQfcRg
2374,2013,7,250,Brussels,50.85894467492231,4.346174198342979,iLwp61fqdUFyEXSJOw2PTg,888,0,930,15,5594,True,iLwp61fqdUFyEXSJOw2PTg
1872,2019,5,171,Brussels,50.85304762786536,4.308099810410689,GthLi_OS26c55vjafKmP4g,1115,1,2730,2,5595,True,GthLi_OS26c55vjafKmP4g
65,2013,7,217,Brussels,50.82894451341161,4.372414269815849,ttMH-s-btQuawGdS_OEOhw,1825,0,2125,5,5605,True,ttMH-s-btQuawGdS_OEOhw
184,2009,4,169,Brussels,50.8311307121641,4.335264531880438,y11EFsKy1VoYc_PlKAFFfQ,1467,1,2732,1,5608,True,y11EFsKy1VoYc_PlKAFFfQ
1907,2019,3,20,Brussels,50.85295482530528,4.338588254508593,29ZzxMWlq1wsJSS_In-wVQ,530,1,2734,1,5623,True,29ZzxMWlq1wsJSS_In-wVQ
2211,2019,4,213,Brussels,50.85702810306801,4.331135877355436,nQPhUuQa_ZsiU_-7hJy1RA,1273,0,1384,4,5625,True,nQPhUuQa_ZsiU_-7hJy1RA
2182,2019,9,161,Brussels,50.85593761608647,4.38327799426939,Ub01NwNJXtsvtFwZsodyXw,1904,1,2736,1,5629,True,Ub01NwNJXtsvtFwZsodyXw
1617,2020,11,242,Brussels,50.84896839841058,4.36525154074429,ocA8UIgY430149eT7DvPJA,2158,0,2737,2,5635,True,ocA8UIgY430149eT7DvPJA
2563,2013,7,341,Brussels,50.86097523060797,4.378449169088738,FjWGRIDcbFMPTfuY3JL91g,1877,1,2738,2,5637,True,FjWGRIDcbFMPTfuY3JL91g
2697,2009,4,78,Brussels,50.86287068736913,4.354560971982115,KiZcK8MRZT_ciJXcdvvntg,1132,1,2739,1,5638,True,KiZcK8MRZT_ciJXcdvvntg
1988,2020,7,225,Brussels,50.85390147224521,4.346943208585431,atWQr4WSRwuMfm9kk09f3A,2038,0,2509,7,5641,True,atWQr4WSRwuMfm9kk09f3A
455,2020,6,222,Brussels,50.83411699652088,4.372284842112617,2-rr8wlp9XDLoVILKVp2IA,1485,1,2740,2,5649,True,2-rr8wlp9XDLoVILKVp2IA
1238,2014,7,344,Brussels,50.84419992046841,4.375244117257717,2ftiFA7HLE5VrU4WodSMDA,1313,0,1434,9,5652,True,2ftiFA7HLE5VrU4WodSMDA
547,2019,5,275,Brussels,50.83600357647656,4.307777565722136,HsvND9mMTOVfS_IGweaI3Q,2159,0,2741,5,5656,True,HsvND9mMTOVfS_IGweaI3Q
33,2009,4,209,Brussels,50.8289515994102,4.340169108045414,SVO5FOdls3wGRoy9q81iMg,275,2,2742,1,5660,True,SVO5FOdls3wGRoy9q81iMg
821,2019,10,139,Brussels,50.83888107337952,4.348035560219088,ays2tsC4fXw9hbhyFexq9w,212,0,214,4,5664,True,ays2tsC4fXw9hbhyFexq9w
2520,2013,10,20,Brussels,50.86105529545808,4.330300639961674,UT3pOxy4pxGfCLjj8IT09w,1789,0,2073,5,5672,True,UT3pOxy4pxGfCLjj8IT09w
458,2020,7,176,Brussels,50.83357699908718,4.37420427941791,XwZAmMppVnnoB-PsUWBKHg,659,0,679,5,5674,True,XwZAmMppVnnoB-PsUWBKHg
1000,2017,5,337,Brussels,50.84089015317771,4.367868559132948,ozYTNpdrL35EjjNEj1Fj7A,1199,0,1296,7,5680,True,ozYTNpdrL35EjjNEj1Fj7A
2244,2009,8,156,Brussels,50.85699651876729,4.369443375481634,UUOln0BmOtT_ghfWIbJonw,913,0,960,4,5687,True,UUOln0BmOtT_ghfWIbJonw
779,2009,4,341,Brussels,50.83794586023885,4.384000303366099,B07AaMZShU_2IuprclQKPA,2100,0,2632,4,5689,True,B07AaMZShU_2IuprclQKPA
1,2014,9,253,Brussels,50.82902989843286,4.308137213240965,QfJ-cNXTMser1d7I7jxIdw,2162,0,2746,2,5690,True,QfJ-cNXTMser1d7I7jxIdw
637,2017,5,68,Brussels,50.83687889249991,4.320046734084543,BNCYNYpYeV_HXVegblSZIQ,2163,0,2747,2,5691,True,BNCYNYpYeV_HXVegblSZIQ
1077,2017,5,286,Brussels,50.84201711647356,4.367002736842214,WcU5YvobHG0pIum9JTWKZQ,910,0,957,7,5696,True,WcU5YvobHG0pIum9JTWKZQ
1474,2009,4,298,Brussels,50.84679769693471,4.377157548907989,TWsrY-K0-XMxlcSZD3P8bA,663,1,2749,1,5697,True,TWsrY-K0-XMxlcSZD3P8bA
664,2017,5,219,Brussels,50.83724272994329,4.346674610141299,zAeieGeL2_Ry65gL6zktZQ,1471,0,1634,9,5703,True,zAeieGeL2_Ry65gL6zktZQ
763,2014,10,206,Brussels,50.8379570544565,4.368160553557225,geF4jJgbF83tl2BXrSGYug,1433,0,1586,6,5710,True,geF4jJgbF83tl2BXrSGYug
1355,2013,7,74,Brussels,50.84596183673753,4.339453107129656,s4B-nl8C50itQfiy36DTxA,732,0,759,6,5724,True,s4B-nl8C50itQfiy36DTxA
914,2017,5,257,Brussels,50.84011863289658,4.362956668290994,UeCxSIVc1nF28ALptKFKFA,1501,0,1667,4,5725,True,UeCxSIVc1nF28ALptKFKFA
394,2014,9,3,Brussels,50.83375708479253,4.310875524604734,K8fuSb6E9HQhupLDX4kVxQ,2167,0,2754,3,5727,True,K8fuSb6E9HQhupLDX4kVxQ
755,2014,7,245,Brussels,50.83800830421576,4.360152817600201,UqNX2S2lWsXsiCdGh335ng,793,0,824,8,5728,True,UqNX2S2lWsXsiCdGh335ng
1639,2009,4,292,Brussels,50.84908988724152,4.384314484860102,t79htHbSAlcX0TlZtvOqVg,2091,1,2755,4,5735,True,t79htHbSAlcX0TlZtvOqVg
1532,2020,6,268,Brussels,50.84785078320195,4.357324434683959,FY3rTFiumZt_bk6_Bvxkiw,1523,1,2756,1,5745,True,FY3rTFiumZt_bk6_Bvxkiw
397,2019,5,91,Brussels,50.83389858125179,4.314163663358023,Z8wHfroFy9do4k1QOgZBRw,354,1,926,4,5750,True,Z8wHfroFy9do4k1QOgZBRw
2646,2017,6,17,Brussels,50.86192544403387,4.377998382895693,HGw1DpcsRj56WyQc0QByiA,1411,2,2759,1,5755,True,HGw1DpcsRj56WyQc0QByiA
681,2009,9,126,Brussels,50.83705567658102,4.364121744924224,AW9PplZ3jQ_zyiFXtyf4Lw,1475,1,2760,1,5757,True,AW9PplZ3jQ_zyiFXtyf4Lw
2737,2017,5,357,Brussels,50.86373880842353,4.315000487691684,t4ihMf8RTGueEXQ0aIRL5w,2169,0,2761,2,5760,True,t4ihMf8RTGueEXQ0aIRL5w
1102,2017,5,311,Brussels,50.84326772739765,4.318684941981538,mhxLT4wIla8tn3SB-FUV2g,2015,1,2762,2,5766,True,mhxLT4wIla8tn3SB-FUV2g
307,2009,4,324,Brussels,50.83206024251538,4.379976239739436,WEnHijNCxREKTeglKdOXPw,1737,0,1986,4,5770,True,WEnHijNCxREKTeglKdOXPw
2948,2013,7,232,Brussels,50.86617164194404,4.374092061596997,jXHmlqxX_J-WC3K6rpTnXA,263,0,266,3,5775,True,jXHmlqxX_J-WC3K6rpTnXA
669,2020,9,140,Brussels,50.8373409041375,4.352599390787129,Ex-1rZ01pcrTvnwQF8E_GA,562,0,577,10,5778,True,Ex-1rZ01pcrTvnwQF8E_GA
1766,2019,5,5,Brussels,50.85093865585274,4.352285851183998,607gl6uTxCjvFJl8tYew8w,321,0,325,6,5783,True,607gl6uTxCjvFJl8tYew8w
229,2019,10,67,Brussels,50.83098864907437,4.379861755276808,pifESbtmJuhpRCDOXPl0qw,2129,0,2685,4,5785,True,pifESbtmJuhpRCDOXPl0qw
2405,2013,7,197,Brussels,50.85880320688634,4.373122779758965,An0uYWK5TqeO_9VCJxixLA,1185,0,1279,7,5787,True,An0uYWK5TqeO_9VCJxixLA
633,2017,5,79,Brussels,50.83711491192332,4.316306916022095,1Vm_vv8PAvqu3cXSuZNAXA,191,0,192,4,5789,True,1Vm_vv8PAvqu3cXSuZNAXA
2500,2017,5,270,Brussels,50.8600449249376,4.30745075516353,22lViHE_V2vqro2BUQP6jw,59,3,2763,4,5795,True,22lViHE_V2vqro2BUQP6jw
2328,2020,11,120,Brussels,50.85818853491132,4.376460593383106,5DTchTyVWmU-XJ93UWngyQ,1761,1,2764,3,5797,True,5DTchTyVWmU-XJ93UWngyQ
729,2013,6,348,Brussels,50.83796049693872,4.334346468181578,E5szSk0mkunGyoevIie7pA,2170,0,2765,1,5798,True,E5szSk0mkunGyoevIie7pA
2229,2013,7,279,Brussels,50.8570240061307,4.350994263380208,UdiksJ_eBZMS5ZqWZdR3PA,1156,1,2767,1,5805,True,UdiksJ_eBZMS5ZqWZdR3PA
2883,2009,5,86,Brussels,50.86508133733452,4.382063741948488,Y4n4k6ydBO0OxrbuNBYorA,2040,0,2514,4,5811,True,Y4n4k6ydBO0OxrbuNBYorA
1328,2009,3,262,Brussels,50.84599221704274,4.31012908131428,34l26F0L5fiC996Um3aMDg,2174,0,2770,3,5815,True,34l26F0L5fiC996Um3aMDg
251,2013,7,54,Brussels,50.83194365787661,4.324215876033273,dChePRWDtAcnpK-qEGIhtQ,696,0,717,11,5816,True,dChePRWDtAcnpK-qEGIhtQ
1115,2019,5,91,Brussels,50.84307644207965,4.329286207021392,TkTTI0aWpfVXQCEHgmO4mQ,1802,1,2771,2,5817,True,TkTTI0aWpfVXQCEHgmO4mQ
894,2013,7,306,Brussels,50.84006964726644,4.343242917376178,ezbG38z7jQp2Kz3b4ihTWw,1168,0,1260,4,5827,True,ezbG38z7jQp2Kz3b4ihTWw
5,2013,7,309,Brussels,50.82876586247213,4.31265300633281,46jsvUb-4VoVS-boFK-27Q,841,1,2772,2,5828,True,46jsvUb-4VoVS-boFK-27Q
1963,2013,10,104,Brussels,50.85394155902203,4.320243016669099,zZP7dwDLeUQLe1XUFeQr9A,2175,0,2773,4,5833,True,zZP7dwDLeUQLe1XUFeQr9A
1028,2019,5,201,Brussels,50.84201704331919,4.321182850582377,sMIxU-blNWXpctzRP1PZLg,1729,2,2774,1,5837,True,sMIxU-blNWXpctzRP1PZLg
1865,2013,7,224,Brussels,50.85205692455266,4.380098408101304,270Atg8rZXFaUrajaKs0tQ,1846,0,2164,6,5839,True,270Atg8rZXFaUrajaKs0tQ
1076,2013,7,46,Brussels,50.84195453795,4.371101109896292,YafSEtJUOuqHQ7_ACf9t3Q,902,2,2775,2,5846,True,YafSEtJUOuqHQ7_ACf9t3Q
1393,2009,4,4,Brussels,50.84607383804701,4.369119540727089,OrDw8gt08dDQJKCs_gCAJg,1229,0,1335,10,5849,True,OrDw8gt08dDQJKCs_gCAJg
2264,2009,3,302,Brussels,50.85805046713524,4.306996456219498,xMw7TRNGl6nMLsDq5iV5WQ,2090,0,2608,4,5854,True,xMw7TRNGl6nMLsDq5iV5WQ
2191,2009,3,262,Brussels,50.85692661863128,4.313183196876386,NbHlqYzueOQkYIXE29lMkA,2176,0,2776,2,5855,True,NbHlqYzueOQkYIXE29lMkA
1344,2020,11,179,Brussels,50.84605669288475,4.327974366823596,dbmE56z1qPMb6dcC3mnLsw,965,0,1018,9,5856,True,dbmE56z1qPMb6dcC3mnLsw
1868,2019,5,222,Brussels,50.85204081313751,4.384198473944259,llyEBUM3PyfgUGPkUd4m7w,1021,0,1084,5,5860,True,llyEBUM3PyfgUGPkUd4m7w
316,2013,6,254,Brussels,50.83338402122141,4.311689417387091,VAluOaGgVyNm5qgqP_5zpA,2179,0,2779,2,5877,True,VAluOaGgVyNm5qgqP_5zpA
2497,2020,7,31,Brussels,50.86031870840529,4.306617171644564,OuJtCKANUHpcuw7OoKZqkQ,1949,1,2780,3,5881,True,OuJtCKANUHpcuw7OoKZqkQ
1874,2009,3,256,Brussels,50.85305892381999,4.315259201416503,gWvS9uDb9V-gza3-7Q4lGg,1594,1,2782,1,5897,True,gWvS9uDb9V-gza3-7Q4lGg
616,2013,6,328,Brussels,50.83575549675716,4.377169814211965,cFViNaBEKzxsMZxf34eNaQ,1189,1,1669,6,5899,True,cFViNaBEKzxsMZxf34eNaQ
1708,2017,5,234,Brussels,50.84991350300304,4.377240445515008,b_6PPoWOBgw9K5D7NB6mww,1125,0,1210,9,5906,True,b_6PPoWOBgw9K5D7NB6mww
590,2020,7,286,Brussels,50.83567218812686,4.350808344394319,PTE3U_oocS5oD8B1dzU_Ug,1926,0,2293,4,5907,True,PTE3U_oocS5oD8B1dzU_Ug
115,2010,10,314,Brussels,50.83000499964538,4.3445320895876,Q7Eq0dUqiqrIpmneBcgTng,1069,0,1140,5,5908,True,Q7Eq0dUqiqrIpmneBcgTng
1236,2014,7,320,Brussels,50.84383334773997,4.373041366183928,T66KNYgeTV7cJCqiGTVstg,246,1,2784,1,5914,True,T66KNYgeTV7cJCqiGTVstg
449,2009,6,216,Brussels,50.83378521032475,4.365871357830835,XHqQvx23Q4U5Cb3R_Hj8Mg,1397,0,1544,5,5916,True,XHqQvx23Q4U5Cb3R_Hj8Mg
788,2013,6,245,Brussels,50.83901533300631,4.3151531105007,K2ULgBCeucRGDRHEfGtS7Q,2181,0,2785,1,5920,True,K2ULgBCeucRGDRHEfGtS7Q
582,2014,7,69,Brussels,50.83616262604729,4.343502242673649,tDNCB7_vtU3dCXp8eIsYuQ,1468,0,1631,4,5921,True,tDNCB7_vtU3dCXp8eIsYuQ
2080,2018,10,265,Brussels,50.85500719820271,4.359199301298012,DH3fgp2zSSIKM4U35JaKbw,1986,0,2405,3,5922,True,DH3fgp2zSSIKM4U35JaKbw
385,2019,4,93,Brussels,50.83297585253612,4.380089756845683,XdtEsa1-ymD1T-sCdypLig,1372,0,1511,4,5923,True,XdtEsa1-ymD1T-sCdypLig
244,2019,5,278,Brussels,50.83216999004041,4.316681379108743,BCUWdilnOw-fglk0N1LGgg,2182,0,2786,3,5926,True,BCUWdilnOw-fglk0N1LGgg
1333,2014,9,14,Brussels,50.84574706224824,4.314503727298032,CqOaUv7wYJvIFLA9yPX2gg,998,0,1052,4,5927,True,CqOaUv7wYJvIFLA9yPX2gg
2076,2009,4,244,Brussels,50.85488527030856,4.355533963667842,ZTlm6FA1SKe81RDXRQpGNA,950,2,2787,1,5931,True,ZTlm6FA1SKe81RDXRQpGNA
2936,2014,7,268,Brussels,50.86596798961949,4.360568493539626,_joKft8reQRK573u-G3rkQ,927,0,977,7,5934,True,_joKft8reQRK573u-G3rkQ
1322,2019,5,308,Brussels,50.84597520007367,4.308126207277335,icdyTTxJsvcmtp9BVKVKWA,1037,0,1102,4,5936,True,icdyTTxJsvcmtp9BVKVKWA
2762,2009,4,197,Brussels,50.8637666836273,4.342997484019695,ijeYYYxjK1eafSWYtNhMCw,2172,1,2788,1,5940,True,ijeYYYxjK1eafSWYtNhMCw
2480,2009,4,348,Brussels,50.86013969701542,4.365370099135309,iBWNuHVg2-M90o-JEwqldA,2183,0,2789,3,5949,True,iBWNuHVg2-M90o-JEwqldA
2783,2019,3,322,Brussels,50.86375218859815,4.358043221511028,6fA7opW9sxDk9aHdjcX1Kw,452,1,870,3,5951,True,6fA7opW9sxDk9aHdjcX1Kw
1013,2019,10,326,Brussels,50.84080258910706,4.380035590470786,jJNp42ipQKwK0h8HYzFCFA,1699,2,2790,2,5953,True,jJNp42ipQKwK0h8HYzFCFA
711,2019,5,232,Brussels,50.8381786443845,4.315493256161578,WAEt50gw0e-HFQ2YiKIL_A,379,1,2792,2,5963,True,WAEt50gw0e-HFQ2YiKIL_A
1185,2013,6,22,Brussels,50.84376496918576,4.323428146983806,8NAjr23hzZIL38xvgdNJkg,1040,1,1164,4,5965,True,8NAjr23hzZIL38xvgdNJkg
2250,2014,7,320,Brussels,50.85690400674509,4.375978019382845,EHo7aS4NAFehkjGLwx1DkA,194,1,2795,1,5979,True,EHo7aS4NAFehkjGLwx1DkA
2519,2014,9,41,Brussels,50.86098961029037,4.327062617760199,TAfI6LFSf8fdRJoVJwA1lQ,1857,2,2796,2,5985,True,TAfI6LFSf8fdRJoVJwA1lQ
1211,2014,7,256,Brussels,50.84400493582852,4.349037996857145,MtftwqdsY1T1sWvjMfjnxg,1491,1,2798,2,5996,True,MtftwqdsY1T1sWvjMfjnxg
2840,2019,5,44,Brussels,50.86495160341662,4.334331939053446,dCWG1EwDrW4qyg-Ank8iLw,1470,1,2799,2,6002,True,dCWG1EwDrW4qyg-Ank8iLw
2912,2014,9,254,Brussels,50.86589846744634,4.330185615739909,x8Ea60Mk38mlZbda3YUzAg,1226,1,2800,2,6003,True,x8Ea60Mk38mlZbda3YUzAg
1714,2019,5,298,Brussels,50.85100464674592,4.308247620825465,wgJhQ8P8hbJsnAZfUmH8YA,1892,0,2236,4,6011,True,wgJhQ8P8hbJsnAZfUmH8YA
1728,2020,6,279,Brussels,50.8508849750906,4.323459397538141,JdNDqmeGS5D_qNtcvtN1Mg,2187,0,2801,2,6013,True,JdNDqmeGS5D_qNtcvtN1Mg
2293,2009,10,274,Brussels,50.85802973310704,4.335234061032641,7omgodICX8xsyfxV0U6r5A,915,0,962,4,6017,True,7omgodICX8xsyfxV0U6r5A
2837,2013,7,65,Brussels,50.86489161389533,4.336108582363735,fmk4t2PH3MGDCnrrspyjwg,1779,1,2803,1,6018,True,fmk4t2PH3MGDCnrrspyjwg
1980,2009,4,246,Brussels,50.85387536750478,4.337016104233527,3UjYBoT5DC1yJiKpoU1UoQ,1053,0,1122,8,6022,True,3UjYBoT5DC1yJiKpoU1UoQ
1274,2014,9,321,Brussels,50.84483775316748,4.333298427993451,2sHIRpV9OUk7Qs4ndVDPVA,996,0,1050,6,6027,True,2sHIRpV9OUk7Qs4ndVDPVA
2583,2009,6,7,Brussels,50.86158897165627,4.320268669401494,GmEGGhw6cjQctGPj7Ri6yw,897,0,943,6,6029,True,GmEGGhw6cjQctGPj7Ri6yw
1629,2020,11,313,Brussels,50.84881782915993,4.378111249599796,jhlWDFHOopfG1vhlRac8lQ,440,0,449,6,6030,True,jhlWDFHOopfG1vhlRac8lQ
280,2013,7,334,Brussels,50.83194340159433,4.353143857897827,enBC_1wE9F13i_FeKh9qkA,262,1,2804,1,6034,True,enBC_1wE9F13i_FeKh9qkA
365,2020,6,182,Brussels,50.83286179515378,4.36053543180674,JHVY0l1-ATIzu2RGdyGB8w,2063,1,2696,6,6039,True,JHVY0l1-ATIzu2RGdyGB8w
2865,2020,7,318,Brussels,50.86506250747104,4.362664462418921,_dQSseIFmFbNIKcxE7INww,626,1,2157,6,6042,True,_dQSseIFmFbNIKcxE7INww
322,2013,6,159,Brussels,50.83290542876925,4.317481873722698,MR9mXyk1zq3vg-xQJFp8Zw,1931,0,2301,3,6045,True,MR9mXyk1zq3vg-xQJFp8Zw
891,2017,5,322,Brussels,50.83995223400313,4.34031342599247,FItGg2JAx56SfqI4d4jzsQ,1297,0,1415,8,6049,True,FItGg2JAx56SfqI4d4jzsQ
1698,2020,11,15,Brussels,50.84992971801771,4.367861406167271,BuY2crvTpWRPBEbMtfjR9Q,2127,0,2683,6,6051,True,BuY2crvTpWRPBEbMtfjR9Q
1170,2019,5,130,Brussels,50.8438624084178,4.308199169901931,nYq0jRifkCZnmGq4YcHbxA,372,0,377,5,6055,True,nYq0jRifkCZnmGq4YcHbxA
882,2009,3,219,Brussels,50.84000994307789,4.331124066516564,zHbbSQTr8wLDtDSL4qghmA,1091,2,2805,1,6058,True,zHbbSQTr8wLDtDSL4qghmA
1995,2020,7,117,Brussels,50.85388764716624,4.353492508212558,-9ruBgJbHlQru2f42XIWXg,1971,0,2367,6,6059,True,-9ruBgJbHlQru2f42XIWXg
2725,2020,6,277,Brussels,50.86306851105706,4.378118532216766,GaueHpGQbtl5HJBdILFhMg,1329,1,2128,3,6061,True,GaueHpGQbtl5HJBdILFhMg
2202,2017,5,20,Brussels,50.85685246748002,4.329315375755855,bwNyKkWqUmw7XvYMNSRuQQ,2188,0,2806,3,6063,True,bwNyKkWqUmw7XvYMNSRuQQ
2602,2013,7,75,Brussels,50.86182386307038,4.336026549725888,RLDpWqMqzMWYNiTVclMSPw,1380,0,1520,9,6074,True,RLDpWqMqzMWYNiTVclMSPw
1014,2017,6,269,Brussels,50.84190908687179,4.312932785908343,2rSFZaU5TGBAFgOumCgAwQ,1967,0,2361,5,6076,True,2rSFZaU5TGBAFgOumCgAwQ
2635,2019,3,125,Brussels,50.86195535524499,4.370386874113311,mX3oHE9Izfq7I1eh9WsECA,76,2,2809,2,6077,True,mX3oHE9Izfq7I1eh9WsECA
1773,2020,6,205,Brussels,50.85087459393102,4.363663935243142,M8xMA1RCZNTtq7bdVnD1TA,639,1,2810,3,6083,True,M8xMA1RCZNTtq7bdVnD1TA
982,2013,7,220,Brussels,50.84101520930364,4.352940490428422,GxAHxyL9yCr7cuEO7afbjw,997,0,1051,4,6085,True,GxAHxyL9yCr7cuEO7afbjw
2686,2020,7,92,Brussels,50.86306065337735,4.338312660435372,zbatW3UCENXGj1uwH6C6WQ,495,0,506,6,6092,True,zbatW3UCENXGj1uwH6C6WQ
693,2019,4,339,Brussels,50.83699196383434,4.37618206961919,4RPJcNHEYfL5hbReKli5_w,1840,2,2811,1,6098,True,4RPJcNHEYfL5hbReKli5_w
2138,2020,6,221,Brussels,50.85588205246208,4.340485967234442,eNYvygO82Ryhg7gC0jx0Fg,1154,0,1245,5,6099,True,eNYvygO82Ryhg7gC0jx0Fg
962,2020,7,68,Brussels,50.84095496627189,4.333219884798816,Z9flSUM76vH5nkiyqAfKnw,265,1,2812,3,6103,True,Z9flSUM76vH5nkiyqAfKnw
1554,2013,7,62,Brussels,50.84809262695245,4.380274691721588,snfddP87DYUooGcnQHW2hg,2191,0,2813,4,6107,True,snfddP87DYUooGcnQHW2hg
2365,2019,4,77,Brussels,50.85884134303431,4.330923202834605,gS1cMwxPJvgAMnydmwkoYw,1454,2,2814,2,6110,True,gS1cMwxPJvgAMnydmwkoYw
2127,2019,4,287,Brussels,50.85592311528747,4.329217186801719,BkvBEmMX7QzQLsL9RqP_TA,2080,0,2593,4,6113,True,BkvBEmMX7QzQLsL9RqP_TA
40,2019,3,256,Brussels,50.82914820872093,4.346640963703416,sdlfKmwSdlh-LePYXECHJg,281,0,285,4,6118,True,sdlfKmwSdlh-LePYXECHJg
525,2019,10,33,Brussels,50.83502044586417,4.364181282745397,xTomOkenzJa857DscwkaXA,1148,3,2815,1,6125,True,xTomOkenzJa857DscwkaXA
434,2010,10,256,Brussels,50.83394799080816,4.351255678426353,jX2VhxP2HtknEo-ZJ9HsFw,161,1,2817,1,6148,True,jX2VhxP2HtknEo-ZJ9HsFw
2830,2020,7,355,Brussels,50.86483670953741,4.328751446059402,xRaxouCGU1y0epzhd7IgMw,787,0,818,12,6149,True,xRaxouCGU1y0epzhd7IgMw
2681,2020,7,95,Brussels,50.86308375865407,4.337244495135086,O5eNa1-BcFQdPChJBZSW7w,1402,1,1909,3,6157,True,O5eNa1-BcFQdPChJBZSW7w
2220,2013,10,153,Brussels,50.85692402552262,4.337241883212064,139vaV6X4YYLC3tJDuzFsA,595,1,2820,2,6162,True,139vaV6X4YYLC3tJDuzFsA
1653,2020,6,215,Brussels,50.84984652847358,4.322890988158783,X85VUzhiwtrEdmknIu5Cxg,1322,2,2821,1,6163,True,X85VUzhiwtrEdmknIu5Cxg
266,2009,4,267,Brussels,50.83200961450813,4.339255759035337,iUM-WjHxdyGWihSE-9PAfw,2194,0,2822,4,6166,True,iUM-WjHxdyGWihSE-9PAfw
730,2017,5,20,Brussels,50.83767259029207,4.335105332649064,knuEOn5mn3FDBJHg30dq2w,1406,1,2490,4,6182,True,knuEOn5mn3FDBJHg30dq2w
2635,2013,7,105,Brussels,50.86194819259251,4.370385269347985,oK4OdUlSVpR5JeRrN50gbg,76,1,1969,3,6183,True,oK4OdUlSVpR5JeRrN50gbg
2867,2013,7,303,Brussels,50.86497643330722,4.372140462766038,UEXZe61Ip6pbl58dgBClIw,1161,1,2823,3,6185,True,UEXZe61Ip6pbl58dgBClIw
2226,2014,7,63,Brussels,50.85712083842002,4.347118123727992,A67JYzepe67HgcKnY1YYrg,378,0,383,7,6191,True,A67JYzepe67HgcKnY1YYrg
971,2017,6,151,Brussels,50.8409989533045,4.342049716477579,rp2DWad2gI0XWIvH_HTQaA,1757,1,2824,2,6195,True,rp2DWad2gI0XWIvH_HTQaA
1930,2020,11,232,Brussels,50.85295743000903,4.366184673261207,IxdHHIZewP7Aj98CBQAYfg,1036,0,1101,4,6200,True,IxdHHIZewP7Aj98CBQAYfg
2676,2013,7,133,Brussels,50.86294816477003,4.335204631949221,J0bwQriI48MeCy0BkD4ZNA,1817,2,2825,2,6201,True,J0bwQriI48MeCy0BkD4ZNA
1857,2009,4,233,Brussels,50.8521377948594,4.369652101815885,mH4MD3bn39z3jkkO1-OQ9Q,1314,0,1435,7,6210,True,mH4MD3bn39z3jkkO1-OQ9Q
1105,2013,6,60,Brussels,50.8429732732794,4.318233451073385,BIBTwQPHixu-mPcUDKf5lA,2196,0,2827,2,6213,True,BIBTwQPHixu-mPcUDKf5lA
788,2017,5,270,Brussels,50.83902606215471,4.315136069611813,CWl7_61eph3b0q7daSvFPg,2181,1,2828,3,6215,True,CWl7_61eph3b0q7daSvFPg
2202,2009,4,206,Brussels,50.85683101476611,4.329344641889776,nCOSt5Kc2NjEyEprHf0tpw,2188,1,2829,1,6216,True,nCOSt5Kc2NjEyEprHf0tpw
2119,2014,9,244,Brussels,50.85651015150649,4.319663941846047,g8veZwFnob8LkWi9IJ_8kQ,1861,1,2830,1,6219,True,g8veZwFnob8LkWi9IJ_8kQ
674,2009,6,154,Brussels,50.83697054954725,4.357168494235893,TsbD0R1Lpj8tc3MdoQlHcQ,2197,0,2832,2,6223,True,TsbD0R1Lpj8tc3MdoQlHcQ
515,2020,6,358,Brussels,50.83494301862466,4.35419284230431,hwWBxD71PXXGaX2A6wM9aA,1872,0,2205,5,6226,True,hwWBxD71PXXGaX2A6wM9aA
501,2020,7,252,Brussels,50.83507895349813,4.340305557428207,d9mSVAOJKpH3CU6RVqQFog,2198,0,2834,4,6235,True,d9mSVAOJKpH3CU6RVqQFog
533,2009,9,203,Brussels,50.8351055475729,4.37236323404233,FSJp2HL1OCXMsVbdl_QhzA,1172,1,2835,2,6236,True,FSJp2HL1OCXMsVbdl_QhzA
2425,2013,6,324,Brussels,50.85911123010025,4.310953466678627,U_EzNILFyBQeVI4UCLT-SQ,442,0,452,6,6237,True,U_EzNILFyBQeVI4UCLT-SQ
1623,2017,5,138,Brussels,50.84902191222029,4.368129746727396,kOeDnOzOXRZqupzuqQHoLQ,2071,1,2836,1,6239,True,kOeDnOzOXRZqupzuqQHoLQ
1379,2009,4,123,Brussels,50.8460092328466,4.360048671650489,SJGb5bX_tq5kp7bjMun86w,1469,0,1632,7,6240,True,SJGb5bX_tq5kp7bjMun86w
335,2013,6,312,Brussels,50.83287880825111,4.330095196288963,6KuFZYjNIyWvtSlk8tp7tQ,123,1,2837,4,6241,True,6KuFZYjNIyWvtSlk8tp7tQ
1480,2020,6,344,Brussels,50.8470063566087,4.377828805206613,mOT1fxMRgm4BYBkrh83UOg,1446,0,1601,6,6251,True,mOT1fxMRgm4BYBkrh83UOg
1241,2020,7,150,Brussels,50.84403260952357,4.378128598984829,Md-_C2jEMFw-_9LnzQVJVg,576,0,591,6,6252,True,Md-_C2jEMFw-_9LnzQVJVg
1745,2013,7,264,Brussels,50.85095896487834,4.336234533044789,IHZkNq_syBfhgucaDIt9wg,1018,0,1077,5,6256,True,IHZkNq_syBfhgucaDIt9wg
1243,2019,10,94,Brussels,50.84408057872045,4.380276140432609,Cts2zeH6577BYppl2TLCHQ,17,0,17,7,6259,True,Cts2zeH6577BYppl2TLCHQ
101,2020,10,252,Brussels,50.82985553768398,4.330358503611685,pgkRlwAyfSb3MQPlC6gxGg,282,0,286,7,6260,True,pgkRlwAyfSb3MQPlC6gxGg
1097,2013,6,255,Brussels,50.84318606257757,4.311944291090406,dUoZUdachvsJVmIn-HbMBQ,1431,0,1583,3,6261,True,dUoZUdachvsJVmIn-HbMBQ
316,2009,8,70,Brussels,50.83336417185446,4.311723937796738,s5UqvXgoLT3_5HUICXv-CQ,2179,1,2840,2,6267,True,s5UqvXgoLT3_5HUICXv-CQ
2516,2019,4,103,Brussels,50.86110511995927,4.331330550095486,2JievIzn5BaYtRaL9Oez3Q,2101,0,2633,5,6273,True,2JievIzn5BaYtRaL9Oez3Q
2549,2013,7,132,Brussels,50.86101029149764,4.359810567439144,acRErr8D5_R9BiB6P9uRgA,621,0,636,4,6274,True,acRErr8D5_R9BiB6P9uRgA
1872,2011,3,354,Brussels,50.85307350836506,4.308098394868872,XEY6euKmyGy2UOShLjzWCw,1115,2,2841,2,6277,True,XEY6euKmyGy2UOShLjzWCw
2937,2019,3,286,Brussels,50.86556490298167,4.35917477004371,hXvJjR3g8DrtvBi7q7x1wg,2077,0,2574,6,6279,True,hXvJjR3g8DrtvBi7q7x1wg
373,2013,7,242,Brussels,50.83290571143262,4.368149710470846,2s8arASd2YMcEpriXaB3pA,833,1,2843,1,6280,True,2s8arASd2YMcEpriXaB3pA
2556,2011,3,228,Brussels,50.86103665710374,4.370275825986193,kAYSis-JOd4aoXRMlDxVcA,1520,1,2844,4,6282,True,kAYSis-JOd4aoXRMlDxVcA
1587,2017,6,336,Brussels,50.84895562527826,4.33318192743124,gFrVR6zw7tB_Dwds7JAB8g,1803,0,2092,8,6286,True,gFrVR6zw7tB_Dwds7JAB8g
146,2009,4,25,Brussels,50.82993405039672,4.374701472419942,_ndt9YO1Gzoj44SSrkoOCg,589,1,1333,5,6294,True,_ndt9YO1Gzoj44SSrkoOCg
2465,2013,7,304,Brussels,50.86024897827843,4.350404422888174,sZCun4tVWlRW5o0s2tT4kw,916,0,963,7,6295,True,sZCun4tVWlRW5o0s2tT4kw
417,2014,7,138,Brussels,50.83353762923382,4.335106703647766,vp09t083EzArUT1uey1c2g,421,0,427,8,6296,True,vp09t083EzArUT1uey1c2g
1690,2009,6,60,Brussels,50.85017809671954,4.358437630214166,ZHryyspovee78yTh173KmA,1845,0,2163,6,6297,True,ZHryyspovee78yTh173KmA
480,2014,8,341,Brussels,50.83491777223704,4.319001765840216,30JenJS8G8IB_ULgcwVoUA,1240,1,2846,1,6298,True,30JenJS8G8IB_ULgcwVoUA
2916,2009,8,14,Brussels,50.86607333066485,4.338486088742571,KnSOuCg7prXkOH_8HyRZtw,809,0,841,9,6299,True,KnSOuCg7prXkOH_8HyRZtw
1395,2018,10,322,Brussels,50.84601427697464,4.375136966561842,zVE7H4-F51d9bv2HKaDPPQ,1674,0,1899,5,6301,True,zVE7H4-F51d9bv2HKaDPPQ
1943,2011,3,199,Brussels,50.85316986424318,4.381352866285399,8kjRQQ_0QzMXVk1i0i9TsA,2024,1,2847,3,6302,True,8kjRQQ_0QzMXVk1i0i9TsA
109,2010,10,321,Brussels,50.83006211303925,4.338185254745649,SRD3nDD3VXuAqPUOLtL-7A,1815,0,2108,5,6307,True,SRD3nDD3VXuAqPUOLtL-7A
58,2019,3,313,Brussels,50.82901656084522,4.365086751254887,32ZMtvgEGakJVBMsFKaONA,2202,0,2848,3,6310,True,32ZMtvgEGakJVBMsFKaONA
1594,2020,7,147,Brussels,50.84880756730725,4.346216424372757,LBSwPQivw2blGVXifAmLPQ,797,0,828,7,6314,True,LBSwPQivw2blGVXifAmLPQ
408,2009,4,75,Brussels,50.83455299353439,4.324431674351274,ewTYuGiXiuLy_cdb5D8EtA,985,1,2849,1,6317,True,ewTYuGiXiuLy_cdb5D8EtA
621,2019,10,24,Brussels,50.83575949753715,4.381815276328074,iAqN6F1pdtV-_HY1o0qiqg,1496,0,1661,5,6322,True,iAqN6F1pdtV-_HY1o0qiqg
1482,2009,3,271,Brussels,50.84798277911361,4.309174695611174,t84pLZG9Xt7IPePJ3RewzQ,1567,0,1750,3,6334,True,t84pLZG9Xt7IPePJ3RewzQ
1262,2013,6,127,Brussels,50.84480080700337,4.321378337909951,QW7b4G4xwwKpTB3J7bTdwQ,2143,1,2853,1,6341,True,QW7b4G4xwwKpTB3J7bTdwQ
1175,2017,6,125,Brussels,50.84401654658423,4.313219054803195,Gp9CSIOnb0U24ZqlI1mxBw,1249,2,2854,1,6342,True,Gp9CSIOnb0U24ZqlI1mxBw
2703,2019,4,4,Brussels,50.86308561389923,4.356896926586633,9aPuUp073eZ-ZzlqTA05_g,731,1,933,4,6343,True,9aPuUp073eZ-ZzlqTA05_g
2537,2009,4,50,Brussels,50.86074454931514,4.345886603532089,s7YRqVIBdHmdBT_TE36Trw,391,1,2855,1,6344,True,s7YRqVIBdHmdBT_TE36Trw
32,2014,7,141,Brussels,50.82899150366946,4.339053452690628,j6hkMzq9n37NCkZB435k9w,29,3,2857,2,6348,True,j6hkMzq9n37NCkZB435k9w
606,2009,6,184,Brussels,50.83599033230782,4.368099645850738,MpSba-ImRl-4N1pa4N7TZQ,2205,0,2858,3,6349,True,MpSba-ImRl-4N1pa4N7TZQ
383,2014,7,90,Brussels,50.83297606169424,4.37817032446437,B6szb4gMTyd_EeSi2TZpFA,121,1,206,4,6352,True,B6szb4gMTyd_EeSi2TZpFA
611,2013,6,200,Brussels,50.83589376558284,4.372164835128708,Y7jduAnGCm8ONg-8ZSH0cQ,235,1,2378,3,6360,True,Y7jduAnGCm8ONg-8ZSH0cQ
148,2013,7,157,Brussels,50.82998908044949,4.376713905951894,nNCA8wqwWjSxBNp6WQ5mdA,912,0,959,3,6364,True,nNCA8wqwWjSxBNp6WQ5mdA
1962,2009,3,56,Brussels,50.85405701793178,4.322957484041003,mzjJ0I3wI6c-QMmtToiQPQ,1795,0,2083,3,6367,True,mzjJ0I3wI6c-QMmtToiQPQ
2195,2014,9,281,Brussels,50.85710229395654,4.319031322904729,a8HMjDU1fehWdydrQD12mA,1856,1,2861,1,6368,True,a8HMjDU1fehWdydrQD12mA
2592,2009,3,123,Brussels,50.86180773099693,4.324134343319618,vRN8pGqSo1nSnwviB25muw,1413,1,2862,2,6369,True,vRN8pGqSo1nSnwviB25muw
2383,2014,7,50,Brussels,50.85896989334093,4.353360345363776,9FFrPspoDFhNKpZIdWolTg,1188,0,1283,5,6374,True,9FFrPspoDFhNKpZIdWolTg
1753,2014,7,158,Brussels,50.85093076638437,4.339357518310319,P-vBuvm_T4Hz6d08lSEKCQ,599,1,2863,1,6376,True,P-vBuvm_T4Hz6d08lSEKCQ
1945,2014,8,114,Brussels,50.85286438918899,4.378196732338385,TmVJ5kJ1DJNHmImq1Ay2tg,1493,0,1656,6,6378,True,TmVJ5kJ1DJNHmImq1Ay2tg
676,2014,7,75,Brussels,50.83683074689375,4.35886690929711,LMu_caFL3Z0g-XLSXgylyg,318,0,322,7,6389,True,LMu_caFL3Z0g-XLSXgylyg
29,2013,7,35,Brussels,50.82893245374387,4.336252570595285,Zv2Ua7eYs_ASlx_dpiREzw,70,1,2865,1,6392,True,Zv2Ua7eYs_ASlx_dpiREzw
714,2013,6,24,Brussels,50.83772317859908,4.319538249744803,uK6UUrp0hDiKJ6dpQBla5g,1064,0,1134,5,6398,True,uK6UUrp0hDiKJ6dpQBla5g
733,2017,6,333,Brussels,50.83801887627971,4.338088568147665,0kbehXnh3d71OIdpIPIITw,588,1,648,4,6400,True,0kbehXnh3d71OIdpIPIITw
86,2014,8,20,Brussels,50.83030692121554,4.314485266205742,bahrc2ieQDKYUEVZUrkfbQ,355,0,360,6,6402,True,bahrc2ieQDKYUEVZUrkfbQ
2423,2020,7,79,Brussels,50.85930218311618,4.309826560373638,V5lP53STkJnQd3hH58G6bg,408,0,414,6,6403,True,V5lP53STkJnQd3hH58G6bg
1263,2009,4,27,Brussels,50.84498955509724,4.326114767406508,QzUaXUwswT3AUsNGwGWp5Q,778,0,809,9,6409,True,QzUaXUwswT3AUsNGwGWp5Q
1492,2020,7,52,Brussels,50.84843916991242,4.317066195836711,1V9uum0N7U0BW2uFolOh7w,1957,1,2867,4,6412,True,1V9uum0N7U0BW2uFolOh7w
2802,2020,6,92,Brussels,50.86432795120682,4.379898210655576,qEqoRr8Xsw7jKSaQhPBxVw,907,0,954,5,6417,True,qEqoRr8Xsw7jKSaQhPBxVw
39,2018,10,80,Brussels,50.82890538121742,4.346452944697225,hYfdY03LXH6XlT2L4J_uBQ,2060,0,2546,6,6418,True,hYfdY03LXH6XlT2L4J_uBQ
2950,2013,7,324,Brussels,50.86572333166502,4.370289008394849,v775_XHf6xW95Mr7f22XtA,932,0,982,5,6419,True,v775_XHf6xW95Mr7f22XtA
1691,2019,3,307,Brussels,50.85000730875167,4.359187028251678,APbgWxmYmWOYLlms4eUh-A,2022,0,2481,6,6429,True,APbgWxmYmWOYLlms4eUh-A
2208,2010,10,140,Brussels,50.85719203795952,4.335104491683226,1WHOJde2FhfQYXRD-UlbQw,1959,1,2869,1,6432,True,1WHOJde2FhfQYXRD-UlbQw
1043,2011,3,315,Brussels,50.84203874273148,4.33953793871059,ltFjFr5rD3x65UdjhgQ2qA,2069,0,2560,7,6433,True,ltFjFr5rD3x65UdjhgQ2qA
265,2013,7,146,Brussels,50.83186303403204,4.337927710101611,ALYXVNrfqL1O0tNkYmu4Ew,1060,0,1129,5,6434,True,ALYXVNrfqL1O0tNkYmu4Ew
2570,2014,7,199,Brussels,50.86098802573795,4.383299375170178,bm4Kz1Gdprxgom3dABH97Q,1339,0,1465,3,6436,True,bm4Kz1Gdprxgom3dABH97Q
2291,2013,10,55,Brussels,50.85771738678285,4.332023553218836,FC10H_WZjjI5f4UeBCo_xg,399,0,405,3,6453,True,FC10H_WZjjI5f4UeBCo_xg
2021,2009,6,59,Brussels,50.85421498564012,4.380528680824503,FTruBcCqANKpnAxQ_S-7SQ,1225,1,1703,3,6455,True,FTruBcCqANKpnAxQ_S-7SQ
1746,2009,8,358,Brussels,50.85105881034486,4.332168395311887,m9_VEHBQJNK-vEyAemABFA,297,1,2872,1,6461,True,m9_VEHBQJNK-vEyAemABFA
519,2020,6,183,Brussels,50.83484426808891,4.358029088738158,8Wgt_13EyXTMyS_LeD0E2g,1071,0,1142,3,6472,True,8Wgt_13EyXTMyS_LeD0E2g
437,2013,7,309,Brussels,50.83411696601177,4.354042385629921,oPJlCK0IoFOlnQWCQgjnkA,422,0,428,4,6474,True,oPJlCK0IoFOlnQWCQgjnkA
1104,2013,6,41,Brussels,50.84329400929432,4.316121255095282,2EHSVQpRdzw3oGn2BTcxUg,1543,1,2874,1,6480,True,2EHSVQpRdzw3oGn2BTcxUg
1665,2013,6,266,Brussels,50.84966091647124,4.33124032619019,-vLjhG2nQFHDDd9abBLvoQ,492,0,503,10,6484,True,-vLjhG2nQFHDDd9abBLvoQ
2877,2014,7,288,Brussels,50.86503581773515,4.376180393422116,EnE4pCECl_UzmW4hHn9JMw,909,0,956,4,6489,True,EnE4pCECl_UzmW4hHn9JMw
2186,2019,4,54,Brussels,50.85599249903778,4.382126595096557,VvTVeRXUFBzxepUYx88h6A,1970,0,2365,3,6491,True,VvTVeRXUFBzxepUYx88h6A
1557,2009,6,145,Brussels,50.8480026542585,4.383550921253219,fr2VVktDtDpH8SQ5JSTJFQ,1644,0,1861,6,6492,True,fr2VVktDtDpH8SQ5JSTJFQ
2165,2014,7,347,Brussels,50.85584175841238,4.366063525026809,5BvE2lv7y_vJY7Idl7T9xA,1884,1,2876,1,6495,True,5BvE2lv7y_vJY7Idl7T9xA
2864,2017,5,279,Brussels,50.86506138089185,4.365538249502031,JUkmZUus2KUjn9qlANtV8A,1233,1,2877,1,6496,True,JUkmZUus2KUjn9qlANtV8A
1946,2020,11,133,Brussels,50.85296751718161,4.380278012489839,AJRH6uNcFxKcss3ZPiOYCg,367,1,2878,2,6500,True,AJRH6uNcFxKcss3ZPiOYCg
2889,2013,7,97,Brussels,50.86566532054162,4.311285623438423,FhqdttvZspoR09U4HzXAMA,261,1,2879,1,6502,True,FhqdttvZspoR09U4HzXAMA
1242,2020,6,82,Brussels,50.8440450921395,4.379287666234918,tjPBwSm9iKiCYawAuVbbRA,1758,0,2023,8,6506,True,tjPBwSm9iKiCYawAuVbbRA
571,2009,6,83,Brussels,50.83614216449298,4.332512013700105,fCrfx1cbsaQs5wWGM3pUWA,1029,1,2881,3,6515,True,fCrfx1cbsaQs5wWGM3pUWA
1111,2017,6,0,Brussels,50.84363588652099,4.324017615213125,nTDiOhnG7csOX9ATX9twBg,2047,1,2883,1,6521,True,nTDiOhnG7csOX9ATX9twBg
2605,2009,10,164,Brussels,50.86204151018313,4.335091713631586,RJIWMSIkFoFuPmWJH7GxQA,2214,0,2884,4,6524,True,RJIWMSIkFoFuPmWJH7GxQA
860,2009,3,295,Brussels,50.83989741057183,4.308229308722182,cA5YKFxgT-OjotdlJE_RmQ,1223,0,1324,5,6531,True,cA5YKFxgT-OjotdlJE_RmQ
281,2009,4,107,Brussels,50.83180740349349,4.354136462006782,zewROHmXC-lXiQ_Ea1QGww,2031,1,2885,2,6538,True,zewROHmXC-lXiQ_Ea1QGww
1607,2020,7,163,Brussels,50.84903343760995,4.354261426931601,IDFntoktQZ8-ITQ8j7SfDw,1936,1,2886,5,6542,True,IDFntoktQZ8-ITQ8j7SfDw
2103,2019,4,128,Brussels,50.85495858178458,4.382250459956057,D2beIkbGU9IWo9N78eiC3g,1600,0,1805,6,6546,True,D2beIkbGU9IWo9N78eiC3g
2095,2013,7,16,Brussels,50.85511824340726,4.376838195656525,uXWvrQ8bALDaXwagDGstAg,2215,0,2888,4,6547,True,uXWvrQ8bALDaXwagDGstAg
1798,2009,3,225,Brussels,50.85191500146432,4.309269926588795,OUR69cn_UTLnCWINLprVvw,2216,0,2889,2,6550,True,OUR69cn_UTLnCWINLprVvw
558,2017,6,279,Brussels,50.83605924849323,4.319449970609391,VlSPuiKBpHgMvs4jWr6r9g,2217,0,2890,1,6552,True,VlSPuiKBpHgMvs4jWr6r9g
2531,2020,7,168,Brussels,50.86069516411035,4.342863599439712,YN-KhxufmQzp8B3gfkP5Hw,882,1,2891,2,6555,True,YN-KhxufmQzp8B3gfkP5Hw
2529,2010,10,342,Brussels,50.86089529260894,4.338201660441093,qzXFpDbGpjix6r09Fh17yg,2218,0,2892,1,6557,True,qzXFpDbGpjix6r09Fh17yg
1205,2019,4,84,Brussels,50.84400017974827,4.344214821562751,Ryt4Y0QFxrArkGIFRXakwA,1362,0,1500,4,6560,True,Ryt4Y0QFxrArkGIFRXakwA
2951,2014,7,96,Brussels,50.86605904973558,4.373129530968527,IQ35q1gU3s5YpyzIyhKzyg,520,1,1271,3,6564,True,IQ35q1gU3s5YpyzIyhKzyg
2529,2017,5,84,Brussels,50.86096383861005,4.338194859989972,6LUWgkNt968MYvfaLGKVtw,2218,1,2894,1,6585,True,6LUWgkNt968MYvfaLGKVtw
2176,2018,5,235,Brussels,50.85605625737362,4.374911433972155,CkOrCDFv0R013iO-Oib4aA,1597,1,2226,5,6586,True,CkOrCDFv0R013iO-Oib4aA
827,2014,7,264,Brussels,50.83905601814876,4.35434930696752,E5RZy4CUOSnI_LdsAd9fLg,357,0,362,7,6589,True,E5RZy4CUOSnI_LdsAd9fLg
2898,2018,6,271,Brussels,50.86603998194276,4.31713128604752,zFX_vwr8A429KN1P1FwRVA,1587,1,2896,1,6593,True,zFX_vwr8A429KN1P1FwRVA
2527,2019,3,226,Brussels,50.86097666581814,4.342353939044246,3666XhF05l2TaOJYuHSogA,96,2,2897,2,6594,True,3666XhF05l2TaOJYuHSogA
189,2019,3,261,Brussels,50.83132679284034,4.339750478827704,Mi5Lh9rbUiqqLpXi-ogOzw,1664,0,1887,6,6596,True,Mi5Lh9rbUiqqLpXi-ogOzw
2470,2013,7,52,Brussels,50.85963714050925,4.35600257659673,ZCffYoMH-jkU63Ykd0KLHQ,2201,0,2845,3,6599,True,ZCffYoMH-jkU63Ykd0KLHQ
456,2014,7,239,Brussels,50.83380511271536,4.37287418186146,rqe1epqWLtMqIqlr5irrgg,1962,0,2352,4,6601,True,rqe1epqWLtMqIqlr5irrgg
2178,2013,7,227,Brussels,50.85607968134031,4.37891928429667,pb-g-M4WeWnSqsB9DlnF_g,308,0,312,6,6604,True,pb-g-M4WeWnSqsB9DlnF_g
393,2013,6,60,Brussels,50.83408944993977,4.310188100324125,OFFIPWn9q1G1CVoDshdg0g,1545,1,2898,2,6610,True,OFFIPWn9q1G1CVoDshdg0g
213,2019,4,104,Brussels,50.8309908967456,4.363932536993308,5dSkTD2R1iNAqrvLtFnPWw,2105,0,2641,6,6611,True,5dSkTD2R1iNAqrvLtFnPWw
895,2014,7,278,Brussels,50.83979446162744,4.344489381366158,M-8HTSoXFuz4BI9wtUNc7A,285,0,289,7,6612,True,M-8HTSoXFuz4BI9wtUNc7A
396,2014,9,178,Brussels,50.83342798465961,4.311594390862009,zO1YjqRgcX8sA8PFqlgQBg,2179,2,2899,2,6617,True,zO1YjqRgcX8sA8PFqlgQBg
1722,2013,6,192,Brussels,50.85089024725791,4.313221043069061,ehh8EjF3Faz8lznq2J9qVA,889,0,932,5,6621,True,ehh8EjF3Faz8lznq2J9qVA
1101,2014,9,333,Brussels,50.84305921396361,4.317188637129226,3NLh_BApOwK40Jp4yUf4mQ,865,0,905,5,6623,True,3NLh_BApOwK40Jp4yUf4mQ
1699,2017,5,249,Brussels,50.85004763944815,4.364129184841414,YSRJFvDkkJhRnlsTFbqtHw,9,1,2900,1,6626,True,YSRJFvDkkJhRnlsTFbqtHw
2628,2017,5,38,Brussels,50.86193802988257,4.363221841300047,8SMeQKa8Vn8lwD7T_J2W6g,1086,0,1160,6,6627,True,8SMeQKa8Vn8lwD7T_J2W6g
1011,2019,5,265,Brussels,50.8410790742113,4.37927021252947,7hsjdArOngni20G5AR2gOA,2014,1,2901,4,6631,True,7hsjdArOngni20G5AR2gOA
2286,2009,10,276,Brussels,50.85787375702507,4.329212279619733,f0MaYQxR4GX-QsF0lMsQ5g,1100,1,1294,4,6635,True,f0MaYQxR4GX-QsF0lMsQ5g
463,2009,9,302,Brussels,50.83427301059166,4.379224960084301,XU5F9EHcuMFQ-cyERRMIwQ,1652,0,1872,3,6637,True,XU5F9EHcuMFQ-cyERRMIwQ
710,2017,6,268,Brussels,50.83796205882574,4.315280572325285,wSPklbqMA61E4IkYpcbxew,931,1,2902,1,6639,True,wSPklbqMA61E4IkYpcbxew
1164,2009,8,7,Brussels,50.8433397872961,4.379401744653379,3i7uEi8vRJNsAvKW9VRIng,518,0,530,12,6645,True,3i7uEi8vRJNsAvKW9VRIng
1398,2013,6,235,Brussels,50.84595673290087,4.381214726679938,Se22aV98xM6QBmg3r1nMqQ,1658,1,2544,5,6646,True,Se22aV98xM6QBmg3r1nMqQ
1996,2019,9,195,Brussels,50.85396152340914,4.354146195124959,u507DCL8DQGbYbqj61fmAw,853,0,893,7,6656,True,u507DCL8DQGbYbqj61fmAw
1080,2010,10,129,Brussels,50.84214474060357,4.37032965340357,6EHhe_y89yPGR5-1nLW0aw,759,0,789,5,6658,True,6EHhe_y89yPGR5-1nLW0aw
2039,2013,10,182,Brussels,50.85501850124532,4.317562366449568,3fH6-IFRD5lTcNF18xBqfw,1376,2,2905,1,6666,True,3fH6-IFRD5lTcNF18xBqfw
1494,2009,4,64,Brussels,50.84831081737414,4.323667645134564,sdTiTggev9dpqIywSHYmOg,1417,1,2906,1,6669,True,sdTiTggev9dpqIywSHYmOg
2509,2014,9,306,Brussels,50.86080426402813,4.321322018884127,-XwupC9wuefhFNi1ZhrsRQ,1731,0,1978,5,6674,True,-XwupC9wuefhFNi1ZhrsRQ
442,2014,10,95,Brussels,50.83410198450889,4.358701155449326,Hoc6UMZ3J-NRbWCRTFH5aw,1655,1,2042,5,6677,True,Hoc6UMZ3J-NRbWCRTFH5aw
1428,2020,11,310,Brussels,50.84658569151674,4.331879383439684,no6gNfttL47RPhkn0znsTw,229,0,232,7,6691,True,no6gNfttL47RPhkn0znsTw
442,2020,7,72,Brussels,50.83411405399427,4.358710900097165,54K84dKpVAqMvo4RIAr77g,1655,2,2630,3,6694,True,54K84dKpVAqMvo4RIAr77g
2294,2009,6,85,Brussels,50.85806661085199,4.344158275727017,n41jpqsvYoCzbAzsjZPMZA,625,0,640,5,6697,True,n41jpqsvYoCzbAzsjZPMZA
260,2009,8,27,Brussels,50.8320461832742,4.333142221525755,ghzSXHb8Pn78kumQxbWIIQ,854,0,894,6,6698,True,ghzSXHb8Pn78kumQxbWIIQ
564,2017,6,208,Brussels,50.83617613560936,4.325269731088858,qJ7RF6fB3TudxU5xPVeo5Q,1385,2,2910,1,6706,True,qJ7RF6fB3TudxU5xPVeo5Q
263,2009,4,205,Brussels,50.8319161230143,4.336040597596303,naowT5sz6VmScnYJAmQF0A,2222,0,2911,5,6711,True,naowT5sz6VmScnYJAmQF0A
2094,2011,3,261,Brussels,50.85499846212094,4.379167122177113,SEfvmHOIeBOxhWM0vTcPtw,459,1,542,6,6722,True,SEfvmHOIeBOxhWM0vTcPtw
2016,2009,6,86,Brussels,50.85366167029456,4.374076370316695,UB-nigI0iZ2hwUcYNiVnjg,116,0,116,7,6723,True,UB-nigI0iZ2hwUcYNiVnjg
577,2009,8,66,Brussels,50.83597560925097,4.338211566868129,GMc79Bg9ny7_1cjy164E_g,1374,0,1513,8,6726,True,GMc79Bg9ny7_1cjy164E_g
2162,2014,7,178,Brussels,50.8560133890388,4.364253855091106,2OQFA30OOr4HD35vIicnmQ,1464,0,1626,5,6731,True,2OQFA30OOr4HD35vIicnmQ
2492,2020,6,316,Brussels,50.85975195910869,4.376034786707993,pajk2QaR4rPO1DLHABqETA,204,0,205,9,6733,True,pajk2QaR4rPO1DLHABqETA
1394,2013,7,85,Brussels,50.84561087892816,4.376925809732827,xFF_LGz-T7G7ZEtG5CBfeQ,389,0,394,6,6741,True,xFF_LGz-T7G7ZEtG5CBfeQ
1106,2010,10,199,Brussels,50.84355811938889,4.319247646261535,qv-90ECoBdbh0Jl4cfs5dw,2122,1,2915,2,6748,True,qv-90ECoBdbh0Jl4cfs5dw
258,2019,4,346,Brussels,50.83242422960818,4.331680705959841,VPllcyneA3z23YXcbpAcvw,152,2,2918,1,6751,True,VPllcyneA3z23YXcbpAcvw
406,2020,6,280,Brussels,50.83401450022644,4.323214882513094,EgBH2A9ndQe-19Avz4O3wg,368,0,373,6,6757,True,EgBH2A9ndQe-19Avz4O3wg
188,2009,9,260,Brussels,50.83102508156411,4.339093228373543,eT0X5sX1o8660N9LhHLekg,2128,0,2684,4,6758,True,eT0X5sX1o8660N9LhHLekg
1593,2017,5,342,Brussels,50.84900224216135,4.338227023980065,YqtmmFCgUC6jc36U5Ohc3g,1146,1,2171,3,6760,True,YqtmmFCgUC6jc36U5Ohc3g
2122,2014,9,98,Brussels,50.8562149648124,4.326361784223352,FNJLokIVhjf-UN8snwD_VQ,1688,3,2919,1,6762,True,FNJLokIVhjf-UN8snwD_VQ
104,2019,4,206,Brussels,50.8300468831783,4.333046122174976,X8_r6a90n6fkGU4IUnRIfQ,2098,1,2920,3,6772,True,X8_r6a90n6fkGU4IUnRIfQ
2562,2020,11,57,Brussels,50.8610315879599,4.376143445399558,gPkAf31Mzx8Wu4tfrizddQ,980,1,2921,1,6774,True,gPkAf31Mzx8Wu4tfrizddQ
354,2014,7,74,Brussels,50.83325069755542,4.348160452151974,ByosTtbj_0EEHAh14p_IXA,1544,1,2922,1,6776,True,ByosTtbj_0EEHAh14p_IXA
2277,2019,5,266,Brussels,50.85785136539257,4.324884657902062,HHoSwguAdMrUIU_ddSbmKw,462,2,2923,2,6778,True,HHoSwguAdMrUIU_ddSbmKw
2763,2014,7,95,Brussels,50.86403763011914,4.338316888447894,gOEDFiEHFtf_ILOPla0Now,2227,0,2924,4,6780,True,gOEDFiEHFtf_ILOPla0Now
745,2020,7,145,Brussels,50.83822673060404,4.350474898402011,PE5GebEXVw0i8cGpNO9MEA,1286,1,2925,2,6788,True,PE5GebEXVw0i8cGpNO9MEA
2626,2013,7,181,Brussels,50.86207623497313,4.356356853546004,DGmoc7de59gpjHO1Yk92Fg,1011,1,2207,3,6792,True,DGmoc7de59gpjHO1Yk92Fg
1326,2019,5,240,Brussels,50.8461490911435,4.307004185372397,LcwA1ZMcXsE5oEvMpjBQ8g,650,0,667,5,6794,True,LcwA1ZMcXsE5oEvMpjBQ8g
238,2019,3,211,Brussels,50.83201669236469,4.311172247730933,7KK8b1OCfmzMFUvq8vt-JA,2206,0,2859,5,6796,True,7KK8b1OCfmzMFUvq8vt-JA
1464,2020,7,284,Brussels,50.84696946891315,4.369141664698954,esz-oXbEdamI4aolkQlNgA,1924,0,2289,8,6797,True,esz-oXbEdamI4aolkQlNgA
2078,2014,7,273,Brussels,50.85490536406324,4.357261780879873,9VQCwCwm2T3Fw7ilbf7RwA,82,1,2926,1,6799,True,9VQCwCwm2T3Fw7ilbf7RwA
612,2009,4,279,Brussels,50.83595089247822,4.373141642820093,sIPA0CCpOTObskg5LDxBBw,1407,0,1556,6,6809,True,sIPA0CCpOTObskg5LDxBBw
1611,2019,5,318,Brussels,50.84893568450907,4.360861991456356,ZGRqUoCG4z5q_Zmpz-wFHg,364,4,2928,2,6810,True,ZGRqUoCG4z5q_Zmpz-wFHg
242,2014,8,146,Brussels,50.83180836128859,4.315110633684408,0T7eZ5My-b6mbZiaWFEauQ,1323,1,2316,4,6812,True,0T7eZ5My-b6mbZiaWFEauQ
639,2014,8,79,Brussels,50.8369664631834,4.322126957098351,z14T0Zpg25FqGvoVY68_Jw,698,0,719,5,6814,True,z14T0Zpg25FqGvoVY68_Jw
1952,2011,3,329,Brussels,50.85288142263227,4.382040084268172,w_MnEuH5aRX6h5kpc17Zig,508,2,2929,1,6818,True,w_MnEuH5aRX6h5kpc17Zig
2351,2019,5,177,Brussels,50.85922415429439,4.31737977488539,cGz48T9YS1Zk3pEr0iQwrQ,1844,0,2162,4,6822,True,cGz48T9YS1Zk3pEr0iQwrQ
1416,2019,5,220,Brussels,50.84721856594091,4.322323915063426,mMeflX9owRNNvXEEMz_7KA,484,1,2930,2,6823,True,mMeflX9owRNNvXEEMz_7KA
1030,2019,5,117,Brussels,50.8424288490766,4.322394713643944,QCKn4N4Pba9gvqs6sJ4A_g,974,1,2066,7,6827,True,QCKn4N4Pba9gvqs6sJ4A_g
1999,2017,5,157,Brussels,50.85389526687892,4.351830183034097,OmUrU1jjRwlO2UatSi2m8w,804,0,836,4,6828,True,OmUrU1jjRwlO2UatSi2m8w
1508,2013,6,256,Brussels,50.84784614595176,4.331861372405266,XJIj9AwapEYdrzhBptPyrw,863,1,970,4,6831,True,XJIj9AwapEYdrzhBptPyrw
2429,2014,9,239,Brussels,50.85984684869314,4.320206462830981,qntaajghFXalxPRo_pgqgQ,2229,0,2931,3,6832,True,qntaajghFXalxPRo_pgqgQ
25,2019,3,196,Brussels,50.82892355023905,4.332385937246028,Cq2m7jfsZAiTqH_nH5R3AA,1917,1,2933,1,6845,True,Cq2m7jfsZAiTqH_nH5R3AA
503,2014,7,354,Brussels,50.8350460420608,4.342179247916007,zK4PEyw-OrHZ6QbFHC4Yqw,874,0,914,7,6847,True,zK4PEyw-OrHZ6QbFHC4Yqw
1417,2014,9,171,Brussels,50.84679824064653,4.32261508165939,B1j3klA2jjFrYMRHtOO_YQ,66,1,1258,3,6848,True,B1j3klA2jjFrYMRHtOO_YQ
1120,2014,7,26,Brussels,50.84294231909794,4.33406255207117,xdc0EgEl0m1QoWBh837cPA,2115,0,2663,4,6850,True,xdc0EgEl0m1QoWBh837cPA
1813,2019,4,148,Brussels,50.85227063561867,4.326674478502071,uA9_h2nWBDKjI3udxk03Yg,1078,0,1150,3,6852,True,uA9_h2nWBDKjI3udxk03Yg
556,2019,5,300,Brussels,50.83608250423482,4.316952898939446,j0HVCtkpgVUmir_aHQWoZA,2168,1,2934,1,6853,True,j0HVCtkpgVUmir_aHQWoZA
2844,2014,7,199,Brussels,50.8649194754016,4.341238087439918,v3-oogb9nhgxulG3sNoR8Q,1351,1,1523,4,6854,True,v3-oogb9nhgxulG3sNoR8Q
1737,2014,9,206,Brussels,50.8509710491863,4.328309587593421,YzeZMrS68HGLs0_oXUNgBg,2230,0,2935,2,6857,True,YzeZMrS68HGLs0_oXUNgBg
2097,2019,10,265,Brussels,50.85490142586711,4.375522509638696,R07tDd0QcKaJduXr3glCIg,2232,0,2938,2,6862,True,R07tDd0QcKaJduXr3glCIg
633,2013,6,265,Brussels,50.83713662388764,4.316316861162435,Kupuoi2VQnKhJQo7YFjG9Q,191,1,2939,1,6865,True,Kupuoi2VQnKhJQo7YFjG9Q
798,2017,5,255,Brussels,50.83899364544779,4.325097570598044,qHA8hLJaTKcU4SERriUjRQ,1227,1,2941,1,6868,True,qHA8hLJaTKcU4SERriUjRQ
1550,2020,11,211,Brussels,50.84820011824786,4.373191382700229,ZX3gy2oRMEVtFZh3JbZdQg,1503,0,1670,9,6873,True,ZX3gy2oRMEVtFZh3JbZdQg
679,2020,6,227,Brussels,50.83705880104438,4.362368064714693,HnbPz09SaAQ08Hjgy0bCww,1712,0,1951,3,6877,True,HnbPz09SaAQ08Hjgy0bCww
1057,2009,4,308,Brussels,50.84181083483475,4.349393615366438,LWP3R1hGXJVxyXElJZ4JcA,2109,0,2651,6,6879,True,LWP3R1hGXJVxyXElJZ4JcA
1805,2019,5,35,Brussels,50.85265302316733,4.318861489892719,cYfIfPb7_3tHoHMh87cxsw,2032,0,2495,5,6880,True,cYfIfPb7_3tHoHMh87cxsw
560,2013,6,189,Brussels,50.83598587074955,4.320978501435291,Vk1K6_624_OUak90x5elRw,2124,0,2679,4,6907,True,Vk1K6_624_OUak90x5elRw
1353,2017,5,305,Brussels,50.84571326889925,4.331600764738928,77MXNvn4HalR15umvjGxBQ,680,1,2943,2,6912,True,77MXNvn4HalR15umvjGxBQ
1830,2020,11,229,Brussels,50.85203523516942,4.346210191436408,vWUOwBq_Ju-KC54qLRiD6w,472,0,483,8,6915,True,vWUOwBq_Ju-KC54qLRiD6w
715,2017,6,76,Brussels,50.83806200082744,4.320204249518825,n3KytPe2ebh6OmQFvDq_kA,2059,1,2945,1,6918,True,n3KytPe2ebh6OmQFvDq_kA
2276,2017,5,27,Brussels,50.85805505264172,4.325020020449895,GTZo6yTUpK3b6gFxTa9QYg,469,0,480,3,6922,True,GTZo6yTUpK3b6gFxTa9QYg
2292,2009,10,246,Brussels,50.85789000617052,4.338413034887018,c9yp_ELsM98KxlC9jmeEvQ,278,0,282,4,6924,True,c9yp_ELsM98KxlC9jmeEvQ
2606,2013,7,59,Brussels,50.86219151685472,4.336987983242513,1rbSrIVCoy2j9PK-hQGDag,2236,0,2948,4,6929,True,1rbSrIVCoy2j9PK-hQGDag
2026,2020,7,245,Brussels,50.85395393668017,4.383331141790051,npUGABHcuap4TUgcQGPw9A,1222,0,1323,4,6934,True,npUGABHcuap4TUgcQGPw9A
1770,2020,11,281,Brussels,50.85095536948921,4.36408888249153,bRfPrMInn6wBowMtq0ulPQ,2140,0,2705,3,6936,True,bRfPrMInn6wBowMtq0ulPQ
867,2013,6,273,Brussels,50.84002938776234,4.315780115573317,_WVn85lqv-CRoaVZ0ofYJQ,2151,0,2724,5,6937,True,_WVn85lqv-CRoaVZ0ofYJQ
1107,2019,5,126,Brussels,50.84256098671762,4.321859548239596,o4jzM0jd7C-LxS4D9s3PGw,1593,2,2950,1,6938,True,o4jzM0jd7C-LxS4D9s3PGw
1269,2020,11,333,Brussels,50.84513050929845,4.33245616185614,aUtNz9Dq217obkDJ5vkoGA,678,0,698,5,6951,True,aUtNz9Dq217obkDJ5vkoGA
1103,2009,8,347,Brussels,50.84291799640262,4.322387535453864,u1DKWlSjL-j2uOw-Y7ChmQ,1019,0,1078,5,6954,True,u1DKWlSjL-j2uOw-Y7ChmQ
2704,2009,6,168,Brussels,50.86291944651408,4.356856371633119,5XwmoeIsi4XYu342li4DDA,731,0,758,9,6955,True,5XwmoeIsi4XYu342li4DDA
564,2014,8,187,Brussels,50.83614485789293,4.325255636608874,vr1DZNX7pbwfbinEgddUvA,1385,3,2954,1,6961,True,vr1DZNX7pbwfbinEgddUvA
470,2014,9,103,Brussels,50.83523926507053,4.309034567682501,3bT-eJYSxTxeZ7UZckL5Rw,2118,1,2955,1,6962,True,3bT-eJYSxTxeZ7UZckL5Rw
2476,2017,5,112,Brussels,50.860026368442,4.367912255632956,Mtrr3BwbMs84tnPkswfeTg,2013,0,2466,6,6979,True,Mtrr3BwbMs84tnPkswfeTg
1798,2019,5,48,Brussels,50.85189759207225,4.309269672697158,_ZOtVQQCy5FckURtVlH5XQ,2216,1,2956,2,6982,True,_ZOtVQQCy5FckURtVlH5XQ
1612,2020,7,240,Brussels,50.84873325982963,4.358538936402945,JEttZmCqmTHZcY2eStwJFA,2178,0,2778,10,6985,True,JEttZmCqmTHZcY2eStwJFA
533,2014,7,223,Brussels,50.83512712338027,4.372329745184132,UfTgsHhJZVtExa0BxfX0Uw,1172,2,2958,1,6986,True,UfTgsHhJZVtExa0BxfX0Uw
2903,2014,9,163,Brussels,50.86607990484698,4.327716201023151,fI17GeYI_S3cmn-hSaSiNQ,1383,0,1525,10,6990,True,fI17GeYI_S3cmn-hSaSiNQ
2011,2013,7,208,Brussels,50.8538744037868,4.367663731552908,Gl_KjkhOZyiM7Mt_L8uJLA,1435,1,2960,1,6996,True,Gl_KjkhOZyiM7Mt_L8uJLA
665,2020,7,257,Brussels,50.83684649866541,4.348438702343047,eOSNES9eZC24kU5ADj8Bew,2155,0,2731,6,7003,True,eOSNES9eZC24kU5ADj8Bew
558,2019,5,295,Brussels,50.83607888849266,4.319425475847881,5oCcjbznOuVM1pnDhojMXQ,2217,1,2961,1,7004,True,5oCcjbznOuVM1pnDhojMXQ
605,2009,6,172,Brussels,50.8359666701362,4.36612049574099,1LmeeumV3ZkPJJv6a31fmQ,741,0,769,6,7005,True,1LmeeumV3ZkPJJv6a31fmQ
651,2020,7,96,Brussels,50.83723779078984,4.333553803522737,H4R-ntheZPidoltCwEuVwA,2211,0,2873,6,7007,True,H4R-ntheZPidoltCwEuVwA
1053,2020,7,80,Brussels,50.84206928070593,4.345301229727857,T_ebx3zdjCg9GNinOW7x-w,1759,0,2025,7,7012,True,T_ebx3zdjCg9GNinOW7x-w
165,2014,8,126,Brussels,50.831124141547,4.316106921699815,mdkFtANeCBZdc4OngaSVaA,1181,1,2964,2,7014,True,mdkFtANeCBZdc4OngaSVaA
469,2014,9,219,Brussels,50.83492442571301,4.308052847106908,LUZTHrOHpjPRvmKyitsQBA,1741,1,2965,1,7015,True,LUZTHrOHpjPRvmKyitsQBA
108,2013,7,293,Brussels,50.82994860533094,4.337525453149046,etXzjyR0TQBo1ut7fCOhkg,1529,1,2966,1,7016,True,etXzjyR0TQBo1ut7fCOhkg
2121,2017,6,274,Brussels,50.85608561815911,4.324175219924498,zzyxJ4aIXZbyQ8iLkwc1sA,346,0,350,4,7018,True,zzyxJ4aIXZbyQ8iLkwc1sA
2018,2014,7,281,Brussels,50.85398611733356,4.376311500524385,oaN-PCj5LRoa-Y3dlQnwgw,2243,0,2970,1,7032,True,oaN-PCj5LRoa-Y3dlQnwgw
45,2017,5,124,Brussels,50.82900026213846,4.35222606832896,fe0P4KdbZEZYJwxCaT9nYg,20,0,20,6,7033,True,fe0P4KdbZEZYJwxCaT9nYg
1624,2018,10,289,Brussels,50.84896523425724,4.369296910200116,gwYvWhvCu3xcFiHfdnWz2Q,1777,1,2419,4,7041,True,gwYvWhvCu3xcFiHfdnWz2Q
2193,2019,5,178,Brussels,50.85692916762779,4.315356018616916,jakci9--65FMrEZLBEtJ-w,1261,1,2971,4,7043,True,jakci9--65FMrEZLBEtJ-w
2745,2013,6,196,Brussels,50.86421732262642,4.318457566065542,4ZSAXkH5lJhJK3YcNW4uyA,1813,0,2105,7,7048,True,4ZSAXkH5lJhJK3YcNW4uyA
2542,2013,7,156,Brussels,50.86101964248486,4.35300514816869,MWBIvAAMsGp7GqrXvD4g5Q,761,1,1779,3,7050,True,MWBIvAAMsGp7GqrXvD4g5Q
2881,2009,9,54,Brussels,50.86504365631943,4.380711298588744,cQa-Vp8dj-9gdd-w6hw-og,2204,0,2856,6,7054,True,cQa-Vp8dj-9gdd-w6hw-og
1537,2019,5,91,Brussels,50.84802925653181,4.363077917025151,eLwAdo5Sawl5qri5DUM8nQ,2089,0,2607,5,7056,True,eLwAdo5Sawl5qri5DUM8nQ
1600,2010,10,211,Brussels,50.84895584658702,4.344208171583165,fqGXsD-kN2rIJj50NO3N4w,182,0,183,5,7059,True,fqGXsD-kN2rIJj50NO3N4w
2506,2014,9,141,Brussels,50.86099281670379,4.318149378083445,wdXrIkObZatUpacPCxrN1Q,1788,0,2072,6,7068,True,wdXrIkObZatUpacPCxrN1Q
388,2013,10,274,Brussels,50.83278019951539,4.383044471353146,W1qQImU5U0rz7A55FOIqqg,1462,0,1623,4,7069,True,W1qQImU5U0rz7A55FOIqqg
1188,2011,3,220,Brussels,50.84388893329808,4.328320887681432,Z-Z7Jg_RDfiPInRSdoaHCA,54,0,54,6,7070,True,Z-Z7Jg_RDfiPInRSdoaHCA
2412,2020,6,247,Brussels,50.8591466502589,4.374883268537111,r98Pf8mqCCsI9Ea0LaK_MQ,322,0,326,8,7071,True,r98Pf8mqCCsI9Ea0LaK_MQ
2557,2017,5,146,Brussels,50.86111831412591,4.368781749699977,2l8t3psx6kmuXnxKT0DIvw,2228,0,2927,5,7074,True,2l8t3psx6kmuXnxKT0DIvw
1758,2014,7,206,Brussels,50.85111829845207,4.346749847894205,-6gj854AhfPW_xpx-Nrj8Q,1379,0,1518,7,7078,True,-6gj854AhfPW_xpx-Nrj8Q
2400,2013,7,32,Brussels,50.85894759884085,4.366192319988091,85icj5li5TjrFHk4XR_Sdw,839,0,877,7,7085,True,85icj5li5TjrFHk4XR_Sdw
594,2019,4,143,Brussels,50.83605306436604,4.355213488019799,vKjtyRp8TCHg0zk6_4E2nQ,1764,0,2031,8,7090,True,vKjtyRp8TCHg0zk6_4E2nQ
1791,2013,7,234,Brussels,50.85093992223337,4.383357126805396,wo6rY75TfFyXp40vWiAIHA,1127,1,1356,4,7092,True,wo6rY75TfFyXp40vWiAIHA
1426,2014,9,50,Brussels,50.84711258385991,4.329014183348356,UP-cycLeaiwnmpTuUeVD9w,177,0,178,4,7094,True,UP-cycLeaiwnmpTuUeVD9w
2273,2009,3,177,Brussels,50.85791442766996,4.315110798611111,QgnUpoPj55_jD72i8PX1oQ,2244,0,2973,2,7101,True,QgnUpoPj55_jD72i8PX1oQ
150,2017,5,109,Brussels,50.82984877574825,4.378937047032647,rpobT1C5qRp2rP_0fauwCQ,1337,0,1463,7,7106,True,rpobT1C5qRp2rP_0fauwCQ
2792,2013,6,89,Brussels,50.86394979991975,4.366267171167085,pdwZA71-3Ny-pbqHaY9DWQ,460,0,471,11,7109,True,pdwZA71-3Ny-pbqHaY9DWQ
163,2013,7,179,Brussels,50.83066931699383,4.314847748533948,9SMq36lAb34ExfxKN158Ng,1887,1,2975,2,7111,True,9SMq36lAb34ExfxKN158Ng
1606,2019,5,305,Brussels,50.84871876191033,4.350889198227427,XL2eYnd-KLYj8Be8T0yYZg,1963,1,2976,1,7114,True,XL2eYnd-KLYj8Be8T0yYZg
681,2010,10,318,Brussels,50.83707163923572,4.364136978545199,zjdGyLLqcvcBYrveE0aaVg,1475,2,2978,1,7118,True,zjdGyLLqcvcBYrveE0aaVg
362,2020,7,72,Brussels,50.83307747593839,4.356984275355802,88KTb8TMvHXl6v0r1-v3Zg,729,0,756,5,7120,True,88KTb8TMvHXl6v0r1-v3Zg
1381,2020,7,107,Brussels,50.84665540601096,4.363545143691676,HyXKCLBsSEE0x4S7zMe1MQ,1041,0,1106,5,7121,True,HyXKCLBsSEE0x4S7zMe1MQ
2329,2019,10,327,Brussels,50.85819130043423,4.37326402647558,myNHp0dAZH14Vpzknh_sIg,1399,1,2979,3,7129,True,myNHp0dAZH14Vpzknh_sIg
136,2019,3,290,Brussels,50.82999335602873,4.364157345523092,X7A6Vk7sYkvpHyMllZm7fw,1793,0,2080,5,7131,True,X7A6Vk7sYkvpHyMllZm7fw
2379,2013,7,157,Brussels,50.85881456573001,4.343052433847561,-czT94Mx1M1y5CWF6L3I2A,764,0,794,7,7132,True,-czT94Mx1M1y5CWF6L3I2A
2673,2013,7,98,Brussels,50.86290331321276,4.322175299058505,iR7Nq4BlOpweDlpH6bbLQg,443,0,454,3,7134,True,iR7Nq4BlOpweDlpH6bbLQg
1964,2013,10,178,Brussels,50.85398813007399,4.321020616295398,Tvuf_QP8UmjxQRzJgGE1nw,1809,0,2100,4,7136,True,Tvuf_QP8UmjxQRzJgGE1nw
2486,2018,5,336,Brussels,50.85992660759573,4.375222426436535,1jMoR2HxQsi8w_EMYbSK9Q,456,0,467,3,7140,True,1jMoR2HxQsi8w_EMYbSK9Q
655,2018,10,253,Brussels,50.83664353582098,4.339049226495736,j2zdz_s9mxw9Cev0dN-lJw,762,0,792,10,7142,True,j2zdz_s9mxw9Cev0dN-lJw
470,2019,5,87,Brussels,50.83523953077674,4.309045066419205,_dKdgxGUv4I5kWpDy_zgOg,2118,2,2980,1,7144,True,_dKdgxGUv4I5kWpDy_zgOg
602,2014,7,21,Brussels,50.83598011514135,4.363144345504971,B9qfc8cEm7csW52o2QLYSg,264,1,2981,2,7148,True,B9qfc8cEm7csW52o2QLYSg
295,2020,6,204,Brussels,50.83197159821924,4.368582376740467,LyW6ynnAOdOayqkpWRbjLw,312,1,2982,2,7151,True,LyW6ynnAOdOayqkpWRbjLw
2708,2019,4,175,Brussels,50.86319306449516,4.364218740915537,wBAYaAWg0bNtHutYRXODoQ,656,0,675,5,7152,True,wBAYaAWg0bNtHutYRXODoQ
70,2014,7,357,Brussels,50.82906139143149,4.377117323641259,oBtT5xi4EGQ52zkq-zZlLQ,1473,0,1636,6,7157,True,oBtT5xi4EGQ52zkq-zZlLQ
317,2014,9,168,Brussels,50.83309545622294,4.31229488230598,yUYyNQHyapfK7x9eW_v09Q,1088,1,2983,2,7158,True,yUYyNQHyapfK7x9eW_v09Q
1494,2014,9,247,Brussels,50.84831195158343,4.32366168401054,QG-8r0H3aAO2Xjc4PSUkqQ,1417,0,1569,3,7159,True,QG-8r0H3aAO2Xjc4PSUkqQ
2435,2009,3,119,Brussels,50.85986365230437,4.323520080000573,i7X-GTwRZtz4PO-U2SSNWg,1554,0,1731,5,7160,True,i7X-GTwRZtz4PO-U2SSNWg
130,2017,5,15,Brussels,50.82995379999479,4.359022030100731,WR8D9LoOrwql_0HOlAuqSQ,1381,1,2984,2,7167,True,WR8D9LoOrwql_0HOlAuqSQ
1234,2017,5,238,Brussels,50.84397382403276,4.371188360666651,c7a1jwf6w4yZnOPLfXAMaw,500,0,511,4,7170,True,c7a1jwf6w4yZnOPLfXAMaw
1701,2019,9,258,Brussels,50.84995842983325,4.370323649476992,Dz3ckXfNkBMjJgaojyzyRw,898,2,2986,2,7175,True,Dz3ckXfNkBMjJgaojyzyRw
2529,2013,10,174,Brussels,50.86090792698955,4.338226593156324,vzmeQcEuCp9osCqei6rKJg,2218,2,2987,2,7176,True,vzmeQcEuCp9osCqei6rKJg
1061,2017,5,126,Brussels,50.84199457923646,4.354095540096613,E1yGE0KRFg9fnEhhBOw4pw,2132,1,2989,1,7179,True,E1yGE0KRFg9fnEhhBOw4pw
1834,2017,5,301,Brussels,50.85213390913079,4.349014046114439,8lgEBKDUbZHR61u7VejEpg,1693,0,1923,5,7187,True,8lgEBKDUbZHR61u7VejEpg
2892,2017,5,309,Brussels,50.8660283165,4.313183854013205,0XsZIXVplecwRpKeKkb2MA,1708,0,1947,4,7191,True,0XsZIXVplecwRpKeKkb2MA
1658,2009,3,97,Brussels,50.85001958817988,4.322985573751361,SrYc8J7v8Vqulre9KXYrMw,436,1,761,4,7192,True,SrYc8J7v8Vqulre9KXYrMw
2041,2014,9,9,Brussels,50.85511334794951,4.323595037777067,9vens_EJDp2fa86nWOJlfA,702,1,2990,1,7195,True,9vens_EJDp2fa86nWOJlfA
2619,2009,4,251,Brussels,50.86211416705738,4.346781530361988,SQ-2YsPF8S4y53RmUvAf5A,1933,0,2304,4,7199,True,SQ-2YsPF8S4y53RmUvAf5A
2608,2013,7,256,Brussels,50.86191314572304,4.34594257728142,hYSKAPAAOmlOYQgoSUIswg,247,1,1411,5,7200,True,hYSKAPAAOmlOYQgoSUIswg
538,2013,10,209,Brussels,50.83505175792151,4.37781969374949,y8m163F50s1O470wEOvwhw,120,0,120,8,7204,True,y8m163F50s1O470wEOvwhw
2156,2010,10,17,Brussels,50.85598331242902,4.361150375663648,WPeq43dBx8UXxFUFnUGN1g,867,2,2992,1,7208,True,WPeq43dBx8UXxFUFnUGN1g
1099,2019,5,242,Brussels,50.84300822176021,4.314206770748475,wt6GOKcaA_KYTfHOJ83Uww,250,1,2993,3,7212,True,wt6GOKcaA_KYTfHOJ83Uww
1734,2009,4,220,Brussels,50.85124192502946,4.331605388753996,VdBC-OGhD7NzmL8KexzgKQ,106,0,106,4,7217,True,VdBC-OGhD7NzmL8KexzgKQ
1607,2019,5,3,Brussels,50.8490587103385,4.354265316114473,mC28Wn4LAH2Ms55mi2Ep5A,1936,2,2994,1,7219,True,mC28Wn4LAH2Ms55mi2Ep5A
2273,2019,5,199,Brussels,50.857921321189,4.315113677054786,OlaL3Zg4bVkjWgmTJBRiQg,2244,1,2995,1,7227,True,OlaL3Zg4bVkjWgmTJBRiQg
2491,2018,5,206,Brussels,50.85980341903497,4.381868395609673,CTBAXy4-wtXOxtxFrT9fUw,1349,0,1481,4,7228,True,CTBAXy4-wtXOxtxFrT9fUw
991,2009,6,132,Brussels,50.84047663952154,4.362057409240178,a52nt9hPx3PJXEvgkZ00wg,1804,0,2093,4,7232,True,a52nt9hPx3PJXEvgkZ00wg
903,2009,4,222,Brussels,50.83996128277797,4.352281536014161,d6FyPxpn-oe2io_j-NIXkw,792,0,823,5,7234,True,d6FyPxpn-oe2io_j-NIXkw
2303,2014,7,273,Brussels,50.85785148155347,4.351561983035436,EYAZNTIct_hyiqP-7hMDqw,2161,1,2996,1,7235,True,EYAZNTIct_hyiqP-7hMDqw
2484,2013,6,104,Brussels,50.8601499913969,4.374280456496765,puWyofJPn_Lfna8kHTVPmg,1602,1,2997,1,7242,True,puWyofJPn_Lfna8kHTVPmg
2615,2009,4,271,Brussels,50.86199853388893,4.347949624344038,D-pIqkHMzqVZsQAMsBakvA,1143,0,1234,7,7244,True,D-pIqkHMzqVZsQAMsBakvA
1855,2014,7,304,Brussels,50.85201089854031,4.367329972543931,ZLXq1b_PtqWAJC826vKz8w,1102,0,1180,5,7251,True,ZLXq1b_PtqWAJC826vKz8w
247,2014,8,184,Brussels,50.83201752036712,4.320230749214039,Mt2jZSabKsjbK80rFYeOow,1771,0,2044,5,7263,True,Mt2jZSabKsjbK80rFYeOow
1121,2017,6,308,Brussels,50.84317569075408,4.337852580590232,xc_8_ymOOoNACKf1idKuhw,2135,1,2998,1,7264,True,xc_8_ymOOoNACKf1idKuhw
382,2013,10,109,Brussels,50.83262008514243,4.37788045199809,n7uWG6mNx3_bgN4E3WQW0Q,1296,1,2999,1,7266,True,n7uWG6mNx3_bgN4E3WQW0Q
1319,2020,7,295,Brussels,50.8450443487743,4.377813110566643,Xj8-FZ86PvJsWB1zgw-nlA,1289,0,1405,8,7268,True,Xj8-FZ86PvJsWB1zgw-nlA
1614,2013,7,304,Brussels,50.8489998379149,4.36202235009101,2Voy2Iy_375EXDhvrY72bg,887,0,929,4,7272,True,2Voy2Iy_375EXDhvrY72bg
1810,2020,6,222,Brussels,50.85184429540358,4.323996780785796,6imBV8ngsIbQ_6DFsp-KRw,1748,0,2008,5,7275,True,6imBV8ngsIbQ_6DFsp-KRw
1584,2013,6,322,Brussels,50.84885206106971,4.328385651635761,IdergVsdd5OmeVIsBH4-nw,1678,0,1904,4,7283,True,IdergVsdd5OmeVIsBH4-nw
195,2014,7,54,Brussels,50.83100393109322,4.346111042525106,MdvW81TBPUR88rscGP-Fcg,615,0,630,5,7284,True,MdvW81TBPUR88rscGP-Fcg
341,2017,5,345,Brussels,50.83288497597565,4.336095542573291,CE2u71QN-XL3cOgYaIncVg,24,0,24,5,7289,True,CE2u71QN-XL3cOgYaIncVg
2564,2020,6,221,Brussels,50.86114000806749,4.373284797221618,OJuT9clutPboN1AuaFUIKw,1848,0,2168,6,7290,True,OJuT9clutPboN1AuaFUIKw
21,2013,7,109,Brussels,50.82868026657995,4.328889128607754,3A_TLZq9DxffxWx-fgYksA,1138,0,1229,8,7295,True,3A_TLZq9DxffxWx-fgYksA
1429,2019,4,250,Brussels,50.84695678759532,4.333103271311239,-iOueqMp7-FKIdhXc25Ddg,1007,1,3001,1,7299,True,-iOueqMp7-FKIdhXc25Ddg
1029,2013,6,42,Brussels,50.84068803816213,4.327409625214039,8lB1aP4dQAkcY5sB0XAUQg,454,1,3002,1,7303,True,8lB1aP4dQAkcY5sB0XAUQg
636,2013,6,106,Brussels,50.83707405248643,4.319465230076063,cqXAxeuPtrHMwPhV67mBlA,981,0,1034,9,7307,True,cqXAxeuPtrHMwPhV67mBlA
2438,2017,5,125,Brussels,50.85996639855934,4.32636012042012,i-q6OSnWcW1Cvfh0CfIlMQ,1657,1,2729,3,7308,True,i-q6OSnWcW1Cvfh0CfIlMQ
488,2017,5,210,Brussels,50.83501400494836,4.327126125531014,lz5lLX2X-SabonVDv_P0_w,828,0,864,5,7310,True,lz5lLX2X-SabonVDv_P0_w
1499,2009,3,65,Brussels,50.8476040327844,4.319702092898888,b7nBCu8nDEIcrQCY79RhJQ,361,1,3003,1,7312,True,b7nBCu8nDEIcrQCY79RhJQ
1956,2009,3,323,Brussels,50.85410124907749,4.315123700497318,1E41LlPJnOM5_lCLxgBzSA,1126,0,1211,3,7317,True,1E41LlPJnOM5_lCLxgBzSA
366,2019,4,153,Brussels,50.83294252964411,4.361080358730673,FMm7Q5RgxSJ5u_wupJ-VYQ,313,0,317,6,7321,True,FMm7Q5RgxSJ5u_wupJ-VYQ
184,2014,7,332,Brussels,50.83115713992701,4.335272249161912,o9Q_8Cz-moNsrG1hzcdMuw,1467,0,1629,5,7330,True,o9Q_8Cz-moNsrG1hzcdMuw
2491,2019,4,31,Brussels,50.85981944101857,4.381858529127774,u3z-ANHngs3KTi8uN5DnoQ,1349,1,2532,4,7332,True,u3z-ANHngs3KTi8uN5DnoQ
2669,2017,5,166,Brussels,50.86328921960749,4.324011906989822,3CPngmHJBaaK1NsdElYd3w,1656,1,3004,2,7337,True,3CPngmHJBaaK1NsdElYd3w
890,2009,4,215,Brussels,50.84056341808945,4.338666198265763,oVzF_m3MdJ59xglBbuSf6w,1997,2,3005,2,7338,True,oVzF_m3MdJ59xglBbuSf6w
855,2014,7,133,Brussels,50.8389463095948,4.3821747991401,6rHs5x3XJ7KULV2LtS9lUQ,1797,2,3006,1,7339,True,6rHs5x3XJ7KULV2LtS9lUQ
761,2020,7,350,Brussels,50.83803287732427,4.365738137186148,wI4G0K8PGnUNbyDxGVriOw,640,1,1147,9,7344,True,wI4G0K8PGnUNbyDxGVriOw
27,2013,6,282,Brussels,50.8290261375759,4.333993263053163,dLGCG6Vsu2IT77rTFRiplw,957,0,1010,8,7345,True,dLGCG6Vsu2IT77rTFRiplw
410,2013,6,161,Brussels,50.83412978960533,4.327318407201441,7ZZui34NRv30Mnei8Y406w,1599,0,1804,3,7347,True,7ZZui34NRv30Mnei8Y406w
2801,2019,10,176,Brussels,50.86412736087448,4.385312745354227,rxpLuRNxBUy0TIC604mo7A,2247,0,3007,3,7348,True,rxpLuRNxBUy0TIC604mo7A
2126,2013,7,237,Brussels,50.85602504238031,4.326301373233503,BKZcHHHDF6qcinLaYdxvyw,1688,1,2402,6,7351,True,BKZcHHHDF6qcinLaYdxvyw
223,2019,4,167,Brussels,50.83095260879707,4.374589123927858,QHeS80wMYrO66eO2Eh6kYA,47,0,47,5,7353,True,QHeS80wMYrO66eO2Eh6kYA
2049,2013,7,33,Brussels,50.85493308049656,4.329262779403424,gKMdjNgImd-J3_uWzNnfAw,1334,1,2720,4,7354,True,gKMdjNgImd-J3_uWzNnfAw
2934,2014,7,137,Brussels,50.86595863021738,4.358267279029807,eMcSZhSlMbHBBSCizgX-uA,1834,1,3008,1,7356,True,eMcSZhSlMbHBBSCizgX-uA
1770,2020,6,91,Brussels,50.85096531501782,4.364114880705858,pnsooZxCkg5A3E_Bgs9o8w,2140,1,3009,4,7358,True,pnsooZxCkg5A3E_Bgs9o8w
1413,2019,5,343,Brussels,50.84712672669373,4.314362638164484,jYot9_uTyFn_eR_yHqhPEg,1955,0,2342,4,7363,True,jYot9_uTyFn_eR_yHqhPEg
1632,2014,7,66,Brussels,50.84900402833742,4.378984451117496,bMAEyKk5zlISWr3OQbwAAw,1951,0,2335,5,7364,True,bMAEyKk5zlISWr3OQbwAAw
789,2019,5,293,Brussels,50.8389394341246,4.316148032365422,tWumWU71gEc9Fc9PWky71A,7,1,3010,2,7367,True,tWumWU71gEc9Fc9PWky71A
1360,2014,7,149,Brussels,50.84609003017474,4.336647268632654,SDrim8oHCX9MAlJo9coPRA,164,0,165,3,7372,True,SDrim8oHCX9MAlJo9coPRA
977,2009,4,357,Brussels,50.84092497691362,4.348236637651391,UBkk6nS9zlOxcItSV_079w,1409,0,1559,6,7386,True,UBkk6nS9zlOxcItSV_079w
2924,2019,3,92,Brussels,50.86607118670851,4.341777333929529,v9YkNEmUFt8DQuqzzPp-2w,2030,1,2748,3,7389,True,v9YkNEmUFt8DQuqzzPp-2w
134,2017,5,281,Brussels,50.83012842406403,4.36336741547554,61_ZO0Y3kmnvYhGFLqiXtA,1991,0,2413,4,7392,True,61_ZO0Y3kmnvYhGFLqiXtA
1549,2019,10,78,Brussels,50.84785688792869,4.374176039459574,TN5wSLu4paTze9NrpEkYzA,1930,0,2300,6,7399,True,TN5wSLu4paTze9NrpEkYzA
2462,2019,3,142,Brussels,50.859984092198,4.352171973601153,HVfPxwlrMXzAI39mDYrXtA,846,1,1473,4,7411,True,HVfPxwlrMXzAI39mDYrXtA
242,2009,3,332,Brussels,50.83179325627781,4.315064635484742,arUlQOzdB1x3PHpzhaQIAg,1323,0,1446,3,7414,True,arUlQOzdB1x3PHpzhaQIAg
1581,2009,4,303,Brussels,50.84898371569163,4.32930501069418,sMSLoWX2i4Q5gZuO1EgRLg,2034,2,3013,1,7415,True,sMSLoWX2i4Q5gZuO1EgRLg
1542,2020,11,146,Brussels,50.84786206476862,4.370552326362822,QcSEuYsHT9QRb5XExW-U0w,1331,0,1454,8,7419,True,QcSEuYsHT9QRb5XExW-U0w
1754,2009,6,237,Brussels,50.85093738464478,4.345267884192195,TLoRPZIWA09f-Ef9SEBRGg,1885,3,3015,2,7421,True,TLoRPZIWA09f-Ef9SEBRGg
1338,2009,3,74,Brussels,50.84641956088324,4.317597550027942,B9FV4mRTCgMBBAvLDnPYaQ,2012,1,3016,1,7424,True,B9FV4mRTCgMBBAvLDnPYaQ
1485,2020,7,359,Brussels,50.8479356863403,4.311178850235343,GQ_gEKO2d_yKtxJvTM_k0g,1373,1,2391,6,7426,True,GQ_gEKO2d_yKtxJvTM_k0g
1779,2013,7,42,Brussels,50.85103942160666,4.369244790531293,34_0qbjUR3UbT_BWryfC0A,2018,1,3017,1,7427,True,34_0qbjUR3UbT_BWryfC0A
2828,2009,8,342,Brussels,50.86474266245202,4.330274219181415,4UFDjQBSP-dmFHEO-AhyCw,504,1,3019,1,7431,True,4UFDjQBSP-dmFHEO-AhyCw
608,2020,6,96,Brussels,50.83585286006463,4.368978919736909,wtJN9JT_daENfeZY2aKtLA,798,1,2034,4,7432,True,wtJN9JT_daENfeZY2aKtLA
1842,2009,8,21,Brussels,50.85213998954264,4.353883946011861,f1tTqFOCGaOlzlBDXXPp9Q,1429,0,1581,5,7440,True,f1tTqFOCGaOlzlBDXXPp9Q
565,2013,6,221,Brussels,50.83593248726566,4.326321587057978,fSibvNmTe-xUjTVLP2ghBg,2156,1,3021,1,7441,True,fSibvNmTe-xUjTVLP2ghBg
1640,2019,5,174,Brussels,50.84994548179838,4.307354130074716,WsLsbun5rnC9Ziq7nxMm2Q,2033,1,3024,2,7448,True,WsLsbun5rnC9Ziq7nxMm2Q
2282,2013,10,340,Brussels,50.85798884097522,4.331282569910754,e2UHC-P5Em-TGKh1VvB68g,1015,2,3026,1,7452,True,e2UHC-P5Em-TGKh1VvB68g
205,2010,10,6,Brussels,50.83092387834423,4.356339222083738,U4ObeJwkOEkE3512OAaDxA,192,1,1741,5,7454,True,U4ObeJwkOEkE3512OAaDxA
2062,2013,7,329,Brussels,50.85494491114382,4.343263927956184,pUIVaTa0xklhd5rclQZzMA,1714,0,1953,10,7455,True,pUIVaTa0xklhd5rclQZzMA
670,2009,8,181,Brussels,50.83697218280051,4.35330001031135,PQfDOGSa3i0DSEwriK3iQQ,1319,0,1440,6,7457,True,PQfDOGSa3i0DSEwriK3iQQ
269,2013,7,295,Brussels,50.83201704414271,4.342166639350379,YUB4oaYDPz1MXglyIx6i4w,850,0,890,6,7458,True,YUB4oaYDPz1MXglyIx6i4w
304,2019,4,241,Brussels,50.83193264909325,4.377312015013867,6oO3oU-XtR9EuSTUrIG7Ag,119,0,119,4,7459,True,6oO3oU-XtR9EuSTUrIG7Ag
542,2018,5,355,Brussels,50.8352779740453,4.38147195783905,JGr-ZLM1t_xZIba0IRaHeg,524,1,3028,1,7468,True,JGr-ZLM1t_xZIba0IRaHeg
1206,2014,7,41,Brussels,50.84397561958597,4.343288749533721,dc2g3koGWv7xbRB-Y5DdsA,1539,0,1715,5,7475,True,dc2g3koGWv7xbRB-Y5DdsA
1256,2009,3,317,Brussels,50.84502566290943,4.315147225808617,GctlNGMzHdx50e5XKZ_cWg,1028,0,1091,5,7476,True,GctlNGMzHdx50e5XKZ_cWg
2296,2020,7,345,Brussels,50.85790575916551,4.342277650240476,FAJ3aq1mu0fz4ZntCI3XcA,991,0,1045,6,7479,True,FAJ3aq1mu0fz4ZntCI3XcA
1503,2009,4,20,Brussels,50.84786241378485,4.330320958576891,L2km5jKBv9YtvetV7g5-uA,2148,1,3029,2,7486,True,L2km5jKBv9YtvetV7g5-uA
1685,2020,7,346,Brussels,50.84998742218951,4.350323376851467,30iVT2mY2xcmpcrWK9GWVg,2066,1,3030,1,7491,True,30iVT2mY2xcmpcrWK9GWVg
1663,2009,8,74,Brussels,50.84969716799511,4.332223346508528,dwYQNMhv9UuPBEKaKxtbgg,1810,0,2101,4,7494,True,dwYQNMhv9UuPBEKaKxtbgg
1496,2009,4,148,Brussels,50.8480048687037,4.323170867229544,qs6vDGaw1OQJfz1fJRA-xQ,1182,1,3031,1,7499,True,qs6vDGaw1OQJfz1fJRA-xQ
2355,2013,7,257,Brussels,50.85828263638487,4.321316554413019,OEew316f6fUJP-Ne3mFh8g,2221,0,2909,7,7504,True,OEew316f6fUJP-Ne3mFh8g
2828,2009,4,317,Brussels,50.86473708922268,4.330282492082368,ANPgNaD8hSdKKHMcqeLTZQ,504,2,3032,1,7508,True,ANPgNaD8hSdKKHMcqeLTZQ
2366,2009,10,9,Brussels,50.85939143197047,4.332730532501381,-UGphwS2zOeYFo-ZlLfaCg,1826,0,2130,4,7511,True,-UGphwS2zOeYFo-ZlLfaCg
313,2009,3,304,Brussels,50.83293690971118,4.308229193848027,Iz8YthKqTkRYuB6t4CCn_A,2171,1,3034,1,7514,True,Iz8YthKqTkRYuB6t4CCn_A
1823,2013,7,269,Brussels,50.85209180830748,4.336962787321862,q6V9Bt8QhcI_K82M0A9GtQ,1837,2,3035,1,7522,True,q6V9Bt8QhcI_K82M0A9GtQ
231,2009,4,22,Brussels,50.83072063920262,4.382417818184401,Aq6puH62c7YFjsqGuNmuVQ,2251,0,3036,2,7533,True,Aq6puH62c7YFjsqGuNmuVQ
2413,2014,7,219,Brussels,50.85873862514696,4.376380381160163,QyNscYvgx_fGY7WQwdftjg,163,0,164,7,7535,True,QyNscYvgx_fGY7WQwdftjg
1744,2009,6,62,Brussels,50.8507233339424,4.336923721972133,J3IEkhHSOeVlHH7FOTjTCQ,448,0,459,6,7537,True,J3IEkhHSOeVlHH7FOTjTCQ
236,2014,9,308,Brussels,50.8321368905489,4.309478940254625,A_67WAyV-U1C_nL7MtIn9g,1000,0,1055,4,7541,True,A_67WAyV-U1C_nL7MtIn9g
2347,2017,5,300,Brussels,50.85895797249474,4.309197639569732,0bWkRQlo-gL6fSwaOiC30Q,2037,0,2507,4,7548,True,0bWkRQlo-gL6fSwaOiC30Q
1283,2019,4,146,Brussels,50.84503319376982,4.340382662086215,3_K3Io3TDQDPCGbeZ0VRig,1901,0,2251,4,7552,True,3_K3Io3TDQDPCGbeZ0VRig
683,2009,4,146,Brussels,50.83671803905968,4.366064611778084,qk-A000hN5E2feD-bn_GrA,510,0,521,11,7553,True,qk-A000hN5E2feD-bn_GrA
2134,2009,10,317,Brussels,50.85600343053022,4.338249614026479,Hbdox6mMTHA0D2orspRfxg,756,0,786,7,7556,True,Hbdox6mMTHA0D2orspRfxg
2186,2013,7,234,Brussels,50.85599971363717,4.382142498963472,EnQPytMpAruR87r53Cw43w,1970,1,3037,1,7557,True,EnQPytMpAruR87r53Cw43w
1442,2013,7,205,Brussels,50.84690600775371,4.350441990354486,uBpPIQVAub96Xwhe0MGsrA,1324,0,1447,3,7560,True,uBpPIQVAub96Xwhe0MGsrA
1311,2009,8,308,Brussels,50.84482492718426,4.367915721332421,7DEOR688ORy4XprIAwRaTw,314,0,318,4,7562,True,7DEOR688ORy4XprIAwRaTw
1176,2017,5,73,Brussels,50.84392029373477,4.311113529165639,K_fm21Pg8PI7454L9dipJA,1638,0,1855,7,7563,True,K_fm21Pg8PI7454L9dipJA
1427,2014,9,196,Brussels,50.84644141378255,4.327856133183296,1C8_IYDj5pWusC1FEqcoTg,1424,1,2609,4,7564,True,1C8_IYDj5pWusC1FEqcoTg
2643,2014,7,137,Brussels,50.8617778754401,4.375161085927648,SYzDEf4UN9ZTAQBjfskCcQ,1311,0,1431,4,7565,True,SYzDEf4UN9ZTAQBjfskCcQ
202,2019,3,84,Brussels,50.83098977025907,4.35310021803669,CUNzbfkpgqXUALjBZg2Qlg,1264,0,1372,5,7570,True,CUNzbfkpgqXUALjBZg2Qlg
76,2014,7,86,Brussels,50.82917977810932,4.383183413046061,0WSV7Qg0IKzmbDz4mrJbSw,807,1,3038,1,7578,True,0WSV7Qg0IKzmbDz4mrJbSw
59,2019,4,336,Brussels,50.82881815601558,4.366249366438858,DYg_tg3kIxCLeTJvI2kQzQ,6,0,6,4,7583,True,DYg_tg3kIxCLeTJvI2kQzQ
2135,2014,7,335,Brussels,50.85599146317577,4.335114122251153,naJ6wXfK_wIupUdB7Zrhnw,1196,1,3039,2,7587,True,naJ6wXfK_wIupUdB7Zrhnw
1844,2014,7,33,Brussels,50.85200971592086,4.359192865132754,J5sxU45QkOZWG4NBHrJRAA,1828,0,2134,3,7589,True,J5sxU45QkOZWG4NBHrJRAA
1313,2013,7,262,Brussels,50.84501403294708,4.368060878408521,_ry2NvF-ffe_UECEuq2wpw,1555,0,1732,4,7591,True,_ry2NvF-ffe_UECEuq2wpw
240,2013,6,176,Brussels,50.83243167314732,4.313767663446617,wjG3-_sCjhexa9EyGZB4fg,79,1,3040,1,7595,True,wjG3-_sCjhexa9EyGZB4fg
1981,2020,7,170,Brussels,50.85396928346673,4.342258714822117,7uRJIKlr5aw8F7ld0Qgkzg,2130,1,3041,2,7596,True,7uRJIKlr5aw8F7ld0Qgkzg
2860,2019,3,55,Brussels,50.86490098550166,4.356310146671623,5PvZCTTSnr6f9rsc4L0lDA,1859,0,2186,3,7601,True,5PvZCTTSnr6f9rsc4L0lDA
2480,2017,6,10,Brussels,50.86014065594652,4.365374084565848,iqqUU39V4mIuIv0E16_SFQ,2183,1,2816,3,7608,True,iqqUU39V4mIuIv0E16_SFQ
456,2019,3,53,Brussels,50.83382308322028,4.372840206659077,PB4vYbwd_dDHmlJXSLJOGw,1962,1,3043,2,7609,True,PB4vYbwd_dDHmlJXSLJOGw
2734,2013,7,226,Brussels,50.86398391841448,4.316833487067098,65Zv3ykiiNLBWbwXtAMV9g,14,1,2395,4,7612,True,65Zv3ykiiNLBWbwXtAMV9g
1891,2014,9,53,Brussels,50.85292151751218,4.328269038250294,51AxOjrKCcadKgrXesk8hg,1886,0,2224,4,7613,True,51AxOjrKCcadKgrXesk8hg
583,2009,4,4,Brussels,50.8358936334943,4.344233374123948,Gqp-LjiAsj72mjFes25_eA,2250,1,3044,1,7622,True,Gqp-LjiAsj72mjFes25_eA
1507,2019,4,54,Brussels,50.8478443324452,4.333539513012338,5U0Fd-F3dOFYXlrqv7iiTw,77,0,77,8,7632,True,5U0Fd-F3dOFYXlrqv7iiTw
2876,2014,7,182,Brussels,50.86507035900102,4.373995818659532,CxQ04ZBm32uAvmwyyMWpGw,1079,0,1151,6,7636,True,CxQ04ZBm32uAvmwyyMWpGw
2668,2019,5,341,Brussels,50.86310726908973,4.323182838611886,VCK1w6ONSa2NlGaU65SNnw,2252,0,3046,2,7637,True,VCK1w6ONSa2NlGaU65SNnw
1825,2013,7,14,Brussels,50.85216217509884,4.333691477275394,LAdvbgkvpR3JV-7-Qo6DVg,395,0,401,7,7642,True,LAdvbgkvpR3JV-7-Qo6DVg
58,2013,7,333,Brussels,50.8290146909592,4.365097302873197,RYaiSOMxJmA4ShHNvn7Rpw,2202,1,3048,2,7646,True,RYaiSOMxJmA4ShHNvn7Rpw
2013,2013,7,172,Brussels,50.85409649762938,4.367779784598986,2RbhoR-ZvaoF5eBbv0Mfyg,2173,1,3049,1,7653,True,2RbhoR-ZvaoF5eBbv0Mfyg
2142,2020,6,108,Brussels,50.8557344754774,4.341981213318682,IGYFfJuIOiw6VH7dKTJarw,1756,2,3050,1,7654,True,IGYFfJuIOiw6VH7dKTJarw
886,2020,6,176,Brussels,50.83996021790017,4.335169914987901,brYlQQNAI9Ns3oVX6L5LmQ,973,1,3051,1,7655,True,brYlQQNAI9Ns3oVX6L5LmQ
2650,2020,11,33,Brussels,50.86190800394964,4.382747443211875,6twuJAXMKb7wryNgGU0ACA,937,0,988,7,7661,True,6twuJAXMKb7wryNgGU0ACA
2245,2009,4,39,Brussels,50.85686524965662,4.364097974763615,nY1lwdEkBWJAe1Kk20kZZw,1927,0,2296,6,7665,True,nY1lwdEkBWJAe1Kk20kZZw
988,2017,5,296,Brussels,50.84101905312318,4.359742513987282,zjjrufCczhwIOes1UTEDPg,1650,0,1868,4,7668,True,zjjrufCczhwIOes1UTEDPg
959,2014,8,118,Brussels,50.84113150007622,4.330385434710101,y6kR3p5Mb4Yf2fvoBMxL7Q,1765,0,2032,6,7671,True,y6kR3p5Mb4Yf2fvoBMxL7Q
2431,2014,9,219,Brussels,50.86004412835388,4.321224940029914,DjKnFrMV0iK7HXOxHisldg,2253,0,3052,2,7677,True,DjKnFrMV0iK7HXOxHisldg
2416,2009,5,194,Brussels,50.85888473120359,4.38477759393948,lDY9dS6I_0GwHyEqRdR7lQ,1395,0,1539,5,7679,True,lDY9dS6I_0GwHyEqRdR7lQ
1570,2009,3,326,Brussels,50.8485732529641,4.318326771692552,xFhaJWaY2FV_m3F5cEyB9w,1283,2,3053,1,7680,True,xFhaJWaY2FV_m3F5cEyB9w
2545,2010,10,317,Brussels,50.86077978159773,4.352851708111197,pYmz0b9hf5YkYWF1Sdm84Q,516,1,3054,2,7682,True,pYmz0b9hf5YkYWF1Sdm84Q
378,2013,7,359,Brussels,50.83334673619207,4.373745937916743,DwE0zrBlDxVE1T48kes8ug,1498,0,1663,4,7695,True,DwE0zrBlDxVE1T48kes8ug
1886,2017,5,43,Brussels,50.8529984796131,4.320187515588241,L3SQme6efLRq9dqSbLvYCQ,2255,0,3056,2,7696,True,L3SQme6efLRq9dqSbLvYCQ
1418,2014,9,103,Brussels,50.84702595455646,4.322432480888745,fj0j1ikW-ItTkk2ftJMc4Q,328,1,887,3,7700,True,fj0j1ikW-ItTkk2ftJMc4Q
2919,2013,7,261,Brussels,50.86567776701669,4.340683579493884,20x8nQJobxpU1-YLakZPUw,2154,0,2728,4,7706,True,20x8nQJobxpU1-YLakZPUw
1901,2009,8,181,Brussels,50.85286498073614,4.342130976999431,jRxtpd0Wqjq9Zx5v2ltRsA,52,1,3057,1,7707,True,jRxtpd0Wqjq9Zx5v2ltRsA
1743,2020,6,37,Brussels,50.85115268698041,4.333492383814443,fVtHOZC06bfKeiV5QA7abQ,935,1,3058,1,7708,True,fVtHOZC06bfKeiV5QA7abQ
1945,2020,11,282,Brussels,50.85288183785277,4.37823710869158,GpXo647UrH2B-YIIGU4wGQ,1493,1,3059,1,7711,True,GpXo647UrH2B-YIIGU4wGQ
566,2019,5,289,Brussels,50.83616844999263,4.327221114332791,xyxcHq0rAsqV1cOZW9FXcg,2256,0,3061,4,7713,True,xyxcHq0rAsqV1cOZW9FXcg
1711,2009,6,275,Brussels,50.85019454458244,4.38223554258315,AaFPb_LnNWNADMrSYiRJqQ,869,0,909,5,7722,True,AaFPb_LnNWNADMrSYiRJqQ
897,2013,7,81,Brussels,50.83995356322323,4.346503757607938,kI2MhKgGE6Pznt9NfdOvQw,1581,1,3062,3,7723,True,kI2MhKgGE6Pznt9NfdOvQw
2464,2014,7,233,Brussels,50.86013234797908,4.354268977449375,atshrMiUqZbG4rIuDLEUnA,532,1,1700,4,7724,True,atshrMiUqZbG4rIuDLEUnA
2673,2014,9,273,Brussels,50.86288247807801,4.322156260408994,n5lNh4Fxq-ZZwDARQj62zA,443,1,3063,1,7727,True,n5lNh4Fxq-ZZwDARQj62zA
2883,2019,10,106,Brussels,50.86511089481727,4.382051474825418,vNpfsWVw-Ez-fUX34tFmOQ,2040,1,3064,1,7730,True,vNpfsWVw-Ez-fUX34tFmOQ
2834,2019,3,314,Brussels,50.86493060313678,4.336920943874291,CzndW8XQTggPY1ZVn4NcsQ,1363,0,1501,4,7733,True,CzndW8XQTggPY1ZVn4NcsQ
153,2019,4,220,Brussels,50.83005811148659,4.382334058991609,utYcMrTv_mmztAxbUiFrWA,873,0,913,5,7736,True,utYcMrTv_mmztAxbUiFrWA
2461,2020,7,53,Brussels,50.85994703482196,4.35014896305139,1pTsAzAbm85bLGWvroyG2Q,155,0,155,4,7740,True,1pTsAzAbm85bLGWvroyG2Q
2179,2019,9,97,Brussels,50.85654101504083,4.380454684744681,LUR7o3MUN8Yyh2gyNyA8Ow,653,1,2831,4,7742,True,LUR7o3MUN8Yyh2gyNyA8Ow
527,2020,6,309,Brussels,50.8350346594885,4.366264508438095,7sseLp9tlAVtQFtH32cTkA,1692,1,3065,3,7743,True,7sseLp9tlAVtQFtH32cTkA
73,2017,5,180,Brussels,50.8288974701756,4.380033076123692,Fs1yzN5wBdMOIKbsOzL-9Q,80,1,2833,5,7745,True,Fs1yzN5wBdMOIKbsOzL-9Q
680,2009,6,204,Brussels,50.83723520613478,4.363308353773121,noG2OkLJsPVWl8bIETzFEw,1387,1,3067,1,7746,True,noG2OkLJsPVWl8bIETzFEw
2445,2009,10,63,Brussels,50.86007055009859,4.33320257741789,Mj8E7oNJgKrZIHYVSETpiQ,1858,0,2184,5,7747,True,Mj8E7oNJgKrZIHYVSETpiQ
227,2009,8,312,Brussels,50.83070732492022,4.377773091642092,N1ccSuiBHbYJTCF20CtZ7g,1710,1,3068,1,7749,True,N1ccSuiBHbYJTCF20CtZ7g
1969,2014,9,112,Brussels,50.85407650529051,4.326287145181788,Ags4gEuKQTjXHWQa0FPFXg,968,0,1021,4,7750,True,Ags4gEuKQTjXHWQa0FPFXg
1689,2020,11,58,Brussels,50.84997759983139,4.357212722958375,prXgedvOsm1-F6AxIIIOqA,1204,0,1302,5,7754,True,prXgedvOsm1-F6AxIIIOqA
2960,2014,7,148,Brussels,50.8661933461316,4.38026492793656,hp759Ahy_qA3mH68fXxzUg,657,1,1981,6,7763,True,hp759Ahy_qA3mH68fXxzUg
2206,2019,5,358,Brussels,50.85715328267919,4.324207462141807,i2IJCe1RtSARU9hIrN9K0w,1913,0,2272,8,7765,True,i2IJCe1RtSARU9hIrN9K0w
2908,2009,4,106,Brussels,50.86604399838609,4.332225828426149,knUOFXJIWS0MFHbKWIdNig,214,1,3069,2,7768,True,knUOFXJIWS0MFHbKWIdNig
2231,2019,9,165,Brussels,50.85700252543537,4.352166375787379,OaMi82_NG2BDi8RJW8kl7g,1540,0,1716,11,7774,True,OaMi82_NG2BDi8RJW8kl7g
579,2009,4,266,Brussels,50.83593661001231,4.340188014545932,FxqW7verFpbdDJymDs3Ecg,327,1,3070,2,7775,True,FxqW7verFpbdDJymDs3Ecg
2919,2009,4,73,Brussels,50.86569482867084,4.340718305402086,n57NeUUvhMsziZbpjy-W7g,2154,1,3071,1,7777,True,n57NeUUvhMsziZbpjy-W7g
2918,2017,5,13,Brussels,50.86599787489333,4.339096104653436,b2OjIWl8bbEKSxU4bVHhZg,1592,0,1791,6,7779,True,b2OjIWl8bbEKSxU4bVHhZg
2710,2013,7,60,Brussels,50.86294725628326,4.366354359980735,ehAFOsN_uagXACeF5tuzlQ,1177,1,3072,2,7785,True,ehAFOsN_uagXACeF5tuzlQ
371,2014,7,29,Brussels,50.83292068152248,4.366448780153463,B1g93lRO6rOCKGIOm84MgQ,2209,1,3073,1,7792,True,B1g93lRO6rOCKGIOm84MgQ
1349,2017,5,293,Brussels,50.84643722061463,4.328636492972556,Kd94Jf-WFFjrS-ow2jW6pw,866,0,906,9,7799,True,Kd94Jf-WFFjrS-ow2jW6pw
1946,2011,3,317,Brussels,50.85296846767849,4.380244837318106,FjHPlWGm3bdTWMGqHTROhw,367,0,372,5,7802,True,FjHPlWGm3bdTWMGqHTROhw
1563,2009,3,290,Brussels,50.8493665154319,4.313852946915106,d8BsNf9i8cVPFdVbsTvB0w,305,1,3075,1,7806,True,d8BsNf9i8cVPFdVbsTvB0w
1876,2019,5,50,Brussels,50.85312854023701,4.314148661264947,THHHbxLAMRCI8SG_jfslvQ,2051,1,3000,3,7816,True,THHHbxLAMRCI8SG_jfslvQ
869,2013,6,29,Brussels,50.83969875702029,4.319111662835819,lZ2KjPXXhmE_x_u2Fq-Ptw,470,1,1475,3,7820,True,lZ2KjPXXhmE_x_u2Fq-Ptw
1823,2009,4,328,Brussels,50.85209784542113,4.336920246890393,nk6s6dWXw81HXVo8C3s8Qg,1837,0,2150,4,7821,True,nk6s6dWXw81HXVo8C3s8Qg
1684,2019,3,237,Brussels,50.85003477936961,4.352279774174886,a4XKNsJagwnW6Lq8WtcvBw,1310,0,1428,7,7826,True,a4XKNsJagwnW6Lq8WtcvBw
600,2014,10,100,Brussels,50.83581466569504,4.361398132252393,d0g-WhJSC_IJ-GzFZO1yiw,1818,0,2113,4,7827,True,d0g-WhJSC_IJ-GzFZO1yiw
167,2009,3,28,Brussels,50.8305792453476,4.318025088449721,iGNCA2MOf5Sw9fqFiHQUrw,855,0,895,4,7828,True,iGNCA2MOf5Sw9fqFiHQUrw
2638,2019,4,165,Brussels,50.86203384671028,4.36731075661909,PbR_7SAVYiR77W40OSYFdg,101,0,101,8,7829,True,PbR_7SAVYiR77W40OSYFdg
1795,2009,3,248,Brussels,50.85208621512326,4.310174244103868,2qJ0s62vLqv5ACTC6Vw-xQ,1618,1,3077,1,7832,True,2qJ0s62vLqv5ACTC6Vw-xQ
2541,2020,7,227,Brussels,50.86107433678743,4.357152629445753,v64SCYJ_l776mFLRlyXwjA,2210,0,2871,4,7847,True,v64SCYJ_l776mFLRlyXwjA
2822,2013,7,135,Brussels,50.86487910469764,4.321092681657055,XQ8VbNsIWbvOMK0EoaHnUA,2004,0,2449,5,7848,True,XQ8VbNsIWbvOMK0EoaHnUA
1553,2020,6,90,Brussels,50.84795296587432,4.377279968758792,CkJoeOhLJb6_wMZh7lCZ1Q,1874,0,2209,8,7853,True,CkJoeOhLJb6_wMZh7lCZ1Q
803,2019,5,179,Brussels,50.8389751537042,4.330085256120952,bz2Z5nfrHJQPWUxtZHrzyA,1847,0,2165,4,7855,True,bz2Z5nfrHJQPWUxtZHrzyA
2462,2010,10,309,Brussels,50.85996742690491,4.352231139414676,dtF-6qk4TJEgg-K6L2Nelg,846,0,884,3,7856,True,dtF-6qk4TJEgg-K6L2Nelg
2685,2019,5,1,Brussels,50.86324874939054,4.335711702844181,y2ePr0iJzaYEhvvLxhwbPQ,1284,1,2693,4,7857,True,y2ePr0iJzaYEhvvLxhwbPQ
1647,2020,11,267,Brussels,50.8498592144469,4.313042134554499,RrS24H3Isy-18XsvYV-1Bw,2208,0,2864,5,7860,True,RrS24H3Isy-18XsvYV-1Bw
2238,2014,7,244,Brussels,50.85700730561029,4.363119805372854,G9_CM7u24BWLJTRISQRKfQ,2065,0,2554,6,7866,True,G9_CM7u24BWLJTRISQRKfQ
2104,2013,7,14,Brussels,50.85519414599431,4.380749796393838,QIBsGQXVDGr7DM41zdk1WQ,1719,2,3079,1,7870,True,QIBsGQXVDGr7DM41zdk1WQ
792,2020,11,347,Brussels,50.83899961812637,4.319136798525741,Sj41hclOn4mBfqiSKTf76w,605,0,620,4,7871,True,Sj41hclOn4mBfqiSKTf76w
1490,2019,4,340,Brussels,50.84813041915825,4.313120102630233,_kXfFj9rNH7eUJLHTJpCFg,147,1,3081,2,7874,True,_kXfFj9rNH7eUJLHTJpCFg
1775,2019,5,208,Brussels,50.85100820929716,4.368300656869332,a1sLmyP_X6HDNx-plmhe1w,156,0,156,12,7876,True,a1sLmyP_X6HDNx-plmhe1w
1139,2019,9,344,Brussels,50.84294150972141,4.351242474484548,QzaBEwR40ZKYwWohPN1R3Q,1870,1,3082,1,7890,True,QzaBEwR40ZKYwWohPN1R3Q
978,2020,7,359,Brussels,50.84105770990755,4.349194750123901,10beawLEk295py2uIaF_lg,1537,0,1711,6,7893,True,10beawLEk295py2uIaF_lg
497,2020,10,81,Brussels,50.83473800345445,4.336621174981904,ZvcIGG35z5ds-AFC2fKSKw,480,0,491,8,7894,True,ZvcIGG35z5ds-AFC2fKSKw
1821,2020,7,181,Brussels,50.85208403466392,4.335714103618773,JvaV0NuMWCL3a6G-BR1nSA,466,0,477,7,7900,True,JvaV0NuMWCL3a6G-BR1nSA
1427,2020,11,29,Brussels,50.84643896477374,4.327900517057302,yFBrITaX37gWK6USKIvPvA,1424,0,1576,5,7901,True,yFBrITaX37gWK6USKIvPvA
713,2020,11,251,Brussels,50.83795633040005,4.318339423495076,mqLgPzKb2HU2ef1EaEdEMA,1940,0,2321,9,7904,True,mqLgPzKb2HU2ef1EaEdEMA
1731,2019,5,341,Brussels,50.85098988525861,4.320536943976179,lY2DkieybR0Bp1Q8cJqMYQ,1174,0,1266,4,7914,True,lY2DkieybR0Bp1Q8cJqMYQ
349,2014,7,183,Brussels,50.83333960927573,4.344422241987985,UVSjOklfyGX6ugjzchJZ7g,400,1,3084,1,7919,True,UVSjOklfyGX6ugjzchJZ7g
1901,2017,6,342,Brussels,50.85284427567426,4.342090704615284,xFd7DhEN_cimQ5--oJHuHA,52,0,52,6,7923,True,xFd7DhEN_cimQ5--oJHuHA
2548,2020,7,297,Brussels,50.86107647828556,4.362831576886986,e_OqGNeggk_fUoLzVgPNRQ,572,1,3085,2,7927,True,e_OqGNeggk_fUoLzVgPNRQ
1187,2014,9,290,Brussels,50.84354663774507,4.323147355374802,BZXz6OpnuCHvaJrrNWZvfA,1981,1,3086,2,7930,True,BZXz6OpnuCHvaJrrNWZvfA
2560,2009,8,93,Brussels,50.86093264653408,4.367754435531638,XQQ1w0PWKtKhtloBp1Boig,600,0,615,8,7934,True,XQQ1w0PWKtKhtloBp1Boig
256,2009,3,97,Brussels,50.83265276688793,4.329053611052644,7twhXL7MkUme_cuBMi8v3w,1012,0,1070,9,7937,True,7twhXL7MkUme_cuBMi8v3w
1291,2020,7,170,Brussels,50.84484149375967,4.352073612669688,n5P_KwTwzZG7ezIuKvkacg,2142,0,2709,6,7940,True,n5P_KwTwzZG7ezIuKvkacg
607,2013,7,189,Brussels,50.83592738636847,4.367218850314409,5oDk48uC7in-vXji5iH-aw,808,0,840,7,7942,True,5oDk48uC7in-vXji5iH-aw
1623,2009,4,159,Brussels,50.84901629877886,4.368130712008774,y8cgzOe3s10LfgB8eFGvpg,2071,2,3087,4,7943,True,y8cgzOe3s10LfgB8eFGvpg
2080,2020,7,282,Brussels,50.85497727771023,4.359212098337006,N0RCQrnKFoHrDgUy9WjsyA,1986,2,3088,1,7949,True,N0RCQrnKFoHrDgUy9WjsyA
2929,2019,3,161,Brussels,50.8662528859156,4.35132846997907,nt3ZJIDDWIZOt_3lBoyHDw,1868,0,2201,8,7951,True,nt3ZJIDDWIZOt_3lBoyHDw
1194,2009,4,200,Brussels,50.84401177262753,4.337222011433708,ii-97a8riKFaFvsOozGM4A,1559,0,1736,5,7956,True,ii-97a8riKFaFvsOozGM4A
1028,2013,6,223,Brussels,50.84199912272237,4.321153207307774,Bekes4qnX-8AfvpW3vi_Ww,1729,1,2053,3,7965,True,Bekes4qnX-8AfvpW3vi_Ww
2077,2020,7,92,Brussels,50.85502759954895,4.356191195220511,i3XBde2ocusOJsHKvVayRQ,1713,1,3090,2,7968,True,i3XBde2ocusOJsHKvVayRQ
593,2020,7,237,Brussels,50.8358071879896,4.35335984974616,we8cw9mnfZOAsvPBA0-f1g,1532,1,3091,1,7972,True,we8cw9mnfZOAsvPBA0-f1g
1240,2020,10,61,Brussels,50.84398357343048,4.376286232391179,hFczdEm_8H6lOV35s5dGyg,1665,0,1888,8,7973,True,hFczdEm_8H6lOV35s5dGyg
2084,2013,7,4,Brussels,50.85488250143962,4.360347434831038,vb21_0POXFb9l-yCK74l7g,1697,0,1928,4,7975,True,vb21_0POXFb9l-yCK74l7g
188,2013,7,235,Brussels,50.83103926679538,4.339092385501954,Om25MmVW79hWotB7cUxkrQ,2128,1,3092,2,7977,True,Om25MmVW79hWotB7cUxkrQ
2182,2009,4,177,Brussels,50.85595205451874,4.383208775241992,b2cZ0MGBp13nsMdw76dKYg,1904,2,3093,1,7989,True,b2cZ0MGBp13nsMdw76dKYg
2550,2009,6,243,Brussels,50.86087463668363,4.362745862286209,jzjcYdMKDzr1OCEwXxirrw,990,0,1044,4,7991,True,jzjcYdMKDzr1OCEwXxirrw
2504,2009,8,63,Brussels,50.86095945134598,4.31725564275931,1tDFSNCoBfdE6kCSDHhBKA,514,0,526,9,7994,True,1tDFSNCoBfdE6kCSDHhBKA
2648,2009,7,276,Brussels,50.86162155076727,4.383675045826121,CkCJWWy0NGpnaoa9C0qkoQ,2261,0,3096,4,7996,True,CkCJWWy0NGpnaoa9C0qkoQ
956,2009,4,13,Brussels,50.84073080031424,4.32755093405235,_jco4u6eyMt0jbNhfgQxdw,454,2,3097,1,8002,True,_jco4u6eyMt0jbNhfgQxdw
344,2013,6,34,Brussels,50.83299912949879,4.339144512464027,qQchDgv-c9uqbP6XqHLIdg,1455,0,1616,5,8009,True,qQchDgv-c9uqbP6XqHLIdg
1942,2020,6,41,Brussels,50.85290402935875,4.376274778517041,z_T8BEdHvltYI7kebuWcXw,1046,2,3100,1,8011,True,z_T8BEdHvltYI7kebuWcXw
2466,2020,7,156,Brussels,50.86002902764012,4.353141926669184,qhmI1Yk3J-dZUnfs3MpliQ,1235,1,3101,1,8018,True,qhmI1Yk3J-dZUnfs3MpliQ
553,2010,10,30,Brussels,50.83607099590962,4.314113325951777,l6VIW13prJYE50E68a8VUQ,1008,1,1491,4,8032,True,l6VIW13prJYE50E68a8VUQ
2083,2017,6,35,Brussels,50.85492731521001,4.363160204270588,1H3_461QG_yz0dJMtZefNA,1755,1,3103,1,8041,True,1H3_461QG_yz0dJMtZefNA
2813,2017,5,146,Brussels,50.86501839646436,4.311259133753643,f_P9hZ9RDVgkM5kuEj814A,207,0,209,5,8046,True,f_P9hZ9RDVgkM5kuEj814A
825,2009,4,230,Brussels,50.83897041840092,4.352230281009768,sov0ZpDbgnt1dCYZvaDGdw,1327,0,1450,5,8048,True,sov0ZpDbgnt1dCYZvaDGdw
2444,2020,7,205,Brussels,50.8597300620014,4.330955181917607,YiBwAt94o4Aaipmm6yEfVw,801,1,3104,1,8050,True,YiBwAt94o4Aaipmm6yEfVw
2902,2020,7,358,Brussels,50.86605594874833,4.324253609807139,x-v9UXCxnpjcX0VucR7iIw,289,0,293,9,8055,True,x-v9UXCxnpjcX0VucR7iIw
80,2017,5,100,Brussels,50.82986444019466,4.308861104669022,Ztkj319XXxRJ98lNPnSHjg,2046,0,2521,4,8061,True,Ztkj319XXxRJ98lNPnSHjg
2698,2009,4,272,Brussels,50.86312248326094,4.354763646034379,ySlINCggRWz3vA7MVO3Wuw,1213,1,3105,1,8064,True,ySlINCggRWz3vA7MVO3Wuw
475,2009,3,84,Brussels,50.83501296241737,4.314190650335601,K3Ce3E4-j-olKKa9WJD3Ww,1996,0,2431,4,8072,True,K3Ce3E4-j-olKKa9WJD3Ww
2396,2017,5,321,Brussels,50.85898867459866,4.362164997600374,HyDBaLUIRZkdVZH5oJh-qA,1521,0,1691,8,8080,True,HyDBaLUIRZkdVZH5oJh-qA
458,2009,4,345,Brussels,50.83361575729489,4.374215248063929,9zXqI56ew3wX1hsEw8Kmfw,659,1,1401,4,8081,True,9zXqI56ew3wX1hsEw8Kmfw
2663,2014,9,46,Brussels,50.86294758654676,4.316474433763556,Bdrg5Re5Jx9i-HTAPVoS_Q,1601,1,3106,1,8087,True,Bdrg5Re5Jx9i-HTAPVoS_Q
2285,2019,4,47,Brussels,50.85825116934706,4.330477237980658,zMNCFOoPLYplZkorkqkCjA,1909,2,3107,2,8088,True,zMNCFOoPLYplZkorkqkCjA
1972,2020,6,325,Brussels,50.8541059892515,4.328296231997311,jQfhiVBCpnwQbyStxvu8RQ,944,1,3094,3,8094,True,jQfhiVBCpnwQbyStxvu8RQ
2822,2014,9,319,Brussels,50.86489393740822,4.321114825170514,RfNBx6wCSdn-n6abHJYNoA,2004,1,3108,1,8109,True,RfNBx6wCSdn-n6abHJYNoA
1700,2009,4,149,Brussels,50.84993613590086,4.363183301443032,o4UpMKb3qkkf9qktwwNB6g,1038,0,1103,12,8111,True,o4UpMKb3qkkf9qktwwNB6g
2633,2017,5,86,Brussels,50.86200466840982,4.360238442893099,AIcifiD8YuA4P0q1Z2jjJw,1577,2,3109,3,8117,True,AIcifiD8YuA4P0q1Z2jjJw
756,2020,6,239,Brussels,50.83808278774198,4.36104361984225,us3C4xM3rssfq0B0VRllrA,690,0,710,7,8126,True,us3C4xM3rssfq0B0VRllrA
2474,2017,6,163,Brussels,50.8602067078002,4.364256896942239,djaQhnE-dMM_t3eZTdb14A,2264,0,3111,6,8131,True,djaQhnE-dMM_t3eZTdb14A
1835,2013,7,50,Brussels,50.8521137991636,4.353056391009252,wfF8ChaL_xNlktgIQXO3tA,110,1,3112,2,8133,True,wfF8ChaL_xNlktgIQXO3tA
391,2009,8,105,Brussels,50.83373765599859,4.308847880904129,-ShTm9H7xZ4wADl7QwCCZw,1186,0,1280,6,8134,True,-ShTm9H7xZ4wADl7QwCCZw
2759,2017,5,210,Brussels,50.86399898902509,4.33425948232082,jix42tOKjG29FnwPTkV3RQ,805,1,3113,1,8141,True,jix42tOKjG29FnwPTkV3RQ
1926,2013,7,173,Brussels,50.85318149214881,4.359428455928461,oGTsg9E89ztGgBPLh2GPZw,1122,1,3114,1,8143,True,oGTsg9E89ztGgBPLh2GPZw
74,2009,4,353,Brussels,50.82924620218753,4.381685408842174,Dx8fLFh55z2xTt1Te3VSug,668,1,2062,3,8146,True,Dx8fLFh55z2xTt1Te3VSug
2299,2009,10,79,Brussels,50.85786498643628,4.340390159385183,gwgXqTHiGmTugKNzb8lCow,1278,0,1391,7,8150,True,gwgXqTHiGmTugKNzb8lCow
2546,2020,7,149,Brussels,50.86121811294385,4.355361890295547,_hTH-gSJ7sdHRW7LdGPGKg,1228,0,1334,8,8151,True,_hTH-gSJ7sdHRW7LdGPGKg
264,2013,6,261,Brussels,50.83190291651695,4.337310217300561,lQ1lDLn9XW2YY87cC9b7Lg,724,1,3115,2,8155,True,lQ1lDLn9XW2YY87cC9b7Lg
603,2020,7,46,Brussels,50.83593635286058,4.364255856538299,PZjPBdb0lDvQ7YTvVqKuZg,1829,0,2136,8,8162,True,PZjPBdb0lDvQ7YTvVqKuZg
2670,2019,5,202,Brussels,50.86294565862219,4.327263083440503,vC-JySyfqgrN0HtbsTqw_A,1389,1,3116,1,8166,True,vC-JySyfqgrN0HtbsTqw_A
1491,2017,5,198,Brussels,50.84853520015702,4.317998273734891,iDHdkRK0x_-4RZgjCGkYfQ,1147,1,3117,1,8170,True,iDHdkRK0x_-4RZgjCGkYfQ
2481,2018,5,2,Brussels,50.86004359483709,4.371129440951272,hWe5ea2OfLoO7qQLKeQkdw,190,0,191,5,8172,True,hWe5ea2OfLoO7qQLKeQkdw
246,2009,4,7,Brussels,50.83195281202131,4.318990728611906,B7ocyRKRLp1AhsIkchT_0w,2219,0,2895,4,8174,True,B7ocyRKRLp1AhsIkchT_0w
649,2009,9,122,Brussels,50.83673186578556,4.332661408714267,6TC-tDK7Elrv1vb2nlRfsg,568,0,583,5,8178,True,6TC-tDK7Elrv1vb2nlRfsg
816,2009,4,123,Brussels,50.83905040274334,4.343105851358805,nZEhemtSaa27dRDeVUm26A,820,0,855,7,8181,True,nZEhemtSaa27dRDeVUm26A
2382,2020,6,205,Brussels,50.85894437571977,4.351350747988216,76B0Ei0JcYD3JTUrFR2M0g,1556,1,1745,4,8184,True,76B0Ei0JcYD3JTUrFR2M0g
2165,2009,4,155,Brussels,50.85583270833747,4.366092251524985,zsm5xsql8we33pFtgHm5Qg,1884,2,3118,1,8185,True,zsm5xsql8we33pFtgHm5Qg
2093,2014,7,116,Brussels,50.85499197041836,4.367305199600322,iaXQ_U50AK3Gh7mvytSTRA,1784,1,3119,2,8187,True,iaXQ_U50AK3Gh7mvytSTRA
108,2010,10,133,Brussels,50.8299465700144,4.337516059905466,r6qGE_SWZqCo8QqeHwj6uQ,1529,0,1701,5,8202,True,r6qGE_SWZqCo8QqeHwj6uQ
2530,2013,7,7,Brussels,50.86088359361467,4.341212851951094,8qFSmCzb1rCc5UXvlB2dig,1681,0,1907,6,8210,True,8qFSmCzb1rCc5UXvlB2dig
2874,2009,6,132,Brussels,50.86471542083185,4.378693047761132,yfpZkvcIGNhuTUTBDdexoQ,2020,0,2479,3,8212,True,yfpZkvcIGNhuTUTBDdexoQ
2729,2013,7,299,Brussels,50.86268620368841,4.382081780111044,dKunRgFJdfSYGWgfalk-yg,1166,2,3120,1,8218,True,dKunRgFJdfSYGWgfalk-yg
264,2009,4,292,Brussels,50.83192349495931,4.337294788620559,Lq72ncPVsai6wf5ah47wNA,724,2,3121,1,8224,True,Lq72ncPVsai6wf5ah47wNA
2634,2013,7,301,Brussels,50.8621675628416,4.368139085048442,l2jbVNNDBKgFMknO6gq_eg,1512,0,1680,4,8229,True,l2jbVNNDBKgFMknO6gq_eg
2505,2019,5,168,Brussels,50.8610877123625,4.314842130362065,7yIjPZqJKX1Hwn84opWbvQ,949,0,1001,4,8232,True,7yIjPZqJKX1Hwn84opWbvQ
546,2013,6,339,Brussels,50.83598268068911,4.307121843794309,mrALxqehegr85EEMYxoiAg,972,1,3047,3,8242,True,mrALxqehegr85EEMYxoiAg
1237,2009,4,74,Brussels,50.8438907146148,4.374615747406115,cA6_iaj7rDYvEfdeomnuMw,1611,0,1822,6,8247,True,cA6_iaj7rDYvEfdeomnuMw
1778,2013,7,185,Brussels,50.85108730782111,4.367161014673275,E4O29SSk6x8xG0dFVoMQlw,91,0,91,5,8253,True,E4O29SSk6x8xG0dFVoMQlw
2961,2019,3,270,Brussels,50.86565330573112,4.383460060240096,lMPptZmMtb0lu0M4hrocMg,1506,2,3123,2,8256,True,lMPptZmMtb0lu0M4hrocMg
762,2014,7,119,Brussels,50.83802096251664,4.36688934360357,pm2WOojuLGYw3q_JWVSEqg,2056,0,2540,7,8260,True,pm2WOojuLGYw3q_JWVSEqg
1703,2019,10,72,Brussels,50.84998886220683,4.373038736077444,w27ztCSmlc7fxNlSAiqgEw,133,0,133,4,8266,True,w27ztCSmlc7fxNlSAiqgEw
2871,2019,4,327,Brussels,50.86491837538264,4.36733474542464,aGgbbottFtXonIfrQcM7tA,358,1,3126,1,8275,True,aGgbbottFtXonIfrQcM7tA
1455,2019,3,344,Brussels,50.84702153938262,4.35699345130647,Lgje_rvRF_cACtoWCEAoVg,1231,1,3020,6,8279,True,Lgje_rvRF_cACtoWCEAoVg
2939,2009,6,12,Brussels,50.86605789932378,4.356115086833543,-_IpDLuMjrvNEbQiuz1ZtA,63,0,63,5,8282,True,-_IpDLuMjrvNEbQiuz1ZtA
2033,2014,9,341,Brussels,50.85482260905829,4.307058317014688,iDoBWmtryYDIpCgaA_qRnw,352,0,357,8,8284,True,iDoBWmtryYDIpCgaA_qRnw
1692,2019,4,358,Brussels,50.84982845237018,4.363180224156578,JfL30E8dPrqkQCFUrl5yQw,1038,1,3127,1,8287,True,JfL30E8dPrqkQCFUrl5yQw
2039,2009,3,349,Brussels,50.85502025768162,4.317543419431579,kAyTUPp6IQCiWhyETRmiKw,1376,3,3128,1,8289,True,kAyTUPp6IQCiWhyETRmiKw
625,2009,3,264,Brussels,50.83714510800267,4.308065906657301,v_oiNEJ-fIpwTWAFE3OWjQ,1574,1,3129,3,8292,True,v_oiNEJ-fIpwTWAFE3OWjQ
166,2014,8,242,Brussels,50.83094260339744,4.317038581405642,s-kPsLfAFKm8ZsMnq75dAw,1636,1,1994,4,8293,True,s-kPsLfAFKm8ZsMnq75dAw
2837,2010,10,264,Brussels,50.86489150038047,4.336134278194745,TAJchPdGSyWnZpLGnf15bQ,1779,2,3130,3,8295,True,TAJchPdGSyWnZpLGnf15bQ
396,2009,3,16,Brussels,50.83342227994064,4.311627362613777,jHlcoOs2hkYlp4x_qDEnGg,2179,3,3131,2,8296,True,jHlcoOs2hkYlp4x_qDEnGg
1271,2009,4,273,Brussels,50.84545637607535,4.331950160503213,NUCZW2ojsQugBvyZSUukoQ,654,2,3132,1,8302,True,NUCZW2ojsQugBvyZSUukoQ
2515,2017,5,54,Brussels,50.86125965677259,4.326433619721517,qFk36ZiMX8A8JKtA5XPX4Q,1195,1,3133,1,8306,True,qFk36ZiMX8A8JKtA5XPX4Q
1424,2013,6,205,Brussels,50.84712848709566,4.324384407237511,wqTWA8ou3zMAd6U7MVu3OQ,672,1,3134,1,8308,True,wqTWA8ou3zMAd6U7MVu3OQ
1159,2009,4,276,Brussels,50.84301665874832,4.371172299009745,brXj3P3T4oCMIaE8v80-LA,651,0,668,5,8311,True,brXj3P3T4oCMIaE8v80-LA
306,2019,4,268,Brussels,50.83205965899793,4.379316589712259,jczIvgV1YJA8JHIs9Ft5uw,2121,0,2676,6,8318,True,jczIvgV1YJA8JHIs9Ft5uw
2184,2017,5,83,Brussels,50.85723353501285,4.310513115809212,HCz7OKQXluj8flVsfjqOYg,849,1,3135,1,8319,True,HCz7OKQXluj8flVsfjqOYg
469,2009,3,11,Brussels,50.83490818092243,4.308086071441802,4MexDy-DKsto36EFH6SYfQ,1741,2,3136,1,8323,True,4MexDy-DKsto36EFH6SYfQ
2266,2013,10,272,Brussels,50.85807876587003,4.310924120594334,Yq7rjNfdo8uaeHPWvMQd7w,831,0,868,4,8324,True,Yq7rjNfdo8uaeHPWvMQd7w
848,2013,7,16,Brussels,50.838883735524,4.37548917354045,aODC_qdpruFmy7QSS3wPcg,1662,1,3137,1,8326,True,aODC_qdpruFmy7QSS3wPcg
167,2009,8,45,Brussels,50.83057443783618,4.318123343701916,nWRIL3bk68tIB-A4FFYmOg,855,2,3138,1,8329,True,nWRIL3bk68tIB-A4FFYmOg
2591,2009,3,49,Brussels,50.86207075268246,4.323226500876745,KLc5csY-whcBGPu_sDqQWQ,1219,0,1320,8,8331,True,KLc5csY-whcBGPu_sDqQWQ
877,2009,8,115,Brussels,50.84018818836635,4.326018688524607,Y7si9vVhr0kWRgM4uRdi_g,449,0,460,4,8332,True,Y7si9vVhr0kWRgM4uRdi_g
1615,2020,11,265,Brussels,50.84908584080306,4.364210648805339,AG61w2o_WHGkHCwbvMi7EQ,710,0,735,6,8334,True,AG61w2o_WHGkHCwbvMi7EQ
1602,2014,7,197,Brussels,50.84898180548927,4.348042803964568,DYOO86GZYFvJK5W5z9nlIA,1882,2,3139,2,8338,True,DYOO86GZYFvJK5W5z9nlIA
110,2019,3,209,Brussels,50.82992808061009,4.339198903414214,bHqrwnYZPgYEtloH2ThLPg,1799,0,2087,4,8340,True,bHqrwnYZPgYEtloH2ThLPg
2739,2014,9,58,Brussels,50.86401095787779,4.314076839650798,53J2Z4v95nta-iFSfbNXXw,1561,2,3140,2,8345,True,53J2Z4v95nta-iFSfbNXXw
318,2019,5,35,Brussels,50.83315124871717,4.31292864137316,wAVj6JbEGyKcHsI0ZP8MRw,1421,1,2331,3,8349,True,wAVj6JbEGyKcHsI0ZP8MRw
2151,2009,4,177,Brussels,50.8559206614051,4.352551125994927,ah888a7oyIJecPrlg5_C1g,498,1,2418,5,8357,True,ah888a7oyIJecPrlg5_C1g
1416,2009,3,45,Brussels,50.84719263382522,4.322293685657701,UPoug9rSAR-w5Sxqaw6aEg,484,0,495,4,8361,True,UPoug9rSAR-w5Sxqaw6aEg
158,2013,6,342,Brussels,50.83105218387152,4.309221731172802,uDSaorb91f4dnV3gxN3vnw,187,0,188,4,8362,True,uDSaorb91f4dnV3gxN3vnw
1737,2019,4,22,Brussels,50.85096356496673,4.328244716460498,BedsgRKd04Iqa_ADauzphw,2230,1,3142,2,8387,True,BedsgRKd04Iqa_ADauzphw
226,2019,4,299,Brussels,50.83108421558993,4.377357287047042,XE46TvEsj1CCnnfPf8IAeA,2249,0,3022,3,8403,True,XE46TvEsj1CCnnfPf8IAeA
2085,2020,6,230,Brussels,50.85507028707774,4.365195186145389,CU3LkzgYl3VopKWH7snJOA,347,0,352,7,8404,True,CU3LkzgYl3VopKWH7snJOA
1047,2009,6,166,Brussels,50.84185513996761,4.337329328806686,jYJDbYS6yzFrqIyEgpJGRA,704,0,726,5,8407,True,jYJDbYS6yzFrqIyEgpJGRA
2210,2009,10,109,Brussels,50.85694260903676,4.330171096765527,SYqk1nV-qrAjjly_u03Ndg,930,2,3143,2,8409,True,SYqk1nV-qrAjjly_u03Ndg
1019,2014,9,164,Brussels,50.84228649024117,4.310707842791548,Sc87kcRhOHG91BRDbe4bGg,1947,1,3144,3,8411,True,Sc87kcRhOHG91BRDbe4bGg
498,2020,7,291,Brussels,50.83499042614992,4.337140545445287,D7rmLPf13RjhZH8WPJoTIg,1899,0,2249,10,8413,True,D7rmLPf13RjhZH8WPJoTIg
1970,2013,10,325,Brussels,50.85437879047241,4.330163786770147,GG0O9Jcakj-33pVaX7ui6w,1250,1,3145,1,8426,True,GG0O9Jcakj-33pVaX7ui6w
805,2009,3,341,Brussels,50.8390763989292,4.332245998210023,gvqHw8nk98Pfj1N44A-b1g,1445,0,1600,7,8428,True,gvqHw8nk98Pfj1N44A-b1g
2511,2013,10,59,Brussels,50.86116677810354,4.318952928535738,pgEqBjKQJ3twiXS-N9CXRA,1320,0,1441,6,8438,True,pgEqBjKQJ3twiXS-N9CXRA
2909,2009,4,287,Brussels,50.86611686457313,4.329426412357924,w5EE2lL8Mv5lBT5GypKNUw,906,1,3146,2,8444,True,w5EE2lL8Mv5lBT5GypKNUw
2310,2019,3,124,Brussels,50.85794776743937,4.353201379884193,Yn1h3jR6u9MmqUnGAG9FJg,1404,1,3018,3,8451,True,Yn1h3jR6u9MmqUnGAG9FJg
2297,2013,7,171,Brussels,50.85776107969935,4.343443833672483,HYE91EkpqnDXMj03g_QXdw,1110,0,1191,5,8452,True,HYE91EkpqnDXMj03g_QXdw
967,2014,7,102,Brussels,50.84076878900232,4.338191421468252,owzBmB2B_eNGW8hq30Q0VA,2153,0,2727,5,8455,True,owzBmB2B_eNGW8hq30Q0VA
1342,2010,10,227,Brussels,50.84585016268133,4.323964609342452,Rv1I2WkgQoLQ7GOcFKuwdw,2131,1,2838,3,8458,True,Rv1I2WkgQoLQ7GOcFKuwdw
2166,2020,11,147,Brussels,50.85597110624165,4.367236310073448,T207ZM_9lIGmyZD7jrePlw,1258,0,1366,8,8460,True,T207ZM_9lIGmyZD7jrePlw
645,2013,6,62,Brussels,50.83687333832611,4.328455059142461,Q2wBhEcoJRbiJVbVKLGshA,1649,0,1867,4,8466,True,Q2wBhEcoJRbiJVbVKLGshA
2716,2017,6,26,Brussels,50.86306031332004,4.372851157456387,X7mXNDMwVsAMPEMckMwqHA,1754,0,2014,8,8468,True,X7mXNDMwVsAMPEMckMwqHA
579,2017,6,73,Brussels,50.83596206567791,4.340246022354275,L2tw3eXGU8MlPHFi7GcTKQ,327,0,331,3,8475,True,L2tw3eXGU8MlPHFi7GcTKQ
2053,2013,7,21,Brussels,50.85499484587464,4.328282099209996,vlIk7X428w2RxreAu8SAPw,1707,0,1946,4,8481,True,vlIk7X428w2RxreAu8SAPw
976,2014,7,243,Brussels,50.84099684260983,4.347162468562462,AWnkCRb9uchdX_SL757OAA,434,2,3148,1,8486,True,AWnkCRb9uchdX_SL757OAA
1796,2019,5,219,Brussels,50.85207219845199,4.311451743612023,riYsF3i5FYVRhA95-MGwVA,2008,0,2455,5,8487,True,riYsF3i5FYVRhA95-MGwVA
1447,2014,7,341,Brussels,50.84705517613882,4.347087082873295,tWCTTwHzONjPVScR5Db4WA,1047,0,1114,5,8490,True,tWCTTwHzONjPVScR5Db4WA
866,2009,3,359,Brussels,50.83995909946339,4.315333997594169,DpyvGqGMCjlvwK4Dr3J2pA,2139,1,3149,1,8492,True,DpyvGqGMCjlvwK4Dr3J2pA
1484,2013,6,295,Brussels,50.84788569348505,4.310263327753655,nsJeza_LMnV2rgTqO3jMfg,1180,1,2576,3,8495,True,nsJeza_LMnV2rgTqO3jMfg
2319,2009,6,118,Brussels,50.85810599344771,4.359510037110931,2UT4hqPCxuEUP7EaFvFPyA,390,0,395,5,8497,True,2UT4hqPCxuEUP7EaFvFPyA
1794,2020,11,91,Brussels,50.85178566450551,4.311911560942158,dNcDRkacF8PFAIe3KoEoIA,1860,0,2188,5,8500,True,dNcDRkacF8PFAIe3KoEoIA
1978,2009,4,242,Brussels,50.85394209321944,4.335245168141868,VYSGTtydn1vjTE1gmiE8lg,1890,0,2233,6,8501,True,VYSGTtydn1vjTE1gmiE8lg
1752,2014,7,103,Brussels,50.85095073118215,4.343212961425917,l6pN8ECVASXYHXhrfyiMfQ,527,0,539,7,8504,True,l6pN8ECVASXYHXhrfyiMfQ
1385,2020,6,143,Brussels,50.84587793919604,4.367220354163466,2SKZ0DigrxP67rB5Sdc6UQ,458,0,469,9,8506,True,2SKZ0DigrxP67rB5Sdc6UQ
2431,2019,5,31,Brussels,50.86004055303206,4.321233367023919,X1JPZob2XmCP0C7K-os_uQ,2253,1,3150,1,8513,True,X1JPZob2XmCP0C7K-os_uQ
2463,2014,7,30,Brussels,50.85996561173265,4.355220387321693,9lzbe0udx2tYoWMxYDJMMQ,2096,1,3151,2,8514,True,9lzbe0udx2tYoWMxYDJMMQ
1939,2019,4,254,Brussels,50.85298531389583,4.37417516295815,gKVsUKEzbHmcqIc9NYVbcg,58,0,58,7,8520,True,gKVsUKEzbHmcqIc9NYVbcg
536,2019,4,218,Brussels,50.83504445188018,4.375518320758191,1fR6BZq7qAs-kShvSOtdzQ,2138,1,3154,1,8538,True,1fR6BZq7qAs-kShvSOtdzQ
164,2013,7,175,Brussels,50.83104376897093,4.315084498885444,7qxTlOEgPNFfPUwwvj4WMA,268,0,272,5,8540,True,7qxTlOEgPNFfPUwwvj4WMA
130,2009,4,179,Brussels,50.82993677855862,4.359062832546147,YMAMm_LGBJcx6bwM0dP7nw,1381,0,1522,4,8545,True,YMAMm_LGBJcx6bwM0dP7nw
1015,2013,6,346,Brussels,50.84193749018899,4.310225932284401,069Dh0R_x3rSPh52K8O4sQ,2268,0,3155,5,8548,True,069Dh0R_x3rSPh52K8O4sQ
1879,2013,10,354,Brussels,50.85305850548434,4.312502266851337,vnHshrVTJ6I6ukLJRr1YJA,1798,0,2086,4,8549,True,vnHshrVTJ6I6ukLJRr1YJA
1230,2009,8,65,Brussels,50.84390721203501,4.367442967510206,QloBF1pq5BCfkXGp0ONbcg,1733,0,1980,4,8550,True,QloBF1pq5BCfkXGp0ONbcg
858,2009,3,257,Brussels,50.83981967835633,4.30748868625154,5AbECm30ORG1mZa6zeKJng,824,0,860,5,8551,True,5AbECm30ORG1mZa6zeKJng
697,2017,5,112,Brussels,50.83707526789102,4.380004710766922,DSqfO9YiKm99YRUGPDQAQA,1274,1,1838,4,8552,True,DSqfO9YiKm99YRUGPDQAQA
1155,2020,6,194,Brussels,50.84307113255558,4.371698413501633,RpjThGgRGrH-N_iZt6jVng,249,0,252,7,8553,True,RpjThGgRGrH-N_iZt6jVng
2257,2019,4,172,Brussels,50.85714129902748,4.380034505906964,oD1ME1Bcxg01q_xfnuwudg,1709,1,3156,1,8558,True,oD1ME1Bcxg01q_xfnuwudg
419,2017,5,85,Brussels,50.83404734285968,4.335964454544871,QspZ2mk4c0pJr4lpdZbsXg,1063,0,1133,11,8559,True,QspZ2mk4c0pJr4lpdZbsXg
1616,2013,7,271,Brussels,50.84887838836639,4.363419899097321,VB1PqZfOpUzCND3k20CkyA,1107,0,1186,9,8560,True,VB1PqZfOpUzCND3k20CkyA
513,2019,3,288,Brussels,50.834922885603,4.352253291134265,yvm1C_nv8QUvuZC3tM8XdQ,592,0,607,8,8561,True,yvm1C_nv8QUvuZC3tM8XdQ
2093,2019,4,280,Brussels,50.85495471202992,4.367283609532927,o2MPob0XlzItIJ2LvVY53A,1784,2,3157,2,8571,True,o2MPob0XlzItIJ2LvVY53A
449,2009,8,36,Brussels,50.83377065163484,4.365837452448852,X-sq80tsFlpNzZk_Zr9bbA,1397,1,3158,1,8574,True,X-sq80tsFlpNzZk_Zr9bbA
127,2014,7,187,Brussels,50.82998077566206,4.355987605904248,puqMcy5S0J1avoOjgtRTyA,1744,0,2001,8,8578,True,puqMcy5S0J1avoOjgtRTyA
2060,2020,6,221,Brussels,50.85503030927066,4.339015419653388,WGEgCu2U4XsU35R5kxfewg,2166,1,3159,2,8581,True,WGEgCu2U4XsU35R5kxfewg
1193,2020,7,4,Brussels,50.84427885877587,4.324862353373226,Fsoo9MA_ZEKxL7cmcU_ong,1752,0,2012,4,8583,True,Fsoo9MA_ZEKxL7cmcU_ong
2667,2009,8,122,Brussels,50.86266722867467,4.325329958210451,FnxXhJ7wXk6NQ9_f6lMaFg,1584,0,1776,5,8586,True,FnxXhJ7wXk6NQ9_f6lMaFg
1489,2019,5,300,Brussels,50.84796825920717,4.315265737596233,mNLQVKKvGgaMop2BnDTvKw,1745,0,2004,5,8601,True,mNLQVKKvGgaMop2BnDTvKw
1558,2017,5,119,Brussels,50.84797910857311,4.382294557521357,uWRxDV8WlZzTfUDpJN2qeQ,1564,0,1743,6,8602,True,uWRxDV8WlZzTfUDpJN2qeQ
2239,2013,6,147,Brussels,50.85708755005826,4.361893756389538,QVNPpqrd504Jqm3Bb26RFA,1549,2,3160,2,8607,True,QVNPpqrd504Jqm3Bb26RFA
1739,2017,6,187,Brussels,50.85078913717727,4.325920807213262,NULpdMHA4vg0Nc1t9_Fo5g,788,0,819,6,8609,True,NULpdMHA4vg0Nc1t9_Fo5g
799,2010,10,164,Brussels,50.83899525556732,4.326008561973556,_nMp3t7RhagVPjUCd6eiIg,1072,0,1143,3,8611,True,_nMp3t7RhagVPjUCd6eiIg
1112,2019,5,130,Brussels,50.84328234345958,4.323512841525478,JHUpEhk103FV1YsNYpnAdQ,64,1,446,7,8615,True,JHUpEhk103FV1YsNYpnAdQ
1927,2020,11,36,Brussels,50.85292103742773,4.363130096893383,E6fNxKsO5RvzdFRUbTfimQ,753,1,3161,1,8616,True,E6fNxKsO5RvzdFRUbTfimQ
1556,2013,7,51,Brussels,50.84784030498761,4.384554460711072,f8hj9wDo9yWFtL_qwbhvSg,168,1,1043,4,8620,True,f8hj9wDo9yWFtL_qwbhvSg
782,2013,6,145,Brussels,50.83902974567484,4.309201437551297,urSRs-60-86kQUC6UiDYWw,2269,0,3162,5,8622,True,urSRs-60-86kQUC6UiDYWw
700,2009,4,81,Brussels,50.83670409233355,4.383250136140915,Kjs17BNvGuZmrv7dHZWfDA,447,0,458,4,8626,True,Kjs17BNvGuZmrv7dHZWfDA
2925,2014,7,279,Brussels,50.86612972982431,4.341782629211543,UC_Romna4WQKpsfno47LaQ,2030,0,2493,5,8628,True,UC_Romna4WQKpsfno47LaQ
1869,2019,9,34,Brussels,50.85225109409846,4.382957956442326,pMHf248R4gzd-OGWwwZ0UQ,545,0,559,7,8630,True,pMHf248R4gzd-OGWwwZ0UQ
1944,2009,5,319,Brussels,50.85290538423722,4.377223885847861,tyJEcWO68wRstqGG9eztRw,403,1,3163,4,8635,True,tyJEcWO68wRstqGG9eztRw
1985,2020,6,353,Brussels,50.85404621337106,4.340309866724878,nVxMnViRCxezXJWuM446yQ,2160,0,2743,4,8637,True,nVxMnViRCxezXJWuM446yQ
1673,2013,7,39,Brussels,50.84990065371358,4.340939254541592,xqSnU8yFy-pDS94XSP-yxQ,1062,0,1131,6,8639,True,xqSnU8yFy-pDS94XSP-yxQ
2090,2019,10,217,Brussels,50.85491569965558,4.369199225654595,Ctt7BhL35HXLKgaXH8_wKw,570,0,585,6,8642,True,Ctt7BhL35HXLKgaXH8_wKw
1123,2013,7,185,Brussels,50.84300534686188,4.340219577801574,k-N0JdEEp9beLqKT56sWcQ,1698,0,1929,3,8644,True,k-N0JdEEp9beLqKT56sWcQ
2102,2020,6,88,Brussels,50.85517432048473,4.384560425170574,sV30tydGdFfOHbUHKV5e-Q,2233,1,3023,3,8646,True,sV30tydGdFfOHbUHKV5e-Q
2468,2014,7,207,Brussels,50.86003362028817,4.356954872648073,jvaXOPfJdBKRi2l4FLuBdA,1614,0,1825,8,8647,True,jvaXOPfJdBKRi2l4FLuBdA
308,2019,9,311,Brussels,50.83186800130748,4.381509941015431,cxQJZ65tZsWSZ4g_SV5mYg,238,0,241,6,8654,True,cxQJZ65tZsWSZ4g_SV5mYg
2801,2013,7,202,Brussels,50.86416070359557,4.38529746567756,uStxtv1Wul1Q4j7xME8IFQ,2247,1,3164,1,8657,True,uStxtv1Wul1Q4j7xME8IFQ
1725,2019,5,5,Brussels,50.85071910507492,4.314867971037807,8Wgrsx5tTK3RSOF9j--MLw,1360,1,3165,1,8659,True,8Wgrsx5tTK3RSOF9j--MLw
1754,2019,3,267,Brussels,50.85097496419853,4.345288505957532,AhUbsTo2PDBeSJX3Pl-zJw,1885,2,2907,3,8662,True,AhUbsTo2PDBeSJX3Pl-zJw
2528,2013,7,32,Brussels,50.86142632055066,4.344910809013679,S5plj_Ys_RGRCw_Nd99RVw,1217,0,1316,5,8665,True,S5plj_Ys_RGRCw_Nd99RVw
674,2019,4,130,Brussels,50.83696696776733,4.357158157537148,IXSqiNtkdqjXs8RrvDnwPA,2197,1,3166,2,8668,True,IXSqiNtkdqjXs8RrvDnwPA
1889,2017,5,62,Brussels,50.85306430729759,4.325406086693594,C4_5XrEK1MJE5jQnqs0GWg,1344,1,2671,6,8669,True,C4_5XrEK1MJE5jQnqs0GWg
1585,2019,4,356,Brussels,50.84902997796392,4.334137378614118,YhqXA-T_ZHU7uVrczUmu2g,642,0,658,8,8674,True,YhqXA-T_ZHU7uVrczUmu2g
284,2020,6,136,Brussels,50.8320580306036,4.356700821247344,gVy-xm-csew-sENm3i4HiQ,61,4,3168,1,8675,True,gVy-xm-csew-sENm3i4HiQ
1922,2014,7,283,Brussels,50.85268727798018,4.36081720989616,xD3rPQlKfxv3Dt-xzAhHBA,43,0,43,6,8677,True,xD3rPQlKfxv3Dt-xzAhHBA
1100,2013,6,52,Brussels,50.84286456062581,4.311419801404302,EsTBMhJ8HgNIp93GwFJC9g,416,0,422,4,8683,True,EsTBMhJ8HgNIp93GwFJC9g
312,2009,3,75,Brussels,50.833260434709,4.307715572108082,RZJ9JFqKGbNtvCVE39AHog,1514,1,3170,1,8685,True,RZJ9JFqKGbNtvCVE39AHog
1039,2009,3,311,Brussels,50.84137819007014,4.32892116941648,ZnUdQYuULpyKOQptqgl6TQ,1794,0,2082,3,8688,True,ZnUdQYuULpyKOQptqgl6TQ
1406,2009,4,41,Brussels,50.84629859557867,4.384199124016023,df9dUdPxWO6G4FiBGBiIxg,1447,0,1603,10,8691,True,df9dUdPxWO6G4FiBGBiIxg
2219,2009,6,122,Brussels,50.8570017067881,4.339162656465866,rh-95y3GG83Ou2FUkKoHAQ,333,0,337,7,8694,True,rh-95y3GG83Ou2FUkKoHAQ
1209,2017,5,58,Brussels,50.84396892988936,4.347301413653917,15RfGgkM2Tkd-aeeMTijhg,2237,1,3171,2,8704,True,15RfGgkM2Tkd-aeeMTijhg
1536,2017,5,69,Brussels,50.84826151196776,4.360093374979264,m6RuygdM4zeiEYO48nC7-w,85,0,85,5,8705,True,m6RuygdM4zeiEYO48nC7-w
2342,2017,5,165,Brussels,50.85921154485771,4.307934968387517,1AybMiWutifcaOS_vpJeeQ,107,0,107,5,8710,True,1AybMiWutifcaOS_vpJeeQ
2018,2020,11,330,Brussels,50.85399455535698,4.376250119460266,g7h4uqpm8XMFgQLjBT6Rtg,2243,1,3172,1,8716,True,g7h4uqpm8XMFgQLjBT6Rtg
1520,2020,6,259,Brussels,50.84799557133238,4.344271362592533,NhP6aP_mJjWHYg7fZNB38Q,802,0,833,5,8717,True,NhP6aP_mJjWHYg7fZNB38Q
1688,2014,7,288,Brussels,50.85011284414431,4.361122542556378,jP7aziaswZcPvojsCS0LFg,871,0,911,5,8726,True,jP7aziaswZcPvojsCS0LFg
2635,2009,6,298,Brussels,50.86195911273104,4.370425847968853,PkBSGKB8rm7Tk1EQ5Xtmiw,76,0,76,3,8727,True,PkBSGKB8rm7Tk1EQ5Xtmiw
2722,2017,6,210,Brussels,50.86300747393274,4.377568572662705,-p4XsxKTiI88Ke9gQ4FSPw,1016,3,3173,1,8728,True,-p4XsxKTiI88Ke9gQ4FSPw
226,2009,8,120,Brussels,50.831095525011,4.377299244229212,CccTuZISzX1pyujhUNBpUA,2249,1,3174,2,8732,True,CccTuZISzX1pyujhUNBpUA
864,2019,5,212,Brussels,50.84004577573607,4.313116333574237,P9DGtZh6odG_rwpwVN1iTQ,97,1,3175,1,8733,True,P9DGtZh6odG_rwpwVN1iTQ
592,2009,6,252,Brussels,50.83609051193114,4.354028734304238,G8Ou7LCVtBsbpBLwbQYjfg,2039,2,3176,2,8734,True,G8Ou7LCVtBsbpBLwbQYjfg
2738,2013,7,109,Brussels,50.86395212878118,4.316635483362151,pAOZDAdizvr0yAysMlBPDg,14,2,3177,2,8742,True,pAOZDAdizvr0yAysMlBPDg
2876,2020,7,13,Brussels,50.86507854266817,4.373962058879215,Isxe9e22trrZEgp9Jp-RLw,1079,1,3178,1,8752,True,Isxe9e22trrZEgp9Jp-RLw
375,2019,3,29,Brussels,50.83290699713635,4.370062607722152,EQanK_zfPRQj6AklaAd8VQ,228,0,231,5,8757,True,EQanK_zfPRQj6AklaAd8VQ
2873,2017,5,283,Brussels,50.86486569126254,4.370192164730365,mhZOD_og3u4_S8FxtufW_Q,257,0,260,4,8758,True,mhZOD_og3u4_S8FxtufW_Q
1021,2019,5,297,Brussels,50.84235606284408,4.315060593144611,0DHEtDflZEKewl0qQ6v8VA,55,0,55,3,8762,True,0DHEtDflZEKewl0qQ6v8VA
684,2019,3,90,Brussels,50.83706753701662,4.366949848818666,6_aQhiR_ox5j17h0O3VTMA,838,0,876,8,8768,True,6_aQhiR_ox5j17h0O3VTMA
1343,2009,8,217,Brussels,50.84560709188519,4.32273131439153,W1vgN1vhPgh_nxn7TO219Q,606,0,621,3,8769,True,W1vgN1vhPgh_nxn7TO219Q
1298,2019,9,260,Brussels,50.84503818660899,4.357096700419086,gi0qvxBDMWwuBQ7f-hdGbw,877,1,1793,3,8770,True,gi0qvxBDMWwuBQ7f-hdGbw
2762,2013,7,20,Brussels,50.86376381087714,4.343007623500494,xHOiwL4i0O2p8plF_u2w5A,2172,0,2768,4,8773,True,xHOiwL4i0O2p8plF_u2w5A
884,2019,4,142,Brussels,50.84006707101155,4.333303472811241,yHEix1qXfIT0DBQ7GXBL5A,2199,0,2839,4,8775,True,yHEix1qXfIT0DBQ7GXBL5A
2184,2014,9,63,Brussels,50.85721795487805,4.310544258095159,7wJdbgb_h3f09oGsQngKnw,849,0,889,3,8781,True,7wJdbgb_h3f09oGsQngKnw
1776,2020,6,69,Brussels,50.8509707074256,4.365973544169256,QqqT0Jspe9fkem2yAGK03Q,276,0,280,7,8787,True,QqqT0Jspe9fkem2yAGK03Q
1,2019,5,65,Brussels,50.82903241537619,4.308161880999254,iWOI3RBBQAcnqevu_HJ8yg,2162,1,3179,2,8794,True,iWOI3RBBQAcnqevu_HJ8yg
455,2017,5,40,Brussels,50.83411504698005,4.372299769042811,HPGI1AolF2Dqfasviwg8Ow,1485,0,1648,4,8795,True,HPGI1AolF2Dqfasviwg8Ow
2023,2019,4,324,Brussels,50.85400750927646,4.382400813555051,H_0jPnQuTeYe4TKlfQC9Ow,836,1,3180,2,8798,True,H_0jPnQuTeYe4TKlfQC9Ow
918,2014,7,69,Brussels,50.83991372325259,4.367370138557423,vr567ryDVEnpofvF7xuIwQ,420,0,426,5,8806,True,vr567ryDVEnpofvF7xuIwQ
2242,2009,9,52,Brussels,50.85689378964648,4.367564477931671,MYl6cfQoYyqpKaicDGed-g,362,0,367,10,8808,True,MYl6cfQoYyqpKaicDGed-g
1955,2009,3,220,Brussels,50.85405904539336,4.314505113548512,z_4D3eH88jxMqrP28_lDFQ,1557,0,1734,3,8812,True,z_4D3eH88jxMqrP28_lDFQ
1236,2020,6,140,Brussels,50.84383872325448,4.373029201174182,KTWmibgZh0oMGHrtb9cJjw,246,0,249,5,8823,True,KTWmibgZh0oMGHrtb9cJjw
975,2009,4,135,Brussels,50.84116134564037,4.345440074771306,-5QffRzIvlaw0ogUXrm0Tw,1998,0,2439,6,8825,True,-5QffRzIvlaw0ogUXrm0Tw
1755,2013,7,35,Brussels,50.85103156154646,4.350201022879727,CGJPSy-FRAeLJ1ZNsuwnUQ,1787,0,2071,4,8830,True,CGJPSy-FRAeLJ1ZNsuwnUQ
733,2019,4,178,Brussels,50.83800787101605,4.338153917345801,daC0jdf--GKEmNW_nxnYzg,588,2,3184,1,8836,True,daC0jdf--GKEmNW_nxnYzg
1216,2020,6,326,Brussels,50.8439885531409,4.35216293682092,8FU1jxzCo2ryyaqxwQpQkA,4,0,4,3,8840,True,8FU1jxzCo2ryyaqxwQpQkA
1943,2013,7,18,Brussels,50.85317051281325,4.381333255396817,TL0yFwmmdDfgPZxQDetEEQ,2024,0,2485,6,8841,True,TL0yFwmmdDfgPZxQDetEEQ
591,2014,7,57,Brussels,50.83594265328458,4.352349647891117,hz9RnL40El9PaDtGZJYlew,68,3,3185,1,8843,True,hz9RnL40El9PaDtGZJYlew
1716,2009,3,101,Brussels,50.85123761678671,4.310288938811399,zxfNV427SJczMzasXDEVXw,1760,0,2026,5,8851,True,zxfNV427SJczMzasXDEVXw
2662,2019,5,315,Brussels,50.86313780775161,4.319045585354244,lDhxJB2rZ0ynkaat-N8csA,2192,0,2818,4,8858,True,lDhxJB2rZ0ynkaat-N8csA
1576,2013,6,133,Brussels,50.84901713065997,4.324123177594084,yBQEfLSvy-gKjfupJ985HQ,692,0,712,6,8862,True,yBQEfLSvy-gKjfupJ985HQ
2411,2019,4,182,Brussels,50.85890592726452,4.377118258646823,21Qi4OZ5ZM3Ikt6RbdscaA,726,2,3187,1,8863,True,21Qi4OZ5ZM3Ikt6RbdscaA
1361,2020,7,316,Brussels,50.84539637501789,4.344340796862011,KrNAN_nidjNqZiyAAdQZ1w,1453,1,3188,1,8864,True,KrNAN_nidjNqZiyAAdQZ1w
866,2019,5,173,Brussels,50.83996492633315,4.315349815464657,AbgdVMn1IAxWcFwYHM124g,2139,0,2704,3,8869,True,AbgdVMn1IAxWcFwYHM124g
5,2019,5,109,Brussels,50.82875021200698,4.312683441210243,u6cd_0Jsycea8By_Yz-ljg,841,0,879,3,8872,True,u6cd_0Jsycea8By_Yz-ljg
493,2019,3,344,Brussels,50.83468934178596,4.332649000348495,Ubd8yG4AARxGE3NIYJ5ptQ,1701,1,3190,2,8874,True,Ubd8yG4AARxGE3NIYJ5ptQ
2470,2014,7,237,Brussels,50.85965863802699,4.356058181682074,jK6C4ef76CNW81EqPdcMpg,2201,1,3191,2,8875,True,jK6C4ef76CNW81EqPdcMpg
882,2009,4,187,Brussels,50.84001651569415,4.331107564240945,I015EWmR6qrB6NatlZYE-g,1091,3,3192,1,8879,True,I015EWmR6qrB6NatlZYE-g
1369,2009,4,91,Brussels,50.84590646218437,4.349482723281696,nS0-KWy_-on68_1noj7Tbg,526,1,854,3,8886,True,nS0-KWy_-on68_1noj7Tbg
36,2017,5,336,Brussels,50.82904261544292,4.343130063312492,2JB1CH5t8ymoagsSFHgzyg,1358,0,1495,5,8890,True,2JB1CH5t8ymoagsSFHgzyg
349,2020,7,3,Brussels,50.83334137660304,4.344357976192462,IYLt6qzgHeOBkI_FgsZFDA,400,0,406,5,8894,True,IYLt6qzgHeOBkI_FgsZFDA
2415,2020,7,272,Brussels,50.85985601327637,4.308057815187291,Mq8eevgxSTpOH7qtB2Soeg,528,0,540,5,8898,True,Mq8eevgxSTpOH7qtB2Soeg
631,2017,6,110,Brussels,50.83701130903,4.31418150581115,zoZTiMm_VP0332tvquEXVg,1423,0,1575,5,8899,True,zoZTiMm_VP0332tvquEXVg
437,2009,4,151,Brussels,50.83411717129208,4.354042507909257,Zt_PZD9eoZuk_QFXNsIo2A,422,1,3193,1,8904,True,Zt_PZD9eoZuk_QFXNsIo2A
1584,2009,4,142,Brussels,50.84885872897185,4.32836045894551,p5vImEUKEjWGg9uAYQpVIQ,1678,1,3194,2,8905,True,p5vImEUKEjWGg9uAYQpVIQ
2100,2009,6,198,Brussels,50.85493804359958,4.376739823828847,D9D1Xd5NrOhSABTE9Ol0gA,2079,0,2587,4,8912,True,D9D1Xd5NrOhSABTE9Ol0gA
2199,2019,5,270,Brussels,50.85726936612195,4.323300904912991,NhKKbDj6XYiekzqfxtuO8A,766,0,796,8,8914,True,NhKKbDj6XYiekzqfxtuO8A
1006,2020,7,50,Brussels,50.8408155693357,4.372041903593479,AJa8Ff3ajDSA7GvnlqYo5A,899,1,1884,7,8915,True,AJa8Ff3ajDSA7GvnlqYo5A
2361,2013,7,128,Brussels,50.85909464891699,4.333262739112978,Bh4R1jEKMYTFJ3XTIKt-iA,971,1,2904,4,8918,True,Bh4R1jEKMYTFJ3XTIKt-iA
1334,2019,5,116,Brussels,50.84611470612015,4.317017545615612,zgP1vuQegYNdqckfbSt8iQ,507,0,518,4,8919,True,zgP1vuQegYNdqckfbSt8iQ
2239,2009,4,98,Brussels,50.85703426674637,4.361941153585994,-1OPP0RiuzHks5B_F96a1A,1549,3,3195,1,8920,True,-1OPP0RiuzHks5B_F96a1A
71,2013,7,308,Brussels,50.82881837061664,4.3782302073456,Ybe6bSuIAuGntQN51WxK8Q,2028,1,3042,3,8921,True,Ybe6bSuIAuGntQN51WxK8Q
2195,2013,10,97,Brussels,50.8571089625752,4.319038290823523,HtcD8dw91EFmxX13F8HMew,1856,0,2181,3,8924,True,HtcD8dw91EFmxX13F8HMew
2876,2019,3,350,Brussels,50.86511622677681,4.373982375069509,NLB_shxC5BsqPepQ1RmCGA,1079,2,3196,2,8925,True,NLB_shxC5BsqPepQ1RmCGA
409,2014,8,153,Brussels,50.83439815093173,4.32683407756361,_r5-tkrBg5D4IytY51Gwmg,326,1,3197,2,8931,True,_r5-tkrBg5D4IytY51Gwmg
1742,2020,6,235,Brussels,50.85083186523738,4.334005352595701,qRK2iRlJCpCqgxdd_hb5Gw,431,1,3198,1,8932,True,qRK2iRlJCpCqgxdd_hb5Gw
230,2009,4,279,Brussels,50.83107060801189,4.380866964867232,Yz501-Qn2L6sW9-2HXVUwA,1043,1,3199,2,8937,True,Yz501-Qn2L6sW9-2HXVUwA
1102,2009,3,328,Brussels,50.84327161691224,4.318688403525178,9RQ_3rb1acuNmRzeJZzg9Q,2015,2,3200,2,8948,True,9RQ_3rb1acuNmRzeJZzg9Q
2282,2009,10,161,Brussels,50.85803115812321,4.331218066065196,KE0Otl3X2bnXvr1ybDZesA,1015,3,3201,1,8950,True,KE0Otl3X2bnXvr1ybDZesA
1200,2009,4,131,Brussels,50.84382587720987,4.335263777087215,d3p7NJUktRkZnLxse_nRYw,499,1,569,4,8966,True,d3p7NJUktRkZnLxse_nRYw
2191,2014,9,242,Brussels,50.85692966734791,4.313237290472889,XBh-IE8vZJQeIMEIUWZVMQ,2176,1,3202,2,8970,True,XBh-IE8vZJQeIMEIUWZVMQ
1400,2020,11,160,Brussels,50.84603147809058,4.376268242372266,Wq85wzVYSlKufZzOOGc4Yw,112,0,112,6,8971,True,Wq85wzVYSlKufZzOOGc4Yw
1717,2019,5,109,Brussels,50.85097694228082,4.307199555182335,rjBtxZSZ16IXfg2ovBdREA,2110,1,2932,3,8973,True,rjBtxZSZ16IXfg2ovBdREA
1923,2014,7,71,Brussels,50.85304204111574,4.360156231302186,pa4ChqahWTFBzJHF4vH5RA,2021,0,2480,6,8974,True,pa4ChqahWTFBzJHF4vH5RA
1103,2014,9,165,Brussels,50.8429361039996,4.322352034919028,e5b4f6HolXvdQx4UK7hChA,1019,1,2074,4,8978,True,e5b4f6HolXvdQx4UK7hChA
2892,2019,5,118,Brussels,50.86603651365247,4.313124224335811,FrrcaBO_xlLGjVFoF6L1-w,1708,1,3203,1,8980,True,FrrcaBO_xlLGjVFoF6L1-w
2817,2009,3,155,Brussels,50.86502631406659,4.314207092587399,VgLiOaRolmWnqLGz4H4yEQ,2225,0,2914,4,8981,True,VgLiOaRolmWnqLGz4H4yEQ
1764,2020,11,226,Brussels,50.85073753886814,4.352941796917366,MtT-FSdiIB7ddbIhvJbyQw,67,0,67,11,8982,True,MtT-FSdiIB7ddbIhvJbyQw
558,2009,4,111,Brussels,50.83606307116465,4.319428743101071,pZclG1qXN_hh6N24DV37tg,2217,2,3204,2,8986,True,pZclG1qXN_hh6N24DV37tg
1215,2017,5,257,Brussels,50.8441391281261,4.353537802206124,v_7diirwdMEkLnjyY73sXw,1375,1,2382,3,8987,True,v_7diirwdMEkLnjyY73sXw
6,2013,6,231,Brussels,50.82905040077199,4.313031387875068,vEOkZ9di6qxEFKanVPePNg,1073,0,1144,3,8995,True,vEOkZ9di6qxEFKanVPePNg
905,2020,7,327,Brussels,50.83991777171144,4.354407053754151,pFAGisDS5ykEIhQg26kUMg,220,1,1156,6,8997,True,pFAGisDS5ykEIhQg26kUMg
1193,2014,9,181,Brussels,50.84425561432469,4.324894683276955,KEVh0p_eYCwSAskIEqUTEA,1752,1,3205,1,8998,True,KEVh0p_eYCwSAskIEqUTEA
2679,2009,10,168,Brussels,50.86311178763626,4.331211828921359,w_l0IEmxjwc0-Tuz1R5ewg,814,0,846,12,9004,True,w_l0IEmxjwc0-Tuz1R5ewg
2920,2013,7,272,Brussels,50.86595543314063,4.337490947872121,ywQ0uJh8nNKA4T7poicshQ,445,1,3206,1,9005,True,ywQ0uJh8nNKA4T7poicshQ
2839,2019,3,272,Brussels,50.86498207395649,4.339285871013242,h2tr13FgCaV4AJ9aNUcw0Q,2011,0,2462,4,9025,True,h2tr13FgCaV4AJ9aNUcw0Q
1602,2019,3,73,Brussels,50.84896868110089,4.348111763887212,8M9VMLbtdH273BSxVLxxEQ,1882,3,3207,2,9031,True,8M9VMLbtdH273BSxVLxxEQ
2943,2013,7,319,Brussels,50.86571105721013,4.367960052171129,2HA6Sax87yzDgj9AYaPKpg,226,1,3209,1,9038,True,2HA6Sax87yzDgj9AYaPKpg
1826,2014,7,139,Brussels,50.85216151062068,4.339463485024559,XIaQ-VMvjLS2kssy-Llqcw,1255,2,3210,1,9042,True,XIaQ-VMvjLS2kssy-Llqcw
2722,2013,6,299,Brussels,50.86304320660414,4.377511647054641,WaPaJ9rzesmbLc7XskiMGw,1016,2,2802,5,9043,True,WaPaJ9rzesmbLc7XskiMGw
2030,2013,6,142,Brussels,50.8549515934461,4.307005097338408,96jg46lztZp-xMN4QkSJVQ,352,1,442,5,9058,True,96jg46lztZp-xMN4QkSJVQ
1410,2013,6,144,Brussels,50.8467782712401,4.314829268712214,MVtfeh_Le7fF7PjzhJdA5g,701,1,3211,1,9066,True,MVtfeh_Le7fF7PjzhJdA5g
976,2009,4,81,Brussels,50.84102759346461,4.347209480168759,judiGu4VEiSzI2Hunu-K7A,434,1,1841,3,9071,True,judiGu4VEiSzI2Hunu-K7A
2273,2014,9,9,Brussels,50.85790589620356,4.315131552832223,siyzegpS_gFlkQG-CCtyUg,2244,2,3212,1,9075,True,siyzegpS_gFlkQG-CCtyUg
1820,2013,10,103,Brussels,50.85187742671492,4.333376047271638,M-Drkev7uOhMV9jMnC5uRA,1460,0,1621,7,9088,True,M-Drkev7uOhMV9jMnC5uRA
1004,2020,7,259,Brussels,50.84103084030174,4.373058340838103,dPsn9_ds0WRFPB-6sc4jhw,477,0,488,9,9089,True,dPsn9_ds0WRFPB-6sc4jhw
1838,2009,8,224,Brussels,50.85202236328392,4.350959697949604,xmHRcjy0UH-IB_vbrqqAoA,627,1,2343,6,9104,True,xmHRcjy0UH-IB_vbrqqAoA
2306,2020,7,23,Brussels,50.85812316665142,4.347352227307741,VkRIvFfxJbRO5Abi9PeFFA,1533,0,1707,4,9105,True,VkRIvFfxJbRO5Abi9PeFFA
1515,2009,4,233,Brussels,50.84793353322698,4.345233691600249,z5J2RqW5BTmI3AYPHzu6pg,299,0,303,5,9107,True,z5J2RqW5BTmI3AYPHzu6pg
1087,2020,6,194,Brussels,50.84207922311049,4.375133195440469,MmfU0nZd9REHJPo7n_Es9A,1236,1,3214,1,9111,True,MmfU0nZd9REHJPo7n_Es9A
1887,2013,7,0,Brussels,50.85305586752099,4.326164608214468,IWeyHJe4R_4-M1-4zIOv4A,175,0,176,4,9113,True,IWeyHJe4R_4-M1-4zIOv4A
1702,2014,7,269,Brussels,50.85000403029534,4.376121399428359,Pw79CvHQ5jcEt33t13-zQA,1598,0,1803,9,9116,True,Pw79CvHQ5jcEt33t13-zQA
2680,2013,7,100,Brussels,50.86310426583835,4.333540325747165,jFPci41UYNngWzXqaidcJw,2273,0,3216,5,9123,True,jFPci41UYNngWzXqaidcJw
1183,2013,6,8,Brussels,50.84433473479866,4.320571576834606,9O8Lg-MoBwaM4tg7_9OLyQ,1458,1,3217,1,9125,True,9O8Lg-MoBwaM4tg7_9OLyQ
2185,2009,8,250,Brussels,50.85702124651812,4.30912703881914,UttJQW1dCYGW4DDa5-wUsg,1610,0,1820,6,9131,True,UttJQW1dCYGW4DDa5-wUsg
2883,2019,3,270,Brussels,50.86511644971226,4.382051256268835,OYnc7S1IEFw5JTFai5W7FQ,2040,2,3218,2,9135,True,OYnc7S1IEFw5JTFai5W7FQ
760,2020,7,156,Brussels,50.83785906914722,4.365656027251612,YAx_EY7izEtyIEQO9Rae9w,640,0,656,9,9137,True,YAx_EY7izEtyIEQO9Rae9w
2953,2013,7,284,Brussels,50.86597871271966,4.369407422193819,goQqp2DaOoX84FncrZbXJA,1893,0,2237,4,9140,True,goQqp2DaOoX84FncrZbXJA
759,2013,7,333,Brussels,50.83793396587621,4.364530057939498,QF4sbQQJB1O_IUlwcHk_6A,428,0,434,5,9149,True,QF4sbQQJB1O_IUlwcHk_6A
1886,2009,3,12,Brussels,50.85295126725324,4.320189126206684,YjEzEUgYEQAERFtSIfLUUw,2255,1,3219,2,9150,True,YjEzEUgYEQAERFtSIfLUUw
1789,2017,5,89,Brussels,50.85115616990246,4.380615362160383,ZYjAjbTRVqCaSMI1jA_FoA,584,0,599,6,9151,True,ZYjAjbTRVqCaSMI1jA_FoA
2700,2020,7,198,Brussels,50.86294204308889,4.351107004708401,9CH_-sXzrIcwD3GzNCpwJw,554,1,3220,2,9154,True,9CH_-sXzrIcwD3GzNCpwJw
2721,2020,6,253,Brussels,50.86312203067206,4.379235831432289,HZ837Agy2iY_Wt_j1JMSGA,1474,1,2177,3,9156,True,HZ837Agy2iY_Wt_j1JMSGA
2800,2017,6,210,Brussels,50.86382308117413,4.372090320757302,PbRSET59GXjacZ2kBo9J7Q,1128,0,1214,5,9160,True,PbRSET59GXjacZ2kBo9J7Q
2322,2014,7,126,Brussels,50.85795226311937,4.366130648727713,jHBHOxFTQ9WgDL0givztdQ,1285,1,3221,1,9162,True,jHBHOxFTQ9WgDL0givztdQ
892,2014,7,349,Brussels,50.84006972022732,4.341089125376393,EhgLn8LdQg5kXhY_ALwcpg,1753,0,2013,5,9168,True,EhgLn8LdQg5kXhY_ALwcpg
901,2020,7,245,Brussels,50.84007990601157,4.349793344867753,zLsFNUTWtGAcKchlXxNvWA,1153,0,1244,7,9171,True,zLsFNUTWtGAcKchlXxNvWA
2057,2009,10,65,Brussels,50.85504825867588,4.337893205963175,6otWDOJEvFsU3bw7_L2sVg,1629,0,1845,4,9172,True,6otWDOJEvFsU3bw7_L2sVg
2449,2009,10,88,Brussels,50.86015831001914,4.338810405533385,V62LYpGY3E1aQrAlTNDLKQ,2271,0,3189,5,9178,True,V62LYpGY3E1aQrAlTNDLKQ
1766,2009,4,48,Brussels,50.85096798026293,4.352260291011771,3h7O1ft_tNGcnEteFEN2ag,321,3,3224,2,9183,True,3h7O1ft_tNGcnEteFEN2ag
2120,2014,9,220,Brussels,50.85588455095507,4.316998820002528,zwqpQRdtgQiCuOA0I1FROw,1747,1,3226,1,9198,True,zwqpQRdtgQiCuOA0I1FROw
1599,2020,7,198,Brussels,50.84897745640632,4.345597793858031,M1Pw0V0N9NMulwhxs6AcTQ,2254,0,3055,5,9199,True,M1Pw0V0N9NMulwhxs6AcTQ
1725,2020,11,172,Brussels,50.85070706198545,4.314876282244628,48P9FiH8O0sBwSJjP1Svyw,1360,0,1497,5,9204,True,48P9FiH8O0sBwSJjP1Svyw
2103,2013,7,318,Brussels,50.85498675157067,4.382270723319619,0FuVRcQR0FN0r5IwTXaadQ,1600,1,3227,1,9207,True,0FuVRcQR0FN0r5IwTXaadQ
118,2020,10,86,Brussels,50.82988147291143,4.347375158539884,6G2IIbIHb9EIjkx_Y5mHIw,404,1,2283,5,9218,True,6G2IIbIHb9EIjkx_Y5mHIw
1994,2017,5,18,Brussels,50.85401823673949,4.356199426317529,kWJdIJwGe7JfdEHHewlbwQ,1448,1,1690,6,9219,True,kWJdIJwGe7JfdEHHewlbwQ
272,2019,3,125,Brussels,50.83181632433252,4.345149965703664,vhK4wjfvADLqOPnQRpeFug,810,0,842,5,9222,True,vhK4wjfvADLqOPnQRpeFug
364,2019,10,86,Brussels,50.8330139199733,4.35930261028228,sD39vvt2vMzuTGhWF93CMg,565,0,580,5,9224,True,sD39vvt2vMzuTGhWF93CMg
2889,2019,5,282,Brussels,50.86565580828444,4.311290048641752,kn8Yg4rjQ6Ea5YOmow6whw,261,0,264,5,9226,True,kn8Yg4rjQ6Ea5YOmow6whw
2140,2020,6,132,Brussels,50.85602518863951,4.341196493109821,9qe88nZSNDBX-D0DIpKAsw,633,1,3228,1,9227,True,9qe88nZSNDBX-D0DIpKAsw
586,2013,7,213,Brussels,50.83586119075392,4.34714835487365,U41auXliHA_VNLswFcdOhA,1260,0,1368,5,9229,True,U41auXliHA_VNLswFcdOhA
2178,2019,9,48,Brussels,50.85609250690223,4.3789218596808,1mvBdbaQNjW6BtkRCQ47Eg,308,1,3229,2,9233,True,1mvBdbaQNjW6BtkRCQ47Eg
112,2017,6,8,Brussels,50.83000481313744,4.341245987840874,rTyS_z3wvQ-nTXIwpGummQ,1768,0,2037,5,9234,True,rTyS_z3wvQ-nTXIwpGummQ
0,2009,3,0,Brussels,50.828685145256,4.307473296226041,zjeYqxPYRXLZgB_oBhrfEA,1205,0,1303,3,9241,True,zjeYqxPYRXLZgB_oBhrfEA
2684,2017,5,131,Brussels,50.86325608631461,4.339647448799064,DOJnwfoozmm7UALFa7VLnQ,1668,0,1892,6,9251,True,DOJnwfoozmm7UALFa7VLnQ
285,2014,10,219,Brussels,50.83215027691339,4.358535433176757,pLbC1m7CiG3h0W2dP-FRaw,1534,0,1708,10,9254,True,pLbC1m7CiG3h0W2dP-FRaw
570,2019,5,28,Brussels,50.83580821725878,4.331464318011292,uDD8zZzitIwBGxP71mLgEQ,2234,0,2942,5,9256,True,uDD8zZzitIwBGxP71mLgEQ
1027,2019,5,29,Brussels,50.84206143684889,4.315386604017098,s24p4DHmBHbeRA690MAz9A,1279,1,3060,4,9261,True,s24p4DHmBHbeRA690MAz9A
815,2017,5,242,Brussels,50.83903355840056,4.342297126912327,552R9Xa6TF96-NCGQsiCpw,547,0,561,7,9268,True,552R9Xa6TF96-NCGQsiCpw
1742,2020,11,50,Brussels,50.85085787134395,4.334007517134986,Cw8uxLw6UyrBtatyRftdFw,431,0,437,10,9273,True,Cw8uxLw6UyrBtatyRftdFw
2774,2013,7,264,Brussels,50.86395974704303,4.357359867336628,RenC4lYkGVXGIV7FrpbtMg,33,3,3232,1,9276,True,RenC4lYkGVXGIV7FrpbtMg
2778,2009,4,71,Brussels,50.86412102099634,4.351852613430673,iW0zcFtrBzKdA7p1cVUxRA,551,1,1785,3,9293,True,iW0zcFtrBzKdA7p1cVUxRA
378,2019,3,188,Brussels,50.83336894569133,4.373703967240552,xuIlqe_cSroqBYL8hEcP-g,1498,1,3233,1,9294,True,xuIlqe_cSroqBYL8hEcP-g
824,2020,7,29,Brussels,50.83903842726806,4.351277833440341,tqSC6yoeAkL8GN6QrpP5JA,2270,0,3169,5,9296,True,tqSC6yoeAkL8GN6QrpP5JA
2236,2014,7,156,Brussels,50.85713450163549,4.36089849289892,1v0l_lb7FUBDHaRmOh5MCA,770,2,3234,1,9297,True,1v0l_lb7FUBDHaRmOh5MCA
771,2009,4,200,Brussels,50.83774316491115,4.375712331949464,EGSwEahd8AGjC8UhiPqxxA,335,1,2549,3,9299,True,EGSwEahd8AGjC8UhiPqxxA
1009,2017,5,277,Brussels,50.84099175913241,4.384027248033559,8KH4ZYWOTNygiXyDVQZ8kw,2146,0,2713,5,9302,True,8KH4ZYWOTNygiXyDVQZ8kw
2503,2020,7,112,Brussels,50.86032028698924,4.313532090414249,SBdLqKJEqes-c7PPz3uVmg,560,1,1054,7,9305,True,SBdLqKJEqes-c7PPz3uVmg
530,2019,3,228,Brussels,50.83498513219485,4.36911640163494,loHTRWPbgT9DLmWc6cTHDA,587,0,602,4,9306,True,loHTRWPbgT9DLmWc6cTHDA
141,2014,7,34,Brussels,50.82999564715786,4.370243153138826,R2guW444i91cdb3uhLAG8w,2149,0,2721,5,9314,True,R2guW444i91cdb3uhLAG8w
783,2019,5,182,Brussels,50.83885131190816,4.310140851695524,yJ8NfTdx8aZOTn2CjmD-gA,2144,1,3235,1,9317,True,yJ8NfTdx8aZOTn2CjmD-gA
742,2014,7,305,Brussels,50.83813895252137,4.347322821909572,OjSUoOM-ETHBnUiagE46Pg,541,0,555,4,9329,True,OjSUoOM-ETHBnUiagE46Pg
2,2009,3,227,Brussels,50.82929086458832,4.308466688951062,5JxOGar3V7UmHQdqqKMuiA,1979,0,2388,3,9330,True,5JxOGar3V7UmHQdqqKMuiA
337,2019,4,76,Brussels,50.83238498340675,4.331802444199495,DWnU6wLSLp5fG1ddXMnNFQ,152,3,3236,1,9347,True,DWnU6wLSLp5fG1ddXMnNFQ
237,2009,3,79,Brussels,50.83182666475378,4.309985059418331,-bwFiA_eKfw9iw4xGxeDbQ,1513,1,3237,1,9353,True,-bwFiA_eKfw9iw4xGxeDbQ
1182,2017,5,342,Brussels,50.84403748989375,4.320021711013586,vfKkCqZMJtUTQGFlgnGWbQ,1198,0,1295,4,9356,True,vfKkCqZMJtUTQGFlgnGWbQ
149,2009,4,172,Brussels,50.83014941698086,4.378546999596545,7ADGlnx-7X3PSDN_h45dXw,1796,0,2084,6,9362,True,7ADGlnx-7X3PSDN_h45dXw
487,2014,8,215,Brussels,50.83484102447339,4.326079384758504,gKLITYIrCW3QnKEehftxhg,1683,2,3238,1,9364,True,gKLITYIrCW3QnKEehftxhg
53,2017,5,54,Brussels,50.82891569123021,4.360089876892213,A7Vx_PfHCJ3uUU12Z3P02w,1630,1,3239,1,9369,True,A7Vx_PfHCJ3uUU12Z3P02w
2681,2009,4,283,Brussels,50.86306475451405,4.337273744861037,Xu9cEsJlqn5xyuijCGskZA,1402,0,1549,4,9370,True,Xu9cEsJlqn5xyuijCGskZA
744,2019,10,68,Brussels,50.83784956685573,4.349436994796388,pSUHVNxyNJl0A2tAfVwGSA,2180,0,2783,5,9371,True,pSUHVNxyNJl0A2tAfVwGSA
241,2014,8,68,Brussels,50.8321210643491,4.314433588042832,-99bA-R6jFi3CPcBXJ_oiQ,1550,1,3215,3,9372,True,-99bA-R6jFi3CPcBXJ_oiQ
325,2019,5,130,Brussels,50.83236991045849,4.320555771200849,zOA0YhoeqrUoWBoXTh3YyQ,1605,0,1814,6,9377,True,zOA0YhoeqrUoWBoXTh3YyQ
2420,2020,11,143,Brussels,50.85898513047853,4.381179405665938,Rwlbr7URZ2OYqlaAL2sGzw,976,0,1029,4,9378,True,Rwlbr7URZ2OYqlaAL2sGzw
2276,2019,5,200,Brussels,50.85806219518552,4.325003594641274,tnf1Ldbz7bkEmDLodNYBhg,469,1,3240,3,9381,True,tnf1Ldbz7bkEmDLodNYBhg
9,2009,3,133,Brussels,50.82881147048873,4.316434841354727,k0DHSU4HduakVIcT9TMsqg,947,0,999,7,9392,True,k0DHSU4HduakVIcT9TMsqg
1020,2013,6,168,Brussels,50.84209099009986,4.312907759799254,0MajLjhbWQndJY1ANzHEaA,455,0,466,5,9393,True,0MajLjhbWQndJY1ANzHEaA
298,2009,6,355,Brussels,50.83213557800469,4.371368033565398,Z8Ko2PBboHveeOzoQY70vg,519,0,531,5,9396,True,Z8Ko2PBboHveeOzoQY70vg
239,2020,7,164,Brussels,50.83232120655594,4.311669340411108,aignUleXCTM4I973nHtrcw,1129,2,2947,3,9399,True,aignUleXCTM4I973nHtrcw
917,2009,4,8,Brussels,50.8398930029649,4.366334313939313,hXXwlJRPJ4La34eMM9YxRg,2224,0,2913,4,9409,True,hXXwlJRPJ4La34eMM9YxRg
2782,2020,7,157,Brussels,50.86407232464413,4.358746399360201,n6rBrhuUxtUlE5LIYZcRrA,1948,1,2655,3,9411,True,n6rBrhuUxtUlE5LIYZcRrA
2244,2013,7,335,Brussels,50.85697087716512,4.369397843741051,Dabkn_dmQEM27M4rkTmgMQ,913,1,1098,5,9414,True,Dabkn_dmQEM27M4rkTmgMQ
2498,2013,6,358,Brussels,50.85953965021672,4.309018385816969,4E911uPkZHop9clVnLvltQ,529,0,541,3,9415,True,4E911uPkZHop9clVnLvltQ
1182,2010,10,167,Brussels,50.84400870869277,4.320035472071615,DDi-U2Cm3pUgzjPeHn11zw,1198,1,3241,1,9420,True,DDi-U2Cm3pUgzjPeHn11zw
585,2019,3,238,Brussels,50.83617775836848,4.346290466415979,sw120bI2rJuiNwEUts-Lrg,596,0,611,5,9428,True,sw120bI2rJuiNwEUts-Lrg
1345,2009,3,264,Brussels,50.84598349775357,4.327107744914061,U6TV1gDnX64LMc6OJYBd6Q,861,0,901,5,9429,True,U6TV1gDnX64LMc6OJYBd6Q
2775,2009,6,177,Brussels,50.86390912323927,4.355391688459705,VwmGrcwSGSlKm5iTczUOKg,1570,1,3242,1,9432,True,VwmGrcwSGSlKm5iTczUOKg
299,2017,5,319,Brussels,50.8318063424851,4.371919535051941,bKjBlOmD0ML6P4_6vo4QDQ,2276,0,3230,5,9439,True,bKjBlOmD0ML6P4_6vo4QDQ
376,2014,7,130,Brussels,50.83304392731967,4.371199949636097,2ohUf7fMHuQiFKrjTNEmFA,231,0,234,4,9443,True,2ohUf7fMHuQiFKrjTNEmFA
1107,2013,6,142,Brussels,50.84257607883389,4.321887782419299,ISJmTPBLvwuUj8ZN5qo-Ug,1593,1,2781,3,9446,True,ISJmTPBLvwuUj8ZN5qo-Ug
627,2013,6,336,Brussels,50.83691801472894,4.309861506284145,G_gZNDm8cd6EofPe68ANGg,365,0,370,5,9457,True,G_gZNDm8cd6EofPe68ANGg
1100,2014,9,209,Brussels,50.8428605582989,4.311392279382673,jjbyKwSRhuibF2oG30CAzQ,416,1,3243,1,9460,True,jjbyKwSRhuibF2oG30CAzQ
2636,2020,7,310,Brussels,50.86199449827127,4.372235135638337,5S_aBgji0HjKz3ER-J1Rgg,252,1,2273,4,9472,True,5S_aBgji0HjKz3ER-J1Rgg
2493,2020,6,242,Brussels,50.85979388820185,4.37767633109851,TpdaEfx28SX_3sBl_CONDA,711,0,736,6,9473,True,TpdaEfx28SX_3sBl_CONDA
2215,2019,3,210,Brussels,50.85693743394981,4.342198056427675,ODdROLpVO0l_ZF1YBaYBHg,2207,1,3244,1,9474,True,ODdROLpVO0l_ZF1YBaYBHg
962,2019,4,249,Brussels,50.84097131075396,4.333275155613832,Cagd5XrUdwGVR-O9Ase5dw,265,0,268,4,9476,True,Cagd5XrUdwGVR-O9Ase5dw
1837,2014,7,151,Brussels,50.8522469419589,4.352390687705418,M6UIX58G7ycudKN5i36urA,273,1,351,4,9479,True,M6UIX58G7ycudKN5i36urA
635,2010,10,179,Brussels,50.83700800151533,4.318092217403552,N9qUAM7hx-BlpThiAh2IBg,1430,0,1582,7,9485,True,N9qUAM7hx-BlpThiAh2IBg
2436,2009,6,332,Brussels,50.85980849041972,4.328965128421601,jo0nP0aVf3I0NZUJDJDT7g,823,1,3246,1,9497,True,jo0nP0aVf3I0NZUJDJDT7g
610,2018,6,149,Brussels,50.83600421775724,4.371281744790329,w4n7XANsWzWSiRmfIjhUHQ,1443,1,3247,1,9502,True,w4n7XANsWzWSiRmfIjhUHQ
1717,2013,10,59,Brussels,50.85101265004829,4.307208972298036,hU9ymJ-h2NeptATPMqT4fQ,2110,2,3248,1,9503,True,hU9ymJ-h2NeptATPMqT4fQ
2611,2013,7,289,Brussels,50.86197900411057,4.343230323341131,WtbwopTWzyrxJicFWcKMPQ,2186,0,2794,3,9505,True,WtbwopTWzyrxJicFWcKMPQ
2512,2019,4,104,Brussels,50.86098793807547,4.322194147011918,rhUhnefaHNmBDx_ydjBj6A,2231,0,2937,4,9511,True,rhUhnefaHNmBDx_ydjBj6A
1512,2014,7,66,Brussels,50.84840912809022,4.334281199149213,PYPbEqlMuGUzN4cd_msXRg,309,0,313,7,9512,True,PYPbEqlMuGUzN4cd_msXRg
2215,2009,10,61,Brussels,50.85694710252289,4.342175738097892,Zh9k4JkXbjcgaGqtJH_-1Q,2207,2,3249,1,9516,True,Zh9k4JkXbjcgaGqtJH_-1Q
972,2014,7,140,Brussels,50.84091285798047,4.343280868701005,JYo6XyK1nHCr8RYFan4joQ,1801,0,2090,4,9523,True,JYo6XyK1nHCr8RYFan4joQ
757,2017,5,342,Brussels,50.8380110572786,4.361998711807236,9kFQcjJsLAu1A8Xj1rHkGA,1589,2,3250,1,9524,True,9kFQcjJsLAu1A8Xj1rHkGA
968,2014,7,179,Brussels,50.84066223405372,4.33867302553522,muUixUvVE4-JS9rgFyHkqQ,1997,0,2435,5,9531,True,muUixUvVE4-JS9rgFyHkqQ
1984,2020,6,46,Brussels,50.85406526315254,4.338756096747977,E7cnL_bJtc8GeGU4GYwK5A,45,2,3251,1,9537,True,E7cnL_bJtc8GeGU4GYwK5A
2726,2013,7,239,Brussels,50.86302000601527,4.380028356062962,TtDUQ3nUo6JB-FbeHkab7Q,1281,2,3252,1,9542,True,TtDUQ3nUo6JB-FbeHkab7Q
133,2013,7,246,Brussels,50.8298802793459,4.362358266354697,HwAuEMF2wEBir2Q8Gt-ZYA,757,0,787,6,9552,True,HwAuEMF2wEBir2Q8Gt-ZYA
1300,2013,7,75,Brussels,50.84501047946234,4.359541605362105,tazj8snwYpTWwdjRkOUu9g,1676,1,2387,6,9555,True,tazj8snwYpTWwdjRkOUu9g
48,2009,9,160,Brussels,50.82889376240572,4.355691012532599,LhGvUlgS9Jp2SCrFdm0iCA,1687,1,3254,1,9564,True,LhGvUlgS9Jp2SCrFdm0iCA
2432,2009,3,81,Brussels,50.86011623252512,4.31811493939012,6wxcfFNr0PNFLFAjOQ1sdw,2185,0,2793,5,9567,True,6wxcfFNr0PNFLFAjOQ1sdw
583,2017,5,345,Brussels,50.83589263246389,4.344265903308808,95ek-5yJGW8iDTlcj-0Xkw,2250,0,3033,4,9569,True,95ek-5yJGW8iDTlcj-0Xkw
313,2020,7,122,Brussels,50.83292503030521,4.308228288025126,CssyX4LsOWgs-Q65secx6g,2171,0,2766,4,9576,True,CssyX4LsOWgs-Q65secx6g
2536,2013,7,80,Brussels,50.86109177512804,4.345381256983773,I_XxP6Sivv8No8zFAYOnQw,825,1,2423,5,9580,True,I_XxP6Sivv8No8zFAYOnQw
2776,2009,4,37,Brussels,50.86397207439987,4.353306994226545,csyfMnJbG0X6Y1yGHiwNbg,25,0,25,6,9582,True,csyfMnJbG0X6Y1yGHiwNbg
2249,2020,11,276,Brussels,50.85705177894855,4.373030866757016,7vd4C4evEjzRPgrkga6dGQ,660,0,680,10,9588,True,7vd4C4evEjzRPgrkga6dGQ
2663,2019,5,229,Brussels,50.86298120159108,4.316473611989029,tk8FKFmQwjJoNjzoFnvcYg,1601,0,1806,3,9589,True,tk8FKFmQwjJoNjzoFnvcYg
2114,2014,9,334,Brussels,50.85588951143227,4.317937113157845,ilKY_1kdh2GioYQhb_MWCQ,834,1,3255,1,9600,True,ilKY_1kdh2GioYQhb_MWCQ
1697,2009,8,125,Brussels,50.84976907847841,4.365121792509402,Ekd72ucZiweeWGLCzbybtg,1785,0,2067,4,9602,True,Ekd72ucZiweeWGLCzbybtg
2418,2020,7,193,Brussels,50.86009740032252,4.30730919991019,sqP1ATnOEUR_NLPeRhU3Iw,59,1,1552,4,9605,True,sqP1ATnOEUR_NLPeRhU3Iw
1049,2020,7,20,Brussels,50.84201054390412,4.342087963990192,SPfDYLABydIWAGj3lAB62Q,774,0,805,5,9607,True,SPfDYLABydIWAGj3lAB62Q
2366,2013,10,193,Brussels,50.85940926262342,4.332715112141293,0uuG9sgVP_AI8AhDkQuNDA,1826,1,3256,2,9614,True,0uuG9sgVP_AI8AhDkQuNDA
1026,2013,6,95,Brussels,50.84222069935588,4.316925947410925,64IYzAL1nBmueMVNWJK9LQ,1946,1,3257,2,9619,True,64IYzAL1nBmueMVNWJK9LQ
1595,2020,7,312,Brussels,50.8488263064843,4.347192541827496,NQFl40wIEQwjVm-93he-9A,2190,0,2808,7,9621,True,NQFl40wIEQwjVm-93he-9A
2764,2013,7,130,Brussels,50.86391349410927,4.342333020965481,ZIRSrtPBV6vEfjxzffbIOg,1831,2,3258,1,9623,True,ZIRSrtPBV6vEfjxzffbIOg
2382,2010,10,26,Brussels,50.85895180724292,4.351416933972279,pD6V2ao2ulUnCEDTIG5xcg,1556,0,1733,3,9626,True,pD6V2ao2ulUnCEDTIG5xcg
1779,2019,3,95,Brussels,50.85100438680509,4.369257745014334,XbnkPjxMTvrxtejDnfNysg,2018,2,3259,1,9638,True,XbnkPjxMTvrxtejDnfNysg
1827,2013,7,43,Brussels,50.85201908893031,4.338179790149029,9K0zyWYxPEcnxgK1_nZYzA,2165,0,2752,3,9642,True,9K0zyWYxPEcnxgK1_nZYzA
322,2014,8,328,Brussels,50.83291772250427,4.317440240227953,lbsBN_LMNFjdTOdG6s-Anw,1931,1,3260,2,9643,True,lbsBN_LMNFjdTOdG6s-Anw
434,2020,10,220,Brussels,50.83396949965348,4.351230584221669,Pdts6WVdaGN_KojTORJKyg,161,0,162,10,9657,True,Pdts6WVdaGN_KojTORJKyg
528,2009,6,23,Brussels,50.83517198711919,4.367500855085466,oAsn9EtPIyn_dlWfDk_MoQ,1762,0,2028,7,9659,True,oAsn9EtPIyn_dlWfDk_MoQ
328,2013,6,74,Brussels,50.83299359671337,4.323209100951916,zX_ONoHWjK68hKTz_iMZkg,1968,0,2363,6,9661,True,zX_ONoHWjK68hKTz_iMZkg
2815,2014,9,189,Brussels,50.86507600103972,4.318081337483876,Mp1QkgzOlQ_gUqWBMqyAWA,954,0,1007,4,9662,True,Mp1QkgzOlQ_gUqWBMqyAWA
1257,2020,7,313,Brussels,50.8445476436366,4.316435569476703,zWu_7iojbiQOZslLLsh27A,266,0,269,5,9671,True,zWu_7iojbiQOZslLLsh27A
2345,2017,5,100,Brussels,50.8590756678747,4.311180950797731,4OVUcg_ZZ7VRM_OAseSPYg,1242,1,2868,3,9680,True,4OVUcg_ZZ7VRM_OAseSPYg
2676,2020,7,307,Brussels,50.86297011375368,4.335202947829059,2BehDZ3LArAeTMRDpi315w,1817,0,2111,3,9690,True,2BehDZ3LArAeTMRDpi315w
1767,2013,7,176,Brussels,50.85088727576603,4.356095024147183,T7MNEejWxrMCqDm-FITKEQ,790,1,3262,1,9699,True,T7MNEejWxrMCqDm-FITKEQ
1997,2013,6,278,Brussels,50.85400535675235,4.351848505251555,Lex0Kby65i99b-ngy0ESbA,804,1,1062,8,9701,True,Lex0Kby65i99b-ngy0ESbA
2629,2019,4,244,Brussels,50.8618395464802,4.364654271017393,6aVTnz0gOWrDRUm2eGMZfw,1670,0,1894,6,9704,True,6aVTnz0gOWrDRUm2eGMZfw
20,2013,6,238,Brussels,50.82840685929327,4.328550610095517,JVQQnpA-vB-wLgoVgG_IEA,979,0,1032,8,9705,True,JVQQnpA-vB-wLgoVgG_IEA
1247,2017,5,253,Brussels,50.84405345458711,4.384236223644932,CdXwTsZalPBmnFT8vtcF2g,1247,0,1353,4,9707,True,CdXwTsZalPBmnFT8vtcF2g
1899,2009,4,186,Brussels,50.85312136733918,4.333023700973017,7WebKNHgNZTay3qDuMu9cg,1176,0,1268,5,9716,True,7WebKNHgNZTay3qDuMu9cg
2674,2017,5,245,Brussels,50.86285968025781,4.333748413972253,VnTnAtJHryvrxNtiX7JEHA,812,0,844,5,9717,True,VnTnAtJHryvrxNtiX7JEHA
347,2009,4,37,Brussels,50.83299588438221,4.342314227093698,5rX3kFrgDieDq9pVS3XpSw,1425,0,1577,3,9720,True,5rX3kFrgDieDq9pVS3XpSw
1955,2011,3,29,Brussels,50.85407266452877,4.314503836470207,I3c6mitR5u0cioomjCm5PQ,1557,2,3263,2,9727,True,I3c6mitR5u0cioomjCm5PQ
1180,2014,9,306,Brussels,50.84388712302372,4.316035812959835,jWHJ6ShE4toEcw63xCLsPQ,1488,0,1651,6,9729,True,jWHJ6ShE4toEcw63xCLsPQ
2917,2019,3,203,Brussels,50.86600575047933,4.341214137783158,Jqb5Osn6IDaF4jBXwwoj9w,858,0,898,4,9730,True,Jqb5Osn6IDaF4jBXwwoj9w
2770,2009,4,232,Brussels,50.86390999532445,4.349447066021262,3wk4HZNaa_M_cXzoE6xSEg,1736,0,1985,6,9733,True,3wk4HZNaa_M_cXzoE6xSEg
454,2009,6,3,Brussels,50.83385260364213,4.371357060665747,MhguK9VJzFQ4dkThBDleGg,1934,0,2305,5,9734,True,MhguK9VJzFQ4dkThBDleGg
100,2014,7,157,Brussels,50.82955689749708,4.329983846817096,SY6h_mtbhw4DfrD3dbsDgg,188,0,189,8,9737,True,SY6h_mtbhw4DfrD3dbsDgg
2411,2014,7,202,Brussels,50.8588977502104,4.377111007908851,XOxGUffxMUBoxT5fDIm7Bw,726,3,3265,2,9740,True,XOxGUffxMUBoxT5fDIm7Bw
392,2019,5,235,Brussels,50.8340161862651,4.309180130807082,gGcBE66bWhBgNZxkhviCfA,925,0,975,6,9747,True,gGcBE66bWhBgNZxkhviCfA
1845,2014,7,60,Brussels,50.85220596387644,4.358104605625004,c0B9e8jhIntlAxPyx2nhrg,1579,1,3266,4,9750,True,c0B9e8jhIntlAxPyx2nhrg
1104,2014,9,211,Brussels,50.84330563749936,4.316081378279545,uwgXLsorZmhg-i3w_xWqfA,1543,2,3267,2,9754,True,uwgXLsorZmhg-i3w_xWqfA
2091,2013,7,237,Brussels,50.85519354871143,4.37228171790694,r9WI15EM8831YEpU-odHXw,1827,1,3268,1,9764,True,r9WI15EM8831YEpU-odHXw
1540,2020,11,22,Brussels,50.8480051067897,4.365039342372874,in8-_z1e7OZWhq4Eh0O1gA,2052,0,2533,8,9765,True,in8-_z1e7OZWhq4Eh0O1gA
608,2014,7,285,Brussels,50.83583019665986,4.36899310441821,kJeZc2pmvNLbSojHDbmkSA,798,0,829,3,9780,True,kJeZc2pmvNLbSojHDbmkSA
1547,2013,7,351,Brussels,50.84809798223812,4.376325861400383,UvY8PC7Wt3AkKPcohGMlRQ,208,0,210,3,9781,True,UvY8PC7Wt3AkKPcohGMlRQ
1844,2019,3,225,Brussels,50.85202061787851,4.35921019848207,jIahGe6gA4-8jPmAZmuQXw,1828,1,2581,3,9784,True,jIahGe6gA4-8jPmAZmuQXw
414,2013,6,308,Brussels,50.83382171677224,4.331041579357956,P6qnQ_hhSIwKSshyDslBHg,1853,0,2175,4,9793,True,P6qnQ_hhSIwKSshyDslBHg
527,2017,5,174,Brussels,50.83505274298726,4.366260953729772,0wvum_FJeKldNXkChIjmRg,1692,2,3269,1,9797,True,0wvum_FJeKldNXkChIjmRg
709,2014,9,149,Brussels,50.83798316318761,4.314097182850598,j1c9BD4MHXQ0kAmwIBaC3g,1572,1,3270,2,9799,True,j1c9BD4MHXQ0kAmwIBaC3g
126,2013,7,272,Brussels,50.82983881407957,4.35561626011816,KejthpMQPwYOSN2YRJ-P5g,2113,0,2659,4,9804,True,KejthpMQPwYOSN2YRJ-P5g
1488,2017,5,172,Brussels,50.84836288636745,4.31621523112182,jITJBOcXSvua-YCitgaj4g,923,1,2403,9,9807,True,jITJBOcXSvua-YCitgaj4g
2641,2020,11,306,Brussels,50.86200048408961,4.376166535215783,tBMOfsVIcxQCTOC2ZJD-nw,1511,0,1679,7,9809,True,tBMOfsVIcxQCTOC2ZJD-nw
176,2010,10,249,Brussels,50.83219208061666,4.32579198051423,QbSl9eNlM2xUVOMl8dCX3A,1190,1,1443,10,9819,True,QbSl9eNlM2xUVOMl8dCX3A
85,2013,7,314,Brussels,50.83004582155845,4.314128133915339,7VNr8zzGB8xIrEdJX0Hkvg,2041,0,2516,3,9821,True,7VNr8zzGB8xIrEdJX0Hkvg
1147,2010,10,258,Brussels,50.84281880935105,4.36029345240207,IgypbToqmkt76B4slv7Yjg,2260,0,3095,4,9822,True,IgypbToqmkt76B4slv7Yjg
1671,2020,7,19,Brussels,50.84963986928464,4.336954095778566,A0I_b_pMhsRGcohVwJz2zg,1449,0,1606,5,9826,True,A0I_b_pMhsRGcohVwJz2zg
1337,2009,3,184,Brussels,50.84606623131187,4.314985198413706,om2erH1dxGI77-fgFpK_zQ,433,0,439,5,9827,True,om2erH1dxGI77-fgFpK_zQ
2646,2013,7,34,Brussels,50.86191489484536,4.378003271602021,3MLLAIyO7NIG1DFasICQQw,1411,1,1614,3,9828,True,3MLLAIyO7NIG1DFasICQQw
2258,2014,7,72,Brussels,50.85699294380937,4.378229492023926,ff9zEni38d5FiVDUEfkJ6A,784,1,3271,1,9835,True,ff9zEni38d5FiVDUEfkJ6A
1346,2013,6,150,Brussels,50.84589818984068,4.323232598724665,fIs3wt31HhTYlGYsLfcPPg,959,1,3272,1,9838,True,fIs3wt31HhTYlGYsLfcPPg
351,2009,4,2,Brussels,50.83315616087202,4.346200174439683,I4gakz1xXRu8c5CQ7hNHbg,2141,1,3273,2,9845,True,I4gakz1xXRu8c5CQ7hNHbg
1148,2013,7,340,Brussels,50.84233564259186,4.36716969145878,0cjpe9YOYXNSJegdvXVmnw,1588,1,3274,1,9846,True,0cjpe9YOYXNSJegdvXVmnw
1389,2020,7,299,Brussels,50.84597154242205,4.372521843649601,JY2cYSGEVwfPSqurTqhFmA,1259,0,1367,6,9848,True,JY2cYSGEVwfPSqurTqhFmA
2198,2017,5,239,Brussels,50.85683763087531,4.317491188571136,jWANXhS1x1xPnRnVXnjGuQ,2025,1,3275,2,9855,True,jWANXhS1x1xPnRnVXnjGuQ
204,2019,3,153,Brussels,50.83063403525877,4.354833416086231,oaKw_7bDA2DwIusg2fZ_4w,242,0,245,4,9865,True,oaKw_7bDA2DwIusg2fZ_4w
1498,2014,9,230,Brussels,50.84745950555936,4.325975181358101,CE61ndURNXaCmtsrU8srKw,1336,1,2095,4,9866,True,CE61ndURNXaCmtsrU8srKw
1036,2009,8,317,Brussels,50.84198877531749,4.330220910236459,aii044d5C9WvOwAUaaY-9Q,583,0,598,3,9871,True,aii044d5C9WvOwAUaaY-9Q
1486,2011,3,244,Brussels,50.84700630810319,4.384841680182029,IugZM1U9tfE-_-VdjM-Ecg,1057,0,1126,8,9874,True,IugZM1U9tfE-_-VdjM-Ecg
2353,2014,9,289,Brussels,50.85918606752038,4.319241157514877,CBPOxZ3dzzbDUvHy1Bq7QQ,1734,0,1982,4,9878,True,CBPOxZ3dzzbDUvHy1Bq7QQ
2567,2009,6,278,Brussels,50.86078377196257,4.376993685229658,GO0TaveIlfvcEDcj-uKXbw,132,0,132,4,9881,True,GO0TaveIlfvcEDcj-uKXbw
1976,2019,3,9,Brussels,50.85412627587905,4.336729966835886,fxB6Q_NC01DhLYbaEZrmig,945,0,997,7,9893,True,fxB6Q_NC01DhLYbaEZrmig
1970,2014,9,127,Brussels,50.85437704820683,4.330164845718654,RGcb05K7kFh3qs3yPlyH7A,1250,2,3277,1,9894,True,RGcb05K7kFh3qs3yPlyH7A
355,2020,10,291,Brussels,50.83295713016285,4.350262649936275,D5F8lwhRl_VMmILm6HZu9Q,394,0,400,6,9900,True,D5F8lwhRl_VMmILm6HZu9Q
2063,2020,6,208,Brussels,50.8549509862131,4.34242999900991,6pJv9NCs0ekBjTR2o2GLug,290,1,1003,3,9902,True,6pJv9NCs0ekBjTR2o2GLug
2665,2013,6,72,Brussels,50.86300500309815,4.317223442280881,KWWxpPoGCG8knxo7Vida_Q,1647,0,1865,7,9907,True,KWWxpPoGCG8knxo7Vida_Q
2102,2020,11,290,Brussels,50.85513741909974,4.384554519830479,euDoe7MEsUJ9ZvR0CKcnOg,2233,0,2940,3,9913,True,euDoe7MEsUJ9ZvR0CKcnOg
1338,2019,5,265,Brussels,50.84641882926411,4.317571640875401,p3CR4LlgMfsYC5sZtJ919Q,2012,0,2463,4,9917,True,p3CR4LlgMfsYC5sZtJ919Q
186,2013,7,68,Brussels,50.83113903515698,4.337540319434176,zwmWcn3gdtyS4vcn9YjFMA,614,1,3279,1,9920,True,zwmWcn3gdtyS4vcn9YjFMA
1996,2009,9,2,Brussels,50.85395515077523,4.354184351097549,sfGV-SRq78KYtAqXa6EjpA,853,2,3280,1,9927,True,sfGV-SRq78KYtAqXa6EjpA
24,2017,5,302,Brussels,50.82909751766486,4.331028161777373,-0ygCVEHrQ24hL7xWtU3WA,1591,0,1789,5,9933,True,-0ygCVEHrQ24hL7xWtU3WA
2589,2009,3,333,Brussels,50.86165151644204,4.325376599985172,n9Y1i3lvoEK5lvuleGEuFg,955,2,2916,4,9938,True,n9Y1i3lvoEK5lvuleGEuFg
180,2013,6,291,Brussels,50.83081672344336,4.33158706182037,OurU7kDYbfbOeXVuCh1rnA,126,0,126,6,9945,True,OurU7kDYbfbOeXVuCh1rnA
2189,2017,5,82,Brussels,50.85695535390203,4.311159241918199,AOp_Vhq94T_NtKI1topQPg,2086,1,2952,4,9947,True,AOp_Vhq94T_NtKI1topQPg
164,2009,3,355,Brussels,50.83105192571755,4.315130860950939,ArSWmoViHHdVT0GqhPEBAw,268,1,3282,2,9948,True,ArSWmoViHHdVT0GqhPEBAw
2484,2018,5,131,Brussels,50.86013540033503,4.374278472818254,MxLX7hr8JQrFx5INMkBozg,1602,0,1808,3,9956,True,MxLX7hr8JQrFx5INMkBozg
2891,2014,9,94,Brussels,50.86620213847908,4.314053823982209,YW1tOhsMXgG7dodKeii9lQ,1391,0,1535,5,9957,True,YW1tOhsMXgG7dodKeii9lQ
313,2013,6,288,Brussels,50.83292688765436,4.30824896725397,9CCX5uWCOyGvrFLo0tmwaQ,2171,2,3283,1,9959,True,9CCX5uWCOyGvrFLo0tmwaQ
1491,2014,9,24,Brussels,50.8485155249094,4.31802308834086,4FKuSK6gfLey810yi2sidw,1147,0,1238,6,9962,True,4FKuSK6gfLey810yi2sidw
2898,2019,9,286,Brussels,50.86601491838971,4.31716620927248,vtZsFmWmKRi5N_tq9gvcrQ,1587,0,1781,3,9964,True,vtZsFmWmKRi5N_tq9gvcrQ
726,2019,5,340,Brussels,50.83811642629986,4.331389052977555,n_PIswjO4GwTxG_y_Tborw,2238,0,2953,5,9979,True,n_PIswjO4GwTxG_y_Tborw
919,2017,5,327,Brussels,50.84009908133766,4.368248717399811,pkwBpcRwTnPuNx4XcdtmKg,1394,0,1538,4,9982,True,pkwBpcRwTnPuNx4XcdtmKg
661,2013,7,298,Brussels,50.83690744846945,4.344230914835688,hie-4s3gGacizAUFRp8s8g,1898,0,2247,7,9984,True,hie-4s3gGacizAUFRp8s8g
1586,2019,4,230,Brussels,50.8486613871456,4.33068292944071,7xU_MxMC3Ytc8Lzxs-3Y4A,800,1,2069,4,9986,True,7xU_MxMC3Ytc8Lzxs-3Y4A
2224,2019,3,177,Brussels,50.85699525994175,4.345164086553731,pV5gHfcuSssh83LIgTPhAg,644,1,1997,6,9998,True,pV5gHfcuSssh83LIgTPhAg
260,2013,7,10,Brussels,50.83205047144096,4.33317387646813,eTX99dnG0CCGJeAIof95hw,854,1,3284,1,10002,True,eTX99dnG0CCGJeAIof95hw
1209,2020,7,238,Brussels,50.84392992232688,4.347298815457162,QETYXckVOvFuFd7LWyDXlg,2237,0,2951,4,10007,True,QETYXckVOvFuFd7LWyDXlg
415,2009,6,254,Brussels,50.83412873138771,4.331996236631363,V_v66hdPk0F2ycNmsSBPPQ,763,1,2264,5,10015,True,V_v66hdPk0F2ycNmsSBPPQ
2507,2013,6,334,Brussels,50.86058884742441,4.313879117180258,QonfIxX1e1uUXCa8dC54eg,760,0,790,7,10017,True,QonfIxX1e1uUXCa8dC54eg
870,2020,11,234,Brussels,50.8399242345508,4.319343147612106,NoJvfT5I15Dqvk10r6KX8g,2062,0,2551,5,10018,True,NoJvfT5I15Dqvk10r6KX8g
1195,2013,6,335,Brussels,50.84426304253176,4.333692460675926,91ITcdR4niiq7gSwEDNYcg,1816,1,2642,3,10028,True,91ITcdR4niiq7gSwEDNYcg
1244,2020,7,216,Brussels,50.84389327470028,4.381155907600329,IPMdJwgBIZP2-Oq5lkEuxg,2200,0,2842,6,10032,True,IPMdJwgBIZP2-Oq5lkEuxg
2756,2014,9,50,Brussels,50.86398406843042,4.333157961227447,iC3zta24H1z_U2JYPDXECg,481,1,3285,1,10040,True,iC3zta24H1z_U2JYPDXECg
1754,2013,7,337,Brussels,50.85096588981874,4.345309866380658,89FDUUfk8CMDkfvKe0p4iQ,1885,0,2223,3,10044,True,89FDUUfk8CMDkfvKe0p4iQ
2397,2013,7,272,Brussels,50.85902463987502,4.363146577866951,CjCvcew6DjUY9api5Rxx5w,601,0,616,6,10048,True,CjCvcew6DjUY9api5Rxx5w
462,2014,7,176,Brussels,50.83406004255741,4.379083493751317,1YK5dHUg1wB_KWr2FlJk8A,302,1,1385,5,10054,True,1YK5dHUg1wB_KWr2FlJk8A
2248,2013,7,247,Brussels,50.85709972817033,4.375198343178973,zFYJcEG0jOptWMTu46U7nA,1444,0,1599,4,10058,True,zFYJcEG0jOptWMTu46U7nA
2687,2019,3,24,Brussels,50.86298077669435,4.341208668473564,bFiFvbQd36AESj94yAuEJQ,1082,1,3287,1,10061,True,bFiFvbQd36AESj94yAuEJQ
2950,2009,4,150,Brussels,50.86570602492031,4.370318999608181,fX-o2vZRxgBqp2Ex8mjzaw,932,1,3288,1,10065,True,fX-o2vZRxgBqp2Ex8mjzaw
1114,2020,7,342,Brussels,50.84270693524675,4.329902198103281,1T2m9X7i6n8yvl6xIXOM-w,924,0,974,4,10074,True,1T2m9X7i6n8yvl6xIXOM-w
193,2014,7,143,Brussels,50.83086559697652,4.34399980820385,ROANT5tJGYmw3Go4U6x7fA,1109,0,1189,3,10076,True,ROANT5tJGYmw3Go4U6x7fA
811,2009,8,150,Brussels,50.83915570535028,4.337932265362944,hASfT-uXPTscGaZ-u-CyVg,2042,0,2517,4,10077,True,hASfT-uXPTscGaZ-u-CyVg
1314,2020,7,47,Brussels,50.84496074560428,4.37614862065974,ql9R8uIE7m_0pXxjxXiQOg,69,1,1163,6,10079,True,ql9R8uIE7m_0pXxjxXiQOg
1570,2017,5,342,Brussels,50.84855411033048,4.318290358254649,6H9nRfcvQ8lERTk82z1-tA,1283,3,3289,1,10088,True,6H9nRfcvQ8lERTk82z1-tA
1314,2014,7,223,Brussels,50.84497304681727,4.376116781179766,zhr2DkMPPKjCm2ahj7Z3gg,69,0,69,3,10095,True,zhr2DkMPPKjCm2ahj7Z3gg
1795,2014,9,55,Brussels,50.85207290280995,4.31017866519848,UhUt7ML4hHR2g-frWCa1Ig,1618,0,1830,3,10096,True,UhUt7ML4hHR2g-frWCa1Ig
1713,2019,9,77,Brussels,50.84988547228853,4.378230473316469,pbfhuB9r2H7NAEiuYOrFWQ,28,0,28,10,10098,True,pbfhuB9r2H7NAEiuYOrFWQ
2280,2013,7,46,Brussels,50.85799450233301,4.319222081729751,wofIhWB-mn5dnBHZQSVoDg,1830,0,2139,5,10099,True,wofIhWB-mn5dnBHZQSVoDg
179,2014,7,226,Brussels,50.8304710148426,4.331145001165626,HIO7evkXpOZG1dplhnkTZw,920,0,968,6,10100,True,HIO7evkXpOZG1dplhnkTZw
2055,2013,7,235,Brussels,50.85463505397711,4.332620048696973,1eZGTEDECSfRkIPkF1HeMw,960,1,3290,1,10104,True,1eZGTEDECSfRkIPkF1HeMw
1239,2017,5,204,Brussels,50.84381871435414,4.377088754350338,2kvjTSt8Q_hKP2-5LEVY8Q,2064,0,2553,7,10105,True,2kvjTSt8Q_hKP2-5LEVY8Q
2744,2019,5,289,Brussels,50.86400483920378,4.323139667456855,RaEBJQFk4W5FAj43eMWwPA,1705,0,1943,4,10107,True,RaEBJQFk4W5FAj43eMWwPA
888,2014,7,145,Brussels,50.83999509592094,4.337098481409732,vItpKZ_oChtqbPBFWyzgxw,1751,1,3291,1,10109,True,vItpKZ_oChtqbPBFWyzgxw
2439,2017,5,283,Brussels,50.86023963951653,4.326719082549083,cvnQv54ouDM9J9I-v-LbaQ,574,1,2360,3,10110,True,cvnQv54ouDM9J9I-v-LbaQ
715,2009,8,255,Brussels,50.83803305685785,4.320214628661047,7lC-J_QnTh1tbQCLW90YSA,2059,0,2545,5,10111,True,7lC-J_QnTh1tbQCLW90YSA
1631,2017,5,273,Brussels,50.84906302987601,4.377252385438544,I49N1XLrB6hGJscTi5rKww,51,0,51,8,10121,True,I49N1XLrB6hGJscTi5rKww
1906,2013,6,61,Brussels,50.852974934151,4.341313929249095,nZdd1hoY3Er5-QKiSGIjQA,714,1,3292,1,10123,True,nZdd1hoY3Er5-QKiSGIjQA
1833,2020,11,182,Brussels,50.85193039965698,4.343191344217899,_9VxqIFNII0ciX6ori9kHQ,857,1,3293,2,10126,True,_9VxqIFNII0ciX6ori9kHQ
2175,2020,11,54,Brussels,50.85604201928837,4.377887548288992,E3rFrvTgiW-EU0Vu4LH0Tw,2257,0,3066,6,10128,True,E3rFrvTgiW-EU0Vu4LH0Tw
2212,2019,4,247,Brussels,50.85715216552585,4.333124072693124,yZ3X95Lzp3-m5N0UvgOJqg,1820,0,2118,4,10131,True,yZ3X95Lzp3-m5N0UvgOJqg
2808,2014,9,347,Brussels,50.8653354252558,4.309915392405773,9wEAJulHUHvwTto_Vi6ksw,86,0,86,4,10133,True,9wEAJulHUHvwTto_Vi6ksw
1668,2009,9,100,Brussels,50.8501144818427,4.341775406510545,0xgAEyVlOsqyxENs4lEpcw,366,0,371,7,10134,True,0xgAEyVlOsqyxENs4lEpcw
519,2009,4,2,Brussels,50.83483722288273,4.35805479765466,zpzM2qeIMpxjNQR1IU1fgg,1071,1,2112,3,10138,True,zpzM2qeIMpxjNQR1IU1fgg
2251,2020,6,94,Brussels,50.85707055420139,4.372241616742568,lNgIe-dRIzcNuhuUmYY_Ag,1743,0,1999,6,10144,True,lNgIe-dRIzcNuhuUmYY_Ag
486,2013,6,58,Brussels,50.83500511880442,4.325156391304394,_UuFWjZQej8DccdI2Z71aw,1895,1,3294,2,10145,True,_UuFWjZQej8DccdI2Z71aw
2736,2014,9,44,Brussels,50.86398459033244,4.312943323141465,49nEh1X8xt7CJcEzrCQvZw,295,0,299,5,10152,True,49nEh1X8xt7CJcEzrCQvZw
2565,2018,5,258,Brussels,50.86077390011933,4.375125837048561,zpBHW0o8uFH_bJRBYO2tIQ,1519,0,1688,6,10154,True,zpBHW0o8uFH_bJRBYO2tIQ
2003,2009,10,100,Brussels,50.85402308197055,4.363217295224629,8kEoFWa2bHwpx33XFb2MVg,153,0,153,10,10157,True,8kEoFWa2bHwpx33XFb2MVg
308,2014,7,127,Brussels,50.83188488563512,4.381547507567578,Uzs1ox6Pj6yXyzHsih25hg,238,1,3295,1,10160,True,Uzs1ox6Pj6yXyzHsih25hg
199,2019,3,58,Brussels,50.83112672390759,4.350674625550995,EtMUpIgLLregcSa9MceYQA,2001,0,2442,4,10162,True,EtMUpIgLLregcSa9MceYQA
231,2014,7,190,Brussels,50.83071158023955,4.382405878759321,rIQ6UBKad5e1S5YjHIctBg,2251,1,3296,2,10171,True,rIQ6UBKad5e1S5YjHIctBg
2164,2013,7,346,Brussels,50.85603017009186,4.362508644061932,whNTpydxjXzi_AG5hDTd_g,1502,0,1668,5,10180,True,whNTpydxjXzi_AG5hDTd_g
2145,2009,4,262,Brussels,50.85594408528078,4.345213842620371,qktv-k65kLbVVW0sb-pMVA,1726,1,3298,1,10185,True,qktv-k65kLbVVW0sb-pMVA
2340,2009,6,52,Brussels,50.85784919465828,4.383760350385654,XH5pSg0gWgJ3AU5iJzyYyg,1084,0,1158,8,10187,True,XH5pSg0gWgJ3AU5iJzyYyg
1347,2009,4,317,Brussels,50.84596936731586,4.326102163886996,XEMaKQzyyjivGmJZvmRVeQ,2007,1,3299,1,10191,True,XEMaKQzyyjivGmJZvmRVeQ
2017,2009,6,318,Brussels,50.8540919883951,4.372211488645735,PnhbDGDjkOqX2IoAfh0rqg,1677,0,1903,7,10199,True,PnhbDGDjkOqX2IoAfh0rqg
2343,2013,10,244,Brussels,50.85922950931243,4.310244524480212,asrrJZuvdmV67frvYo3Uzg,1294,0,1412,6,10201,True,asrrJZuvdmV67frvYo3Uzg
1809,2009,3,72,Brussels,50.85197112556405,4.320578577859539,ezqWj_1UPo3DfHYzzoosqw,274,1,1492,4,10205,True,ezqWj_1UPo3DfHYzzoosqw
303,2013,7,263,Brussels,50.83202793051233,4.376135024083029,KCphSjlu9SqXMlCyJTnU0g,1851,1,3300,1,10216,True,KCphSjlu9SqXMlCyJTnU0g
922,2014,10,264,Brussels,50.83997334142875,4.371253008251834,oavZuh4AXSqU04f-ARNbVA,253,0,256,7,10217,True,oavZuh4AXSqU04f-ARNbVA
737,2019,4,312,Brussels,50.83807975911255,4.342583532375219,T1oynOUyQYJ9oKDGF8KBXw,610,0,625,6,10218,True,T1oynOUyQYJ9oKDGF8KBXw
2092,2019,4,262,Brussels,50.85516495801021,4.368354745762836,274iVj7TureKs7krAeu1SQ,1405,0,1553,6,10228,True,274iVj7TureKs7krAeu1SQ
567,2013,6,318,Brussels,50.83606297468129,4.328994908648554,qXNmr4UnNi9CtWpLiMWhng,1504,0,1672,5,10233,True,qXNmr4UnNi9CtWpLiMWhng
2525,2019,3,131,Brussels,50.86139189209914,4.336572320465194,XzbFKx_a1T6rcfrE5C8nlg,894,0,938,4,10241,True,XzbFKx_a1T6rcfrE5C8nlg
1638,2013,7,190,Brussels,50.8489730099863,4.38210720797833,p9bbIpTPMkkc9MntB9_LZA,580,0,595,5,10247,True,p9bbIpTPMkkc9MntB9_LZA
796,2009,8,37,Brussels,50.83910432264422,4.32310109749642,TMmH8dJwsb9qCsUTMwMb8A,723,0,750,6,10248,True,TMmH8dJwsb9qCsUTMwMb8A
362,2020,6,243,Brussels,50.83305397888583,4.357022835870869,4dEhi1Ma8wp7Gv0DJIo0tA,729,1,3301,2,10250,True,4dEhi1Ma8wp7Gv0DJIo0tA
1637,2013,6,356,Brussels,50.85026928048696,4.308627068009474,SWC9FscL5X4sj1loPy7pvw,1903,0,2256,4,10256,True,SWC9FscL5X4sj1loPy7pvw
2642,2020,6,13,Brussels,50.8619441340391,4.374205022501707,hnQ8v6rEQpiTXC1yYe04YQ,2280,0,3303,1,10264,True,hnQ8v6rEQpiTXC1yYe04YQ
2402,2013,7,108,Brussels,50.8588567112012,4.37459861082668,G_1py6BaoK72oIwCJz08qg,815,0,847,8,10266,True,G_1py6BaoK72oIwCJz08qg
346,2019,3,87,Brussels,50.83321572900564,4.341281911139553,COS3CRPaxTUeZltQkACzvA,1152,1,3304,1,10275,True,COS3CRPaxTUeZltQkACzvA
889,2013,6,162,Brussels,50.84026160761715,4.337856653233176,_NuQHrpPiKdm_RoeT1QwhA,1730,0,1977,5,10279,True,_NuQHrpPiKdm_RoeT1QwhA
549,2019,5,283,Brussels,50.83606090516639,4.310146328615173,slSvymfuzrfuMBuhDEuykA,2097,0,2624,5,10280,True,slSvymfuzrfuMBuhDEuykA
1672,2020,7,155,Brussels,50.84991326696196,4.338272223051312,IfSCtFpstF4n1VDIe2vaHA,2242,0,2969,4,10284,True,IfSCtFpstF4n1VDIe2vaHA
1324,2019,10,265,Brussels,50.84506746537872,4.383762995081257,vUlGDXiKmBYTYmItpt6kyw,745,3,3305,3,10287,True,vUlGDXiKmBYTYmItpt6kyw
1006,2020,6,213,Brussels,50.84078619569797,4.37203314964855,q8FisrX9DZqRiDyCdsiRAg,899,0,945,3,10288,True,q8FisrX9DZqRiDyCdsiRAg
261,2014,7,212,Brussels,50.83179675199636,4.333824540194914,JLIxP1MWELB3cLEqj6zhFQ,210,0,212,4,10292,True,JLIxP1MWELB3cLEqj6zhFQ
2303,2009,4,92,Brussels,50.85784469871228,4.351578939447902,yMICLj_muTaWkTjOAUJDmA,2161,0,2745,4,10297,True,yMICLj_muTaWkTjOAUJDmA
1729,2014,9,101,Brussels,50.85090590521123,4.324085600819555,lZhrjbrbf5nFipmPrD9Yng,851,2,3306,1,10299,True,lZhrjbrbf5nFipmPrD9Yng
1793,2020,11,178,Brussels,50.85114087611825,4.379464862962977,1sQITr4WoCyAFxcFjeZVMQ,1170,0,1262,5,10307,True,1sQITr4WoCyAFxcFjeZVMQ
2163,2017,6,318,Brussels,50.85585356598172,4.368503600104813,4nhI8qojSJEw_qmkBykDSg,2000,0,2441,5,10308,True,4nhI8qojSJEw_qmkBykDSg
2004,2019,3,158,Brussels,50.85405954263312,4.362218283369941,yWvboPZItSwama_xWmY0Fw,1974,0,2374,6,10313,True,yWvboPZItSwama_xWmY0Fw
702,2011,3,357,Brussels,50.83802848667969,4.307095167565627,PXl34PfGXFg4itgXVOYM7g,424,2,3307,1,10316,True,PXl34PfGXFg4itgXVOYM7g
1907,2013,10,124,Brussels,50.85298585499699,4.338542464301969,bi10U2QltrFC5SGa7q-AAQ,530,2,3308,2,10319,True,bi10U2QltrFC5SGa7q-AAQ
789,2013,6,276,Brussels,50.83894750327541,4.316137386671858,Adz0qDCzrx4x9sP5EYWaPQ,7,0,7,3,10321,True,Adz0qDCzrx4x9sP5EYWaPQ
259,2019,4,188,Brussels,50.83222291455359,4.332300261420292,HDOMXBTJ6zfNrkjfcg62qQ,661,1,3309,1,10332,True,HDOMXBTJ6zfNrkjfcg62qQ
2587,2009,3,9,Brussels,50.86203196804951,4.318104849655415,Th1ZAKoDJPQks2EHzYpclQ,956,1,2381,3,10344,True,Th1ZAKoDJPQks2EHzYpclQ
1400,2013,7,343,Brussels,50.84600692895367,4.376266574955395,5qeO3bKj4n87wuBDpFz_yQ,112,1,3310,1,10345,True,5qeO3bKj4n87wuBDpFz_yQ
879,2017,5,184,Brussels,50.84010872051286,4.328458136760935,rE2KlW5F4zg5jEoBa11geA,1505,0,1673,5,10347,True,rE2KlW5F4zg5jEoBa11geA
2104,2019,4,191,Brussels,50.85520791807761,4.380772484646947,k3YQ7TTSgYibtuFVUPntbA,1719,1,2425,3,10352,True,k3YQ7TTSgYibtuFVUPntbA
1909,2020,7,254,Brussels,50.85298391796933,4.345136502619085,vGX_Z6sWBHMfCVC6er5paw,1052,0,1120,5,10360,True,vGX_Z6sWBHMfCVC6er5paw
587,2014,7,43,Brussels,50.83591742497988,4.348078100944281,6T5iO8O4QUj7cE3hsh7fZg,2220,0,2903,5,10361,True,6T5iO8O4QUj7cE3hsh7fZg
1152,2009,4,177,Brussels,50.84287329582167,4.368916467627773,TeVZqQAoVTiwkWtbfK7SMg,439,0,448,7,10365,True,TeVZqQAoVTiwkWtbfK7SMg
83,2013,6,167,Brussels,50.82946436442398,4.313453943713819,AGZqxRiAW-VaR-MIdMW4FA,1680,0,1906,4,10366,True,AGZqxRiAW-VaR-MIdMW4FA
606,2014,7,162,Brussels,50.83598096458322,4.368099801139588,wDtUt_qyHfL-9PyCRtCS1w,2205,1,3311,1,10375,True,wDtUt_qyHfL-9PyCRtCS1w
2216,2019,3,228,Brussels,50.85713082977293,4.338258814647959,v4xfnV3DiVmTUSq2KOCRtw,89,1,3312,1,10379,True,v4xfnV3DiVmTUSq2KOCRtw
2304,2020,7,235,Brussels,50.8577578292233,4.350011019545027,JomLiHIqgKJTREygk51Jxg,1139,0,1230,6,10380,True,JomLiHIqgKJTREygk51Jxg
1766,2009,9,91,Brussels,50.85097790279495,4.352280320065307,yZKF7YAtAOeyJU319SII6A,321,4,3313,1,10389,True,yZKF7YAtAOeyJU319SII6A
1112,2011,3,318,Brussels,50.84327298119836,4.323532455713919,X6rDo7Fd2SxZ2g6iQFBBoA,64,0,64,3,10392,True,X6rDo7Fd2SxZ2g6iQFBBoA
2514,2009,3,265,Brussels,50.86147428689574,4.325516905833267,TAQKJ6TiMyKqcnqCVAj3TQ,1272,1,3011,3,10397,True,TAQKJ6TiMyKqcnqCVAj3TQ
1933,2017,5,206,Brussels,50.85339078490961,4.364424843808314,2MNJIyY5-RyB2Mx3pE2Kmg,892,0,936,9,10399,True,2MNJIyY5-RyB2Mx3pE2Kmg
2313,2019,3,117,Brussels,50.85802714002452,4.353914915473722,H9A0sMBe9fLB2rQ4hcUaCw,2057,1,3314,1,10401,True,H9A0sMBe9fLB2rQ4hcUaCw
1003,2009,4,316,Brussels,50.84105281020714,4.378203071092123,3R9t2InyoubPwX8danOSlg,1661,0,1883,4,10402,True,3R9t2InyoubPwX8danOSlg
2723,2017,5,19,Brussels,50.86294073264616,4.376440522457173,q_hsIVZUZto2pFwT7KPQCw,1767,0,2036,5,10410,True,q_hsIVZUZto2pFwT7KPQCw
637,2014,8,239,Brussels,50.83689971975677,4.320050159957086,NNKEpwQS9-iEG84hbl7NRQ,2163,1,3315,2,10414,True,NNKEpwQS9-iEG84hbl7NRQ
601,2009,4,159,Brussels,50.8361363432668,4.362023558310246,ajsPcn8WJ7p_I8VGGhfutg,432,0,438,6,10418,True,ajsPcn8WJ7p_I8VGGhfutg
1643,2019,5,226,Brussels,50.84977352561211,4.312471588378317,c5U2FNYjtLYf6lBQ3dxI0A,1370,0,1509,3,10432,True,c5U2FNYjtLYf6lBQ3dxI0A
2005,2014,7,99,Brussels,50.85382454760147,4.360642365338512,0uIlO5Lo8xduZ9Sz7geApw,1871,0,2204,6,10433,True,0uIlO5Lo8xduZ9Sz7geApw
1316,2010,10,37,Brussels,50.84514700939985,4.375270113238342,ahez63_t41cjDBgek5qHeg,1522,1,2126,5,10434,True,ahez63_t41cjDBgek5qHeg
147,2019,4,111,Brussels,50.82997275289009,4.375864507739704,G8ev7fBsyqoQCcrVp_WBLQ,2049,0,2526,4,10439,True,G8ev7fBsyqoQCcrVp_WBLQ
2760,2020,7,333,Brussels,50.8641634470598,4.332641115533169,vFI64up_lf94TXC6pTy2ew,219,0,222,4,10445,True,vFI64up_lf94TXC6pTy2ew
2351,2009,3,352,Brussels,50.85923152123213,4.317448307524182,BrsA_4mo1EWjBf-EhK0YCQ,1844,1,3316,1,10447,True,BrsA_4mo1EWjBf-EhK0YCQ
2051,2013,7,262,Brussels,50.85496933372982,4.332164305089882,MhuQf_aDnygOh7GLofz_xw,143,0,143,5,10449,True,MhuQf_aDnygOh7GLofz_xw
2497,2009,9,217,Brussels,50.86029346070019,4.306564355959925,AaDREOjIEw88I1XfTKUSHQ,1949,0,2333,4,10451,True,AaDREOjIEw88I1XfTKUSHQ
1233,2020,6,348,Brussels,50.84374594138005,4.370061836175232,2I_rsSCEsis4y9PsG9qs6g,1627,0,1842,4,10454,True,2I_rsSCEsis4y9PsG9qs6g
1547,2019,5,173,Brussels,50.84810946054361,4.376310434377647,KrzPsrDwNDaGrnG-P0R1gw,208,1,271,5,10461,True,KrzPsrDwNDaGrnG-P0R1gw
6,2013,7,59,Brussels,50.82909386403615,4.313028112021994,tQZHVUDMgHjd3YLYfls1ZA,1073,1,3317,2,10469,True,tQZHVUDMgHjd3YLYfls1ZA
1468,2020,7,212,Brussels,50.84718639051979,4.371174318157812,YosXBCc57Q4s-AZ1VBNXwg,2145,0,2712,6,10470,True,YosXBCc57Q4s-AZ1VBNXwg
185,2017,6,67,Brussels,50.83097263847869,4.336124535533028,IVdmA5YvXWV-DX8ijznepQ,93,1,2339,3,10475,True,IVdmA5YvXWV-DX8ijznepQ
2018,2013,7,154,Brussels,50.8539645383434,4.376251345922328,lVUsjh33AdXrV7SxN_9w6w,2243,2,3318,1,10478,True,lVUsjh33AdXrV7SxN_9w6w
1569,2014,9,8,Brussels,50.84929597593031,4.319478176849214,Q0yQ18NKEFoOlyYyy-ejCQ,2272,0,3208,4,10479,True,Q0yQ18NKEFoOlyYyy-ejCQ
1935,2017,5,257,Brussels,50.85310437849654,4.373485777158423,gT8EXbk6sfXEbQDz-HtpjQ,946,2,3319,1,10480,True,gT8EXbk6sfXEbQDz-HtpjQ
1370,2020,6,231,Brussels,50.84586415288887,4.350163482949739,ACLu5ClYzWw1_I38wmVldg,2026,0,2487,5,10482,True,ACLu5ClYzWw1_I38wmVldg
2035,2013,10,218,Brussels,50.85487498238783,4.312517691617408,s4SHjvfhDO_DxsLnHcdjCQ,943,0,995,4,10487,True,s4SHjvfhDO_DxsLnHcdjCQ
1051,2009,9,17,Brussels,50.84207409662224,4.343109302181237,J9RQig_v4tQMSvldGSfYrA,837,0,875,4,10490,True,J9RQig_v4tQMSvldGSfYrA
2872,2019,3,70,Brussels,50.8649488530082,4.37116366651826,ZrI7BoNOCBF8In1X6Z7mCw,733,0,760,5,10491,True,ZrI7BoNOCBF8In1X6Z7mCw
2883,2020,6,124,Brussels,50.86511159521507,4.382048689920034,MeBvd7JL00bklHuDM6G18Q,2040,3,3320,1,10494,True,MeBvd7JL00bklHuDM6G18Q
2019,2013,7,24,Brussels,50.85410253804795,4.370967565354309,AztQ0aKK_QYDlFMbR7-vxg,860,1,3321,1,10496,True,AztQ0aKK_QYDlFMbR7-vxg
1801,2013,10,158,Brussels,50.85204386011344,4.320567936259257,Jrim4bBW_6idkJmqSEohHA,274,0,278,4,10514,True,Jrim4bBW_6idkJmqSEohHA
300,2020,6,287,Brussels,50.83205420890825,4.373255637365419,CZKpn0nv6df_feRT6TKCNw,1208,0,1306,5,10531,True,CZKpn0nv6df_feRT6TKCNw
1033,2013,6,262,Brussels,50.84302000681843,4.323166631831455,IumIgGcMhdVcVxNyGq04wA,251,1,804,6,10532,True,IumIgGcMhdVcVxNyGq04wA
2621,2019,3,296,Brussels,50.86206483991489,4.359246572675821,e1vltt69Wxcrlffn1eb84g,1937,0,2309,7,10534,True,e1vltt69Wxcrlffn1eb84g
1051,2019,4,203,Brussels,50.84205210557374,4.343111679917407,kkfqp5rHnGrxyVqaru2rIQ,837,1,2166,4,10535,True,kkfqp5rHnGrxyVqaru2rIQ
1356,2009,4,190,Brussels,50.84596136187859,4.337227070865525,kUlHuMfHKCHNkC0T-tbaDw,1835,1,3322,1,10536,True,kUlHuMfHKCHNkC0T-tbaDw
1125,2017,6,306,Brussels,50.84301380917215,4.33797715576588,hNhlw_yurvwvPsaqGrwEvA,2262,1,3323,1,10539,True,hNhlw_yurvwvPsaqGrwEvA
1436,2014,7,129,Brussels,50.84663770237407,4.343718344426599,MaK8LRPpQSNQZQsg5v9InQ,386,1,3025,3,10540,True,MaK8LRPpQSNQZQsg5v9InQ
346,2017,5,278,Brussels,50.83320355988855,4.341314752311173,fXgRErREEZq_clttY0Np-A,1152,0,1243,4,10541,True,fXgRErREEZq_clttY0Np-A
1685,2018,5,236,Brussels,50.85002206698313,4.350304132658641,yQupGpi5wU_p2wwPHYnIWw,2066,2,3324,1,10542,True,yQupGpi5wU_p2wwPHYnIWw
2295,2020,6,197,Brussels,50.85795372009242,4.345284252558224,Fh6H4M1RbKomjRjJs5sdwA,1140,0,1231,7,10543,True,Fh6H4M1RbKomjRjJs5sdwA
2709,2017,5,5,Brussels,50.86299096819113,4.365285890712534,gIzVnvBuUdNudqFqDr3Z_Q,1811,0,2102,4,10547,True,gIzVnvBuUdNudqFqDr3Z_Q
1005,2019,9,201,Brussels,50.84075084186273,4.377157807500697,H1RZOAlL-x8PyUyXy_TObg,2239,0,2957,8,10549,True,H1RZOAlL-x8PyUyXy_TObg
2457,2009,8,56,Brussels,50.85995894217425,4.346147026368524,SKMf09Gsf44nOAsf9YT-JA,1672,0,1896,5,10551,True,SKMf09Gsf44nOAsf9YT-JA
2288,2019,4,50,Brussels,50.85785940986882,4.33341862979209,w2YwKGURYCiU3yjJPE_LbA,509,0,520,3,10559,True,w2YwKGURYCiU3yjJPE_LbA
233,2019,4,36,Brussels,50.83101301268569,4.384245735725703,XpmufuuwYWe3mSA5HLDyRg,1999,1,3302,3,10561,True,XpmufuuwYWe3mSA5HLDyRg
1871,2020,11,245,Brussels,50.85213491627028,4.381419927596461,UP-m5PXIjz2QfgA89NH1tA,666,0,686,7,10563,True,UP-m5PXIjz2QfgA89NH1tA
381,2013,7,95,Brussels,50.83324285313122,4.375970094745001,VGjo7jqZM9O-0eyCgr9rPA,332,2,3325,1,10571,True,VGjo7jqZM9O-0eyCgr9rPA
2713,2020,7,240,Brussels,50.86295391018835,4.367148945464283,2BTaDO9rKrSqiNobtX-BpA,525,0,537,8,10576,True,2BTaDO9rKrSqiNobtX-BpA
1833,2017,6,345,Brussels,50.85192656054167,4.343202873536218,ZhikMriUN10KaGjR0nGd0Q,857,0,897,5,10581,True,ZhikMriUN10KaGjR0nGd0Q
2318,2009,4,203,Brussels,50.85795925316096,4.361503606528604,1uNd6F7bWQdORRO2pckuqw,1780,0,2060,8,10584,True,1uNd6F7bWQdORRO2pckuqw
885,2009,4,305,Brussels,50.83983756932687,4.334360388793534,GDAjBeBKs9f3bAyPVe0W_A,826,1,3326,4,10590,True,GDAjBeBKs9f3bAyPVe0W_A
2421,2020,7,29,Brussels,50.86004961519428,4.313168827700131,EKqwjpP0FnRgoqcwybj5Og,881,1,1300,7,10591,True,EKqwjpP0FnRgoqcwybj5Og
921,2009,9,213,Brussels,50.84003476457413,4.370126780668763,ALrpsNFr45MY4ZJne8pf0w,750,2,3327,1,10593,True,ALrpsNFr45MY4ZJne8pf0w
784,2010,10,6,Brussels,50.83893746390049,4.311171585872133,Eg_WFbv7U9_9YXpktmDr9Q,786,1,3328,1,10601,True,Eg_WFbv7U9_9YXpktmDr9Q
1435,2009,4,163,Brussels,50.84699219717901,4.340026701864021,xpnVQfqgOihIJWJNReBqdg,258,1,3329,2,10607,True,xpnVQfqgOihIJWJNReBqdg
2707,2020,7,152,Brussels,50.86306182791419,4.36174546305816,_DEmjuITMIiTfOI-E6447w,875,0,915,5,10622,True,_DEmjuITMIiTfOI-E6447w
1925,2017,5,120,Brussels,50.85275112646355,4.357712081038686,Q36tCgU_howkED59C6XOiA,254,0,257,3,10624,True,Q36tCgU_howkED59C6XOiA
1997,2018,5,94,Brussels,50.85397431273257,4.351872494290518,3BASMuz1idqhTUnGpxABtg,804,3,3331,2,10627,True,3BASMuz1idqhTUnGpxABtg
1262,2010,10,144,Brussels,50.84479996924043,4.321352165174598,dl8M2Wl7-eCQV1MVp7LDYw,2143,2,3332,1,10629,True,dl8M2Wl7-eCQV1MVp7LDYw
1895,2019,4,126,Brussels,50.85284732261237,4.332219872991362,dV1geYGAMJew4k8KTemVZQ,1354,0,1489,5,10630,True,dV1geYGAMJew4k8KTemVZQ
1571,2017,5,127,Brussels,50.84848789332515,4.317298022336206,0s0S-6m8maROx06Nx7S7zw,1686,1,3333,1,10631,True,0s0S-6m8maROx06Nx7S7zw
764,2020,7,226,Brussels,50.83786104675585,4.368914823899891,uJbUqpPYgL2NnP2FB7oYxQ,8,1,1542,9,10633,True,uJbUqpPYgL2NnP2FB7oYxQ
1661,2019,4,330,Brussels,50.85010370504872,4.333288827102216,p31RS2OVuC9yuJ0T_lvusg,2108,0,2648,5,10637,True,p31RS2OVuC9yuJ0T_lvusg
1030,2014,9,310,Brussels,50.84241947433089,4.322423545331616,YbRL1ILMHkHy-YYbELEbGw,974,0,1027,3,10641,True,YbRL1ILMHkHy-YYbELEbGw
543,2018,5,199,Brussels,50.83502979537217,4.382220555796542,jP-r-MTxEMCScBU3lg4VPw,1774,1,3335,1,10644,True,jP-r-MTxEMCScBU3lg4VPw
1211,2019,4,237,Brussels,50.84399179938107,4.349025763535549,9GK9KLiBq7Ucfc9lGACneQ,1491,0,1654,4,10647,True,9GK9KLiBq7Ucfc9lGACneQ
2097,2013,7,282,Brussels,50.85489815770274,4.375518076307969,TENeMV2q1OWwEradjRD80Q,2232,1,3336,2,10648,True,TENeMV2q1OWwEradjRD80Q
0,2013,6,189,Brussels,50.82870471490665,4.307532060798983,PE4006vYU1p7s1JeuIn0wA,1205,1,3337,2,10654,True,PE4006vYU1p7s1JeuIn0wA
65,2009,9,34,Brussels,50.82892427170161,4.372412557506156,RPZ040xvTaGWBv0U1-ZBSQ,1825,1,3338,1,10664,True,RPZ040xvTaGWBv0U1-ZBSQ
1620,2020,11,247,Brussels,50.8489499113076,4.366708025992156,nmvbg8KHDM5YOr7b29DKXw,49,0,49,5,10668,True,nmvbg8KHDM5YOr7b29DKXw
2816,2020,7,279,Brussels,50.86502039910481,4.319202704131203,92yEV3PMZB1ChUYHiEkiYQ,1722,0,1964,4,10680,True,92yEV3PMZB1ChUYHiEkiYQ
1704,2019,5,143,Brussels,50.84995910866329,4.375188807965944,YBtxJlHfUJq7K7VLUMCkMA,88,0,88,8,10707,True,YBtxJlHfUJq7K7VLUMCkMA
1318,2013,7,154,Brussels,50.84498443667771,4.379233163868095,LRvkhyOz5GZ79YAW0sdaFQ,1238,1,1784,3,10709,True,LRvkhyOz5GZ79YAW0sdaFQ
1060,2019,4,303,Brussels,50.84204795438506,4.346921999584834,8Y7vw51OtF5j4BCSzI_0bQ,2078,1,3339,1,10710,True,8Y7vw51OtF5j4BCSzI_0bQ
2887,2017,5,149,Brussels,50.86623582289407,4.309881955401539,j1w98y6wFjOQyEcTtOWTHQ,2083,0,2599,4,10712,True,j1w98y6wFjOQyEcTtOWTHQ
578,2017,5,228,Brussels,50.83576767091009,4.338958730907169,4ht9xGd8MT9ukVt2Zbd0Fg,552,0,566,7,10724,True,4ht9xGd8MT9ukVt2Zbd0Fg
783,2014,9,348,Brussels,50.83888455977947,4.310100600171455,n9LmVpiUOMTrBI0qTyftrQ,2144,2,3340,1,10726,True,n9LmVpiUOMTrBI0qTyftrQ
2169,2013,7,53,Brussels,50.85597545102002,4.372165788984444,i9Kmy_sW_vFR5ccNvqFWow,1002,0,1057,7,10728,True,i9Kmy_sW_vFR5ccNvqFWow
1977,2019,4,124,Brussels,50.8537741995284,4.332463819928619,WtJvdO1GXn15CTO7WgdZoQ,1783,0,2064,4,10729,True,WtJvdO1GXn15CTO7WgdZoQ
2433,2013,6,128,Brussels,50.86008523941024,4.31771756854128,fq0fIk63E6K3Di7YYglwbQ,429,0,435,9,10731,True,fq0fIk63E6K3Di7YYglwbQ
1581,2017,5,345,Brussels,50.84898551014263,4.329252960962463,UGDgx80-Ngxt8ReFhyft_g,2034,3,3341,3,10734,True,UGDgx80-Ngxt8ReFhyft_g
2829,2014,9,7,Brussels,50.86497508223342,4.331167831442962,UYcNQwNeunBgSCo2M86w2g,348,1,2511,5,10742,True,UYcNQwNeunBgSCo2M86w2g
2380,2013,7,240,Brussels,50.85912664908287,4.341189038435393,bplh3JLML_D1MUrvHmODbw,646,0,663,7,10745,True,bplh3JLML_D1MUrvHmODbw
2496,2017,6,101,Brussels,50.86002943634379,4.38433831766119,Qpp9mZ9z3IyEkctJ9B42PA,1124,1,2852,3,10749,True,Qpp9mZ9z3IyEkctJ9B42PA
2599,2013,10,345,Brussels,50.86193230835914,4.331985324130701,6nWgfDGoZsIzEd73A_WaPw,401,1,3342,1,10750,True,6nWgfDGoZsIzEd73A_WaPw
1948,2009,3,52,Brussels,50.85385143525387,4.308170094998004,XNVK1oyVjAMdau64mt_UcA,684,1,3343,1,10751,True,XNVK1oyVjAMdau64mt_UcA
2532,2020,7,257,Brussels,50.8609068926556,4.339122466799099,QRtQR_sm7vSaHHaMHRMAhw,137,0,137,5,10753,True,QRtQR_sm7vSaHHaMHRMAhw
2779,2013,6,288,Brussels,50.86406893090153,4.354225055835222,Na5fmNpM_r5TV1_aKPZZKA,487,0,498,6,10755,True,Na5fmNpM_r5TV1_aKPZZKA
49,2014,7,204,Brussels,50.82895571259834,4.356119985226798,CSeehPTHHdbGVY7-RSWuRA,1117,0,1201,4,10756,True,CSeehPTHHdbGVY7-RSWuRA
1032,2014,9,64,Brussels,50.84274207338564,4.322802980452216,5JRwoXLrzTQ3spTMexedmg,713,1,1199,8,10759,True,5JRwoXLrzTQ3spTMexedmg
495,2017,6,199,Brussels,50.83530187344837,4.333426238977319,VJVGrDMiszDr_DLJbgyQ-Q,1716,1,3344,3,10764,True,VJVGrDMiszDr_DLJbgyQ-Q
783,2013,6,3,Brussels,50.83888422692007,4.310086855513275,ADbs9sJt_OF2065bq0sxmQ,2144,3,3345,1,10778,True,ADbs9sJt_OF2065bq0sxmQ
135,2019,3,29,Brussels,50.83016378718528,4.365733198527094,CABqKVE3SU6ESZ3sQV9VPQ,2152,0,2726,6,10781,True,CABqKVE3SU6ESZ3sQV9VPQ
2083,2020,7,214,Brussels,50.85493311584297,4.363113509043172,Pogj68egkni07jMU-nHmpw,1755,2,3141,3,10783,True,Pogj68egkni07jMU-nHmpw
470,2009,3,272,Brussels,50.83521773935075,4.309038767192384,Vw_uxqOxu6WqcBVNIneOOg,2118,0,2668,3,10785,True,Vw_uxqOxu6WqcBVNIneOOg
1355,2020,6,269,Brussels,50.84596775320303,4.339459392627061,uD6XGOhe0d_-hEEDxIrleQ,732,1,3346,1,10787,True,uD6XGOhe0d_-hEEDxIrleQ
2768,2009,4,120,Brussels,50.86402257756583,4.344235779435107,cGBQyU8wWSqvtQbPev_f1g,1833,0,2144,9,10791,True,cGBQyU8wWSqvtQbPev_f1g
1602,2009,8,36,Brussels,50.84900177062919,4.348050234062774,bK5GsFqFlrmZfJT5FrhuvQ,1882,0,2220,6,10793,True,bK5GsFqFlrmZfJT5FrhuvQ
160,2014,9,214,Brussels,50.83102196572801,4.311529178407184,1oU9fVdWErcjr83Oj5NoKw,1958,1,3347,1,10796,True,1oU9fVdWErcjr83Oj5NoKw
2555,2009,6,36,Brussels,50.86095678249196,4.365131061640223,jrBVC_SgNCO2v1jc7toPdA,1492,1,2140,3,10807,True,jrBVC_SgNCO2v1jc7toPdA
1685,2013,7,156,Brussels,50.84997174158965,4.350330517907026,cCqwrnH4LdRZohmHCEh32g,2066,0,2555,3,10808,True,cCqwrnH4LdRZohmHCEh32g
2500,2014,9,86,Brussels,50.86002609635653,4.307409910632599,ENbvTV8-uqV9abq_MxKCfg,59,0,59,3,10815,True,ENbvTV8-uqV9abq_MxKCfg
2124,2019,5,128,Brussels,50.85596213881748,4.322166357880505,vm5PJegEe3otCUUaZevBrg,1732,0,1979,5,10816,True,vm5PJegEe3otCUUaZevBrg
2061,2013,7,119,Brussels,50.85506664824882,4.34139085524784,28385pmI6yRbRDoRvT7fWg,2045,1,3349,1,10825,True,28385pmI6yRbRDoRvT7fWg
2788,2020,7,223,Brussels,50.8639150374675,4.364135563406975,w-TDAlCtt0hOQ12RKpzD3g,835,1,1879,3,10830,True,w-TDAlCtt0hOQ12RKpzD3g
263,2013,7,10,Brussels,50.83190981858785,4.336059670684646,0ucyRJZnurtU4bxk6G7wWA,2222,1,3350,1,10831,True,0ucyRJZnurtU4bxk6G7wWA
2070,2009,4,220,Brussels,50.8548000523263,4.349258151355484,3VZVOG1fb9_rC_MRWzqlEg,1988,1,3078,3,10834,True,3VZVOG1fb9_rC_MRWzqlEg
1026,2014,9,278,Brussels,50.84223636497849,4.316907136016173,SEtr2IXtb1gBZP3aTH8tgA,1946,0,2328,3,10840,True,SEtr2IXtb1gBZP3aTH8tgA
855,2019,9,189,Brussels,50.83892847832026,4.382132076919926,D6P0BYK0Td_A9E_JcdtfHA,1797,3,3351,1,10843,True,D6P0BYK0Td_A9E_JcdtfHA
2059,2014,7,91,Brussels,50.8549221437273,4.334446394880948,QlzbBxJ1ONCu6CAnBc96OA,1466,1,3352,1,10855,True,QlzbBxJ1ONCu6CAnBc96OA
1877,2009,3,186,Brussels,50.85271571017633,4.310256403272841,Yhr0pmO0WWtQwPnGRWlB5w,665,0,685,4,10858,True,Yhr0pmO0WWtQwPnGRWlB5w
2180,2009,6,166,Brussels,50.85599868434102,4.376203160323739,wS9bGzVAWnW5XawBXn07IQ,1654,0,1874,6,10859,True,wS9bGzVAWnW5XawBXn07IQ
1959,2013,10,359,Brussels,50.85391469326315,4.316130407327785,l2nzlK9LqCD2H_wohCCWqw,783,1,3353,2,10872,True,l2nzlK9LqCD2H_wohCCWqw
1110,2013,6,134,Brussels,50.84371972633646,4.328039389448426,-NH26KR0XOqfzUjg7rBxOw,611,2,3354,3,10878,True,-NH26KR0XOqfzUjg7rBxOw
1412,2013,6,105,Brussels,50.84711165739935,4.311205330725568,XkNsoWvUzCZlqKuUgkDr8g,2245,0,2974,4,10888,True,XkNsoWvUzCZlqKuUgkDr8g
1186,2010,10,352,Brussels,50.84373492459769,4.319554874433081,hQ0XVJvkcd9LDEGTh4e73w,1005,1,3355,1,10889,True,hQ0XVJvkcd9LDEGTh4e73w
2141,2020,6,87,Brussels,50.85590296353269,4.343335335297691,oNaj9Y2E-yA4TsBBoVciNA,856,0,896,6,10892,True,oNaj9Y2E-yA4TsBBoVciNA
1254,2009,3,298,Brussels,50.84497385182446,4.313556052403738,jrILtQYE8hcIFmF-lIv9Jg,124,0,124,4,10894,True,jrILtQYE8hcIFmF-lIv9Jg
380,2013,7,118,Brussels,50.83288475478412,4.375260695598961,yxYsxevoAXUtDNEm0-Sipg,301,0,305,4,10895,True,yxYsxevoAXUtDNEm0-Sipg
86,2013,7,214,Brussels,50.83030783425004,4.314434479556317,wFFyg9g025xytb_5BiR4ow,355,1,3356,1,10896,True,wFFyg9g025xytb_5BiR4ow
2632,2014,7,288,Brussels,50.86197837284449,4.3660746656442,UkNMt8fVc6a9OoMXh7C9Hg,558,1,2326,5,10902,True,UkNMt8fVc6a9OoMXh7C9Hg
1192,2017,5,308,Brussels,50.84406924067417,4.327403786423531,EcalUxtNLgUU7y3fDBAUXQ,178,2,3357,1,10908,True,EcalUxtNLgUU7y3fDBAUXQ
157,2014,9,333,Brussels,50.83133153935229,4.308806689559023,zrd5rnRe4O5vGbdSwvP9gQ,1565,0,1746,4,10910,True,zrd5rnRe4O5vGbdSwvP9gQ
2258,2009,9,179,Brussels,50.85704467277248,4.378211818340332,5BijYs6dESA6k9N61VsX1g,784,2,3358,1,10911,True,5BijYs6dESA6k9N61VsX1g
1751,2013,7,262,Brussels,50.85111431935551,4.341230918904803,agZqcYj2_OjxGWXfSGI45A,1338,1,1557,4,10914,True,agZqcYj2_OjxGWXfSGI45A
1046,2009,4,52,Brussels,50.84203799494157,4.3365265753729,j0FQKcIBje81BY9F_JKrkw,2081,0,2595,4,10915,True,j0FQKcIBje81BY9F_JKrkw
2848,2020,7,100,Brussels,50.8650988392704,4.351323957260119,Mk5WXZxDBZtw9kXjBS663g,1583,0,1775,3,10919,True,Mk5WXZxDBZtw9kXjBS663g
2025,2009,6,2,Brussels,50.85412597108786,4.381151522721527,cjaZdKFjo2ntv1luXevqUw,2044,0,2519,4,10927,True,cjaZdKFjo2ntv1luXevqUw
2894,2009,9,335,Brussels,50.86618570729903,4.315341283726752,4J7l1aTE7Onf_qBZyeqtQw,1939,1,3359,2,10932,True,4J7l1aTE7Onf_qBZyeqtQw
1175,2014,9,166,Brussels,50.8440152782234,4.313147899879211,QBnZaznISZ3gwUtK4AhTXA,1249,0,1355,5,10935,True,QBnZaznISZ3gwUtK4AhTXA
2716,2020,7,194,Brussels,50.86307265240617,4.372818032970968,LZ8k6YS8uJvMTJvxYpce4w,1754,1,3360,2,10944,True,LZ8k6YS8uJvMTJvxYpce4w
1253,2014,9,248,Brussels,50.8447015592633,4.311702355677289,XuUmlUoegdsxsZG5PtN3sg,1896,0,2243,3,10949,True,XuUmlUoegdsxsZG5PtN3sg
870,2014,9,67,Brussels,50.83992478269786,4.319287851664265,UHn-VYUJzhjvGL2UMsCvOw,2062,1,2944,3,10958,True,UHn-VYUJzhjvGL2UMsCvOw
102,2017,5,182,Brussels,50.83013276808418,4.330911907146441,3EHotyH4QldmuYoHRj8bhg,115,2,3361,1,10961,True,3EHotyH4QldmuYoHRj8bhg
2237,2020,7,258,Brussels,50.8573945931,4.358517786201277,gEQx9k4wJpksbhE8u0vlcA,2193,0,2819,4,10964,True,gEQx9k4wJpksbhE8u0vlcA
2316,2013,7,138,Brussels,50.85795781014483,4.36245103930165,HC1UwmC72ax8Sj8he2AhiQ,2054,1,2700,3,10966,True,HC1UwmC72ax8Sj8he2AhiQ
2346,2009,9,25,Brussels,50.85871526127242,4.313260892438208,SBdbbhMXm1t2-Eg6tSIAwA,1865,1,3362,1,10968,True,SBdbbhMXm1t2-Eg6tSIAwA
1069,2009,4,275,Brussels,50.84197035922602,4.364776156706311,OliTfdYKdEXN7pvUPQWU6A,103,0,103,5,10987,True,OliTfdYKdEXN7pvUPQWU6A
1105,2020,7,237,Brussels,50.84298066717648,4.318182722911707,aC9OL2iw2W6WGA0rUbKRZg,2196,1,2887,4,10996,True,aC9OL2iw2W6WGA0rUbKRZg
1896,2019,4,55,Brussels,50.85279668737759,4.328930989132152,hLC4VJgxMpWkBZA2Le2cag,2277,0,3231,4,10999,True,hLC4VJgxMpWkBZA2Le2cag
815,2020,7,69,Brussels,50.83903930451903,4.342297197430536,iq2dXbZo5vvLX3U-h4yqVA,547,1,3364,1,11016,True,iq2dXbZo5vvLX3U-h4yqVA
2064,2009,6,253,Brussels,50.85500698533981,4.340146747653526,t1PQZZKJuISnGXRm-nxwEQ,872,1,2893,4,11017,True,t1PQZZKJuISnGXRm-nxwEQ
1480,2009,9,163,Brussels,50.84701787416423,4.377855722946076,8oJPrbvBB_DSJxU5pfPE4A,1446,1,3365,2,11018,True,8oJPrbvBB_DSJxU5pfPE4A
589,2019,10,267,Brussels,50.83597579899712,4.350260061570857,KWL-2glmLMmCN6tV5aX3XQ,1050,1,3366,2,11025,True,KWL-2glmLMmCN6tV5aX3XQ
723,2019,5,40,Brussels,50.83799428624813,4.328114801855647,vHtNy2ac-e24IGPsmvG4_A,1414,1,2488,4,11028,True,vHtNy2ac-e24IGPsmvG4_A
175,2020,6,143,Brussels,50.83232625547674,4.326757435619864,qSQUqPQme6zQupMKuRyZSA,1108,0,1187,10,11029,True,qSQUqPQme6zQupMKuRyZSA
107,2019,3,182,Brussels,50.83045906547764,4.336754049348615,eA5dvWDpSP9fxnbCxGuuFg,2266,0,3125,3,11031,True,eA5dvWDpSP9fxnbCxGuuFg
1415,2013,6,302,Brussels,50.84679313280473,4.316806408035977,W6Zf7of1KIoQjIEq1g_8Dw,414,0,420,5,11037,True,W6Zf7of1KIoQjIEq1g_8Dw
2252,2020,11,163,Brussels,50.85687774706385,4.374228345787328,Ff8N9ytEjjqJVpLHJ25auA,1569,0,1754,4,11041,True,Ff8N9ytEjjqJVpLHJ25auA
974,2020,7,343,Brussels,50.8410397213683,4.34609574644042,dwyquaKmQ2NXzg7MJ28xAA,40,0,40,6,11060,True,dwyquaKmQ2NXzg7MJ28xAA
46,2014,7,184,Brussels,50.82897429104604,4.352709409961802,oXOoG3tQAEJ6yLnGKtsZbA,1136,0,1227,4,11062,True,oXOoG3tQAEJ6yLnGKtsZbA
475,2020,7,104,Brussels,50.83502239344743,4.31418356309714,K9EBQ4YYcQm9lXMZ-MJjaQ,1996,1,3367,1,11067,True,K9EBQ4YYcQm9lXMZ-MJjaQ
496,2020,6,36,Brussels,50.83441965832426,4.336201084270859,oAM3tIUQ4QVekDUOa3T2Xw,465,0,476,7,11070,True,oAM3tIUQ4QVekDUOa3T2Xw
2827,2010,10,195,Brussels,50.86504886108425,4.328417426971304,tuLR1J9V9EAGXV7p-C3vvQ,485,0,496,11,11071,True,tuLR1J9V9EAGXV7p-C3vvQ
1395,2014,7,141,Brussels,50.84601007019701,4.375124530620191,kJvJyNJkPDCCLharD5Mdgw,1674,1,3368,2,11090,True,kJvJyNJkPDCCLharD5Mdgw
1483,2013,6,244,Brussels,50.84801152667951,4.307779159939948,KIE_xVxYZLq2bjFRNNi1dg,2125,0,2680,4,11095,True,KIE_xVxYZLq2bjFRNNi1dg
287,2014,7,343,Brussels,50.8317038820127,4.359982704190322,e7Ds3AwSUPJLPhrqGInW3w,2133,0,2690,4,11107,True,e7Ds3AwSUPJLPhrqGInW3w
710,2019,5,97,Brussels,50.8379408018593,4.315292398527134,yPVAeBMkfVnmMUNCqahcGw,931,2,3369,2,11113,True,yPVAeBMkfVnmMUNCqahcGw
1048,2014,7,54,Brussels,50.84178756955923,4.346028617227422,2iXy6TmVAv7N-7I4Jcs3ow,1403,0,1550,7,11115,True,2iXy6TmVAv7N-7I4Jcs3ow
2672,2009,4,208,Brussels,50.86301647440194,4.328289204032965,DBybZUdOHZKdXp9JBQhj6A,277,0,281,3,11118,True,DBybZUdOHZKdXp9JBQhj6A
2182,2020,11,339,Brussels,50.85593579240842,4.383227383695774,Lww-tNAHr5KXXIy9H68UtQ,1904,0,2257,3,11125,True,Lww-tNAHr5KXXIy9H68UtQ
721,2019,5,203,Brussels,50.83818192221339,4.325539211862087,zSOODzcNbVFac4K8OdyeEQ,876,1,1329,3,11129,True,zSOODzcNbVFac4K8OdyeEQ
2001,2014,7,352,Brussels,50.85407928820488,4.360820431937374,RmaTZnzOp6KKbCLxOvzLhg,2092,0,2613,6,11134,True,RmaTZnzOp6KKbCLxOvzLhg
2080,2020,6,93,Brussels,50.85494735328725,4.35919789728448,22ie6x6XTZe265XHHl0TJQ,1986,1,2472,3,11137,True,22ie6x6XTZe265XHHl0TJQ
259,2017,5,2,Brussels,50.83217224277504,4.332266854023517,B8N8HTrJkZMOMfOimRsyqA,661,0,681,5,11141,True,B8N8HTrJkZMOMfOimRsyqA
2740,2013,6,317,Brussels,50.86394594177854,4.3124122928246,8Pt3Y5IDZmxL01aky5O6sw,1118,0,1202,6,11143,True,8Pt3Y5IDZmxL01aky5O6sw
2009,2020,6,312,Brussels,50.85396313409798,4.37021597824995,wfPvc41hmpHbItqx-TyzdQ,879,0,919,7,11150,True,wfPvc41hmpHbItqx-TyzdQ
2081,2013,9,170,Brussels,50.85455462990242,4.36187103967359,StvOSScTMie_X-8m9MKXgA,1880,0,2217,5,11151,True,StvOSScTMie_X-8m9MKXgA
290,2009,6,286,Brussels,50.83197033187243,4.36332562386721,1IPs1PIdSCYq5qd3UuBq4A,1419,0,1571,5,11155,True,1IPs1PIdSCYq5qd3UuBq4A
1934,2019,10,177,Brussels,50.8526731779547,4.370882460175292,LSIaj0lQfm6ugATrK_Q_Kw,1515,0,1683,9,11157,True,LSIaj0lQfm6ugATrK_Q_Kw
1328,2020,7,81,Brussels,50.84600033325685,4.31016079126216,CWa2dVAngJ4pCOn5l0VCNw,2174,1,3370,2,11162,True,CWa2dVAngJ4pCOn5l0VCNw
965,2013,6,118,Brussels,50.84091380480252,4.336106655473501,XbAQT5eyvZ2Tycc_a2CVsQ,2258,0,3074,6,11164,True,XbAQT5eyvZ2Tycc_a2CVsQ
2420,2009,7,161,Brussels,50.85902027010667,4.381205037362489,v_4K6gKjP03HtOCKWIADEg,976,2,3371,1,11165,True,v_4K6gKjP03HtOCKWIADEg
2758,2009,4,223,Brussels,50.86394147431979,4.335212080001003,wiesp-w1osYYkew-1wPaVA,1563,1,3372,1,11171,True,wiesp-w1osYYkew-1wPaVA
845,2020,6,260,Brussels,50.83906322539221,4.372017939594439,-bwnexAgLpHkVf-ebZf0AQ,1482,0,1645,6,11186,True,-bwnexAgLpHkVf-ebZf0AQ
1655,2017,5,70,Brussels,50.84986744762762,4.329318217282403,O5CIQlBWjhSLUdWpTdvvlQ,738,0,766,4,11188,True,O5CIQlBWjhSLUdWpTdvvlQ
854,2017,5,225,Brussels,50.83885778771199,4.380763288845261,6KT60kRC-kfckAOEnOpKJg,685,0,705,6,11192,True,6KT60kRC-kfckAOEnOpKJg
1398,2020,11,64,Brussels,50.84599141527646,4.381195728165028,smC3yGB7ev0BXXe2--p_3A,1658,2,3373,1,11198,True,smC3yGB7ev0BXXe2--p_3A
1694,2020,11,201,Brussels,50.84997288451192,4.369077068569769,K9gFuMLsoPh0-Eqe6a7f4w,2088,0,2606,4,11201,True,K9gFuMLsoPh0-Eqe6a7f4w
650,2020,7,199,Brussels,50.83696763484792,4.333208687009411,JIFQDhykLle_W3AQXYCQOg,1742,0,1998,5,11207,True,JIFQDhykLle_W3AQXYCQOg
876,2014,9,239,Brussels,50.83987541910542,4.325235390949831,eskR2Mt7FFOgk9XfdrmrLg,363,1,3374,1,11209,True,eskR2Mt7FFOgk9XfdrmrLg
1121,2014,7,123,Brussels,50.8431779192081,4.337847776881237,IJZ48Dw9hpiisQY0G80C5A,2135,0,2699,4,11221,True,IJZ48Dw9hpiisQY0G80C5A
2455,2013,7,198,Brussels,50.859798948232,4.343001399180205,Hylbh2cTGWtnBm39QGGtzw,2281,0,3330,4,11223,True,Hylbh2cTGWtnBm39QGGtzw
2705,2013,7,190,Brussels,50.86305930312376,4.361195618422778,YcHrQeCB-W7D0o18RZq_0Q,1769,0,2038,7,11225,True,YcHrQeCB-W7D0o18RZq_0Q
2167,2019,3,7,Brussels,50.85597787135066,4.363173141617214,8ad5ob7-ZUVkAWJGySYNtg,81,1,1330,3,11236,True,8ad5ob7-ZUVkAWJGySYNtg
753,2020,7,343,Brussels,50.83758305401384,4.358637079450829,BfywSwSdlTY_1e--ZZhqIQ,2076,0,2573,6,11238,True,BfywSwSdlTY_1e--ZZhqIQ
1643,2014,9,203,Brussels,50.84979104643764,4.312508946447226,mkyx8qbfAMmXy1xeu55N6w,1370,1,3375,1,11239,True,mkyx8qbfAMmXy1xeu55N6w
230,2014,7,109,Brussels,50.83109471228179,4.380923307311672,fCMyc3sHDewMDljhSACnOw,1043,2,3376,1,11240,True,fCMyc3sHDewMDljhSACnOw
2847,2020,7,261,Brussels,50.86446298497338,4.349888920839362,RZtMOoVgi1ecDkAjmOmW-A,1808,0,2099,7,11241,True,RZtMOoVgi1ecDkAjmOmW-A
2839,2009,9,82,Brussels,50.86498359776881,4.339267449558434,kkM8syAMWqlyVGXdVwBbEw,2011,1,2797,3,11242,True,kkM8syAMWqlyVGXdVwBbEw
532,2009,6,338,Brussels,50.83481345414116,4.370964601656613,Vw7ehM36AqJwiFWBhZtgDQ,2095,1,3377,4,11246,True,Vw7ehM36AqJwiFWBhZtgDQ
1662,2014,9,11,Brussels,50.84993413319999,4.330219189471757,YFaTbu1Ln0mvtJXgMJZsxg,2009,1,2691,4,11249,True,YFaTbu1Ln0mvtJXgMJZsxg
2529,2014,7,41,Brussels,50.8609308589438,4.338191598998516,iSChKWqJOw3UBNERCnhWWQ,2218,3,3378,1,11259,True,iSChKWqJOw3UBNERCnhWWQ
504,2014,7,106,Brussels,50.83505220788231,4.34319096146089,AUkQUCzh9xdBzNiKcLd-7Q,1750,0,2010,6,11265,True,AUkQUCzh9xdBzNiKcLd-7Q
1705,2017,5,38,Brussels,50.85002479017881,4.37221675104022,Dci-zPrRE9h6UjU8YltaAQ,1092,1,3379,1,11266,True,Dci-zPrRE9h6UjU8YltaAQ
1835,2017,5,254,Brussels,50.85213162403771,4.353056311202577,birIW0PqwuOUpvnyYTDcOw,110,0,110,5,11268,True,birIW0PqwuOUpvnyYTDcOw
424,2019,9,192,Brussels,50.83411074882762,4.341111425328869,tINCDhn1W0KWCcUPFwPc8w,1169,0,1261,6,11269,True,tINCDhn1W0KWCcUPFwPc8w
1653,2009,3,189,Brussels,50.84982497831091,4.322876843020338,la5ITN7Wc3oqeOAHE7lOvA,1322,1,2246,3,11277,True,la5ITN7Wc3oqeOAHE7lOvA
78,2013,6,30,Brussels,50.82979464179605,4.307263256566047,QYTSpYOI50D6DxlqS4E60A,1637,1,1915,4,11279,True,QYTSpYOI50D6DxlqS4E60A
2431,2013,7,200,Brussels,50.86005197003701,4.321212249642627,9oiQojUXqI67xkR2KKqHaw,2253,2,3380,1,11281,True,9oiQojUXqI67xkR2KKqHaw
2404,2020,7,227,Brussels,50.85879930850689,4.369271137077782,CKs-PrfOWohJFcB_yLdPYg,699,0,720,9,11285,True,CKs-PrfOWohJFcB_yLdPYg
2426,2020,7,42,Brussels,50.85970522496351,4.312721229972712,-a4ahDwvKVJU6Jti4Dj4iA,664,0,684,7,11294,True,-a4ahDwvKVJU6Jti4Dj4iA
1487,2009,3,111,Brussels,50.84804989853755,4.312147270681745,q_wNKiP2ZS_vK8qJnnUE1g,1377,1,3381,1,11296,True,q_wNKiP2ZS_vK8qJnnUE1g
1753,2019,3,321,Brussels,50.85093500623112,4.339391633717408,qDEIit-8_akOM6hbm2cwsg,599,0,614,3,11298,True,qDEIit-8_akOM6hbm2cwsg
200,2019,3,216,Brussels,50.8309390249593,4.351397488015689,iBefC4Sxd7oey1y3riuAtw,142,0,142,4,11308,True,iBefC4Sxd7oey1y3riuAtw
1222,2019,9,70,Brussels,50.84407611997419,4.359089314757672,OTR4nZVqh-ukPi-ES96JkA,819,1,1630,6,11310,True,OTR4nZVqh-ukPi-ES96JkA
1061,2020,7,295,Brussels,50.84201270297719,4.354081985727817,mZtU9b7O_arINzg3mrIsLA,2132,2,3382,2,11318,True,mZtU9b7O_arINzg3mrIsLA
2707,2014,7,329,Brussels,50.86306201073202,4.361785122316458,WVpPk3yi2CTgcGdmwU1MpQ,875,1,3383,3,11323,True,WVpPk3yi2CTgcGdmwU1MpQ
2875,2018,5,145,Brussels,50.86483086532719,4.373792742490306,brvADze8aGhOjSj2zn9K_A,319,1,2194,3,11327,True,brvADze8aGhOjSj2zn9K_A
2962,2019,3,156,Brussels,50.86597415081454,4.384229433502394,wxPlTIA7ML7FPH0jJZ9Bpw,1097,1,2567,4,11330,True,wxPlTIA7ML7FPH0jJZ9Bpw
2531,2009,4,150,Brussels,50.86069443956171,4.342859080210022,AiBrl4BMhfaLTAhJIETdQA,882,0,922,4,11334,True,AiBrl4BMhfaLTAhJIETdQA
2289,2009,10,194,Brussels,50.85811678216222,4.333952222184882,kdzqChXkdGsnulK24BL_Iw,62,1,3147,3,11335,True,kdzqChXkdGsnulK24BL_Iw
1482,2013,6,294,Brussels,50.84799886507432,4.309214826276675,L3VQ1f-sDxVL4bvGALTg-g,1567,1,3384,1,11336,True,L3VQ1f-sDxVL4bvGALTg-g
1854,2020,6,36,Brussels,50.85189351379233,4.369523736473345,WItECUb9o11q0sfU440l6Q,1452,0,1609,6,11354,True,WItECUb9o11q0sfU440l6Q
2301,2020,6,282,Brussels,50.85795330694386,4.346108645323417,Z0LzSShsQnGrLJgVHGPq4Q,1484,0,1647,7,11362,True,Z0LzSShsQnGrLJgVHGPq4Q
418,2014,7,218,Brussels,50.83380568870677,4.33543980538609,gwWiMDiuv_iSeV9bQ1eCJg,645,0,662,7,11363,True,gwWiMDiuv_iSeV9bQ1eCJg
2666,2019,5,255,Brussels,50.86333815728923,4.320000052374582,Aa1kiffI5boZy-SvstOoCg,2275,0,3223,4,11364,True,Aa1kiffI5boZy-SvstOoCg
721,2020,6,35,Brussels,50.83817087980661,4.325512853930862,5GDv9JbpZ3n-3y50XYI_Jg,876,0,916,3,11367,True,5GDv9JbpZ3n-3y50XYI_Jg
1780,2014,7,226,Brussels,50.85074072510737,4.36501186619786,LDO3P29m1-wJohtQWpQ3xQ,201,1,1527,3,11374,True,LDO3P29m1-wJohtQWpQ3xQ
2338,2009,4,180,Brussels,50.85784899619178,4.38063551390395,_A4ZC1tfOEgRDFL2rPT7Nw,1031,1,3385,1,11379,True,_A4ZC1tfOEgRDFL2rPT7Nw
873,2009,3,73,Brussels,50.84001545079638,4.322190426075101,tv-jvCedicIgEmrkpVJc0g,1058,1,1476,3,11381,True,tv-jvCedicIgEmrkpVJc0g
2691,2017,5,230,Brussels,50.86310979783826,4.347319125510862,Zdq92dcfwBTdEcRsnZS51Q,993,0,1047,7,11383,True,Zdq92dcfwBTdEcRsnZS51Q
1968,2014,9,163,Brussels,50.8538021050057,4.327452158219841,6yX_u7gnFHEMy8M0Ez67IQ,1142,0,1233,5,11387,True,6yX_u7gnFHEMy8M0Ez67IQ
336,2014,9,43,Brussels,50.83318653618655,4.330787341682319,1yNDakmvOzgXln2xJ2aFSA,1920,0,2285,6,11394,True,1yNDakmvOzgXln2xJ2aFSA
2381,2020,11,61,Brussels,50.85858986100232,4.347739428213907,DMzEYBGOZQOazQ1srtG-yg,1432,0,1584,5,11395,True,DMzEYBGOZQOazQ1srtG-yg
161,2014,9,147,Brussels,50.83088370681632,4.311258089847124,DjztDvGfKLCk0YEq4LFIcw,1596,1,3386,2,11397,True,DjztDvGfKLCk0YEq4LFIcw
696,2019,9,184,Brussels,50.83682286482945,4.379800472967375,IsjUKds5kX1z9VG33CvnRw,703,1,1221,6,11401,True,IsjUKds5kX1z9VG33CvnRw
1926,2020,7,339,Brussels,50.85316836137916,4.359434408026901,MviKzzbQnxl9TU9HHQFKsA,1122,0,1207,5,11405,True,MviKzzbQnxl9TU9HHQFKsA
801,2020,7,188,Brussels,50.8394650019729,4.328226293371662,xUEkAsgEgRUzWFv8G0ZUCw,1689,0,1918,8,11406,True,xUEkAsgEgRUzWFv8G0ZUCw
2909,2020,7,107,Brussels,50.86612706796901,4.329391566662367,0PtHHYpeAtHZ7FceijYy8w,906,0,953,4,11408,True,0PtHHYpeAtHZ7FceijYy8w
565,2009,4,26,Brussels,50.83593796477383,4.326367022323574,oioYPH-xmv1xszLa1K5l0w,2156,0,2733,4,11410,True,oioYPH-xmv1xszLa1K5l0w
2871,2017,5,174,Brussels,50.86492692027503,4.36725223166683,klXzGGiM-kuB61B_9TTIPA,358,2,3387,1,11411,True,klXzGGiM-kuB61B_9TTIPA
2570,2017,6,36,Brussels,50.86098419960373,4.383298363704517,w1Bg872wl54nHmqw0w-Qlg,1339,1,3388,2,11421,True,w1Bg872wl54nHmqw0w-Qlg
1438,2014,7,115,Brussels,50.84675074332146,4.341833980734657,WmQTuSB71DjW5F6RvDX99w,2123,0,2678,5,11422,True,WmQTuSB71DjW5F6RvDX99w
1403,2020,7,345,Brussels,50.84626321515554,4.383141537676048,2wElRnk9dApm9XXta1G1-w,1087,0,1162,11,11426,True,2wElRnk9dApm9XXta1G1-w
1582,2019,3,12,Brussels,50.84891720168442,4.332208190875967,amId-DAKMiffvdx2vzxDNQ,1303,0,1421,4,11440,True,amId-DAKMiffvdx2vzxDNQ
1597,2013,7,225,Brussels,50.84902174125437,4.342797228638417,zlI8nk_N3Nyq121dKlD6dA,1944,0,2325,6,11442,True,zlI8nk_N3Nyq121dKlD6dA
882,2014,8,58,Brussels,50.84001643009579,4.331090610920366,kr9fImSqnaI9xuIZAzPS8Q,1091,0,1168,5,11445,True,kr9fImSqnaI9xuIZAzPS8Q
531,2019,3,227,Brussels,50.83499173578795,4.370239877454336,ad3dEQOdkpv2OW6oVuR9rw,1869,1,3389,1,11450,True,ad3dEQOdkpv2OW6oVuR9rw
877,2013,6,295,Brussels,50.84016540075487,4.32603080170049,NXTkR9MNOBuZE8_SfgLn0A,449,1,3122,3,11451,True,NXTkR9MNOBuZE8_SfgLn0A
920,2013,7,356,Brussels,50.83992921960662,4.369174319097225,ySPKsCNrIHodmt0O1_4jEA,2212,1,3391,1,11464,True,ySPKsCNrIHodmt0O1_4jEA
1601,2018,5,243,Brussels,50.84895446886946,4.349260362248692,hGgMUkmIhMUmxxx5fbv5QQ,1215,2,3392,1,11470,True,hGgMUkmIhMUmxxx5fbv5QQ
2312,2013,7,186,Brussels,50.85788487433966,4.355844522425766,GbVdVfJFcm_GDNAC82p2Lg,681,0,701,7,11475,True,GbVdVfJFcm_GDNAC82p2Lg
2934,2017,5,330,Brussels,50.86595410114104,4.358305603477394,IoHNPKvkJsMoqdDeyTp6Ig,1834,0,2146,5,11478,True,IoHNPKvkJsMoqdDeyTp6Ig
1580,2020,11,352,Brussels,50.84872310295538,4.321213882158507,lsdVmU3JKpt5cnZgJWIKvA,2195,0,2826,7,11481,True,lsdVmU3JKpt5cnZgJWIKvA
1774,2020,11,55,Brussels,50.85100080584358,4.370206744041637,HoKPAueibunwf_ux-8sqiA,1330,1,2049,4,11482,True,HoKPAueibunwf_ux-8sqiA
1253,2013,6,62,Brussels,50.84470082822955,4.311732559311722,xQof2qCOJhanOpi0zxU09w,1896,1,3393,2,11485,True,xQof2qCOJhanOpi0zxU09w
1786,2017,5,35,Brussels,50.85094312980917,4.377224003857213,dZvDsMYkYXyR8asEUjMsjA,1832,0,2143,10,11489,True,dZvDsMYkYXyR8asEUjMsjA
2757,2017,5,335,Brussels,50.86404037427589,4.337169676488167,AveHdJIJ9YfDFnUz6Tg0jA,1855,1,3394,1,11490,True,AveHdJIJ9YfDFnUz6Tg0jA
1182,2013,6,151,Brussels,50.84401934378788,4.320047657404627,iRN1ICjLCS1PKP9D0a7-oQ,1198,2,3395,1,11492,True,iRN1ICjLCS1PKP9D0a7-oQ
1608,2017,5,296,Brussels,50.84903002532867,4.359122330335214,5f2f1PURqT8a4zEYyj-ocg,1055,0,1124,8,11495,True,5f2f1PURqT8a4zEYyj-ocg
1813,2017,5,346,Brussels,50.85229700557761,4.326637686140012,4SJmZgStgX-XoEGZ2aOj1w,1078,2,3396,2,11496,True,4SJmZgStgX-XoEGZ2aOj1w
1853,2019,3,55,Brussels,50.85193077257395,4.361301469290801,RPNA5aqYC86kjNRplyS5UQ,1442,0,1596,8,11503,True,RPNA5aqYC86kjNRplyS5UQ
148,2019,4,347,Brussels,50.83001931759466,4.376687865767513,_aVY7v50W9LMWYbJPNSwIg,912,1,2459,3,11512,True,_aVY7v50W9LMWYbJPNSwIg
252,2010,10,253,Brussels,50.83209101948923,4.325108444094063,KcAu5nxwj19DfgFNzGEvpA,671,0,691,9,11513,True,KcAu5nxwj19DfgFNzGEvpA
1420,2009,3,38,Brussels,50.84718683834879,4.318952903333012,J_sCuZewCX_KYZyYGfzo5w,534,1,3397,1,11520,True,J_sCuZewCX_KYZyYGfzo5w
466,2019,10,52,Brussels,50.83397553387561,4.383251452167878,tcZNhDF2a6yASxwDzG3X2Q,1595,0,1797,5,11522,True,tcZNhDF2a6yASxwDzG3X2Q
1390,2014,7,36,Brussels,50.84602574899526,4.371268263095017,jrQannrGhg0DCTsj7dTMZg,1366,0,1504,5,11536,True,jrQannrGhg0DCTsj7dTMZg
920,2019,4,22,Brussels,50.83993912528873,4.369143489513013,LyGQ43f9SI4kXte_wFV9sw,2212,2,3398,1,11547,True,LyGQ43f9SI4kXte_wFV9sw
275,2013,7,134,Brussels,50.83172795703637,4.348405021284952,wzFpOYfWqlZ64PaRlngNwQ,553,0,567,6,11550,True,wzFpOYfWqlZ64PaRlngNwQ
2694,2017,6,249,Brussels,50.86289079663304,4.353577520049793,MMbmLripaBaQRFihgNyY0w,1489,2,3400,1,11553,True,MMbmLripaBaQRFihgNyY0w
1839,2020,7,157,Brussels,50.8520990512928,4.34765812856225,43VsdEMNvO0rGrEN5tOOvg,773,0,803,7,11556,True,43VsdEMNvO0rGrEN5tOOvg
394,2013,6,176,Brussels,50.83375822297285,4.310888480827558,H3OY6vlIDKPtGOQR0je2KQ,2167,1,3401,1,11570,True,H3OY6vlIDKPtGOQR0je2KQ
2214,2019,3,107,Brussels,50.85698999832235,4.341314073450768,ARr5EuTsZO_Y5trV1o4XuQ,234,1,3402,1,11574,True,ARr5EuTsZO_Y5trV1o4XuQ
2885,2019,3,181,Brussels,50.86502094025856,4.385216201132232,x5bX-SOM7WHecJFadOh3CQ,1309,0,1427,10,11575,True,x5bX-SOM7WHecJFadOh3CQ
765,2020,7,240,Brussels,50.83851068625878,4.369706056456327,SNc4nl8sL0muqcQeEQZKSQ,1908,0,2262,8,11594,True,SNc4nl8sL0muqcQeEQZKSQ
2155,2013,7,23,Brussels,50.8557886019676,4.360119541959691,Qlulp_ulke6cZ97mhXJgIg,789,1,3403,1,11596,True,Qlulp_ulke6cZ97mhXJgIg
791,2019,5,73,Brussels,50.8389307743363,4.318488989530024,hLbHmuGRVp99o2meC3VNAQ,582,1,1912,4,11601,True,hLbHmuGRVp99o2meC3VNAQ
681,2014,10,24,Brussels,50.83702154753419,4.364127601083228,gLSyunAtHIzH675r8e5omQ,1475,0,1638,7,11612,True,gLSyunAtHIzH675r8e5omQ
2806,2014,7,66,Brussels,50.86405113589862,4.379117154453458,OfjFGZc9ABXrXMr-mgugtA,721,0,748,5,11615,True,OfjFGZc9ABXrXMr-mgugtA
1778,2020,11,29,Brussels,50.85109437489252,4.36711652546105,nD4TTv4gSP407x7nfby-kA,91,2,3404,1,11616,True,nD4TTv4gSP407x7nfby-kA
1023,2014,9,36,Brussels,50.84177524346279,4.320876530222454,hRmS1nBTf6p9gfH_-s2REw,1159,2,3405,1,11623,True,hRmS1nBTf6p9gfH_-s2REw
871,2009,8,259,Brussels,50.8400862051093,4.320017355321325,NAEXg_PtYvjGr8NJkGUyTg,202,0,203,7,11634,True,NAEXg_PtYvjGr8NJkGUyTg
1495,2009,3,194,Brussels,50.84802272099369,4.322080500369939,dhdu4a6BMaI4Im1pqpNmzQ,174,0,175,4,11635,True,dhdu4a6BMaI4Im1pqpNmzQ
1321,2019,10,278,Brussels,50.84493181458758,4.380154335402501,EWKK9P0td7jePBnQu4tlJg,1010,0,1068,5,11642,True,EWKK9P0td7jePBnQu4tlJg
351,2020,7,179,Brussels,50.83311840566077,4.346186741113653,cFWR7103VCnKsLC2Yr4ZoQ,2141,0,2707,5,11645,True,cFWR7103VCnKsLC2Yr4ZoQ
632,2013,6,333,Brussels,50.83732911406454,4.31463575745102,yg4aluttx-RanQ-X_qDDzQ,1866,0,2196,5,11654,True,yg4aluttx-RanQ-X_qDDzQ
326,2013,6,244,Brussels,50.83312645246164,4.321640410714706,bDoEy_bC5bUHkVijxBivDA,1080,0,1152,3,11657,True,bDoEy_bC5bUHkVijxBivDA
1325,2019,5,339,Brussels,50.84495116858636,4.383804333512784,9LvKOwiirxZqKbALRwWyLw,745,0,773,6,11660,True,9LvKOwiirxZqKbALRwWyLw
111,2013,7,219,Brussels,50.83008746570616,4.340592541007849,7wTo3MFW4KJq4PcYHvZdAQ,2010,0,2461,5,11668,True,7wTo3MFW4KJq4PcYHvZdAQ
2804,2020,6,117,Brussels,50.86394499684337,4.38114143563929,tA3Slddy3e3LrEqHK3trFg,1842,0,2156,7,11669,True,tA3Slddy3e3LrEqHK3trFg
783,2020,10,161,Brussels,50.83886129340686,4.31009003936579,VV90WsdAE9q1fpHvN4gwjA,2144,0,2711,3,11670,True,VV90WsdAE9q1fpHvN4gwjA
1087,2014,7,153,Brussels,50.8420781115052,4.375095850823149,I0roy2ukb1yxUeIRf8yhBw,1236,0,1342,5,11671,True,I0roy2ukb1yxUeIRf8yhBw
1779,2009,6,278,Brussels,50.85099860255306,4.369298420521351,IbfQ4Ye4ZMiWzd1G96xkPg,2018,3,3406,2,11674,True,IbfQ4Ye4ZMiWzd1G96xkPg
2631,2013,7,309,Brussels,50.86194333377117,4.361236513509033,mrYHApOKgOaTsOsEtWJGtw,744,0,772,6,11680,True,mrYHApOKgOaTsOsEtWJGtw
514,2020,7,338,Brussels,50.83502346596014,4.353172948061879,uLTY3R3lCtn9mjjd_OX05A,303,0,307,8,11684,True,uLTY3R3lCtn9mjjd_OX05A
1093,2014,7,270,Brussels,50.84189313783759,4.384164937108314,HNmZM2SsX3mE24RIbQ889A,324,1,3407,1,11685,True,HNmZM2SsX3mE24RIbQ889A
2073,2013,7,121,Brussels,50.85498510226669,4.352235548030343,97MGFTGagXv3NXcdH4uJ1w,716,0,741,8,11691,True,97MGFTGagXv3NXcdH4uJ1w
2717,2019,3,135,Brussels,50.86306238384488,4.372266788692749,4eXXfWarYizOqSLs2bxQUQ,1525,0,1695,4,11696,True,4eXXfWarYizOqSLs2bxQUQ
699,2019,9,321,Brussels,50.83668528937614,4.382152510983477,udyNyr9A8KGJIUY-0b61_A,1905,0,2258,4,11698,True,udyNyr9A8KGJIUY-0b61_A
1059,2020,7,325,Brussels,50.84203052409406,4.348187192442892,sI5SVbZYBqI4RBIBiCl85Q,1679,0,1905,5,11702,True,sI5SVbZYBqI4RBIBiCl85Q
2860,2009,6,245,Brussels,50.86490286245629,4.356375520113986,hRYm5i9fQ802aaE5EmKrsQ,1859,1,3408,1,11706,True,hRYm5i9fQ802aaE5EmKrsQ
1369,2018,6,232,Brussels,50.84591976506142,4.349571825249228,CAoSLEFGMVFpcE52TDYwQjhBNkRHamN5UFhrVVhVZW1STV8xTklFUzNkNEhfUnBk,526,2,3409,1,11707,True,CAoSLEFGMVFpcE52TDYwQjhBNkRHamN5UFhrVVhVZW1STV8xTklFUzNkNEhfUnBk
971,2013,7,174,Brussels,50.8410205153574,4.342065269115592,TRB8GdVs7Slb8ZmCSVe4Eg,1757,2,3410,1,11712,True,TRB8GdVs7Slb8ZmCSVe4Eg
2257,2014,7,212,Brussels,50.85712296223748,4.380026689294644,tR-O8wJctk_FCUM0L1mCOQ,1709,0,1948,4,11715,True,tR-O8wJctk_FCUM0L1mCOQ
2669,2013,7,184,Brussels,50.86328063708101,4.323981227354346,j3OzLomdBMo0u9BhNhDJFQ,1656,2,3411,1,11716,True,j3OzLomdBMo0u9BhNhDJFQ
2601,2009,4,15,Brussels,50.86214537445841,4.339433213140858,C8sBCyFEFJYihA1P3no-AQ,298,1,939,3,11717,True,C8sBCyFEFJYihA1P3no-AQ
1160,2014,7,244,Brussels,50.84303892744894,4.370259308551394,Lky1KgxIpoWcKU53ggQrDQ,803,1,2513,5,11725,True,Lky1KgxIpoWcKU53ggQrDQ
2958,2018,5,278,Brussels,50.8659824586395,4.375021051796232,6XpM_OdP9lIB0f4Bguja7w,845,0,883,5,11729,True,6XpM_OdP9lIB0f4Bguja7w
2797,2013,6,176,Brussels,50.86404792155275,4.377418895624752,SKWd7WsRBL7KcvdTF7IBSg,1547,1,3412,1,11739,True,SKWd7WsRBL7KcvdTF7IBSg
2422,2019,5,47,Brussels,50.86025401735803,4.313745090480119,gtNnym77g1i5gVYtC96H9Q,560,0,575,5,11740,True,gtNnym77g1i5gVYtC96H9Q
1749,2013,7,333,Brussels,50.85099878002629,4.344182360890186,w4wkAkdkK3AsLgghDVAVkw,488,0,499,8,11748,True,w4wkAkdkK3AsLgghDVAVkw
1699,2009,8,270,Brussels,50.85000586962767,4.364129113135139,x_vDgNp6vzakjwiSO8_JnQ,9,2,3413,1,11754,True,x_vDgNp6vzakjwiSO8_JnQ
191,2009,4,121,Brussels,50.83111760802574,4.342147869699592,2H5xG1PzpnDWMz7ycXkmoA,1530,0,1702,6,11760,True,2H5xG1PzpnDWMz7ycXkmoA
707,2014,9,271,Brussels,50.83798295217152,4.312927377454365,tYIBnCOSv2YXv4JX_6ZvyQ,613,0,628,3,11763,True,tYIBnCOSv2YXv4JX_6ZvyQ
75,2009,4,323,Brussels,50.82892837625006,4.382092472739241,XOFIQoGY17CsABZRHTQggA,1509,0,1677,3,11764,True,XOFIQoGY17CsABZRHTQggA
238,2009,3,20,Brussels,50.83203242583842,4.311123685841872,kyVMUtU7uEDsgESx5OZWEQ,2206,1,3083,5,11765,True,kyVMUtU7uEDsgESx5OZWEQ
505,2019,9,355,Brussels,50.83501608109039,4.344020287422049,e2E7ll67u_81peXQR6C_ZA,1130,0,1216,9,11783,True,e2E7ll67u_81peXQR6C_ZA
1827,2020,6,223,Brussels,50.85202467923,4.338195860913898,u4Eai2qnZdn87NEJaKvOcw,2165,1,3089,3,11784,True,u4Eai2qnZdn87NEJaKvOcw
1402,2013,6,188,Brussels,50.84703187407383,4.309089490188376,Y1JXNihx5SssBVJuLwdDGA,2075,0,2572,3,11785,True,Y1JXNihx5SssBVJuLwdDGA
1765,2013,7,271,Brussels,50.85113193802756,4.357284088177747,A8flUQ_-pSTBXb-Kx712Jg,2085,0,2602,4,11787,True,A8flUQ_-pSTBXb-Kx712Jg
381,2019,3,296,Brussels,50.83323701066895,4.375930472711979,V1Nd1c1BVyON9650W-T1xA,332,1,1625,4,11791,True,V1Nd1c1BVyON9650W-T1xA
1035,2017,6,261,Brussels,50.84201677847977,4.331288661343615,T4tA7oxFkB3OfV_6Yzvizg,533,1,3414,1,11798,True,T4tA7oxFkB3OfV_6Yzvizg
1753,2020,11,142,Brussels,50.85092970847099,4.339390650454684,Lrha5tvgZzwBmsSSZZHEWA,599,2,3415,2,11802,True,Lrha5tvgZzwBmsSSZZHEWA
2542,2019,3,334,Brussels,50.86102058035763,4.353054090025828,69t1t9WrSZjutmLiP-9SXg,761,2,3416,1,11809,True,69t1t9WrSZjutmLiP-9SXg
1653,2013,10,30,Brussels,50.84984694949421,4.322843109179872,OdxE_kx-L1deiJz-7A1c9g,1322,3,3417,1,11826,True,OdxE_kx-L1deiJz-7A1c9g
2563,2009,6,187,Brussels,50.86102042445952,4.378501174266728,ZQOX7Z-spkwcGcBegvFZqg,1877,2,3418,1,11828,True,ZQOX7Z-spkwcGcBegvFZqg
1040,2009,3,281,Brussels,50.84165980011053,4.32952450208489,5UX_nUC90bjVxUrfm-1n4w,1390,0,1534,5,11833,True,5UX_nUC90bjVxUrfm-1n4w
2670,2020,7,15,Brussels,50.86297700421947,4.327227867034581,K0lnT1W1dVcCLF_pP6pi5A,1389,0,1532,6,11835,True,K0lnT1W1dVcCLF_pP6pi5A
1962,2017,5,235,Brussels,50.8540699454093,4.322967260054548,GXmU2Sly5zX39sNlQ78iDw,1795,1,3419,1,11838,True,GXmU2Sly5zX39sNlQ78iDw
2891,2019,5,276,Brussels,50.86621748606045,4.314045899638895,ZrW1k2-92qhveU5FSU446w,1391,1,3420,1,11840,True,ZrW1k2-92qhveU5FSU446w
460,2013,7,105,Brussels,50.83392162997992,4.377281222588528,GG_HBY1Gg0SvcK16XLPZLw,544,1,2962,5,11845,True,GG_HBY1Gg0SvcK16XLPZLw
817,2020,7,114,Brussels,50.8388068158864,4.343935407243258,tO57S9IKdMbuVa1BpqrvJQ,1724,0,1966,5,11846,True,tO57S9IKdMbuVa1BpqrvJQ
2436,2013,7,150,Brussels,50.85981363876764,4.32891290754354,lAzH8AGs1KcNVCXQVQ19Dg,823,0,858,5,11851,True,lAzH8AGs1KcNVCXQVQ19Dg
2048,2014,9,116,Brussels,50.85489450781131,4.331498764379702,eTUaJrBj-gpwO6bdKbc3aQ,975,1,1972,3,11852,True,eTUaJrBj-gpwO6bdKbc3aQ
1016,2014,9,36,Brussels,50.84200447034878,4.308524384199617,4Erkry_zXuBKIpk2VCH5zA,1725,0,1967,4,11855,True,4Erkry_zXuBKIpk2VCH5zA
227,2018,6,119,Brussels,50.83073386623439,4.377794769103947,Btf2Ke19EDzMJmfw8JUj1Q,1710,0,1949,7,11857,True,Btf2Ke19EDzMJmfw8JUj1Q
2857,2019,3,211,Brussels,50.86523754208669,4.357037461239359,4TOVRQheFDPPcoLFqfLVIA,2278,1,3421,1,11858,True,4TOVRQheFDPPcoLFqfLVIA
1971,2013,10,2,Brussels,50.85399385988728,4.329173537706014,ww37XxTNPE5rEaYyNQU4nA,2087,0,2605,7,11863,True,ww37XxTNPE5rEaYyNQU4nA
1862,2019,10,309,Brussels,50.8519767354331,4.377121889137133,aB6EROvfSeBjP9nbxu4ePw,896,0,941,6,11865,True,aB6EROvfSeBjP9nbxu4ePw
2895,2013,7,280,Brussels,50.86603708534974,4.321167557233088,ZjZIDeZY9W1AnkpKPGS9Ug,994,0,1048,5,11868,True,ZjZIDeZY9W1AnkpKPGS9Ug
1699,2019,4,215,Brussels,50.85000961662543,4.364109139223927,7rsX18l5XVmq7aH9SCXSBQ,9,0,9,7,11872,True,7rsX18l5XVmq7aH9SCXSBQ
871,2017,6,76,Brussels,50.84006587805029,4.320030968034295,TjEYdtl-n4CJRIxEhRRJvA,202,1,2646,3,11890,True,TjEYdtl-n4CJRIxEhRRJvA
1472,2009,6,293,Brussels,50.84688649093707,4.375159883573836,M70ZvXchm-RxzUop1XYBIw,310,1,1938,5,11892,True,M70ZvXchm-RxzUop1XYBIw
1071,2014,7,270,Brussels,50.84234047565269,4.359881812263684,T3DzcYxMTcHajIvRaEVWvg,636,0,652,3,11895,True,T3DzcYxMTcHajIvRaEVWvg
1791,2011,3,53,Brussels,50.85092181805399,4.383340404203905,fK2INioefmLmKgO2w1pZAA,1127,0,1213,3,11897,True,fK2INioefmLmKgO2w1pZAA
282,2020,7,160,Brussels,50.8319868022463,4.355010458136151,c6xLh4114yjrhv6Bp8oFdw,1849,0,2169,5,11899,True,c6xLh4114yjrhv6Bp8oFdw
972,2020,7,322,Brussels,50.84088933300304,4.343247355565496,f4_-QgJ2-SyGzgy7eIRotg,1801,1,3422,1,11900,True,f4_-QgJ2-SyGzgy7eIRotg
1810,2013,6,46,Brussels,50.85182726750464,4.323943730866802,OfCRNaKWoFQ6tmPYA9hNPg,1748,1,2750,3,11903,True,OfCRNaKWoFQ6tmPYA9hNPg
416,2019,5,129,Brussels,50.83441012595267,4.332354467560147,sx8yiqOcFMlVjbVPa9iIzg,291,1,2030,4,11906,True,sx8yiqOcFMlVjbVPa9iIzg
1454,2020,7,250,Brussels,50.84676140985066,4.363033694187913,2rVJpgxCpKyhKHqAwkr9Pg,1494,0,1659,6,11908,True,2rVJpgxCpKyhKHqAwkr9Pg
1848,2009,4,32,Brussels,50.85193839512151,4.362298973529321,Bly5M05uxTE0lZRrfGo_Pg,567,0,582,10,11910,True,Bly5M05uxTE0lZRrfGo_Pg
1383,2014,7,191,Brussels,50.84600116445704,4.368452548780106,b9hh157R7egfYATwUKBAIw,1883,0,2221,8,11917,True,b9hh157R7egfYATwUKBAIw
1309,2009,4,335,Brussels,50.8448711921119,4.37215133339883,CiRmAXj8qbo_Aa4KFg3XzQ,1104,0,1183,13,11918,True,CiRmAXj8qbo_Aa4KFg3XzQ
371,2013,7,54,Brussels,50.83290333024742,4.366411959018888,kN6j-qCtqaWlgc776Wb_PQ,2209,0,2870,4,11926,True,kN6j-qCtqaWlgc776Wb_PQ
2544,2020,6,8,Brussels,50.86154913526558,4.354439993675411,NDXDms7O-_3ckrDKL0Am4g,988,0,1041,8,11930,True,NDXDms7O-_3ckrDKL0Am4g
1231,2009,4,305,Brussels,50.84402907975765,4.368043238355779,9vrLk51PIctSTuWEtqNRNg,1706,0,1944,4,11935,True,9vrLk51PIctSTuWEtqNRNg
875,2009,3,247,Brussels,50.83981051821519,4.324210123167346,uLggxeQJxJRWQcEKzj0YRg,1987,1,3423,2,11937,True,uLggxeQJxJRWQcEKzj0YRg
2212,2009,6,54,Brussels,50.85712452825419,4.333176923215206,QEWzosdkpU7k1rbK3jklSg,1820,1,3424,1,11946,True,QEWzosdkpU7k1rbK3jklSg
2669,2019,5,1,Brussels,50.86328235104251,4.32399160517144,9u2i3d4yYNZyx3gNGyUcTA,1656,3,3425,1,11947,True,9u2i3d4yYNZyx3gNGyUcTA
1836,2019,3,349,Brussels,50.85195132742448,4.350216350825102,kNViWJieCcwUc7usRjLdYg,2134,0,2695,5,11949,True,kNViWJieCcwUc7usRjLdYg
2710,2017,6,81,Brussels,50.86293658729335,4.36634823066052,yFjl4RFQC7cIqSj7nzLsCA,1177,0,1269,3,11958,True,yFjl4RFQC7cIqSj7nzLsCA
1836,2014,7,172,Brussels,50.85199329767934,4.350182035836459,yb9mYorEqJi1KhCQenw_0Q,2134,1,3426,1,11959,True,yb9mYorEqJi1KhCQenw_0Q
1851,2017,5,229,Brussels,50.85200840313345,4.366252332988933,wopx4-1Ww3Pe45Ow2zxmMQ,1191,0,1287,6,11961,True,wopx4-1Ww3Pe45Ow2zxmMQ
1359,2013,6,86,Brussels,50.84600801956065,4.335190849943814,sV9YDrnyPs5MtUTqicoTzg,782,2,3427,1,11968,True,sV9YDrnyPs5MtUTqicoTzg
329,2009,4,316,Brussels,50.83291606433742,4.324213881077992,W_6hPNTME5NfR8q1rNfW7Q,117,0,117,5,11972,True,W_6hPNTME5NfR8q1rNfW7Q
2217,2009,6,104,Brussels,50.85750471295664,4.342866963730633,2wiHW0TnoVByW-_6PIib6w,1969,1,3428,1,11978,True,2wiHW0TnoVByW-_6PIib6w
1931,2020,6,13,Brussels,50.85295706868307,4.367059184808523,RqpXo98OIS_2YTqWaDccxQ,1907,0,2261,5,11987,True,RqpXo98OIS_2YTqWaDccxQ
518,2009,4,345,Brussels,50.83513606404756,4.357751064293931,RdUuhWD_mIZq79Tbeoj1fw,287,1,2564,3,11988,True,RdUuhWD_mIZq79Tbeoj1fw
894,2020,7,119,Brussels,50.84005387922465,4.343266724051467,AOJuyo1oSpWDy0TcLfEiPw,1168,1,3429,1,12002,True,AOJuyo1oSpWDy0TcLfEiPw
2430,2013,7,232,Brussels,50.85947600362486,4.315941250472402,7H2jRKr7zX8svWKkiPGQXQ,1640,1,3430,1,12009,True,7H2jRKr7zX8svWKkiPGQXQ
1061,2019,3,102,Brussels,50.84201641082773,4.354119920414488,F5tTJ2h_iVeb-5Fe27gEgQ,2132,0,2689,3,12012,True,F5tTJ2h_iVeb-5Fe27gEgQ
557,2014,8,334,Brussels,50.83592680942022,4.318135769643717,Gg_sT_m5Mn1hNOT7z__zjQ,1703,1,3431,1,12013,True,Gg_sT_m5Mn1hNOT7z__zjQ
1304,2014,7,318,Brussels,50.84492153769783,4.361352154791857,Ig-SEMo_5fVh_EuqxfhFRA,1702,0,1939,5,12014,True,Ig-SEMo_5fVh_EuqxfhFRA
2234,2019,3,209,Brussels,50.85701484242439,4.359120678437994,ayuL5rFGsVrZcqc3vMEZ6w,1361,2,3432,1,12016,True,ayuL5rFGsVrZcqc3vMEZ6w
2569,2014,7,244,Brussels,50.86097927447481,4.384210483870596,rHIswj5eMdNlrSZh644GEA,1536,1,3297,3,12017,True,rHIswj5eMdNlrSZh644GEA
276,2011,3,0,Brussels,50.83200200069189,4.349047676741163,dyotxMZHGI9dajUvF3pn6Q,2050,0,2528,6,12023,True,dyotxMZHGI9dajUvF3pn6Q
2369,2013,10,157,Brussels,50.85918819491589,4.335438207875359,pXC5CD-zgt6sKpYWeBFzWA,1479,0,1642,7,12026,True,pXC5CD-zgt6sKpYWeBFzWA
1233,2014,7,168,Brussels,50.84372640829964,4.370067463253486,8xg1E_Wjk_cMb-Acb5Cwfw,1627,1,3181,3,12027,True,8xg1E_Wjk_cMb-Acb5Cwfw
752,2019,4,297,Brussels,50.83731841970751,4.357996544494543,FEULBxBOWDMjiDmQJ7gQDA,1612,0,1823,5,12029,True,FEULBxBOWDMjiDmQJ7gQDA
2459,2017,5,49,Brussels,50.86009257442584,4.344274622868203,hy_krAsRVMESvOHv3-2dgQ,1694,0,1924,6,12032,True,hy_krAsRVMESvOHv3-2dgQ
842,2014,7,266,Brussels,50.83913501960249,4.369434625112841,PqhzvGTcRf9235s3QOrbKA,2203,1,3433,2,12033,True,PqhzvGTcRf9235s3QOrbKA
2265,2014,8,213,Brussels,50.8570429818914,4.384063473667174,9QpnX2hhPjgiPzpBLgrWsg,338,1,3434,1,12043,True,9QpnX2hhPjgiPzpBLgrWsg
479,2014,8,36,Brussels,50.83521416366248,4.318583560728634,ST5D1_p8Fz5IFBeVJTxmpA,1985,1,3435,1,12046,True,ST5D1_p8Fz5IFBeVJTxmpA
1530,2020,11,254,Brussels,50.84817805961487,4.35652385586716,kIhODon8JdEWOXK-xuORYQ,1111,0,1192,10,12053,True,kIhODon8JdEWOXK-xuORYQ
2857,2009,4,194,Brussels,50.86524743253709,4.35706628151113,VTmRrF5SFmoE_YL4U3tjqA,2278,2,3436,1,12058,True,VTmRrF5SFmoE_YL4U3tjqA
197,2020,10,348,Brussels,50.83090081798802,4.348331352468543,17ImEKfiyqqYomPPHfbWxA,515,1,3437,2,12059,True,17ImEKfiyqqYomPPHfbWxA
1872,2009,3,192,Brussels,50.8530519722846,4.308090525302378,BT-m4fjrep26gIjSdCrsuA,1115,0,1198,3,12065,True,BT-m4fjrep26gIjSdCrsuA
106,2017,6,71,Brussels,50.83013360424516,4.33502043246944,r_yT_XD6eQfbOIsS0nBDkA,1187,2,3438,1,12077,True,r_yT_XD6eQfbOIsS0nBDkA
491,2019,5,131,Brussels,50.83486112111549,4.330252049612763,xAvh5Jrb30CgQ3Ar5sFX7Q,961,0,1014,4,12082,True,xAvh5Jrb30CgQ3Ar5sFX7Q
1935,2020,11,71,Brussels,50.85313429936726,4.373535336433882,7OLldchFHNULzHYovcqLgQ,946,0,998,6,12089,True,7OLldchFHNULzHYovcqLgQ
2025,2014,7,182,Brussels,50.85411196655142,4.381140573365792,kw4jkj4w0KaIgz3M6Nv6TA,2044,1,3439,1,12095,True,kw4jkj4w0KaIgz3M6Nv6TA
339,2018,10,268,Brussels,50.83291129180871,4.334283333621435,WdXgDUbe70GqFhiGZFpmyA,1346,0,1477,8,12103,True,WdXgDUbe70GqFhiGZFpmyA
1040,2013,6,116,Brussels,50.84164271508166,4.329539789760183,YjkFvUhFqtiYUjumfep-_g,1390,1,3440,1,12105,True,YjkFvUhFqtiYUjumfep-_g
2661,2014,9,140,Brussels,50.8631322818791,4.321402931468818,Eu27gopd1mLoiZi2ppMjrA,1207,0,1305,5,12109,True,Eu27gopd1mLoiZi2ppMjrA
163,2019,5,9,Brussels,50.83065067952364,4.314871873106609,OPKjeRhFXfy1-U-426fRoA,1887,0,2228,3,12112,True,OPKjeRhFXfy1-U-426fRoA
839,2014,7,0,Brussels,50.83886526898694,4.366238751814124,TS9gIH6QUAQQnix0R3GhlA,1292,2,3261,4,12113,True,TS9gIH6QUAQQnix0R3GhlA
1900,2017,5,127,Brussels,50.85315762388741,4.330325385251339,bcMjF-9b9V6g1MbjDARAuw,1298,0,1416,7,12119,True,bcMjF-9b9V6g1MbjDARAuw
1298,2009,8,66,Brussels,50.84506571656274,4.357070233986061,fqFciJK2cSNOsewGa86uRA,877,0,917,5,12122,True,fqFciJK2cSNOsewGa86uRA
408,2019,5,243,Brussels,50.83453204186034,4.324436157655235,xTy9R8_k6HfV9KWYcebkyw,985,0,1038,4,12131,True,xTy9R8_k6HfV9KWYcebkyw
524,2013,7,255,Brussels,50.83505831034871,4.36302940065031,EQ7Yw1KxCVv5137IpeZlmQ,1328,0,1451,7,12132,True,EQ7Yw1KxCVv5137IpeZlmQ
2330,2020,11,341,Brussels,50.85795674670292,4.37812232537423,-_UH8tkIPBtT0jBd6-DzNA,71,0,71,8,12133,True,-_UH8tkIPBtT0jBd6-DzNA
707,2017,5,81,Brussels,50.83796039157615,4.312975170398995,1xcGLXopEfJHT6ON0BsI3g,613,1,1869,3,12139,True,1xcGLXopEfJHT6ON0BsI3g
1506,2017,5,305,Brussels,50.84780551793168,4.326583621333388,K_iAasDddWhETxz7sFaGRw,1332,1,2985,3,12142,True,K_iAasDddWhETxz7sFaGRw
919,2009,4,127,Brussels,50.84013328261979,4.368220576412955,YjGGY-pJAxZ1lSog0GOrHw,1394,1,3441,1,12150,True,YjGGY-pJAxZ1lSog0GOrHw
2173,2009,8,25,Brussels,50.85599965403233,4.368981089128067,HgTjYXyUeyMhMk84E1eQ5Q,158,0,159,8,12151,True,HgTjYXyUeyMhMk84E1eQ5Q
739,2014,7,111,Brussels,50.83783708246589,4.344359466901893,Sxq3pN6qoTVRDfefT_TwhA,983,0,1036,7,12155,True,Sxq3pN6qoTVRDfefT_TwhA
2267,2014,9,163,Brussels,50.85762550748616,4.314188461978174,kShkZ_50IPgsaY7IFZOwGA,2226,0,2917,4,12158,True,kShkZ_50IPgsaY7IFZOwGA
1142,2020,7,326,Brussels,50.84300790988599,4.358464857552057,_4zuFaDJFvNTtZjEAAxo_w,546,0,560,4,12161,True,_4zuFaDJFvNTtZjEAAxo_w
896,2019,4,3,Brussels,50.83997437207157,4.345193009312556,n1AItfYO37-LNaLE8IEunw,1819,0,2116,6,12162,True,n1AItfYO37-LNaLE8IEunw
1429,2014,9,84,Brussels,50.84696123835911,4.333141773420362,mv_b-BPl2uNQAdi8tIkw0w,1007,0,1063,4,12164,True,mv_b-BPl2uNQAdi8tIkw0w
2789,2017,5,231,Brussels,50.86406277386077,4.367195009288716,NT8YwCFyH74xlUi5zQXpBg,2263,0,3110,5,12181,True,NT8YwCFyH74xlUi5zQXpBg
2139,2013,10,351,Brussels,50.85600606626021,4.336062169241869,wZe007ap58hYp--fAtGk-A,2119,0,2669,6,12182,True,wZe007ap58hYp--fAtGk-A
687,2020,7,69,Brussels,50.83696579903181,4.370027284457663,BfHEmJa2Z6XVYCmbHnxMTQ,196,2,2640,7,12185,True,BfHEmJa2Z6XVYCmbHnxMTQ
2563,2013,6,151,Brussels,50.86095751560381,4.378479600841406,CJYdYcLos-ZiW1Cq5uz94A,1877,0,2213,5,12186,True,CJYdYcLos-ZiW1Cq5uz94A
2559,2017,5,171,Brussels,50.86104983264425,4.367602840311116,zXOFPZ9ZET591W0EjK_Dvw,600,1,1081,8,12188,True,zXOFPZ9ZET591W0EjK_Dvw
1906,2019,4,258,Brussels,50.85293765340583,4.341362125526389,fZ5yMB-d1ZDu7kq3Cp-9Wg,714,0,739,6,12189,True,fZ5yMB-d1ZDu7kq3Cp-9Wg
1544,2014,7,239,Brussels,50.84834442132847,4.366055656154217,DMi-739fQH9YdPlrGA2YVQ,2147,0,2717,5,12194,True,DMi-739fQH9YdPlrGA2YVQ
216,2019,3,20,Brussels,50.83091255268047,4.367008936540752,S7y3m8gS38EdUTOMsYpgDQ,735,0,763,5,12195,True,S7y3m8gS38EdUTOMsYpgDQ
518,2014,7,169,Brussels,50.8351416954498,4.357759918619911,Xi4Wr-F7gJxw069DXl505A,287,0,291,3,12199,True,Xi4Wr-F7gJxw069DXl505A
686,2013,6,79,Brussels,50.83723023457091,4.369689756982161,HDXwFqG4ODYqegvWcDY-Lw,34,0,34,6,12200,True,HDXwFqG4ODYqegvWcDY-Lw
183,2019,3,62,Brussels,50.83100532649884,4.334167127633149,yKhYC1NW6bI9oawGWLIYGQ,154,2,2875,4,12204,True,yKhYC1NW6bI9oawGWLIYGQ
1440,2013,6,250,Brussels,50.84699898096222,4.338408591170578,xFeAZgUOAnu53VhJLFj6yA,1717,0,1958,6,12206,True,xFeAZgUOAnu53VhJLFj6yA
597,2014,7,309,Brussels,50.83608177941242,4.358400784393576,mftPCWJSb6w1KqZoKQ5Xiw,1068,1,3442,1,12210,True,mftPCWJSb6w1KqZoKQ5Xiw
2547,2009,5,46,Brussels,50.8609486801459,4.358112274807388,U5d2vIdwjX5HIQKnQVmqKg,244,0,247,6,12222,True,U5d2vIdwjX5HIQKnQVmqKg
2858,2013,7,229,Brussels,50.86494496072213,4.35525436997811,rM7HF8Pw1fKdcxluTvMWKg,1897,1,2672,6,12235,True,rM7HF8Pw1fKdcxluTvMWKg
2267,2013,10,341,Brussels,50.85762252638552,4.314078546866067,yLS-DPn9xkhuefmFVk2vtQ,2226,1,3443,1,12243,True,yLS-DPn9xkhuefmFVk2vtQ
389,2019,10,3,Brussels,50.83293197687751,4.384053496116518,uWkD-GFpuD422GG3k6Byng,2053,0,2534,4,12245,True,uWkD-GFpuD422GG3k6Byng
82,2014,9,37,Brussels,50.83027942304251,4.310551765830017,rKKkGjc6qrLyp2tEWQpurQ,752,2,3444,1,12253,True,rKKkGjc6qrLyp2tEWQpurQ
1953,2013,6,268,Brussels,50.8539712266765,4.307367600131511,_uOoNcL_B96Sc7Grh132YA,1184,1,1282,4,12261,True,_uOoNcL_B96Sc7Grh132YA
566,2009,4,110,Brussels,50.83618978510255,4.327195815684576,OwV0CrgXJP5zvbMsj8zOWg,2256,1,3445,1,12264,True,OwV0CrgXJP5zvbMsj8zOWg
1564,2009,3,339,Brussels,50.84897307627688,4.307546018374393,UIe5vtB7wTUDLQu8aAAVsg,2241,0,2968,4,12268,True,UIe5vtB7wTUDLQu8aAAVsg
61,2009,4,232,Brussels,50.82894296684618,4.368167347434189,ZY7CMTJVxE9mZQajWuGrQw,1206,1,3446,1,12271,True,ZY7CMTJVxE9mZQajWuGrQw
2329,2020,11,349,Brussels,50.85819926584012,4.373236804070675,VYkO13s5pUFfBV_Ahahg_A,1399,0,1546,4,12276,True,VYkO13s5pUFfBV_Ahahg_A
1345,2013,6,86,Brussels,50.84599832823471,4.32710394772381,6woO70tpHxZVY0ZV6xSW0w,861,1,2650,4,12277,True,6woO70tpHxZVY0ZV6xSW0w
22,2013,7,339,Brussels,50.82897200662068,4.329203587337663,j_v_gI5JYfrrKtrlvaRrRg,345,0,349,8,12278,True,j_v_gI5JYfrrKtrlvaRrRg
2120,2013,10,21,Brussels,50.85588420702942,4.31700816359886,3Pz6OKiTv896a-xFSrop8g,1747,2,3447,1,12281,True,3Pz6OKiTv896a-xFSrop8g
2204,2017,6,227,Brussels,50.85695848334697,4.32522143709856,rOI11O26p0fO1n7lAzLaFg,1928,0,2297,3,12282,True,rOI11O26p0fO1n7lAzLaFg
2107,2017,5,336,Brussels,50.85594983356094,4.312163043809846,jHIB4xv6z5fVnM3FD9s5Gg,539,1,3363,3,12283,True,jHIB4xv6z5fVnM3FD9s5Gg
1781,2014,7,90,Brussels,50.85117326272947,4.375563789513055,-laF8t-TPC2Z6MrmvyHQVQ,1477,0,1640,7,12290,True,-laF8t-TPC2Z6MrmvyHQVQ
2668,2009,3,157,Brussels,50.86310555398126,4.323153065545981,h7GTBDXqiCTEhU2xhsimyw,2252,1,3281,3,12299,True,h7GTBDXqiCTEhU2xhsimyw
1501,2010,10,163,Brussels,50.84789324156255,4.331209610995473,b7OrWlSjZr69x8olTBoStg,918,0,966,9,12306,True,b7OrWlSjZr69x8olTBoStg
692,2009,4,36,Brussels,50.83705902865667,4.37463120622207,1WVlkbXU7EhkKkTCrx0HdQ,84,1,3448,1,12314,True,1WVlkbXU7EhkKkTCrx0HdQ
1317,2014,7,328,Brussels,50.84476115648157,4.37714269756807,hAbkVp-fies6kN-Xyh4xPw,917,1,3449,1,12316,True,hAbkVp-fies6kN-Xyh4xPw
2358,2009,4,312,Brussels,50.8590648146542,4.325812847761624,czycVtnOBFMzBgtL8m1Giw,1695,1,2725,3,12317,True,czycVtnOBFMzBgtL8m1Giw
1346,2020,7,353,Brussels,50.8459374282855,4.323254336925544,PgeDwBkt-sDeggIFxuLC-A,959,0,1012,4,12319,True,PgeDwBkt-sDeggIFxuLC-A
1292,2017,5,15,Brussels,50.84484562901028,4.349032043053872,vbxsYTYloXHltRjvlEDLMg,1420,1,3450,1,12324,True,vbxsYTYloXHltRjvlEDLMg
1624,2018,5,348,Brussels,50.84897931269993,4.369299337684913,rKKprIlFVFvjnb63Wf5b6g,1777,0,2055,8,12330,True,rKKprIlFVFvjnb63Wf5b6g
804,2017,5,15,Brussels,50.83904983314444,4.331132139278884,S-Pk1UAvT7v4add7hgMdqA,450,1,3451,1,12334,True,S-Pk1UAvT7v4add7hgMdqA
425,2017,5,89,Brussels,50.83401600249641,4.342230951783609,7xiPzmWJBbOwybQoOH6zZw,409,0,415,9,12336,True,7xiPzmWJBbOwybQoOH6zZw
2321,2009,8,325,Brussels,50.85798986692964,4.36825230080303,I6eLO-aT8W8lUnZUAQyQlg,1295,0,1413,4,12337,True,I6eLO-aT8W8lUnZUAQyQlg
2812,2013,10,32,Brussels,50.8651086137297,4.306903012709753,ul6zgBYBnQYuVvJ1ieYFSA,1350,1,3452,1,12339,True,ul6zgBYBnQYuVvJ1ieYFSA
2122,2013,10,287,Brussels,50.856194898856,4.326395478430495,q3UszvI89OULlGoEmQ2FtA,1688,2,2468,4,12351,True,q3UszvI89OULlGoEmQ2FtA
2784,2020,7,193,Brussels,50.86412602463415,4.360745915447246,-uysQeUWxOtovBUMQrTCgQ,1781,0,2061,6,12357,True,-uysQeUWxOtovBUMQrTCgQ
2208,2013,10,319,Brussels,50.8571930003985,4.33510482383989,ul2veHHaXg8o-sEczqWc_w,1959,0,2348,5,12360,True,ul2veHHaXg8o-sEczqWc_w
1198,2019,4,196,Brussels,50.84404547800092,4.336125741165393,IjnN608l9eUgRkEPvJxTMA,682,1,2744,4,12362,True,IjnN608l9eUgRkEPvJxTMA
2163,2013,7,337,Brussels,50.85583844331591,4.36848074338644,TymCzm5svDdXElTwHNRwGw,2000,1,3453,1,12363,True,TymCzm5svDdXElTwHNRwGw
1611,2014,7,146,Brussels,50.84895803587064,4.360851692343892,pZ3-wmPstA9aWzZX4ounZw,364,0,369,6,12365,True,pZ3-wmPstA9aWzZX4ounZw
1574,2009,8,215,Brussels,50.84911905085509,4.325325124589013,WdQEv2Ec02Qm-FEyS_ggmw,2107,0,2647,5,12370,True,WdQEv2Ec02Qm-FEyS_ggmw
1596,2019,3,149,Brussels,50.84908023435331,4.342229166156399,yE0aH3Hywa2hZ_AeZT8g5w,111,2,3102,3,12372,True,yE0aH3Hywa2hZ_AeZT8g5w
2495,2020,7,222,Brussels,50.85981594744853,4.308182520834328,yyHPFhMvlYSerQEwE3L3Og,528,1,780,5,12376,True,yyHPFhMvlYSerQEwE3L3Og
1465,2013,7,41,Brussels,50.84729233093242,4.367865532420461,uQTxDdt8Qkz7HCtRWyDSHw,256,0,259,8,12377,True,uQTxDdt8Qkz7HCtRWyDSHw
1838,2017,5,39,Brussels,50.85201732474616,4.350990696865002,DAmRaIrfR4tyeAWc2JR3QA,627,2,3454,1,12379,True,DAmRaIrfR4tyeAWc2JR3QA
485,2010,10,103,Brussels,50.8351041818693,4.323679134265215,JPLDOlV-zA0WBkudhdHW0A,1910,0,2267,5,12385,True,JPLDOlV-zA0WBkudhdHW0A
181,2019,4,61,Brussels,50.831048161333,4.332071469387447,j4ZFcr76Y7HRXHay1LHFSQ,718,0,744,5,12387,True,j4ZFcr76Y7HRXHay1LHFSQ
1419,2009,3,72,Brussels,50.84685945270468,4.318388148843175,prAejsNwoFOjl9J-J2mlbQ,785,1,3455,1,12388,True,prAejsNwoFOjl9J-J2mlbQ
2105,2013,7,136,Brussels,50.85489412363503,4.383668920746497,9JRsIQ7vETDnXbI7zHUJ7Q,1220,1,3456,2,12392,True,9JRsIQ7vETDnXbI7zHUJ7Q
2645,2020,6,98,Brussels,50.86195591388283,4.379260748667843,voGVifRazBqUXdN-ERvjZA,890,1,3457,2,12397,True,voGVifRazBqUXdN-ERvjZA
1765,2014,7,69,Brussels,50.85112506039957,4.357317197151504,f_GOc_Cc7H2N0tVAXUZl5w,2085,1,3458,1,12412,True,f_GOc_Cc7H2N0tVAXUZl5w
448,2013,7,89,Brussels,50.83412837195156,4.365333740208354,m3XcTyd1gM6obhF8rYAeFg,2274,1,3459,1,12414,True,m3XcTyd1gM6obhF8rYAeFg
1767,2009,4,350,Brussels,50.85088116019694,4.356101008460021,954eBAiaIU0Aw3FgUBN_Eg,790,0,821,4,12418,True,954eBAiaIU0Aw3FgUBN_Eg
104,2013,7,35,Brussels,50.83005884838855,4.333017167893948,XdLZi9QJEk-UA2YC1yFqpA,2098,0,2628,4,12421,True,XdLZi9QJEk-UA2YC1yFqpA
170,2013,7,216,Brussels,50.83102471773866,4.321198163357933,9IQLQg6u9346czkwWgZAjg,629,0,644,9,12424,True,9IQLQg6u9346czkwWgZAjg
2279,2009,6,21,Brussels,50.85729685195222,4.323032510714384,XW-gNiAi84WT93ysYj4ahw,356,0,361,8,12425,True,XW-gNiAi84WT93ysYj4ahw
633,2014,9,243,Brussels,50.83715562008932,4.31628547526721,jlfN2yYDV4XLEAuwopOMQA,191,2,3460,1,12435,True,jlfN2yYDV4XLEAuwopOMQA
2814,2009,3,71,Brussels,50.86480768694104,4.313232302131228,e_0cxCX02XojrP56_5EjKA,2093,1,3461,1,12439,True,e_0cxCX02XojrP56_5EjKA
2172,2014,7,355,Brussels,50.85594716809809,4.371233818408868,-uBGCGgBBuhEkbVQ1gRYUQ,2246,0,2977,7,12442,True,-uBGCGgBBuhEkbVQ1gRYUQ
2893,2014,9,328,Brussels,50.86604133697398,4.308102165607389,lhXozLnb9i7w-18d5LCi7w,87,2,3462,1,12447,True,lhXozLnb9i7w-18d5LCi7w
1712,2019,10,294,Brussels,50.8502072591793,4.379937800529158,GP9KLGtQNrRoqGTxQaQy8w,832,2,3463,1,12453,True,GP9KLGtQNrRoqGTxQaQy8w
378,2020,6,173,Brussels,50.83336187588898,4.373720698773895,rr8wBYZkj12MkH_AhlPzTQ,1498,2,3464,1,12463,True,rr8wBYZkj12MkH_AhlPzTQ
116,2014,7,206,Brussels,50.82973291287599,4.345116178314589,67qsKQw_aexQBj00acZLeQ,2240,0,2967,4,12464,True,67qsKQw_aexQBj00acZLeQ
2786,2019,3,210,Brussels,50.86386546085265,4.360624591085528,wslAvZ4sL1D1tFxdkdIe8Q,1622,0,1834,6,12466,True,wslAvZ4sL1D1tFxdkdIe8Q
1399,2017,5,211,Brussels,50.84592329978702,4.3792290917906,6NZlrk771Ithqz6LnLX0zA,1133,0,1223,8,12471,True,6NZlrk771Ithqz6LnLX0zA
1341,2013,6,151,Brussels,50.84622428319742,4.325739894057842,bahk1y91vfklq7pIcj37cA,1461,1,1774,3,12473,True,bahk1y91vfklq7pIcj37cA
1538,2019,3,273,Brussels,50.84795304135996,4.362483555243443,k4StQPlXR8o3BOkY155VMw,1262,0,1370,9,12485,True,k4StQPlXR8o3BOkY155VMw
1840,2020,7,171,Brussels,50.85203835992965,4.348239360918634,ow22h1mqK1lkYSrM3QAN2g,695,0,716,4,12491,True,ow22h1mqK1lkYSrM3QAN2g
1184,2013,6,336,Brussels,50.84399997382407,4.318041335527056,lQEK3A3wDPmdUyKELYUIHw,1633,0,1849,5,12502,True,lQEK3A3wDPmdUyKELYUIHw
198,2011,3,359,Brussels,50.83121436817865,4.348584651149813,qI5BpqbWk9Z_0QRcZp1ycA,240,1,2022,6,12507,True,qI5BpqbWk9Z_0QRcZp1ycA
139,2019,3,198,Brussels,50.82993280181741,4.367984475112018,1-B3lS5V5LvE3A2zrFRcWg,1772,0,2047,5,12515,True,1-B3lS5V5LvE3A2zrFRcWg
151,2019,4,329,Brussels,50.83008731251223,4.380055364760414,lpNRRpNDevEcW5HoIWsxwQ,623,1,3465,1,12518,True,lpNRRpNDevEcW5HoIWsxwQ
529,2020,7,194,Brussels,50.8348841744124,4.368038414302787,fmoYpVbSQ5PGcSw2_mpweg,1059,0,1128,5,12519,True,fmoYpVbSQ5PGcSw2_mpweg
1352,2019,4,56,Brussels,50.84614629522894,4.334287494390846,VlX9t5CXBD_Iag0OGhiPDA,92,0,92,4,12520,True,VlX9t5CXBD_Iag0OGhiPDA
2367,2014,7,15,Brussels,50.85902862960371,4.339226084297781,y0HX9ufZOUTFh7_ftD4nQg,1582,0,1773,5,12522,True,y0HX9ufZOUTFh7_ftD4nQg
382,2013,7,90,Brussels,50.83264522095945,4.377892216807352,K3MDQFCrVXgf0B2PZpAGhQ,1296,2,3466,1,12524,True,K3MDQFCrVXgf0B2PZpAGhQ
793,2013,6,277,Brussels,50.83902130011681,4.320215124569216,CsE-G3wAZAZ9WGLBn58Pyg,370,0,375,4,12527,True,CsE-G3wAZAZ9WGLBn58Pyg
2642,2014,7,352,Brussels,50.86194669771378,4.374197991572136,RNsL9s1Vy8en9qG7bGCmWw,2280,1,3467,2,12531,True,RNsL9s1Vy8en9qG7bGCmWw
1528,2009,6,348,Brussels,50.84808818984288,4.357811764398683,w-8DtDwKUnhu91KNLbu9Iw,1024,1,3468,1,12536,True,w-8DtDwKUnhu91KNLbu9Iw
2938,2020,6,193,Brussels,50.86603094339393,4.357124192017801,jamvWtKYLHWuGP3QKLbsTg,843,1,3390,3,12539,True,jamvWtKYLHWuGP3QKLbsTg
557,2013,6,146,Brussels,50.83596228452603,4.318146008521857,ynWxeZPtb_SNKVGz7_qzog,1703,0,1940,3,12540,True,ynWxeZPtb_SNKVGz7_qzog
2743,2020,7,175,Brussels,50.86406257097203,4.320346286357723,Mc1lDcS00I57vFSN1W_kbw,2189,0,2807,5,12546,True,Mc1lDcS00I57vFSN1W_kbw
2258,2020,11,203,Brussels,50.85701990261046,4.378210738758645,uSxqoziaEYIPtH4KM-y5iQ,784,3,3469,1,12560,True,uSxqoziaEYIPtH4KM-y5iQ
1467,2009,4,246,Brussels,50.84749624256774,4.365888857636541,POjL_qxVSy-2iLt_gguPPQ,1954,0,2341,5,12563,True,POjL_qxVSy-2iLt_gguPPQ
842,2019,4,87,Brussels,50.8391377198894,4.369406721205558,HzVOahp0WEtrNRLK_zueFw,2203,0,2850,4,12567,True,HzVOahp0WEtrNRLK_zueFw
2907,2019,5,5,Brussels,50.86629613817511,4.323307901105047,WBV25qcnfNgWtaceiNGwDQ,1775,0,2052,7,12569,True,WBV25qcnfNgWtaceiNGwDQ
2642,2009,6,171,Brussels,50.86194307874247,4.374203923107657,vROGQFi1feR-KrriSeENug,2280,2,3470,1,12570,True,vROGQFi1feR-KrriSeENug
2533,2014,7,301,Brussels,50.86070973606205,4.34049492848542,ApxWW-m3rAjccDVbVtrpeQ,1942,0,2323,5,12574,True,ApxWW-m3rAjccDVbVtrpeQ
706,2019,5,15,Brussels,50.83801786151528,4.311263782433739,Ck4hlMcEJ8JnDwSxBJbSIg,2248,0,3014,4,12575,True,Ck4hlMcEJ8JnDwSxBJbSIg
2324,2009,6,136,Brussels,50.85782534133202,4.371136697496348,z2Nr_ulgMTmWKuXZeG29rw,1030,0,1093,7,12576,True,z2Nr_ulgMTmWKuXZeG29rw
2209,2009,4,157,Brussels,50.85690865853623,4.332294919915272,SotDyqvAGaVu1FsDqIiwJQ,1932,1,2851,3,12583,True,SotDyqvAGaVu1FsDqIiwJQ
1288,2019,4,327,Brussels,50.84488713318196,4.350000914625831,Sx7bo54t2FeIXPnOaseZWw,1144,0,1235,5,12593,True,Sx7bo54t2FeIXPnOaseZWw
2510,2009,3,115,Brussels,50.86099494737472,4.323153754526958,dayXySdRbGgQY9b7cAV_uA,1863,0,2192,5,12596,True,dayXySdRbGgQY9b7cAV_uA
804,2014,8,207,Brussels,50.83908409185418,4.331124391628943,V_yB50C5SYY2blYLDL2Usg,450,0,461,7,12606,True,V_yB50C5SYY2blYLDL2Usg
2646,2014,7,211,Brussels,50.8619240019096,4.378034864211841,8LrHl2rn9SLNXrbhr_aKPQ,1411,0,1562,4,12607,True,8LrHl2rn9SLNXrbhr_aKPQ
1076,2014,7,132,Brussels,50.84197521814126,4.371141423648208,NxCI4RhfFN9KoCKXGSBcCA,902,0,948,9,12608,True,NxCI4RhfFN9KoCKXGSBcCA
81,2019,5,315,Brussels,50.82998230938215,4.310206255205258,97a9KI_1z6XDeBtOWb2cGw,2043,0,2518,3,12616,True,97a9KI_1z6XDeBtOWb2cGw
997,2020,6,79,Brussels,50.84097107510276,4.371160888538824,rHfi9aStEGTdeKtIR9pBlA,1642,1,2313,6,12620,True,rHfi9aStEGTdeKtIR9pBlA
1513,2014,9,219,Brussels,50.84852489665808,4.336629343209828,cAbUBUnEjdRDrnpFeueZVg,813,0,845,7,12622,True,cAbUBUnEjdRDrnpFeueZVg
2013,2009,4,351,Brussels,50.8540855269875,4.367777499861583,PBTbFMfHmvSwwcz8A6QmgA,2173,0,2769,6,12624,True,PBTbFMfHmvSwwcz8A6QmgA
62,2017,5,325,Brussels,50.82890451101158,4.369004525957761,zNn7we190RAaYv1iduNUzg,270,0,274,5,12626,True,zNn7we190RAaYv1iduNUzg
1728,2014,9,98,Brussels,50.85091739571872,4.323437420969225,XSzUKwlywKuDgGiH2068aQ,2187,1,3348,3,12634,True,XSzUKwlywKuDgGiH2068aQ
120,2019,3,12,Brussels,50.82984544255493,4.349024608999811,4uNasDGYqJyt9a9GelnYLA,387,0,392,4,12635,True,4uNasDGYqJyt9a9GelnYLA
672,2014,7,335,Brussels,50.83699065245067,4.355117814318168,TmGoyxoR0KZkRtaLESZLzw,1257,1,2340,4,12637,True,TmGoyxoR0KZkRtaLESZLzw
1203,2019,9,332,Brussels,50.84369063420921,4.342387356463301,dbf6MBCmREPZeihBamE03w,1105,0,1184,5,12647,True,dbf6MBCmREPZeihBamE03w
2836,2019,5,260,Brussels,50.86514806440594,4.335385912362498,8mN1TXMho-3uH0yqIr4aXw,1943,1,2988,3,12660,True,8mN1TXMho-3uH0yqIr4aXw
2217,2013,7,297,Brussels,50.85749641721943,4.342852940755104,6OxUptk7Gx5PUl6b1wQcsQ,1969,0,2364,4,12664,True,6OxUptk7Gx5PUl6b1wQcsQ
2202,2019,4,224,Brussels,50.85682570491884,4.329281386663184,AbwreA19MKcyezw8b1QRGg,2188,2,3472,1,12669,True,AbwreA19MKcyezw8b1QRGg
1502,2019,5,165,Brussels,50.84787707017828,4.328890745892519,05cyBxwBcAQCigYJCBhMAQ,1786,0,2070,5,12676,True,05cyBxwBcAQCigYJCBhMAQ
2406,2020,11,68,Brussels,50.85874217363376,4.371078003750187,1EpsJNBFxVzJ07lUPsTIqg,206,0,208,8,12681,True,1EpsJNBFxVzJ07lUPsTIqg
1885,2014,9,236,Brussels,50.85290032479909,4.3210181609331,ULuG0q0RBCGtprBHMToBtA,1821,0,2119,4,12687,True,ULuG0q0RBCGtprBHMToBtA
2793,2017,5,7,Brussels,50.86373211556135,4.365129447689408,ugDiYAXlTSkWCs17WnIypQ,2067,0,2556,5,12689,True,ugDiYAXlTSkWCs17WnIypQ
1782,2017,5,317,Brussels,50.8508461005631,4.373912084924009,BfqjMtxjdvIKEJcCrMzmFA,1263,0,1371,6,12691,True,BfqjMtxjdvIKEJcCrMzmFA
838,2014,7,253,Brussels,50.83871286994685,4.365216150254349,JapL6Llc-726iobnzPzkuA,1096,0,1173,5,12697,True,JapL6Llc-726iobnzPzkuA
1408,2013,6,96,Brussels,50.84721108745222,4.311994242846609,bAgvASdReh7EuHjBOMG-Fw,1879,0,2216,4,12702,True,bAgvASdReh7EuHjBOMG-Fw
448,2009,9,276,Brussels,50.83412266136011,4.365350603854587,gMTBHfi4BnqXiDpumeqrUg,2274,0,3222,5,12709,True,gMTBHfi4BnqXiDpumeqrUg
1490,2013,6,146,Brussels,50.84810060194689,4.313107189106135,s3Pg3U_mgTzCtj6QEFiMlg,147,0,147,6,12712,True,s3Pg3U_mgTzCtj6QEFiMlg
2283,2009,4,324,Brussels,50.85804636419953,4.32711207483845,5khiuEmSbNKMrkQ3u2Odng,604,0,619,5,12714,True,5khiuEmSbNKMrkQ3u2Odng
1905,2013,10,62,Brussels,50.85289553355705,4.336346721147396,AaHcjbxomDN_j8bE1aZQsA,272,0,276,6,12717,True,AaHcjbxomDN_j8bE1aZQsA
1679,2019,3,302,Brussels,50.85001505508835,4.343047544967218,3E29LkbNNO4_3CDUWEz3mQ,1965,0,2358,7,12722,True,3E29LkbNNO4_3CDUWEz3mQ
584,2009,9,111,Brussels,50.83597249851725,4.345169043465139,C9V1QmXMi6kuSGWpqe2y5w,1541,0,1717,9,12723,True,C9V1QmXMi6kuSGWpqe2y5w
2254,2019,4,217,Brussels,50.85698038104943,4.377195504520617,X_RItR6Yo85SOwNzupOHbQ,2279,0,3286,5,12737,True,X_RItR6Yo85SOwNzupOHbQ
822,2009,6,160,Brussels,50.8391541690296,4.349340312890809,errd9i2XpyCeyRAxhqnLIA,149,0,149,5,12738,True,errd9i2XpyCeyRAxhqnLIA
1458,2009,4,120,Brussels,50.84702594555299,4.358190468954776,VO4HM3ZbOrU_Al0nSM3A6Q,131,0,131,11,12746,True,VO4HM3ZbOrU_Al0nSM3A6Q
2637,2013,7,203,Brussels,50.86203913397014,4.369080329093993,DzkLfgsRwAhQJCeqza6OwQ,1718,0,1959,4,12750,True,DzkLfgsRwAhQJCeqza6OwQ
597,2020,6,128,Brussels,50.83608692326925,4.358401615696834,nTipkjFGG1kzOSxK58Ok9g,1068,0,1139,5,12753,True,nTipkjFGG1kzOSxK58Ok9g
1471,2009,6,294,Brussels,50.847085950363,4.374223128450927,5HEM8-2SfNt7mvouoLsrRA,1782,0,2063,6,12754,True,5HEM8-2SfNt7mvouoLsrRA
330,2009,6,281,Brussels,50.83273625392609,4.325084906562113,bN1AIFKq8j1ugyqWLceA3A,2235,0,2946,5,12757,True,bN1AIFKq8j1ugyqWLceA3A
604,2019,10,161,Brussels,50.83592119313564,4.365377464183788,miWXFMQkG3uTJvYj9c5VGw,1422,0,1574,8,12759,True,miWXFMQkG3uTJvYj9c5VGw
1785,2009,4,25,Brussels,50.8509573128262,4.378042569457078,xaH0idyLtxgTJnaFU1zcPg,1560,0,1737,8,12765,True,xaH0idyLtxgTJnaFU1zcPg
142,2013,7,276,Brussels,50.8300686251955,4.3711021769612,84uXKtH7tl7jf2jvr9ebhg,829,0,865,5,12767,True,84uXKtH7tl7jf2jvr9ebhg
2117,2014,9,82,Brussels,50.85623426556052,4.320416773374069,UfoMBtLXH5qcfMsnm9if5g,1528,2,3473,1,12770,True,UfoMBtLXH5qcfMsnm9if5g
2447,2013,10,97,Brussels,50.85994280079835,4.336922396193019,rjD3WznXyuDo_mOJhIX90Q,1157,0,1248,6,12771,True,rjD3WznXyuDo_mOJhIX90Q
885,2009,3,140,Brussels,50.83985588920684,4.334342778534288,7jXUUsKA3UuXxMToBVdvkw,826,0,862,3,12777,True,7jXUUsKA3UuXxMToBVdvkw
1340,2014,9,185,Brussels,50.84504778403399,4.319789801190202,PaIkTDCcJ8jagirPOUs5wg,948,0,1000,6,12780,True,PaIkTDCcJ8jagirPOUs5wg
1570,2014,9,162,Brussels,50.84854386159564,4.318356354042352,K-XFfp3ddqZofDfHimg7RQ,1283,1,2959,4,12784,True,K-XFfp3ddqZofDfHimg7RQ
971,2020,7,347,Brussels,50.841041685687,4.342031339913495,duGcuj77BYVtp0Imjt2wPg,1757,0,2021,4,12788,True,duGcuj77BYVtp0Imjt2wPg
1990,2011,3,116,Brussels,50.85391904269081,4.344255143102965,p_f5FRQJtCG41byeEYPVzg,1538,0,1712,6,12796,True,p_f5FRQJtCG41byeEYPVzg
2571,2017,6,51,Brussels,50.86078246048628,4.378944397422096,ZTNm5CqbYqQasmnPLDWfzA,72,0,72,4,12797,True,ZTNm5CqbYqQasmnPLDWfzA
630,2013,6,115,Brussels,50.83701669091953,4.31333767574115,-ymM7bhdqN8FxgDfbQTKkA,1776,1,2059,3,12822,True,-ymM7bhdqN8FxgDfbQTKkA
1171,2019,5,38,Brussels,50.84384196052295,4.307312193664515,H-oMYcD89mHaIXRXziRlWA,169,0,170,5,12826,True,H-oMYcD89mHaIXRXziRlWA
2915,2009,4,209,Brussels,50.86585893628077,4.335403635831621,e494ERui2OUgzHQOczfbcg,1312,0,1432,6,12829,True,e494ERui2OUgzHQOczfbcg
358,2013,7,265,Brussels,50.83310712414417,4.352574984850635,vbxcbsNPJHwwolSFpA3ldQ,2150,0,2722,5,12838,True,vbxcbsNPJHwwolSFpA3ldQ
1903,2014,7,268,Brussels,50.85282698206853,4.340105733523473,sImP_5rbyOf_XWruOszvDg,1945,1,3475,2,12842,True,sImP_5rbyOf_XWruOszvDg
1983,2020,7,286,Brussels,50.85401269840562,4.343214843208163,JXc7QkU5PWIpv8II2BjAVw,848,1,3264,3,12845,True,JXc7QkU5PWIpv8II2BjAVw
420,2013,7,343,Brussels,50.83378356696124,4.337546374156421,STOaBJ-j2jdZjIdqDlxC3w,1440,1,3476,1,12847,True,STOaBJ-j2jdZjIdqDlxC3w
2270,2019,5,59,Brussels,50.85800096795692,4.317313873910757,M6q2IiJFB6kp01nhmJY4Yg,2035,0,2505,4,12850,True,M6q2IiJFB6kp01nhmJY4Yg
1561,2020,11,214,Brussels,50.84899451105409,4.314325122718063,BVzK-KHI4eFZVPw2Oq4v2g,1975,0,2376,6,12851,True,BVzK-KHI4eFZVPw2Oq4v2g
1730,2019,4,284,Brussels,50.850713689043,4.323365308268767,PysWIxZA5xX5eeX1KseuJg,1253,1,3183,3,12857,True,PysWIxZA5xX5eeX1KseuJg
540,2020,6,148,Brussels,50.83484745479215,4.379386520723177,4ohwESqz2v2VxNI3cuk4KQ,393,0,399,5,12860,True,4ohwESqz2v2VxNI3cuk4KQ
1276,2019,4,313,Brussels,50.84489423722939,4.335559329601338,oAax00FaXu_6IMxZ1cZbFw,743,0,771,4,12874,True,oAax00FaXu_6IMxZ1cZbFw
770,2017,5,291,Brussels,50.83801174756475,4.375189975509855,sHVh0xKGcm1V1eZLmnrGLg,1094,2,3477,1,12877,True,sHVh0xKGcm1V1eZLmnrGLg
734,2020,7,325,Brussels,50.83787205438379,4.339129349387861,yPocH0fVlq-CU6BCrB-pVQ,489,0,500,4,12884,True,yPocH0fVlq-CU6BCrB-pVQ
1957,2019,5,84,Brussels,50.85399408685155,4.317220166021914,eR5_lhGmDJ6qBv7m1USRTw,1852,1,3253,3,12887,True,eR5_lhGmDJ6qBv7m1USRTw
197,2014,7,157,Brussels,50.8309372083549,4.348307543304228,OLCehXQUtF-N3a34ORL57g,515,0,527,7,12895,True,OLCehXQUtF-N3a34ORL57g
85,2019,5,135,Brussels,50.83003493153732,4.314163954986247,77XinHVgYG6WmClmecG7eQ,2041,1,3045,4,12899,True,77XinHVgYG6WmClmecG7eQ
2644,2009,6,52,Brussels,50.86210402352305,4.377911049113299,-4GwtpPJlIgASmBMm8njgA,1648,1,2375,4,12900,True,-4GwtpPJlIgASmBMm8njgA
1953,2014,9,95,Brussels,50.85397355144114,4.307398534227645,mtVQe97rPI7RlDJsOBPq-A,1184,2,3478,1,12919,True,mtVQe97rPI7RlDJsOBPq-A
8,2019,5,65,Brussels,50.82915204725589,4.314377045850849,nHel84OkS9zwOlh4bd7ypw,746,0,774,4,12921,True,nHel84OkS9zwOlh4bd7ypw
615,2019,4,132,Brussels,50.83608634226101,4.375851627177265,Zm6acRls_bvU1P5WUWoTXg,1836,1,3479,2,12923,True,Zm6acRls_bvU1P5WUWoTXg
561,2009,4,241,Brussels,50.83594014005695,4.322340778758897,m1aULUF0RKSkSml7nGCTeQ,1671,1,3471,3,12929,True,m1aULUF0RKSkSml7nGCTeQ
1922,2009,4,109,Brussels,50.85267650382021,4.36093045625874,y87aS2FAF89QVY3Tp0FI_g,43,1,3480,1,12930,True,y87aS2FAF89QVY3Tp0FI_g
810,2009,3,5,Brussels,50.83915317555648,4.337089713866296,gtXeS8SoRxlzFTyhdNN1Jw,1267,0,1375,10,12931,True,gtXeS8SoRxlzFTyhdNN1Jw
249,2019,4,126,Brussels,50.83161679318327,4.322442797635395,-sYZW9zwtNmNOmcORkrqEQ,2102,0,2634,8,12935,True,-sYZW9zwtNmNOmcORkrqEQ
2159,2014,7,52,Brussels,50.85593697341255,4.356147734211133,ZMD8qDp6Y5FrwHCLKh4jsQ,862,0,902,4,12945,True,ZMD8qDp6Y5FrwHCLKh4jsQ
2940,2017,6,199,Brussels,50.8658581662398,4.361504103780283,DX46JqY7vM8HZUBiRTcrnw,1163,0,1254,7,12948,True,DX46JqY7vM8HZUBiRTcrnw
453,2017,5,270,Brussels,50.8338722326078,4.369987950890003,Rg6s0r7zstseMAiG2XS3Jw,2164,0,2751,6,12951,True,Rg6s0r7zstseMAiG2XS3Jw
2664,2019,5,69,Brussels,50.86296578023152,4.318235816129366,PRMJSN8N2yIAHhY3XyJTmQ,1675,0,1900,4,12952,True,PRMJSN8N2yIAHhY3XyJTmQ
2451,2009,6,289,Brussels,50.85989674954899,4.338413848158155,5SIcDcxQcs-75ovcTq96Gg,2074,0,2571,5,12956,True,5SIcDcxQcs-75ovcTq96Gg
1409,2019,5,251,Brussels,50.8469274501723,4.316291065257539,qjB47BgILbQw67aWx5OW4Q,1095,0,1172,4,12957,True,qjB47BgILbQw67aWx5OW4Q
1297,2009,4,85,Brussels,50.84505069518052,4.356315765850622,oHwbHLRtu3ZXWKPNUnAJow,383,1,3481,1,12961,True,oHwbHLRtu3ZXWKPNUnAJow
1013,2019,5,142,Brussels,50.84076434159614,4.380104342411048,LIJAyByntdCYKJ29aiabnA,1699,0,1932,5,12970,True,LIJAyByntdCYKJ29aiabnA
1936,2020,6,22,Brussels,50.85293928339874,4.375225417124055,6wP5XNJnZbtVz9OS5zVKMw,340,1,3482,1,12971,True,6wP5XNJnZbtVz9OS5zVKMw
1255,2019,5,214,Brussels,50.84500013941457,4.31422479697,ul2OKAf9b4HTWj1n5Mz1lQ,2157,0,2735,5,12972,True,ul2OKAf9b4HTWj1n5Mz1lQ
1475,2017,5,244,Brussels,50.84706107555353,4.381105327877281,szbJiJjHmFue2o-sa-GUKQ,2114,0,2662,9,12974,True,szbJiJjHmFue2o-sa-GUKQ
2624,2020,6,184,Brussels,50.86219395722069,4.353947810889067,hST709QAtaYV7CuhZfIQcg,411,1,3483,1,12994,True,hST709QAtaYV7CuhZfIQcg
593,2019,3,216,Brussels,50.83580514672537,4.353347272153377,pLR3PZEW_ipd4OZTH5YLww,1532,2,3484,1,12995,True,pLR3PZEW_ipd4OZTH5YLww
1260,2017,5,334,Brussels,50.84494221481935,4.319257880718011,JhZLRrWzHjweg_alld0HeQ,475,0,486,5,12996,True,JhZLRrWzHjweg_alld0HeQ
2927,2009,4,171,Brussels,50.86600546182605,4.351126792064553,-UWyXA-f0ypNT4hy4erLgw,2103,0,2636,7,13002,True,-UWyXA-f0ypNT4hy4erLgw
1215,2020,7,61,Brussels,50.84415362941112,4.353499482752817,OyqTTn5ZE_dkLcLhkVDtWw,1375,2,3485,1,13003,True,OyqTTn5ZE_dkLcLhkVDtWw
492,2009,4,191,Brussels,50.83525380397495,4.330756201478113,C9A1de6nkcp6wKh0pxughw,1388,0,1531,6,13005,True,C9A1de6nkcp6wKh0pxughw
2132,2009,4,218,Brussels,50.8558658812704,4.333369589886195,WSQJ9868HehBBi5gb3grKw,1639,0,1856,5,13009,True,WSQJ9868HehBBi5gb3grKw
304,2013,7,59,Brussels,50.83193692740259,4.37732503359811,9VGdSBIIcDlYa3NGkLngAg,119,1,2590,3,13010,True,9VGdSBIIcDlYa3NGkLngAg
214,2009,8,358,Brussels,50.83095458700715,4.365308276632673,NPvlNtgrrbf-vpCkN2FFQA,105,0,105,8,13012,True,NPvlNtgrrbf-vpCkN2FFQA
2917,2009,4,27,Brussels,50.86599555979726,4.341200720860598,fbd0qDorSFp6HWWc68nnKw,858,1,3486,1,13024,True,fbd0qDorSFp6HWWc68nnKw
1735,2014,9,233,Brussels,50.85083163575544,4.328839175431892,LA7mjdZKah6qSW38LaUroQ,1889,1,3487,1,13025,True,LA7mjdZKah6qSW38LaUroQ
1060,2014,7,130,Brussels,50.84206799105426,4.346940158782965,TLyxaSMt9JeMC8Ha_CcLiQ,2078,0,2582,4,13028,True,TLyxaSMt9JeMC8Ha_CcLiQ
208,2014,10,84,Brussels,50.83112501287639,4.359587160059229,fT4BP2tYOatE3NWpSJZhOw,288,0,292,8,13032,True,fT4BP2tYOatE3NWpSJZhOw
2755,2009,4,114,Brussels,50.86372964459827,4.336565876872708,Nt826AEa0bFp1lIVixD8xw,683,0,703,6,13042,True,Nt826AEa0bFp1lIVixD8xw
2527,2014,7,261,Brussels,50.86095226926945,4.342365061117084,vYsKgZmeG0ACVHFM9fzaNw,96,0,96,3,13048,True,vYsKgZmeG0ACVHFM9fzaNw
1573,2014,9,142,Brussels,50.84898947358258,4.320067148489953,wQBUzeYyIcp-dMhGZaCZmw,334,0,338,6,13049,True,wQBUzeYyIcp-dMhGZaCZmw
1992,2011,3,170,Brussels,50.85396743439959,4.346019705748285,WKPrfGB34Vx-Xif7_eYnvg,550,0,564,7,13051,True,WKPrfGB34Vx-Xif7_eYnvg
729,2020,6,13,Brussels,50.83794592227409,4.334337251153494,_Ta-NnObThr2UI2YZ91NQA,2170,1,3488,2,13052,True,_Ta-NnObThr2UI2YZ91NQA
1287,2020,7,12,Brussels,50.84502908804632,4.346241738249405,SVX0NyAqNnhex726KMqISA,506,0,517,7,13064,True,SVX0NyAqNnhex726KMqISA
89,2019,4,300,Brussels,50.82986511774022,4.318348043815039,kvo4e0YpyGR6Y4gApOYxPQ,670,0,690,6,13068,True,kvo4e0YpyGR6Y4gApOYxPQ
828,2020,7,67,Brussels,50.83906171038046,4.355047756362738,ei32GWLILEb4J5qm_Ye9JA,1607,0,1816,8,13072,True,ei32GWLILEb4J5qm_Ye9JA
729,2017,6,52,Brussels,50.8379081868382,4.334334880392648,5DEVHkQ5N-ZsEH8cyatKoA,2170,2,3489,1,13083,True,5DEVHkQ5N-ZsEH8cyatKoA
1388,2013,7,34,Brussels,50.84596708211848,4.374406287119328,hKiv0evbOgblGHHIRx8Gxg,1843,1,2949,7,13092,True,hKiv0evbOgblGHHIRx8Gxg
2726,2017,6,222,Brussels,50.86301126235487,4.380042969252251,lSs8hgVQ6_hOXoZKsH1icg,1281,3,3490,1,13097,True,lSs8hgVQ6_hOXoZKsH1icg
1407,2014,9,14,Brussels,50.84705958337263,4.310163373692664,KGzl-MrvH2j2AOzx_Ra5kw,1609,2,3491,1,13106,True,KGzl-MrvH2j2AOzx_Ra5kw
207,2019,3,153,Brussels,50.83089224112646,4.358041636813553,ib7PDbuIJT7Fh62KPl28ww,1291,1,3492,1,13111,True,ib7PDbuIJT7Fh62KPl28ww
961,2009,8,320,Brussels,50.84087773655268,4.33246313381662,QvDqN9Jiz8QW3-z1YF2JHg,1791,1,3213,3,13119,True,QvDqN9Jiz8QW3-z1YF2JHg
2682,2017,5,106,Brussels,50.86301307259349,4.342267491113997,HbI4r1xA8D1NarjMvHhfcQ,1915,0,2276,6,13120,True,HbI4r1xA8D1NarjMvHhfcQ
1031,2020,11,126,Brussels,50.84212457742101,4.321998568987714,IGUY8DOecWdLSKFSwmqmMw,438,1,2252,6,13121,True,IGUY8DOecWdLSKFSwmqmMw
1598,2009,4,201,Brussels,50.8490146694451,4.341163035598072,-Oxi6z6kHfO4j8MhP_D8OA,1673,0,1897,5,13127,True,-Oxi6z6kHfO4j8MhP_D8OA
2512,2009,3,84,Brussels,50.86099975900834,4.322130914760777,zoaQONagC5KwWaSinZJHVg,2231,1,3493,1,13128,True,zoaQONagC5KwWaSinZJHVg
268,2009,4,44,Brussels,50.83193206063792,4.341105424312158,_3lITeaCbr6m5FFsDO12_Q,591,0,606,6,13130,True,_3lITeaCbr6m5FFsDO12_Q
1937,2019,10,154,Brussels,50.85301114154082,4.372006540703126,EHWcJ2lepwRmfBsb8uBnzQ,1112,0,1193,5,13131,True,EHWcJ2lepwRmfBsb8uBnzQ
2028,2019,9,184,Brussels,50.85389095300166,4.384157220004452,jN32TTRXnPtbxKA1jHc06A,1973,1,2457,3,13135,True,jN32TTRXnPtbxKA1jHc06A
2108,2009,3,83,Brussels,50.856365679615,4.311322028670912,vywI75vO95KMSf_lyBUOqg,1952,0,2336,5,13136,True,vywI75vO95KMSf_lyBUOqg
1079,2020,10,159,Brussels,50.84179495778672,4.372071177496405,Z7WHz1mMoi01i-32k8P6yw,503,0,514,7,13137,True,Z7WHz1mMoi01i-32k8P6yw
3,2009,3,224,Brussels,50.82951034745535,4.309584163729481,H1Ip0hRfH-9sDidHseTMbQ,102,1,1749,3,13140,True,H1Ip0hRfH-9sDidHseTMbQ
1811,2014,9,2,Brussels,50.85196800607394,4.324206608884613,IFCHRAoREVJcbYQcwLTA4g,1684,1,1933,3,13141,True,IFCHRAoREVJcbYQcwLTA4g
1058,2014,7,240,Brussels,50.84205254164797,4.350137978917832,mdjGRrF90_Qqgweb7m7yUA,1728,0,1975,6,13145,True,mdjGRrF90_Qqgweb7m7yUA
2364,2014,9,233,Brussels,50.85897383217974,4.330299264695638,iUUBlImaU2nALAEfPXc6zQ,413,0,419,4,13147,True,iUUBlImaU2nALAEfPXc6zQ
347,2019,3,196,Brussels,50.83297891152119,4.342341082347394,l88Ay88-jPwpiJ6OPfO-Rg,1425,1,3494,1,13148,True,l88Ay88-jPwpiJ6OPfO-Rg
1109,2009,8,325,Brussels,50.84340175244863,4.32863873820963,sj-ppvlPQMeoXUfuBxo-qg,1993,1,2908,4,13154,True,sj-ppvlPQMeoXUfuBxo-qg
1084,2019,10,190,Brussels,50.84206508831711,4.378118254468941,YfKPA-whdJsWPHOQW4XVfg,1575,0,1761,7,13157,True,YfKPA-whdJsWPHOQW4XVfg
2857,2017,5,22,Brussels,50.86527503644733,4.357059815501267,brEXJ2lCYWvKRDD7b6DZhA,2278,0,3276,5,13159,True,brEXJ2lCYWvKRDD7b6DZhA
1343,2013,6,37,Brussels,50.84559347385037,4.322752765931166,OFcZ064MSVIcTeDAoJCliw,606,1,1970,4,13162,True,OFcZ064MSVIcTeDAoJCliw
2198,2013,10,218,Brussels,50.85682927574611,4.317480880326888,lwvoYzoJByIVSYW2zFnf0Q,2025,0,2486,3,13164,True,lwvoYzoJByIVSYW2zFnf0Q
2371,2013,10,202,Brussels,50.85901678229933,4.338334471847713,H4wj2xsSqiyoTWpgJrp0-g,150,0,150,6,13167,True,H4wj2xsSqiyoTWpgJrp0-g
2833,2018,10,268,Brussels,50.86549045959023,4.327343136250029,BXAy_sLzqXxMtPpIJLwPNw,691,0,711,8,13169,True,BXAy_sLzqXxMtPpIJLwPNw
1996,2020,7,155,Brussels,50.85397747221326,4.354124006213292,egT91mnGbnQTi83PZ3JRMQ,853,3,3495,1,13172,True,egT91mnGbnQTi83PZ3JRMQ
721,2014,8,162,Brussels,50.83820284890635,4.325506399114581,yOIG2tyNtipo6jNH_eKxQQ,876,2,3496,1,13173,True,yOIG2tyNtipo6jNH_eKxQQ
2625,2014,7,43,Brussels,50.86182077502539,4.357882654291597,NhQzg0FhS6EPoinn9aqcsA,463,0,474,6,13174,True,NhQzg0FhS6EPoinn9aqcsA
2087,2013,7,326,Brussels,50.85468275276954,4.369991035535087,VqLejjccA5G9rMUKDrAXiw,1478,0,1641,4,13180,True,VqLejjccA5G9rMUKDrAXiw
2498,2009,3,173,Brussels,50.85951990664628,4.308983658818782,KtmI2gQ5qzkHviyYn7R9eQ,529,3,3497,1,13181,True,KtmI2gQ5qzkHviyYn7R9eQ
999,2020,6,59,Brussels,50.84104338003091,4.367944285003073,AFudWs-B4KQcpz0v-ftzOQ,1045,0,1111,6,13184,True,AFudWs-B4KQcpz0v-ftzOQ
2129,2013,7,18,Brussels,50.85614343897571,4.333911965115671,rGWow34dnfqLmfH-RapneQ,1682,0,1908,5,13185,True,rGWow34dnfqLmfH-RapneQ
1617,2014,7,220,Brussels,50.848973072895,4.365269774891375,PNbbAbKHLHx37vCcwnRv5g,2158,1,3186,3,13187,True,PNbbAbKHLHx37vCcwnRv5g
2797,2020,6,354,Brussels,50.86404285224344,4.377376512005103,IEqVC1fpO1tvyF0xmkcRSQ,1547,0,1724,6,13200,True,IEqVC1fpO1tvyF0xmkcRSQ
55,2009,6,1,Brussels,50.82898492613098,4.362212460559483,44PqL-YFeItTpr-zQ-gZEA,818,0,851,6,13207,True,44PqL-YFeItTpr-zQ-gZEA
323,2009,3,23,Brussels,50.83319463623277,4.317813782938344,AEaYGAO8fgrNGKx4wCpxlw,1325,1,1993,4,13213,True,AEaYGAO8fgrNGKx4wCpxlw
1187,2020,11,112,Brussels,50.84350843654957,4.323144077768389,dHIFV2zdaYvcjQv7_96-zw,1981,0,2398,4,13226,True,dHIFV2zdaYvcjQv7_96-zw
107,2017,5,3,Brussels,50.83047882751757,4.33677831444373,67e2-UrF2Adnz3s3YE0P2A,2266,1,3182,4,13230,True,67e2-UrF2Adnz3s3YE0P2A
2197,2014,9,282,Brussels,50.85707679242437,4.317931591481954,YSl5brCwe_dXkOMQGMjDYw,2267,0,3152,4,13231,True,YSl5brCwe_dXkOMQGMjDYw
1359,2019,4,107,Brussels,50.84602118941628,4.335179306482198,XUFYlaEVrMqJb7dLzj2BeQ,782,3,3498,1,13233,True,XUFYlaEVrMqJb7dLzj2BeQ
1472,2020,11,96,Brussels,50.84688816511112,4.375135530111157,gXMHWMCf0GuxGb_6gxYgVg,310,0,314,3,13234,True,gXMHWMCf0GuxGb_6gxYgVg
2448,2014,7,147,Brussels,50.85995861133033,4.341280320466382,rH2IrnNibO2Xhhm6v0MHDw,2058,0,2542,4,13237,True,rH2IrnNibO2Xhhm6v0MHDw
1621,2018,10,356,Brussels,50.84905193779736,4.372823559559174,__QsVQPvi9iRDv2s2RWfPQ,1805,0,2096,6,13240,True,__QsVQPvi9iRDv2s2RWfPQ
447,2019,10,169,Brussels,50.83399798636078,4.363733942350875,ZJHAkKhss7Lfe1mFMSafPQ,457,0,468,9,13241,True,ZJHAkKhss7Lfe1mFMSafPQ
1420,2019,5,199,Brussels,50.84718346252198,4.318937886471635,f_WCJTVA1xoPcyMlNcZyeA,534,0,548,4,13246,True,f_WCJTVA1xoPcyMlNcZyeA
1528,2020,7,176,Brussels,50.84808964586028,4.357873585142856,vSBLCi7uWmU4vgjPwtJ9_g,1024,0,1087,7,13249,True,vSBLCi7uWmU4vgjPwtJ9_g
1133,2013,7,199,Brussels,50.84303348653648,4.344161345293763,gIb0pPuqeFebMico3jYFlg,1790,1,3499,1,13256,True,gIb0pPuqeFebMico3jYFlg
1071,2020,7,305,Brussels,50.84236811235354,4.359883808214279,L-CbFjsjxsaH9JeDx8xwsw,636,1,3500,1,13262,True,L-CbFjsjxsaH9JeDx8xwsw
79,2013,7,44,Brussels,50.8300897434445,4.307997724354408,V66jA1dHV3-JvVOc_tpN3A,1200,0,1297,4,13267,True,V66jA1dHV3-JvVOc_tpN3A
644,2013,6,129,Brussels,50.83696244349782,4.327244965233525,tzpLd-TO0mv-LfSTORPyug,555,1,3501,1,13268,True,tzpLd-TO0mv-LfSTORPyug
1323,2019,10,318,Brussels,50.84493944124115,4.38223093644617,5XXcqtskkyjkTxPWM51Weg,900,0,946,8,13269,True,5XXcqtskkyjkTxPWM51Weg
2487,2013,6,186,Brussels,50.8600447202091,4.377860777818531,C3P9m0dGU_G7cFaV5bbp0A,1459,0,1620,8,13271,True,C3P9m0dGU_G7cFaV5bbp0A
2552,2019,4,53,Brussels,50.86164293245055,4.361484004715443,XFu9YfrwLDbGs0sp667ZAA,929,0,979,7,13274,True,XFu9YfrwLDbGs0sp667ZAA
127,2017,5,14,Brussels,50.82996496405352,4.356041102352801,A6Zlry92jAS69Ps6nOLPpA,1744,1,3502,1,13276,True,A6Zlry92jAS69Ps6nOLPpA
2673,2019,5,290,Brussels,50.86289108908377,4.322189663242929,ZbGFIq9SMhfppmNF5d7FGg,443,2,3503,1,13281,True,ZbGFIq9SMhfppmNF5d7FGg
2066,2019,3,283,Brussels,50.85473546019821,4.343944230368616,kLH-rGSxaALKee2Xzr297g,343,0,347,4,13284,True,kLH-rGSxaALKee2Xzr297g
1683,2019,5,117,Brussels,50.85005034898607,4.35526543128486,ZSHBsv2PpeCX5fD2d9-KRw,941,0,992,11,13285,True,ZSHBsv2PpeCX5fD2d9-KRw
2059,2013,7,72,Brussels,50.85489931971437,4.334414369416601,JtIMPG8QJecMOoSgG0srrA,1466,0,1628,4,13289,True,JtIMPG8QJecMOoSgG0srrA
123,2014,7,339,Brussels,50.83014831585675,4.352195624015708,6z_UQBcJDnJab34r6pGjVA,144,0,144,4,13293,True,6z_UQBcJDnJab34r6pGjVA
155,2019,4,295,Brussels,50.82995513829808,4.384238584547485,bKhABaydVwaKccPnzqpdmQ,637,0,653,4,13297,True,bKhABaydVwaKccPnzqpdmQ
1245,2019,10,353,Brussels,50.84415839439453,4.3816211358453,D9Vmkh8hPu-30uIcYwhfQw,1623,0,1835,7,13299,True,D9Vmkh8hPu-30uIcYwhfQw
2161,2019,4,188,Brussels,50.85607012994544,4.36528852969131,df-5GJlTjSVaJZtJTjY7Ww,1531,0,1704,5,13321,True,df-5GJlTjSVaJZtJTjY7Ww
2868,2013,6,254,Brussels,50.86507529912478,4.366478885942936,5EnYvOGCbKmoGI4ywy6gsg,933,1,1393,4,13322,True,5EnYvOGCbKmoGI4ywy6gsg
2475,2018,5,9,Brussels,50.85999497585265,4.369241849925912,1-MNkkAHSwGQknJ4Oe4oBw,569,0,584,7,13325,True,1-MNkkAHSwGQknJ4Oe4oBw
2401,2019,4,268,Brussels,50.85894544817992,4.368228239667695,dXAAzehxpPU5gjupwUeYpQ,146,0,146,11,13328,True,dXAAzehxpPU5gjupwUeYpQ
2262,2009,3,7,Brussels,50.85787734697524,4.310331054442612,N5VNbfCXVmOrl1RE8BUmsg,1558,0,1735,6,13331,True,N5VNbfCXVmOrl1RE8BUmsg
1875,2019,5,322,Brussels,50.85324565625133,4.309062731259526,UN9C0XTCaMoaoSrFqppP-w,2213,0,2882,4,13334,True,UN9C0XTCaMoaoSrFqppP-w
564,2019,5,112,Brussels,50.83614205326396,4.325260089822566,iiHKDOkUy444XTvObVKjRA,1385,4,3504,1,13335,True,iiHKDOkUy444XTvObVKjRA
373,2019,4,71,Brussels,50.83291758288332,4.368154347450268,Z4DehFLKc9Zhu6Oo77LhqA,833,0,871,5,13337,True,Z4DehFLKc9Zhu6Oo77LhqA
467,2013,10,245,Brussels,50.83394569364919,4.384307197070295,oNbSiRKTzj23WMk5HBl4Gg,1001,0,1056,3,13342,True,oNbSiRKTzj23WMk5HBl4Gg
2256,2017,6,40,Brussels,50.85686390496449,4.382619283172204,X7F6uFONVvMLEN_mQ0t7Eg,769,1,3505,1,13349,True,X7F6uFONVvMLEN_mQ0t7Eg
1603,2009,4,342,Brussels,50.8490525391156,4.350316582354695,ry1TA5kMZggIXOuV1ZRVtw,1099,2,3506,1,13353,True,ry1TA5kMZggIXOuV1ZRVtw
395,2009,9,22,Brussels,50.83362073838479,4.31377285000939,ZGCOvTTz6JUfVUmel54k4Q,921,1,2437,5,13355,True,ZGCOvTTz6JUfVUmel54k4Q
2764,2014,7,316,Brussels,50.86392507799707,4.342297318721215,IRVqINhT6Mv03PfgaVVFqw,1831,1,2991,3,13361,True,IRVqINhT6Mv03PfgaVVFqw
1074,2020,6,66,Brussels,50.84186677338857,4.369649951709696,neS5tvBhHpbkw9gNxRD9TA,1864,0,2193,6,13362,True,neS5tvBhHpbkw9gNxRD9TA
2844,2020,7,19,Brussels,50.86495012836926,4.341224505868733,JrZ5LNu5MeMKKnQSGOntEg,1351,0,1483,5,13372,True,JrZ5LNu5MeMKKnQSGOntEg
619,2009,9,356,Brussels,50.83569290003948,4.380116262890372,_c936eoJ0bl64mVw5QecWQ,1490,0,1653,9,13386,True,_c936eoJ0bl64mVw5QecWQ
1875,2017,5,142,Brussels,50.85327120992811,4.309038591846862,KQlc_d-dYnLcFfY_VtmwyQ,2213,1,2972,3,13390,True,KQlc_d-dYnLcFfY_VtmwyQ
1973,2009,3,168,Brussels,50.85397486887506,4.325180642851253,82hOJL6Q4KjlG5o9MvvaZQ,1398,0,1545,6,13391,True,82hOJL6Q4KjlG5o9MvvaZQ
115,2009,4,156,Brussels,50.82999663726658,4.344492755292529,K9Zj47oL_gTwUmF0UiVspA,1069,2,3507,1,13396,True,K9Zj47oL_gTwUmF0UiVspA
2275,2009,3,52,Brussels,50.85822466481812,4.320110234864116,jZkJETJVGs95l544IgA09g,1616,1,3508,1,13401,True,jZkJETJVGs95l544IgA09g
1168,2009,3,41,Brussels,50.8438931960188,4.310160383399936,bRIHDpoP8e9D8Br1OyHovA,195,0,196,7,13404,True,bRIHDpoP8e9D8Br1OyHovA
336,2019,3,224,Brussels,50.83317356119727,4.33071942344609,MGOEmwi6JfqnbDJXJda7lg,1920,1,3509,1,13405,True,MGOEmwi6JfqnbDJXJda7lg
439,2017,5,209,Brussels,50.83421446818129,4.356667092478109,9gWZ-JOQrTTT9FF-rJ4I3w,2184,0,2791,7,13406,True,9gWZ-JOQrTTT9FF-rJ4I3w
2258,2011,3,149,Brussels,50.85701004362475,4.378149592348436,b68FuxCVUggtK_ESaP1MmQ,784,4,3510,1,13412,True,b68FuxCVUggtK_ESaP1MmQ
653,2019,4,191,Brussels,50.83745037839588,4.336410384885061,-a-AQw0oQgXQZUpf21f8LQ,2019,1,2500,6,13413,True,-a-AQw0oQgXQZUpf21f8LQ
522,2013,7,114,Brussels,50.83497075916491,4.361181553381689,Z0YDxG9996NsOXez-w6EqQ,1230,0,1336,6,13415,True,Z0YDxG9996NsOXez-w6EqQ
920,2017,5,196,Brussels,50.83990901686313,4.369172385699572,KOJpjOzFzA982vb3pIxRlQ,2212,0,2880,3,13416,True,KOJpjOzFzA982vb3pIxRlQ
268,2019,3,135,Brussels,50.83196255291294,4.341065494617543,h-6AQ4bpj9XpTkTrJIJSyg,591,1,3511,1,13418,True,h-6AQ4bpj9XpTkTrJIJSyg
207,2017,5,129,Brussels,50.83089206730143,4.358049276264157,vMucH5rsDpi88MpWHYRXFg,1291,2,3512,1,13420,True,vMucH5rsDpi88MpWHYRXFg
569,2009,4,212,Brussels,50.83589027421769,4.32841921860058,tyJY8v6hWXXJ7QduWGPQ0Q,1384,0,1526,5,13430,True,tyJY8v6hWXXJ7QduWGPQ0Q
671,2017,5,86,Brussels,50.83688717434112,4.35400921801637,l-xAt0vK7yNFbt8a-wLanw,1340,0,1466,8,13432,True,l-xAt0vK7yNFbt8a-wLanw
749,2009,4,219,Brussels,50.83823725860062,4.353882768872561,glEQ6FnT6V49ncRijQ0fNw,922,0,971,8,13434,True,glEQ6FnT6V49ncRijQ0fNw
1631,2019,5,80,Brussels,50.84909196006902,4.377242310543465,Yl-q-UwWkhFPzv5hqKclVg,51,1,3513,2,13437,True,Yl-q-UwWkhFPzv5hqKclVg
2098,2014,7,25,Brussels,50.85504839606818,4.373268368513235,uVA7f4TPnQ1wVcHf7muRPw,1800,0,2088,6,13442,True,uVA7f4TPnQ1wVcHf7muRPw
794,2009,3,338,Brussels,50.83920398487689,4.321066592278019,Ve8rhSabzPNbrYX85h8sxA,325,0,329,4,13443,True,Ve8rhSabzPNbrYX85h8sxA
401,2013,6,277,Brussels,50.8338599100176,4.318572921892776,dHJQpGagMgVH0YKFQTgZSA,859,1,1398,5,13444,True,dHJQpGagMgVH0YKFQTgZSA
2775,2014,7,2,Brussels,50.86390551637509,4.355353815726323,BpLhbAymnAFcgKLS19lDRQ,1570,0,1755,4,13452,True,BpLhbAymnAFcgKLS19lDRQ
616,2013,7,145,Brussels,50.83577840080579,4.377171993926186,TFp9TcZstiQhWDlyy8sWqA,1189,0,1284,3,13457,True,TFp9TcZstiQhWDlyy8sWqA
2618,2013,7,0,Brussels,50.86197166902818,4.353171733246677,Vzk48x9r7NwocOIbRndWBA,1608,0,1818,4,13460,True,Vzk48x9r7NwocOIbRndWBA
1618,2020,11,154,Brussels,50.84903694686534,4.366677640330895,ad6zPtayITIk2JACR1SwPg,49,1,2757,6,13467,True,ad6zPtayITIk2JACR1SwPg
1761,2009,4,186,Brussels,50.85072796159997,4.355777046414718,QCWCUS-CHbtxt7F33ehrKg,222,0,225,5,13489,True,QCWCUS-CHbtxt7F33ehrKg
1293,2014,7,296,Brussels,50.84516668094938,4.351454700516805,2WnLKnHe_3-mJZ0kx6md0Q,2177,0,2777,5,13491,True,2WnLKnHe_3-mJZ0kx6md0Q
2234,2014,7,56,Brussels,50.85699966027268,4.35917342714129,DqMyV6PELe1toI6ap0pVqQ,1361,3,3514,1,13495,True,DqMyV6PELe1toI6ap0pVqQ
1140,2020,6,255,Brussels,50.84301393002362,4.353240706888603,SCZfK37987wdOtOK4obkbg,1615,0,1826,7,13504,True,SCZfK37987wdOtOK4obkbg
2018,2019,5,227,Brussels,50.85403240856195,4.376237972834215,l2BdKuVTkzz5aKVzy6vKnw,2243,3,3515,1,13505,True,l2BdKuVTkzz5aKVzy6vKnw
2603,2019,3,169,Brussels,50.86202002271249,4.334259718149716,GFAkDkDmZGKA8gjddv3m0Q,444,0,455,9,13506,True,GFAkDkDmZGKA8gjddv3m0Q
741,2019,3,297,Brussels,50.83763612959872,4.346017196815458,XjjdfLKs_7Q17eF2igIQVQ,1352,0,1485,6,13510,True,XjjdfLKs_7Q17eF2igIQVQ
445,2009,4,83,Brussels,50.83396989406312,4.362160497754217,1HWFotIXkcozAENHvj6Dyg,336,2,3516,1,13517,True,1HWFotIXkcozAENHvj6Dyg
662,2019,3,139,Brussels,50.83697602337961,4.345228815999775,s-OXrOfnpWp2C26bnvAHIg,83,0,83,6,13525,True,s-OXrOfnpWp2C26bnvAHIg
1582,2019,4,175,Brussels,50.84894111405224,4.332204029840605,lAOY1cBTx9hU4TTlsrhDMQ,1303,1,3167,3,13530,True,lAOY1cBTx9hU4TTlsrhDMQ
1110,2017,5,263,Brussels,50.84371970045439,4.328065618758556,ArX5JtUT0EAQGyekr8z2eA,611,1,2645,3,13532,True,ArX5JtUT0EAQGyekr8z2eA
970,2017,5,244,Brussels,50.84107051443483,4.341174877073614,2D3X-78scII3vzpZb22E_Q,1113,0,1195,5,13538,True,2D3X-78scII3vzpZb22E_Q
2110,2014,9,346,Brussels,50.85610732102557,4.311528105824221,EvjB0bQ2XDa_pBFBtgvamg,74,0,74,5,13541,True,EvjB0bQ2XDa_pBFBtgvamg
1590,2014,7,76,Brussels,50.84911540400854,4.3393350907205,s2WB03zQ0BJ6Ac48gvbFQA,984,0,1037,5,13544,True,s2WB03zQ0BJ6Ac48gvbFQA
552,2009,3,69,Brussels,50.83588431167223,4.313124416143775,xn1_H1Yrc7cnRvn4jPTABw,830,1,2866,3,13545,True,xn1_H1Yrc7cnRvn4jPTABw
1920,2014,7,282,Brussels,50.8529540531193,4.353071562551875,YTS96kCPpguN-SAnIhFFQg,2112,1,2692,3,13547,True,YTS96kCPpguN-SAnIhFFQg
2114,2009,3,159,Brussels,50.85586801761384,4.317941980029394,cSHQonnhBpdt9C6jloUBmg,834,0,872,3,13548,True,cSHQonnhBpdt9C6jloUBmg
2757,2009,4,16,Brussels,50.86400080609091,4.337242843694032,r_zuhdPiKh-MXnGlFONiLA,1855,0,2178,6,13550,True,r_zuhdPiKh-MXnGlFONiLA
1411,2014,9,313,Brussels,50.84740586247341,4.312639015343623,25fBw221cqFK5mqUPHt3Cg,2036,0,2506,3,13551,True,25fBw221cqFK5mqUPHt3Cg
864,2009,3,36,Brussels,50.84004456860156,4.313153790623248,ETsgAgMozpEY42viTjpUjA,97,0,97,4,13556,True,ETsgAgMozpEY42viTjpUjA
2441,2009,6,128,Brussels,50.8598185508077,4.331967196205939,amN06ZpYBXVa0NG5LQxQ4w,638,0,654,4,13561,True,amN06ZpYBXVa0NG5LQxQ4w
1157,2020,6,178,Brussels,50.84302636524052,4.374157988963131,aeKXhmI9CZQRRJ_EiFC1ig,1386,0,1529,6,13566,True,aeKXhmI9CZQRRJ_EiFC1ig
800,2020,7,201,Brussels,50.83875169515321,4.326977534089336,uaEIr3GMdq7VLXeL0_psFw,1167,0,1259,7,13575,True,uaEIr3GMdq7VLXeL0_psFw
523,2013,7,267,Brussels,50.83470789269048,4.362393791124633,H7qPqi6dFidFtYsrMjZObg,940,0,991,6,13578,True,H7qPqi6dFidFtYsrMjZObg
2317,2009,6,12,Brussels,50.8581384181298,4.365174940264868,bxpSSePBLUERNkF2O_FlEA,2073,0,2570,6,13586,True,bxpSSePBLUERNkF2O_FlEA
1387,2018,5,208,Brussels,50.84628690898445,4.365311629186236,13r3aHFZc_MqJ23MxADwLg,12,0,12,6,13589,True,13r3aHFZc_MqJ23MxADwLg
2453,2013,7,69,Brussels,50.86005766926701,4.336150371706163,MxUzt9KK-WZVLaNpUhaAtQ,1400,0,1547,5,13598,True,MxUzt9KK-WZVLaNpUhaAtQ
703,2009,3,349,Brussels,50.83783610299933,4.308244343919946,ehvRYJbwuhU1wRIfcMG5EQ,2223,0,2912,4,13599,True,ehvRYJbwuhU1wRIfcMG5EQ
2071,2009,4,226,Brussels,50.8547085791885,4.348185321717954,E052pSAL0Simv2nFRebBbA,2136,1,3517,1,13600,True,E052pSAL0Simv2nFRebBbA
685,2013,7,117,Brussels,50.83694044715179,4.368052505265539,jh6bsxcXGmbR24Ioo1VVhg,1876,0,2212,7,13601,True,jh6bsxcXGmbR24Ioo1VVhg
1849,2020,7,108,Brussels,50.85185130167064,4.365069766396571,cLNjdv0ZpyxxKiEXSy2kow,430,1,2138,6,13604,True,cLNjdv0ZpyxxKiEXSy2kow
1746,2019,3,334,Brussels,50.85107876028767,4.332243590225531,WPJ7uh6snV3QMId8dHG4OA,297,2,3518,1,13606,True,WPJ7uh6snV3QMId8dHG4OA
291,2020,7,331,Brussels,50.83198036847305,4.363763041163845,vCGhM7-LZRh335V0GbD6NQ,1371,0,1510,5,13608,True,vCGhM7-LZRh335V0GbD6NQ
2144,2013,7,348,Brussels,50.85594332576449,4.344210692256056,0_qldUfsVGCcOj1naWnW_Q,1248,0,1354,6,13611,True,0_qldUfsVGCcOj1naWnW_Q
1904,2019,3,144,Brussels,50.85270009429586,4.337080968533826,upuDa5MUOYk8rfI261IC_A,1510,0,1678,6,13615,True,upuDa5MUOYk8rfI261IC_A
410,2019,3,322,Brussels,50.83409153299719,4.327318194561579,H9qWUGXfLFy1HlhuMBJp9A,1599,1,3027,4,13617,True,H9qWUGXfLFy1HlhuMBJp9A
244,2014,8,97,Brussels,50.83219110666955,4.316622310559314,yXYvgVXRlIrNej4M_Ww-6Q,2182,1,3519,1,13624,True,yXYvgVXRlIrNej4M_Ww-6Q
1548,2011,3,32,Brussels,50.84778140185716,4.378140557997637,CuTBpiwTZZ0bwWXVepu8Jg,736,0,764,11,13629,True,CuTBpiwTZZ0bwWXVepu8Jg
1033,2014,9,84,Brussels,50.84298984459547,4.32316817842738,yglxCaa4dasHKrlkdYtQlQ,251,0,254,4,13630,True,yglxCaa4dasHKrlkdYtQlQ
1125,2009,4,133,Brussels,50.84302093356338,4.337961231967006,cVtRMo9FcLJN6O64Kz14Ew,2262,0,3099,4,13638,True,cVtRMo9FcLJN6O64Kz14Ew
368,2019,4,138,Brussels,50.83308611731064,4.363293554303675,rmirJnG4Kznch1myMmBa9g,1203,0,1301,6,13639,True,rmirJnG4Kznch1myMmBa9g
2045,2019,4,314,Brussels,50.85491708428127,4.325694606805057,wmD-QZZ4wBuBMfMuycb4mA,1070,0,1141,6,13641,True,wmD-QZZ4wBuBMfMuycb4mA
2320,2017,5,181,Brussels,50.85789809315892,4.36422043894763,kqZp7XCU0YpSUHpdxEx19Q,284,0,288,7,13644,True,kqZp7XCU0YpSUHpdxEx19Q
1982,2009,10,139,Brussels,50.85390669424126,4.341445475684907,81ZwEH6X0pyr6CHL7aoANg,1308,0,1426,9,13651,True,81ZwEH6X0pyr6CHL7aoANg
757,2014,7,151,Brussels,50.83797802341859,4.361927695604768,SFjjyJo31WJqRKT53j5A7w,1589,0,1783,3,13652,True,SFjjyJo31WJqRKT53j5A7w
1565,2009,3,132,Brussels,50.8489940987977,4.309204531996857,KDqkZgQ0ic-hcyQiCQSwjA,2048,0,2525,6,13656,True,KDqkZgQ0ic-hcyQiCQSwjA
2072,2020,7,168,Brussels,50.85478433172569,4.350119205959247,tZaItm8Z0Qbe7dWqW9wUOg,441,0,451,5,13657,True,tZaItm8Z0Qbe7dWqW9wUOg
1952,2017,5,177,Brussels,50.85287334266037,4.382070166156764,1LiEoqfZTyniYMpRC-dgRw,508,0,519,4,13663,True,1LiEoqfZTyniYMpRC-dgRw
428,2014,7,46,Brussels,50.8340032987557,4.34519342785253,xPeiQ4OcuujJ9Vw2IypJLg,1953,0,2337,6,13668,True,xPeiQ4OcuujJ9Vw2IypJLg
1772,2020,7,302,Brussels,50.85093436583531,4.360081042380542,g3QCiFareE-Ce0zcIv6fbw,341,0,345,8,13671,True,g3QCiFareE-Ce0zcIv6fbw
1956,2013,10,152,Brussels,50.85411188018028,4.315147959530137,q22H21AE5WJ6OCeix5WbDQ,1126,1,3520,1,13674,True,q22H21AE5WJ6OCeix5WbDQ
402,2017,5,133,Brussels,50.83414497481727,4.31890065956156,xKs3WmFk9fvF_LnXqMRHNg,1711,0,1950,5,13676,True,xKs3WmFk9fvF_LnXqMRHNg
1972,2014,9,144,Brussels,50.85413188224594,4.328319531071015,ldlMCt1Z4GyihZAEXtSW7A,944,0,996,3,13678,True,ldlMCt1Z4GyihZAEXtSW7A
2558,2009,4,260,Brussels,50.86103567226274,4.365809015438128,F_y6K1xep6kQa82TX6BizQ,585,0,600,5,13680,True,F_y6K1xep6kQa82TX6BizQ
2215,2013,7,233,Brussels,50.85694593253252,4.342203686903333,xzjwJS4YvOE1qKN_PdOj2w,2207,0,2860,3,13681,True,xzjwJS4YvOE1qKN_PdOj2w
1039,2014,9,139,Brussels,50.84134591966313,4.328915791184695,GNI8DWUlmid6_Q3syTcqZA,1794,1,2936,3,13683,True,GNI8DWUlmid6_Q3syTcqZA
2478,2014,7,179,Brussels,50.8599814423158,4.368176041674712,na7y0Xc2CAjCrbqbon5-iA,779,0,810,5,13692,True,na7y0Xc2CAjCrbqbon5-iA
1111,2011,3,16,Brussels,50.84362785576343,4.3240038740414,rUOq3Ji1wAYrrmvqCR1kag,2047,2,3521,1,13699,True,rUOq3Ji1wAYrrmvqCR1kag
678,2013,7,203,Brussels,50.83703325434273,4.360962833569996,CcCV-7Fc6WqE4-WNj19R5Q,2265,0,3124,5,13703,True,CcCV-7Fc6WqE4-WNj19R5Q
2309,2013,7,99,Brussels,50.85806979176608,4.357858301448741,kuMad_VYILMmKbi2nc2Q4Q,634,0,650,5,13707,True,kuMad_VYILMmKbi2nc2Q4Q
2,2013,6,33,Brussels,50.82930390323263,4.308487993091529,oe9qKP_gdUHpMWoVP3_sqA,1979,1,3522,1,13710,True,oe9qKP_gdUHpMWoVP3_sqA
727,2017,6,48,Brussels,50.83780849784626,4.331961223921547,_wxuoiAZ8fMhe8SJ1bFxWg,1027,0,1090,5,13716,True,_wxuoiAZ8fMhe8SJ1bFxWg
602,2009,6,201,Brussels,50.83600788541277,4.363169272040263,AHklAKJhZb_mptWNXh1k6A,264,0,267,4,13724,True,AHklAKJhZb_mptWNXh1k6A
2174,2019,5,125,Brussels,50.85593981547728,4.377284592631401,5GnTvmwFyRhdH7iz_kbY7Q,98,0,98,5,13739,True,5GnTvmwFyRhdH7iz_kbY7Q
2697,2020,7,275,Brussels,50.86289420371634,4.354532470509158,hGx0pUr9JMdPAwFDusTdgg,1132,0,1219,4,13745,True,hGx0pUr9JMdPAwFDusTdgg
2630,2017,5,137,Brussels,50.86214225139732,4.365331201626534,lqu6tOcGoCkw97K2oIRqsw,1305,0,1423,6,13751,True,lqu6tOcGoCkw97K2oIRqsw
1192,2011,3,100,Brussels,50.84405910315576,4.327381578326803,CQrxQjVLaO9r_lWGg9J7Dw,178,3,3523,1,13757,True,CQrxQjVLaO9r_lWGg9J7Dw
2429,2019,5,50,Brussels,50.85984568474701,4.320208876532691,tPJKoQ8yz9KfoqlYC3x6fw,2229,1,3524,1,13759,True,tPJKoQ8yz9KfoqlYC3x6fw
520,2009,4,269,Brussels,50.83494767595621,4.359197090266554,dHfTt1TuaxEEQxNa9Vzvzg,1254,0,1361,9,13761,True,dHfTt1TuaxEEQxNa9Vzvzg
1488,2009,3,5,Brussels,50.84839014824252,4.316132013774845,d1cmMYcc6CYxXg0kjH7jPg,923,2,3525,1,13762,True,d1cmMYcc6CYxXg0kjH7jPg
1812,2020,6,134,Brussels,50.851642143498,4.32468320445567,Q5zmmv8rZm1A2CbrG3N_Hg,467,0,478,6,13763,True,Q5zmmv8rZm1A2CbrG3N_Hg
445,2019,10,173,Brussels,50.83399900340653,4.362072779192629,j6dQ7YN7DNf02VmfIDP3rA,336,1,886,3,13774,True,j6dQ7YN7DNf02VmfIDP3rA
1272,2013,6,252,Brussels,50.84509244398367,4.32991286341246,AewQIjdOVb7SxBZ5gBYYiA,359,0,364,6,13775,True,AewQIjdOVb7SxBZ5gBYYiA
1156,2017,5,70,Brussels,50.84277769723855,4.374028082770034,OSUlyITgU8moNCVljsz2jQ,1542,0,1718,5,13778,True,OSUlyITgU8moNCVljsz2jQ
893,2017,5,187,Brussels,50.83997070705327,4.342074040971982,MTWCLGimAPVuygBJ_zGyyA,1243,1,2715,5,13779,True,MTWCLGimAPVuygBJ_zGyyA
1478,2009,9,250,Brussels,50.84696590788584,4.381999187360794,q6fWKGBgSAVOfSKlE4WWhQ,579,0,594,9,13782,True,q6fWKGBgSAVOfSKlE4WWhQ
1759,2020,11,330,Brussels,50.85092574880243,4.348185591656318,_FV1XnwFkk9GggsqqihOnQ,2016,0,2473,7,13783,True,_FV1XnwFkk9GggsqqihOnQ
463,2014,7,115,Brussels,50.83425962320189,4.379242570010421,v__HB_dmZLUaNSaUDRcCNg,1652,1,2310,6,13796,True,v__HB_dmZLUaNSaUDRcCNg
2737,2013,7,164,Brussels,50.86376176863184,4.314951392632545,u-HeGbe6FlICOPnh3MzCdg,2169,1,2963,4,13797,True,u-HeGbe6FlICOPnh3MzCdg
74,2014,7,173,Brussels,50.82926178068774,4.381640561904852,3kDc0ZBVJ02PcVR6rJOFJw,668,2,3526,1,13799,True,3kDc0ZBVJ02PcVR6rJOFJw
2761,2009,4,269,Brussels,50.86402870881129,4.340353085672017,tNjboy6Dp6jeTLKSaQGc5g,1881,1,3527,1,13801,True,tNjboy6Dp6jeTLKSaQGc5g
531,2017,5,44,Brussels,50.83499571112107,4.370248869059823,3KENSdfnaA_nnFh-74nr8g,1869,0,2202,4,13802,True,3KENSdfnaA_nnFh-74nr8g
2204,2013,10,44,Brussels,50.856996296913,4.325206854051026,hlNEAWncXxHvZnDczWwIAA,1928,1,3528,1,13804,True,hlNEAWncXxHvZnDczWwIAA
1462,2020,7,59,Brussels,50.84657450324403,4.363937394272665,rvWX8iv_DeLNJKrN7I_sXg,777,0,808,6,13806,True,rvWX8iv_DeLNJKrN7I_sXg
1334,2017,5,288,Brussels,50.84610834370699,4.317001857986112,jHEFXerrlh0RskU3J1B0mA,507,1,3529,1,13815,True,jHEFXerrlh0RskU3J1B0mA
1317,2020,6,162,Brussels,50.84474407879034,4.377141487407658,63sLSVEZ1UdAfO6FCeLeWQ,917,0,964,6,13816,True,63sLSVEZ1UdAfO6FCeLeWQ
68,2014,7,238,Brussels,50.82889000283593,4.375297704978592,g_ITsMetPs_NtHrPizpLig,1941,1,3530,1,13817,True,g_ITsMetPs_NtHrPizpLig
1473,2017,5,192,Brussels,50.84675957381622,4.376220693764848,EVe95lgeER6DEXWTBuu7nw,536,1,1326,3,13822,True,EVe95lgeER6DEXWTBuu7nw
38,2013,7,261,Brussels,50.82884341224598,4.345250121842487,FxbfWtba5nHLCtALP3ekZg,360,0,365,5,13823,True,FxbfWtba5nHLCtALP3ekZg
79,2017,5,215,Brussels,50.83012218067006,4.307988137593772,VeKGHb5fwbX_ROF-SRdv-Q,1200,1,2199,6,13829,True,VeKGHb5fwbX_ROF-SRdv-Q
43,2014,7,235,Brussels,50.8290583065817,4.351651416789694,S_GytNkd0LzLJHH2JIR-mg,3,0,3,5,13831,True,S_GytNkd0LzLJHH2JIR-mg
2135,2019,4,316,Brussels,50.85601531781882,4.335067560020633,8MTkaDFgk6wINt5P4a5mXA,1196,0,1292,4,13834,True,8MTkaDFgk6wINt5P4a5mXA
1117,2017,6,58,Brussels,50.84296235395611,4.335125857859571,y52WhhYooykN4SW0oT7Q5A,419,0,425,5,13836,True,y52WhhYooykN4SW0oT7Q5A
1756,2014,7,165,Brussels,50.8508890537483,4.346917959796018,9Ann7sKQbawtud18uONPMA,179,0,180,8,13844,True,9Ann7sKQbawtud18uONPMA
818,2017,6,212,Brussels,50.83900276190469,4.345208795817403,3xTBz23W1lTHSJhwQxkC4w,1396,0,1543,6,13854,True,3xTBz23W1lTHSJhwQxkC4w
196,2011,3,67,Brussels,50.83109442155035,4.347406958625505,gclhac8wSbcE5oAJARUrQg,1635,1,3334,3,13859,True,gclhac8wSbcE5oAJARUrQg
39,2019,3,261,Brussels,50.82891176859451,4.346420858191235,LLDmd4i3QGcuwn_iTJAt8w,2060,1,3098,3,13863,True,LLDmd4i3QGcuwn_iTJAt8w
2517,2009,6,145,Brussels,50.86096694849471,4.329140540181878,BOg51vQZ13lg4nnJLAb4Fg,870,1,3531,1,13865,True,BOg51vQZ13lg4nnJLAb4Fg
1248,2019,5,272,Brussels,50.84499466078573,4.308327460503773,5YSHD72ZHCcbrkLQKUftSw,2117,1,3153,3,13866,True,5YSHD72ZHCcbrkLQKUftSw
2835,2020,7,69,Brussels,50.86496090890117,4.338255648903175,WVuhD2BPIgiRkGJVc1D3ow,1526,0,1696,5,13868,True,WVuhD2BPIgiRkGJVc1D3ow
1426,2020,11,229,Brussels,50.84709216654603,4.329035289116905,tPlYd3OZ2rZ1fzhgYNPuWw,177,1,450,5,13869,True,tPlYd3OZ2rZ1fzhgYNPuWw
719,2014,8,203,Brussels,50.83841793538074,4.324643180141933,VUNjkD7j1SPyVSDv3LWNtg,1465,0,1627,4,13873,True,VUNjkD7j1SPyVSDv3LWNtg
2706,2009,6,140,Brussels,50.86299728687975,4.360179925126509,mal5erQpB_-B8TXwX0-JVg,1613,0,1824,7,13878,True,mal5erQpB_-B8TXwX0-JVg
957,2009,8,132,Brussels,50.84105421355718,4.328201753645191,QkF5DSbar5L4luMsPPAxIw,60,0,60,3,13883,True,QkF5DSbar5L4luMsPPAxIw
2407,2013,7,54,Brussels,50.85904133171312,4.372188405167708,U7nS1mN1OWJpq-SfRkjL6Q,1749,0,2009,7,13887,True,U7nS1mN1OWJpq-SfRkjL6Q
1364,2009,4,231,Brussels,50.84582470864101,4.342860349380167,1dFbVRdlqnek0eYtpVxlWg,1738,0,1990,6,13891,True,1dFbVRdlqnek0eYtpVxlWg
2698,2020,7,93,Brussels,50.86313353674027,4.354733740666929,8b4uDdWGHg0pZWl20rCxwQ,1213,0,1312,5,13901,True,8b4uDdWGHg0pZWl20rCxwQ
2910,2014,9,198,Brussels,50.86609799864093,4.333426108399677,5i4EOOWWN-x1l3UrKjk7mA,2126,0,2682,5,13904,True,5i4EOOWWN-x1l3UrKjk7mA
383,2009,4,265,Brussels,50.83300172025561,4.378154671623415,A6DsyHTuiFM0TBPoBA2-Tw,121,0,121,4,13913,True,A6DsyHTuiFM0TBPoBA2-Tw
1804,2019,5,275,Brussels,50.85202294659925,4.316141455121388,3fC-EqkdrbQIcggG4ZJD4w,1604,1,2122,3,13924,True,3fC-EqkdrbQIcggG4ZJD4w
2765,2014,7,278,Brussels,50.86374710606083,4.339000925566584,Tdm8noOYrZ2n7s93IaNf0w,2259,0,3080,4,13925,True,Tdm8noOYrZ2n7s93IaNf0w
541,2019,9,99,Brussels,50.83513585539697,4.37993781097792,Yr7B4MtMYZfDL2_TlWabig,1992,0,2415,6,13927,True,Yr7B4MtMYZfDL2_TlWabig
2186,2009,6,215,Brussels,50.85601664903647,4.382171245289957,PGClBqyAb9hvc7mDCEcnfw,1970,2,3532,1,13931,True,PGClBqyAb9hvc7mDCEcnfw
2076,2014,7,219,Brussels,50.85486166641688,4.355512223640295,ygjNwy0WufHGbuIu3XqwvQ,950,3,3533,1,13943,True,ygjNwy0WufHGbuIu3XqwvQ
2553,2014,7,168,Brussels,50.86111489504159,4.364253445617686,HYaWTNy092wO32rEvBOl8Q,330,0,334,4,13947,True,HYaWTNy092wO32rEvBOl8Q
53,2014,7,245,Brussels,50.82893622088548,4.360101972188915,GLqbciOKaYPu_SNt_neYfA,1630,0,1846,5,13949,True,GLqbciOKaYPu_SNt_neYfA
2942,2019,3,91,Brussels,50.86603431402892,4.365103957798376,AQ5CiXP_UbpEYcj9md21lA,15,0,15,3,13953,True,AQ5CiXP_UbpEYcj9md21lA
630,2009,3,291,Brussels,50.83705306830483,4.313372441396105,KLc1XQlaJ5rkXJ4hg_1fvw,1776,0,2054,3,13956,True,KLc1XQlaJ5rkXJ4hg_1fvw
2060,2009,5,41,Brussels,50.85504075556167,4.338993462453782,954zry2Jv9ePReEwen0GXg,2166,0,2753,4,13958,True,954zry2Jv9ePReEwen0GXg
2777,2020,7,165,Brussels,50.86415387272334,4.355558239426083,D0WPR6Qbi4V1W6zoeRS0Bw,479,0,490,5,13959,True,D0WPR6Qbi4V1W6zoeRS0Bw
1411,2009,3,332,Brussels,50.8474075882942,4.312626850179564,rkLi7hhvtWLh3etv6a42aA,2036,1,3534,1,13961,True,rkLi7hhvtWLh3etv6a42aA
2335,2013,7,305,Brussels,50.85810082288301,4.382878228336184,jA_mnp20Fx85f7qGv43y-Q,99,0,99,6,13962,True,jA_mnp20Fx85f7qGv43y-Q
890,2017,5,246,Brussels,50.84058505127876,4.338678181028686,PZnTn3eRUOtd016vmDOmKQ,1997,1,2697,3,13964,True,PZnTn3eRUOtd016vmDOmKQ
1264,2014,9,351,Brussels,50.8446315760963,4.324717200402162,N3dwgkS9Ybv76TkMiNqqYg,1508,0,1676,4,13966,True,N3dwgkS9Ybv76TkMiNqqYg
253,2014,8,309,Brussels,50.83222863383771,4.326054523677216,D9z-1hMmPuK6lmI0w9agjA,1190,0,1285,9,13968,True,D9z-1hMmPuK6lmI0w9agjA
360,2014,7,176,Brussels,50.83296983216618,4.355061381300498,t-n3HSEmLX_zrGN6sAw6ag,172,0,173,7,13970,True,t-n3HSEmLX_zrGN6sAw6ag
1973,2014,9,348,Brussels,50.85398973648621,4.325144243842552,hnPz0sdpd7Dtg-FZpSDfjA,1398,1,3535,1,13973,True,hnPz0sdpd7Dtg-FZpSDfjA
1496,2019,5,349,Brussels,50.84799603974614,4.323219559107711,S0tskbj7XGFh9Xex_OfJhQ,1182,0,1275,3,13981,True,S0tskbj7XGFh9Xex_OfJhQ
2,2019,5,51,Brussels,50.82931350062084,4.308505444041228,KUJLpsku6OZ83jeicOE5Gw,1979,2,3536,1,13987,True,KUJLpsku6OZ83jeicOE5Gw
2258,2019,4,36,Brussels,50.85700065235166,4.378208123976306,t3vvxaNzMlbABl9hcqJqbQ,784,5,3537,1,13993,True,t3vvxaNzMlbABl9hcqJqbQ
589,2020,7,91,Brussels,50.83596614644672,4.350282238844875,63rjpb2xvErfK8s3JaQizA,1050,0,1118,4,13998,True,63rjpb2xvErfK8s3JaQizA
2099,2009,9,240,Brussels,50.85499002076002,4.378192253497522,U-z2OdjbBB8Of9PPR2gVpQ,1183,0,1276,7,14005,True,U-z2OdjbBB8Of9PPR2gVpQ
1745,2019,3,234,Brussels,50.85098735658667,4.336207006306544,22lp0mtY3Lni15Zy5jYRGw,1018,2,3538,1,14008,True,22lp0mtY3Lni15Zy5jYRGw
1555,2013,6,239,Brussels,50.84909960725318,4.307511303654293,-feXMu7O29Ct4IELclhEEg,2241,1,3225,4,14020,True,-feXMu7O29Ct4IELclhEEg
598,2014,7,273,Brussels,50.83577993426039,4.358716357119632,ws4-LdsvKbrvDjCnWXaHYA,1841,1,3539,1,14030,True,ws4-LdsvKbrvDjCnWXaHYA
1707,2019,10,125,Brussels,50.85003670049635,4.371129052291384,YiyG6G17Urf_CoxoKA-I-g,928,0,978,5,14033,True,YiyG6G17Urf_CoxoKA-I-g
1124,2009,4,51,Brussels,50.84323338919329,4.340946469380622,Ew09lSSpLLbOzi03A0yfhA,727,0,754,5,14038,True,Ew09lSSpLLbOzi03A0yfhA
1056,2019,5,16,Brussels,50.84199757771759,4.352209117217384,cav5VGKcx2fS6a5aevI1Pg,864,1,3540,1,14040,True,cav5VGKcx2fS6a5aevI1Pg
2475,2017,6,191,Brussels,50.85999327112225,4.369283754274983,TcC0IA_2MKexXqNesNyX4A,569,1,3541,1,14054,True,TcC0IA_2MKexXqNesNyX4A
1568,2014,9,47,Brussels,50.84879564490571,4.314452124582693,psOmWWgX3R9fXQrAF1iRBw,267,0,270,6,14057,True,psOmWWgX3R9fXQrAF1iRBw
1803,2009,3,212,Brussels,50.8520008203401,4.317013312481636,-HIkQtgxH_WAArkrz2LzGg,607,0,622,4,14064,True,-HIkQtgxH_WAArkrz2LzGg
2611,2014,7,101,Brussels,50.86196635936931,4.343260450940137,8tebBxMY9UTpMY1QLJc2Xg,2186,1,3278,3,14070,True,8tebBxMY9UTpMY1QLJc2Xg
2714,2017,5,317,Brussels,50.8630504905386,4.37006930252512,izYkjcD0W7nemrr46W3FOA,1487,0,1650,5,14072,True,izYkjcD0W7nemrr46W3FOA
799,2019,5,348,Brussels,50.83901628618049,4.326031303969929,10kTQqsFPAscOsOp2P-6uw,1072,1,3076,4,14082,True,10kTQqsFPAscOsOp2P-6uw
2782,2017,5,339,Brussels,50.8640773267721,4.358734935349668,YZBIPfLiIVWtRv4w-pwamg,1948,2,3542,1,14083,True,YZBIPfLiIVWtRv4w-pwamg
1254,2019,5,115,Brussels,50.84496648748365,4.313545557184911,hhBZ7d5xFLD8JqSXUY0jfQ,124,1,3543,1,14087,True,hhBZ7d5xFLD8JqSXUY0jfQ
1437,2020,6,286,Brussels,50.8470327733574,4.341487225260752,No94W55tY3VcFsm5KCgNxA,1098,0,1176,5,14088,True,No94W55tY3VcFsm5KCgNxA
722,2019,5,176,Brussels,50.83776522546573,4.327926261761078,0XmxidAAVyw4uEKoalaylg,795,0,826,5,14101,True,0XmxidAAVyw4uEKoalaylg
1706,2018,10,62,Brussels,50.84976832217248,4.374084098757375,bfGPqOc3OkDMNz50oqQCkQ,1735,1,3544,1,14102,True,bfGPqOc3OkDMNz50oqQCkQ
556,2014,8,123,Brussels,50.83606059369014,4.316990149002971,03wAT_zZ2LcHfthTpQs_kg,2168,0,2758,6,14106,True,03wAT_zZ2LcHfthTpQs_kg
654,2009,4,108,Brussels,50.83748296647668,4.33688869997752,y7XSsAYZHXU5OROessuVeQ,2082,1,3474,3,14112,True,y7XSsAYZHXU5OROessuVeQ
2701,2013,7,331,Brussels,50.86302497769756,4.359072268781824,lIkllNtGOjV0hNCaJQCE8A,1353,0,1487,7,14117,True,lIkllNtGOjV0hNCaJQCE8A
1695,2020,11,121,Brussels,50.8499961115035,4.367167809616501,r0ZSecc9w6wegfJQZephUQ,1378,0,1517,6,14124,True,r0ZSecc9w6wegfJQZephUQ
2890,2017,5,96,Brussels,50.86584142330125,4.312228383092791,CUW_hLl-JPlENdhOYrD6Ow,967,1,3245,4,14128,True,CUW_hLl-JPlENdhOYrD6Ow
1269,2009,4,138,Brussels,50.84511235596358,4.332452822090011,qukQt5Hzcxq_0WIiFx4UdQ,678,1,3545,1,14133,True,qukQt5Hzcxq_0WIiFx4UdQ
2334,2020,11,188,Brussels,50.85790382978845,4.382311888601528,JalvqqGLWnUCSzNsQpe7bQ,1634,0,1850,6,14134,True,JalvqqGLWnUCSzNsQpe7bQ
2450,2009,10,338,Brussels,50.86001025980434,4.339934644624416,O8bbF04OYw7hH20nm3HutQ,1318,2,3546,1,14138,True,O8bbF04OYw7hH20nm3HutQ
2900,2018,7,225,Brussels,50.86584843150136,4.316161899440234,o8KH9GRO-3GB9aJNL2AXxg,593,0,608,10,14139,True,o8KH9GRO-3GB9aJNL2AXxg
69,2014,7,88,Brussels,50.82898265898581,4.375983264984936,WR_diEOpXDQHtkXUbx0ebw,880,0,920,5,14140,True,WR_diEOpXDQHtkXUbx0ebw
1181,2014,9,18,Brussels,50.84391073911801,4.324339804726266,OJSGZUuZHO8Y_WFCWQnkRw,977,0,1030,8,14143,True,OJSGZUuZHO8Y_WFCWQnkRw
1122,2019,4,251,Brussels,50.84305627154075,4.336192268293953,qmGRxpL_1co7HZ94sAwN2g,2111,1,3012,3,14145,True,qmGRxpL_1co7HZ94sAwN2g
788,2009,3,74,Brussels,50.83902546534804,4.315132916154131,7PwaK1BaHfe6UbnjkhTcTg,2181,2,3547,1,14150,True,7PwaK1BaHfe6UbnjkhTcTg
1419,2019,5,251,Brussels,50.8468619180499,4.31835924710307,MfTJs1Zy-_ipO41Jo-l3PQ,785,0,816,4,14152,True,MfTJs1Zy-_ipO41Jo-l3PQ
182,2014,7,45,Brussels,50.83097416462969,4.33325164752354,wgejKxHWEFxZOsi0dEm3MQ,1290,1,2039,4,14168,True,wgejKxHWEFxZOsi0dEm3MQ
2293,2013,10,95,Brussels,50.85803587177234,4.335225435705412,2Ov9n3Dbl8TOTFC7H8_2bQ,915,1,3399,3,14169,True,2Ov9n3Dbl8TOTFC7H8_2bQ
