place_id,year,month,northdeg,city_id,lat,lon,panoid,spatial_cluster_id,heading_cluster_id,cluster_id,cluster_size,cluster_center_index,is_cluster_center,cluster_center_panoid
686,2019,5,376,BuenosAires,-34.60353648058886,-58.37849150937945,pwodtJrpgu_-vnRYVlpWKQ,16,0,16,8,17,True,pwodtJrpgu_-vnRYVlpWKQ
903,2014,5,526,BuenosAires,-34.59416278279738,-58.42204181509634,rRAhBqAwVTbllvt6EGD-xg,22,0,22,9,23,True,rRAhBqAwVTbllvt6EGD-xg
1239,2019,5,686,BuenosAires,-34.58200521689759,-58.40896007026495,-XlhIFwhzjAQJjMnBu_tYg,25,0,25,4,26,True,-XlhIFwhzjAQJjMnBu_tYg
1106,2013,10,313,BuenosAires,-34.58637195107011,-58.36702896508687,UNBThXA82VvIZBvtTib9kA,28,0,28,10,29,True,UNBThXA82VvIZBvtTib9kA
203,2016,10,145,BuenosAires,-34.62123284128895,-58.36544331134118,kehUGp6mslWg22rjthCjNQ,42,0,42,4,43,True,kehUGp6mslWg22rjthCjNQ
1238,2016,10,398,BuenosAires,-34.58225437672805,-58.41151191490257,HWNooGU8KB6zMpseGNLGqA,43,0,43,5,44,True,HWNooGU8KB6zMpseGNLGqA
697,2016,12,177,BuenosAires,-34.6016254983053,-58.42353852180549,f_Z_Q_6k0FWb8i2AogBYHw,47,0,47,8,49,True,f_Z_Q_6k0FWb8i2AogBYHw
977,2019,10,422,BuenosAires,-34.59251198518452,-58.3702125754357,jMYsdkvldcTWhf6le5kJRQ,52,0,52,1,54,True,jMYsdkvldcTWhf6le5kJRQ
1218,2015,10,235,BuenosAires,-34.5837157139524,-58.38006138301846,pYHCLkEDZzhglcLF6qqzJA,57,0,57,10,59,True,pYHCLkEDZzhglcLF6qqzJA
271,2015,4,431,BuenosAires,-34.61824570184697,-58.38584995447266,uIAn5JTQxrEXrsnVjwaHmA,65,0,65,9,67,True,uIAn5JTQxrEXrsnVjwaHmA
693,2014,7,88,BuenosAires,-34.60296397346832,-58.36963296718331,1braupPstlnvGl20B4YdGA,68,0,68,6,70,True,1braupPstlnvGl20B4YdGA
1222,2019,5,405,BuenosAires,-34.5837424839784,-58.37408041865386,0N1AUVCva4349N-mfV6IWA,69,0,69,1,71,True,0N1AUVCva4349N-mfV6IWA
1379,2013,10,384,BuenosAires,-34.57808557423539,-58.38467696322443,sqV7j38X08fmN4Gc7CcdCQ,75,0,75,4,78,True,sqV7j38X08fmN4Gc7CcdCQ
325,2014,1,31,BuenosAires,-34.61673026357723,-58.36670514452388,UJJ6FSEj-k3BPZ2Wwe9fRg,76,0,76,10,79,True,UJJ6FSEj-k3BPZ2Wwe9fRg
1286,2019,5,463,BuenosAires,-34.58056155491352,-58.40112710238209,f3B9Q7GRRzweDXG6ohtHCw,77,0,77,4,80,True,f3B9Q7GRRzweDXG6ohtHCw
1058,2017,9,326,BuenosAires,-34.58967160071013,-58.37405061943456,afr7kf7D5iXMzOK3lsgDsw,78,0,78,2,81,True,afr7kf7D5iXMzOK3lsgDsw
2,2016,12,546,BuenosAires,-34.62747894254923,-58.42054692469008,XmQgVknKSXEQqQNoAwZgZA,88,0,88,8,91,True,XmQgVknKSXEQqQNoAwZgZA
246,2013,11,233,BuenosAires,-34.61783598135241,-58.42360920177672,4bmHDJdijMWNe6W5TrGaJQ,91,0,91,9,94,True,4bmHDJdijMWNe6W5TrGaJQ
75,2013,10,271,BuenosAires,-34.62570765200731,-58.3726060938752,KqOAAs7l8o1SehARNblsIg,93,0,93,9,96,True,KqOAAs7l8o1SehARNblsIg
732,2015,8,362,BuenosAires,-34.6018222199198,-58.36954558288635,WswABaXvGmJlid5OJjeimg,106,0,107,7,112,True,WswABaXvGmJlid5OJjeimg
118,2013,10,589,BuenosAires,-34.62413281554139,-58.36962378080293,ip45AGizHfMHgz85PgfCtQ,111,0,112,8,117,True,ip45AGizHfMHgz85PgfCtQ
1041,2014,7,300,BuenosAires,-34.58940908625635,-58.39937632383957,cvmJ6U17ANLQSUY8uiyISg,112,0,113,8,118,True,cvmJ6U17ANLQSUY8uiyISg
361,2017,6,384,BuenosAires,-34.61489233371807,-58.37407184805524,si7SYqKAmtHowiUg5cuHZg,122,0,123,9,129,True,si7SYqKAmtHowiUg5cuHZg
690,2014,6,133,BuenosAires,-34.6031395927012,-58.37251437005848,Zj_pvlLV6G4YKQ0XgaRycw,125,0,126,11,132,True,Zj_pvlLV6G4YKQ0XgaRycw
1146,2019,7,306,BuenosAires,-34.58588097484272,-58.36664588951022,aEdmYO2pZSwZzUw71UVDjw,133,0,134,5,140,True,aEdmYO2pZSwZzUw71UVDjw
908,2014,5,380,BuenosAires,-34.5941343321941,-58.41307727403459,LYyOFGeZDhd5sKpHU_xFUA,134,0,135,7,141,True,LYyOFGeZDhd5sKpHU_xFUA
807,2014,10,249,BuenosAires,-34.59869794877876,-58.38164145687813,1n3_HaEfgRUiDNZL2rmFQA,142,0,143,8,150,True,1n3_HaEfgRUiDNZL2rmFQA
476,2013,10,161,BuenosAires,-34.61063673253464,-58.38616651285778,XkOvECqtkd31qhztDjfN-Q,148,0,149,7,156,True,XkOvECqtkd31qhztDjfN-Q
137,2015,1,109,BuenosAires,-34.6226635777366,-58.40245247544315,X9J04Gh03qYMNKAq_aegvA,156,0,157,9,167,True,X9J04Gh03qYMNKAq_aegvA
337,2015,6,259,BuenosAires,-34.61530087207093,-58.41000154895464,RbKGFckEd9nWkBI5rRCG_g,162,0,163,5,173,True,RbKGFckEd9nWkBI5rRCG_g
289,2014,7,329,BuenosAires,-34.61668884319796,-58.42054042368861,Ptgp0dlaf1tGUdUo4B8ttQ,164,0,165,7,175,True,Ptgp0dlaf1tGUdUo4B8ttQ
733,2019,2,266,BuenosAires,-34.60171711991756,-58.37116908732125,oOHlZUzKvjgK59srts3Krw,172,0,173,5,183,True,oOHlZUzKvjgK59srts3Krw
436,2014,7,601,BuenosAires,-34.61212858118387,-58.38445517165402,z5eHtCt0UmUSnORmJQOuBQ,175,0,176,8,186,True,z5eHtCt0UmUSnORmJQOuBQ
1247,2019,5,481,BuenosAires,-34.5818161060394,-58.39881139615797,a3EWPvFQRW3QwdR_8tfCGA,186,0,187,5,201,True,a3EWPvFQRW3QwdR_8tfCGA
461,2016,10,507,BuenosAires,-34.61068765386934,-58.40888793574145,s0wUC1LRkbezKG2F2dEj_w,189,0,190,8,204,True,s0wUC1LRkbezKG2F2dEj_w
410,2019,5,225,BuenosAires,-34.61226411529191,-58.4238119639932,ZTqTOOsaqiosbMBNhxuOiQ,196,0,197,7,215,True,ZTqTOOsaqiosbMBNhxuOiQ
296,2014,5,333,BuenosAires,-34.61662158538332,-58.41001492754475,FJ38iM-epnMmA0EKmdKp7g,197,0,198,9,216,True,FJ38iM-epnMmA0EKmdKp7g
841,2015,6,501,BuenosAires,-34.59722444441797,-58.39210620705481,f2_XGdMEeZllxEvpitcqxA,198,0,199,8,219,True,f2_XGdMEeZllxEvpitcqxA
635,2014,7,200,BuenosAires,-34.60443637681905,-58.39353571409806,ABSl80EpkCRKoiBdf2RglQ,199,0,200,10,220,True,ABSl80EpkCRKoiBdf2RglQ
950,2019,6,628,BuenosAires,-34.59259864211547,-58.4131286445369,iM2FjItJYFDJkKzRE-U0dQ,208,0,209,9,231,True,iM2FjItJYFDJkKzRE-U0dQ
782,2019,5,339,BuenosAires,-34.59873146533552,-58.41901699847271,M81IXUzTs8TKPthPcnamgA,211,0,212,4,234,True,M81IXUzTs8TKPthPcnamgA
129,2020,3,356,BuenosAires,-34.62268021990671,-58.41639075256334,9KEI4d74SCjqemK_77ZltQ,218,0,219,9,242,True,9KEI4d74SCjqemK_77ZltQ
489,2019,10,383,BuenosAires,-34.61065245089031,-58.36639045579937,zBAlwZ0_Aq0CGwC3O06OTg,219,0,220,1,243,True,zBAlwZ0_Aq0CGwC3O06OTg
1087,2013,10,395,BuenosAires,-34.58832187138791,-58.39209198817047,iUSJLsC7B_FWOfN0GgndJw,223,0,224,6,249,True,iUSJLsC7B_FWOfN0GgndJw
184,2017,9,520,BuenosAires,-34.62114928767583,-58.39313127167269,wiICaN310LRTVHUX-nBasg,226,0,227,10,252,True,wiICaN310LRTVHUX-nBasg
911,2016,10,361,BuenosAires,-34.59394354943569,-58.41216974612287,0vn0tRddpGywMbqE5xtSCw,228,0,229,7,254,True,0vn0tRddpGywMbqE5xtSCw
1053,2019,7,420,BuenosAires,-34.58962702489811,-58.38167649781018,vrKL2sdGeYLYRnYA8XR0JA,234,0,235,9,260,True,vrKL2sdGeYLYRnYA8XR0JA
733,2018,5,471,BuenosAires,-34.60172352933447,-58.37118741462815,n6YNMlSgEjrnFodkJ6fW2A,172,1,246,1,272,True,n6YNMlSgEjrnFodkJ6fW2A
1189,2017,6,394,BuenosAires,-34.58352226468224,-58.42333713559201,wHIY8wxul6XVrDaYi8i-_w,249,0,251,1,277,True,wHIY8wxul6XVrDaYi8i-_w
611,2015,4,423,BuenosAires,-34.60617221993469,-58.36772283669033,P_ilr2mAF6SoFvYKONW2mA,251,0,253,2,279,True,P_ilr2mAF6SoFvYKONW2mA
495,2015,6,256,BuenosAires,-34.6091408881018,-58.41868473093003,BnM3VK070dJc3rvbYok9XQ,255,0,257,7,286,True,BnM3VK070dJc3rvbYok9XQ
898,2019,5,448,BuenosAires,-34.59555247922005,-58.36920910575708,sDVebiKW_J4QD9If_pVilQ,221,1,258,2,287,True,sDVebiKW_J4QD9If_pVilQ
420,2016,12,221,BuenosAires,-34.6121694245531,-58.40877984120426,9SUODtD1A7Hft0ULj-SAhw,260,0,263,8,292,True,9SUODtD1A7Hft0ULj-SAhw
1073,2017,6,404,BuenosAires,-34.58823061559627,-58.41304912055737,UQWMhJ52fgouutFO1jDU6A,267,0,270,4,301,True,UQWMhJ52fgouutFO1jDU6A
270,2016,12,391,BuenosAires,-34.61818716798432,-58.38748065335924,O1vZbRZg5qvRunpovtDUSQ,268,0,271,8,302,True,O1vZbRZg5qvRunpovtDUSQ
691,2015,6,283,BuenosAires,-34.60325112600217,-58.37106861796484,bmHHHzV11PFWmS7BPqPfGw,270,0,273,3,304,True,bmHHHzV11PFWmS7BPqPfGw
607,2015,6,375,BuenosAires,-34.60611137255511,-58.37369127314852,cMwj8HuN-6yeGHggTrRABg,272,0,275,5,307,True,cMwj8HuN-6yeGHggTrRABg
528,2015,10,309,BuenosAires,-34.60914755954261,-58.36741699354926,6vXghSPVmLjv-ZIFOgq4IQ,275,0,278,2,310,True,6vXghSPVmLjv-ZIFOgq4IQ
573,2018,5,253,BuenosAires,-34.60767063210925,-58.36385556165719,1E2OC8KqyH08x1wkma8pJw,276,0,279,2,311,True,1E2OC8KqyH08x1wkma8pJw
1223,2014,7,463,BuenosAires,-34.58388678498245,-58.37064240679,hKiF6tpVJzHBuPXGKbdCng,282,0,285,5,319,True,hKiF6tpVJzHBuPXGKbdCng
1129,2019,4,592,BuenosAires,-34.58660205743281,-58.38909332735152,NEWhJKii-TCIkTAui6xdMw,284,0,287,4,321,True,NEWhJKii-TCIkTAui6xdMw
307,2017,9,479,BuenosAires,-34.61671617081002,-58.39320268029952,Pps1Q-q3pH4tqubZirI1eA,286,0,289,7,324,True,Pps1Q-q3pH4tqubZirI1eA
1052,2015,3,282,BuenosAires,-34.58980758378771,-58.3832416659522,Ro1q2EJBVfWxRfxzHaZYtQ,290,0,293,6,328,True,Ro1q2EJBVfWxRfxzHaZYtQ
886,2015,2,419,BuenosAires,-34.59564779864903,-58.3860409662579,tt5n1M3ElOL4OBQWH06ozA,292,0,295,1,331,True,tt5n1M3ElOL4OBQWH06ozA
457,2015,6,165,BuenosAires,-34.61067236333469,-58.41446268115116,b7WxX7Bi-dWHQ8JrXAF4cQ,190,1,296,1,332,True,b7WxX7Bi-dWHQ8JrXAF4cQ
1068,2014,2,142,BuenosAires,-34.58810559815508,-58.42066355434205,6uCI2ffsSF5-Gk1fMG4EJw,297,0,301,2,337,True,6uCI2ffsSF5-Gk1fMG4EJw
1320,2016,11,523,BuenosAires,-34.57931365541789,-58.41161520255071,vFNaP59twtH5x5eVbPC3Cg,305,0,309,4,346,True,vFNaP59twtH5x5eVbPC3Cg
972,2018,5,373,BuenosAires,-34.59272982992115,-58.38009455532317,PeIEz0NAA9P9UnITGXey2Q,317,0,321,5,360,True,PeIEz0NAA9P9UnITGXey2Q
76,2014,11,484,BuenosAires,-34.62565143844429,-58.37109113850745,rx0l_zJaGrV0U9FCbiqDvA,227,0,228,5,368,True,rx0l_zJaGrV0U9FCbiqDvA
409,2016,8,23,BuenosAires,-34.6136559442603,-58.36356167887981,Un1DZ_HXyjDs51azw0oM8Q,334,0,338,1,383,True,Un1DZ_HXyjDs51azw0oM8Q
726,2017,8,495,BuenosAires,-34.60166236552406,-58.37957403634643,bBU0HBgn2mNq-sfpAtBdsg,336,0,340,3,385,True,bBU0HBgn2mNq-sfpAtBdsg
580,2019,5,322,BuenosAires,-34.60595186689442,-58.41450109498565,ODrnqv1HUFsq8OSotSFbEw,344,0,349,8,398,True,ODrnqv1HUFsq8OSotSFbEw
303,2019,4,345,BuenosAires,-34.61668992034808,-58.39607633810316,Ja_60VlCoj5TB0my1ROKGg,347,0,352,10,405,True,Ja_60VlCoj5TB0my1ROKGg
557,2014,7,237,BuenosAires,-34.60768297864448,-58.38757307462423,r3zvTqN6hvmf_SG_7d27bg,266,0,269,10,412,True,r3zvTqN6hvmf_SG_7d27bg
836,2014,6,487,BuenosAires,-34.59693230552929,-58.39947183599625,lxTLBO0CKdsdc4kj7zMBhA,354,0,359,9,413,True,lxTLBO0CKdsdc4kj7zMBhA
352,2016,10,394,BuenosAires,-34.61514828931096,-58.38749933381467,XPuUOjE8Lt_-dufeyOXHaQ,359,0,364,8,424,True,XPuUOjE8Lt_-dufeyOXHaQ
1328,2019,5,336,BuenosAires,-34.57930475711454,-58.39945440675839,xmlNo12m285AIxgA2kKf2A,369,0,374,5,437,True,xmlNo12m285AIxgA2kKf2A
232,2014,7,603,BuenosAires,-34.61975827484749,-58.38299902651188,3HRHqSw3ADkFWa0d26smSw,319,1,378,4,442,True,3HRHqSw3ADkFWa0d26smSw
293,2013,12,267,BuenosAires,-34.61661835097215,-58.41420493404284,w_bHaYjz2W_Jnhmc54O_Xw,373,0,379,1,443,True,w_bHaYjz2W_Jnhmc54O_Xw
23,2014,5,239,BuenosAires,-34.6272346496981,-58.38899007208387,WDryhgwZAKP19TMQzdRzYw,374,0,380,4,444,True,WDryhgwZAKP19TMQzdRzYw
672,2016,12,393,BuenosAires,-34.60318717793957,-58.39960266610623,u2WWGhDk6Y3Rt0vn-PmE6w,375,0,381,7,447,True,u2WWGhDk6Y3Rt0vn-PmE6w
595,2014,3,254,BuenosAires,-34.60622896286672,-58.39215126003709,adJJaaZKij0D-0NM-Owcww,378,0,384,11,450,True,adJJaaZKij0D-0NM-Owcww
988,2017,8,282,BuenosAires,-34.59118857854632,-58.41760796442365,vRx43KSu6IVXP8V1RnrApg,384,0,390,9,459,True,vRx43KSu6IVXP8V1RnrApg
7,2015,4,513,BuenosAires,-34.62719622571147,-58.41451544820324,hHQ9JqbS_3dHQ5slY2HUzw,129,0,130,14,465,True,hHQ9JqbS_3dHQ5slY2HUzw
922,2017,6,498,BuenosAires,-34.59414142366388,-58.39317737979275,cXoM9U36XvTEkwMooLqfkA,394,0,400,5,476,True,cXoM9U36XvTEkwMooLqfkA
1009,2014,10,462,BuenosAires,-34.59131318746238,-58.38625383366168,c2zE00SCxYA3Q2NqhgPsEg,295,0,299,8,478,True,c2zE00SCxYA3Q2NqhgPsEg
643,2019,7,286,BuenosAires,-34.60469879538078,-58.38127875528239,OWDRbjd13_UFNrJ6ScX9Cw,283,0,286,9,489,True,OWDRbjd13_UFNrJ6ScX9Cw
1376,2019,5,414,BuenosAires,-34.57751688206331,-58.3875497972373,03Ahsjliv22npnTRDysk9g,403,0,409,1,492,True,03Ahsjliv22npnTRDysk9g
543,2014,7,430,BuenosAires,-34.60788361329692,-58.40857854736567,HtKb_kMo7WZUT4HHnsWA2w,408,0,414,6,501,True,HtKb_kMo7WZUT4HHnsWA2w
444,2019,5,336,BuenosAires,-34.61250652220536,-58.37253598209579,ozzidoRTB6rFTLGJBg7IMA,412,0,418,11,508,True,ozzidoRTB6rFTLGJBg7IMA
1030,2019,5,398,BuenosAires,-34.58963512958361,-58.41608069345003,HMaD2ZCTVbGosV5gAIgAsQ,328,0,332,7,510,True,HMaD2ZCTVbGosV5gAIgAsQ
1024,2013,10,386,BuenosAires,-34.58839500933932,-58.36868825997085,bPpVscODs_hnzqXtj4fDqA,414,0,420,5,511,True,bPpVscODs_hnzqXtj4fDqA
58,2014,11,128,BuenosAires,-34.62583433276265,-58.39798999617442,aBAPXslxwTLaFNHVWvFLNg,147,0,148,9,513,True,aBAPXslxwTLaFNHVWvFLNg
1315,2017,8,600,BuenosAires,-34.57918219981124,-58.41908946397643,TnGyiiSNOWTdyMRRqksBlg,416,0,422,2,515,True,TnGyiiSNOWTdyMRRqksBlg
670,2014,6,500,BuenosAires,-34.60343220464952,-58.40254819911883,uX0dxmwf7b3-rE2JwHgiXQ,366,0,371,7,523,True,uX0dxmwf7b3-rE2JwHgiXQ
496,2019,6,279,BuenosAires,-34.60920509260579,-58.41745110348885,1UBV_7PN9mYDRWSwz4JmRQ,422,0,428,5,526,True,1UBV_7PN9mYDRWSwz4JmRQ
367,2018,5,126,BuenosAires,-34.61506955908026,-58.3652586294268,1NKjbX87jXq2rb1sedW8hA,430,0,437,2,537,True,1NKjbX87jXq2rb1sedW8hA
1091,2017,7,313,BuenosAires,-34.58819073979358,-58.38596977106231,VhZsXyxEaqj8MfjRU-xj5Q,431,0,439,8,540,True,VhZsXyxEaqj8MfjRU-xj5Q
429,2014,9,400,BuenosAires,-34.61215338748802,-58.39474824853741,QKtbvTc-jo2vrH07Kf_O0A,433,0,441,8,542,True,QKtbvTc-jo2vrH07Kf_O0A
308,2014,7,159,BuenosAires,-34.6168858240308,-58.39202524355731,zNimEAwpQgh1QIGg1D7nlA,62,0,62,7,545,True,zNimEAwpQgh1QIGg1D7nlA
766,2016,11,286,BuenosAires,-34.60024975490794,-58.38147630549935,jA69XuQDt9AGaXdeqKGnyw,441,0,449,1,554,True,jA69XuQDt9AGaXdeqKGnyw
816,2014,7,453,BuenosAires,-34.5987406573666,-58.36801848389715,wYd6LluJb9Ca_F-kayWfYg,444,0,452,7,558,True,wYd6LluJb9Ca_F-kayWfYg
750,2016,10,444,BuenosAires,-34.6001281492622,-58.40542481228792,AcbhbsfP6dxz2vmXSm-sDw,447,0,455,2,562,True,AcbhbsfP6dxz2vmXSm-sDw
392,2019,7,174,BuenosAires,-34.61363155521855,-58.38905434172553,TFKDJ8YS_PYsnBksBNWWQA,452,0,461,10,575,True,TFKDJ8YS_PYsnBksBNWWQA
237,2017,6,501,BuenosAires,-34.61969220338413,-58.37558461496404,cJh00BjzqWIEacLheSf6Fw,453,0,462,1,577,True,cJh00BjzqWIEacLheSf6Fw
530,2015,7,115,BuenosAires,-34.60921191107984,-58.36653514411783,aofXM8TX6zUPn2cLd3DjWA,459,0,468,2,590,True,aofXM8TX6zUPn2cLd3DjWA
772,2014,9,28,BuenosAires,-34.60017727423459,-58.37262387464185,rW4hIbE8i-moU816BK3tjA,461,0,470,4,592,True,rW4hIbE8i-moU816BK3tjA
873,2013,10,606,BuenosAires,-34.59566662805869,-58.40556326335343,mjiqrw1xGqFH2iRjYSfkfQ,466,0,475,3,601,True,mjiqrw1xGqFH2iRjYSfkfQ
131,2015,5,330,BuenosAires,-34.62287305897974,-58.41153081409471,Ow80BUrg47XCZhSGxwiXzQ,468,0,477,7,605,True,Ow80BUrg47XCZhSGxwiXzQ
321,2020,3,538,BuenosAires,-34.61716389028483,-58.37258775523797,8MOMRyXU7r8Cvj4o1NSNFw,440,0,448,10,612,True,8MOMRyXU7r8Cvj4o1NSNFw
977,2014,9,227,BuenosAires,-34.59248833311724,-58.37024594394236,4fFJ_-zXI_CFIXE8TfodJw,52,1,483,5,614,True,4fFJ_-zXI_CFIXE8TfodJw
37,2017,8,63,BuenosAires,-34.62722079879769,-58.36802726471584,nf5kpxXhTWVm86uPCzVK8Q,477,0,487,7,620,True,nf5kpxXhTWVm86uPCzVK8Q
935,2019,5,471,BuenosAires,-34.59410468858991,-58.37425006654081,AehjJsxpsXfFtd1J4upxfQ,483,0,493,4,628,True,AehjJsxpsXfFtd1J4upxfQ
1173,2014,7,353,BuenosAires,-34.58494899801095,-58.38565530564836,J8mTFtFIwbQn3aRlyC1Vyg,278,0,281,6,633,True,J8mTFtFIwbQn3aRlyC1Vyg
805,2017,6,209,BuenosAires,-34.59869240775473,-58.38407401122969,stlAlp2ha_J5B5zE4kKeOg,490,0,500,6,639,True,stlAlp2ha_J5B5zE4kKeOg
1279,2017,6,424,BuenosAires,-34.58051214568024,-58.41143538835379,WDkigHxfXsN9GntuNtx0Og,492,0,502,6,643,True,WDkigHxfXsN9GntuNtx0Og
287,2014,5,484,BuenosAires,-34.61686785303006,-58.42354440698507,DMogv3CjD7396ZLP55RniQ,13,0,13,8,644,True,DMogv3CjD7396ZLP55RniQ
317,2017,7,205,BuenosAires,-34.61675810235257,-58.37741456865172,4hhu9i4QyLHHVXxlqXHYxw,493,0,503,10,646,True,4hhu9i4QyLHHVXxlqXHYxw
1207,2013,10,491,BuenosAires,-34.58380259837506,-58.39651907490335,f3QVBjj-tiY0lxjR3TjCfA,496,0,506,5,649,True,f3QVBjj-tiY0lxjR3TjCfA
1003,2019,4,440,BuenosAires,-34.59109338695049,-58.39513468480713,4XBVqEElY5NgAyGvFy_Mmw,313,0,317,7,653,True,4XBVqEElY5NgAyGvFy_Mmw
795,2013,10,299,BuenosAires,-34.598738506099,-58.39900880220473,dV2JbEqIrbpCX8ISrJfOIg,7,1,510,4,654,True,dV2JbEqIrbpCX8ISrJfOIg
1187,2019,5,351,BuenosAires,-34.58534124660038,-58.36645479790246,ZEVinfkQvSNyY8b_NDyejA,500,0,511,1,655,True,ZEVinfkQvSNyY8b_NDyejA
299,2014,7,136,BuenosAires,-34.61671123280153,-58.40565499028678,4lP0TQRiAqjuhMximE_Ktg,505,0,516,1,662,True,4lP0TQRiAqjuhMximE_Ktg
631,2014,5,289,BuenosAires,-34.60471283003,-58.39950104266689,Ijd91GDw-rgqoqErNhxfZA,514,0,525,7,678,True,Ijd91GDw-rgqoqErNhxfZA
507,2019,4,223,BuenosAires,-34.60920449248675,-58.40051370981325,fQOJIn8anelKvOOXD2pDQQ,41,0,41,7,681,True,fQOJIn8anelKvOOXD2pDQQ
845,2019,4,443,BuenosAires,-34.59698480704833,-58.38601802662343,Zc6NA5JlnHEGcCxerQCXRg,520,0,531,8,688,True,Zc6NA5JlnHEGcCxerQCXRg
1032,2014,7,336,BuenosAires,-34.58965800834202,-58.41308129300214,7cz3LNJN8wufWL9aPCPKLg,465,1,535,1,696,True,7cz3LNJN8wufWL9aPCPKLg
886,2015,11,252,BuenosAires,-34.59569066909727,-58.38602844204008,b5FO2cVOPnDvBfOZxhzetw,292,1,345,6,701,True,b5FO2cVOPnDvBfOZxhzetw
989,2019,4,358,BuenosAires,-34.59120743736995,-58.41598022128462,OYvoQh1KU6QaYV4qPzZFSA,526,0,539,1,710,True,OYvoQh1KU6QaYV4qPzZFSA
899,2019,10,305,BuenosAires,-34.59594415870522,-58.36905928283462,JOFUZD9zOGgDZd1jgkWmWg,473,1,541,1,712,True,JOFUZD9zOGgDZd1jgkWmWg
801,2015,3,379,BuenosAires,-34.59851044948338,-58.3905550592076,ue2IDup_kFjsRA4RcU6RUg,323,0,327,10,714,True,ue2IDup_kFjsRA4RcU6RUg
1059,2016,11,173,BuenosAires,-34.58966310722959,-58.37250893632321,baxuSulQ89nOO5j39LtDoA,530,0,544,2,720,True,baxuSulQ89nOO5j39LtDoA
397,2015,9,335,BuenosAires,-34.61372446275399,-58.3812538397372,Ialkp--67Zu6V8bxmjGJuQ,542,0,556,8,740,True,Ialkp--67Zu6V8bxmjGJuQ
272,2014,3,543,BuenosAires,-34.61820600397753,-58.38428815967426,jDgig1Bsp_jD6OIKPkd3Tg,554,0,568,9,760,True,jDgig1Bsp_jD6OIKPkd3Tg
1006,2019,5,235,BuenosAires,-34.59119425572635,-58.39058642613827,7HayjUmQxsAxS86e-YeWmg,556,0,570,8,763,True,7HayjUmQxsAxS86e-YeWmg
292,2014,2,449,BuenosAires,-34.61662187745611,-58.41562848421147,DnLOvdNPMo2Hv-hXdw0uXg,557,0,571,12,766,True,DnLOvdNPMo2Hv-hXdw0uXg
454,2016,10,310,BuenosAires,-34.61103005138387,-58.41897523925959,WdTJj3-zQQGnGvY85C4iYg,436,0,444,9,768,True,WdTJj3-zQQGnGvY85C4iYg
45,2020,3,296,BuenosAires,-34.62563504867067,-58.41611934026915,2M0qGxRlheb5N-5gq51oRA,558,0,572,7,771,True,2M0qGxRlheb5N-5gq51oRA
1034,2019,4,247,BuenosAires,-34.58984981597354,-58.40975654284671,OJZqwA8ZZn2uy_IOU24tzw,559,0,573,8,772,True,OJZqwA8ZZn2uy_IOU24tzw
923,2013,10,92,BuenosAires,-34.59427239179922,-58.39212087921106,c3Egt-ZVu1HgMfvSWy9pfA,561,0,575,8,775,True,c3Egt-ZVu1HgMfvSWy9pfA
593,2017,9,336,BuenosAires,-34.60620038962288,-58.39513119542146,yvFSfS0Hx6CIRk9thOPp-A,562,0,576,9,776,True,yvFSfS0Hx6CIRk9thOPp-A
979,2019,10,344,BuenosAires,-34.59281906721043,-58.37012315079609,qEGXmozLau8YSG0Y5pZlEw,563,0,577,1,777,True,qEGXmozLau8YSG0Y5pZlEw
618,2013,10,199,BuenosAires,-34.60443894250991,-58.4189426897246,GNa9NIM70PiZNyH-FATltQ,141,0,142,7,779,True,GNa9NIM70PiZNyH-FATltQ
1372,2013,10,385,BuenosAires,-34.57764225943022,-58.39500992755939,1nohinJO9Mlhhf_88mgA7w,469,1,579,2,782,True,1nohinJO9Mlhhf_88mgA7w
1106,2014,8,271,BuenosAires,-34.58635771414377,-58.36708521181903,isgHdz0UcIhGiFVsbeDo6w,28,1,586,1,796,True,isgHdz0UcIhGiFVsbeDo6w
418,2016,10,397,BuenosAires,-34.61217096926203,-58.41163915739611,bzlLJuoMny5FcB-5aNeh0w,570,0,587,9,797,True,bzlLJuoMny5FcB-5aNeh0w
508,2014,7,265,BuenosAires,-34.60914776039787,-58.39918622284387,xvHGbi-44sQG37IzygHRbg,572,0,589,7,800,True,xvHGbi-44sQG37IzygHRbg
536,2014,6,719,BuenosAires,-34.60773677350038,-58.41872294353119,ZAvYZB1qe6QjgtWTNMGIpg,83,0,83,7,803,True,ZAvYZB1qe6QjgtWTNMGIpg
1104,2014,6,214,BuenosAires,-34.58746122815624,-58.36790135846336,Z0VHm5-5wOGNKnoa2M5ffQ,573,0,590,1,804,True,Z0VHm5-5wOGNKnoa2M5ffQ
1004,2013,10,393,BuenosAires,-34.59131229177145,-58.39336899693973,UoZ11TIl4wPc2ppTFhm1-Q,576,0,593,7,810,True,UoZ11TIl4wPc2ppTFhm1-Q
555,2019,5,95,BuenosAires,-34.60766497251591,-58.39066450286025,M78FJc508q69KWK5gMxGvg,33,0,33,6,812,True,M78FJc508q69KWK5gMxGvg
23,2015,5,421,BuenosAires,-34.6271853286099,-58.38899710124668,IDCH1Eldz49WrUuyiQ0zcQ,374,1,600,1,821,True,IDCH1Eldz49WrUuyiQ0zcQ
490,2017,10,27,BuenosAires,-34.61075658315334,-58.3657334052858,9anrEM7FqBEO_ktvmlG56A,583,0,601,2,822,True,9anrEM7FqBEO_ktvmlG56A
474,2015,6,76,BuenosAires,-34.61064723599299,-58.38899587332892,ByZF3ikams6e4ZkkllHSqA,308,0,312,8,823,True,ByZF3ikams6e4ZkkllHSqA
1089,2019,5,273,BuenosAires,-34.58791890672917,-58.38878776963372,_2Vi_ZfHezzcVlckft-uCA,587,0,605,5,829,True,_2Vi_ZfHezzcVlckft-uCA
442,2014,11,377,BuenosAires,-34.61268534114183,-58.37545542780032,D6zr2DsrUZn4MXujWmwCMw,588,0,606,8,830,True,D6zr2DsrUZn4MXujWmwCMw
844,2016,11,620,BuenosAires,-34.59707556998909,-58.38757569881379,jAKS71hF0mIHPOkHbTS9hA,597,0,615,8,844,True,jAKS71hF0mIHPOkHbTS9hA
798,2014,7,116,BuenosAires,-34.5986843410785,-58.39501265725062,8Ac2yFptsDazOLuywRlbXA,20,0,20,9,855,True,8Ac2yFptsDazOLuywRlbXA
32,2014,6,454,BuenosAires,-34.62718353024385,-58.37548694532322,TpwMudYbjDNzv5ofndW07g,513,0,524,6,857,True,TpwMudYbjDNzv5ofndW07g
639,2014,9,398,BuenosAires,-34.60465148094873,-58.38791977990787,mFlQbpfDX3s8J3EXHPgCbw,604,0,622,9,861,True,mFlQbpfDX3s8J3EXHPgCbw
879,2015,2,583,BuenosAires,-34.5956560179245,-58.39657129464546,Ucnga7ioz-11zdZL19ZWzg,606,0,624,1,863,True,Ucnga7ioz-11zdZL19ZWzg
656,2014,7,254,BuenosAires,-34.60293990994029,-58.42348428901517,MjnejXLOYOEm5xdJR7x9Hg,476,0,486,10,865,True,MjnejXLOYOEm5xdJR7x9Hg
472,2015,3,522,BuenosAires,-34.61056748243669,-58.39185940474825,tbLI_AI9pbx8KsCf9yzryg,612,0,630,4,873,True,tbLI_AI9pbx8KsCf9yzryg
649,2017,6,197,BuenosAires,-34.60466286949069,-58.3723652854291,dW-hVYYQQdMus9peHlQvuA,616,0,634,2,878,True,dW-hVYYQQdMus9peHlQvuA
668,2019,4,393,BuenosAires,-34.60327272984662,-58.40559182035133,phYLPCqPfLP9M_VRyjusdg,618,0,636,6,883,True,phYLPCqPfLP9M_VRyjusdg
377,2017,9,296,BuenosAires,-34.61363673737225,-58.4113646449074,nxxDYsHk3Bo2vhUxVmg2Bw,314,0,318,11,886,True,nxxDYsHk3Bo2vhUxVmg2Bw
359,2014,11,428,BuenosAires,-34.61504715456059,-58.37716238247044,Da_q5XmkGDMzcnMIi6c5fA,410,0,416,9,894,True,Da_q5XmkGDMzcnMIi6c5fA
518,2019,6,361,BuenosAires,-34.60927201052767,-58.38456979042579,iscGDFWiDN6BUnSpOd9dgA,623,0,642,7,901,True,iscGDFWiDN6BUnSpOd9dgA
1156,2019,5,203,BuenosAires,-34.58499036610101,-58.41125112809342,dx7WMNhyfzyY02zd9iau9g,626,0,645,4,911,True,dx7WMNhyfzyY02zd9iau9g
439,2019,5,445,BuenosAires,-34.61222487176451,-58.38055173604102,ZxTf5fejgOigT9nlI07GIA,124,0,125,11,915,True,ZxTf5fejgOigT9nlI07GIA
853,2019,2,193,BuenosAires,-34.59723221168789,-58.37425868803656,wdQHbPIMso3tWVd6vxR39A,233,1,646,1,916,True,wdQHbPIMso3tWVd6vxR39A
145,2020,3,290,BuenosAires,-34.62264912719582,-58.39052547137258,1QWxgG1b8Dx7-26p5tNHMg,627,0,647,11,918,True,1QWxgG1b8Dx7-26p5tNHMg
373,2014,5,377,BuenosAires,-34.61365365751324,-58.41730731731079,dZWhwL7mXw9xIOoqUSbh9A,630,0,650,10,923,True,dZWhwL7mXw9xIOoqUSbh9A
1071,2016,10,465,BuenosAires,-34.58776449069141,-58.41637910597262,SRUl8U8im0lViykrMOuCXw,113,0,114,7,939,True,SRUl8U8im0lViykrMOuCXw
872,2013,10,461,BuenosAires,-34.59570645131443,-58.4068616785875,0eU8e09AQyBGQ55aNZeHzw,641,0,662,7,945,True,0eU8e09AQyBGQ55aNZeHzw
188,2017,7,587,BuenosAires,-34.62127845741053,-58.38750141569594,C1sO32dlP_BiCnGu3PMVoQ,633,0,653,9,950,True,C1sO32dlP_BiCnGu3PMVoQ
571,2015,7,185,BuenosAires,-34.6077360279987,-58.36672807996387,PlLMiAlxFPxmAH3qOU7Yng,80,0,80,5,952,True,PlLMiAlxFPxmAH3qOU7Yng
56,2019,5,390,BuenosAires,-34.62562419195297,-58.39946964327636,446E4Kz4DZ_D9339IrIZ0w,566,0,581,7,954,True,446E4Kz4DZ_D9339IrIZ0w
353,2014,3,292,BuenosAires,-34.61521295803963,-58.38589301506387,R8Rj2XiwLIRvJYI3LGGOBA,599,0,617,8,955,True,R8Rj2XiwLIRvJYI3LGGOBA
370,2017,8,220,BuenosAires,-34.61368247563558,-58.42190481891268,7u8W4xE1jnTIUGYjsOLg4w,646,0,667,6,960,True,7u8W4xE1jnTIUGYjsOLg4w
636,2014,3,547,BuenosAires,-34.60467310150036,-58.39227988215889,Y0GUu3Jd14rTTD3ovMlsdQ,480,0,490,7,965,True,Y0GUu3Jd14rTTD3ovMlsdQ
1060,2014,3,217,BuenosAires,-34.58972067440737,-58.37116609410775,8jwOIkWJ_10-7NoUy88BUA,659,0,680,7,983,True,8jwOIkWJ_10-7NoUy88BUA
1357,2019,5,299,BuenosAires,-34.57770363376356,-58.41748499209409,BJMIl6XeB_GbcRv6fCQ2Sw,661,0,682,2,986,True,BJMIl6XeB_GbcRv6fCQ2Sw
885,2015,2,531,BuenosAires,-34.59570156799855,-58.38750836884027,6Gw6jJqzXKeRZ9WnrHUy8w,343,1,684,1,988,True,6Gw6jJqzXKeRZ9WnrHUy8w
422,2019,5,367,BuenosAires,-34.61216411144868,-58.40560331259963,lj7WNvKMPRjqWFg-Opvu2w,46,1,688,2,1003,True,lj7WNvKMPRjqWFg-Opvu2w
163,2016,8,110,BuenosAires,-34.62272603733911,-58.36437614806896,wYV96oLzIKcQFZBep6JUuw,668,0,691,4,1006,True,wYV96oLzIKcQFZBep6JUuw
702,2014,7,433,BuenosAires,-34.60153833518233,-58.41598205512458,rvmnGnR8niwlc3Mc7e5i8w,23,0,23,8,1019,True,rvmnGnR8niwlc3Mc7e5i8w
663,2015,6,373,BuenosAires,-34.60320267988521,-58.4129922506922,8i90TGjKTYcilEQ1bEq_pg,321,1,694,1,1021,True,8i90TGjKTYcilEQ1bEq_pg
192,2013,10,186,BuenosAires,-34.62121352983659,-58.38146496383865,cDdLOgvWp81FGfS9fL8oAg,294,0,298,6,1022,True,cDdLOgvWp81FGfS9fL8oAg
588,2017,7,623,BuenosAires,-34.60631183723046,-58.40249976571041,U7B9-UTePn2qcCaQCkxobQ,672,0,696,9,1026,True,U7B9-UTePn2qcCaQCkxobQ
747,2015,6,300,BuenosAires,-34.60063905872514,-58.41020777789026,SvGaQxuCfHeNCCQ2YJ6m1w,675,0,699,8,1030,True,SvGaQxuCfHeNCCQ2YJ6m1w
521,2019,6,489,BuenosAires,-34.60892254227473,-58.38003359968334,-sqrwwyProIfuC2APCKaJw,679,0,703,6,1040,True,-sqrwwyProIfuC2APCKaJw
866,2013,10,284,BuenosAires,-34.59556384333895,-58.41598761373132,QgyxGSd2Nowsr9RgBGYN2w,644,0,665,8,1043,True,QgyxGSd2Nowsr9RgBGYN2w
440,2014,7,89,BuenosAires,-34.61219311216816,-58.37902811186348,FwdVRpaKRj1YO_qMBsEBqg,684,0,708,1,1052,True,FwdVRpaKRj1YO_qMBsEBqg
144,2015,7,220,BuenosAires,-34.62274825587901,-58.39199316823516,E4Afo_XNnl7xSlrTf0JeCw,271,0,274,12,1053,True,E4Afo_XNnl7xSlrTf0JeCw
1300,2014,10,114,BuenosAires,-34.58015810065457,-58.37976403755503,t0RycJOBkn5_AhKXj3RJMg,10,0,10,8,1066,True,t0RycJOBkn5_AhKXj3RJMg
331,2013,10,202,BuenosAires,-34.61515376255753,-58.41855114425781,rB_uSKxNpP-kBUnKb9tnVA,671,0,695,8,1069,True,rB_uSKxNpP-kBUnKb9tnVA
260,2015,6,445,BuenosAires,-34.6181603427116,-58.40238802878791,Tg19qQAwlUniTMWh3KHpMA,692,0,717,7,1070,True,Tg19qQAwlUniTMWh3KHpMA
589,2019,4,605,BuenosAires,-34.60618975444564,-58.400982494685,wTFlfjEliPsn3ehdkLogeA,698,0,723,9,1078,True,wTFlfjEliPsn3ehdkLogeA
278,2019,5,480,BuenosAires,-34.61815954308089,-58.37587521382339,21TNrQNElJVcTSIURaddzg,101,0,102,10,1080,True,21TNrQNElJVcTSIURaddzg
761,2019,5,26,BuenosAires,-34.60020637444595,-58.38961626755266,pIbptBR3RXA5h8mMWOz8MA,703,0,728,7,1091,True,pIbptBR3RXA5h8mMWOz8MA
929,2013,10,347,BuenosAires,-34.59416311551235,-58.38275470270904,eJueUEAxAOz9AtBxIpOLig,705,0,730,7,1096,True,eJueUEAxAOz9AtBxIpOLig
1098,2014,9,228,BuenosAires,-34.58878288940833,-58.37596029583676,gscgjdwsDIdY5fbaIVWROg,711,0,736,3,1107,True,gscgjdwsDIdY5fbaIVWROg
782,2016,10,361,BuenosAires,-34.59872797208438,-58.41897717451217,_T5Mlo3h--QjmVQOE_uL6Q,211,1,740,4,1112,True,_T5Mlo3h--QjmVQOE_uL6Q
973,2014,7,204,BuenosAires,-34.5926551990795,-58.37858616388066,Ebb729xhbqcoZt6JzkEImA,580,1,744,1,1120,True,Ebb729xhbqcoZt6JzkEImA
161,2014,7,337,BuenosAires,-34.62269305893656,-58.36651814306129,akoDLApeBQuyipNylQYu6w,719,0,746,4,1122,True,akoDLApeBQuyipNylQYu6w
1381,2014,1,539,BuenosAires,-34.57871367652157,-58.38234835477634,VD3E1KX7d89wiLGcVHVCgw,721,0,748,5,1125,True,VD3E1KX7d89wiLGcVHVCgw
1015,2019,8,282,BuenosAires,-34.59140165683736,-58.37719482592731,75lSixYfff1GggbeEUp4rw,722,0,749,8,1126,True,75lSixYfff1GggbeEUp4rw
233,2016,11,423,BuenosAires,-34.61971928353405,-58.38147023343966,RZPdUA796sly-nVEIGKXaw,213,1,752,2,1131,True,RZPdUA796sly-nVEIGKXaw
585,2013,10,538,BuenosAires,-34.60615633625788,-58.40717831312516,FPFG3TSQHD9AZM0pgFWzuQ,210,0,211,3,1140,True,FPFG3TSQHD9AZM0pgFWzuQ
412,2015,6,328,BuenosAires,-34.61221616178303,-58.42085649669788,Cgd7U_cpxzyPzLW65ixuqw,731,0,759,7,1148,True,Cgd7U_cpxzyPzLW65ixuqw
1010,2017,7,368,BuenosAires,-34.59130658232216,-58.38430519295925,yF80YHpXu6ffMJ9YlItrgQ,250,0,252,7,1155,True,yF80YHpXu6ffMJ9YlItrgQ
284,2020,3,115,BuenosAires,-34.6182266189647,-58.36651288040368,U1q2b5td6zQTip7OpMhviQ,739,0,768,6,1164,True,U1q2b5td6zQTip7OpMhviQ
663,2019,4,390,BuenosAires,-34.60322930125203,-58.4130040997534,kBJfFw25YQZeEktf0ssrkQ,321,2,770,1,1169,True,kBJfFw25YQZeEktf0ssrkQ
62,2017,8,338,BuenosAires,-34.625692568221,-58.39243948081494,WKfM1-DpwsCLSVgxQ19_fw,742,0,772,8,1172,True,WKfM1-DpwsCLSVgxQ19_fw
962,2019,5,501,BuenosAires,-34.5926958792115,-58.39497417724187,PMZvMBUofdnpR2KsRKztOA,748,0,779,8,1182,True,PMZvMBUofdnpR2KsRKztOA
103,2015,1,115,BuenosAires,-34.62398340618653,-58.39204177677626,TvOozPD7jkq09t3HjO54Uw,750,0,781,7,1190,True,TvOozPD7jkq09t3HjO54Uw
53,2013,10,28,BuenosAires,-34.62577747027471,-58.4055980119566,geHb6_thQXiXmR1xZLRLWQ,752,0,783,3,1193,True,geHb6_thQXiXmR1xZLRLWQ
535,2014,7,474,BuenosAires,-34.60726932981603,-58.42058480891533,fR70UvXV8FzJzlhURaRGtw,758,0,789,6,1207,True,fR70UvXV8FzJzlhURaRGtw
885,2015,11,350,BuenosAires,-34.59573404760362,-58.38753733853449,KJFcaaow72LiAY0lFC0sSw,343,0,348,5,1208,True,KJFcaaow72LiAY0lFC0sSw
1029,2014,1,472,BuenosAires,-34.58962761199889,-58.41755045530115,S0ZvTGILkF2IhoM9-BEeqw,761,0,792,7,1221,True,S0ZvTGILkF2IhoM9-BEeqw
1086,2014,6,304,BuenosAires,-34.58869061039729,-58.39399726025018,-10-nyu_P0uwDowEWgVcUg,763,0,794,7,1225,True,-10-nyu_P0uwDowEWgVcUg
717,2015,6,512,BuenosAires,-34.60203030628641,-58.39347666517676,MYsRwGS2wh7I9r_u5kqsXQ,494,0,504,9,1226,True,MYsRwGS2wh7I9r_u5kqsXQ
909,2019,5,447,BuenosAires,-34.59423431257462,-58.41448822167815,rVOMDhGTOjzHRPsPBVVnJQ,479,0,489,7,1235,True,rVOMDhGTOjzHRPsPBVVnJQ
644,2017,8,380,BuenosAires,-34.60465189604805,-58.37996080153096,kBdQ_4EWlbQzDF7vMZQ45w,611,0,629,6,1243,True,kBdQ_4EWlbQzDF7vMZQ45w
517,2017,8,213,BuenosAires,-34.60911626091814,-58.38625648675121,62muRESyTxmtPEMXh1J1RQ,639,0,660,7,1246,True,62muRESyTxmtPEMXh1J1RQ
36,2013,10,347,BuenosAires,-34.62768534473778,-58.3688258855323,-XeaYRL0FBZLv2lNI-9x5Q,732,0,760,4,1248,True,-XeaYRL0FBZLv2lNI-9x5Q
958,2019,5,577,BuenosAires,-34.59271230967256,-58.40100733414678,DyZVxO3TTtpxflzgCDCmIQ,774,0,805,8,1249,True,DyZVxO3TTtpxflzgCDCmIQ
1319,2017,6,420,BuenosAires,-34.57898231765122,-58.41291130228709,IE_tMx7P_h62rqlZVrg7PQ,335,0,339,7,1264,True,IE_tMx7P_h62rqlZVrg7PQ
315,2017,8,66,BuenosAires,-34.61672665323442,-58.3815502446294,0V5w1tPDkkGeQxYxjM3d_w,741,0,771,8,1272,True,0V5w1tPDkkGeQxYxjM3d_w
437,2019,4,477,BuenosAires,-34.61201166326758,-58.38302679906676,t9W6XaWcoVEhXOyTS0MKnw,140,0,141,10,1275,True,t9W6XaWcoVEhXOyTS0MKnw
937,2014,7,530,BuenosAires,-34.59423165724237,-58.37115415625073,aRRICVYfuYacD_UM5ZK7nQ,789,0,820,2,1286,True,aRRICVYfuYacD_UM5ZK7nQ
365,2020,3,508,BuenosAires,-34.61517637930957,-58.36764823720312,_8gXv3A-m4dWXr8OhR5kzA,678,0,702,11,1293,True,_8gXv3A-m4dWXr8OhR5kzA
743,2016,12,293,BuenosAires,-34.60015579981472,-58.41613839650889,z1DhvsIgU1CIYbPjRPCvFw,121,0,122,7,1294,True,z1DhvsIgU1CIYbPjRPCvFw
813,2019,5,288,BuenosAires,-34.59851767293389,-58.37256347910106,o6DtUsf5vyYOqm2OhEmKAw,791,0,822,8,1295,True,o6DtUsf5vyYOqm2OhEmKAw
737,2019,4,333,BuenosAires,-34.60167583403472,-58.36371008772704,2ckHU7qxpEEn5Y8oqAsCzA,795,0,826,3,1305,True,2ckHU7qxpEEn5Y8oqAsCzA
850,2019,5,512,BuenosAires,-34.59720219860622,-58.37838984682309,0NAMQXllo9z1_BiypWSWEw,281,0,284,6,1308,True,0NAMQXllo9z1_BiypWSWEw
837,2014,6,383,BuenosAires,-34.59716840366244,-58.39796937293681,F74vqOXzfOVgRvPXIf928w,247,0,249,7,1310,True,F74vqOXzfOVgRvPXIf928w
1124,2019,4,565,BuenosAires,-34.58663826258179,-58.39809679101653,VH1UDh05Swi7pPj5q5fvSQ,195,0,196,5,1315,True,VH1UDh05Swi7pPj5q5fvSQ
506,2016,10,373,BuenosAires,-34.6086329413072,-58.40253691075078,tLO44PEINw6TXRQu2pAJ6g,298,0,302,9,1318,True,tLO44PEINw6TXRQu2pAJ6g
126,2014,3,210,BuenosAires,-34.62267193900923,-58.41905344660999,4ZNe0x-O5s92EsNCkw_59A,803,0,835,7,1332,True,4ZNe0x-O5s92EsNCkw_59A
1196,2016,10,62,BuenosAires,-34.58374030203998,-58.41306728697617,xRLhA1ZOVuBfAwfAhds8aA,804,0,836,6,1333,True,xRLhA1ZOVuBfAwfAhds8aA
218,2014,6,423,BuenosAires,-34.61997369570894,-58.40384158782459,2Q0y81pcP_5R8Lo3s3a49g,745,0,776,8,1343,True,2Q0y81pcP_5R8Lo3s3a49g
479,2019,6,195,BuenosAires,-34.61066463116952,-58.38140553578928,pRcqBjsRAlPaJQrdQSBIOQ,638,0,659,8,1346,True,pRcqBjsRAlPaJQrdQSBIOQ
744,2014,6,444,BuenosAires,-34.60015703497864,-58.41504911217486,JnfMm2_EZsLpY8oDq9ui_g,647,0,668,7,1352,True,JnfMm2_EZsLpY8oDq9ui_g
166,2014,10,305,BuenosAires,-34.62122926720972,-58.42049995752958,7LjUnHO9p2_OwdH0tLaLmg,60,1,101,6,1355,True,7LjUnHO9p2_OwdH0tLaLmg
1287,2015,9,589,BuenosAires,-34.58022117281363,-58.39922210446731,HfowQGw47wJgZBTpvu_enA,341,1,843,2,1361,True,HfowQGw47wJgZBTpvu_enA
13,2016,10,285,BuenosAires,-34.62717637968796,-58.40386981976626,_wHojcZC-ZO7WAovVGR0pA,812,0,845,6,1364,True,_wHojcZC-ZO7WAovVGR0pA
335,2014,10,279,BuenosAires,-34.61519588592925,-58.41283325352151,3kZd-JOlO5UVjxqH5si-eA,815,0,848,6,1371,True,3kZd-JOlO5UVjxqH5si-eA
571,2019,10,363,BuenosAires,-34.60774374778297,-58.36672139634412,LcCptsN1s4n3r0eZpL8DIQ,80,1,849,2,1372,True,LcCptsN1s4n3r0eZpL8DIQ
692,2019,5,183,BuenosAires,-34.60318126166512,-58.36808361698691,zQImwUpDTu2B1SuC1LlyTg,825,0,860,2,1401,True,zQImwUpDTu2B1SuC1LlyTg
959,2015,9,288,BuenosAires,-34.59232726912547,-58.39917594656087,vsikUwWZK6cQDcxx5IV0aQ,826,0,861,2,1404,True,vsikUwWZK6cQDcxx5IV0aQ
127,2014,3,340,BuenosAires,-34.62255018076961,-58.41754460465201,x0WQ05hz9B64x-nZT1ybPA,138,0,139,9,1413,True,x0WQ05hz9B64x-nZT1ybPA
623,2014,7,368,BuenosAires,-34.6047106719847,-58.41191333339656,FhwMV5PIPHeYNansyZYdng,831,0,866,7,1415,True,FhwMV5PIPHeYNansyZYdng
1340,2013,12,182,BuenosAires,-34.57925228551281,-58.38156158984201,r8vW4ZIb2b2SxQWUFxTFSg,163,1,867,4,1420,True,r8vW4ZIb2b2SxQWUFxTFSg
121,2019,6,488,BuenosAires,-34.62406592155199,-58.36496787638003,pnbBeCpw_F-yKAeXVvWhTg,629,0,649,6,1427,True,pnbBeCpw_F-yKAeXVvWhTg
1079,2015,6,209,BuenosAires,-34.58809672507488,-58.40416724003152,lM3xxy9eS19_zBOVFw5s3A,58,0,58,7,1432,True,lM3xxy9eS19_zBOVFw5s3A
542,2017,6,578,BuenosAires,-34.60791410956672,-58.41006477714753,8mQgg0O1ZMGRWCNexwkQSQ,835,0,871,9,1433,True,8mQgg0O1ZMGRWCNexwkQSQ
659,2020,3,95,BuenosAires,-34.60336703548148,-58.4190520877976,NQyxU0Y4A1Zdg5fmyRRGXA,839,0,875,10,1439,True,NQyxU0Y4A1Zdg5fmyRRGXA
817,2018,5,315,BuenosAires,-34.59862238777681,-58.36650258012143,pIkCdid4xiMBjrqrdxJg3A,841,0,878,3,1446,True,pIkCdid4xiMBjrqrdxJg3A
615,2019,5,478,BuenosAires,-34.60461884365848,-58.42342216812515,6lShY_LSkOI_5siJkR4mZw,567,0,582,10,1451,True,6lShY_LSkOI_5siJkR4mZw
1067,2013,10,475,BuenosAires,-34.58817096840819,-58.42210454349654,8zFV9hm_m2SmkqNCObC_jA,718,0,745,6,1461,True,8zFV9hm_m2SmkqNCObC_jA
63,2020,3,557,BuenosAires,-34.62515699416855,-58.39058169262576,n0sYMVuudxKqQgt87YG0ng,844,0,881,11,1465,True,n0sYMVuudxKqQgt87YG0ng
860,2019,5,405,BuenosAires,-34.59807122269239,-58.36376182079512,OpNFD9uVLUjcH0ydDQkfww,729,0,757,3,1467,True,OpNFD9uVLUjcH0ydDQkfww
641,2017,6,200,BuenosAires,-34.60471295118003,-58.38506614852034,NvQkdWisGa-xbZY_US0kdA,546,1,883,2,1469,True,NvQkdWisGa-xbZY_US0kdA
605,2014,6,570,BuenosAires,-34.60610341404687,-58.37696325115433,ERulgMI5RtX1txUp5kVN4g,846,0,884,4,1475,True,ERulgMI5RtX1txUp5kVN4g
756,2015,3,457,BuenosAires,-34.59973015531737,-58.39660471512038,Hm_aPToZuhHXnEFt0lneLw,178,0,179,9,1477,True,Hm_aPToZuhHXnEFt0lneLw
1374,2015,10,162,BuenosAires,-34.57759045439781,-58.39048231491572,HWBaZdFswOnmL5dL0xKemg,287,0,290,5,1481,True,HWBaZdFswOnmL5dL0xKemg
268,2014,1,357,BuenosAires,-34.6180929564477,-58.39050515234918,KCMbrZcFdkwoFsGQ5oMyFQ,851,0,889,11,1489,True,KCMbrZcFdkwoFsGQ5oMyFQ
1136,2017,9,326,BuenosAires,-34.5867999768689,-58.38013216020836,x1R-0OEcmYzXT-Cpbb65qQ,87,1,890,1,1491,True,x1R-0OEcmYzXT-Cpbb65qQ
134,2016,10,248,BuenosAires,-34.62272008890411,-58.4072736197129,scj_vSNDgP9jUNwA7UdITA,619,0,637,7,1492,True,scj_vSNDgP9jUNwA7UdITA
60,2017,9,504,BuenosAires,-34.62553831855288,-58.39509296452894,bAUbb_u-Kd7uGYCNQEqNeA,658,0,679,8,1495,True,bAUbb_u-Kd7uGYCNQEqNeA
1205,2019,5,396,BuenosAires,-34.58385242455253,-58.39971627182972,mnzyfKe1Y44IXRCbdvkf_Q,72,1,891,1,1497,True,mnzyfKe1Y44IXRCbdvkf_Q
68,2019,5,333,BuenosAires,-34.62569627593991,-58.38289572969789,aGBkAYfh9_yH658jBAfDng,794,1,893,3,1499,True,aGBkAYfh9_yH658jBAfDng
1150,2017,6,197,BuenosAires,-34.58511491303101,-58.42065660162844,jgBoZ2CpgAUNRDrsuRxDSw,797,0,829,6,1505,True,jgBoZ2CpgAUNRDrsuRxDSw
312,2013,10,248,BuenosAires,-34.61667879650442,-58.38602684940975,XUuQd41fgM4R0sElG3oGiQ,21,0,21,7,1506,True,XUuQd41fgM4R0sElG3oGiQ
48,2014,5,407,BuenosAires,-34.62568517974707,-58.41350930081926,-jq76G267G9WxZQ3GqMcww,126,0,127,9,1517,True,-jq76G267G9WxZQ3GqMcww
1365,2019,5,180,BuenosAires,-34.5775672875088,-58.40581016440996,Y9fH-yJXQScLuhhrjBd11w,859,0,902,4,1523,True,Y9fH-yJXQScLuhhrjBd11w
213,2014,5,178,BuenosAires,-34.61919081520932,-58.411621332792,xnoMGMnYeLkyar9CIPToZw,193,0,194,9,1545,True,xnoMGMnYeLkyar9CIPToZw
808,2018,5,364,BuenosAires,-34.59870445982288,-58.37976662084647,AMZH88hnnjoDwqdDHaA4lA,405,1,917,2,1558,True,AMZH88hnnjoDwqdDHaA4lA
1008,2016,10,401,BuenosAires,-34.59120590433163,-58.38742014989293,dT4QJZ0ywCal7U8YiyGwQQ,874,0,918,7,1559,True,dT4QJZ0ywCal7U8YiyGwQQ
1246,2019,5,462,BuenosAires,-34.58228924612869,-58.39911743112554,DzSoALPakJ8xxRhi98WOtw,875,0,919,6,1565,True,DzSoALPakJ8xxRhi98WOtw
499,2014,8,257,BuenosAires,-34.60927621983797,-58.41298747283959,8Kj1eFq9kN1h5jXKJrUUJQ,876,0,920,9,1571,True,8Kj1eFq9kN1h5jXKJrUUJQ
233,2020,3,383,BuenosAires,-34.61968899750619,-58.38149421715612,FvVQStll61yQMQZFIALR8Q,213,0,214,4,1572,True,FvVQStll61yQMQZFIALR8Q
748,2015,6,390,BuenosAires,-34.60007557441337,-58.40893992759894,ekRKe9hp20tTbV8H1_skCg,877,0,921,8,1574,True,ekRKe9hp20tTbV8H1_skCg
1044,2014,6,256,BuenosAires,-34.58954937248419,-58.39515839119929,PA15i6HbN7Iprd0yMZUW_A,174,0,175,6,1589,True,PA15i6HbN7Iprd0yMZUW_A
484,2015,6,465,BuenosAires,-34.61029100112245,-58.37413386546772,r3DuP_sGxAXOzPeCLxFEHw,652,1,931,2,1608,True,r3DuP_sGxAXOzPeCLxFEHw
8,2013,10,151,BuenosAires,-34.62701667282651,-58.41153865278067,ScMOQnjfPv0m0g0nM80vMw,886,0,932,4,1611,True,ScMOQnjfPv0m0g0nM80vMw
839,2016,11,351,BuenosAires,-34.59727357128609,-58.39498854920506,BRAg4SINBYKn3yt89P_orw,484,0,494,8,1615,True,BRAg4SINBYKn3yt89P_orw
236,2014,6,457,BuenosAires,-34.619725326425,-58.37709222259149,tOTpVJrqDFGmNv3IgYzCvw,760,0,791,10,1618,True,tOTpVJrqDFGmNv3IgYzCvw
1332,2013,10,306,BuenosAires,-34.5790270806201,-58.39350111653869,PwbYpXfk-MAYU0CEj-_MPA,890,0,936,5,1630,True,PwbYpXfk-MAYU0CEj-_MPA
369,2016,10,179,BuenosAires,-34.61364273151577,-58.42355524275585,_wzjy2qQmJbF8Yn5CcqW3w,892,0,938,8,1637,True,_wzjy2qQmJbF8Yn5CcqW3w
1373,2017,9,512,BuenosAires,-34.57804964963409,-58.39426554810332,3OIL_leDOuxpsbClPQUZ7Q,894,0,940,1,1646,True,3OIL_leDOuxpsbClPQUZ7Q
1189,2015,6,378,BuenosAires,-34.58350446776141,-58.42335010588571,oOkS135spgVtykKq0Pbi2w,249,1,942,3,1650,True,oOkS135spgVtykKq0Pbi2w
214,2019,3,334,BuenosAires,-34.62018408886519,-58.40995794014395,YP51YLpEroP51CST0Gya7w,897,0,944,9,1658,True,YP51YLpEroP51CST0Gya7w
559,2019,5,200,BuenosAires,-34.6074981890599,-58.38460608695408,SFFj0yf3aV1OKaFynMNC2Q,749,0,780,10,1666,True,SFFj0yf3aV1OKaFynMNC2Q
720,2015,11,537,BuenosAires,-34.60177417450102,-58.38898933261286,mFh3IxbT-CHpZbZrwgxMYw,902,0,949,8,1672,True,mFh3IxbT-CHpZbZrwgxMYw
825,2016,12,342,BuenosAires,-34.59724469626191,-58.41575322245109,wxSsB2053USrBV2M0XOSfw,428,0,435,6,1680,True,wxSsB2053USrBV2M0XOSfw
546,2014,7,276,BuenosAires,-34.60757644187309,-58.40402831464009,DdF81RcsF0pKsaB84INQPA,682,0,706,5,1688,True,DdF81RcsF0pKsaB84INQPA
382,2020,3,221,BuenosAires,-34.61367201994113,-58.40416858029852,Lwu_DBO9ai9XuO1tSAf3Qw,613,0,631,7,1690,True,Lwu_DBO9ai9XuO1tSAf3Qw
1175,2019,5,115,BuenosAires,-34.58533811462738,-58.38316319354329,nRhpKGoN9_n5UW9mHjuycw,907,0,955,5,1695,True,nRhpKGoN9_n5UW9mHjuycw
93,2015,6,394,BuenosAires,-34.62418683158883,-58.41042070058126,_SIA5QUxNgJLUuVa9dtrVA,238,0,239,6,1697,True,_SIA5QUxNgJLUuVa9dtrVA
44,2019,4,169,BuenosAires,-34.62568076620459,-58.41886840390414,xMbkpqgpqxTjRbOM_sfTtg,738,0,767,7,1707,True,xMbkpqgpqxTjRbOM_sfTtg
1177,2015,10,490,BuenosAires,-34.5852482321775,-58.37999619276675,QS2_3YqZkVX0SPArhdr7RA,910,0,958,2,1710,True,QS2_3YqZkVX0SPArhdr7RA
484,2014,6,646,BuenosAires,-34.61029466704062,-58.37412576194075,Rm7_-O4Q60TpcxoZdII1pQ,652,2,962,1,1717,True,Rm7_-O4Q60TpcxoZdII1pQ
808,2013,10,184,BuenosAires,-34.59869878075874,-58.37976832628871,RoG2DDQwWu1HVBDP3Q-32g,405,0,411,4,1719,True,RoG2DDQwWu1HVBDP3Q-32g
132,2015,5,463,BuenosAires,-34.62257878123572,-58.41002243938646,X33Ts0d5fSFIOUBq9sqytw,916,0,965,7,1723,True,X33Ts0d5fSFIOUBq9sqytw
890,2018,5,500,BuenosAires,-34.59570482015206,-58.37994462646264,WramdBvzzOElwcrPNOCTtA,918,0,967,1,1728,True,WramdBvzzOElwcrPNOCTtA
1214,2017,9,328,BuenosAires,-34.58340465083872,-58.38574134224309,h5e9WKNgmyLXtPnLR6Puhw,372,1,969,1,1730,True,h5e9WKNgmyLXtPnLR6Puhw
965,2013,10,46,BuenosAires,-34.5927689447434,-58.39059908403332,HBca0O6cq_4uFJhIAh8xfw,924,0,974,6,1740,True,HBca0O6cq_4uFJhIAh8xfw
1084,2017,6,300,BuenosAires,-34.58805035756796,-58.39644296954952,-yAM8HeVJRoD6LZmzC6Tcw,840,0,876,8,1742,True,-yAM8HeVJRoD6LZmzC6Tcw
956,2019,4,686,BuenosAires,-34.5925802780237,-58.40293388392556,7Dy2fKb-EQrMV9jrSCpgrA,401,0,407,6,1749,True,7Dy2fKb-EQrMV9jrSCpgrA
459,2019,4,411,BuenosAires,-34.61071344579923,-58.41174888321297,Kqli56Q2yt3rStXHp23uxQ,670,0,693,9,1750,True,Kqli56Q2yt3rStXHp23uxQ
341,2020,3,570,BuenosAires,-34.61567586740949,-58.40389288234586,2B1F7iAa7C0PPKiY7IsfsA,160,0,161,8,1754,True,2B1F7iAa7C0PPKiY7IsfsA
1215,2014,7,202,BuenosAires,-34.58403120725896,-58.38505282066052,Ryzz10VvaoXh2vJWWzwC-g,929,0,979,4,1756,True,Ryzz10VvaoXh2vJWWzwC-g
38,2013,11,570,BuenosAires,-34.62700533300627,-58.36675476861343,tMJ0I3MwU749Aulu1xVrKw,930,0,980,2,1762,True,tMJ0I3MwU749Aulu1xVrKw
165,2014,11,240,BuenosAires,-34.62122292467285,-58.42224051669196,wWbo0wkHAjYt1pKGCBBVXA,311,0,315,8,1776,True,wWbo0wkHAjYt1pKGCBBVXA
752,2014,7,323,BuenosAires,-34.60022520764495,-58.40245035431706,biQdfopxDV-QlwtTeLD6kQ,445,0,453,10,1788,True,biQdfopxDV-QlwtTeLD6kQ
77,2014,5,334,BuenosAires,-34.62526304062172,-58.36953935246168,10u-1ONF_MaZdL87NzDNnQ,143,0,144,9,1805,True,10u-1ONF_MaZdL87NzDNnQ
974,2014,7,443,BuenosAires,-34.59275987342781,-58.37704662790863,A4LflpkYnVU1OyyKNmRfVA,941,0,992,4,1811,True,A4LflpkYnVU1OyyKNmRfVA
1097,2013,10,232,BuenosAires,-34.58820886817963,-58.37712383966353,U1wTzfnR2wLrX5OeUTzhvQ,90,0,90,5,1812,True,U1wTzfnR2wLrX5OeUTzhvQ
15,2016,11,203,BuenosAires,-34.62742172677085,-58.40103970092878,QrWavj3HCuwHzACInGQfLw,735,0,764,9,1820,True,QrWavj3HCuwHzACInGQfLw
478,2017,6,459,BuenosAires,-34.61087048139596,-58.38293526828958,lbq6N1qUOWA72hMQ1n3EUQ,920,0,970,8,1821,True,lbq6N1qUOWA72hMQ1n3EUQ
224,2019,4,124,BuenosAires,-34.61952132319025,-58.3951024379588,kJV_P_YHiPnvfJmb0619PA,135,0,136,7,1837,True,kJV_P_YHiPnvfJmb0619PA
229,2013,10,494,BuenosAires,-34.61969941841571,-58.38734818517299,ks7FkBiWhjp80Sy_UK8AqA,9,0,9,9,1840,True,ks7FkBiWhjp80Sy_UK8AqA
510,2014,6,244,BuenosAires,-34.60915819122331,-58.39628611451087,v7lkAU0jfua15WEMchOAWA,322,0,326,8,1842,True,v7lkAU0jfua15WEMchOAWA
480,2015,6,278,BuenosAires,-34.61057733665277,-58.37848747155183,zrarXOgbRpveYREWVadmZA,686,0,710,8,1845,True,zrarXOgbRpveYREWVadmZA
808,2014,8,160,BuenosAires,-34.59871191861541,-58.37976628623413,MF7jmPLx9AasREo7qfXG7w,405,2,1001,2,1848,True,MF7jmPLx9AasREo7qfXG7w
649,2018,5,173,BuenosAires,-34.60466837342405,-58.37235926150755,Qn-njYJKnLzu2AodVklV1g,616,1,1002,1,1850,True,Qn-njYJKnLzu2AodVklV1g
336,2015,6,120,BuenosAires,-34.61538878938443,-58.41146986927348,nIEfpMTdOmXaPFuMlmuANA,168,0,169,7,1851,True,nIEfpMTdOmXaPFuMlmuANA
875,2014,7,523,BuenosAires,-34.59589194072893,-58.40271566706996,ZrqNWHjK0zo-npuduzu76g,880,0,924,7,1857,True,ZrqNWHjK0zo-npuduzu76g
310,2017,6,428,BuenosAires,-34.6167239625504,-58.38899429276947,UgTDAIQC1joE57DxgAxIMg,622,0,641,8,1860,True,UgTDAIQC1joE57DxgAxIMg
5,2016,12,45,BuenosAires,-34.62717997779715,-58.41600967503739,ys0PBJvuzzVtCQE-6yO46g,951,0,1004,6,1862,True,ys0PBJvuzzVtCQE-6yO46g
349,2017,1,295,BuenosAires,-34.61493429406956,-58.39211813722242,dLIZ2sdrQRZcVaRO9GzSWw,898,0,945,8,1864,True,dLIZ2sdrQRZcVaRO9GzSWw
1357,2014,10,323,BuenosAires,-34.57766393968583,-58.41750298245769,1uJ4nxvKeIZ6yHslhJ1tbg,661,1,1008,2,1876,True,1uJ4nxvKeIZ6yHslhJ1tbg
151,2019,7,296,BuenosAires,-34.62266773814975,-58.38157739521184,D3z40CG5xFyckXZ7eNPcJA,299,0,303,11,1890,True,D3z40CG5xFyckXZ7eNPcJA
318,2017,8,200,BuenosAires,-34.61666807861463,-58.37882389090185,MRPgLUhRwD36r38BnczP7A,829,0,864,8,1891,True,MRPgLUhRwD36r38BnczP7A
423,2016,10,209,BuenosAires,-34.61232908839131,-58.40413839734576,m3X5bCvWZTpI1-wBIzZmDg,786,0,817,9,1903,True,m3X5bCvWZTpI1-wBIzZmDg
1119,2016,12,246,BuenosAires,-34.58697675391426,-58.40576666754069,yDgaGLo3O8sYTh4rJ_1Jcw,303,0,307,6,1910,True,yDgaGLo3O8sYTh4rJ_1Jcw
576,2019,6,536,BuenosAires,-34.60638252653587,-58.41923780178588,slT2Do1_DNVImX05eV_h_Q,70,0,70,10,1919,True,slT2Do1_DNVImX05eV_h_Q
750,2014,7,639,BuenosAires,-34.60014079489431,-58.40542840758751,gMM7h7LahIjTqXARsBglvQ,447,1,855,4,1927,True,gMM7h7LahIjTqXARsBglvQ
464,2017,9,46,BuenosAires,-34.61067485839817,-58.40453526958112,UqYFRKrvSXS-Hi58b59w_A,232,0,233,9,1929,True,UqYFRKrvSXS-Hi58b59w_A
1074,2017,6,609,BuenosAires,-34.58814968568304,-58.41163375903894,rQidEnQjeIWnhxZ1fkhwcg,964,0,1018,5,1939,True,rQidEnQjeIWnhxZ1fkhwcg
232,2014,3,541,BuenosAires,-34.61972637583523,-58.38300251877146,U1UvC4bqXPlbQdE1wQIDRg,319,0,323,10,1940,True,U1UvC4bqXPlbQdE1wQIDRg
1112,2013,10,396,BuenosAires,-34.58654582744069,-58.41627226420287,QEJ3OhJ74S149IGIfp3cfA,201,0,202,8,1945,True,QEJ3OhJ74S149IGIfp3cfA
860,2014,7,384,BuenosAires,-34.5980623255432,-58.36373556958429,ySGG3M2CayZ1DQru_fUXVw,729,1,1020,2,1948,True,ySGG3M2CayZ1DQru_fUXVw
1149,2016,10,647,BuenosAires,-34.58488557562389,-58.42251536564256,7HIiEKjCyjzR6oOEm4dQHg,342,0,347,4,1949,True,7HIiEKjCyjzR6oOEm4dQHg
383,2014,6,372,BuenosAires,-34.61332137908821,-58.40261422963831,k7prLDraVORwbVgypZCGnw,44,0,44,6,1964,True,k7prLDraVORwbVgypZCGnw
863,2016,11,93,BuenosAires,-34.59537652098606,-58.4205653953819,Y9KzTlrWXYUdbCQ3JjLkQw,301,0,305,8,1966,True,Y9KzTlrWXYUdbCQ3JjLkQw
741,2014,6,225,BuenosAires,-34.6000967046477,-58.41915459877573,WFP0AubRjY3AOK1j7Nbu2A,970,0,1026,2,1975,True,WFP0AubRjY3AOK1j7Nbu2A
522,2014,7,348,BuenosAires,-34.60943351440454,-58.37855643965647,YFiyVHmBvRUg_BTJGRDU0Q,743,0,773,7,1994,True,YFiyVHmBvRUg_BTJGRDU0Q
1069,2013,10,177,BuenosAires,-34.58819326316814,-58.41900125078451,P20vnAmS6oRUpCKXR3JUAg,512,0,523,8,1999,True,P20vnAmS6oRUpCKXR3JUAg
918,2016,10,244,BuenosAires,-34.59419639278569,-58.39803501909888,vHSifxEmXxjzbnhasVlKBw,975,0,1031,3,2001,True,vHSifxEmXxjzbnhasVlKBw
1031,2019,4,139,BuenosAires,-34.58969093865387,-58.4145349940115,fbpRrAOt_4bqCY1BPDwh5w,544,1,1032,3,2002,True,fbpRrAOt_4bqCY1BPDwh5w
575,2014,7,618,BuenosAires,-34.60600941138539,-58.42058389386495,Y5sCTcDYPC4h75sn6LYKwA,540,0,554,10,2014,True,Y5sCTcDYPC4h75sn6LYKwA
678,2014,6,543,BuenosAires,-34.60305981268257,-58.39050649589641,XMhP6hKQ5jF-dnQElQMbaQ,180,0,181,10,2017,True,XMhP6hKQ5jF-dnQElQMbaQ
545,2013,10,398,BuenosAires,-34.60769973409406,-58.40561935130287,wz9HkUyhfCXhBnW648WJEw,980,0,1037,7,2035,True,wz9HkUyhfCXhBnW648WJEw
86,2015,6,542,BuenosAires,-34.62419193113234,-58.41782695400247,bBdxPWcGbeX_D_EXW9zN6w,509,0,520,9,2047,True,bBdxPWcGbeX_D_EXW9zN6w
1208,2019,5,271,BuenosAires,-34.58373237697502,-58.39507076369239,RghdZ_whvO-WWaGj_c7OSw,187,0,188,7,2049,True,RghdZ_whvO-WWaGj_c7OSw
526,2019,5,279,BuenosAires,-34.60896826920082,-58.37254497667246,u9-EeMnTZe_EwokBFmuwQA,984,0,1041,5,2050,True,u9-EeMnTZe_EwokBFmuwQA
1059,2014,6,195,BuenosAires,-34.58969676260679,-58.37253393140401,B0J1EbYqCYlwK0pjkXeKLw,530,1,1042,2,2052,True,B0J1EbYqCYlwK0pjkXeKLw
257,2014,10,249,BuenosAires,-34.61798345610092,-58.40713083424015,d8JqWSOmpmjBfFVjTPppJw,396,0,402,8,2056,True,d8JqWSOmpmjBfFVjTPppJw
1130,2017,6,312,BuenosAires,-34.58668947784128,-58.3905440302687,uqJJfntJ9r6HevDqK81NEQ,853,1,1046,2,2072,True,uqJJfntJ9r6HevDqK81NEQ
27,2020,3,372,BuenosAires,-34.62718640806478,-58.38285478087991,PBHpe7vt4xgFnp5Gtk4C5g,159,0,160,9,2078,True,PBHpe7vt4xgFnp5Gtk4C5g
421,2019,5,432,BuenosAires,-34.61219245982306,-58.40706707548878,vczw7YSSfaNDENtZ-eYfkw,706,0,731,5,2080,True,vczw7YSSfaNDENtZ-eYfkw
514,2016,12,598,BuenosAires,-34.60915387991766,-58.39061354105691,aWnfDkLVDps6o2hnUjIzxg,660,1,1048,1,2086,True,aWnfDkLVDps6o2hnUjIzxg
12,2014,7,233,BuenosAires,-34.62721141996917,-58.40541172979161,gnGTkoydEGXODGJYoV3KeA,714,0,739,6,2095,True,gnGTkoydEGXODGJYoV3KeA
997,2014,5,448,BuenosAires,-34.59121972776441,-58.40407936356783,akDmreu51gsuP1kCnwyrbQ,991,0,1051,9,2099,True,akDmreu51gsuP1kCnwyrbQ
115,2019,4,336,BuenosAires,-34.62422183541108,-58.37405815582028,rv4UtbIyReFwTZULJOrwBg,510,0,521,7,2101,True,rv4UtbIyReFwTZULJOrwBg
1025,2019,4,236,BuenosAires,-34.58961231335157,-58.42336722380072,qm4do7xZpUi8HhOM69-Opg,992,0,1052,7,2102,True,qm4do7xZpUi8HhOM69-Opg
855,2019,4,418,BuenosAires,-34.59738252323793,-58.37147444813942,5JvttLuG-5K99EXrmZU4TA,993,0,1053,7,2104,True,5JvttLuG-5K99EXrmZU4TA
1230,2015,6,583,BuenosAires,-34.58241799270247,-58.42328595245405,A7UMVq9mBfyBPBcZJoExPg,362,0,367,7,2128,True,A7UMVq9mBfyBPBcZJoExPg
891,2019,5,270,BuenosAires,-34.59566167706789,-58.3784691810267,mS5Oo3mnWEj54979riAwhw,842,0,879,7,2129,True,mS5Oo3mnWEj54979riAwhw
253,2014,7,352,BuenosAires,-34.61828358590962,-58.41463623463171,W8thBzPptXEd7y9ezCuo0A,131,0,132,7,2130,True,W8thBzPptXEd7y9ezCuo0A
1245,2019,5,262,BuenosAires,-34.58223605228862,-58.40102289247255,ALfqDFDqL_qALWxiyfSTqw,996,0,1056,7,2133,True,ALfqDFDqL_qALWxiyfSTqw
290,2014,7,327,BuenosAires,-34.61664757059556,-58.41908681997933,zudMs9wa9TQfDp4v8M_eow,455,0,464,7,2163,True,zudMs9wa9TQfDp4v8M_eow
1070,2015,6,413,BuenosAires,-34.58839592880247,-58.41739647676305,y3eOrEW_Q_BBZI9ruThP5g,827,0,862,7,2165,True,y3eOrEW_Q_BBZI9ruThP5g
1159,2015,9,610,BuenosAires,-34.58512237684853,-58.40728225616131,TgRgm4Cs3Hk1jFRwo2_Z4A,1003,0,1063,5,2169,True,TgRgm4Cs3Hk1jFRwo2_Z4A
701,2017,6,484,BuenosAires,-34.60164660171564,-58.41786192838784,kD_1GRXy1bRHXpKhM5Zchw,574,0,591,8,2183,True,kD_1GRXy1bRHXpKhM5Zchw
235,2013,10,605,BuenosAires,-34.61973077553922,-58.37853940518223,MR1qs6w33j0o5JUm8seU8g,376,0,382,10,2187,True,MR1qs6w33j0o5JUm8seU8g
716,2019,4,294,BuenosAires,-34.60211852308868,-58.39502773256828,7NX8PTt3VOZ34Ps8jQ8itQ,607,0,625,9,2195,True,7NX8PTt3VOZ34Ps8jQ8itQ
399,2013,10,297,BuenosAires,-34.6137075810846,-58.37899290991827,E4jtLtB5fmJZHN1USTgKQw,104,0,105,7,2202,True,E4jtLtB5fmJZHN1USTgKQw
915,2019,4,199,BuenosAires,-34.59398971190495,-58.40388977038452,cy2S-Sl4aujXtPZErDJxqg,1010,0,1070,9,2209,True,cy2S-Sl4aujXtPZErDJxqg
877,2019,4,697,BuenosAires,-34.59563729917535,-58.39983999810879,BIpziFEW6q6NjMVjHwcopw,337,0,341,6,2225,True,BIpziFEW6q6NjMVjHwcopw
435,2015,6,440,BuenosAires,-34.61226491298744,-58.38601408917939,rUuYi1SISYeR6fFjuMARUw,680,0,704,10,2226,True,rUuYi1SISYeR6fFjuMARUw
391,2014,11,174,BuenosAires,-34.61373748568109,-58.39058037286118,OWF3AGjRWsm15esyOmU1pw,504,0,515,10,2246,True,OWF3AGjRWsm15esyOmU1pw
166,2017,6,405,BuenosAires,-34.62122750615073,-58.42053332684299,Xg_yyYlHtsPNMDkD_6Sd2A,60,0,60,3,2248,True,Xg_yyYlHtsPNMDkD_6Sd2A
248,2014,2,265,BuenosAires,-34.61810721413372,-58.42052983473587,ev5ENK4g78y5wxN_vR5HWQ,956,1,1074,2,2254,True,ev5ENK4g78y5wxN_vR5HWQ
20,2013,10,299,BuenosAires,-34.62706794931834,-58.39326003738454,wbV3nAA99xRpDhu7iqX1Ew,755,0,786,7,2259,True,wbV3nAA99xRpDhu7iqX1Ew
1026,2015,6,496,BuenosAires,-34.58945936266554,-58.42195917695658,B558KQEv14t0rw3BTRrUZQ,1019,0,1080,7,2264,True,B558KQEv14t0rw3BTRrUZQ
249,2014,7,343,BuenosAires,-34.61820176481032,-58.41897653799547,r0NSRJe1fRC9BXqp5uzc3w,1021,0,1082,4,2269,True,r0NSRJe1fRC9BXqp5uzc3w
1066,2014,7,283,BuenosAires,-34.58808771218152,-58.42347535856625,JQaX1Z3hVfP4Lli2_gqb0w,716,0,742,7,2271,True,JQaX1Z3hVfP4Lli2_gqb0w
186,2016,10,343,BuenosAires,-34.62148822073684,-58.39053768395075,h02PRJznDYeauJ98tcS4gw,937,0,987,8,2296,True,h02PRJznDYeauJ98tcS4gw
51,2014,8,567,BuenosAires,-34.62552335523812,-58.40853272432355,EM4Xya_ST65Mg1f7_JnB3A,798,0,830,7,2310,True,EM4Xya_ST65Mg1f7_JnB3A
105,2014,5,135,BuenosAires,-34.62398746920393,-58.39049187462803,3zAZ4zMnSynAD7VCoukKqA,239,0,240,8,2313,True,3zAZ4zMnSynAD7VCoukKqA
854,2014,6,196,BuenosAires,-34.59723041172267,-58.37241603098693,Fvqy2Gl5gbLgxqLVe4sGJQ,528,0,542,6,2321,True,Fvqy2Gl5gbLgxqLVe4sGJQ
1165,2014,7,399,BuenosAires,-34.58512486408792,-58.39824094632122,aUubd4xuizyLlEyVXK0U1w,942,0,993,5,2328,True,aUubd4xuizyLlEyVXK0U1w
61,2016,10,521,BuenosAires,-34.62566219688394,-58.39342564255873,_rOyjr9fgFhklI7fs9_isA,114,0,115,7,2329,True,_rOyjr9fgFhklI7fs9_isA
1326,2016,10,39,BuenosAires,-34.5791421048602,-58.40237449500043,8ISyd_ec4qQyHfliigzLOg,664,0,686,5,2331,True,8ISyd_ec4qQyHfliigzLOg
210,2014,7,419,BuenosAires,-34.61974873571589,-58.41598820207336,z_FBFl7DCnBN9tvLZartTg,312,0,316,7,2332,True,z_FBFl7DCnBN9tvLZartTg
710,2017,6,445,BuenosAires,-34.60189305475129,-58.40413608766181,IP1bXOg4AHTiL4w2gfxcWw,1031,0,1092,8,2335,True,IP1bXOg4AHTiL4w2gfxcWw
685,2017,7,350,BuenosAires,-34.6036437608577,-58.38001197176003,_DZq2iEaSzAVuOYh1q1a0A,261,0,264,6,2346,True,_DZq2iEaSzAVuOYh1q1a0A
1148,2017,6,150,BuenosAires,-34.58519503263641,-58.42355935040734,s8jDOLOPkw25uQim_ALQxQ,858,0,900,8,2353,True,s8jDOLOPkw25uQim_ALQxQ
568,2019,6,594,BuenosAires,-34.6076781615487,-58.37102768509318,xVqIt8b4cFlJb4HN2RRdUw,1011,0,1071,11,2356,True,xVqIt8b4cFlJb4HN2RRdUw
620,2019,4,349,BuenosAires,-34.60481089387817,-58.4160585950908,yqcXoCyhpjpDoKVhygQ--A,1037,0,1099,7,2361,True,yqcXoCyhpjpDoKVhygQ--A
811,2014,6,450,BuenosAires,-34.59871904843597,-58.37559751096022,cPAWGlLT_6RcSap3u-q3kg,521,0,532,11,2368,True,cPAWGlLT_6RcSap3u-q3kg
422,2014,7,349,BuenosAires,-34.61216485755024,-58.40560591945838,XGrrzZFu9xmE7xt_QWhMPA,46,2,1103,1,2386,True,XGrrzZFu9xmE7xt_QWhMPA
1135,2019,5,284,BuenosAires,-34.58752492604133,-58.38356294091091,gS_Aa8Xsmi0B1VPggygtJg,86,0,86,7,2387,True,gS_Aa8Xsmi0B1VPggygtJg
830,2013,10,153,BuenosAires,-34.59695394831824,-58.40854759688823,YdXZReTziNL41lM0hv8xYA,1043,0,1106,1,2395,True,YdXZReTziNL41lM0hv8xYA
1167,2014,6,571,BuenosAires,-34.58508792471502,-58.39645530877536,evAKonUlB1k0RT_5JzK4NQ,1044,0,1107,1,2401,True,evAKonUlB1k0RT_5JzK4NQ
1293,2014,5,246,BuenosAires,-34.58057049682907,-58.39047342537432,hN4EjkCwVu61EMwxUkJecQ,386,0,392,5,2405,True,hN4EjkCwVu61EMwxUkJecQ
142,2019,4,85,BuenosAires,-34.62301400810249,-58.3949892662988,3N7OxKzLd_kudaZM164jUQ,1042,0,1105,4,2406,True,3N7OxKzLd_kudaZM164jUQ
293,2020,3,215,BuenosAires,-34.61661599651808,-58.41425770814629,7mT-gXQ1XFJsDuBk2bPlLw,373,1,583,11,2424,True,7mT-gXQ1XFJsDuBk2bPlLw
791,2020,3,520,BuenosAires,-34.59856068211824,-58.40583003497884,JetFGlKqZweU5rarvroS-Q,277,0,280,10,2431,True,JetFGlKqZweU5rarvroS-Q
486,2017,6,272,BuenosAires,-34.61063818823712,-58.37060662955542,TIJgkXdE8jbz-AOqHVD1oQ,66,0,66,9,2433,True,TIJgkXdE8jbz-AOqHVD1oQ
938,2014,7,403,BuenosAires,-34.59417666425103,-58.36954049307164,uYYUmuNv1BWHJHbNyCjopg,1046,0,1109,1,2434,True,uYYUmuNv1BWHJHbNyCjopg
881,2019,5,409,BuenosAires,-34.59571368853409,-58.39331143046732,_lqL2PhGXd-SUn2IDBokYw,30,0,30,8,2442,True,_lqL2PhGXd-SUn2IDBokYw
1115,2017,9,255,BuenosAires,-34.5868358832128,-58.41162708249138,EWqsU4eO8-uT3RGq5JQdGg,184,1,1114,1,2450,True,EWqsU4eO8-uT3RGq5JQdGg
511,2014,11,458,BuenosAires,-34.60915286304432,-58.39490377266522,kGBP0MB3f1hPqpO3ZLoEow,488,0,498,9,2470,True,kGBP0MB3f1hPqpO3ZLoEow
838,2015,6,404,BuenosAires,-34.59727485267474,-58.39651922917303,bYz7gJ4YldgOVsqjRPaqPw,784,0,815,7,2475,True,bYz7gJ4YldgOVsqjRPaqPw
95,2019,5,444,BuenosAires,-34.62403497542052,-58.4039475184137,3kPhgfTd_yezEB5w4mlU7Q,506,0,517,8,2478,True,3kPhgfTd_yezEB5w4mlU7Q
849,2016,11,193,BuenosAires,-34.59724193222597,-58.37986415273676,EhtF3u_lgyINHCZk66g0oQ,1049,0,1115,1,2480,True,EhtF3u_lgyINHCZk66g0oQ
489,2017,8,365,BuenosAires,-34.61063402562244,-58.36634095818872,qyADs1sgFgIPINtbV6H1zA,219,1,1117,1,2485,True,qyADs1sgFgIPINtbV6H1zA
52,2013,10,313,BuenosAires,-34.62566729569591,-58.40695894732205,sCjKnRGu8fPsJjDo78XKUQ,1000,0,1060,9,2495,True,sCjKnRGu8fPsJjDo78XKUQ
1331,2014,5,234,BuenosAires,-34.57861414188954,-58.39432346026897,KDSAlfwS9esuU6Bs8mYG3g,1052,0,1119,3,2501,True,KDSAlfwS9esuU6Bs8mYG3g
998,2014,5,585,BuenosAires,-34.59121340657589,-58.40090867919172,duK_WQv4M0J6Q2H0gXrsKw,602,0,620,4,2504,True,duK_WQv4M0J6Q2H0gXrsKw
1099,2019,5,428,BuenosAires,-34.5885410834826,-58.3720333559403,kuLoB4ph-oApEmKNk5NR_w,863,1,1120,2,2509,True,kuLoB4ph-oApEmKNk5NR_w
149,2020,3,198,BuenosAires,-34.62266163491211,-58.38438480993357,cuzhRSl8-Om8tLmHE3DaEw,728,0,756,11,2510,True,cuzhRSl8-Om8tLmHE3DaEw
957,2014,6,403,BuenosAires,-34.59258414313906,-58.40395798442182,lz2jmgqCqtTJ_tr59CC8hg,1045,0,1108,7,2512,True,lz2jmgqCqtTJ_tr59CC8hg
814,2014,7,130,BuenosAires,-34.59874638052537,-58.36953066874496,tjp8BYd4iPTTf1tC5z4i0A,48,0,48,6,2513,True,tjp8BYd4iPTTf1tC5z4i0A
1278,2014,7,396,BuenosAires,-34.58097082871147,-58.41316235867321,0mFovCyl-eZfY8vJVUIynw,291,0,294,5,2515,True,0mFovCyl-eZfY8vJVUIynw
264,2015,4,499,BuenosAires,-34.61836468684414,-58.3950138789819,ORizmhqwK0x8cVl-4RF2Ug,913,0,961,10,2524,True,ORizmhqwK0x8cVl-4RF2Ug
1188,2017,8,518,BuenosAires,-34.5854503002717,-58.36640394007584,_zpqOk2neRPYtBPcri7xyw,500,2,1122,1,2526,True,_zpqOk2neRPYtBPcri7xyw
473,2015,6,120,BuenosAires,-34.61067754890551,-58.39037593503755,hqu7Ul5MEChIC2kf5eaWRg,176,0,177,7,2549,True,hqu7Ul5MEChIC2kf5eaWRg
402,2014,11,602,BuenosAires,-34.61378053153747,-58.37404870439651,1EuOzUJxBFDBbuXGNxWCgw,861,0,904,10,2556,True,1EuOzUJxBFDBbuXGNxWCgw
1244,2016,10,486,BuenosAires,-34.58204879537455,-58.40277503753314,FQ07b5SOLpKzJShE8H3vBg,1026,0,1087,6,2564,True,FQ07b5SOLpKzJShE8H3vBg
601,2017,6,282,BuenosAires,-34.60630937485351,-58.38453830336211,FNzAfb-9442utsP-WT0C9w,953,0,1006,6,2571,True,FNzAfb-9442utsP-WT0C9w
449,2019,5,145,BuenosAires,-34.61210682899752,-58.36500019853121,bw_L-IqPPSd_68_DMugoEA,220,0,221,10,2573,True,bw_L-IqPPSd_68_DMugoEA
1027,2013,10,461,BuenosAires,-34.58990543405829,-58.42074311926187,jOI2tjO8H-2HYeOZ-bU0Zg,1058,0,1128,5,2595,True,jOI2tjO8H-2HYeOZ-bU0Zg
199,2014,7,472,BuenosAires,-34.62115659594986,-58.37139908524819,KyLYvDRUhbxKr2R7j5x8Fg,485,0,495,10,2599,True,KyLYvDRUhbxKr2R7j5x8Fg
43,2014,7,464,BuenosAires,-34.62566681246219,-58.42032264964159,nhFkZ_MbT7XvsWvod11vWQ,207,0,208,7,2602,True,nhFkZ_MbT7XvsWvod11vWQ
1321,2017,8,485,BuenosAires,-34.57939177071783,-58.40956795469825,yKj8ZGTn5vLYszURzKXsYg,1060,0,1130,5,2607,True,yKj8ZGTn5vLYszURzKXsYg
258,2014,5,197,BuenosAires,-34.61811898972636,-58.40530108496316,ZHxxGmUSOZ66HqtMelL2tw,456,0,465,6,2609,True,ZHxxGmUSOZ66HqtMelL2tw
230,2020,3,273,BuenosAires,-34.61975729484425,-58.38581127641758,vi3rMsFaOy94aelslZtRsg,917,0,966,8,2614,True,vi3rMsFaOy94aelslZtRsg
948,2015,6,632,BuenosAires,-34.59267073024724,-58.41603654326504,yRLDH5N1AOI7k94oVytxhQ,651,0,672,8,2619,True,yRLDH5N1AOI7k94oVytxhQ
147,2019,4,274,BuenosAires,-34.62246371109593,-58.38752277292171,dT1dR0YFW-DOT_N3M3ZZCw,49,0,49,13,2635,True,dT1dR0YFW-DOT_N3M3ZZCw
10,2020,3,29,BuenosAires,-34.62720932327522,-58.40860203133057,G1myebM9aObT8aEUeGHtJg,1009,0,1069,7,2642,True,G1myebM9aObT8aEUeGHtJg
968,2014,10,471,BuenosAires,-34.59281017675615,-58.38601833066077,vgecdkotHql-1PqmKRa_5Q,19,0,19,5,2645,True,vgecdkotHql-1PqmKRa_5Q
1054,2014,7,316,BuenosAires,-34.5896475599713,-58.38001433940336,LVKWd3AhscR7wyWdqJK40w,1032,0,1093,4,2655,True,LVKWd3AhscR7wyWdqJK40w
585,2017,7,348,BuenosAires,-34.60612988952342,-58.40717800565751,T0h66jrND3F0-3E44EBsAA,210,1,1133,3,2659,True,T0h66jrND3F0-3E44EBsAA
926,2017,8,94,BuenosAires,-34.59420591000183,-58.387362668337,AoyccLpDpY5xfQvVyxoayg,949,0,1000,6,2660,True,AoyccLpDpY5xfQvVyxoayg
281,2016,10,306,BuenosAires,-34.6184512066682,-58.3710955204505,5klZIzhE7tuGVEf-mYG0UA,934,0,984,7,2661,True,5klZIzhE7tuGVEf-mYG0UA
323,2015,9,487,BuenosAires,-34.61671585125787,-58.36945087416048,jzgkxXRQJHf0Tq59kyonmQ,177,0,178,12,2663,True,jzgkxXRQJHf0Tq59kyonmQ
554,2017,6,209,BuenosAires,-34.60769190875469,-58.39205547045473,j6IjobSxQNHF_cOUr_mMCw,192,0,193,8,2665,True,j6IjobSxQNHF_cOUr_mMCw
169,2019,7,475,BuenosAires,-34.62095322737758,-58.41603816589052,s7cicWyDg0ScStzL6jgNow,1062,0,1132,9,2667,True,s7cicWyDg0ScStzL6jgNow
1371,2014,5,326,BuenosAires,-34.57710574333824,-58.39609120208659,Fx03nr4THgeuR2JDu5VWFQ,1051,0,1118,3,2674,True,Fx03nr4THgeuR2JDu5VWFQ
465,2013,10,137,BuenosAires,-34.61102899517103,-58.40255053680445,OMI8NZfP3L8cX6kPCQKHTg,759,0,790,9,2677,True,OMI8NZfP3L8cX6kPCQKHTg
432,2013,10,150,BuenosAires,-34.6121864311237,-58.39035032950493,ksXky2-beLlgGcPHtdanyQ,959,0,1013,6,2684,True,ksXky2-beLlgGcPHtdanyQ
835,2013,10,610,BuenosAires,-34.59727169157715,-58.40044798888938,-p07sxwjOFjO8j-MbnBRYQ,854,0,895,7,2685,True,-p07sxwjOFjO8j-MbnBRYQ
961,2017,6,462,BuenosAires,-34.59257104364054,-58.39680425497746,kdx8x64Q4Nher7Gc_9992w,776,0,807,7,2691,True,kdx8x64Q4Nher7Gc_9992w
356,2016,11,272,BuenosAires,-34.615187795312,-58.38162490727247,ZqDJ9XhpR-HmyRI08XAMOw,944,0,995,9,2693,True,ZqDJ9XhpR-HmyRI08XAMOw
884,2015,2,457,BuenosAires,-34.59574132566997,-58.38909161752226,bZ_lf6TXEL8cdgSes_pHcg,130,1,1137,1,2694,True,bZ_lf6TXEL8cdgSes_pHcg
1083,2016,10,128,BuenosAires,-34.58848455214549,-58.39810778029449,twR6MFmqNsmLEOom3qUSWg,1066,0,1138,3,2697,True,twR6MFmqNsmLEOom3qUSWg
781,2015,6,426,BuenosAires,-34.59878345544846,-58.42062353512619,UXlwoQ51Kx_LS8yfvdB3Ww,439,0,447,7,2701,True,UXlwoQ51Kx_LS8yfvdB3Ww
930,2017,6,306,BuenosAires,-34.59416985183788,-58.38152062235717,Du7UVaiB6RfKZobkdRhlxQ,1067,0,1139,2,2704,True,Du7UVaiB6RfKZobkdRhlxQ
176,2015,5,531,BuenosAires,-34.62167560898649,-58.4054712059126,PmFo8sK2mqd8jeKufuXSgA,1068,0,1140,7,2706,True,PmFo8sK2mqd8jeKufuXSgA
1092,2014,11,282,BuenosAires,-34.58812040549288,-58.38304152144539,-GbTHu_2liJf_OtJTq9M2w,365,1,1145,1,2721,True,-GbTHu_2liJf_OtJTq9M2w
767,2019,5,433,BuenosAires,-34.60013526268569,-58.38004163380809,EThc4JXj0Rr3shTir9ZXKA,783,0,814,10,2725,True,EThc4JXj0Rr3shTir9ZXKA
1332,2017,9,490,BuenosAires,-34.57900065216159,-58.39348114235106,HrzFsmk-zplslN2z0fNcGQ,890,1,1147,1,2738,True,HrzFsmk-zplslN2z0fNcGQ
775,2015,4,377,BuenosAires,-34.60028651301531,-58.36809504477708,KYg3ZofeJoePaMfJqCFEDA,108,0,109,10,2745,True,KYg3ZofeJoePaMfJqCFEDA
1312,2013,10,460,BuenosAires,-34.57868880411276,-58.42270081194378,69dHDq9rPVBjePI_Elx8Iw,1074,0,1148,2,2747,True,69dHDq9rPVBjePI_Elx8Iw
111,2016,11,258,BuenosAires,-34.62423182906752,-58.37841998492822,SLLUikZyxAVISNmuYdOulA,681,0,705,9,2752,True,SLLUikZyxAVISNmuYdOulA
816,2014,10,270,BuenosAires,-34.59875527636457,-58.36808722753504,K3O4qxQzt6voAlTTXGlPHg,444,1,926,5,2754,True,K3O4qxQzt6voAlTTXGlPHg
329,2015,6,72,BuenosAires,-34.61518743886843,-58.4215999520237,UUpYvVRTGN3vxi4TI6hlJw,523,0,536,8,2760,True,UUpYvVRTGN3vxi4TI6hlJw
873,2017,9,581,BuenosAires,-34.59566252363727,-58.40556874092969,L3uRy_ySaRlAFI3TjfVgvw,466,1,1151,3,2763,True,L3uRy_ySaRlAFI3TjfVgvw
712,2016,10,89,BuenosAires,-34.60165126249235,-58.4009350898925,NsRlkNhWyVj8R-OHejzYmw,645,0,666,6,2765,True,NsRlkNhWyVj8R-OHejzYmw
159,2019,5,403,BuenosAires,-34.62271342257998,-58.36952255989591,Pkrnjw9gCO8FigLdF25vbg,537,0,551,7,2769,True,Pkrnjw9gCO8FigLdF25vbg
594,2017,9,184,BuenosAires,-34.60622684592047,-58.39361439149609,mcvnFIlzy5QU5N3e9oiCFQ,194,0,195,8,2779,True,mcvnFIlzy5QU5N3e9oiCFQ
291,2013,10,598,BuenosAires,-34.61664123308426,-58.41754048903086,lhCrrglt3cmLSPUyFBo0ow,539,0,553,7,2783,True,lhCrrglt3cmLSPUyFBo0ow
1314,2014,10,302,BuenosAires,-34.57982172037202,-58.41957021487246,XymKh_YJFya8cBzqLXB50A,1079,0,1154,1,2791,True,XymKh_YJFya8cBzqLXB50A
879,2019,5,389,BuenosAires,-34.59568767373354,-58.39655190751787,ld1boAXD245aBDTRpYP6Hg,606,1,901,7,2794,True,ld1boAXD245aBDTRpYP6Hg
1001,2019,5,619,BuenosAires,-34.59121840644879,-58.39790701617691,PqBFIB_Qndnx-tMOQasQVA,648,0,669,7,2806,True,PqBFIB_Qndnx-tMOQasQVA
21,2019,5,450,BuenosAires,-34.62718621553,-58.39200541344869,TrZ6c2R8aO9wNLOh7Bu4jA,6,0,6,6,2809,True,TrZ6c2R8aO9wNLOh7Bu4jA
617,2015,6,303,BuenosAires,-34.60497331577332,-58.42059707680394,IN7j_6e3SUOGj7zmpKSTvA,407,0,413,9,2820,True,IN7j_6e3SUOGj7zmpKSTvA
167,2019,7,275,BuenosAires,-34.62116950434025,-58.41902673301514,gU-0zNuvENu-dg6WzyvmVA,443,0,451,10,2821,True,gU-0zNuvENu-dg6WzyvmVA
751,2015,4,656,BuenosAires,-34.6000573982741,-58.40427931375474,fK48JqMdP8aOgDRJ2-wFvQ,685,0,709,6,2828,True,fK48JqMdP8aOgDRJ2-wFvQ
65,2013,10,536,BuenosAires,-34.62569189504119,-58.38722742329345,ISz-xzj5gVISrotTkjYhPQ,1083,0,1158,7,2831,True,ISz-xzj5gVISrotTkjYhPQ
428,2017,8,294,BuenosAires,-34.61220897950607,-58.39615784583928,Q1itgYpK8cjqtnKDBTK8Mg,768,0,799,7,2837,True,Q1itgYpK8cjqtnKDBTK8Mg
973,2019,5,189,BuenosAires,-34.59262574213377,-58.37859934692469,xE3iowZ7PdKk98cNJIpxrQ,580,0,597,4,2839,True,xE3iowZ7PdKk98cNJIpxrQ
1013,2017,6,417,BuenosAires,-34.59119259171781,-58.38007312922192,tnF31XFmyaKsTLCEJL98Ow,965,0,1019,5,2845,True,tnF31XFmyaKsTLCEJL98Ow
882,2013,10,245,BuenosAires,-34.59564228106765,-58.39199738585131,KxQ02jXRkH0cqovp8mQtfQ,296,0,300,8,2849,True,KxQ02jXRkH0cqovp8mQtfQ
37,2014,10,214,BuenosAires,-34.62719178742299,-58.36801117725385,Sqahqq9fqhWk7mHY2iZzDQ,477,1,1160,1,2852,True,Sqahqq9fqhWk7mHY2iZzDQ
334,2016,12,186,BuenosAires,-34.61519867174824,-58.41440823724412,FZ4iIdtHMk4KZz0Lbwmiyg,565,0,580,9,2866,True,FZ4iIdtHMk4KZz0Lbwmiyg
1197,2017,8,338,BuenosAires,-34.58349851547912,-58.41177802574697,Mcy28P1HOY1n0e4AdJtBHw,931,0,981,6,2867,True,Mcy28P1HOY1n0e4AdJtBHw
1104,2013,10,186,BuenosAires,-34.58741824787236,-58.36788008960352,Fn2U-AYE7Q5tO0NlNdAyHA,573,1,1162,3,2875,True,Fn2U-AYE7Q5tO0NlNdAyHA
969,2014,1,404,BuenosAires,-34.59274401154401,-58.38441747542389,V9b8ZkWS3od030lUhpHBbQ,370,0,375,6,2877,True,V9b8ZkWS3od030lUhpHBbQ
1134,2019,5,374,BuenosAires,-34.5863087249987,-58.38131917435187,kc6g9WIXrTWao771DN3WIA,274,0,277,4,2878,True,kc6g9WIXrTWao771DN3WIA
390,2014,11,252,BuenosAires,-34.6138304792717,-58.39190964966011,re65NSDh1AqJRZuPd_C1FA,240,0,241,9,2881,True,re65NSDh1AqJRZuPd_C1FA
72,2014,2,316,BuenosAires,-34.62533365158684,-58.37726556152001,7jZcVfXRnyoVMCWi-sr0zg,766,0,797,10,2884,True,7jZcVfXRnyoVMCWi-sr0zg
123,2017,7,224,BuenosAires,-34.62276386364392,-58.4235377317414,ShMuM_pfvDCs0BRZ74QbRw,989,0,1049,6,2900,True,ShMuM_pfvDCs0BRZ74QbRw
64,2014,5,304,BuenosAires,-34.62567052731688,-58.38957705838227,x-03Dq0tmOevmzezIjwksg,1088,0,1165,5,2905,True,x-03Dq0tmOevmzezIjwksg
637,2014,6,168,BuenosAires,-34.60473700084041,-58.39080503867245,yR79wP_OGLJUYrZ3CE3Pmw,720,0,747,7,2907,True,yR79wP_OGLJUYrZ3CE3Pmw
18,2014,8,343,BuenosAires,-34.62687845359758,-58.39662979768627,bb4CsJ6XqRQ_2Uk6HWMHPA,912,0,960,9,2908,True,bb4CsJ6XqRQ_2Uk6HWMHPA
955,2015,11,195,BuenosAires,-34.59287481770671,-58.40573571492612,sZkOSvrZYXijEsDBWfPnpA,81,0,81,8,2915,True,sZkOSvrZYXijEsDBWfPnpA
1231,2015,6,56,BuenosAires,-34.58250469244653,-58.42234289883754,5LNelabi8Q48QjoQgSQGPg,893,0,939,7,2927,True,5LNelabi8Q48QjoQgSQGPg
485,2014,6,358,BuenosAires,-34.61063120447788,-58.37204262909134,tXuZ8jch63IYoOiEJyDpVA,802,0,834,8,2929,True,tXuZ8jch63IYoOiEJyDpVA
978,2017,6,359,BuenosAires,-34.5924332703757,-58.37286579285254,oIZTmu0hN70eAesMrbgPkg,383,0,389,6,2931,True,oIZTmu0hN70eAesMrbgPkg
243,2015,5,215,BuenosAires,-34.61964790502623,-58.36633622901252,eRtoQmauvTVS6v6PhUaZog,699,1,1167,1,2940,True,eRtoQmauvTVS6v6PhUaZog
501,2020,3,410,BuenosAires,-34.60905174570804,-58.41002538120296,ofhJ48Xtwvdu4tIeLub6Ug,779,0,810,4,2943,True,ofhJ48Xtwvdu4tIeLub6Ug
592,2017,6,161,BuenosAires,-34.60618055210434,-58.39655675499817,du_A2BP-CUZIv32eCGXSNA,961,0,1015,8,2949,True,du_A2BP-CUZIv32eCGXSNA
1014,2014,6,236,BuenosAires,-34.59090943714044,-58.37828466570718,I_uwTOK_pDD-tvKH1DT0IQ,713,0,738,7,2951,True,I_uwTOK_pDD-tvKH1DT0IQ
757,2017,8,331,BuenosAires,-34.59969676826879,-58.39505041414291,G-Q4O1k_L2lQNMCVMdWNkA,214,0,215,11,2955,True,G-Q4O1k_L2lQNMCVMdWNkA
794,2017,6,573,BuenosAires,-34.59868019841396,-58.40085655445771,2lisGF0BfG5to0oPJyX3fQ,986,0,1044,6,2956,True,2lisGF0BfG5to0oPJyX3fQ
83,2017,8,454,BuenosAires,-34.62418585402983,-58.42192896640917,D7BSrUBrVuepLQnIg2Li3g,1090,0,1168,1,2961,True,D7BSrUBrVuepLQnIg2Li3g
661,2014,6,519,BuenosAires,-34.60322894717055,-58.41557576005471,KvHG7SUysSheNzq8t-Fy6A,582,0,599,7,2975,True,KvHG7SUysSheNzq8t-Fy6A
698,2015,6,179,BuenosAires,-34.60177306763896,-58.42202330531927,ElOb9KlQ2wGNOO5n8HZgXQ,900,1,1170,2,2976,True,ElOb9KlQ2wGNOO5n8HZgXQ
878,2016,9,145,BuenosAires,-34.59547826525906,-58.39800376310924,AwPi3t3YA5Wh2CXtHhbVMQ,399,0,405,7,2980,True,AwPi3t3YA5Wh2CXtHhbVMQ
255,2019,5,509,BuenosAires,-34.61792638565084,-58.41163796039324,BMaEvmu0jSBgn8wCpg1nXA,884,1,1172,1,2986,True,BMaEvmu0jSBgn8wCpg1nXA
363,2020,3,274,BuenosAires,-34.61516881175803,-58.37064656632807,ckqWvguH24ZcOgSvFBIjGA,117,0,118,7,2989,True,ckqWvguH24ZcOgSvFBIjGA
74,2019,5,339,BuenosAires,-34.62565097727326,-58.37398109375044,dmGa99zodYdM_O8XQ9aSdw,116,0,117,7,2991,True,dmGa99zodYdM_O8XQ9aSdw
861,2014,7,332,BuenosAires,-34.59570054382321,-58.42308576593458,pcuO0-FaWj9cd4SDrteKgQ,179,0,180,7,2992,True,pcuO0-FaWj9cd4SDrteKgQ
800,2013,10,112,BuenosAires,-34.59862995381018,-58.39202223004051,Kwi3Q-t1pLHho1uZuaXYbQ,310,0,314,9,3014,True,Kwi3Q-t1pLHho1uZuaXYbQ
1038,2019,5,287,BuenosAires,-34.58996208179678,-58.40589903511596,RiXeazCATe-92VV13rC8pA,957,0,1011,9,3020,True,RiXeazCATe-92VV13rC8pA
453,2019,7,92,BuenosAires,-34.61072679862262,-58.42115805911576,GPrY_HbBWLIZMVLS16lsXw,27,0,27,7,3029,True,GPrY_HbBWLIZMVLS16lsXw
285,2019,2,93,BuenosAires,-34.61822975770011,-58.36489556253377,OayHha9kXTM0oJJZasc4oA,212,0,213,4,3039,True,OayHha9kXTM0oJJZasc4oA
553,2019,4,35,BuenosAires,-34.60763905737112,-58.39347299505408,DYbSR5GifzZvyj64g-vg1g,393,0,399,8,3041,True,DYbSR5GifzZvyj64g-vg1g
367,2017,10,96,BuenosAires,-34.61509210056557,-58.36525453098112,o1CRsSLJjykYW8T_a07jWw,430,1,1179,2,3055,True,o1CRsSLJjykYW8T_a07jWw
996,2014,6,183,BuenosAires,-34.5913128758473,-58.40565201600457,v8tSpxQbOwRuMg6pVWedng,257,0,260,8,3066,True,v8tSpxQbOwRuMg6pVWedng
259,2013,10,532,BuenosAires,-34.61811826218551,-58.40369963085961,4PWHCTLmJexCgoVuyBpsIQ,331,1,1181,1,3067,True,4PWHCTLmJexCgoVuyBpsIQ
1343,2019,5,491,BuenosAires,-34.57981900757061,-58.37698029250625,ZBoIV3awb23QtDWGHmFbgA,103,0,104,8,3078,True,ZBoIV3awb23QtDWGHmFbgA
673,2014,6,539,BuenosAires,-34.60331134735215,-58.39810301573907,XoLTNV7_e9AzrEbxs_MT_A,471,0,480,6,3079,True,XoLTNV7_e9AzrEbxs_MT_A
1136,2015,3,135,BuenosAires,-34.58683854000296,-58.38013724041214,ilnE5TacrgfMnSg5hVqgEw,87,0,87,5,3083,True,ilnE5TacrgfMnSg5hVqgEw
533,2015,6,310,BuenosAires,-34.60725783359354,-58.42351496269234,FZMB8yUNvmCzsfrNefpIXQ,527,0,540,7,3086,True,FZMB8yUNvmCzsfrNefpIXQ
172,2014,6,214,BuenosAires,-34.62168114059065,-58.41138060554719,hgj7dHDnDX3yMykcVJs91g,1102,0,1186,9,3087,True,hgj7dHDnDX3yMykcVJs91g
1077,2015,6,466,BuenosAires,-34.58830095336491,-58.40683568426013,oDTuhOBcnTP1WhSJA_-kbA,1085,0,1161,7,3094,True,oDTuhOBcnTP1WhSJA_-kbA
605,2017,11,483,BuenosAires,-34.60610280537906,-58.3769615739584,CAoSLEFGMVFpcE56UkNvdGlpOGJtakFKY0RTMnZrZkhRYUxhak0wOHBiODdHZUVu,846,1,1188,1,3101,True,CAoSLEFGMVFpcE56UkNvdGlpOGJtakFKY0RTMnZrZkhRYUxhak0wOHBiODdHZUVu
544,2019,5,483,BuenosAires,-34.60781182823585,-58.40703286197905,UuN2ovRptPbyvVSrcHIPiw,535,0,549,8,3110,True,UuN2ovRptPbyvVSrcHIPiw
477,2015,6,140,BuenosAires,-34.61065331875876,-58.3848173910582,HhwrgSdFrQsb2ByJiOBmtQ,94,0,94,7,3114,True,HhwrgSdFrQsb2ByJiOBmtQ
269,2015,6,291,BuenosAires,-34.6182019609111,-58.38895960615051,slBPmL9evNytnG_O24qz7g,154,1,711,3,3122,True,slBPmL9evNytnG_O24qz7g
711,2019,4,199,BuenosAires,-34.60165514674269,-58.40236370137129,IHKETVSCuBc6t7P4PUajEg,1104,0,1189,10,3127,True,IHKETVSCuBc6t7P4PUajEg
1151,2014,5,133,BuenosAires,-34.58499246471128,-58.41890348499168,pa_PjWRV39QbpRiI-nsZtA,983,0,1040,7,3132,True,pa_PjWRV39QbpRiI-nsZtA
1011,2013,10,564,BuenosAires,-34.59121547364955,-58.38309841168321,q70qiUOclWS8vi14edwYRQ,868,0,911,7,3137,True,q70qiUOclWS8vi14edwYRQ
1280,2014,7,652,BuenosAires,-34.5806574420893,-58.410293013006,-x9MTe1ajot5lvzqgSPBwA,1078,0,1153,5,3144,True,-x9MTe1ajot5lvzqgSPBwA
380,2014,10,601,BuenosAires,-34.61373680942022,-58.40708975935005,GXcOcCapOQPaFsfnWKNU4Q,577,0,594,8,3160,True,GXcOcCapOQPaFsfnWKNU4Q
869,2014,5,332,BuenosAires,-34.59553365917502,-58.4098988790205,O0voK8euLhZc_sBPFLT2JA,1028,0,1089,9,3165,True,O0voK8euLhZc_sBPFLT2JA
626,2016,10,280,BuenosAires,-34.60471976620727,-58.40674034672183,36K27zOr8pf0QnGRy7z9GA,400,0,406,3,3169,True,36K27zOr8pf0QnGRy7z9GA
1068,2013,11,158,BuenosAires,-34.58809018889222,-58.42064429786429,e3LH4e_OAInrux9ELPavGQ,297,2,1193,1,3183,True,e3LH4e_OAInrux9ELPavGQ
599,2017,6,328,BuenosAires,-34.6064193353698,-58.38612943405717,ZARpOcxKd3COyPqnMoYP1g,977,0,1034,8,3195,True,ZARpOcxKd3COyPqnMoYP1g
360,2017,6,175,BuenosAires,-34.61497236832154,-58.37558167395434,mGMZjoIkAJhVmN8SDko2zg,222,0,223,8,3197,True,mGMZjoIkAJhVmN8SDko2zg
591,2014,6,460,BuenosAires,-34.60621799633407,-58.39796010615188,m6VQLpfMDVeg2eIun540uw,0,0,0,10,3204,True,m6VQLpfMDVeg2eIun540uw
401,2014,5,558,BuenosAires,-34.61388072342024,-58.37555406123846,EWXfHcFsOXK0g6M9LXWSwg,158,0,159,10,3207,True,EWXfHcFsOXK0g6M9LXWSwg
494,2013,10,195,BuenosAires,-34.60917524159447,-58.42001426715265,Xn1hmEm4Muk7emlNrjrD4g,1056,1,1196,2,3214,True,Xn1hmEm4Muk7emlNrjrD4g
354,2017,6,248,BuenosAires,-34.61516034285369,-58.38449810897222,ADvExHyD_eaPExUKNcbzXQ,377,0,383,9,3222,True,ADvExHyD_eaPExUKNcbzXQ
1264,2019,7,101,BuenosAires,-34.5821243416842,-58.37253111659144,JGaSq61a2aadTBPelHUAMA,18,0,18,8,3224,True,JGaSq61a2aadTBPelHUAMA
89,2017,8,560,BuenosAires,-34.62411163129842,-58.41303455267017,V-j_TAONvjMxsvUmdrgD-w,206,0,207,9,3225,True,V-j_TAONvjMxsvUmdrgD-w
119,2014,12,161,BuenosAires,-34.62424539633274,-58.36805678398763,-gsOgQxR9Df_BI3MnLNddg,1110,0,1197,2,3226,True,-gsOgQxR9Df_BI3MnLNddg
82,2014,7,168,BuenosAires,-34.62415412481472,-58.42332662846574,ERbHZSIJ2V_cfqrdFP-ZuQ,519,0,530,4,3234,True,ERbHZSIJ2V_cfqrdFP-ZuQ
225,2017,6,433,BuenosAires,-34.6194943709782,-58.3935636706877,-3gdVRLfr9t-YCnJp61VDw,423,0,429,7,3243,True,-3gdVRLfr9t-YCnJp61VDw
1163,2014,5,170,BuenosAires,-34.5855577163605,-58.4006723848837,WDnA3h8v_v5BDkdx3qiL9g,109,0,110,8,3248,True,WDnA3h8v_v5BDkdx3qiL9g
1323,2013,10,274,BuenosAires,-34.57904697503366,-58.40725527510386,pEk9QAbqQucxNM8RFLmLlQ,769,0,800,6,3251,True,pEk9QAbqQucxNM8RFLmLlQ
351,2014,6,406,BuenosAires,-34.61525097056276,-58.3889794055988,Ve6eXIjvzUoyErMhcg3jyg,787,0,818,8,3264,True,Ve6eXIjvzUoyErMhcg3jyg
823,2019,5,381,BuenosAires,-34.5972181016768,-58.41886461269164,rwtJYGkJeVTAuAAYVtKp9g,617,0,635,8,3268,True,rwtJYGkJeVTAuAAYVtKp9g
345,2015,6,476,BuenosAires,-34.61515873034617,-58.39784105309914,v04WOA9RS0FFa6SFPdbltQ,814,0,847,11,3299,True,v04WOA9RS0FFa6SFPdbltQ
696,2014,10,22,BuenosAires,-34.60319172031551,-58.36357241837773,PSYon0PM06iqQxOzu_uYGQ,843,0,880,3,3300,True,PSYon0PM06iqQxOzu_uYGQ
1093,2016,10,423,BuenosAires,-34.5883025241302,-58.38447473240794,x6Lemphy3mWRwCwLT_FpLg,45,0,45,6,3302,True,x6Lemphy3mWRwCwLT_FpLg
427,2019,4,152,BuenosAires,-34.61191025412548,-58.3980179570426,JBBcqCMudrtb84FCMpS-ww,849,0,887,7,3304,True,JBBcqCMudrtb84FCMpS-ww
262,2015,4,478,BuenosAires,-34.61857465941104,-58.39946961709035,0YiFm37p6sXe2VQma1m7Jw,167,0,168,12,3322,True,0YiFm37p6sXe2VQma1m7Jw
150,2013,10,525,BuenosAires,-34.62265243360105,-58.38297791970366,6iHf4BPS_SyhK58QDEmp7A,810,0,842,10,3326,True,6iHf4BPS_SyhK58QDEmp7A
893,2019,5,361,BuenosAires,-34.59583708274461,-58.3752813094523,zdvLdLVE2wpdWFS85UHkgA,726,0,754,5,3330,True,zdvLdLVE2wpdWFS85UHkgA
121,2016,10,291,BuenosAires,-34.62409322886101,-58.36500359585283,csU3ko8GocNSobD_3iLljQ,629,1,1204,1,3340,True,csU3ko8GocNSobD_3iLljQ
313,2013,10,342,BuenosAires,-34.61663963653058,-58.38452225923116,WNZfnuhytxtl_OStrI8EBw,954,0,1007,7,3344,True,WNZfnuhytxtl_OStrI8EBw
1249,2014,1,269,BuenosAires,-34.58216086743293,-58.39497540408772,mjvzVdXO2uNGYzi-U7Uhxg,788,0,819,8,3353,True,mjvzVdXO2uNGYzi-U7Uhxg
715,2019,4,260,BuenosAires,-34.6017075369632,-58.39703182615699,aHIdgUvDyarxDp_0HjgpJQ,1100,0,1184,5,3356,True,aHIdgUvDyarxDp_0HjgpJQ
991,2015,6,443,BuenosAires,-34.59104777690265,-58.41181499723356,Tda0_4wSwobkUNFUK75mBQ,856,0,897,8,3358,True,Tda0_4wSwobkUNFUK75mBQ
919,2017,6,488,BuenosAires,-34.59417279953929,-58.39951637362924,1rg9YIJVma_4Y8f4aGr-1Q,632,0,652,6,3362,True,1rg9YIJVma_4Y8f4aGr-1Q
1032,2019,5,316,BuenosAires,-34.5896444659337,-58.41308537178507,54yn5tRsdD0TQvH46MVcCQ,465,0,474,5,3371,True,54yn5tRsdD0TQvH46MVcCQ
658,2015,6,139,BuenosAires,-34.6032168033555,-58.42057039101481,q-XjESQE27gb7o9b7pLS5g,601,0,619,9,3391,True,q-XjESQE27gb7o9b7pLS5g
1028,2014,7,506,BuenosAires,-34.5894720708946,-58.41923758973335,TBPHdZ1TfcmZYejEMtVj2A,1017,0,1078,8,3393,True,TBPHdZ1TfcmZYejEMtVj2A
417,2013,10,138,BuenosAires,-34.61219834939867,-58.41302741359241,23lpwzA8K4ee4f804pMHXQ,581,0,598,7,3394,True,23lpwzA8K4ee4f804pMHXQ
1174,2015,3,91,BuenosAires,-34.58478046987149,-58.38406037779497,twGH3gRRsIrpt6uvXnlgGA,1006,0,1066,5,3396,True,twGH3gRRsIrpt6uvXnlgGA
39,2019,5,599,BuenosAires,-34.62698432708174,-58.36533031307417,ofIwGrd8l1SYHeQHBaosyQ,263,0,266,8,3400,True,ofIwGrd8l1SYHeQHBaosyQ
985,2014,5,391,BuenosAires,-34.59124779027914,-58.42197045646842,TE4iHbycw8sJlbcDVQFPsg,857,0,898,7,3401,True,TE4iHbycw8sJlbcDVQFPsg
1372,2015,3,224,BuenosAires,-34.57764707234874,-58.39504613234299,o8EDrF_Djxzmo1Y_D15kSw,469,2,1209,1,3403,True,o8EDrF_Djxzmo1Y_D15kSw
1133,2014,5,424,BuenosAires,-34.58672359785109,-58.38455865919626,R66_3H87MeuA64WMm97m4Q,99,0,99,6,3404,True,R66_3H87MeuA64WMm97m4Q
564,2013,10,587,BuenosAires,-34.60816210644704,-58.37704597239409,RasZ1vPqaleWR-LbdbAQsQ,805,0,837,7,3405,True,RasZ1vPqaleWR-LbdbAQsQ
1177,2014,4,464,BuenosAires,-34.58525128401359,-58.3799994123718,Ji2R9LCSTIZ8eBeQm_eJgQ,910,1,1210,4,3406,True,Ji2R9LCSTIZ8eBeQm_eJgQ
1049,2017,6,366,BuenosAires,-34.58965533247589,-58.38759990551649,vjSWimxfw5ZigL0Z0ct-CQ,914,0,963,9,3407,True,vjSWimxfw5ZigL0Z0ct-CQ
1100,2014,7,324,BuenosAires,-34.58932323337293,-58.37485732523309,_IkTsKGE2XwgbY5EvinR0g,860,0,903,4,3425,True,_IkTsKGE2XwgbY5EvinR0g
857,2013,10,288,BuenosAires,-34.59730431618822,-58.36851220458591,zMCjg38rf8pztu8Eet-Lbg,936,0,986,8,3434,True,zMCjg38rf8pztu8Eet-Lbg
1072,2015,9,463,BuenosAires,-34.58816060892148,-58.4145781837906,1NcAZ8N4r0lYLY397gG89Q,145,0,146,8,3450,True,1NcAZ8N4r0lYLY397gG89Q
529,2019,4,427,BuenosAires,-34.60928746880641,-58.36943980490047,pUwILB28tAUJNfJTgAIuiA,793,0,824,12,3451,True,pUwILB28tAUJNfJTgAIuiA
912,2017,6,587,BuenosAires,-34.59416157377253,-58.40881072646908,S3HUq8uckE8Ehd_K7Ggk6g,1120,0,1213,1,3456,True,S3HUq8uckE8Ehd_K7Ggk6g
1064,2019,7,394,BuenosAires,-34.58791101540098,-58.36829362556567,skvtfR0Trnsez241B33JWg,434,0,442,6,3462,True,skvtfR0Trnsez241B33JWg
771,2015,2,421,BuenosAires,-34.60021438785195,-58.37405768141638,q13uqA6km-mJeIA6BNZbpg,1065,0,1136,7,3470,True,q13uqA6km-mJeIA6BNZbpg
1206,2015,6,424,BuenosAires,-34.58366765912426,-58.39810055659282,ik9GNDKODZNXzd7vR1mCPA,325,0,329,7,3476,True,ik9GNDKODZNXzd7vR1mCPA
735,2019,2,201,BuenosAires,-34.60166404957955,-58.36676968807134,fUMUDZei4P8L5JIRnmLIaw,724,0,751,4,3478,True,fUMUDZei4P8L5JIRnmLIaw
1080,2019,4,317,BuenosAires,-34.58824858745427,-58.40252615370507,eky3FEnXKLh-h5SKGARMNA,1071,0,1143,7,3480,True,eky3FEnXKLh-h5SKGARMNA
84,2014,7,203,BuenosAires,-34.62420255570873,-58.42054933162762,iCB7AtlsoFftQ1KUjlFKHg,1123,0,1216,7,3485,True,iCB7AtlsoFftQ1KUjlFKHg
524,2013,10,111,BuenosAires,-34.60921828832161,-58.37551946502978,VnSUf_lBh2T1OBf92CtfVA,673,0,697,6,3509,True,VnSUf_lBh2T1OBf92CtfVA
403,2016,11,451,BuenosAires,-34.61367330430909,-58.37256550090216,EmeSQ0zXviqcPoTRpaetvg,792,0,823,9,3518,True,EmeSQ0zXviqcPoTRpaetvg
538,2020,3,534,BuenosAires,-34.60769205459876,-58.4161785056553,HvZKQk4hF0brnc_mteV55w,115,0,116,7,3519,True,HvZKQk4hF0brnc_mteV55w
549,2014,5,209,BuenosAires,-34.60764862422463,-58.39927140032545,jESUVaQfCiC02nBEYpoIbQ,1097,0,1178,8,3522,True,jESUVaQfCiC02nBEYpoIbQ
525,2019,5,168,BuenosAires,-34.6091136474864,-58.37414725435993,cxI6gazA66DgQxemUJrv2Q,603,0,621,4,3523,True,cxI6gazA66DgQxemUJrv2Q
1188,2014,6,550,BuenosAires,-34.58544621504311,-58.36641402716871,dqGAik-LYewj8AIbveAHzA,500,1,827,5,3533,True,dqGAik-LYewj8AIbveAHzA
731,2018,5,504,BuenosAires,-34.60162285512779,-58.37254455831424,beXB6rdJH6DODN3waEuYcA,1126,0,1220,2,3538,True,beXB6rdJH6DODN3waEuYcA
696,2014,3,201,BuenosAires,-34.60319912720896,-58.36350657994041,rjofCau0ETm9mWcO1EfbtA,843,1,1221,3,3545,True,rjofCau0ETm9mWcO1EfbtA
649,2019,2,370,BuenosAires,-34.60466740561566,-58.3723523372538,BrKjZRBp1XfrfryK7NXUkw,616,2,1222,1,3554,True,BrKjZRBp1XfrfryK7NXUkw
1083,2019,4,146,BuenosAires,-34.58846950753045,-58.39813338443444,YUoz-fz3M_KymzzlnyFL6A,1066,1,1223,2,3562,True,YUoz-fz3M_KymzzlnyFL6A
846,2019,4,291,BuenosAires,-34.59691921149523,-58.38460714827976,vohnuXwgbKtWL3LJXyOuvw,1127,0,1224,6,3571,True,vohnuXwgbKtWL3LJXyOuvw
1153,2020,3,386,BuenosAires,-34.58517594501863,-58.41599316565524,zfh2HWvTw_l-H6xaduUH4g,756,0,787,6,3572,True,zfh2HWvTw_l-H6xaduUH4g
160,2014,10,274,BuenosAires,-34.62268447509304,-58.36802552101422,9wYDYvmrRO_WrXH1xB0QfQ,1070,0,1142,7,3576,True,9wYDYvmrRO_WrXH1xB0QfQ
68,2013,10,307,BuenosAires,-34.62566307540926,-58.38288661424819,j0M759C9G2g0zuWvXkWSQQ,794,0,825,6,3585,True,j0M759C9G2g0zuWvXkWSQQ
609,2014,1,180,BuenosAires,-34.60622504072531,-58.37088009044634,S7JaiiKKbO2FkNjddseN2g,1129,0,1226,1,3589,True,S7JaiiKKbO2FkNjddseN2g
320,2014,12,364,BuenosAires,-34.61675219553053,-58.3744944413305,3mVhMpCofvsMzT2Cr1lthg,1036,0,1098,10,3596,True,3mVhMpCofvsMzT2Cr1lthg
602,2019,5,476,BuenosAires,-34.60610762620836,-58.38154124545823,HROVVAVuM82OPzM2KuAvxg,948,0,999,9,3597,True,HROVVAVuM82OPzM2KuAvxg
143,2015,10,117,BuenosAires,-34.62284024706349,-58.39354758569324,OFdoU6J94Qd-bTzeK6rZcA,637,0,658,7,3613,True,OFdoU6J94Qd-bTzeK6rZcA
1102,2015,6,536,BuenosAires,-34.58840355919575,-58.36906963704361,NlxAbsQNV6Cl8Zeqsl20lQ,1063,0,1134,5,3631,True,NlxAbsQNV6Cl8Zeqsl20lQ
372,2017,6,225,BuenosAires,-34.6136288592696,-58.41886689892507,T9mrkQ9P4GZclAtSo8HwuA,398,0,404,8,3633,True,T9mrkQ9P4GZclAtSo8HwuA
927,2019,4,116,BuenosAires,-34.59421610422502,-58.38585853453467,F5AkYmgWyGNMzBaeCFwdpA,1022,0,1083,8,3635,True,F5AkYmgWyGNMzBaeCFwdpA
500,2020,3,138,BuenosAires,-34.60920860400604,-58.41151107197077,lirnZW1i-bGbdZQObU1apA,155,0,156,10,3636,True,lirnZW1i-bGbdZQObU1apA
759,2019,5,364,BuenosAires,-34.60012976075377,-58.39146960552456,7GKtSrx4gArUGuh5IleaCg,256,0,259,6,3639,True,7GKtSrx4gArUGuh5IleaCg
66,2013,11,356,BuenosAires,-34.62571573587968,-58.38575929454178,OexJyQh5MPMxAJ86T7PZ0Q,640,0,661,8,3641,True,OexJyQh5MPMxAJ86T7PZ0Q
828,2014,10,363,BuenosAires,-34.59714276441375,-58.41179146893068,VFmI3UZp8ldo82fWDQTN1w,288,0,291,6,3658,True,VFmI3UZp8ldo82fWDQTN1w
326,2016,8,134,BuenosAires,-34.61677049413024,-58.36506110110641,m97heqiBt-L7dZ8ZvMpeWg,1029,0,1090,4,3662,True,m97heqiBt-L7dZ8ZvMpeWg
834,2016,10,418,BuenosAires,-34.59682101946286,-58.40232957719025,GnWWjemgvV909gfRKjTpVA,450,0,459,6,3673,True,GnWWjemgvV909gfRKjTpVA
884,2019,5,281,BuenosAires,-34.59577464622647,-58.38911557059687,HI1xHlL_j0aqV7tF-3tBOQ,130,0,131,6,3678,True,HI1xHlL_j0aqV7tF-3tBOQ
1194,2014,9,212,BuenosAires,-34.5836611272133,-58.41589807709385,iBV11vuwIHehddFLJPgNhA,1133,0,1231,2,3682,True,iBV11vuwIHehddFLJPgNhA
999,2014,7,254,BuenosAires,-34.59121274066747,-58.40255437228631,8lWlXYF-Bw_E1gm5vHLAzw,821,0,856,5,3687,True,8lWlXYF-Bw_E1gm5vHLAzw
523,2014,6,221,BuenosAires,-34.6093274067865,-58.37697466362164,RGgCZAt4AdKP-bce-ooE7Q,903,0,951,5,3690,True,RGgCZAt4AdKP-bce-ooE7Q
409,2017,10,217,BuenosAires,-34.61360639238665,-58.36355852568069,ld6Gz-oolQsgAZNOWC_VhQ,334,1,1232,1,3692,True,ld6Gz-oolQsgAZNOWC_VhQ
1171,2017,6,430,BuenosAires,-34.58551699397907,-58.38776429014537,5fCWqgrwkckSCSfcXwVjQg,426,0,433,7,3693,True,5fCWqgrwkckSCSfcXwVjQg
467,2014,6,342,BuenosAires,-34.61081881872648,-58.39946460492796,Tt0H53NvUBL3HKuPXQm8_g,915,0,964,8,3715,True,Tt0H53NvUBL3HKuPXQm8_g
959,2017,6,269,BuenosAires,-34.59232247026756,-58.3991775335117,nlgDFKxRASU1GPZYFf32VA,826,1,1203,3,3726,True,nlgDFKxRASU1GPZYFf32VA
1301,2014,8,267,BuenosAires,-34.58020915102858,-58.37854525166688,EHYP_ZX3cgicSsUO64-JHg,1134,0,1233,4,3736,True,EHYP_ZX3cgicSsUO64-JHg
227,2015,2,44,BuenosAires,-34.61968163255046,-58.39022558116483,oi1-x5Ma9yxTUJ9OoTeJww,1038,0,1100,9,3737,True,oi1-x5Ma9yxTUJ9OoTeJww
374,2014,7,218,BuenosAires,-34.6136744021133,-58.41615008872325,wxnJV1eg-i_o3us2rHZNEw,869,0,912,10,3744,True,wxnJV1eg-i_o3us2rHZNEw
774,2014,6,168,BuenosAires,-34.60022686743554,-58.36937020104066,axU75_0OwiWHzXO8NenN3A,1119,0,1212,8,3756,True,axU75_0OwiWHzXO8NenN3A
1292,2014,11,509,BuenosAires,-34.58072850503813,-58.3921319330754,7LBWwqnpIUr18MsmxIwJMA,1132,0,1229,5,3768,True,7LBWwqnpIUr18MsmxIwJMA
916,2014,6,271,BuenosAires,-34.59438195108871,-58.40258947886071,L-4dl2e7-UZwIOcv-z_WpQ,882,0,927,6,3774,True,L-4dl2e7-UZwIOcv-z_WpQ
955,2016,11,390,BuenosAires,-34.59283982156067,-58.4057193011497,Yc2I7OlJZvE5Y6vvnLd1ow,81,1,1234,1,3780,True,Yc2I7OlJZvE5Y6vvnLd1ow
728,2017,6,255,BuenosAires,-34.60163781878592,-58.37672840851594,5ANewfx4P42YiyaMpwXbMQ,730,0,758,4,3785,True,5ANewfx4P42YiyaMpwXbMQ
573,2017,10,630,BuenosAires,-34.60766625097094,-58.36385736879138,bfavpHkDvUWDts0Pp2tDjg,276,1,1235,1,3795,True,bfavpHkDvUWDts0Pp2tDjg
921,2016,10,134,BuenosAires,-34.59468004731369,-58.3949622733757,NEN8FHcHDokAdzUiz2FU8g,517,0,528,7,3798,True,NEN8FHcHDokAdzUiz2FU8g
902,2014,7,225,BuenosAires,-34.5938613886487,-58.4231488237771,iMtYzX_n-C7YX-7vg0mX0Q,253,0,255,6,3802,True,iMtYzX_n-C7YX-7vg0mX0Q
1203,2013,10,514,BuenosAires,-34.58392378243862,-58.40235979363686,gtaZsYfRHvY3qMVx2v3EYg,823,1,1236,2,3809,True,gtaZsYfRHvY3qMVx2v3EYg
709,2015,6,323,BuenosAires,-34.60176118597024,-58.40551880474169,xrvraniIDcESHWgcOLWGnQ,525,0,538,8,3818,True,xrvraniIDcESHWgcOLWGnQ
924,2015,6,240,BuenosAires,-34.59421937828942,-58.39048886706226,u0ZOvkt_6Gts1i7MvUBQ9Q,316,0,320,9,3827,True,u0ZOvkt_6Gts1i7MvUBQ9Q
1100,2013,10,506,BuenosAires,-34.58931147855566,-58.37481544278993,EHhenEbumCIMdvkplFTH8A,860,1,1237,1,3828,True,EHhenEbumCIMdvkplFTH8A
513,2013,10,339,BuenosAires,-34.60922952416016,-58.39199823568767,-a_fdpViHtq1_t5oRQWyoQ,1117,0,1207,5,3831,True,-a_fdpViHtq1_t5oRQWyoQ
146,2020,3,402,BuenosAires,-34.62256323482453,-58.3890717548783,fr7QbLOaBJd27lH54O3cFA,866,0,909,12,3832,True,fr7QbLOaBJd27lH54O3cFA
1191,2016,11,303,BuenosAires,-34.58375500797679,-58.42062446108729,cDU-Vo5ymN3vQRU8obaXSQ,340,0,344,9,3838,True,cDU-Vo5ymN3vQRU8obaXSQ
71,2014,2,443,BuenosAires,-34.6258362602794,-58.37842053155784,9GJvLPWaGPApyrkSujqFuw,327,0,331,7,3845,True,9GJvLPWaGPApyrkSujqFuw
577,2017,6,488,BuenosAires,-34.60599798308785,-58.42204564083333,JI9y0uvq1mJ625CSXrEf-Q,152,0,153,10,3846,True,JI9y0uvq1mJ625CSXrEf-Q
425,2019,4,132,BuenosAires,-34.61213331764086,-58.40104585325789,RY1s9gW3ZY17QbYaKQ7Tqw,532,0,546,9,3857,True,RY1s9gW3ZY17QbYaKQ7Tqw
133,2013,10,460,BuenosAires,-34.62232284814732,-58.40867993254546,zlu0KtnAqc8h_QZ01SK6Qg,985,0,1043,7,3861,True,zlu0KtnAqc8h_QZ01SK6Qg
904,2017,6,344,BuenosAires,-34.59413115848407,-58.42060412204156,Z5JmOAsqX6ZK41JnOTA5IA,38,0,38,8,3865,True,Z5JmOAsqX6ZK41JnOTA5IA
1107,2019,4,245,BuenosAires,-34.58686718688423,-58.42342354350633,7FEGzvd7pg6C5qhHODRF5Q,867,0,910,7,3876,True,7FEGzvd7pg6C5qhHODRF5Q
332,2020,3,211,BuenosAires,-34.61514822400992,-58.41708456141485,3Zmrz7yeAxDbiKYikEzFug,244,1,1242,3,3885,True,3Zmrz7yeAxDbiKYikEzFug
680,2017,6,334,BuenosAires,-34.60321333153713,-58.38795046679064,E0i5y2GAJ2r9zNkbZbt7Gg,836,0,872,9,3891,True,E0i5y2GAJ2r9zNkbZbt7Gg
560,2014,8,223,BuenosAires,-34.60739616260189,-58.38306870553082,Ci9cA4QDwKmix9nmCF4LXQ,878,0,922,9,3893,True,Ci9cA4QDwKmix9nmCF4LXQ
895,2017,6,254,BuenosAires,-34.59569985824226,-58.37436629921409,uTf1ElCc8YUx4dhNttHvTg,435,0,443,5,3903,True,uTf1ElCc8YUx4dhNttHvTg
87,2014,10,447,BuenosAires,-34.62432302397531,-58.41454603906023,DM4ZyfjhVzWx-pNuEyEpkA,397,0,403,10,3906,True,DM4ZyfjhVzWx-pNuEyEpkA
466,2015,6,150,BuenosAires,-34.61093340124656,-58.40106388474557,PKLTdkmQsOXk3cAG061TEA,770,0,801,9,3910,True,PKLTdkmQsOXk3cAG061TEA
737,2014,2,157,BuenosAires,-34.60167166208262,-58.36374533740733,65QYFJjlf5mgChv4s3XxJQ,795,1,1244,3,3911,True,65QYFJjlf5mgChv4s3XxJQ
1366,2019,5,559,BuenosAires,-34.57800141358377,-58.40390175395287,7vbJlVjoIHHJOF1RacmWEQ,120,0,121,5,3916,True,7vbJlVjoIHHJOF1RacmWEQ
913,2014,5,572,BuenosAires,-34.5940322151103,-58.40743546708656,IhwuBP77vFjdpwC2Dd6zAg,642,0,663,7,3930,True,IhwuBP77vFjdpwC2Dd6zAg
762,2016,12,412,BuenosAires,-34.60027752297486,-58.38811117708567,SjXKYkLAjZmRcL-EGpOotg,649,0,670,8,3933,True,SjXKYkLAjZmRcL-EGpOotg
574,2019,5,587,BuenosAires,-34.60599165104384,-58.42351368177055,0_BA9CI9GKE7mwD6TljOig,896,0,943,10,3939,True,0_BA9CI9GKE7mwD6TljOig
1111,2017,6,558,BuenosAires,-34.58630284436383,-58.41786101616984,XZ9ywZhw1-38YhM0DOY3kw,32,0,32,7,3943,True,XZ9ywZhw1-38YhM0DOY3kw
458,2016,10,437,BuenosAires,-34.61067274149985,-58.41309643618948,2hfW3DRGVyIzlvXWf8ugYA,102,1,1245,2,3944,True,2hfW3DRGVyIzlvXWf8ugYA
600,2019,5,296,BuenosAires,-34.60619549740606,-58.3830353508534,RU_vh3XzulITRh_diblFOA,811,0,844,7,3950,True,RU_vh3XzulITRh_diblFOA
231,2017,6,362,BuenosAires,-34.61980265593503,-58.38451819884969,rUvxYPt0HgWHfmpvbF_6-Q,289,0,292,9,3952,True,rUvxYPt0HgWHfmpvbF_6-Q
944,2019,5,303,BuenosAires,-34.59276675336528,-58.42201490319792,DMk-Pmihidmhk4Vh0GeKrA,708,0,733,4,3965,True,DMk-Pmihidmhk4Vh0GeKrA
344,2016,10,453,BuenosAires,-34.61521322048802,-58.39958482949094,HrE4gQB_OwhNajT0BLu7DQ,939,0,989,9,3969,True,HrE4gQB_OwhNajT0BLu7DQ
652,2015,6,275,BuenosAires,-34.60469262122088,-58.36791386903846,PQMLqLwRCUSxVPxyCNqBPA,353,0,358,3,3974,True,PQMLqLwRCUSxVPxyCNqBPA
443,2014,5,305,BuenosAires,-34.61260028294764,-58.37397941593797,w7iuXURK-QO3r7rP63RXmQ,427,0,434,8,3983,True,w7iuXURK-QO3r7rP63RXmQ
1187,2014,8,373,BuenosAires,-34.58531914012312,-58.36643310331744,BSyQQCwBLiYylWnn9sw21w,500,3,1247,3,3984,True,BSyQQCwBLiYylWnn9sw21w
1205,2017,8,579,BuenosAires,-34.58383665049139,-58.39971166756568,cRh8mOrcfHN4u3LeKx16wg,72,0,72,5,3987,True,cRh8mOrcfHN4u3LeKx16wg
894,2014,10,534,BuenosAires,-34.59565246948996,-58.37241922468161,QTmCSu-2cO7LokFu8Z-63w,1124,0,1217,4,3991,True,QTmCSu-2cO7LokFu8Z-63w
119,2019,7,483,BuenosAires,-34.62421300777331,-58.36803821817064,5faQoShkOD_RGAyrhz0D4Q,1110,1,1248,1,3992,True,5faQoShkOD_RGAyrhz0D4Q
1096,2014,7,320,BuenosAires,-34.58770398056586,-58.37817398691968,h99VH-0B9SjUZe58_XRCLQ,29,0,29,5,4000,True,h99VH-0B9SjUZe58_XRCLQ
490,2019,2,2,BuenosAires,-34.61075354547366,-58.3657426701244,0Ch1c0SvZmhr3J9S2HbSAw,583,1,1249,2,4004,True,0Ch1c0SvZmhr3J9S2HbSAw
1114,2014,5,421,BuenosAires,-34.58676673685691,-58.41290831178276,Kimx5_OXgXkbYEH1nUCU2w,390,0,396,7,4006,True,Kimx5_OXgXkbYEH1nUCU2w
547,2016,11,417,BuenosAires,-34.6075087493103,-58.40251512937236,tqHr2baQB-aHvAjC-nzhaw,560,0,574,7,4008,True,tqHr2baQB-aHvAjC-nzhaw
153,2019,6,386,BuenosAires,-34.62268852637848,-58.3785323191119,Juzj-Vd627eO7nSdSk4pXw,801,0,833,7,4010,True,Juzj-Vd627eO7nSdSk4pXw
848,2019,5,481,BuenosAires,-34.59716662145815,-58.3816357373376,xVP8Mw-gZG-2nqbcywv7dg,1130,0,1227,4,4016,True,xVP8Mw-gZG-2nqbcywv7dg
207,2017,6,378,BuenosAires,-34.61966876349845,-58.42238290855109,2Xn__Ix3yac0l3VnxRm8rw,254,0,256,8,4029,True,2Xn__Ix3yac0l3VnxRm8rw
1202,2017,8,324,BuenosAires,-34.58363250948681,-58.40423325407879,Ewzynu_PB79pqJQ3_ItIkA,1139,0,1251,6,4034,True,Ewzynu_PB79pqJQ3_ItIkA
364,2016,11,330,BuenosAires,-34.61517591388,-58.36947038823038,-8QHvM4cdudAnbfkK-cFgw,98,0,98,9,4049,True,-8QHvM4cdudAnbfkK-cFgw
206,2014,7,192,BuenosAires,-34.61972048719432,-58.42052457024201,x9xATrV6Yw7BOZklcneYeA,285,0,288,8,4067,True,x9xATrV6Yw7BOZklcneYeA
92,2017,8,214,BuenosAires,-34.62421891281189,-58.40892776931216,LE3Mvf-UXhXTdiebK27x-w,1086,1,1252,2,4072,True,LE3Mvf-UXhXTdiebK27x-w
645,2014,1,346,BuenosAires,-34.60477510540765,-58.37856216521808,_aga8eE45oCNuyyDqjmytg,419,0,425,5,4078,True,_aga8eE45oCNuyyDqjmytg
11,2016,11,442,BuenosAires,-34.62721838836061,-58.40708946328581,DORZuHyymcrPtQm2BYVO9g,460,0,469,13,4079,True,DORZuHyymcrPtQm2BYVO9g
1371,2015,3,367,BuenosAires,-34.57705828283927,-58.39611438640065,any15mhw5Pjra_KjUel9Ow,1051,1,1253,2,4083,True,any15mhw5Pjra_KjUel9Ow
190,2020,3,338,BuenosAires,-34.6210509847956,-58.38454267619771,UQiwAYNltzqAT2YF73wULg,969,0,1024,9,4094,True,UQiwAYNltzqAT2YF73wULg
406,2019,5,518,BuenosAires,-34.61365805796576,-58.36781955118264,RMq8u7oV76PfM3Lz1vNbDg,909,0,957,11,4096,True,RMq8u7oV76PfM3Lz1vNbDg
228,2016,10,4,BuenosAires,-34.6197197101305,-58.38886802590636,Y2VsCBUuUUxARMPkQqkRNQ,818,0,852,8,4112,True,Y2VsCBUuUUxARMPkQqkRNQ
691,2018,5,299,BuenosAires,-34.60326251624363,-58.37107419287836,R1IOaZy1SKhWJtR8nKSAnw,270,1,1254,1,4123,True,R1IOaZy1SKhWJtR8nKSAnw
1134,2017,9,570,BuenosAires,-34.5862842346752,-58.38130276287409,AQ2K4RPb1EYVHo_KdNfx3A,274,1,1255,2,4132,True,AQ2K4RPb1EYVHo_KdNfx3A
85,2014,5,342,BuenosAires,-34.62419921417136,-58.41914303289855,yyydpS-7eGqx-0eZiqGFMA,888,0,934,9,4137,True,yyydpS-7eGqx-0eZiqGFMA
4,2017,6,386,BuenosAires,-34.62714983898697,-58.41752038649368,ALGDXQuN9akAxBZnm4MO2Q,808,0,840,3,4144,True,ALGDXQuN9akAxBZnm4MO2Q
455,2020,3,195,BuenosAires,-34.61071449137433,-58.41733090348388,qtLWmQUR8SRlPxUF5ruWXA,71,0,71,10,4145,True,qtLWmQUR8SRlPxUF5ruWXA
251,2019,4,310,BuenosAires,-34.618442259133,-58.41594943843572,xMc6wg_NDMdn6iLle7nI3Q,1,0,1,7,4151,True,xMc6wg_NDMdn6iLle7nI3Q
1195,2017,8,517,BuenosAires,-34.5838024346049,-58.41468899973464,c9WC7bKjo2cUXByxC-KJdA,37,0,37,7,4169,True,c9WC7bKjo2cUXByxC-KJdA
857,2019,10,451,BuenosAires,-34.59731649781317,-58.36853233198278,ojxLRA5bM9dTAu53G8iBdA,936,1,1258,2,4171,True,ojxLRA5bM9dTAu53G8iBdA
962,2017,7,519,BuenosAires,-34.59267505035064,-58.39499998455446,TqeUGkL45ygj4gd9MitFMQ,748,1,1259,1,4173,True,TqeUGkL45ygj4gd9MitFMQ
629,2019,4,396,BuenosAires,-34.60471733856816,-58.40256496273206,7YtlXWFJdXdsiSOW9IZ_1w,166,0,167,9,4185,True,7YtlXWFJdXdsiSOW9IZ_1w
196,2014,3,141,BuenosAires,-34.62120352509163,-58.37569027500473,zDyYHyY2H_VxlIFKg73s1A,925,0,975,10,4187,True,zDyYHyY2H_VxlIFKg73s1A
584,2019,5,330,BuenosAires,-34.60627920613697,-58.41126465421713,9wXdy4aUPfSh9uWd3SBIvw,1014,0,1075,7,4189,True,9wXdy4aUPfSh9uWd3SBIvw
937,2019,5,349,BuenosAires,-34.59422068025552,-58.3711428220959,TtzFEN6JHeQHLz9klS-_pQ,789,1,1260,2,4191,True,TtzFEN6JHeQHLz9klS-_pQ
1118,2019,4,382,BuenosAires,-34.58673580921985,-58.40700430473466,QT5Ic7ghtaBPztGcgPAGQg,852,0,892,7,4197,True,QT5Ic7ghtaBPztGcgPAGQg
746,2015,6,428,BuenosAires,-34.60008766809914,-58.41298284834429,EUKan9R3JhnJqQ9h8G8rJA,591,0,609,7,4245,True,EUKan9R3JhnJqQ9h8G8rJA
509,2013,10,302,BuenosAires,-34.60913219207145,-58.39765353328352,-QHn5f8-cJDBPrKpe0sCwQ,881,0,925,10,4254,True,-QHn5f8-cJDBPrKpe0sCwQ
202,2017,8,612,BuenosAires,-34.62154146875509,-58.36648569774709,AUDCFvOyj1KdRmuu1Q_0Dw,655,0,676,6,4256,True,AUDCFvOyj1KdRmuu1Q_0Dw
104,2013,10,424,BuenosAires,-34.62391237457577,-58.38900159319559,EokNmZcPG1IcvY7egzK6ag,1059,0,1129,5,4261,True,EokNmZcPG1IcvY7egzK6ag
607,2019,2,548,BuenosAires,-34.60611784948238,-58.37367920108408,LgHXCda6JJKWwLqJvzI2yA,272,1,1262,1,4265,True,LgHXCda6JJKWwLqJvzI2yA
729,2017,6,198,BuenosAires,-34.60168823231589,-58.37394226430575,MX987Zn2fZxXyCBgZxHkeQ,899,0,946,5,4267,True,MX987Zn2fZxXyCBgZxHkeQ
203,2019,10,327,BuenosAires,-34.62121458413934,-58.36545259062121,u4ZDCIW_1SnpuZeze7E1Xg,42,1,1263,1,4268,True,u4ZDCIW_1SnpuZeze7E1Xg
829,2014,11,545,BuenosAires,-34.59720757976199,-58.41025508554966,kZt3r4VY2mp4kEGg_Ee7XA,381,0,387,4,4269,True,kZt3r4VY2mp4kEGg_Ee7XA
108,2017,8,198,BuenosAires,-34.62414938280771,-58.38579899186009,gFdSKIMaAUjD_Bx771tm-g,987,0,1045,6,4281,True,gFdSKIMaAUjD_Bx771tm-g
154,2015,1,188,BuenosAires,-34.6226542941459,-58.37717405229248,BGXUPNJILSaAX2X4uNJYpQ,636,0,657,9,4304,True,BGXUPNJILSaAX2X4uNJYpQ
819,2013,10,179,BuenosAires,-34.59870238479723,-58.36361265361232,W9sL0zduL7PzRlECzvchAA,816,0,850,8,4305,True,W9sL0zduL7PzRlECzvchAA
327,2017,10,265,BuenosAires,-34.61666496539121,-58.36322586710934,P9f4u5SoFjHrgvqyo_z82Q,1094,0,1175,3,4332,True,P9f4u5SoFjHrgvqyo_z82Q
671,2013,10,588,BuenosAires,-34.60322256482923,-58.40087667231114,QQkeeb_aclQCudd-8Xlk0g,1076,0,1150,5,4335,True,QQkeeb_aclQCudd-8Xlk0g
876,2017,7,389,BuenosAires,-34.59561801084944,-58.40140435054064,5mYTx4OAEYrlGeUejHEoaA,1025,0,1086,9,4337,True,5mYTx4OAEYrlGeUejHEoaA
376,2014,6,371,BuenosAires,-34.61365846144317,-58.41302950969422,FR77nDtc0Zu0ynwZky6NJA,762,0,793,7,4342,True,FR77nDtc0Zu0ynwZky6NJA
70,2014,4,375,BuenosAires,-34.625661264066,-58.38007090400374,PpRV1Ri_4z_kJ981O3ljpQ,230,0,231,11,4344,True,PpRV1Ri_4z_kJ981O3ljpQ
803,2014,7,156,BuenosAires,-34.5983019259795,-58.38765165496274,UJedtd7vvlzOhddMU2m7wA,971,0,1027,11,4350,True,UJedtd7vvlzOhddMU2m7wA
647,2014,9,579,BuenosAires,-34.60456930103588,-58.37551470528348,IbU8dFgqWzzDok8Xmv_M4w,1082,0,1157,6,4360,True,IbU8dFgqWzzDok8Xmv_M4w
314,2014,1,292,BuenosAires,-34.61665299340203,-58.38306026718964,8Sjvt8cyIZmh50HgGcKalA,273,0,276,11,4365,True,8Sjvt8cyIZmh50HgGcKalA
109,2017,6,513,BuenosAires,-34.6241394373753,-58.3829416763151,SXG8gDm4vgzNJZXqozz7vA,625,0,644,9,4367,True,SXG8gDm4vgzNJZXqozz7vA
853,2019,5,389,BuenosAires,-34.59723140085864,-58.37428024144575,9LpQEHfywUdcSSGDDk-HtQ,233,0,234,8,4384,True,9LpQEHfywUdcSSGDDk-HtQ
181,2013,10,193,BuenosAires,-34.62127901218219,-58.39834828359309,PLOZ-6rMPDlYqGOw0WzPtA,950,0,1003,8,4391,True,PLOZ-6rMPDlYqGOw0WzPtA
1360,2016,10,477,BuenosAires,-34.57747201228938,-58.41292358343645,To6FRu378I4LY-JClFSbfA,1125,0,1218,5,4393,True,To6FRu378I4LY-JClFSbfA
684,2017,6,489,BuenosAires,-34.60302219201635,-58.38126910518267,6EzRAfjPxgNirJGo1Gx4xw,350,0,355,9,4397,True,6EzRAfjPxgNirJGo1Gx4xw
682,2014,7,354,BuenosAires,-34.60317929693894,-58.38517235993744,X2IhqSZ5sV_l-qWylGNOFg,382,0,388,7,4418,True,X2IhqSZ5sV_l-qWylGNOFg
430,2014,5,72,BuenosAires,-34.61214274009747,-58.3932898401118,q_0NIP6q0yQ2q4GYi7Nhyg,676,0,700,9,4432,True,q_0NIP6q0yQ2q4GYi7Nhyg
433,2014,6,473,BuenosAires,-34.61221234292912,-58.38893401700485,F-17pPeIJs6R6sgKQmQGcw,12,0,12,9,4433,True,F-17pPeIJs6R6sgKQmQGcw
119,2015,5,501,BuenosAires,-34.6241954320995,-58.36802927253383,cQd5JRyhwsLRFDKrkVoLVA,1110,2,1269,1,4434,True,cQd5JRyhwsLRFDKrkVoLVA
897,2019,10,250,BuenosAires,-34.59629142243609,-58.36891470391031,bqoG06Jr5g4Zs8ZPsOe3-w,883,1,1270,2,4436,True,bqoG06Jr5g4Zs8ZPsOe3-w
106,2013,11,228,BuenosAires,-34.62420541859395,-58.38719293764329,j-MpJFhTST5xOOPPcMdU0A,107,0,108,9,4450,True,j-MpJFhTST5xOOPPcMdU0A
1108,2013,10,276,BuenosAires,-34.58652008296927,-58.42182329623096,OmIg1SLy9CjnOhAAVU9Dag,744,0,774,8,4451,True,OmIg1SLy9CjnOhAAVU9Dag
468,2014,2,444,BuenosAires,-34.61071448729011,-58.39807343455343,IDgjPYZJbZemBgfCxExk3A,905,0,953,7,4458,True,IDgjPYZJbZemBgfCxExk3A
727,2013,10,274,BuenosAires,-34.60160393494561,-58.37816807588642,OnxUKtg6EVg-9LsQIxGgjg,643,0,664,7,4470,True,OnxUKtg6EVg-9LsQIxGgjg
1203,2014,5,485,BuenosAires,-34.58392750913681,-58.40235702716355,m-9ODe9Xw44x8d9Tk_-RVw,823,0,858,5,4475,True,m-9ODe9Xw44x8d9Tk_-RVw
1035,2013,10,483,BuenosAires,-34.58973024190463,-58.40854955801658,9eXY_V4DVEafqwMCD5pmog,157,0,158,8,4484,True,9eXY_V4DVEafqwMCD5pmog
1115,2013,10,217,BuenosAires,-34.58679539902481,-58.41161865874985,k0a_GFpvuQms2-VpWVEPOw,184,0,185,5,4486,True,k0a_GFpvuQms2-VpWVEPOw
945,2014,7,515,BuenosAires,-34.59277898833202,-58.42054644171608,GRH_1h_AiECq9LIZ3P5UoQ,694,1,1272,1,4494,True,GRH_1h_AiECq9LIZ3P5UoQ
250,2014,8,578,BuenosAires,-34.6186089224236,-58.41753607356959,Tt3WS7i5NVpv1nXJWdf6WQ,736,0,765,6,4498,True,Tt3WS7i5NVpv1nXJWdf6WQ
302,2017,6,396,BuenosAires,-34.61672371159674,-58.40115633126177,hcW8uIdJ0VLez0fn7Tjsxg,368,0,373,7,4515,True,hcW8uIdJ0VLez0fn7Tjsxg
328,2016,10,564,BuenosAires,-34.61475541685986,-58.4236305010883,i2zWlgGMknQB5k5-XuZVjQ,330,0,334,6,4516,True,i2zWlgGMknQB5k5-XuZVjQ
1098,2013,10,395,BuenosAires,-34.58873938723137,-58.3759653287694,y1HuvSC21C8Zjpo3TN_qSg,711,1,1273,1,4520,True,y1HuvSC21C8Zjpo3TN_qSg
954,2017,7,486,BuenosAires,-34.59303717689779,-58.40664574500195,bE8NFDBYJDWi7zFSF4rClw,355,0,360,6,4522,True,bE8NFDBYJDWi7zFSF4rClw
994,2014,7,303,BuenosAires,-34.59122962402019,-58.40845003447595,4d6tvIJRytnMgRyIQaBWzg,973,0,1029,7,4531,True,4d6tvIJRytnMgRyIQaBWzg
738,2015,6,209,BuenosAires,-34.60017653047523,-58.42374288063834,ZS96HUZXLcmIB1RXm6wQAw,946,0,997,8,4532,True,ZS96HUZXLcmIB1RXm6wQAw
91,2014,5,333,BuenosAires,-34.62400535326913,-58.41133787947945,uKfalOlrELk8eWcD66wvYQ,662,0,683,6,4533,True,uKfalOlrELk8eWcD66wvYQ
993,2019,4,146,BuenosAires,-34.59114743280123,-58.40994145227774,94ZK-m77pT4b4A3zy5zEgA,1093,0,1173,8,4535,True,94ZK-m77pT4b4A3zy5zEgA
305,2014,11,313,BuenosAires,-34.61659308614154,-58.39769729248266,LvuxWGBp6_h1rc5pVAa3Rg,449,0,457,9,4547,True,LvuxWGBp6_h1rc5pVAa3Rg
883,2015,2,270,BuenosAires,-34.59578325532704,-58.39060573965926,jygSeTFKCxSOK7_r-CzR7A,935,1,1274,1,4556,True,jygSeTFKCxSOK7_r-CzR7A
567,2016,11,210,BuenosAires,-34.60767740474258,-58.37217783090203,9Pq6aSVDA0Irgsth5zBRmQ,491,0,501,6,4566,True,9Pq6aSVDA0Irgsth5zBRmQ
883,2013,10,99,BuenosAires,-34.59581875937165,-58.39057464140434,tGzpbHBIU-NaA_g2DMDwUQ,935,0,985,5,4575,True,tGzpbHBIU-NaA_g2DMDwUQ
734,2016,9,608,BuenosAires,-34.60170868840986,-58.36808183380607,Q-h-h-yfTCwrhu_VizcYQQ,1145,0,1275,4,4577,True,Q-h-h-yfTCwrhu_VizcYQQ
721,2014,6,311,BuenosAires,-34.60160434805482,-58.38602085791678,gsUF58B2yE45gi60H2f8PA,819,0,853,8,4579,True,gsUF58B2yE45gi60H2f8PA
1304,2019,5,263,BuenosAires,-34.58091632018852,-58.37417555952535,AW1c8yPOaPU1VOjWO7x8Pw,696,0,721,4,4581,True,AW1c8yPOaPU1VOjWO7x8Pw
34,2015,5,205,BuenosAires,-34.62717049361753,-58.37251127256878,bbBRaHygq-gXabeQcj8yKQ,280,0,283,8,4586,True,bbBRaHygq-gXabeQcj8yKQ
1105,2013,10,410,BuenosAires,-34.58686136686573,-58.36742101763312,kIKRlFoIniSkD-rcCW-INw,1141,0,1257,5,4587,True,kIKRlFoIniSkD-rcCW-INw
821,2014,2,720,BuenosAires,-34.59721879835941,-58.42167651538699,Hdu8vv4VC4rlNfs8H8mmow,1073,0,1146,8,4599,True,Hdu8vv4VC4rlNfs8H8mmow
634,2014,7,396,BuenosAires,-34.60444896504055,-58.39506159956992,uzX-ccBjjaaLu-jW_etPFA,906,0,954,6,4600,True,uzX-ccBjjaaLu-jW_etPFA
212,2014,7,333,BuenosAires,-34.61967801073381,-58.41457024820275,Q8FoWHypkNYwZ_u881fOXw,315,0,319,8,4616,True,Q8FoWHypkNYwZ_u881fOXw
609,2019,5,354,BuenosAires,-34.60622640140114,-58.3708840371855,Ec_8DA8scbujNxSgqhC8ag,1129,1,1264,4,4621,True,Ec_8DA8scbujNxSgqhC8ag
333,2017,6,238,BuenosAires,-34.61519755482153,-58.4158350756104,zf2OdFSY1h9LoCDGKm0vZA,338,0,342,6,4628,True,zf2OdFSY1h9LoCDGKm0vZA
898,2014,10,258,BuenosAires,-34.59557805400315,-58.36917167936888,LtQhrtq6Hr5rY3hx1A3Umg,221,0,222,7,4633,True,LtQhrtq6Hr5rY3hx1A3Umg
1099,2014,7,447,BuenosAires,-34.58852406489348,-58.37207761227585,HdV1iCu7bxwnvJgcNtLhcw,863,0,906,3,4642,True,HdV1iCu7bxwnvJgcNtLhcw
284,2017,8,437,BuenosAires,-34.61822555152469,-58.36647082063936,vl2Y6uPcNQaLa1hmWCkp6g,739,1,1276,2,4645,True,vl2Y6uPcNQaLa1hmWCkp6g
799,2019,4,142,BuenosAires,-34.59869143294137,-58.39350179338187,m5YYFTLO1ZHnnpZ1wDkeCg,529,0,543,9,4646,True,m5YYFTLO1ZHnnpZ1wDkeCg
675,2014,7,336,BuenosAires,-34.60324262280272,-58.39509568350935,ScjQT-kawYrNvnp1JtFTAw,958,0,1012,5,4655,True,ScjQT-kawYrNvnp1JtFTAw
448,2019,5,378,BuenosAires,-34.61219189536622,-58.36646826642568,sgEJCIDWvU4e0b42H6v0Og,654,0,675,6,4659,True,sgEJCIDWvU4e0b42H6v0Og
273,2013,10,357,BuenosAires,-34.61816997547257,-58.3829939256144,b6Ix4_1hRl3CdP3F6mkZxQ,448,0,456,8,4663,True,b6Ix4_1hRl3CdP3F6mkZxQ
385,2014,8,289,BuenosAires,-34.613688826516,-58.40015959200525,K5fd7ZAUocbFM7c1v4ktBQ,425,0,432,10,4665,True,K5fd7ZAUocbFM7c1v4ktBQ
463,2020,3,333,BuenosAires,-34.6107739518595,-58.40596386919693,gHlMdjhSVO0eVzDRiUIquA,438,0,446,7,4667,True,gHlMdjhSVO0eVzDRiUIquA
422,2015,1,179,BuenosAires,-34.61216727073846,-58.40567092732832,mU8kME77MSFwuNle_3jPgQ,46,0,46,6,4674,True,mU8kME77MSFwuNle_3jPgQ
498,2014,5,394,BuenosAires,-34.60936493201719,-58.41449442120745,bMvrDwk-qbZiBHwKKHogsw,437,0,445,12,4678,True,bMvrDwk-qbZiBHwKKHogsw
1113,2014,7,629,BuenosAires,-34.58672350394078,-58.41460242431872,vsPED8uK4wwtyZpfKWERyQ,995,0,1055,8,4680,True,vsPED8uK4wwtyZpfKWERyQ
787,2014,10,459,BuenosAires,-34.5986843968496,-58.41203420811507,IbJNBpdbO9TQB6zxlgoLjw,712,0,737,9,4682,True,IbJNBpdbO9TQB6zxlgoLjw
178,2014,7,409,BuenosAires,-34.62138321356682,-58.404020898768,g_wMyl1kKMsLY0C5uguqNA,889,0,935,7,4688,True,g_wMyl1kKMsLY0C5uguqNA
667,2019,4,517,BuenosAires,-34.60306563280581,-58.40701580702102,IENMRiB73oZF1M4hUp-PgA,568,0,584,7,4690,True,IENMRiB73oZF1M4hUp-PgA
666,2014,5,394,BuenosAires,-34.60316182874125,-58.40854592186448,0wJPbBwURR1DIEriDmoB0g,1024,0,1085,8,4699,True,0wJPbBwURR1DIEriDmoB0g
792,2015,6,431,BuenosAires,-34.59876223897131,-58.40387113908265,FFE5hm-IG9qReOmDECzf8Q,820,0,854,6,4706,True,FFE5hm-IG9qReOmDECzf8Q
157,2017,10,148,BuenosAires,-34.62271492438308,-58.37247888292519,3d01XIeYaYSEBks3WSU2sw,59,0,59,13,4709,True,3d01XIeYaYSEBks3WSU2sw
1045,2016,8,337,BuenosAires,-34.58969688002791,-58.39353125542402,CAoSLEFGMVFpcE9QNUdld2RtclowdUszeFJEbXJhdkRlSWtJUnFxbm9mRHAzeEJT,733,1,1277,1,4711,True,CAoSLEFGMVFpcE9QNUdld2RtclowdUszeFJEbXJhdkRlSWtJUnFxbm9mRHAzeEJT
405,2020,3,682,BuenosAires,-34.6136503957129,-58.36947727865725,13-zFnY2Sr9ewRNrObc56w,63,0,63,12,4723,True,13-zFnY2Sr9ewRNrObc56w
698,2019,4,201,BuenosAires,-34.60177432672194,-58.42197692102349,PQNuz-OBUNnKyYvQSvw95A,900,0,947,3,4724,True,PQNuz-OBUNnKyYvQSvw95A
358,2016,10,434,BuenosAires,-34.61513722314312,-58.3785003412551,jgMzFyqMRgkf4PxEObjzag,170,0,171,8,4725,True,jgMzFyqMRgkf4PxEObjzag
409,2019,2,176,BuenosAires,-34.6136179959766,-58.36357258180107,chYtWQyAnstb6e4P2o4mlw,334,2,1280,1,4728,True,chYtWQyAnstb6e4P2o4mlw
565,2019,5,447,BuenosAires,-34.60808574634329,-58.37564786010466,8v_DTFyvslb3xOdl79IEVg,507,0,518,7,4743,True,8v_DTFyvslb3xOdl79IEVg
1290,2019,5,266,BuenosAires,-34.58081772366967,-58.39486847530673,e8Aq_hAjczYbHHkOb4J89w,780,1,1281,1,4748,True,e8Aq_hAjczYbHHkOb4J89w
1125,2013,10,483,BuenosAires,-34.58673837348503,-58.39648855422243,16Qdzoi5qrvqsBBO5eSsbQ,161,0,162,5,4761,True,16Qdzoi5qrvqsBBO5eSsbQ
416,2015,6,222,BuenosAires,-34.61170336176608,-58.41467799729759,CwKI2366ZekP_pedYjdq6A,873,0,916,7,4764,True,CwKI2366ZekP_pedYjdq6A
516,2016,10,393,BuenosAires,-34.60909352579186,-58.38733628636709,CPai8Q16ELgzaXjSO8JiDg,252,0,254,8,4774,True,CPai8Q16ELgzaXjSO8JiDg
282,2014,3,251,BuenosAires,-34.61824638841216,-58.36801457379784,e_zrDHT_RrmJOo2J9MxCIw,921,0,971,7,4775,True,e_zrDHT_RrmJOo2J9MxCIw
78,2019,7,335,BuenosAires,-34.6257177531585,-58.36803254619922,loVBFHZz1g9cI56q75aLrg,807,0,839,8,4778,True,loVBFHZz1g9cI56q75aLrg
366,2014,8,48,BuenosAires,-34.61526516592104,-58.36687445916356,rR5pgDATZx1G4Dbq94vfAw,799,0,831,5,4785,True,rR5pgDATZx1G4Dbq94vfAw
1331,2014,7,212,BuenosAires,-34.57862733236128,-58.39431123109063,81XVJ_oX_mIhjVyWSnJgWA,1052,1,1282,1,4787,True,81XVJ_oX_mIhjVyWSnJgWA
99,2014,8,616,BuenosAires,-34.62453007188456,-58.39801950776955,YmrbCGSFJnR9yAIJmJFQcg,650,0,671,9,4796,True,YmrbCGSFJnR9yAIJmJFQcg
1121,2014,5,191,BuenosAires,-34.58684226073458,-58.40245717983885,A4yfoBu2XXZYrAO6VeRH0g,371,0,376,5,4799,True,A4yfoBu2XXZYrAO6VeRH0g
1045,2019,5,399,BuenosAires,-34.58968611772119,-58.39351602380118,sPyxY6y43Brf3giDatyFzQ,733,0,761,8,4800,True,sPyxY6y43Brf3giDatyFzQ
1312,2017,8,521,BuenosAires,-34.57869469411252,-58.42272149608923,jWjUoiJEClgSFThxo1bqog,1074,1,1284,1,4814,True,jWjUoiJEClgSFThxo1bqog
49,2017,6,224,BuenosAires,-34.62570284463195,-58.41205026434681,k3s5FJxD5SI0Tyk2pvThGA,723,0,750,7,4815,True,k3s5FJxD5SI0Tyk2pvThGA
1172,2019,5,112,BuenosAires,-34.58518655905424,-58.38903031267702,hXgC1eVNLDxtahKnDq_x2A,555,0,569,4,4823,True,hXgC1eVNLDxtahKnDq_x2A
140,2013,10,141,BuenosAires,-34.62271852491193,-58.39795924535746,D30FxI-QQm-TmYSoDzDBFA,236,0,237,8,4826,True,D30FxI-QQm-TmYSoDzDBFA
424,2014,5,299,BuenosAires,-34.61223751714339,-58.4025746356681,s8J_LEEY6U-hKUAio6bCzw,97,0,97,9,4827,True,s8J_LEEY6U-hKUAio6bCzw
648,2015,6,610,BuenosAires,-34.60446820054779,-58.37408844095836,jWcStXe2b8JFrcCvP-qL-Q,891,0,937,6,4830,True,jWcStXe2b8JFrcCvP-qL-Q
687,2013,10,353,BuenosAires,-34.60342499650199,-58.37704336604641,GkIBknJP3sTfJGxhyV1jwQ,908,0,956,9,4834,True,GkIBknJP3sTfJGxhyV1jwQ
311,2015,1,429,BuenosAires,-34.61668246351587,-58.38751508846316,pXWVKI_ZwHTKtkk4Zrs_DQ,1039,1,1285,1,4836,True,pXWVKI_ZwHTKtkk4Zrs_DQ
288,2019,4,604,BuenosAires,-34.61677389358461,-58.4220216787426,Cc5r1TJA7a7IMBXsAuS0cw,300,0,304,6,4844,True,Cc5r1TJA7a7IMBXsAuS0cw
26,2013,10,174,BuenosAires,-34.62716886645683,-58.38434525192643,PrkQ_w9LcnjgUZXcV4SfVg,1095,0,1176,10,4847,True,PrkQ_w9LcnjgUZXcV4SfVg
117,2014,6,343,BuenosAires,-34.62422040380266,-58.37098704802688,EID6oeqf2d-Tj4n_XQjfOQ,388,0,394,9,4862,True,EID6oeqf2d-Tj4n_XQjfOQ
404,2014,7,546,BuenosAires,-34.61359181782277,-58.37104148051058,UI3LRt6lOgYhA0pSGjomTg,777,0,808,10,4863,True,UI3LRt6lOgYhA0pSGjomTg
806,2014,5,198,BuenosAires,-34.59870777586991,-58.38253695378952,RziksNFhWEcEUxPl-kCdPg,575,0,592,11,4868,True,RziksNFhWEcEUxPl-kCdPg
611,2015,10,407,BuenosAires,-34.60616825358844,-58.36776258095205,z9UpzVZZuTCQRaUWanLylA,251,1,1287,1,4890,True,z9UpzVZZuTCQRaUWanLylA
986,2013,10,694,BuenosAires,-34.59118832997749,-58.42046570470936,zXAZJ0Parv-MoLBY50odIA,962,0,1016,7,4892,True,zXAZJ0Parv-MoLBY50odIA
114,2013,10,145,BuenosAires,-34.62421132692538,-58.37548829710586,vNEPjdMs5_ivtHsaIqPCzw,333,0,337,9,4894,True,vNEPjdMs5_ivtHsaIqPCzw
540,2014,5,312,BuenosAires,-34.60755297409079,-58.41304255146893,M9fGmGeNcH4cDntZPsRFwA,169,0,170,10,4895,True,M9fGmGeNcH4cDntZPsRFwA
441,2014,7,539,BuenosAires,-34.61220625535417,-58.37696499014369,MF-Zc2fxD6gThg0LnV3X6w,586,0,604,5,4906,True,MF-Zc2fxD6gThg0LnV3X6w
1051,2015,3,477,BuenosAires,-34.58931636523455,-58.38405832794324,__Go_kq_tR2tkt7eWvnZtQ,54,0,54,7,4913,True,__Go_kq_tR2tkt7eWvnZtQ
107,2014,5,104,BuenosAires,-34.62422305262456,-58.38438227068117,3AvEL1WWTG22-t27_Ge4fQ,406,1,438,7,4925,True,3AvEL1WWTG22-t27_Ge4fQ
846,2013,10,269,BuenosAires,-34.59693033143849,-58.38460096456172,eQOAdkDFyt0e4yCij0IG1w,1127,1,1288,2,4941,True,eQOAdkDFyt0e4yCij0IG1w
1161,2017,6,529,BuenosAires,-34.58500484303313,-58.40316433614051,CzhhH45AZf7t0vErcBUDeg,697,0,722,5,4948,True,CzhhH45AZf7t0vErcBUDeg
1289,2019,8,597,BuenosAires,-34.5812494782696,-58.39694591872962,Xkw03c-vKyFctWFE947R-A,879,0,923,9,4957,True,Xkw03c-vKyFctWFE947R-A
311,2013,10,321,BuenosAires,-34.61669809183647,-58.38753380003256,Gj3Bfd0bMjoZKWdpYGONcQ,1039,0,1101,7,4972,True,Gj3Bfd0bMjoZKWdpYGONcQ
185,2015,5,287,BuenosAires,-34.62117251477772,-58.39157313425796,2-eWG4dGN4UkRnZoTUhQ_w,976,0,1033,13,4974,True,2-eWG4dGN4UkRnZoTUhQ_w
138,2014,5,335,BuenosAires,-34.62270676462257,-58.40125340043488,Et9ZFbuarEYn6GFaGBfwGg,424,0,430,7,4976,True,Et9ZFbuarEYn6GFaGBfwGg
1152,2019,4,591,BuenosAires,-34.58482476339825,-58.41786439658298,b2tuWCQArMS2cJM8nKv51g,547,0,561,7,4983,True,b2tuWCQArMS2cJM8nKv51g
945,2013,10,493,BuenosAires,-34.59277667558442,-58.42054325295957,QatL8R5UgCmoa5DpkmmOSA,694,0,719,4,4984,True,QatL8R5UgCmoa5DpkmmOSA
1000,2014,6,260,BuenosAires,-34.5912278621506,-58.39949513278534,h2lZyYnWj-YwvJwWZsJAUA,1027,0,1088,5,4985,True,h2lZyYnWj-YwvJwWZsJAUA
704,2014,7,264,BuenosAires,-34.60146845213161,-58.4130092059462,jrgPGUF2wwhbK86HZ4D1zQ,990,0,1050,6,4988,True,jrgPGUF2wwhbK86HZ4D1zQ
766,2014,5,237,BuenosAires,-34.60022627710296,-58.38152923085571,1Yiz6BruOQ5oyqQr0SA4XQ,441,2,877,8,5001,True,1Yiz6BruOQ5oyqQr0SA4XQ
1382,2013,10,442,BuenosAires,-34.57924781014157,-58.38135741686457,xvNcDlw6hKDnGhnpAd19FA,163,0,164,6,5005,True,xvNcDlw6hKDnGhnpAd19FA
1313,2013,10,461,BuenosAires,-34.57947470020569,-58.42372176340046,y-stSZf3ph7KvUUSLZOxFA,8,0,8,5,5007,True,y-stSZf3ph7KvUUSLZOxFA
456,2015,3,411,BuenosAires,-34.61084344506309,-58.41606129022416,1FkqEMm2G460vpsIxH2C7Q,773,0,804,5,5014,True,1FkqEMm2G460vpsIxH2C7Q
1065,2013,10,223,BuenosAires,-34.58717957276717,-58.36768617883934,LNgHo5qRV96Rl9D8NVnf-w,806,0,838,5,5020,True,LNgHo5qRV96Rl9D8NVnf-w
1098,2014,5,212,BuenosAires,-34.5887744878976,-58.37596910364411,RuRLaidGO8jXQwpW8m7d6A,711,2,1289,1,5022,True,RuRLaidGO8jXQwpW8m7d6A
1318,2017,6,430,BuenosAires,-34.57948312936959,-58.41467690836911,d9vViKn-5iU4C7Tn2muPQg,1131,0,1228,5,5029,True,d9vViKn-5iU4C7Tn2muPQg
741,2015,6,259,BuenosAires,-34.60008799749311,-58.41911795951786,UKorBitf7ojehuMcD5A8Aw,970,1,1268,3,5030,True,UKorBitf7ojehuMcD5A8Aw
17,2016,12,209,BuenosAires,-34.62707340579915,-58.39804449921485,i8IgMN1nB-mjzIjBRhknYg,753,0,784,9,5031,True,i8IgMN1nB-mjzIjBRhknYg
347,2016,10,559,BuenosAires,-34.61516561138593,-58.39500966423646,p6OrSQdAj7XoN0AtrTmU_w,224,0,225,7,5037,True,p6OrSQdAj7XoN0AtrTmU_w
279,2014,3,222,BuenosAires,-34.6181817868752,-58.37440190421135,DUDnj8UcwQzrlvK4mU08pg,132,0,133,11,5043,True,DUDnj8UcwQzrlvK4mU08pg
551,2014,5,210,BuenosAires,-34.60766961739711,-58.39640897291424,N-mHgSbg0stCE4UvHE4iHw,689,0,714,8,5046,True,N-mHgSbg0stCE4UvHE4iHw
1020,2013,11,70,BuenosAires,-34.59115701027174,-58.37071482540895,oSRCVGWkVGBgp9fnGXwurg,64,0,64,6,5048,True,oSRCVGWkVGBgp9fnGXwurg
414,2013,10,352,BuenosAires,-34.61239236326513,-58.41745882420316,USbw_PZOPxDQ_sLeIIS8JA,895,0,941,7,5054,True,USbw_PZOPxDQ_sLeIIS8JA
1085,2014,6,584,BuenosAires,-34.58808013559015,-58.39498189182225,1txQ11oqxY7JYO2rI-c4gw,702,0,727,7,5066,True,1txQ11oqxY7JYO2rI-c4gw
1315,2013,10,580,BuenosAires,-34.57916863921326,-58.41905855302159,NumJ6RvXvY5eSRAnOZwSbw,416,1,1291,2,5079,True,NumJ6RvXvY5eSRAnOZwSbw
220,2015,6,416,BuenosAires,-34.61973429554664,-58.4010789096621,1vfUEMYcjvaDXd3glN-kMw,482,0,492,9,5082,True,1vfUEMYcjvaDXd3glN-kMw
299,2015,6,114,BuenosAires,-34.61673701833692,-58.40566464152904,3_bbIjrZ7m_vrNPtR1ZQ1w,505,1,1126,5,5085,True,3_bbIjrZ7m_vrNPtR1ZQ1w
815,2014,3,420,BuenosAires,-34.59866490831028,-58.37098335924875,J53Hh_Tk1DxNFvYHO7gD6Q,1122,0,1215,4,5088,True,J53Hh_Tk1DxNFvYHO7gD6Q
242,2013,10,355,BuenosAires,-34.6193802913504,-58.36794187662393,c-9ugHuzcOeEwnd_R8LudQ,53,0,53,4,5094,True,c-9ugHuzcOeEwnd_R8LudQ
1132,2016,10,227,BuenosAires,-34.58674875222073,-58.38600829234355,3BO72LWJJhE9Iuk3kjctLA,885,0,930,8,5097,True,3BO72LWJJhE9Iuk3kjctLA
783,2013,10,680,BuenosAires,-34.59869427439072,-58.41745901308295,q682EpKTspaBehRQDNk4RA,887,0,933,8,5100,True,q682EpKTspaBehRQDNk4RA
1367,2013,10,460,BuenosAires,-34.57771467835558,-58.40237235488182,2aeZORLpf3oA57mUFRlbqw,549,0,563,4,5102,True,2aeZORLpf3oA57mUFRlbqw
910,2019,4,376,BuenosAires,-34.5940924612507,-58.40994561840225,B81OJ3uELyPMDs_6U0Nf6Q,119,0,120,5,5103,True,B81OJ3uELyPMDs_6U0Nf6Q
795,2019,5,278,BuenosAires,-34.59871234841475,-58.39903387711144,vVL_9O-d0gP_IxjJErZd7g,7,0,7,3,5106,True,vVL_9O-d0gP_IxjJErZd7g
788,2019,4,524,BuenosAires,-34.59866891571442,-58.41041689224165,tnGpGLwTNyeyoLXNpgkbQQ,717,0,743,7,5109,True,tnGpGLwTNyeyoLXNpgkbQQ
970,2014,6,320,BuenosAires,-34.59261594969663,-58.38163670703575,wuMZfamISdWlkLCxQmPjpA,1012,0,1072,6,5111,True,wuMZfamISdWlkLCxQmPjpA
840,2019,4,377,BuenosAires,-34.59724336510921,-58.39357226861556,HK4YgjDjQ2AizG_v6UO_Gg,264,0,267,8,5129,True,HK4YgjDjQ2AizG_v6UO_Gg
979,2014,8,136,BuenosAires,-34.59282634192529,-58.37014090563043,r_I9NL-GMaRRlbggyBfyyQ,563,1,990,8,5132,True,r_I9NL-GMaRRlbggyBfyyQ
581,2016,12,291,BuenosAires,-34.60622742102752,-58.41310554996138,dbfAzDpklYqO3KW2d9A8JA,17,0,17,8,5133,True,dbfAzDpklYqO3KW2d9A8JA
1194,2019,5,187,BuenosAires,-34.5836452184658,-58.4158988772741,1pYl_adRVQ3R7-79573tNg,1133,1,1292,2,5140,True,1pYl_adRVQ3R7-79573tNg
1100,2017,9,523,BuenosAires,-34.589284761238,-58.37483729669469,XEGKXF_LG8bp1QZ-bHAeKA,860,2,1293,1,5148,True,XEGKXF_LG8bp1QZ-bHAeKA
878,2015,2,311,BuenosAires,-34.59544245737381,-58.39803727667769,Y7OlYnyEx9OqOzxf0rWKKQ,399,1,1294,2,5151,True,Y7OlYnyEx9OqOzxf0rWKKQ
1253,2016,10,460,BuenosAires,-34.58211427367257,-58.3889756360731,n3nCH_bshI3iS9neBxlCJQ,185,0,186,6,5172,True,n3nCH_bshI3iS9neBxlCJQ
548,2014,5,536,BuenosAires,-34.60742177726232,-58.40102053109303,FtIAevbogcaPE6nFVSTvaA,775,0,806,7,5177,True,FtIAevbogcaPE6nFVSTvaA
1303,2014,4,200,BuenosAires,-34.58051134346892,-58.37541306533441,moHZO2K_LMwrfmvUZhLkYg,1020,1,1295,1,5178,True,moHZO2K_LMwrfmvUZhLkYg
1284,2014,4,139,BuenosAires,-34.58084375873874,-58.40424727904723,MmM9lTEBO8FjeQdzcE0rSA,564,0,578,5,5180,True,MmM9lTEBO8FjeQdzcE0rSA
918,2019,5,266,BuenosAires,-34.59418529436408,-58.39803067745339,kpKndZr0O8cLMzYqb6iU3Q,975,1,1296,1,5189,True,kpKndZr0O8cLMzYqb6iU3Q
771,2019,2,207,BuenosAires,-34.60022501168369,-58.37403701048053,U0YfSYbVf1Tx4tRXouxffw,1065,1,1297,1,5191,True,U0YfSYbVf1Tx4tRXouxffw
1130,2019,5,474,BuenosAires,-34.58667267316441,-58.39054472465978,y05DuqS23eIKtT6ok2JlQw,853,0,894,3,5210,True,y05DuqS23eIKtT6ok2JlQw
528,2019,7,142,BuenosAires,-34.60912751015859,-58.3674466289227,JNGpGjt3V6h2Yt39IiC_Wg,275,1,638,3,5211,True,JNGpGjt3V6h2Yt39IiC_Wg
705,2014,5,408,BuenosAires,-34.60192608221539,-58.4116129532317,XC_awZKL9vJuedh6EZzJXg,796,0,828,7,5215,True,XC_awZKL9vJuedh6EZzJXg
216,2019,3,539,BuenosAires,-34.61959668867216,-58.40711493822238,2byxV2rrJhiuTIMxnfTlLw,200,0,201,8,5228,True,2byxV2rrJhiuTIMxnfTlLw
984,2014,5,439,BuenosAires,-34.59109364480307,-58.42358957029553,Pml6v0JTi5yTb64PsrVotQ,584,0,602,7,5247,True,Pml6v0JTi5yTb64PsrVotQ
669,2020,3,491,BuenosAires,-34.60339206413688,-58.4040916476577,QYcRgTljNIFW_7T7htawoQ,5,0,5,3,5265,True,QYcRgTljNIFW_7T7htawoQ
395,2016,12,263,BuenosAires,-34.61369311506177,-58.3846068600802,OqhSWRJ-15VMefNn8tXXTw,828,0,863,8,5275,True,OqhSWRJ-15VMefNn8tXXTw
1016,2013,10,374,BuenosAires,-34.59167930630891,-58.37459993042041,fah0-GFTltSGQOPPV2y4Mw,391,0,397,6,5279,True,fah0-GFTltSGQOPPV2y4Mw
97,2019,5,527,BuenosAires,-34.62415334874768,-58.40120093385521,3MjY8sEv0dDvQuaHNFQD-w,127,0,128,4,5284,True,3MjY8sEv0dDvQuaHNFQD-w
1290,2014,5,471,BuenosAires,-34.58081393104191,-58.39487806041166,y0g5T3vkazRWrqaBWSMGgQ,780,0,811,6,5286,True,y0g5T3vkazRWrqaBWSMGgQ
664,2019,4,453,BuenosAires,-34.60316955868306,-58.41151290763623,Y8zsu4oLhHf5JSfl9HbzOA,173,0,174,8,5289,True,Y8zsu4oLhHf5JSfl9HbzOA
1153,2014,7,619,BuenosAires,-34.58515840240515,-58.41599429797682,oNFr8brVIvim1rieE27yvg,756,1,1299,2,5296,True,oNFr8brVIvim1rieE27yvg
995,2014,7,574,BuenosAires,-34.59140356077657,-58.40679397588353,UW_LwnBmc66C94_s0gCBhw,631,0,651,7,5300,True,UW_LwnBmc66C94_s0gCBhw
297,2014,5,447,BuenosAires,-34.61652942063802,-58.40851307550135,Esvp5oELj9c_Qh-fWg3jSw,51,0,51,7,5304,True,Esvp5oELj9c_Qh-fWg3jSw
830,2014,5,179,BuenosAires,-34.5969599692914,-58.40853179687996,ZU7lL8SQbzlIP2RFvi-EeQ,1043,1,1300,3,5309,True,ZU7lL8SQbzlIP2RFvi-EeQ
563,2017,6,389,BuenosAires,-34.60825320555538,-58.37848132365937,I_3Z64ClO-PDo1t6YdizFQ,61,0,61,7,5310,True,I_3Z64ClO-PDo1t6YdizFQ
1373,2014,5,342,BuenosAires,-34.57805889262559,-58.39432174983686,JJQ7ZzzeW58Q8YZoJruDNw,894,1,1301,5,5311,True,JJQ7ZzzeW58Q8YZoJruDNw
967,2019,5,167,BuenosAires,-34.59266028573961,-58.38761895113775,r50H9SRiJSk8mZ2yyTUq8g,833,0,869,4,5315,True,r50H9SRiJSk8mZ2yyTUq8g
1314,2013,10,486,BuenosAires,-34.57977524264208,-58.41962094891191,PhP-392Rj3HR-ZdkzPgZwg,1079,1,1238,3,5317,True,PhP-392Rj3HR-ZdkzPgZwg
1167,2017,8,660,BuenosAires,-34.58504268686777,-58.39648060263742,WcnawPjLWZJ9IbvqiVSabQ,1044,1,1302,1,5325,True,WcnawPjLWZJ9IbvqiVSabQ
930,2019,5,342,BuenosAires,-34.59418639254597,-58.38147732799297,0HakmiM_qPduCnATwnQNNw,1067,1,1283,3,5327,True,0HakmiM_qPduCnATwnQNNw
714,2014,2,342,BuenosAires,-34.60170347756623,-58.39856092596251,HGjO5eK9ZTwSuh7BQMBhgQ,538,0,552,9,5332,True,HGjO5eK9ZTwSuh7BQMBhgQ
259,2014,2,349,BuenosAires,-34.61813948879174,-58.40374476225472,i9x0Bo0OOpxeRSb4UIa6SA,331,0,335,7,5333,True,i9x0Bo0OOpxeRSb4UIa6SA
755,2015,3,362,BuenosAires,-34.59977180701206,-58.39806307393147,89brXGlcjxXDh1N4FNHJmw,464,0,473,9,5335,True,89brXGlcjxXDh1N4FNHJmw
311,2015,6,358,BuenosAires,-34.61668603691574,-58.38753534212053,NNVoj2ktr3CyMcPXMp90HQ,1039,2,1303,1,5343,True,NNVoj2ktr3CyMcPXMp90HQ
139,2017,9,192,BuenosAires,-34.62264166532347,-58.39944166160949,tYGJgCiYc98p9D75CDtCVg,1081,0,1156,11,5352,True,tYGJgCiYc98p9D75CDtCVg
168,2014,2,384,BuenosAires,-34.62106693763797,-58.41754506824532,o6VP5rBgOGhgPR3JEr3JaA,1007,0,1067,10,5358,True,o6VP5rBgOGhgPR3JEr3JaA
520,2015,9,179,BuenosAires,-34.60913060258429,-58.38147932346978,5D-ZugNSQ9fMGsWcuSsb-w,245,0,247,8,5368,True,5D-ZugNSQ9fMGsWcuSsb-w
94,2015,2,231,BuenosAires,-34.62421078437165,-58.40554474330433,y9qjGtWVla9snYI6EPxTJw,578,0,595,8,5377,True,y9qjGtWVla9snYI6EPxTJw
298,2016,10,294,BuenosAires,-34.6166839620215,-58.40686713317309,zpDCKNv9x2LdE1yeM8E8TA,1033,0,1094,7,5388,True,zpDCKNv9x2LdE1yeM8E8TA
1005,2014,7,330,BuenosAires,-34.59144367611417,-58.39239255611612,-Y_aTdYhx0u7LMbU2OF3yw,1109,0,1195,5,5393,True,-Y_aTdYhx0u7LMbU2OF3yw
1254,2017,9,330,BuenosAires,-34.58214709110694,-58.38742065516799,5wZi5bwj2aGUOUB2jjvxHQ,339,1,1304,1,5398,True,5wZi5bwj2aGUOUB2jjvxHQ
83,2015,6,437,BuenosAires,-34.62421109077848,-58.42193533532172,DCpM22_uAp0uecPb0-Z6-w,1090,1,1198,4,5399,True,DCpM22_uAp0uecPb0-Z6-w
822,2014,7,562,BuenosAires,-34.597277592018,-58.4201068251853,FpsX9auNqJ12h9N9NVdScQ,357,0,362,5,5407,True,FpsX9auNqJ12h9N9NVdScQ
790,2019,5,656,BuenosAires,-34.59879109098613,-58.40690802125948,SJ1Df8SatnDJmYIyZYwWJw,415,0,421,8,5412,True,SJ1Df8SatnDJmYIyZYwWJw
107,2019,4,122,BuenosAires,-34.62420636704014,-58.38438857934381,QPW21eiCguZyYX4pEzg2oA,406,0,412,5,5422,True,QPW21eiCguZyYX4pEzg2oA
116,2015,5,579,BuenosAires,-34.62431292456153,-58.37257721695873,4bOtKIzErdfU0xjh3U7uNg,1143,0,1267,6,5427,True,4bOtKIzErdfU0xjh3U7uNg
487,2019,5,248,BuenosAires,-34.6107545186027,-58.36957283045623,ONrJo46z6RDe7aD9IXEZmw,615,0,633,10,5439,True,ONrJo46z6RDe7aD9IXEZmw
1248,2014,11,512,BuenosAires,-34.58221299976226,-58.39646989226556,Cm6ubdCEE03vWIYOnIUafw,605,1,1306,1,5441,True,Cm6ubdCEE03vWIYOnIUafw
947,2019,4,333,BuenosAires,-34.59275778845667,-58.41908618366605,cDggw85cE-97g_0Eys_-hw,150,0,151,6,5452,True,cDggw85cE-97g_0Eys_-hw
632,2020,3,379,BuenosAires,-34.6045492535934,-58.39809364557099,IO795N9o--xWW14nlGlqxw,1034,0,1096,7,5458,True,IO795N9o--xWW14nlGlqxw
1380,2015,6,405,BuenosAires,-34.57832706178873,-58.3832717229498,IvbWxcqKwuYiNwfznSpieg,1091,0,1169,7,5467,True,IvbWxcqKwuYiNwfznSpieg
754,2019,4,219,BuenosAires,-34.60019971764563,-58.39990691301141,aa2C55fhafgfNvowfsP4uA,822,0,857,6,5472,True,aa2C55fhafgfNvowfsP4uA
969,2013,10,427,BuenosAires,-34.59277899772182,-58.38441648936555,k5jNKIQuvzkHZHpC_IkPTg,370,1,1307,1,5489,True,k5jNKIQuvzkHZHpC_IkPTg
729,2019,2,351,BuenosAires,-34.60174761128884,-58.37391477077212,LXgxIOrLmQBhxPo5SoFaew,899,1,1308,1,5491,True,LXgxIOrLmQBhxPo5SoFaew
867,2014,5,129,BuenosAires,-34.59558911430632,-58.41456689589082,018xlwmbBZIf7_jzW-5Wog,501,0,512,6,5493,True,018xlwmbBZIf7_jzW-5Wog
1359,2013,10,486,BuenosAires,-34.57784360466763,-58.41451565395273,O9VsvYtJY_ixS-rZUbU6xQ,183,0,184,6,5498,True,O9VsvYtJY_ixS-rZUbU6xQ
827,2015,6,441,BuenosAires,-34.59719247143766,-58.41308817383101,M9XrF44SGtZGXiautj5NXg,235,0,236,6,5505,True,M9XrF44SGtZGXiautj5NXg
386,2017,6,247,BuenosAires,-34.61373069125609,-58.39746652294349,qfnsx8_tint2GHo9a-wcwg,259,0,262,9,5511,True,qfnsx8_tint2GHo9a-wcwg
1354,2017,8,260,BuenosAires,-34.57767363491089,-58.42210119027244,ZY_BDpTeYD7kdWJq8lzwuQ,421,0,427,5,5518,True,ZY_BDpTeYD7kdWJq8lzwuQ
665,2016,10,374,BuenosAires,-34.60319820818359,-58.41004914129401,9tfccZ3tzmdZeNP61jaHpg,656,0,677,8,5536,True,9tfccZ3tzmdZeNP61jaHpg
492,2013,10,102,BuenosAires,-34.60910648101101,-58.42296895183817,jSvaf4jAZlnt8nHobm0eNQ,553,0,567,7,5541,True,jSvaf4jAZlnt8nHobm0eNQ
812,2015,4,598,BuenosAires,-34.598628318357,-58.3742494548296,WguCC9hkcNyx87d4vxhXbA,1002,1,1310,1,5554,True,WguCC9hkcNyx87d4vxhXbA
952,2014,5,534,BuenosAires,-34.59275236579239,-58.41000463683443,dCfNdnEFJoMgoRLGlbwBuw,171,0,172,7,5556,True,dCfNdnEFJoMgoRLGlbwBuw
1048,2019,5,424,BuenosAires,-34.58945740370516,-58.38934855202704,xc6_KnLSJY35XcEFsDguzA,387,0,393,8,5557,True,xc6_KnLSJY35XcEFsDguzA
707,2017,7,255,BuenosAires,-34.60187448553275,-58.40867186958791,p_k6hCmyR1Su4eyHfsJrng,395,0,401,6,5560,True,p_k6hCmyR1Su4eyHfsJrng
700,2014,1,468,BuenosAires,-34.60159964485393,-58.41931040876563,3dGQro9YkuqgUhgphxmVlQ,911,0,959,9,5564,True,3dGQro9YkuqgUhgphxmVlQ
286,2017,8,598,BuenosAires,-34.61782413615265,-58.36353126073912,OjoWnGDaVvPxfih2z_Dkow,737,0,766,8,5568,True,OjoWnGDaVvPxfih2z_Dkow
215,2014,6,526,BuenosAires,-34.61987759587637,-58.40848031256685,HkYkOlxNB-WWMlY4DU6e3A,677,0,701,9,5586,True,HkYkOlxNB-WWMlY4DU6e3A
1166,2017,6,220,BuenosAires,-34.58538471684486,-58.39473810061178,Kd2h_pMNi-WRnfzQWKn6fg,495,1,1311,1,5591,True,Kd2h_pMNi-WRnfzQWKn6fg
999,2013,10,582,BuenosAires,-34.59125911879464,-58.40253621908864,EjsKIywHTJi8HzQsv6C6eg,821,1,1312,1,5593,True,EjsKIywHTJi8HzQsv6C6eg
398,2014,5,475,BuenosAires,-34.61368617936884,-58.38046915653695,dT6I4_z_M0bZwIRux8U-xA,349,0,354,9,5597,True,dT6I4_z_M0bZwIRux8U-xA
745,2019,4,548,BuenosAires,-34.6003620830856,-58.41165344854011,J8iw4PgSTFYPwa71ERt0vQ,1098,0,1180,7,5601,True,J8iw4PgSTFYPwa71ERt0vQ
920,2017,6,199,BuenosAires,-34.59452983080523,-58.39657569009638,5-7Yy6upldS_RQ6oWhu8Hg,693,0,718,7,5603,True,5-7Yy6upldS_RQ6oWhu8Hg
504,2015,6,261,BuenosAires,-34.60879869255585,-58.4055908976128,1ueVIEsnIFJTaNnf56iAEQ,511,0,522,7,5606,True,1ueVIEsnIFJTaNnf56iAEQ
758,2017,7,214,BuenosAires,-34.60009260210277,-58.39287944664746,e6yH169BXVvTDm6wRDcjOw,1150,0,1309,5,5612,True,e6yH169BXVvTDm6wRDcjOw
663,2017,6,321,BuenosAires,-34.60318831948199,-58.41302977674466,FJ7o0C10_rNIzJtIWWlicg,321,0,325,3,5613,True,FJ7o0C10_rNIzJtIWWlicg
489,2013,12,187,BuenosAires,-34.61064735544085,-58.36637400163596,708Vdkjh9YiewNhReJ_U0w,219,2,1183,4,5614,True,708Vdkjh9YiewNhReJ_U0w
1143,2014,8,305,BuenosAires,-34.58619093847766,-58.37042974078221,K_HhP_o4jEVCmPlaBqfEmg,764,0,795,5,5615,True,K_HhP_o4jEVCmPlaBqfEmg
742,2017,7,614,BuenosAires,-34.60020627275741,-58.41774998674759,m0B1a90j7zblsmW6xHyhmw,1018,0,1079,7,5620,True,m0B1a90j7zblsmW6xHyhmw
1033,2019,4,89,BuenosAires,-34.58996391635064,-58.41175687294421,4WH2zgPJ0ICTGCr0iWE-xw,478,0,488,7,5621,True,4WH2zgPJ0ICTGCr0iWE-xw
57,2015,10,419,BuenosAires,-34.62568783526586,-58.40100826995468,5X04mU84N_D1we_TF3NApQ,751,0,782,10,5640,True,5X04mU84N_D1we_TF3NApQ
452,2014,5,294,BuenosAires,-34.61056584407127,-58.42221325599601,VvL00YXC2LfOd_KCc-wmUA,691,0,716,7,5641,True,VvL00YXC2LfOd_KCc-wmUA
332,2013,10,189,BuenosAires,-34.61515576530653,-58.41705947720224,bv9n-cO2w29weCvVoot90g,244,0,245,3,5642,True,bv9n-cO2w29weCvVoot90g
440,2014,6,108,BuenosAires,-34.61218323469624,-58.37903121110335,2ae9iyy7516RQNnYY66UMw,684,1,1025,5,5644,True,2ae9iyy7516RQNnYY66UMw
451,2014,5,380,BuenosAires,-34.61113399527793,-58.42339900756217,9ufMVxE64c8Hd4QseqFppg,56,0,56,8,5646,True,9ufMVxE64c8Hd4QseqFppg
47,2015,6,407,BuenosAires,-34.62574644674882,-58.41465276351622,25ay31yves2o0fa2lfOArA,701,0,726,8,5651,True,25ay31yves2o0fa2lfOArA
514,2016,10,642,BuenosAires,-34.60914107634633,-58.39059761435201,Mz9hkTmVDPD6sLP3z9yK_A,660,0,681,5,5656,True,Mz9hkTmVDPD6sLP3z9yK_A
158,2019,5,221,BuenosAires,-34.62264565332267,-58.37098212937627,UpmN_d11Ng4tGgT_Zhgbug,1050,0,1116,5,5657,True,UpmN_d11Ng4tGgT_Zhgbug
1207,2014,4,475,BuenosAires,-34.58382709309302,-58.39655371142117,93FAKbcK0eNeMZ0RXopmOA,496,1,1313,1,5669,True,93FAKbcK0eNeMZ0RXopmOA
1153,2013,10,494,BuenosAires,-34.58518816368466,-58.41602416652771,kX8LC-dApn-7naJXMc3vBw,756,2,1314,1,5670,True,kX8LC-dApn-7naJXMc3vBw
1222,2013,10,583,BuenosAires,-34.58375053865452,-58.37415211989836,3iv262pxZH8k1L3A94H6sg,69,1,458,3,5673,True,3iv262pxZH8k1L3A94H6sg
1145,2014,4,385,BuenosAires,-34.58683782304721,-58.36780253521236,1GxiNZV8yOVcLpsJXPiKkg,757,0,788,6,5680,True,1GxiNZV8yOVcLpsJXPiKkg
112,2013,11,370,BuenosAires,-34.62425374291738,-58.38011476382755,sY4PhMLD7Q8Ns2uPxuVzyQ,850,0,888,11,5684,True,sY4PhMLD7Q8Ns2uPxuVzyQ
387,2017,8,339,BuenosAires,-34.61367430913431,-58.3961469489215,eFBMO9V4t8kTFEFxZdw_6Q,36,0,36,8,5687,True,eFBMO9V4t8kTFEFxZdw_6Q
413,2017,6,480,BuenosAires,-34.61230184984449,-58.41933319762378,TqFACGy0xx9ojILF9MyhUQ,149,0,150,9,5713,True,TqFACGy0xx9ojILF9MyhUQ
724,2019,6,225,BuenosAires,-34.60171521609068,-58.38147666690769,HuCqgYX2J9q4fW3VpnBdGA,392,0,398,9,5715,True,HuCqgYX2J9q4fW3VpnBdGA
722,2017,8,614,BuenosAires,-34.6016924026638,-58.3875321352949,ZD4FQTWPfyAQofhy4ZmDSw,518,0,529,9,5716,True,ZD4FQTWPfyAQofhy4ZmDSw
164,2019,7,488,BuenosAires,-34.62151942857876,-58.42348969053332,8hmiyV2P8mV38lrszlSeKQ,809,0,841,9,5723,True,8hmiyV2P8mV38lrszlSeKQ
223,2019,4,366,BuenosAires,-34.61955017031975,-58.39659689693114,_vpigwdiIPD4UhxLPjfRvA,11,0,11,7,5731,True,_vpigwdiIPD4UhxLPjfRvA
338,2019,5,76,BuenosAires,-34.61525394484909,-58.40720519460664,N_l3A32niwXGWN-NlxoBvg,1084,0,1159,7,5743,True,N_l3A32niwXGWN-NlxoBvg
475,2014,7,238,BuenosAires,-34.61061333112813,-58.38753396673844,uHBXqmpazQMoRbeGGl7wsw,475,0,485,5,5745,True,uHBXqmpazQMoRbeGGl7wsw
25,2014,6,438,BuenosAires,-34.62702299449754,-58.38606988951405,fFMWlD57rXCD_-Xz4kz5lw,209,0,210,11,5749,True,fFMWlD57rXCD_-Xz4kz5lw
415,2016,10,209,BuenosAires,-34.6120425770562,-58.41603327421954,srMK9B_OU_ARhOJOsHYagA,982,0,1039,6,5750,True,srMK9B_OU_ARhOJOsHYagA
669,2016,12,520,BuenosAires,-34.6033877509616,-58.40410336676124,8T2ZekFpIMJKXMrNYWhy_A,5,1,431,5,5760,True,8T2ZekFpIMJKXMrNYWhy_A
1090,2019,5,306,BuenosAires,-34.58804712857196,-58.38773601792916,mQvs3CLC2BR6c0CirZLjRA,265,0,268,10,5769,True,mQvs3CLC2BR6c0CirZLjRA
987,2019,5,558,BuenosAires,-34.59114496317374,-58.41908100088563,pX0zgI03Ml0b75ae34KvOA,837,0,873,7,5795,True,pX0zgI03Ml0b75ae34KvOA
1291,2014,5,614,BuenosAires,-34.58053959732998,-58.39352125441495,RRCTpk4Fjoct_2MdO-XDwA,502,0,513,6,5797,True,RRCTpk4Fjoct_2MdO-XDwA
943,2017,6,436,BuenosAires,-34.59248962533356,-58.42377616480262,p0pvWIhmVF0V2GfxxuThZQ,182,0,183,6,5799,True,p0pvWIhmVF0V2GfxxuThZQ
204,2013,10,184,BuenosAires,-34.62105968921618,-58.36257125309989,akKtZ6wlwa3ldIg9Td2yGg,1105,0,1190,4,5800,True,akKtZ6wlwa3ldIg9Td2yGg
458,2014,5,156,BuenosAires,-34.61068873451451,-58.4130942142117,sJXI-QLgUDbpuG8MTmna-g,102,0,103,5,5805,True,sJXI-QLgUDbpuG8MTmna-g
552,2014,6,493,BuenosAires,-34.60767705567425,-58.39500293959277,YgsuINwxVfBVWAODvGlQaA,922,0,972,9,5808,True,YgsuINwxVfBVWAODvGlQaA
1363,2019,6,218,BuenosAires,-34.57786403713772,-58.40862809849055,7Kj_65n76FnDuBf9631Fdg,457,0,466,4,5812,True,7Kj_65n76FnDuBf9631Fdg
1285,2013,10,585,BuenosAires,-34.58064965203856,-58.40253607040927,KmB_ZslUv1w_JBJBZmJjzg,687,0,712,4,5813,True,KmB_ZslUv1w_JBJBZmJjzg
1116,2017,6,438,BuenosAires,-34.58682367685687,-58.41015129179274,WDSTK74QNhBJGGIlP40Dmg,824,0,859,6,5815,True,WDSTK74QNhBJGGIlP40Dmg
887,2019,5,149,BuenosAires,-34.59559827752445,-58.38456157558244,cBqeCiWZhbwhgfjD2eOsTA,85,0,85,7,5822,True,cBqeCiWZhbwhgfjD2eOsTA
1160,2014,7,428,BuenosAires,-34.58513397159663,-58.4055692729805,_CJmOE7dQJH655xajp0wiw,830,0,865,7,5824,True,_CJmOE7dQJH655xajp0wiw
1149,2014,7,622,BuenosAires,-34.58488853474081,-58.42252251275596,aa_R0JFxp9CIKRKaQP0sFg,342,1,1315,2,5829,True,aa_R0JFxp9CIKRKaQP0sFg
925,2019,5,220,BuenosAires,-34.59421192971974,-58.38866755758181,e8z89Nf9WW3RP3zdWt1JHQ,870,0,913,7,5831,True,e8z89Nf9WW3RP3zdWt1JHQ
38,2014,8,370,BuenosAires,-34.62697469548601,-58.36670438860119,NQtrx7z-ZROh0gmUo9j4jQ,930,1,1316,2,5833,True,NQtrx7z-ZROh0gmUo9j4jQ
579,2020,3,418,BuenosAires,-34.60617234003126,-58.41614782529693,qhft9nDw5He5ioT9lbYeEQ,1047,0,1110,7,5861,True,qhft9nDw5He5ioT9lbYeEQ
1370,2019,5,416,BuenosAires,-34.57797918267982,-58.3983101296797,OOyiEwtKjCcZN0PKpMzSPQ,620,0,639,5,5866,True,OOyiEwtKjCcZN0PKpMzSPQ
263,2014,4,517,BuenosAires,-34.61850298563169,-58.39805445238353,uXBmEhngv4N2-g-WOEv8xw,332,0,336,8,5867,True,uXBmEhngv4N2-g-WOEv8xw
16,2020,3,423,BuenosAires,-34.62725248675984,-58.39947604700442,ZIVxbbveT-DwdNpehcHiFg,1054,0,1123,9,5872,True,ZIVxbbveT-DwdNpehcHiFg
975,2019,5,53,BuenosAires,-34.59271616743009,-58.37561441907445,l-1MPuMBJCHtFHYdw9RiCw,1121,0,1214,7,5874,True,l-1MPuMBJCHtFHYdw9RiCw
102,2017,9,264,BuenosAires,-34.6242039819411,-58.39358949301216,CpVS8NH8EUM_x8Z9IVu7XA,624,0,643,8,5880,True,CpVS8NH8EUM_x8Z9IVu7XA
1164,2014,7,333,BuenosAires,-34.58524102708436,-58.39964389609494,uswgm3ijP5QFHue4N-S4lw,1077,0,1152,7,5889,True,uswgm3ijP5QFHue4N-S4lw
177,2016,10,422,BuenosAires,-34.62111297004967,-58.40256479518782,nUbzEbAP-2Xzx2NQL-dWKg,470,0,479,8,5893,True,nUbzEbAP-2Xzx2NQL-dWKg
726,2019,2,649,BuenosAires,-34.60165089802631,-58.37956409284138,_XIHRQ6WdiKt-P9C0ol_Bg,336,1,1317,1,5901,True,_XIHRQ6WdiKt-P9C0ol_Bg
53,2014,5,277,BuenosAires,-34.62576485552891,-58.40561384481054,m2SfljS9_UWbYSvZsuR_FQ,752,1,899,4,5906,True,m2SfljS9_UWbYSvZsuR_FQ
205,2017,6,144,BuenosAires,-34.6197128779313,-58.42422556143704,CNvrymHp6f4zP1BgVTCGUQ,243,0,244,8,5908,True,CNvrymHp6f4zP1BgVTCGUQ
914,2017,6,484,BuenosAires,-34.59442759388281,-58.40569261581446,-yXi-hjHTSXhmtreRyV9nw,151,0,152,8,5911,True,-yXi-hjHTSXhmtreRyV9nw
699,2013,10,405,BuenosAires,-34.60162463045492,-58.42073447894335,yK7ax6R6VyFDJ4c0_zSlaA,974,0,1030,6,5917,True,yK7ax6R6VyFDJ4c0_zSlaA
731,2019,2,335,BuenosAires,-34.60163626941251,-58.37252902628971,blBnEp-BFL0svWHysog3IQ,1126,1,1318,1,5921,True,blBnEp-BFL0svWHysog3IQ
590,2014,6,508,BuenosAires,-34.60609587733183,-58.39960467266084,u6i_sB7bar002otH94_y1g,346,0,351,9,5927,True,u6i_sB7bar002otH94_y1g
1155,2015,6,554,BuenosAires,-34.58504392382365,-58.4128678578527,UPdJj3dXZZka3qWdpTWRhA,279,0,282,6,5959,True,UPdJj3dXZZka3qWdpTWRhA
1372,2014,5,202,BuenosAires,-34.57765644360794,-58.39502354481085,M7w2qUDE7ZVRu9wAnsDoNg,469,0,478,3,5967,True,M7w2qUDE7ZVRu9wAnsDoNg
1383,2019,5,275,BuenosAires,-34.57991883263728,-58.37832491212761,s5rmIooBQkGDIUvWBm18mg,293,0,297,4,5983,True,s5rmIooBQkGDIUvWBm18mg
796,2015,6,143,BuenosAires,-34.59863320529075,-58.39653458514529,4Nxlyu0XduyCjCHtvjOalw,1103,0,1187,6,5984,True,4Nxlyu0XduyCjCHtvjOalw
447,2016,10,201,BuenosAires,-34.61216815954589,-58.36808079966403,BgZYkAa5PnmR7uAVhii2dQ,1108,1,1319,1,5994,True,BgZYkAa5PnmR7uAVhii2dQ
739,2014,7,562,BuenosAires,-34.60021256404067,-58.42217470124417,uShg2XhfyRHijkI9kakCkA,998,0,1058,7,5996,True,uShg2XhfyRHijkI9kakCkA
158,2013,11,249,BuenosAires,-34.62264069324266,-58.37100483801473,sD5G3KKAaZRRgj_aUFzkUw,1050,1,1320,1,5997,True,sD5G3KKAaZRRgj_aUFzkUw
471,2019,4,106,BuenosAires,-34.61067227726446,-58.39331206333843,XU_jS0cyv5mOrw2tDycZEA,871,0,914,9,6000,True,XU_jS0cyv5mOrw2tDycZEA
46,2015,2,398,BuenosAires,-34.62564056415766,-58.4174976370612,7YmrqxYV1gugG59j24Q1nQ,454,1,1321,2,6005,True,7YmrqxYV1gugG59j24Q1nQ
1181,2017,8,63,BuenosAires,-34.58515733828795,-58.37398666526646,aF-VvGHC_oKoII-Af8-Iyg,981,0,1038,4,6007,True,aF-VvGHC_oKoII-Af8-Iyg
561,2014,9,303,BuenosAires,-34.60767768812073,-58.38159525179802,QeH7rQ3jymNcnWH2i8mAgQ,1061,0,1131,7,6013,True,QeH7rQ3jymNcnWH2i8mAgQ
989,2016,10,382,BuenosAires,-34.59118342483387,-58.41598103520476,EKvvwvfSgOr7bn4DoZKoHQ,526,1,1219,3,6024,True,EKvvwvfSgOr7bn4DoZKoHQ
179,2017,6,349,BuenosAires,-34.62100347513201,-58.4011351862862,heywPcEqGLOxpN62wPxOFg,320,0,324,8,6027,True,heywPcEqGLOxpN62wPxOFg
22,2017,6,161,BuenosAires,-34.62728019289596,-58.39048452046529,HjlZ_1qIhcFlct1BQH_NDA,1136,0,1243,4,6040,True,HjlZ_1qIhcFlct1BQH_NDA
773,2015,6,245,BuenosAires,-34.60011063467743,-58.37075316406598,6NeptoN9Dhh9-A78mO4bWA,1072,0,1144,9,6047,True,6NeptoN9Dhh9-A78mO4bWA
967,2017,8,150,BuenosAires,-34.59267114691797,-58.38761673414517,VJuPI2jLLmwG8h3jkBcIkw,833,1,1240,3,6056,True,VJuPI2jLLmwG8h3jkBcIkw
248,2019,4,298,BuenosAires,-34.61813491887595,-58.42054663590195,SOMJapAb4EBFXlz1ZZ64Yg,956,0,1010,3,6065,True,SOMJapAb4EBFXlz1ZZ64Yg
917,2017,6,414,BuenosAires,-34.59420947192302,-58.40089835914454,1SOZqUe26ym4dkwllus_Dw,360,0,365,9,6067,True,1SOZqUe26ym4dkwllus_Dw
1043,2014,6,383,BuenosAires,-34.58968902498584,-58.39639209936909,GWtKXdKJJx7QHdEqwrgFJA,926,0,976,5,6070,True,GWtKXdKJJx7QHdEqwrgFJA
411,2013,10,465,BuenosAires,-34.61200206772289,-58.42216440986466,1bp9rwDqUvXq_32irKsOZA,955,0,1009,8,6073,True,1bp9rwDqUvXq_32irKsOZA
3,2014,7,415,BuenosAires,-34.62728400206724,-58.41900480000891,UbpoLEaD8Q2wfQ-6x4QsOg,590,0,608,9,6117,True,UbpoLEaD8Q2wfQ-6x4QsOg
100,2017,7,412,BuenosAires,-34.62436940681277,-58.39653544445289,bD8GJ4Z3VBCvy8WrYaLCJw,966,0,1021,9,6122,True,bD8GJ4Z3VBCvy8WrYaLCJw
831,2019,4,157,BuenosAires,-34.5968774365508,-58.40712583966413,9THF4nP9v7obn-b2Cg3rag,1148,0,1298,5,6126,True,9THF4nP9v7obn-b2Cg3rag
784,2014,7,222,BuenosAires,-34.59869884266096,-58.41605767574734,ggPQTka46aLEKaCrvnTDYg,242,0,243,6,6131,True,ggPQTka46aLEKaCrvnTDYg
226,2017,11,376,BuenosAires,-34.61965741715589,-58.3916459370684,5Smmjmart1akjTVaExmpTQ,181,0,182,7,6133,True,5Smmjmart1akjTVaExmpTQ
135,2020,3,462,BuenosAires,-34.62293287343082,-58.40552657454466,hev42iUOsOf2GFcB1gcVlQ,446,0,454,9,6139,True,hev42iUOsOf2GFcB1gcVlQ
252,2019,4,469,BuenosAires,-34.61810980277027,-58.41309857400906,7aFWM3HejIBfcnfVqDr6Tg,231,0,232,7,6142,True,7aFWM3HejIBfcnfVqDr6Tg
932,2014,11,409,BuenosAires,-34.59423225828098,-58.37852180487627,w7gtCriKkPAs2tq8fa4bdA,663,0,685,7,6144,True,w7gtCriKkPAs2tq8fa4bdA
946,2014,5,449,BuenosAires,-34.59276715699757,-58.41757965606642,KI3e3nM-qw4svzNSVzplNA,205,0,206,5,6154,True,KI3e3nM-qw4svzNSVzplNA
626,2013,10,458,BuenosAires,-34.60472904634276,-58.40674842343005,Iu7FwybY24McnwiM9S80ug,400,1,1230,3,6159,True,Iu7FwybY24McnwiM9S80ug
625,2014,5,255,BuenosAires,-34.60453083618309,-58.41057084133192,IVKERbyUPbyF3BujfbuUDQ,1001,0,1061,7,6164,True,IVKERbyUPbyF3BujfbuUDQ
400,2014,1,346,BuenosAires,-34.61397009160468,-58.37697190481561,HdcKq9iL8sViHPtKsoE7Qg,487,0,497,10,6181,True,HdcKq9iL8sViHPtKsoE7Qg
1331,2017,9,411,BuenosAires,-34.57859223263534,-58.39429038818916,5q27yNPBbZWJmJJC9YAo7g,1052,2,1322,1,6197,True,5q27yNPBbZWJmJJC9YAo7g
31,2013,10,257,BuenosAires,-34.62714812396661,-58.37704637889738,dgtNl4N8NKYJmrwzbljyYQ,258,0,261,7,6198,True,dgtNl4N8NKYJmrwzbljyYQ
597,2019,4,125,BuenosAires,-34.60618679780499,-58.38932140461304,yakq-yU-kyL6piM5125LbQ,1137,0,1246,6,6200,True,yakq-yU-kyL6piM5125LbQ
360,2016,10,375,BuenosAires,-34.61496652548957,-58.37556351787329,C5hrfx11yYow4NPh58TwUA,222,1,1323,1,6208,True,C5hrfx11yYow4NPh58TwUA
388,2014,11,279,BuenosAires,-34.61360011929144,-58.3947166128191,6b2mQRI417H7zbJI8l3SjQ,462,0,471,8,6213,True,6b2mQRI417H7zbJI8l3SjQ
276,2014,5,118,BuenosAires,-34.61816513968664,-58.3787355768209,iuFaZ51Mr63BxDs-1nifcQ,695,0,720,7,6216,True,iuFaZ51Mr63BxDs-1nifcQ
311,2019,4,413,BuenosAires,-34.61671970306128,-58.38751921596383,y8yB17388A7nX7QZ1HP4AQ,1039,3,1324,2,6219,True,y8yB17388A7nX7QZ1HP4AQ
470,2017,6,319,BuenosAires,-34.61051225066743,-58.39501165640836,bDtbExGwR09IBp2utFFWBg,351,0,356,6,6228,True,bDtbExGwR09IBp2utFFWBg
1234,2013,10,328,BuenosAires,-34.58211948502233,-58.42044219492929,Cm0uEbGopy3yHJ8yEQ-xew,614,0,632,5,6234,True,Cm0uEbGopy3yHJ8yEQ-xew
9,2014,6,438,BuenosAires,-34.62714465839019,-58.41013367036587,ANuSAofSYMfgC-CkMNHF6A,536,0,550,6,6235,True,ANuSAofSYMfgC-CkMNHF6A
772,2019,2,209,BuenosAires,-34.60017625357811,-58.37260689288104,TNPbCjKtyLOtyu3nIAp9gw,461,1,1325,1,6238,True,TNPbCjKtyLOtyu3nIAp9gw
409,2018,5,193,BuenosAires,-34.61364170629736,-58.36356180440736,YR5pDXXAMXGy6gYE_vGaIQ,334,3,1326,1,6246,True,YR5pDXXAMXGy6gYE_vGaIQ
1293,2017,9,428,BuenosAires,-34.58055895585312,-58.39043116592619,oxwYyUm-xTJkESp2bZqeXw,386,1,1327,1,6247,True,oxwYyUm-xTJkESp2bZqeXw
527,2013,10,309,BuenosAires,-34.60910720447879,-58.37071323433028,-TXGVt0CSuOC6xStKYpU8Q,919,0,968,7,6249,True,-TXGVt0CSuOC6xStKYpU8Q
1236,2017,6,449,BuenosAires,-34.58221412176383,-58.41465958580674,Ql27iQr_uc8yZyaJqS24sg,541,0,555,8,6257,True,Ql27iQr_uc8yZyaJqS24sg
931,2014,3,17,BuenosAires,-34.59420848617687,-58.37997180599329,sAwLm68B2fyGFilw8l4kug,458,0,467,5,6272,True,sAwLm68B2fyGFilw8l4kug
1042,2014,6,463,BuenosAires,-34.58946880019184,-58.39837240372746,r8bX6XchscQ2D_nTDskh-A,309,0,313,4,6273,True,r8bX6XchscQ2D_nTDskh-A
1213,2015,5,446,BuenosAires,-34.58340591795661,-58.38713893108259,16fmcEhO031UHcDb1oplMQ,128,0,129,6,6274,True,16fmcEhO031UHcDb1oplMQ
267,2017,7,579,BuenosAires,-34.6182063871316,-58.39205471140153,GHiRRYiIzDr_ElUGyD6pbg,89,0,89,11,6285,True,GHiRRYiIzDr_ElUGyD6pbg
275,2014,6,311,BuenosAires,-34.61812607028982,-58.37986384314599,HhpZUtr2yDm_nvlzDCdzzg,1140,0,1256,7,6292,True,HhpZUtr2yDm_nvlzDCdzzg
447,2014,7,225,BuenosAires,-34.61215927171748,-58.36804739149139,CHyLp91OOBI4EIKEYNMTpA,1108,0,1194,3,6310,True,CHyLp91OOBI4EIKEYNMTpA
812,2019,5,509,BuenosAires,-34.59864555474756,-58.3742091095657,VfsKIF_N5XqS9ipQufZuCg,1002,0,1062,8,6311,True,VfsKIF_N5XqS9ipQufZuCg
1192,2017,6,346,BuenosAires,-34.58395740535612,-58.4188339647028,ngvLYJZDAb9_qpWc8ntq8A,84,0,84,9,6319,True,ngvLYJZDAb9_qpWc8ntq8A
125,2014,5,390,BuenosAires,-34.62266642442857,-58.42053395176583,GwQQFg2mMT5Y1x0I29ON9Q,952,0,1005,7,6320,True,GwQQFg2mMT5Y1x0I29ON9Q
1215,2017,9,382,BuenosAires,-34.58400192205558,-58.38502097869426,Ve7rttaNxD6FnU_OTy2vSw,929,1,1328,1,6321,True,Ve7rttaNxD6FnU_OTy2vSw
804,2019,4,119,BuenosAires,-34.59819086473438,-58.38611477201827,Jzhs4z9t5swPrmyuNYi8TA,326,0,330,11,6323,True,Jzhs4z9t5swPrmyuNYi8TA
1325,2016,10,623,BuenosAires,-34.57917952657983,-58.40398717878115,XfVtK7w5qS2CQUdfvfQNMg,594,0,612,5,6330,True,XfVtK7w5qS2CQUdfvfQNMg
1354,2016,12,455,BuenosAires,-34.57765923413485,-58.4220858518125,dhcJ-LoudlwYNOC7jlu-1Q,421,1,1329,1,6331,True,dhcJ-LoudlwYNOC7jlu-1Q
24,2019,5,546,BuenosAires,-34.62710150389627,-58.38759063564637,B8fzUPo14KF2SIwHTCGJOQ,380,0,386,12,6338,True,B8fzUPo14KF2SIwHTCGJOQ
342,2019,4,454,BuenosAires,-34.6154822704496,-58.40254485309617,GnvIN4ejAzVNfMOZqaX1mw,358,0,363,9,6356,True,GnvIN4ejAzVNfMOZqaX1mw
696,2017,10,6,BuenosAires,-34.60318236570646,-58.36358189611981,PCyTtOn0k6NTGHerVhegpQ,843,2,1330,1,6362,True,PCyTtOn0k6NTGHerVhegpQ
1243,2014,7,432,BuenosAires,-34.5820466573077,-58.40427018187442,m3s5mc6A0tpdRerFZj4bhw,146,0,147,6,6366,True,m3s5mc6A0tpdRerFZj4bhw
949,2019,4,224,BuenosAires,-34.59262588614166,-58.41460922290941,BzvQy20DSaYt3hI6jRVJeA,592,0,610,6,6367,True,BzvQy20DSaYt3hI6jRVJeA
54,2014,5,214,BuenosAires,-34.62571528351262,-58.40414354886857,4aq5G_3FPmsoc6mggAcGGw,191,0,192,5,6373,True,4aq5G_3FPmsoc6mggAcGGw
124,2019,6,276,BuenosAires,-34.62265521984753,-58.42209784962503,Z6RnX64vH-Ar74AcQx912A,813,0,846,8,6377,True,Z6RnX64vH-Ar74AcQx912A
907,2019,6,328,BuenosAires,-34.59407232785347,-58.41603344813661,EK5dmOoNuYp2CrS8zMLmqg,4,0,4,8,6381,True,EK5dmOoNuYp2CrS8zMLmqg
155,2014,7,348,BuenosAires,-34.62260126594808,-58.37559163245286,fZsvtj8jmbwo6V-Cyu-UCg,747,0,778,9,6384,True,fZsvtj8jmbwo6V-Cyu-UCg
1291,2019,5,431,BuenosAires,-34.58055255674348,-58.3935403212735,VAp_tBAtVrNXAEH9g9ZqSg,502,1,1331,1,6386,True,VAp_tBAtVrNXAEH9g9ZqSg
890,2019,5,320,BuenosAires,-34.59569388132495,-58.37994048478632,JJHz_dOfUmN0Zz8o8c3YYw,918,1,1265,4,6401,True,JJHz_dOfUmN0Zz8o8c3YYw
611,2019,7,230,BuenosAires,-34.60617425241265,-58.36777502022976,eGv3WhpLW7SJihld3S69pw,251,2,1332,1,6404,True,eGv3WhpLW7SJihld3S69pw
426,2014,8,240,BuenosAires,-34.61202112944784,-58.39957049712037,SOdEd081AYSgrHj1U7C7bQ,302,0,306,9,6411,True,SOdEd081AYSgrHj1U7C7bQ
445,2016,10,241,BuenosAires,-34.61242724465128,-58.37105495553502,5WqOoNkXJNCFrGPxyRuelA,1087,0,1164,6,6420,True,5WqOoNkXJNCFrGPxyRuelA
1169,2014,7,307,BuenosAires,-34.58530709449899,-58.39058150783205,EVa81DU7a5cF9XA0iMHPoQ,522,0,534,4,6433,True,EVa81DU7a5cF9XA0iMHPoQ
895,2018,5,235,BuenosAires,-34.59570384143739,-58.37438490249776,pMuriRZtEcngo1PtZC4Ltw,435,1,1333,1,6435,True,pMuriRZtEcngo1PtZC4Ltw
1047,2014,11,251,BuenosAires,-34.58981619883085,-58.39228490069873,Qf5nAmbJ_olNsJHN8HTybg,499,0,509,9,6436,True,Qf5nAmbJ_olNsJHN8HTybg
497,2015,6,270,BuenosAires,-34.60922175081696,-58.4159758474375,Oeus3m9YJeVF5WmcSlqCfA,1115,0,1205,5,6438,True,Oeus3m9YJeVF5WmcSlqCfA
896,2016,11,129,BuenosAires,-34.5955534917167,-58.37070133135075,MmnQbpft5gRU7rC4TnCqKg,943,0,994,7,6443,True,MmnQbpft5gRU7rC4TnCqKg
269,2014,7,269,BuenosAires,-34.61820767097952,-58.38896023192268,aMd7JuqdWE8JlQEy7IG1jA,154,0,155,4,6444,True,aMd7JuqdWE8JlQEy7IG1jA
652,2019,5,83,BuenosAires,-34.60471875271896,-58.36792033067979,QBP8tO0AMMK2gZqIUQ3yeg,353,1,1334,1,6456,True,QBP8tO0AMMK2gZqIUQ3yeg
530,2014,10,96,BuenosAires,-34.60915511116997,-58.36656799534329,bo1pP50L9JL1sOtCkoHmfQ,459,1,1335,1,6458,True,bo1pP50L9JL1sOtCkoHmfQ
1082,2019,4,248,BuenosAires,-34.58802459982441,-58.39934400307715,E5JS7Pazz5dOEuFRNMH39A,1057,0,1127,6,6471,True,E5JS7Pazz5dOEuFRNMH39A
849,2018,5,356,BuenosAires,-34.59727077010036,-58.3798714736534,nZVTkCHWuxPVtQOEJ-wTsg,1049,2,1336,1,6476,True,nZVTkCHWuxPVtQOEJ-wTsg
541,2015,6,345,BuenosAires,-34.60786985212307,-58.41161516588747,0Xqs2qq-K6qEAy3-7Yql9A,725,0,753,9,6501,True,0Xqs2qq-K6qEAy3-7Yql9A
692,2015,7,357,BuenosAires,-34.60316367245201,-58.36805725421885,93Hug81fhOdaAIdebwPL6w,825,1,1337,1,6506,True,93Hug81fhOdaAIdebwPL6w
4,2014,6,431,BuenosAires,-34.62713374788473,-58.41751354608139,X4rJmZS-MDbX66Cc80WL0A,808,1,1112,7,6510,True,X4rJmZS-MDbX66Cc80WL0A
1277,2016,11,466,BuenosAires,-34.58072413008068,-58.41461040273775,KnW4RD4zGrYo_7oIuqmv9g,318,0,322,6,6511,True,KnW4RD4zGrYo_7oIuqmv9g
491,2014,5,348,BuenosAires,-34.61063018626266,-58.3635092008322,7X1zB-ijEwgp76SIFthqYw,420,0,426,6,6513,True,7X1zB-ijEwgp76SIFthqYw
175,2014,5,508,BuenosAires,-34.62125885400603,-58.40750134637631,nuZ8VGQ2U0x5cuQ75AP0KQ,932,0,982,8,6514,True,nuZ8VGQ2U0x5cuQ75AP0KQ
1271,2019,4,279,BuenosAires,-34.58099176537349,-58.42311465773446,ANwEq3ZV1Fdg7M9o9b8mjA,136,0,137,7,6522,True,ANwEq3ZV1Fdg7M9o9b8mjA
1251,2016,10,508,BuenosAires,-34.58184146765258,-58.39182297728654,uwIwu02iFHeIfLejdZMIQQ,497,0,507,5,6544,True,uwIwu02iFHeIfLejdZMIQQ
41,2019,5,182,BuenosAires,-34.62561515260548,-58.42303422744628,1eePSTXqoPgvOwqKFYjsUA,516,0,527,7,6549,True,1eePSTXqoPgvOwqKFYjsUA
817,2019,2,283,BuenosAires,-34.5986223825414,-58.36649496205433,Bfk1dwRtaK6QoGQIqAvdkQ,841,1,1338,1,6550,True,Bfk1dwRtaK6QoGQIqAvdkQ
749,2013,10,639,BuenosAires,-34.60008712001142,-58.40738150708484,hYtiXTonIhRnT2RSlicj5Q,413,0,419,6,6559,True,hYtiXTonIhRnT2RSlicj5Q
966,2015,3,219,BuenosAires,-34.59264603506135,-58.38886408055272,D3T8NxseAFyt7GOZsULcSw,1048,1,1239,4,6560,True,D3T8NxseAFyt7GOZsULcSw
14,2015,2,133,BuenosAires,-34.6271885258408,-58.40275129810075,cuYv8kaiZ3cqXQCQiBAzuw,467,0,476,12,6562,True,cuYv8kaiZ3cqXQCQiBAzuw
450,2014,10,385,BuenosAires,-34.61212737053364,-58.36349982971996,sruGzWcTOkXbHZ5sCnOg1A,598,0,616,7,6567,True,sruGzWcTOkXbHZ5sCnOg1A
992,2014,7,394,BuenosAires,-34.59114901907834,-58.41307901442961,deGZbpFWU2xp0p-iBa1vCQ,767,0,798,6,6577,True,deGZbpFWU2xp0p-iBa1vCQ
1142,2013,10,382,BuenosAires,-34.58662355300636,-58.37115101071841,-WQGk7Rn32m1ATkQTTVwMA,188,0,189,6,6578,True,-WQGk7Rn32m1ATkQTTVwMA
309,2014,3,144,BuenosAires,-34.61678623386834,-58.39051173203736,csFTSSo9WWBEBJ6dfsZ5KA,1128,0,1225,4,6584,True,csFTSSo9WWBEBJ6dfsZ5KA
46,2017,9,415,BuenosAires,-34.62567246464421,-58.41749442403699,kzF_haGTpptRcbwBTuN14A,454,0,463,5,6602,True,kzF_haGTpptRcbwBTuN14A
740,2014,5,396,BuenosAires,-34.60019568608966,-58.42053325902706,KDLZzjAPaMX6Mm7M02HtrQ,994,0,1054,7,6608,True,KDLZzjAPaMX6Mm7M02HtrQ
446,2014,10,298,BuenosAires,-34.61217987507408,-58.36953825245935,Dlsso7Hx5YSkl8m-zQXejQ,978,0,1035,6,6636,True,Dlsso7Hx5YSkl8m-zQXejQ
1056,2013,10,388,BuenosAires,-34.58863082603071,-58.37627714408494,jS-2gsPUNr7cgH9-X2hfCA,1030,0,1091,5,6649,True,jS-2gsPUNr7cgH9-X2hfCA
294,2013,10,611,BuenosAires,-34.61663121094108,-58.41300987775832,4e9jaTbznowIZ2r2vAFFjQ,545,0,559,8,6656,True,4e9jaTbznowIZ2r2vAFFjQ
300,2014,7,485,BuenosAires,-34.61675669474123,-58.40417163208023,CnNvHcrpY65Ci3YixDql-Q,800,1,1339,1,6657,True,CnNvHcrpY65Ci3YixDql-Q
627,2015,4,625,BuenosAires,-34.60468622064177,-58.40553783060724,D28oOktwXBFF3jXh4WxPig,1149,0,1305,5,6662,True,D28oOktwXBFF3jXh4WxPig
642,2014,7,605,BuenosAires,-34.60506721878229,-58.38304541579168,MBFeCQto0WBinMwv-z0a-g,901,0,948,9,6669,True,MBFeCQto0WBinMwv-z0a-g
843,2014,7,602,BuenosAires,-34.59715720723284,-58.38908269025733,gzSNrCy4_FtMiiCWh6AjyA,864,0,907,6,6671,True,gzSNrCy4_FtMiiCWh6AjyA
826,2017,7,362,BuenosAires,-34.59717672004589,-58.41438444120427,5bG9owEkSsl5V55nWJxnsQ,778,0,809,7,6681,True,5bG9owEkSsl5V55nWJxnsQ
384,2017,1,246,BuenosAires,-34.61370760632228,-58.40141883348761,d8JvWD_1fgzpw0-9gQvO6g,790,0,821,9,6686,True,d8JvWD_1fgzpw0-9gQvO6g
966,2014,10,240,BuenosAires,-34.59264746130052,-58.38885130656801,Y9apgQo3wKVG2NZhE4-PCg,1048,0,1113,3,6710,True,Y9apgQo3wKVG2NZhE4-PCg
938,2013,11,387,BuenosAires,-34.59419117696297,-58.36954867554179,Rwhem-pS26_iq8nsETTsxA,1046,1,1211,3,6716,True,Rwhem-pS26_iq8nsETTsxA
381,2019,5,561,BuenosAires,-34.61347906783038,-58.40558580335782,dgDVsAGW96fqCWkV_3mvFA,635,0,656,8,6729,True,dgDVsAGW96fqCWkV_3mvFA
513,2014,10,268,BuenosAires,-34.60925191532335,-58.39200782447857,DPcTNM4A4AtdJxgiGwvVug,1117,1,1340,2,6734,True,DPcTNM4A4AtdJxgiGwvVug
751,2014,6,475,BuenosAires,-34.6000787604629,-58.404205193751,HyChyP1g6ind2bXWX2fi9A,685,1,1341,1,6748,True,HyChyP1g6ind2bXWX2fi9A
824,2014,7,349,BuenosAires,-34.59721416731313,-58.41713338971931,sc-mhZQ_GMb_fmmsf_c5Pg,579,0,596,8,6749,True,sc-mhZQ_GMb_fmmsf_c5Pg
33,2015,5,395,BuenosAires,-34.62710940129282,-58.37377485235081,w27Et3w7CeSemksCPuzQIQ,451,0,460,6,6757,True,w27Et3w7CeSemksCPuzQIQ
37,2016,12,333,BuenosAires,-34.62719801405718,-58.36801161087458,qtscqCxxB3muLO7_IC4ioA,477,2,1342,1,6763,True,qtscqCxxB3muLO7_IC4ioA
582,2019,5,536,BuenosAires,-34.60626226842315,-58.40980813301106,m8sA4qbHrTMi28JV2HTmRQ,927,0,977,8,6770,True,m8sA4qbHrTMi28JV2HTmRQ
1322,2019,5,495,BuenosAires,-34.57922847087602,-58.4085651546829,W21yztsGIXGTZR6849vS3A,596,0,614,5,6773,True,W21yztsGIXGTZR6849vS3A
1031,2016,10,157,BuenosAires,-34.58971006150125,-58.41451819229491,zzLd1FJRQmntnldurTJetw,544,0,558,4,6775,True,zzLd1FJRQmntnldurTJetw
899,2019,5,323,BuenosAires,-34.59591147424326,-58.36907632941662,0xfzX9B7KUvaSVoAiQp7kQ,473,2,1343,1,6783,True,0xfzX9B7KUvaSVoAiQp7kQ
243,2014,3,238,BuenosAires,-34.61967270827043,-58.36636784726151,6uos9AE_zmarb6Z8zfAKhQ,699,0,724,4,6787,True,6uos9AE_zmarb6Z8zfAKhQ
462,2014,5,193,BuenosAires,-34.61079020171594,-58.40753077042906,sHlR4rV_6KMa-LPR37DcCg,31,0,31,6,6799,True,sHlR4rV_6KMa-LPR37DcCg
457,2020,3,451,BuenosAires,-34.61070008920496,-58.41448789242739,W7X3KZuV6oZZrkuoD0RrjQ,190,0,191,9,6804,True,W7X3KZuV6oZZrkuoD0RrjQ
44,2013,10,210,BuenosAires,-34.62567942221424,-58.41882204673558,N8nTVFb03StP3HxSbCdkLg,738,1,1344,1,6810,True,N8nTVFb03StP3HxSbCdkLg
256,2014,5,252,BuenosAires,-34.61840720059481,-58.40844843943546,uL-QUkRhBuGvmsTOjHJhzw,945,0,996,8,6815,True,uL-QUkRhBuGvmsTOjHJhzw
161,2019,5,524,BuenosAires,-34.62268875022099,-58.36653132285382,WSfdCciUwSzi6gwG7MOD_A,719,1,1345,1,6827,True,WSfdCciUwSzi6gwG7MOD_A
362,2014,10,298,BuenosAires,-34.61482544674747,-58.37258524524727,hPPh2-vZFQPT2eIA2ZGnYQ,216,0,217,10,6836,True,hPPh2-vZFQPT2eIA2ZGnYQ
505,2015,6,347,BuenosAires,-34.60871651534952,-58.40402592053393,q1dIt7F4irMpIvv2PwyTVg,933,0,983,7,6841,True,q1dIt7F4irMpIvv2PwyTVg
899,2017,8,152,BuenosAires,-34.59593265044418,-58.36901030693826,QQuwfspzR96MmRUVHKJP3Q,473,0,482,6,6864,True,QQuwfspzR96MmRUVHKJP3Q
136,2016,12,379,BuenosAires,-34.6226927504622,-58.4040226970516,qCuHpsHspiU7m_yaslpcmA,481,0,491,9,6865,True,qCuHpsHspiU7m_yaslpcmA
706,2019,5,240,BuenosAires,-34.6015714546421,-58.40993059586663,NiZ1Sw8oPp_xgEBNMbbBdQ,653,0,674,6,6867,True,NiZ1Sw8oPp_xgEBNMbbBdQ
905,2015,6,395,BuenosAires,-34.59410562077155,-58.41900674846899,l25Rc1EN9cg5sI4crJUa0Q,947,0,998,8,6872,True,l25Rc1EN9cg5sI4crJUa0Q
870,2014,5,432,BuenosAires,-34.595600912432,-58.41305275217429,-VvaV9UrtrD_s3EuI6Nr3A,608,0,626,8,6880,True,-VvaV9UrtrD_s3EuI6Nr3A
646,2015,6,614,BuenosAires,-34.60466779504351,-58.37698949478236,KtACZ_TH83_BAeWR-s70hQ,754,0,785,5,6885,True,KtACZ_TH83_BAeWR-s70hQ
833,2019,4,153,BuenosAires,-34.59739823250078,-58.40410405703258,CTTaWexu63RcJLpQiSAYMA,364,0,369,10,6887,True,CTTaWexu63RcJLpQiSAYMA
200,2019,5,120,BuenosAires,-34.62119277631649,-58.36986230957115,0L-O9zRLexnEqTIrRx5fvQ,838,0,874,8,6894,True,0L-O9zRLexnEqTIrRx5fvQ
301,2014,5,181,BuenosAires,-34.61670284082785,-58.40246168974392,YVuPzAq7yzlYsy7JNYdSSw,241,0,242,8,6906,True,YVuPzAq7yzlYsy7JNYdSSw
1007,2014,10,398,BuenosAires,-34.59109196875456,-58.38921148315416,6vPJ9rqeMbLdfqSJZ3U6Iw,710,0,735,9,6913,True,6vPJ9rqeMbLdfqSJZ3U6Iw
322,2014,3,594,BuenosAires,-34.61663867352256,-58.37109037074399,MlBYrB9e-niWDvQqU122Kw,105,0,106,9,6914,True,MlBYrB9e-niWDvQqU122Kw
245,2013,10,501,BuenosAires,-34.61961610663835,-58.36273044414439,EYMXFiMNVtv9p9fJ9CBNEA,217,0,218,5,6932,True,EYMXFiMNVtv9p9fJ9CBNEA
832,2016,10,380,BuenosAires,-34.59715270779382,-58.40554028668879,M-kufDxnVeFYpDPyUQ8v2Q,356,0,361,10,6937,True,M-kufDxnVeFYpDPyUQ8v2Q
1050,2014,5,318,BuenosAires,-34.58964952710742,-58.38611181034874,UHYK6y427fFl4Yw-P8G2Dg,938,0,988,5,6939,True,UHYK6y427fFl4Yw-P8G2Dg
708,2017,6,463,BuenosAires,-34.6017221457374,-58.40699102139655,-Yh3M3ly9Hd5AFIshXqACQ,269,0,272,7,6941,True,-Yh3M3ly9Hd5AFIshXqACQ
1371,2017,9,538,BuenosAires,-34.57705575057174,-58.39607083195858,cK27YmHhD7g5okLUFZN74A,1051,2,1346,1,6949,True,cK27YmHhD7g5okLUFZN74A
304,2017,6,437,BuenosAires,-34.61637006016127,-58.39958374418172,057_eYPgTDalrXYIpZShbA,73,0,73,11,6964,True,057_eYPgTDalrXYIpZShbA
494,2014,5,219,BuenosAires,-34.60918367157402,-58.41997365479079,HrxQON55IMN3w3bB4T5xzw,1056,0,1125,6,6970,True,HrxQON55IMN3w3bB4T5xzw
1036,2014,6,39,BuenosAires,-34.58990956870561,-58.40738574044889,MBkGaCxadY-rf8vzEarnbA,709,0,734,7,6983,True,MBkGaCxadY-rf8vzEarnbA
512,2013,10,472,BuenosAires,-34.60929864781453,-58.39348968861611,tqTvHogXyeHCCPJd5a2V8Q,1118,0,1208,6,6991,True,tqTvHogXyeHCCPJd5a2V8Q
864,2019,4,372,BuenosAires,-34.59544558484605,-58.41905294755453,JsnNCrCeUu_AXaKA2-UiNw,1092,0,1171,8,6994,True,JsnNCrCeUu_AXaKA2-UiNw
198,2013,10,45,BuenosAires,-34.62122007961955,-58.37282316330656,xB_2HuczWX6FExAL5VSrmQ,203,0,204,10,7005,True,xB_2HuczWX6FExAL5VSrmQ
183,2014,5,249,BuenosAires,-34.62111429073497,-58.39449514436946,NiUurKWrpoqWuK6VzAMfdw,968,0,1023,9,7006,True,NiUurKWrpoqWuK6VzAMfdw
1254,2014,5,134,BuenosAires,-34.58217175286014,-58.38744779251385,H3nSg6PsihF_4nXcOPGhyg,339,0,343,4,7007,True,H3nSg6PsihF_4nXcOPGhyg
883,2017,7,288,BuenosAires,-34.59577591678374,-58.39057942785423,S3y2P-ou0xWnALnJqzDhBw,935,2,1347,1,7008,True,S3y2P-ou0xWnALnJqzDhBw
779,2014,7,489,BuenosAires,-34.59871891309323,-58.42354639750107,_CV2F9BuZ6SQyk5YxtaLXg,503,0,514,8,7033,True,_CV2F9BuZ6SQyk5YxtaLXg
1002,2014,7,388,BuenosAires,-34.591236006873,-58.39668902802638,vh4x-U5YdJgGRSUIQf5aEg,1101,0,1185,8,7036,True,vh4x-U5YdJgGRSUIQf5aEg
537,2019,5,455,BuenosAires,-34.60768760486237,-58.41741513715736,MQWdwidJ4eXwJshiS38dDw,862,0,905,7,7041,True,MQWdwidJ4eXwJshiS38dDw
0,2014,7,322,BuenosAires,-34.6272150081587,-58.42352821925235,8OuSEmaqSt4d2w0aOJFhlg,1144,0,1271,4,7045,True,8OuSEmaqSt4d2w0aOJFhlg
786,2013,10,359,BuenosAires,-34.59866310692637,-58.41342531865477,c7LoelqPRaU5UHcdBSwvKw,872,0,915,7,7056,True,c7LoelqPRaU5UHcdBSwvKw
76,2017,6,512,BuenosAires,-34.62564683814016,-58.37105416368127,qd5r-N-VeVTsXOvkcxGD1Q,227,1,1261,4,7063,True,qd5r-N-VeVTsXOvkcxGD1Q
346,2015,6,304,BuenosAires,-34.61527768131499,-58.39645941028338,qMJJZBOGoFFQ3Hudo8iOxw,389,0,395,7,7067,True,qMJJZBOGoFFQ3Hudo8iOxw
1131,2014,8,593,BuenosAires,-34.58645310279129,-58.38800488963975,vOrCwsDcGX7cWq0T97QzVA,262,0,265,7,7068,True,vOrCwsDcGX7cWq0T97QzVA
719,2014,7,280,BuenosAires,-34.60186424765071,-58.39057416852465,6bL2d34ymeVsXzJD6AzXLw,385,0,391,8,7073,True,6bL2d34ymeVsXzJD6AzXLw
375,2013,10,330,BuenosAires,-34.61369025915379,-58.41465267056701,tNlsy7NzIp1IvcMZ14i53g,39,0,39,9,7076,True,tNlsy7NzIp1IvcMZ14i53g
703,2015,6,406,BuenosAires,-34.601955580989,-58.41473164197758,sCkuO2pN-pXwf1UpyIWoBg,1113,0,1201,8,7089,True,sCkuO2pN-pXwf1UpyIWoBg
802,2015,9,342,BuenosAires,-34.59839857438885,-58.38899598415968,xY5LxTT0R25NowbBZdVyqw,904,0,952,10,7090,True,xY5LxTT0R25NowbBZdVyqw
328,2015,6,384,BuenosAires,-34.61478865347944,-58.42369793219374,Uc6BvFV7gVC_9l-I-XwzMQ,330,1,1348,1,7091,True,Uc6BvFV7gVC_9l-I-XwzMQ
871,2016,12,456,BuenosAires,-34.5957652461999,-58.40824751352287,PtyJi6uiZVR-Qh6epANChA,40,0,40,6,7108,True,PtyJi6uiZVR-Qh6epANChA
1076,2019,5,294,BuenosAires,-34.58808898244022,-58.40838991090718,TeV79Y6QX4Md5CJsR41UTQ,972,0,1028,7,7110,True,TeV79Y6QX4Md5CJsR41UTQ
1281,2017,8,392,BuenosAires,-34.58080793160699,-58.40842910791508,2uGn6wdBAkVEDzPnrqkkgA,979,0,1036,4,7116,True,2uGn6wdBAkVEDzPnrqkkgA
319,2014,10,107,BuenosAires,-34.61674396688579,-58.37593965753676,0Wrl9nhjPrHBqcWW7J3ARA,404,0,410,9,7117,True,0Wrl9nhjPrHBqcWW7J3ARA
812,2019,2,309,BuenosAires,-34.59864913836693,-58.37416926526683,f94sGM89w_xibjyKRk0S8Q,1002,2,1349,1,7118,True,f94sGM89w_xibjyKRk0S8Q
760,2019,5,358,BuenosAires,-34.60011060984885,-58.39008080685417,iKdIm1TG1UVVYlOJ3pzxyA,621,0,640,6,7119,True,iKdIm1TG1UVVYlOJ3pzxyA
1162,2014,8,56,BuenosAires,-34.58521583168181,-58.40401894215341,RuJWH__cW_ZlWOSTYbgXjw,781,0,812,6,7125,True,RuJWH__cW_ZlWOSTYbgXjw
379,2014,5,440,BuenosAires,-34.61369637895483,-58.40864769459694,PeMwluDtOzcfJ7EyXmchMg,229,0,230,8,7127,True,PeMwluDtOzcfJ7EyXmchMg
1109,2013,10,455,BuenosAires,-34.58657889087691,-58.42063541234615,3YthCb7s07S7yDvCkAaAkw,967,1,1174,3,7128,True,3YthCb7s07S7yDvCkAaAkw
1074,2015,6,278,BuenosAires,-34.58814335214628,-58.41164245202251,XBKYLC0_mbttGer9fT3J3Q,964,1,1350,1,7131,True,XBKYLC0_mbttGer9fT3J3Q
80,2015,5,330,BuenosAires,-34.62516805394651,-58.36511142054844,WtAhqLTEpOz5q3kOHUiCTw,324,0,328,10,7134,True,WtAhqLTEpOz5q3kOHUiCTw
194,2014,7,268,BuenosAires,-34.62119165106809,-58.37864123553634,ZiB9f3B2ND70RjZOIrSa-g,14,0,14,9,7143,True,ZiB9f3B2ND70RjZOIrSa-g
431,2015,5,339,BuenosAires,-34.61220884035217,-58.3917725505938,tszQ961bUUa5yEQndwPYiA,772,0,803,6,7146,True,tszQ961bUUa5yEQndwPYiA
641,2014,7,218,BuenosAires,-34.60469127978308,-58.3850601588501,LpB1O4Sa_Gz_IQICNvWcEA,546,0,560,4,7148,True,LpB1O4Sa_Gz_IQICNvWcEA
539,2013,10,180,BuenosAires,-34.60774551782971,-58.41469434128647,bi3yRhWYtrpefZ9RoCQdTQ,834,0,870,7,7157,True,bi3yRhWYtrpefZ9RoCQdTQ
657,2017,8,276,BuenosAires,-34.60307923870641,-58.4219970546309,Lsv4vkF585Q0-BnBeN1b_g,55,0,55,9,7159,True,Lsv4vkF585Q0-BnBeN1b_g
731,2017,6,166,BuenosAires,-34.60163164746809,-58.37254980951438,FEiiEfSkl0W_72PJRtUPnw,1126,2,1351,1,7162,True,FEiiEfSkl0W_72PJRtUPnw
534,2019,6,429,BuenosAires,-34.60726259976038,-58.4220352919601,AKUvdtOAdbWkwzaBVh-9jg,848,0,886,7,7168,True,AKUvdtOAdbWkwzaBVh-9jg
1312,2014,6,390,BuenosAires,-34.57866616660338,-58.42270349216341,xlO2wdb8DPLZwHiSjkdGCQ,1074,2,1352,1,7178,True,xlO2wdb8DPLZwHiSjkdGCQ
1364,2016,10,435,BuenosAires,-34.57751910170389,-58.40733241025654,um6IAicMnt982k2b-6n9PA,700,0,725,7,7180,True,um6IAicMnt982k2b-6n9PA
255,2014,5,533,BuenosAires,-34.61793805450436,-58.41161286193116,uwg2qgBDzNldypo2bTbZtw,884,0,929,4,7189,True,uwg2qgBDzNldypo2bTbZtw
640,2014,7,119,BuenosAires,-34.60479652083123,-58.38648138954339,6iRGAZehw84d_eL4Kmxldw,832,0,868,10,7192,True,6iRGAZehw84d_eL4Kmxldw
197,2015,2,313,BuenosAires,-34.62119853826101,-58.37422326875458,PzPgE8BqkhxsQS2ZfPPIVw,1023,0,1084,11,7194,True,PzPgE8BqkhxsQS2ZfPPIVw
182,2015,6,374,BuenosAires,-34.62124418883239,-58.39694411084471,BGBgaGWJ1o4vYFvTZvzghg,306,0,310,11,7196,True,BGBgaGWJ1o4vYFvTZvzghg
583,2019,4,452,BuenosAires,-34.60616269274117,-58.40853183863399,Q5wu1VZ5VlTAPQpbrWZhBA,432,0,440,7,7213,True,Q5wu1VZ5VlTAPQpbrWZhBA
677,2014,6,284,BuenosAires,-34.60312519480063,-58.39205706963104,eh1DIXB5DKlZgbU0OB8G4w,442,0,450,9,7215,True,eh1DIXB5DKlZgbU0OB8G4w
862,2015,6,439,BuenosAires,-34.59533867239094,-58.42198056431172,fB4PmWGQYjkZzxtQZXBulw,1146,0,1278,7,7217,True,fB4PmWGQYjkZzxtQZXBulw
692,2015,10,376,BuenosAires,-34.60312136980903,-58.36807966452184,1t-AezFyHRxAVHwnT8ogkQ,825,2,1353,1,7222,True,1t-AezFyHRxAVHwnT8ogkQ
261,2015,1,374,BuenosAires,-34.61815778726123,-58.40104246706886,5O9gnxI6vsGjy8maTtyUBw,999,0,1059,8,7237,True,5O9gnxI6vsGjy8maTtyUBw
1102,2019,5,515,BuenosAires,-34.58841908572182,-58.36903814545284,WcjnzGzNpKLl3lQBk_IJ_w,1063,1,1354,1,7242,True,WcjnzGzNpKLl3lQBk_IJ_w
793,2014,7,513,BuenosAires,-34.59875829791746,-58.40245323346872,TeSnrsx_R2_D5efHAHAcLw,928,0,978,10,7253,True,TeSnrsx_R2_D5efHAHAcLw
393,2014,2,318,BuenosAires,-34.61366076670211,-58.38753823694134,gsyMcFEW39YJlEFJ29Shpg,571,0,588,7,7272,True,gsyMcFEW39YJlEFJ29Shpg
219,2015,6,107,BuenosAires,-34.61979659653002,-58.40253900892518,eKQ_J0s0L598Iq7rMkR1Zg,688,0,713,8,7273,True,eKQ_J0s0L598Iq7rMkR1Zg
663,2014,7,274,BuenosAires,-34.60322167137384,-58.41304820293614,X1WAAdbQaHYDAV-bNVbFHw,321,3,1355,1,7274,True,X1WAAdbQaHYDAV-bNVbFHw
681,2013,10,306,BuenosAires,-34.60272818678242,-58.38614017130574,nOydpRyN9_NJ2cbEosBddg,785,0,816,9,7275,True,nOydpRyN9_NJ2cbEosBddg
829,2019,4,566,BuenosAires,-34.59718552175841,-58.41027534042236,3MoD1Eh_JclIOPKrJzoGqQ,381,1,1111,5,7277,True,3MoD1Eh_JclIOPKrJzoGqQ
1201,2019,5,400,BuenosAires,-34.58342290463622,-58.40565817639594,e47qKhGzKdd0-CcQ3wX7fQ,674,0,698,5,7290,True,e47qKhGzKdd0-CcQ3wX7fQ
596,2013,10,95,BuenosAires,-34.60615779313041,-58.39073946660491,hw1DJoi0IZX5kX27zQetNQ,727,0,755,6,7297,True,hw1DJoi0IZX5kX27zQetNQ
530,2019,10,292,BuenosAires,-34.60918105491255,-58.36656278564629,ZN9-j0edM0NKxVZU0tmpeA,459,2,1356,1,7298,True,ZN9-j0edM0NKxVZU0tmpeA
515,2014,5,561,BuenosAires,-34.60913433581852,-58.38905011370721,y1i7hVRe53Pcf6DFM1JJAg,24,0,24,6,7300,True,y1i7hVRe53Pcf6DFM1JJAg
300,2014,5,289,BuenosAires,-34.616767841577,-58.40424043826273,BZyT1NyG2N6mhxo7V_rOVw,800,0,832,6,7304,True,BZyT1NyG2N6mhxo7V_rOVw
1068,2019,5,334,BuenosAires,-34.58807460686788,-58.42068597925521,LGUrXfIK85SOStDUFMKnlw,297,1,655,3,7314,True,LGUrXfIK85SOStDUFMKnlw
438,2019,5,14,BuenosAires,-34.61218877935681,-58.38181863667674,TltYzIgxaBsfcSK_s-7E-Q,746,0,777,11,7320,True,TltYzIgxaBsfcSK_s-7E-Q
254,2017,6,515,BuenosAires,-34.61811336900422,-58.40936414856453,nVOTCBENLANZUPqNimNDvA,589,0,607,8,7331,True,nVOTCBENLANZUPqNimNDvA
519,2019,6,382,BuenosAires,-34.60913580139486,-58.38312655780538,5pdHci7zrhDdrxekKVTTWg,26,0,26,6,7338,True,5pdHci7zrhDdrxekKVTTWg
1122,2017,8,151,BuenosAires,-34.58692288681296,-58.4011522290709,uOKbIvD-HREC1NoheBlFDg,472,0,481,6,7339,True,uOKbIvD-HREC1NoheBlFDg
1182,2014,1,449,BuenosAires,-34.58517753582287,-58.37251265659894,eor7x5zwzCWh-5t7IKndAQ,569,0,585,6,7344,True,eor7x5zwzCWh-5t7IKndAQ
90,2017,6,461,BuenosAires,-34.62415124856379,-58.40709754961486,r2_a67KaL4Vjm_lPKwaXpw,551,0,565,6,7345,True,r2_a67KaL4Vjm_lPKwaXpw
1057,2013,10,459,BuenosAires,-34.5891668683053,-58.37511107400141,8qwgJx4x0tWmpotSzzOzzA,865,1,1357,2,7354,True,8qwgJx4x0tWmpotSzzOzzA
457,2013,10,180,BuenosAires,-34.61068552453001,-58.4144590576473,VyNQnliyCLJ1m7vsLKe2PQ,190,2,1358,1,7358,True,VyNQnliyCLJ1m7vsLKe2PQ
378,2014,8,51,BuenosAires,-34.61371396703733,-58.40991811251457,3c8Ev4otVDR8u-F-NdYhZg,847,0,885,7,7359,True,3c8Ev4otVDR8u-F-NdYhZg
906,2019,6,332,BuenosAires,-34.59411900101504,-58.41760302815467,rl4T5vFMB84ukAxCVDD1MA,1015,0,1076,6,7362,True,rl4T5vFMB84ukAxCVDD1MA
769,2017,6,402,BuenosAires,-34.60008015759332,-58.37865124267339,LqD1lE9xcKMrDmGsExWaug,595,0,613,10,7381,True,LqD1lE9xcKMrDmGsExWaug
1248,2019,5,321,BuenosAires,-34.58220667431868,-58.39645295206731,ALGyeI66KZuQ2VdK96X3fQ,605,0,623,3,7383,True,ALGyeI66KZuQ2VdK96X3fQ
1092,2019,5,264,BuenosAires,-34.58814112268403,-58.38306883529787,kQs8jZ5Z9rSKbWYWTGMAyQ,365,0,370,3,7387,True,kQs8jZ5Z9rSKbWYWTGMAyQ
187,2020,3,309,BuenosAires,-34.62140480692945,-58.38902503107104,Wcyw4dYRSWvmJ49ovMqJIg,1053,0,1121,9,7388,True,Wcyw4dYRSWvmJ49ovMqJIg
195,2020,3,262,BuenosAires,-34.62115276904643,-58.37724020963962,u-bAIKNJh0zQIjWBFr5pzg,593,0,611,12,7398,True,u-bAIKNJh0zQIjWBFr5pzg
266,2019,6,490,BuenosAires,-34.61825068479769,-58.3934931936102,5OwxupYEMUXQ3T_2XVnUcg,225,0,226,9,7401,True,5OwxupYEMUXQ3T_2XVnUcg
193,2020,3,432,BuenosAires,-34.6212209336612,-58.38005759602022,lHNwSbUJk3ydg_yRbIhjXg,715,0,741,9,7408,True,lHNwSbUJk3ydg_yRbIhjXg
208,2019,4,256,BuenosAires,-34.61960692758002,-58.41896345200444,v9522it7Em_JvB1n_nG2Rg,845,0,882,5,7414,True,v9522it7Em_JvB1n_nG2Rg
191,2014,5,257,BuenosAires,-34.62117321021585,-58.38299131369124,Ud2XlmtLVci-PdAkkXMRfw,1089,0,1166,9,7415,True,Ud2XlmtLVci-PdAkkXMRfw
73,2014,6,149,BuenosAires,-34.62581915984406,-58.3754524754658,R-H23HbVXVR_W9y3zzyA3w,248,0,250,8,7416,True,R-H23HbVXVR_W9y3zzyA3w
88,2016,10,360,BuenosAires,-34.62419355152917,-58.41622154821184,ox5kc33Dl_4T5ppmOYYQKA,367,0,372,7,7423,True,ox5kc33Dl_4T5ppmOYYQKA
434,2013,10,212,BuenosAires,-34.61215086655596,-58.38748793504432,Ju9fDpGmftVJPqEkjioDMQ,628,0,648,9,7427,True,Ju9fDpGmftVJPqEkjioDMQ
141,2014,2,542,BuenosAires,-34.62264313820106,-58.39650062668518,NgWbQRKGOhqd6wb4r7QnFA,667,0,690,9,7429,True,NgWbQRKGOhqd6wb4r7QnFA
98,2015,9,477,BuenosAires,-34.62415580374502,-58.39916513706871,BewINyTPo4svpqaXgngerg,74,0,74,9,7430,True,BewINyTPo4svpqaXgngerg
633,2015,6,4,BuenosAires,-34.60471996499373,-58.3967334894656,GAg5_YJ0COZ2xs9fp0jbVQ,1069,0,1141,8,7442,True,GAg5_YJ0COZ2xs9fp0jbVQ
1174,2017,9,260,BuenosAires,-34.58474076325908,-58.38405991760801,M__2uutZITLkTjhFHI0xkQ,1006,1,1359,1,7443,True,M__2uutZITLkTjhFHI0xkQ
350,2019,4,366,BuenosAires,-34.61514425470764,-58.39036052121899,b8PWfjn1-3FL62RwuGRmeQ,139,0,140,8,7445,True,b8PWfjn1-3FL62RwuGRmeQ
316,2014,5,259,BuenosAires,-34.61639808215223,-58.38002559045108,H2ZIaB0JJfoIUjKJA6kA9A,137,0,138,11,7455,True,H2ZIaB0JJfoIUjKJA6kA9A
59,2014,5,167,BuenosAires,-34.62568484848997,-58.39651479880766,4w51MPbpMfn-CMlyi5fJLQ,361,0,366,8,7457,True,4w51MPbpMfn-CMlyi5fJLQ
820,2017,6,506,BuenosAires,-34.59717683097355,-58.42329696071846,z0iag5npB8GwherwJy3WaA,1116,0,1206,7,7460,True,z0iag5npB8GwherwJy3WaA
1380,2019,5,575,BuenosAires,-34.57835755366154,-58.38330525904877,SgA92O3yK5zqUOsXHHfQYg,1091,1,1360,1,7461,True,SgA92O3yK5zqUOsXHHfQYg
616,2019,5,255,BuenosAires,-34.60478505556767,-58.42211147479523,BZU8_Xqwb4YPP-KDNOtSvQ,1008,0,1068,9,7474,True,BZU8_Xqwb4YPP-KDNOtSvQ
482,2014,6,436,BuenosAires,-34.61048356200736,-58.37706508833962,YuoJHXkduhiN0-Feey4ZOw,534,0,548,7,7475,True,YuoJHXkduhiN0-Feey4ZOw
174,2015,6,279,BuenosAires,-34.62110596565996,-58.408554034277,J34I2KZXgkpt0fpktYCG_w,855,0,896,8,7476,True,J34I2KZXgkpt0fpktYCG_w
481,2016,12,335,BuenosAires,-34.61067016377698,-58.37995196654887,ujK3x7nABRbjpEyYPY0WwQ,489,0,499,7,7478,True,ujK3x7nABRbjpEyYPY0WwQ
295,2019,5,487,BuenosAires,-34.61662935105313,-58.41152632194355,0tdX3btDZbMcsKpfyld7Qw,50,0,50,7,7485,True,0tdX3btDZbMcsKpfyld7Qw
892,2014,3,257,BuenosAires,-34.59571525655645,-58.37700962261307,7X2uoC_8lpIwnl82IDgkLg,1138,0,1250,5,7488,True,7X2uoC_8lpIwnl82IDgkLg
1276,2019,5,488,BuenosAires,-34.58057083308314,-58.41631661707262,Fi2b54SMtxVjxhqBNHDVyA,817,0,851,7,7491,True,Fi2b54SMtxVjxhqBNHDVyA
1166,2014,7,427,BuenosAires,-34.58536780835608,-58.39475429603259,SBd3Z597Xk7i24mSSZhlsQ,495,0,505,5,7497,True,SBd3Z597Xk7i24mSSZhlsQ
558,2014,11,108,BuenosAires,-34.60757588667403,-58.38602221726885,2meOddsqlS7zLW-205nqcw,345,0,350,12,7503,True,2meOddsqlS7zLW-205nqcw
217,2019,3,325,BuenosAires,-34.61929354361988,-58.40566366160215,jS7hotloIQ1zEs5J4rwxQQ,34,0,34,11,7518,True,jS7hotloIQ1zEs5J4rwxQQ
1040,2014,5,266,BuenosAires,-34.58976288075674,-58.40107024444083,obrjUsa4kzO4aH-F6DTrxg,1064,0,1135,4,7523,True,obrjUsa4kzO4aH-F6DTrxg
1190,2015,6,460,BuenosAires,-34.5838450673865,-58.42186693807854,tlsKZOMwS4zGuMONqEXqGQ,1013,0,1073,8,7538,True,tlsKZOMwS4zGuMONqEXqGQ
277,2014,6,461,BuenosAires,-34.61819525885286,-58.37734250658246,B8u6Frak5nSmDMGvgueXFg,110,0,111,12,7541,True,B8u6Frak5nSmDMGvgueXFg
912,2013,10,561,BuenosAires,-34.59416850871937,-58.40880595305266,gtSOFLJNnbaNo3itYACEKA,1120,1,1286,3,7574,True,gtSOFLJNnbaNo3itYACEKA
1237,2019,5,596,BuenosAires,-34.58226451608413,-58.41317212090699,uP4WXuG--ebil9vPhkM0Mw,1142,0,1266,5,7577,True,uP4WXuG--ebil9vPhkM0Mw
1376,2017,8,216,BuenosAires,-34.57755836474881,-58.3875475004192,eWRudUGzTAZE4WbVrxjQhw,403,1,1095,4,7582,True,eWRudUGzTAZE4WbVrxjQhw
324,2015,4,417,BuenosAires,-34.61697340048966,-58.36805734332631,WE9baCWEx4Vng_bEnlHW9g,771,0,802,13,7594,True,WE9baCWEx4Vng_bEnlHW9g
652,2019,7,108,BuenosAires,-34.60469462125196,-58.36792278302942,p9iwCsFRsTGNBFMqdTxZgw,353,2,1361,1,7606,True,p9iwCsFRsTGNBFMqdTxZgw
587,2015,6,596,BuenosAires,-34.6064238658204,-58.40400609870255,-O3HTBe-2qy3IFQ5TtQf9Q,2,0,2,8,7610,True,-O3HTBe-2qy3IFQ5TtQf9Q
578,2013,10,429,BuenosAires,-34.60625255706964,-58.41720399471867,yJk6hFEbCA-xYWfFcvnNaQ,402,0,408,4,7634,True,yJk6hFEbCA-xYWfFcvnNaQ
6,2014,4,163,BuenosAires,-34.62719017138786,-58.41300533796385,SPIo11DURXawmHEi_SSeoQ,1111,0,1199,7,7638,True,SPIo11DURXawmHEi_SSeoQ
520,2017,6,449,BuenosAires,-34.60909961331389,-58.38148280914623,DPyxx2VLynmap-3labOK8g,245,1,1362,1,7639,True,DPyxx2VLynmap-3labOK8g
1120,2014,5,444,BuenosAires,-34.58662480072351,-58.40402492677093,NVJy9ffU6CfD_SqtrihHXw,963,0,1017,6,7648,True,NVJy9ffU6CfD_SqtrihHXw
1167,2013,10,505,BuenosAires,-34.58505961951384,-58.39641591441509,ORK3eVll5rYqZC63ISoPcQ,1044,2,1363,1,7650,True,ORK3eVll5rYqZC63ISoPcQ
1046,2013,10,395,BuenosAires,-34.58958957699362,-58.39047138404801,_En8RZWiskCgRWXhyzIepQ,463,0,472,6,7652,True,_En8RZWiskCgRWXhyzIepQ
675,2020,3,367,BuenosAires,-34.60324298300452,-58.39509116422014,D85ZZyJ8fjGdhT7j7mlY_g,958,1,1364,1,7659,True,D85ZZyJ8fjGdhT7j7mlY_g
1167,2019,4,637,BuenosAires,-34.58504888046441,-58.39646292885796,vzXtwrjjVVHnCMbF8WJpSw,1044,3,1365,1,7672,True,vzXtwrjjVVHnCMbF8WJpSw
1381,2019,5,562,BuenosAires,-34.57870821187878,-58.38234575299704,fBoIvyr66GCsSEMt1m-YGA,721,1,1366,1,7681,True,fBoIvyr66GCsSEMt1m-YGA
785,2019,4,221,BuenosAires,-34.59865990761917,-58.41478163566558,M0Zkvb03HqXAsKwvtGqVkw,15,0,15,7,7685,True,M0Zkvb03HqXAsKwvtGqVkw
394,2017,6,48,BuenosAires,-34.61368292238478,-58.38602076061105,KlXieq72IzgWot_-kbF8fQ,379,0,385,10,7691,True,KlXieq72IzgWot_-kbF8fQ
55,2018,10,605,BuenosAires,-34.62595532948485,-58.40243176399025,0B-iGAXjO-Xx8GurePcG2Q,96,0,96,13,7697,True,0B-iGAXjO-Xx8GurePcG2Q
1327,2019,8,533,BuenosAires,-34.57918226452579,-58.40106484223708,nyg2wC2cytUg81_sTdjdog,1106,0,1191,8,7698,True,nyg2wC2cytUg81_sTdjdog
1282,2013,10,464,BuenosAires,-34.58058399371922,-58.40717389163316,mT_2GnINexW1XutjWKydBQ,515,0,526,4,7706,True,mT_2GnINexW1XutjWKydBQ
937,2013,10,551,BuenosAires,-34.59420730619052,-58.37113343165766,VIbOLB_ekGcskeOfLCQTLg,789,2,1367,1,7708,True,VIbOLB_ekGcskeOfLCQTLg
688,2013,10,452,BuenosAires,-34.60330751097009,-58.37550767644597,PINDwAOd2R-zyxvhVJJHVA,429,0,436,12,7718,True,PINDwAOd2R-zyxvhVJJHVA
1103,2014,7,344,BuenosAires,-34.58796756480224,-58.36835794343383,Oor0EsMhjjHAZ9ZUV8PW1w,434,1,763,4,7723,True,Oor0EsMhjjHAZ9ZUV8PW1w
1183,2017,8,505,BuenosAires,-34.58519905789949,-58.36957176993287,2cUM1qtIFWa9wt83utcWLg,923,0,973,5,7734,True,2cUM1qtIFWa9wt83utcWLg
1039,2019,4,268,BuenosAires,-34.58971008821754,-58.40244266221523,ZJ6ZbIJyUAwmvot4XscOPQ,304,0,308,6,7739,True,ZJ6ZbIJyUAwmvot4XscOPQ
968,2014,6,451,BuenosAires,-34.59282971426308,-58.38597482644784,eJVcoNoLHML_gZolEiibdw,19,1,1368,1,7740,True,eJVcoNoLHML_gZolEiibdw
327,2016,8,99,BuenosAires,-34.61664655182486,-58.36321161913959,8JpvqzI4_pIiqMOnjOZQOA,1094,1,1369,1,7742,True,8JpvqzI4_pIiqMOnjOZQOA
81,2020,3,224,BuenosAires,-34.62513357469562,-58.36357871291005,AyFXJ3enrEAuYUmNbPxTDw,411,0,417,8,7746,True,AyFXJ3enrEAuYUmNbPxTDw
763,2014,5,284,BuenosAires,-34.60052505644786,-58.38601845279938,ZWm5XdnRDvPMuKNfMnC9cQ,524,0,537,6,7754,True,ZWm5XdnRDvPMuKNfMnC9cQ
897,2013,11,67,BuenosAires,-34.59627656375989,-58.36890509061974,dvnBiA1UnTV-BBEsmjMqzA,883,0,928,8,7760,True,dvnBiA1UnTV-BBEsmjMqzA
241,2019,4,456,BuenosAires,-34.6193352853792,-58.36971636415761,Gvnh6orf4t7o7-pVx_QuNA,585,0,603,7,7767,True,Gvnh6orf4t7o7-pVx_QuNA
676,2014,2,565,BuenosAires,-34.60318948174639,-58.39355633230802,ke1xYrFuRQbNn-hj_w4Lyw,1114,0,1202,9,7771,True,ke1xYrFuRQbNn-hj_w4Lyw
484,2017,6,438,BuenosAires,-34.61028718445123,-58.37413407559544,eqOVKAzKu6f6JB9puEGwUg,652,0,673,3,7787,True,eqOVKAzKu6f6JB9puEGwUg
209,2017,8,276,BuenosAires,-34.61984992350704,-58.41750131922596,5QWMvdTjOVsjNY3W3qFFmA,165,0,166,8,7799,True,5QWMvdTjOVsjNY3W3qFFmA
419,2016,10,54,BuenosAires,-34.61225483278482,-58.41013572703459,F6xpg42DNWnDnpNM2cW66A,92,0,92,8,7805,True,F6xpg42DNWnDnpNM2cW66A
868,2015,3,344,BuenosAires,-34.59572969024538,-58.41132517108222,xrjaEPBbbhlFBD5UFbu4Xw,665,0,687,9,7806,True,xrjaEPBbbhlFBD5UFbu4Xw
964,2015,9,381,BuenosAires,-34.59230194348186,-58.39247582215052,5uf_lpAAe9BZzvRHS6y81A,997,0,1057,6,7809,True,5uf_lpAAe9BZzvRHS6y81A
951,2014,7,681,BuenosAires,-34.59282686554105,-58.4113705078165,VFsfaEOdEBPjPpt6BTQ3DQ,348,0,353,7,7814,True,VFsfaEOdEBPjPpt6BTQ3DQ
348,2014,6,526,BuenosAires,-34.61505114728575,-58.39353564317727,T65PcnfvF1BWMCmqc-D4tQ,153,0,154,7,7825,True,T65PcnfvF1BWMCmqc-D4tQ
92,2013,10,232,BuenosAires,-34.62419073482179,-58.408926140981,CsDZRxpiBOdtRuWpwvDZfg,1086,0,1163,3,7826,True,CsDZRxpiBOdtRuWpwvDZfg
396,2019,4,288,BuenosAires,-34.61373624789137,-58.3831861050022,V_YG3Aia5zEuuyoP8BElXQ,657,0,678,9,7829,True,V_YG3Aia5zEuuyoP8BElXQ
1287,2019,8,569,BuenosAires,-34.58019416177136,-58.39919479327349,w4-aXDp3LSHS7y8rkrn8Gw,341,0,346,5,7833,True,w4-aXDp3LSHS7y8rkrn8Gw
849,2019,5,164,BuenosAires,-34.59722731108972,-58.37987220591056,lV0JVxXFtFhG9Y4G8IT3ew,1049,1,1279,4,7834,True,lV0JVxXFtFhG9Y4G8IT3ew
156,2018,10,420,BuenosAires,-34.62281167323944,-58.37405093233278,xoiG5J3xF5H-f9FBgM7vcQ,740,0,769,7,7835,True,xoiG5J3xF5H-f9FBgM7vcQ
660,2017,6,429,BuenosAires,-34.60351249871604,-58.41763114524711,DGhVF3rT2YpLutamdGcxOQ,409,0,415,10,7866,True,DGhVF3rT2YpLutamdGcxOQ
1088,2014,6,545,BuenosAires,-34.58803390114232,-58.39035903368489,7BS54JfcK2a_pDWmtysKrA,1112,0,1200,7,7869,True,7BS54JfcK2a_pDWmtysKrA
953,2014,5,430,BuenosAires,-34.59301815207009,-58.40868378204027,-gxrPfNR56r0Rq6FqnxBmg,1147,0,1290,7,7879,True,-gxrPfNR56r0Rq6FqnxBmg
1157,2014,7,387,BuenosAires,-34.58546995439364,-58.41018210651266,1U45hJwVMA93ze_iqD4EQQ,1055,0,1124,6,7897,True,1U45hJwVMA93ze_iqD4EQQ
456,2020,3,383,BuenosAires,-34.61081615904092,-58.41603296985447,WuyI1V3L7YJlAzjnLgzGnw,773,1,1370,1,7899,True,WuyI1V3L7YJlAzjnLgzGnw
651,2014,6,335,BuenosAires,-34.60470213275016,-58.36992412408149,RrpK0nqgy20SYqSzv868jg,734,0,762,6,7904,True,RrpK0nqgy20SYqSzv868jg
265,2019,6,372,BuenosAires,-34.61842509046843,-58.39653222544482,IxdNjdh7jm9LirSF6uS9Kw,600,0,618,9,7918,True,IxdNjdh7jm9LirSF6uS9Kw
1214,2019,5,158,BuenosAires,-34.58342958271587,-58.38576439747685,8qgMY9wRr2J5wH86SP9q4g,372,0,377,5,7936,True,8qgMY9wRr2J5wH86SP9q4g
110,2014,9,84,BuenosAires,-34.62421420626155,-58.38143772343665,c-pD8danUp9gtzfn0no5vA,533,0,547,8,7958,True,c-pD8danUp9gtzfn0no5vA
604,2019,5,634,BuenosAires,-34.60594616268806,-58.37855190792543,4_3cgK2On6ZGyfTA2YNE2Q,418,0,424,8,7960,True,4_3cgK2On6ZGyfTA2YNE2Q
831,2014,7,135,BuenosAires,-34.59684043518699,-58.40709672973363,X-tytHjYCtEQEnulxcpmhg,1148,1,1371,1,7979,True,X-tytHjYCtEQEnulxcpmhg
765,2014,2,268,BuenosAires,-34.60035981145865,-58.38296905846894,K4H3QMDEnarDEqqSTLvlMQ,237,0,238,9,7980,True,K4H3QMDEnarDEqqSTLvlMQ
1057,2014,7,277,BuenosAires,-34.58918373446726,-58.37514408564982,6GDPfyNYcERakI_UKR7-ZA,865,0,908,4,7995,True,6GDPfyNYcERakI_UKR7-ZA
40,2014,6,333,BuenosAires,-34.62650748770241,-58.36375610484032,_8jLFyQ8UeTe-dd79r1qYA,940,0,991,7,8021,True,_8jLFyQ8UeTe-dd79r1qYA
1123,2016,10,294,BuenosAires,-34.58689026219141,-58.39966579233055,GvVDhg5P8A7O7sOGDSXvVg,95,0,95,6,8024,True,GvVDhg5P8A7O7sOGDSXvVg
842,2019,5,337,BuenosAires,-34.59720312402811,-58.39053977244672,sbmOPtToxigeODc51_ODlg,307,0,311,7,8027,True,sbmOPtToxigeODc51_ODlg
460,2016,10,280,BuenosAires,-34.61065160356699,-58.41034229477117,CL2Gz_B5e80_DuC36yAzfQ,1075,0,1149,9,8028,True,CL2Gz_B5e80_DuC36yAzfQ
865,2014,5,172,BuenosAires,-34.59551562050881,-58.4175495620852,JsO2rtVQCAQ83oBHoz0qGw,486,0,496,8,8029,True,JsO2rtVQCAQ83oBHoz0qGw
237,2015,1,521,BuenosAires,-34.61969355371937,-58.37558607681458,3QIbQCW6-dw9Kmp3tGllMA,453,1,950,6,8034,True,3QIbQCW6-dw9Kmp3tGllMA
101,2014,1,419,BuenosAires,-34.62416040581229,-58.39511313979142,l0F5IM3ndYEEK_5pY9qUow,498,0,508,7,8038,True,l0F5IM3ndYEEK_5pY9qUow
35,2013,10,305,BuenosAires,-34.62712823193577,-58.37090725533194,TeZAAK7jX1Q7RbfROsvYhw,1107,0,1192,9,8058,True,TeZAAK7jX1Q7RbfROsvYhw
718,2015,11,467,BuenosAires,-34.60194271152677,-58.39202041177459,E2VwofHIrJ-DZget7kpERg,123,0,124,7,8064,True,E2VwofHIrJ-DZget7kpERg
960,2019,4,297,BuenosAires,-34.59269052051464,-58.39810336861084,ICKpDBIJm1Z8XkZIvIHdiQ,417,0,423,7,8069,True,ICKpDBIJm1Z8XkZIvIHdiQ
1302,2019,7,376,BuenosAires,-34.58010130187501,-58.37707047043579,BeP4py7XbSTphg0KAj1eHw,543,0,557,8,8070,True,BeP4py7XbSTphg0KAj1eHw
355,2014,1,477,BuenosAires,-34.61519442753413,-58.38308779579619,qK1spN1fFLGCVjBPs-i3pg,609,0,627,10,8078,True,qK1spN1fFLGCVjBPs-i3pg
753,2019,4,129,BuenosAires,-34.60026841132141,-58.40104653548963,Cvvsyf5lmfyEzRcuCRFULg,329,0,333,6,8090,True,Cvvsyf5lmfyEzRcuCRFULg
874,2017,7,692,BuenosAires,-34.59561490129939,-58.40436214485803,miyK9ZAu8LMbIns4b3hmSg,100,0,100,8,8113,True,miyK9ZAu8LMbIns4b3hmSg
662,2014,9,372,BuenosAires,-34.60321405079185,-58.41436819810094,h_UeLAm4zGRvDPH-VmqgUw,474,0,484,8,8123,True,h_UeLAm4zGRvDPH-VmqgUw
933,2019,5,392,BuenosAires,-34.59432476772086,-58.37683475510772,1IX73W3tqoR_ARwULO-O3Q,1135,0,1241,4,8131,True,1IX73W3tqoR_ARwULO-O3Q
67,2017,8,351,BuenosAires,-34.62565197373691,-58.38435485106231,X-VY1zMZ2eVdu6bNZCLXDA,82,0,82,11,8133,True,X-VY1zMZ2eVdu6bNZCLXDA
180,2019,4,424,BuenosAires,-34.6212342700553,-58.39977769938888,JiaRrLLy-3mHv_HlcPfuqQ,67,0,67,10,8150,True,JiaRrLLy-3mHv_HlcPfuqQ
679,2015,6,415,BuenosAires,-34.60297891111929,-58.38910432022563,ovu7WgUuKQBvqbMuxAxw3w,363,0,368,10,8166,True,ovu7WgUuKQBvqbMuxAxw3w
619,2013,10,339,BuenosAires,-34.60461385509011,-58.41756916374741,9NgKkHBxSRdv00n9YuQGaQ,1016,0,1077,7,8168,True,9NgKkHBxSRdv00n9YuQGaQ
622,2019,6,248,BuenosAires,-34.60461636728114,-58.41330092840596,RPyFFXZXmFxHvaFI9OkDjA,610,0,628,7,8171,True,RPyFFXZXmFxHvaFI9OkDjA
638,2019,4,-1,BuenosAires,-34.60468040281501,-58.38936884936032,aTbOiEao21bkcwZxgAZF5Q,690,0,715,6,8173,True,aTbOiEao21bkcwZxgAZF5Q
611,2019,5,257,BuenosAires,-34.60618712936452,-58.36775709873801,Raf7reX9rrghPLVaIIhYAw,251,3,1372,1,8178,True,Raf7reX9rrghPLVaIIhYAw
306,2013,10,524,BuenosAires,-34.61663551992839,-58.39458430073453,mzwddQ5TeebJuhvnejWtUA,988,0,1047,9,8184,True,mzwddQ5TeebJuhvnejWtUA
630,2020,3,187,BuenosAires,-34.6046729287057,-58.4010921671184,YHEAA4Uctze7Tqx6lqS_gw,3,0,3,9,8186,True,YHEAA4Uctze7Tqx6lqS_gw
502,2015,6,406,BuenosAires,-34.60914424571482,-58.40861430283249,4WDh0Arg8xeNSZpFvSPFsg,1004,0,1064,4,8207,True,4WDh0Arg8xeNSZpFvSPFsg
598,2016,11,411,BuenosAires,-34.60619346097577,-58.38784504027751,4YLkLJBAJfxDqSVIEZDkVQ,1041,0,1104,9,8216,True,4YLkLJBAJfxDqSVIEZDkVQ
562,2013,10,146,BuenosAires,-34.60719705009956,-58.38019183255185,Y1I3kvf-c4LWaFrKaDXFgw,1005,0,1065,8,8230,True,Y1I3kvf-c4LWaFrKaDXFgw
713,2015,5,454,BuenosAires,-34.60172659906719,-58.3997813682257,F1kM_QwFeqYLbhNvSOpVpA,508,0,519,7,8245,True,F1kM_QwFeqYLbhNvSOpVpA
50,2014,7,357,BuenosAires,-34.62570013118062,-58.41027125961644,gGijEAHYsoggpzjfk6EU4g,1040,0,1102,8,8247,True,gGijEAHYsoggpzjfk6EU4g
689,2015,10,301,BuenosAires,-34.60324052791319,-58.37409543402205,m-khh5rlw6XURfvZDDhQLA,79,0,79,10,8260,True,m-khh5rlw6XURfvZDDhQLA
484,2014,7,616,BuenosAires,-34.6102931220048,-58.37413284851845,Z_Px92hXgoooBy5Q6ECkJg,652,3,1373,1,8274,True,Z_Px92hXgoooBy5Q6ECkJg
274,2014,8,355,BuenosAires,-34.61826914225786,-58.38144928343193,vwU98PAUGsftIoQYZ9gM5g,352,0,357,9,8276,True,vwU98PAUGsftIoQYZ9gM5g
573,2016,8,462,BuenosAires,-34.60766825433146,-58.36385989245937,Ve3MGPCuVPhV2WPLxQ0FeA,276,2,1374,1,8281,True,Ve3MGPCuVPhV2WPLxQ0FeA
152,2013,10,270,BuenosAires,-34.62266764440374,-58.38005695244701,mPDwNXC8IUw2Ar6j8vdlyA,960,0,1014,4,8283,True,mPDwNXC8IUw2Ar6j8vdlyA
189,2020,3,379,BuenosAires,-34.62116279467156,-58.38601720838663,L1ldufZO8HVNmWZccmCUtQ,634,0,654,9,8291,True,L1ldufZO8HVNmWZccmCUtQ
556,2019,5,266,BuenosAires,-34.60778148075227,-58.38908038079361,k82qVos5Xtrs-n0ySBL0Qw,531,0,545,10,8305,True,k82qVos5Xtrs-n0ySBL0Qw
1109,2016,10,475,BuenosAires,-34.58657228821443,-58.42060555205407,rnyOjy6TimNiNXRXHLRYyQ,967,0,1022,3,8315,True,rnyOjy6TimNiNXRXHLRYyQ
170,2014,5,560,BuenosAires,-34.62082686045807,-58.41460071755447,Q9W2y5-Ik8WwxECPSky-vg,35,0,35,12,8319,True,Q9W2y5-Ik8WwxECPSky-vg
1167,2014,7,602,BuenosAires,-34.58507179761168,-58.39650291364034,2TU-PeQo8fmD0cS4odLT1Q,1044,4,1375,1,8324,True,2TU-PeQo8fmD0cS4odLT1Q
879,2014,1,562,BuenosAires,-34.59564661697922,-58.39655899325674,K5neq-Wsic8soZojDhLaTQ,606,2,1376,1,8328,True,K5neq-Wsic8soZojDhLaTQ
674,2014,7,367,BuenosAires,-34.60328420077334,-58.39657010191597,rwle1_TYmnK5cl0wdlmtUQ,765,0,796,9,8329,True,rwle1_TYmnK5cl0wdlmtUQ
990,2017,6,373,BuenosAires,-34.59117515050339,-58.41458892016806,qvsdt3HI-Wg0QO_0_0-FwA,1035,0,1097,8,8337,True,qvsdt3HI-Wg0QO_0_0-FwA
624,2017,6,579,BuenosAires,-34.60479369269215,-58.40801897166625,dwQPONneXLAKIiSnoRRxxQ,215,0,216,6,8341,True,dwQPONneXLAKIiSnoRRxxQ
1210,2019,8,455,BuenosAires,-34.58355858259986,-58.39196500626189,0M4Npu5jql929AHO3eoZ8A,118,0,119,7,8342,True,0M4Npu5jql929AHO3eoZ8A
931,2018,5,173,BuenosAires,-34.59423541736425,-58.37998426553634,5HKPMSzY6QWnCEHcIA28qw,458,1,1377,1,8346,True,5HKPMSzY6QWnCEHcIA28qw
628,2020,3,270,BuenosAires,-34.60473209098783,-58.40401245028879,vw9OStsYXFJPnzlA-deFyg,666,0,689,7,8349,True,vw9OStsYXFJPnzlA-deFyg
130,2014,5,577,BuenosAires,-34.6231296535933,-58.41283655314351,HYLNNqRA7Q-EH-NnHkamOg,1099,0,1182,8,8352,True,HYLNNqRA7Q-EH-NnHkamOg
389,2017,6,167,BuenosAires,-34.61366160662433,-58.39322676112305,vjjfv8OY6G2EwH4kvU4Nyg,552,0,566,9,8357,True,vjjfv8OY6G2EwH4kvU4Nyg
171,2019,5,175,BuenosAires,-34.62121614405021,-58.41248821545179,cRUXtPMo4gmnAsCtXW6TTQ,1080,0,1155,7,8360,True,cRUXtPMo4gmnAsCtXW6TTQ
1012,2014,6,393,BuenosAires,-34.59120745495527,-58.38159976490799,x6Jj9cJEuVdJz_A5PqOI5g,683,0,707,10,8375,True,x6Jj9cJEuVdJz_A5PqOI5g
280,2013,10,332,BuenosAires,-34.61847988659245,-58.37259954142465,IIIKMPF1D-fxvEqQNxKI_g,669,0,692,9,8384,True,IIIKMPF1D-fxvEqQNxKI_g
30,2014,7,473,BuenosAires,-34.62712380765764,-58.37864587040379,dG7fU3cum61LJ3mA_BEQ_w,144,0,145,8,8385,True,dG7fU3cum61LJ3mA_BEQ_w
621,2015,6,685,BuenosAires,-34.60473516586201,-58.41468526537713,Dt_FAHQT8KnfwP0m3100-g,246,0,248,8,8402,True,Dt_FAHQT8KnfwP0m3100-g
1094,2019,7,376,BuenosAires,-34.58822128905818,-58.38137879607007,h3itN1zuxPQ2zk6DVDru6w,782,0,813,7,8408,True,h3itN1zuxPQ2zk6DVDru6w
963,2013,10,118,BuenosAires,-34.59235317298399,-58.39318837849562,i1bIc_drninmW00kG8BkuA,550,0,564,6,8418,True,i1bIc_drninmW00kG8BkuA
148,2019,5,288,BuenosAires,-34.62273719221201,-58.38582228669656,Sk7DGqjmfhqHOavH_IK-cQ,1096,0,1177,7,8419,True,Sk7DGqjmfhqHOavH_IK-cQ
603,2016,11,538,BuenosAires,-34.60603753875584,-58.38004674849041,eGpzUotVDi2BWByRFdtMvQ,202,0,203,8,8435,True,eGpzUotVDi2BWByRFdtMvQ
780,2013,10,684,BuenosAires,-34.59868142131452,-58.42194375016285,Xjk2rbdSLBSNGkhxCaKuww,548,0,562,7,8438,True,Xjk2rbdSLBSNGkhxCaKuww
1058,2019,5,128,BuenosAires,-34.5896997143365,-58.37408966416132,zsKFOSmNbnud1BvyUP5Flw,78,1,775,4,8440,True,zsKFOSmNbnud1BvyUP5Flw
1303,2015,1,230,BuenosAires,-34.58047028868813,-58.37546550285933,cPHJNfFETcnX14s_ZuPoIA,1020,0,1081,4,8441,True,cPHJNfFETcnX14s_ZuPoIA
789,2014,5,414,BuenosAires,-34.598753505475,-58.4084486477801,bCL1XFXVZ3G-GbUdTtFIAA,704,0,729,4,8467,True,bCL1XFXVZ3G-GbUdTtFIAA
357,2019,5,383,BuenosAires,-34.6152071207329,-58.38004645270679,kZPuQVbMwbYmNtLMSCw9sA,707,0,732,8,8468,True,kZPuQVbMwbYmNtLMSCw9sA
766,2014,10,309,BuenosAires,-34.60020648075831,-58.38153165044957,eWqSxz71L2yLhjhXZPACTA,441,1,533,3,8469,True,eWqSxz71L2yLhjhXZPACTA
432,2014,7,167,BuenosAires,-34.61218003089297,-58.39034396735725,4A0aaFbuq3U7Q_dRIaomLg,959,1,1378,1,8474,True,4A0aaFbuq3U7Q_dRIaomLg
234,2014,8,485,BuenosAires,-34.61976054141066,-58.38006647629076,AsIxoMi1N9zYdvJZN1Yu8Q,204,0,205,9,8476,True,AsIxoMi1N9zYdvJZN1Yu8Q
