place_id,year,month,northdeg,city_id,lat,lon,panoid,spatial_cluster_id,heading_cluster_id,cluster_id,cluster_size,cluster_center_index,is_cluster_center,cluster_center_panoid
725,2014,2,415,Medellin,6.243724677128454,-75.57193428575087,tckfQtrnZaGbPOTohBwRlA,0,0,0,4,0,True,tckfQtrnZaGbPOTohBwRlA
383,2017,8,116,Medellin,6.237882968984666,-75.59646692843155,SsmpfJiMBRiQzeu9QR93cw,1,0,1,1,1,True,SsmpfJiMBRiQzeu9QR93cw
1197,2017,6,295,Medellin,6.252994117781181,-75.57745586724951,8-8rSyUtPPb_IOsle5qVsQ,2,0,2,11,5954,False,it0HTMj-KfACyaiRor9IZA
1246,2018,12,452,Medellin,6.253820960389884,-75.58115756699554,Bx8j08TYpNrXXiWfSv1sUA,3,0,3,4,1246,False,Yf9HMRaU_TEnFXyBsY02KQ
476,2013,7,158,Medellin,6.239090948031001,-75.55642971503063,Cp5IchCglvQPSgElIQGR8Q,4,0,4,8,4648,False,Ch8yuEAZnRROXU9wCoDiVQ
170,2019,1,334,Medellin,6.233982818355915,-75.59748668140409,j2ZwmmLJG7_cEQ8MO2knGw,5,0,5,7,3625,False,5BbFzmDyb7wTxG0g5OOU5Q
726,2016,3,639,Medellin,6.244141413092481,-75.57180874014591,fEOMvkm7EFAXWyWDsW0M3A,6,0,6,6,2362,False,X2ARoIL0jciK9CmMi3LDmw
608,2013,5,471,Medellin,6.242069421163564,-75.58352303735988,EgCuwIW_QxKppWmu3ts-Zw,7,0,7,12,1562,False,wEcgeZivBFib9e3k8O2Avg
704,2013,6,686,Medellin,6.244005808238424,-75.59354711360572,LHRvxHcAdRHT0PH42pwcBg,8,0,8,7,2655,False,CYi2eJ7oDGUIJm2I6ii_fw
960,2013,5,377,Medellin,6.248984049525568,-75.60244799779932,dwwkTLOHu8bCsxt43cG9uw,9,0,9,8,5041,False,EAHP9dd2pJICQgwIPF5Yjg
567,2017,6,152,Medellin,6.240957814789342,-75.57126606019095,CAPmWGMFSmu4AlTlQnzYwA,10,0,10,4,805,False,KmzNP5uElgZJ6v80PsbeiA
86,2015,1,371,Medellin,6.231910698776264,-75.57519763403036,E2bvK4_Gxk5dm--Ljy-oGQ,11,0,11,14,4420,False,bL45m9e1tyLBzdIXVmnYhg
599,2013,8,283,Medellin,6.24183935778921,-75.59184002413005,F50JJxEUw2BpPvX_90H_7w,12,0,12,7,2329,False,yzijo4FUDshx80aYXki5eg
32,2017,8,42,Medellin,6.231017314535094,-75.57620754877995,TrfdqJ0ynPlMND-L-B-pUg,13,0,13,4,13,True,TrfdqJ0ynPlMND-L-B-pUg
564,2016,3,295,Medellin,6.240923350319957,-75.57416337195552,8G7jk5ah6G_6avJj4ZvsOA,14,0,14,5,4448,False,zr595kxjhg_CgE6prD1cUA
878,2014,6,413,Medellin,6.246958555094479,-75.57845694097715,eRFnSXUotTVCWo8uITQx6g,15,0,15,5,509,False,k8ZDnpBqmQr7pxIC_FDiQw
77,2013,5,498,Medellin,6.231911205551141,-75.58444365504467,5UCCGvO8I8E8-aLlAw-gVQ,16,0,16,9,16,True,5UCCGvO8I8E8-aLlAw-gVQ
1133,2013,6,487,Medellin,6.252006222847069,-75.58870126030344,MxghuGk5WMYtppIbuHmpMQ,17,0,17,3,17,True,MxghuGk5WMYtppIbuHmpMQ
793,2018,12,434,Medellin,6.245061523528586,-75.55756134391713,UDCXmA30_s6oxyVEelsFHw,18,0,18,4,342,False,iif2MmBbGU3PVT4CmQKtLQ
822,2015,9,293,Medellin,6.24591458168489,-75.58139635284138,hW3tnxqUauYz4761Mm5gVw,19,0,19,9,47,False,IJVe9zp88DJ3BzL7iKB2zQ
610,2013,5,294,Medellin,6.242025564586413,-75.58170115159385,LIiA-Q7mtpn4smgWs9hC3g,20,0,20,4,5521,False,DDipjtX55FxcBc4wU33PaQ
553,2019,6,327,Medellin,6.241090129516212,-75.58542454941716,bwYxi2u54FcECxCxSK93rw,21,0,21,1,21,True,bwYxi2u54FcECxCxSK93rw
971,2013,5,342,Medellin,6.248800034658451,-75.59149198654137,l0SGE1MR1NnjIvM_6B__Ag,22,0,22,6,337,False,b-P5i6Im3XgQSKZOYofKjw
507,2014,1,278,Medellin,6.239995724749166,-75.57844280930152,O9QhOfErjZheGlAlLMZdYQ,23,0,23,11,23,True,O9QhOfErjZheGlAlLMZdYQ
794,2017,6,204,Medellin,6.245108384751098,-75.55635958471694,f50JRMwuP61govSB-CZlNA,24,0,24,3,1228,False,b0oZ5HPzPvFDcGm_cdBO2Q
89,2014,1,522,Medellin,6.23202447852186,-75.57244235600028,cUOrKWLZdwGmF1S_yyYBlA,25,0,25,6,25,True,cUOrKWLZdwGmF1S_yyYBlA
911,2019,3,610,Medellin,6.248155108217884,-75.59855050852721,BcI37edSt2UUMAOn-JG4Gw,26,0,26,4,26,True,BcI37edSt2UUMAOn-JG4Gw
131,2013,8,247,Medellin,6.233316767619383,-75.58344690878819,7UdxwBG9fAFXwbXFXlcRTw,27,0,27,2,27,True,7UdxwBG9fAFXwbXFXlcRTw
512,2013,11,274,Medellin,6.240110506386243,-75.57352062344425,PiVvfRcWiNn7VA8iZ5IeZw,28,0,28,3,28,True,PiVvfRcWiNn7VA8iZ5IeZw
1175,2019,3,254,Medellin,6.252757614796413,-75.59907413525977,Oz9T_qvMqYDJeSGpyz3WFw,29,0,29,1,29,True,Oz9T_qvMqYDJeSGpyz3WFw
103,2013,7,175,Medellin,6.232229881825472,-75.55852744047421,AnTeLx-198LMbV_07ccA3g,30,0,30,10,1262,False,O_-T9_O6Ei1pABun9_guDA
643,2013,7,550,Medellin,6.242996751350594,-75.60149985271896,mfXT5q18uIBmEf-F-L-kUQ,31,0,31,7,4932,False,s55AQs9VyfV4IlxksrVNAw
21,2013,5,453,Medellin,6.231566111265839,-75.58644720985032,I1t7YD52IgugfSqVdbTGaA,32,0,32,8,4096,False,OxWXwtaSDl5NhvobjXHNCg
295,2015,10,411,Medellin,6.236373454535565,-75.57757203212061,KNV3A8ctwTIBvd-6g5GNCA,33,0,33,5,433,False,bNECkdSp5DhSehcevugaMw
22,2019,6,292,Medellin,6.230988801314261,-75.58724085382694,w1JmI2QTwylE84VcVqkY-w,34,0,34,4,5437,False,zK_jEUsxUjM55NYi8bJrQQ
218,2014,7,235,Medellin,6.234983510935172,-75.60227905259346,xrf0aR804a2XdDMuN1HZ9g,35,0,35,13,5934,False,T1HS-nV-3Eq4uMuq8YtPUg
1069,2015,9,474,Medellin,6.250976431684738,-75.59974023868874,H-ISbgJU4VZoFL83MvjTiQ,36,0,36,9,5802,False,TpppRd6DKTgsSeKmhJEZkA
408,2019,6,563,Medellin,6.238071801520711,-75.57164562506935,C9Yu-wd6nf1bXG-vmHjoyA,37,0,37,8,1962,False,LrB-44Rx4E7AmZNPwer-HA
24,2014,2,271,Medellin,6.231650604450022,-75.58452092319523,bzrT4h5pdjWqzwCehi0etg,38,0,38,10,387,False,hqGa5M4g7P45ix2jV0n51g
451,2014,9,310,Medellin,6.239487900845981,-75.58145792179702,h-xHwE6doO6kAxfXvJFcYg,39,0,39,17,878,False,0KP4uohVrciniI71w7K80g
521,2015,9,254,Medellin,6.239957061409505,-75.5644319108729,pUB5JJuqKEOTFklYBAqMRw,40,0,40,1,40,True,pUB5JJuqKEOTFklYBAqMRw
1045,2016,3,424,Medellin,6.250101731989221,-75.57063009929843,GHPp4yT99iqOvdPpFtluOQ,41,0,41,4,3026,False,xr1pa4OulsNeZ1gELkY_tw
10,2013,5,213,Medellin,6.231235143146701,-75.59844961585227,pYvgkH_YO_yu_R_YwBtONA,42,0,42,9,4221,False,YzcpcXS09uKPzZk4qOY_PA
1141,2013,5,363,Medellin,6.252114328301652,-75.58030667567127,ZkKplBKD3vYeKZXCpUhYNA,43,0,43,9,3194,False,QsEKYoHLlXGPIA_PRMo_1g
285,2015,1,600,Medellin,6.236183453308847,-75.5884415338501,o2EA9yKIUvOBWnN-FvlNyg,44,0,44,5,2456,False,Q4aHq9FPSVuh7p90VHaLrQ
942,2013,7,405,Medellin,6.24790500137571,-75.56746214351585,bcBAqc1MYzStO3rhR2AvhA,45,0,45,4,2921,False,RrZRlgY0ylIRn9dRV4ZsHw
923,2015,10,88,Medellin,6.248203896020591,-75.58643568144223,R5Cj3fUcnbR-ex9oXn9dCQ,46,0,46,9,5696,False,8y7J5BsET2JDH490TOsTJw
822,2019,6,275,Medellin,6.245935682824806,-75.58140874791269,IJVe9zp88DJ3BzL7iKB2zQ,19,0,19,9,47,True,IJVe9zp88DJ3BzL7iKB2zQ
502,2016,3,510,Medellin,6.240040180634447,-75.58341470500764,brePiilFfueph0iW94OTlg,47,0,47,9,3787,False,g6Used0Db70nN6rUytwlrA
663,2016,3,251,Medellin,6.243052232964129,-75.58122170224836,mMRS0STlQ_gdx8gxTt6DLA,48,0,48,5,49,True,mMRS0STlQ_gdx8gxTt6DLA
976,2015,9,183,Medellin,6.248948050647471,-75.58647788585718,qsmuyU9Nb8SjX655xEYE6A,49,0,49,9,2259,False,NDZySTYvV1ZIZ51KKxbEaQ
881,2013,5,645,Medellin,6.247022974811212,-75.57545460915709,MgO5r9n68er856xWDfo9BA,50,0,50,6,5964,False,GzPvf8v21ZspCK43dYaubQ
190,2015,9,443,Medellin,6.233925191361578,-75.57746999287814,06RWfsbWzYZVsI6UHZmWKw,51,0,51,13,2328,False,Jj3PuS5Kn97wei73d9G-2w
43,2019,6,444,Medellin,6.231047728909964,-75.56557434942155,o4TyY8T1m3RcDCupT4RH6w,52,0,52,13,5508,False,lowyxbygebLHZ9RkBBd8tA
103,2014,12,189,Medellin,6.232221588507731,-75.55857571990498,kSr4H2KZZqu1AIPSKhx0aA,30,0,30,10,1262,False,O_-T9_O6Ei1pABun9_guDA
1173,2019,1,535,Medellin,6.252725894643638,-75.60123810295381,MUBelOhOjn753p1T651tDg,53,0,53,14,1547,False,JUqeTCNe-lIt5iMydUxKkA
1257,2018,11,423,Medellin,6.253864487893532,-75.57017995444964,lYFgNMyNVYxIhfnNduYebQ,54,0,54,4,56,True,lYFgNMyNVYxIhfnNduYebQ
510,2015,9,448,Medellin,6.239896495647833,-75.57552928187746,whSg6B8vBVgAW9b9PEm9ow,55,0,55,13,3770,False,dUojXRqaMWPoqYdvhksVaw
83,2016,3,596,Medellin,6.231975593110916,-75.57851669243236,5Ff5Umrp5en3zdlnxIJwdw,56,0,56,12,58,True,5Ff5Umrp5en3zdlnxIJwdw
595,2013,6,606,Medellin,6.242002288516253,-75.5964155751901,x_lVhvGFfte6x6G8jS0zBg,57,0,57,2,59,True,x_lVhvGFfte6x6G8jS0zBg
826,2015,10,401,Medellin,6.245868991220073,-75.57719075485333,JrkGct-qYAbGrGhIJuAzKg,58,0,58,5,5716,False,Kz7447PCCNvHSGuEDHbG0g
751,2013,12,421,Medellin,6.244973076461652,-75.59937666651929,kCavKNkyh3-t1oe6KMk5yQ,59,0,59,1,61,True,kCavKNkyh3-t1oe6KMk5yQ
1256,2016,3,182,Medellin,6.253994798850038,-75.57152978050776,16gGZ-p_7PeFq52l5yHbtA,60,0,60,3,1889,False,umyzk21bAhF8qVDbeJBO6Q
781,2019,4,300,Medellin,6.244990540250793,-75.56943159029464,L6T2o9vwiQ1GW5S-HvYHCA,61,0,61,8,3637,False,b9Hip0EcRPSyLf_j1CokYQ
142,2017,7,287,Medellin,6.233158098871346,-75.5728036263745,Xw4bGqM7jfQLP2KgVrcJhg,62,0,62,7,2330,False,RrJYL_k_C_lbNaIAN_Mf8g
833,2013,5,314,Medellin,6.245930255625447,-75.5704441465989,hgj4phSkbdqcezOcBLqPmQ,63,0,63,4,1156,False,jg4JmnzYeyBuJbxDNUH2oA
65,2013,11,581,Medellin,6.232151106091627,-75.59644851157312,5MIhPDFNueOn7Pn3K6OutQ,64,0,64,3,66,True,5MIhPDFNueOn7Pn3K6OutQ
866,2018,12,528,Medellin,6.246913557012046,-75.5904443181417,ZoFlfWPp5bZpwv8fJ8uE4g,65,0,65,8,4368,False,6NYrLRekV_hd4BQcBlQqsA
529,2014,6,423,Medellin,6.240376014729581,-75.55628877794311,7CaiPwrF3m8EKbpmQcJztw,66,0,66,9,2351,False,jb7mMKcT8x3Jzf2V3PNvRg
174,2014,1,19,Medellin,6.234037693161518,-75.59320969863315,XMh6mYiaetv9xf2gkhKwmw,67,0,67,3,5928,False,HNGvSNN3nISfCRk8MqjJkw
854,2013,6,491,Medellin,6.246916073908936,-75.60251138187442,XfDqJU1LVNy5IHpWvntESQ,68,0,68,12,5545,False,42LuKNrdDFPXt0lMmHPJeQ
401,2013,8,245,Medellin,6.238043025454897,-75.57847383854438,73_JiV4AZufmX2iD5r8Ftw,69,0,69,9,2069,False,78r3a1p1RwUfq3-TNtrWEA
299,2018,11,385,Medellin,6.236016298434366,-75.57447741965096,5n2M0M8dHxNE-GwQxl7SUA,70,0,70,11,114,False,v_JB2FAjB7P1XaUByPtBvg
539,2017,7,608,Medellin,6.240739795720367,-75.59942115655352,QIcPni-LovzHd1e2Gyyi3A,71,0,71,4,1030,False,debNqCc1rghhAwtvkb0-uA
458,2013,5,313,Medellin,6.238928939405349,-75.57446984499825,2Sdx0wavJrOMXxIvuoLyug,72,0,72,14,1951,False,8plNTArMK0gy6Seef-0Log
1190,2016,3,418,Medellin,6.25281128639539,-75.58447146881885,wWkYU2Q7bfql1E9pOwSHpw,73,0,73,6,5804,False,RtrL_ETdDECXTc-C8pPzog
822,2016,3,277,Medellin,6.245933951145823,-75.58140681088311,m8oCbmhwWuxd4LhY1y1wtg,19,0,19,9,47,False,IJVe9zp88DJ3BzL7iKB2zQ
1157,2014,4,399,Medellin,6.252153111276436,-75.56335870935231,EazOxdrrey7L6_k_g_Y1mg,74,0,74,9,3348,False,MGCBk88soE-kYaZclK7Enw
158,2019,6,614,Medellin,6.233035601795303,-75.55644297141556,yUz6vmcAaAbnoofcj0IREA,75,0,75,2,78,True,yUz6vmcAaAbnoofcj0IREA
1243,2017,7,428,Medellin,6.25395774203439,-75.58432721283926,TQslJZsMv3w_AXeKoA-adg,76,0,76,8,1900,False,kVT0lw3DwCKPWK5mY0t1Mg
653,2015,1,281,Medellin,6.242980842624647,-75.59176055648061,QuwkUMxa2ojpHuU9hV16bg,77,0,77,6,80,True,QuwkUMxa2ojpHuU9hV16bg
1173,2013,10,535,Medellin,6.252679831771651,-75.6012501031537,dVd6xhoUGr2rul1U__k_vw,53,0,53,14,1547,False,JUqeTCNe-lIt5iMydUxKkA
442,2013,10,163,Medellin,6.239082568008435,-75.5905172813351,pjESDVgFo5ca0NgCPtFeJA,78,0,78,1,82,True,pjESDVgFo5ca0NgCPtFeJA
922,2013,10,418,Medellin,6.247997817273319,-75.58766535395317,KOjZkFfPFLUPObupj3U6BA,79,0,79,11,886,False,QqWk_jcyZstjE_Qw8W-ACA
650,2016,3,609,Medellin,6.242821707985413,-75.5943327059564,qVeMFRGgKyamYXUb3p0Vjw,80,0,80,7,205,False,7BkyLk3U6s6f2TGezRTeLw
730,2013,11,429,Medellin,6.24404091587226,-75.56748991212457,TlCFnEPdTBzHeIMLp1Ookg,81,0,81,6,4369,False,GCwnPU9q7EO4DCH73rw9_g
97,2014,1,56,Medellin,6.232092122714317,-75.56429313769539,nG87bkcfJNDpHRltCRqDUg,82,0,82,2,86,True,nG87bkcfJNDpHRltCRqDUg
710,2013,5,331,Medellin,6.243635112841445,-75.58748904732157,NohJklQhcex23JcxGGI3bA,83,0,83,10,3439,False,lpBNME2l_u4VwnFjNctlyg
149,2019,6,328,Medellin,6.233159934169947,-75.56454768954889,JUWESZ8KXJt_tEiGqAy7kw,84,0,84,3,1864,False,Tc6gswR1GoduKhXAVJhTMA
381,2013,12,227,Medellin,6.237992472895524,-75.59831792768071,3uXYhqSowNd3eqzbkrYNfA,85,0,85,6,948,False,Btq7NZ2gKjqtDrXZbh71Rw
446,2013,5,400,Medellin,6.238765221984533,-75.58651519696664,iEN1LX2YvI6mu3FHDoAHkA,86,0,86,5,907,False,E1mOhPW1Age9PxdX43Iaxg
234,2019,1,529,Medellin,6.234899946623311,-75.5864724847022,lNne1gyqiIk6j6vMt9IFjg,87,0,87,3,3911,False,u95dSEwyG9K89Tb2Yhsmjw
72,2014,4,497,Medellin,6.231773778781225,-75.58949942373269,VenWRjCqf8Ura3FUmSDATg,88,0,88,10,1413,False,tHWuLYo0l6M2T2hhnCPopQ
711,2015,9,528,Medellin,6.243801473576953,-75.58672500395912,Bot-zPSk8kmTVIQAOkZBxw,89,0,89,8,3305,False,y9b_n-9xsLzwZpT-CmBcmw
800,2019,3,436,Medellin,6.246154683533299,-75.60345867424799,zYVNlBGVGY3yT4QwtB1k2g,90,0,90,1,94,True,zYVNlBGVGY3yT4QwtB1k2g
915,2013,11,162,Medellin,6.247724204485533,-75.59448696480273,XoNY9fLHTDUs5CYROJhAcw,91,0,91,4,3860,False,9N1l6RX-lRnVYVVuo4BREQ
1262,2019,4,219,Medellin,6.254091593307476,-75.56564169010197,X9JgldACAlaPa1KqobPQQA,92,0,92,8,1090,False,aA3OQahLsnW6_uHQXUe2OQ
18,2013,8,692,Medellin,6.23097331024523,-75.59054180999702,QyPH9t_sX5EA4Vdexj7B-g,93,0,93,8,97,True,QyPH9t_sX5EA4Vdexj7B-g
140,2019,1,424,Medellin,6.232847028554303,-75.57448917776698,QNrYFD82rATr_BxWGozZyw,94,0,94,10,5674,False,SZCJD8OC53C_bcI_fWvs_w
1090,2016,3,219,Medellin,6.250985592783227,-75.57845083219121,tsWgi6CEo4BuIJD5bY-KjA,95,0,95,9,110,False,57Z98_O-hnj43oS_55L5Yg
1067,2019,3,497,Medellin,6.251106525455676,-75.60160177743313,8CWhJh19uKnK41O5vQ-m8A,96,0,96,4,5138,False,NCeF86WQ-LalVk9tsRHsfA
440,2015,1,147,Medellin,6.239120990548163,-75.59244153377949,JmTV4vk1ZcJsJt-Jc6S47g,97,0,97,12,2819,False,BA9OOUhjNGiAesXJvOFEvA
598,2015,1,364,Medellin,6.242077838485275,-75.59331128359841,GvOO_j7zB8n-0pnqwDvrJQ,98,0,98,1,102,True,GvOO_j7zB8n-0pnqwDvrJQ
1036,2019,3,431,Medellin,6.249837148404858,-75.57919788270478,_wtAAV3ptaHFSvbl_VBeSw,99,0,99,11,1524,False,ppD0eak4IGxKGlmVcWyXRQ
460,2017,7,270,Medellin,6.238987061643794,-75.57245779379494,eUR9wZCdU6XD6y3gOC-iLQ,100,0,100,9,1675,False,vbUJKT0pt6lESqFUToPApQ
1203,2013,6,328,Medellin,6.252899654494395,-75.57123689828404,XL6h1XaDp9WUAPxxSfAwwQ,101,0,101,7,1203,False,GaIepvSauFT1g32XZm51mQ
1014,2018,12,342,Medellin,6.249908053388376,-75.6013224776399,siQaEEmSX_gqRpevZ_p1OA,102,0,102,9,2167,False,mBNYV3TZVEZQ-Am4YTk6kg
950,2017,6,425,Medellin,6.247988004625792,-75.55950482894463,CdybcFkWTd_VusqdC7igfw,103,0,103,4,6018,False,LwSXZ69KguHXkcx6x8UFdw
728,2014,11,348,Medellin,6.24406687252297,-75.56944603699219,TRftK1PWhXYiRVaBRzq5Ow,104,0,104,9,2628,False,O09yXQNhZbYFcK7CNL8hWQ
917,2013,8,301,Medellin,6.248079420612316,-75.59244673793168,3_3XzWnS-KWIR1-fR-ianA,105,0,105,7,1816,False,JAQyL6GU6AwM9gk6mZnZKA
1090,2014,4,240,Medellin,6.25095271269101,-75.57843520402604,57Z98_O-hnj43oS_55L5Yg,95,0,95,9,110,True,57Z98_O-hnj43oS_55L5Yg
79,2013,5,544,Medellin,6.23195523356019,-75.5824291804885,-qs9c_wGN6febpm5TCJfXQ,106,0,106,12,1296,False,rHZi8eBHEPhNWD5GHUgwuw
1065,2015,11,530,Medellin,6.25074977617178,-75.60350909555726,iMmegPuydvQc2887MnYNPw,107,0,107,15,3881,False,WgppQ6H_BgO9kk4Oji70GA
472,2019,6,568,Medellin,6.239271770684057,-75.56071018415378,d10qdCuwPnHmeitF-HgsBw,108,0,108,1,113,True,d10qdCuwPnHmeitF-HgsBw
299,2014,10,384,Medellin,6.235987340443947,-75.5744537549679,v_JB2FAjB7P1XaUByPtBvg,70,0,70,11,114,True,v_JB2FAjB7P1XaUByPtBvg
1078,2013,6,397,Medellin,6.250853617956986,-75.5905313666027,zN65AArNvT0F7982JQF8fA,109,0,109,2,115,True,zN65AArNvT0F7982JQF8fA
982,2018,11,513,Medellin,6.248878474288105,-75.58040242337266,PKiaq9_Tlm8gr1vyxDtx4w,110,0,110,12,5199,False,Bgf2Z4iqi1Aiv4nff55rlg
1235,2014,1,394,Medellin,6.254181828326381,-75.59239769133535,mlEp4jON8BDB6adiatRsdA,111,0,111,9,2463,False,Lmi4l4EWJA7URGmbKQCAyQ
1254,2018,11,182,Medellin,6.253894433903863,-75.57253580485123,JDjv5D2qTjOQDrY27xmpug,112,0,112,1,118,True,JDjv5D2qTjOQDrY27xmpug
338,2019,1,475,Medellin,6.237015503267108,-75.58842119291484,DQ7lvpkDrUTspYMzg7HHVA,113,0,113,2,119,True,DQ7lvpkDrUTspYMzg7HHVA
785,2019,6,232,Medellin,6.245079796514586,-75.56534376370185,6AsLk-qvNEmLjr5yrburoA,114,0,114,2,120,True,6AsLk-qvNEmLjr5yrburoA
246,2014,1,403,Medellin,6.235032767932353,-75.57441105270426,AgwvUfZRxMOQzdHxS6F9IA,115,0,115,6,1145,False,vbdo_ZZjkvFWVMbKFuPnxQ
504,2015,1,430,Medellin,6.240131863159653,-75.58153828072545,0cETjl4fqWt33Ke6lqeXoA,116,0,116,11,1610,False,0D1wsW1QIc5AwaRWzjDsKQ
344,2019,7,530,Medellin,6.236995365398141,-75.58261717406656,1ay3QwGtgXRWY5NVIaOfYQ,117,0,117,12,456,False,eeZ0HmiL2cKsqpHsK7Rusw
973,2015,1,87,Medellin,6.248871180879576,-75.58962024740363,RcPXULWeORzUadzz0depOw,118,0,118,4,2105,False,H_qbOjbQE9Tsen0d4L9jIQ
1124,2019,3,428,Medellin,6.251950986464451,-75.59740323751915,WXY6IGKsGXEpGMNmZxMKaQ,119,0,119,2,125,True,WXY6IGKsGXEpGMNmZxMKaQ
535,2017,7,187,Medellin,6.241108329394359,-75.60347043898193,GR2Fh6Ps9BHIDB-IDKSstQ,120,0,120,2,126,True,GR2Fh6Ps9BHIDB-IDKSstQ
931,2015,10,317,Medellin,6.247834291266924,-75.57944852641575,5ML_6jg7SivGeZfRSmuriw,121,0,121,17,2711,False,iuuOp4Qjdr-KC2e7QSgVJw
754,2019,4,241,Medellin,6.244955079446794,-75.59645075506498,M-Js5WXCcUBXwAkBSQKgIQ,122,0,122,4,2900,False,sJcNl-BQZoaquEQwQM6frw
463,2013,6,456,Medellin,6.239010316502479,-75.56951661779624,nwQSULE4rTJh64WeEWxwxw,123,0,123,10,4579,False,WfR4sEgsguZ-wwLuSiu_RQ
689,2013,12,242,Medellin,6.244068418258809,-75.60849552342994,7BIiAITIbUdC3tyhGFXB_Q,124,0,124,3,5855,False,p5iFLARMbHlMb9GPUlZqtw
327,2014,2,245,Medellin,6.236874451725831,-75.59952187365774,ws4MzWv8z_B6pPL7_RzUsw,125,0,125,2,131,True,ws4MzWv8z_B6pPL7_RzUsw
1145,2015,10,201,Medellin,6.251892364452129,-75.5765179961201,fVdM0IqqY2pgpZYd8m_ECA,126,0,126,4,1805,False,P1GG4I0kjxkWgvovJ0gqdQ
500,2019,6,169,Medellin,6.239859201846107,-75.58542214322162,FpzBDGOjdzQU_mZi8bkt4g,127,0,127,5,4663,False,X8UCYDpgiNEDNRUGCx2gzQ
323,2019,3,393,Medellin,6.236869360482761,-75.60365483434926,GEQs-q0rryD_DX5TOFAVUA,128,0,128,4,4934,False,wSdcLKlMjIBYHCmgh4iWag
807,2014,8,387,Medellin,6.246172570046632,-75.59626745646504,g--xmcNDHAKqed_LUR0I-g,129,0,129,6,5776,False,4eopG87MeoWvH8HijG3QKA
733,2013,7,344,Medellin,6.243989708519,-75.56449932954405,4wNpgQYnRq7psoKPLHVQLw,130,0,130,6,4180,False,UU3ZEBz9ghogZaf-kC-e-g
968,2019,4,229,Medellin,6.249025852900488,-75.59341808653902,Tp9ZWSs2rjMp0mOpbuq1Ng,131,0,131,7,4950,False,7fmkSYfQu3S_mKSUPegyUA
1021,2014,7,507,Medellin,6.249973471225056,-75.59445887310001,PsAX0xNH4ua_ls6PuESoQQ,132,0,132,12,2393,False,6DiNDGuN_xre5-3qZVYU0w
439,2013,7,135,Medellin,6.239061502852617,-75.5934713772894,6RODKNs7Mffqx12nXyMPdg,133,0,133,15,139,True,6RODKNs7Mffqx12nXyMPdg
1259,2015,10,426,Medellin,6.253930466939813,-75.56824950780988,3HXVcBbUxTeK_8z7F8ZrFg,134,0,134,5,140,True,3HXVcBbUxTeK_8z7F8ZrFg
628,2014,10,198,Medellin,6.241998120239386,-75.56355106941567,uB3DYAWwpUuoMBIJqcKHvQ,135,0,135,3,772,False,akSlWeoFFw6lcs2HYcHSyw
869,2013,7,357,Medellin,6.24711805929826,-75.58741751443046,Y4IyBq_94D585bVzk4hAvA,136,0,136,9,142,True,Y4IyBq_94D585bVzk4hAvA
117,2016,3,323,Medellin,6.232841268347577,-75.59744517496488,qDavO38t2RCmCeW5FvvGgQ,137,0,137,6,5060,False,Tz7jPXMr1BXzT3PQVLjfDg
683,2016,3,118,Medellin,6.243042918278273,-75.56146078471497,2DrfVAjN1453EAer-6PM_g,138,0,138,11,5524,False,VsJhJh9snGGvNdq5pvpwWQ
1216,2013,6,463,Medellin,6.253094020780232,-75.55857308788597,puOs9XJs7mtWYxL0FlLTtg,139,0,139,3,2208,False,RO6NrE5txsvsRKH9eiDkww
121,2019,6,65,Medellin,6.232956283498814,-75.59369335658506,3WWKXbuh5UebHDHbyla9hg,140,0,140,5,424,False,u2yD9cXlRNo7_pT1WvrUmA
132,2013,7,523,Medellin,6.232994646472848,-75.58272034827354,iknHA4NmMs4rf4bDTLZI8w,141,0,141,10,2360,False,77w1I-sYHmT3elPo-oZ6UA
1136,2018,11,145,Medellin,6.251857328885365,-75.58610470389135,DljdYZZzcgBaMIgsoZomhg,142,0,142,3,915,False,F3b1pwbMTVC2kF49HuEqAA
1174,2014,1,256,Medellin,6.252955079770608,-75.6005038029052,GrlHJPMkiRfzmEG4Ig0vZA,143,0,143,4,4464,False,zfZkBaXFK-fnScb2JvGY8w
364,2013,5,583,Medellin,6.236960506524454,-75.56239064426113,D90wdIrbtFlxNzrer9sroQ,144,0,144,5,210,False,Uf2x-BHvZ43FZyLnpDddfg
499,2015,1,450,Medellin,6.239888210895188,-75.5864672329901,CX9KCKEsvn41IUm1Co-IMw,145,0,145,12,195,False,tWAZ7DjZGAdOFE97PvPNUA
920,2018,12,430,Medellin,6.247888183651916,-75.58944146467657,jSjXtj9N37xyUzDd_TCkgg,146,0,146,9,4417,False,CvM1HUf9Yf_hw-Knu-7Mag
1082,2015,9,505,Medellin,6.25103667813044,-75.58664738857681,uUMCnf0NjT-IPEgOGWGJuA,147,0,147,10,153,True,uUMCnf0NjT-IPEgOGWGJuA
43,2013,7,458,Medellin,6.231062635758702,-75.56557606727824,3F6HCJ_MJg8v3bLwuECNww,52,0,52,13,5508,False,lowyxbygebLHZ9RkBBd8tA
999,2013,8,272,Medellin,6.248980978439664,-75.56346239571359,apR1yVn0ZqNZxQpk8l2hBg,148,0,148,6,5032,False,1-YBcS0kap8SzA8cVX_Amw
643,2014,3,557,Medellin,6.243011397644644,-75.6014648341122,RWuqxDCZv2N32ucNPSLUFw,31,0,31,7,4932,False,s55AQs9VyfV4IlxksrVNAw
981,2013,10,350,Medellin,6.248931938305466,-75.58160483207861,ed_zvQa_W5hUOQ6lUCpj8Q,149,0,149,7,157,True,ed_zvQa_W5hUOQ6lUCpj8Q
653,2012,9,274,Medellin,6.243014256859155,-75.5917398339619,U5XKPpgUC3DcTEgqhnl5Uw,77,0,77,6,80,False,QuwkUMxa2ojpHuU9hV16bg
1267,2017,6,422,Medellin,6.253751255395339,-75.56022166090685,Atwu4dhLccYMB2a_U2jEQw,150,0,150,3,3451,False,9EnuyDmC6Yyf_iVX4yINsg
716,2016,3,559,Medellin,6.243947968185904,-75.58132755907556,Wk3hKmbUz5V-akAx1YMKWQ,151,0,151,6,3566,False,MOKEDTh8jxh7ut-_yKHMug
793,2016,3,444,Medellin,6.245089006906341,-75.55754892416589,j4yaNz49mMo78EtdkCgEWQ,18,0,18,4,342,False,iif2MmBbGU3PVT4CmQKtLQ
75,2013,8,310,Medellin,6.231829410635087,-75.58651948542993,loW9I6U3k-RfI9RlR6ZZpw,152,0,152,8,1382,False,rW8VfzP7CqxKuhkXRYyMIw
351,2014,1,132,Medellin,6.237085256782134,-75.57543820380346,p7IBpcNkRqPVDiBJl5f4Ng,153,0,153,9,163,True,p7IBpcNkRqPVDiBJl5f4Ng
1178,2019,3,241,Medellin,6.252887722697073,-75.59647375115732,pRGqgxAWH67RPe72KQLYdQ,154,0,154,1,164,True,pRGqgxAWH67RPe72KQLYdQ
82,2014,9,403,Medellin,6.23194764249754,-75.57946739328534,DRFn7d7NA0t2JVouYIvQ5w,155,0,155,13,5672,False,EQe_ny67VxxDchxxHXs19w
821,2016,3,528,Medellin,6.246021592383265,-75.58239071032952,q2ZpC3X5_Jefc1hZe4qhOg,156,0,156,3,2048,False,2s0xw3p2S3mf8iccym6iBg
535,2019,3,345,Medellin,6.241136974330416,-75.60350473459279,9hOBQcAI1cgjCAthuCeh0Q,120,1,157,1,167,True,9hOBQcAI1cgjCAthuCeh0Q
1245,2013,6,360,Medellin,6.253976734770156,-75.58241687986876,lBpwGg-_fy39P0Wu1IHXQw,157,0,158,4,1739,False,5L-YHx6vTmkUuPqaYD1Bwg
988,2016,3,261,Medellin,6.248917264752943,-75.5745103337878,mP6zFPF5DlF7Xuy04XnWRQ,158,0,159,7,4156,False,MALV1AuzjU28bLCvlEUoAA
1013,2013,12,442,Medellin,6.249981332550169,-75.60243057279241,ue7C5Ou65eii2bU_mNG7Ag,159,0,160,7,5551,False,crFoc5sBbp795ZK0hMLitQ
1090,2015,1,226,Medellin,6.250938850504048,-75.57844278910895,6CZPYyrBzUijwhE3yKRwjA,95,0,95,9,110,False,57Z98_O-hnj43oS_55L5Yg
608,2013,8,471,Medellin,6.242051937355587,-75.58351365723634,HTe88AnLf7bMxaA0VTaK3w,7,0,7,12,1562,False,wEcgeZivBFib9e3k8O2Avg
1157,2016,3,395,Medellin,6.252138716277694,-75.56334256688771,14eA--3z6zgZ4mCMeA9BBA,74,0,74,9,3348,False,MGCBk88soE-kYaZclK7Enw
810,2014,2,364,Medellin,6.246274837724966,-75.59344631698637,oeqDD88lQG24IXH0UHuwyQ,160,0,161,5,716,False,eM4ppAXVjfh3H6TJwy8n0A
528,2013,9,478,Medellin,6.240064828411757,-75.55748926187907,i9-QnMC3q_-DKgjMguZf9A,161,0,162,3,320,False,r8lp8XxTh80vslP5RQFv-g
680,2014,10,253,Medellin,6.243377933700067,-75.56424497013884,1E28fTmbaLTzOZTuj5ZCuw,162,0,163,10,5027,False,9Wf-wyeLSm7fH5wEqI4r5w
1095,2013,5,170,Medellin,6.250748031668123,-75.5735337129756,MfRPdrr9UkMN4sTsF7dSMA,163,0,164,6,177,True,MfRPdrr9UkMN4sTsF7dSMA
572,2013,5,635,Medellin,6.240991536947053,-75.5666613427225,2o2yt7Bg5OHtnarMENEjag,164,0,165,5,4634,False,Y8hnwyqIC_L3kDdEYjgOGw
822,2013,5,293,Medellin,6.2459132029303,-75.5813996004997,6Gx2JF7sfq_sMlg5T8_Mww,19,0,19,9,47,False,IJVe9zp88DJ3BzL7iKB2zQ
1064,2018,12,551,Medellin,6.250939242003118,-75.6044190611512,IDXHDPg_AqToE-JVVczTVQ,165,0,166,7,3359,False,uOdLJX9L6-E5331D6lETzw
103,2013,5,186,Medellin,6.232222105485708,-75.55855063497707,jc-xMKlUXCRTPI6yLuELtg,30,0,30,10,1262,False,O_-T9_O6Ei1pABun9_guDA
1086,2013,6,162,Medellin,6.251091653501097,-75.58245877343157,IIdK_qywb58_VgtIpWyl9w,166,0,167,1,182,True,IIdK_qywb58_VgtIpWyl9w
786,2013,5,379,Medellin,6.244677938547104,-75.564663770268,7hNqDllyRqnfFNZb4HGLNw,167,0,168,6,2590,False,ZAuThOFmKPcxsH0lvBIQ5g
211,2019,1,611,Medellin,6.23406312320237,-75.55655857876985,YAlymaJutjEa0FxWUGjEwQ,168,0,169,4,1224,False,qY7rV7qK8xzNq0Hrgx_f9g
695,2016,3,332,Medellin,6.243945691393995,-75.60268761864943,sbTZziG9jX2ceJQu3EVxbQ,169,0,170,8,185,True,sbTZziG9jX2ceJQu3EVxbQ
764,2013,5,238,Medellin,6.245104016560676,-75.58629671339497,qIpwYvlO6MRHhncH786z6g,170,0,171,1,186,True,qIpwYvlO6MRHhncH786z6g
819,2013,5,280,Medellin,6.246190985163375,-75.58464059929055,MpxFLu_hawIZsllR8OvFNA,171,0,172,2,187,True,MpxFLu_hawIZsllR8OvFNA
497,2017,7,316,Medellin,6.239853048905112,-75.58840268230314,UxR67p_Au_DEPoE0iR4wTQ,172,0,173,7,3572,False,Oi1IHbpjAUhbE-kNPSAooQ
1088,2015,10,155,Medellin,6.251315552120814,-75.58034414140286,_KEkwqOjylrpwmmWOYdO0g,173,0,174,9,5786,False,eVhiKrlnoMv0R9mEg8v31w
10,2017,8,230,Medellin,6.231236270749772,-75.59843088749788,QZOYhPeX1dP-brw9qGh0ow,42,0,42,9,4221,False,YzcpcXS09uKPzZk4qOY_PA
540,2019,3,183,Medellin,6.240969105473987,-75.59839379096502,Q4AQ0cifi-Kk4umVSK2yHQ,174,0,175,4,191,True,Q4AQ0cifi-Kk4umVSK2yHQ
87,2019,1,372,Medellin,6.231967288922822,-75.57443541860988,_jrLf1HevNuoU2aDcJiK4Q,175,0,176,5,2263,False,zmyBE31kJ9lo3YTNAnyF9g
55,2013,5,522,Medellin,6.23185160899869,-75.6064391587374,xjRgB4vkOSlCgwgErK8E7Q,176,0,177,6,3619,False,SgRksnxm-LdXBQD0ujx2bQ
194,2013,10,357,Medellin,6.233950444100014,-75.57333294709268,L737iid24uDJs_V_PF2HhQ,177,0,178,11,628,False,jbuXSv6ucKoRcHx_nG9-HQ
499,2013,11,475,Medellin,6.239911265142904,-75.58645246427132,tWAZ7DjZGAdOFE97PvPNUA,145,0,145,12,195,True,tWAZ7DjZGAdOFE97PvPNUA
85,2019,6,282,Medellin,6.231981001802824,-75.57657058938027,0UCZ8VrL0ytxw2_iPVzbEw,178,0,179,6,196,True,0UCZ8VrL0ytxw2_iPVzbEw
70,2013,10,281,Medellin,6.231942472690339,-75.59148336632356,C1tcx5OtSiN91Y6L_qTHRg,179,0,180,6,823,False,_2YSIid0gvyk9HsUAQRUOQ
828,2019,6,157,Medellin,6.245817104627381,-75.5754869761986,6k9YNYY7cWut85ZoE3pW0Q,180,0,181,9,1171,False,d3Gv__y4WE7OHMcBgNN7RA
867,2017,7,170,Medellin,6.247142050436867,-75.58950900063391,Yq8YUDFgOWZ6hzHT25v7yw,181,0,182,8,3226,False,XCADbMOgAe-TegeLBCeWUw
160,2014,3,354,Medellin,6.233927891469833,-75.60638629606896,Jcbe0453RbeQoBKcEX63-g,182,0,183,2,200,True,Jcbe0453RbeQoBKcEX63-g
144,2013,11,190,Medellin,6.233001705203984,-75.57005956414402,h9EKNvnGDl4X3adfb6k5ZQ,183,0,184,25,1616,False,oFs5LoL1vDLaMHFkDtwqbg
1143,2018,11,332,Medellin,6.252151902567232,-75.57882800562838,vNGMeVgDHJC7HZmIWvd4MQ,184,0,185,16,3381,False,Z8JgEgFK7-UeGzY9sHSXKw
1080,2018,12,469,Medellin,6.250931921021044,-75.58839015494681,OJtXvUPa_6AssG85uI-b6g,185,0,186,11,5310,False,bsh5kDpYX72-eEufPeicig
1244,2019,3,345,Medellin,6.253934490928938,-75.58352986313513,to5hnK0sRuh1m0qAcOsJfg,186,0,187,1,204,True,to5hnK0sRuh1m0qAcOsJfg
650,2017,7,608,Medellin,6.242810591068201,-75.5943442460877,7BkyLk3U6s6f2TGezRTeLw,80,0,80,7,205,True,7BkyLk3U6s6f2TGezRTeLw
139,2019,1,308,Medellin,6.232927225735978,-75.5750082338062,pgWRDFZ3rLwEe8AWu31nrA,187,0,188,14,2830,False,iCqDiyAXSg7bFacR5rT8kA
552,2017,8,233,Medellin,6.241172856746601,-75.58633600114092,y5TQHe30vEi62f2En4dOgg,188,0,189,10,1347,False,OgvwutI4N76F6_VVi61v0A
213,2013,10,423,Medellin,6.234987922604717,-75.60741841821381,TP1DZwU2i7p_mb0PgoEUow,189,0,190,3,4052,False,WdW6VAre9eUG2Spgl16vFg
914,2013,10,43,Medellin,6.247946602957411,-75.59552578893373,W5AMI00-kdukABFkYhd_BA,190,0,191,2,209,True,W5AMI00-kdukABFkYhd_BA
364,2019,1,583,Medellin,6.236928811137942,-75.56241388091016,Uf2x-BHvZ43FZyLnpDddfg,144,0,144,5,210,True,Uf2x-BHvZ43FZyLnpDddfg
1051,2019,3,433,Medellin,6.249921380765206,-75.56433672000158,k3duO-tT3OY-1eNmkV8s3g,191,0,192,15,3147,False,Mb20BGziyq-smEbDgCSXJg
709,2019,7,97,Medellin,6.244069073393364,-75.5883894920167,i5y3IywPmPTA7HfQFTVUHA,192,0,193,5,4742,False,JNWW2CqzVaFU33doLwVPHw
691,2016,3,314,Medellin,6.244083287703705,-75.60646711810153,FwwhTQ2zebLmUE6Nkty8aw,193,0,194,6,3923,False,oCNJun_CyZ6zhD10jyOI9g
299,2016,3,409,Medellin,6.236006223222157,-75.57449306985956,hYvxvuggXZyEYP9JiLNLmQ,70,0,70,11,114,False,v_JB2FAjB7P1XaUByPtBvg
218,2019,6,261,Medellin,6.235008006165973,-75.6022480757878,rVaNcpJdk0ThHyyWtpBfjg,35,0,35,13,5934,False,T1HS-nV-3Eq4uMuq8YtPUg
740,2013,10,298,Medellin,6.243879670639578,-75.55744145607476,_XowrpqVnEipl5-s1LO_Zw,194,0,195,6,2447,False,xN9ta9XmG5pYLKQiONRxhw
1240,2019,3,307,Medellin,6.254199980360552,-75.58746145155754,QIpMB8BqYOCauk0iDjYsLw,195,0,196,9,4563,False,cuyEGe8N3SQtWNPuknXSzQ
990,2017,6,584,Medellin,6.248978949095458,-75.57231806632169,KoJjGWB6hZb0CSxQrn3t5A,196,0,197,6,791,False,qSoiy8IeeRTUcfGVCffJ5w
1017,2018,12,100,Medellin,6.250081061726748,-75.59849093313427,1skgigGpaz1aeGBVihu8sw,197,0,198,12,1474,False,rBqF-eC5bY6LeA4Xmryt2w
643,2016,3,557,Medellin,6.243012679959876,-75.60147906326172,fO9LsAKaca1N4eZo6uNOEg,31,0,31,7,4932,False,s55AQs9VyfV4IlxksrVNAw
605,2013,10,406,Medellin,6.242056499543704,-75.5864328043548,I7wVPO2H9beoaG1VYC_19w,198,0,199,6,5491,False,BaUMAOF7pniYknMlwPNKIg
1228,2019,1,327,Medellin,6.25383167676141,-75.59945454808133,Df2K68snGkydX5ltnrhtRw,199,0,200,10,2064,False,4S8DuhpXslg28kaz9miDpg
869,2019,4,366,Medellin,6.247122370203904,-75.58744092919999,gxNoULja0_HhYgKv9RIl6Q,136,0,136,9,142,False,Y4IyBq_94D585bVzk4hAvA
1211,2013,10,654,Medellin,6.253011359572802,-75.56361758523016,bGrVILW-eMBj3qiGBj_Wxg,200,0,201,10,3970,False,9x1b127MG-_wqizCxXb8tQ
1025,2014,1,555,Medellin,6.250133987799121,-75.59046264279162,VQEmxlJnlTuMX4WUdvoDWA,201,0,202,7,1427,False,-A9firBORM6f1IEmrTGF_Q
766,2015,1,627,Medellin,6.244876076832671,-75.58433784368987,TqKSs0YVFdDc93Sqvk19Xw,202,0,203,12,2542,False,TtgGkjr2vOJdoD8KOjFBWQ
639,2013,5,357,Medellin,6.242961415354532,-75.60553908067327,M42jeibBaXqvS550jwcT8Q,203,0,204,2,227,True,M42jeibBaXqvS550jwcT8Q
210,2014,1,177,Medellin,6.233835047152946,-75.55734612456199,gOgkNBZY1QFK3_HAHeznlQ,204,0,205,9,4830,False,v-yfTP7ncEmWr_nE2rP-WQ
713,2015,1,134,Medellin,6.244154481345182,-75.58431306846347,Yfv1_2MvPhsC8knypkZeWg,205,0,206,4,3793,False,uBtMxz8E-JmaPWZUwIl28w
854,2014,4,497,Medellin,6.246906626858127,-75.6024835436762,WdH3iVvehDF8r5znmIIHOg,68,0,68,12,5545,False,42LuKNrdDFPXt0lMmHPJeQ
396,2013,5,89,Medellin,6.23794745828704,-75.58340436707167,uv2xelsKNH-uBWf6qNbSiA,206,0,207,8,2749,False,YDuIJdh8GT2MsQdIm-KkGg
499,2014,2,456,Medellin,6.239896362983079,-75.58647292321102,TQ4qMr5R7EQMV3B_3pY8Lg,145,0,145,12,195,False,tWAZ7DjZGAdOFE97PvPNUA
91,2015,1,66,Medellin,6.23196422646114,-75.57002275644795,u_EXlr-w_zTQzdnbhkm07g,207,0,208,12,4976,False,y2HrIikM-v2xdTeiiWd5Rg
458,2019,4,310,Medellin,6.238933786596307,-75.57440522373973,nUPfCDFS_5W9XhLXyfd6XA,72,0,72,14,1951,False,8plNTArMK0gy6Seef-0Log
441,2014,9,234,Medellin,6.239111444691732,-75.59141032970597,OcAkDsVfxRDmaUVju3mquQ,208,0,209,8,1071,False,SaqFPT1P8q8XoBBRXssHiA
867,2018,12,183,Medellin,6.247145478693404,-75.58947673879696,_9_MfqNjgJkPmGOlfnmGew,181,0,182,8,3226,False,XCADbMOgAe-TegeLBCeWUw
310,2015,10,590,Medellin,6.235860664227143,-75.56337871723751,-QyA5BmLMzVbrEWpL4lWeA,209,0,210,5,329,False,cgO-ZqHDtNID9LSs6iNR_A
1051,2019,4,430,Medellin,6.24991036628631,-75.56437628632703,Y57d0B88p4yHcw0vAzrd6w,191,0,192,15,3147,False,Mb20BGziyq-smEbDgCSXJg
1258,2019,4,305,Medellin,6.253916989777233,-75.56932559809216,aSIqs_nDlZmRVv2B61RyhA,210,0,211,2,239,True,aSIqs_nDlZmRVv2B61RyhA
477,2013,10,435,Medellin,6.239957215256855,-75.60821418853291,Xy5cQYl8_ucOXKrq1EQYOg,211,0,212,1,240,True,Xy5cQYl8_ucOXKrq1EQYOg
810,2016,3,389,Medellin,6.246265355628585,-75.59343614961641,kB-Qbn9mKexauPn217u3CQ,160,0,161,5,716,False,eM4ppAXVjfh3H6TJwy8n0A
1065,2013,8,518,Medellin,6.250763710573071,-75.60347554113218,tn7ySyqUg4-BdLLdzxWGcg,107,0,107,15,3881,False,WgppQ6H_BgO9kk4Oji70GA
28,2017,8,343,Medellin,6.231110151018084,-75.5814969827694,lzpgBnmHCdnzfLAgFmbZNw,212,0,213,3,1925,False,lew3nMRUPdARfSx6Ib5gdw
969,2017,8,210,Medellin,6.249091403551298,-75.59440723776143,N_7JVUeSOstoG6IDT76Xzw,213,0,214,6,1895,False,NjKCaxA-xTYI7dEdZEG-IQ
975,2016,3,493,Medellin,6.248928030973287,-75.5874602174864,_rfUCPSL919A36T-hyZahA,214,0,215,9,4478,False,oIu5ox35HQlXn-y9ztuLCA
506,2018,11,460,Medellin,6.239774905059341,-75.57939144678593,YYQ8Q-UzeNiW2BiWAaCoFQ,215,0,216,4,2568,False,jhTalSGkmzm3uqqKvEci3Q
1043,2018,11,408,Medellin,6.250175006471181,-75.5727654912867,GdXpf-vsEFj4rqtvWnIN-w,216,0,217,6,1506,False,7xyRPpzWEYnd10YSgBOVug
970,2013,11,417,Medellin,6.248920238632027,-75.59245443422101,YLyH7PFPmmWM19C0wg-8ZA,217,0,218,8,2873,False,oVnCR-tNtosAUl4QYvfCpA
695,2015,9,326,Medellin,6.243965251427736,-75.60268199905265,IbbVlogcU3hScKBgxti-Cw,169,0,170,8,185,False,sbTZziG9jX2ceJQu3EVxbQ
730,2016,3,406,Medellin,6.244025845573718,-75.5675213369938,BfYq2Uyz2hprx4XevP_X-g,81,0,81,6,4369,False,GCwnPU9q7EO4DCH73rw9_g
171,2016,3,438,Medellin,6.233942483532994,-75.59630078593231,ArhN-b8IF7fXgFXbf2i5NA,218,0,219,7,4131,False,5JwMGbqAr_pVf7MIwi3b9Q
304,2013,5,303,Medellin,6.236097403953271,-75.56955055333182,HFEeXGqvbqEpDCpMJe_akw,219,0,220,4,252,True,HFEeXGqvbqEpDCpMJe_akw
442,2016,3,112,Medellin,6.239024691313218,-75.59048515438766,3CdaU1zlMGnbd3JfoqO7HA,78,1,221,1,253,True,3CdaU1zlMGnbd3JfoqO7HA
1154,2017,6,231,Medellin,6.252163581066843,-75.56630153700105,rpzqEgvaH84BvatVQ0bhyQ,220,0,222,6,3626,False,6dnxYxSIzmj_gPpeJg6ebQ
444,2014,4,325,Medellin,6.238754389561048,-75.58845894428507,Kgb2NX2f78rqD2LPez3XNA,221,0,223,9,820,False,sZ2h_3lC28tn061Z6XNx9g
926,2013,5,444,Medellin,6.247889263281881,-75.58341419717543,lBwXx2sE4nFZAXeJYFgU-g,222,0,224,7,1755,False,bQeKH1UgGodeMpobSjqdNg
843,2017,6,501,Medellin,6.245925397889722,-75.56050866059873,vRcE8KhR_qvmAPnS8cPupA,223,0,225,4,3945,False,-MzQFvxCVC5V-2zUFTgDmw
722,2014,3,484,Medellin,6.244042705469658,-75.5754904714486,apv9K_LLzi5iukQQaYHMnw,224,0,226,8,1849,False,tJ1-IWMcJzQWXYxweHh3SQ
772,2014,4,265,Medellin,6.24491678089165,-75.57864517012158,BA55DP-RIdN5vgEa6T55LA,225,0,227,11,439,False,iNi6ZSbJqnsuRazytIxJmQ
827,2019,1,133,Medellin,6.2459281708677,-75.57646329349161,KifALJVxtYQfz_xjEb8YKw,226,0,228,10,4972,False,7CqDv6t0R0tyzOg0GhBMww
911,2013,6,619,Medellin,6.248178528631484,-75.59852226349766,OF0XBaiu5f9GiTeogG19Vg,26,0,26,4,26,False,BcI37edSt2UUMAOn-JG4Gw
778,2017,8,218,Medellin,6.245147505373351,-75.57234476744559,9g-mSvJ716BhQz83M9Bsjg,227,0,229,11,262,True,9g-mSvJ716BhQz83M9Bsjg
600,2013,6,310,Medellin,6.241924922434637,-75.5924455953724,-X_4qL2Ws9KF7BzhRIDwZg,228,0,230,10,4645,False,eFY7r9B_m0CurJ6nBEJXeA
731,2014,8,684,Medellin,6.243960662506352,-75.56636220731961,Znl-2ObWbAep_9AFuUpNow,229,0,231,10,4668,False,mo9c9zhAB-XkmXxLP2qzmA
754,2015,1,234,Medellin,6.244934205932466,-75.59643381753737,vwl0W0Nh_qJ89EnN94oMmg,122,0,122,4,2900,False,sJcNl-BQZoaquEQwQM6frw
117,2017,8,300,Medellin,6.232839442198028,-75.59748398420442,Lhx8tal-87XFV5qEUDckOQ,137,0,137,6,5060,False,Tz7jPXMr1BXzT3PQVLjfDg
112,2013,12,64,Medellin,6.232997187161762,-75.60218992701395,DlupuqQ8Qmd7hd24D4RQ5g,230,0,232,12,1479,False,KD0s_SaX4GVUOx6UymXT1Q
178,2016,3,332,Medellin,6.233909083736767,-75.58948944696746,Klag6w8_tuo-DOb2ZFuPOw,231,0,233,5,1233,False,lhdz53qDUKoq2cXuXY0KHg
15,2013,5,156,Medellin,6.230983726529538,-75.59363357183632,gVlTnXSu8Narf56H3tYnbQ,232,0,234,3,269,True,gVlTnXSu8Narf56H3tYnbQ
95,2013,10,229,Medellin,6.232106319531276,-75.56628473189342,4n-80qotNKPCpCHqgHfs3g,233,0,235,14,5839,False,_P6tQqQcX6nWTfT4Fw0NfQ
1050,2013,10,420,Medellin,6.249928604422114,-75.56540245816251,63POo9vKYlRvpgz-_xGtTg,234,0,236,4,3437,False,ZUdPYAB1PIm5uzCH4QOmmA
201,2019,6,424,Medellin,6.233378103568895,-75.56708295094697,p-SBDO8-tUqEnZgJEUnrVw,235,0,237,11,2340,False,AeLlLnsoIhRWhIp79I-LKg
1040,2019,3,353,Medellin,6.249967738823676,-75.57524688611306,cP3fN1sZuLWPOzV8dAsUyg,236,0,238,15,5221,False,kqL5triMYOxn1GZlLkeH3w
1166,2014,2,424,Medellin,6.25297128129258,-75.60835697237874,Rl1nwghTb3rTlLjvCenWtA,237,0,239,9,1760,False,YP5UoMWScXTMEh55OI0_jw
778,2019,4,200,Medellin,6.245173794318669,-75.57233225624398,TXqg9uHNRR9Id1DM23UGbQ,227,0,229,11,262,False,9g-mSvJ716BhQz83M9Bsjg
537,2013,11,465,Medellin,6.24078966741765,-75.6013909577392,n2abQ12s5UGxIL5cOWy4uQ,238,0,240,4,276,True,n2abQ12s5UGxIL5cOWy4uQ
1260,2014,1,605,Medellin,6.253870431741673,-75.56740549130966,LuNDTxKCcYrB5vOj4PTuAw,239,0,241,5,4930,False,2YHbr7k1aPcG2Z0UxpmW5Q
768,2016,3,130,Medellin,6.244800235459538,-75.58251249086166,fhIboTJaSWpOPdC9KNUEIQ,240,0,242,4,3050,False,IKzJ7wVGAG0LYUjD6ZkfCw
1149,2013,7,259,Medellin,6.251851092941555,-75.57255977592676,Kra6n8yvuRslCEpFdpxvQg,241,0,243,10,3567,False,w99tbaQKXd99g63jartRbw
522,2013,5,300,Medellin,6.239960340215352,-75.56364037190656,GFeaOSufStqkmikRSQ_atA,242,0,244,2,280,True,GFeaOSufStqkmikRSQ_atA
177,2019,6,290,Medellin,6.234029476297897,-75.59046154939668,K2_S-F6lzl3dmNFdI_i-IA,243,0,245,1,281,True,K2_S-F6lzl3dmNFdI_i-IA
631,2014,1,575,Medellin,6.241964591766894,-75.56047654129644,kb7S8ZvAtCzgxIeehTT7Rg,244,0,246,7,5013,False,VmoCLsE91UW3RA6XjmeLSg
291,2019,1,370,Medellin,6.235995353661888,-75.58266375147028,6f36Px6z973eBYQrqMbI-A,245,0,247,12,4187,False,Kxh_lAjJ-q0jxJMXPa_eIg
405,2013,7,192,Medellin,6.237972440612857,-75.57445769070684,LZgdbFxOxbGXSp-0koW9nA,246,0,248,8,3071,False,mUD7gGlgXH8WvtCm0nOtoA
620,2014,4,387,Medellin,6.241982880122373,-75.57156042028244,l5J7r1LhtNM8sqT53bm2TQ,247,0,249,4,1196,False,qNgnnJNm8azok4FMsp9Svw
1234,2013,6,195,Medellin,6.253740327881586,-75.59354478687726,WhM_CWp6ZugujM4wrcIXFw,248,0,250,2,286,True,WhM_CWp6ZugujM4wrcIXFw
95,2016,3,230,Medellin,6.232121171676839,-75.5662622710162,HLmdmJ6Q71yNjSRGlmg3xA,233,0,235,14,5839,False,_P6tQqQcX6nWTfT4Fw0NfQ
171,2014,1,443,Medellin,6.233980012972101,-75.59631522093369,JWpJFVAVlTKiciGFk5scvA,218,0,219,7,4131,False,5JwMGbqAr_pVf7MIwi3b9Q
526,2013,5,377,Medellin,6.239971245191373,-75.55948476784847,WG5SJeitcOoh-ipp0HkxzA,249,0,251,4,2107,False,NZ80pOPEZJEkqob8OlyTvw
234,2019,6,357,Medellin,6.234891466927666,-75.58644522937172,orTvM9RFZqoNM8NHMUPOnw,87,1,252,2,290,True,orTvM9RFZqoNM8NHMUPOnw
459,2013,11,585,Medellin,6.239085068069025,-75.57360502717842,HiId4qPDLormsw877-3dWg,250,0,253,7,291,True,HiId4qPDLormsw877-3dWg
91,2019,7,61,Medellin,6.231965592601338,-75.56998891692591,YGffjcb8OG83rR8tIMLjpw,207,0,208,12,4976,False,y2HrIikM-v2xdTeiiWd5Rg
291,2019,6,367,Medellin,6.236034241783574,-75.58263910089396,YIGWJii9KD05HKTSz9Hw1w,245,0,247,12,4187,False,Kxh_lAjJ-q0jxJMXPa_eIg
433,2014,2,294,Medellin,6.238936060822985,-75.59949393482623,TI3koQTiyVBwYWd96AxqOw,251,0,254,10,937,False,DzHUVkh57vTuHGj2g8xJQw
778,2013,8,203,Medellin,6.245182063914506,-75.57237283835866,uCHV7lkEecWQxvaWSa3AxA,227,0,229,11,262,False,9g-mSvJ716BhQz83M9Bsjg
430,2015,11,297,Medellin,6.23882415301185,-75.60244502320447,TiONL2g6oLJFZ3Co1_aBGA,252,0,255,9,5292,False,C9ETc4yboWddLGd7rrlr_w
1194,2016,3,152,Medellin,6.252774159313208,-75.58023524414794,Ne5xKiKtZCI1m9wN51gugA,253,0,256,1,297,True,Ne5xKiKtZCI1m9wN51gugA
522,2019,1,296,Medellin,6.239932210020649,-75.56362164242478,528hTeJLd5RL9XJ4h1Q0FQ,242,0,244,2,280,False,GFeaOSufStqkmikRSQ_atA
190,2019,6,438,Medellin,6.233926154446229,-75.57747001670134,A27HYqSJJjL9t0_ihlwPBw,51,0,51,13,2328,False,Jj3PuS5Kn97wei73d9G-2w
974,2017,7,253,Medellin,6.249168904302675,-75.58841379619412,WeyBWrMPTK2F3daVNByWeQ,254,0,257,11,5037,False,6ktyFJE6iA1zV08BJ6WxXw
827,2016,3,135,Medellin,6.245928245781042,-75.57647939579353,pFGjgZgyRAgJscm4VPEd1Q,226,0,228,10,4972,False,7CqDv6t0R0tyzOg0GhBMww
799,2013,8,605,Medellin,6.245845386377294,-75.60427958331806,zjEw8Pq45ISHZMJvr--9gA,255,0,258,2,302,True,zjEw8Pq45ISHZMJvr--9gA
142,2019,6,285,Medellin,6.233184764774205,-75.57277758302324,K9iDdNKKC1TvqDmRl3dQZQ,62,0,62,7,2330,False,RrJYL_k_C_lbNaIAN_Mf8g
112,2014,6,71,Medellin,6.233033394441404,-75.6021899966208,eZAXH39NrgXVjbvwEZrm5A,230,0,232,12,1479,False,KD0s_SaX4GVUOx6UymXT1Q
851,2013,8,595,Medellin,6.24703276080084,-75.60562443406022,Mb-An7ruclfppfyXOqY8fg,256,0,259,7,305,True,Mb-An7ruclfppfyXOqY8fg
1089,2019,7,623,Medellin,6.250939747159597,-75.57951497644594,1CLVPkUIiL5Kkfp_3bJjZg,257,0,260,13,306,True,1CLVPkUIiL5Kkfp_3bJjZg
21,2013,10,422,Medellin,6.231566798281799,-75.58644177488672,w-EkJ8t0ysUdhONgh8fSlg,32,1,261,1,307,True,w-EkJ8t0ysUdhONgh8fSlg
348,2017,6,536,Medellin,6.237439254800387,-75.5781855918878,O7TclbFNVnREHJMsdblDzQ,258,0,262,5,4125,False,iHkgWOep6o3pAFgzGomIXA
1018,2013,5,138,Medellin,6.250082821365393,-75.59652646542924,gljVwpZO37NKq5LxBnE3eQ,259,0,263,8,3193,False,j8JPyyvcADFoC2JfNd9IGg
1015,2013,11,149,Medellin,6.250200063114482,-75.60031225004109,jfKeZVxa64z4xGVTFKGW9g,260,0,264,11,412,False,v1-P2um2LwprU6DHi4N98w
922,2017,6,409,Medellin,6.247959410022244,-75.58767300524232,aqXQJMDQOQ4bdph8_e3aVA,79,0,79,11,886,False,QqWk_jcyZstjE_Qw8W-ACA
501,2015,9,363,Medellin,6.240000900363471,-75.58443996608989,kLaa1EQ2G8YMudoEl1xhVQ,261,0,265,9,312,True,kLaa1EQ2G8YMudoEl1xhVQ
1255,2013,11,267,Medellin,6.254001161574052,-75.57476033162648,Bpn_KYnwh97SH_ibyGeJ7Q,262,0,266,7,2437,False,GalxffcN8fcoWlpQF_CFeQ
430,2016,3,287,Medellin,6.238853202175837,-75.60247659925543,xerHilWjxWg4yl9rcUatGg,252,0,255,9,5292,False,C9ETc4yboWddLGd7rrlr_w
1107,2013,9,410,Medellin,6.250953275780644,-75.56142657940893,IpjSldHqEGqzO0_48WcCAA,263,0,267,4,315,True,IpjSldHqEGqzO0_48WcCAA
801,2014,2,361,Medellin,6.246036397308665,-75.60245573705926,W-hh8PX1XX36pkDDr1gI5g,264,0,268,7,1140,False,yqwTd9QDtLinsKeaWsbSOg
1036,2014,10,421,Medellin,6.249804073121272,-75.57921785335031,ZKeA-elEzU41JUUy5T9HSQ,99,0,99,11,1524,False,ppD0eak4IGxKGlmVcWyXRQ
1157,2016,4,396,Medellin,6.252138253565737,-75.5633425251015,FlIuEvht_65O-kM9FkAZEg,74,0,74,9,3348,False,MGCBk88soE-kYaZclK7Enw
874,2016,4,617,Medellin,6.246903898073074,-75.58235851940039,b8FPUo1NOXPmLgJ18XujeA,265,0,269,15,967,False,oPuVUtuDiT7gajx6H2u2ug
528,2019,6,478,Medellin,6.240053574381832,-75.55746719034056,r8lp8XxTh80vslP5RQFv-g,161,0,162,3,320,True,r8lp8XxTh80vslP5RQFv-g
645,2019,4,476,Medellin,6.242984542151408,-75.59949295326359,eAitrTPfvz4sXgrOXrEzdg,266,0,270,7,4549,False,_PGoJwbAESoPoOBE9piMeg
351,2015,9,115,Medellin,6.237088532469427,-75.575442934312,BTljRp6IeRodq_trBNhFOQ,153,0,153,9,163,False,p7IBpcNkRqPVDiBJl5f4Ng
459,2017,6,599,Medellin,6.239074088991553,-75.57360205660571,hBvfCWBnkTrZOurWNslhoA,250,0,253,7,291,False,HiId4qPDLormsw877-3dWg
1136,2017,7,135,Medellin,6.251894081478734,-75.58610694271148,2mi-1I7sl_7M1qePyTMTQg,142,0,142,3,915,False,F3b1pwbMTVC2kF49HuEqAA
1042,2013,6,383,Medellin,6.24968844088813,-75.57352373670982,-gKlV5kr5zj0Jqy0Woqe_g,267,0,271,6,435,False,QwrYMNucvmug28b42OAt3Q
815,2019,3,286,Medellin,6.245998597405694,-75.58839766694065,F1CrxFktZ8fru2Wpy29S9w,268,0,272,4,1730,False,YjLouaDiYFaCAEoODk3xhg
118,2019,6,514,Medellin,6.232844729372456,-75.59648982247069,V3_Ta67WyqZW_oedzrDQqQ,269,0,273,9,1307,False,jwtj_EpXUTJZ7TosyrXiFw
864,2013,10,463,Medellin,6.246994158030152,-75.59241534047396,2Kw2ZrgbZ-SMEVji-s9nzA,270,0,274,6,4498,False,bJmMTJ6PuYiXCVpwl9jfZQ
310,2013,5,580,Medellin,6.235846518889681,-75.56337902234097,cgO-ZqHDtNID9LSs6iNR_A,209,0,210,5,329,True,cgO-ZqHDtNID9LSs6iNR_A
1078,2017,7,221,Medellin,6.25084923533153,-75.59052829708519,VeuxUlLUYVlOoD_f-zZcYQ,109,1,275,2,330,True,VeuxUlLUYVlOoD_f-zZcYQ
306,2014,4,305,Medellin,6.235665510258339,-75.5683039909766,oxpalkxfCfqymFppFiSAsQ,271,0,276,14,4893,False,Z0-_XrPiigik7bdjF6wS9w
642,2017,8,343,Medellin,6.243110525221667,-75.60233766555649,i3OWVlcBPCk3d108rD0o2g,272,0,277,8,3458,False,mywGsgWxrDMNjntwVzjy5g
1034,2013,7,519,Medellin,6.250010825939216,-75.58147692039847,LyVa61bsupnT5RyP-LH__A,273,0,278,8,333,True,LyVa61bsupnT5RyP-LH__A
434,2013,11,311,Medellin,6.238949780755367,-75.59847777150345,SOS0-NyE03IwaYzomRCWhg,274,0,279,9,3413,False,ahHRDcFtiLtBh0J7Pj2Vpg
5,2019,3,319,Medellin,6.231058446945871,-75.60346867254314,3lYVajBsp0vGr07K5bKBuw,275,0,280,6,2000,False,mqqafN7n9JdPEicdx0zWYg
141,2017,7,296,Medellin,6.233159396979798,-75.57364472470245,CTtCAWd3DC5g2e9Ycphm3Q,276,0,281,11,2599,False,iQYx3brTs_CUaIoDYjE5qQ
971,2013,9,341,Medellin,6.248803155099543,-75.59146268226908,b-P5i6Im3XgQSKZOYofKjw,22,0,22,6,337,True,b-P5i6Im3XgQSKZOYofKjw
658,2013,6,602,Medellin,6.242869507036084,-75.58638401071674,-GN1Mgi1z8AIqF5iikTgzg,277,0,282,11,4092,False,shhTk92DoDP-tAvEIA6E4g
1123,2019,3,578,Medellin,6.251926250335575,-75.59809725908192,g6Z-vQu0v7V37uw4ifuXAw,278,0,283,1,339,True,g6Z-vQu0v7V37uw4ifuXAw
1241,2015,9,454,Medellin,6.253977541188146,-75.5864836293679,Og-pPvncfkpuN51tbLfA0Q,279,0,284,12,1678,False,ps4Hne98jwPgXciU6fQUWg
758,2019,4,550,Medellin,6.244823519065552,-75.59222032764788,B1FyiXKzLkxK-nxJVgwQIA,280,0,285,1,341,True,B1FyiXKzLkxK-nxJVgwQIA
793,2017,6,439,Medellin,6.245065251529883,-75.55755614396611,iif2MmBbGU3PVT4CmQKtLQ,18,0,18,4,342,True,iif2MmBbGU3PVT4CmQKtLQ
1029,2019,3,288,Medellin,6.250002273459273,-75.58671815042423,EszAXhAU_DRCLpnfmXJ6ow,281,0,286,9,5532,False,QwELPeJ-NW0myIqcsZWIcg
162,2013,12,283,Medellin,6.233937623085657,-75.60533337129576,ACpI_flzSvVFU-U9kRhJzw,282,0,287,6,2294,False,pUZjT5EKHrnl5NoPZXThyw
1209,2017,6,526,Medellin,6.252677177903154,-75.5656589071099,UABHMlMtkjdA44oxMCjd0A,283,0,288,3,5757,False,7riE5XnvWtNbrwKRqICVoA
763,2019,7,604,Medellin,6.245129150335032,-75.58737246735369,mD_TVdbrpu5DOE2Wl3ElPA,284,0,289,4,1810,False,ZJ29eXAPmQkgOGzmSzQqhA
856,2014,2,533,Medellin,6.246587833078781,-75.60058323065658,q8KEWCOEuP_RXomJO_3Cog,285,0,290,6,2953,False,qH7vB1AcG4F5UbnUaf6cGA
822,2015,1,280,Medellin,6.245908095899133,-75.58141192877748,1FxfqN7NKKDtq9FaF_c4Gg,19,0,19,9,47,False,IJVe9zp88DJ3BzL7iKB2zQ
1098,2013,12,336,Medellin,6.250697272129467,-75.57056741715421,Q5kwhbDFE1h8TNqGL8h3vw,286,0,291,6,740,False,-VxLkuJ943OCoD-6bYdWkw
1104,2015,1,106,Medellin,6.251002595139712,-75.56448121111623,kXzU5LiWxnUu9w31sjnbzg,287,0,292,8,5098,False,gHx-aXrPsrHMerDne-dDAg
1141,2013,12,365,Medellin,6.252098575640447,-75.58032722345853,JUMVN-EQfXbCz23qvyqeYQ,43,0,43,9,3194,False,QsEKYoHLlXGPIA_PRMo_1g
486,2018,12,494,Medellin,6.240116292853557,-75.59952952167987,YXfO4Gigx5LUIPboHb6eMw,288,0,293,3,352,True,YXfO4Gigx5LUIPboHb6eMw
433,2019,3,284,Medellin,6.238936149458274,-75.5994591249644,YdH9geAtrKRajklxVkWGgg,251,0,254,10,937,False,DzHUVkh57vTuHGj2g8xJQw
4,2016,3,146,Medellin,6.231041976641939,-75.60447334755588,GVYSm2vX8W-bgLQ3GxyIvg,289,0,294,5,3297,False,x5aHmuMi7K521eix2MG0ZA
679,2014,1,117,Medellin,6.242821381362242,-75.5655048915923,seYfZymUF60xkDbN9RSEAw,290,0,295,11,2837,False,iLeRBE0SZitaCepu37qGUg
945,2013,8,279,Medellin,6.247911992628768,-75.5645868896541,TDoIz3tsczXQ6IF2iLZV6A,291,0,296,5,3087,False,2wvfCrv-iBapuXMk4rQQ-w
392,2013,8,348,Medellin,6.237996966940345,-75.58747497448222,S5pYOjdGuQ6LAWe_vXtyOA,292,0,297,8,1191,False,5BIDX5zsermmN027xck0NA
1238,2017,7,547,Medellin,6.253797667430033,-75.5895094319015,prI_2944cPGnxNOY__sgfw,293,0,298,10,5863,False,LtizsFObSMRKWJea3xAENw
827,2015,9,148,Medellin,6.245909930671945,-75.57640381840629,kPe8SiiOQt4ew10Iqx_Cag,226,0,228,10,4972,False,7CqDv6t0R0tyzOg0GhBMww
334,2015,9,641,Medellin,6.236864072498546,-75.59236870715557,7U4_2Fd6UaFXG_9IMfebeg,294,0,299,8,4510,False,MaLwraGD_br9YsutiUaKmw
932,2015,10,465,Medellin,6.247923702017808,-75.57730546826302,1965xXcDxjk5VUDc5NAu3Q,295,0,300,5,1287,False,fM0O7WKGVIHsaVOZ2vJQdQ
28,2013,6,329,Medellin,6.23111391101285,-75.58147935982534,8ygGAOA5p2Yw3mb7eXVnQA,212,0,213,3,1925,False,lew3nMRUPdARfSx6Ib5gdw
351,2013,10,124,Medellin,6.237081495982808,-75.57542812119732,YqETSzsIdh-dNcOtHN622w,153,0,153,9,163,False,p7IBpcNkRqPVDiBJl5f4Ng
437,2013,11,365,Medellin,6.238988097182542,-75.59548146283585,ThUWGYmLB_HlxwuGh3dOsg,296,0,301,11,4056,False,sGeo2Xf7Pvo6w8prBOfxXg
1015,2014,1,156,Medellin,6.250179520058464,-75.60031617632224,ztV_YKys76kYDBAo_iTjsA,260,0,264,11,412,False,v1-P2um2LwprU6DHi4N98w
617,2013,11,513,Medellin,6.241884444156566,-75.5745226473943,DdtXFH3iZzHMgsCw_ZovYA,297,0,302,4,1394,False,ldFc24mhUCqTHsW8RJd90Q
957,2016,3,461,Medellin,6.248989814004357,-75.60568245428186,Gn7XKAWlAVei7tYOmGv5Eg,298,0,303,4,4181,False,pb7RCR07aGM2ffl22Esn4g
130,2019,4,314,Medellin,6.233291457953538,-75.58451565786864,jQIliFXZsBb2kZi4qcT_7w,299,0,304,4,5327,False,Xv0nknjJ-2iHO7OPnT0KZA
82,2015,1,397,Medellin,6.231954917629099,-75.57944412443769,zZb66ILLdunb9qQxJEptoQ,155,0,155,13,5672,False,EQe_ny67VxxDchxxHXs19w
1034,2014,2,507,Medellin,6.250010569099807,-75.58144689840968,J4yhi8fUFPgjAXPt_UUBcQ,273,0,278,8,333,False,LyVa61bsupnT5RyP-LH__A
150,2013,5,287,Medellin,6.23292646880265,-75.56448505645814,LAgUeyk9bagUQ_Ga35Brog,300,0,305,2,371,True,LAgUeyk9bagUQ_Ga35Brog
200,2013,5,284,Medellin,6.233935823044475,-75.56756646331404,hM2bpWYjT8MRQrnlVYMclA,301,0,306,14,647,False,1pUKlrRT9oQpOC3p9AVpyg
729,2014,1,602,Medellin,6.243973018545856,-75.56844969263211,jOpAihcRun1TjbuI9FFCuQ,302,0,307,13,565,False,xMp8d2U2jHWm5cFZTLd3eQ
110,2017,8,368,Medellin,6.232939722258423,-75.60531309689058,MLL1OC1n-fxmhKAaWI_i_g,303,0,308,9,1743,False,5sd-VASHcUqJ7rOVORxvdw
1016,2019,3,379,Medellin,6.249909333355646,-75.59956891752071,4c2kyl4xhaPxikNZuWcXrA,304,0,309,11,3884,False,eTDQEF27sqFUnVpZPCGdnA
18,2017,8,684,Medellin,6.230986418979086,-75.59055921026021,jwtlNJQLDBT4CNIoklFIKQ,93,0,93,8,97,False,QyPH9t_sX5EA4Vdexj7B-g
82,2018,12,406,Medellin,6.231954908964595,-75.57944932109075,LJn2waBDWssdzrnmirtqaw,155,0,155,13,5672,False,EQe_ny67VxxDchxxHXs19w
289,2019,1,511,Medellin,6.235953190207588,-75.58448542953637,4RECWWWVDKwJHPvhVC5XCw,305,0,310,3,2710,False,Jrv0Q7O6Idtoyt85otHXkA
250,2019,7,62,Medellin,6.234984864995413,-75.5702777413743,cjB9js_slQdqz35RYZmafQ,306,0,311,9,2659,False,ED_JUTbGxmW0s41ufzayZw
476,2014,1,163,Medellin,6.239070361131679,-75.55639226334003,SeSxxiG-uj90M46n7B33Yg,4,0,4,8,4648,False,Ch8yuEAZnRROXU9wCoDiVQ
783,2017,6,354,Medellin,6.245059206937936,-75.56759815891768,rQj8KxSj2-PT_3LCnQrwLA,307,0,312,9,851,False,GHonC3dwmjCNsS7-DOCHaw
34,2017,6,266,Medellin,6.231041103695552,-75.57444663605688,GE3rrDeuFT-n9GjoPFd5Hw,308,0,313,8,2287,False,8c0vXGokwBvdMR6nHShWpw
541,2018,12,209,Medellin,6.240933754219781,-75.59770182560786,C19_zgmFWbPv_y1BrMXhAg,309,0,314,3,3098,False,K3fOaO-YGFmBftTfvQO-Dg
734,2017,6,173,Medellin,6.244049291421048,-75.56344262985897,bpB6ISrwETD5opzfjesZrw,310,0,315,8,5779,False,MxxuvWSd5tHh-AyPwgG7fQ
593,2019,3,114,Medellin,6.242022777139128,-75.5984188641238,4zX5Ivr7rxwRgMuL0cin2g,311,0,316,3,5706,False,db1oTsU3kKhvFR0AyP8qkQ
831,2015,10,500,Medellin,6.245576219633455,-75.5726426389469,yTThx_PtpNZLWe1_OMEbmA,312,0,317,7,386,True,yTThx_PtpNZLWe1_OMEbmA
24,2013,12,249,Medellin,6.231650709831339,-75.58450591916454,hqGa5M4g7P45ix2jV0n51g,38,0,38,10,387,True,hqGa5M4g7P45ix2jV0n51g
716,2017,7,550,Medellin,6.24396238261643,-75.58131898018253,nXQuXtJ31SKXNVMXWIFokw,151,0,151,6,3566,False,MOKEDTh8jxh7ut-_yKHMug
514,2016,3,298,Medellin,6.240090730246573,-75.57162175602056,ptu5zZt2BRBEDfh78B6mXg,313,0,318,7,3690,False,vIsPzCp1-ylpWR-fnB1ZpA
829,2017,7,280,Medellin,6.24597665602042,-75.57448693301637,ONYxOCaUFnG94Ip1nIzA7Q,314,0,319,7,5626,False,lp2DFYK86IePMLDskrR5CQ
298,2014,12,501,Medellin,6.235930376327043,-75.57544607455134,ezM4OG2P2luVUXMJiwwx6w,315,0,320,11,2224,False,uZ_1-hjnyERXj-2h3vDhGw
72,2015,1,500,Medellin,6.231797646623564,-75.58944580262539,TpljArG8BpHEqf4vuuisgQ,88,0,88,10,1413,False,tHWuLYo0l6M2T2hhnCPopQ
134,2019,1,280,Medellin,6.233205673231857,-75.5804160703706,_lt72i0D52uCYmRLSXNwuw,316,0,321,3,2138,False,9l-Jk5HHOwp_1qou4kbIZA
1021,2015,9,519,Medellin,6.249952129026793,-75.59451069959276,Nux_F8wFWO_tUsya2vtYQw,132,0,132,12,2393,False,6DiNDGuN_xre5-3qZVYU0w
72,2017,8,506,Medellin,6.231787456049619,-75.58943632157694,qbDrfEpd1XnzfHiAtIVWgA,88,0,88,10,1413,False,tHWuLYo0l6M2T2hhnCPopQ
643,2015,1,549,Medellin,6.242994230035679,-75.60148209574291,w807iSsJ6rn2OqzyObT0Qw,31,0,31,7,4932,False,s55AQs9VyfV4IlxksrVNAw
609,2019,6,364,Medellin,6.24176836448621,-75.58245651845829,yqpzS4zLH9z_LPEXcejwOA,317,0,322,2,397,True,yqpzS4zLH9z_LPEXcejwOA
770,2013,5,589,Medellin,6.245008677338863,-75.58062080565941,Jt2p34ZyShWJZe_8TmF82w,318,0,323,3,5431,False,AX6qiBfZP9xNhpWUE7Nl-A
571,2014,1,698,Medellin,6.241006887265623,-75.56743873229243,UJoqrLeHP-SeuDLV566DYw,319,0,324,15,399,True,UJoqrLeHP-SeuDLV566DYw
991,2015,10,551,Medellin,6.2489802874886,-75.57151075093618,kSiOMO2NvzNVMu1U3DqijA,320,0,325,5,400,True,kSiOMO2NvzNVMu1U3DqijA
390,2017,8,339,Medellin,6.237939895268707,-75.58946440095613,cAO1mh5snRsdsEl9unx2ZQ,321,0,326,2,401,True,cAO1mh5snRsdsEl9unx2ZQ
352,2013,7,399,Medellin,6.236892506522395,-75.5743950804078,knNfTXnuV6tZu9V1ukSwZg,322,0,327,7,5365,False,19JOPtc5FMc0kuEJ1_ZXwQ
1079,2014,2,606,Medellin,6.250962728967942,-75.58938423893332,d73ujyifFuqGbtxQ0ilBdQ,323,0,328,3,959,False,1NnuXkeqNnpxsz6kcqzKaw
998,2018,12,406,Medellin,6.249107102797452,-75.56446650129854,aHLPzneRa9LoWVPREw2qJw,324,0,329,9,4833,False,5ZW5AjkJBMJEyHZO8Ahbcw
76,2017,8,515,Medellin,6.231881974658691,-75.58547117516432,0hCQQsdaREDc0IG3yb3nVA,325,0,330,9,904,False,95wGcwZKDlQpEWItAphdVQ
77,2017,7,480,Medellin,6.231909495834228,-75.58442456983097,fxP0Efa7bCglmgvoq9Zftg,16,0,16,9,16,False,5UCCGvO8I8E8-aLlAw-gVQ
92,2014,8,271,Medellin,6.231895297887769,-75.56988968499168,wYjr4apcTvxELsBAWtN0bw,207,1,331,12,4667,False,8Xa0Cvad3AWujc0m9oY4Xw
663,2019,1,438,Medellin,6.243054716611812,-75.58121259013814,hh3UGDFAcu8km_ZN3Hp4kA,48,1,332,3,408,True,hh3UGDFAcu8km_ZN3Hp4kA
195,2014,1,409,Medellin,6.234049074812437,-75.5725459833692,vHEgzD8ZC3IP-AdjqscH0g,326,0,333,5,2154,False,LqNg2n4_eloC1KGT4qHKxw
78,2019,6,348,Medellin,6.231929631498852,-75.58344869741433,KkILhmJu_m_RlFEMu1ABEg,327,0,334,9,4220,False,EqvGszrRoZSUu0-HBFQCaw
838,2016,3,325,Medellin,6.24600398192581,-75.56554123664866,sLm8q6J_QgqaJvj0N8MH1w,328,0,335,5,4545,False,sis-4PBZbNQhPgyb31SQeQ
1015,2014,8,152,Medellin,6.250186077846471,-75.60032732801797,v1-P2um2LwprU6DHi4N98w,260,0,264,11,412,True,v1-P2um2LwprU6DHi4N98w
229,2016,3,62,Medellin,6.234936944700102,-75.59158216351041,PeYLN1Y6jkNzIu8LSqy1OA,329,0,336,7,4019,False,aWcH4KS98DZcaByHcOgL7g
781,2013,5,279,Medellin,6.245002471323096,-75.56942576651802,pSXLxTH0KOUsu1-4NJcC3g,61,0,61,8,3637,False,b9Hip0EcRPSyLf_j1CokYQ
142,2015,4,274,Medellin,6.233175715505068,-75.57277931082326,SkgoIuT_NVsZd8-sHOeh9Q,62,0,62,7,2330,False,RrJYL_k_C_lbNaIAN_Mf8g
83,2019,4,600,Medellin,6.231981496554548,-75.57849879259274,AxegmYtVo-aTd5h8QWV_rA,56,0,56,12,58,False,5Ff5Umrp5en3zdlnxIJwdw
23,2013,11,247,Medellin,6.231626325927625,-75.58545817810777,C9KyGieQd0PqH6PvljPMpg,330,0,337,11,3083,False,bEYNNZOkLBRsEvouaPf-kw
135,2019,7,334,Medellin,6.232982272616312,-75.57953014364853,QQWfZDFNT3FZ4ycLFMvzFg,331,0,338,2,418,True,QQWfZDFNT3FZ4ycLFMvzFg
981,2015,10,349,Medellin,6.248924565348361,-75.5816008403575,zeZ7t8IutfoKaLK8QhMafA,149,0,149,7,157,False,ed_zvQa_W5hUOQ6lUCpj8Q
248,2013,7,397,Medellin,6.235151121649208,-75.57249031209973,aSRGqHAyziG-nSTv5yD04w,332,0,339,13,5031,False,HhP3a0w78KKBzm0LMsWKVA
1015,2013,6,141,Medellin,6.250185653838532,-75.60032718575475,vyW49HXXrjhv09raVX32Xw,260,0,264,11,412,False,v1-P2um2LwprU6DHi4N98w
1163,2013,6,545,Medellin,6.251893465731639,-75.55831994487977,3SpyDniDUVt2JauTmf_5WQ,333,0,340,6,444,False,o9mUdZEP0h4FjmNicLkO_Q
432,2015,11,609,Medellin,6.238901841261963,-75.60048906714069,uLUwWUqvhgj3VCyOmQYQZA,334,0,341,8,423,True,uLUwWUqvhgj3VCyOmQYQZA
121,2017,8,45,Medellin,6.232951165804113,-75.59369014261544,u2yD9cXlRNo7_pT1WvrUmA,140,0,140,5,424,True,u2yD9cXlRNo7_pT1WvrUmA
535,2013,5,186,Medellin,6.241119195917784,-75.6034785495592,x0li28EvxCD3M7jBtr7UUQ,120,0,120,2,126,False,GR2Fh6Ps9BHIDB-IDKSstQ
1136,2013,12,317,Medellin,6.251869657030868,-75.58609994117745,3oiWt1TtzrVaQWxf98OBNg,142,1,342,5,426,True,3oiWt1TtzrVaQWxf98OBNg
111,2013,5,285,Medellin,6.232936445654178,-75.60349393669087,FGeWuyZ_mxfklJmTZTR-bA,335,0,343,5,905,False,1XiTT1xKANo21WRQOtgSfw
772,2013,10,282,Medellin,6.244910258165219,-75.5786407877529,AzvCe4kcFWphdv5ajEXhBg,225,0,227,11,439,False,iNi6ZSbJqnsuRazytIxJmQ
222,2017,8,292,Medellin,6.234955427512197,-75.59827327364876,hlJ53Lk0gHCY849ajwo3JA,336,0,344,5,429,True,hlJ53Lk0gHCY849ajwo3JA
611,2015,9,620,Medellin,6.241879985762468,-75.58043087779434,HQ6uDUA43SR4xVeitRAh5Q,337,0,345,5,774,False,nxv9-uX_IWSWjxDIwB1nHQ
720,2019,4,307,Medellin,6.243950392576383,-75.57742808234865,sAe9Mv435gk2u7-Dif2j9Q,338,0,346,6,5471,False,EXwVmXmJhJvRZJeeFd-scA
336,2014,4,52,Medellin,6.236972369308113,-75.59055534537518,27Lumxg6nwKWVBYe8OvFOA,339,0,347,3,2687,False,Ozq8p87Lgx_Y3fuVeeLoow
295,2013,10,417,Medellin,6.236366602034567,-75.57756366981945,bNECkdSp5DhSehcevugaMw,33,0,33,5,433,True,bNECkdSp5DhSehcevugaMw
611,2019,6,425,Medellin,6.241888170023167,-75.5804194988291,OtBBZSBlOwuUIu0gaBGsog,337,1,348,1,434,True,OtBBZSBlOwuUIu0gaBGsog
1042,2018,11,380,Medellin,6.249715460518085,-75.5735387768856,QwrYMNucvmug28b42OAt3Q,267,0,271,6,435,True,QwrYMNucvmug28b42OAt3Q
515,2017,6,195,Medellin,6.240255875335297,-75.57042072844003,oRgQQf2UpU5VI2Ee90V7aA,340,0,349,2,436,True,oRgQQf2UpU5VI2Ee90V7aA
628,2019,6,390,Medellin,6.241994459976813,-75.56356059635525,GpPeqObBx4qMN6i1iiPNYQ,135,1,350,3,437,True,GpPeqObBx4qMN6i1iiPNYQ
822,2013,10,269,Medellin,6.245940786526586,-75.58144849876398,8Vtv25XLy87XdxJ0XeEM0Q,19,0,19,9,47,False,IJVe9zp88DJ3BzL7iKB2zQ
772,2014,12,278,Medellin,6.244898387342976,-75.57863476294204,iNi6ZSbJqnsuRazytIxJmQ,225,0,227,11,439,True,iNi6ZSbJqnsuRazytIxJmQ
1065,2013,11,535,Medellin,6.250779299970388,-75.60350127000936,3i2qyJJ8bAXoZBcJj_on0g,107,0,107,15,3881,False,WgppQ6H_BgO9kk4Oji70GA
70,2013,8,434,Medellin,6.231944392779882,-75.59145657971229,RfpzrRdOQs8Icvv4MHqD2w,179,1,351,9,3058,False,PtD2blanRCvDAH2e_yQUYw
803,2015,9,520,Medellin,6.245956126534585,-75.59992059622788,Sf2YIL2XkO72MZRdS3kZlQ,341,0,352,2,442,True,Sf2YIL2XkO72MZRdS3kZlQ
463,2013,7,440,Medellin,6.239011590536638,-75.56952505664876,SR25Yb9EMOo51ruAPH7UgA,123,0,123,10,4579,False,WfR4sEgsguZ-wwLuSiu_RQ
1163,2016,3,551,Medellin,6.251883931611465,-75.55832451138296,o9mUdZEP0h4FjmNicLkO_Q,333,0,340,6,444,True,o9mUdZEP0h4FjmNicLkO_Q
34,2013,5,269,Medellin,6.231034967324731,-75.57443208459452,rtIBjvkeSZ52E5HjnJdXow,308,0,313,8,2287,False,8c0vXGokwBvdMR6nHShWpw
910,2017,7,324,Medellin,6.247961255976479,-75.59949770968707,CGlEkLL3dAFue5NV-kbsqw,342,0,353,5,2066,False,iPi7-8-5l80AhPiJLIXYNQ
837,2017,6,207,Medellin,6.245953967631165,-75.56644251678523,DUWR8QxHRZqBuMRBOFZv6g,343,0,354,5,4452,False,BLP7F8bIab_lUBVNsOSwxQ
561,2013,10,236,Medellin,6.241023920748599,-75.57727375491301,Thg2agmMicf5U319fjVgAw,344,0,355,12,3341,False,RjuQnA2ckip1zGFneGoLyw
710,2019,6,332,Medellin,6.243636825027351,-75.58750802095223,SBX9fwyuagkAzl-nBnQtdQ,83,0,83,10,3439,False,lpBNME2l_u4VwnFjNctlyg
623,2014,10,518,Medellin,6.241927125668242,-75.56831092557887,ojKGuGRkHsDmbA4PLcw1OQ,345,0,356,10,5144,False,mSjzw70EMYlWoq9YJdYuCw
135,2019,6,386,Medellin,6.232996735542611,-75.57950363359848,jrMwPG8DpEs-Yfa_MsBBgA,331,1,357,8,451,True,jrMwPG8DpEs-Yfa_MsBBgA
477,2019,6,637,Medellin,6.239970178463795,-75.60825298496452,HAAFV_S5qtzREH3vHukizA,211,1,358,6,3534,False,c-ru7WFSldPKKfWAgLg5pA
970,2013,6,424,Medellin,6.248931195803578,-75.59245639207799,ttdTT_oZ33SpNL-dsxcfaw,217,0,218,8,2873,False,oVnCR-tNtosAUl4QYvfCpA
867,2016,3,176,Medellin,6.247155186851886,-75.58948641660743,naH7FqCAnI9ID8vTDYpomQ,181,0,182,8,3226,False,XCADbMOgAe-TegeLBCeWUw
851,2018,12,417,Medellin,6.24702805856552,-75.6056062407192,4CAkOeq_e-BSYnl1G0uM8g,256,1,359,1,455,True,4CAkOeq_e-BSYnl1G0uM8g
344,2015,9,514,Medellin,6.237010451294847,-75.58262354315424,eeZ0HmiL2cKsqpHsK7Rusw,117,0,117,12,456,True,eeZ0HmiL2cKsqpHsK7Rusw
466,2017,6,518,Medellin,6.23894369250131,-75.56636001351649,a9qxqrDY-9hOzyTTo6YfRg,346,0,360,3,4094,False,LT4vBJIpccAwx7d7iO0KwQ
7,2013,8,385,Medellin,6.23108491329221,-75.6013904355986,J1dVn0IsDYpq7NgP4qHu6A,347,0,361,8,2574,False,Zn9eNqGKP3HBXBIJdM_HoQ
286,2013,12,351,Medellin,6.235945853800552,-75.58742172908744,0Qn6FJ7gTWDcovvJt5Eo1A,348,0,362,7,4274,False,R_QA1x45JOmf5NilXS82Hg
510,2016,3,451,Medellin,6.239884621510982,-75.57548374876554,Wdu-JM2_9ZBjVp61o6Aqww,55,0,55,13,3770,False,dUojXRqaMWPoqYdvhksVaw
674,2019,3,337,Medellin,6.242945567224325,-75.5704525558591,-7QOA2EVuoUChUBPJRx76Q,349,0,363,9,5648,False,5MqURlS_gzYPkWTSA5xu-A
1263,2019,4,234,Medellin,6.253895659206614,-75.56440782026435,CBG0eKb2-pKHW_tciuetKw,350,0,364,3,462,True,CBG0eKb2-pKHW_tciuetKw
1203,2017,6,340,Medellin,6.2529034719183,-75.57125776507978,aEwec4PsofPdDure7IVkaw,101,0,101,7,1203,False,GaIepvSauFT1g32XZm51mQ
977,2013,6,411,Medellin,6.248913253092517,-75.58550064295352,3l4oelDyj6MLGVg5jRyFAA,351,0,365,9,464,True,3l4oelDyj6MLGVg5jRyFAA
600,2013,8,301,Medellin,6.241940826188417,-75.59243419562273,-gXjugtQk_KGWj3XLlA4Rw,228,0,230,10,4645,False,eFY7r9B_m0CurJ6nBEJXeA
880,2014,1,550,Medellin,6.246830164365814,-75.57650480115957,8SfMAqhMVu_4ZXoXbFRsqg,352,0,366,15,4080,False,wVQkglc2cSj3hdhSqC-niw
184,2018,12,331,Medellin,6.233970069053065,-75.58334710147017,EwLgLMuXPsPZgcs1tJTnow,353,0,367,3,467,True,EwLgLMuXPsPZgcs1tJTnow
833,2015,10,327,Medellin,6.245928117094596,-75.57048746936002,62rO9bbCR8aDDtshr_N6rw,63,0,63,4,1156,False,jg4JmnzYeyBuJbxDNUH2oA
927,2013,5,225,Medellin,6.247961040691745,-75.58257812135315,XHSnng7Pu6PNahVDUJumpA,354,0,368,6,1477,False,6naycHFLqnB0DR_6D7TdQg
596,2019,6,488,Medellin,6.241867173210879,-75.59540795529196,2K5Vx_v6LCSFfJZuyUUAyg,355,0,369,4,1695,False,RS3oSU61mpmCG17ZdaNUtA
711,2018,12,372,Medellin,6.243802423255185,-75.58671763339227,3DQECE1P0Rw5PQIpBjQYWg,89,1,370,1,471,True,3DQECE1P0Rw5PQIpBjQYWg
595,2014,1,414,Medellin,6.241990927715282,-75.59638149617865,FY3oeg88AAItMsQayaVRfg,57,1,371,5,5196,False,fj-kgSLbEthkR6fOydvsdA
851,2014,1,623,Medellin,6.247021120123287,-75.60562838486945,Tyi4Dj2sRcBOGTJGZsL6Jg,256,0,259,7,305,False,Mb-An7ruclfppfyXOqY8fg
963,2013,6,400,Medellin,6.24879746210627,-75.59912784492553,HojWKjC3duVot3Wu20g3Nw,356,0,372,2,474,True,HojWKjC3duVot3Wu20g3Nw
1085,2019,3,426,Medellin,6.250975089188539,-75.5833056016353,1zFrV-ko3KGpdw-qy5jt_Q,357,0,373,6,3407,False,_UJPdaRY8E60evuryOZ3eQ
20,2013,8,336,Medellin,6.23151140625107,-75.58846811973144,7UtecnJsOc4hHjbB9sGt4Q,358,0,374,10,5180,False,KfQ6slCt84vvRte8rPdI5g
438,2016,3,126,Medellin,6.23902475729996,-75.59442334542052,ZZu3g1Z6KaXUdZsZZWUVWA,359,0,375,12,5219,False,g3uWiJsJd_VUkxnPB5tTHw
738,2016,3,555,Medellin,6.243917596925732,-75.55935597045419,XZ5ngnzcPp-9d5QlNIBvow,360,0,376,6,1555,False,Ez9YyKEaAlaY_NBG_gsXAw
805,2013,6,579,Medellin,6.246016953150511,-75.59853267407473,bZvQOe501ebPS5iEGeEfXw,361,0,377,4,5793,False,cYPGT9YORyqqdKjNzLUJgQ
1133,2013,10,286,Medellin,6.252026067444665,-75.58868540828652,R37OcW1NiPu47Kb9XQfBbA,17,1,378,2,480,True,R37OcW1NiPu47Kb9XQfBbA
1191,2013,11,295,Medellin,6.252935795991666,-75.5834146585591,w42SGlNjIjhOfKOVoVj3Aw,362,0,379,7,5401,False,Wyqd3FniFny7RuMRKfKA1A
924,2015,9,497,Medellin,6.247990022938546,-75.58539266662174,3A9fKZdTF6kRFaL1z_axyg,363,0,380,5,3470,False,zbhNJjP-HiTeyAGtSdglJQ
607,2019,6,470,Medellin,6.242010480698881,-75.58456907501683,ZTXBURk2Dk2q0US1r_CVnA,364,0,381,7,483,True,ZTXBURk2Dk2q0US1r_CVnA
983,2013,10,161,Medellin,6.248982367599798,-75.57948287540808,Ki-oLrAqI9u63qOe7BXJlw,365,0,382,13,5908,False,oKyszgZ6vEnRzCmd_2By9Q
488,2019,3,245,Medellin,6.239931061198136,-75.59762085369985,maFN8aYSx9pBDIGAtQP_rw,366,0,383,1,485,True,maFN8aYSx9pBDIGAtQP_rw
990,2015,10,567,Medellin,6.248934306560463,-75.57232464620759,_lX9duwX3Wjm2AEnAnOjDQ,196,0,197,6,791,False,qSoiy8IeeRTUcfGVCffJ5w
1051,2018,11,434,Medellin,6.249943636488437,-75.56435973390408,iUFRZ5ies8VdW8ODCvbuFw,191,0,192,15,3147,False,Mb20BGziyq-smEbDgCSXJg
17,2014,1,44,Medellin,6.230957411889562,-75.5914626788623,llEO6pPfLYwi3-87ka80OA,367,0,384,10,4872,False,uOWoxgKQ3G9NDNqk4UsAgA
102,2015,10,187,Medellin,6.232101624818513,-75.55949940922117,AwnuBmWlFiDgHLCAwnQylA,368,0,385,8,1163,False,IPVOP1LRX6cMPZy_nDU2sw
878,2013,5,389,Medellin,6.246944104370685,-75.57849831968122,p9_C9t2nlzV74mTe2g-9SQ,15,0,15,5,509,False,k8ZDnpBqmQr7pxIC_FDiQw
25,2015,9,285,Medellin,6.231035159500387,-75.58278145545651,lSXN_-W_1wIYwKE9QykjWA,369,0,386,7,5290,False,UufqqtZj9aI-f1fYwbs2rw
519,2019,6,458,Medellin,6.239992454786046,-75.56643851460501,URRd6kuU8AgzjXJOowHFPA,370,0,387,3,2813,False,f0Gr0komzQpXBrUcTUXHOw
946,2016,3,461,Medellin,6.248082150123794,-75.5624386003121,qOSOqaanIAk4SywhidnWsA,371,0,388,4,5684,False,EBis_ifg1HabH3OI12DRvQ
568,2017,6,550,Medellin,6.240954729885751,-75.57041698888624,uvME2c69lvHR_dNqruoM-Q,372,0,389,12,494,True,uvME2c69lvHR_dNqruoM-Q
768,2019,6,316,Medellin,6.244825687098341,-75.58254293059049,Ydtp9Q9-KGjqd0uR3iRhXw,240,1,390,1,495,True,Ydtp9Q9-KGjqd0uR3iRhXw
251,2013,10,586,Medellin,6.23468587596981,-75.56945373045679,Mr_alDD67awfXHc4u1yPew,373,0,391,5,5851,False,uCJddd1pGRPc3bsmdFDJUA
148,2013,5,277,Medellin,6.23284381581267,-75.56658686700393,mPi1xT00wrtruZVD_97l4Q,374,0,392,14,5111,False,hh_6AfPE8Dn1XAF17V5CFw
78,2013,7,352,Medellin,6.231949144820637,-75.58342401573114,139jI-RV5DotADvi7ULwVQ,327,0,334,9,4220,False,EqvGszrRoZSUu0-HBFQCaw
599,2012,9,268,Medellin,6.241861885510889,-75.59185959100978,Uwp8JpGPovCLPDWNXfGDmQ,12,0,12,7,2329,False,yzijo4FUDshx80aYXki5eg
702,2015,1,215,Medellin,6.243865267684257,-75.59554752628956,O0-YxuuOXk8XAVDAx5AWKA,375,0,393,5,1384,False,TaSzbwJ3PYeLYKTxdG3iWw
92,2014,3,278,Medellin,6.231940571168628,-75.56989384988199,07Ua6FIVbnmvq4XHyGrD8w,207,1,331,12,4667,False,8Xa0Cvad3AWujc0m9oY4Xw
965,2015,1,372,Medellin,6.248993839792732,-75.59768718537408,9oavmb7dUcJNmP7SxE-Rgg,376,0,394,6,4854,False,UPbxKKaB8nFWhEhP9-LSDw
96,2019,6,440,Medellin,6.231753878680055,-75.56591679674804,ym1qyksfr470Yj-YnWT3aw,377,0,395,14,2443,False,jdpHJPRJ2lyR0zz1KlWmeQ
513,2017,6,244,Medellin,6.240025209897385,-75.57248089249238,DRyjkQUATdws-wLqnzm3iA,378,0,396,8,5105,False,6sAe5SebDQNKskfR5j2Gmg
1189,2013,11,79,Medellin,6.252626422974304,-75.58541859460726,WkSsrlBdV2prl9FnUuPfCQ,379,0,397,9,505,True,WkSsrlBdV2prl9FnUuPfCQ
118,2013,10,491,Medellin,6.232841722983228,-75.59647875207095,xicLon5BmjI3zvU_foctwg,269,0,273,9,1307,False,jwtj_EpXUTJZ7TosyrXiFw
171,2013,9,419,Medellin,6.233953467330625,-75.59632224858431,YRIGdWEAztOjjY6_cLHvBg,218,0,219,7,4131,False,5JwMGbqAr_pVf7MIwi3b9Q
1264,2013,6,382,Medellin,6.254059967522708,-75.56351808049133,kXGQNsvX6vSeCVoUW5tvew,380,0,398,6,3127,False,DsciKuCXVdyC1KOUFWNpTg
878,2013,11,415,Medellin,6.246955006084639,-75.57846403162709,k8ZDnpBqmQr7pxIC_FDiQw,15,0,15,5,509,True,k8ZDnpBqmQr7pxIC_FDiQw
33,2017,8,417,Medellin,6.230966129734862,-75.5753326289339,UDAV9TY31ELSrTpAbSd3Lg,381,0,399,15,1114,False,tYT80Y3JdyPPRNFz3aM8sA
880,2015,10,549,Medellin,6.246844837440551,-75.57646520920159,mUSUKk2nOUvyoTzv1eDp9w,352,0,366,15,4080,False,wVQkglc2cSj3hdhSqC-niw
620,2015,9,382,Medellin,6.241930382535133,-75.57151514019795,e5tR4HUakJ84h_7NjrdpPA,247,0,249,4,1196,False,qNgnnJNm8azok4FMsp9Svw
551,2015,1,153,Medellin,6.241287577838945,-75.58769779620833,lK9Q2Exd-ZuvFYawNz1QaQ,382,0,400,8,513,True,lK9Q2Exd-ZuvFYawNz1QaQ
283,2013,9,171,Medellin,6.236089207596156,-75.59049776858626,7oywbnCZNH1JCTpG8f2MbA,383,0,401,1,514,True,7oywbnCZNH1JCTpG8f2MbA
919,2013,10,588,Medellin,6.247946822345534,-75.5905020028693,8xGrXv0OEs7c59ocTDs6EA,384,0,402,9,1821,False,vBBytrNPwbD10_RMRgo5KQ
1155,2019,4,300,Medellin,6.251958278891257,-75.56743289600307,-2RO6JIiJxlGW6oo6UnN0w,385,0,403,8,5315,False,1kna2jCCY_ICLabjVCqXFg
1015,2013,8,171,Medellin,6.250250457351555,-75.60033632166247,Xg0JZAaqDFAC-zbQ4JVG2g,260,0,264,11,412,False,v1-P2um2LwprU6DHi4N98w
1034,2013,10,509,Medellin,6.250016034551779,-75.58147757171596,lPnvTcxsPOH9QrcwBkHTnQ,273,0,278,8,333,False,LyVa61bsupnT5RyP-LH__A
670,2013,10,439,Medellin,6.242949373265132,-75.57552921977454,LFt_WxcN7coB5vvKgSE4ng,386,0,404,6,4965,False,mYnNx20cof6yeEc4Ku4Bew
79,2017,8,557,Medellin,6.231984620280618,-75.58242898019498,yFePK3Z-0Ii8mumDMEEZaQ,106,0,106,12,1296,False,rHZi8eBHEPhNWD5GHUgwuw
1200,2017,6,470,Medellin,6.252903500471675,-75.57445793308693,pTH4M97PixImvCO_7fr4DA,387,0,405,4,521,True,pTH4M97PixImvCO_7fr4DA
911,2015,9,608,Medellin,6.24814290436518,-75.59856514051138,fic6W4McJZyv1KA83g50wg,26,0,26,4,26,False,BcI37edSt2UUMAOn-JG4Gw
504,2013,7,410,Medellin,6.240132677776793,-75.5814932224022,rPBJMetYw9mehmHJ-1v0SA,116,0,116,11,1610,False,0D1wsW1QIc5AwaRWzjDsKQ
566,2017,7,478,Medellin,6.240848580621812,-75.57230307961508,vZQOLQ2bW-qhrtq55xN3yQ,388,0,406,8,600,False,Um0ch75g4OIBmCpT-dQ0xQ
528,2018,12,302,Medellin,6.240064730055879,-75.55749653836537,uI_wGo8JtSyPfu5OZTX4iQ,161,1,407,1,525,True,uI_wGo8JtSyPfu5OZTX4iQ
661,2015,1,412,Medellin,6.243062246374646,-75.5835129444322,rmk6rNWRrh2FzGStqoJTTQ,389,0,408,6,4610,False,--hwO01ian1wcAOlAfzOKg
1051,2015,1,420,Medellin,6.249882391076678,-75.56439089244283,cAO_MxKJgBSote0qGC0lEA,191,0,192,15,3147,False,Mb20BGziyq-smEbDgCSXJg
537,2019,3,471,Medellin,6.24079306082871,-75.60138268364815,l-EHajMr4k6djja_vgXMDQ,238,0,240,4,276,False,n2abQ12s5UGxIL5cOWy4uQ
683,2014,5,103,Medellin,6.243038837613045,-75.56144327732665,fTrS_Tde1lHjvWbky_9UOQ,138,0,138,11,5524,False,VsJhJh9snGGvNdq5pvpwWQ
800,2013,8,640,Medellin,6.246152642766089,-75.60346431544434,YaWRNIWv1CXroiC9ZKqrVQ,90,1,409,1,530,True,YaWRNIWv1CXroiC9ZKqrVQ
96,2015,1,446,Medellin,6.231724715811415,-75.56589908816366,isWy70xr7Z3DegzTno_4pQ,377,0,395,14,2443,False,jdpHJPRJ2lyR0zz1KlWmeQ
885,2013,6,379,Medellin,6.246886898511122,-75.57130003572347,JAeIwlqv410t_4OM9ZjEFQ,390,0,410,4,3926,False,qaoEveGa_log-3foA41XbQ
210,2019,6,187,Medellin,6.23385376859393,-75.55731005331373,_vSsT7CTTDckGKZvj1RoIA,204,0,205,9,4830,False,v-yfTP7ncEmWr_nE2rP-WQ
1135,2017,6,425,Medellin,6.25198175360886,-75.58658507911632,j7hgzpOOKjBytfzSV9tc5A,391,0,411,10,534,True,j7hgzpOOKjBytfzSV9tc5A
39,2019,6,285,Medellin,6.231249123878055,-75.56950008969133,P2gjyrMDNXvE8yAs-WGAXA,392,0,412,9,535,True,P2gjyrMDNXvE8yAs-WGAXA
1141,2015,10,342,Medellin,6.252115497394662,-75.5803263152376,X6QSQiGQeyX59TMYWtxSKQ,43,0,43,9,3194,False,QsEKYoHLlXGPIA_PRMo_1g
1112,2013,6,539,Medellin,6.250929845777266,-75.55632465051464,AbUveENcFPuDph9XNr0sug,393,0,413,4,3705,False,lDRdjSri64t_B1EFqK2XkQ
556,2015,9,513,Medellin,6.240924976210274,-75.5826486686553,L9T1hxLuTZ06P_LnBbSWzg,394,0,414,2,538,True,L9T1hxLuTZ06P_LnBbSWzg
571,2013,5,695,Medellin,6.241039785570021,-75.56744014504432,wOu7uP4xa0XGsBLkEr0rIg,319,0,324,15,399,False,UJoqrLeHP-SeuDLV566DYw
726,2017,6,630,Medellin,6.24412704751062,-75.57175880883436,EsICL5yH0-PFU_GmgFQBGw,6,0,6,6,2362,False,X2ARoIL0jciK9CmMi3LDmw
79,2013,8,548,Medellin,6.231956688604575,-75.58242705544578,FtHQQ8gawBTziWtcf-pWLQ,106,0,106,12,1296,False,rHZi8eBHEPhNWD5GHUgwuw
44,2017,7,509,Medellin,6.231137180525458,-75.56401122878853,4BQuCFawOAh-COiKwRSzyQ,395,0,415,3,542,True,4BQuCFawOAh-COiKwRSzyQ
607,2016,3,485,Medellin,6.241999246590299,-75.58458092597277,YQx3bPdF3Zl5Bu0FKqfPiw,364,0,381,7,483,False,ZTXBURk2Dk2q0US1r_CVnA
1178,2018,12,436,Medellin,6.252887707366636,-75.59645923622357,glabI81lx1JF3cZzBwfX5A,154,1,416,1,544,True,glabI81lx1JF3cZzBwfX5A
762,2019,7,428,Medellin,6.244997847382099,-75.58849769667395,O_v-xByBRHUb2HVe_pR-VA,396,0,417,8,2925,False,VE_yjurHEriVFdHswafZwQ
863,2017,7,359,Medellin,6.246862558090895,-75.5934455340213,Ud5MDFEtJ5TAOZOS7D3rHQ,397,0,418,7,5051,False,GE-R2fduo5_LB-rQbh5hSQ
873,2013,6,212,Medellin,6.246959121068031,-75.58351600765525,FQE6dESOVqiYh0y6vKbneQ,398,0,419,5,1513,False,n9S0eQTlQ6UsREU2WasmcA
249,2017,6,609,Medellin,6.235065654656644,-75.57160815431443,IjtkntcNZzAilFGeDRVoBQ,399,0,420,6,1293,False,jHsHie7zgF77QHMjDEfWqQ
1096,2018,11,510,Medellin,6.250944736061222,-75.57235550758465,e3Pxa-ezyLaqYhHlMOkZMQ,400,0,421,3,1998,False,AYwZkPdAYLe1P1bqMT5WFg
649,2016,3,520,Medellin,6.242845042151306,-75.59540883788033,1uccjT2c3l9FEH1BI507WA,401,0,422,1,550,True,1uccjT2c3l9FEH1BI507WA
788,2017,9,300,Medellin,6.245142081248521,-75.56263589521687,C8Z2XYeDgElaRQEUY53IJg,402,0,423,4,4459,False,JY5OuZvMMDL_8Sm8HgK0aA
645,2013,7,476,Medellin,6.24296830269373,-75.59947246263496,E7FeuIYna21WB-zhlrkigw,266,0,270,7,4549,False,_PGoJwbAESoPoOBE9piMeg
7,2014,3,369,Medellin,6.231062098076361,-75.60141966305069,5PLKCJyLXQRJTiWk0Pe-6Q,347,0,361,8,2574,False,Zn9eNqGKP3HBXBIJdM_HoQ
11,2014,4,154,Medellin,6.230717747281876,-75.59739587578638,pX4EB064xvq9MMeGg7leJA,403,0,424,9,2633,False,zlXbe3_YauNC6yU6rTz_gg
19,2013,10,427,Medellin,6.231399075794661,-75.58971466581691,6c6-UDYKfr5IdKZXjyM3VQ,404,0,425,9,620,False,Yq9X-5vc6uqiRBlCqD7gPQ
5,2013,5,321,Medellin,6.231075081407539,-75.60344295775428,f4JVgnbji5ItBUIe1R4eyw,275,0,280,6,2000,False,mqqafN7n9JdPEicdx0zWYg
907,2014,7,340,Medellin,6.247991346702523,-75.60244011987893,UsDuqb-DL3OAyhCS5-7mFg,405,0,426,4,5321,False,p82qZY3BZu76sgJ4kCNFKg
10,2013,6,222,Medellin,6.231260701752109,-75.59839800547168,Wl87I4itD-EdM_6Al35vTQ,42,0,42,9,4221,False,YzcpcXS09uKPzZk4qOY_PA
1021,2014,12,516,Medellin,6.24998267861892,-75.59450635473868,NQ9UMWqSpcAKi7lAzmCzTg,132,0,132,12,2393,False,6DiNDGuN_xre5-3qZVYU0w
653,2019,7,280,Medellin,6.242977648821608,-75.59175683683827,G_-empym265zVRXTfFrzaw,77,0,77,6,80,False,QuwkUMxa2ojpHuU9hV16bg
142,2013,6,240,Medellin,6.233178071826138,-75.57281995078405,IcESpIVrgT7utaskhCOz3Q,62,1,427,1,561,True,IcESpIVrgT7utaskhCOz3Q
271,2014,6,359,Medellin,6.235956566914892,-75.60235895405889,7npDYhv0JG3Hfs-vFBjeFw,406,0,428,13,1217,False,NNGA3G5UDKRgpvpxwOWTBA
783,2015,10,370,Medellin,6.245030748251612,-75.5675753908473,MzdBN4bnjrsftp3UxNbUxg,307,0,312,9,851,False,GHonC3dwmjCNsS7-DOCHaw
413,2019,1,228,Medellin,6.238032877852384,-75.56643035679947,BNZxKy2L5Jlb2qfmG3wrYA,407,0,429,3,4231,False,7x7wHCOLNvFPBsWCJctRAQ
729,2015,9,617,Medellin,6.243983494769349,-75.56847087034843,xMp8d2U2jHWm5cFZTLd3eQ,302,0,307,13,565,True,xMp8d2U2jHWm5cFZTLd3eQ
136,2013,5,316,Medellin,6.232781167123355,-75.57855191351273,eZ1gQGe-gF6Wrq9GrK3z3g,408,0,430,9,5721,False,ctkejBcdA0hkyHLV-ldZ4A
1145,2019,3,211,Medellin,6.25192518168227,-75.57657875199787,afWVE-ObPujGgqWRDsf7_w,126,0,126,4,1805,False,P1GG4I0kjxkWgvovJ0gqdQ
401,2015,9,253,Medellin,6.238038579872288,-75.5784618486031,6PHcadHuP1z6qVz8QX8x5A,69,0,69,9,2069,False,78r3a1p1RwUfq3-TNtrWEA
250,2014,4,71,Medellin,6.235015586152577,-75.5703077734167,b6y442O72-FfEe0s6imF5g,306,0,311,9,2659,False,ED_JUTbGxmW0s41ufzayZw
738,2017,6,542,Medellin,6.24389482045083,-75.55936093213997,8oJ3nwelBbi2_FdIe3b5aQ,360,0,376,6,1555,False,Ez9YyKEaAlaY_NBG_gsXAw
497,2016,3,341,Medellin,6.239873832319236,-75.58842598959795,rZ9Zy4gQFJdI6WLytWw0MA,172,0,173,7,3572,False,Oi1IHbpjAUhbE-kNPSAooQ
96,2013,7,451,Medellin,6.231736742455269,-75.56587996922039,FnjgFi6tMmRi4Vru45FFbA,377,0,395,14,2443,False,jdpHJPRJ2lyR0zz1KlWmeQ
1237,2013,6,128,Medellin,6.253777401134323,-75.59157448327714,SqYoX-tD66WG6tlrw7LRig,409,0,431,12,5748,False,Unaaardpp182O5rQXCgdRg
1269,2018,11,293,Medellin,6.254157007486977,-75.55835017204564,9T8zHXTPmdDQjmPibPc2eA,410,0,432,4,2579,False,xGY1iU1-KGJx3fxl_s4E4A
873,2016,3,207,Medellin,6.246964538201356,-75.5835126875683,jkLS9V0eidUitt_UtHS7sg,398,0,419,5,1513,False,n9S0eQTlQ6UsREU2WasmcA
565,2017,6,455,Medellin,6.240973144647883,-75.57354317907573,c3Lec3pGLROXHRgZS-WZuw,411,0,433,3,1891,False,26SXN1Vli3CO1iS6TyWuWw
779,2014,8,545,Medellin,6.245047292899907,-75.57145819454647,porGE2qLzvhDdoh9g03d8w,412,0,434,10,4295,False,wzXk8Tcx9hTbSz-sokYCrA
440,2014,12,155,Medellin,6.239119288581704,-75.59241652672137,YyUMAMuBeupzqVv5CTY6mw,97,0,97,12,2819,False,BA9OOUhjNGiAesXJvOFEvA
1035,2016,4,294,Medellin,6.250406226118467,-75.58050893381062,SKHyIVNUGO75ATZYniiacA,413,0,435,11,1158,False,S93MMwqhbadPTKBSOyjvyQ
775,2015,1,78,Medellin,6.244975180882175,-75.57545673318053,shidJmmNODq2PLctLPBarw,414,0,436,10,3323,False,4i6vR2xj3YGq6lenfCDLeg
1195,2016,3,401,Medellin,6.253081875840291,-75.57942809980196,ulaOeG6tV4dDXXPHavUkDw,415,0,437,1,581,True,ulaOeG6tV4dDXXPHavUkDw
179,2013,5,494,Medellin,6.233771609792506,-75.58944235684254,_7rwJIgdVgZ_MtHThL8MYQ,416,0,438,2,582,True,_7rwJIgdVgZ_MtHThL8MYQ
652,2016,3,254,Medellin,6.243020955879172,-75.5925313500934,kAQGolpC2UxOYRL60CTWRg,417,0,439,9,3278,False,SU_3XtzLkeTC3XVpbk5w5w
841,2019,6,258,Medellin,6.246051944299619,-75.56247607931475,tRhLyTuM_NmN41yCaO3CDg,418,0,440,2,584,True,tRhLyTuM_NmN41yCaO3CDg
501,2014,2,367,Medellin,6.239994672331269,-75.58440691506335,oju6nDbbcSDD-SVWNdLOag,261,0,265,9,312,False,kLaa1EQ2G8YMudoEl1xhVQ
700,2019,3,473,Medellin,6.243960203321596,-75.59750893026329,ua3mdjYQc84wdnodlKxFaw,419,0,441,4,5187,False,yJCrGUsygaZcfRKtCQUsLA
79,2017,6,552,Medellin,6.231958479258898,-75.58242030046635,clxatMjle5ZM7ICRf-ioIg,106,0,106,12,1296,False,rHZi8eBHEPhNWD5GHUgwuw
424,2018,12,512,Medellin,6.238998716392143,-75.60845230074112,WpWF9FWnla9nJdu7lyVgbg,420,0,442,10,5998,False,mCoEYACvuwSyWp-7fDfpuA
990,2013,6,568,Medellin,6.248941824125349,-75.57231727798073,xrY_i5Y4RmkqXq5K34FmMg,196,0,197,6,791,False,qSoiy8IeeRTUcfGVCffJ5w
91,2013,6,57,Medellin,6.231928956289867,-75.57001170620771,siYCvMMjYUDufEvWNAxAZw,207,0,208,12,4976,False,y2HrIikM-v2xdTeiiWd5Rg
1235,2016,3,406,Medellin,6.25416756982079,-75.59235932896956,uF_CSZVV0BdVwmOd6irSxQ,111,0,111,9,2463,False,Lmi4l4EWJA7URGmbKQCAyQ
443,2019,7,113,Medellin,6.239183457166671,-75.58944920506342,wNZZfqfUrLS9DJJgUSDSSQ,421,0,443,8,2530,False,c5YjRmWgO-MkgSldCbNe2Q
245,2013,10,337,Medellin,6.234942514249472,-75.57547176404188,tzIVnTswMeIC41EYqyI-uQ,422,0,444,14,1521,False,S3bFKY4w908uyzvbJEZSIw
132,2013,8,711,Medellin,6.232931798381313,-75.58275793608759,GHzoqEYgrDpOPVZKcoYaGw,141,1,445,5,1890,False,xHqFl7bTF9XJaZ7AOYYb-g
714,2015,10,386,Medellin,6.243973843981119,-75.58332872036385,bFFPBzTnDmZESK6efCf3VQ,423,0,446,8,2504,False,mqAP9pCIiDs7cuJOnv-9-Q
1161,2017,6,689,Medellin,6.251941247581866,-75.56047904242715,7bf9ag6QK5yUuvuDxuYgPw,424,0,447,5,596,True,7bf9ag6QK5yUuvuDxuYgPw
71,2017,6,381,Medellin,6.231691443178908,-75.59048246675044,QwYdHb8DnCdwr9ohczJhuw,425,0,448,8,4765,False,TlURduS1j2415ThkPrFowQ
55,2013,10,520,Medellin,6.231855263758045,-75.60643227452738,deN1F7c1AcJD3ch-0f3T8A,176,0,177,6,3619,False,SgRksnxm-LdXBQD0ujx2bQ
19,2014,1,435,Medellin,6.231414534842765,-75.58967257784558,5yGtm0hyf4G8_Zy9SuQriQ,404,0,425,9,620,False,Yq9X-5vc6uqiRBlCqD7gPQ
566,2019,6,464,Medellin,6.240857423022964,-75.57229566679831,Um0ch75g4OIBmCpT-dQ0xQ,388,0,406,8,600,True,Um0ch75g4OIBmCpT-dQ0xQ
103,2019,1,173,Medellin,6.232215530356632,-75.55858746741657,JrLGd_IHcgf9em_dYRYmUw,30,0,30,10,1262,False,O_-T9_O6Ei1pABun9_guDA
277,2014,1,268,Medellin,6.235952311806761,-75.59645083731178,goKcADprZlEhxFYkvUV9Xw,426,0,449,6,602,True,goKcADprZlEhxFYkvUV9Xw
1237,2013,8,114,Medellin,6.253792883755678,-75.59154285273807,F3PiLmrkUlNB80QqZGywdg,409,0,431,12,5748,False,Unaaardpp182O5rQXCgdRg
86,2014,1,378,Medellin,6.231934258235008,-75.57515716825401,b5V9rgxeXjtAWQr3LnDimA,11,0,11,14,4420,False,bL45m9e1tyLBzdIXVmnYhg
456,2019,6,249,Medellin,6.238933142616743,-75.57676836177517,EjQBlwY-aTxJYBcAXaOA1w,427,0,450,7,968,False,kmg9oYSiC_d9vbYJiuACRQ
579,2013,5,262,Medellin,6.24087340661778,-75.55928464375845,nPJaVDYlzfnlRL0ZlKmuqw,428,0,451,3,2766,False,aMSHZuodqOGOD-CJQ1X28w
889,2019,8,216,Medellin,6.247393996559303,-75.56732002662893,-iG2d4tSdmAdJ7uDs8Ijow,429,0,452,1,607,True,-iG2d4tSdmAdJ7uDs8Ijow
530,2013,12,596,Medellin,6.240894546844254,-75.6080441407809,OR6U-UiPF9-o4ohQRcIFVw,430,0,453,9,1599,False,wQQ460MXMBZP3Ko5hw4M7A
803,2019,3,344,Medellin,6.245981344524555,-75.59989216738904,65nDJ8U2pf1pBzFKPl9w6g,341,1,454,6,5528,False,xaYC9tQ9J1MwrT7Lh5ly3w
1036,2016,3,414,Medellin,6.249841310736991,-75.57920393976778,IqCKrSm-Rndpgj_B-dkGDQ,99,0,99,11,1524,False,ppD0eak4IGxKGlmVcWyXRQ
806,2017,8,501,Medellin,6.246103581107096,-75.59739575167858,DHDkGFs2ueabJ3-f7kybTg,431,0,455,9,4813,False,tf8dcwFShQMz1np21ZU_XQ
440,2016,3,135,Medellin,6.239097007091174,-75.5924371609255,0mXa8SOyd4JwxyOh3IQhlw,97,0,97,12,2819,False,BA9OOUhjNGiAesXJvOFEvA
437,2015,10,360,Medellin,6.238988038953504,-75.59550494140123,ZHFiIYq2UztHSWMJTj0O6g,296,0,301,11,4056,False,sGeo2Xf7Pvo6w8prBOfxXg
622,2013,7,416,Medellin,6.241865244082353,-75.56944343309969,fe1unOtAlLl2Z6S9sPNpZA,432,0,456,13,614,True,fe1unOtAlLl2Z6S9sPNpZA
1196,2018,12,450,Medellin,6.252975997554599,-75.5785170228148,_d3wUDpvKlWuDm2gJOC8aA,433,0,457,15,1564,False,FQAF46Hu7m3Ad0KzprONFA
922,2019,6,428,Medellin,6.247953528106135,-75.58767913760559,O-3-NqUgl2mw0cV9e1BO1g,79,0,79,11,886,False,QqWk_jcyZstjE_Qw8W-ACA
93,2013,10,114,Medellin,6.23197102342838,-75.56859817136537,kegnuGYjjiJh-nmovxHQxQ,434,0,458,8,2374,False,oMPaKsRpUbV19WMTdgZbfQ
681,2014,7,509,Medellin,6.242913488570067,-75.56356371541379,k0ZVtNIpwVF0XVuWU66q4g,435,0,459,10,3200,False,BkYONKaC4IfL9g4oLbfuEQ
738,2014,2,555,Medellin,6.243887671804595,-75.55936654720551,nh42v1RunJXVcLzYY6rSHQ,360,0,376,6,1555,False,Ez9YyKEaAlaY_NBG_gsXAw
19,2013,5,415,Medellin,6.231387961443178,-75.58966744948737,Yq9X-5vc6uqiRBlCqD7gPQ,404,0,425,9,620,True,Yq9X-5vc6uqiRBlCqD7gPQ
538,2017,7,166,Medellin,6.240838424149909,-75.60050518262767,Kwj6Y6TuaSrZcPCHNdSthQ,436,0,460,3,5992,False,81Vw_KW1IEd1yV-hZNxElQ
1044,2013,5,83,Medellin,6.249933903954676,-75.57147384637946,q4Cv7P2BsbSGFrRNLp9qsQ,437,0,461,7,3238,False,7jTsT7HTU_Gg-Tb3C4yW8g
135,2019,1,360,Medellin,6.233015672752998,-75.5795236491118,Tfn0owhDSryxyoLuvFrNag,331,1,357,8,451,False,jrMwPG8DpEs-Yfa_MsBBgA
17,2019,1,53,Medellin,6.230961570351681,-75.5914689371193,KLJXjRcvOXqbe3uiDkq7ag,367,0,384,10,4872,False,uOWoxgKQ3G9NDNqk4UsAgA
231,2019,6,107,Medellin,6.234908041841202,-75.58971204293907,SqQzoeqkiSIY7HrtF8lk5w,438,0,462,5,4142,False,GMW_M4vKrh4Z65LQURdN_A
178,2019,1,310,Medellin,6.233957757203457,-75.58949684994744,ZPHvBdZHhFsBXjYamNLEnQ,231,0,233,5,1233,False,lhdz53qDUKoq2cXuXY0KHg
387,2013,5,211,Medellin,6.238065634994848,-75.5926171700869,5GCwqhHGxJ5BJHI6v964kA,439,0,463,2,627,True,5GCwqhHGxJ5BJHI6v964kA
194,2017,7,355,Medellin,6.233956012654477,-75.57331939392203,jbuXSv6ucKoRcHx_nG9-HQ,177,0,178,11,628,True,jbuXSv6ucKoRcHx_nG9-HQ
834,2016,3,160,Medellin,6.245935923882579,-75.56924444607829,p3mlVbn2_W-ferZPwYfa7Q,440,0,464,4,4317,False,aq2YPeOafmYIpzHRfyoleQ
192,2016,3,518,Medellin,6.234058208907888,-75.57517802640095,F2t1zkshhkDuTxoWGi-8-w,441,0,465,15,4681,False,IOxRSv8wG4WxWLPQxJHUEA
192,2015,9,516,Medellin,6.234061812410181,-75.57518726821675,2TvwfQ07fBWtxMu-1isHqw,441,0,465,15,4681,False,IOxRSv8wG4WxWLPQxJHUEA
299,2013,6,400,Medellin,6.235996255213821,-75.574457536565,fy-qjk66CCfo_p2OW3gPBw,70,0,70,11,114,False,v_JB2FAjB7P1XaUByPtBvg
213,2015,9,419,Medellin,6.234947719793047,-75.60743061502568,KjzW9VxgZW4rptjQsrmRoA,189,0,190,3,4052,False,WdW6VAre9eUG2Spgl16vFg
1188,2019,3,331,Medellin,6.252890118132182,-75.58643531132209,uAzUtuIjfy9WU6SEcbW3ig,442,0,466,8,6006,False,4_MFIQtKqnFlLSyYjJsHZA
660,2013,5,247,Medellin,6.242972645501455,-75.58456082922268,z2TPsoV-wSW-W_VBUsSyuQ,443,0,467,4,2645,False,EWcQjrrTvtoMMmazEJq9CA
1141,2017,6,352,Medellin,6.252090151100589,-75.58029986175293,VZ-sa_t10w4x8-XKSuQIzA,43,0,43,9,3194,False,QsEKYoHLlXGPIA_PRMo_1g
504,2013,10,424,Medellin,6.240141779769221,-75.58147782545947,gT-FNls4cIb-m4mLw-1uIw,116,0,116,11,1610,False,0D1wsW1QIc5AwaRWzjDsKQ
24,2019,6,254,Medellin,6.23165641179378,-75.58449275653784,O5GFPkMhEsUlkKK8pBjXcw,38,0,38,10,387,False,hqGa5M4g7P45ix2jV0n51g
133,2015,1,435,Medellin,6.233297904183353,-75.58142764212266,PeWJtbjLhvWCxcqEwb-RcQ,444,0,468,12,4944,False,kHClugn_kJo_ghge4t7zUw
949,2019,4,408,Medellin,6.24762855808093,-75.56064534992353,8xSKxPnR_wFgT9j7geqfyg,445,0,469,2,640,True,8xSKxPnR_wFgT9j7geqfyg
218,2013,8,245,Medellin,6.235035828012599,-75.60224946328242,jbwEblefPb23gnsHnAL1sw,35,0,35,13,5934,False,T1HS-nV-3Eq4uMuq8YtPUg
663,2015,1,254,Medellin,6.243060002565597,-75.58122235599951,SJ7NeN-POaSOQmP-qypRXA,48,0,48,5,49,False,mMRS0STlQ_gdx8gxTt6DLA
1027,2015,9,389,Medellin,6.249884353202189,-75.58850803289805,FVd8Z5mci4uqDbkbRlDJzQ,446,0,470,1,643,True,FVd8Z5mci4uqDbkbRlDJzQ
300,2013,10,381,Medellin,6.235923782181819,-75.57336904067016,eOEqZvGrumtllMnEuZKAog,447,0,471,8,644,True,eOEqZvGrumtllMnEuZKAog
303,2014,12,102,Medellin,6.235993925959765,-75.57035686787782,1TmkFaqtw2pnfSYXxYWxKQ,448,0,472,11,3126,False,5ZKxnW357BLszZb55dAITQ
783,2014,8,377,Medellin,6.245073621660556,-75.56759832116562,yu41AAm3gf38N-BqSjiP7g,307,0,312,9,851,False,GHonC3dwmjCNsS7-DOCHaw
200,2019,7,273,Medellin,6.233898710530141,-75.56756925986664,1pUKlrRT9oQpOC3p9AVpyg,301,0,306,14,647,True,1pUKlrRT9oQpOC3p9AVpyg
1093,2013,8,547,Medellin,6.250969231581317,-75.57519655718954,Hdrm9P2pyZnZygdQ94-D0g,449,0,473,11,2303,False,qVgcsBbDsQDHIVPSTNir_A
503,2016,3,562,Medellin,6.240081087169659,-75.58246430342375,D_ZUDGa1n2Sba8GTGfYdzw,450,0,474,12,3653,False,FEkNCVFOMZssAYFiYDzPCg
714,2017,6,364,Medellin,6.243996272302415,-75.5833335335735,OJ09TdnyxDxCPeOxnETACg,423,0,446,8,2504,False,mqAP9pCIiDs7cuJOnv-9-Q
437,2014,11,382,Medellin,6.239012120481251,-75.59546256186243,yLWnBOyQf5-KJ3rLmcEOcw,296,0,301,11,4056,False,sGeo2Xf7Pvo6w8prBOfxXg
132,2014,1,702,Medellin,6.232935829873195,-75.58274841798969,07vCj3TNZU7igmx2Vahq4A,141,1,445,5,1890,False,xHqFl7bTF9XJaZ7AOYYb-g
831,2016,3,481,Medellin,6.245566958986921,-75.5726125398142,AEMNnk5f41V9SxHwn3Dhuw,312,0,317,7,386,False,yTThx_PtpNZLWe1_OMEbmA
650,2013,12,596,Medellin,6.242791961981375,-75.59435158471865,tYRUak-W2Nx7AMDOkMcbLQ,80,0,80,7,205,False,7BkyLk3U6s6f2TGezRTeLw
875,2013,7,339,Medellin,6.247000368361556,-75.58168538445994,5gM5U-adCg9hf8C1LalM5w,451,0,475,8,2237,False,XxirtS5uA4seteSHMfArmQ
619,2019,6,232,Medellin,6.241951275629,-75.57258335396375,M-xaYVV6U1uV4YA-0zHJeA,452,0,476,1,656,True,M-xaYVV6U1uV4YA-0zHJeA
819,2016,3,296,Medellin,6.246192458941384,-75.58463851004309,0Ak-0YQproCr1x-UOpPwDw,171,1,477,4,1446,False,sFo6dz0kdgO_N4jMTm_W7A
1068,2019,3,197,Medellin,6.250931598328545,-75.60044096414015,EnbLlqJErF8rszbeNAekdg,453,0,478,1,658,True,EnbLlqJErF8rszbeNAekdg
148,2019,6,274,Medellin,6.232883105671974,-75.56662566488397,fXjBpzga8KrtgejxKBp5Gg,374,0,392,14,5111,False,hh_6AfPE8Dn1XAF17V5CFw
768,2017,7,340,Medellin,6.244844489258675,-75.58256741776813,5itZr6YSdA-emBj4FLHcQA,240,2,479,2,660,True,5itZr6YSdA-emBj4FLHcQA
129,2014,1,371,Medellin,6.233018422131731,-75.58548941034361,xvEdI1QS0nCzarXxPlvBeQ,454,0,480,5,4511,False,o-x0AnNgVLQlIaSMgV8i5Q
433,2013,11,295,Medellin,6.238912423870521,-75.59949497646468,hj0m-g0SkVL_viPhkoYZag,251,0,254,10,937,False,DzHUVkh57vTuHGj2g8xJQw
117,2019,6,317,Medellin,6.232840751963454,-75.59748190200824,ECY5p-AdupwrER_LfTrzDA,137,0,137,6,5060,False,Tz7jPXMr1BXzT3PQVLjfDg
596,2013,8,477,Medellin,6.241890877035589,-75.5954211887963,lMY_EMPP7vyoL3f3Gpa0ag,355,0,369,4,1695,False,RS3oSU61mpmCG17ZdaNUtA
108,2016,3,353,Medellin,6.233049985934843,-75.60622699563935,t7elLImPEmkNGoDpFMFgJg,455,0,481,5,5099,False,ggDPluRMmssxLYVoi_pDcQ
336,2014,1,58,Medellin,6.236937462858139,-75.59055145559851,5Lbl5NpL1PYYLtkfq9XjvQ,339,0,347,3,2687,False,Ozq8p87Lgx_Y3fuVeeLoow
150,2014,1,82,Medellin,6.232938904670572,-75.5645175835965,2f-dolY_9h5CzWlfMHTgRg,300,1,482,2,667,True,2f-dolY_9h5CzWlfMHTgRg
281,2013,8,210,Medellin,6.235968835566053,-75.59159188361994,og6QqkT9K3FPRyDfNGxrBQ,456,0,483,6,1876,False,_YDiSSegq85uM5QYW1gJ4Q
774,2013,5,325,Medellin,6.244900131171534,-75.57622376662319,EjH3I7AfZJm2aDmOB1YoqQ,457,0,484,7,1572,False,mSDqjvZ_mivriH4AucE0iw
276,2019,6,372,Medellin,6.236130517321489,-75.59747714892976,JFP7SBshYYkChJ6od320aw,458,0,485,4,670,True,JFP7SBshYYkChJ6od320aw
915,2013,5,355,Medellin,6.247724232313475,-75.59444947899006,JtDpUnO6BtyMMuxDq_Q1Ug,91,1,486,1,671,True,JtDpUnO6BtyMMuxDq_Q1Ug
38,2013,5,436,Medellin,6.231041996109818,-75.57063113631185,fjmxRXz3qFrc06nPN-K_1w,459,0,487,1,672,True,fjmxRXz3qFrc06nPN-K_1w
1080,2013,8,478,Medellin,6.250923682592838,-75.5884243676862,iAGO5xphBgm2seZI6Da9ZA,185,0,186,11,5310,False,bsh5kDpYX72-eEufPeicig
406,2019,6,654,Medellin,6.237971495896762,-75.57341400258815,YH8Frg9QfTfAK_W3wRpvrg,460,0,488,9,3369,False,s3_Ij1olCsBbTdUEWjr3JA
1008,2017,7,179,Medellin,6.250130481858412,-75.60735145596807,vtLYywB14SIE-du4FHGGGA,461,0,489,1,675,True,vtLYywB14SIE-du4FHGGGA
1186,2017,7,112,Medellin,6.253184993188982,-75.58841695758967,xtYmByXZMNZ2dDaYDbi5QA,462,0,490,12,1992,False,WDDHS30_x2hPJxzpkTlkAg
971,2015,1,360,Medellin,6.248806356857856,-75.59148758813338,z78vTIrHSvx_d6CAKZEB1Q,22,0,22,6,337,False,b-P5i6Im3XgQSKZOYofKjw
1142,2015,1,607,Medellin,6.25176899742264,-75.57912237998909,GV4rdCC0Q87mjD74sQkfVQ,463,0,491,14,5020,False,dSyBFfaXq3s-PA5GV1GVQw
1135,2013,10,447,Medellin,6.251994246057791,-75.58659157373847,ifsqP3AcjcB_ZOBksC53sg,391,0,411,10,534,False,j7hgzpOOKjBytfzSV9tc5A
799,2019,3,425,Medellin,6.245872430967986,-75.60428176810666,4NqJKCDInRB6cl8vVye1Mw,255,1,492,2,680,True,4NqJKCDInRB6cl8vVye1Mw
439,2017,7,152,Medellin,6.239080570410405,-75.59350626399555,QRhWDvv2C8u1x4qE4yYQQA,133,0,133,15,139,False,6RODKNs7Mffqx12nXyMPdg
1122,2013,11,504,Medellin,6.251955716498185,-75.59933712347767,zbRiMk1aXkdPIpOfHP_hEg,464,0,493,6,1066,False,gGtGInInYD1Iu3e8kwgpRQ
749,2019,3,329,Medellin,6.245000365634996,-75.60146951106401,6VeVgqgw05wRihrl3sZRag,465,0,494,5,683,True,6VeVgqgw05wRihrl3sZRag
974,2013,10,225,Medellin,6.24917800099759,-75.58842416611594,1tRxXdqaFT_h8J5oNi5i1w,254,0,257,11,5037,False,6ktyFJE6iA1zV08BJ6WxXw
1242,2015,9,399,Medellin,6.254032122441034,-75.58540478954161,S_S-3VZlkiUJVLR2aokeGA,466,0,495,3,685,True,S_S-3VZlkiUJVLR2aokeGA
1154,2013,6,232,Medellin,6.252190533165145,-75.56633023925781,CEt2dvkzVYLtZT6j4OUUng,220,0,222,6,3626,False,6dnxYxSIzmj_gPpeJg6ebQ
201,2014,7,426,Medellin,6.233375590466306,-75.56704635881964,H5KVq35-VSSGa-MC25dMFA,235,0,237,11,2340,False,AeLlLnsoIhRWhIp79I-LKg
197,2016,3,334,Medellin,6.234134044312389,-75.5704600347946,kJt3Ve1o75Eods2SXpkmIA,467,0,496,4,4365,False,ekEt-q6BAv0E2l9hcSGBkg
290,2015,1,185,Medellin,6.235941175034737,-75.58334394281836,D9R_8lGC56VSstNI1hkwug,468,0,497,5,689,True,D9R_8lGC56VSstNI1hkwug
74,2014,1,494,Medellin,6.231824813464665,-75.58749512125924,eF_mts6232dT4kfQJ47V5w,469,0,498,9,690,True,eF_mts6232dT4kfQJ47V5w
245,2014,10,323,Medellin,6.234934940585044,-75.57544224037414,41K5ujxo2kKHprvMJ2YWTA,422,0,444,14,1521,False,S3bFKY4w908uyzvbJEZSIw
677,2013,5,255,Medellin,6.243094122858285,-75.56782899091358,PQt-NZpaVBQIeIgFmRSRWw,470,0,499,8,4505,False,Fd6-iOJRtnUQs_vt9VIQ5g
295,2013,5,406,Medellin,6.236361007249646,-75.57756016813839,i3GU2sPhu8vdanPf-bocVw,33,0,33,5,433,False,bNECkdSp5DhSehcevugaMw
1132,2019,3,386,Medellin,6.252124192083853,-75.58949961228768,tRURXFD8Eahx3vDNwZHkcw,471,0,500,1,694,True,tRURXFD8Eahx3vDNwZHkcw
503,2015,10,584,Medellin,6.240080943717338,-75.58246121262493,9fOQrJZ5xy_xK_X_SdtEkQ,450,0,474,12,3653,False,FEkNCVFOMZssAYFiYDzPCg
828,2013,8,186,Medellin,6.24584494479867,-75.57549173944273,cvNB9dsyVwC1Z9BZCuVXpg,180,0,181,9,1171,False,d3Gv__y4WE7OHMcBgNN7RA
625,2017,6,535,Medellin,6.242061346167632,-75.56646592744764,Wm67rokB_-KSqrrwBmPJQw,472,0,501,5,5803,False,htnBnk-bxWSnkODFgHfSvg
700,2013,12,280,Medellin,6.243965648806088,-75.59752663341882,Vq1mUzTZRjYwcFokvA_4sQ,419,1,502,1,698,True,Vq1mUzTZRjYwcFokvA_4sQ
971,2019,4,340,Medellin,6.248792017656831,-75.59146799977566,eelse14Vs-S8vXtVweLK9A,22,0,22,6,337,False,b-P5i6Im3XgQSKZOYofKjw
1085,2017,6,420,Medellin,6.25099754540395,-75.58329958403883,Hc7QI_hCo2zY69lbLvaGlA,357,0,373,6,3407,False,_UJPdaRY8E60evuryOZ3eQ
95,2013,8,244,Medellin,6.232110381922879,-75.56628903294796,W8KlZdaPWKVQv4JY-Lwd5Q,233,0,235,14,5839,False,_P6tQqQcX6nWTfT4Fw0NfQ
919,2018,12,591,Medellin,6.24795228675507,-75.59047836258632,1wgwDLsazVBhUPddQLQHbw,384,0,402,9,1821,False,vBBytrNPwbD10_RMRgo5KQ
403,2014,11,526,Medellin,6.237952323491193,-75.5765436336213,DCG7tdhyiYJuvxw0vVYrjw,473,0,503,13,2283,False,0wns_31olfodW5lI18oknA
352,2019,6,223,Medellin,6.23690185485329,-75.57438824517688,0lfpdZfPEuhVREOrBti8VQ,322,1,504,1,704,True,0lfpdZfPEuhVREOrBti8VQ
1243,2013,10,439,Medellin,6.253971252266297,-75.58433525809556,7euFve8VRZSVyoaIOdMs6A,76,0,76,8,1900,False,kVT0lw3DwCKPWK5mY0t1Mg
249,2017,7,595,Medellin,6.235097805246524,-75.57159265500104,P7p4_UMUIe4_gqcyrDsYNw,399,0,420,6,1293,False,jHsHie7zgF77QHMjDEfWqQ
444,2015,1,340,Medellin,6.238736801929309,-75.58842174941032,N3kag8TRn2J5r7nrYmUvzA,221,0,223,9,820,False,sZ2h_3lC28tn061Z6XNx9g
1094,2017,6,326,Medellin,6.250969111933606,-75.57449582789708,MMJFOoKyrvYzmItAExSadw,474,0,505,7,2947,False,8EQCqsTKelPeMEU-9P8zgg
182,2015,1,205,Medellin,6.234084096996804,-75.58541441693667,f6wu3oPDxmAG85qbOeMnUA,475,0,506,1,709,True,f6wu3oPDxmAG85qbOeMnUA
133,2019,4,435,Medellin,6.233304136588679,-75.58142016962927,UPo1kAO3ALreQ2HYFeyYIA,444,0,468,12,4944,False,kHClugn_kJo_ghge4t7zUw
717,2013,5,276,Medellin,6.243835418261196,-75.5806399911147,GqK3iwKcl6yVWaTTdKcywg,476,0,507,1,711,True,GqK3iwKcl6yVWaTTdKcywg
680,2017,6,242,Medellin,6.243365680846632,-75.56420895035335,TOJ2uPNxLPzb0Kyzb8gCbQ,162,0,163,10,5027,False,9Wf-wyeLSm7fH5wEqI4r5w
1144,2019,3,174,Medellin,6.252079004052133,-75.57765557120588,kHwsctp4MQBNpIz9BA0ysw,477,0,508,7,5581,False,LYN_FzDlWTbnFiXtOttjpw
334,2017,8,629,Medellin,6.236883940846642,-75.59238191800438,Q_8i0c24n_GHsaFQy4_vkg,294,0,299,8,4510,False,MaLwraGD_br9YsutiUaKmw
252,2014,2,30,Medellin,6.235020291445678,-75.56832353866209,OVS1dg8jEBzY0X5dVYFF7g,478,0,509,5,1414,False,sohF7lIBWHhAblegjLamjA
810,2019,6,373,Medellin,6.246268761454361,-75.59341058222495,eM4ppAXVjfh3H6TJwy8n0A,160,0,161,5,716,True,eM4ppAXVjfh3H6TJwy8n0A
703,2014,9,235,Medellin,6.244059410875201,-75.59434900961969,gbSOVuO30Fuyu7fnz1pndQ,479,0,510,8,4488,False,sum4ldqupyh9sTodit7gxQ
355,2017,7,382,Medellin,6.23685418909742,-75.57146421161269,-0wd0HqHbxTSPthO48efLg,480,0,511,10,4070,False,zlvxk0hKwM3-LfJzjXmPTg
335,2014,3,493,Medellin,6.236972185939046,-75.59161983534968,MDIyWp2QofZFFK6pvtHV_Q,481,0,512,6,5393,False,kpjJlfS2cRT_KtJjywKzhQ
65,2014,1,560,Medellin,6.232161045829481,-75.59645630102551,QZcLKPthlJnYNsROn8mJ5g,64,1,513,3,4639,False,i9husc4kCNw0Ly12sMizwg
148,2014,7,264,Medellin,6.232848918146962,-75.56659619163612,IAdWojCajB8U4q4kYLKDWA,374,0,392,14,5111,False,hh_6AfPE8Dn1XAF17V5CFw
801,2014,4,368,Medellin,6.246024809798227,-75.60244772859883,_UGBIq4iDNiXz9Lf8ljaQA,264,0,268,7,1140,False,yqwTd9QDtLinsKeaWsbSOg
1033,2018,11,403,Medellin,6.249987415639193,-75.58233544539975,ljRcdf0LPdlCyVMegXPUkQ,482,0,514,6,4441,False,fb59VllC9bhRCFvaDQdriw
552,2017,7,227,Medellin,6.241190042090176,-75.58634739605486,uytUeEguK447fSgB0SZUew,188,0,189,10,1347,False,OgvwutI4N76F6_VVi61v0A
311,2017,7,256,Medellin,6.236007414110354,-75.56251016063604,hOXspTttTnzglYLExK4s5w,483,0,515,4,4628,False,nRTDRtLqeYBiPIJgzPek2Q
139,2014,4,302,Medellin,6.232908548669576,-75.575031630761,IqTda0hxepa4-iJzWw44Aw,187,0,188,14,2830,False,iCqDiyAXSg7bFacR5rT8kA
18,2014,4,691,Medellin,6.230956677549541,-75.59053956393463,VFPen1sQsxs_aEdcwP2r1g,93,0,93,8,97,False,QyPH9t_sX5EA4Vdexj7B-g
1193,2013,12,391,Medellin,6.252993936757765,-75.58144619537751,wxsarQANcoxOEvs6NZNZdA,484,0,516,9,1948,False,FjrOYHZmqc2YCEcaZm8pwQ
408,2013,10,578,Medellin,6.238067278504444,-75.57163043975832,sFcLJL96rSKTZV-EyUQAag,37,0,37,8,1962,False,LrB-44Rx4E7AmZNPwer-HA
1062,2018,12,581,Medellin,6.250939080442127,-75.6064258889546,jpFWJRRykCl11BN7jbJlRA,485,0,517,3,2047,False,RKbQY7z7w33aEtKgHSKUyg
140,2015,1,419,Medellin,6.232828999185705,-75.57452578366143,P6a92PpPXT8zLYf7PIZUbg,94,0,94,10,5674,False,SZCJD8OC53C_bcI_fWvs_w
33,2013,7,403,Medellin,6.230958271724582,-75.57527327898381,B1Zpv6OKBhuqrYtxd1jE2w,381,0,399,15,1114,False,tYT80Y3JdyPPRNFz3aM8sA
59,2013,5,433,Medellin,6.231987416261852,-75.6025268117042,6mfVEqyj6E_F4dMpeCBmBw,486,0,518,5,987,False,_s9hJgVQ1YEIslX1P_D_rg
271,2014,10,355,Medellin,6.235978945119462,-75.60236413551522,NwffQVdywPvpKFqIxaHyLw,406,0,428,13,1217,False,NNGA3G5UDKRgpvpxwOWTBA
424,2014,4,524,Medellin,6.238973720567908,-75.60845644447816,L0jmOoibKwCCP7ZvglMWmQ,420,0,442,10,5998,False,mCoEYACvuwSyWp-7fDfpuA
500,2017,7,176,Medellin,6.239861961751569,-75.58537136030294,qt5vluPk-2yX-2wlHsenpg,127,0,127,5,4663,False,X8UCYDpgiNEDNRUGCx2gzQ
409,2014,1,205,Medellin,6.23795963432586,-75.57041328241895,-pG-d7lSji5tWcTXqTf1sA,487,0,519,6,2714,False,Nvziye1_9FR3bEhX9V3NbQ
243,2013,10,360,Medellin,6.234891024203439,-75.57734803110054,7uCZRtaFJhvOxk86XDtm3Q,488,0,520,11,4266,False,W-FdZDPzrw4muxeu_sNg9A
1112,2015,10,345,Medellin,6.250921368127795,-75.55630479248397,tzRNbNQ9g64cJZZPn5Og7Q,393,1,521,3,4581,False,HtwAzeSIhcAhrOcS-R3EJQ
1098,2015,10,335,Medellin,6.250714374068871,-75.57057215801058,-VxLkuJ943OCoD-6bYdWkw,286,0,291,6,740,True,-VxLkuJ943OCoD-6bYdWkw
1143,2017,7,339,Medellin,6.252151274192653,-75.5788304762073,bSkFdRbJy7Qib6gp0c2jng,184,0,185,16,3381,False,Z8JgEgFK7-UeGzY9sHSXKw
1059,2019,4,336,Medellin,6.249952923472931,-75.55643736803691,YEbvIWdqbP4DWlMGIjCbOQ,489,0,522,6,787,False,NAL_myQ7Q7DvNQKI7KgOvQ
24,2013,7,272,Medellin,6.23165178333056,-75.584506901444,vDt5Ys02VEjYBREr93ZDnQ,38,0,38,10,387,False,hqGa5M4g7P45ix2jV0n51g
1142,2017,8,638,Medellin,6.251758466120676,-75.57912856827676,y-I7pCOPf7AEWH8IJ4c8bA,463,0,491,14,5020,False,dSyBFfaXq3s-PA5GV1GVQw
829,2013,4,306,Medellin,6.246010362995116,-75.57447299893688,XFbLR21jiI0oC36Do6fucA,314,0,319,7,5626,False,lp2DFYK86IePMLDskrR5CQ
1028,2019,3,435,Medellin,6.249770529265482,-75.58746766246288,TIO8kaIXqe7eNjAsBffBkA,490,0,523,5,3092,False,mVNvJI1iRCqwe1GgGtcFmQ
389,2015,1,220,Medellin,6.238033188028334,-75.59057911050203,IJ1EwMv2nwPK5cRcZ4beRQ,491,0,524,3,5885,False,GSuEDhKWBfbJZJMrNxpHPw
562,2013,7,269,Medellin,6.240463527312961,-75.5766054878513,c7pfE7P5zjJfPpM3MeHZKw,492,0,525,8,5101,False,9wNpStFDNlvGzWYVGf-k8A
712,2015,10,647,Medellin,6.24405921753528,-75.58550666372601,ChnsRgxLABtjmBYzWr6Wxg,493,0,526,8,1698,False,WeyEKtQr2VvIPWNJ5sGaLw
277,2013,5,293,Medellin,6.235910105304906,-75.5964456349908,ZVAs0RWPBKEwsYpOwSSalQ,426,0,449,6,602,False,goKcADprZlEhxFYkvUV9Xw
354,2016,3,137,Medellin,6.237243312498023,-75.57239575120255,egT8wOVJ8htXpiCg9FuHaw,494,0,527,12,2640,False,7OSej7xSqYlcvU_UYP-jxg
184,2014,9,342,Medellin,6.233975302083555,-75.5833493929287,lbw4vT-ef_lko6wnt-nraQ,353,0,367,3,467,False,EwLgLMuXPsPZgcs1tJTnow
792,2013,5,240,Medellin,6.24487494530625,-75.55847547426731,eb9p5fIO_QURXWzA3axilA,495,0,528,6,1168,False,10vZy02a2qX347OYggoyMA
1142,2013,7,626,Medellin,6.251759835664865,-75.5791343124982,KDzVCWoRT6Ym7FP0fqubjw,463,0,491,14,5020,False,dSyBFfaXq3s-PA5GV1GVQw
1196,2015,9,457,Medellin,6.252995531660773,-75.57850634436292,DYNgXaAUom9I2tMLK2FcUQ,433,0,457,15,1564,False,FQAF46Hu7m3Ad0KzprONFA
253,2016,3,205,Medellin,6.23477382252114,-75.56797301821643,Libce_2jcE3cWR-ozKhv6Q,496,0,529,14,846,False,TbDIxnOfpTm0ZYZf-V7mqw
1208,2019,4,304,Medellin,6.252881492703511,-75.56641362596527,iDxbtoZghkFyukwA5RtRUQ,497,0,530,5,2866,False,TpE-tTJpY4xVAEdgmeLTyg
471,2019,1,328,Medellin,6.238937341283115,-75.56136043512046,gqgPx4WlhHLIZADzTgOtdg,498,0,531,2,758,True,gqgPx4WlhHLIZADzTgOtdg
192,2019,6,512,Medellin,6.234043348185883,-75.57517870468291,mXowGw8a64QZRfd_9rnA7A,441,0,465,15,4681,False,IOxRSv8wG4WxWLPQxJHUEA
733,2014,5,364,Medellin,6.243985541881264,-75.56451781891668,5r84I240Y2N5wxOofnJmKA,130,0,130,6,4180,False,UU3ZEBz9ghogZaf-kC-e-g
323,2013,6,384,Medellin,6.236888521544823,-75.60365282350601,3TTQ71vtas93DO6ePhdAbw,128,0,128,4,4934,False,wSdcLKlMjIBYHCmgh4iWag
403,2017,8,516,Medellin,6.237945968860313,-75.57654276805387,ttD42W1jNWL2Ju4YmK6sqw,473,0,503,13,2283,False,0wns_31olfodW5lI18oknA
804,2019,3,700,Medellin,6.245887246468486,-75.59928038831859,2UrHjVxnG6c6euRgUAhIcw,499,0,532,4,918,False,on8C4uLjGwHxuIQwb-pbvQ
1118,2018,12,387,Medellin,6.251848237188617,-75.60347336177517,totmhUn6rv7szy35yStERw,500,0,533,4,764,True,totmhUn6rv7szy35yStERw
68,2013,10,320,Medellin,6.231953756912525,-75.59370332248352,KoGelJaukxkgaJKJ9RIvsg,501,0,534,4,4268,False,1c0vmG4NUVVYbDk0SkANCA
436,2014,9,116,Medellin,6.238929848931983,-75.5964391465495,hury3yHZUYJdgUiNFM-Rwg,502,0,535,12,3230,False,DP32MnpOwwPRGWcxBMc_jQ
357,2013,10,266,Medellin,6.236987259771094,-75.56947695174789,4D4jrRk8Wu2OjPj9ygdCmg,503,0,536,15,4633,False,lHqPaXIdMlo_sny6QGShNg
573,2015,9,349,Medellin,6.240990222279126,-75.56549892532125,a9twKAjt7HoOXzswbH-p0A,504,0,537,4,4752,False,Ya6Li6r41CNiJ4q2QNzNyA
826,2019,6,394,Medellin,6.245851112100373,-75.57721092650986,r3f0XxuirUBbWC5evsKtjA,58,0,58,5,5716,False,Kz7447PCCNvHSGuEDHbG0g
730,2014,3,424,Medellin,6.244058657398981,-75.56748256388275,bxbgWij6gTL7PbbdnLMkqQ,81,0,81,6,4369,False,GCwnPU9q7EO4DCH73rw9_g
926,2013,7,455,Medellin,6.247905270753717,-75.58343683450478,xgjciaJYNtCxF4SsJ6MR7g,222,0,224,7,1755,False,bQeKH1UgGodeMpobSjqdNg
628,2014,5,192,Medellin,6.241988137217232,-75.56355856798014,akSlWeoFFw6lcs2HYcHSyw,135,0,135,3,772,True,akSlWeoFFw6lcs2HYcHSyw
871,2014,2,672,Medellin,6.246984288208469,-75.58555575626404,XXKZXs0qoHlLaXBrjkQt1A,505,0,538,1,773,True,XXKZXs0qoHlLaXBrjkQt1A
611,2015,1,614,Medellin,6.241888102266099,-75.58042460354686,nxv9-uX_IWSWjxDIwB1nHQ,337,0,345,5,774,True,nxv9-uX_IWSWjxDIwB1nHQ
1155,2016,3,283,Medellin,6.251926172848064,-75.56745233198303,mMmgRk9JGzCv-rnEF4RduA,385,0,403,8,5315,False,1kna2jCCY_ICLabjVCqXFg
1071,2018,12,445,Medellin,6.250957194715784,-75.59749152976129,jaO7Gob5G90ZXec0b9ElHQ,506,0,539,3,3938,False,t8vgtsl1FGo0VpUuakGV5w
695,2019,1,329,Medellin,6.243951915270988,-75.60268096121789,jAqie8NRvksTxna5lE5n5g,169,0,170,8,185,False,sbTZziG9jX2ceJQu3EVxbQ
1037,2014,1,300,Medellin,6.249992495494729,-75.57848925813849,Tyq5R3qyiEN-BImQGlWLLA,507,0,540,3,2290,False,WPmQtxfCMiGZzzqY0XLPew
188,2015,9,311,Medellin,6.233055199843063,-75.57979211982854,DjZenHATaq6zmCnhE15bYQ,508,0,541,10,5764,False,0xpKwMxk607Aw6kD3DPbyQ
803,2016,3,517,Medellin,6.245982145977474,-75.59991214257461,QYkFXhS0AowATth1C36QmA,341,0,352,2,442,False,Sf2YIL2XkO72MZRdS3kZlQ
33,2016,3,401,Medellin,6.230977274334581,-75.57527488882651,rGTTfJfIGTJr1QxytVflvg,381,0,399,15,1114,False,tYT80Y3JdyPPRNFz3aM8sA
58,2013,5,452,Medellin,6.232015123649945,-75.60347058857664,oGZwklCndVUJDAznFw7XCw,509,0,542,2,782,True,oGZwklCndVUJDAznFw7XCw
1089,2014,1,601,Medellin,6.250931686064916,-75.57949027588384,XOwUUMIJF0LwT30tpbBRRg,257,0,260,13,306,False,1CLVPkUIiL5Kkfp_3bJjZg
15,2019,6,358,Medellin,6.230984266263971,-75.59363484098894,CoZAxlvlwQVQqkpcZ8u3KQ,232,1,543,1,784,True,CoZAxlvlwQVQqkpcZ8u3KQ
488,2013,6,68,Medellin,6.23993944030249,-75.59764211682855,ykY7ZwwyM3Y4YZFtNSM0qg,366,1,544,5,785,True,ykY7ZwwyM3Y4YZFtNSM0qg
621,2019,6,348,Medellin,6.242138495549556,-75.57074748494755,NrVp0LIScJ4UEq1nx8oMNA,510,0,545,4,4853,False,vIe0XrXGD7sgf9qZMw_Dfg
1059,2014,4,331,Medellin,6.24995952293084,-75.55643692756328,NAL_myQ7Q7DvNQKI7KgOvQ,489,0,522,6,787,True,NAL_myQ7Q7DvNQKI7KgOvQ
733,2018,11,368,Medellin,6.24396786229839,-75.56448769944437,B2bnQ637D6lK6oC_tIGWfw,130,0,130,6,4180,False,UU3ZEBz9ghogZaf-kC-e-g
336,2015,1,228,Medellin,6.236956829963598,-75.59054352655308,FjuyTdLoPmmhLo4wZzamPw,339,1,546,2,789,True,FjuyTdLoPmmhLo4wZzamPw
334,2013,8,626,Medellin,6.236854165340922,-75.59236848337244,JkNnSjalMSr_OtrHwRjGlA,294,0,299,8,4510,False,MaLwraGD_br9YsutiUaKmw
990,2016,3,567,Medellin,6.248952912881411,-75.57232604860332,qSoiy8IeeRTUcfGVCffJ5w,196,0,197,6,791,True,qSoiy8IeeRTUcfGVCffJ5w
188,2017,7,322,Medellin,6.233048008947879,-75.57979698156527,IpGzGeYS257KFKaLaZhV8w,508,0,541,10,5764,False,0xpKwMxk607Aw6kD3DPbyQ
434,2014,2,283,Medellin,6.238978031407439,-75.59847969541798,VGgh2GEyZBPRQNjIu7U38Q,274,0,279,9,3413,False,ahHRDcFtiLtBh0J7Pj2Vpg
794,2013,10,385,Medellin,6.245114635993647,-75.55635143002667,3rhdk4bBJcqgkcUZgYHd4A,24,1,547,5,1927,False,PmPemnhRiUAu5Vh0W2Dwtw
682,2014,1,429,Medellin,6.24284985400057,-75.5621367247673,S8CaKgHTdIccFzV6shTtUQ,511,0,548,7,5261,False,pTaJVQ673BJ6WU6do_GYJQ
629,2018,11,242,Medellin,6.242046645848253,-75.56252534807979,zYIxbrfGKOLLOZtNTtzIMg,512,0,549,9,2353,False,3SK_PORFFAD4uzp72khhqw
70,2017,7,263,Medellin,6.231972047614438,-75.59148332877226,WQW13IuFwOPkGRADAgqEUQ,179,0,180,6,823,False,_2YSIid0gvyk9HsUAQRUOQ
1166,2017,7,429,Medellin,6.252997226571877,-75.60842670104105,fHn_bZ5Ytf0m3LE9nRCtWA,237,0,239,9,1760,False,YP5UoMWScXTMEh55OI0_jw
920,2013,7,435,Medellin,6.247884930562304,-75.58941858684838,pttVBDYfkOu6gwNnPcWEEA,146,0,146,9,4417,False,CvM1HUf9Yf_hw-Knu-7Mag
357,2014,4,265,Medellin,6.236955799506649,-75.56947366061902,5ycfK0gqeVmnAFHPH1IXdw,503,0,536,15,4633,False,lHqPaXIdMlo_sny6QGShNg
7,2017,8,387,Medellin,6.231063726586669,-75.60145032834899,tusvXDKocHt8YfQe17CjDw,347,0,361,8,2574,False,Zn9eNqGKP3HBXBIJdM_HoQ
330,2014,1,349,Medellin,6.236990635692429,-75.59655280885023,71kY-Lru6wmJXfZicECS0Q,513,0,550,8,1178,False,nVLn_rXk9K8rlPCU2Q9ZsA
924,2018,12,524,Medellin,6.247978407633911,-75.58541391087965,jjCorGHeZgseJh5mSF2jXQ,363,0,380,5,3470,False,zbhNJjP-HiTeyAGtSdglJQ
653,2013,10,269,Medellin,6.242999102401752,-75.59174954969191,SdGkXAobZtgyT7_evKWTCg,77,0,77,6,80,False,QuwkUMxa2ojpHuU9hV16bg
567,2019,6,163,Medellin,6.240922168244171,-75.57128206397897,KmzNP5uElgZJ6v80PsbeiA,10,0,10,4,805,True,KmzNP5uElgZJ6v80PsbeiA
440,2017,7,145,Medellin,6.239117808474193,-75.59242775242134,gl8kR999xLcI8CdR4o7uTw,97,0,97,12,2819,False,BA9OOUhjNGiAesXJvOFEvA
729,2017,6,599,Medellin,6.243961637155309,-75.56848896882681,37BTUWkwU7HwoVju5rcV5g,302,0,307,13,565,False,xMp8d2U2jHWm5cFZTLd3eQ
119,2013,8,496,Medellin,6.232975204764618,-75.5954214024121,v7tfecP7NzuAB2QX-LOYZQ,514,0,551,5,808,True,v7tfecP7NzuAB2QX-LOYZQ
1122,2019,3,512,Medellin,6.251937721740038,-75.5993047903044,s7XinNE0gTaVWijjRNkPrA,464,0,493,6,1066,False,gGtGInInYD1Iu3e8kwgpRQ
1133,2015,1,304,Medellin,6.251963901286778,-75.58869920726976,90DLVFQzwH5GzO-PgcakZA,17,2,552,1,810,True,90DLVFQzwH5GzO-PgcakZA
961,2016,3,264,Medellin,6.249013728192212,-75.6014889099677,CMZoCns_VLNYQ_p6tzKEBA,515,0,553,4,811,True,CMZoCns_VLNYQ_p6tzKEBA
925,2015,9,434,Medellin,6.248008233191166,-75.58433575849875,EeNN7Hr7KsiCB2h34Qph4g,516,0,554,3,4971,False,H17_TKMgHJxtf9bTp5VlBQ
42,2017,7,361,Medellin,6.230770275711628,-75.56599292363013,i7_aa5mBFQLOtlOrOF6Eow,517,0,555,14,3244,False,dHUqbRWzf-M9bddwhw51Rw
439,2014,4,152,Medellin,6.239055712216556,-75.59347829700702,d9YciRqXnGdk3FlZYdNivA,133,0,133,15,139,False,6RODKNs7Mffqx12nXyMPdg
505,2017,7,343,Medellin,6.240170142981447,-75.58045891833272,vxBIzMlV7A4xI7utoANbvA,518,0,556,2,815,True,vxBIzMlV7A4xI7utoANbvA
571,2014,10,693,Medellin,6.241001925026739,-75.56743607674831,piDhSSggMM8PgdC9sY37rA,319,0,324,15,399,False,UJoqrLeHP-SeuDLV566DYw
890,2018,12,496,Medellin,6.246876261889751,-75.56645172017268,oKeF5AROf5UHvcgG7WgxWA,519,0,557,8,1344,False,nvRUdWeqNPEXb5QOZffbgA
507,2013,10,278,Medellin,6.240023376076669,-75.57843621032937,69YK38PHw96b-3yGKhCGQQ,23,0,23,11,23,False,O9QhOfErjZheGlAlLMZdYQ
1270,2019,4,553,Medellin,6.253752693591568,-75.55763429530869,gocD9wiMk-xi-E_6EB_Iig,520,0,558,6,819,True,gocD9wiMk-xi-E_6EB_Iig
444,2014,10,345,Medellin,6.238738024251162,-75.58845092507097,sZ2h_3lC28tn061Z6XNx9g,221,0,223,9,820,True,sZ2h_3lC28tn061Z6XNx9g
1016,2013,8,371,Medellin,6.249885772629157,-75.59955313035562,ltJgbJOaVv8SSDlHep7NVw,304,0,309,11,3884,False,eTDQEF27sqFUnVpZPCGdnA
710,2013,11,325,Medellin,6.243632995970816,-75.58750789721537,T3zmBdNE7IBu3k3U0_c-Ag,83,0,83,10,3439,False,lpBNME2l_u4VwnFjNctlyg
70,2014,4,277,Medellin,6.231946084957237,-75.59148059352833,_2YSIid0gvyk9HsUAQRUOQ,179,0,180,6,823,True,_2YSIid0gvyk9HsUAQRUOQ
788,2013,5,297,Medellin,6.24510189453157,-75.5626506105247,oM6guYlDOxxItKmv-rtSWQ,402,0,423,4,4459,False,JY5OuZvMMDL_8Sm8HgK0aA
554,2016,3,501,Medellin,6.240906024658207,-75.58446371064247,_5ZXLg5a77m1hL3R8Z5M-Q,521,0,559,5,5628,False,aPvXpfC-WeYA0BSeNBglew
302,2014,8,496,Medellin,6.236072070852979,-75.57160487145924,dRgzw6Yh4pVKevfYYV5PXg,522,0,560,7,1507,False,nddPl9osqiS08HBlAV6EDg
95,2013,5,251,Medellin,6.232108497735346,-75.5662881017875,owI-6dj7p7ZUOxXk3Vsajw,233,0,235,14,5839,False,_P6tQqQcX6nWTfT4Fw0NfQ
146,2013,5,487,Medellin,6.232993509167189,-75.56862570736618,-Fujs4DVUdwCpJyOkKzaYQ,523,0,561,10,4947,False,XZ62Gzk07TeawTFbQcR5xw
521,2019,6,396,Medellin,6.239939774573028,-75.56445611785256,zNYVkrg1j62JJ8qGPaA9lQ,40,1,562,2,829,True,zNYVkrg1j62JJ8qGPaA9lQ
121,2013,10,64,Medellin,6.232957074862674,-75.59368599680381,7Uz-8ARYMBqUsjghaIUyyQ,140,0,140,5,424,False,u2yD9cXlRNo7_pT1WvrUmA
718,2017,6,228,Medellin,6.244022838386697,-75.5794087608674,lRuZAkhBP72qHjh8BM94jQ,524,0,563,1,831,True,lRuZAkhBP72qHjh8BM94jQ
711,2013,5,539,Medellin,6.243800946465263,-75.58670516991542,OtIqG0Xva1Q42rFlJRwbUA,89,0,89,8,3305,False,y9b_n-9xsLzwZpT-CmBcmw
126,2019,4,294,Medellin,6.23240839972838,-75.58841431512887,DFLQrCKdJ9h5LG8yCU4VVQ,525,0,564,5,1533,False,Ezis5P0BFhVSUPLCtEqMwA
20,2014,2,328,Medellin,6.231497965400592,-75.58847011043146,5G_WGYBUKWvqOPbrP0nQFg,358,0,374,10,5180,False,KfQ6slCt84vvRte8rPdI5g
838,2017,6,330,Medellin,6.245974719873298,-75.56554052521628,HXK_qbXuMVcWrH4cnmLPNw,328,0,335,5,4545,False,sis-4PBZbNQhPgyb31SQeQ
433,2013,6,303,Medellin,6.238948195810566,-75.59948917823557,bQCixNzzAxxr7q0XhykaIg,251,0,254,10,937,False,DzHUVkh57vTuHGj2g8xJQw
1180,2019,3,208,Medellin,6.253142785110524,-75.59429740197356,QaQPVWjLQTm_xfTR1AJx3Q,526,0,565,1,837,True,QaQPVWjLQTm_xfTR1AJx3Q
283,2019,6,346,Medellin,6.236118807734262,-75.59048926268893,w0R6ThIUrdhoA9CtrKvbwg,383,1,566,7,3502,False,KUTe7wOKKsrxatZXBms7UA
923,2014,1,95,Medellin,6.248196448420757,-75.58640148792965,1pTXb3aSq3zVwVaDqms0Wg,46,0,46,9,5696,False,8y7J5BsET2JDH490TOsTJw
747,2018,12,278,Medellin,6.2449794110066,-75.60346780324421,mIja3_CojgbHKGBW5ITlNw,527,0,567,3,840,True,mIja3_CojgbHKGBW5ITlNw
1173,2014,4,527,Medellin,6.252685875881821,-75.60124838832292,OeUSVtfvsZeIxXUuLFdR9w,53,0,53,14,1547,False,JUqeTCNe-lIt5iMydUxKkA
1246,2019,3,450,Medellin,6.253837747312654,-75.58114217456496,tD2FnfdsFXmAMxALsfZNmA,3,0,3,4,1246,False,Yf9HMRaU_TEnFXyBsY02KQ
1105,2019,4,274,Medellin,6.251075938402006,-75.56355255502439,1Yg7KRPHItLG2eTX0hrQbA,528,0,568,11,1836,False,hqT88xe-v--_Te1ebSwm4Q
1196,2015,10,434,Medellin,6.252998431836203,-75.5784705898489,iQtIvKDpnJ8mxrdG6ycJyg,433,0,457,15,1564,False,FQAF46Hu7m3Ad0KzprONFA
674,2014,10,365,Medellin,6.242964568858842,-75.57045620837474,UYVvvyeTi7p65xy30JHBXA,349,0,363,9,5648,False,5MqURlS_gzYPkWTSA5xu-A
253,2013,5,224,Medellin,6.234778669376091,-75.56799846590337,TbDIxnOfpTm0ZYZf-V7mqw,496,0,529,14,846,True,TbDIxnOfpTm0ZYZf-V7mqw
1203,2013,7,347,Medellin,6.252919893625933,-75.57123194224972,qbgk0P-JZPJLSIq57-J9Lg,101,0,101,7,1203,False,GaIepvSauFT1g32XZm51mQ
691,2013,11,325,Medellin,6.244064260790885,-75.60643304712609,F1QV3XJ2C6m4KCO8WOwD-A,193,0,194,6,3923,False,oCNJun_CyZ6zhD10jyOI9g
572,2013,7,630,Medellin,6.241015077787148,-75.56664912517373,YHhx5ktEardGQu_aNfQ1_g,164,0,165,5,4634,False,Y8hnwyqIC_L3kDdEYjgOGw
1148,2013,6,215,Medellin,6.252067434725545,-75.57360151263295,Grtph6tsqUOLy8RxIRSt5A,529,0,569,4,4656,False,SR-AFFg66Has6E0S75sowQ
783,2017,7,351,Medellin,6.245073295025224,-75.56759243023025,GHonC3dwmjCNsS7-DOCHaw,307,0,312,9,851,True,GHonC3dwmjCNsS7-DOCHaw
717,2019,6,427,Medellin,6.243832474314218,-75.58061759598736,A08GV026LuVISEYeA7dvlw,476,1,570,4,852,True,A08GV026LuVISEYeA7dvlw
126,2013,12,307,Medellin,6.23241308366753,-75.58844028885305,lo3XquW-lHfqX6YOnRnbgg,525,0,564,5,1533,False,Ezis5P0BFhVSUPLCtEqMwA
15,2013,10,169,Medellin,6.230982280586077,-75.59364512939261,MqbuVYh4RnyddXP8CtSciQ,232,0,234,3,269,False,gVlTnXSu8Narf56H3tYnbQ
944,2015,11,361,Medellin,6.248007742461296,-75.56556811889068,U0xLA6yzHupbZje2dbWpSw,530,0,571,9,1723,False,ScL9B14enqLsQvxbzTXPFQ
1134,2015,9,648,Medellin,6.251990050389207,-75.58753180753031,c0LXBQVZwkVZRS9ySNWDfA,531,0,572,4,3710,False,S9vptZSei_eS1Kwvm5FQAg
39,2013,5,292,Medellin,6.231235869688203,-75.56953558722994,KElBfZ6eLzpZVK64TfBt3Q,392,0,412,9,535,False,P2gjyrMDNXvE8yAs-WGAXA
400,2013,8,223,Medellin,6.238022265305519,-75.57914529901765,FoYMePtHJaA_xaHewtcF5w,532,0,573,2,858,True,FoYMePtHJaA_xaHewtcF5w
978,2015,9,362,Medellin,6.249011880124423,-75.58450015782564,ADhkbckgP8eBD1yekOGWzQ,533,0,574,6,5456,False,OQqym3nSIyGMizETRA31ww
658,2016,3,602,Medellin,6.242863312184149,-75.58639546236375,oi7C0E0lddFl-z7bvWLGBg,277,0,282,11,4092,False,shhTk92DoDP-tAvEIA6E4g
211,2015,10,613,Medellin,6.234028064436029,-75.55657948787571,Qhp4L9s0ctrRsKBVR0GjAg,168,0,169,4,1224,False,qY7rV7qK8xzNq0Hrgx_f9g
356,2016,3,385,Medellin,6.237054737787713,-75.57038522329839,BPuW0ZjIjBsGrk7-eUS4xg,534,0,575,12,3454,False,NYgGYqKpDAe5poycklEVWA
276,2013,6,357,Medellin,6.236144961025692,-75.59747175050744,nO0H6dierh4DL0ojCVYarw,458,0,485,4,670,False,JFP7SBshYYkChJ6od320aw
1089,2019,3,610,Medellin,6.250930807423347,-75.57951982017556,wVipB4ohs6D7_qSuEcbUqA,257,0,260,13,306,False,1CLVPkUIiL5Kkfp_3bJjZg
125,2019,1,132,Medellin,6.232992038742112,-75.58930113321372,r_593xcAIyTxRderyUO_CQ,535,0,576,5,3152,False,Z4xJD4YXlOz9i4_axEokqg
979,2013,11,373,Medellin,6.248923961430321,-75.58341768130697,L3GrYc3hfoshcpXxTOqoJQ,536,0,577,6,4753,False,uuKD8g3uHPoYuuhqn0ZGjA
383,2019,6,96,Medellin,6.237878010525631,-75.59645295806675,Ks6TIFtP156HTqJd0IGOfw,1,1,578,2,867,True,Ks6TIFtP156HTqJd0IGOfw
290,2014,9,185,Medellin,6.235946600306427,-75.58334068230758,VcC6p8hUP8TvnQKtTcTmsg,468,0,497,5,689,False,D9R_8lGC56VSstNI1hkwug
1189,2014,1,87,Medellin,6.252659555402054,-75.58536198710352,CUKuPBpRXQKC38OdqlP6Ww,379,0,397,9,505,False,WkSsrlBdV2prl9FnUuPfCQ
499,2019,6,458,Medellin,6.239919508080801,-75.58644038060605,UjMyzjc9cHfuCpuTm8k0Nw,145,0,145,12,195,False,tWAZ7DjZGAdOFE97PvPNUA
392,2015,1,326,Medellin,6.238033654288055,-75.58747684801092,PZ3kTCs-Pd2PZrBZ3SKavQ,292,0,297,8,1191,False,5BIDX5zsermmN027xck0NA
949,2018,12,431,Medellin,6.247610486917595,-75.56060724239632,b9n-Iug-n2wxBqbsnvrrRQ,445,1,579,4,4863,False,tYrn22UVJ9CTGEi3YtYKlA
141,2013,7,302,Medellin,6.233199730936318,-75.5735993406034,liBbxP2gal6GJsrPxVVuVw,276,0,281,11,2599,False,iQYx3brTs_CUaIoDYjE5qQ
1063,2013,8,299,Medellin,6.250956806399195,-75.6054802279393,BJhOxdq8N_HKSk0VbK9ofQ,537,0,580,10,5826,False,oI9fqFFx5ZctOqQB_FT72g
894,2019,6,264,Medellin,6.247041099086522,-75.56240133950709,p8m3RK4-dKxiFSG9enZD5Q,538,0,581,6,4540,False,m-sKleQM8uOnRFesJwF8bw
1073,2019,3,288,Medellin,6.250981165177542,-75.59574013041006,GrkEGAnhpjv1AZsKRSVodw,539,0,582,3,4313,False,1YpjbEdSnHG_a4jsSKuZ7Q
817,2015,1,143,Medellin,6.245990745973466,-75.58635029097931,NHB0wLr5oGWtnMTkYJ2JTw,540,0,583,7,5000,False,wq01_JSe1EnBliRvySmbPg
451,2013,5,329,Medellin,6.239501047426097,-75.58147416863858,0KP4uohVrciniI71w7K80g,39,0,39,17,878,True,0KP4uohVrciniI71w7K80g
290,2014,12,541,Medellin,6.235872630485618,-75.58333748536555,bv3BVOeQUcJwl9VQ2O-fgw,468,0,497,5,689,False,D9R_8lGC56VSstNI1hkwug
1018,2013,8,151,Medellin,6.250076577372643,-75.59647250623541,m3y-JkR74PpZYhYVn2XInA,259,0,263,8,3193,False,j8JPyyvcADFoC2JfNd9IGg
352,2014,2,404,Medellin,6.236895715578871,-75.57440170755687,NTYP1itfgDv4RQsnTHIDEw,322,0,327,7,5365,False,19JOPtc5FMc0kuEJ1_ZXwQ
1197,2013,11,291,Medellin,6.252969905929135,-75.57743688693613,_WpgBKQYHKMpPrgYDderWA,2,0,2,11,5954,False,it0HTMj-KfACyaiRor9IZA
910,2016,3,520,Medellin,6.24794046058483,-75.59953117224816,S0yClsYUwjCinu3YrbF-BQ,342,1,584,4,4235,False,MoQ52B7VlbpI4ga6QgCoUQ
820,2015,9,550,Medellin,6.245852199868982,-75.58335850681041,7RbjRba0D6-dLRN2Zogm7Q,541,0,585,15,1587,False,2qLzxj9CoT4L8tdSqmTNKg
462,2014,9,622,Medellin,6.239005722921066,-75.57048228643662,yED2SutsOHpkdcUiSBwgjQ,542,0,586,13,1869,False,odRTreOwNDTVzVYU2Fx6lA
922,2015,1,411,Medellin,6.247970093664563,-75.58767125985156,QqWk_jcyZstjE_Qw8W-ACA,79,0,79,11,886,True,QqWk_jcyZstjE_Qw8W-ACA
92,2016,3,277,Medellin,6.231938986092033,-75.56987352460979,zyS42yemb_w4RzsPrsC9Dw,207,1,331,12,4667,False,8Xa0Cvad3AWujc0m9oY4Xw
705,2015,1,85,Medellin,6.243810335984024,-75.59261386135499,KSzgd3K3c0uly2qN87dVHg,543,0,587,3,888,True,KSzgd3K3c0uly2qN87dVHg
298,2018,12,507,Medellin,6.235983109441336,-75.57545609984041,TFhSAa4lrUZT0wiKQLcswQ,315,0,320,11,2224,False,uZ_1-hjnyERXj-2h3vDhGw
392,2014,9,326,Medellin,6.238001092862252,-75.58746924678594,OPydE8BVLMoOjiBm_46_TA,292,0,297,8,1191,False,5BIDX5zsermmN027xck0NA
23,2013,8,257,Medellin,6.231627099313505,-75.58542718091002,sloBhj7zpsvh_DxKBSc2NA,330,0,337,11,3083,False,bEYNNZOkLBRsEvouaPf-kw
1089,2018,11,604,Medellin,6.250937441214392,-75.57951622690231,70l4bIa8Jo8od8ZClS7tPQ,257,0,260,13,306,False,1CLVPkUIiL5Kkfp_3bJjZg
715,2013,5,584,Medellin,6.24404723581006,-75.58241554382913,fVeoICQSAdHRafeyWOxH1Q,544,0,588,4,893,True,fVeoICQSAdHRafeyWOxH1Q
507,2019,3,310,Medellin,6.239991414335301,-75.57844388327747,jNAAxeX2Ug5JRsKeapXb1w,23,0,23,11,23,False,O9QhOfErjZheGlAlLMZdYQ
108,2013,8,355,Medellin,6.233008300015331,-75.60622521663191,6whentFKa_-JYLosk_0foA,455,0,481,5,5099,False,ggDPluRMmssxLYVoi_pDcQ
1250,2019,7,563,Medellin,6.25403813519772,-75.5777181661181,4b4YEm-IJSE7-fm5ayQhog,545,0,589,14,1040,False,-iMvOeIAoosR2E1Ru8OXkQ
1104,2017,6,122,Medellin,6.250974147271109,-75.56442981245692,lcEDKDfZhW-42BxGxfRqsA,287,0,292,8,5098,False,gHx-aXrPsrHMerDne-dDAg
457,2015,10,186,Medellin,6.238981354103844,-75.57538329836608,ChBuHsQE7fVcIMiK0Rqidg,546,0,590,8,5929,False,MH2oOFq475TsiRNGzoHi4g
667,2014,9,444,Medellin,6.242788161786962,-75.57788902836245,hmGGH6oKh_Z8N4UWGM8opA,547,0,591,14,3124,False,-e1LVq5jQBldqjZNXmoXrw
182,2019,6,224,Medellin,6.234076315456201,-75.58542836250939,tD3I6przGevnDStM5YOwCQ,475,1,592,2,900,True,tD3I6przGevnDStM5YOwCQ
486,2019,3,487,Medellin,6.240115494208166,-75.59950489292231,GsEfbfqVkvYYaXeVvv4YKQ,288,0,293,3,352,False,YXfO4Gigx5LUIPboHb6eMw
248,2018,12,393,Medellin,6.235144898750837,-75.57244634220527,12gpmdG-51pTGPA-8F0fQQ,332,0,339,13,5031,False,HhP3a0w78KKBzm0LMsWKVA
732,2014,7,285,Medellin,6.244156401340522,-75.5653822001176,6x_OzEXEnm_xUGx-fM0XHg,548,0,593,10,2364,False,ELzCb9cMyeOJuCMhbeQyVw
76,2014,1,516,Medellin,6.231857743085937,-75.5854604489491,95wGcwZKDlQpEWItAphdVQ,325,0,330,9,904,True,95wGcwZKDlQpEWItAphdVQ
111,2016,3,292,Medellin,6.232944936806426,-75.60349965661214,1XiTT1xKANo21WRQOtgSfw,335,0,343,5,905,True,1XiTT1xKANo21WRQOtgSfw
995,2014,10,351,Medellin,6.248949767752165,-75.56766054479444,aRCnKLEXzpNTwUHTl4DrWg,549,0,594,5,2080,False,j6WnKULpERXlGwaKGnszGw
446,2015,1,392,Medellin,6.23876430608398,-75.58648078603204,E1mOhPW1Age9PxdX43Iaxg,86,0,86,5,907,True,E1mOhPW1Age9PxdX43Iaxg
598,2017,7,551,Medellin,6.242115583379594,-75.59334162686531,sHLv71Jv0yt6j7dkT45xZg,98,1,595,4,908,True,sHLv71Jv0yt6j7dkT45xZg
945,2016,3,266,Medellin,6.247896498410139,-75.5645552251982,B908qN1EUYcObSYtD7vbcA,291,0,296,5,3087,False,2wvfCrv-iBapuXMk4rQQ-w
234,2015,1,348,Medellin,6.234892660425612,-75.58643046990082,iOarErxdkIiWD58EA5ixeQ,87,1,252,2,290,False,orTvM9RFZqoNM8NHMUPOnw
1095,2016,3,171,Medellin,6.250736516314443,-75.57351095660627,PxNWQTO1_M8CAu1L8zjz9A,163,0,164,6,177,False,MfRPdrr9UkMN4sTsF7dSMA
338,2013,5,482,Medellin,6.236979276315611,-75.58840921698989,yhTerIWsqbGW8JicmmiZoQ,113,0,113,2,119,False,DQ7lvpkDrUTspYMzg7HHVA
243,2017,6,351,Medellin,6.234920470781341,-75.57733651915201,uGQNLWAS6vm3EUPeVmqCfQ,488,0,520,11,4266,False,W-FdZDPzrw4muxeu_sNg9A
682,2013,8,442,Medellin,6.242798245523409,-75.5621566381003,hsTjXl2SAcAaM8Oq31_LRA,511,0,548,7,5261,False,pTaJVQ673BJ6WU6do_GYJQ
1136,2015,9,127,Medellin,6.251862090157107,-75.58609699349319,F3b1pwbMTVC2kF49HuEqAA,142,0,142,3,915,True,F3b1pwbMTVC2kF49HuEqAA
1192,2015,10,410,Medellin,6.252946202372609,-75.58243955237973,p2omsNtGmiWm6rXE7HHfCw,550,0,596,10,2985,False,xpI0epZRx35hRXfkPvXAbQ
1006,2017,6,518,Medellin,6.249064201980382,-75.55661447841062,E3yDqWB8K0C7bz-XIkC-Gg,551,0,597,3,3284,False,h-esaonp_Ax-E5jfYTEctg
804,2013,6,710,Medellin,6.245884504670403,-75.59927292365998,on8C4uLjGwHxuIQwb-pbvQ,499,0,532,4,918,True,on8C4uLjGwHxuIQwb-pbvQ
642,2016,4,328,Medellin,6.243121757756104,-75.60238564603083,cT6eI65S0dHS5CqZM0vQAQ,272,0,277,8,3458,False,mywGsgWxrDMNjntwVzjy5g
1065,2016,3,543,Medellin,6.250757157469238,-75.60347994626459,7SxHrJEUuS3Oj9PsWefDkQ,107,0,107,15,3881,False,WgppQ6H_BgO9kk4Oji70GA
1219,2014,3,385,Medellin,6.254008134888334,-75.60843617294289,VoqVsdwFGUhJWmolS4P2jw,552,0,598,5,3362,False,afF037gSLCfDvGFBWf2N6w
820,2014,1,554,Medellin,6.245864832849835,-75.58334458187697,AZqXdKP7PDcMKHgbHPoR5Q,541,0,585,15,1587,False,2qLzxj9CoT4L8tdSqmTNKg
1136,2014,2,310,Medellin,6.251872826522273,-75.58608750843301,lkQHsxB6MLkCM0Qsw9MsZg,142,1,342,5,426,False,3oiWt1TtzrVaQWxf98OBNg
80,2013,5,612,Medellin,6.231981225000473,-75.5814306811208,1m0dwXSVZnWWGJtu0BldGQ,553,0,599,12,1487,False,VBy-DdDUL1NTk1i4GABF2w
1054,2013,9,651,Medellin,6.249941768601403,-75.56145985365522,953vztxbgleVPzVbp1R_cA,554,0,600,2,925,True,953vztxbgleVPzVbp1R_cA
907,2019,6,353,Medellin,6.247968071507587,-75.6024376017069,cZ1Y9YFNDD3pRWuiyWVNTw,405,0,426,4,5321,False,p82qZY3BZu76sgJ4kCNFKg
598,2019,4,546,Medellin,6.242100872987084,-75.59332584808581,xIy7scxBQZBDaqodx1WQ7A,98,1,595,4,908,False,sHLv71Jv0yt6j7dkT45xZg
826,2017,6,397,Medellin,6.245855586321961,-75.57720667953485,vz0NPMzZx6FkbyY58z8mrQ,58,0,58,5,5716,False,Kz7447PCCNvHSGuEDHbG0g
253,2017,7,203,Medellin,6.234805006767119,-75.56801009158387,cX2ZlB1alpmBinVd-KD_vQ,496,0,529,14,846,False,TbDIxnOfpTm0ZYZf-V7mqw
690,2013,8,273,Medellin,6.243790362406729,-75.60715592104259,ph-9f04psczr7Me8D0BcnA,555,0,601,5,930,True,ph-9f04psczr7Me8D0BcnA
1016,2015,11,373,Medellin,6.249886736233854,-75.59955647025367,ye75hNAHCFox8e65a0F86w,304,0,309,11,3884,False,eTDQEF27sqFUnVpZPCGdnA
79,2014,1,549,Medellin,6.231985395049747,-75.58242364068852,t1Au6Mcy-hrbkFaGB7Swcg,106,0,106,12,1296,False,rHZi8eBHEPhNWD5GHUgwuw
149,2017,7,336,Medellin,6.233141187276568,-75.56454465935597,eyn1Chruo-eCaQG4bHAlug,84,0,84,3,1864,False,Tc6gswR1GoduKhXAVJhTMA
919,2013,7,610,Medellin,6.247950189892462,-75.59047636810175,ZaOQU0pb5euExLK5UnYHzA,384,0,402,9,1821,False,vBBytrNPwbD10_RMRgo5KQ
141,2013,5,307,Medellin,6.233173608852808,-75.5736255555071,hVNcCAeF5_UDmG6EkFaT_g,276,0,281,11,2599,False,iQYx3brTs_CUaIoDYjE5qQ
392,2013,10,341,Medellin,6.237993828135838,-75.58747238388574,CESJaCmiqfvMocsF-Wi6NQ,292,0,297,8,1191,False,5BIDX5zsermmN027xck0NA
433,2019,6,287,Medellin,6.238937769500662,-75.59948701373524,DzHUVkh57vTuHGj2g8xJQw,251,0,254,10,937,True,DzHUVkh57vTuHGj2g8xJQw
73,2014,3,429,Medellin,6.231798432036765,-75.58842334487068,OLhV18XFPHicanmWLLOz0g,556,0,602,10,4513,False,QBD4sKLNyQZact90HdeRAA
310,2014,1,569,Medellin,6.235842551299364,-75.56338846486322,kvgn6sgFdJVe98ieFYg6Ug,209,0,210,5,329,False,cgO-ZqHDtNID9LSs6iNR_A
465,2019,7,523,Medellin,6.239165874113888,-75.5675445514018,7jZjNPLMKySZ9Zh1fuz_Mw,557,0,603,7,2596,False,QvdLYKDRs7SYfUei78mlKg
1151,2014,1,354,Medellin,6.252121215905217,-75.57085924632578,9vH96TVHeg0i-4PM5imysA,558,0,604,6,4739,False,ehFpsKx9zpxtn-1TsL731w
437,2014,9,369,Medellin,6.238951533133598,-75.59545819016554,WI5r8xtk7WlMqojTDVg6mA,296,0,301,11,4056,False,sGeo2Xf7Pvo6w8prBOfxXg
1044,2019,4,72,Medellin,6.249909374747849,-75.57148170632783,exuWYWNJU82FC1d4yvjTkQ,437,0,461,7,3238,False,7jTsT7HTU_Gg-Tb3C4yW8g
1245,2017,7,370,Medellin,6.253992398610025,-75.58241291957232,xvgjOcLZ6BD3LjTX6VSQcA,157,0,158,4,1739,False,5L-YHx6vTmkUuPqaYD1Bwg
546,2019,6,412,Medellin,6.241059704885034,-75.59239013525433,r2Yw3Hc0ze_OIbl6tnR9cA,559,0,605,4,2492,False,OEtU4_4HIs4mde6x-Wz8KQ
246,2016,3,424,Medellin,6.234999592044482,-75.57442291731236,4xN__Pm4O1M8i6b1gBI6Yw,115,0,115,6,1145,False,vbdo_ZZjkvFWVMbKFuPnxQ
867,2014,3,170,Medellin,6.247145225151363,-75.58949106321188,3po6fofK7mBoNX6EEdWxUA,181,0,182,8,3226,False,XCADbMOgAe-TegeLBCeWUw
381,2013,6,237,Medellin,6.237997300699577,-75.59831884065127,Btq7NZ2gKjqtDrXZbh71Rw,85,0,85,6,948,True,Btq7NZ2gKjqtDrXZbh71Rw
860,2019,4,192,Medellin,6.247007708182153,-75.59645903804936,upwwAz79BnC5bKq7MFe9Hw,560,0,606,2,949,True,upwwAz79BnC5bKq7MFe9Hw
1205,2013,6,358,Medellin,6.252993310674172,-75.56944835695076,X5XUnvR_m76hKcZ7rNGTpg,561,0,607,8,4649,False,0EL-4leauU-fKzDJiQow9w
788,2016,3,277,Medellin,6.245067579910603,-75.5626442058342,r9kdtKmnZC3E0p2w1jfA8A,402,1,608,2,951,True,r9kdtKmnZC3E0p2w1jfA8A
285,2013,6,606,Medellin,6.236182317477206,-75.58843359131919,HDthQXFLp_NftpR5ReuUHA,44,0,44,5,2456,False,Q4aHq9FPSVuh7p90VHaLrQ
714,2017,7,382,Medellin,6.243961908934808,-75.58330524332678,36Ov5eZ7mExqBXuO5Q-J2w,423,0,446,8,2504,False,mqAP9pCIiDs7cuJOnv-9-Q
683,2015,10,124,Medellin,6.243028557617508,-75.56147708169695,lrnp5ciMiRztbnrOYACogw,138,0,138,11,5524,False,VsJhJh9snGGvNdq5pvpwWQ
759,2015,1,496,Medellin,6.244751462736157,-75.59137749142455,sAjj6oPuOhOiS89DTPhiIA,562,0,609,6,1162,False,VNmAEwaQqqydNNYwpLerfA
959,2016,3,372,Medellin,6.248920686382839,-75.60359283616164,ir38UFmNyQFeDQFVnWseng,563,0,610,6,996,False,af52qIEkpTux2GykoNzzQQ
803,2014,1,357,Medellin,6.245990359910334,-75.59988207634416,_EXpQGuKybsYIeVlehu-qw,341,1,454,6,5528,False,xaYC9tQ9J1MwrT7Lh5ly3w
96,2015,10,452,Medellin,6.231742424098437,-75.56587330967251,prj0sfn_KrktADPTKKjV5w,377,0,395,14,2443,False,jdpHJPRJ2lyR0zz1KlWmeQ
1079,2016,3,606,Medellin,6.250947426592568,-75.58940098771784,1NnuXkeqNnpxsz6kcqzKaw,323,0,328,3,959,True,1NnuXkeqNnpxsz6kcqzKaw
1032,2015,9,139,Medellin,6.250010078146364,-75.58349588361615,d3q-4uDrjm6pHfm0dW9eBQ,564,0,611,5,960,True,d3q-4uDrjm6pHfm0dW9eBQ
854,2019,1,506,Medellin,6.246963583806187,-75.6024955570878,mkCSj2m4f3MLjwUY0R2v5A,68,0,68,12,5545,False,42LuKNrdDFPXt0lMmHPJeQ
1023,2014,12,518,Medellin,6.249744915898805,-75.59246880511705,3uIa_zoRWo5MUPyI4wxeVA,565,0,612,11,4770,False,IBJp-qJRA0jyTqOqCmqnhQ
599,2017,7,279,Medellin,6.241867178381344,-75.59182711138517,FirUFa_-NqdoGqECmzDkbw,12,0,12,7,2329,False,yzijo4FUDshx80aYXki5eg
1044,2017,6,55,Medellin,6.249910746861024,-75.57145831520504,H6aDIvjrL3ds9q0lcXUiLw,437,0,461,7,3238,False,7jTsT7HTU_Gg-Tb3C4yW8g
1014,2014,4,314,Medellin,6.249922599595723,-75.601342025792,ZYPg___bmrIa9yy0noKyeg,102,0,102,9,2167,False,mBNYV3TZVEZQ-Am4YTk6kg
917,2014,1,290,Medellin,6.248013990849901,-75.59244904929707,PKbSzuaxSEWM7l6r4hVVsw,105,0,105,7,1816,False,JAQyL6GU6AwM9gk6mZnZKA
874,2013,10,620,Medellin,6.246884051643222,-75.58236345131584,oPuVUtuDiT7gajx6H2u2ug,265,0,269,15,967,True,oPuVUtuDiT7gajx6H2u2ug
456,2014,10,239,Medellin,6.238942657710762,-75.57674951753522,kmg9oYSiC_d9vbYJiuACRQ,427,0,450,7,968,True,kmg9oYSiC_d9vbYJiuACRQ
1065,2014,9,525,Medellin,6.25076839038461,-75.60349567860638,eGHeZwh-oMuIoO1lOFyIGw,107,0,107,15,3881,False,WgppQ6H_BgO9kk4Oji70GA
385,2015,1,331,Medellin,6.237965993286506,-75.5944046747932,Gz29i-Sr7QQXY4mWvvwSFA,566,0,613,7,4773,False,sJ3u-tYU1g6gIK6urVFB0g
1105,2013,6,276,Medellin,6.251080402248041,-75.56355650094234,t-OgzFtNdzGd07DIGGE1BQ,528,0,568,11,1836,False,hqT88xe-v--_Te1ebSwm4Q
1241,2017,6,472,Medellin,6.253995086292939,-75.58651487715707,CLjQ0_4by_wvk2Uh296BcA,279,0,284,12,1678,False,ps4Hne98jwPgXciU6fQUWg
352,2014,4,396,Medellin,6.236888724111749,-75.57439565875343,38268yWMkD0-rAKCCVy7TQ,322,0,327,7,5365,False,19JOPtc5FMc0kuEJ1_ZXwQ
102,2013,7,184,Medellin,6.232108781517974,-75.5594774078829,B9nFKGiamQZ54sTTJJvNXA,368,0,385,8,1163,False,IPVOP1LRX6cMPZy_nDU2sw
993,2015,10,256,Medellin,6.24912717582395,-75.56938561978095,8zO9NvPK2WBn07bMbWUsEA,567,0,614,6,1626,False,vRfZXUdR_k52Rxak5UgzAg
496,2013,6,588,Medellin,6.239995369073789,-75.58934232327076,bYWKH8qJMUn60J5Wu1LJDQ,568,0,615,10,4722,False,Cb1mggJLg_fYLs9xjf1DdQ
765,2013,5,366,Medellin,6.245144272566016,-75.58537175849312,5JB0k20kHlZBiddvI0qk5Q,569,0,616,6,1908,False,Fn95aDAUw7teWNccSmaScQ
1175,2019,4,453,Medellin,6.252729887986317,-75.59909740388451,-jyZ9ak3MfEbLGqjr_hagg,29,1,617,3,4135,False,qoyYvRnvYvlXCZzSPNUiyg
771,2019,7,363,Medellin,6.244910991655204,-75.57959705465483,EvmuqmKFlWe9eNGQNwAtWA,570,0,618,5,979,True,EvmuqmKFlWe9eNGQNwAtWA
280,2014,1,511,Medellin,6.235881730709214,-75.59335903221402,i4pH6E6Mp9FfdGSKM_YKWQ,571,0,619,7,5943,False,C5yYoh54Yyk_xgmH1uUeHw
252,2017,7,56,Medellin,6.235066121467213,-75.56833088154879,CxrSzZHlCbnbZAU6uITgYg,478,0,509,5,1414,False,sohF7lIBWHhAblegjLamjA
1015,2019,6,167,Medellin,6.250219081122324,-75.60031293733239,457XK3WngD1kI-WDHCGcow,260,0,264,11,412,False,v1-P2um2LwprU6DHi4N98w
974,2019,3,227,Medellin,6.249188383722652,-75.58848559874278,q2RiPWoZB8OBKikpNMsGqg,254,0,257,11,5037,False,6ktyFJE6iA1zV08BJ6WxXw
121,2013,8,43,Medellin,6.232947036043704,-75.59369117650509,fXoJ2YrVByr_SXPLOrkYVg,140,0,140,5,424,False,u2yD9cXlRNo7_pT1WvrUmA
828,2015,9,146,Medellin,6.245811827263773,-75.5755312465401,I6Qm9qj0gmYOSSj8kWa5Mw,180,0,181,9,1171,False,d3Gv__y4WE7OHMcBgNN7RA
1193,2013,5,365,Medellin,6.253026984267844,-75.58145847744467,BQ2Qv7GzywTS2irQ0SfwBg,484,0,516,9,1948,False,FjrOYHZmqc2YCEcaZm8pwQ
59,2013,8,430,Medellin,6.231988815424708,-75.60252084664984,_s9hJgVQ1YEIslX1P_D_rg,486,0,518,5,987,True,_s9hJgVQ1YEIslX1P_D_rg
238,2013,7,241,Medellin,6.235021539187126,-75.58267032772152,VuFX5OwR-CLI-hIu9DJWeA,572,0,620,10,988,True,VuFX5OwR-CLI-hIu9DJWeA
488,2016,3,65,Medellin,6.239919726680056,-75.5976420155945,bHmtUVJs_2HBX8d17t5HKg,366,1,544,5,785,False,ykY7ZwwyM3Y4YZFtNSM0qg
675,2019,6,523,Medellin,6.243025086995734,-75.56956810561837,dcy4Oo6NqgIRlo7taQ73sw,573,0,621,7,1238,False,TOWbkVVPRLv-RDOTg1e77Q
96,2014,4,451,Medellin,6.231747889108605,-75.56591829872623,JTZyt0BkmBN2rZ4ucy7UCg,377,0,395,14,2443,False,jdpHJPRJ2lyR0zz1KlWmeQ
92,2013,7,270,Medellin,6.2319157409727,-75.5699239401188,KHYK4f3O3dD_oXtbEmu_Hg,207,1,331,12,4667,False,8Xa0Cvad3AWujc0m9oY4Xw
487,2018,12,72,Medellin,6.239929889328388,-75.59836797995727,6_G33UFuEMAzk5kfcLOUcg,574,0,622,7,4910,False,DjxKIB_hcfylqNhXmcY8OQ
692,2013,11,459,Medellin,6.243944837506517,-75.6054943070461,GYMS0pOnZEjf9Tjb3lV_LQ,575,0,623,4,4637,False,Jh8Naa2OvpCe5GYLUiCfWA
88,2014,7,490,Medellin,6.231909497391027,-75.57331262675682,2iH04AE8ghUrbN5JwoWpOQ,576,0,624,5,3635,False,AqbBMkVCjU12ZrE8Xu3h3g
959,2018,12,375,Medellin,6.248956367091269,-75.60360149667406,af52qIEkpTux2GykoNzzQQ,563,0,610,6,996,True,af52qIEkpTux2GykoNzzQQ
513,2016,3,222,Medellin,6.240010234739175,-75.57248322184172,MYlLpzm66kfJUVSitRtoNQ,378,0,396,8,5105,False,6sAe5SebDQNKskfR5j2Gmg
1083,2013,11,313,Medellin,6.250565670870752,-75.5855602289433,tGjuXJWudqrgvIpZQHLq_Q,577,0,625,7,4334,False,YIaOgeEfouRbthu2X7vVCQ
682,2013,12,438,Medellin,6.242789787597648,-75.56217299520422,-vPbfu7TKakNH-ppEY7Wrw,511,0,548,7,5261,False,pTaJVQ673BJ6WU6do_GYJQ
78,2013,10,362,Medellin,6.231927610940924,-75.58344502294524,vRY47nmAkzHCsApZhSCxgA,327,0,334,9,4220,False,EqvGszrRoZSUu0-HBFQCaw
201,2013,5,418,Medellin,6.233392716443023,-75.56706399023386,XYrMZywvC16zPOYh6IPXsg,235,0,237,11,2340,False,AeLlLnsoIhRWhIp79I-LKg
1069,2013,6,478,Medellin,6.250950274049901,-75.5997512279678,SfIIwnFHmlS5LFN9S4uapg,36,0,36,9,5802,False,TpppRd6DKTgsSeKmhJEZkA
344,2019,1,506,Medellin,6.23700683539465,-75.58264910195756,P_xxLn6GhwuTQJQKqusJfA,117,0,117,12,456,False,eeZ0HmiL2cKsqpHsK7Rusw
60,2016,3,565,Medellin,6.23201199592445,-75.60150597493703,MPiSDDujWCu-g-d_EtXQXA,578,0,626,3,1690,False,mNU-wwNjp5C-YMB3jcJwvA
1080,2019,3,495,Medellin,6.250930601251609,-75.58842170955634,VbRUuMwpW3SSaOPLQ3ofDA,185,0,186,11,5310,False,bsh5kDpYX72-eEufPeicig
934,2015,10,514,Medellin,6.247941663223748,-75.57534134397834,kCthEB9o4kuEi0xpMDC84Q,579,0,627,6,4951,False,OhYV-ZfI6IHYDi5eGQM6sg
42,2014,6,362,Medellin,6.230782761153824,-75.56596451697136,gf0zinTiWwtVjoclGF2ceg,517,0,555,14,3244,False,dHUqbRWzf-M9bddwhw51Rw
34,2016,3,259,Medellin,6.231065460909315,-75.5744532231999,3J5AltlThABSe71R5rzGEA,308,0,313,8,2287,False,8c0vXGokwBvdMR6nHShWpw
1014,2016,3,324,Medellin,6.2499227312463,-75.60136908431429,-qp40YWp8-7YLYyDc2wv_w,102,0,102,9,2167,False,mBNYV3TZVEZQ-Am4YTk6kg
92,2014,6,253,Medellin,6.231918858464466,-75.56988704088721,h77ZfU9NNQa9PFl4CPFRTA,207,1,331,12,4667,False,8Xa0Cvad3AWujc0m9oY4Xw
952,2016,4,459,Medellin,6.247896141201197,-75.55736091335568,Wb80_uZLfTEzvN2c5E_MkA,580,0,628,4,3579,False,vHVo4aIJBgyCU_6PmmQQHA
402,2015,1,382,Medellin,6.237961570290588,-75.57742586963165,xcB40GxUaSZQ45A3cei4bQ,581,0,629,6,4118,False,_DqRqleKDHOVGxOQNW_RjA
1123,2013,6,603,Medellin,6.251900015006874,-75.59808737827248,JK48pTioKFdZVzAbFN2jOg,278,1,630,2,1013,True,JK48pTioKFdZVzAbFN2jOg
180,2014,5,441,Medellin,6.234004284128627,-75.58733211838627,_Xgxy8s23pfcqqdSoWWI1Q,582,0,631,2,1014,True,_Xgxy8s23pfcqqdSoWWI1Q
817,2013,5,114,Medellin,6.245996503237959,-75.58636194940458,KYvYj9gojuJ8DLC5TQ_iBg,540,0,583,7,5000,False,wq01_JSe1EnBliRvySmbPg
559,2015,9,315,Medellin,6.241019350496928,-75.57910633899004,ZKpbYy4Co44I-II9e8Rkuw,583,0,632,6,3869,False,-wz-gfalzDAEkNU7QkOdYQ
546,2015,1,231,Medellin,6.241067305502797,-75.5924024574459,Xvn5O7S75Anuksph2oi_Bw,559,1,633,1,1017,True,Xvn5O7S75Anuksph2oi_Bw
556,2017,7,332,Medellin,6.240909885609664,-75.58266746676897,5XFSglDNVOYyV4zxA_7dUQ,394,1,634,4,1018,True,5XFSglDNVOYyV4zxA_7dUQ
42,2013,5,384,Medellin,6.230791170870425,-75.565962612927,fe2pLdMl0envqwGt6jfb4A,517,0,555,14,3244,False,dHUqbRWzf-M9bddwhw51Rw
1052,2019,6,296,Medellin,6.250003632624316,-75.56343317871794,K7yK_t1lPavM8UA7XGpWGQ,584,0,635,6,4147,False,PKtdXdTgEYhmzxWXolI2Qg
1047,2017,6,392,Medellin,6.250015666416842,-75.56852152263808,yva5sXJ7PCy3SmoPbcvwbQ,585,0,636,6,1021,True,yva5sXJ7PCy3SmoPbcvwbQ
503,2014,6,588,Medellin,6.240082068298359,-75.58248030258211,UMwfyIDcgRQqRTklv4btgw,450,0,474,12,3653,False,FEkNCVFOMZssAYFiYDzPCg
1164,2015,10,185,Medellin,6.251891846503657,-75.55748675091395,qCWZRRw9WXpRABVSk1M5aQ,586,0,637,4,3481,False,MQ3YqTrWGu21VjSp2vzrlQ
225,2019,1,54,Medellin,6.234950495468309,-75.59545022700844,VRTTAgCywHqNYOcNP7PkzQ,587,0,638,1,1024,True,VRTTAgCywHqNYOcNP7PkzQ
1195,2019,3,585,Medellin,6.253106945385111,-75.57945196215528,SDtWsnxZe_DS3loxcyX6bg,415,1,639,1,1025,True,SDtWsnxZe_DS3loxcyX6bg
396,2014,12,72,Medellin,6.237908608268842,-75.58338891360081,egue78QO-mng90RSqRFWnA,206,0,207,8,2749,False,YDuIJdh8GT2MsQdIm-KkGg
140,2017,7,426,Medellin,6.232845700937741,-75.57449918188304,E40QO3GOvsk5dZMfBhg0gw,94,0,94,10,5674,False,SZCJD8OC53C_bcI_fWvs_w
829,2017,6,285,Medellin,6.245999326340837,-75.57446319237633,8RZMByKmwjt6t7p0_WHclA,314,0,319,7,5626,False,lp2DFYK86IePMLDskrR5CQ
162,2013,5,284,Medellin,6.233946196149708,-75.60533787321006,BL9kVt_wJIu9oYPVe7eh1w,282,0,287,6,2294,False,pUZjT5EKHrnl5NoPZXThyw
539,2013,6,606,Medellin,6.24073898588756,-75.5994244038784,debNqCc1rghhAwtvkb0-uA,71,0,71,4,1030,True,debNqCc1rghhAwtvkb0-uA
410,2017,7,446,Medellin,6.237909085240231,-75.56949991418354,liezl2fbSbP-0_pIMRmzXQ,588,0,640,4,4766,False,Aya4prg8IXE14-364t_IMA
965,2019,3,368,Medellin,6.248980024723851,-75.59768799449448,x2e7t7SqrQUDyip8m4TgkQ,376,0,394,6,4854,False,UPbxKKaB8nFWhEhP9-LSDw
647,2019,6,351,Medellin,6.243061766120303,-75.59771641956317,h8p-TiwVf8TbS_Zd3J3lBQ,589,0,641,4,1033,True,h8p-TiwVf8TbS_Zd3J3lBQ
1211,2014,1,673,Medellin,6.252986496363435,-75.56360790715824,kkDFTD9vWr3IRtRI_ZVh0Q,200,0,201,10,3970,False,9x1b127MG-_wqizCxXb8tQ
86,2014,10,384,Medellin,6.231945221506026,-75.57519254875251,HhFHKI2R2noOwOfAG1EbZw,11,0,11,14,4420,False,bL45m9e1tyLBzdIXVmnYhg
1270,2017,7,544,Medellin,6.253738543209877,-75.55761428734975,WJoaiGWFglx1zB3sfZebLg,520,0,558,6,819,False,gocD9wiMk-xi-E_6EB_Iig
13,2013,5,129,Medellin,6.23097851328121,-75.59539275742117,PUuc0ia_RSQL1R5y1QbTdQ,590,0,642,3,1403,False,iMHkUaU1usnaVgBW-RLS5g
365,2015,10,418,Medellin,6.237078035738855,-75.56155796315363,QOLPv6Fzswf8m2_g4ktiMQ,591,0,643,4,1038,True,QOLPv6Fzswf8m2_g4ktiMQ
235,2019,6,267,Medellin,6.234946119467063,-75.58504174521504,zzh7rka3K9ag8LTJOm0GSQ,592,0,644,2,1039,True,zzh7rka3K9ag8LTJOm0GSQ
1250,2015,9,554,Medellin,6.254070940057714,-75.57773088326213,-iMvOeIAoosR2E1Ru8OXkQ,545,0,589,14,1040,True,-iMvOeIAoosR2E1Ru8OXkQ
794,2019,6,212,Medellin,6.245085598426201,-75.5563496835303,gYIdXuJBXuqEn1y3PRHOJg,24,0,24,3,1228,False,b0oZ5HPzPvFDcGm_cdBO2Q
419,2015,10,414,Medellin,6.238064855278342,-75.56065488781147,LjvBVsjYClLQDJi3PzUMcA,593,0,645,4,1087,False,HSr7SRp1kbICVWSz1saKlA
419,2019,1,408,Medellin,6.238085825559535,-75.56062857526771,mIm2nMFQqBIhnmo3DPgnAg,593,0,645,4,1087,False,HSr7SRp1kbICVWSz1saKlA
988,2015,9,265,Medellin,6.248919963079043,-75.57447051836532,o9_MrN0ucrkF4_1hcPiAXQ,158,0,159,7,4156,False,MALV1AuzjU28bLCvlEUoAA
1204,2014,1,413,Medellin,6.253002388733275,-75.57045387058132,WcqG85uK4UpJqjbTqf9v7A,594,0,646,4,1045,True,WcqG85uK4UpJqjbTqf9v7A
913,2015,1,128,Medellin,6.247918895755276,-75.59640242891491,2NNbwCTjtukrcb9HoAN0KQ,595,0,647,2,1046,True,2NNbwCTjtukrcb9HoAN0KQ
553,2015,1,163,Medellin,6.241064363875484,-75.58542408226116,xF2-QY7FwMJLZsgjmbgATw,21,1,648,5,3709,False,It067MRbRwrQg9RDVzyF3A
30,2017,8,257,Medellin,6.230972062329005,-75.57862751725992,HCNMY2CTt4YgcRuQomDmlQ,596,0,649,4,1048,True,HCNMY2CTt4YgcRuQomDmlQ
1016,2013,11,373,Medellin,6.249917628006829,-75.59953452084858,UQFS0ThNl7MzvNWh4kmN1g,304,0,309,11,3884,False,eTDQEF27sqFUnVpZPCGdnA
926,2019,6,449,Medellin,6.247928657438353,-75.58340542706487,XiIILzK5W1_XDeNhEz0TGQ,222,0,224,7,1755,False,bQeKH1UgGodeMpobSjqdNg
118,2016,3,512,Medellin,6.232851037595688,-75.59648039389195,ygYxWPsq5r4hiDas7ULpiA,269,0,273,9,1307,False,jwtj_EpXUTJZ7TosyrXiFw
752,2013,12,102,Medellin,6.245008283382352,-75.59818998923922,6eh4F0X-5T0oXO4kP6zHjw,597,0,650,3,3286,False,JgpMYwUgjfOqkldTXlT_ZA
843,2019,7,476,Medellin,6.245934946384323,-75.56051132538481,BckzFEIlLqdYbvdFajPZHA,223,1,651,4,2454,False,Vd43NMI7GQnRlbkgQTWZzw
1117,2014,9,318,Medellin,6.252139599257539,-75.60445332501307,bgWFp8d5UMcVED2PWTZgpg,598,0,652,2,1054,True,bgWFp8d5UMcVED2PWTZgpg
496,2013,10,573,Medellin,6.239976786560035,-75.58935577239751,MPOIistyc5CGi6SSuSXS7A,568,0,615,10,4722,False,Cb1mggJLg_fYLs9xjf1DdQ
658,2018,12,624,Medellin,6.242877357279483,-75.58638404663915,4eOJCwpoU7LprrUx3d1jew,277,0,282,11,4092,False,shhTk92DoDP-tAvEIA6E4g
143,2019,6,505,Medellin,6.232866557407959,-75.57115354904504,nu8gAXEm5inwEDUtyDZ4hQ,599,0,653,4,1057,True,nu8gAXEm5inwEDUtyDZ4hQ
702,2016,3,384,Medellin,6.243888609455666,-75.5955331934241,lX468iE2VsdpMXghTQxhzg,375,1,654,2,1058,True,lX468iE2VsdpMXghTQxhzg
432,2014,2,623,Medellin,6.238904699256103,-75.60048444124138,nEkm1knabUOOvTPIIFVJ-g,334,0,341,8,423,False,uLUwWUqvhgj3VCyOmQYQZA
226,2013,8,425,Medellin,6.234874964081092,-75.59437623646568,AeUASTuw_ZUMmMT5ecWWlQ,600,0,655,7,1060,True,AeUASTuw_ZUMmMT5ecWWlQ
280,2013,10,495,Medellin,6.235880031439266,-75.5933528054581,MZMbmvghbrK6wjziCtv8zw,571,0,619,7,5943,False,C5yYoh54Yyk_xgmH1uUeHw
96,2014,7,452,Medellin,6.231714450775473,-75.56589135164434,UN_UXZO27dhit_SCu8OAvQ,377,0,395,14,2443,False,jdpHJPRJ2lyR0zz1KlWmeQ
880,2013,5,549,Medellin,6.246845751391043,-75.57646035073968,cbtwsffWoPfkiUzzmC-1ig,352,0,366,15,4080,False,wVQkglc2cSj3hdhSqC-niw
701,2018,12,517,Medellin,6.244001491967024,-75.59648915369303,8u8h_xdxPejVuwJOMXZGuQ,601,0,656,3,2818,False,EvpGHaQVzE3j6nbj6Y6pSA
302,2013,5,524,Medellin,6.236044164428488,-75.57161355316791,58uwApgMfeueD-PfIKf24Q,522,0,560,7,1507,False,nddPl9osqiS08HBlAV6EDg
1122,2015,9,503,Medellin,6.251967601933158,-75.59931213528313,gGtGInInYD1Iu3e8kwgpRQ,464,0,493,6,1066,True,gGtGInInYD1Iu3e8kwgpRQ
1123,2018,12,421,Medellin,6.251955319189636,-75.59808688469197,MN3cbUBobN2TmAIx3UlPtg,278,2,657,1,1067,True,MN3cbUBobN2TmAIx3UlPtg
95,2014,1,228,Medellin,6.232071045674719,-75.56625827258614,j4fykFJcCqJ-Yf9R2D7ktg,233,0,235,14,5839,False,_P6tQqQcX6nWTfT4Fw0NfQ
1038,2018,11,451,Medellin,6.249966786372682,-75.57746968881544,JefC7m_kvmd9_zmR-ayQOA,602,0,658,5,1069,True,JefC7m_kvmd9_zmR-ayQOA
877,2013,7,298,Medellin,6.246955638788536,-75.57945288643866,tIvt0fZi5DGR6m4T0Wy10g,603,0,659,8,1070,True,tIvt0fZi5DGR6m4T0Wy10g
441,2015,10,229,Medellin,6.239069171192932,-75.59141173901337,SaqFPT1P8q8XoBBRXssHiA,208,0,209,8,1071,True,SaqFPT1P8q8XoBBRXssHiA
757,2016,3,303,Medellin,6.244882286573955,-75.5935752687437,M8j6d_SLrO4mPCxoq96VuQ,604,0,660,4,1893,False,vMAv7CNtc0RlYk2_DzheXA
909,2016,3,366,Medellin,6.24806843517321,-75.60044031437823,AdTejfg8iuRmaIRo6aeUEg,605,0,661,1,1073,True,AdTejfg8iuRmaIRo6aeUEg
134,2013,5,262,Medellin,6.233179932451555,-75.58042663895945,mHUcgyJJ6uVjaiJntlKa_A,316,1,662,2,1074,True,mHUcgyJJ6uVjaiJntlKa_A
921,2016,3,457,Medellin,6.247975288333987,-75.5882922458405,HJHTtDwW2zOF23DDhvkHfA,606,0,663,4,4069,False,cqIHiDZv3gWAwmjk-3DEjQ
681,2014,6,493,Medellin,6.242894749841539,-75.56353793271943,YAdT69mq1Fb6YlhlNVdoOg,435,0,459,10,3200,False,BkYONKaC4IfL9g4oLbfuEQ
988,2017,6,280,Medellin,6.248919272737562,-75.57445817345508,67XaAs76jtYWvoaPdvBs1Q,158,0,159,7,4156,False,MALV1AuzjU28bLCvlEUoAA
1106,2019,7,497,Medellin,6.250738737241016,-75.56258316363889,4gH6mkGvwdkiF30Q_aN-qg,607,0,664,5,1078,True,4gH6mkGvwdkiF30Q_aN-qg
1034,2018,11,507,Medellin,6.250012160527717,-75.5814382928915,4bU4yfkpUNoytaW5b51nrQ,273,0,278,8,333,False,LyVa61bsupnT5RyP-LH__A
446,2014,1,399,Medellin,6.23877240102046,-75.58645914348813,mYHvPaMJIuouHN_B_veEdg,86,0,86,5,907,False,E1mOhPW1Age9PxdX43Iaxg
542,2016,3,389,Medellin,6.241032773585127,-75.59644434667703,MVPu3mDcYNcxDSIWfyfq2w,608,0,665,8,1081,True,MVPu3mDcYNcxDSIWfyfq2w
1142,2013,10,620,Medellin,6.251781373731147,-75.57912081795702,ttxi9q5My_g4HDD4Hot9xA,463,0,491,14,5020,False,dSyBFfaXq3s-PA5GV1GVQw
1010,2019,4,226,Medellin,6.249937367774645,-75.6054434171692,0pFm1JY1qRf84HuiIhQFkA,609,0,666,5,1083,True,0pFm1JY1qRf84HuiIhQFkA
901,2013,6,338,Medellin,6.247967240812509,-75.6085356712983,ELWr4wA6d1gpvwRMzR4RzA,610,0,667,1,1084,True,ELWr4wA6d1gpvwRMzR4RzA
291,2013,6,391,Medellin,6.23601681769768,-75.58263658843691,87iOtWaaAz4pcNaccxHvsg,245,0,247,12,4187,False,Kxh_lAjJ-q0jxJMXPa_eIg
102,2019,1,207,Medellin,6.232103213744957,-75.55950377743582,TfpQGK1B14feDtm_b6ZrTw,368,0,385,8,1163,False,IPVOP1LRX6cMPZy_nDU2sw
419,2013,5,426,Medellin,6.238063167154569,-75.56065129396211,HSr7SRp1kbICVWSz1saKlA,593,0,645,4,1087,True,HSr7SRp1kbICVWSz1saKlA
1219,2014,8,384,Medellin,6.254004153344415,-75.60842715154271,mb8O6LN-_biViONdV7wcAg,552,0,598,5,3362,False,afF037gSLCfDvGFBWf2N6w
435,2013,5,581,Medellin,6.23900943884345,-75.59748517063372,HFE-zhThma5LuI0KZxNXVA,611,0,668,9,1089,True,HFE-zhThma5LuI0KZxNXVA
1262,2016,3,232,Medellin,6.254076480840197,-75.56564421753693,aA3OQahLsnW6_uHQXUe2OQ,92,0,92,8,1090,True,aA3OQahLsnW6_uHQXUe2OQ
163,2014,2,251,Medellin,6.234008835965954,-75.60444063436316,NCNKOhFqf_4_13WkK8ZKGQ,612,0,669,7,5096,False,UdzM-aXDJ-t4RGcrcpCPjg
108,2015,9,352,Medellin,6.233023936367283,-75.60621355270082,cbIDh30GXnTJpjwKHmcydQ,455,0,481,5,5099,False,ggDPluRMmssxLYVoi_pDcQ
89,2019,6,544,Medellin,6.232035839997371,-75.57242461649568,GOMeGAj4uqKacfAyeKlMig,25,0,25,6,25,False,cUOrKWLZdwGmF1S_yyYBlA
806,2014,1,500,Medellin,6.246077092258678,-75.59742086312158,5erN-io3RWC7ntC6kzs3CQ,431,0,455,9,4813,False,tf8dcwFShQMz1np21ZU_XQ
1023,2016,3,544,Medellin,6.249742220358908,-75.59250277121664,Wm_wr7ITt8nJNsRED0JaWg,565,0,612,11,4770,False,IBJp-qJRA0jyTqOqCmqnhQ
115,2016,3,300,Medellin,6.233004852414416,-75.59941157341346,d5yDF0SVuMtfVif2KMtQHA,613,0,670,6,4256,False,VuCKf_QBYnVDTX1NiBfdNQ
568,2019,6,535,Medellin,6.240960662381745,-75.57042114798367,ZdKMfZral1sVRIxk0Doy8w,372,0,389,12,494,False,uvME2c69lvHR_dNqruoM-Q
623,2017,6,494,Medellin,6.241939229600561,-75.568307652382,wpHOYYGvTko8HXfOWNiEzg,345,0,356,10,5144,False,mSjzw70EMYlWoq9YJdYuCw
357,2014,10,249,Medellin,6.236975703919796,-75.56950524866615,h6zrZiuA4CuWZzpqJBm4Og,503,0,536,15,4633,False,lHqPaXIdMlo_sny6QGShNg
1161,2013,6,694,Medellin,6.251958757151194,-75.56046233213311,siWIZy9prXeStM76gBApnQ,424,0,447,5,596,False,7bf9ag6QK5yUuvuDxuYgPw
253,2019,6,211,Medellin,6.234800817219146,-75.56801244738597,SqRD-iN7SuB7tAEjTaxgCA,496,0,529,14,846,False,TbDIxnOfpTm0ZYZf-V7mqw
451,2016,4,311,Medellin,6.239507808849012,-75.58149147174824,kamgPevg6OOkchzh1cusAw,39,0,39,17,878,False,0KP4uohVrciniI71w7K80g
1088,2019,3,153,Medellin,6.251321705239933,-75.58033005126303,v95KgTNhfQk9x___WQ66cQ,173,0,174,9,5786,False,eVhiKrlnoMv0R9mEg8v31w
298,2014,4,512,Medellin,6.235924014174719,-75.5754789918603,kYAxMNhjrzLxKdg_2GkyEA,315,0,320,11,2224,False,uZ_1-hjnyERXj-2h3vDhGw
767,2013,7,326,Medellin,6.244945203106759,-75.58346715228093,J5BDPkkOrmN10pVDpDvm2g,614,0,671,10,1249,False,dqxnGqgoJWMbjp1U-qdLDQ
69,2014,1,517,Medellin,6.232287686821518,-75.59242045102242,AHCAynuFdN7aRmKLS1kOmQ,615,0,672,6,3516,False,KfSDEtsIaienJ9v0Da1BkA
726,2013,8,640,Medellin,6.244130163242019,-75.5717802360152,t8bjnMCisYQ4YCFEqUDjPA,6,0,6,6,2362,False,X2ARoIL0jciK9CmMi3LDmw
1135,2019,3,435,Medellin,6.251971876141091,-75.58658886562849,o4R1yJdjhC-ZC53tNdgqrA,391,0,411,10,534,False,j7hgzpOOKjBytfzSV9tc5A
1001,2017,6,119,Medellin,6.249070931145095,-75.5614480072584,2NPSALPQooJY5ALrKAvshw,616,0,673,5,1109,True,2NPSALPQooJY5ALrKAvshw
445,2015,1,78,Medellin,6.239000501787649,-75.58749218922567,iWbzmK9a9Tnh7WDWh9u23g,617,0,674,6,3985,False,z2dC3ul4l0JwMVY0Wbbh2A
894,2017,6,270,Medellin,6.247025949062429,-75.56236876703208,_gBrfzwNE8jHlL0jumJf7g,538,0,581,6,4540,False,m-sKleQM8uOnRFesJwF8bw
72,2017,6,499,Medellin,6.231775762949315,-75.58944200725749,TfagtRce-5k86uGpIpgM1w,88,0,88,10,1413,False,tHWuLYo0l6M2T2hhnCPopQ
941,2016,4,582,Medellin,6.247937680071433,-75.56848035877204,fdHLGsAx9S-9oh9MDKVrFw,618,0,675,1,1113,True,fdHLGsAx9S-9oh9MDKVrFw
33,2013,5,424,Medellin,6.230952034358705,-75.57530211716465,tYT80Y3JdyPPRNFz3aM8sA,381,0,399,15,1114,True,tYT80Y3JdyPPRNFz3aM8sA
458,2014,5,318,Medellin,6.238912120222572,-75.5744296130772,eUqmG89n-tLRY7LXGBpmrQ,72,0,72,14,1951,False,8plNTArMK0gy6Seef-0Log
752,2013,6,283,Medellin,6.244953538063768,-75.59817767941067,3vg0AfoG-SjIQQzP6qO4Zw,597,1,676,1,1116,True,3vg0AfoG-SjIQQzP6qO4Zw
705,2016,3,260,Medellin,6.243823147104349,-75.59259390362323,J1_QOMz1v8_eXy_w2ysBzQ,543,1,677,3,3982,False,URMGni8NspiZXI8IP2I6kQ
163,2015,9,266,Medellin,6.234011228488777,-75.60442225373248,zSa18G7i5mGJM_gGoWBZTw,612,0,669,7,5096,False,UdzM-aXDJ-t4RGcrcpCPjg
978,2016,3,385,Medellin,6.248998678000405,-75.58444508634341,p9fMefy15nL3lOFxAfprhA,533,0,574,6,5456,False,OQqym3nSIyGMizETRA31ww
168,2013,8,209,Medellin,6.233935536918866,-75.59823170989401,jnZ1Swnx_XrG_fkmBmmj5w,619,0,678,5,1120,True,jnZ1Swnx_XrG_fkmBmmj5w
1212,2019,7,291,Medellin,6.253041048063201,-75.56247283942335,dDKFq1G0jP82-trjaOKgQw,620,0,679,9,1807,False,FqqagEzZnCTrVN-8l72cew
874,2015,9,629,Medellin,6.246859215626703,-75.58235405449916,IzgBGy8wzN_9dnVIEXv0SQ,265,0,269,15,967,False,oPuVUtuDiT7gajx6H2u2ug
406,2017,6,672,Medellin,6.237989722621848,-75.57340478346856,FDDYzWMoZf5T21Q04H5bIQ,460,0,488,9,3369,False,s3_Ij1olCsBbTdUEWjr3JA
1020,2015,1,221,Medellin,6.249963058498338,-75.59548576821138,f1nn0kVF1hqS6u5CvEEFqQ,621,0,680,11,1276,False,bDGRogy1-bpfVvh2mV8pIg
675,2013,5,536,Medellin,6.24300164458832,-75.56957396694493,140Ngqe81Hxft-zKqn5O8g,573,0,621,7,1238,False,TOWbkVVPRLv-RDOTg1e77Q
561,2013,5,248,Medellin,6.24103368104868,-75.57726669732384,XJBPR4_GBLr2Tv2BM8BHUg,344,0,355,12,3341,False,RjuQnA2ckip1zGFneGoLyw
871,2019,6,478,Medellin,6.246994541868535,-75.58555207277684,a4DrIkJ-J_JtWENixRRoSw,505,1,681,4,3406,False,WOEBQmXUwKEK0usQvd3dIQ
880,2014,10,552,Medellin,6.246861716731568,-75.5764908866679,QGVY-z2ggMVIy5yMwj28aQ,352,0,366,15,4080,False,wVQkglc2cSj3hdhSqC-niw
1079,2015,9,609,Medellin,6.250949425946429,-75.58940284968574,Gf5siyUzfwzXt5gOj6bAXg,323,0,328,3,959,False,1NnuXkeqNnpxsz6kcqzKaw
109,2014,2,355,Medellin,6.232981362899227,-75.60528911702609,SRlhiiGEoURlTw614Y8XJQ,303,0,308,9,1743,False,5sd-VASHcUqJ7rOVORxvdw
62,2017,8,301,Medellin,6.232083352885538,-75.5994973701124,yfiOn5ldh_o6buTO78aUFg,622,0,682,3,5064,False,Z4UEyfj3Ida-C_7KIdGmbA
974,2019,4,227,Medellin,6.249157330677138,-75.58843541035118,ZZ-I7LXQsnRzorkUVGeU7Q,254,0,257,11,5037,False,6ktyFJE6iA1zV08BJ6WxXw
87,2018,11,361,Medellin,6.231938969317699,-75.57442844469243,3u3xZZOhaHjIOVKFbjuBFg,175,0,176,5,2263,False,zmyBE31kJ9lo3YTNAnyF9g
489,2017,7,271,Medellin,6.240138319432171,-75.59628448712348,483CuGE45yZlonaKuVaR8w,623,0,683,3,1368,False,XGkORP8TuRxwwEb2SLMdwg
744,2017,7,505,Medellin,6.244976444692305,-75.606307761526,CXs3tibl9JcrpDoLlaPxWg,624,0,684,2,1135,True,CXs3tibl9JcrpDoLlaPxWg
820,2015,10,531,Medellin,6.245857855102992,-75.583401182925,MN8eE6b-2qt8TOM3QPRYig,541,0,585,15,1587,False,2qLzxj9CoT4L8tdSqmTNKg
1091,2015,10,452,Medellin,6.250794111334727,-75.57748066016168,JP6DUftHfQh3URLmv4Vmrg,625,0,685,6,5358,False,1LwoUfbvUYD6vdydrmX85Q
102,2019,6,197,Medellin,6.232102928216197,-75.55947792794954,Zm-V5HnJlq0D1Z3lVwNSnw,368,0,385,8,1163,False,IPVOP1LRX6cMPZy_nDU2sw
224,2013,10,385,Medellin,6.23497380239334,-75.59648499642637,nK5PoFcWUteWyBZqydATQQ,626,0,686,7,1661,False,xJznRoeRLe1fK01A8Gsmzw
801,2018,12,386,Medellin,6.246026177356526,-75.60245719555556,yqwTd9QDtLinsKeaWsbSOg,264,0,268,7,1140,True,yqwTd9QDtLinsKeaWsbSOg
1009,2018,12,283,Medellin,6.250186772041515,-75.60619977641407,SECJlAEGJj-2qKdoZvSwLg,627,0,687,4,1141,True,SECJlAEGJj-2qKdoZvSwLg
856,2016,3,358,Medellin,6.24653689837912,-75.60059253066089,HUbi_ygPDf16Ybe5RckZGA,285,1,688,3,1594,False,WqJPIu2bD0DA2wnEpB8tgg
968,2019,3,232,Medellin,6.249048536996066,-75.59341995627439,t435TbwVcpUs_Eh-m3JK-A,131,0,131,7,4950,False,7fmkSYfQu3S_mKSUPegyUA
679,2014,8,146,Medellin,6.242827616675942,-75.56553821772818,ofsTs-IE7goMe8BBWvO48A,290,0,295,11,2837,False,iLeRBE0SZitaCepu37qGUg
246,2017,7,420,Medellin,6.235007871165044,-75.57442127462426,vbdo_ZZjkvFWVMbKFuPnxQ,115,0,115,6,1145,True,vbdo_ZZjkvFWVMbKFuPnxQ
433,2016,3,306,Medellin,6.238939415018761,-75.5995027285732,y59alQbIfrwNZ2X8TD324g,251,0,254,10,937,False,DzHUVkh57vTuHGj2g8xJQw
728,2013,5,321,Medellin,6.244026632135016,-75.56939788535966,k3IV1QI_kCXc_o9luWqTbg,104,0,104,9,2628,False,O09yXQNhZbYFcK7CNL8hWQ
909,2018,12,567,Medellin,6.248056094923581,-75.60041603059346,Q2tGlzoiAJ35OhgIKz9Mkw,605,1,689,5,5028,False,54BqZrBpgnw3AHIB1aW34w
73,2019,6,447,Medellin,6.231824389045117,-75.58842928333314,YnoYbzTyDTFz0WDlwGsogg,556,0,602,10,4513,False,QBD4sKLNyQZact90HdeRAA
1199,2015,10,572,Medellin,6.252979085089726,-75.57547673460225,-6rA4xnUpH0EiKvLPPgM-g,628,0,690,1,1150,True,-6rA4xnUpH0EiKvLPPgM-g
140,2014,1,439,Medellin,6.232836157076888,-75.57450751826029,sux8TLL-fYmfCombLJy5Uw,94,0,94,10,5674,False,SZCJD8OC53C_bcI_fWvs_w
433,2015,9,314,Medellin,6.238937458614772,-75.59947187210139,3fzw_Agr3HBeSrgrOUwI-Q,251,0,254,10,937,False,DzHUVkh57vTuHGj2g8xJQw
568,2015,9,548,Medellin,6.240960771112757,-75.57041143373918,PSV7YeIRmZo6pR5stvO2pg,372,0,389,12,494,False,uvME2c69lvHR_dNqruoM-Q
944,2016,3,342,Medellin,6.248052464120378,-75.56557109878857,h_gGuFrJLMnvWL3d_CFApw,530,0,571,9,1723,False,ScL9B14enqLsQvxbzTXPFQ
141,2014,10,310,Medellin,6.233131822441098,-75.57363593719157,zytl1Mwt2g13cq0iQulpuA,276,0,281,11,2599,False,iQYx3brTs_CUaIoDYjE5qQ
833,2017,6,312,Medellin,6.245930984566285,-75.5704860636225,jg4JmnzYeyBuJbxDNUH2oA,63,0,63,4,1156,True,jg4JmnzYeyBuJbxDNUH2oA
704,2016,3,678,Medellin,6.243995892105514,-75.59355649935038,9Su3GdnCFfCcrb26FosWhQ,8,0,8,7,2655,False,CYi2eJ7oDGUIJm2I6ii_fw
1035,2015,1,308,Medellin,6.250409682083196,-75.58051122174619,S93MMwqhbadPTKBSOyjvyQ,413,0,435,11,1158,True,S93MMwqhbadPTKBSOyjvyQ
931,2013,8,321,Medellin,6.247827487253456,-75.57942301018333,PKNMmYk5PUHxFYdphVmURg,121,0,121,17,2711,False,iuuOp4Qjdr-KC2e7QSgVJw
1146,2015,4,489,Medellin,6.251906924128134,-75.57516179159248,JRBTqfBrrSm1cRhpihNW9A,629,0,691,9,2495,False,UJF9clPUux9W5aj0iCzHAw
1033,2013,6,426,Medellin,6.250004766553449,-75.58235103128949,td462KLUb2EF7VZfcpLWIw,482,0,514,6,4441,False,fb59VllC9bhRCFvaDQdriw
759,2017,7,506,Medellin,6.244759438080891,-75.59136726641192,VNmAEwaQqqydNNYwpLerfA,562,0,609,6,1162,True,VNmAEwaQqqydNNYwpLerfA
102,2014,1,203,Medellin,6.232101216741391,-75.55948195745552,IPVOP1LRX6cMPZy_nDU2sw,368,0,385,8,1163,True,IPVOP1LRX6cMPZy_nDU2sw
286,2014,9,347,Medellin,6.235940944224329,-75.58742476802963,9SbnyxQ-dva7osvthRVJKg,348,0,362,7,4274,False,R_QA1x45JOmf5NilXS82Hg
1229,2017,7,342,Medellin,6.253917027324531,-75.59833861778357,iy7ahGEgrC1EHusNCKC68w,630,0,692,2,1165,True,iy7ahGEgrC1EHusNCKC68w
77,2014,1,485,Medellin,6.231886730969012,-75.5844504079388,nzm5SHyBPjyQ0F2Ut00ajg,16,0,16,9,16,False,5UCCGvO8I8E8-aLlAw-gVQ
769,2015,9,619,Medellin,6.245045102237663,-75.58150991338464,weGHafV-ChJ3wDwY9Ucl4Q,631,0,693,11,5670,False,GBc0pSYHU-fCviglorq83w
792,2017,6,241,Medellin,6.244888211760947,-75.55848789532546,10vZy02a2qX347OYggoyMA,495,0,528,6,1168,True,10vZy02a2qX347OYggoyMA
463,2014,8,459,Medellin,6.239017867424119,-75.56951942954416,WiNkJ-JAufskad1PolAQuA,123,0,123,10,4579,False,WfR4sEgsguZ-wwLuSiu_RQ
135,2013,5,371,Medellin,6.233007263366131,-75.57947476522217,HMEHtd5TPOekKeQIAlHhSQ,331,1,357,8,451,False,jrMwPG8DpEs-Yfa_MsBBgA
828,2013,10,152,Medellin,6.245803170064464,-75.57550454433071,d3Gv__y4WE7OHMcBgNN7RA,180,0,181,9,1171,True,d3Gv__y4WE7OHMcBgNN7RA
894,2013,7,264,Medellin,6.247038955764196,-75.56237427745725,RkzMbHg2C-jPDOVpTqPD7A,538,0,581,6,4540,False,m-sKleQM8uOnRFesJwF8bw
1025,2016,3,562,Medellin,6.250135627196312,-75.59048444154553,zSFOiJyOG8MhyurcSbTuow,201,0,202,7,1427,False,-A9firBORM6f1IEmrTGF_Q
354,2019,6,164,Medellin,6.237239341262902,-75.57238210189038,N7oY-ewGpxEkr1igRf_5WA,494,0,527,12,2640,False,7OSej7xSqYlcvU_UYP-jxg
1188,2017,7,340,Medellin,6.252897353720417,-75.58643013042195,pfcXpPCvNr0uJfHpL7XRuw,442,0,466,8,6006,False,4_MFIQtKqnFlLSyYjJsHZA
1040,2015,4,360,Medellin,6.249999494715577,-75.57521575624273,CiDxzwIfkKiOpIesDCe3Ug,236,0,238,15,5221,False,kqL5triMYOxn1GZlLkeH3w
1000,2013,9,446,Medellin,6.248900473749409,-75.56215717658947,p6TyaPta-hiUCnncBkPYMQ,632,0,694,6,5450,False,spYNju9F8XSMez64QdlSdA
330,2013,5,350,Medellin,6.236998291072903,-75.5965581979801,nVLn_rXk9K8rlPCU2Q9ZsA,513,0,550,8,1178,True,nVLn_rXk9K8rlPCU2Q9ZsA
401,2017,7,262,Medellin,6.238041085877406,-75.57847961307743,ITRcLzOaz5QEO5LZ5navOg,69,0,69,9,2069,False,78r3a1p1RwUfq3-TNtrWEA
394,2019,6,59,Medellin,6.237974706139803,-75.58435902957035,Lbtj9AI-umeaWr-POjzVdQ,633,0,695,1,1180,True,Lbtj9AI-umeaWr-POjzVdQ
279,2016,3,183,Medellin,6.236056969814821,-75.59461195708789,hsm_Un3EMB6FQE3kb9cO-g,634,0,696,4,5677,False,9WqEQk9w-toslZAVNYFsiA
170,2014,6,328,Medellin,6.233969218116701,-75.59749967250664,FARWy39tnIzSUSEHIGtvEg,5,0,5,7,3625,False,5BbFzmDyb7wTxG0g5OOU5Q
1254,2017,6,342,Medellin,6.253913042402951,-75.57254255350081,zuoVi8OchOw9l1wZnNo-XA,112,1,697,4,2348,False,gKE9twvkFfCJDv_YD4Wsww
728,2015,9,340,Medellin,6.244039376660195,-75.56941766257903,LBgPkDN0RF_zBKHPw6lvyw,104,0,104,9,2628,False,O09yXQNhZbYFcK7CNL8hWQ
503,2017,7,589,Medellin,6.240079681209866,-75.58243383094876,qOBRLF1AdIQFPzs0GdpGEQ,450,0,474,12,3653,False,FEkNCVFOMZssAYFiYDzPCg
178,2013,5,516,Medellin,6.233949619087698,-75.58948057210283,VF_3FfK9nUVJdmBu-v1A6w,231,1,698,1,1186,True,VF_3FfK9nUVJdmBu-v1A6w
785,2016,3,210,Medellin,6.245066178597267,-75.56532806262987,OJgBXoJUVocSemvGH8vBIQ,114,1,699,4,5634,False,CAID5i2n_YKsdkY_QO6UoQ
42,2016,3,372,Medellin,6.230801180410135,-75.56595157056685,ARVaW0abiaT-zwYqd8wQuw,517,0,555,14,3244,False,dHUqbRWzf-M9bddwhw51Rw
139,2017,8,316,Medellin,6.232929549648121,-75.5750674946148,5VsHGss-p1oFa6lS7XjH_w,187,0,188,14,2830,False,iCqDiyAXSg7bFacR5rT8kA
714,2019,7,367,Medellin,6.243956965339048,-75.5833285406831,ZGEdKYfC0GIYBRmOtnUs7Q,423,0,446,8,2504,False,mqAP9pCIiDs7cuJOnv-9-Q
392,2016,3,325,Medellin,6.23800235744641,-75.58747639241213,5BIDX5zsermmN027xck0NA,292,0,297,8,1191,True,5BIDX5zsermmN027xck0NA
354,2013,7,145,Medellin,6.23723841744714,-75.572387678023,1ZRCT1YVE7Y8NJ04uIevgg,494,0,527,12,2640,False,7OSej7xSqYlcvU_UYP-jxg
354,2014,12,158,Medellin,6.237263156375016,-75.57237106092357,_IpRYAnpQsBqK2r5JJ-ZKQ,494,0,527,12,2640,False,7OSej7xSqYlcvU_UYP-jxg
931,2015,9,329,Medellin,6.247821917190777,-75.57940343654559,xfeGIKjSs1W1yeDlWEZkwg,121,0,121,17,2711,False,iuuOp4Qjdr-KC2e7QSgVJw
200,2019,6,264,Medellin,6.233909868496019,-75.56758483711636,TAbwDInlU7cHXpG-y2-clg,301,0,306,14,647,False,1pUKlrRT9oQpOC3p9AVpyg
620,2013,11,373,Medellin,6.241942255378651,-75.57153246047875,qNgnnJNm8azok4FMsp9Svw,247,0,249,4,1196,True,qNgnnJNm8azok4FMsp9Svw
1211,2019,4,648,Medellin,6.253010181938982,-75.56361734343578,J-jrtSvotO-RG5WbzmgmVQ,200,0,201,10,3970,False,9x1b127MG-_wqizCxXb8tQ
437,2014,4,386,Medellin,6.239011393191596,-75.595454179971,BPb-S9rvIb-CeugYyZDYIA,296,0,301,11,4056,False,sGeo2Xf7Pvo6w8prBOfxXg
1034,2017,7,523,Medellin,6.250023729297436,-75.58148252506254,rPVnvIj0B3fPdAfC8dEpWA,273,0,278,8,333,False,LyVa61bsupnT5RyP-LH__A
454,2019,4,358,Medellin,6.238917866006445,-75.57844033825704,J57Wkorki0x40Ji9MvhTQQ,635,0,700,1,1200,True,J57Wkorki0x40Ji9MvhTQQ
225,2019,6,292,Medellin,6.234952246029527,-75.59543571637195,bMvdW7iLqj9aIpiqxLQgmA,587,1,701,2,1201,True,bMvdW7iLqj9aIpiqxLQgmA
401,2013,5,413,Medellin,6.238030752768121,-75.57845428111665,LeqCSN3hCvjXdSdwPH35MQ,69,1,702,1,1202,True,LeqCSN3hCvjXdSdwPH35MQ
1203,2016,3,346,Medellin,6.252937324104591,-75.5712551224672,GaIepvSauFT1g32XZm51mQ,101,0,101,7,1203,True,GaIepvSauFT1g32XZm51mQ
529,2013,5,415,Medellin,6.240366936107714,-75.55625515986021,Fa4JOpWVrQsfnkVCJVSRhw,66,0,66,9,2351,False,jb7mMKcT8x3Jzf2V3PNvRg
61,2013,12,312,Medellin,6.232026522281219,-75.60041441238953,uSeDZg5OT014Lx6pzy_rdg,636,0,703,6,4304,False,1dYHXTLTjNfynGwLa975ow
1133,2019,3,483,Medellin,6.251998821941431,-75.58870092002094,HI9IrFIyRyNk0HRiKVlNIQ,17,0,17,3,17,False,MxghuGk5WMYtppIbuHmpMQ
700,2019,4,461,Medellin,6.243950746618077,-75.59749311596097,oT2z5ONljkoTo-VsHqL1jg,419,0,441,4,5187,False,yJCrGUsygaZcfRKtCQUsLA
224,2013,5,389,Medellin,6.234957547697519,-75.59650151892296,1NdcyStu0aJJtY5Aoxyuag,626,0,686,7,1661,False,xJznRoeRLe1fK01A8Gsmzw
1097,2019,6,404,Medellin,6.250881618380957,-75.57143808778507,6zd6KwSrdF3xOuFrSQBh9A,637,0,704,6,3372,False,o7cwoDp48EGFK4VOK8dycw
1064,2013,12,552,Medellin,6.250955159129333,-75.60445450197733,Dyll9MzwfZ1pGJUHswi1FQ,165,0,166,7,3359,False,uOdLJX9L6-E5331D6lETzw
661,2013,10,246,Medellin,6.243068091145033,-75.58348775732532,Gg2FS3oV_QNi6Tk1xQFlTg,389,1,705,2,1211,True,Gg2FS3oV_QNi6Tk1xQFlTg
572,2017,6,644,Medellin,6.240967873881398,-75.56666199343138,b9XAZCJhsCJuVCI2UVsEGg,164,0,165,5,4634,False,Y8hnwyqIC_L3kDdEYjgOGw
1157,2014,6,395,Medellin,6.252149446110519,-75.56336039502206,sciPA95H9F1vRb40xD1H8g,74,0,74,9,3348,False,MGCBk88soE-kYaZclK7Enw
230,2013,5,26,Medellin,6.235012090898259,-75.59048891877991,g1VR6ZKjFT2TbgNbHsOmOg,638,0,706,1,1214,True,g1VR6ZKjFT2TbgNbHsOmOg
863,2013,5,350,Medellin,6.246879349456221,-75.59344099029673,CtXTO4P4wzZFA6-WH94Xmg,397,0,418,7,5051,False,GE-R2fduo5_LB-rQbh5hSQ
403,2014,4,510,Medellin,6.237945958664673,-75.5765396382866,gn-Jz1MEaPVKIPXEwiWrEQ,473,0,503,13,2283,False,0wns_31olfodW5lI18oknA
271,2017,8,355,Medellin,6.235971723337964,-75.60236421795854,NNGA3G5UDKRgpvpxwOWTBA,406,0,428,13,1217,True,NNGA3G5UDKRgpvpxwOWTBA
60,2013,8,546,Medellin,6.232012514942864,-75.60144888994898,fpHVfeeSiIpdOMxYJFQkOw,578,1,707,3,4605,False,uuEgPoqTPOZKdMFTsxTjEw
1042,2015,10,395,Medellin,6.249702849337947,-75.57356754978996,LylBg5gUOAXcDLfo6GA37g,267,0,271,6,435,False,QwrYMNucvmug28b42OAt3Q
30,2019,1,247,Medellin,6.230958161698881,-75.57863369213982,76HAXxSRGRmyIr0rg01snA,596,0,649,4,1048,False,HCNMY2CTt4YgcRuQomDmlQ
1052,2016,3,289,Medellin,6.249973916175815,-75.56339983372625,h62D7lh_7-x88Wp6QO0ZPA,584,0,635,6,4147,False,PKtdXdTgEYhmzxWXolI2Qg
21,2015,9,451,Medellin,6.231593813436693,-75.5864474848203,Gj-IIESpqRdBeG0R4Q7sRA,32,0,32,8,4096,False,OxWXwtaSDl5NhvobjXHNCg
461,2013,5,427,Medellin,6.238858156764418,-75.5712823942774,yc0-AGsBSjTuS-Hy8tVNxg,639,0,708,4,2043,False,8a6uvLKmWt8jvuD2yv9YEw
211,2013,5,616,Medellin,6.234028647961989,-75.55657541250527,qY7rV7qK8xzNq0Hrgx_f9g,168,0,169,4,1224,True,qY7rV7qK8xzNq0Hrgx_f9g
408,2017,7,579,Medellin,6.238083163576693,-75.57163145824302,5Ld_ZzDqpVGcEO0q_cVS_w,37,0,37,8,1962,False,LrB-44Rx4E7AmZNPwer-HA
68,2013,8,297,Medellin,6.231963208561212,-75.59369909529505,ykdW1JnDbCYKvfcZPAegmQ,501,1,709,1,1226,True,ykdW1JnDbCYKvfcZPAegmQ
909,2013,9,571,Medellin,6.24807097713395,-75.60043051965464,KZmYmWHe6UKF3W7ZDe8oNA,605,1,689,5,5028,False,54BqZrBpgnw3AHIB1aW34w
794,2015,10,209,Medellin,6.245104645416482,-75.55634728385171,b0oZ5HPzPvFDcGm_cdBO2Q,24,0,24,3,1228,True,b0oZ5HPzPvFDcGm_cdBO2Q
733,2019,7,361,Medellin,6.243953342475655,-75.56449082113824,T4rAAaxcVbONJE4ZgHy6lw,130,0,130,6,4180,False,UU3ZEBz9ghogZaf-kC-e-g
863,2013,10,342,Medellin,6.246858202080372,-75.59340471537391,q_Hwq1ol5ZpdH9ogkMJs-A,397,0,418,7,5051,False,GE-R2fduo5_LB-rQbh5hSQ
433,2017,8,312,Medellin,6.238946062274532,-75.59948078756031,qCx14o0ehlPp-bLbN0s_MA,251,0,254,10,937,False,DzHUVkh57vTuHGj2g8xJQw
774,2015,9,334,Medellin,6.244910919152719,-75.57620934316382,QNyuk-rahY9q29lQzPgTBQ,457,0,484,7,1572,False,mSDqjvZ_mivriH4AucE0iw
178,2014,1,315,Medellin,6.233943405759298,-75.58949573435089,lhdz53qDUKoq2cXuXY0KHg,231,0,233,5,1233,True,lhdz53qDUKoq2cXuXY0KHg
878,2017,6,399,Medellin,6.246955068729102,-75.57846226866626,Luoz7DhpBw4YYlVKnYL8Yg,15,0,15,5,509,False,k8ZDnpBqmQr7pxIC_FDiQw
551,2015,9,157,Medellin,6.241271334953178,-75.58772136838114,agxGe4XpdUijk9o6VQ0tEg,382,0,400,8,513,False,lK9Q2Exd-ZuvFYawNz1QaQ
864,2015,1,466,Medellin,6.246985046807094,-75.59243137640125,cBsKVAz_H3Zo55_QljtXBw,270,0,274,6,4498,False,bJmMTJ6PuYiXCVpwl9jfZQ
191,2019,6,258,Medellin,6.233943157241919,-75.57646386580981,4Pl45l9L5_ZWq1h9Qr4uaw,640,0,710,2,1237,True,4Pl45l9L5_ZWq1h9Qr4uaw
675,2016,3,538,Medellin,6.243031238104801,-75.56956166099549,TOWbkVVPRLv-RDOTg1e77Q,573,0,621,7,1238,True,TOWbkVVPRLv-RDOTg1e77Q
491,2013,6,281,Medellin,6.24002579530134,-75.59544850692605,-S-_w49ZRa5wsJ26o5rUSA,641,0,711,2,1239,True,-S-_w49ZRa5wsJ26o5rUSA
457,2013,10,188,Medellin,6.239014928859875,-75.57540344810113,KGtI0gzp53_rgC5DOjaH0A,546,0,590,8,5929,False,MH2oOFq475TsiRNGzoHi4g
462,2013,7,612,Medellin,6.238992885112193,-75.57049830014331,dJLss933PVT_Vdoz3I6o1Q,542,0,586,13,1869,False,odRTreOwNDTVzVYU2Fx6lA
552,2013,11,239,Medellin,6.241185484788941,-75.5863357603783,5hDdAHCMA1Oe_MRxkqCKnw,188,0,189,10,1347,False,OgvwutI4N76F6_VVi61v0A
80,2015,1,608,Medellin,6.232009898693296,-75.58142970931902,djZ168aPS4gBzZ8F3SOLrg,553,0,599,12,1487,False,VBy-DdDUL1NTk1i4GABF2w
909,2015,1,570,Medellin,6.248054057514009,-75.60041881004608,mX759f6ffkF673o6JzcVGA,605,1,689,5,5028,False,54BqZrBpgnw3AHIB1aW34w
651,2013,10,312,Medellin,6.24303202881072,-75.59344844131067,4I_MHn5KfWggmfe2FSYh7Q,642,0,712,4,2765,False,p-snek7kgMrqhGcLZkzIUA
1246,2013,6,459,Medellin,6.25383091905492,-75.58114991410407,Yf9HMRaU_TEnFXyBsY02KQ,3,0,3,4,1246,True,Yf9HMRaU_TEnFXyBsY02KQ
931,2014,4,311,Medellin,6.247795655979851,-75.5794606123946,6P5qKIuu19GokM_dVb9qMg,121,0,121,17,2711,False,iuuOp4Qjdr-KC2e7QSgVJw
680,2015,1,237,Medellin,6.243379631246139,-75.56424220166379,jO4ip0qIZ1SE8rRzfCORpg,162,0,163,10,5027,False,9Wf-wyeLSm7fH5wEqI4r5w
767,2017,7,327,Medellin,6.24495518689874,-75.5834741407183,dqxnGqgoJWMbjp1U-qdLDQ,614,0,671,10,1249,True,dqxnGqgoJWMbjp1U-qdLDQ
251,2019,6,555,Medellin,6.234696166712002,-75.5694296556582,-48gM2T9bSQGcARiBLkypA,373,1,713,1,1250,True,-48gM2T9bSQGcARiBLkypA
1083,2019,3,313,Medellin,6.250563503927322,-75.58552048871711,eTpd0dnRBhOKGssebi5qNw,577,0,625,7,4334,False,YIaOgeEfouRbthu2X7vVCQ
462,2014,5,623,Medellin,6.239052128941437,-75.57047577724535,h0dRQOIPIf3MY3UslKGytA,542,0,586,13,1869,False,odRTreOwNDTVzVYU2Fx6lA
443,2017,7,93,Medellin,6.239151240275337,-75.5894490744979,EK6ssDfmobSgpgzF4VtawQ,421,0,443,8,2530,False,c5YjRmWgO-MkgSldCbNe2Q
1088,2013,8,165,Medellin,6.251312285446819,-75.58032937398787,Z8xiQOfviUXwubDdZ9hRkg,173,0,174,9,5786,False,eVhiKrlnoMv0R9mEg8v31w
960,2015,9,402,Medellin,6.248964431944512,-75.60241758306117,jC_IK4AP0Ml7WLoG2MCpwQ,9,0,9,8,5041,False,EAHP9dd2pJICQgwIPF5Yjg
196,2014,8,540,Medellin,6.234066761796531,-75.57160325682413,J3XVEJWj-g8bWdhvzrf8Aw,643,0,714,9,2907,False,MFbWKm1CPBQv69Cm95tfUw
968,2013,6,214,Medellin,6.249030995199243,-75.59339010897956,U_TNTutc4H-EQegEb_5laA,131,0,131,7,4950,False,7fmkSYfQu3S_mKSUPegyUA
109,2013,5,355,Medellin,6.233004114497858,-75.60530264246252,LKjeTlgnK9xis4jogacLrg,303,0,308,9,1743,False,5sd-VASHcUqJ7rOVORxvdw
89,2013,7,527,Medellin,6.232044390808752,-75.57244594270544,vrnbmRX_UGbDrc4s4qfnag,25,0,25,6,25,False,cUOrKWLZdwGmF1S_yyYBlA
1183,2017,7,517,Medellin,6.253042217381394,-75.59136296670422,raAQHY-GEHEuQKitTMeJFw,644,0,715,2,1260,True,raAQHY-GEHEuQKitTMeJFw
686,2019,6,237,Medellin,6.243177978973548,-75.55822183705227,jhoAmwE_zqSRBCYP_BdEhw,645,0,716,1,1261,True,jhoAmwE_zqSRBCYP_BdEhw
103,2019,6,171,Medellin,6.232224320867704,-75.55856144729793,O_-T9_O6Ei1pABun9_guDA,30,0,30,10,1262,True,O_-T9_O6Ei1pABun9_guDA
465,2016,3,532,Medellin,6.239151377213564,-75.56757399298856,zn0ij1rfgkFJlZNyWz6fpQ,557,0,603,7,2596,False,QvdLYKDRs7SYfUei78mlKg
246,2013,5,424,Medellin,6.234984857192385,-75.57442699344413,lEum4WsTvvIJyIQtkDlZAQ,115,0,115,6,1145,False,vbdo_ZZjkvFWVMbKFuPnxQ
873,2015,10,189,Medellin,6.246930038903743,-75.58353834544711,OcJIBabnJwYvDIJ324iXCQ,398,1,717,1,1265,True,OcJIBabnJwYvDIJ324iXCQ
769,2017,7,612,Medellin,6.245034658490515,-75.5815325894715,qacwi_GlJThxci2YPOCR3A,631,0,693,11,5670,False,GBc0pSYHU-fCviglorq83w
225,2013,8,188,Medellin,6.234946940265443,-75.59546255820122,_yaV8Vj-epiiBbN5NiwiEA,587,2,718,1,1267,True,_yaV8Vj-epiiBbN5NiwiEA
444,2015,9,338,Medellin,6.238738901978633,-75.58840237070888,FK9EZXeVFZOWjbkWeOAb8A,221,0,223,9,820,False,sZ2h_3lC28tn061Z6XNx9g
128,2015,9,258,Medellin,6.233025164130081,-75.58653539811016,73sWzLkAa6LiolVTuoTd7Q,646,0,719,4,1422,False,ezDVp7oTRfwhXXhBSPIJkg
125,2019,6,150,Medellin,6.232968523594663,-75.58929698606617,kawA5N9szrRtv_eeXn207w,535,0,576,5,3152,False,Z4xJD4YXlOz9i4_axEokqg
138,2017,8,408,Medellin,6.232946237539408,-75.57637975847058,JU0luZBulP_BXYiiS2Zssw,647,0,720,6,2739,False,3F7XToTNq-_DIok3YIHbwA
306,2014,11,307,Medellin,6.235669742661702,-75.5683079931205,Mt9YRpzPpYTDMc_VslPWgg,271,0,276,14,4893,False,Z0-_XrPiigik7bdjF6wS9w
24,2014,1,245,Medellin,6.231627764451821,-75.58451254817308,lbM3LnbwbId20rBHblXIeA,38,0,38,10,387,False,hqGa5M4g7P45ix2jV0n51g
1261,2013,6,245,Medellin,6.254069879587421,-75.56637763342817,FRjPbky2E1SNKaJ63_m_Tg,648,0,721,1,1274,True,FRjPbky2E1SNKaJ63_m_Tg
959,2015,9,363,Medellin,6.248973462313514,-75.6035930899783,6wkChHtUBAkMCLnQ-_E5sw,563,0,610,6,996,False,af52qIEkpTux2GykoNzzQQ
1020,2014,4,211,Medellin,6.249983391592036,-75.59548337504121,bDGRogy1-bpfVvh2mV8pIg,621,0,680,11,1276,True,bDGRogy1-bpfVvh2mV8pIg
402,2019,6,386,Medellin,6.237989641883061,-75.57743478311667,-aS9Ps42MKKbBYvS9vZ-pg,581,0,629,6,4118,False,_DqRqleKDHOVGxOQNW_RjA
941,2013,6,607,Medellin,6.247929657114927,-75.56850998409105,QBRubrJGBBPp3Q4cP66kvg,618,1,722,1,1278,True,QBRubrJGBBPp3Q4cP66kvg
901,2013,12,503,Medellin,6.247921974385425,-75.60848249822011,fTFDlZ7-Rm_u0zpTMGEiGg,610,1,723,4,5925,False,KIYd4hahKGMPKByQW5FsWg
1091,2019,3,455,Medellin,6.250808574626379,-75.57751171273065,9cjWCnv43yKkC-B6JpzOGA,625,0,685,6,5358,False,1LwoUfbvUYD6vdydrmX85Q
967,2017,8,508,Medellin,6.24893110055085,-75.59540136217561,xziJtmqPZhYIdNjbje6L7w,649,0,724,3,2024,False,35sU5NOp-dsx0RWqWOFzRA
331,2013,10,627,Medellin,6.236967619174588,-75.59542889709175,cDfUANDvDKFBAU-AQwm3nA,650,0,725,7,4184,False,PcWA6VbXhXCMi09P469MJg
1173,2017,7,538,Medellin,6.252711045381234,-75.60122859315585,cTEDYIFQ-fdwEHQ2hCAjcA,53,0,53,14,1547,False,JUqeTCNe-lIt5iMydUxKkA
981,2014,8,343,Medellin,6.248962482256817,-75.58161440085485,qipgNKwLvrBJfcSQKezTIg,149,0,149,7,157,False,ed_zvQa_W5hUOQ6lUCpj8Q
1237,2018,12,122,Medellin,6.253769018821618,-75.59154702433838,blxE7jDcXXM-zfQbuyND7g,409,0,431,12,5748,False,Unaaardpp182O5rQXCgdRg
129,2015,1,169,Medellin,6.232987747018583,-75.58549458085545,dsvIUox94lfO_hK82GXTSQ,454,1,726,2,1286,True,dsvIUox94lfO_hK82GXTSQ
932,2016,3,454,Medellin,6.247904174807959,-75.5773041106119,fM0O7WKGVIHsaVOZ2vJQdQ,295,0,300,5,1287,True,fM0O7WKGVIHsaVOZ2vJQdQ
821,2015,1,528,Medellin,6.246045058324088,-75.58241024373584,aJB78jJZ5dlapYWSvFTbHA,156,0,156,3,2048,False,2s0xw3p2S3mf8iccym6iBg
571,2017,6,681,Medellin,6.240983013637784,-75.5674451779213,xLQD5ujWBVCjPzubG_TBHQ,319,0,324,15,399,False,UJoqrLeHP-SeuDLV566DYw
1033,2019,3,396,Medellin,6.249994626711284,-75.58233765256779,QpldLx9uaXqXqSoYPq6yVg,482,0,514,6,4441,False,fb59VllC9bhRCFvaDQdriw
114,2019,1,240,Medellin,6.233053965916284,-75.60048469478589,5USoWOmQ_njw3cRQ_AbTZw,651,0,727,2,1291,True,5USoWOmQ_njw3cRQ_AbTZw
442,2014,6,144,Medellin,6.239048663588028,-75.59049353316409,_wkdaX4y_7xDpsB_TyRq0w,78,2,728,4,1292,True,_wkdaX4y_7xDpsB_TyRq0w
249,2013,5,604,Medellin,6.235088110502178,-75.5715893990619,jHsHie7zgF77QHMjDEfWqQ,399,0,420,6,1293,True,jHsHie7zgF77QHMjDEfWqQ
432,2019,6,602,Medellin,6.238903620505218,-75.60047650675305,UKGbxu2Tmupl5SrzqS8SPQ,334,0,341,8,423,False,uLUwWUqvhgj3VCyOmQYQZA
190,2017,8,457,Medellin,6.233921083550193,-75.57744464645249,w6kB4IcEH2NlJE5qT4gTBg,51,0,51,13,2328,False,Jj3PuS5Kn97wei73d9G-2w
79,2016,3,547,Medellin,6.231983317262967,-75.58242651404747,rHZi8eBHEPhNWD5GHUgwuw,106,0,106,12,1296,True,rHZi8eBHEPhNWD5GHUgwuw
1114,2014,8,76,Medellin,6.252132792585058,-75.60738826264284,EZvORoN3RWsEfoGqT0ZPpA,652,0,729,8,2850,False,NzzmyLIDhftOfpaF0WOo1w
1260,2013,11,626,Medellin,6.25386780793961,-75.56741106296508,RzeB3o_9Fvj3Cp2wXUTUIg,239,0,241,5,4930,False,2YHbr7k1aPcG2Z0UxpmW5Q
8,2015,9,388,Medellin,6.231136735401376,-75.60049331518776,6lMGlSSvYezH0CMVg9oOlw,653,0,730,10,3833,False,alWIgEunkkyCEc-dbHge8g
1196,2014,7,432,Medellin,6.252976604341883,-75.57844326422051,GDArJ9d3VAR_VqxUcFvJfA,433,0,457,15,1564,False,FQAF46Hu7m3Ad0KzprONFA
667,2019,1,449,Medellin,6.242783365869242,-75.57790314099135,zToe9B72HXnDc-MwVUPWXQ,547,0,591,14,3124,False,-e1LVq5jQBldqjZNXmoXrw
514,2013,7,321,Medellin,6.240106470984788,-75.57165962408912,KQaSz6dJwqR6o9ZH0SvzfQ,313,0,318,7,3690,False,vIsPzCp1-ylpWR-fnB1ZpA
1192,2015,9,401,Medellin,6.252996235929966,-75.58241136107186,6K_9iyU78h4f1RDTpWJ5lA,550,0,596,10,2985,False,xpI0epZRx35hRXfkPvXAbQ
1173,2013,7,525,Medellin,6.252687831575137,-75.60125187158731,VTsB-ebrgCHLITr7vcEGSA,53,0,53,14,1547,False,JUqeTCNe-lIt5iMydUxKkA
610,2015,9,305,Medellin,6.241962589536256,-75.58169633343613,t8MQAUo644RCmzfdQvEoMw,20,0,20,4,5521,False,DDipjtX55FxcBc4wU33PaQ
37,2016,3,58,Medellin,6.230697236658957,-75.57175818761341,GiO7qPl8FhkLrNrtrxydvA,654,0,731,9,3032,False,N4Og8r3LjqBG3BPthiq8qg
118,2014,1,511,Medellin,6.232842938515263,-75.59648701695872,jwtj_EpXUTJZ7TosyrXiFw,269,0,273,9,1307,True,jwtj_EpXUTJZ7TosyrXiFw
545,2013,10,397,Medellin,6.240813358482311,-75.59369723137492,GLBXk8-0rE94DMdnS6h4Fw,655,0,732,4,1308,True,GLBXk8-0rE94DMdnS6h4Fw
803,2013,12,542,Medellin,6.245966225789038,-75.59991317390299,XtEimgC9KdAtM7LsnHEULA,341,2,733,1,1309,True,XtEimgC9KdAtM7LsnHEULA
659,2013,10,424,Medellin,6.242801672914077,-75.5855688691866,pswuFFHwJh8Z0MmlBXlBlQ,656,0,734,7,1310,True,pswuFFHwJh8Z0MmlBXlBlQ
1270,2013,6,543,Medellin,6.253766893588289,-75.55765607438785,tnIdaPa38E16YT_d4kie5g,520,0,558,6,819,False,gocD9wiMk-xi-E_6EB_Iig
82,2014,1,385,Medellin,6.231952954679066,-75.57946471906635,i75yFqcLGPuE53ydyNYaHA,155,0,155,13,5672,False,EQe_ny67VxxDchxxHXs19w
1203,2015,10,347,Medellin,6.252950450998584,-75.57124552096967,1L4niLE9ul-u_sxpo7oguQ,101,0,101,7,1203,False,GaIepvSauFT1g32XZm51mQ
819,2017,7,295,Medellin,6.246195409079793,-75.58464332939249,-98j6X__RDRisxFNoRoDjA,171,1,477,4,1446,False,sFo6dz0kdgO_N4jMTm_W7A
355,2018,12,379,Medellin,6.23687107275805,-75.57150421098773,4ytw_4nufFrinc6n1-SC_g,480,0,511,10,4070,False,zlvxk0hKwM3-LfJzjXmPTg
729,2015,1,594,Medellin,6.24398831990868,-75.56847601561408,NVq7ggno41DmAouxq8b1MA,302,0,307,13,565,False,xMp8d2U2jHWm5cFZTLd3eQ
1237,2016,3,103,Medellin,6.253793595110831,-75.59153629288913,H37_gT1hASizos1hS6tcOA,409,0,431,12,5748,False,Unaaardpp182O5rQXCgdRg
1019,2013,5,353,Medellin,6.250076962685307,-75.59748891458126,XkPHmLTcaxA2u3PU83kL-g,657,0,735,8,4954,False,1L2byP3jMPSO630asPsJtQ
133,2013,8,437,Medellin,6.233287738363023,-75.58143655900626,cf-893f9dpXudBK_7VK9gg,444,0,468,12,4944,False,kHClugn_kJo_ghge4t7zUw
1089,2017,7,611,Medellin,6.250937795312419,-75.5795168520228,kvwOw9S_Shx80kkCu0Ie9w,257,0,260,13,306,False,1CLVPkUIiL5Kkfp_3bJjZg
390,2013,10,168,Medellin,6.237936370640821,-75.5894710888068,j5gbYi-fcdfjDsKWbGA9_A,321,1,736,2,1321,True,j5gbYi-fcdfjDsKWbGA9_A
628,2018,11,376,Medellin,6.242034323374703,-75.56355981662246,t1uruWjlZCtJ6vt5kDMFZQ,135,1,350,3,437,False,GpPeqObBx4qMN6i1iiPNYQ
564,2018,12,310,Medellin,6.240943996334791,-75.57414552009952,EW0REgkaVfxhGHwKKqXkGA,14,0,14,5,4448,False,zr595kxjhg_CgE6prD1cUA
1027,2016,3,418,Medellin,6.249899841423834,-75.58847613765977,C0oEdqM6-DkRnWmv4UoRVA,446,1,737,6,1324,True,C0oEdqM6-DkRnWmv4UoRVA
999,2016,3,270,Medellin,6.249019072705064,-75.56345533009213,__iABIQ1CxOpTQjUD5cLmw,148,0,148,6,5032,False,1-YBcS0kap8SzA8cVX_Amw
816,2015,1,350,Medellin,6.246002621034885,-75.58749045495983,R3VMeElIhYz-ixQu3MKj5g,658,0,738,4,1326,True,R3VMeElIhYz-ixQu3MKj5g
451,2014,4,312,Medellin,6.239489956202912,-75.58148773618792,hB_kEL_X-8M6zp4WjVyuyA,39,0,39,17,878,False,0KP4uohVrciniI71w7K80g
712,2018,12,638,Medellin,6.244071177843283,-75.58552594001472,L_A6DOyZmowJhpLqzlGzEA,493,0,526,8,1698,False,WeyEKtQr2VvIPWNJ5sGaLw
13,2017,8,301,Medellin,6.230974375875161,-75.59539748833532,zfaH76RJyIfdVUiy7Luwxw,590,1,739,1,1329,True,zfaH76RJyIfdVUiy7Luwxw
37,2017,7,67,Medellin,6.230673425919338,-75.57171919977912,kPw_oo20E7jNp3U0U6WnHw,654,0,731,9,3032,False,N4Og8r3LjqBG3BPthiq8qg
866,2015,1,550,Medellin,6.246942158616345,-75.59046115990992,_QRCDF4y5YTUkwNczg5sIw,65,0,65,8,4368,False,6NYrLRekV_hd4BQcBlQqsA
446,2015,9,386,Medellin,6.238767513804159,-75.58646467171742,kpcMtPeHmeFg_oGETV_qMQ,86,0,86,5,907,False,E1mOhPW1Age9PxdX43Iaxg
683,2014,1,110,Medellin,6.243041320819648,-75.56144562998692,rdcMF7fgRbToYmRAjifnxg,138,0,138,11,5524,False,VsJhJh9snGGvNdq5pvpwWQ
86,2013,5,357,Medellin,6.23192012111606,-75.57519444808203,FbsD_ThoEnnPqskG5hvUPQ,11,0,11,14,4420,False,bL45m9e1tyLBzdIXVmnYhg
115,2013,10,293,Medellin,6.232993971701971,-75.59945257038784,27arOdZPErYKQajuBLCl-Q,613,0,670,6,4256,False,VuCKf_QBYnVDTX1NiBfdNQ
103,2015,10,192,Medellin,6.232225767461215,-75.55857839135872,rCDK-qJUdgLtbMtuooMNig,30,0,30,10,1262,False,O_-T9_O6Ei1pABun9_guDA
1244,2013,6,184,Medellin,6.25393590170232,-75.58353023307296,5wEHe4mHCuTQoQTUBhsh2w,186,1,740,3,3661,False,FVTdp7_j3zF7c7rh62HCfQ
1241,2014,2,471,Medellin,6.253987275861706,-75.58649471366033,AYIcv3TexyWOMGKJqD6jpw,279,0,284,12,1678,False,ps4Hne98jwPgXciU6fQUWg
659,2015,9,429,Medellin,6.242792497949732,-75.58555965077119,DFKk8lXFN2PhY95ItcVlOg,656,0,734,7,1310,False,pswuFFHwJh8Z0MmlBXlBlQ
5,2016,3,322,Medellin,6.231077269647088,-75.60349019558441,U4OVbfvVrEJ3UmdkoZuS2Q,275,0,280,6,2000,False,mqqafN7n9JdPEicdx0zWYg
781,2015,10,292,Medellin,6.245021761553732,-75.56942687470507,bhLrEahF5KPNhWwcc-TnNg,61,0,61,8,3637,False,b9Hip0EcRPSyLf_j1CokYQ
31,2014,4,354,Medellin,6.230992463268365,-75.57747950596175,lqFftw8b_LMfCezu7l952A,659,0,741,11,5409,False,Akjy8sq6oXdCvxJfpcGzqQ
675,2017,6,535,Medellin,6.243044781466899,-75.56955544784428,CAjFMUT6tTN9Xu-ln5ySPA,573,0,621,7,1238,False,TOWbkVVPRLv-RDOTg1e77Q
890,2017,6,491,Medellin,6.246869603027225,-75.56641711870338,nvRUdWeqNPEXb5QOZffbgA,519,0,557,8,1344,True,nvRUdWeqNPEXb5QOZffbgA
691,2014,1,307,Medellin,6.244079181523216,-75.60645146230543,R1rFHyif8M59vLo8Ll48DA,193,0,194,6,3923,False,oCNJun_CyZ6zhD10jyOI9g
1269,2015,10,289,Medellin,6.254164074348821,-75.55833960572878,9kxrX5CUW0R0eju1dpOUUw,410,0,432,4,2579,False,xGY1iU1-KGJx3fxl_s4E4A
552,2013,5,227,Medellin,6.241170278539483,-75.58632763765482,OgvwutI4N76F6_VVi61v0A,188,0,189,10,1347,True,OgvwutI4N76F6_VVi61v0A
820,2019,3,553,Medellin,6.24584380002563,-75.58337947097154,pYaMdfQprI10J9gmVvsAMw,541,0,585,15,1587,False,2qLzxj9CoT4L8tdSqmTNKg
559,2018,12,317,Medellin,6.241014925831408,-75.5790923964733,GNKnBHk3_R5772N6FguAQA,583,0,632,6,3869,False,-wz-gfalzDAEkNU7QkOdYQ
499,2015,10,480,Medellin,6.23992458859672,-75.58645026803714,wn9BxKYG34oUE_4lq3CpoQ,145,0,145,12,195,False,tWAZ7DjZGAdOFE97PvPNUA
301,2017,7,293,Medellin,6.235991090469385,-75.57245139820044,1zvR-kW6QsrFu81_SCbV5Q,660,0,742,3,4880,False,jCh9tMnvf_C3i2neeiaBKg
34,2014,1,254,Medellin,6.23103375660131,-75.57442786210352,8SQziz3LhTtId4XgwQMxLA,308,0,313,8,2287,False,8c0vXGokwBvdMR6nHShWpw
132,2014,12,703,Medellin,6.232963247111001,-75.5827569652229,RyQSPaiy1eOn8N6Qx20XIg,141,1,445,5,1890,False,xHqFl7bTF9XJaZ7AOYYb-g
1010,2016,3,250,Medellin,6.249965328367224,-75.60544377848778,0fbUAr3E6dcSlGzxNLYjWw,609,0,666,5,1083,False,0pFm1JY1qRf84HuiIhQFkA
755,2018,12,567,Medellin,6.244894925545355,-75.59539155841883,ZZFskYW9L3YYfZggh4LW2w,661,0,743,3,1874,False,NAsrP7j3vSQZUF1vQdkRAg
1142,2016,3,606,Medellin,6.251803245151017,-75.57916594482943,RLkGnyfr_X3tmT3isnWwcA,463,0,491,14,5020,False,dSyBFfaXq3s-PA5GV1GVQw
947,2017,6,325,Medellin,6.247742632527123,-75.56362007356765,Ngoa-0GARP5rMmuFQUza4Q,662,0,744,8,3557,False,eb0owjpcXStGa480ZFsZ6Q
440,2013,11,159,Medellin,6.239086733122086,-75.59242148374595,5Kelf-gl3WOZf0aeTqdbuA,97,0,97,12,2819,False,BA9OOUhjNGiAesXJvOFEvA
1023,2015,9,526,Medellin,6.249716500148386,-75.5924743788312,HDyxcEyhmTSABgXL8vwnMA,565,0,612,11,4770,False,IBJp-qJRA0jyTqOqCmqnhQ
1016,2014,10,370,Medellin,6.249902136617053,-75.5995280981484,KB5q1ST0PvYmdwS8RCXmTA,304,0,309,11,3884,False,eTDQEF27sqFUnVpZPCGdnA
947,2013,6,332,Medellin,6.247757620966475,-75.5636219576306,F3Yt2wv3pJf6ki4Mbe3RKw,662,0,744,8,3557,False,eb0owjpcXStGa480ZFsZ6Q
623,2013,7,504,Medellin,6.241911265929065,-75.56831107820896,k_0MszMyA5u0bMfbBwcpGg,345,0,356,10,5144,False,mSjzw70EMYlWoq9YJdYuCw
710,2016,3,323,Medellin,6.243640812683133,-75.58752551330602,xJGJ5hMHmqTk5QCqzAi_cw,83,0,83,10,3439,False,lpBNME2l_u4VwnFjNctlyg
821,2013,5,344,Medellin,6.246033880146343,-75.58239522944493,bHc0Yhf85a90bMFW__KWlw,156,1,745,4,3511,False,xQnM1yCNdPxGKhdKxnepeg
97,2015,10,56,Medellin,6.232047001298523,-75.56427564007576,Je_ftb4_pfdHukXZChfrBw,82,0,82,2,86,False,nG87bkcfJNDpHRltCRqDUg
355,2013,10,365,Medellin,6.23685978516718,-75.57147046421365,XgXFpCVCkH2J7Bs2MWexmw,480,0,511,10,4070,False,zlvxk0hKwM3-LfJzjXmPTg
816,2019,6,347,Medellin,6.245990448996675,-75.58747891689569,PZRxL-WfKEdhB1q2h7hb1Q,658,0,738,4,1326,False,R3VMeElIhYz-ixQu3MKj5g
489,2016,3,283,Medellin,6.240155213452363,-75.59630207745951,XGkORP8TuRxwwEb2SLMdwg,623,0,683,3,1368,True,XGkORP8TuRxwwEb2SLMdwg
381,2019,1,221,Medellin,6.237993990996668,-75.59832649819197,uPjYIkUjFuSjODGEofGx_A,85,0,85,6,948,False,Btq7NZ2gKjqtDrXZbh71Rw
1038,2019,3,449,Medellin,6.249968516755452,-75.57746919078193,RMfoQ2XIX6D-hgMBDz547w,602,0,658,5,1069,False,JefC7m_kvmd9_zmR-ayQOA
1158,2014,5,284,Medellin,6.251928630415267,-75.56444870975835,HJGqdly2o6PCd4GlAmLs2A,663,0,746,4,3120,False,b_1XwjLsI3AvM7jLu9NqpA
913,2013,5,275,Medellin,6.247959312261592,-75.59641470997799,S07e9zJTgJ_oZwTo5aTxoQ,595,1,747,1,1372,True,S07e9zJTgJ_oZwTo5aTxoQ
85,2017,8,292,Medellin,6.231990758558842,-75.57657087629723,PFqAMexT0SbIKVBzDm0Tlw,178,0,179,6,196,False,0UCZ8VrL0ytxw2_iPVzbEw
463,2017,7,456,Medellin,6.23904939090976,-75.56951315998613,9DXWf85_0KJbKy3IooqRcA,123,0,123,10,4579,False,WfR4sEgsguZ-wwLuSiu_RQ
807,2013,6,389,Medellin,6.246163575167427,-75.59630219555034,foncLR7VRQ6fQwEs5hoAyA,129,0,129,6,5776,False,4eopG87MeoWvH8HijG3QKA
931,2013,10,320,Medellin,6.247824049527154,-75.5794471005405,Puvu9TpKCH0ITyFMEXoWyQ,121,0,121,17,2711,False,iuuOp4Qjdr-KC2e7QSgVJw
751,2015,1,619,Medellin,6.244956842299453,-75.5993937888473,HkVg4Nro_Hr9FW-HjdoF9g,59,1,748,5,4398,False,h3RdqaCNuEABCQiuTZLgQg
772,2016,3,260,Medellin,6.244901026897453,-75.57863538373002,gtjixsgfEmIEMHNbXvDUlQ,225,0,227,11,439,False,iNi6ZSbJqnsuRazytIxJmQ
176,2017,7,311,Medellin,6.234009550471151,-75.59155842293417,14FeFB-c8RnOS2sKNqzcLQ,664,0,749,6,3964,False,DRLfW6cc3XWucCo5wXG0pg
714,2014,7,363,Medellin,6.243995362677934,-75.58330867141449,cSp39KJxbJVtxC09JtXqjg,423,0,446,8,2504,False,mqAP9pCIiDs7cuJOnv-9-Q
472,2019,1,547,Medellin,6.239285994227001,-75.56068907910078,Eom7Q51iK3FjNmhNHMJWDw,108,1,750,3,4713,False,Qh3fJiCIS73GCi9tI5pkwA
75,2017,6,309,Medellin,6.231840920879637,-75.58648712250212,rW8VfzP7CqxKuhkXRYyMIw,152,0,152,8,1382,True,rW8VfzP7CqxKuhkXRYyMIw
439,2016,3,135,Medellin,6.239057315541819,-75.59344664858833,qrRhWDzfrLzMcVJ6GN99Sg,133,0,133,15,139,False,6RODKNs7Mffqx12nXyMPdg
702,2019,4,198,Medellin,6.243888650849084,-75.59556325003392,TaSzbwJ3PYeLYKTxdG3iWw,375,0,393,5,1384,True,TaSzbwJ3PYeLYKTxdG3iWw
563,2013,7,694,Medellin,6.240933885637591,-75.57547945214061,K25WA-r2SMNGwcbgWYjaiQ,665,0,751,7,2382,False,ABCjPqOM92ZNzeL-arEAqw
1110,2016,3,220,Medellin,6.250778808408065,-75.55858678878869,qceSTknYdBrXe9MgPaI4wA,666,0,752,5,3255,False,Eydh6TliblV-y7cgJLPAig
612,2013,12,311,Medellin,6.241935344901555,-75.57949806687454,fFhxiiV9eZ7T1eDmO8zxOg,667,0,753,5,1387,True,fFhxiiV9eZ7T1eDmO8zxOg
248,2017,6,390,Medellin,6.235127988337199,-75.57244341405811,nE1pIjFRwdmXHvZmQQgefQ,332,0,339,13,5031,False,HhP3a0w78KKBzm0LMsWKVA
607,2013,10,484,Medellin,6.242029604555547,-75.58454825853316,ZFDnJIrbYd5NEQJ4JTr1SQ,364,0,381,7,483,False,ZTXBURk2Dk2q0US1r_CVnA
424,2019,6,519,Medellin,6.238983613053971,-75.60845907597874,95p2KoK_55P0tGMLT4ZEEQ,420,0,442,10,5998,False,mCoEYACvuwSyWp-7fDfpuA
817,2015,10,315,Medellin,6.246020602736994,-75.58638599229667,id586RpMaTB9UMe9ZBPEWA,540,1,754,2,1391,True,id586RpMaTB9UMe9ZBPEWA
510,2019,6,455,Medellin,6.239880236380577,-75.57549669889178,wfuMdhgxj0URPIXPyxZvzg,55,0,55,13,3770,False,dUojXRqaMWPoqYdvhksVaw
622,2019,4,432,Medellin,6.241839185381807,-75.56941237923655,qFVCvOZJPjMWur6q3TEyXQ,432,0,456,13,614,False,fe1unOtAlLl2Z6S9sPNpZA
617,2019,6,508,Medellin,6.241883110036917,-75.5744926232579,ldFc24mhUCqTHsW8RJd90Q,297,0,302,4,1394,True,ldFc24mhUCqTHsW8RJd90Q
1178,2013,6,288,Medellin,6.252881377275092,-75.59643095053873,Vm8GhDV1w0iODJ877Ftt4A,154,2,755,1,1395,True,Vm8GhDV1w0iODJ877Ftt4A
463,2015,10,443,Medellin,6.239040558198393,-75.56952905835804,kP4QfDw1ZxcOG6AmoiG_jA,123,0,123,10,4579,False,WfR4sEgsguZ-wwLuSiu_RQ
653,2017,7,270,Medellin,6.242984479717684,-75.59176630621658,kdWlwAgk9YgW7EZ-evTG3g,77,0,77,6,80,False,QuwkUMxa2ojpHuU9hV16bg
547,2013,11,407,Medellin,6.240973665632745,-75.59141329555358,tfT1eBr2uUFGlh0ohDhY6g,668,0,756,9,1884,False,rAkBRFhA68CtilWk5pTTvQ
1235,2018,11,412,Medellin,6.254141095893287,-75.5923739884568,87YwOEpZidyQblRWXrN09g,111,0,111,9,2463,False,Lmi4l4EWJA7URGmbKQCAyQ
769,2014,2,627,Medellin,6.245058584172138,-75.58151710836792,3U5WBUeEu9IPyyrB5DHDBA,631,0,693,11,5670,False,GBc0pSYHU-fCviglorq83w
63,2014,1,509,Medellin,6.232098861044237,-75.59854691130445,Su5dY5tEvp4_ZrybIHPpjA,669,0,757,6,4085,False,gpi9JxIZYUaD_buawpLJoA
705,2013,12,264,Medellin,6.243839530759665,-75.59260879538343,O577PqGGtH5bAODtTzablw,543,1,677,3,3982,False,URMGni8NspiZXI8IP2I6kQ
13,2016,3,116,Medellin,6.23096604595681,-75.59539571193011,iMHkUaU1usnaVgBW-RLS5g,590,0,642,3,1403,True,iMHkUaU1usnaVgBW-RLS5g
571,2015,1,671,Medellin,6.241014642618845,-75.56744696263317,bUtxyV9S-FinJ-F_MYM--A,319,0,324,15,399,False,UJoqrLeHP-SeuDLV566DYw
341,2019,6,285,Medellin,6.236912748509171,-75.5854198385848,ITw1RrWY0ckZn_6YJVT_pg,670,0,758,4,1405,True,ITw1RrWY0ckZn_6YJVT_pg
931,2017,6,317,Medellin,6.247790914989683,-75.57942363825798,m-2uzyUdaEslM2hGwfkS8g,121,0,121,17,2711,False,iuuOp4Qjdr-KC2e7QSgVJw
1040,2013,5,370,Medellin,6.249940464709985,-75.57524431694806,4mspeqYI4iXsA9v8IrF-sQ,236,0,238,15,5221,False,kqL5triMYOxn1GZlLkeH3w
1073,2013,6,294,Medellin,6.250995747524803,-75.59573571608263,ZmukUAbsnlhhPmL6ALTA-A,539,0,582,3,4313,False,1YpjbEdSnHG_a4jsSKuZ7Q
803,2013,6,339,Medellin,6.245958329703492,-75.59988576152892,MNJmtrUDIKqkl7be4xcr5Q,341,1,454,6,5528,False,xaYC9tQ9J1MwrT7Lh5ly3w
953,2018,12,380,Medellin,6.247943080296293,-75.55639774969409,aWBH6limAjNc1kW5D4cQqQ,671,0,759,2,1410,True,aWBH6limAjNc1kW5D4cQqQ
1017,2015,9,104,Medellin,6.250085486541785,-75.5984610570179,Cq6MOhNoYxqkI_2Bd0CoXA,197,0,198,12,1474,False,rBqF-eC5bY6LeA4Xmryt2w
1189,2013,6,80,Medellin,6.252626412800005,-75.58541583907484,2hYi4GwojGWxbwuyxxnJNA,379,0,397,9,505,False,WkSsrlBdV2prl9FnUuPfCQ
72,2014,1,488,Medellin,6.231792134433634,-75.58945050269396,tHWuLYo0l6M2T2hhnCPopQ,88,0,88,10,1413,True,tHWuLYo0l6M2T2hhnCPopQ
252,2013,10,39,Medellin,6.235036279250854,-75.56832765365806,sohF7lIBWHhAblegjLamjA,478,0,509,5,1414,True,sohF7lIBWHhAblegjLamjA
165,2013,10,399,Medellin,6.233850412654262,-75.60244103722594,3xanFAjATwirPdd_-BVINw,672,0,760,4,1415,True,3xanFAjATwirPdd_-BVINw
623,2013,5,514,Medellin,6.241919640769567,-75.56831704326272,AWiZ3SfcGLbvPQJqWceqng,345,0,356,10,5144,False,mSjzw70EMYlWoq9YJdYuCw
1022,2019,3,625,Medellin,6.24993398635567,-75.59346879109256,GxwjQtQVzFDdHg-dy4Sn7g,673,0,761,5,2726,False,ws43EDyjcWeuOVYaUYEPXw
1037,2013,5,323,Medellin,6.250020125564398,-75.57851272047078,LjsTxvtj39C2iyUOSr3OPQ,507,1,762,2,1418,True,LjsTxvtj39C2iyUOSr3OPQ
667,2018,12,441,Medellin,6.242774790027234,-75.577878880737,dGDQi-gDc4cN6dY-BFRFyw,547,0,591,14,3124,False,-e1LVq5jQBldqjZNXmoXrw
451,2017,6,310,Medellin,6.239507552558356,-75.58148362319899,sB_qbR_IZgm7SuOlFYIP8g,39,0,39,17,878,False,0KP4uohVrciniI71w7K80g
305,2015,1,238,Medellin,6.235947903387833,-75.56848248049351,XUi6mgUEe1EuUP6Mgji_Lg,674,0,763,10,4468,False,mje2GBPFL-pA5Htkt7xscg
128,2013,5,240,Medellin,6.233030074833334,-75.58650559218101,ezDVp7oTRfwhXXhBSPIJkg,646,0,719,4,1422,True,ezDVp7oTRfwhXXhBSPIJkg
728,2013,11,332,Medellin,6.244051924517024,-75.56944989617112,FODsCz_zQ5G98b3ZCluccQ,104,0,104,9,2628,False,O09yXQNhZbYFcK7CNL8hWQ
1197,2017,7,286,Medellin,6.252985598127891,-75.57745306935647,--GFvbX4fEevS0CNuGnGZw,2,0,2,11,5954,False,it0HTMj-KfACyaiRor9IZA
953,2017,6,180,Medellin,6.247966313743097,-75.5563572980255,e4-X7YTknno_gfovaPuXhA,671,1,764,3,5254,False,-2eXoiPFO_MZaTv9zlQryg
1237,2019,3,101,Medellin,6.253771254023654,-75.59155753796541,2hQPBCcBX_KPRYYdWSEkSQ,409,0,431,12,5748,False,Unaaardpp182O5rQXCgdRg
1025,2017,7,552,Medellin,6.250136283693507,-75.59047346178808,-A9firBORM6f1IEmrTGF_Q,201,0,202,7,1427,True,-A9firBORM6f1IEmrTGF_Q
1114,2018,12,86,Medellin,6.252119957715887,-75.60736673718493,6x_ooby0wQOIUdN1Zns97g,652,0,729,8,2850,False,NzzmyLIDhftOfpaF0WOo1w
960,2014,4,384,Medellin,6.248972688242415,-75.60241789770154,n5iZmgSEAG8CWQc0bzsaCw,9,0,9,8,5041,False,EAHP9dd2pJICQgwIPF5Yjg
248,2013,10,387,Medellin,6.235134184415051,-75.5725083342494,u6WI1NaGxwEpKC-vhn6KPA,332,0,339,13,5031,False,HhP3a0w78KKBzm0LMsWKVA
132,2019,6,528,Medellin,6.2329618734427,-75.58269276768065,6JrD9UF9qJDD1WlSZ2QlfA,141,0,141,10,2360,False,77w1I-sYHmT3elPo-oZ6UA
703,2013,8,225,Medellin,6.24404187953927,-75.59433305762151,i8u8I79Yzsow0dz8YNKiQQ,479,0,510,8,4488,False,sum4ldqupyh9sTodit7gxQ
761,2017,7,380,Medellin,6.244993902417021,-75.58935239040687,mNDOsByU8XtjWeMs_SFNVA,675,0,765,8,3754,False,qT_NGQVbF_T3FRvYTYVXmw
403,2013,6,515,Medellin,6.237960319844723,-75.57652285127415,6OA9cMETht98EmCnL0tFTA,473,0,503,13,2283,False,0wns_31olfodW5lI18oknA
462,2015,1,618,Medellin,6.239052717105159,-75.57047289490816,P-1yS2UD3vazaRAbdcReMA,542,0,586,13,1869,False,odRTreOwNDTVzVYU2Fx6lA
1114,2017,7,80,Medellin,6.252117257955045,-75.6074021856286,tP05HpIp1Lners1ADG3B1g,652,0,729,8,2850,False,NzzmyLIDhftOfpaF0WOo1w
564,2013,5,301,Medellin,6.240906933251533,-75.57416468944591,h6Mu69uQ7TvzeQjH0uIehw,14,0,14,5,4448,False,zr595kxjhg_CgE6prD1cUA
802,2015,9,312,Medellin,6.245966820826355,-75.60112670000031,bFbR7yCeDs4bUaFcI2Yi-A,676,0,766,4,4836,False,Idy-AGODDc_jKrW3hpJGXQ
1033,2015,9,424,Medellin,6.25000123074224,-75.5823480848725,ANTRWYoPEDAgcWTVzDCHkA,482,0,514,6,4441,False,fb59VllC9bhRCFvaDQdriw
133,2015,9,416,Medellin,6.233290570288947,-75.58140656256637,JJKVDuKQFae2p2SvAKJHVw,444,0,468,12,4944,False,kHClugn_kJo_ghge4t7zUw
995,2013,4,359,Medellin,6.248954380054802,-75.56770852792934,nWw7BBmT_NIcXx3PBDD0Wg,549,0,594,5,2080,False,j6WnKULpERXlGwaKGnszGw
1050,2019,6,431,Medellin,6.249940498110703,-75.56539028840568,HbmlhEyu1Mm-cORzeFmAoQ,234,0,236,4,3437,False,ZUdPYAB1PIm5uzCH4QOmmA
663,2019,6,241,Medellin,6.243075029954509,-75.58122556024405,_2YbJZCP1BG1TkD7fQt-3A,48,0,48,5,49,False,mMRS0STlQ_gdx8gxTt6DLA
781,2013,11,291,Medellin,6.245027042332046,-75.56944574585543,Q7-PXP_aYoYG2coNzIiJGg,61,0,61,8,3637,False,b9Hip0EcRPSyLf_j1CokYQ
123,2013,5,302,Medellin,6.232953722565254,-75.59148392761635,3hcIgxN0LKmh6XQ-6rPUiw,677,0,767,6,2588,False,jCW-2espNctu3dLdh_0t8Q
819,2019,6,300,Medellin,6.246196216417403,-75.58462998424953,sFo6dz0kdgO_N4jMTm_W7A,171,1,477,4,1446,True,sFo6dz0kdgO_N4jMTm_W7A
744,2013,5,492,Medellin,6.244952990155167,-75.6063224931145,_tKekzN2K6LCtr-STKLXMA,624,0,684,2,1135,False,CXs3tibl9JcrpDoLlaPxWg
552,2018,6,308,Medellin,6.241199172312715,-75.58631878908875,V1F33W4UzIeqwp2Auv6P3g,188,1,768,1,1448,True,V1F33W4UzIeqwp2Auv6P3g
318,2013,6,326,Medellin,6.236773730223925,-75.60839747709815,tbi6v6d13r5QS3_VHKbLXw,678,0,769,2,1449,True,tbi6v6d13r5QS3_VHKbLXw
357,2014,1,248,Medellin,6.236975170918249,-75.56948258790153,VQHPWxarZjN9g9mN-GWWkw,503,0,536,15,4633,False,lHqPaXIdMlo_sny6QGShNg
1158,2013,10,279,Medellin,6.251939997207627,-75.56444527607083,RK6jI_FWt66TMlX39AowDA,663,0,746,4,3120,False,b_1XwjLsI3AvM7jLu9NqpA
163,2013,10,274,Medellin,6.23401197687352,-75.60443335783067,kMWvy8PXjx6BpfvRKIe1dA,612,0,669,7,5096,False,UdzM-aXDJ-t4RGcrcpCPjg
1244,2015,9,194,Medellin,6.253931377451669,-75.58350941199079,8jKyV99zlbpgc7VO37wguQ,186,1,740,3,3661,False,FVTdp7_j3zF7c7rh62HCfQ
1250,2017,7,557,Medellin,6.25407772118545,-75.57772499817851,nrPaF50buylty8pl_HSgCA,545,0,589,14,1040,False,-iMvOeIAoosR2E1Ru8OXkQ
43,2014,1,463,Medellin,6.231057884821461,-75.5656034637802,ortWCOSValaoK5mBqrCmjQ,52,0,52,13,5508,False,lowyxbygebLHZ9RkBBd8tA
885,2016,3,375,Medellin,6.246925989590576,-75.57129308292582,G_rZCH-g4O18fMvevr6vtw,390,0,410,4,3926,False,qaoEveGa_log-3foA41XbQ
31,2015,4,347,Medellin,6.230960048210586,-75.57743876473123,SbMA5cwqLhqzfb5U88uFMQ,659,0,741,11,5409,False,Akjy8sq6oXdCvxJfpcGzqQ
648,2014,1,458,Medellin,6.243150495707584,-75.59625386340672,b0NF_VBM_8Qc67R9YR3F4A,679,0,770,3,3630,False,at5uV7PCEGjX82OUXKWSoA
1212,2014,8,284,Medellin,6.253023655697434,-75.56244645467382,2T0ZSJaxSfcq3BJ99uNDew,620,0,679,9,1807,False,FqqagEzZnCTrVN-8l72cew
139,2014,7,306,Medellin,6.232899373095981,-75.57506639357791,jVilefkCrzlJ_-nNcWy1aw,187,0,188,14,2830,False,iCqDiyAXSg7bFacR5rT8kA
520,2019,1,475,Medellin,6.240057596530032,-75.56545933126476,Jj146AcZXGa84Dp-0lPv4w,680,0,771,1,1461,True,Jj146AcZXGa84Dp-0lPv4w
1039,2017,6,553,Medellin,6.250001470548661,-75.57659261874204,7Z40YMrwC-OZyWM_Hl3Qyw,681,0,772,5,3027,False,Afje7jPyZllia46e3nfHlw
20,2013,5,322,Medellin,6.231497463093912,-75.58847624212234,TMRjsvCXJ4fVtd_ihDS9Kg,358,0,374,10,5180,False,KfQ6slCt84vvRte8rPdI5g
759,2013,8,493,Medellin,6.244753231609234,-75.59137903497007,jB0SRNb7-ZSgCXXp0e-DUg,562,0,609,6,1162,False,VNmAEwaQqqydNNYwpLerfA
610,2015,1,297,Medellin,6.241970863777171,-75.58169236115907,Aoas-LUp7Tvwsyb1sGcNhQ,20,0,20,4,5521,False,DDipjtX55FxcBc4wU33PaQ
43,2015,10,452,Medellin,6.231067797755617,-75.56557478623124,E9-04hSyuELxUuBO2IypkQ,52,0,52,13,5508,False,lowyxbygebLHZ9RkBBd8tA
339,2014,9,401,Medellin,6.237018483009104,-75.58745269311324,vUoAb7o-uOwSj5FCnvXIqA,682,0,773,8,3949,False,JuR0oS4UpS3q-ScgdHwUWw
713,2015,10,143,Medellin,6.244168586029587,-75.58431766149168,2qiUauQjLPMcc2wZzzJUhA,205,0,206,4,3793,False,uBtMxz8E-JmaPWZUwIl28w
527,2019,6,228,Medellin,6.240156315661875,-75.55834807799039,6Yg_c7JQH5Dxln5EYlapMw,683,0,774,9,3052,False,6UuGx_0GDIo2tKWusnO9tQ
704,2013,11,675,Medellin,6.244026306772223,-75.59353688341926,y4EjUDJfbicClw7bkXSebw,8,0,8,7,2655,False,CYi2eJ7oDGUIJm2I6ii_fw
670,2015,9,90,Medellin,6.24295008294397,-75.57554359682835,G1Fd7YYsMTq5vdfbdBUsig,386,0,404,6,4965,False,mYnNx20cof6yeEc4Ku4Bew
1026,2017,7,573,Medellin,6.250006385993509,-75.58942323992375,-Co4I1oLR_qsEYl_ZUoUuA,684,0,775,6,3477,False,DbNlfBBhaeioxHCrrMXcHA
503,2015,9,561,Medellin,6.24007542491954,-75.58246688471603,3pCRTCwMBiyqQu32SNPYMw,450,0,474,12,3653,False,FEkNCVFOMZssAYFiYDzPCg
1017,2015,1,109,Medellin,6.250084616192243,-75.59847357467675,rBqF-eC5bY6LeA4Xmryt2w,197,0,198,12,1474,True,rBqF-eC5bY6LeA4Xmryt2w
775,2015,10,97,Medellin,6.244915181917415,-75.57546710576148,L72rd7uHmfvU0IbYWBVP2w,414,0,436,10,3323,False,4i6vR2xj3YGq6lenfCDLeg
785,2018,11,232,Medellin,6.245079371466741,-75.56534013470842,bgfe-dnGa4Xj8LsrR43ZSA,114,0,114,2,120,False,6AsLk-qvNEmLjr5yrburoA
927,2014,1,236,Medellin,6.247934921859392,-75.58258061975641,6naycHFLqnB0DR_6D7TdQg,354,0,368,6,1477,True,6naycHFLqnB0DR_6D7TdQg
136,2013,10,308,Medellin,6.232777192371427,-75.5785492238322,9c8jTvj-v73Lrlr4Y95HfQ,408,0,430,9,5721,False,ctkejBcdA0hkyHLV-ldZ4A
112,2014,1,73,Medellin,6.233011403317056,-75.60219135918368,KD0s_SaX4GVUOx6UymXT1Q,230,0,232,12,1479,True,KD0s_SaX4GVUOx6UymXT1Q
810,2014,3,550,Medellin,6.246310730112235,-75.59341008986054,2TOQUkzln4X0v3ziEJm5JA,160,1,776,1,1480,True,2TOQUkzln4X0v3ziEJm5JA
320,2015,9,114,Medellin,6.237040910924938,-75.60752962169143,3Tkm86v1h7iqjvr1B7_NyQ,685,0,777,2,1481,True,3Tkm86v1h7iqjvr1B7_NyQ
143,2013,5,476,Medellin,6.232873773613743,-75.57114985317104,y60dk1B32eXesA3U_oNMdA,599,0,653,4,1057,False,nu8gAXEm5inwEDUtyDZ4hQ
980,2013,6,187,Medellin,6.249014335543032,-75.58245089263639,dziV18soJJ6uvct3cfHY5g,686,0,778,6,5680,False,VxYKWnTbEM17paWXEuZJ2g
82,2019,6,380,Medellin,6.231954730986772,-75.5794401383249,_vrsSvmQ6VrN7VNxmvPx_A,155,0,155,13,5672,False,EQe_ny67VxxDchxxHXs19w
1008,2013,6,363,Medellin,6.250135896891528,-75.6073489778128,y-COaTg_rHxd60QtcWKhug,461,1,779,2,1485,True,y-COaTg_rHxd60QtcWKhug
1197,2019,7,299,Medellin,6.252980384094981,-75.57744059490807,nmtdhiWXcmKgaCZUHX3JmA,2,0,2,11,5954,False,it0HTMj-KfACyaiRor9IZA
80,2014,9,627,Medellin,6.23200662523491,-75.58143091244465,VBy-DdDUL1NTk1i4GABF2w,553,0,599,12,1487,True,VBy-DdDUL1NTk1i4GABF2w
1246,2017,7,626,Medellin,6.253837896236871,-75.58115668837094,p-IAh9TfuMfZiOlVHJpviQ,3,1,780,1,1488,True,p-IAh9TfuMfZiOlVHJpviQ
1063,2014,8,308,Medellin,6.250958450274275,-75.60548748881344,G9mNdJJ_euWVSeSt4QJMuA,537,0,580,10,5826,False,oI9fqFFx5ZctOqQB_FT72g
7,2016,3,376,Medellin,6.231063419095336,-75.60137779792613,MWEoThLtrFp5-238gywu3w,347,0,361,8,2574,False,Zn9eNqGKP3HBXBIJdM_HoQ
767,2014,7,318,Medellin,6.244973570256514,-75.5834799435311,QFUs22d-1qPZ3SvOpjqudQ,614,0,671,10,1249,False,dqxnGqgoJWMbjp1U-qdLDQ
1105,2017,6,265,Medellin,6.251112362143068,-75.56354357315172,jm7a4haLbmB_5WboeolQdg,528,0,568,11,1836,False,hqT88xe-v--_Te1ebSwm4Q
148,2019,7,273,Medellin,6.232857503934701,-75.56662891033217,OMXSRs31CEaqm_Ay1kFSvg,374,0,392,14,5111,False,hh_6AfPE8Dn1XAF17V5CFw
596,2013,11,464,Medellin,6.241905621919247,-75.59542268213553,h3ghRSMyo7bIwzJtuy4x-w,355,0,369,4,1695,False,RS3oSU61mpmCG17ZdaNUtA
1065,2015,9,520,Medellin,6.250778489963277,-75.60349352423003,jO6vGJUTDAC8IT6OXXCqXQ,107,0,107,15,3881,False,WgppQ6H_BgO9kk4Oji70GA
597,2019,4,470,Medellin,6.24189980989845,-75.59467809517108,RjPC5RYLkbMA2Ya6uuVumg,687,0,781,2,1496,True,RjPC5RYLkbMA2Ya6uuVumg
194,2015,9,354,Medellin,6.233951571144408,-75.5733229402515,ZhiPG_gvYflYhOXdZjg5cA,177,0,178,11,628,False,jbuXSv6ucKoRcHx_nG9-HQ
667,2013,10,451,Medellin,6.2427907970416,-75.57787145048708,O8w5R2jnXFXOa_G8-JkJjA,547,0,591,14,3124,False,-e1LVq5jQBldqjZNXmoXrw
302,2013,7,525,Medellin,6.236073076175001,-75.57159867436704,peGOoGtiOcfIyqSxEa2j-w,522,0,560,7,1507,False,nddPl9osqiS08HBlAV6EDg
1005,2017,6,280,Medellin,6.249035798874255,-75.55751130323394,NMgKUtja5kCmnkB-VC46xQ,688,0,782,4,4137,False,DiJGyz7udRTEJMVuf7mgPw
944,2015,1,342,Medellin,6.247990792701188,-75.56558360569764,Q43QwuRjpwb5AGvHvzqwDg,530,0,571,9,1723,False,ScL9B14enqLsQvxbzTXPFQ
388,2013,5,415,Medellin,6.237894993005812,-75.5913777566748,yPSL-5sJef0o9OJUoENsbA,689,0,783,7,1502,True,yPSL-5sJef0o9OJUoENsbA
250,2016,3,50,Medellin,6.235021914920257,-75.57029366866075,gm9zEjcSTHO1qTYdioi4sQ,306,0,311,9,2659,False,ED_JUTbGxmW0s41ufzayZw
69,2013,5,523,Medellin,6.232305487903204,-75.5924131068981,st1iGlVtyodX9KJFtuJ7sA,615,0,672,6,3516,False,KfSDEtsIaienJ9v0Da1BkA
356,2014,7,368,Medellin,6.237084025286941,-75.57037716933327,FORWjxylQTUsZEz3lQnnzg,534,0,575,12,3454,False,NYgGYqKpDAe5poycklEVWA
1043,2019,3,411,Medellin,6.250165343954682,-75.57274781774571,7xyRPpzWEYnd10YSgBOVug,216,0,217,6,1506,True,7xyRPpzWEYnd10YSgBOVug
302,2014,5,520,Medellin,6.236053563020367,-75.57161223905653,nddPl9osqiS08HBlAV6EDg,522,0,560,7,1507,True,nddPl9osqiS08HBlAV6EDg
1003,2013,6,279,Medellin,6.248848753763602,-75.55953553756541,ZZlGmhz5XvpewDiLC5olLQ,690,0,784,3,1508,True,ZZlGmhz5XvpewDiLC5olLQ
823,2019,6,251,Medellin,6.246094855537528,-75.5800947247893,WxWeautYjqCM9gcj9uG8Rg,691,0,785,3,1509,True,WxWeautYjqCM9gcj9uG8Rg
139,2013,6,294,Medellin,6.232887251954005,-75.57503781048733,c0JAeY0wHbLZHdqCyfM1DQ,187,0,188,14,2830,False,iCqDiyAXSg7bFacR5rT8kA
230,2019,1,175,Medellin,6.235020833169671,-75.59048371524956,QqGXMBbvpZr4opYh-nGfsw,638,1,786,1,1511,True,QqGXMBbvpZr4opYh-nGfsw
504,2014,6,418,Medellin,6.240131258341929,-75.58152469306852,mJ1vvNA_LIKpbaCoOiGCTQ,116,0,116,11,1610,False,0D1wsW1QIc5AwaRWzjDsKQ
873,2017,7,215,Medellin,6.246947304918698,-75.58352401478025,n9S0eQTlQ6UsREU2WasmcA,398,0,419,5,1513,True,n9S0eQTlQ6UsREU2WasmcA
775,2015,9,99,Medellin,6.244934345380991,-75.5754884327381,AaqYKBAuZuaM5oXzHl3WgQ,414,0,436,10,3323,False,4i6vR2xj3YGq6lenfCDLeg
487,2014,1,82,Medellin,6.239862582941009,-75.59834983251393,PRUC-05mjiHZ5Om1lIQWZA,574,0,622,7,4910,False,DjxKIB_hcfylqNhXmcY8OQ
476,2014,6,133,Medellin,6.239058242983525,-75.55639424866101,iVD_xff8qgqD_QJmFvpseA,4,0,4,8,4648,False,Ch8yuEAZnRROXU9wCoDiVQ
919,2017,7,585,Medellin,6.247959079660496,-75.59052820564575,lLa3yv5VSZVc-FlLevLD-Q,384,0,402,9,1821,False,vBBytrNPwbD10_RMRgo5KQ
999,2013,6,274,Medellin,6.248964654764872,-75.56346925765979,b6KFbkhCozoUjQTTrKWLbw,148,0,148,6,5032,False,1-YBcS0kap8SzA8cVX_Amw
1190,2019,3,412,Medellin,6.252806386786798,-75.58444495751957,40ELd9eR3FBjAJOYl8EA7w,73,0,73,6,5804,False,RtrL_ETdDECXTc-C8pPzog
1235,2013,6,415,Medellin,6.25413877527286,-75.59236313077012,Ah3srw9yvfhzMOaSPEQz6w,111,0,111,9,2463,False,Lmi4l4EWJA7URGmbKQCAyQ
245,2014,4,333,Medellin,6.23493523234969,-75.57547671096796,S3bFKY4w908uyzvbJEZSIw,422,0,444,14,1521,True,S3bFKY4w908uyzvbJEZSIw
520,2015,9,352,Medellin,6.24007538687584,-75.56549051478437,Ea3agtFlS_o2dmH5nvbtDQ,680,1,787,3,1960,False,HOHfeY4w3yCgwKOfb1YJSw
703,2017,8,242,Medellin,6.244032869877365,-75.59437173409582,LP_jl-t70ZRjm-eXXx4MmA,479,0,510,8,4488,False,sum4ldqupyh9sTodit7gxQ
1036,2014,1,430,Medellin,6.249808796386081,-75.57918613077884,ppD0eak4IGxKGlmVcWyXRQ,99,0,99,11,1524,True,ppD0eak4IGxKGlmVcWyXRQ
872,2015,9,371,Medellin,6.246941045771922,-75.58446208327399,QQF1XAH9fZ8HaFBjIeQMWg,692,0,788,6,3449,False,89OrrL3Lo27oq9Wv-j8o2g
881,2013,8,642,Medellin,6.247015851167298,-75.57544537045497,ZeJL1ARBDOvlNi3Gj5EPYg,50,0,50,6,5964,False,GzPvf8v21ZspCK43dYaubQ
1249,2016,3,594,Medellin,6.25389727247159,-75.57818331248421,aCSE_v8DTIz91b55GABIHg,693,0,789,6,2220,False,H3qrfV68wSEABYY5HahcDA
1154,2016,3,246,Medellin,6.252193065199607,-75.56634199667371,2Q5522qnhvl_mzAb5mxVwQ,220,0,222,6,3626,False,6dnxYxSIzmj_gPpeJg6ebQ
976,2019,4,181,Medellin,6.248915289332342,-75.58647113024425,yUcdjM3SLnX6FoLUg6HWNg,49,0,49,9,2259,False,NDZySTYvV1ZIZ51KKxbEaQ
557,2013,10,149,Medellin,6.240998409375918,-75.5816393598692,963PLgr_s9gA7xLDam0UAg,694,0,790,2,1530,True,963PLgr_s9gA7xLDam0UAg
813,2013,5,155,Medellin,6.246011513466077,-75.59037268065244,sc2kbwwmf1awYItLZBbpmw,695,0,791,4,1812,False,-UDggXnKswd6Keo683HqtQ
96,2014,8,434,Medellin,6.231757875265561,-75.56592068267653,AGjRml0XvM2TuO6UQRI36A,377,0,395,14,2443,False,jdpHJPRJ2lyR0zz1KlWmeQ
126,2013,5,319,Medellin,6.232418622111377,-75.58841888941649,Ezis5P0BFhVSUPLCtEqMwA,525,0,564,5,1533,True,Ezis5P0BFhVSUPLCtEqMwA
947,2019,6,349,Medellin,6.247732923388729,-75.56362447071812,agJXev8ZhKY5TZ6iTC64Zg,662,0,744,8,3557,False,eb0owjpcXStGa480ZFsZ6Q
846,2013,5,200,Medellin,6.246316325184548,-75.55729242980854,1yEu1jMYYBSSi2l9RqlDaQ,696,0,792,4,3076,False,juPZBljstVuc0UocKf5IKQ
33,2014,7,424,Medellin,6.230966392780509,-75.57533132187068,aqubuvfIQew2SJ2kS6Nvag,381,0,399,15,1114,False,tYT80Y3JdyPPRNFz3aM8sA
119,2017,8,502,Medellin,6.232991424378932,-75.59542246307448,0jVAR2lTAD-oQAEy5io83Q,514,0,551,5,808,False,v7tfecP7NzuAB2QX-LOYZQ
330,2013,12,345,Medellin,6.236999445992515,-75.59656229953889,8xUq-ImVN2Q9laAxMlZvOg,513,0,550,8,1178,False,nVLn_rXk9K8rlPCU2Q9ZsA
365,2013,5,405,Medellin,6.237085428708022,-75.56155148574307,gdycERcV94wvnQ9B9eAr8A,591,0,643,4,1038,False,QOLPv6Fzswf8m2_g4ktiMQ
501,2013,8,374,Medellin,6.239995778983023,-75.58448483817803,-0Zo_tnkqFsVbwyoQUY-jQ,261,0,265,9,312,False,kLaa1EQ2G8YMudoEl1xhVQ
515,2014,9,174,Medellin,6.240258324334177,-75.57041995852494,uySNHTecwgRGVXHwd7i4_A,340,1,793,1,1541,True,uySNHTecwgRGVXHwd7i4_A
1035,2014,10,299,Medellin,6.25037925017367,-75.58052493600981,GmdOMPUmJjH2cRKvpn2vpw,413,0,435,11,1158,False,S93MMwqhbadPTKBSOyjvyQ
659,2015,1,435,Medellin,6.242798317261755,-75.58556326966153,10viQ8HsxpZPmPALZqbVzQ,656,0,734,7,1310,False,pswuFFHwJh8Z0MmlBXlBlQ
1228,2017,7,336,Medellin,6.253867293427269,-75.5994074607096,o1ZlrnuxrmF_so6K8smzUQ,199,0,200,10,2064,False,4S8DuhpXslg28kaz9miDpg
344,2013,5,529,Medellin,6.236981484449052,-75.58264745208713,WEbBGpT9a0zugVMYX1Qg2Q,117,0,117,12,456,False,eeZ0HmiL2cKsqpHsK7Rusw
866,2019,4,539,Medellin,6.246937472839528,-75.59045372352959,G_eLIqbmqPUHz-TG0xhSVA,65,0,65,8,4368,False,6NYrLRekV_hd4BQcBlQqsA
1173,2014,1,526,Medellin,6.252696258036964,-75.60123457464309,JUqeTCNe-lIt5iMydUxKkA,53,0,53,14,1547,True,JUqeTCNe-lIt5iMydUxKkA
431,2019,3,295,Medellin,6.238866982214056,-75.60145956099252,OJPmxCFdJPGfNlx-UqL8ng,697,0,794,9,3774,False,gZC0NahL8jRrUYXRt19duw
889,2018,6,429,Medellin,6.247422976606362,-75.56731031786637,AYMBg8FFvjY52HCNSsY-2A,429,1,795,1,1549,True,AYMBg8FFvjY52HCNSsY-2A
392,2019,6,329,Medellin,6.237992216912069,-75.58747680631816,jBlvzg-t27ED_hzH5J5jqg,292,0,297,8,1191,False,5BIDX5zsermmN027xck0NA
142,2015,1,262,Medellin,6.233193864920533,-75.57279823662854,ItpmXftGPwrPraP7uuScZg,62,0,62,7,2330,False,RrJYL_k_C_lbNaIAN_Mf8g
802,2013,8,492,Medellin,6.245985746767884,-75.60114126935927,1ZdbguKFznphDNOr4czYNg,676,1,796,6,2608,False,HaJv_Ce0BGJDV421VstTww
600,2019,6,285,Medellin,6.241926281133964,-75.59245575560954,zip58cTVeW5VwFkVgnVmmw,228,0,230,10,4645,False,eFY7r9B_m0CurJ6nBEJXeA
390,2015,1,168,Medellin,6.237938484889097,-75.58946733422722,N7xotf_1m6VjKIdYBDlH4g,321,1,736,2,1321,False,j5gbYi-fcdfjDsKWbGA9_A
738,2014,5,526,Medellin,6.243904391839611,-75.55936319659342,Ez9YyKEaAlaY_NBG_gsXAw,360,0,376,6,1555,True,Ez9YyKEaAlaY_NBG_gsXAw
159,2018,12,315,Medellin,6.234359429644631,-75.60851441290966,DNrqZUzydqKljhI4LuG52g,698,0,797,3,5718,False,JRSlRws8t-xVcNTamn5f3g
464,2013,5,476,Medellin,6.239057513164517,-75.568523043297,eqhxnhRGHwfCjxE6IF7M9w,699,0,798,9,1775,False,6AchZX8c9VnmqiXvQcLysg
1258,2017,6,302,Medellin,6.253913352056526,-75.56932004355257,-RLIzO67oOY8ppOXSVE3gw,210,0,211,2,239,False,aSIqs_nDlZmRVv2B61RyhA
526,2014,8,344,Medellin,6.239993605588196,-75.55950502681358,h6e_PnPbEfkE7yh3lD_v5g,249,1,799,1,1559,True,h6e_PnPbEfkE7yh3lD_v5g
879,2013,5,242,Medellin,6.246838131584999,-75.57751932522135,xnPHaSZvut89UN37tcyYMA,700,0,800,12,2363,False,8eyEglL0qGbhrhrDWiv9og
1012,2018,12,115,Medellin,6.249934366051586,-75.60349372292845,GCz7656O5mD7YqorsfjDBg,701,0,801,1,1561,True,GCz7656O5mD7YqorsfjDBg
608,2013,10,484,Medellin,6.242063361315354,-75.58351903012145,wEcgeZivBFib9e3k8O2Avg,7,0,7,12,1562,True,wEcgeZivBFib9e3k8O2Avg
141,2014,1,309,Medellin,6.233177417906785,-75.57366034493904,aBy0M-ElynmUKHD1-q_16Q,276,0,281,11,2599,False,iQYx3brTs_CUaIoDYjE5qQ
1196,2019,7,442,Medellin,6.252973175701348,-75.57847988406476,FQAF46Hu7m3Ad0KzprONFA,433,0,457,15,1564,True,FQAF46Hu7m3Ad0KzprONFA
354,2018,12,159,Medellin,6.23725425909202,-75.5724028482574,iU7R9uWKD243YIYdjUd0jg,494,0,527,12,2640,False,7OSej7xSqYlcvU_UYP-jxg
1114,2013,5,80,Medellin,6.252093849791461,-75.60737836106412,pvhJrmIhrOpZzJeJuyhJCQ,652,0,729,8,2850,False,NzzmyLIDhftOfpaF0WOo1w
271,2016,3,358,Medellin,6.235942136521148,-75.60238004953119,O5QoHoYIpZ-LDcSWH9zX3g,406,0,428,13,1217,False,NNGA3G5UDKRgpvpxwOWTBA
393,2015,9,75,Medellin,6.238011391249601,-75.58612934141959,P0tglHFL2YHcxgwwDv0Z5g,702,0,802,2,1568,True,P0tglHFL2YHcxgwwDv0Z5g
32,2013,5,43,Medellin,6.231010423069452,-75.57619333461211,JNnD5YXCRjiUDVCT-U9HoA,13,0,13,4,13,False,TrfdqJ0ynPlMND-L-B-pUg
521,2019,1,210,Medellin,6.239938715902841,-75.56445141636327,OJRryZhHl0bvptsz91rnPA,40,2,803,1,1570,True,OJRryZhHl0bvptsz91rnPA
749,2018,12,336,Medellin,6.24497451622693,-75.60149560830978,zgwH-oY_2akbRzTSsd31Fw,465,0,494,5,683,False,6VeVgqgw05wRihrl3sZRag
774,2014,10,351,Medellin,6.244912547370327,-75.57621020625497,mSDqjvZ_mivriH4AucE0iw,457,0,484,7,1572,True,mSDqjvZ_mivriH4AucE0iw
434,2015,11,311,Medellin,6.238949097010282,-75.59848401616644,za6HXFlLxr_cWspd263AMw,274,0,279,9,3413,False,ahHRDcFtiLtBh0J7Pj2Vpg
910,2015,1,323,Medellin,6.247972053767468,-75.59949359469566,tqiRKr0Ib6XoFkR9w6CweQ,342,0,353,5,2066,False,iPi7-8-5l80AhPiJLIXYNQ
245,2018,12,316,Medellin,6.234907741172682,-75.57549952067335,9lM5Ohye5Cli2gDWGXGIHQ,422,0,444,14,1521,False,S3bFKY4w908uyzvbJEZSIw
856,2019,3,538,Medellin,6.246575615024894,-75.60057249454546,Z91-hhOjiJfEsNT06sQ9LQ,285,0,290,6,2953,False,qH7vB1AcG4F5UbnUaf6cGA
1241,2015,10,462,Medellin,6.253990095993716,-75.58651692478266,w-2z9Es0tKw5P15yOn1Mrg,279,0,284,12,1678,False,ps4Hne98jwPgXciU6fQUWg
651,2017,7,323,Medellin,6.243034375258602,-75.5934270630458,bct0xcXZpJg-RNBZu8YOUg,642,0,712,4,2765,False,p-snek7kgMrqhGcLZkzIUA
1266,2016,3,585,Medellin,6.254134520923886,-75.56148456737111,m3jCVaEo_9CsUuZDyMVoNA,703,0,804,4,5539,False,wFdmWFbroInrE2iblKmuWQ
1180,2017,7,380,Medellin,6.25313180205942,-75.59427567418925,adVHM1tA0oaVWLjvmavqHQ,526,1,805,3,1846,False,flYp2xhnY3oCHTZndjkGYg
1197,2019,3,296,Medellin,6.252978612798123,-75.57745653091946,WDaD92RgcnuS3rcOpGs3cw,2,0,2,11,5954,False,it0HTMj-KfACyaiRor9IZA
644,2014,3,505,Medellin,6.242776505145354,-75.60048512499662,KuH1QzfX7-XjzCgjPSz2xA,704,0,806,8,2524,False,tv6FLNmI4FvRc4MiD7gCdQ
703,2016,3,249,Medellin,6.244038941048442,-75.59436560397454,N8UhKhieT9FkiW-cjzmwcw,479,0,510,8,4488,False,sum4ldqupyh9sTodit7gxQ
179,2014,1,317,Medellin,6.233750627923525,-75.58944305084275,XZQORmnXPdr7qwDbZQCiew,416,1,807,3,5969,False,4Xv-cGiZoxSWEkypav11dg
75,2014,4,302,Medellin,6.231834483698977,-75.58649785544523,2zMpul_cn1mWf_KRobNFPA,152,0,152,8,1382,False,rW8VfzP7CqxKuhkXRYyMIw
1205,2017,6,336,Medellin,6.253022091477125,-75.56943905122897,MZNPoiKfrXqYvmd3dcyQPw,561,0,607,8,4649,False,0EL-4leauU-fKzDJiQow9w
820,2019,7,554,Medellin,6.245855854825723,-75.58336295382297,2qLzxj9CoT4L8tdSqmTNKg,541,0,585,15,1587,True,2qLzxj9CoT4L8tdSqmTNKg
389,2013,6,398,Medellin,6.23801455233753,-75.59058938673759,fH2LqUDmottze6vl78WGPw,491,1,808,1,1588,True,fH2LqUDmottze6vl78WGPw
760,2019,4,149,Medellin,6.245068220246231,-75.59053572676834,9iCGYT7sDX-2ufezSt1xfg,705,0,809,4,3722,False,XVCGtSPdUHvR5oHBLU73_g
970,2017,7,418,Medellin,6.24892761306327,-75.592491344026,qJojWYikpgHA3NyaZkiAyA,217,0,218,8,2873,False,oVnCR-tNtosAUl4QYvfCpA
619,2013,5,403,Medellin,6.241966750059613,-75.5726078316103,waLR_6wfoCLkp4mw7plbQQ,452,1,810,6,2902,False,bjqEhK1xOyKK3_-2vM6Hfg
371,2018,12,203,Medellin,6.237997268144843,-75.60848646500932,Ow1zz0lkoS_ZprGKEgI4yw,706,0,811,3,4073,False,8JrZIaUiLJmGqb2gfWsCIg
266,2018,12,345,Medellin,6.236095541591704,-75.60749390116239,IbzirKLl-uCvbhcoPPBIqg,707,0,812,4,1593,True,IbzirKLl-uCvbhcoPPBIqg
856,2015,9,356,Medellin,6.246574446335782,-75.60057761696355,WqJPIu2bD0DA2wnEpB8tgg,285,1,688,3,1594,True,WqJPIu2bD0DA2wnEpB8tgg
180,2015,1,609,Medellin,6.233985941787177,-75.58736313150709,IaJfXaQkwMMc1nPd8oBSKw,582,1,813,7,3662,False,_1LHKdbnllSQVUQRC6NR4A
1129,2017,7,331,Medellin,6.252033387568366,-75.59239195691302,J9kFlumY-c3zyirF5zRimA,708,0,814,2,1596,True,J9kFlumY-c3zyirF5zRimA
129,2013,12,357,Medellin,6.233015635824253,-75.5855035836851,koeHe_gh79GGQgwqoKpCAA,454,0,480,5,4511,False,o-x0AnNgVLQlIaSMgV8i5Q
1082,2017,6,488,Medellin,6.251018165143021,-75.58665686909204,GCb7uESwFGVEzTCwJuObKA,147,0,147,10,153,False,uUMCnf0NjT-IPEgOGWGJuA
530,2013,8,578,Medellin,6.240880498947897,-75.60805118326213,wQQ460MXMBZP3Ko5hw4M7A,430,0,453,9,1599,True,wQQ460MXMBZP3Ko5hw4M7A
561,2014,3,251,Medellin,6.241037046102703,-75.57733652925792,Z50hUQeLGqLU8ONH2lBpXw,344,0,355,12,3341,False,RjuQnA2ckip1zGFneGoLyw
348,2015,1,342,Medellin,6.23742378735559,-75.5781819370274,LCPU0YAnmZSKU28lu5ZDaw,258,1,815,1,1601,True,LCPU0YAnmZSKU28lu5ZDaw
1063,2013,5,321,Medellin,6.250971920403161,-75.6055248458926,CunGBNf7sfL8bMTqORvRGg,537,0,580,10,5826,False,oI9fqFFx5ZctOqQB_FT72g
827,2013,5,153,Medellin,6.245909452184487,-75.57644405424134,SvCdT18XMHa2NLo3VUF0WA,226,0,228,10,4972,False,7CqDv6t0R0tyzOg0GhBMww
1051,2014,4,428,Medellin,6.249878817706513,-75.56439439813644,ZI-yHUr2Y-vL0gS3sb0Qxg,191,0,192,15,3147,False,Mb20BGziyq-smEbDgCSXJg
78,2014,1,348,Medellin,6.231930869422778,-75.58340702742629,6cYsCszzwz1Xm4b_LXk6mA,327,0,334,9,4220,False,EqvGszrRoZSUu0-HBFQCaw
188,2015,1,300,Medellin,6.233057999634555,-75.57974069606234,prSJSrm1Mwzj0Adqqs28Ng,508,0,541,10,5764,False,0xpKwMxk607Aw6kD3DPbyQ
547,2015,11,427,Medellin,6.240937371418653,-75.59139521685643,tPEIzuLjvpctTOpPO5ssNA,668,0,756,9,1884,False,rAkBRFhA68CtilWk5pTTvQ
715,2015,1,578,Medellin,6.244050174458901,-75.58242004328218,4SUWwXHCKYcDmAli9B09MA,544,0,588,4,893,False,fVeoICQSAdHRafeyWOxH1Q
1245,2016,3,379,Medellin,6.25403469387196,-75.58239085576513,GO1Ti2P80aykKzsExo4JiA,157,0,158,4,1739,False,5L-YHx6vTmkUuPqaYD1Bwg
504,2016,3,402,Medellin,6.240131525686468,-75.58149651400285,0D1wsW1QIc5AwaRWzjDsKQ,116,0,116,11,1610,True,0D1wsW1QIc5AwaRWzjDsKQ
1078,2018,12,237,Medellin,6.250864927337474,-75.59053436720403,44PxAOXkxPEHm3vqA-bjxw,109,2,816,1,1611,True,44PxAOXkxPEHm3vqA-bjxw
90,2017,7,310,Medellin,6.232101352698871,-75.57152879847025,Xz-KjlSoLiXfcZbIjkBRhg,709,0,817,1,1612,True,Xz-KjlSoLiXfcZbIjkBRhg
732,2016,3,288,Medellin,6.244181129765022,-75.5653816570059,-k-qTxpuJTjAuVcsIqMZyA,548,0,593,10,2364,False,ELzCb9cMyeOJuCMhbeQyVw
571,2017,7,697,Medellin,6.24099724100088,-75.56743348420078,gAJKj7gcKA0o6TXxKVNuvg,319,0,324,15,399,False,UJoqrLeHP-SeuDLV566DYw
877,2013,10,284,Medellin,6.246958334007734,-75.57947797968475,aHU--BqQ47HMqREBsIOnCw,603,0,659,8,1070,False,tIvt0fZi5DGR6m4T0Wy10g
145,2013,12,211,Medellin,6.232949736978456,-75.56999615581144,oFs5LoL1vDLaMHFkDtwqbg,183,0,184,25,1616,True,oFs5LoL1vDLaMHFkDtwqbg
1217,2017,6,699,Medellin,6.253127668006492,-75.55755661187591,TgszI0tMVtggeZKCX63jRA,710,0,818,4,2589,False,vKIxIGBCCr4AyJ0JIdPQIA
85,2016,3,307,Medellin,6.231978626113094,-75.5765580570392,XBGrJCUPNPciin_VjZFDgA,178,0,179,6,196,False,0UCZ8VrL0ytxw2_iPVzbEw
762,2013,10,441,Medellin,6.245017978047734,-75.58852564922677,IP5tGmKz3ANyHadwWBpxuw,396,0,417,8,2925,False,VE_yjurHEriVFdHswafZwQ
961,2019,3,441,Medellin,6.249028107727217,-75.60148976951554,ZUV5tK7K-Y8gQ0ZSTUig4g,515,1,819,5,4979,False,_2btR7OmmYyTPwM10N-BpA
253,2014,2,212,Medellin,6.234787385300358,-75.568002767522,fwU7LA9fRanRnMwRk6OlCg,496,0,529,14,846,False,TbDIxnOfpTm0ZYZf-V7mqw
600,2014,1,301,Medellin,6.241948349303573,-75.5924775246359,G_r_n1OcB6ygRgGQAtE41A,228,0,230,10,4645,False,eFY7r9B_m0CurJ6nBEJXeA
132,2018,12,541,Medellin,6.232964113783807,-75.58269662978358,WA_OWxfj0ClQEq1f1EOLNA,141,0,141,10,2360,False,77w1I-sYHmT3elPo-oZ6UA
173,2016,3,306,Medellin,6.233956578245786,-75.59430565324293,FffmUW8zSL3GsQhBO7G09w,711,0,820,4,1624,True,FffmUW8zSL3GsQhBO7G09w
543,2013,6,370,Medellin,6.240907774117598,-75.59542408765418,43RSRY5lGC40_AK31AuIfw,712,0,821,3,4428,False,6JBejNMwkRuBzpKUdTifXw
993,2013,5,244,Medellin,6.249127323837029,-75.56936418143361,vRfZXUdR_k52Rxak5UgzAg,567,0,614,6,1626,True,vRfZXUdR_k52Rxak5UgzAg
1149,2015,10,263,Medellin,6.251833645008861,-75.57252299494529,q_PEcWnAtXjXqodl4JEkrA,241,0,243,10,3567,False,w99tbaQKXd99g63jartRbw
827,2013,10,136,Medellin,6.245912841207226,-75.57639690128951,WwFp_8k3y4jBYOXzgXvLpA,226,0,228,10,4972,False,7CqDv6t0R0tyzOg0GhBMww
1157,2013,9,403,Medellin,6.252153029784091,-75.5633574088876,NnCGTyqqb_1aViGxhRH4tQ,74,0,74,9,3348,False,MGCBk88soE-kYaZclK7Enw
629,2013,8,236,Medellin,6.242033185960793,-75.56252771017702,WzAQnL2MhozpyR1vdsXqfg,512,0,549,9,2353,False,3SK_PORFFAD4uzp72khhqw
583,2016,3,486,Medellin,6.242026895759419,-75.60851238478797,fPIEnPPfRJ_Hb7wycC8DCg,713,0,822,4,5433,False,twY6GPggb9hxgoY8frF1yA
1241,2016,3,463,Medellin,6.254005251164659,-75.58648029285219,kZQT5n9rWQihcKYgj95eQQ,279,0,284,12,1678,False,ps4Hne98jwPgXciU6fQUWg
649,2013,11,339,Medellin,6.242872767427239,-75.5953634237397,sG-H4H1HyyfMmFcotL08EQ,401,1,823,5,2746,False,zr2xkCkWb0c05dpn99B1fg
247,2014,10,163,Medellin,6.235049580190871,-75.5737584785097,_25PXe5yTpyol9YLUOUY-Q,714,0,824,5,4507,False,S5NPuuzxyBfYHQz7WObn7Q
1042,2013,12,366,Medellin,6.249720959191476,-75.5735760241192,qCu2m0rMUmdiqdkagXiMyw,267,0,271,6,435,False,QwrYMNucvmug28b42OAt3Q
771,2016,3,370,Medellin,6.244898150645125,-75.57961462348582,WuS3aWrpLjxpPbXXQWs3nQ,570,0,618,5,979,False,EvmuqmKFlWe9eNGQNwAtWA
224,2013,8,398,Medellin,6.234970193816316,-75.59650025277115,UG9sv9D8lajHVXCdpjav7g,626,0,686,7,1661,False,xJznRoeRLe1fK01A8Gsmzw
335,2015,1,491,Medellin,6.23700768923297,-75.59160769886323,_D-gMpc9sFz326WGcoLtRQ,481,0,512,6,5393,False,kpjJlfS2cRT_KtJjywKzhQ
409,2015,1,212,Medellin,6.237963943618808,-75.5704148070292,iAbwjkXtdazoWC7vBeCaeA,487,0,519,6,2714,False,Nvziye1_9FR3bEhX9V3NbQ
437,2019,6,382,Medellin,6.238976351189263,-75.59546577257773,LyYMx0L75l9Jm20Zx16cHg,296,0,301,11,4056,False,sGeo2Xf7Pvo6w8prBOfxXg
573,2014,8,336,Medellin,6.241007742310002,-75.56550199935148,uIjo5zcREpvlOJmb-FB9KQ,504,0,537,4,4752,False,Ya6Li6r41CNiJ4q2QNzNyA
567,2019,3,166,Medellin,6.240906126713109,-75.57128910987107,s2xdWl-m86JO435wlb-SnQ,10,0,10,4,805,False,KmzNP5uElgZJ6v80PsbeiA
1122,2013,8,491,Medellin,6.251979525550204,-75.59930569436604,QEirN4qCqMiF_Z01rX5OAw,464,0,493,6,1066,False,gGtGInInYD1Iu3e8kwgpRQ
487,2015,1,415,Medellin,6.239880182802517,-75.59834239088781,WbcFSmuoreHs5mrhNvo7Vw,574,0,622,7,4910,False,DjxKIB_hcfylqNhXmcY8OQ
502,2014,2,501,Medellin,6.240034688807188,-75.58344772680807,TWip2Giy8pS8Bqy5AM8zYg,47,0,47,9,3787,False,g6Used0Db70nN6rUytwlrA
118,2013,8,503,Medellin,6.232841298036615,-75.59647464003334,PHapc_rVeZ82834GG2KqaA,269,0,273,9,1307,False,jwtj_EpXUTJZ7TosyrXiFw
1027,2013,6,413,Medellin,6.249902305922413,-75.58847151565165,CvoP0Ew2BN-yH9EQsCLZGg,446,1,737,6,1324,False,C0oEdqM6-DkRnWmv4UoRVA
509,2017,7,618,Medellin,6.239911777725584,-75.57639656855913,vL_sXVZHv4J_EpblusFLxA,715,0,825,8,2986,False,asmBpnpL9y6PFO7WG4Qu6Q
230,2019,6,10,Medellin,6.23499585346008,-75.59049023580349,oGzMoknGAAG2eGXL8a4l2Q,638,2,826,1,1649,True,oGzMoknGAAG2eGXL8a4l2Q
552,2019,6,212,Medellin,6.241165546246459,-75.58633388944642,_I-Qxbc7RGgw9DmE6q-OgA,188,0,189,10,1347,False,OgvwutI4N76F6_VVi61v0A
1249,2017,7,587,Medellin,6.253876127825167,-75.57818143014563,3v-CZZErnpPLc3v6Mh6uYA,693,0,789,6,2220,False,H3qrfV68wSEABYY5HahcDA
194,2019,6,348,Medellin,6.233981302450982,-75.57332494332529,ALWijdbbhRezsm9HIebQFQ,177,0,178,11,628,False,jbuXSv6ucKoRcHx_nG9-HQ
1228,2014,7,334,Medellin,6.253859746543476,-75.59938619649508,xV2pkLj5rr0K3ZKjLAS-zw,199,0,200,10,2064,False,4S8DuhpXslg28kaz9miDpg
138,2016,3,406,Medellin,6.23292296997709,-75.57641876670306,T-LfwEad7HyI0c_inBI9MA,647,0,720,6,2739,False,3F7XToTNq-_DIok3YIHbwA
443,2015,9,106,Medellin,6.239185872898619,-75.58941206355007,aG42cPVBvf_7mgWgbJhmCg,421,0,443,8,2530,False,c5YjRmWgO-MkgSldCbNe2Q
39,2015,10,288,Medellin,6.231268279819171,-75.56948255189744,nBYdX0G4B8fl7XHceg9Zpg,392,0,412,9,535,False,P2gjyrMDNXvE8yAs-WGAXA
695,2014,4,325,Medellin,6.243930370254327,-75.60269423637236,bb1li558ICF6bjWrTQ-ogA,169,0,170,8,185,False,sbTZziG9jX2ceJQu3EVxbQ
197,2014,1,338,Medellin,6.234119729710731,-75.57047119857997,DjNjIcE_XByJHOZokVqWxg,467,0,496,4,4365,False,ekEt-q6BAv0E2l9hcSGBkg
891,2014,1,190,Medellin,6.247287207647529,-75.56530124439516,9DgCuNx8kc67awU-8D_cOg,716,0,827,5,1659,True,9DgCuNx8kc67awU-8D_cOg
751,2014,3,599,Medellin,6.244981767237371,-75.59939045034595,3c9qO5ZubmID-UryMKZ_cQ,59,1,748,5,4398,False,h3RdqaCNuEABCQiuTZLgQg
224,2019,6,393,Medellin,6.234974143301423,-75.59649411103632,xJznRoeRLe1fK01A8Gsmzw,626,0,686,7,1661,True,xJznRoeRLe1fK01A8Gsmzw
616,2016,3,267,Medellin,6.241960768462487,-75.57541732016641,DtZBtRiI3PgwuEDDBU1YcQ,717,0,828,8,4461,False,zEKpqxR-8sYFWW8-eplopA
135,2016,3,375,Medellin,6.232993620399826,-75.57949400759931,0zxy0RsFYp_4cA_JTqxHmQ,331,1,357,8,451,False,jrMwPG8DpEs-Yfa_MsBBgA
385,2016,3,336,Medellin,6.237929126818547,-75.59442427505766,cilu2OTuNqbCaf2jNBYMew,566,0,613,7,4773,False,sJ3u-tYU1g6gIK6urVFB0g
1204,2013,6,413,Medellin,6.2530030266257,-75.57041698278424,Xchgew6V8cYHbCM0PAQrnw,594,0,646,4,1045,False,WcqG85uK4UpJqjbTqf9v7A
497,2019,6,512,Medellin,6.239880528377478,-75.58841340425823,-90sDv2w5UXPALMTqdHs5A,172,1,829,1,1666,True,-90sDv2w5UXPALMTqdHs5A
644,2016,3,486,Medellin,6.242763677525034,-75.60048904382889,xqqEX8-JkSd82CY_0ivL4Q,704,0,806,8,2524,False,tv6FLNmI4FvRc4MiD7gCdQ
501,2015,1,374,Medellin,6.240002729311558,-75.58447309113586,IpqrFzcwdRtVgEFi1vxQMg,261,0,265,9,312,False,kLaa1EQ2G8YMudoEl1xhVQ
1097,2017,6,414,Medellin,6.250877629337419,-75.57144356797549,km--3lozpgQatxTUFk_JOQ,637,0,704,6,3372,False,o7cwoDp48EGFK4VOK8dycw
648,2017,7,436,Medellin,6.243112659426448,-75.59622267570944,lAbKOAXVQRI0fFtdYdrhdA,679,0,770,3,3630,False,at5uV7PCEGjX82OUXKWSoA
1105,2013,10,268,Medellin,6.251063784052584,-75.56356351105897,wxIWwfnU5Uf1qOmK87GtVg,528,0,568,11,1836,False,hqT88xe-v--_Te1ebSwm4Q
963,2015,1,422,Medellin,6.248800119918198,-75.59915836482777,McX1Tj6PKqnKL1QAx-eEpg,356,1,830,1,1672,True,McX1Tj6PKqnKL1QAx-eEpg
719,2019,4,314,Medellin,6.244037205044447,-75.5783229152877,lPh7RKd7qSHDO01kp2mnSA,718,0,831,11,1673,True,lPh7RKd7qSHDO01kp2mnSA
680,2014,6,237,Medellin,6.243370060448695,-75.5642350862554,iJp16CAkTvLKaUcoisMuyA,162,0,163,10,5027,False,9Wf-wyeLSm7fH5wEqI4r5w
460,2013,7,248,Medellin,6.238992363617249,-75.57246454638987,vbUJKT0pt6lESqFUToPApQ,100,0,100,9,1675,True,vbUJKT0pt6lESqFUToPApQ
86,2015,10,380,Medellin,6.231898270890071,-75.57514354170004,YnTpgq_EebkTLY0MsGyIng,11,0,11,14,4420,False,bL45m9e1tyLBzdIXVmnYhg
56,2019,1,277,Medellin,6.231911617010494,-75.60546638113277,H1wjCL_mfiMUC85FVhTmTg,719,0,832,6,5330,False,tk2afFExb5BvzZTaNc63RA
1241,2015,4,474,Medellin,6.253987077470013,-75.58650071205798,ps4Hne98jwPgXciU6fQUWg,279,0,284,12,1678,True,ps4Hne98jwPgXciU6fQUWg
171,2019,6,426,Medellin,6.23394382054299,-75.5963086148744,w_ZuJC2STOr4AGYmNgYu5A,218,0,219,7,4131,False,5JwMGbqAr_pVf7MIwi3b9Q
713,2013,5,323,Medellin,6.24416752821446,-75.58432601339298,JcosxDI5uI7DDWecfQG_TA,205,1,833,3,2051,False,nHTGH05e_b1-i070rH6RrA
179,2016,3,501,Medellin,6.23373733217994,-75.58942612874405,_YBiKdcdbgq08nLoSy2TgQ,416,0,438,2,582,False,_7rwJIgdVgZ_MtHThL8MYQ
218,2013,6,261,Medellin,6.23500369061463,-75.60227813913687,e-E1jE5pdjJciNvNr642Hg,35,0,35,13,5934,False,T1HS-nV-3Eq4uMuq8YtPUg
1190,2013,11,405,Medellin,6.252821803025586,-75.58445582815024,H79nbtiEyx16YLk5HyWeWQ,73,0,73,6,5804,False,RtrL_ETdDECXTc-C8pPzog
1015,2018,12,152,Medellin,6.250192168112422,-75.60033574489137,8ZB7fo3JlxMePH5sJ0bbvw,260,0,264,11,412,False,v1-P2um2LwprU6DHi4N98w
719,2015,10,294,Medellin,6.244018576446933,-75.57830088140929,XOgxuoyvZNmS6wXwPxQ9lA,718,0,831,11,1673,False,lPh7RKd7qSHDO01kp2mnSA
305,2019,4,245,Medellin,6.23593750231032,-75.56844781168436,cKzIosALr0-xr3NdzySBoQ,674,0,763,10,4468,False,mje2GBPFL-pA5Htkt7xscg
972,2013,10,427,Medellin,6.248961550133366,-75.59024513790312,-mloZ1vTuE0w7Hg2c8gHrA,720,0,834,7,2595,False,__QwG7GreNGiehMUKPXGdg
245,2013,5,341,Medellin,6.23491851079781,-75.5754669882905,qyIQU6qI_-2WEMNYoyWqFg,422,0,444,14,1521,False,S3bFKY4w908uyzvbJEZSIw
1266,2018,12,576,Medellin,6.254090057748183,-75.56143644421239,vIVMV1LKxC0_Cgc5ffgCjw,703,0,804,4,5539,False,wFdmWFbroInrE2iblKmuWQ
60,2013,5,575,Medellin,6.232020812950504,-75.60147794949484,mNU-wwNjp5C-YMB3jcJwvA,578,0,626,3,1690,True,mNU-wwNjp5C-YMB3jcJwvA
1173,2015,9,539,Medellin,6.252718176568376,-75.60124098787372,wfEWzztnfgd-zkagMlsBoQ,53,0,53,14,1547,False,JUqeTCNe-lIt5iMydUxKkA
610,2018,12,140,Medellin,6.241996473259802,-75.58170426047681,XIKqFX9Eof-ZXes5hopy_Q,20,1,835,1,1692,True,XIKqFX9Eof-ZXes5hopy_Q
1028,2015,9,449,Medellin,6.249765577754307,-75.58746537172799,1fYQXhD-NloJqXDCfzVMzQ,490,0,523,5,3092,False,mVNvJI1iRCqwe1GgGtcFmQ
554,2017,7,485,Medellin,6.240920252861503,-75.58449452616665,SXQ70cWd9R0xufZg23XX4A,521,0,559,5,5628,False,aPvXpfC-WeYA0BSeNBglew
596,2013,6,460,Medellin,6.241902138653756,-75.59542109353643,RS3oSU61mpmCG17ZdaNUtA,355,0,369,4,1695,True,RS3oSU61mpmCG17ZdaNUtA
11,2013,10,158,Medellin,6.230713770681737,-75.59738630023418,a0E9Vc7BIuIIxydz73NsXw,403,0,424,9,2633,False,zlXbe3_YauNC6yU6rTz_gg
545,2019,4,398,Medellin,6.240813527007938,-75.59369186998553,OwUD2VKkIJRe5E8K-iDf6Q,655,0,732,4,1308,False,GLBXk8-0rE94DMdnS6h4Fw
712,2019,7,640,Medellin,6.244044068255453,-75.58554583186717,WeyEKtQr2VvIPWNJ5sGaLw,493,0,526,8,1698,True,WeyEKtQr2VvIPWNJ5sGaLw
430,2013,11,296,Medellin,6.238825855055058,-75.60244323895778,V8Fv8KvrPYvkaJY0RhcDOg,252,0,255,9,5292,False,C9ETc4yboWddLGd7rrlr_w
1013,2017,7,443,Medellin,6.250002111432498,-75.60242955489117,2uNDlXv1Ks6_SUdq2__-6g,159,0,160,7,5551,False,crFoc5sBbp795ZK0hMLitQ
921,2013,9,258,Medellin,6.247960364561792,-75.5883022274095,uNIJywqhU7eIrUo0kHVv5A,606,1,836,2,1701,True,uNIJywqhU7eIrUo0kHVv5A
551,2013,9,142,Medellin,6.241279606880159,-75.58770717526811,-It3vp4KbAqJyHIgg3a5Dg,382,0,400,8,513,False,lK9Q2Exd-ZuvFYawNz1QaQ
966,2019,3,330,Medellin,6.249337148344348,-75.5964057220059,s0V5W9Ku1dmUoGlh0xXLQA,721,0,837,7,1703,True,s0V5W9Ku1dmUoGlh0xXLQA
1243,2015,9,438,Medellin,6.253969048533756,-75.58431960180138,_DPL3Iq4VnLUwWiM3vkxWA,76,0,76,8,1900,False,kVT0lw3DwCKPWK5mY0t1Mg
280,2019,6,513,Medellin,6.235915231484886,-75.59335880456547,pO57Hxiz3kDYjQEqZZ6ZOA,571,0,619,7,5943,False,C5yYoh54Yyk_xgmH1uUeHw
616,2015,10,619,Medellin,6.24191591205763,-75.57544841418861,hnbfuvJxNLtFn_yH48PQsA,717,0,828,8,4461,False,zEKpqxR-8sYFWW8-eplopA
931,2014,12,315,Medellin,6.247826819676024,-75.57940564806302,K0DISQ4P7ehBWJTN2eF_3g,121,0,121,17,2711,False,iuuOp4Qjdr-KC2e7QSgVJw
44,2015,10,344,Medellin,6.231136968019881,-75.56403230907078,P8-fTCY3cT6zco3_j4GAxw,395,1,838,1,1708,True,P8-fTCY3cT6zco3_j4GAxw
299,2013,5,390,Medellin,6.235967216654085,-75.57442397016351,VieNMftCRr-ihWAGf02DeQ,70,0,70,11,114,False,v_JB2FAjB7P1XaUByPtBvg
658,2017,7,634,Medellin,6.242880456679263,-75.58637230116804,N5rxUapUHBkgZN8lfPaKEA,277,0,282,11,4092,False,shhTk92DoDP-tAvEIA6E4g
959,2013,5,359,Medellin,6.248989867252813,-75.60359589370158,nFucWq6QbB82Iwfm15cdpg,563,0,610,6,996,False,af52qIEkpTux2GykoNzzQQ
545,2017,7,393,Medellin,6.240787307123885,-75.59367194417395,s5aHbqJiMbiGApNZLJuMTg,655,0,732,4,1308,False,GLBXk8-0rE94DMdnS6h4Fw
1082,2017,7,498,Medellin,6.251059810464044,-75.58665314814385,_IxzbZ9URDeEgqGJXxOJXQ,147,0,147,10,153,False,uUMCnf0NjT-IPEgOGWGJuA
131,2015,1,269,Medellin,6.233320915293598,-75.58346155909618,AN2NmNPn8YkZMWuE3AkAQw,27,1,839,2,1714,True,AN2NmNPn8YkZMWuE3AkAQw
35,2016,3,252,Medellin,6.231050102976806,-75.57367342223199,21TOkBbgtINzgNVZtJbTFQ,722,0,840,4,5603,False,Y3kdNt7DHjDxiZD2pCwT1A
6,2014,4,94,Medellin,6.2310496461882,-75.60250265283926,FP_thB2c9d30iUPcfmx2Bg,723,0,841,5,3416,False,KlruSmK0f7dVtBAR07KaHA
527,2014,10,228,Medellin,6.240187213569695,-75.55832910151223,bxQUezd_HpHF4e1Y6Wfcrw,683,0,774,9,3052,False,6UuGx_0GDIo2tKWusnO9tQ
677,2013,7,269,Medellin,6.243103155952827,-75.56781484547969,cCGBmZb6K3S0s7s8luRu7w,470,0,499,8,4505,False,Fd6-iOJRtnUQs_vt9VIQ5g
972,2018,12,435,Medellin,6.248975197618421,-75.59024696017285,vDeegOePUpdCmXp_Kg7Hmg,720,0,834,7,2595,False,__QwG7GreNGiehMUKPXGdg
1089,2015,1,617,Medellin,6.250957808685852,-75.57947364745216,aYGOWURzerWOc6WT2Zc4NQ,257,0,260,13,306,False,1CLVPkUIiL5Kkfp_3bJjZg
199,2013,7,137,Medellin,6.233976459130962,-75.56835227576745,BHJrc2s4KdWn_RbIrbbV2Q,724,0,842,8,2320,False,zWygB9Zt9mR6kkHS0hWmmA
720,2013,12,316,Medellin,6.24397406954483,-75.57742670607288,Po2_vV86pCH-a4XWdXVCjw,338,0,346,6,5471,False,EXwVmXmJhJvRZJeeFd-scA
944,2019,6,356,Medellin,6.248019402837111,-75.56555735219325,ScL9B14enqLsQvxbzTXPFQ,530,0,571,9,1723,True,ScL9B14enqLsQvxbzTXPFQ
772,2015,10,279,Medellin,6.244898346846674,-75.57863496246483,T3mF-5uj6GviaWStpklCzw,225,0,227,11,439,False,iNi6ZSbJqnsuRazytIxJmQ
403,2013,10,509,Medellin,6.237926488745332,-75.57653827888461,3x9Sz6mSQrWPaNLk4lpWtg,473,0,503,13,2283,False,0wns_31olfodW5lI18oknA
305,2019,7,223,Medellin,6.235970807524741,-75.56846060654809,BX2UxJeDpwbUDc7nrMIYwQ,674,0,763,10,4468,False,mje2GBPFL-pA5Htkt7xscg
60,2014,1,547,Medellin,6.231992854530642,-75.60152559298967,gvE1gJjyXXCqMdPSh85W-w,578,1,707,3,4605,False,uuEgPoqTPOZKdMFTsxTjEw
1159,2013,9,214,Medellin,6.25167959740718,-75.56259599853378,M4WY8F-BZVVD1CTOL1kfpA,725,0,843,4,5945,False,R8VribAhXNkzYed_pH7K6g
305,2017,6,228,Medellin,6.235942281799875,-75.56845178159507,ZawHYF4EMeT977Jdrv1LXA,674,0,763,10,4468,False,mje2GBPFL-pA5Htkt7xscg
815,2019,7,291,Medellin,6.24598826959139,-75.58840533643196,YjLouaDiYFaCAEoODk3xhg,268,0,272,4,1730,True,YjLouaDiYFaCAEoODk3xhg
61,2016,3,306,Medellin,6.232040088856386,-75.6004379256685,T0o8Au9nanmiQTVIlE9ong,636,0,703,6,4304,False,1dYHXTLTjNfynGwLa975ow
897,2019,6,236,Medellin,6.247335754509944,-75.55942604057465,hwSh7EhUu7dDslFqnkQIMQ,726,0,844,7,4716,False,JMw2DAPE87TN632m6TH_Yw
1012,2013,5,282,Medellin,6.249959727953049,-75.60345766154401,_j1Gx7F6HZVbPd3ZRIhJgQ,701,1,845,1,1733,True,_j1Gx7F6HZVbPd3ZRIhJgQ
1241,2018,11,457,Medellin,6.254000951490627,-75.58649731207184,_WsC5R_chRYhyHjcikHgrw,279,0,284,12,1678,False,ps4Hne98jwPgXciU6fQUWg
1250,2013,6,559,Medellin,6.254072127152891,-75.57773218592207,z_LoXlE8KFNvsxFCGZuEjg,545,0,589,14,1040,False,-iMvOeIAoosR2E1Ru8OXkQ
806,2019,4,506,Medellin,6.246094066588332,-75.59739869497383,P54ECewUTuQ29YbktHUMdQ,431,0,455,9,4813,False,tf8dcwFShQMz1np21ZU_XQ
497,2013,9,336,Medellin,6.239852910222583,-75.58842000153015,VwROoKMWYu8J3ikhajWK5g,172,0,173,7,3572,False,Oi1IHbpjAUhbE-kNPSAooQ
194,2013,5,350,Medellin,6.234010102784881,-75.573307448995,dvEJuf6TeI738jr30xY75Q,177,0,178,11,628,False,jbuXSv6ucKoRcHx_nG9-HQ
1245,2019,3,374,Medellin,6.254010816935893,-75.58240065716669,5L-YHx6vTmkUuPqaYD1Bwg,157,0,158,4,1739,True,5L-YHx6vTmkUuPqaYD1Bwg
357,2016,3,251,Medellin,6.236997818645453,-75.56948733990573,c1Sy3ERLfBuP0eR1fFwuDg,503,0,536,15,4633,False,lHqPaXIdMlo_sny6QGShNg
644,2013,7,480,Medellin,6.242763038537906,-75.60051982712105,iyW8cgUNBTRc99DZL0OEHw,704,0,806,8,2524,False,tv6FLNmI4FvRc4MiD7gCdQ
344,2013,7,503,Medellin,6.236987004714574,-75.58261888622383,I3TRnMO4yxqGbekcKB8sIA,117,0,117,12,456,False,eeZ0HmiL2cKsqpHsK7Rusw
110,2013,5,344,Medellin,6.232961597080037,-75.60530151152076,5sd-VASHcUqJ7rOVORxvdw,303,0,308,9,1743,True,5sd-VASHcUqJ7rOVORxvdw
1149,2014,10,271,Medellin,6.251781244979219,-75.57255578687877,bV07Qs4pn-ZYczlqBmI3Gg,241,0,243,10,3567,False,w99tbaQKXd99g63jartRbw
734,2015,10,167,Medellin,6.244064131572464,-75.56345040908502,sibgBWiXXiClgk5KZ_WB3w,310,0,315,8,5779,False,MxxuvWSd5tHh-AyPwgG7fQ
6,2013,5,79,Medellin,6.231042447708173,-75.60248336744039,HnmVrolTSUelk1Vk6YeLWA,723,0,841,5,3416,False,KlruSmK0f7dVtBAR07KaHA
1196,2014,1,449,Medellin,6.252985399565698,-75.57844496550598,EgepMD6ZineKpudqWwNs6w,433,0,457,15,1564,False,FQAF46Hu7m3Ad0KzprONFA
407,2015,1,209,Medellin,6.23804170459183,-75.57242961370633,h1RqlStsfMkUAqwvGuyQPg,727,0,846,1,1748,True,h1RqlStsfMkUAqwvGuyQPg
874,2017,7,605,Medellin,6.246899898734773,-75.5823633905106,LB3s3hSUPgZGAQ64G1aqTw,265,0,269,15,967,False,oPuVUtuDiT7gajx6H2u2ug
734,2019,6,187,Medellin,6.244055317902625,-75.56346254235277,5yTEz9Ar-i6BoXhiL0lpzw,310,0,315,8,5779,False,MxxuvWSd5tHh-AyPwgG7fQ
928,2017,7,325,Medellin,6.24782388938076,-75.58138277161109,0gK4UiQggLbKH2Y3eZ9PWA,728,0,847,15,4653,False,PjD5gCkFgL1O4OUhvZOfJQ
991,2013,6,557,Medellin,6.248981995402324,-75.57149922647946,4tL2jKUjrukbzpetN6UNGw,320,0,325,5,400,False,kSiOMO2NvzNVMu1U3DqijA
608,2014,12,464,Medellin,6.242052026729697,-75.58349121092702,KFGIhT2lQ1-RMeiYihE-WQ,7,0,7,12,1562,False,wEcgeZivBFib9e3k8O2Avg
185,2016,3,359,Medellin,6.233938316669327,-75.58270736956399,ExRc6NefnMxk05MUBLAIrw,729,0,848,13,5427,False,ZYGD_jfAc72_tNK29b7rJA
926,2015,9,426,Medellin,6.247914220264169,-75.58343731103557,bQeKH1UgGodeMpobSjqdNg,222,0,224,7,1755,True,bQeKH1UgGodeMpobSjqdNg
57,2013,10,551,Medellin,6.23191665566161,-75.60443628977396,zmejc6VCnBZX59qS_umsnA,730,0,849,5,5286,False,tmWeTyj4rXTuJw5Vdw78aA
464,2019,7,475,Medellin,6.239047466033997,-75.56853401894843,nOH80hrwYsfjDudu0jtIPw,699,0,798,9,1775,False,6AchZX8c9VnmqiXvQcLysg
563,2015,10,696,Medellin,6.240951823635673,-75.57547528021534,M7kxKQSMLeTQFM_-2J-37g,665,0,751,7,2382,False,ABCjPqOM92ZNzeL-arEAqw
883,2015,10,169,Medellin,6.247001597163921,-75.5734646542991,xuQfHH6TCfXm2KvCiK71dg,731,0,850,7,2641,False,8tshOBFP3GfFxUJDPZT6Sg
1166,2019,4,439,Medellin,6.253005896747541,-75.60839367604,YP5UoMWScXTMEh55OI0_jw,237,0,239,9,1760,True,YP5UoMWScXTMEh55OI0_jw
86,2013,7,378,Medellin,6.231921774197581,-75.5751391967364,JZIM2REGn_eSiF976-WRqg,11,0,11,14,4420,False,bL45m9e1tyLBzdIXVmnYhg
1228,2013,7,335,Medellin,6.25384693522883,-75.5994034992086,ZblH11FH2AnIEKVHAG_1xg,199,0,200,10,2064,False,4S8DuhpXslg28kaz9miDpg
1193,2018,12,364,Medellin,6.253015403730964,-75.58143527465789,ur_HjtuQng5BtBSuUXhfJQ,484,0,516,9,1948,False,FjrOYHZmqc2YCEcaZm8pwQ
1195,2017,7,609,Medellin,6.253112312125714,-75.5794574899442,0oXPKUBnKeF4G4r5VOC2dA,415,2,851,3,3091,False,mjloIYXQz3NFJXltSutAEQ
663,2013,5,444,Medellin,6.243050666142628,-75.58121179810355,Knf0KdlkR6oTwBJC-2Yu9w,48,1,332,3,408,False,hh3UGDFAcu8km_ZN3Hp4kA
126,2017,8,140,Medellin,6.232391455907778,-75.58841755857193,5zrPNKAra0pIrMtTUna9pQ,525,1,852,3,1766,True,5zrPNKAra0pIrMtTUna9pQ
286,2014,2,328,Medellin,6.235934309102622,-75.58742315308778,jQsfvoOAVADqro4V0R-dcQ,348,0,362,7,4274,False,R_QA1x45JOmf5NilXS82Hg
501,2013,11,368,Medellin,6.240005640457269,-75.58445547845484,TcdFSj-WKn93oITe-HEKEA,261,0,265,9,312,False,kLaa1EQ2G8YMudoEl1xhVQ
1143,2013,7,341,Medellin,6.252130370496097,-75.57883475538148,BQoTm1cEu7PT4gqLcodWcg,184,0,185,16,3381,False,Z8JgEgFK7-UeGzY9sHSXKw
1047,2015,10,388,Medellin,6.249991343673555,-75.56854540261155,VXNmTnW1e_8W3mQjowuBWA,585,0,636,6,1021,False,yva5sXJ7PCy3SmoPbcvwbQ
125,2014,1,157,Medellin,6.232952637201261,-75.58929008488182,1YC2v-Bssh6FuX0gAcz3sw,535,0,576,5,3152,False,Z4xJD4YXlOz9i4_axEokqg
238,2013,5,248,Medellin,6.2350322979961,-75.58269865097817,MHjoECgbLyEacwByyVYAIw,572,0,620,10,988,False,VuFX5OwR-CLI-hIu9DJWeA
1106,2019,4,484,Medellin,6.250726133142381,-75.56255806730042,gWsGmylQGVcRSgPgSazLig,607,0,664,5,1078,False,4gH6mkGvwdkiF30Q_aN-qg
869,2015,9,338,Medellin,6.247108879708857,-75.58739702522575,HQotdkFZyxk0EleJcuoXfw,136,0,136,9,142,False,Y4IyBq_94D585bVzk4hAvA
464,2016,3,487,Medellin,6.239048524262218,-75.56852987120376,6AchZX8c9VnmqiXvQcLysg,699,0,798,9,1775,True,6AchZX8c9VnmqiXvQcLysg
649,2019,4,350,Medellin,6.242857939140928,-75.5953725029481,mxPgSVCPVe-LWQ8TQyPdqw,401,1,823,5,2746,False,zr2xkCkWb0c05dpn99B1fg
569,2013,5,356,Medellin,6.241054839801066,-75.56942601059372,GasLFuWT24O9qL5KdCxa3A,732,0,853,7,2359,False,QbBdjTsw3ZaYVSm2a2NOCA
494,2016,3,440,Medellin,6.239971668264499,-75.59140352410145,51EEQF6KBizAFnlrAAl-pQ,733,0,854,4,2931,False,2X8Aru1bkIgQ-SP2GVwXhQ
775,2019,6,451,Medellin,6.244949376254373,-75.57549059443191,rEBAz9phSOpHtcB3dBBYlg,414,0,436,10,3323,False,4i6vR2xj3YGq6lenfCDLeg
1035,2017,6,291,Medellin,6.250375957442305,-75.58050588861154,YnmvaVuo1Zg4g5ogSxUR0Q,413,0,435,11,1158,False,S93MMwqhbadPTKBSOyjvyQ
623,2014,5,516,Medellin,6.241941965904958,-75.56830639439784,XJsNjLLMnC5AetNCURHUQw,345,0,356,10,5144,False,mSjzw70EMYlWoq9YJdYuCw
1204,2017,6,424,Medellin,6.253005463550745,-75.57045232042648,gK5WQmAim7LOo5-VeaXivw,594,0,646,4,1045,False,WcqG85uK4UpJqjbTqf9v7A
496,2014,1,585,Medellin,6.239955672109328,-75.58937580366505,imXVL-wAxrPzoGx0g8krQw,568,0,615,10,4722,False,Cb1mggJLg_fYLs9xjf1DdQ
943,2017,6,532,Medellin,6.247970529210289,-75.56656777388993,NH8qQTnH1sX4zFuIQBKMxA,734,0,855,4,1784,True,NH8qQTnH1sX4zFuIQBKMxA
947,2013,10,320,Medellin,6.24775208672312,-75.56363641223135,n91z6xhrnuBPrfqrs2HPrw,662,0,744,8,3557,False,eb0owjpcXStGa480ZFsZ6Q
831,2014,2,501,Medellin,6.245580141530805,-75.57266556246988,DxsbkFtsqxnOnI5-Qetnqg,312,0,317,7,386,False,yTThx_PtpNZLWe1_OMEbmA
622,2019,6,425,Medellin,6.24187193149219,-75.56944275406028,kN8Lg7QrAYaWDD5EShf3GQ,432,0,456,13,614,False,fe1unOtAlLl2Z6S9sPNpZA
765,2015,1,354,Medellin,6.245126858261235,-75.58534417534243,ZdZ2xNNEjmSvMMANP_BfYw,569,0,616,6,1908,False,Fn95aDAUw7teWNccSmaScQ
1065,2018,12,525,Medellin,6.250774422737658,-75.6035028013367,nh0PB8Bl_Cn_KxvMi-jF1Q,107,0,107,15,3881,False,WgppQ6H_BgO9kk4Oji70GA
830,2017,6,482,Medellin,6.246035740341808,-75.57353201795233,kNTTShdMk2WP6XapTjCJtg,735,0,856,5,5835,False,T0466uft1OXH8nIJ0tbPDw
1234,2017,7,356,Medellin,6.253744408917079,-75.59358674470427,fT1a-dZWi7wJj3D-Y0O1iw,248,1,857,1,1791,True,fT1a-dZWi7wJj3D-Y0O1iw
17,2015,9,66,Medellin,6.230966039322785,-75.59145629446823,UkLYRYOoBwfv5Qp21YNSlw,367,0,384,10,4872,False,uOWoxgKQ3G9NDNqk4UsAgA
1080,2019,7,484,Medellin,6.250938207538078,-75.58838827832794,QF4npjoNIIautHdyIk1YPw,185,0,186,11,5310,False,bsh5kDpYX72-eEufPeicig
109,2013,8,339,Medellin,6.232974768175274,-75.60528935119038,ZxiprsiCZc9IMp0yFjsODA,303,0,308,9,1743,False,5sd-VASHcUqJ7rOVORxvdw
301,2014,10,570,Medellin,6.23596219574468,-75.5724852584507,3Q_IgTaLdC4M2Pp0Vui99Q,660,1,858,4,1795,True,3Q_IgTaLdC4M2Pp0Vui99Q
1241,2013,5,460,Medellin,6.254003097474703,-75.58651415858421,s79qsXcJM48qT4xedpw8JA,279,0,284,12,1678,False,ps4Hne98jwPgXciU6fQUWg
356,2013,5,383,Medellin,6.237048626788576,-75.57038422885577,J_Y1JvPoYOu6pdA0ljTT3g,534,0,575,12,3454,False,NYgGYqKpDAe5poycklEVWA
451,2014,1,332,Medellin,6.239516102288555,-75.58149441350407,KVwjslgabZy16n7RJxj2FQ,39,0,39,17,878,False,0KP4uohVrciniI71w7K80g
642,2015,1,329,Medellin,6.243110364209298,-75.60234091430422,YKjddGECFlc4PsrLeP6wpg,272,0,277,8,3458,False,mywGsgWxrDMNjntwVzjy5g
386,2016,3,437,Medellin,6.237811809711612,-75.59345369048692,GqE1HJc80RU9BvE43hxHgQ,736,0,859,3,2580,False,25zwpxslqv75wK59CwQf7g
806,2013,6,523,Medellin,6.246113780777498,-75.59742210867574,p95iniv11QrYVoa7HD3WIg,431,0,455,9,4813,False,tf8dcwFShQMz1np21ZU_XQ
998,2015,10,400,Medellin,6.249108063155028,-75.56446783786662,btzkmLOnmcexsl4WU-tvLA,324,0,329,9,4833,False,5ZW5AjkJBMJEyHZO8Ahbcw
686,2018,12,222,Medellin,6.243188120222721,-75.55823597477904,YUgB6dksq5QCmnVN1ZD9JA,645,1,860,1,1803,True,YUgB6dksq5QCmnVN1ZD9JA
20,2013,10,328,Medellin,6.231500285249274,-75.58849572623068,BQkCKYMyqwu3mImMdEbrOw,358,0,374,10,5180,False,KfQ6slCt84vvRte8rPdI5g
1145,2018,11,215,Medellin,6.251921785233199,-75.57655207922048,P1GG4I0kjxkWgvovJ0gqdQ,126,0,126,4,1805,True,P1GG4I0kjxkWgvovJ0gqdQ
45,2019,6,280,Medellin,6.230841406479427,-75.56393594646255,Lp1_tnFcp_N78EX9P7ksjA,737,0,861,3,2211,False,u-D5f96iGYmqBnmp8m2KuQ
1212,2016,4,302,Medellin,6.253027484075097,-75.5624473939337,FqqagEzZnCTrVN-8l72cew,620,0,679,9,1807,True,FqqagEzZnCTrVN-8l72cew
703,2015,1,221,Medellin,6.24404801200108,-75.59433934323863,I9IAkt-Q2wyJHPAzjvey8Q,479,0,510,8,4488,False,sum4ldqupyh9sTodit7gxQ
794,2013,5,375,Medellin,6.245127785271752,-75.5563560410341,_61KBDaPX0RHp0I9uyJcZA,24,1,547,5,1927,False,PmPemnhRiUAu5Vh0W2Dwtw
763,2013,10,600,Medellin,6.24512371400808,-75.5873588726407,ZJ29eXAPmQkgOGzmSzQqhA,284,0,289,4,1810,True,ZJ29eXAPmQkgOGzmSzQqhA
73,2013,11,432,Medellin,6.231797695238972,-75.58843167383644,OvXQpPi82EvmaujL8GSLEA,556,0,602,10,4513,False,QBD4sKLNyQZact90HdeRAA
813,2019,4,158,Medellin,6.245985379938769,-75.59036956476537,-UDggXnKswd6Keo683HqtQ,695,0,791,4,1812,True,-UDggXnKswd6Keo683HqtQ
451,2014,10,308,Medellin,6.239520078522093,-75.58145238760203,3PwviIBC0aYawXHdxhUdag,39,0,39,17,878,False,0KP4uohVrciniI71w7K80g
281,2013,10,381,Medellin,6.23600320487531,-75.59161520715074,ZJh2RTmN3sqnvR5K3Lg10w,456,1,862,2,1814,True,ZJh2RTmN3sqnvR5K3Lg10w
649,2015,1,335,Medellin,6.242874416796915,-75.59535745825427,zRRP2ET8-LusH6D91vmA4w,401,1,823,5,2746,False,zr2xkCkWb0c05dpn99B1fg
917,2017,7,304,Medellin,6.248063947844841,-75.59243988896905,JAQyL6GU6AwM9gk6mZnZKA,105,0,105,7,1816,True,JAQyL6GU6AwM9gk6mZnZKA
456,2015,1,240,Medellin,6.23892034965105,-75.57678969412544,olhUCYYFSwYqXcyTtP92Ug,427,0,450,7,968,False,kmg9oYSiC_d9vbYJiuACRQ
457,2016,3,168,Medellin,6.238966322359819,-75.57541343347465,cd41THrZA70niDKVqB7y8Q,546,0,590,8,5929,False,MH2oOFq475TsiRNGzoHi4g
690,2014,4,456,Medellin,6.243800481230429,-75.60717925513289,USCsN9K42wcYzT2WH9-grg,555,1,863,5,1819,True,USCsN9K42wcYzT2WH9-grg
1149,2014,1,273,Medellin,6.251811043575185,-75.57257527007087,AmeI-vI0qwvLeuDPAKLP0w,241,0,243,10,3567,False,w99tbaQKXd99g63jartRbw
919,2013,5,602,Medellin,6.247950170711445,-75.5904984798897,vBBytrNPwbD10_RMRgo5KQ,384,0,402,9,1821,True,vBBytrNPwbD10_RMRgo5KQ
286,2017,7,356,Medellin,6.235968954275041,-75.58742322640869,YGKSatVMO-j4E88-CVOAzQ,348,0,362,7,4274,False,R_QA1x45JOmf5NilXS82Hg
327,2017,8,268,Medellin,6.236886839294999,-75.59953640564633,7xgk5nkA1hBRx0o7jdFxMA,125,1,864,1,1823,True,7xgk5nkA1hBRx0o7jdFxMA
1000,2013,11,443,Medellin,6.24887088166869,-75.56219190459427,uB_dH9FekLFkz2NpRSy7yQ,632,0,694,6,5450,False,spYNju9F8XSMez64QdlSdA
502,2013,8,502,Medellin,6.24003868125406,-75.58345049524927,qhOf5Y7pWFUeBwcJCcXB5w,47,0,47,9,3787,False,g6Used0Db70nN6rUytwlrA
1006,2018,12,535,Medellin,6.249056609965635,-75.55661754442687,Lye8wb5X2q5EZcsu6yh7gA,551,1,865,3,5636,False,Cv26QSMnxaZigqqq5PB5kA
1052,2013,6,282,Medellin,6.250002994873436,-75.56341910090701,sQZGe9zH5d_oGmBPQKoedA,584,0,635,6,4147,False,PKtdXdTgEYhmzxWXolI2Qg
961,2013,6,445,Medellin,6.249012431544972,-75.60152011646757,nwHfBoKbEJI_z1AHlIaGYw,515,1,819,5,4979,False,_2btR7OmmYyTPwM10N-BpA
1211,2016,3,656,Medellin,6.253011254319863,-75.56360244579918,Pv8O3U5VkGwhc1CyBA0v7g,200,0,201,10,3970,False,9x1b127MG-_wqizCxXb8tQ
993,2019,4,256,Medellin,6.24912371841623,-75.56934570433572,ZQLpulIGCpcr54VBbwDtsA,567,0,614,6,1626,False,vRfZXUdR_k52Rxak5UgzAg
670,2019,6,438,Medellin,6.242973760939301,-75.57555499318322,SVkU05tbUZlmHzpTH4kyzw,386,0,404,6,4965,False,mYnNx20cof6yeEc4Ku4Bew
460,2013,5,269,Medellin,6.238964959728518,-75.57246861189917,w7fcAq8fnBZ3jiCJpBqhZg,100,0,100,9,1675,False,vbUJKT0pt6lESqFUToPApQ
1196,2017,7,433,Medellin,6.252983683133698,-75.57850797557829,5jjnFby5WNKP5nR_00GMew,433,0,457,15,1564,False,FQAF46Hu7m3Ad0KzprONFA
713,2013,10,321,Medellin,6.244139323043865,-75.5843144220375,upohfbjuZKIK3rxWNp14SQ,205,1,833,3,2051,False,nHTGH05e_b1-i070rH6RrA
970,2019,4,418,Medellin,6.248915686880845,-75.59245551441307,ryiRC3MGyQIXo8jo8GbLtA,217,0,218,8,2873,False,oVnCR-tNtosAUl4QYvfCpA
1105,2014,8,258,Medellin,6.251075833204983,-75.56355929783109,hqT88xe-v--_Te1ebSwm4Q,528,0,568,11,1836,True,hqT88xe-v--_Te1ebSwm4Q
165,2013,5,387,Medellin,6.233824134786727,-75.60245232140784,SGlUuyzcLxFyqh-DuOxt5w,672,0,760,4,1415,False,3xanFAjATwirPdd_-BVINw
1214,2017,6,416,Medellin,6.25310513906717,-75.56061244030693,vACaOS-bfZMKSALK3THh3A,738,0,866,3,3036,False,m2IYLdnsGrLK8kbexeN1vw
222,2013,8,309,Medellin,6.234948021542177,-75.59825168564703,mqkO4e3exz8S1u4RJtU1ZA,336,0,344,5,429,False,hlJ53Lk0gHCY849ajwo3JA
1154,2014,4,221,Medellin,6.252195021182152,-75.5663446298161,6OTUUB4IJ0pJ2GPFW_CVzw,220,0,222,6,3626,False,6dnxYxSIzmj_gPpeJg6ebQ
502,2017,7,480,Medellin,6.240028124262072,-75.58345661427735,Q4ONVFpuJ0TZ8uNfyj4ODw,47,0,47,9,3787,False,g6Used0Db70nN6rUytwlrA
130,2013,8,142,Medellin,6.233262985772902,-75.58451485770534,_uaaEKJW5JTWcBelIa4jFQ,299,1,867,4,4229,False,Vy2e9oKm1kgK8YTnWrAJzw
927,2018,12,398,Medellin,6.247953840026724,-75.58259427410002,pZUOQdo2SCEov6anh1z5Zw,354,1,868,2,1843,True,pZUOQdo2SCEov6anh1z5Zw
179,2019,1,322,Medellin,6.233727213853963,-75.58944028559648,Z2pfFqA_PTyk9Y5iPUOX8Q,416,1,807,3,5969,False,4Xv-cGiZoxSWEkypav11dg
975,2017,6,469,Medellin,6.248935827086935,-75.58746210586797,bCwbnzNLwrDWYFkDH4N5RQ,214,0,215,9,4478,False,oIu5ox35HQlXn-y9ztuLCA
1180,2013,6,390,Medellin,6.253139251462181,-75.59428312560551,flYp2xhnY3oCHTZndjkGYg,526,1,805,3,1846,True,flYp2xhnY3oCHTZndjkGYg
925,2013,5,443,Medellin,6.248036861347581,-75.58431812877534,uo4e9jjCEwh9Kux2w0O6zA,516,0,554,3,4971,False,H17_TKMgHJxtf9bTp5VlBQ
42,2014,1,383,Medellin,6.230749460882643,-75.56594325608927,1sGHKdSnzmjPRgCpkW1dPA,517,0,555,14,3244,False,dHUqbRWzf-M9bddwhw51Rw
722,2017,6,486,Medellin,6.244043844137235,-75.57549603525149,tJ1-IWMcJzQWXYxweHh3SQ,224,0,226,8,1849,True,tJ1-IWMcJzQWXYxweHh3SQ
36,2014,1,156,Medellin,6.231099343847992,-75.5725066426733,8D3gGDiQ396oquomK6UwUg,739,0,869,8,2229,False,Nz3rogHBKs1TkhI2PbGWkQ
1091,2016,3,453,Medellin,6.250804914805038,-75.57751177464371,kym8yf7amS6EXZ_1dX5VKw,625,0,685,6,5358,False,1LwoUfbvUYD6vdydrmX85Q
729,2019,4,600,Medellin,6.243997102952305,-75.56846650652535,ysC549XcVDmHPhqMUsDIJA,302,0,307,13,565,False,xMp8d2U2jHWm5cFZTLd3eQ
171,2019,1,432,Medellin,6.23396914370888,-75.59630543324027,rKMVuCsNtc5hWy2J1cLLmg,218,0,219,7,4131,False,5JwMGbqAr_pVf7MIwi3b9Q
188,2013,8,325,Medellin,6.233081831409412,-75.57976688310526,CvDQnnUg6r-NBI2_0Rli0g,508,0,541,10,5764,False,0xpKwMxk607Aw6kD3DPbyQ
821,2017,7,338,Medellin,6.246023914043526,-75.58238057043305,5FiImiHg2lbXEM3BtZ5H9g,156,1,745,4,3511,False,xQnM1yCNdPxGKhdKxnepeg
137,2019,6,333,Medellin,6.232978944725345,-75.57758023859289,_DOOJ1mkWnvjYhFf-0tzDg,740,0,870,13,5598,False,E-3fEJ9QxJW_q-jBt4HY2Q
1041,2015,10,312,Medellin,6.250000224809509,-75.57444335412535,pxi3JVcJv0zo3MrVZH9lgA,741,0,871,5,2561,False,PGmT7O7-0LXib-W6LoiVBw
1053,2015,10,483,Medellin,6.25019615862268,-75.56261466509723,hxDX2xisfT46UGN2cV2naw,742,0,872,6,2355,False,9lmfLGpz4vAG1raggtL2xQ
571,2016,3,695,Medellin,6.241017382751424,-75.56743772788529,k4U4XcLHeCxQaV90hMNwEg,319,0,324,15,399,False,UJoqrLeHP-SeuDLV566DYw
510,2014,7,457,Medellin,6.239880817367674,-75.57547647341038,TIf6YUqNudBTUVbMAKw7hQ,55,0,55,13,3770,False,dUojXRqaMWPoqYdvhksVaw
1167,2014,9,217,Medellin,6.2531482533393,-75.60736648904637,FInxIC-hb4-7hUa4sGitKA,743,0,873,3,2624,False,_zOcxXo8r2zbeywSGxhhZQ
1090,2017,7,229,Medellin,6.250950757819152,-75.57841954020329,1v3aQ3tQAzVCLfIpvyOvdQ,95,0,95,9,110,False,57Z98_O-hnj43oS_55L5Yg
834,2019,6,180,Medellin,6.245936010479967,-75.56923546194383,pR4T4an3N7HuE7AddFtZLQ,440,0,464,4,4317,False,aq2YPeOafmYIpzHRfyoleQ
149,2013,5,326,Medellin,6.233148387430707,-75.56454423408493,Tc6gswR1GoduKhXAVJhTMA,84,0,84,3,1864,True,Tc6gswR1GoduKhXAVJhTMA
1053,2013,6,466,Medellin,6.250210646594605,-75.56260070888762,x-0A4VrakQGe9R1PFK3pUA,742,0,872,6,2355,False,9lmfLGpz4vAG1raggtL2xQ
652,2015,1,279,Medellin,6.242992871309859,-75.5925357517623,42H8fnAkVOGa6lGI76Tdjg,417,0,439,9,3278,False,SU_3XtzLkeTC3XVpbk5w5w
115,2019,1,293,Medellin,6.233021289019534,-75.59944921831996,1ZkM0DbnKz92Rcnk1fad3A,613,0,670,6,4256,False,VuCKf_QBYnVDTX1NiBfdNQ
120,2013,5,137,Medellin,6.232966526243369,-75.59426660586549,ROeVbyiln2lHpx0up2wn5A,744,0,874,4,1868,True,ROeVbyiln2lHpx0up2wn5A
462,2014,1,636,Medellin,6.239031808960541,-75.57048743285156,odRTreOwNDTVzVYU2Fx6lA,542,0,586,13,1869,True,odRTreOwNDTVzVYU2Fx6lA
1086,2015,9,366,Medellin,6.251112256474988,-75.58253122541215,z-Vs-f-OTHT7WNCDUEOmxA,166,1,875,3,3766,False,MAnC9m7zcdEV511XijWZWw
509,2013,5,625,Medellin,6.239910037728452,-75.57643121190127,DQT7zTKzPYBlFgCzfmdhOg,715,0,825,8,2986,False,asmBpnpL9y6PFO7WG4Qu6Q
17,2013,10,58,Medellin,6.230984958881104,-75.59146162738507,BPQFpPilrRA2ykSSk-O_gw,367,0,384,10,4872,False,uOWoxgKQ3G9NDNqk4UsAgA
529,2015,1,419,Medellin,6.240374808377328,-75.55628712343052,6UqsCmER3R9v7A0cQouCZg,66,0,66,9,2351,False,jb7mMKcT8x3Jzf2V3PNvRg
755,2019,4,573,Medellin,6.244895210213011,-75.59538446578803,NAsrP7j3vSQZUF1vQdkRAg,661,0,743,3,1874,True,NAsrP7j3vSQZUF1vQdkRAg
568,2016,3,546,Medellin,6.240951099357702,-75.57041539625136,LCgjLQcSpyg6s9Prx0nhJQ,372,0,389,12,494,False,uvME2c69lvHR_dNqruoM-Q
281,2017,8,211,Medellin,6.235972110052314,-75.59158892566549,_YDiSSegq85uM5QYW1gJ4Q,456,0,483,6,1876,True,_YDiSSegq85uM5QYW1gJ4Q
334,2013,5,644,Medellin,6.23683482400415,-75.59240795022839,4UX0c-ZqEN3mchBf64-miA,294,0,299,8,4510,False,MaLwraGD_br9YsutiUaKmw
1191,2019,3,310,Medellin,6.252908057195993,-75.583424003626,ki4TLBayl0cNJ6F6mOleIw,362,0,379,7,5401,False,Wyqd3FniFny7RuMRKfKA1A
439,2014,1,133,Medellin,6.239054849979194,-75.59349391138518,rDy1kF7eITvjUvRWk6c9nQ,133,0,133,15,139,False,6RODKNs7Mffqx12nXyMPdg
612,2013,5,134,Medellin,6.241938642691259,-75.57947150591255,kqlRVu9hE14fUIETPqh6dw,667,1,876,1,1880,True,kqlRVu9hE14fUIETPqh6dw
566,2017,6,474,Medellin,6.240897459533397,-75.57227589766971,QPz8K3j4GS3djwkwykWz6Q,388,0,406,8,600,False,Um0ch75g4OIBmCpT-dQ0xQ
980,2016,3,176,Medellin,6.249012739665911,-75.58246248756043,IzpbyW_NQw_6KYi-DXhH2A,686,0,778,6,5680,False,VxYKWnTbEM17paWXEuZJ2g
526,2019,1,379,Medellin,6.239988059432936,-75.55950054995039,kvPgq-0D2RABZxQyUtNbOw,249,0,251,4,2107,False,NZ80pOPEZJEkqob8OlyTvw
547,2013,6,411,Medellin,6.240964652402325,-75.59141261882469,rAkBRFhA68CtilWk5pTTvQ,668,0,756,9,1884,True,rAkBRFhA68CtilWk5pTTvQ
58,2016,3,431,Medellin,6.232002512701653,-75.60349324483138,frvbPTSxIMagL0w6G_ZuHw,509,1,877,2,1885,True,frvbPTSxIMagL0w6G_ZuHw
718,2017,8,252,Medellin,6.244046975357929,-75.5793964370985,erggknIACPPwHmjOUl90wQ,524,1,878,4,5481,False,OEgNGPrlPtdYIZaNPLjA6g
476,2018,12,251,Medellin,6.239091408725243,-75.55641616145692,Rqg1stabFP8vpUGRoexlqw,4,1,879,1,1887,True,Rqg1stabFP8vpUGRoexlqw
1254,2015,10,370,Medellin,6.253901320341634,-75.57254429008287,MfMKHD4jAK1oJSOe6-moXA,112,1,697,4,2348,False,gKE9twvkFfCJDv_YD4Wsww
1256,2019,3,186,Medellin,6.254010162971212,-75.57152548729856,umyzk21bAhF8qVDbeJBO6Q,60,0,60,3,1889,True,umyzk21bAhF8qVDbeJBO6Q
132,2013,5,726,Medellin,6.232935276011049,-75.58275964822045,xHqFl7bTF9XJaZ7AOYYb-g,141,1,445,5,1890,True,xHqFl7bTF9XJaZ7AOYYb-g
565,2015,9,457,Medellin,6.240981073469532,-75.5735410923838,26SXN1Vli3CO1iS6TyWuWw,411,0,433,3,1891,True,26SXN1Vli3CO1iS6TyWuWw
738,2019,6,542,Medellin,6.243905086304344,-75.55936436087732,pK_wXSdyrWCQzK6RzrbR9g,360,0,376,6,1555,False,Ez9YyKEaAlaY_NBG_gsXAw
757,2013,6,308,Medellin,6.24485646775364,-75.59354587005141,vMAv7CNtc0RlYk2_DzheXA,604,0,660,4,1893,True,vMAv7CNtc0RlYk2_DzheXA
732,2013,7,299,Medellin,6.244161405635964,-75.56539087479823,8aoUR99NRo7iYJrlwxWUjg,548,0,593,10,2364,False,ELzCb9cMyeOJuCMhbeQyVw
969,2019,4,222,Medellin,6.249097602311852,-75.59442847253739,NjKCaxA-xTYI7dEdZEG-IQ,213,0,214,6,1895,True,NjKCaxA-xTYI7dEdZEG-IQ
968,2013,8,216,Medellin,6.24903440314614,-75.59337685224202,buzOBp_AMaIgbxlXPw8Lug,131,0,131,7,4950,False,7fmkSYfQu3S_mKSUPegyUA
229,2013,5,221,Medellin,6.234951405230466,-75.59155184298844,vDOOIsqpN-HgDLCNV8M0Ug,329,1,880,7,1897,True,vDOOIsqpN-HgDLCNV8M0Ug
78,2013,5,345,Medellin,6.231923447891806,-75.58343523109086,-5WA7eCNo5sudLueWu8yQw,327,0,334,9,4220,False,EqvGszrRoZSUu0-HBFQCaw
355,2017,6,384,Medellin,6.236881624857444,-75.57150557447028,d4LELpjeWSdwfqTtiQ84Dg,480,0,511,10,4070,False,zlvxk0hKwM3-LfJzjXmPTg
1243,2019,3,420,Medellin,6.253970365786166,-75.58432542805035,kVT0lw3DwCKPWK5mY0t1Mg,76,0,76,8,1900,True,kVT0lw3DwCKPWK5mY0t1Mg
131,2015,9,248,Medellin,6.233327137299765,-75.58348477199235,SM50AaRGYdIcFDeBqy_toA,27,0,27,2,27,False,7UdxwBG9fAFXwbXFXlcRTw
39,2014,1,309,Medellin,6.231239527578792,-75.56947823956658,YNwvoD-YARQwYg35KDMzrQ,392,0,412,9,535,False,P2gjyrMDNXvE8yAs-WGAXA
822,2017,7,277,Medellin,6.245913858494871,-75.58142682478298,HKMuNXMBqnEkQ-doDnb-JQ,19,0,19,9,47,False,IJVe9zp88DJ3BzL7iKB2zQ
126,2016,3,142,Medellin,6.232390527604587,-75.58845171556129,GF3fPhZnpLfeXBMZN9pFvw,525,1,852,3,1766,False,5zrPNKAra0pIrMtTUna9pQ
775,2019,1,446,Medellin,6.244926901801567,-75.57545450113014,yTf76WB_C58dKyIDeaaLgw,414,0,436,10,3323,False,4i6vR2xj3YGq6lenfCDLeg
942,2014,10,387,Medellin,6.247939133517828,-75.56744116073033,wRnUaarxjls6AxnM4Jg8fA,45,0,45,4,2921,False,RrZRlgY0ylIRn9dRV4ZsHw
807,2013,8,391,Medellin,6.246195243726175,-75.59628901429434,Yt7Nz83z9oMODZuH0MifPA,129,0,129,6,5776,False,4eopG87MeoWvH8HijG3QKA
765,2018,12,355,Medellin,6.245145752997487,-75.58534508213248,Fn95aDAUw7teWNccSmaScQ,569,0,616,6,1908,True,Fn95aDAUw7teWNccSmaScQ
788,2017,6,280,Medellin,6.245090720958776,-75.56263953088876,UACCS-0HO3B3nPep7cv56Q,402,1,608,2,951,False,r9kdtKmnZC3E0p2w1jfA8A
1088,2014,1,148,Medellin,6.251329091759605,-75.58033422923421,rFknspm1sr0BRm-veJhb4Q,173,0,174,9,5786,False,eVhiKrlnoMv0R9mEg8v31w
1024,2013,6,521,Medellin,6.250245792417019,-75.59140544652492,mdfMrVGtsQgpvSYfjpRPIg,745,0,881,5,1911,True,mdfMrVGtsQgpvSYfjpRPIg
295,2015,9,419,Medellin,6.236367825405297,-75.57755947540005,UR1Nw6FrAx4J28Qgbdm4zQ,33,0,33,5,433,False,bNECkdSp5DhSehcevugaMw
351,2013,7,105,Medellin,6.237081496676081,-75.57544216741773,6TaxE_x9s7NTW7M3H8yvoA,153,0,153,9,163,False,p7IBpcNkRqPVDiBJl5f4Ng
1081,2015,9,444,Medellin,6.250963951142769,-75.58723830932027,izsYtIk46-8rAnnczyUBAw,746,0,882,1,1914,True,izsYtIk46-8rAnnczyUBAw
932,2018,11,462,Medellin,6.247934486179154,-75.57731306612791,GOVmXsJ6U6Ik5ymygIimfg,295,0,300,5,1287,False,fM0O7WKGVIHsaVOZ2vJQdQ
21,2017,8,449,Medellin,6.231590896862206,-75.58645375154848,LZ2oUNkNuqE3vLMUwz5zwg,32,0,32,8,4096,False,OxWXwtaSDl5NhvobjXHNCg
553,2013,5,507,Medellin,6.241098141305168,-75.58543265133943,MtF12g9Ii92fWVMtnJXQhQ,21,1,648,5,3709,False,It067MRbRwrQg9RDVzyF3A
36,2013,11,173,Medellin,6.231114405881167,-75.5724901656094,00K6mLA7Az87nqEYetVuig,739,0,869,8,2229,False,Nz3rogHBKs1TkhI2PbGWkQ
565,2016,3,639,Medellin,6.241007285615982,-75.57352737990458,JoezL_BC1FCM3PwUO-49jQ,411,1,883,1,1919,True,JoezL_BC1FCM3PwUO-49jQ
1081,2017,7,612,Medellin,6.250915621166122,-75.58723920241759,n5gHTfh2-D_7-9BwNKb2Fg,746,1,884,3,4103,False,CDySL882tqTpMHkwVvau8w
741,2013,5,567,Medellin,6.244052196452042,-75.55649453832179,HCNpVI1EuKIaIX3htTEzJA,747,0,885,3,1921,True,HCNpVI1EuKIaIX3htTEzJA
1124,2017,7,404,Medellin,6.251967351811011,-75.59738803654479,1b4oKpe6Pdn-c6IZz5RHKw,119,1,886,2,1922,True,1b4oKpe6Pdn-c6IZz5RHKw
650,2018,12,601,Medellin,6.242804508845063,-75.59434967041803,klDzhpDPeMVxywuctyRi-g,80,0,80,7,205,False,7BkyLk3U6s6f2TGezRTeLw
922,2015,10,435,Medellin,6.247994182523374,-75.58766524355588,tvcL6pBAlMxNqH7gM65Fhw,79,0,79,11,886,False,QqWk_jcyZstjE_Qw8W-ACA
28,2016,3,351,Medellin,6.231107415306929,-75.58148164184303,lew3nMRUPdARfSx6Ib5gdw,212,0,213,3,1925,True,lew3nMRUPdARfSx6Ib5gdw
658,2014,4,608,Medellin,6.242848884053535,-75.58636895005654,qRCClG35GQMz-_7ck6SOgw,277,0,282,11,4092,False,shhTk92DoDP-tAvEIA6E4g
794,2014,2,376,Medellin,6.245100903209793,-75.55634459710623,PmPemnhRiUAu5Vh0W2Dwtw,24,1,547,5,1927,True,PmPemnhRiUAu5Vh0W2Dwtw
952,2019,4,457,Medellin,6.247920412298789,-75.5573170776859,lZf1jySf5fARBqnkbWqIxA,580,0,628,4,3579,False,vHVo4aIJBgyCU_6PmmQQHA
805,2014,2,574,Medellin,6.245966796052798,-75.5985616515445,SzJ9cUtIB1sDla3-hOkv8w,361,0,377,4,5793,False,cYPGT9YORyqqdKjNzLUJgQ
1198,2019,3,275,Medellin,6.252804671623823,-75.57643318804479,49V3FewhgM3w7SH5JRM2Xw,748,0,887,5,5668,False,XPgsYEvrSdDqO9WVdMw7XA
681,2014,1,493,Medellin,6.242884349680934,-75.56351516986234,qi-C9FrvDka-fbVCVFVmIw,435,0,459,10,3200,False,BkYONKaC4IfL9g4oLbfuEQ
190,2015,1,442,Medellin,6.233897795180435,-75.57744555787461,a-pduCC-BLnual4I-DnIww,51,0,51,13,2328,False,Jj3PuS5Kn97wei73d9G-2w
81,2014,1,519,Medellin,6.23200929953766,-75.58043644948292,UpWRAcCDaCDbiKg6lBljiw,749,0,888,7,3272,False,ZPF1dTIOK3RpqNrkbxmazQ
542,2013,12,402,Medellin,6.241052290376508,-75.59643306902555,iJKZOukP-7YZ6InRj8RilA,608,0,665,8,1081,False,MVPu3mDcYNcxDSIWfyfq2w
277,2017,8,288,Medellin,6.235951931082638,-75.59646384792984,5otXvVKB7P_0ra_fzxsZ-w,426,0,449,6,602,False,goKcADprZlEhxFYkvUV9Xw
674,2013,11,343,Medellin,6.242977607009472,-75.57041044366945,IYbb88z-i4E-xWQTp25KSw,349,0,363,9,5648,False,5MqURlS_gzYPkWTSA5xu-A
76,2013,10,520,Medellin,6.231856019224801,-75.58547754692245,IpfOwHFxxIvKADP2X2tVRw,325,0,330,9,904,False,95wGcwZKDlQpEWItAphdVQ
719,2014,4,292,Medellin,6.244001263274148,-75.57831147966326,3C8fqNu-dG9PZT5fniv3xg,718,0,831,11,1673,False,lPh7RKd7qSHDO01kp2mnSA
1201,2018,11,406,Medellin,6.252921644306408,-75.57328562926614,aEbcQtaKdWNfuCwXTqlBig,750,0,889,5,1939,True,aEbcQtaKdWNfuCwXTqlBig
306,2017,6,307,Medellin,6.235701481193884,-75.56828935724313,S8e_EnH0mokxvTdNSNr5Tg,271,0,276,14,4893,False,Z0-_XrPiigik7bdjF6wS9w
678,2013,5,206,Medellin,6.243199223741374,-75.56645072521938,g7MLyFVez8UZMCJo2WRdyw,751,0,890,8,1941,True,g7MLyFVez8UZMCJo2WRdyw
271,2013,10,364,Medellin,6.235966904195786,-75.6023925819314,lmaZwkBohd48ZlHbo1uqyw,406,0,428,13,1217,False,NNGA3G5UDKRgpvpxwOWTBA
973,2017,7,85,Medellin,6.248867396125338,-75.5896203599951,uNPhKDXkHfzLnF_AY6Iqpw,118,0,118,4,2105,False,H_qbOjbQE9Tsen0d4L9jIQ
454,2018,12,556,Medellin,6.23892224681088,-75.5784600496412,2zwvL-yK4rNExx5_RU6Tdg,635,1,891,4,5837,False,57nJ-IqvJqz3aobNZDPRpA
874,2014,9,631,Medellin,6.246854781253488,-75.58236004466826,7NYr8lOLxDHC4Ir264j41g,265,0,269,15,967,False,oPuVUtuDiT7gajx6H2u2ug
436,2014,11,130,Medellin,6.238977158026622,-75.59644489585152,MIBpi-0z8ns4D92rhTlC2g,502,0,535,12,3230,False,DP32MnpOwwPRGWcxBMc_jQ
1263,2017,6,416,Medellin,6.253866338295502,-75.56441385175093,MJL_moHWF1iNLe7SKLKNMg,350,1,892,3,4556,False,GpA1EgqjwBChncv8NrsaKA
1193,2016,3,367,Medellin,6.25300085545479,-75.58144678485318,FjrOYHZmqc2YCEcaZm8pwQ,484,0,516,9,1948,True,FjrOYHZmqc2YCEcaZm8pwQ
424,2015,9,508,Medellin,6.238957122993267,-75.608462970814,oipd7zalDZfz1nlfEi8eYw,420,0,442,10,5998,False,mCoEYACvuwSyWp-7fDfpuA
950,2013,8,444,Medellin,6.247984792050135,-75.5595415832398,lEQbNaKrwAnkAXrbIpU3hw,103,0,103,4,6018,False,LwSXZ69KguHXkcx6x8UFdw
458,2017,6,322,Medellin,6.238915424859266,-75.57443116299231,8plNTArMK0gy6Seef-0Log,72,0,72,14,1951,True,8plNTArMK0gy6Seef-0Log
306,2015,1,318,Medellin,6.235669967231765,-75.56830574876732,geBRxYujEay4lJAQKMTbyA,271,0,276,14,4893,False,Z0-_XrPiigik7bdjF6wS9w
1087,2013,6,525,Medellin,6.250977521455049,-75.5814663434903,OwBmACDcs4niHQmcT-WJaw,752,0,893,3,1953,True,OwBmACDcs4niHQmcT-WJaw
1197,2015,1,300,Medellin,6.252997139825377,-75.57745292169575,4dlQZkM6dOQL4L0QApD7Gg,2,0,2,11,5954,False,it0HTMj-KfACyaiRor9IZA
645,2015,1,486,Medellin,6.242953692074131,-75.5994863443084,B1AA7POdGwMYKMkvzjMIaw,266,0,270,7,4549,False,_PGoJwbAESoPoOBE9piMeg
1021,2014,2,507,Medellin,6.24994773187011,-75.59449000530968,2IOEpzQTorP44e5HZOdqvQ,132,0,132,12,2393,False,6DiNDGuN_xre5-3qZVYU0w
134,2019,7,262,Medellin,6.233194693577097,-75.58043752529883,WxiNURpWa0Hmjq31Pq2WLg,316,1,662,2,1074,False,mHUcgyJJ6uVjaiJntlKa_A
867,2013,5,180,Medellin,6.247145802054423,-75.58954077217139,DVMjPyhzuJpwWGFxA_fRAg,181,0,182,8,3226,False,XCADbMOgAe-TegeLBCeWUw
714,2013,7,373,Medellin,6.243981975418209,-75.58330078916033,HYkgZlGCCdXNMX4akgb1vg,423,0,446,8,2504,False,mqAP9pCIiDs7cuJOnv-9-Q
520,2019,6,335,Medellin,6.240067144695851,-75.5654739745162,HOHfeY4w3yCgwKOfb1YJSw,680,1,787,3,1960,True,HOHfeY4w3yCgwKOfb1YJSw
998,2013,10,377,Medellin,6.249055620972715,-75.56447307424342,qhzrlLHSQi-iW5hzg2wbUw,324,0,329,9,4833,False,5ZW5AjkJBMJEyHZO8Ahbcw
408,2014,7,588,Medellin,6.238062849485876,-75.57162879264784,LrB-44Rx4E7AmZNPwer-HA,37,0,37,8,1962,True,LrB-44Rx4E7AmZNPwer-HA
291,2014,1,385,Medellin,6.236002893246972,-75.58263870945456,8DQ-mKzKgbjmF2UtF9pi9A,245,0,247,12,4187,False,Kxh_lAjJ-q0jxJMXPa_eIg
195,2019,6,416,Medellin,6.234082093940596,-75.57252154837293,5U0JijvVPuLCH6dk7s2o6Q,326,0,333,5,2154,False,LqNg2n4_eloC1KGT4qHKxw
461,2014,4,422,Medellin,6.238882098699086,-75.57126547051516,GaDfqlkLRsUXKX_-EMlHDg,639,0,708,4,2043,False,8a6uvLKmWt8jvuD2yv9YEw
599,2015,1,272,Medellin,6.241878852102746,-75.59183907256684,_1Yxe5R60VSdnxPbIRrSMg,12,0,12,7,2329,False,yzijo4FUDshx80aYXki5eg
628,2013,5,400,Medellin,6.24196859378873,-75.56359733671451,91xWYEQfj25CXlMyEJjS1w,135,1,350,3,437,False,GpPeqObBx4qMN6i1iiPNYQ
1093,2019,4,552,Medellin,6.250973742798408,-75.57522866644183,ZmpxdWaVo8P-oAAJk5QG6A,449,0,473,11,2303,False,qVgcsBbDsQDHIVPSTNir_A
706,2015,1,589,Medellin,6.243922222129893,-75.59135252209025,reg-IrYWPNPSXu4OD0POJw,753,0,894,5,3973,False,RjHcP8pu9KOZjvDG7fh4hw
24,2013,5,271,Medellin,6.231651982861455,-75.58446812521106,LG_fw6Rpg6wSHY65JF2dCQ,38,0,38,10,387,False,hqGa5M4g7P45ix2jV0n51g
605,2013,5,400,Medellin,6.242054144265606,-75.58642622560363,3CIlt0OZwOFpZlpYnVV0IA,198,0,199,6,5491,False,BaUMAOF7pniYknMlwPNKIg
885,2017,6,376,Medellin,6.246926216578385,-75.57128798118157,lfa_5EmuPADMxxPKfwOAXw,390,0,410,4,3926,False,qaoEveGa_log-3foA41XbQ
83,2019,7,595,Medellin,6.23197886761631,-75.57851041353707,aTwENuj8GitrxKWVUiwPLg,56,0,56,12,58,False,5Ff5Umrp5en3zdlnxIJwdw
507,2017,6,288,Medellin,6.239988587916714,-75.57844365363833,I1VqkKPAOWjqVK4RDJt7Ug,23,0,23,11,23,False,O9QhOfErjZheGlAlLMZdYQ
1196,2016,4,435,Medellin,6.252955961956054,-75.57849076136048,oKoAITV2781g0JqX403HWg,433,0,457,15,1564,False,FQAF46Hu7m3Ad0KzprONFA
799,2018,12,432,Medellin,6.245886481893323,-75.60426762919516,lGyhPR098ZvazDljd63zVg,255,1,492,2,680,False,4NqJKCDInRB6cl8vVye1Mw
547,2019,7,424,Medellin,6.240974464341623,-75.59137317039466,scoKuCr5esiQwKD3nzMYNQ,668,0,756,9,1884,False,rAkBRFhA68CtilWk5pTTvQ
571,2014,5,701,Medellin,6.241017130266568,-75.56744038230818,SSGMP4mJp008KS80JQzQgQ,319,0,324,15,399,False,UJoqrLeHP-SeuDLV566DYw
765,2019,6,551,Medellin,6.245159426859326,-75.58536572158496,53nPTg0NjqZQXX7NzJCmvQ,569,1,895,3,5445,False,ypi4DVUYZMCrqcFmqImyLw
8,2014,3,384,Medellin,6.231121771216145,-75.60049327805991,oI-NSBuQkwWQ_IhVnaw79A,653,0,730,10,3833,False,alWIgEunkkyCEc-dbHge8g
22,2014,10,290,Medellin,6.230971594011018,-75.587266035673,n9e-uqRHK3lT5nP6kgqeoA,34,0,34,4,5437,False,zK_jEUsxUjM55NYi8bJrQQ
1251,2014,4,325,Medellin,6.253931915652426,-75.57648996501584,Zy7Caeqd0ZxLAj22ZD3i0A,754,0,896,8,5487,False,-9Ci_nz8J2IU2T5sAv12Fw
808,2013,11,466,Medellin,6.246169345345074,-75.59558954271589,edQCxfzaRgTWPCxLcdADig,755,0,897,8,5140,False,56r5qn5lITzqKeThRbd62w
443,2015,1,109,Medellin,6.239152789363377,-75.58942163878923,dukFwMGyValk82cxhzuH8g,421,0,443,8,2530,False,c5YjRmWgO-MkgSldCbNe2Q
673,2015,9,429,Medellin,6.242998157815379,-75.57146422544018,N0wleKQLMLnWAxUZekyKWA,756,0,898,7,3753,False,1Pu5i5-zX3H0x4S35hE1iQ
86,2014,7,379,Medellin,6.231923042010463,-75.5751984884781,p2NdkDpXW59J1tzI_c6a6g,11,0,11,14,4420,False,bL45m9e1tyLBzdIXVmnYhg
506,2017,7,457,Medellin,6.239768608358924,-75.57942573033837,Qaxv-WaRexAG7H_y0wHJIQ,215,0,216,4,2568,False,jhTalSGkmzm3uqqKvEci3Q
994,2013,11,131,Medellin,6.248831356724167,-75.56857574766929,IMa6_cr-1aMimeN9D3ZvZg,757,0,899,5,2280,False,8dGJtmg2cKzOpZqrAIDrtg
909,2015,9,548,Medellin,6.248074301222723,-75.60043030635228,U6PJ5W2qQLdnbIehcEQYEg,605,1,689,5,5028,False,54BqZrBpgnw3AHIB1aW34w
695,2017,7,340,Medellin,6.243981410070419,-75.60270696153809,8SttOd45DYGyAeHUjpbZGg,169,0,170,8,185,False,sbTZziG9jX2ceJQu3EVxbQ
880,2015,9,546,Medellin,6.24684463340343,-75.57647113011028,4Qy_O-V3cAgvsE38iDmEtQ,352,0,366,15,4080,False,wVQkglc2cSj3hdhSqC-niw
1186,2015,1,108,Medellin,6.253156871367354,-75.5884318532126,WDDHS30_x2hPJxzpkTlkAg,462,0,490,12,1992,True,WDDHS30_x2hPJxzpkTlkAg
78,2017,7,345,Medellin,6.231946980557575,-75.5834292745877,OSVz42T4IfMjT2JBS39ahg,327,0,334,9,4220,False,EqvGszrRoZSUu0-HBFQCaw
1251,2013,7,320,Medellin,6.253902809642267,-75.5764883526512,1BEs9C7bukK0u7utzZk9vQ,754,0,896,8,5487,False,-9Ci_nz8J2IU2T5sAv12Fw
651,2019,6,307,Medellin,6.242997792254648,-75.59343165772928,fA2iqDepkhI29XQV4YMrbg,642,0,712,4,2765,False,p-snek7kgMrqhGcLZkzIUA
457,2017,6,179,Medellin,6.238999650508909,-75.5754236139291,ZnGMvxoHqOdMgmaJ3ZuBQQ,546,0,590,8,5929,False,MH2oOFq475TsiRNGzoHi4g
353,2015,9,177,Medellin,6.237042212140928,-75.5736353545021,_rsb1MdU2gCgCRXSHYfY5Q,758,0,900,7,3540,False,iKlm-pQz0CWsbJGR1nG15g
1096,2017,6,509,Medellin,6.250916825702392,-75.57235659756826,AYwZkPdAYLe1P1bqMT5WFg,400,0,421,3,1998,True,AYwZkPdAYLe1P1bqMT5WFg
25,2013,7,282,Medellin,6.231017230322926,-75.58277502603805,aExnMPAvvqEiitItUkCUsg,369,0,386,7,5290,False,UufqqtZj9aI-f1fYwbs2rw
5,2017,8,334,Medellin,6.231077050969923,-75.60347508802157,mqqafN7n9JdPEicdx0zWYg,275,0,280,6,2000,True,mqqafN7n9JdPEicdx0zWYg
394,2013,5,240,Medellin,6.237937764052993,-75.58435840477256,DxIn0IvSc3pAXxLunBFH6w,633,1,901,1,2001,True,DxIn0IvSc3pAXxLunBFH6w
289,2015,1,519,Medellin,6.235924966222586,-75.58449816937518,YwmxSfoo8gA9eqdxwerfWw,305,0,310,3,2710,False,Jrv0Q7O6Idtoyt85otHXkA
910,2013,6,494,Medellin,6.247990256687538,-75.59950774938311,RMzpe7ljtoPNi43cXheugQ,342,1,584,4,4235,False,MoQ52B7VlbpI4ga6QgCoUQ
562,2015,1,250,Medellin,6.240457295185308,-75.57657847211833,4Z6gi1yqymwpWUpZdlSdIg,492,0,525,8,5101,False,9wNpStFDNlvGzWYVGf-k8A
43,2014,4,442,Medellin,6.231088284600671,-75.56559702232485,Y-pfPbsIhA2r2tcoQksdPw,52,0,52,13,5508,False,lowyxbygebLHZ9RkBBd8tA
457,2015,9,162,Medellin,6.23900184514101,-75.5754309915557,HuB8q5YtQO8IyzG1znhQvg,546,0,590,8,5929,False,MH2oOFq475TsiRNGzoHi4g
63,2013,8,505,Medellin,6.232089673271274,-75.59857131556251,6k-D23cKckqUw4A4H_kixw,669,0,757,6,4085,False,gpi9JxIZYUaD_buawpLJoA
229,2014,3,230,Medellin,6.234925057313196,-75.59155176283271,eZEdmfLhpp1NxbilrVopYg,329,1,880,7,1897,False,vDOOIsqpN-HgDLCNV8M0Ug
503,2015,1,581,Medellin,6.240079283256978,-75.58247179179531,NC_1_2JtytXRJvhmKaXUcQ,450,0,474,12,3653,False,FEkNCVFOMZssAYFiYDzPCg
767,2019,7,334,Medellin,6.24495080244833,-75.58350906916021,_-i-c6-7P2fhaXrlfpzCVQ,614,0,671,10,1249,False,dqxnGqgoJWMbjp1U-qdLDQ
440,2015,10,151,Medellin,6.239091959839489,-75.59241704050054,TTtrFxRLwRbEZR0C1PwNPg,97,0,97,12,2819,False,BA9OOUhjNGiAesXJvOFEvA
535,2016,3,366,Medellin,6.241126075747642,-75.60350174223858,mSK1empFG_EUWcupwx5ZwQ,120,2,902,1,2012,True,mSK1empFG_EUWcupwx5ZwQ
737,2013,5,212,Medellin,6.244008168668812,-75.56039055711823,g3j1IulgNsYt0qaMcahq9w,759,0,903,5,5228,False,eSXyVD-v0wIvUXU3F4F6cw
1143,2014,7,353,Medellin,6.252123140052649,-75.5788000177165,GLVOMPFjbYxpvUh8zp6gGQ,184,0,185,16,3381,False,Z8JgEgFK7-UeGzY9sHSXKw
726,2015,9,628,Medellin,6.244147163674678,-75.57179577670605,fpOEn-IberbU5PTvcP4evQ,6,0,6,6,2362,False,X2ARoIL0jciK9CmMi3LDmw
875,2019,1,355,Medellin,6.246998195035992,-75.58168371828656,rPR0qy5boxsytZ6yryRsBg,451,0,475,8,2237,False,XxirtS5uA4seteSHMfArmQ
200,2014,10,271,Medellin,6.233911540938898,-75.56758621159965,K3jPZIolKgw3yIgS9khUAg,301,0,306,14,647,False,1pUKlrRT9oQpOC3p9AVpyg
185,2015,9,354,Medellin,6.233948966767245,-75.58269853576256,SbUcCAbfW8Eerp4bv0q7iA,729,0,848,13,5427,False,ZYGD_jfAc72_tNK29b7rJA
1117,2014,10,323,Medellin,6.252123275998369,-75.60440591704739,_alvkYdOViRpjTz8BerCtw,598,0,652,2,1054,False,bgWFp8d5UMcVED2PWTZgpg
33,2019,6,424,Medellin,6.230946737718496,-75.57530423104717,sOw78g4XMIgfESPrxqYSDA,381,0,399,15,1114,False,tYT80Y3JdyPPRNFz3aM8sA
507,2015,1,289,Medellin,6.240003262344019,-75.57843791223237,VU15idL9JZZTfavTjudS4w,23,0,23,11,23,False,O9QhOfErjZheGlAlLMZdYQ
556,2013,5,335,Medellin,6.240915386288554,-75.58266051763377,OL_lLLqBHQ2FzIklSOxwFg,394,1,634,4,1018,False,5XFSglDNVOYyV4zxA_7dUQ
88,2017,7,320,Medellin,6.231928598912229,-75.57329468391112,rEsA1CEKmDXyFw6gKmfeng,576,1,904,2,2023,True,rEsA1CEKmDXyFw6gKmfeng
967,2015,1,509,Medellin,6.248939614660721,-75.59539937869228,35sU5NOp-dsx0RWqWOFzRA,649,0,724,3,2024,True,35sU5NOp-dsx0RWqWOFzRA
1082,2015,10,482,Medellin,6.251011877737708,-75.58665440478315,-YjLfbPQt1ZHifBorgMO8Q,147,0,147,10,153,False,uUMCnf0NjT-IPEgOGWGJuA
808,2013,6,471,Medellin,6.246179737320896,-75.59552999083711,n3BSc2PS_TPJHRJzPAM3WA,755,0,897,8,5140,False,56r5qn5lITzqKeThRbd62w
146,2019,6,476,Medellin,6.233025432955567,-75.56859807720231,U0XVwx3ONMtASFYdXPJgrA,523,0,561,10,4947,False,XZ62Gzk07TeawTFbQcR5xw
459,2017,7,587,Medellin,6.239105122523465,-75.57360276891463,tPWGBBUgTCXOWaQrr1Ngkw,250,0,253,7,291,False,HiId4qPDLormsw877-3dWg
253,2014,10,214,Medellin,6.234785771634392,-75.56800597654156,RrZ_diDLMG-9IE_u7A4Jqg,496,0,529,14,846,False,TbDIxnOfpTm0ZYZf-V7mqw
867,2015,1,164,Medellin,6.247146933735504,-75.58953801520128,jCu-Wk26lPikEk5leSJfgA,181,0,182,8,3226,False,XCADbMOgAe-TegeLBCeWUw
185,2014,1,362,Medellin,6.233928807169881,-75.58268220656394,vS9m-huWJHodIDcruRkl6Q,729,0,848,13,5427,False,ZYGD_jfAc72_tNK29b7rJA
23,2019,6,250,Medellin,6.231628493558081,-75.58544878392868,QqW7k9j-tFj0vKeDmlTyQQ,330,0,337,11,3083,False,bEYNNZOkLBRsEvouaPf-kw
1204,2016,3,396,Medellin,6.253000163209395,-75.57043473062268,zqrpmX4nWMSxoUzKrbemog,594,1,905,1,2033,True,zqrpmX4nWMSxoUzKrbemog
686,2015,10,29,Medellin,6.243188818237966,-75.55825335118294,LyGzDBajBKnAYuwNfYZWQQ,645,2,906,2,2034,True,LyGzDBajBKnAYuwNfYZWQQ
501,2015,10,369,Medellin,6.239994978165132,-75.58442696331501,kmpN9GZ3J0vMGo7YoynjIA,261,0,265,9,312,False,kLaa1EQ2G8YMudoEl1xhVQ
80,2018,12,629,Medellin,6.232005590223504,-75.58141917517369,4FjxCl6C0ID6jS3Kz-50dg,553,0,599,12,1487,False,VBy-DdDUL1NTk1i4GABF2w
112,2015,11,83,Medellin,6.233015302077577,-75.60218877850113,4cchJ7pCzI3riak_-RgZmQ,230,0,232,12,1479,False,KD0s_SaX4GVUOx6UymXT1Q
1010,2017,7,240,Medellin,6.249945255436965,-75.60544152889382,yCW7xo-fRqwk2MxW3mwiOg,609,0,666,5,1083,False,0pFm1JY1qRf84HuiIhQFkA
723,2017,6,605,Medellin,6.24401723202457,-75.57442441042073,IJLwYVK-i9kml75Ficog4Q,760,0,907,1,2039,True,IJLwYVK-i9kml75Ficog4Q
674,2019,6,360,Medellin,6.24293718864505,-75.57042210305659,KkS0UtSknCAN-CFpbqBjEw,349,0,363,9,5648,False,5MqURlS_gzYPkWTSA5xu-A
856,2015,1,535,Medellin,6.2465755269462,-75.60054614288649,ZvNrUcNwiOIkiFO5jKOAEw,285,0,290,6,2953,False,qH7vB1AcG4F5UbnUaf6cGA
510,2019,1,461,Medellin,6.239923359237435,-75.5754997006816,QCxotUOxmf6STIluseYMHw,55,0,55,13,3770,False,dUojXRqaMWPoqYdvhksVaw
461,2016,3,431,Medellin,6.23887223136306,-75.57127682615399,8a6uvLKmWt8jvuD2yv9YEw,639,0,708,4,2043,True,8a6uvLKmWt8jvuD2yv9YEw
554,2019,6,320,Medellin,6.240900343659343,-75.58448167478105,MYzpLbWhKWwIlpMfJTDRew,521,1,908,2,2044,True,MYzpLbWhKWwIlpMfJTDRew
86,2018,12,382,Medellin,6.231903798435213,-75.5751432974206,j87tGicUq471-zE_mza-PA,11,0,11,14,4420,False,bL45m9e1tyLBzdIXVmnYhg
70,2013,11,453,Medellin,6.231986151522801,-75.59145643355775,GrfMWLNFf7-iW6T8qdxQrQ,179,1,351,9,3058,False,PtD2blanRCvDAH2e_yQUYw
1062,2013,6,577,Medellin,6.250954021936971,-75.60642095927825,RKbQY7z7w33aEtKgHSKUyg,485,0,517,3,2047,True,RKbQY7z7w33aEtKgHSKUyg
821,2019,6,540,Medellin,6.246032039827942,-75.58239472806474,2s0xw3p2S3mf8iccym6iBg,156,0,156,3,2048,True,2s0xw3p2S3mf8iccym6iBg
1238,2013,10,543,Medellin,6.253822215919733,-75.58948043185417,7_TL5StDEDPN-BsWG_X_Cg,293,0,298,10,5863,False,LtizsFObSMRKWJea3xAENw
144,2019,7,209,Medellin,6.233013199989654,-75.57006086798663,h8RyRkKZUUyZHP_K8Ac0kg,183,0,184,25,1616,False,oFs5LoL1vDLaMHFkDtwqbg
713,2018,12,312,Medellin,6.244169230163623,-75.58431991935255,nHTGH05e_b1-i070rH6RrA,205,1,833,3,2051,True,nHTGH05e_b1-i070rH6RrA
283,2014,2,362,Medellin,6.236113222200554,-75.59050043570939,sfEyo2Mp5nY4fKqNC8suZg,383,1,566,7,3502,False,KUTe7wOKKsrxatZXBms7UA
747,2013,5,262,Medellin,6.24498016292149,-75.60346468977895,lBtT02D4S3sXanFblpELcw,527,0,567,3,840,False,mIja3_CojgbHKGBW5ITlNw
559,2017,7,311,Medellin,6.240972675623479,-75.57909131654948,n_BFJG6vShybgzugTZY0kw,583,0,632,6,3869,False,-wz-gfalzDAEkNU7QkOdYQ
1139,2013,6,427,Medellin,6.252108862256684,-75.58235013167214,ruQ29uSEAV55g7WQtnfdQA,761,0,909,4,4350,False,eEeIdWLyIO2xE7pVxAGfdA
645,2014,3,480,Medellin,6.24299412664547,-75.599468524475,mphZ384By5UNQq4KrGCpoQ,266,0,270,7,4549,False,_PGoJwbAESoPoOBE9piMeg
977,2014,9,421,Medellin,6.248937852434817,-75.58549880302397,z2CTsE9bgqIVsk9Xejv6Zw,351,0,365,9,464,False,3l4oelDyj6MLGVg5jRyFAA
658,2019,7,607,Medellin,6.242888869686864,-75.5863561753214,6D9pvOLIpqU-bFymr19msQ,277,0,282,11,4092,False,shhTk92DoDP-tAvEIA6E4g
802,2016,3,319,Medellin,6.246029998346628,-75.6011145341041,HZbcLMhL4CSrldWbsjwadg,676,0,766,4,4836,False,Idy-AGODDc_jKrW3hpJGXQ
593,2018,12,471,Medellin,6.242005231494928,-75.59840815204727,j05IuVtq8d4youLhLnrKbg,311,0,316,3,5706,False,db1oTsU3kKhvFR0AyP8qkQ
406,2014,2,654,Medellin,6.237979237567632,-75.57340617940336,qIqn4UrEjef5sCEVU-8UkA,460,0,488,9,3369,False,s3_Ij1olCsBbTdUEWjr3JA
144,2013,6,213,Medellin,6.233014999714396,-75.57005919194414,lWZbdKzJ2siH6VkeT1zOtQ,183,0,184,25,1616,False,oFs5LoL1vDLaMHFkDtwqbg
962,2019,3,378,Medellin,6.248756121214892,-75.60039394556203,O0K4YYwYoeZPLO0OSYvtgg,762,0,910,1,2063,True,O0K4YYwYoeZPLO0OSYvtgg
1228,2019,4,327,Medellin,6.253851259761001,-75.59942100737277,4S8DuhpXslg28kaz9miDpg,199,0,200,10,2064,True,4S8DuhpXslg28kaz9miDpg
856,2013,8,543,Medellin,6.246583793727839,-75.60057235186378,V39hfOb47E_-UE9Sr2Y6jQ,285,0,290,6,2953,False,qH7vB1AcG4F5UbnUaf6cGA
910,2013,9,327,Medellin,6.247968978520333,-75.59949777649385,iPi7-8-5l80AhPiJLIXYNQ,342,0,353,5,2066,True,iPi7-8-5l80AhPiJLIXYNQ
141,2014,7,306,Medellin,6.233136742790267,-75.57363718027268,9byDyv_Zg2cwMY_FNH-UdQ,276,0,281,11,2599,False,iQYx3brTs_CUaIoDYjE5qQ
442,2015,10,141,Medellin,6.239072639005919,-75.59050375565201,DI98Ytj1uY8GEyCEd-nOOw,78,2,728,4,1292,False,_wkdaX4y_7xDpsB_TyRq0w
401,2013,12,233,Medellin,6.238038335209594,-75.57846999497467,78r3a1p1RwUfq3-TNtrWEA,69,0,69,9,2069,True,78r3a1p1RwUfq3-TNtrWEA
84,2019,7,302,Medellin,6.232031308411101,-75.57745181459488,H1Oa22NEbLYmmR29CfQv4w,763,0,911,7,5077,False,hzNZl0EQaWxqg2rq-C0DFg
679,2016,3,123,Medellin,6.242840070218301,-75.56556097891864,kW4hxiuZhYBvJU3OkBazkQ,290,0,295,11,2837,False,iLeRBE0SZitaCepu37qGUg
1216,2016,3,453,Medellin,6.253102613646487,-75.55856379392426,iM691ho4qL9OdeMz83ks7A,139,0,139,3,2208,False,RO6NrE5txsvsRKH9eiDkww
1197,2014,1,301,Medellin,6.253008529805584,-75.57746219521586,044sHd4X5YopJPoePd3Ifg,2,0,2,11,5954,False,it0HTMj-KfACyaiRor9IZA
402,2013,5,372,Medellin,6.237958790837787,-75.57742602999075,boDwZpUiiPH3_eHqNPwXXQ,581,0,629,6,4118,False,_DqRqleKDHOVGxOQNW_RjA
192,2018,12,515,Medellin,6.234029660444117,-75.57519338496668,0obx1mztV9Kj46kL3WB5rw,441,0,465,15,4681,False,IOxRSv8wG4WxWLPQxJHUEA
927,2017,6,218,Medellin,6.247899167720412,-75.58258855780704,clQuxGyWHxAdhionEBQiww,354,0,368,6,1477,False,6naycHFLqnB0DR_6D7TdQg
1214,2019,4,400,Medellin,6.253104255333527,-75.56059080484782,ZocBPz0THeNf0cJ_aAZN9Q,738,1,912,1,2077,True,ZocBPz0THeNf0cJ_aAZN9Q
1183,2019,3,338,Medellin,6.253014665290555,-75.59136782575877,dVgWFNmNDINx5d72mkRqNA,644,1,913,3,3199,False,Qo0E0VaFz--z6B5YwBAgVQ
409,2019,6,215,Medellin,6.237945220544233,-75.57044595586403,Toqlqu1z4tXDnAHfDtP_kQ,487,0,519,6,2714,False,Nvziye1_9FR3bEhX9V3NbQ
995,2019,6,338,Medellin,6.248951648000959,-75.5677029567438,j6WnKULpERXlGwaKGnszGw,549,0,594,5,2080,True,j6WnKULpERXlGwaKGnszGw
1158,2014,7,272,Medellin,6.251968271828333,-75.56450358213749,MQ1tY32ry2SOPVVvxJw2lA,663,0,746,4,3120,False,b_1XwjLsI3AvM7jLu9NqpA
1024,2016,3,512,Medellin,6.250243630111748,-75.5914111925285,pgD6BvPhZbTy_VEcJRBCrQ,745,0,881,5,1911,False,mdfMrVGtsQgpvSYfjpRPIg
463,2014,3,452,Medellin,6.239045271022765,-75.56948737186657,oxaGL46Yw8oo0tH5ZmlW3Q,123,0,123,10,4579,False,WfR4sEgsguZ-wwLuSiu_RQ
413,2013,5,410,Medellin,6.238010271216337,-75.5664339636983,NxLXBh-uttikeeETK0Qc8w,407,1,914,2,2084,True,NxLXBh-uttikeeETK0Qc8w
1184,2019,3,365,Medellin,6.252704991130677,-75.59051623770537,hudRcNfRjc3CioyhvmrChQ,764,0,915,2,2085,True,hudRcNfRjc3CioyhvmrChQ
878,2015,9,392,Medellin,6.246953216296879,-75.578482778197,cmCeHiGAdoBT52NkzcWIRg,15,0,15,5,509,False,k8ZDnpBqmQr7pxIC_FDiQw
86,2015,9,375,Medellin,6.231963953970128,-75.57516568266658,2WfNQRRkgIYoqzxjDxLBsw,11,0,11,14,4420,False,bL45m9e1tyLBzdIXVmnYhg
1262,2013,10,215,Medellin,6.254061439145919,-75.56563876337543,J9Xahi8OiiQC-y6s-dWFOA,92,0,92,8,1090,False,aA3OQahLsnW6_uHQXUe2OQ
91,2013,10,65,Medellin,6.231957368082615,-75.57001754145746,MN5qVlOdosXJeI1m_P1qpQ,207,0,208,12,4976,False,y2HrIikM-v2xdTeiiWd5Rg
712,2013,5,652,Medellin,6.244065099670031,-75.58553063873259,9VLN8n0Iv-ybHmSW8SChRg,493,0,526,8,1698,False,WeyEKtQr2VvIPWNJ5sGaLw
85,2015,10,291,Medellin,6.232004470982342,-75.57657334515109,lIiNT6VPy0xG9k70K7KPSg,178,0,179,6,196,False,0UCZ8VrL0ytxw2_iPVzbEw
211,2019,6,609,Medellin,6.234025771313282,-75.55657742030742,CUXR4rCb--RxbH7V1X2fRg,168,0,169,4,1224,False,qY7rV7qK8xzNq0Hrgx_f9g
226,2013,5,424,Medellin,6.234893256432388,-75.59435954981869,VI11w3F4zkliAB7B2XIJYw,600,0,655,7,1060,False,AeUASTuw_ZUMmMT5ecWWlQ
861,2019,4,426,Medellin,6.247076469707435,-75.59555792440369,735Z44C_M9w-27dwNiXFbQ,765,0,916,1,2094,True,735Z44C_M9w-27dwNiXFbQ
816,2018,12,334,Medellin,6.245990233644911,-75.58750082727587,o_iPK-uwmYIYksVPusnN3w,658,0,738,4,1326,False,R3VMeElIhYz-ixQu3MKj5g
509,2014,1,635,Medellin,6.23993001789095,-75.57641121493019,6YPg6ayb8Qa02N9wvV-HKA,715,0,825,8,2986,False,asmBpnpL9y6PFO7WG4Qu6Q
1143,2017,6,343,Medellin,6.252150378229793,-75.57885639675867,Sl_Mctm1ClajWQ5AWzu_dA,184,0,185,16,3381,False,Z8JgEgFK7-UeGzY9sHSXKw
530,2014,4,597,Medellin,6.240892520615508,-75.60804827034269,VoRiCUjGTHt7_-BIlWQBoA,430,0,453,9,1599,False,wQQ460MXMBZP3Ko5hw4M7A
722,2015,10,460,Medellin,6.244049096224957,-75.575490219585,sFu9uMd7iQoSLQ3oD3lOZA,224,0,226,8,1849,False,tJ1-IWMcJzQWXYxweHh3SQ
659,2017,7,433,Medellin,6.242779107942257,-75.5855455446512,InHF9w97sxgBaOc2grPtpg,656,0,734,7,1310,False,pswuFFHwJh8Z0MmlBXlBlQ
820,2013,10,547,Medellin,6.245853115340191,-75.58340304435268,lMiHd_wOpC4R4t83mMOWjw,541,0,585,15,1587,False,2qLzxj9CoT4L8tdSqmTNKg
451,2016,3,304,Medellin,6.239495057423727,-75.58145581583439,fxR-doLC6u6uQTm2FqddHg,39,0,39,17,878,False,0KP4uohVrciniI71w7K80g
972,2019,7,424,Medellin,6.248993956817751,-75.59023040502053,H7Rl2t22Z9U_mSPyRVHIjw,720,0,834,7,2595,False,__QwG7GreNGiehMUKPXGdg
982,2013,7,507,Medellin,6.248876170348778,-75.58040281372412,70IHa_V7V2bINbKF0ROy-A,110,0,110,12,5199,False,Bgf2Z4iqi1Aiv4nff55rlg
973,2019,6,83,Medellin,6.248880312101281,-75.58962437809097,H_qbOjbQE9Tsen0d4L9jIQ,118,0,118,4,2105,True,H_qbOjbQE9Tsen0d4L9jIQ
1008,2016,3,384,Medellin,6.250141514172865,-75.6073546515601,mAsBl8pedN5btcEmW2ksUg,461,2,917,2,2106,True,mAsBl8pedN5btcEmW2ksUg
526,2019,6,368,Medellin,6.239981111408312,-75.55949403016645,NZ80pOPEZJEkqob8OlyTvw,249,0,251,4,2107,True,NZ80pOPEZJEkqob8OlyTvw
786,2018,11,356,Medellin,6.244679435688917,-75.56469032650959,9XTSHb6QUjuFTM-lBZQ-bA,167,0,168,6,2590,False,ZAuThOFmKPcxsH0lvBIQ5g
436,2013,10,123,Medellin,6.238946001382021,-75.5964550317187,um9cUd0YPOmkiFkP7z5ouQ,502,0,535,12,3230,False,DP32MnpOwwPRGWcxBMc_jQ
451,2017,8,320,Medellin,6.23951510862588,-75.58147077013649,r8W6lJiLioHVKYcLeH3uig,39,0,39,17,878,False,0KP4uohVrciniI71w7K80g
746,2013,5,271,Medellin,6.245174901082729,-75.60448184353466,9VuL83lsIen0uRI90kT6pQ,766,0,918,2,2111,True,9VuL83lsIen0uRI90kT6pQ
972,2013,5,428,Medellin,6.248971791653424,-75.59024642827053,OEt0yUqQZ_F4b2FlNAIAHw,720,0,834,7,2595,False,__QwG7GreNGiehMUKPXGdg
199,2014,11,140,Medellin,6.233931336770421,-75.56835321416379,f2Tb9I9NyRnvJiGQ2kKylA,724,0,842,8,2320,False,zWygB9Zt9mR6kkHS0hWmmA
583,2015,9,481,Medellin,6.242024520888158,-75.60848167926451,vbYpQuEKvDtKsJBZLcQmBQ,713,0,822,4,5433,False,twY6GPggb9hxgoY8frF1yA
872,2013,5,400,Medellin,6.246938849147995,-75.58447000279406,pnko2tuusjKH1GEAg31UvQ,692,0,788,6,3449,False,89OrrL3Lo27oq9Wv-j8o2g
90,2013,5,289,Medellin,6.232070707649096,-75.57154161733142,n6MXV0PDxAymnu0CDOrlNg,709,1,919,3,5899,False,2Y1eZ4Ryo9Yss7u_lrLWUw
438,2015,1,121,Medellin,6.239050248116631,-75.59443175848077,Zew-TiIE6PzBt5VguwDDjA,359,0,375,12,5219,False,g3uWiJsJd_VUkxnPB5tTHw
1241,2017,7,463,Medellin,6.253984635429195,-75.58648574978959,FtB-_xnPiBFnnJj5lZdrDw,279,0,284,12,1678,False,ps4Hne98jwPgXciU6fQUWg
944,2014,4,362,Medellin,6.247992571428174,-75.56554578096811,6c_HtQDkyZffhwamuotZug,530,0,571,9,1723,False,ScL9B14enqLsQvxbzTXPFQ
200,2013,12,275,Medellin,6.233897793072678,-75.5675708804022,mRu9W7ZchPFq_0oc6Irzlw,301,0,306,14,647,False,1pUKlrRT9oQpOC3p9AVpyg
872,2015,1,393,Medellin,6.246911246015937,-75.5844665689569,PYQkb6HXiOOk90QPTe0KgA,692,0,788,6,3449,False,89OrrL3Lo27oq9Wv-j8o2g
84,2018,12,309,Medellin,6.23203090330954,-75.57746480756288,rmw02szHwXMSwFSBUxMwNA,763,0,911,7,5077,False,hzNZl0EQaWxqg2rq-C0DFg
805,2015,1,393,Medellin,6.246020629511615,-75.5985231469485,Jv5KaqH4V7rSuEEvZt90MA,361,1,920,1,2123,True,Jv5KaqH4V7rSuEEvZt90MA
86,2013,10,384,Medellin,6.231925442872175,-75.57516906175275,POO6k3qd94OAg8D_pYxkHA,11,0,11,14,4420,False,bL45m9e1tyLBzdIXVmnYhg
344,2013,10,526,Medellin,6.236998310514061,-75.58259362643552,zu1X79khKExgyl8gOXyMvQ,117,0,117,12,456,False,eeZ0HmiL2cKsqpHsK7Rusw
89,2017,7,538,Medellin,6.232066353337228,-75.57241978049235,XWibWQHC-MZgYXEYgpCGwA,25,0,25,6,25,False,cUOrKWLZdwGmF1S_yyYBlA
1029,2015,9,273,Medellin,6.249987733971494,-75.58672678260629,kmEecMKGf5lho_yJaQxjtw,281,0,286,9,5532,False,QwELPeJ-NW0myIqcsZWIcg
42,2014,7,383,Medellin,6.23077395741267,-75.56596451497994,EuHzU4QSaeTxMRPO5MmBGA,517,0,555,14,3244,False,dHUqbRWzf-M9bddwhw51Rw
357,2013,7,259,Medellin,6.236959047124556,-75.56947367618405,fR8u5Szm63tGSmXKYz5Ljw,503,0,536,15,4633,False,lHqPaXIdMlo_sny6QGShNg
701,2015,1,330,Medellin,6.244012079866653,-75.59646341201093,4fBdeAG4UM9wYCjH5HFPeA,601,1,921,1,2130,True,4fBdeAG4UM9wYCjH5HFPeA
1199,2017,6,235,Medellin,6.252984688730041,-75.57548348466393,vIXioGbJOWJCTUFDVxGCvQ,628,1,922,4,4808,False,b0-zN0JSbt-pG08PQOvTVw
476,2019,7,148,Medellin,6.239080350167493,-75.55641249239616,9jmg99CJK6v9fJd3waosaw,4,0,4,8,4648,False,Ch8yuEAZnRROXU9wCoDiVQ
1211,2013,9,662,Medellin,6.252999700155724,-75.56360031180014,vnkn2olU1vI3pe5VHrZWHw,200,0,201,10,3970,False,9x1b127MG-_wqizCxXb8tQ
854,2015,1,499,Medellin,6.246942307186969,-75.60247756966594,mn8yr_UZbT36hnvNu9kaeA,68,0,68,12,5545,False,42LuKNrdDFPXt0lMmHPJeQ
1078,2019,3,387,Medellin,6.250856919333193,-75.59049299598786,O84kuji1xOaf4jRBT7045A,109,0,109,2,115,False,zN65AArNvT0F7982JQF8fA
159,2019,6,133,Medellin,6.234335482907643,-75.60849108863268,VuuR13U5pE4pvqIXUpMaSg,698,1,923,4,2136,True,VuuR13U5pE4pvqIXUpMaSg
1112,2019,4,345,Medellin,6.250888049953222,-75.55632651290304,1epk2ik-3ya7pKxqpe-9IA,393,1,521,3,4581,False,HtwAzeSIhcAhrOcS-R3EJQ
134,2016,3,288,Medellin,6.233184952927508,-75.58043047574242,9l-Jk5HHOwp_1qou4kbIZA,316,0,321,3,2138,True,9l-Jk5HHOwp_1qou4kbIZA
628,2013,12,195,Medellin,6.241978867875144,-75.56355934375753,punolrAzQcWkfRfIZP7EfA,135,0,135,3,772,False,akSlWeoFFw6lcs2HYcHSyw
144,2018,11,189,Medellin,6.232997929096146,-75.57005879533341,Vwmvcus5HLKSJYu12vjnkQ,183,0,184,25,1616,False,oFs5LoL1vDLaMHFkDtwqbg
718,2019,7,245,Medellin,6.244012658679417,-75.57942507699532,pkTYqx9nxMe7hXSdAFXkHQ,524,1,878,4,5481,False,OEgNGPrlPtdYIZaNPLjA6g
499,2017,7,485,Medellin,6.239890027836848,-75.5864441244673,TdBRtnrDIMcotqkRdKtPOA,145,0,145,12,195,False,tWAZ7DjZGAdOFE97PvPNUA
715,2018,12,568,Medellin,6.244044763198077,-75.58241197943458,kWZzAAM5fzWCicnzvHDA8w,544,0,588,4,893,False,fVeoICQSAdHRafeyWOxH1Q
24,2016,3,270,Medellin,6.231628728369869,-75.58450731739627,Bc4hOodvNalo-7r9_aTaEA,38,0,38,10,387,False,hqGa5M4g7P45ix2jV0n51g
131,2014,1,433,Medellin,6.233343336371808,-75.58345826838544,w7VgAzVYXM6Q1hGfIHVpcg,27,2,924,3,2948,False,r-I2SeWY8GCGcPOQwVrRfw
218,2015,9,245,Medellin,6.235029284373572,-75.60224740317265,wNX8a8FqHEfFHKw9MFp4QA,35,0,35,13,5934,False,T1HS-nV-3Eq4uMuq8YtPUg
357,2019,7,258,Medellin,6.23696470740223,-75.56948765714039,20hC7DX0eY03XgiWG3QSvg,503,0,536,15,4633,False,lHqPaXIdMlo_sny6QGShNg
145,2014,2,210,Medellin,6.232964346229432,-75.5699684971938,L_5cug0FuPUTl-BJumOvFA,183,0,184,25,1616,False,oFs5LoL1vDLaMHFkDtwqbg
431,2016,3,308,Medellin,6.238865771582496,-75.60142452078742,6a0khuv38AyOQT3hYN7uRg,697,0,794,9,3774,False,gZC0NahL8jRrUYXRt19duw
814,2016,3,594,Medellin,6.245915449821234,-75.58951483467766,8MWBA1tNxZJcwkLH7P4yzA,767,0,925,8,4226,False,zXFINj75cGO4xERFpLS9EA
962,2013,6,168,Medellin,6.248752109170598,-75.60040065837764,Lvt86s7Aa6VOW0ph3ABPwQ,762,1,926,1,2151,True,Lvt86s7Aa6VOW0ph3ABPwQ
150,2015,10,81,Medellin,6.2329423627399,-75.56451731743658,qylGio3suThzfTAfBeg6QA,300,1,482,2,667,False,2f-dolY_9h5CzWlfMHTgRg
1124,2013,6,404,Medellin,6.251948369078189,-75.5973914257286,xDL5bPa_jKCzwKYT6D-IDA,119,1,886,2,1922,False,1b4oKpe6Pdn-c6IZz5RHKw
195,2017,7,412,Medellin,6.234069175972518,-75.57252768936593,LqNg2n4_eloC1KGT4qHKxw,326,0,333,5,2154,True,LqNg2n4_eloC1KGT4qHKxw
897,2013,6,239,Medellin,6.247329726048567,-75.55940350639614,gq7qgdHR-g_-JiNdxt3HeA,726,0,844,7,4716,False,JMw2DAPE87TN632m6TH_Yw
820,2014,4,532,Medellin,6.245829175312269,-75.58338308429315,yq2r4YNoRKpRjMhBo8sWfQ,541,0,585,15,1587,False,2qLzxj9CoT4L8tdSqmTNKg
883,2013,10,154,Medellin,6.247007035133843,-75.5734740158384,9G4G1084PI6cGZ35EHJwnw,731,0,850,7,2641,False,8tshOBFP3GfFxUJDPZT6Sg
1097,2016,3,415,Medellin,6.250885887091846,-75.57144715498984,LhEzW_adEH3VDJgp_0gj5Q,637,0,704,6,3372,False,o7cwoDp48EGFK4VOK8dycw
609,2013,5,176,Medellin,6.24177115547525,-75.58246931187058,e9DFky0HK-u7RcZ6nEG3UA,317,1,927,4,4112,False,UWdelrjIjT8zmdnSZQHjoQ
4,2019,1,137,Medellin,6.231042578954291,-75.60451686899246,cBwb_rdeIImFTJYSHr5IVA,289,0,294,5,3297,False,x5aHmuMi7K521eix2MG0ZA
859,2015,1,303,Medellin,6.247007038337405,-75.59748948766014,e0g-_LG8f4qGyxzdPvX3fg,768,0,928,2,2161,True,e0g-_LG8f4qGyxzdPvX3fg
880,2017,6,546,Medellin,6.246847276576712,-75.5764603585479,ZvY63lS62aGbyMkL2ZujCQ,352,0,366,15,4080,False,wVQkglc2cSj3hdhSqC-niw
890,2019,3,493,Medellin,6.246845171925911,-75.56640262421088,2VW24jzcuUSmAR-mwOc1Rw,519,0,557,8,1344,False,nvRUdWeqNPEXb5QOZffbgA
1020,2014,1,199,Medellin,6.249969088350752,-75.59546707770416,76m_ethIJMYyLieuQurUxQ,621,0,680,11,1276,False,bDGRogy1-bpfVvh2mV8pIg
200,2015,10,275,Medellin,6.233919755672792,-75.56755606865578,7DGLFnDuJkgVcNfHyiFuvw,301,0,306,14,647,False,1pUKlrRT9oQpOC3p9AVpyg
80,2014,4,630,Medellin,6.231985076038534,-75.58144185462845,2ACo6TL1jGR1RWVEkEmWlA,553,0,599,12,1487,False,VBy-DdDUL1NTk1i4GABF2w
1014,2013,8,311,Medellin,6.249925852664661,-75.60135025067733,mBNYV3TZVEZQ-Am4YTk6kg,102,0,102,9,2167,True,mBNYV3TZVEZQ-Am4YTk6kg
667,2016,3,463,Medellin,6.242800137386306,-75.57790293685134,2V518gYeJJWW36uQLgDb_w,547,0,591,14,3124,False,-e1LVq5jQBldqjZNXmoXrw
59,2014,1,432,Medellin,6.231969039589962,-75.6025078763802,cOIQD0ujd2a_Ol-vUHGMNw,486,0,518,5,987,False,_s9hJgVQ1YEIslX1P_D_rg
1045,2017,6,433,Medellin,6.250044440755,-75.570649648468,hRlRnGwcB6f3cgqkkaq-Zw,41,0,41,4,3026,False,xr1pa4OulsNeZ1gELkY_tw
72,2016,3,517,Medellin,6.231797905080988,-75.58944789887039,bWVBGIZgjdB7UBKddfAY9A,88,0,88,10,1413,False,tHWuLYo0l6M2T2hhnCPopQ
185,2017,6,345,Medellin,6.233908079570689,-75.58270807581756,mMPrJnCj-Wv56_tvcAT2bg,729,0,848,13,5427,False,ZYGD_jfAc72_tNK29b7rJA
349,2013,5,389,Medellin,6.236987770227053,-75.57738472664518,H6qti5-o8DAH6Xy7cT9zxQ,769,0,929,5,4879,False,lc-K1zv-QUqlaTe0InaBNQ
84,2014,4,331,Medellin,6.232007151031313,-75.57742571929143,OriIez4wJ_XzXD9-lWXSFQ,763,0,911,7,5077,False,hzNZl0EQaWxqg2rq-C0DFg
401,2015,1,437,Medellin,6.23804763490729,-75.57848558779077,4XXh-vFx-ZH71qTfKPWe2w,69,2,930,1,2175,True,4XXh-vFx-ZH71qTfKPWe2w
784,2013,5,308,Medellin,6.245017146666855,-75.56656914984138,OgYec7ZmaYWhLl5t6srInA,770,0,931,4,4383,False,-EjPu-CU1iVu5dke6Cyhdg
731,2013,7,684,Medellin,6.243962878919085,-75.5663713994367,RbwP_yj6ojARKKw9OiMSQQ,229,0,231,10,4668,False,mo9c9zhAB-XkmXxLP2qzmA
356,2014,4,383,Medellin,6.237095544632631,-75.5703861622003,qejwFPcGJAnxVlI2COyMYQ,534,0,575,12,3454,False,NYgGYqKpDAe5poycklEVWA
213,2017,8,250,Medellin,6.234975134373975,-75.60739901830877,w759VVrDWLKwQpsPODb8nw,189,1,932,2,2179,True,w759VVrDWLKwQpsPODb8nw
133,2019,7,420,Medellin,6.23331191345068,-75.5814283596819,tpW-sPm14KGh8hJ_3DkPIA,444,0,468,12,4944,False,kHClugn_kJo_ghge4t7zUw
643,2017,7,561,Medellin,6.243020852171858,-75.60150505786864,I_R94ct1AUS5tssp_0IeXQ,31,0,31,7,4932,False,s55AQs9VyfV4IlxksrVNAw
623,2018,12,500,Medellin,6.241947040884591,-75.5683234110719,ZvBYlBaKLka9HFAfI5zAvw,345,0,356,10,5144,False,mSjzw70EMYlWoq9YJdYuCw
917,2013,11,291,Medellin,6.248075393438997,-75.5924486114989,U6tVdxLFoDsa5JunSV_VYg,105,0,105,7,1816,False,JAQyL6GU6AwM9gk6mZnZKA
299,2013,10,393,Medellin,6.235969321877315,-75.57444400098396,sc2df_047fsECkoTHCVqGA,70,0,70,11,114,False,v_JB2FAjB7P1XaUByPtBvg
271,2015,9,369,Medellin,6.235999084334807,-75.60236950585451,tiazC2IXhEVoAI8YONwihA,406,0,428,13,1217,False,NNGA3G5UDKRgpvpxwOWTBA
306,2015,10,293,Medellin,6.235710985566394,-75.56829219952058,AhDm8bdmWDZjBiVRmWNIXw,271,0,276,14,4893,False,Z0-_XrPiigik7bdjF6wS9w
1123,2017,7,599,Medellin,6.251947210755015,-75.59809380192677,FHlwqu7OmZ-3zk0RuVK6Nw,278,1,630,2,1013,False,JK48pTioKFdZVzAbFN2jOg
1024,2014,1,496,Medellin,6.250251991241218,-75.59141893833745,0eEgo5tLUpZyha8UEBJCXQ,745,0,881,5,1911,False,mdfMrVGtsQgpvSYfjpRPIg
749,2016,3,319,Medellin,6.245001340475477,-75.60146612888575,dASfivOKfzH0STaUDERpIw,465,0,494,5,683,False,6VeVgqgw05wRihrl3sZRag
74,2013,7,475,Medellin,6.231823131040676,-75.58750264143069,UST0AKDnsZQAN3GRQ6er5w,469,0,498,9,690,False,eF_mts6232dT4kfQJ47V5w
543,2017,7,562,Medellin,6.240913298710716,-75.59543260384285,IReLU16P7N4iUaTZh4E3uA,712,1,933,2,2191,True,IReLU16P7N4iUaTZh4E3uA
727,2013,10,174,Medellin,6.244142294488639,-75.57088087257144,gDmMKzQktnJErmv90lSf1A,771,0,934,6,5940,False,GLtzd96rmSFJhzeG_fM7yA
1143,2013,6,342,Medellin,6.252116932452475,-75.57881102021658,PSK2kZFa6F2NgKcLL3inMg,184,0,185,16,3381,False,Z8JgEgFK7-UeGzY9sHSXKw
344,2015,1,526,Medellin,6.237010523875467,-75.58262579516641,15gfnE9bIWjidExrnyPfHg,117,0,117,12,456,False,eeZ0HmiL2cKsqpHsK7Rusw
360,2019,1,178,Medellin,6.237666998805718,-75.56658969603977,khuQ4LlmIojFmRhmYh5yNA,772,0,935,3,2195,True,khuQ4LlmIojFmRhmYh5yNA
922,2017,7,437,Medellin,6.247962257352066,-75.58768928296364,dLDfa23j8C-BaqSTsIYd0w,79,0,79,11,886,False,QqWk_jcyZstjE_Qw8W-ACA
146,2014,11,484,Medellin,6.233035685548415,-75.56861077715249,UawyNwyBmn_WDGQDMaiH7g,523,0,561,10,4947,False,XZ62Gzk07TeawTFbQcR5xw
860,2016,3,359,Medellin,6.247005275628555,-75.59646010815183,8L0wbfhsEpgmpoF3xhGavw,560,1,936,1,2198,True,8L0wbfhsEpgmpoF3xhGavw
1242,2019,3,405,Medellin,6.254029289320502,-75.5854083595869,NEp51ZrAvqDw9B1ZoQdgQA,466,0,495,3,685,False,S_S-3VZlkiUJVLR2aokeGA
657,2012,9,148,Medellin,6.243433429918407,-75.5873204293269,FD93jXhmc3_Q5ZrBFaGd3w,773,0,937,5,4323,False,1uAOFzS_R8yEDVwuaD-5tg
385,2014,2,340,Medellin,6.2379259024192,-75.59445995978037,Uv4L-Ats5B2lIQDFinP26Q,566,0,613,7,4773,False,sJ3u-tYU1g6gIK6urVFB0g
1270,2018,11,542,Medellin,6.253765225141787,-75.55766313987488,hQy41Ph_xKbnf7BIraCFAA,520,0,558,6,819,False,gocD9wiMk-xi-E_6EB_Iig
174,2013,5,395,Medellin,6.234015088300594,-75.59322698610815,jxAEKSDoiN2e_9nyQ83xRQ,67,0,67,3,5928,False,HNGvSNN3nISfCRk8MqjJkw
8,2016,3,380,Medellin,6.231134365832119,-75.60050955740309,pebSwFFEhqA4SgAY9II6vw,653,0,730,10,3833,False,alWIgEunkkyCEc-dbHge8g
874,2014,1,608,Medellin,6.246858794365522,-75.58235596722164,Rjk0WCpCJ9DbbsKZttlmMg,265,0,269,15,967,False,oPuVUtuDiT7gajx6H2u2ug
1214,2013,11,431,Medellin,6.253111547624249,-75.56058371349974,fI7_i9LiBhk31PxVCFgP2A,738,0,866,3,3036,False,m2IYLdnsGrLK8kbexeN1vw
556,2013,10,515,Medellin,6.240942811495717,-75.58265957105114,LiR1ESh7R8ZkT5gZWQFoow,394,0,414,2,538,False,L9T1hxLuTZ06P_LnBbSWzg
1216,2019,4,463,Medellin,6.253101628951679,-75.55857075243131,RO6NrE5txsvsRKH9eiDkww,139,0,139,3,2208,True,RO6NrE5txsvsRKH9eiDkww
729,2013,5,606,Medellin,6.243993254723233,-75.56844715905407,WsZ9Dmnfb7zw4EYiG3Dpbg,302,0,307,13,565,False,xMp8d2U2jHWm5cFZTLd3eQ
712,2019,6,656,Medellin,6.244015374764277,-75.58557423239661,mZdLGhGcG3W9CGKlCYMEsw,493,0,526,8,1698,False,WeyEKtQr2VvIPWNJ5sGaLw
45,2013,5,276,Medellin,6.230824231011577,-75.56392961530533,u-D5f96iGYmqBnmp8m2KuQ,737,0,861,3,2211,True,u-D5f96iGYmqBnmp8m2KuQ
31,2019,6,340,Medellin,6.230976858200262,-75.57747446754996,kzfBEhxM1kAoPDnX0yWpjg,659,0,741,11,5409,False,Akjy8sq6oXdCvxJfpcGzqQ
476,2014,10,146,Medellin,6.239058053104693,-75.55644290527053,Edumn-QzRUeT5GmG42NVXQ,4,0,4,8,4648,False,Ch8yuEAZnRROXU9wCoDiVQ
1257,2013,11,422,Medellin,6.253853191265673,-75.57017960257936,p90W9bNGiMdrTr6cRVHjsg,54,0,54,4,56,False,lYFgNMyNVYxIhfnNduYebQ
510,2018,11,464,Medellin,6.239899796503997,-75.5755344130069,a0xqikgCPLMqrWo9WMmakg,55,0,55,13,3770,False,dUojXRqaMWPoqYdvhksVaw
1040,2014,2,364,Medellin,6.249948465130491,-75.57525000815008,husUjXhIeHWIZnwb5k0w4Q,236,0,238,15,5221,False,kqL5triMYOxn1GZlLkeH3w
717,2015,1,434,Medellin,6.243810780899195,-75.58060842237624,uKsVLjqpv7bSYgNWwdhIBA,476,1,570,4,852,False,A08GV026LuVISEYeA7dvlw
126,2013,8,308,Medellin,6.232411723243668,-75.58838799849018,KabbaegmQv-H0FnkWsFWnw,525,0,564,5,1533,False,Ezis5P0BFhVSUPLCtEqMwA
960,2017,8,387,Medellin,6.248984492076655,-75.60244414423948,8Cjxp7eJ-6F5Nr44gEn19A,9,0,9,8,5041,False,EAHP9dd2pJICQgwIPF5Yjg
1249,2019,3,611,Medellin,6.253900092444227,-75.57817988391152,H3qrfV68wSEABYY5HahcDA,693,0,789,6,2220,True,H3qrfV68wSEABYY5HahcDA
519,2019,1,627,Medellin,6.240006521625608,-75.5664420755873,_ddhyzJrNuMxR9IRPz-x-g,370,1,938,1,2221,True,_ddhyzJrNuMxR9IRPz-x-g
83,2014,9,613,Medellin,6.231971144949072,-75.5785231591223,67U1aJam5JUC0xbGlFnd5A,56,0,56,12,58,False,5Ff5Umrp5en3zdlnxIJwdw
719,2018,12,300,Medellin,6.244034159396771,-75.57829653594099,AmngJafs1zmkbauyhL3nKQ,718,0,831,11,1673,False,lPh7RKd7qSHDO01kp2mnSA
298,2019,1,502,Medellin,6.235958143287032,-75.57545438227459,uZ_1-hjnyERXj-2h3vDhGw,315,0,320,11,2224,True,uZ_1-hjnyERXj-2h3vDhGw
870,2015,1,175,Medellin,6.246999806656047,-75.58624310596066,PVYAjj3JpJ68YTqZnW1W2A,774,0,939,5,4458,False,3XcEai1fdqrY2YfyKqFgGw
783,2019,6,353,Medellin,6.245070174930325,-75.56757006286104,QYvWOPSV32D1GF3S9IIblw,307,0,312,9,851,False,GHonC3dwmjCNsS7-DOCHaw
975,2013,10,492,Medellin,6.248921544324777,-75.58745609260099,nQinlGj_ghN2Pw2Fv9LBDg,214,0,215,9,4478,False,oIu5ox35HQlXn-y9ztuLCA
778,2018,11,212,Medellin,6.245147256914736,-75.57234361574436,5QLfkplM4Lh0SwM2c0G1jQ,227,0,229,11,262,False,9g-mSvJ716BhQz83M9Bsjg
36,2019,6,170,Medellin,6.231095473592483,-75.57247943171042,Nz3rogHBKs1TkhI2PbGWkQ,739,0,869,8,2229,True,Nz3rogHBKs1TkhI2PbGWkQ
530,2015,9,417,Medellin,6.240892158670959,-75.60801464247953,ONJG5FtuIxi4nkWQpnzV6g,430,1,940,2,2230,True,ONJG5FtuIxi4nkWQpnzV6g
1040,2014,3,352,Medellin,6.249930790780368,-75.57521703141268,SclAnmVjnrmDu4r7ghFw-Q,236,0,238,15,5221,False,kqL5triMYOxn1GZlLkeH3w
965,2013,5,374,Medellin,6.248995717644449,-75.59768841520966,7olXu1ZrsMjP0vFFh1GpNw,376,0,394,6,4854,False,UPbxKKaB8nFWhEhP9-LSDw
338,2015,1,332,Medellin,6.236993534839583,-75.58844498524861,d2SxU7G6DLQelwfKzUpWGw,113,1,941,1,2233,True,d2SxU7G6DLQelwfKzUpWGw
515,2013,5,354,Medellin,6.240271160255393,-75.57044384822697,xKPqmhQ2jqlVY7_6ylU0dA,340,2,942,2,2234,True,xKPqmhQ2jqlVY7_6ylU0dA
1192,2014,7,413,Medellin,6.252926800470799,-75.58242798792371,J2MPeyVa97m2fzNbdsiP2Q,550,0,596,10,2985,False,xpI0epZRx35hRXfkPvXAbQ
83,2017,6,610,Medellin,6.231953057243697,-75.57847570869163,dJQOewo5ZaMs7hJuWWLuJg,56,0,56,12,58,False,5Ff5Umrp5en3zdlnxIJwdw
875,2019,6,352,Medellin,6.247001094327682,-75.58168428825611,XxirtS5uA4seteSHMfArmQ,451,0,475,8,2237,True,XxirtS5uA4seteSHMfArmQ
1238,2018,11,552,Medellin,6.253818913786586,-75.58948112638778,e2P0i4nDzCHsjRuEjdazmw,293,0,298,10,5863,False,LtizsFObSMRKWJea3xAENw
245,2016,3,315,Medellin,6.234940015737979,-75.57547707820183,-U_nwYyUEvIpyyJFId-6eg,422,0,444,14,1521,False,S3bFKY4w908uyzvbJEZSIw
31,2013,5,348,Medellin,6.230992129859283,-75.57747853632664,Dr2gNNEm3Tbqfonk9Z-0Ow,659,0,741,11,5409,False,Akjy8sq6oXdCvxJfpcGzqQ
529,2017,6,419,Medellin,6.240371298549645,-75.55626009148376,D69PNEvb4sF4s7dgx9u0tA,66,0,66,9,2351,False,jb7mMKcT8x3Jzf2V3PNvRg
608,2017,7,473,Medellin,6.242029350471252,-75.58352396328853,_5EUn3XWiFl254PK8LLxFw,7,0,7,12,1562,False,wEcgeZivBFib9e3k8O2Avg
880,2014,4,559,Medellin,6.246830954573575,-75.57650305188892,ZfkFnw6X-wEyj8u3EfmvcA,352,0,366,15,4080,False,wVQkglc2cSj3hdhSqC-niw
669,2019,6,98,Medellin,6.243450388073984,-75.57440164984075,oMb7SP7ooyAlp3r_Kms9zg,775,0,943,2,2244,True,oMb7SP7ooyAlp3r_Kms9zg
820,2013,7,555,Medellin,6.245847392941705,-75.58340296306544,Z0xtmqQrC0LVOJ-pTTTcGA,541,0,585,15,1587,False,2qLzxj9CoT4L8tdSqmTNKg
764,2018,12,427,Medellin,6.245135105214905,-75.58632633962569,Hpdo2tCuGW_3IdKHVyoqHg,170,1,944,4,5335,False,Fvm0H6XdAabxVuHDFvNUCQ
70,2017,8,458,Medellin,6.231963820584018,-75.59143981961411,481c_mxPQjRBB49zJIk1Nw,179,1,351,9,3058,False,PtD2blanRCvDAH2e_yQUYw
410,2013,11,453,Medellin,6.237903459630972,-75.56947659327246,7q4zHRgKpeqWFphvhD0sng,588,0,640,4,4766,False,Aya4prg8IXE14-364t_IMA
870,2015,9,170,Medellin,6.247026826085323,-75.58624197705856,igjlT-5TCwcP6uMay-fXRA,774,0,939,5,4458,False,3XcEai1fdqrY2YfyKqFgGw
641,2018,12,690,Medellin,6.242984661944036,-75.60352723873038,hWsxT8u1xz8knwFSp7Xtig,776,0,945,3,2250,True,hWsxT8u1xz8knwFSp7Xtig
511,2015,9,206,Medellin,6.239945244824055,-75.57451009063226,MQyoyOj3LyXJ3M_eJCZINw,777,0,946,4,5858,False,4Xd6wpCf75RsHnbWMMn4aQ
77,2019,6,495,Medellin,6.23191608507855,-75.58444260913096,LV0pg-pSE59pILOz7AhIJQ,16,0,16,9,16,False,5UCCGvO8I8E8-aLlAw-gVQ
1211,2013,6,658,Medellin,6.252970348560845,-75.56361367207633,qEFWozRU-4sr1zGPOQmtiw,200,0,201,10,3970,False,9x1b127MG-_wqizCxXb8tQ
912,2015,1,320,Medellin,6.248083249651877,-75.59743512269883,ZV9ZZZZqbg6kaPkSH09XuA,778,0,947,5,2424,False,2HrC7WCj3KBh1ZlPyQRLAg
675,2015,9,521,Medellin,6.243011874621116,-75.56955743718126,YOVSOIkkwaJ3V4gMR1ukRA,573,0,621,7,1238,False,TOWbkVVPRLv-RDOTg1e77Q
678,2014,10,198,Medellin,6.243191756535651,-75.56644175711213,CcTjUngxgx0UEpM5QEse-w,751,0,890,8,1941,False,g7MLyFVez8UZMCJo2WRdyw
444,2017,8,332,Medellin,6.238736524386534,-75.58841738532895,qOs9krXTzL12HPb4t00zNA,221,0,223,9,820,False,sZ2h_3lC28tn061Z6XNx9g
70,2017,6,453,Medellin,6.231918079611779,-75.5914522965366,MX4mZ81UFqUS3DJXsYImHg,179,1,351,9,3058,False,PtD2blanRCvDAH2e_yQUYw
976,2017,6,190,Medellin,6.24891867148092,-75.58646815246385,NDZySTYvV1ZIZ51KKxbEaQ,49,0,49,9,2259,True,NDZySTYvV1ZIZ51KKxbEaQ
142,2014,1,268,Medellin,6.233216857681414,-75.57277600197575,ACP-gh9eqpvmSciJ2EzG_A,62,0,62,7,2330,False,RrJYL_k_C_lbNaIAN_Mf8g
218,2016,3,265,Medellin,6.23497998327637,-75.6022770058656,UaiqX7TNMAScrUKRo_z_nQ,35,0,35,13,5934,False,T1HS-nV-3Eq4uMuq8YtPUg
761,2019,7,355,Medellin,6.245004126463532,-75.5893218460978,FyeW5-F1-aeWlE_t8QbaPQ,675,0,765,8,3754,False,qT_NGQVbF_T3FRvYTYVXmw
87,2019,6,383,Medellin,6.231954278631575,-75.57445385327095,zmyBE31kJ9lo3YTNAnyF9g,175,0,176,5,2263,True,zmyBE31kJ9lo3YTNAnyF9g
1051,2013,5,419,Medellin,6.249912576013158,-75.56434437924388,42IxXfelTNPamirE2gEUpQ,191,0,192,15,3147,False,Mb20BGziyq-smEbDgCSXJg
1229,2019,4,525,Medellin,6.253906663404405,-75.59836001306779,f1s6ZPBvMfq8p0kU-NYAwg,630,1,948,3,3501,False,FH-m9RZFzIS7D0mg4dV4_g
145,2014,12,190,Medellin,6.23294515151115,-75.56996317230195,lO5bvhgLDgqAOumVTXRNdQ,183,0,184,25,1616,False,oFs5LoL1vDLaMHFkDtwqbg
1149,2013,12,271,Medellin,6.25178911105287,-75.57256501354661,bXgaLty8H22yJ6_9QigyrQ,241,0,243,10,3567,False,w99tbaQKXd99g63jartRbw
1008,2019,4,364,Medellin,6.250117764418645,-75.60733043259347,UeRr2TR1hqaYzeMfg8pFdw,461,1,779,2,1485,False,y-COaTg_rHxd60QtcWKhug
1236,2016,3,344,Medellin,6.25391373423615,-75.59048966916637,AlZUI6v4gEdVwmAQbJbJCw,779,0,949,10,2615,False,0EXsqruMPzhICRwvjTUlmQ
381,2014,1,235,Medellin,6.237967660599766,-75.5983213622501,Tcwx81JrWQMKZp_Ssn8v9g,85,0,85,6,948,False,Btq7NZ2gKjqtDrXZbh71Rw
990,2013,11,582,Medellin,6.248958956769947,-75.57231713760457,F6Qih-ekK0h2x7EDfXqfXQ,196,0,197,6,791,False,qSoiy8IeeRTUcfGVCffJ5w
142,2014,10,262,Medellin,6.233206005901406,-75.57280658720263,SsEzRQMzx1nEB8ci7pwS3g,62,0,62,7,2330,False,RrJYL_k_C_lbNaIAN_Mf8g
231,2013,5,104,Medellin,6.234900262322218,-75.58969049447178,rXSDrWlsVaqZbCXfsgPV4g,438,0,462,5,4142,False,GMW_M4vKrh4Z65LQURdN_A
176,2013,7,320,Medellin,6.234013600816566,-75.59155756855218,FIC5UkkEnfzoZNkbewPewA,664,0,749,6,3964,False,DRLfW6cc3XWucCo5wXG0pg
330,2017,8,340,Medellin,6.236985179919122,-75.59655919377957,ReDziIYNPvIjuGM2M5VbBA,513,0,550,8,1178,False,nVLn_rXk9K8rlPCU2Q9ZsA
194,2015,1,349,Medellin,6.233969461665564,-75.57331603999839,BaecRgbyicVmczrlKsGPAA,177,0,178,11,628,False,jbuXSv6ucKoRcHx_nG9-HQ
755,2016,3,582,Medellin,6.24490345376718,-75.59537709896225,1vMaYcroNFi4uPgIE5BoGw,661,0,743,3,1874,False,NAsrP7j3vSQZUF1vQdkRAg
1236,2018,11,350,Medellin,6.253896863273641,-75.5905096775448,zSCAI6Hd_v3BOyLO1fOe5Q,779,0,949,10,2615,False,0EXsqruMPzhICRwvjTUlmQ
148,2014,5,261,Medellin,6.232852080550008,-75.56662768619253,MTDzejly8UTt_XyTzqFfFA,374,0,392,14,5111,False,hh_6AfPE8Dn1XAF17V5CFw
994,2017,6,114,Medellin,6.24882052110375,-75.56853797683975,8dGJtmg2cKzOpZqrAIDrtg,757,0,899,5,2280,True,8dGJtmg2cKzOpZqrAIDrtg
1155,2015,10,296,Medellin,6.251934620620782,-75.56741517668084,YCVDEMDCBbUO_w8wvEOFzw,385,0,403,8,5315,False,1kna2jCCY_ICLabjVCqXFg
641,2019,3,680,Medellin,6.243000849797277,-75.60352427936037,fIS5CbVIRsWOECSKyWXVKw,776,0,945,3,2250,False,hWsxT8u1xz8knwFSp7Xtig
403,2019,6,535,Medellin,6.237946760488657,-75.57651436128714,0wns_31olfodW5lI18oknA,473,0,503,13,2283,True,0wns_31olfodW5lI18oknA
922,2019,7,408,Medellin,6.247965236659716,-75.58766382357251,Kq_RIF3h56lrYwKnD1iUCw,79,0,79,11,886,False,QqWk_jcyZstjE_Qw8W-ACA
231,2019,1,110,Medellin,6.234942307204837,-75.58972050103628,WPOqxBt4qOMzhRmuYXEBDg,438,0,462,5,4142,False,GMW_M4vKrh4Z65LQURdN_A
1175,2013,6,446,Medellin,6.252738680298653,-75.5991039041378,ixc15dMvafsb_INFum43TA,29,1,617,3,4135,False,qoyYvRnvYvlXCZzSPNUiyg
34,2015,10,246,Medellin,6.23104497505879,-75.57443297494405,8c0vXGokwBvdMR6nHShWpw,308,0,313,8,2287,True,8c0vXGokwBvdMR6nHShWpw
870,2013,5,174,Medellin,6.24701746064563,-75.58624062986469,D5FRliCrnpP32dBt_9US_g,774,0,939,5,4458,False,3XcEai1fdqrY2YfyKqFgGw
130,2013,5,332,Medellin,6.233273346104484,-75.58452629894856,G1QnzgY0Ery2xqUsvqRh7Q,299,0,304,4,5327,False,Xv0nknjJ-2iHO7OPnT0KZA
1037,2016,3,295,Medellin,6.250005558399987,-75.57851407763198,WPmQtxfCMiGZzzqY0XLPew,507,0,540,3,2290,True,WPmQtxfCMiGZzzqY0XLPew
497,2015,1,326,Medellin,6.239868240665849,-75.58839662867273,OIEU2_jmCnjmpdNX9a6qGA,172,0,173,7,3572,False,Oi1IHbpjAUhbE-kNPSAooQ
861,2017,7,242,Medellin,6.24705241355286,-75.59555299433389,hJdTwJww90ZUlqaY6lp3ug,765,1,950,4,4583,False,bfLpir9u6Jk-1vwJZn2hiQ
1143,2014,4,340,Medellin,6.252172245717738,-75.57882783077255,HrEmf_y4w81SbVl3ksY_XQ,184,0,185,16,3381,False,Z8JgEgFK7-UeGzY9sHSXKw
162,2017,8,283,Medellin,6.233940169901984,-75.60533476425053,pUZjT5EKHrnl5NoPZXThyw,282,0,287,6,2294,True,pUZjT5EKHrnl5NoPZXThyw
1104,2013,11,108,Medellin,6.25097904245698,-75.56444272184932,_3DU3jkrXG-XN1A6dk1cjA,287,0,292,8,5098,False,gHx-aXrPsrHMerDne-dDAg
146,2014,5,470,Medellin,6.23300159290984,-75.56863336445338,uB8rcbeizh0Ol_uT9DCI6w,523,0,561,10,4947,False,XZ62Gzk07TeawTFbQcR5xw
1083,2017,7,305,Medellin,6.250558279734123,-75.58553330653665,bKe0OPF27A3Ji4tce1tqZQ,577,0,625,7,4334,False,YIaOgeEfouRbthu2X7vVCQ
1246,2015,9,436,Medellin,6.253832689323208,-75.58115037392643,9qdTIsQ9tNcKvIcq_3P_4Q,3,0,3,4,1246,False,Yf9HMRaU_TEnFXyBsY02KQ
462,2019,1,614,Medellin,6.239007783835918,-75.57047204139911,RmpZojz9m-dPw0WplwaLvA,542,0,586,13,1869,False,odRTreOwNDTVzVYU2Fx6lA
972,2015,1,442,Medellin,6.249017926912755,-75.59024157711113,Xz1kMS40_F3MZBqBBSHsOA,720,0,834,7,2595,False,__QwG7GreNGiehMUKPXGdg
908,2018,12,521,Medellin,6.24798845971489,-75.60152651525759,feCxEemz2kylx8pvRi8IzA,780,0,951,2,2301,True,feCxEemz2kylx8pvRi8IzA
81,2015,1,498,Medellin,6.232003379271504,-75.58039777052302,Wmk-1KwXLHKYq4IRDz3YxQ,749,0,888,7,3272,False,ZPF1dTIOK3RpqNrkbxmazQ
1093,2019,3,576,Medellin,6.250971835203914,-75.57520123075778,qVgcsBbDsQDHIVPSTNir_A,449,0,473,11,2303,True,qVgcsBbDsQDHIVPSTNir_A
306,2013,11,301,Medellin,6.235704321599302,-75.56828826719043,hkdZ7GS8cBaItg8bXJqlAQ,271,0,276,14,4893,False,Z0-_XrPiigik7bdjF6wS9w
1034,2015,10,521,Medellin,6.249995081480183,-75.58145545416994,nbINKiPmfZPgp_Rc_NUfsw,273,0,278,8,333,False,LyVa61bsupnT5RyP-LH__A
1097,2015,10,413,Medellin,6.25089927794276,-75.57143172554981,syrKuVbEVeiRLFr8akGGCA,637,0,704,6,3372,False,o7cwoDp48EGFK4VOK8dycw
77,2013,8,480,Medellin,6.231885091180606,-75.584451822849,E5KhK5xskN8_U4WCFbZOpg,16,0,16,9,16,False,5UCCGvO8I8E8-aLlAw-gVQ
271,2014,1,366,Medellin,6.235994696451011,-75.60237192636329,m81gh7-BO5XSAtgX9Ooiyw,406,0,428,13,1217,False,NNGA3G5UDKRgpvpxwOWTBA
59,2017,8,413,Medellin,6.231982637032304,-75.60250289234739,VyDlRbesmv-lP1fRPM612g,486,0,518,5,987,False,_s9hJgVQ1YEIslX1P_D_rg
982,2017,6,515,Medellin,6.248872377059294,-75.58036621910759,Lt8_OQeeSr_w6tWTh9rkkQ,110,0,110,12,5199,False,Bgf2Z4iqi1Aiv4nff55rlg
396,2016,3,72,Medellin,6.237883958865105,-75.58339598563676,Ft3dAGTyAxWt37pDcA1J2w,206,0,207,8,2749,False,YDuIJdh8GT2MsQdIm-KkGg
892,2014,4,297,Medellin,6.246851380011802,-75.56446965349234,StPdJKPO5Vmj5UCmstEo8w,781,0,952,4,2312,True,StPdJKPO5Vmj5UCmstEo8w
681,2013,8,504,Medellin,6.242889812076219,-75.56357019486894,kjj2a_izh8G5ajr4tPbL0A,435,0,459,10,3200,False,BkYONKaC4IfL9g4oLbfuEQ
1047,2015,9,382,Medellin,6.250022689053765,-75.56852938782254,Pdd-kWv7ajeoP0BlkZui4g,585,0,636,6,1021,False,yva5sXJ7PCy3SmoPbcvwbQ
1163,2019,4,554,Medellin,6.251896833530129,-75.55832370745753,3E1v427a7vHrdelwKc4YEg,333,0,340,6,444,False,o9mUdZEP0h4FjmNicLkO_Q
1095,2015,10,177,Medellin,6.250744107113371,-75.5735461141107,DNsBNjM8sSc61J_RfUfOcg,163,0,164,6,177,False,MfRPdrr9UkMN4sTsF7dSMA
1228,2014,10,348,Medellin,6.253811819905781,-75.599430018925,0Az6nEzsLUP1Akk31e1dbQ,199,0,200,10,2064,False,4S8DuhpXslg28kaz9miDpg
770,2015,1,597,Medellin,6.245044541475321,-75.58060943470076,-6Wm9Poemm9f5LX2KzT3fA,318,0,323,3,5431,False,AX6qiBfZP9xNhpWUE7Nl-A
989,2015,10,494,Medellin,6.248859951221633,-75.57338305655254,iC7aZPUK8A0jEQ_-8vDEcg,782,0,953,2,2319,True,iC7aZPUK8A0jEQ_-8vDEcg
199,2016,3,159,Medellin,6.233943224098742,-75.56835399953309,zWygB9Zt9mR6kkHS0hWmmA,724,0,842,8,2320,True,zWygB9Zt9mR6kkHS0hWmmA
248,2015,1,389,Medellin,6.235115978180075,-75.57247835023064,I8bCZ-grCykvH1_1DEMmYQ,332,0,339,13,5031,False,HhP3a0w78KKBzm0LMsWKVA
543,2018,12,380,Medellin,6.240929207108227,-75.59545217216237,TZPom5nkXkt36JJNiYb_6w,712,0,821,3,4428,False,6JBejNMwkRuBzpKUdTifXw
825,2013,5,400,Medellin,6.245813902634342,-75.57891008690896,AEWN1NbZ0QzXHlWi-LJWtw,783,0,954,5,2323,True,AEWN1NbZ0QzXHlWi-LJWtw
81,2013,5,510,Medellin,6.231978995525854,-75.58041907555052,XDiDqydnWc35_77xXGMRsQ,749,0,888,7,3272,False,ZPF1dTIOK3RpqNrkbxmazQ
513,2019,6,219,Medellin,6.239987714271149,-75.57249470835347,7oGXbU_S6VD2ZfxCjm1d5Q,378,0,396,8,5105,False,6sAe5SebDQNKskfR5j2Gmg
394,2019,1,221,Medellin,6.237995870716345,-75.5843547326931,Ci5AVIBdzTEi3bVjRxVZlg,633,2,955,3,5509,False,l97370K72U9G8JdGVPmvYg
5,2014,3,327,Medellin,6.231062192180235,-75.60346022081977,Eemv20kwudIamhQja2P80A,275,0,280,6,2000,False,mqqafN7n9JdPEicdx0zWYg
190,2013,10,445,Medellin,6.233910647355762,-75.5774741479389,Jj3PuS5Kn97wei73d9G-2w,51,0,51,13,2328,True,Jj3PuS5Kn97wei73d9G-2w
599,2013,10,275,Medellin,6.24186032638507,-75.59183455685564,yzijo4FUDshx80aYXki5eg,12,0,12,7,2329,True,yzijo4FUDshx80aYXki5eg
142,2016,3,293,Medellin,6.233183263934288,-75.57278780938229,RrJYL_k_C_lbNaIAN_Mf8g,62,0,62,7,2330,True,RrJYL_k_C_lbNaIAN_Mf8g
93,2015,10,111,Medellin,6.231952907526799,-75.56859753819785,hwSU0jPwHwbaDvxIsUkGrg,434,0,458,8,2374,False,oMPaKsRpUbV19WMTdgZbfQ
460,2019,6,257,Medellin,6.238987804141705,-75.5724495556534,RNa6AiYsnAbG4FeS20gNMQ,100,0,100,9,1675,False,vbUJKT0pt6lESqFUToPApQ
571,2013,10,683,Medellin,6.240997705937498,-75.56743664217205,lFuYganYFJ8xX0y7RPGK1g,319,0,324,15,399,False,UJoqrLeHP-SeuDLV566DYw
900,2019,7,441,Medellin,6.246925664252262,-75.55648076744136,QM0HuO2xcImu8cHXGXL3MA,784,0,956,4,5983,False,OXz_nXNL6-zzLt_ZCdg9lg
145,2015,4,198,Medellin,6.232932235298263,-75.569965810532,JQXAbJUp4Ij91VBbYY3z7Q,183,0,184,25,1616,False,oFs5LoL1vDLaMHFkDtwqbg
571,2015,10,678,Medellin,6.240986989853327,-75.56743840073996,CeYKuMSs9GvYuMM48qUs6A,319,0,324,15,399,False,UJoqrLeHP-SeuDLV566DYw
607,2017,9,469,Medellin,6.242043458617156,-75.58459541056214,CaSnThjjZGMP-SwgD6aTCA,364,0,381,7,483,False,ZTXBURk2Dk2q0US1r_CVnA
210,2014,6,167,Medellin,6.233843546376843,-75.55732473892327,__GBbetg150aa9lepy2F4w,204,0,205,9,4830,False,v-yfTP7ncEmWr_nE2rP-WQ
768,2018,12,150,Medellin,6.244820335819029,-75.5825349576772,3OASJdtw-g5b50otPolhPQ,240,0,242,4,3050,False,IKzJ7wVGAG0LYUjD6ZkfCw
201,2013,10,440,Medellin,6.233368686072395,-75.567072442087,AeLlLnsoIhRWhIp79I-LKg,235,0,237,11,2340,True,AeLlLnsoIhRWhIp79I-LKg
45,2017,7,277,Medellin,6.230809126122078,-75.56392449930689,LjN_ibQ49aMrOzKpIDoQ8A,737,0,861,3,2211,False,u-D5f96iGYmqBnmp8m2KuQ
861,2015,1,237,Medellin,6.247065319356829,-75.59552944099238,uxwVkvGUZl5jZBWlLt9Jqg,765,1,950,4,4583,False,bfLpir9u6Jk-1vwJZn2hiQ
957,2013,6,480,Medellin,6.248997206134183,-75.60568225302862,Uo4bueuXsIDE-fJMK-U65A,298,0,303,4,4181,False,pb7RCR07aGM2ffl22Esn4g
123,2019,6,309,Medellin,6.232961219469504,-75.59149114837768,H7IGvN2ZVim6kYDW8JcMWQ,677,0,767,6,2588,False,jCW-2espNctu3dLdh_0t8Q
1091,2013,5,448,Medellin,6.250815686014178,-75.57754292040667,MWFTyFa7DPhyWiCBW9t1rA,625,0,685,6,5358,False,1LwoUfbvUYD6vdydrmX85Q
33,2015,10,427,Medellin,6.230932957030505,-75.57527982381355,Uv0ZvUxca-3cLHsDjftrlQ,381,0,399,15,1114,False,tYT80Y3JdyPPRNFz3aM8sA
991,2016,3,543,Medellin,6.248981354132558,-75.57150394196432,qbHeZfixuFfc3el8wygiuA,320,0,325,5,400,False,kSiOMO2NvzNVMu1U3DqijA
1254,2016,3,354,Medellin,6.253902013307108,-75.57253103517361,gKE9twvkFfCJDv_YD4Wsww,112,1,697,4,2348,True,gKE9twvkFfCJDv_YD4Wsww
1080,2015,1,479,Medellin,6.250942083940632,-75.58841974873766,IYUpBFHx6Raot36CpKIQNA,185,0,186,11,5310,False,bsh5kDpYX72-eEufPeicig
409,2014,8,227,Medellin,6.237915963512722,-75.57043999104712,169Llninez2yndCVXeryqw,487,0,519,6,2714,False,Nvziye1_9FR3bEhX9V3NbQ
529,2018,12,402,Medellin,6.240372285721536,-75.55628370209084,jb7mMKcT8x3Jzf2V3PNvRg,66,0,66,9,2351,True,jb7mMKcT8x3Jzf2V3PNvRg
278,2013,5,454,Medellin,6.235905072411549,-75.59545413211818,DOojy6L1akupWSwiEzB5Uw,785,0,957,1,2352,True,DOojy6L1akupWSwiEzB5Uw
629,2014,3,226,Medellin,6.242042219548989,-75.56252369494453,3SK_PORFFAD4uzp72khhqw,512,0,549,9,2353,True,3SK_PORFFAD4uzp72khhqw
453,2015,9,182,Medellin,6.238940783114161,-75.57955307056109,Bg6ep_NAKehz8ER9_FAxjw,786,0,958,6,2354,True,Bg6ep_NAKehz8ER9_FAxjw
1053,2016,3,468,Medellin,6.250195517859154,-75.56263330126795,9lmfLGpz4vAG1raggtL2xQ,742,0,872,6,2355,True,9lmfLGpz4vAG1raggtL2xQ
966,2013,11,351,Medellin,6.249335471955809,-75.59640546952954,8YqpdoSbS8l8WepBUukOhw,721,0,837,7,1703,False,s0V5W9Ku1dmUoGlh0xXLQA
141,2015,1,306,Medellin,6.233186548133436,-75.57358889979764,8HhIXIO-QLkfeJG6Eb-e-g,276,0,281,11,2599,False,iQYx3brTs_CUaIoDYjE5qQ
719,2016,3,303,Medellin,6.243999191757368,-75.57831640859659,i58le9KAPakF0de8D9qibg,718,0,831,11,1673,False,lPh7RKd7qSHDO01kp2mnSA
569,2015,9,373,Medellin,6.241057071429614,-75.56943836096504,QbBdjTsw3ZaYVSm2a2NOCA,732,0,853,7,2359,True,QbBdjTsw3ZaYVSm2a2NOCA
132,2016,3,543,Medellin,6.232975122496137,-75.5827058799427,77w1I-sYHmT3elPo-oZ6UA,141,0,141,10,2360,True,77w1I-sYHmT3elPo-oZ6UA
1064,2015,9,556,Medellin,6.250968914060281,-75.60439362582213,E8U_mjfWlD5CT8kHJphCLg,165,0,166,7,3359,False,uOdLJX9L6-E5331D6lETzw
726,2013,10,627,Medellin,6.244141675428224,-75.5717711472702,X2ARoIL0jciK9CmMi3LDmw,6,0,6,6,2362,True,X2ARoIL0jciK9CmMi3LDmw
879,2016,4,248,Medellin,6.246857689297124,-75.57750547170437,8eyEglL0qGbhrhrDWiv9og,700,0,800,12,2363,True,8eyEglL0qGbhrhrDWiv9og
732,2014,10,306,Medellin,6.244155993496082,-75.56538170105357,ELzCb9cMyeOJuCMhbeQyVw,548,0,593,10,2364,True,ELzCb9cMyeOJuCMhbeQyVw
1212,2014,1,273,Medellin,6.253028801918095,-75.5624772720146,Eks04lK68ln9J0ER-KQUNg,620,0,679,9,1807,False,FqqagEzZnCTrVN-8l72cew
977,2014,1,397,Medellin,6.248908096766265,-75.58549775414615,Q3-ZmkWGNERcL6lRFxulww,351,0,365,9,464,False,3l4oelDyj6MLGVg5jRyFAA
874,2015,1,607,Medellin,6.246865712766633,-75.58234880089807,ZRn9Ry7HiHovM9JtyYlITw,265,0,269,15,967,False,oPuVUtuDiT7gajx6H2u2ug
1032,2013,11,146,Medellin,6.250014126877177,-75.58349542062506,XNkFcWK4GoHL6enRmp0a1Q,564,0,611,5,960,False,d3q-4uDrjm6pHfm0dW9eBQ
44,2014,1,326,Medellin,6.231128591945022,-75.5640332869794,ATkyAUZSnuceswan9SmDAA,395,2,959,1,2369,True,ATkyAUZSnuceswan9SmDAA
512,2017,6,99,Medellin,6.240095776263671,-75.57350616241489,q9yLOwEht7-AVLFk2bc9Yg,28,1,960,3,2370,True,q9yLOwEht7-AVLFk2bc9Yg
118,2014,4,491,Medellin,6.232843103760444,-75.5965166415185,ASLExxXkzGCKAvykP92UsA,269,0,273,9,1307,False,jwtj_EpXUTJZ7TosyrXiFw
238,2015,9,255,Medellin,6.235026209403731,-75.58264954245648,UEQmFiIQ8p-nQYcWOcmKPg,572,0,620,10,988,False,VuFX5OwR-CLI-hIu9DJWeA
165,2015,9,399,Medellin,6.233823351834922,-75.60247026803454,wlvw7pCtMQYFIpmgZO67gg,672,0,760,4,1415,False,3xanFAjATwirPdd_-BVINw
93,2014,11,96,Medellin,6.231969989681013,-75.5685871250902,oMPaKsRpUbV19WMTdgZbfQ,434,0,458,8,2374,True,oMPaKsRpUbV19WMTdgZbfQ
928,2015,10,336,Medellin,6.247850992480209,-75.58135872468867,mVfF33h-3or3tAJ0rCw8kQ,728,0,847,15,4653,False,PjD5gCkFgL1O4OUhvZOfJQ
200,2017,7,273,Medellin,6.233912773882088,-75.56758145152519,_ZK0Tma-SYtyQiRQk7YCOw,301,0,306,14,647,False,1pUKlrRT9oQpOC3p9AVpyg
682,2019,6,440,Medellin,6.242818671267722,-75.56216725237717,ezMMa2JR1BbsULcPQI1v5w,511,0,548,7,5261,False,pTaJVQ673BJ6WU6do_GYJQ
857,2013,6,262,Medellin,6.247220510013819,-75.59947826108714,mnxV1jxecxCNV2nyX-WdQA,787,0,961,2,2378,True,mnxV1jxecxCNV2nyX-WdQA
341,2015,1,282,Medellin,6.236913888449759,-75.58542819798781,EIrtQku596zISCFOr6VMzg,670,0,758,4,1405,False,ITw1RrWY0ckZn_6YJVT_pg
183,2017,7,530,Medellin,6.234147175032206,-75.58443587677067,YAQ2caIARAgV864OXxAG6g,788,0,962,2,2380,True,YAQ2caIARAgV864OXxAG6g
133,2017,6,439,Medellin,6.233291539589499,-75.58142798303955,fEBXQRZZ3fp19qH1FhNO3Q,444,0,468,12,4944,False,kHClugn_kJo_ghge4t7zUw
563,2019,1,718,Medellin,6.240949238598865,-75.57547095817262,ABCjPqOM92ZNzeL-arEAqw,665,0,751,7,2382,True,ABCjPqOM92ZNzeL-arEAqw
430,2019,6,292,Medellin,6.238823466427497,-75.60246806874518,3Kt3BCMSQtKG3Qv7S2fmKw,252,0,255,9,5292,False,C9ETc4yboWddLGd7rrlr_w
437,2013,5,377,Medellin,6.238987654466181,-75.59543304309739,LhN1865oqx7CydGfkNwGdQ,296,0,301,11,4056,False,sGeo2Xf7Pvo6w8prBOfxXg
33,2014,1,425,Medellin,6.230990136769248,-75.57529783197225,FzIZhURMsmhjmBSbZz7ZTQ,381,0,399,15,1114,False,tYT80Y3JdyPPRNFz3aM8sA
341,2013,5,276,Medellin,6.236909590608279,-75.5854090713972,T7JQOEb-pOU2OKB6qpnALw,670,0,758,4,1405,False,ITw1RrWY0ckZn_6YJVT_pg
91,2017,7,71,Medellin,6.231991093357728,-75.57002014224578,HnVUQhZpgI1xOHx2NGe8aA,207,0,208,12,4976,False,y2HrIikM-v2xdTeiiWd5Rg
285,2015,9,433,Medellin,6.236160337908933,-75.58842791584337,lnmcXCDK8Iq2LLs7tXJ4Ug,44,1,963,1,2388,True,lnmcXCDK8Iq2LLs7tXJ4Ug
825,2016,3,380,Medellin,6.245819767976354,-75.57890802991695,uJTLRxibCBYmklkgh3aarw,783,1,964,1,2389,True,uJTLRxibCBYmklkgh3aarw
10,2013,10,219,Medellin,6.231234137175751,-75.59841804373514,sJKljiqABEp4LyNEbBGuGA,42,0,42,9,4221,False,YzcpcXS09uKPzZk4qOY_PA
779,2013,4,539,Medellin,6.245089101449826,-75.57148460991878,8mCn2fVil6Z8bZrId1xchw,412,0,434,10,4295,False,wzXk8Tcx9hTbSz-sokYCrA
75,2013,12,314,Medellin,6.231835611362958,-75.58648416912641,9k8pQliS_c3PNj0nLqZAZA,152,0,152,8,1382,False,rW8VfzP7CqxKuhkXRYyMIw
1021,2016,3,527,Medellin,6.249973920300279,-75.5944874488472,6DiNDGuN_xre5-3qZVYU0w,132,0,132,12,2393,True,6DiNDGuN_xre5-3qZVYU0w
229,2017,8,242,Medellin,6.234980127335647,-75.59154780030323,of3sX39-L5uYj4qdxzebcA,329,1,880,7,1897,False,vDOOIsqpN-HgDLCNV8M0Ug
439,2014,9,139,Medellin,6.239059743715299,-75.59346937806731,EAdrduPuIMMIIJDpXhqDOw,133,0,133,15,139,False,6RODKNs7Mffqx12nXyMPdg
148,2013,8,264,Medellin,6.23285569884869,-75.56659318382182,zY9UPmut8YiFtOv18vXzGA,374,0,392,14,5111,False,hh_6AfPE8Dn1XAF17V5CFw
762,2018,12,252,Medellin,6.244987075990519,-75.5884871403111,klC02LeXUXABqufcEKw0Uw,396,1,965,1,2397,True,klC02LeXUXABqufcEKw0Uw
1270,2016,3,552,Medellin,6.253744461197073,-75.55762437584774,B_ytbVCcinGlzcaCau8rAQ,520,0,558,6,819,False,gocD9wiMk-xi-E_6EB_Iig
464,2013,11,480,Medellin,6.239058090474056,-75.56852227806586,rcvPMYE7NablnSPQwArcGA,699,0,798,9,1775,False,6AchZX8c9VnmqiXvQcLysg
883,2019,1,173,Medellin,6.246986851872852,-75.57347766380752,Vk3PXIRdbnQserfb1PHdug,731,0,850,7,2641,False,8tshOBFP3GfFxUJDPZT6Sg
432,2013,11,624,Medellin,6.238900429541241,-75.60049269985045,MmEIiYQfTB3tQ90WjoGoRg,334,0,341,8,423,False,uLUwWUqvhgj3VCyOmQYQZA
194,2014,1,350,Medellin,6.23399184426688,-75.5733059682359,_NbWtoFk73aV_6VZr7W1_g,177,0,178,11,628,False,jbuXSv6ucKoRcHx_nG9-HQ
599,2019,7,282,Medellin,6.241861367561014,-75.59182451040144,cKroh27_kB6ingOLJsvRuQ,12,0,12,7,2329,False,yzijo4FUDshx80aYXki5eg
644,2015,1,488,Medellin,6.242755290708389,-75.60047438735867,_rsdt9K9tMZbXwuzd03ckA,704,0,806,8,2524,False,tv6FLNmI4FvRc4MiD7gCdQ
979,2017,7,349,Medellin,6.248925107047401,-75.58342754563363,AuIAwrCFCvuW4_Yyv0Ly7w,536,0,577,6,4753,False,uuKD8g3uHPoYuuhqn0ZGjA
757,2018,12,316,Medellin,6.244858054168893,-75.59356497629565,Shz0NX9gTQXrKOe3L-blcg,604,0,660,4,1893,False,vMAv7CNtc0RlYk2_DzheXA
854,2019,4,508,Medellin,6.246931524356343,-75.6025106125317,H0ZTSv1wq-Lo3cKr8cgc7g,68,0,68,12,5545,False,42LuKNrdDFPXt0lMmHPJeQ
439,2014,10,159,Medellin,6.239087304654589,-75.5934554214061,86PsZ1qEz3ihURs-6HNJgQ,133,0,133,15,139,False,6RODKNs7Mffqx12nXyMPdg
999,2015,10,255,Medellin,6.249018299673388,-75.56344258363876,ePxd2ceN0VLD9VqOdQW_OQ,148,0,148,6,5032,False,1-YBcS0kap8SzA8cVX_Amw
144,2015,10,195,Medellin,6.232995102431166,-75.57005603655253,rrE-u8_OoQBc1CmgymEOhQ,183,0,184,25,1616,False,oFs5LoL1vDLaMHFkDtwqbg
329,2019,6,441,Medellin,6.237253077186545,-75.59742801096911,IS7GtUAhPpqb0BKRAN5qWQ,789,0,966,1,2411,True,IS7GtUAhPpqb0BKRAN5qWQ
900,2013,5,447,Medellin,6.246928024977866,-75.55649618773965,Ewp4pIKNxm1aoZnM7f02tg,784,0,956,4,5983,False,OXz_nXNL6-zzLt_ZCdg9lg
695,2013,11,329,Medellin,6.243954336002745,-75.6027168880048,o8spzg8pOjEUOIKbzkeX4w,169,0,170,8,185,False,sbTZziG9jX2ceJQu3EVxbQ
723,2013,10,417,Medellin,6.244033600185722,-75.57440285769833,EcEW65NMGXPsLV1vN2UmlA,760,1,967,4,5059,False,JpAcZ9DN60YHqdOLXyKhFw
1107,2016,3,411,Medellin,6.250972371662825,-75.56144745356433,Lh7LbnHZKbdF8WaKwpBwUw,263,0,267,4,315,False,IpjSldHqEGqzO0_48WcCAA
33,2014,4,414,Medellin,6.230943324338075,-75.57530301219579,IvibGG5P_pKjrsEIEe1wNQ,381,0,399,15,1114,False,tYT80Y3JdyPPRNFz3aM8sA
389,2017,8,216,Medellin,6.23800873373756,-75.59057691236389,8x_E1akAeQ8KVwa_YcWDkA,491,0,524,3,5885,False,GSuEDhKWBfbJZJMrNxpHPw
924,2019,6,509,Medellin,6.247964974900486,-75.58540624135837,K004HYR1HFF6UjQjAp4OHw,363,0,380,5,3470,False,zbhNJjP-HiTeyAGtSdglJQ
919,2014,2,598,Medellin,6.247950891085264,-75.59046555080704,wJxRXCPUTDk6HHGjXEcIVA,384,0,402,9,1821,False,vBBytrNPwbD10_RMRgo5KQ
843,2013,5,512,Medellin,6.24591856466653,-75.5605228137162,vc233-HbEBGln-xfqDplGQ,223,0,225,4,3945,False,-MzQFvxCVC5V-2zUFTgDmw
874,2016,3,619,Medellin,6.246886537944363,-75.58238089373516,zWMZWwGERhJt56cX01KX9g,265,0,269,15,967,False,oPuVUtuDiT7gajx6H2u2ug
981,2019,6,356,Medellin,6.248941237003622,-75.58160950883133,ygo3j2F5ZtR9mog-yEtjjg,149,0,149,7,157,False,ed_zvQa_W5hUOQ6lUCpj8Q
1198,2016,3,300,Medellin,6.25280115751516,-75.57642560009336,8HG7knaaJMchPYo3XkrcsQ,748,0,887,5,5668,False,XPgsYEvrSdDqO9WVdMw7XA
912,2019,4,306,Medellin,6.248077696190061,-75.59744946341476,2HrC7WCj3KBh1ZlPyQRLAg,778,0,947,5,2424,True,2HrC7WCj3KBh1ZlPyQRLAg
865,2019,4,474,Medellin,6.246958788394294,-75.59157040824256,DhMVYO-vsoPPSclRdAe-_w,790,0,968,6,5091,False,SCSK91-KE0Dvj_OJu-N4_Q
1129,2018,12,160,Medellin,6.252016776145783,-75.59237245648775,e4az9wh5lQpmPsBMms-kRQ,708,1,969,2,2426,True,e4az9wh5lQpmPsBMms-kRQ
695,2019,6,348,Medellin,6.243939713158241,-75.60271168632191,KJ4BtIyN5mH5-f-Sfaadcg,169,0,170,8,185,False,sbTZziG9jX2ceJQu3EVxbQ
1057,2019,4,337,Medellin,6.249982478410288,-75.5584029809218,W-NiTLuOs1rc_PadnFp2OA,791,0,970,5,4848,False,UMQp5EEtrs_ccmXOJYWoHA
1092,2015,10,477,Medellin,6.250915243288762,-75.57631881319844,K7sLkNQjJyclX29LUc42yg,792,0,971,5,5017,False,PnOJaz8kX1KRlIIGzpY0vw
875,2015,10,333,Medellin,6.247001439726456,-75.58168195061404,RR_2TwPAO5qd512XHUpE7Q,451,0,475,8,2237,False,XxirtS5uA4seteSHMfArmQ
249,2013,7,616,Medellin,6.235080318674151,-75.57159585550055,TZHZ-hL_xWGikt8vtf11NA,399,0,420,6,1293,False,jHsHie7zgF77QHMjDEfWqQ
652,2019,4,266,Medellin,6.242988133884423,-75.59253430321593,aDhBhFNJBoN5xPmvkr2w4Q,417,0,439,9,3278,False,SU_3XtzLkeTC3XVpbk5w5w
722,2017,7,462,Medellin,6.244038817742018,-75.5754871038267,ltUBty-ZrOutkny9MM1Fiw,224,0,226,8,1849,False,tJ1-IWMcJzQWXYxweHh3SQ
598,2013,6,547,Medellin,6.242123785226034,-75.59335418222794,BsMkNnMYTtOMPi7CQ6JEcg,98,1,595,4,908,False,sHLv71Jv0yt6j7dkT45xZg
1017,2019,3,89,Medellin,6.250088017858032,-75.59846042035001,WwHv2CrRukOTzk-DI2H88g,197,0,198,12,1474,False,rBqF-eC5bY6LeA4Xmryt2w
344,2017,6,514,Medellin,6.237007080531618,-75.58264760216535,2_sdnZDMrj59uOHzTCTY5w,117,0,117,12,456,False,eeZ0HmiL2cKsqpHsK7Rusw
1255,2017,6,249,Medellin,6.253963019576982,-75.57476335529456,GalxffcN8fcoWlpQF_CFeQ,262,0,266,7,2437,True,GalxffcN8fcoWlpQF_CFeQ
867,2015,9,186,Medellin,6.247143285332204,-75.58948738646885,8ADQsFimhcv494ZeW4vmPg,181,0,182,8,3226,False,XCADbMOgAe-TegeLBCeWUw
741,2015,10,578,Medellin,6.24410421222601,-75.55646804437532,t3lVQbM4Qt4O3isDX33bEg,747,0,885,3,1921,False,HCNpVI1EuKIaIX3htTEzJA
1029,2019,6,281,Medellin,6.250005747055288,-75.58672113441244,mCS6Km3uDugym0fa6pFixQ,281,0,286,9,5532,False,QwELPeJ-NW0myIqcsZWIcg
112,2016,3,75,Medellin,6.233005067433837,-75.60222122712285,7a21i75M1DwVNH_6gGAs4A,230,0,232,12,1479,False,KD0s_SaX4GVUOx6UymXT1Q
168,2014,2,211,Medellin,6.23393641871306,-75.59824597328544,nlkVCJbaVMPh_YfoJPQZHA,619,0,678,5,1120,False,jnZ1Swnx_XrG_fkmBmmj5w
96,2019,7,445,Medellin,6.231737708654023,-75.56590166626923,jdpHJPRJ2lyR0zz1KlWmeQ,377,0,395,14,2443,True,jdpHJPRJ2lyR0zz1KlWmeQ
235,2013,5,272,Medellin,6.234968058127881,-75.58504059905881,gvOHC37R1QhR3orQz9Hu9A,592,0,644,2,1039,False,zzh7rka3K9ag8LTJOm0GSQ
737,2016,3,192,Medellin,6.244040134360891,-75.56038979447268,EmeRQ-6SOMxuS4cgLJOEzQ,759,0,903,5,5228,False,eSXyVD-v0wIvUXU3F4F6cw
818,2018,12,350,Medellin,6.246020933919228,-75.58544399480435,FHE4prjf-WFIW334t2cqKw,793,0,972,6,5191,False,8RVckX3_zkHhvmuXWKLRWQ
740,2019,6,308,Medellin,6.243882892143152,-75.55743137438839,xN9ta9XmG5pYLKQiONRxhw,194,0,195,6,2447,True,xN9ta9XmG5pYLKQiONRxhw
11,2017,8,162,Medellin,6.230718423737661,-75.59742404244338,V2FMZZnhsdWYRCnPgI8hag,403,0,424,9,2633,False,zlXbe3_YauNC6yU6rTz_gg
660,2013,10,428,Medellin,6.243010224834254,-75.5845236474506,Q86sUrz0iT37Q8YGXejvEQ,443,1,973,2,2449,True,Q86sUrz0iT37Q8YGXejvEQ
928,2013,6,321,Medellin,6.247844845104198,-75.58141971770011,BiAK_Tc01N2Q8UfL6WBMiA,728,0,847,15,4653,False,PjD5gCkFgL1O4OUhvZOfJQ
1063,2014,3,307,Medellin,6.25095828919991,-75.60548573084232,e0anBnJ4Ff3HWW2JvEDH0w,537,0,580,10,5826,False,oI9fqFFx5ZctOqQB_FT72g
1229,2019,3,345,Medellin,6.25390128563773,-75.59833769557699,P19Wqwqw1dJLqVOgehzPfA,630,0,692,2,1165,False,iy7ahGEgrC1EHusNCKC68w
642,2013,10,350,Medellin,6.243113659506444,-75.60236547873481,A3Gog53ZqwAqsqCNct8SoA,272,0,277,8,3458,False,mywGsgWxrDMNjntwVzjy5g
843,2015,10,459,Medellin,6.245935009404613,-75.56049745787962,Vd43NMI7GQnRlbkgQTWZzw,223,1,651,4,2454,True,Vd43NMI7GQnRlbkgQTWZzw
431,2015,9,302,Medellin,6.238862546759522,-75.60143679634228,RhLMXExw_CDtILH8joxwxQ,697,0,794,9,3774,False,gZC0NahL8jRrUYXRt19duw
285,2016,3,603,Medellin,6.236183093237894,-75.58843772944266,Q4aHq9FPSVuh7p90VHaLrQ,44,0,44,5,2456,True,Q4aHq9FPSVuh7p90VHaLrQ
1240,2017,6,288,Medellin,6.254199558745271,-75.58746124970521,z5VJxipyCIvEQgMKaVGeOA,195,0,196,9,4563,False,cuyEGe8N3SQtWNPuknXSzQ
998,2013,7,401,Medellin,6.249056815774577,-75.56445989014756,TkmjXEWX9hqlHY58_1km4g,324,0,329,9,4833,False,5ZW5AjkJBMJEyHZO8Ahbcw
1259,2018,11,426,Medellin,6.25394629503756,-75.56823188188461,ItPoy7mnT3rLEyZllNbDsA,134,0,134,5,140,False,3HXVcBbUxTeK_8z7F8ZrFg
1044,2013,11,67,Medellin,6.249919005539297,-75.57150651918998,QTdBMcPVKschciKJbM7dEw,437,0,461,7,3238,False,7jTsT7HTU_Gg-Tb3C4yW8g
1186,2016,3,110,Medellin,6.253157105717934,-75.58845916255616,TwMmG28by86vKaFJfOFMyA,462,0,490,12,1992,False,WDDHS30_x2hPJxzpkTlkAg
1087,2018,11,527,Medellin,6.250979650481661,-75.58145888143736,Kw4y4qALJGwULmFxAt8fgw,752,0,893,3,1953,False,OwBmACDcs4niHQmcT-WJaw
1235,2015,9,395,Medellin,6.254140209301141,-75.59236196653981,Lmi4l4EWJA7URGmbKQCAyQ,111,0,111,9,2463,True,Lmi4l4EWJA7URGmbKQCAyQ
508,2014,4,485,Medellin,6.239707145364182,-75.57741603653801,UdPPR6Fdrx5N_DWLVcvClw,794,0,974,5,4552,False,gLxYUSly7Z0jTBrE6ULWVQ
664,2015,9,305,Medellin,6.242459903134534,-75.58041170692891,kyDhZCWjQyi819tTOHd0yQ,795,0,975,6,4613,False,OWq0mwzaL-YuWe5toCrUbA
879,2013,7,239,Medellin,6.246865663961876,-75.57750467866126,LsyIf6LTAKF2ql7Gx7KsQw,700,0,800,12,2363,False,8eyEglL0qGbhrhrDWiv9og
823,2017,6,252,Medellin,6.24611550136464,-75.5801068945555,SZrR5HMGpPcbmnD-MCjj6A,691,0,785,3,1509,False,WxWeautYjqCM9gcj9uG8Rg
514,2014,9,322,Medellin,6.240070853818964,-75.57162656598926,Fq57RHCmiinpxvdDK6A0gQ,313,0,318,7,3690,False,vIsPzCp1-ylpWR-fnB1ZpA
623,2014,8,495,Medellin,6.241918009826954,-75.56832724494359,dJcBx-7KXXT02TRTXVXKcQ,345,0,356,10,5144,False,mSjzw70EMYlWoq9YJdYuCw
433,2015,11,289,Medellin,6.238935893965404,-75.59949564073325,szzG5ie2V7-Cyluy8orQbg,251,0,254,10,937,False,DzHUVkh57vTuHGj2g8xJQw
1240,2016,3,302,Medellin,6.254223503872085,-75.58744428323466,WQJdfAQb5ukDU740RGXVFg,195,0,196,9,4563,False,cuyEGe8N3SQtWNPuknXSzQ
1194,2017,7,339,Medellin,6.252836986941707,-75.58019577476884,yGG5XLfbZO6jUVZ7yksEcA,253,1,976,4,3564,False,L4L8yYRSkkORTU05K8Mmag
927,2016,4,211,Medellin,6.247905423553698,-75.58259077308973,qehhVljliaAWk7kyoYN1NA,354,0,368,6,1477,False,6naycHFLqnB0DR_6D7TdQg
18,2013,5,365,Medellin,6.230991980873942,-75.59057695773346,qQQWwq8nDqN24v0TWNGsFg,93,1,977,1,2474,True,qQQWwq8nDqN24v0TWNGsFg
477,2018,12,645,Medellin,6.239987210012083,-75.60824761510719,E6yemBXMG93MPP43iDN-FQ,211,1,358,6,3534,False,c-ru7WFSldPKKfWAgLg5pA
23,2014,2,246,Medellin,6.231627768629941,-75.58542651445825,P3pAdsGA2N9G9Bcw-Cr4Pw,330,0,337,11,3083,False,bEYNNZOkLBRsEvouaPf-kw
1035,2016,3,293,Medellin,6.250433857668927,-75.58052429913336,IhMjIq1_RZuhHe4AK8LGYg,413,0,435,11,1158,False,S93MMwqhbadPTKBSOyjvyQ
60,2013,10,564,Medellin,6.232016292352257,-75.60147512010154,hlS0r15eY43AVdhTtUtZSA,578,0,626,3,1690,False,mNU-wwNjp5C-YMB3jcJwvA
288,2019,1,700,Medellin,6.236004181992543,-75.58553866953166,jjs6B7R0-ddV_B19lb-nCQ,796,0,978,2,2479,True,jjs6B7R0-ddV_B19lb-nCQ
33,2013,12,403,Medellin,6.230936906916756,-75.57531035464639,WKqkgqSivR94PSSRiQYJwQ,381,0,399,15,1114,False,tYT80Y3JdyPPRNFz3aM8sA
376,2017,7,452,Medellin,6.238155389863095,-75.60348918726521,3zK_iFrQafEdJbsvKgkVlw,797,0,979,3,4331,False,02JbT9ZkCuOi_Y36Ho0v5g
637,2013,5,323,Medellin,6.242992056044041,-75.60757603478376,y7OgD3sZD5kJVboicwNmIw,798,0,980,5,5376,False,u7MuL1vxs9ms6Q9PeCKo9g
1095,2013,11,155,Medellin,6.250743573471374,-75.57355157914012,ys-7spCG4Rw6GGzKv5Q8Ow,163,0,164,6,177,False,MfRPdrr9UkMN4sTsF7dSMA
20,2017,8,327,Medellin,6.231530075291402,-75.58846310788633,Oxj8H592DcaG8mKe7fkTJA,358,0,374,10,5180,False,KfQ6slCt84vvRte8rPdI5g
928,2015,1,326,Medellin,6.24783122171788,-75.58138149103125,VSi0K8ATzfwsT-uqHN1K4g,728,0,847,15,4653,False,PjD5gCkFgL1O4OUhvZOfJQ
137,2015,1,346,Medellin,6.232953113593251,-75.57755711602722,kep-Zsn5K0AGJVE3dqpMxg,740,0,870,13,5598,False,E-3fEJ9QxJW_q-jBt4HY2Q
136,2015,1,300,Medellin,6.232786731950742,-75.57855560828246,CUOf0obN2kcis3fKV1rdBA,408,0,430,9,5721,False,ctkejBcdA0hkyHLV-ldZ4A
663,2017,7,252,Medellin,6.243048791857425,-75.58123426377634,790FUE-CybTtnjoTHDT0Kw,48,0,48,5,49,False,mMRS0STlQ_gdx8gxTt6DLA
1270,2015,10,547,Medellin,6.253760765175159,-75.55764043849227,nJ-4-BMThAfyj9RFO3asLA,520,0,558,6,819,False,gocD9wiMk-xi-E_6EB_Iig
278,2013,8,419,Medellin,6.235944731515861,-75.59543020408039,OVJLwc-VTb0d-UYwsVYV7g,785,1,981,2,2490,True,OVJLwc-VTb0d-UYwsVYV7g
678,2018,12,220,Medellin,6.243181856856878,-75.56648602483028,4yGLPLKVHhUeMTcLxHpr1g,751,0,890,8,1941,False,g7MLyFVez8UZMCJo2WRdyw
546,2017,7,405,Medellin,6.241068811972216,-75.59239668884035,OEtU4_4HIs4mde6x-Wz8KQ,559,0,605,4,2492,True,OEtU4_4HIs4mde6x-Wz8KQ
149,2015,10,151,Medellin,6.233148870443602,-75.56456895829912,sUfyCjhU52vy7GJCAkRNGA,84,1,982,2,2493,True,sUfyCjhU52vy7GJCAkRNGA
1258,2018,12,276,Medellin,6.25388061447355,-75.56933031393355,UoQ8Q9oxW8VQLWgyb5DhGA,210,1,983,2,2494,True,UoQ8Q9oxW8VQLWgyb5DhGA
1146,2013,5,486,Medellin,6.251936777028309,-75.57517929668528,UJF9clPUux9W5aj0iCzHAw,629,0,691,9,2495,True,UJF9clPUux9W5aj0iCzHAw
92,2013,5,271,Medellin,6.231940586713653,-75.56989560829824,bSza9MXRGEX4RNVVakU_5w,207,1,331,12,4667,False,8Xa0Cvad3AWujc0m9oY4Xw
982,2014,7,501,Medellin,6.248896921581565,-75.580357679407,IwmBuvsW-ORucFYfOCXOAg,110,0,110,12,5199,False,Bgf2Z4iqi1Aiv4nff55rlg
1229,2013,6,515,Medellin,6.253923361483534,-75.59835168999412,qlEfAxkaaz5H88Qz0dHTtg,630,1,948,3,3501,False,FH-m9RZFzIS7D0mg4dV4_g
13,2019,6,123,Medellin,6.230956510746147,-75.59540401424421,0TqAAjDRHETFkGh3S3ub-A,590,0,642,3,1403,False,iMHkUaU1usnaVgBW-RLS5g
7,2013,10,375,Medellin,6.23106472020211,-75.60141671941216,xlHJVC1L7VI0VG7hsOp4bQ,347,0,361,8,2574,False,Zn9eNqGKP3HBXBIJdM_HoQ
249,2013,10,438,Medellin,6.235089718995534,-75.57157692514106,JKnruxuj5kwIoyI3pleK6g,399,1,984,2,2501,True,JKnruxuj5kwIoyI3pleK6g
557,2015,10,156,Medellin,6.240981925249381,-75.58165019613921,_G6qndcH_hJAHsvJ2WhYHw,694,0,790,2,1530,False,963PLgr_s9gA7xLDam0UAg
1002,2013,8,320,Medellin,6.248961933525179,-75.56042918380554,dIVbGvk-b5TxLeBuecMFFQ,799,0,985,7,5874,False,-PKnHQdFmYxtaaMDL7rsnA
714,2014,1,363,Medellin,6.243980445919374,-75.58330137673161,mqAP9pCIiDs7cuJOnv-9-Q,423,0,446,8,2504,True,mqAP9pCIiDs7cuJOnv-9-Q
1204,2013,11,422,Medellin,6.252976255225003,-75.5704368168495,AWaeGdq8XQt92lH2L5tFSA,594,0,646,4,1045,False,WcqG85uK4UpJqjbTqf9v7A
664,2015,10,477,Medellin,6.242471262116367,-75.5803759684746,txOAGWHt8xvBh2vCAYAnhA,795,1,986,2,2506,True,txOAGWHt8xvBh2vCAYAnhA
200,2016,3,282,Medellin,6.233931892721569,-75.56756833029007,A-qmbTYCMEuNM1d2OVKKCQ,301,0,306,14,647,False,1pUKlrRT9oQpOC3p9AVpyg
119,2016,3,490,Medellin,6.232966691732178,-75.59542721497651,sEW6T6yc4nCZOH56pn3G3g,514,0,551,5,808,False,v7tfecP7NzuAB2QX-LOYZQ
672,2016,3,283,Medellin,6.243260672527011,-75.5734004369568,7lGv1LB6LV3CvbH0hszCUw,800,0,987,4,2797,False,M21e8m0ogqgPVJpmK8Q6ng
1198,2015,10,288,Medellin,6.252787605628029,-75.57644739249474,FzNT3jicWAT_4N-SZixQTw,748,0,887,5,5668,False,XPgsYEvrSdDqO9WVdMw7XA
1238,2013,7,538,Medellin,6.253831421583872,-75.58948235007412,WvI7i6tj-FQOGha1p9npcw,293,0,298,10,5863,False,LtizsFObSMRKWJea3xAENw
571,2014,7,669,Medellin,6.241014108424867,-75.56744009173124,nuQDoyki2frPaI5iX-wkjw,319,0,324,15,399,False,UJoqrLeHP-SeuDLV566DYw
700,2013,6,477,Medellin,6.243943460920121,-75.5974767351084,W9OmACcXIJeCuaYvO_7HUg,419,0,441,4,5187,False,yJCrGUsygaZcfRKtCQUsLA
504,2014,2,413,Medellin,6.240139390686584,-75.58146596444031,is1Mc_bwo-At5xkRUKmnEw,116,0,116,11,1610,False,0D1wsW1QIc5AwaRWzjDsKQ
225,2013,5,275,Medellin,6.234950019856391,-75.59542199025815,Hzj4sr6FtGiaNmwbaZPKWw,587,3,988,1,2515,True,Hzj4sr6FtGiaNmwbaZPKWw
161,2013,10,507,Medellin,6.233953999882585,-75.6076119742878,vLccCoQ8z3K4WNNpQsXJVA,801,0,989,2,2516,True,vLccCoQ8z3K4WNNpQsXJVA
977,2019,6,408,Medellin,6.248914686407928,-75.58550776123403,47pAJ_3LeXpV8g9rodBYnw,351,0,365,9,464,False,3l4oelDyj6MLGVg5jRyFAA
642,2014,1,334,Medellin,6.243099294016861,-75.60238831314241,pfmn-wMlqbPD9CqzOBnFkQ,272,0,277,8,3458,False,mywGsgWxrDMNjntwVzjy5g
959,2019,4,372,Medellin,6.248945574175695,-75.60360156440149,jzoOUTbof48YGq4M8sibkw,563,0,610,6,996,False,af52qIEkpTux2GykoNzzQQ
243,2015,9,343,Medellin,6.23487564872574,-75.57734804025279,Lzurk8xCuKPHhOf7TEyuQQ,488,0,520,11,4266,False,W-FdZDPzrw4muxeu_sNg9A
1017,2013,11,104,Medellin,6.250078615265422,-75.59849047212052,AL9rWvVkQKhl0IVZQzGfSA,197,0,198,12,1474,False,rBqF-eC5bY6LeA4Xmryt2w
827,2019,6,159,Medellin,6.245925936479685,-75.5764400860412,Ti4HhqQLAp1gd80InqO7Tg,226,0,228,10,4972,False,7CqDv6t0R0tyzOg0GhBMww
1187,2013,6,143,Medellin,6.253199683825977,-75.58739749249885,balibDoxqKgppy-4aGQY-g,802,0,990,4,2523,True,balibDoxqKgppy-4aGQY-g
644,2019,4,496,Medellin,6.242774037391947,-75.6004862992347,tv6FLNmI4FvRc4MiD7gCdQ,704,0,806,8,2524,True,tv6FLNmI4FvRc4MiD7gCdQ
608,2019,6,488,Medellin,6.24204952008068,-75.58349301186558,0idYoAR7Lz3MZhgPp7Kj2Q,7,0,7,12,1562,False,wEcgeZivBFib9e3k8O2Avg
729,2013,10,601,Medellin,6.243999986099563,-75.5684690141862,JKVzv2cVApcz4yfGdUSUYA,302,0,307,13,565,False,xMp8d2U2jHWm5cFZTLd3eQ
134,2017,7,289,Medellin,6.23318212618839,-75.58042736487471,xNWjp2QzhHPMQ84nIpJ9nA,316,0,321,3,2138,False,9l-Jk5HHOwp_1qou4kbIZA
80,2016,3,621,Medellin,6.232003964393948,-75.58144396014174,Huc3QM0mCrcXkRmUGhN6RQ,553,0,599,12,1487,False,VBy-DdDUL1NTk1i4GABF2w
1256,2017,6,202,Medellin,6.253994436037911,-75.57154799577599,mVgVueQ7pAqDRO8FIk-7BQ,60,1,991,1,2529,True,mVgVueQ7pAqDRO8FIk-7BQ
443,2019,4,85,Medellin,6.239177902923761,-75.58944501011631,c5YjRmWgO-MkgSldCbNe2Q,421,0,443,8,2530,True,c5YjRmWgO-MkgSldCbNe2Q
1174,2013,10,260,Medellin,6.252965516028917,-75.60049874683052,ejRL4_fLhjMwqOZUhATaug,143,0,143,4,4464,False,zfZkBaXFK-fnScb2JvGY8w
595,2018,12,587,Medellin,6.242020223915699,-75.5963884093169,EKvHN-g3m_SAJdPKx3X5xA,57,2,992,1,2532,True,EKvHN-g3m_SAJdPKx3X5xA
1078,2016,3,207,Medellin,6.25085850797622,-75.59052171315362,z3YNqWh-sM4_jUGU-Vk0Bg,109,1,275,2,330,False,VeuxUlLUYVlOoD_f-zZcYQ
1228,2016,4,342,Medellin,6.253814941286893,-75.59943461306561,wL3vaGz-ifsK0qjIF9eHtg,199,0,200,10,2064,False,4S8DuhpXslg28kaz9miDpg
339,2013,10,39,Medellin,6.236980607077584,-75.5874480898326,eORmpCqnwXu3-B6cJJ0wqA,682,0,773,8,3949,False,JuR0oS4UpS3q-ScgdHwUWw
1069,2013,11,466,Medellin,6.250968899294811,-75.59975635037702,od5lIP3pv-KC8Hvuo8NxlA,36,0,36,9,5802,False,TpppRd6DKTgsSeKmhJEZkA
1188,2018,11,326,Medellin,6.252880033393988,-75.58643832825254,2iuqS5c3aQuIsjhFj5ZlTQ,442,0,466,8,6006,False,4_MFIQtKqnFlLSyYjJsHZA
1081,2013,6,603,Medellin,6.250955045508948,-75.58723604694309,dVmSq5gTtbWZyYcb1-yebQ,746,1,884,3,4103,False,CDySL882tqTpMHkwVvau8w
892,2013,6,291,Medellin,6.246854715470846,-75.56445264603907,mhVmS0OD-qeyUF84mVnyPw,781,0,952,4,2312,False,StPdJKPO5Vmj5UCmstEo8w
759,2014,1,498,Medellin,6.244768265401964,-75.59135981036356,RwyMzlWTkO578HBvhIye9w,562,0,609,6,1162,False,VNmAEwaQqqydNNYwpLerfA
439,2015,10,156,Medellin,6.239061178230986,-75.5934947979321,evOVN5PwXTFEbVHZzR_iwg,133,0,133,15,139,False,6RODKNs7Mffqx12nXyMPdg
766,2014,1,630,Medellin,6.244889710508073,-75.58436379346362,TtgGkjr2vOJdoD8KOjFBWQ,202,0,203,12,2542,True,TtgGkjr2vOJdoD8KOjFBWQ
95,2015,1,226,Medellin,6.232144292998663,-75.56627381452549,GIMxqSZHX7eNKZs6Yz8pjA,233,0,235,14,5839,False,_P6tQqQcX6nWTfT4Fw0NfQ
1069,2019,3,471,Medellin,6.250952062379214,-75.59972005530247,S1yTD4IY1NlphLv1UwOTcw,36,0,36,9,5802,False,TpppRd6DKTgsSeKmhJEZkA
302,2017,7,511,Medellin,6.236058439964217,-75.57160426160912,FfjOOp_qcLATJa-SnmRotw,522,0,560,7,1507,False,nddPl9osqiS08HBlAV6EDg
306,2017,7,319,Medellin,6.235695628610869,-75.56831024626904,VsclqKBlWUH78CCPHTCzpQ,271,0,276,14,4893,False,Z0-_XrPiigik7bdjF6wS9w
509,2015,9,637,Medellin,6.239906137958038,-75.57643250742605,-YZz53sEVqzU6EU9-PnymA,715,0,825,8,2986,False,asmBpnpL9y6PFO7WG4Qu6Q
1035,2015,10,317,Medellin,6.250444387160196,-75.58054296011862,2loaT71y-M316EoHiru2Hw,413,0,435,11,1158,False,S93MMwqhbadPTKBSOyjvyQ
916,2018,12,672,Medellin,6.248005538616136,-75.59368611824064,5r6e6Pu8kpgivW3_pvDjHg,803,0,993,4,2549,True,5r6e6Pu8kpgivW3_pvDjHg
135,2019,4,338,Medellin,6.233010372675346,-75.57952271411091,fVbh1qBxaMLnf2Tq6HRFgw,331,0,338,2,418,False,QQWfZDFNT3FZ4ycLFMvzFg
318,2018,12,517,Medellin,6.236762385001614,-75.60837858239559,KEAgd0aZFO0H5xRRUWoN3g,678,1,994,2,2551,True,KEAgd0aZFO0H5xRRUWoN3g
182,2016,3,388,Medellin,6.234097961312745,-75.58545430828805,QYh4myM51Ag8WcuskejXFw,475,2,995,1,2552,True,QYh4myM51Ag8WcuskejXFw
712,2013,8,643,Medellin,6.244038139459334,-75.58555790228036,67OpObblD-Wjc6cRQM9C-g,493,0,526,8,1698,False,WeyEKtQr2VvIPWNJ5sGaLw
1027,2019,3,423,Medellin,6.249894574093512,-75.58849154888907,qp4JlOCa4MzeigtYYD5WkA,446,1,737,6,1324,False,C0oEdqM6-DkRnWmv4UoRVA
238,2014,7,252,Medellin,6.2350248469311,-75.58268955733152,kwXHiPxjz-nZp5fb8dA20Q,572,0,620,10,988,False,VuFX5OwR-CLI-hIu9DJWeA
249,2016,3,427,Medellin,6.235092369999443,-75.57157817372538,tLziVN_uA_zj53elWa3ysQ,399,1,984,2,2501,False,JKnruxuj5kwIoyI3pleK6g
1256,2013,6,182,Medellin,6.254018195204822,-75.57155586316344,eOEYuZDaEEl36i1w0JNZLA,60,0,60,3,1889,False,umyzk21bAhF8qVDbeJBO6Q
1242,2018,11,599,Medellin,6.254036185927265,-75.58539303662027,Zro2CCXZ9UygjPQtoQdlzA,466,1,996,2,2558,True,Zro2CCXZ9UygjPQtoQdlzA
982,2014,4,506,Medellin,6.248883753403805,-75.58040678510197,CUc1cseSjaml7eRpu1RipA,110,0,110,12,5199,False,Bgf2Z4iqi1Aiv4nff55rlg
725,2019,6,255,Medellin,6.243739399911298,-75.57192094266173,gTanfkQd11XLuK7_ERHwRA,0,1,997,1,2560,True,gTanfkQd11XLuK7_ERHwRA
1041,2016,3,309,Medellin,6.249986741724646,-75.57444430183921,PGmT7O7-0LXib-W6LoiVBw,741,0,871,5,2561,True,PGmT7O7-0LXib-W6LoiVBw
767,2015,1,335,Medellin,6.244980990314902,-75.58352323339892,IfLLziFeICUlIsXtjYNoQQ,614,0,671,10,1249,False,dqxnGqgoJWMbjp1U-qdLDQ
1160,2013,6,464,Medellin,6.251941198521883,-75.56154650468335,_D_YbNJD1M6SyU0TGqto7A,804,0,998,4,4410,False,aPDFcURHxnccCx9sS4K5gQ
1215,2016,3,658,Medellin,6.253039539796662,-75.55958997355268,OTvnBxvYprUtqD4JdvhFJg,805,0,999,6,4837,False,08nkZ6ri596t0tKRK_uCMA
439,2013,10,140,Medellin,6.239058637375295,-75.59346873491667,pNuinmDgYwX9ecsxtMORAQ,133,0,133,15,139,False,6RODKNs7Mffqx12nXyMPdg
500,2016,3,164,Medellin,6.239861785336966,-75.58538378234677,fmXWJyZBGLJ7FE1DgyjJww,127,0,127,5,4663,False,X8UCYDpgiNEDNRUGCx2gzQ
323,2013,12,554,Medellin,6.236881856743908,-75.60361846633451,yHpQk2kiNDEtiy0RZBKLLg,128,1,1000,1,2567,True,yHpQk2kiNDEtiy0RZBKLLg
506,2015,1,459,Medellin,6.239771242799304,-75.57941944695921,jhTalSGkmzm3uqqKvEci3Q,215,0,216,4,2568,True,jhTalSGkmzm3uqqKvEci3Q
408,2014,1,569,Medellin,6.238035446906461,-75.57163909314018,6ySGd5NfaxNyQXvFgSWlow,37,0,37,8,1962,False,LrB-44Rx4E7AmZNPwer-HA
650,2019,6,619,Medellin,6.242807402790934,-75.5943493155997,uLvV_8L1G7-zbYvpvgxG2Q,80,0,80,7,205,False,7BkyLk3U6s6f2TGezRTeLw
706,2015,10,601,Medellin,6.243930838130645,-75.59133950978998,5Tqp8-nk6dJq02LWrILKBw,753,0,894,5,3973,False,RjHcP8pu9KOZjvDG7fh4hw
200,2017,6,269,Medellin,6.233916884357178,-75.5675499980332,mxJNB-CE4Ui26bshSbvS8A,301,0,306,14,647,False,1pUKlrRT9oQpOC3p9AVpyg
766,2013,7,625,Medellin,6.244884593877838,-75.58437369453854,CQLfR_V-pgq0_PW3OfAJVQ,202,0,203,12,2542,False,TtgGkjr2vOJdoD8KOjFBWQ
7,2013,7,392,Medellin,6.231061469201091,-75.60141338746986,Zn9eNqGKP3HBXBIJdM_HoQ,347,0,361,8,2574,True,Zn9eNqGKP3HBXBIJdM_HoQ
88,2014,1,316,Medellin,6.231908910137203,-75.57330135265832,AzRMt-sE1tfURK742r49sA,576,1,904,2,2023,False,rEsA1CEKmDXyFw6gKmfeng
391,2019,1,165,Medellin,6.237970736598921,-75.58848355593528,7qXYOUCsxZkFTJL8__BhLA,806,0,1001,4,4445,False,q5Yo8i35QCtjpWsY54h74Q
1117,2016,3,138,Medellin,6.252140237691491,-75.60446716515432,U3Y8wSDCwQ8EuF7Op35yOQ,598,1,1002,6,5258,False,_9Aw6hHPg9nZoiqnQvVyrQ
393,2015,1,273,Medellin,6.238005497274977,-75.58611225019636,mkKIx6-BpFWDYEeZWIptdQ,702,1,1003,1,2578,True,mkKIx6-BpFWDYEeZWIptdQ
1269,2019,4,290,Medellin,6.254135258905923,-75.55831060093405,xGY1iU1-KGJx3fxl_s4E4A,410,0,432,4,2579,True,xGY1iU1-KGJx3fxl_s4E4A
386,2019,1,422,Medellin,6.237793061028547,-75.59344864556556,25zwpxslqv75wK59CwQf7g,736,0,859,3,2580,True,25zwpxslqv75wK59CwQf7g
68,2017,8,325,Medellin,6.231987907170297,-75.59370223240754,uKajm5WCeC_Yad_BRzGvdw,501,0,534,4,4268,False,1c0vmG4NUVVYbDk0SkANCA
231,2013,10,282,Medellin,6.23491224310158,-75.58970647959173,NziyLXD2TXVrJdxLKAsmdg,438,1,1004,2,2582,True,NziyLXD2TXVrJdxLKAsmdg
176,2013,8,486,Medellin,6.234040655623064,-75.59152653652528,Aons4KuRb1EP-ME3JAOYTQ,664,1,1005,7,5576,False,qMB3zKGRn-pluyXGMC4a3g
1036,2015,9,428,Medellin,6.249814716639723,-75.57921447211338,W_enRFB-Lip6VqSzlqNQ5A,99,0,99,11,1524,False,ppD0eak4IGxKGlmVcWyXRQ
43,2014,7,441,Medellin,6.231059078353979,-75.56557801602676,XptFl0ojdUl0NpK8kdk3zQ,52,0,52,13,5508,False,lowyxbygebLHZ9RkBBd8tA
803,2013,9,345,Medellin,6.246002125653544,-75.59988245154851,ubGDNhoBfyjj1CNFQa_gMw,341,1,454,6,5528,False,xaYC9tQ9J1MwrT7Lh5ly3w
1201,2015,10,409,Medellin,6.25296145112581,-75.57326694060389,Z75R4CYykA7kQWBNEj76VQ,750,0,889,5,1939,False,aEbcQtaKdWNfuCwXTqlBig
123,2017,6,299,Medellin,6.232991176406687,-75.59148769898317,jCW-2espNctu3dLdh_0t8Q,677,0,767,6,2588,True,jCW-2espNctu3dLdh_0t8Q
1217,2019,4,681,Medellin,6.253096390890462,-75.55758159200137,vKIxIGBCCr4AyJ0JIdPQIA,710,0,818,4,2589,True,vKIxIGBCCr4AyJ0JIdPQIA
786,2017,6,366,Medellin,6.244687312327018,-75.56468729959352,ZAuThOFmKPcxsH0lvBIQ5g,167,0,168,6,2590,True,ZAuThOFmKPcxsH0lvBIQ5g
160,2017,7,166,Medellin,6.233957956614371,-75.60635774142014,2hdg1dAWrLZOjjpuN4HeCg,182,1,1006,3,5477,False,gNNReiaJdy-d-FJ0KXBgJg
291,2017,7,369,Medellin,6.23602118024367,-75.5826399878095,e__BVq9VNJDmruElpxiazA,245,0,247,12,4187,False,Kxh_lAjJ-q0jxJMXPa_eIg
402,2016,3,363,Medellin,6.237980504177657,-75.57742724049498,mxWkUENnvvEwKrRBNFH19w,581,0,629,6,4118,False,_DqRqleKDHOVGxOQNW_RjA
595,2017,7,609,Medellin,6.242000104182187,-75.59642877486182,_kxCxa2skV7HZAEJwzXcew,57,0,57,2,59,False,x_lVhvGFfte6x6G8jS0zBg
972,2019,3,428,Medellin,6.248977176509389,-75.59023176945117,__QwG7GreNGiehMUKPXGdg,720,0,834,7,2595,True,__QwG7GreNGiehMUKPXGdg
465,2013,5,528,Medellin,6.239173214206553,-75.56754662772805,QvdLYKDRs7SYfUei78mlKg,557,0,603,7,2596,True,QvdLYKDRs7SYfUei78mlKg
505,2014,6,530,Medellin,6.240178122235356,-75.58047210613205,MskScVZ90FuyOpitSAjTiw,518,1,1007,2,2597,True,MskScVZ90FuyOpitSAjTiw
1164,2013,6,185,Medellin,6.251947839416506,-75.55754221542834,ZxYT2KibQL9Fx2wL8iP2dw,586,0,637,4,3481,False,MQ3YqTrWGu21VjSp2vzrlQ
141,2014,4,305,Medellin,6.233161764035788,-75.57363472095489,iQYx3brTs_CUaIoDYjE5qQ,276,0,281,11,2599,True,iQYx3brTs_CUaIoDYjE5qQ
608,2014,4,487,Medellin,6.242032368305119,-75.58350214348616,4zU-uPu6HCIXK1y0J7ikOg,7,0,7,12,1562,False,wEcgeZivBFib9e3k8O2Avg
353,2013,10,174,Medellin,6.237040837894832,-75.5736370845191,EK8eeWGmzyse_oNHikJq8w,758,0,900,7,3540,False,iKlm-pQz0CWsbJGR1nG15g
55,2016,3,527,Medellin,6.231855287501946,-75.60645639099133,Gg0qUOIrEI2MNWGmfpfAxQ,176,0,177,6,3619,False,SgRksnxm-LdXBQD0ujx2bQ
227,2013,5,425,Medellin,6.235112771509186,-75.59349411877827,YiRvSxPYwOD8etgHCDyxIg,807,0,1008,2,2603,True,YiRvSxPYwOD8etgHCDyxIg
1260,2013,6,610,Medellin,6.25391212031742,-75.56739782996861,j981qhFhoZbCt71OS2-Fpw,239,0,241,5,4930,False,2YHbr7k1aPcG2Z0UxpmW5Q
737,2019,6,197,Medellin,6.244032863970192,-75.5603860549339,6FzWgSQi4bodGtayDXWp-A,759,0,903,5,5228,False,eSXyVD-v0wIvUXU3F4F6cw
1023,2019,3,524,Medellin,6.249750765005492,-75.59248237828919,oNkgl7BH6xVc-VIyuZNP0g,565,0,612,11,4770,False,IBJp-qJRA0jyTqOqCmqnhQ
80,2019,6,627,Medellin,6.23200895624241,-75.58142833959869,y_oS-c8TxsBqVUmSR-bNig,553,0,599,12,1487,False,VBy-DdDUL1NTk1i4GABF2w
802,2015,1,488,Medellin,6.24598395831728,-75.6011432272746,HaJv_Ce0BGJDV421VstTww,676,1,796,6,2608,True,HaJv_Ce0BGJDV421VstTww
539,2019,3,593,Medellin,6.240730257234743,-75.59941270702008,O-woV9EvwgCGwbu29O_bUA,71,0,71,4,1030,False,debNqCc1rghhAwtvkb0-uA
571,2014,6,680,Medellin,6.240972275522886,-75.5674424918296,e_3MYmRnYmkKojltEZFyNg,319,0,324,15,399,False,UJoqrLeHP-SeuDLV566DYw
339,2013,5,54,Medellin,6.236994384434012,-75.58745671012811,qF_X60i_LEDQ7vC0_WO6_w,682,0,773,8,3949,False,JuR0oS4UpS3q-ScgdHwUWw
1053,2019,4,468,Medellin,6.250175256483829,-75.56262536073379,Bf6B5qRhWz_7rHVQSI_U5A,742,0,872,6,2355,False,9lmfLGpz4vAG1raggtL2xQ
513,2015,9,231,Medellin,6.240028987360502,-75.57247791968005,x0G-w8NB6FZhXMbUHEMz1Q,378,0,396,8,5105,False,6sAe5SebDQNKskfR5j2Gmg
1205,2019,4,346,Medellin,6.253002283294711,-75.56945597994371,AQ8tl6V89QN7-cwcntGfnw,561,0,607,8,4649,False,0EL-4leauU-fKzDJiQow9w
1236,2019,3,363,Medellin,6.253911342420934,-75.59049643884225,0EXsqruMPzhICRwvjTUlmQ,779,0,949,10,2615,True,0EXsqruMPzhICRwvjTUlmQ
463,2016,3,457,Medellin,6.239080041948642,-75.56949415994748,H6nd5U8XveyS1yZKDEV5fA,123,0,123,10,4579,False,WfR4sEgsguZ-wwLuSiu_RQ
563,2013,10,697,Medellin,6.24095043636554,-75.5754468731609,UFR61cvbSqJatcBCl9w-yQ,665,0,751,7,2382,False,ABCjPqOM92ZNzeL-arEAqw
465,2019,6,537,Medellin,6.239185224920235,-75.56753793279329,voWu8fw8UdbBH2w809JliQ,557,0,603,7,2596,False,QvdLYKDRs7SYfUei78mlKg
1092,2017,6,481,Medellin,6.250935805078448,-75.57632183074219,fn9M4rnbIzBxN0Z8p6yYMQ,792,0,971,5,5017,False,PnOJaz8kX1KRlIIGzpY0vw
192,2013,5,516,Medellin,6.234027390508113,-75.57519851274057,-zXRGGFcfd-_fQ97uALg0g,441,0,465,15,4681,False,IOxRSv8wG4WxWLPQxJHUEA
1250,2013,10,548,Medellin,6.254069010401516,-75.5777011197257,SOko5-Uw-_RSCB9gcJpamg,545,0,589,14,1040,False,-iMvOeIAoosR2E1Ru8OXkQ
1240,2013,10,303,Medellin,6.25423207601898,-75.5874793562867,LAQEC2_mUL1YCVfj-hzMyg,195,0,196,9,4563,False,cuyEGe8N3SQtWNPuknXSzQ
559,2013,5,491,Medellin,6.240996697926564,-75.57909443481205,jRl7JE4f-QJZuMO5vNJKdg,583,1,1009,1,2623,True,jRl7JE4f-QJZuMO5vNJKdg
1167,2013,6,222,Medellin,6.253143457215824,-75.60736107993235,_zOcxXo8r2zbeywSGxhhZQ,743,0,873,3,2624,True,_zOcxXo8r2zbeywSGxhhZQ
823,2016,3,242,Medellin,6.246080727152913,-75.5801223438359,DnR9KrPqrZ3vcl-21KZhiA,691,0,785,3,1509,False,WxWeautYjqCM9gcj9uG8Rg
921,2017,7,457,Medellin,6.247970266612824,-75.58830911111681,sPVt-VMxR9flMUvWOFs6MQ,606,0,663,4,4069,False,cqIHiDZv3gWAwmjk-3DEjQ
296,2013,5,610,Medellin,6.236198710846009,-75.5773689612803,K_4dOy-oVShmYNm5FiduBg,808,0,1010,5,4881,False,G2oskNxPI2NNpL9N_XZSpA
728,2019,6,346,Medellin,6.244038270039685,-75.56943131789862,O09yXQNhZbYFcK7CNL8hWQ,104,0,104,9,2628,True,O09yXQNhZbYFcK7CNL8hWQ
330,2013,8,328,Medellin,6.237011890296075,-75.59655556700262,wwy_wn8DxY2uINtUDcM5uA,513,0,550,8,1178,False,nVLn_rXk9K8rlPCU2Q9ZsA
871,2013,5,655,Medellin,6.246951859649206,-75.58555481139595,_Zy0QvKClp4hHWNwf_jqZA,505,2,1011,1,2630,True,_Zy0QvKClp4hHWNwf_jqZA
431,2014,2,309,Medellin,6.238864642064747,-75.60145923617364,IRm1eS9W0_TJw7wmabI3Ag,697,0,794,9,3774,False,gZC0NahL8jRrUYXRt19duw
892,2014,1,297,Medellin,6.24686237630071,-75.56449193884755,jDIFnlRmPlW6NfeO76sMNg,781,0,952,4,2312,False,StPdJKPO5Vmj5UCmstEo8w
11,2019,6,145,Medellin,6.230713635549468,-75.59741457736007,zlXbe3_YauNC6yU6rTz_gg,403,0,424,9,2633,True,zlXbe3_YauNC6yU6rTz_gg
820,2016,3,554,Medellin,6.245897563182344,-75.58336816184647,NqnrKarbw6PAeKRt_P1XjA,541,0,585,15,1587,False,2qLzxj9CoT4L8tdSqmTNKg
20,2019,1,332,Medellin,6.231502365286582,-75.58847323146747,y0ODeFQsG920jPovwzsaIA,358,0,374,10,5180,False,KfQ6slCt84vvRte8rPdI5g
1021,2019,4,527,Medellin,6.249950626077241,-75.59448967801066,ucuUbPBDVGYsFltSxozQ6w,132,0,132,12,2393,False,6DiNDGuN_xre5-3qZVYU0w
281,2019,1,194,Medellin,6.235959709425844,-75.59156989076632,HRLWF6wPlWxJ4awFS9DwEQ,456,0,483,6,1876,False,_YDiSSegq85uM5QYW1gJ4Q
337,2019,6,293,Medellin,6.23701409654098,-75.58955701791464,3rrjq0YUc19J-AfUrghTqQ,809,0,1012,3,2638,True,3rrjq0YUc19J-AfUrghTqQ
1021,2017,7,514,Medellin,6.249975445731716,-75.59449952533949,s03sPgD1ka8qBQx0QTViLQ,132,0,132,12,2393,False,6DiNDGuN_xre5-3qZVYU0w
354,2017,7,147,Medellin,6.237240548478128,-75.5723886550544,7OSej7xSqYlcvU_UYP-jxg,494,0,527,12,2640,True,7OSej7xSqYlcvU_UYP-jxg
883,2017,6,169,Medellin,6.24700619119228,-75.57348358663344,8tshOBFP3GfFxUJDPZT6Sg,731,0,850,7,2641,True,8tshOBFP3GfFxUJDPZT6Sg
1026,2013,6,563,Medellin,6.25001571957073,-75.58944920659458,YGeN8DaglqeWLDL8m5dq1w,684,0,775,6,3477,False,DbNlfBBhaeioxHCrrMXcHA
1098,2016,4,347,Medellin,6.250715135669178,-75.57055336845173,U8ZWbiIn2pQ4AsMigddwXg,286,0,291,6,740,False,-VxLkuJ943OCoD-6bYdWkw
660,2019,6,222,Medellin,6.243001323892987,-75.58453517532503,wSJUemOym3Khx6YkUEJaRQ,443,0,467,4,2645,False,EWcQjrrTvtoMMmazEJq9CA
660,2015,1,236,Medellin,6.242985877679316,-75.58454457240201,EWcQjrrTvtoMMmazEJq9CA,443,0,467,4,2645,True,EWcQjrrTvtoMMmazEJq9CA
771,2019,4,361,Medellin,6.244885425495174,-75.5796254021677,VEY6xndfl8ZPNagynRUGwg,570,0,618,5,979,False,EvmuqmKFlWe9eNGQNwAtWA
661,2015,10,436,Medellin,6.243072958675365,-75.58348649646601,RG-461dLMk_VVG440oUlbg,389,0,408,6,4610,False,--hwO01ian1wcAOlAfzOKg
1051,2014,1,424,Medellin,6.249924749715652,-75.56434293941518,ZkDPV8HaIc2zdjfzpkvgNg,191,0,192,15,3147,False,Mb20BGziyq-smEbDgCSXJg
458,2013,8,334,Medellin,6.238919160132207,-75.57445214263397,L_7TgF1r5r2wNli-e7SqBQ,72,0,72,14,1951,False,8plNTArMK0gy6Seef-0Log
1093,2013,10,574,Medellin,6.250949832449117,-75.5752052233641,0ZB2O_ArzLFZ0Jjy77hBAg,449,0,473,11,2303,False,qVgcsBbDsQDHIVPSTNir_A
879,2019,6,245,Medellin,6.246858546940938,-75.57750342679994,BMbzMbsHvDn-Bf4J5_mOzw,700,0,800,12,2363,False,8eyEglL0qGbhrhrDWiv9og
900,2019,6,448,Medellin,6.246932418227875,-75.55648772640399,OeK9223PBBQ8B2YFt5coIQ,784,0,956,4,5983,False,OXz_nXNL6-zzLt_ZCdg9lg
371,2015,9,211,Medellin,6.238049542137148,-75.60851497789608,oOw7wzlILHEw7A4DtKvf6Q,706,0,811,3,4073,False,8JrZIaUiLJmGqb2gfWsCIg
825,2015,9,397,Medellin,6.245796149360615,-75.57890619075731,0iojdM0-TKlGWGFoWSWSlQ,783,0,954,5,2323,False,AEWN1NbZ0QzXHlWi-LJWtw
704,2015,1,688,Medellin,6.244002548901943,-75.593549264901,CYi2eJ7oDGUIJm2I6ii_fw,8,0,8,7,2655,True,CYi2eJ7oDGUIJm2I6ii_fw
816,2013,5,529,Medellin,6.246021064376369,-75.58747963332105,xBE-LxolIK-VzASaoXmRkw,658,1,1013,1,2656,True,xBE-LxolIK-VzASaoXmRkw
980,2017,7,193,Medellin,6.248975949260197,-75.58246138044532,ZHcQA5L9Odj4SGLsgy1PPQ,686,0,778,6,5680,False,VxYKWnTbEM17paWXEuZJ2g
883,2013,5,173,Medellin,6.247003300261206,-75.57349429508257,7ww3SAcivJl08VbywdQfAQ,731,0,850,7,2641,False,8tshOBFP3GfFxUJDPZT6Sg
250,2014,12,58,Medellin,6.235008368755084,-75.57029123352521,ED_JUTbGxmW0s41ufzayZw,306,0,311,9,2659,True,ED_JUTbGxmW0s41ufzayZw
976,2013,8,179,Medellin,6.248920487650968,-75.5864770742735,k5Vx33xewKOfVRWkTZm2pw,49,0,49,9,2259,False,NDZySTYvV1ZIZ51KKxbEaQ
806,2013,12,508,Medellin,6.246071371558502,-75.59739304052432,U0NbKCs_Xvc4h-CANiRvcg,431,0,455,9,4813,False,tf8dcwFShQMz1np21ZU_XQ
722,2019,6,472,Medellin,6.2440276575142,-75.57552102033597,-ntWPlsxykHUhV4G9lEKDw,224,0,226,8,1849,False,tJ1-IWMcJzQWXYxweHh3SQ
440,2019,6,155,Medellin,6.239091229935151,-75.59242185712087,GAIrE84uDD2KvlL3zRtujQ,97,0,97,12,2819,False,BA9OOUhjNGiAesXJvOFEvA
1035,2019,4,303,Medellin,6.250389392354133,-75.58052461255033,pkkPD3br-4293oR0L1t8sQ,413,0,435,11,1158,False,S93MMwqhbadPTKBSOyjvyQ
1064,2013,6,543,Medellin,6.250995718976002,-75.60438383093864,9_JabA3-CYshuNqdXi5mvg,165,0,166,7,3359,False,uOdLJX9L6-E5331D6lETzw
1250,2014,2,566,Medellin,6.254047918127325,-75.5777393097882,31GxrQT24PaL8maJRx0n5w,545,0,589,14,1040,False,-iMvOeIAoosR2E1Ru8OXkQ
243,2015,4,334,Medellin,6.234899749914099,-75.57733854625118,9aNDVK9emtnRMonPYsgsVQ,488,0,520,11,4266,False,W-FdZDPzrw4muxeu_sNg9A
503,2014,2,581,Medellin,6.240079469710984,-75.58244799209872,NNyuH8-fFz0zr4HAgDuL-g,450,0,474,12,3653,False,FEkNCVFOMZssAYFiYDzPCg
303,2014,3,433,Medellin,6.235999074956182,-75.5703765931737,02XKBYdXbRa8kX5TLywyKw,448,0,472,11,3126,False,5ZKxnW357BLszZb55dAITQ
681,2019,6,484,Medellin,6.24289774498264,-75.56355310617201,5gyP8cWbNYsSGqSVodIKuQ,435,0,459,10,3200,False,BkYONKaC4IfL9g4oLbfuEQ
706,2013,12,569,Medellin,6.243890011012375,-75.59134475191927,0B5lubQ6UZcsLNFxbw1Jvg,753,1,1014,1,2671,True,0B5lubQ6UZcsLNFxbw1Jvg
1042,2017,6,374,Medellin,6.249719782796626,-75.57358168931925,bhD-PWJjrwAntGkI_64Prg,267,0,271,6,435,False,QwrYMNucvmug28b42OAt3Q
453,2017,7,201,Medellin,6.238947712874321,-75.57955871471027,7XEaHNwTRTfGXiT4_HF41A,786,0,958,6,2354,False,Bg6ep_NAKehz8ER9_FAxjw
305,2013,5,232,Medellin,6.235944459584871,-75.56847943611153,kl6vG49nIedjcbaURS0epg,674,0,763,10,4468,False,mje2GBPFL-pA5Htkt7xscg
96,2014,1,432,Medellin,6.23174501533618,-75.56591154154498,6RPzpLaKpMzS6WImaztlzQ,377,0,395,14,2443,False,jdpHJPRJ2lyR0zz1KlWmeQ
451,2013,10,326,Medellin,6.239491759738563,-75.58147481382991,Rg9UgEFoXMG2nTuaCtKpqA,39,0,39,17,878,False,0KP4uohVrciniI71w7K80g
923,2016,3,97,Medellin,6.24820646468483,-75.58639813291752,-kedX97o1jYG1BN-5nijSw,46,0,46,9,5696,False,8y7J5BsET2JDH490TOsTJw
137,2014,4,346,Medellin,6.232952680686348,-75.57758402211732,FYxz1SlEb9lpq0V0xv4Gtw,740,0,870,13,5598,False,E-3fEJ9QxJW_q-jBt4HY2Q
678,2019,6,211,Medellin,6.243205224654319,-75.56646106369223,DiDddyAmIuM3OHjNvss1fQ,751,0,890,8,1941,False,g7MLyFVez8UZMCJo2WRdyw
804,2014,3,711,Medellin,6.245887375023514,-75.59926344819844,WQ3aoFbWACHsWMSOPb7F7Q,499,0,532,4,918,False,on8C4uLjGwHxuIQwb-pbvQ
857,2013,12,429,Medellin,6.247247420733546,-75.59948761224841,AhbP2PGj6n3v3gv8Odc96Q,787,1,1015,3,2681,True,AhbP2PGj6n3v3gv8Odc96Q
1001,2019,7,105,Medellin,6.249068977028123,-75.5614412034737,LOfQ460Z-KC2BFyzf7eFrg,616,0,673,5,1109,False,2NPSALPQooJY5ALrKAvshw
923,2019,6,95,Medellin,6.248167409516689,-75.5864422428779,Oitn5a5XsP-v_YfDopy9Tg,46,0,46,9,5696,False,8y7J5BsET2JDH490TOsTJw
288,2013,5,530,Medellin,6.236009172907202,-75.58551941647674,zujQUWLegS75-KKDbbkZBA,796,1,1016,1,2684,True,zujQUWLegS75-KKDbbkZBA
447,2015,9,94,Medellin,6.238800565170805,-75.58542840483786,GJFGH3hvgDV49nixvppKhQ,810,0,1017,2,2685,True,GJFGH3hvgDV49nixvppKhQ
83,2015,9,593,Medellin,6.23197474010866,-75.57852924081445,2Q75NAsXSxF1xC6VSiuGZA,56,0,56,12,58,False,5Ff5Umrp5en3zdlnxIJwdw
336,2013,5,424,Medellin,6.236940825003374,-75.59054665065521,Ozq8p87Lgx_Y3fuVeeLoow,339,0,347,3,2687,True,Ozq8p87Lgx_Y3fuVeeLoow
435,2015,11,577,Medellin,6.238986853444558,-75.59748234345237,PYuLLHL7n34bEkna2dQXHQ,611,0,668,9,1089,False,HFE-zhThma5LuI0KZxNXVA
760,2014,3,142,Medellin,6.245086087193414,-75.5905054645009,e_U2g8BZkA-Ar2YUIVS65g,705,0,809,4,3722,False,XVCGtSPdUHvR5oHBLU73_g
310,2017,7,585,Medellin,6.235839953135924,-75.56339337965827,r1UMCB_W7MRLrlLDUKgO1Q,209,0,210,5,329,False,cgO-ZqHDtNID9LSs6iNR_A
194,2014,11,370,Medellin,6.233998559032925,-75.57330574255934,B4OHAqXZGy6IVrAj4jeZJQ,177,0,178,11,628,False,jbuXSv6ucKoRcHx_nG9-HQ
133,2019,1,414,Medellin,6.233301561312383,-75.58143338764347,MCJ-uqJfiKH3zxnv1Te4YQ,444,0,468,12,4944,False,kHClugn_kJo_ghge4t7zUw
401,2018,12,263,Medellin,6.238045161292067,-75.57848250022924,5aH9OZR6d35em1nY1YeGgQ,69,0,69,9,2069,False,78r3a1p1RwUfq3-TNtrWEA
889,2017,6,345,Medellin,6.247367220756528,-75.56733261834869,oUVQ2mp9VLP1LO6lPJYgNA,429,2,1018,4,2694,True,oUVQ2mp9VLP1LO6lPJYgNA
1127,2017,7,662,Medellin,6.251950580656955,-75.59442810704351,f-nDQWLwIiAPeZrat6oDRg,811,0,1019,3,2695,True,f-nDQWLwIiAPeZrat6oDRg
597,2017,7,458,Medellin,6.241868622851259,-75.59464970336825,CaqhCsmJ-rTSv_6a7E_GSA,687,0,781,2,1496,False,RjPC5RYLkbMA2Ya6uuVumg
680,2014,7,231,Medellin,6.243379322177446,-75.5642511047774,PoHM1s1xymxTIt6JgTEtVw,162,0,163,10,5027,False,9Wf-wyeLSm7fH5wEqI4r5w
1245,2015,9,176,Medellin,6.25401697600909,-75.58240348015943,HtrkW0B4P9TgAq8xOulFYg,157,1,1020,1,2698,True,HtrkW0B4P9TgAq8xOulFYg
177,2019,1,461,Medellin,6.234030004642933,-75.59042180695667,sFFZjzPAYw0R6JwVHIouSw,243,1,1021,2,2699,True,sFFZjzPAYw0R6JwVHIouSw
767,2014,1,309,Medellin,6.244965504168054,-75.5834709781876,mQbFKGOaCfD8IOOPorMMiQ,614,0,671,10,1249,False,dqxnGqgoJWMbjp1U-qdLDQ
1167,2014,10,424,Medellin,6.253163014693515,-75.60736087823709,MCBM1AEvpcrymiTTHgbTVA,743,1,1022,1,2701,True,MCBM1AEvpcrymiTTHgbTVA
751,2016,3,610,Medellin,6.244959833092808,-75.5993869212036,jk_0EdgnzOm957-EnsZ4ZA,59,1,748,5,4398,False,h3RdqaCNuEABCQiuTZLgQg
877,2019,4,276,Medellin,6.246927892544693,-75.5794704766765,U_X2104_7L5ungm7ikxI5g,603,0,659,8,1070,False,tIvt0fZi5DGR6m4T0Wy10g
354,2015,9,165,Medellin,6.237251718978816,-75.57239566523656,mOvzVDLIyMIi-YvUSjmzeA,494,0,527,12,2640,False,7OSej7xSqYlcvU_UYP-jxg
439,2015,1,149,Medellin,6.239086784402999,-75.59349078481141,uxWTPAp8u7_nqa8twZgH0g,133,0,133,15,139,False,6RODKNs7Mffqx12nXyMPdg
93,2013,5,118,Medellin,6.231979618721588,-75.56859902599844,SA_aaqkZaPqYTsNqvC41cQ,434,0,458,8,2374,False,oMPaKsRpUbV19WMTdgZbfQ
1112,2016,4,518,Medellin,6.250888773499081,-75.55634539377932,jBcKNGvoFlFGVjdbcK3IbA,393,0,413,4,3705,False,lDRdjSri64t_B1EFqK2XkQ
83,2017,8,594,Medellin,6.23197645283245,-75.57851077246269,ChIsvTZA7J9ATCHg9DrGUQ,56,0,56,12,58,False,5Ff5Umrp5en3zdlnxIJwdw
507,2014,5,292,Medellin,6.240020418292477,-75.57842611908735,BcwsWUFWyxzcXH9Ls6avOg,23,0,23,11,23,False,O9QhOfErjZheGlAlLMZdYQ
289,2013,5,521,Medellin,6.235941244593391,-75.58449614038105,Jrv0Q7O6Idtoyt85otHXkA,305,0,310,3,2710,True,Jrv0Q7O6Idtoyt85otHXkA
931,2019,6,324,Medellin,6.24782415267447,-75.57943656880775,iuuOp4Qjdr-KC2e7QSgVJw,121,0,121,17,2711,True,iuuOp4Qjdr-KC2e7QSgVJw
879,2013,10,245,Medellin,6.246857672891826,-75.57750568807418,7SUil-6OjP4OF6Fi0QJnIA,700,0,800,12,2363,False,8eyEglL0qGbhrhrDWiv9og
879,2016,3,235,Medellin,6.246877564930787,-75.57749738695078,5_DrXnBYBxGxJ8XnV0z4jw,700,0,800,12,2363,False,8eyEglL0qGbhrhrDWiv9og
409,2013,10,223,Medellin,6.237952619867524,-75.5704405996741,Nvziye1_9FR3bEhX9V3NbQ,487,0,519,6,2714,True,Nvziye1_9FR3bEhX9V3NbQ
864,2017,7,467,Medellin,6.247003229073158,-75.59244026892978,55wbZ1jBq42ssC3fuXx9TA,270,0,274,6,4498,False,bJmMTJ6PuYiXCVpwl9jfZQ
201,2014,10,443,Medellin,6.233365062226927,-75.5670664383263,pQmXydwwMZy2ieElQcFxdw,235,0,237,11,2340,False,AeLlLnsoIhRWhIp79I-LKg
1027,2017,7,410,Medellin,6.249897095161252,-75.58846846486745,FR4KmvONEmNaJUQjXzfUlg,446,1,737,6,1324,False,C0oEdqM6-DkRnWmv4UoRVA
1161,2018,11,693,Medellin,6.251920249068741,-75.56045950988596,GuwR23xZ_2lAbKeBlfpZmg,424,0,447,5,596,False,7bf9ag6QK5yUuvuDxuYgPw
1096,2016,3,526,Medellin,6.250925067756794,-75.57234512986997,jasLiQpDVGSe5tMudgqXJQ,400,1,1023,1,2719,True,jasLiQpDVGSe5tMudgqXJQ
1139,2017,7,432,Medellin,6.252097140294476,-75.58236960331368,2F874kKlxGyvL67OWnQThA,761,0,909,4,4350,False,eEeIdWLyIO2xE7pVxAGfdA
74,2013,5,484,Medellin,6.231822509115839,-75.5875071224019,zwIg4HbeoGctmCaHSACrhQ,469,0,498,9,690,False,eF_mts6232dT4kfQJ47V5w
1040,2015,1,335,Medellin,6.249984881122061,-75.57521715519415,xwuy5TSmy4NyHmaprLXjZA,236,1,1024,1,2722,True,xwuy5TSmy4NyHmaprLXjZA
973,2018,12,109,Medellin,6.24888767160286,-75.58962199181518,ek1ZtcPUcHc46q3VgpNPSg,118,1,1025,1,2723,True,ek1ZtcPUcHc46q3VgpNPSg
444,2013,5,324,Medellin,6.23873346074984,-75.58847109735369,YCMXWyz_W7IfvheAvKNMhw,221,0,223,9,820,False,sZ2h_3lC28tn061Z6XNx9g
303,2017,7,84,Medellin,6.23603777470762,-75.57038150455284,y0_hBWTpBdjZsAROqyrT5A,448,0,472,11,3126,False,5ZKxnW357BLszZb55dAITQ
1022,2013,6,635,Medellin,6.249932538600895,-75.59346843830093,ws43EDyjcWeuOVYaUYEPXw,673,0,761,5,2726,True,ws43EDyjcWeuOVYaUYEPXw
352,2014,7,402,Medellin,6.236867072033009,-75.57440400994706,cDg6bR_6snma2pgQ18Rliw,322,0,327,7,5365,False,19JOPtc5FMc0kuEJ1_ZXwQ
1107,2019,4,416,Medellin,6.250958621573594,-75.56141653388563,lbCKqf8LaDj-H0-sP3XTyA,263,0,267,4,315,False,IpjSldHqEGqzO0_48WcCAA
437,2017,8,399,Medellin,6.238995396477036,-75.59548909281978,4UVVmAsDFatEqbF-ewrdNA,296,0,301,11,4056,False,sGeo2Xf7Pvo6w8prBOfxXg
1088,2018,11,161,Medellin,6.251314846393496,-75.58033971591117,wzhkqAsCh2B3VGF4DCp9qg,173,0,174,9,5786,False,eVhiKrlnoMv0R9mEg8v31w
1261,2015,1,264,Medellin,6.254063055821199,-75.5663573260469,afpFHyo2ZGTBSpaglu_NcA,648,1,1026,1,2731,True,afpFHyo2ZGTBSpaglu_NcA
357,2019,6,275,Medellin,6.236964915765538,-75.56949444063487,FTuWYUUVJoKWHVTkfQ7RtA,503,0,536,15,4633,False,lHqPaXIdMlo_sny6QGShNg
1184,2017,7,536,Medellin,6.252721842896181,-75.5905092327574,Ib318_H9GJv1brMcVVF3OQ,764,1,1027,2,2733,True,Ib318_H9GJv1brMcVVF3OQ
64,2019,4,330,Medellin,6.232123740980779,-75.59746282084554,YC_n1CbxhAyI0s2T9uQPPA,812,0,1028,7,2810,False,_BfJVwrPZl_rVgCdvKBUTg
729,2014,4,596,Medellin,6.244008730893945,-75.56846361185623,zaofEq7faSTZOs3hIWpcQg,302,0,307,13,565,False,xMp8d2U2jHWm5cFZTLd3eQ
946,2017,6,467,Medellin,6.248087166483373,-75.56241321077401,Je8Opu4FDsP_atvEm7YctA,371,0,388,4,5684,False,EBis_ifg1HabH3OI12DRvQ
829,2014,1,302,Medellin,6.246008895930346,-75.57449083756855,7XaTA8Mw78iGy_3m313GbQ,314,0,319,7,5626,False,lp2DFYK86IePMLDskrR5CQ
725,2013,10,433,Medellin,6.243703743274807,-75.57193382344049,Xsxo5APDr5a2O_t0Y7OcKQ,0,0,0,4,0,False,tckfQtrnZaGbPOTohBwRlA
138,2015,10,413,Medellin,6.232941727846497,-75.57639342444104,3F7XToTNq-_DIok3YIHbwA,647,0,720,6,2739,True,3F7XToTNq-_DIok3YIHbwA
608,2015,9,482,Medellin,6.242080620542633,-75.5835126885706,Ax2yThL5No_xLv_tONIDvQ,7,0,7,12,1562,False,wEcgeZivBFib9e3k8O2Avg
908,2013,6,339,Medellin,6.247994436155632,-75.60152740261266,t74VlVdDiARpp949kk1nOg,780,1,1029,2,2741,True,t74VlVdDiARpp949kk1nOg
1017,2014,3,86,Medellin,6.25011088308699,-75.59844887883996,iaKrIyaMv5i0vQ3noTyesA,197,0,198,12,1474,False,rBqF-eC5bY6LeA4Xmryt2w
139,2018,12,316,Medellin,6.232890281680352,-75.57500407268479,d6OyKJRsZbHKdg4I9VUHNg,187,0,188,14,2830,False,iCqDiyAXSg7bFacR5rT8kA
511,2016,3,227,Medellin,6.239991980519612,-75.5744864838466,AJ0oeeCYhr0Q1XIH-pYb9A,777,0,946,4,5858,False,4Xd6wpCf75RsHnbWMMn4aQ
720,2014,10,507,Medellin,6.243974571410686,-75.57744802671327,Xq2f0agmPzDDVm-noKbw6g,338,1,1030,1,2745,True,Xq2f0agmPzDDVm-noKbw6g
649,2018,12,327,Medellin,6.242869706920987,-75.595367452132,zr2xkCkWb0c05dpn99B1fg,401,1,823,5,2746,True,zr2xkCkWb0c05dpn99B1fg
1155,2013,11,319,Medellin,6.251931902559999,-75.56746287802999,QzNsHu4mSCVxuzFZ61scRA,385,0,403,8,5315,False,1kna2jCCY_ICLabjVCqXFg
863,2014,1,356,Medellin,6.246869535216439,-75.59346214003293,PDhNV_oKyQhZ8fZuhJEwuQ,397,0,418,7,5051,False,GE-R2fduo5_LB-rQbh5hSQ
396,2019,6,430,Medellin,6.237920616240137,-75.58340025908753,YDuIJdh8GT2MsQdIm-KkGg,206,0,207,8,2749,True,YDuIJdh8GT2MsQdIm-KkGg
37,2015,9,49,Medellin,6.230712468678528,-75.57176603633853,mu-0OaKnLMUN6hIW_6MUWg,654,0,731,9,3032,False,N4Og8r3LjqBG3BPthiq8qg
1040,2013,12,366,Medellin,6.249995710101809,-75.57521374327276,Nqn8LeCfa2s6HCJfCyW43Q,236,0,238,15,5221,False,kqL5triMYOxn1GZlLkeH3w
920,2016,3,452,Medellin,6.247873238082416,-75.58942528315103,k2-P8RP8rwtGhqolN4Ourw,146,0,146,9,4417,False,CvM1HUf9Yf_hw-Knu-7Mag
874,2019,7,626,Medellin,6.246863088106929,-75.58235216645099,QBvyS2aZ5C3qtw1fhPcHgw,265,0,269,15,967,False,oPuVUtuDiT7gajx6H2u2ug
1173,2016,4,543,Medellin,6.252691919996981,-75.60123442499236,96SOyQMsq1xza1X3UD3mMg,53,0,53,14,1547,False,JUqeTCNe-lIt5iMydUxKkA
711,2013,10,532,Medellin,6.243765114093719,-75.5866636086701,K-SxsRcXpMzDuY90MmdTag,89,0,89,8,3305,False,y9b_n-9xsLzwZpT-CmBcmw
1251,2016,4,306,Medellin,6.253902136714767,-75.57647320807283,WZNrTx6vDCuNGl1KRWIHiw,754,0,896,8,5487,False,-9Ci_nz8J2IU2T5sAv12Fw
966,2017,7,325,Medellin,6.249331278534143,-75.5964316057871,zvbhnwFHldJwKcs1fXWOlA,721,0,837,7,1703,False,s0V5W9Ku1dmUoGlh0xXLQA
11,2013,5,158,Medellin,6.23071512645387,-75.59742633308892,jj0RWRvhbAtBsaIGd2gudw,403,0,424,9,2633,False,zlXbe3_YauNC6yU6rTz_gg
114,2016,3,256,Medellin,6.233031690020183,-75.60049345441871,_EzzXTWwClMpdeKfUdY9hA,651,1,1031,3,5979,False,6SorMZi8oLpopmFOH2j7LQ
1159,2016,3,220,Medellin,6.251665352723944,-75.5625593937076,WaS9efJSUs_gDGvkKsod6g,725,0,843,4,5945,False,R8VribAhXNkzYed_pH7K6g
196,2017,7,543,Medellin,6.234098974280266,-75.57158013245883,_tLxA4tN2w1VC1an3-T0kA,643,0,714,9,2907,False,MFbWKm1CPBQv69Cm95tfUw
1135,2019,6,444,Medellin,6.252002338898465,-75.58658072034564,Cntee8VGUxnJ1qTi6uKKnw,391,0,411,10,534,False,j7hgzpOOKjBytfzSV9tc5A
458,2014,2,330,Medellin,6.238942576131368,-75.57442723644157,5XQewbteSNmGn2TtYSOSIw,72,0,72,14,1951,False,8plNTArMK0gy6Seef-0Log
732,2015,1,294,Medellin,6.244152124752839,-75.56537697705393,8htu3NVg52e9C0iBQ33cuA,548,0,593,10,2364,False,ELzCb9cMyeOJuCMhbeQyVw
651,2015,9,315,Medellin,6.243019181663636,-75.5934337355403,p-snek7kgMrqhGcLZkzIUA,642,0,712,4,2765,True,p-snek7kgMrqhGcLZkzIUA
579,2019,6,262,Medellin,6.240883354831674,-75.55928975728597,aMSHZuodqOGOD-CJQ1X28w,428,0,451,3,2766,True,aMSHZuodqOGOD-CJQ1X28w
983,2017,8,165,Medellin,6.24896044851,-75.579497586307,yBV74EjMNzbv9UTzI_PSLA,365,0,382,13,5908,False,oKyszgZ6vEnRzCmd_2By9Q
597,2016,3,284,Medellin,6.241906824012609,-75.59468854009731,ChpnV5L86KaoXzI9I_3OVg,687,1,1032,3,6021,False,lQXorlN7WpoxuBO8ZBkJmA
81,2017,7,514,Medellin,6.231979475985897,-75.58042190513069,NbmA2Gjskmcg3dBzIWjWhg,749,0,888,7,3272,False,ZPF1dTIOK3RpqNrkbxmazQ
197,2013,7,354,Medellin,6.234124901291759,-75.57048431250743,eUmkyycLHVLm4NONonPyBg,467,1,1033,1,2770,True,eUmkyycLHVLm4NONonPyBg
394,2015,9,220,Medellin,6.237968624855077,-75.5843613535245,MCA8ZYJyhxLqKAPYcPIRVA,633,2,955,3,5509,False,l97370K72U9G8JdGVPmvYg
226,2013,10,445,Medellin,6.234854696624701,-75.59436838624681,hRGcz1bKGDTJbWgeHCse6w,600,0,655,7,1060,False,AeUASTuw_ZUMmMT5ecWWlQ
491,2018,12,284,Medellin,6.240036384914017,-75.59545293605751,wlYt1OIUyEdKJGrr38YW2g,641,0,711,2,1239,False,-S-_w49ZRa5wsJ26o5rUSA
296,2013,10,606,Medellin,6.236195259261305,-75.57737349747998,kHlFdDNx6V3x83Asxf7wog,808,0,1010,5,4881,False,G2oskNxPI2NNpL9N_XZSpA
778,2014,11,225,Medellin,6.245171698921264,-75.5723298152564,hUJaeM1n_EwYUZeoAjGkEw,227,0,229,11,262,False,9g-mSvJ716BhQz83M9Bsjg
139,2015,1,291,Medellin,6.232920611606985,-75.57503268850716,hlRkBgN7MsVrA4BATxO9Vw,187,0,188,14,2830,False,iCqDiyAXSg7bFacR5rT8kA
36,2013,5,165,Medellin,6.231086448306788,-75.57245976574343,yKINMqEpVMYKLdrPCUwCcw,739,0,869,8,2229,False,Nz3rogHBKs1TkhI2PbGWkQ
1021,2013,10,502,Medellin,6.24994895703499,-75.59449154373759,OVh6iaHje0WCzajF0Rc7Bg,132,0,132,12,2393,False,6DiNDGuN_xre5-3qZVYU0w
408,2016,3,571,Medellin,6.238042011789807,-75.57163335307447,JieQK7MMfK9152uiZMssgA,37,0,37,8,1962,False,LrB-44Rx4E7AmZNPwer-HA
231,2014,1,268,Medellin,6.234913757755307,-75.5897079466006,IkQDv6RLKMMidBz9ZCUMwg,438,1,1004,2,2582,False,NziyLXD2TXVrJdxLKAsmdg
875,2014,2,344,Medellin,6.247019963154075,-75.58168353771481,EWVgOPkTEKx0ffE7xEtEXw,451,0,475,8,2237,False,XxirtS5uA4seteSHMfArmQ
631,2014,8,579,Medellin,6.241965972397322,-75.5604722636788,2hTE12wffZ3B-gioWotSAA,244,0,246,7,5013,False,VmoCLsE91UW3RA6XjmeLSg
825,2019,4,405,Medellin,6.245793354963697,-75.57894232867645,nzr_5SexZfitcQQAIPxlMw,783,0,954,5,2323,False,AEWN1NbZ0QzXHlWi-LJWtw
890,2014,4,480,Medellin,6.246875543807784,-75.56641333471333,fJ98XIk7sNucJcY5VoZNoA,519,0,557,8,1344,False,nvRUdWeqNPEXb5QOZffbgA
1255,2016,3,247,Medellin,6.253978239360028,-75.57476549780127,H4fn_H7bXrNEICDMI6LC1w,262,0,266,7,2437,False,GalxffcN8fcoWlpQF_CFeQ
92,2015,9,277,Medellin,6.231915712089757,-75.56989189575872,1yXdTWT4u6B2oW_s4nxU_w,207,1,331,12,4667,False,8Xa0Cvad3AWujc0m9oY4Xw
466,2019,1,512,Medellin,6.239001583445087,-75.5663561083575,fg0gjNp1EI7pDsAD2EQEgQ,346,0,360,3,4094,False,LT4vBJIpccAwx7d7iO0KwQ
1157,2014,1,392,Medellin,6.252145602894207,-75.56334123072908,TFZeWngiN8EgLjcwM0sHvQ,74,0,74,9,3348,False,MGCBk88soE-kYaZclK7Enw
916,2017,7,659,Medellin,6.24801740813968,-75.59369195852936,ywmygxHWmw1ddhGLXCWAag,803,0,993,4,2549,False,5r6e6Pu8kpgivW3_pvDjHg
744,2015,9,676,Medellin,6.244967578114135,-75.60634618836568,YesHSOeCi4w8esq9rH0ctA,624,1,1034,6,2790,True,YesHSOeCi4w8esq9rH0ctA
225,2017,8,298,Medellin,6.234951462706639,-75.59542241165974,bS9kACPt0VYy0f1dGxuCRw,587,1,701,2,1201,False,bMvdW7iLqj9aIpiqxLQgmA
185,2015,1,363,Medellin,6.233940380223121,-75.58272804634164,t0dkwpqDUAWmZ4ulR4Oytg,729,0,848,13,5427,False,ZYGD_jfAc72_tNK29b7rJA
163,2019,1,270,Medellin,6.234016194292455,-75.60443092354322,Tc3nxxeHpXCDCwpDLmlTMw,612,0,669,7,5096,False,UdzM-aXDJ-t4RGcrcpCPjg
1016,2015,1,374,Medellin,6.249909540394959,-75.59953532165216,wbiGjpMn8b3jSZwQyyt4kw,304,0,309,11,3884,False,eTDQEF27sqFUnVpZPCGdnA
190,2014,1,441,Medellin,6.233907008202258,-75.5774784729271,V_JbanILzGCiLF7MZoMwzg,51,0,51,13,2328,False,Jj3PuS5Kn97wei73d9G-2w
491,2013,10,263,Medellin,6.240018245544056,-75.59545077651208,sIV93xEYla01QgDdMnM5mg,641,1,1035,1,2796,True,sIV93xEYla01QgDdMnM5mg
672,2013,5,295,Medellin,6.243263246833736,-75.57341884478919,M21e8m0ogqgPVJpmK8Q6ng,800,0,987,4,2797,True,M21e8m0ogqgPVJpmK8Q6ng
1022,2016,3,612,Medellin,6.249930599580654,-75.59347364641326,0kZIZ6U7a7CPurD2gDattA,673,0,761,5,2726,False,ws43EDyjcWeuOVYaUYEPXw
693,2013,5,697,Medellin,6.244066473929931,-75.60467508552291,oKgW7BNMLdFY9fmdSDq5og,813,0,1036,3,2799,True,oKgW7BNMLdFY9fmdSDq5og
568,2014,11,554,Medellin,6.240926777857111,-75.5704101016167,CYsBCz7RWt2ezTKFjGRZcQ,372,0,389,12,494,False,uvME2c69lvHR_dNqruoM-Q
331,2014,6,620,Medellin,6.236913434938672,-75.59546915660694,_pxk_NyoCx_nZmdj93i_IA,650,0,725,7,4184,False,PcWA6VbXhXCMi09P469MJg
629,2013,7,217,Medellin,6.24205209190474,-75.56251788940632,3o_NK-CMMpL_zMLtDJiQgg,512,0,549,9,2353,False,3SK_PORFFAD4uzp72khhqw
718,2019,6,255,Medellin,6.243994734498784,-75.57945423573727,Rhvra0VChItb67hTGOTKlg,524,1,878,4,5481,False,OEgNGPrlPtdYIZaNPLjA6g
1208,2017,6,304,Medellin,6.252874931684109,-75.56642484934667,6E-bXPXmc5qC_KKsVtCeWQ,497,0,530,5,2866,False,TpE-tTJpY4xVAEdgmeLTyg
350,2019,1,374,Medellin,6.237030757461381,-75.57648836471664,ZianrWmH96-UN4HK7LcnDg,814,0,1037,11,3422,False,5BImpe3gJA8stYiLfHQNpg
520,2017,6,345,Medellin,6.240075748845847,-75.56546474081227,5Rfyux7UJIxBPHm4dIVqgQ,680,1,787,3,1960,False,HOHfeY4w3yCgwKOfb1YJSw
1017,2013,5,99,Medellin,6.250075100795526,-75.59848619549803,al8TwRCxr5CXOTSxpmbygA,197,0,198,12,1474,False,rBqF-eC5bY6LeA4Xmryt2w
941,2019,6,493,Medellin,6.247947279760107,-75.568504272734,fQ8oiVIEXnVb3Ytn4xrQJg,618,2,1038,3,4662,False,IDcMVL_b8KWR6GJ_36OP4g
387,2016,3,205,Medellin,6.23810120496716,-75.59258810587272,2m3DdK9jliobrt3qFtBFVg,439,0,463,2,627,False,5GCwqhHGxJ5BJHI6v964kA
64,2014,1,331,Medellin,6.232123362238347,-75.59748240672918,_BfJVwrPZl_rVgCdvKBUTg,812,0,1028,7,2810,True,_BfJVwrPZl_rVgCdvKBUTg
302,2019,6,508,Medellin,6.236034181802714,-75.57161738211997,8I-fKsMaCG34hjPbILiyZg,522,0,560,7,1507,False,nddPl9osqiS08HBlAV6EDg
728,2017,6,345,Medellin,6.244052606713936,-75.56945525093279,HOfZqsIJSmV4sXxTlaUBuA,104,0,104,9,2628,False,O09yXQNhZbYFcK7CNL8hWQ
519,2017,6,449,Medellin,6.239998394541357,-75.56640391991101,f0Gr0komzQpXBrUcTUXHOw,370,0,387,3,2813,True,f0Gr0komzQpXBrUcTUXHOw
863,2013,9,331,Medellin,6.246861174404171,-75.59347153867488,EHwkWoqjZagoYMPXVniTvA,397,0,418,7,5051,False,GE-R2fduo5_LB-rQbh5hSQ
792,2014,5,242,Medellin,6.244900140398613,-75.55850622775243,XZRlZJKf7DNNJ0EzE_SJBQ,495,0,528,6,1168,False,10vZy02a2qX347OYggoyMA
682,2014,3,445,Medellin,6.242777650221901,-75.56216904717797,00cLtQtxiBqJKU-burk_Ug,511,0,548,7,5261,False,pTaJVQ673BJ6WU6do_GYJQ
137,2014,10,348,Medellin,6.232940827123134,-75.57758384459345,dyAo6STyLU7XFAL8r8R3-Q,740,0,870,13,5598,False,E-3fEJ9QxJW_q-jBt4HY2Q
701,2019,4,506,Medellin,6.244014904681074,-75.59646684460338,EvpGHaQVzE3j6nbj6Y6pSA,601,0,656,3,2818,True,EvpGHaQVzE3j6nbj6Y6pSA
440,2013,5,154,Medellin,6.239094620813094,-75.59242540222425,BA9OOUhjNGiAesXJvOFEvA,97,0,97,12,2819,True,BA9OOUhjNGiAesXJvOFEvA
65,2016,3,556,Medellin,6.232160169363747,-75.59641722747051,2NyOFwg0khVxO7AzzwrfSg,64,1,513,3,4639,False,i9husc4kCNw0Ly12sMizwg
822,2014,4,280,Medellin,6.245928920731231,-75.58143579681973,-6DFQoF5FDxfVK4wMyaw2Q,19,0,19,9,47,False,IJVe9zp88DJ3BzL7iKB2zQ
496,2013,7,579,Medellin,6.239972875143253,-75.58939957216992,iGMHSg8AjegaUJ8XEcmOyA,568,0,615,10,4722,False,Cb1mggJLg_fYLs9xjf1DdQ
44,2013,5,514,Medellin,6.231128564117245,-75.5640100200746,fzCXrn_YWajztcTvprDQwg,395,0,415,3,542,False,4BQuCFawOAh-COiKwRSzyQ
1093,2017,6,571,Medellin,6.250974109415448,-75.5752076203552,DdjB5X7fDsQFRWduFUwqWg,449,0,473,11,2303,False,qVgcsBbDsQDHIVPSTNir_A
1238,2016,3,547,Medellin,6.253824178259875,-75.58947097272079,oaQnAY6tXhhdf6OW6Q94Hw,293,0,298,10,5863,False,LtizsFObSMRKWJea3xAENw
605,2016,3,412,Medellin,6.242045523268017,-75.58641683551193,Wjc03H6gOeFBvcsHR5J7qg,198,0,199,6,5491,False,BaUMAOF7pniYknMlwPNKIg
660,2015,9,426,Medellin,6.24300702508471,-75.58454137095401,Gs7kCoYKEH_9PpP_Q3ieQA,443,1,973,2,2449,False,Q86sUrz0iT37Q8YGXejvEQ
111,2017,8,279,Medellin,6.232984357633514,-75.60349995921449,VP-78-WELbLAkWl9Rv_CPA,335,0,343,5,905,False,1XiTT1xKANo21WRQOtgSfw
1067,2013,10,502,Medellin,6.251072014200821,-75.6016112734172,ZrN6oHvp-Xjs3ihKBZ3nyg,96,0,96,4,5138,False,NCeF86WQ-LalVk9tsRHsfA
139,2015,9,309,Medellin,6.232898548692718,-75.57504049619143,iCqDiyAXSg7bFacR5rT8kA,187,0,188,14,2830,True,iCqDiyAXSg7bFacR5rT8kA
931,2019,1,323,Medellin,6.247813334725936,-75.5794075136645,qZ12kQlnzHddm6645bix2w,121,0,121,17,2711,False,iuuOp4Qjdr-KC2e7QSgVJw
1080,2019,4,485,Medellin,6.250910505584829,-75.58840024276151,iLrPoX_gMgHnAmMCHMXyTg,185,0,186,11,5310,False,bsh5kDpYX72-eEufPeicig
76,2016,3,495,Medellin,6.231879752908837,-75.58547802221601,zBtn6Sdtd-KwHSmWbtdaKA,325,0,330,9,904,False,95wGcwZKDlQpEWItAphdVQ
32,2019,6,51,Medellin,6.231026503375078,-75.57620828960731,woSrW5a0PDo3PwLSiTYDAg,13,0,13,4,13,False,TrfdqJ0ynPlMND-L-B-pUg
329,2017,8,249,Medellin,6.237250553375477,-75.59746684608619,JRVYUQExE8guvfC_tm3zNw,789,1,1039,3,4615,False,EiX18XTEVxEjtlpOK0FiNw
1255,2018,11,265,Medellin,6.253958413908458,-75.57476570279813,D92cqvKtvof9_h53_fNFfQ,262,0,266,7,2437,False,GalxffcN8fcoWlpQF_CFeQ
679,2013,7,129,Medellin,6.242857132192559,-75.56552066220227,iLeRBE0SZitaCepu37qGUg,290,0,295,11,2837,True,iLeRBE0SZitaCepu37qGUg
854,2016,3,516,Medellin,6.246919615945346,-75.60249282535105,jO6bhAUM6e0AqHiBIVrU3A,68,0,68,12,5545,False,42LuKNrdDFPXt0lMmHPJeQ
681,2014,10,488,Medellin,6.242888745285386,-75.56355565119621,yR_ndom5A-Pz6x-pvm05Eg,435,0,459,10,3200,False,BkYONKaC4IfL9g4oLbfuEQ
253,2014,4,226,Medellin,6.234759683478794,-75.56799443042611,TOF828dSs5CTB0CzGZbpAQ,496,0,529,14,846,False,TbDIxnOfpTm0ZYZf-V7mqw
527,2013,7,229,Medellin,6.24016154567832,-75.55829658109397,I6_Z8iMnpgLXg2_n37703g,683,0,774,9,3052,False,6UuGx_0GDIo2tKWusnO9tQ
578,2013,5,372,Medellin,6.241057376402249,-75.56077260841614,NXAS16SR8soXa2UCBwMA5Q,815,0,1040,1,2842,True,NXAS16SR8soXa2UCBwMA5Q
35,2014,1,243,Medellin,6.231060901807981,-75.57367757331784,I9gfU_T3cIHiHsPc42ApBw,722,0,840,4,5603,False,Y3kdNt7DHjDxiZD2pCwT1A
87,2015,9,360,Medellin,6.231969490713501,-75.57446397287157,PWak7T-qHItON0fGk73QhQ,175,0,176,5,2263,False,zmyBE31kJ9lo3YTNAnyF9g
605,2017,7,399,Medellin,6.2420455240673,-75.58640741853364,ZBPsA-rAdhLRoxqiP07VZA,198,0,199,6,5491,False,BaUMAOF7pniYknMlwPNKIg
170,2015,1,316,Medellin,6.233959019565972,-75.59750222745427,d4PT3gee4gYD3qtPAr8aFQ,5,0,5,7,3625,False,5BbFzmDyb7wTxG0g5OOU5Q
385,2019,6,333,Medellin,6.237946403614756,-75.59443696763087,BDwgWraIBAd3boaxTgE_hA,566,0,613,7,4773,False,sJ3u-tYU1g6gIK6urVFB0g
1017,2016,3,95,Medellin,6.250073727241093,-75.59846361120788,Hu8uHTbrMuJqz4YkAidl8A,197,0,198,12,1474,False,rBqF-eC5bY6LeA4Xmryt2w
964,2015,1,383,Medellin,6.249042622606352,-75.59846188934758,Y75zIskEo-Ey1_4cM0GyCg,816,0,1041,1,2849,True,Y75zIskEo-Ey1_4cM0GyCg
1114,2019,7,75,Medellin,6.252128231404805,-75.60737677371341,NzzmyLIDhftOfpaF0WOo1w,652,0,729,8,2850,True,NzzmyLIDhftOfpaF0WOo1w
642,2019,3,334,Medellin,6.243113346654583,-75.60237939826696,jYubih2OVvhfGi8XPiLm3Q,272,0,277,8,3458,False,mywGsgWxrDMNjntwVzjy5g
971,2014,1,351,Medellin,6.248804049388726,-75.59145713525982,o54PngtOraBudFM30U5Bdw,22,0,22,6,337,False,b-P5i6Im3XgQSKZOYofKjw
57,2019,1,547,Medellin,6.231939590505839,-75.60441189364555,w_2cU08Erbz3RnGiwhknJw,730,0,849,5,5286,False,tmWeTyj4rXTuJw5Vdw78aA
253,2013,11,216,Medellin,6.234755241442058,-75.56799376025775,ZU8Gf9DqWRmDRJFj_Hzuqg,496,0,529,14,846,False,TbDIxnOfpTm0ZYZf-V7mqw
434,2013,6,286,Medellin,6.238979775307115,-75.59850370954537,HcE6CGvZZptQPBPXs-KW2g,274,0,279,9,3413,False,ahHRDcFtiLtBh0J7Pj2Vpg
644,2017,7,486,Medellin,6.242767948576671,-75.60046172906306,a2AQrjsMbz19PA4ptj_DWg,704,0,806,8,2524,False,tv6FLNmI4FvRc4MiD7gCdQ
513,2013,5,247,Medellin,6.240022387125889,-75.57247941498782,UAVG3EUYE_gam1xYll76vQ,378,0,396,8,5105,False,6sAe5SebDQNKskfR5j2Gmg
73,2017,8,456,Medellin,6.231824035497332,-75.58841216343552,QM-nH_abOaD64kZ4Mw_dsg,556,0,602,10,4513,False,QBD4sKLNyQZact90HdeRAA
771,2018,11,384,Medellin,6.244912569788748,-75.57960080141743,t1e-PkszjugBKT7BHCWQMA,570,0,618,5,979,False,EvmuqmKFlWe9eNGQNwAtWA
991,2017,6,571,Medellin,6.24898301609454,-75.57151247573704,M3cm-V3qJ37nal9Ud-YSWw,320,0,325,5,400,False,kSiOMO2NvzNVMu1U3DqijA
342,2019,6,484,Medellin,6.236960563107655,-75.58450648505989,ZvcXb26bej5jdekaoTuduA,817,0,1042,2,2861,True,ZvcXb26bej5jdekaoTuduA
335,2019,6,501,Medellin,6.236994055834113,-75.59161106155254,7HKiCjvAoDjaqQdQxPgRMw,481,0,512,6,5393,False,kpjJlfS2cRT_KtJjywKzhQ
1018,2019,6,164,Medellin,6.250101419245195,-75.59648708682234,YAwqTN781PCFD8vi7IRa0w,259,0,263,8,3193,False,j8JPyyvcADFoC2JfNd9IGg
1086,2018,11,363,Medellin,6.251103154703506,-75.58247866691443,OXs6pqv2LcoA2sjNY1D7hg,166,1,875,3,3766,False,MAnC9m7zcdEV511XijWZWw
406,2017,7,668,Medellin,6.237977256431029,-75.57341102671148,8PNoZ5t6GnHkd72QlJRTIA,460,0,488,9,3369,False,s3_Ij1olCsBbTdUEWjr3JA
1208,2016,3,296,Medellin,6.252875336008017,-75.56641073220852,TpE-tTJpY4xVAEdgmeLTyg,497,0,530,5,2866,True,TpE-tTJpY4xVAEdgmeLTyg
23,2016,3,256,Medellin,6.231599192121898,-75.58545998351896,j-wScQkpr5PEsU7Cbo2qow,330,0,337,11,3083,False,bEYNNZOkLBRsEvouaPf-kw
502,2015,1,512,Medellin,6.240035155869696,-75.5834588222195,qHMFzvtDqiSbD2p2nV5VVQ,47,0,47,9,3787,False,g6Used0Db70nN6rUytwlrA
1088,2017,6,172,Medellin,6.251331310700019,-75.58036264175199,EwTgq0BiWbuCrZKPfBumWQ,173,0,174,9,5786,False,eVhiKrlnoMv0R9mEg8v31w
137,2013,8,344,Medellin,6.232956614113174,-75.57758424488458,pj1XZ6tc5ZSEvXOxRlz_iw,740,0,870,13,5598,False,E-3fEJ9QxJW_q-jBt4HY2Q
23,2013,5,262,Medellin,6.231628804533033,-75.58542406693554,rN9VS73cOtWJJY0eo5Yz0A,330,0,337,11,3083,False,bEYNNZOkLBRsEvouaPf-kw
914,2019,4,211,Medellin,6.24794066374385,-75.5955227690599,_SQOFy3ftQgupVa3mAqKYQ,190,1,1043,2,2872,True,_SQOFy3ftQgupVa3mAqKYQ
970,2019,3,417,Medellin,6.248926091185105,-75.59247447425794,oVnCR-tNtosAUl4QYvfCpA,217,0,218,8,2873,True,oVnCR-tNtosAUl4QYvfCpA
810,2015,1,369,Medellin,6.246257461689321,-75.59340750928612,SaiH08B5aW_ClgnVkhdpMA,160,0,161,5,716,False,eM4ppAXVjfh3H6TJwy8n0A
514,2019,3,302,Medellin,6.240063200227212,-75.57165276833142,rnxh5HhpiLbdh_1Z6Oluqw,313,0,318,7,3690,False,vIsPzCp1-ylpWR-fnB1ZpA
418,2019,1,435,Medellin,6.237981434634505,-75.56147183470682,bU7sOpDRpjLn_KsPx2ve4A,818,0,1044,5,5733,False,GaKFl3Djqi0wVDStnxk98g
944,2015,9,350,Medellin,6.248024024935111,-75.56555585519081,UqDJ_PC6_RlC-3AykvWE7g,530,0,571,9,1723,False,ScL9B14enqLsQvxbzTXPFQ
1044,2013,7,70,Medellin,6.249910490304854,-75.57145541598223,-ELJ4-op9XMxfEBnfbOtJw,437,0,461,7,3238,False,7jTsT7HTU_Gg-Tb3C4yW8g
1187,2016,3,139,Medellin,6.253204006166332,-75.58738225320815,nx_OW9AyK_behqTKdfhiIw,802,0,990,4,2523,False,balibDoxqKgppy-4aGQY-g
562,2016,3,249,Medellin,6.240447586372475,-75.57660834977668,qCN2lYleTFUQWcqoSoDjAw,492,0,525,8,5101,False,9wNpStFDNlvGzWYVGf-k8A
827,2014,5,149,Medellin,6.245919272775515,-75.57644511598124,WwN0E3FRpnAgQpjz-XyOdQ,226,0,228,10,4972,False,7CqDv6t0R0tyzOg0GhBMww
466,2019,6,715,Medellin,6.238973452118334,-75.56637465673246,9Y69AVeCIPlErGHNO5_hQQ,346,1,1045,2,2882,True,9Y69AVeCIPlErGHNO5_hQQ
1142,2019,7,617,Medellin,6.251777296694306,-75.57916193019774,LKWG1WshLqAb3_D9jTbzvw,463,0,491,14,5020,False,dSyBFfaXq3s-PA5GV1GVQw
1136,2013,6,330,Medellin,6.251840875092422,-75.5860835137014,WRIJvpkNxpVKtPDa8Ku--A,142,1,342,5,426,False,3oiWt1TtzrVaQWxf98OBNg
846,2019,6,191,Medellin,6.246328773818076,-75.55732307169367,-wUfMwK5OGlCic9j4eoPQA,696,0,792,4,3076,False,juPZBljstVuc0UocKf5IKQ
892,2013,7,294,Medellin,6.246868993071399,-75.56448743130906,mf1nxGvt4y_oB9fAzymeFw,781,0,952,4,2312,False,StPdJKPO5Vmj5UCmstEo8w
451,2013,7,332,Medellin,6.239491131579073,-75.58144716888914,7Sn32mR983MAv_cZ1XbwnQ,39,0,39,17,878,False,0KP4uohVrciniI71w7K80g
504,2018,12,414,Medellin,6.240133004085533,-75.58152817863514,BakT0ko-eJ7MG5Yf0Nm8eA,116,0,116,11,1610,False,0D1wsW1QIc5AwaRWzjDsKQ
440,2013,7,135,Medellin,6.239096154288825,-75.59242847937672,TdcyUFeFOSiqhMjb6ZW1Pg,97,0,97,12,2819,False,BA9OOUhjNGiAesXJvOFEvA
1228,2016,3,354,Medellin,6.253879800581124,-75.59940799563078,BVgQ5YhDD4vDwYENJiVf6Q,199,0,200,10,2064,False,4S8DuhpXslg28kaz9miDpg
913,2019,4,153,Medellin,6.247942757282648,-75.59643759887075,pTZuvoLih9TaY-4D6mEcnA,595,2,1046,1,2891,True,pTZuvoLih9TaY-4D6mEcnA
75,2019,6,308,Medellin,6.231862643657115,-75.58651655275054,lnLVgVRKGQoWRgv1TY5Jeg,152,0,152,8,1382,False,rW8VfzP7CqxKuhkXRYyMIw
974,2013,5,226,Medellin,6.249161439485571,-75.58845501357801,GOjukrjmrmLU3mFvtJ6g0w,254,0,257,11,5037,False,6ktyFJE6iA1zV08BJ6WxXw
792,2013,7,244,Medellin,6.244889332158733,-75.5585103274702,usvBHVs1UlWVFnWpq3haPQ,495,0,528,6,1168,False,10vZy02a2qX347OYggoyMA
192,2015,1,509,Medellin,6.234060769582827,-75.57517972121164,8lx8DGHHL91KxzE6SeslDg,441,0,465,15,4681,False,IOxRSv8wG4WxWLPQxJHUEA
976,2015,1,176,Medellin,6.248914025778206,-75.58645906061412,ndn1xh8tv5j71FfyGGAc1w,49,0,49,9,2259,False,NDZySTYvV1ZIZ51KKxbEaQ
1082,2019,3,504,Medellin,6.251034501813217,-75.58664427747972,B34Ejc1dT3yTSklHJ5sGzA,147,0,147,10,153,False,uUMCnf0NjT-IPEgOGWGJuA
249,2015,10,610,Medellin,6.235104710967195,-75.571581407682,aq3o_uEBj2F_35UjP14aqw,399,0,420,6,1293,False,jHsHie7zgF77QHMjDEfWqQ
288,2019,6,711,Medellin,6.235972858708835,-75.58554408101996,2Y1CmyqmP432rTx6tRyFmw,796,0,978,2,2479,False,jjs6B7R0-ddV_B19lb-nCQ
754,2013,6,237,Medellin,6.244935449063185,-75.5964338628535,sJcNl-BQZoaquEQwQM6frw,122,0,122,4,2900,True,sJcNl-BQZoaquEQwQM6frw
1118,2014,10,368,Medellin,6.251820257558125,-75.60345199239087,2O5PJxIgl4kzCmoj_Neg5w,500,0,533,4,764,False,totmhUn6rv7szy35yStERw
619,2015,9,411,Medellin,6.241962748412651,-75.57260755899883,bjqEhK1xOyKK3_-2vM6Hfg,452,1,810,6,2902,True,bjqEhK1xOyKK3_-2vM6Hfg
441,2017,8,240,Medellin,6.239073895805153,-75.59141832228529,dwU8xaug6C9LHyo8sHDwvg,208,0,209,8,1071,False,SaqFPT1P8q8XoBBRXssHiA
112,2014,10,89,Medellin,6.233015813909881,-75.60219176810845,sxaNfIyGHK78792pLEUhFg,230,0,232,12,1479,False,KD0s_SaX4GVUOx6UymXT1Q
1023,2019,4,538,Medellin,6.249717667737287,-75.59248763817583,mZgGF3MN7NzPmJ5MjNTxjA,565,0,612,11,4770,False,IBJp-qJRA0jyTqOqCmqnhQ
459,2014,9,601,Medellin,6.239113417717793,-75.57358734306932,KbvC3XlpQI4c_yHw7jR7Uw,250,0,253,7,291,False,HiId4qPDLormsw877-3dWg
196,2014,1,559,Medellin,6.234062809122265,-75.57159937589854,MFbWKm1CPBQv69Cm95tfUw,643,0,714,9,2907,True,MFbWKm1CPBQv69Cm95tfUw
726,2014,2,638,Medellin,6.244149694312032,-75.57176840983412,0wYNDKcGjtpxrBaIz68j9Q,6,0,6,6,2362,False,X2ARoIL0jciK9CmMi3LDmw
436,2014,1,133,Medellin,6.238946436472571,-75.59646091513657,TZecYkL0UI3F1enyLzh6Aw,502,0,535,12,3230,False,DP32MnpOwwPRGWcxBMc_jQ
84,2016,3,315,Medellin,6.232034694397544,-75.57749669869423,RGJwr6YePz4zajgVV8_76w,763,0,911,7,5077,False,hzNZl0EQaWxqg2rq-C0DFg
806,2015,1,511,Medellin,6.246080821338349,-75.5973919106115,AzWile8BWe_MlNY8E4vrzw,431,0,455,9,4813,False,tf8dcwFShQMz1np21ZU_XQ
243,2013,6,333,Medellin,6.234863226853979,-75.57735456965739,OLHtCDXMY7smarzy6fzFKg,488,0,520,11,4266,False,W-FdZDPzrw4muxeu_sNg9A
664,2013,10,297,Medellin,6.242463548514379,-75.58035746682036,P_9cJfoxGJCzR7DM_NIcGw,795,0,975,6,4613,False,OWq0mwzaL-YuWe5toCrUbA
612,2015,9,331,Medellin,6.241931259365534,-75.57949351759063,RvN_-orOJyROys-MWK_PYA,667,0,753,5,1387,False,fFhxiiV9eZ7T1eDmO8zxOg
194,2018,12,361,Medellin,6.233947280014704,-75.57330929809963,WOxJSfVfSpYs8URSCVW32Q,177,0,178,11,628,False,jbuXSv6ucKoRcHx_nG9-HQ
1188,2015,9,334,Medellin,6.252887469576885,-75.58644794948782,0VKHX2P-T_xc9lN37-_Vog,442,0,466,8,6006,False,4_MFIQtKqnFlLSyYjJsHZA
561,2019,4,231,Medellin,6.24104779194259,-75.57729914279702,_JZaYCtC2TkLRdXfzDt-7Q,344,0,355,12,3341,False,RjuQnA2ckip1zGFneGoLyw
622,2015,1,418,Medellin,6.241839381865093,-75.5694132790845,JFwzTibQ5eKj_Ty-aPRhHw,432,0,456,13,614,False,fe1unOtAlLl2Z6S9sPNpZA
79,2019,6,549,Medellin,6.231982787629837,-75.58242467776543,sZhtCY0iwE1HhjMQjFOhcw,106,0,106,12,1296,False,rHZi8eBHEPhNWD5GHUgwuw
1050,2017,6,426,Medellin,6.249943437235575,-75.56541871924725,Fo1Kifx76S5AUZhOLKyk_Q,234,0,236,4,3437,False,ZUdPYAB1PIm5uzCH4QOmmA
942,2013,11,402,Medellin,6.247919820974277,-75.56743807486106,RrZRlgY0ylIRn9dRV4ZsHw,45,0,45,4,2921,True,RrZRlgY0ylIRn9dRV4ZsHw
1095,2014,4,178,Medellin,6.250791727552523,-75.57355410803528,S2OF0EuxK8JD6Y2Seg0VFw,163,0,164,6,177,False,MfRPdrr9UkMN4sTsF7dSMA
343,2014,9,254,Medellin,6.236919555458873,-75.58336874388331,VY-iO-HQlSAznPr4mnzopA,819,0,1047,4,2923,True,VY-iO-HQlSAznPr4mnzopA
928,2014,1,341,Medellin,6.247806401341927,-75.58140397764411,2Hfc5NQv0opUXxC08onsIw,728,0,847,15,4653,False,PjD5gCkFgL1O4OUhvZOfJQ
762,2013,8,435,Medellin,6.244996363942862,-75.58848923826804,VE_yjurHEriVFdHswafZwQ,396,0,417,8,2925,True,VE_yjurHEriVFdHswafZwQ
37,2019,6,46,Medellin,6.230693768661578,-75.57174819593537,y_VturxOw6saP7kGRq9NwQ,654,0,731,9,3032,False,N4Og8r3LjqBG3BPthiq8qg
509,2013,7,623,Medellin,6.239924831507095,-75.57641379269141,ZNSFGY-6-Dpkg17CKpcHYg,715,0,825,8,2986,False,asmBpnpL9y6PFO7WG4Qu6Q
203,2019,6,297,Medellin,6.233893567489687,-75.56434162184833,fD5sEMW_m9mypICBIpkYMQ,820,0,1048,2,2928,True,fD5sEMW_m9mypICBIpkYMQ
653,2019,4,284,Medellin,6.242985798170014,-75.59177319823213,RIuiwplziGzMSokDe4L26w,77,0,77,6,80,False,QuwkUMxa2ojpHuU9hV16bg
1036,2013,5,433,Medellin,6.249819460159239,-75.57917749199319,RF7GtyHEBOsBBjoXEa98YA,99,0,99,11,1524,False,ppD0eak4IGxKGlmVcWyXRQ
494,2013,10,437,Medellin,6.239988534830446,-75.59142152434842,2X8Aru1bkIgQ-SP2GVwXhQ,733,0,854,4,2931,True,2X8Aru1bkIgQ-SP2GVwXhQ
1249,2015,10,606,Medellin,6.253881697746273,-75.57818072520531,V56-fhgR7fxNJlW7ynZbFQ,693,0,789,6,2220,False,H3qrfV68wSEABYY5HahcDA
740,2017,6,298,Medellin,6.243890729493542,-75.55739041257227,0DWnZ1-Cd6o7DndYAweJrg,194,0,195,6,2447,False,xN9ta9XmG5pYLKQiONRxhw
819,2015,9,305,Medellin,6.246194498680413,-75.58462508546529,s0_74dHkLDxqxdwqGYXsfw,171,1,477,4,1446,False,sFo6dz0kdgO_N4jMTm_W7A
1205,2013,10,355,Medellin,6.253029916924577,-75.56942760436301,fR0kCBo_36y7znBzOd1bnA,561,0,607,8,4649,False,0EL-4leauU-fKzDJiQow9w
829,2019,6,281,Medellin,6.245973129535401,-75.57447956402949,SdAsuM04s_W8uqNZdDL8DA,314,0,319,7,5626,False,lp2DFYK86IePMLDskrR5CQ
979,2016,3,361,Medellin,6.24893116943102,-75.5834152533149,MnW_cEZXkKyXLyb6OOpvhA,536,0,577,6,4753,False,uuKD8g3uHPoYuuhqn0ZGjA
74,2017,6,472,Medellin,6.231826097102639,-75.5874904114883,cwBFKByUvq3JirFxHCmhFQ,469,0,498,9,690,False,eF_mts6232dT4kfQJ47V5w
578,2015,9,175,Medellin,6.241068255027945,-75.56075832495715,iojT5qMtxkbFzZaIoRxL8A,815,1,1049,3,3554,False,e_DAX8-X30KR2-5FuRU08w
923,2019,7,86,Medellin,6.24816737333818,-75.58641401806962,37NPQLhLq1WtN0idBDvL6g,46,0,46,9,5696,False,8y7J5BsET2JDH490TOsTJw
769,2014,4,617,Medellin,6.245053714288774,-75.58151269239335,n_MDpWlxM9Mtkiyh1aVh8Q,631,0,693,11,5670,False,GBc0pSYHU-fCviglorq83w
920,2013,10,434,Medellin,6.247888766574574,-75.58942711218175,k2pO4PzHZwqo3yxPQ32RWQ,146,0,146,9,4417,False,CvM1HUf9Yf_hw-Knu-7Mag
1118,2014,2,373,Medellin,6.251841699872254,-75.60346124934763,l8KLJAz0vvPGc63of2poHw,500,0,533,4,764,False,totmhUn6rv7szy35yStERw
1039,2018,11,556,Medellin,6.250018737239677,-75.57660329893369,KTan3MMBxyhqTNVlXFRAzQ,681,0,772,5,3027,False,Afje7jPyZllia46e3nfHlw
969,2013,11,204,Medellin,6.249105612710322,-75.59445913809768,EwWrN36Exn6NNLbifRN10A,213,0,214,6,1895,False,NjKCaxA-xTYI7dEdZEG-IQ
8,2014,1,372,Medellin,6.231138426434941,-75.60048797495288,bKurYTNqxZBHuBFynurCfA,653,0,730,10,3833,False,alWIgEunkkyCEc-dbHge8g
1094,2013,11,322,Medellin,6.250972487541858,-75.57449122621834,8EQCqsTKelPeMEU-9P8zgg,474,0,505,7,2947,True,8EQCqsTKelPeMEU-9P8zgg
131,2019,4,419,Medellin,6.233344695243097,-75.58346556408938,r-I2SeWY8GCGcPOQwVrRfw,27,2,924,3,2948,True,r-I2SeWY8GCGcPOQwVrRfw
76,2017,6,512,Medellin,6.23185700022373,-75.58544424113398,Qc2p79d8D0ly3E7wRAjf9g,325,0,330,9,904,False,95wGcwZKDlQpEWItAphdVQ
692,2014,3,446,Medellin,6.243960514213988,-75.60552141245267,5fZtRs9YpYGr1cdazhETRw,575,0,623,4,4637,False,Jh8Naa2OvpCe5GYLUiCfWA
514,2014,10,307,Medellin,6.240068860717112,-75.57166322892024,Hcdv0_0TCyUHJOCm5U6_gA,313,0,318,7,3690,False,vIsPzCp1-ylpWR-fnB1ZpA
1067,2013,6,503,Medellin,6.251062240015565,-75.60160726219412,q9F7P6wC6v3m5nf34BHkww,96,0,96,4,5138,False,NCeF86WQ-LalVk9tsRHsfA
856,2017,7,534,Medellin,6.246580781726384,-75.60056682391921,qH7vB1AcG4F5UbnUaf6cGA,285,0,290,6,2953,True,qH7vB1AcG4F5UbnUaf6cGA
569,2013,7,364,Medellin,6.241016377528432,-75.56944373719809,fhK2rTsNqTtqgPsvZ9lKAw,732,0,853,7,2359,False,QbBdjTsw3ZaYVSm2a2NOCA
355,2013,7,389,Medellin,6.236869536784378,-75.57146451352416,G3_jO7Q2DyjwiWfTSXRKtw,480,0,511,10,4070,False,zlvxk0hKwM3-LfJzjXmPTg
562,2013,5,270,Medellin,6.240468811029281,-75.57660107992366,e6k1kXs03wDUEuxPR5bx3g,492,0,525,8,5101,False,9wNpStFDNlvGzWYVGf-k8A
298,2019,6,501,Medellin,6.235944039566464,-75.57544426454422,CRSEQZPsh-dBDh-LpM3Z_A,315,0,320,11,2224,False,uZ_1-hjnyERXj-2h3vDhGw
1090,2014,1,233,Medellin,6.250950097449107,-75.57844113160384,i2Pjy5xGDF7By3wg9z_4jw,95,0,95,9,110,False,57Z98_O-hnj43oS_55L5Yg
991,2013,11,555,Medellin,6.248993480746264,-75.57153230831844,hayNSHNO6xcnBawRzqyrfg,320,0,325,5,400,False,kSiOMO2NvzNVMu1U3DqijA
57,2017,8,547,Medellin,6.23194588126653,-75.60444237632866,v8ElIR8lJCz7ybw34qwXwg,730,0,849,5,5286,False,tmWeTyj4rXTuJw5Vdw78aA
114,2013,5,255,Medellin,6.23303573050038,-75.60050772364914,uEBZenNC7BGH5mi0Vtla5A,651,1,1031,3,5979,False,6SorMZi8oLpopmFOH2j7LQ
579,2015,9,261,Medellin,6.240886663151844,-75.5592959561673,vNi2rNBHwWCdqJ17njyOzA,428,0,451,3,2766,False,aMSHZuodqOGOD-CJQ1X28w
1088,2013,10,167,Medellin,6.251337648843226,-75.5803622800727,YnHvFwFzTIQy-36CaDzG6Q,173,0,174,9,5786,False,eVhiKrlnoMv0R9mEg8v31w
1263,2013,6,220,Medellin,6.253862332609629,-75.56442351742872,xkt8UicOKTC-fvHBuRKrgA,350,0,364,3,462,False,CBG0eKb2-pKHW_tciuetKw
530,2016,3,603,Medellin,6.240875473067653,-75.60805440378977,6SCyiF90qIA4S8Yq-ssnBQ,430,0,453,9,1599,False,wQQ460MXMBZP3Ko5hw4M7A
488,2013,10,84,Medellin,6.239934319429322,-75.59764429409167,7vdbzMeLsoDClKSHL_R3hA,366,1,544,5,785,False,ykY7ZwwyM3Y4YZFtNSM0qg
43,2019,7,462,Medellin,6.231069877370657,-75.56560296635396,BLHTA91zeRnGsRXGalleHg,52,0,52,13,5508,False,lowyxbygebLHZ9RkBBd8tA
192,2013,7,500,Medellin,6.234077838480851,-75.57518865550908,Tq8pudtLhpfq5qh2oScSDg,441,0,465,15,4681,False,IOxRSv8wG4WxWLPQxJHUEA
792,2016,3,240,Medellin,6.2448779026271,-75.5585027802988,uPwNSiQKznVAXgrGynxunA,495,0,528,6,1168,False,10vZy02a2qX347OYggoyMA
766,2019,6,631,Medellin,6.244916183850564,-75.58434941647586,BUDQWosHGvu9o1IW3cDKQA,202,0,203,12,2542,False,TtgGkjr2vOJdoD8KOjFBWQ
778,2013,5,207,Medellin,6.245143499769607,-75.57235006114576,4-e5bL6PftZxRjiQFxhVWA,227,0,229,11,262,False,9g-mSvJ716BhQz83M9Bsjg
436,2017,8,134,Medellin,6.238945223913833,-75.59645687564755,L32FIvv1P5RT0S-iwxfhDw,502,0,535,12,3230,False,DP32MnpOwwPRGWcxBMc_jQ
75,2013,5,306,Medellin,6.231837080353094,-75.5865198434563,0H3MbFmG_icvIpe2ndIGqg,152,0,152,8,1382,False,rW8VfzP7CqxKuhkXRYyMIw
510,2013,5,459,Medellin,6.239924098929926,-75.57550266496317,Ga3B1s9SL7yvBuqcKLWu3g,55,0,55,13,3770,False,dUojXRqaMWPoqYdvhksVaw
93,2019,6,125,Medellin,6.231984606619843,-75.56858126038755,CaZFpQZxGuy_Py52Dl1Biw,434,0,458,8,2374,False,oMPaKsRpUbV19WMTdgZbfQ
942,2014,1,399,Medellin,6.247925770079886,-75.56742204707795,JSEN4xf8eItDZpIIvgsM5g,45,0,45,4,2921,False,RrZRlgY0ylIRn9dRV4ZsHw
297,2014,10,172,Medellin,6.235993912535278,-75.57649250564737,7JdrYnvye-VrPDYlawPRJw,821,0,1050,4,4788,False,6N7t-9FjeComknEZuGiscQ
1105,2014,1,280,Medellin,6.25106700129543,-75.56356825622672,b2ZvyI_V7l3iyQdR_dArXg,528,0,568,11,1836,False,hqT88xe-v--_Te1ebSwm4Q
689,2017,7,428,Medellin,6.24407750386185,-75.60853280627622,nqYnr3gzJkzcurVpdqqscg,124,1,1051,2,2979,True,nqYnr3gzJkzcurVpdqqscg
21,2013,11,446,Medellin,6.231590805361217,-75.58641983034303,PY293XVLGyHSZnBPp7qMNA,32,0,32,8,4096,False,OxWXwtaSDl5NhvobjXHNCg
1199,2013,5,233,Medellin,6.253002409993885,-75.57546472330509,toCqa3zoscFqLYIaYdqYsw,628,1,922,4,4808,False,b0-zN0JSbt-pG08PQOvTVw
767,2013,5,327,Medellin,6.244953173477938,-75.58347218585945,05G7tND19aMa3PY8U6s_9g,614,0,671,10,1249,False,dqxnGqgoJWMbjp1U-qdLDQ
871,2015,1,496,Medellin,6.246994218596976,-75.58555085524614,WuTkEGai2JYUzhG1wsw_MA,505,1,681,4,3406,False,WOEBQmXUwKEK0usQvd3dIQ
42,2015,10,367,Medellin,6.230790678172571,-75.56595755850381,1K5YKZlSQmbB45Ztmc5bAw,517,0,555,14,3244,False,dHUqbRWzf-M9bddwhw51Rw
1192,2014,4,398,Medellin,6.252968374723561,-75.58242050993563,xpI0epZRx35hRXfkPvXAbQ,550,0,596,10,2985,True,xpI0epZRx35hRXfkPvXAbQ
509,2013,11,636,Medellin,6.239918194439194,-75.57642444822292,asmBpnpL9y6PFO7WG4Qu6Q,715,0,825,8,2986,True,asmBpnpL9y6PFO7WG4Qu6Q
1070,2016,3,530,Medellin,6.250734016582841,-75.59837465657193,yDoam9UpnMXi9HHyhiaI_w,822,0,1052,5,4682,False,u_r42eBL0og5rlm9j0sRhg
337,2019,1,476,Medellin,6.236996906549006,-75.58956363561624,5KBs_boYOjzMkof3_tpRNg,809,1,1053,1,2988,True,5KBs_boYOjzMkof3_tpRNg
444,2014,2,316,Medellin,6.238736424045737,-75.5884594341469,_ciXBmfay9n7vNKgErlPlA,221,0,223,9,820,False,sZ2h_3lC28tn061Z6XNx9g
84,2015,1,322,Medellin,6.232028957009744,-75.57743062880434,0uwiD9_A7-vhCYLCs99Q8A,763,0,911,7,5077,False,hzNZl0EQaWxqg2rq-C0DFg
1015,2015,9,160,Medellin,6.250176230541429,-75.60031274804444,w3cCza35k8RC7XU_21j5OA,260,0,264,11,412,False,v1-P2um2LwprU6DHi4N98w
682,2017,6,420,Medellin,6.24280808651476,-75.56215522437822,BXWBTEJgGnSpcnbBX8ml-w,511,0,548,7,5261,False,pTaJVQ673BJ6WU6do_GYJQ
494,2017,7,433,Medellin,6.24000343596562,-75.59142799035037,IzgntPppeyBCRFKObmGksQ,733,0,854,4,2931,False,2X8Aru1bkIgQ-SP2GVwXhQ
494,2015,1,264,Medellin,6.239980001599591,-75.5914119721198,KKx6lbIiYexVaqSn1SAPmQ,733,1,1054,2,2994,True,KKx6lbIiYexVaqSn1SAPmQ
763,2015,9,590,Medellin,6.245118592727752,-75.58737926185226,hF1BMG9xGY_nr06z92aSFg,284,0,289,4,1810,False,ZJ29eXAPmQkgOGzmSzQqhA
1093,2016,3,569,Medellin,6.250950348614849,-75.57519994385441,RQQZfAbD-xiEHB6mVGDB3g,449,0,473,11,2303,False,qVgcsBbDsQDHIVPSTNir_A
89,2016,3,526,Medellin,6.232004447152508,-75.57242351991587,MvUVmezBYjy6lyZBEJOtLA,25,0,25,6,25,False,cUOrKWLZdwGmF1S_yyYBlA
459,2019,6,413,Medellin,6.239088645777819,-75.57360393129113,RgneeH8I70_EzXRvYyN1Ng,250,1,1055,1,2998,True,RgneeH8I70_EzXRvYyN1Ng
1079,2019,3,581,Medellin,6.25098044227794,-75.58942069681834,BbMDEtshJ4x9ceep2xD2IA,323,1,1056,1,2999,True,BbMDEtshJ4x9ceep2xD2IA
162,2016,3,273,Medellin,6.233941579622825,-75.60534104127925,drwojjme205wlX29Fuc76g,282,0,287,6,2294,False,pUZjT5EKHrnl5NoPZXThyw
741,2017,6,568,Medellin,6.244031522790709,-75.55650339269917,Mp7dlbF_-J8uKTUUkZKXSg,747,0,885,3,1921,False,HCNpVI1EuKIaIX3htTEzJA
305,2015,10,238,Medellin,6.235976131767465,-75.56846029570052,9utQfT2KKdOU0vvv3gOQ2Q,674,0,763,10,4468,False,mje2GBPFL-pA5Htkt7xscg
827,2017,6,159,Medellin,6.245903019709059,-75.57640474248902,1AF5GdB-RXMEcQzzmaAzCw,226,0,228,10,4972,False,7CqDv6t0R0tyzOg0GhBMww
1240,2015,10,302,Medellin,6.254199525700773,-75.58747923207838,Bl3rLiOZd6w7Thn6Gj9GNg,195,0,196,9,4563,False,cuyEGe8N3SQtWNPuknXSzQ
200,2014,7,270,Medellin,6.233889511120013,-75.56756770636717,8AC_zQAa25ucEICwVaH8Bw,301,0,306,14,647,False,1pUKlrRT9oQpOC3p9AVpyg
1132,2017,7,191,Medellin,6.252116430299341,-75.58947033408474,2bkCtBtQDML1IFseoWbkEw,471,1,1057,1,3006,True,2bkCtBtQDML1IFseoWbkEw
764,2015,9,427,Medellin,6.245113153890821,-75.58629502526485,8BdH439CeK8EnLHFY3WJpQ,170,1,944,4,5335,False,Fvm0H6XdAabxVuHDFvNUCQ
1098,2019,6,338,Medellin,6.250725500563934,-75.57058450943796,wabE6x65_HX8Q0QUwiUHfQ,286,0,291,6,740,False,-VxLkuJ943OCoD-6bYdWkw
1209,2014,7,523,Medellin,6.252656121894236,-75.56561814486967,27g4EZPwBOvbfcx53otVLQ,283,0,288,3,5757,False,7riE5XnvWtNbrwKRqICVoA
199,2013,5,153,Medellin,6.233957800203562,-75.56835370775087,zsmSYMEysCjyq6ug1wiOcw,724,0,842,8,2320,False,zWygB9Zt9mR6kkHS0hWmmA
82,2017,8,395,Medellin,6.231950927431165,-75.57943229057322,lsvEESbTOnNmbit6gkoGOQ,155,0,155,13,5672,False,EQe_ny67VxxDchxxHXs19w
1042,2016,3,385,Medellin,6.249718800187855,-75.57353089664706,GlZ-XrXoWgeBEapUW4Sueg,267,0,271,6,435,False,QwrYMNucvmug28b42OAt3Q
932,2013,5,468,Medellin,6.247898121023342,-75.57730125028141,oLiuqXJ1ert_jmSfBty1Nw,295,0,300,5,1287,False,fM0O7WKGVIHsaVOZ2vJQdQ
243,2013,7,335,Medellin,6.234886455723565,-75.57736351454926,6vZGq4yF9AkjoKnj0W2PIA,488,0,520,11,4266,False,W-FdZDPzrw4muxeu_sNg9A
572,2019,7,633,Medellin,6.241001217726494,-75.56663669678109,oSaXPeLTJHi7HLY_dfl9Ag,164,0,165,5,4634,False,Y8hnwyqIC_L3kDdEYjgOGw
1255,2019,3,258,Medellin,6.253939537040544,-75.57476436303146,F9iQD07pi2xjqhA-nftLCg,262,0,266,7,2437,False,GalxffcN8fcoWlpQF_CFeQ
435,2016,3,595,Medellin,6.239016502054178,-75.59748611614597,XSK8g14V7XUP6hq-bgjzcA,611,0,668,9,1089,False,HFE-zhThma5LuI0KZxNXVA
508,2019,7,469,Medellin,6.239709992375753,-75.57744470660772,yDEmWVd_gau1y8Jf7Fb2Sw,794,0,974,5,4552,False,gLxYUSly7Z0jTBrE6ULWVQ
252,2013,7,57,Medellin,6.235064082020028,-75.56833303986645,hfMs-9Jfk2pLG5yoZatCng,478,0,509,5,1414,False,sohF7lIBWHhAblegjLamjA
890,2013,7,475,Medellin,6.246860380040197,-75.56642318739091,Cj6d9jBh35oZHgHQhFFTcw,519,0,557,8,1344,False,nvRUdWeqNPEXb5QOZffbgA
1016,2018,12,398,Medellin,6.249911204556316,-75.59953021712701,J6oLUXCY4LOipVtycwcvKA,304,0,309,11,3884,False,eTDQEF27sqFUnVpZPCGdnA
77,2013,11,501,Medellin,6.231912198686561,-75.5844511561947,3X3dD5u1-FhoEhyiFn1fHQ,16,0,16,9,16,False,5UCCGvO8I8E8-aLlAw-gVQ
1151,2013,6,346,Medellin,6.252143319716779,-75.57083834757427,ao3iSl8xs4yqdHQ1IBMTFg,558,0,604,6,4739,False,ehFpsKx9zpxtn-1TsL731w
1117,2019,3,159,Medellin,6.252135715475169,-75.60443603291675,wFWV9ugQ_5RhyfWaJ5K3VA,598,1,1002,6,5258,False,_9Aw6hHPg9nZoiqnQvVyrQ
486,2013,6,308,Medellin,6.240107529520738,-75.59950316187674,ODFR_KumgFh-3dPGvmwUTQ,288,1,1058,1,3025,True,ODFR_KumgFh-3dPGvmwUTQ
1045,2019,6,421,Medellin,6.250061962829487,-75.57064878064708,xr1pa4OulsNeZ1gELkY_tw,41,0,41,4,3026,True,xr1pa4OulsNeZ1gELkY_tw
1039,2019,4,540,Medellin,6.250012891711802,-75.57660254256466,Afje7jPyZllia46e3nfHlw,681,0,772,5,3027,True,Afje7jPyZllia46e3nfHlw
921,2013,5,257,Medellin,6.24796795072731,-75.5882886938359,-UkogohDxD1eMFoZBLcz1w,606,1,836,2,1701,False,uNIJywqhU7eIrUo0kHVv5A
331,2013,5,648,Medellin,6.236970509548282,-75.59543835941493,g40LK_v443vuc4u0g1MCzQ,650,0,725,7,4184,False,PcWA6VbXhXCMi09P469MJg
1184,2015,1,544,Medellin,6.252721206109212,-75.59053362458225,Ta9fy7I9ItY7UlLbK72Xyw,764,1,1027,2,2733,False,Ib318_H9GJv1brMcVVF3OQ
248,2019,6,390,Medellin,6.23513907697889,-75.57246564272823,ssHwioGBTmvUiKn0vPnBbQ,332,0,339,13,5031,False,HhP3a0w78KKBzm0LMsWKVA
37,2014,7,68,Medellin,6.230701727428352,-75.57175823690734,N4Og8r3LjqBG3BPthiq8qg,654,0,731,9,3032,True,N4Og8r3LjqBG3BPthiq8qg
608,2014,2,479,Medellin,6.242072023034736,-75.58351477590926,0LLLMxFs7UZfnEsSVtDiOg,7,0,7,12,1562,False,wEcgeZivBFib9e3k8O2Avg
74,2019,6,470,Medellin,6.231848309700529,-75.58749128546656,WY8n0KcxKPI53fshQsEnpQ,469,0,498,9,690,False,eF_mts6232dT4kfQJ47V5w
388,2013,8,423,Medellin,6.237894672671484,-75.59138397203716,-Ey1dIPNLK3iCVvgUZmyYw,689,0,783,7,1502,False,yPSL-5sJef0o9OJUoENsbA
1214,2013,6,430,Medellin,6.253096898545043,-75.56060587849328,m2IYLdnsGrLK8kbexeN1vw,738,0,866,3,3036,True,m2IYLdnsGrLK8kbexeN1vw
1105,2017,8,266,Medellin,6.251063140154015,-75.56357389238757,2Q9I8L749oMwYsci45J0_Q,528,0,568,11,1836,False,hqT88xe-v--_Te1ebSwm4Q
203,2017,7,490,Medellin,6.23392189011556,-75.56435327806405,D0ZE40mn7H3UC33Z51ynOA,820,1,1059,3,3346,False,QGGN5nNQyymBrXjkegV04A
1142,2019,4,626,Medellin,6.251794350528419,-75.57914571363645,hVKNhnyy2R1gC88cyqGuwg,463,0,491,14,5020,False,dSyBFfaXq3s-PA5GV1GVQw
765,2013,10,348,Medellin,6.24513541998403,-75.5853459999527,BCJ3CjKPY-bCuP1oyyz7pQ,569,0,616,6,1908,False,Fn95aDAUw7teWNccSmaScQ
720,2013,8,297,Medellin,6.243947390898964,-75.57741123258432,msTSDrz-K0p1iWrL50Z7CA,338,0,346,6,5471,False,EXwVmXmJhJvRZJeeFd-scA
75,2014,1,309,Medellin,6.231840584932354,-75.58648260325967,qZOu25DUkIVAz0TjaYSC9Q,152,0,152,8,1382,False,rW8VfzP7CqxKuhkXRYyMIw
247,2014,8,163,Medellin,6.235057413991478,-75.57375278866377,gu6nvZtAoFgZDh-id72gKg,714,0,824,5,4507,False,S5NPuuzxyBfYHQz7WObn7Q
248,2014,11,403,Medellin,6.235128515239874,-75.57246351107308,pE3HHMuVQoPGOjnpRsYcwA,332,0,339,13,5031,False,HhP3a0w78KKBzm0LMsWKVA
759,2013,5,487,Medellin,6.244765106773388,-75.59136236653383,TXZWjG_mQBi3fZ8Qs6dSdg,562,0,609,6,1162,False,VNmAEwaQqqydNNYwpLerfA
454,2015,1,528,Medellin,6.238908020545092,-75.57843122124025,yDTgXnP-AN2QSYOpyo5wSw,635,2,1060,1,3046,True,yDTgXnP-AN2QSYOpyo5wSw
446,2019,7,575,Medellin,6.23879018228959,-75.58648436045438,2JXCEsFQ1rtEvGTzOtTY0g,86,1,1061,2,3047,True,2JXCEsFQ1rtEvGTzOtTY0g
964,2016,3,355,Medellin,6.249101245475982,-75.59844494575567,Vl2X_VtkRi6Gwe0Hn2FUHw,816,1,1062,2,3048,True,Vl2X_VtkRi6Gwe0Hn2FUHw
637,2017,7,318,Medellin,6.243029408461532,-75.60756713708435,NF__8dqJNpmDd2mQeezisA,798,0,980,5,5376,False,u7MuL1vxs9ms6Q9PeCKo9g
768,2015,9,146,Medellin,6.244832865490165,-75.58255178511018,IKzJ7wVGAG0LYUjD6ZkfCw,240,0,242,4,3050,True,IKzJ7wVGAG0LYUjD6ZkfCw
430,2015,9,272,Medellin,6.238798549417995,-75.60247979177615,tdEKqUCYRoN1f-JXoW_6pQ,252,0,255,9,5292,False,C9ETc4yboWddLGd7rrlr_w
527,2019,7,250,Medellin,6.240165450741321,-75.55832386716615,6UuGx_0GDIo2tKWusnO9tQ,683,0,774,9,3052,True,6UuGx_0GDIo2tKWusnO9tQ
773,2013,5,339,Medellin,6.244947529487593,-75.57749909760253,UcEzFRB2Ds22JaYPHuEi1g,823,0,1063,5,5958,False,0u-5NJJ07E2LngjldOpS9w
766,2019,3,619,Medellin,6.244880036641749,-75.58434341132283,tbQD2EUEi1Xh-YVnXSp9cw,202,0,203,12,2542,False,TtgGkjr2vOJdoD8KOjFBWQ
176,2017,8,494,Medellin,6.234019633738784,-75.59152125402822,KbXmIgX4nHyCXcj9MO35ow,664,1,1005,7,5576,False,qMB3zKGRn-pluyXGMC4a3g
1130,2015,9,207,Medellin,6.252014438331967,-75.59129956827974,lnySL_R9Sv4sVcVMai0h7g,824,0,1064,1,3056,True,lnySL_R9Sv4sVcVMai0h7g
1110,2013,8,228,Medellin,6.250779922956442,-75.558584519261,kbdtGdtYglphaMMFYHGGHQ,666,0,752,5,3255,False,Eydh6TliblV-y7cgJLPAig
70,2013,5,445,Medellin,6.231960355748921,-75.59144960511597,PtD2blanRCvDAH2e_yQUYw,179,1,351,9,3058,True,PtD2blanRCvDAH2e_yQUYw
1180,2016,3,393,Medellin,6.25315685638544,-75.59430938480551,1VkpVxus87EV6C-fst7cgA,526,1,805,3,1846,False,flYp2xhnY3oCHTZndjkGYg
436,2015,1,107,Medellin,6.238974694489037,-75.59645743031675,qvfV0wpH7RwJ2MqRYnWFAg,502,0,535,12,3230,False,DP32MnpOwwPRGWcxBMc_jQ
7,2015,9,369,Medellin,6.23107999641518,-75.60139994282736,LsBGc_w4diI1rRl4N7jhvA,347,0,361,8,2574,False,Zn9eNqGKP3HBXBIJdM_HoQ
272,2013,6,303,Medellin,6.235975969931286,-75.60147701979571,y6V7cs1npB-Hkfp_3ih8wA,825,0,1065,3,3062,True,y6V7cs1npB-Hkfp_3ih8wA
229,2013,11,243,Medellin,6.23494565003504,-75.59153572972113,HYfkDBcgAi5pGhgrMRJRZg,329,1,880,7,1897,False,vDOOIsqpN-HgDLCNV8M0Ug
229,2019,7,51,Medellin,6.234971585586873,-75.59158690923641,lg4--RTNvVVNoef49-yOgQ,329,0,336,7,4019,False,aWcH4KS98DZcaByHcOgL7g
1019,2015,9,343,Medellin,6.250094580901859,-75.59752821890739,B-Eb-Qc6GmuGBSu0T3oFGQ,657,0,735,8,4954,False,1L2byP3jMPSO630asPsJtQ
97,2013,5,259,Medellin,6.23210697570188,-75.56426811195726,yO_XcfZDO5Us6M3_D4vaPw,82,1,1066,2,3066,True,yO_XcfZDO5Us6M3_D4vaPw
1259,2017,6,431,Medellin,6.253925908442172,-75.56826382458827,7_KWXIJe8F7DM4__zzar8A,134,0,134,5,140,False,3HXVcBbUxTeK_8z7F8ZrFg
600,2013,11,310,Medellin,6.241942525527989,-75.59246430885796,iPoHKdeUAaNcthhKHod90Q,228,0,230,10,4645,False,eFY7r9B_m0CurJ6nBEJXeA
619,2014,9,427,Medellin,6.241955967422477,-75.57260308571846,GaVn2gP78CcjiiM9guz2jg,452,1,810,6,2902,False,bjqEhK1xOyKK3_-2vM6Hfg
754,2013,12,228,Medellin,6.244968511824399,-75.59644856010878,t4-hzOuDAgL-VolGwOBtEQ,122,0,122,4,2900,False,sJcNl-BQZoaquEQwQM6frw
405,2016,3,196,Medellin,6.237968742545516,-75.57442882944576,mUD7gGlgXH8WvtCm0nOtoA,246,0,248,8,3071,True,mUD7gGlgXH8WvtCm0nOtoA
810,2017,7,380,Medellin,6.246259424111017,-75.59338658386798,GEmJ2Lthn2b00-BAXTrWdg,160,0,161,5,716,False,eM4ppAXVjfh3H6TJwy8n0A
859,2018,12,488,Medellin,6.246997414661036,-75.59751136352673,38lvjcvgZysKepUYK5Myow,768,1,1067,3,5720,False,7CI5jYKsqZK5CXndSMrEmA
667,2015,9,445,Medellin,6.242793447291001,-75.57789878956555,lT3DDNE30_eQLgpFXWcthA,547,0,591,14,3124,False,-e1LVq5jQBldqjZNXmoXrw
356,2017,6,388,Medellin,6.237054356653048,-75.57038080113021,EfLz7Ae3KZdi4wPXcQIUaw,534,0,575,12,3454,False,NYgGYqKpDAe5poycklEVWA
846,2017,6,204,Medellin,6.246333568800219,-75.55732210670887,juPZBljstVuc0UocKf5IKQ,696,0,792,4,3076,True,juPZBljstVuc0UocKf5IKQ
291,2016,3,387,Medellin,6.236015027340642,-75.58264687310583,uJ1bF3n-nqQaSa-VDHVzkg,245,0,247,12,4187,False,Kxh_lAjJ-q0jxJMXPa_eIg
968,2015,1,223,Medellin,6.249038766188986,-75.59341657483212,wfs00VRz_gWQwaXaD90K9A,131,0,131,7,4950,False,7fmkSYfQu3S_mKSUPegyUA
1259,2013,6,423,Medellin,6.253915788788994,-75.56823687774728,KObkjEzy54N8Wuyaq5PIoQ,134,0,134,5,140,False,3HXVcBbUxTeK_8z7F8ZrFg
873,2013,7,214,Medellin,6.246945730953911,-75.5835203132962,P1aidqbuoTmhAlInUe2BsQ,398,0,419,5,1513,False,n9S0eQTlQ6UsREU2WasmcA
778,2017,6,227,Medellin,6.245143880493239,-75.5723411975662,vNShAC55tlzBSvmLjx-Q9w,227,0,229,11,262,False,9g-mSvJ716BhQz83M9Bsjg
160,2019,3,178,Medellin,6.233937733135809,-75.60636548031674,Jc6DHaeaQ2lLhxB2rvlfPQ,182,1,1006,3,5477,False,gNNReiaJdy-d-FJ0KXBgJg
23,2015,9,257,Medellin,6.231626518124747,-75.58543758569043,bEYNNZOkLBRsEvouaPf-kw,330,0,337,11,3083,True,bEYNNZOkLBRsEvouaPf-kw
488,2017,8,66,Medellin,6.239939704344489,-75.59764411662722,Wj5MVJkSiGyBPL5pebmLtQ,366,1,544,5,785,False,ykY7ZwwyM3Y4YZFtNSM0qg
928,2013,12,349,Medellin,6.247847274068858,-75.58141467029134,RE5Ckq7i2aFTFIjHGzplmA,728,0,847,15,4653,False,PjD5gCkFgL1O4OUhvZOfJQ
192,2014,10,519,Medellin,6.234043388931626,-75.57514536440696,k8i_UpboxllywhXLTnbqdA,441,0,465,15,4681,False,IOxRSv8wG4WxWLPQxJHUEA
945,2019,6,278,Medellin,6.247906217679835,-75.5645758196253,2wvfCrv-iBapuXMk4rQQ-w,291,0,296,5,3087,True,2wvfCrv-iBapuXMk4rQQ-w
1003,2013,11,286,Medellin,6.248887658998715,-75.55953069952662,ghq6a4BGP1sSSkSiOMDAMQ,690,0,784,3,1508,False,ZZlGmhz5XvpewDiLC5olLQ
1186,2018,12,114,Medellin,6.253181516957106,-75.5884478296948,9WBGwA7H80SsOXRCWpeaCw,462,0,490,12,1992,False,WDDHS30_x2hPJxzpkTlkAg
974,2015,1,230,Medellin,6.24915238716255,-75.58844261759656,Ws9RJkj8f8tLh5VbASZ7dw,254,0,257,11,5037,False,6ktyFJE6iA1zV08BJ6WxXw
1195,2018,12,607,Medellin,6.253105529806535,-75.5794534845365,mjloIYXQz3NFJXltSutAEQ,415,2,851,3,3091,True,mjloIYXQz3NFJXltSutAEQ
1028,2013,6,445,Medellin,6.249771701422897,-75.58746306193692,mVNvJI1iRCqwe1GgGtcFmQ,490,0,523,5,3092,True,mVNvJI1iRCqwe1GgGtcFmQ
701,2013,6,504,Medellin,6.244024094874699,-75.59645122031777,yJgq9R2Z-_oj7IfJihlS0g,601,0,656,3,2818,False,EvpGHaQVzE3j6nbj6Y6pSA
683,2013,5,120,Medellin,6.243045822262197,-75.56146512853648,QhGmqBe5KF7YPIldMzIWNg,138,0,138,11,5524,False,VsJhJh9snGGvNdq5pvpwWQ
563,2013,5,707,Medellin,6.240952949841301,-75.57547539952937,vOU11m2axKKH_mk8X78T6g,665,0,751,7,2382,False,ABCjPqOM92ZNzeL-arEAqw
963,2017,7,585,Medellin,6.248767729442907,-75.59914671358663,-VwIULPEIJF2icEgBEh0RA,356,2,1068,3,3096,True,-VwIULPEIJF2icEgBEh0RA
678,2017,6,200,Medellin,6.243172285968274,-75.56648552422824,aAAhroXfvD9BhNlqc4PLAw,751,0,890,8,1941,False,g7MLyFVez8UZMCJo2WRdyw
541,2019,3,191,Medellin,6.240936293853775,-75.59771517867873,K3fOaO-YGFmBftTfvQO-Dg,309,0,314,3,3098,True,K3fOaO-YGFmBftTfvQO-Dg
400,2017,7,222,Medellin,6.238021904103516,-75.57913867844492,L-9Ib-p0Eni1yZyf2MXhTw,532,0,573,2,858,False,FoYMePtHJaA_xaHewtcF5w
551,2013,10,158,Medellin,6.241299107580101,-75.58768828667036,XSSY6x6WRjRWQzlu6xrMSA,382,0,400,8,513,False,lK9Q2Exd-ZuvFYawNz1QaQ
343,2015,1,259,Medellin,6.236917085719607,-75.58336985177974,FZ5Bzyq9JagytcfoiMaceA,819,0,1047,4,2923,False,VY-iO-HQlSAznPr4mnzopA
391,2015,1,175,Medellin,6.237962953177818,-75.58848217690108,pOdbaSqzsLw-MDpOdBS3uA,806,0,1001,4,4445,False,q5Yo8i35QCtjpWsY54h74Q
185,2014,7,345,Medellin,6.233933906432831,-75.58273145173217,KiaeJzMO_7PBrxuxQfk26g,729,0,848,13,5427,False,ZYGD_jfAc72_tNK29b7rJA
112,2017,8,68,Medellin,6.232973737856924,-75.60221629837841,sVdVD_-5IxpidcMnxq89sw,230,0,232,12,1479,False,KD0s_SaX4GVUOx6UymXT1Q
1104,2014,2,122,Medellin,6.251028858904484,-75.56448146710937,VMrBEZ8zrOG-P5cyTAg0TA,287,0,292,8,5098,False,gHx-aXrPsrHMerDne-dDAg
502,2013,12,505,Medellin,6.240040005608687,-75.58345856054822,s0wqD0R6a9JxGWCB_xdbLQ,47,0,47,9,3787,False,g6Used0Db70nN6rUytwlrA
129,2013,5,374,Medellin,6.23301035762579,-75.5855142759957,mDU1eoIUMwf5fN4O_7iucA,454,0,480,5,4511,False,o-x0AnNgVLQlIaSMgV8i5Q
1080,2013,10,492,Medellin,6.250969020982178,-75.58841794359036,SAAkArz83pEIavhiZKR37w,185,0,186,11,5310,False,bsh5kDpYX72-eEufPeicig
649,2013,6,332,Medellin,6.242859406156759,-75.59538260924498,Ypo7Bp7uxKZOC-E86Wxn6Q,401,1,823,5,2746,False,zr2xkCkWb0c05dpn99B1fg
245,2013,8,328,Medellin,6.234940687484918,-75.57550681115636,7mZHNF8BMUgqr8HsHlaTAg,422,0,444,14,1521,False,S3bFKY4w908uyzvbJEZSIw
941,2016,3,496,Medellin,6.247976071130556,-75.56851559640387,P1qufzY12PWZruYr19dL6Q,618,2,1038,3,4662,False,IDcMVL_b8KWR6GJ_36OP4g
118,2017,8,497,Medellin,6.232848173189137,-75.59650319416812,DLslluNI4dgJ1MHvmIpKeQ,269,0,273,9,1307,False,jwtj_EpXUTJZ7TosyrXiFw
779,2014,9,536,Medellin,6.245106442840507,-75.57146879468797,A92PYPhhHslvfmNfmPPRtA,412,0,434,10,4295,False,wzXk8Tcx9hTbSz-sokYCrA
779,2014,1,544,Medellin,6.24507174380019,-75.571455273547,fU4vVvsME0sYMDNxr1tR3g,412,0,434,10,4295,False,wzXk8Tcx9hTbSz-sokYCrA
672,2019,6,311,Medellin,6.243253691780175,-75.57343496954492,248snECHIS2ZXNGknvqb4Q,800,0,987,4,2797,False,M21e8m0ogqgPVJpmK8Q6ng
928,2014,9,334,Medellin,6.24784059017858,-75.5813724149597,zPrL_NcRkhljoRs2QtdRmw,728,0,847,15,4653,False,PjD5gCkFgL1O4OUhvZOfJQ
18,2019,6,674,Medellin,6.230984789285253,-75.59054927479097,8Vz8PbnLqiHiiYtrMwGPMw,93,0,93,8,97,False,QyPH9t_sX5EA4Vdexj7B-g
1043,2016,3,415,Medellin,6.250166905770999,-75.57274395281198,bQ7EmjDA_0nIR0kUz4-Pbw,216,0,217,6,1506,False,7xyRPpzWEYnd10YSgBOVug
946,2019,6,472,Medellin,6.248061416483842,-75.56242148420796,SozrMtnryMIb3HTI3cB2yg,371,0,388,4,5684,False,EBis_ifg1HabH3OI12DRvQ
1158,2016,3,273,Medellin,6.251936124582174,-75.56447358734056,b_1XwjLsI3AvM7jLu9NqpA,663,0,746,4,3120,True,b_1XwjLsI3AvM7jLu9NqpA
710,2015,10,335,Medellin,6.243633669919293,-75.58750266223753,Vr3YfxF6Flzlgzhf1q9pCA,83,0,83,10,3439,False,lpBNME2l_u4VwnFjNctlyg
647,2013,11,360,Medellin,6.243044066706085,-75.59771066233968,g1R-dweJNHayK-rsS2iKPg,589,0,641,4,1033,False,h8p-TiwVf8TbS_Zd3J3lBQ
68,2013,5,673,Medellin,6.231992531544718,-75.59370672166126,y-StpMUFpHc0pQb7dC4psg,501,0,534,4,4268,False,1c0vmG4NUVVYbDk0SkANCA
667,2015,10,452,Medellin,6.242800240764186,-75.5778962140742,-e1LVq5jQBldqjZNXmoXrw,547,0,591,14,3124,True,-e1LVq5jQBldqjZNXmoXrw
1017,2017,7,92,Medellin,6.250105151525598,-75.59848236197375,2wQuQ7veI3gbC486qfqYhw,197,0,198,12,1474,False,rBqF-eC5bY6LeA4Xmryt2w
303,2013,5,94,Medellin,6.236016787260253,-75.57037486944687,5ZKxnW357BLszZb55dAITQ,448,0,472,11,3126,True,5ZKxnW357BLszZb55dAITQ
1264,2017,6,387,Medellin,6.254044248098266,-75.56352310691737,DsciKuCXVdyC1KOUFWNpTg,380,0,398,6,3127,True,DsciKuCXVdyC1KOUFWNpTg
1237,2015,10,110,Medellin,6.253793677715356,-75.5915424603748,zUcBpHz8-BoHR3oVKwp1-g,409,0,431,12,5748,False,Unaaardpp182O5rQXCgdRg
83,2015,1,603,Medellin,6.231977959868113,-75.57851682018536,3NRRFT5UH6_Fwd7saLioKQ,56,0,56,12,58,False,5Ff5Umrp5en3zdlnxIJwdw
130,2017,7,136,Medellin,6.233263411752962,-75.58450493419838,gDMRFhaemkB1wAe74AHYzA,299,1,867,4,4229,False,Vy2e9oKm1kgK8YTnWrAJzw
82,2017,6,388,Medellin,6.23192834974008,-75.57943791612219,qX3tBDNEpeCCNI_Y1iUWoQ,155,0,155,13,5672,False,EQe_ny67VxxDchxxHXs19w
304,2015,10,310,Medellin,6.236088407151863,-75.56958557862741,EpBKwLCfAP2Kk6T2FfZxYw,219,0,220,4,252,False,HFEeXGqvbqEpDCpMJe_akw
170,2017,8,314,Medellin,6.233963568755484,-75.59750561189207,ayu2R6hwBtnOtfMu8whZbA,5,0,5,7,3625,False,5BbFzmDyb7wTxG0g5OOU5Q
998,2014,1,382,Medellin,6.249057673758608,-75.56446586084247,GYMXMM_wBTF3_j1Ly0fSnA,324,0,329,9,4833,False,5ZW5AjkJBMJEyHZO8Ahbcw
947,2013,7,326,Medellin,6.247757004052628,-75.56361613519265,TkCy1QETVllKWoLX8OTh3A,662,0,744,8,3557,False,eb0owjpcXStGa480ZFsZ6Q
1192,2013,5,423,Medellin,6.252982729244071,-75.5824162550567,WpHJ35ChyOwH53pW_HX6ZA,550,0,596,10,2985,False,xpI0epZRx35hRXfkPvXAbQ
139,2014,10,296,Medellin,6.232906890355319,-75.57506220827216,9fZqKuiOML8uP8dx-cPk5w,187,0,188,14,2830,False,iCqDiyAXSg7bFacR5rT8kA
901,2019,4,510,Medellin,6.24794583316331,-75.60850685822001,fXV3jiRFS-dWVMpW7cqPVQ,610,1,723,4,5925,False,KIYd4hahKGMPKByQW5FsWg
118,2019,1,504,Medellin,6.23284811069308,-75.59645832278004,prgjbgXrwhLSTBhBk3a4Eg,269,0,273,9,1307,False,jwtj_EpXUTJZ7TosyrXiFw
278,2019,6,433,Medellin,6.235927430273548,-75.59544233308053,AzdNpCtP95OBnPpVCJHgTg,785,1,981,2,2490,False,OVJLwc-VTb0d-UYwsVYV7g
960,2019,3,395,Medellin,6.248992918913017,-75.60244908063692,kLFF7plgiBFR4d0Ff2wmYQ,9,0,9,8,5041,False,EAHP9dd2pJICQgwIPF5Yjg
521,2013,5,399,Medellin,6.239931740063231,-75.56445559670526,pKRsmcAPh-IzVPR3J7k4lA,40,1,562,2,829,False,zNYVkrg1j62JJ8qGPaA9lQ
138,2014,1,407,Medellin,6.232921371892474,-75.57637631212779,cfqkfZNFCbWJm_8_8GBIwg,647,0,720,6,2739,False,3F7XToTNq-_DIok3YIHbwA
1035,2013,7,300,Medellin,6.250415620597604,-75.58049598869462,UIq5RfDHCARL_ruoX01utQ,413,0,435,11,1158,False,S93MMwqhbadPTKBSOyjvyQ
364,2014,8,577,Medellin,6.236941773415558,-75.56240048969643,14SkjJvt0QVQFaqTBAID3A,144,0,144,5,210,False,Uf2x-BHvZ43FZyLnpDddfg
303,2018,12,78,Medellin,6.236016047568752,-75.57036943363701,LT8Wgxzf-yC7YapvK5Dn0Q,448,0,472,11,3126,False,5ZKxnW357BLszZb55dAITQ
1051,2015,9,447,Medellin,6.249921284201073,-75.56436861403593,Mb20BGziyq-smEbDgCSXJg,191,0,192,15,3147,True,Mb20BGziyq-smEbDgCSXJg
639,2018,12,190,Medellin,6.24293993704326,-75.60554274676807,6Wfz2Dg5NV3yBZJnsrvH0Q,203,1,1069,2,3148,True,6Wfz2Dg5NV3yBZJnsrvH0Q
1143,2015,1,346,Medellin,6.252112192524229,-75.57880921045161,5pHpS2AJLZUKyghQxIEi2Q,184,0,185,16,3381,False,Z8JgEgFK7-UeGzY9sHSXKw
462,2017,7,634,Medellin,6.239016398534999,-75.57049878617165,GogT4q7a1a5vhndAebm8Kw,542,0,586,13,1869,False,odRTreOwNDTVzVYU2Fx6lA
982,2019,4,500,Medellin,6.248873885731571,-75.58036408701483,ywe5EWeZaVMeuSyViUk7gw,110,0,110,12,5199,False,Bgf2Z4iqi1Aiv4nff55rlg
125,2013,5,152,Medellin,6.232954173105261,-75.58929110905518,Z4xJD4YXlOz9i4_axEokqg,535,0,576,5,3152,True,Z4xJD4YXlOz9i4_axEokqg
891,2014,6,218,Medellin,6.247282812652998,-75.56531241976127,4YtUAk5d0dNKypurvsCtrQ,716,0,827,5,1659,False,9DgCuNx8kc67awU-8D_cOg
1194,2019,3,330,Medellin,6.252809615788889,-75.58021579047315,W4lLnbLMT9atNQrTsgqdRg,253,1,976,4,3564,False,L4L8yYRSkkORTU05K8Mmag
472,2014,8,552,Medellin,6.239254369241583,-75.56072905573924,t9mcJngw643vduoNtUyDdQ,108,1,750,3,4713,False,Qh3fJiCIS73GCi9tI5pkwA
667,2019,4,441,Medellin,6.242825612257341,-75.57791183586721,5bG8Zz8NJBdamPpG9wqTSQ,547,0,591,14,3124,False,-e1LVq5jQBldqjZNXmoXrw
76,2013,8,499,Medellin,6.231851993038467,-75.58547904778067,fd0w310B9f8rlkLVCLl8fw,325,0,330,9,904,False,95wGcwZKDlQpEWItAphdVQ
710,2018,12,326,Medellin,6.243650693440667,-75.58754965603808,LYDjpkPJ_Fjhe3tdPtkFcw,83,0,83,10,3439,False,lpBNME2l_u4VwnFjNctlyg
669,2013,5,133,Medellin,6.243446503229499,-75.57437666624912,66jlNxrlRgJ471HgMZidPw,775,1,1070,3,3409,False,-M3SzhhZDvoXO0XGoyGuCA
919,2015,1,588,Medellin,6.247952968292237,-75.59050718567433,VUhmV-fBXl1nh4twMNG7ZQ,384,0,402,9,1821,False,vBBytrNPwbD10_RMRgo5KQ
1238,2019,3,551,Medellin,6.25383048935201,-75.58950173741405,LUnVUwtR4AS9nTpPZV4zRQ,293,0,298,10,5863,False,LtizsFObSMRKWJea3xAENw
386,2013,10,601,Medellin,6.237799993547968,-75.59344461744817,AzaHVIu5Ns1ZmeTXQdbTSA,736,1,1071,1,3162,True,AzaHVIu5Ns1ZmeTXQdbTSA
941,2013,10,470,Medellin,6.247968165031578,-75.56850686068138,TIDKbKh8NvOSC6mJheU_Ug,618,3,1072,1,3163,True,TIDKbKh8NvOSC6mJheU_Ug
115,2017,8,301,Medellin,6.232998294929624,-75.59941943092794,5DB0Ts7vtFyzuufQsAZbYA,613,0,670,6,4256,False,VuCKf_QBYnVDTX1NiBfdNQ
170,2019,6,337,Medellin,6.233991017010816,-75.59748521455678,FonNc8JkF7GVcdPQ3u4ZEQ,5,0,5,7,3625,False,5BbFzmDyb7wTxG0g5OOU5Q
1017,2019,6,98,Medellin,6.250110276889861,-75.598480766633,YoEmhA1bw06fV3hP_PLjZw,197,0,198,12,1474,False,rBqF-eC5bY6LeA4Xmryt2w
1129,2013,8,328,Medellin,6.252011097343662,-75.59234966831794,OjdryqOUYsQhxGYWflQEDQ,708,0,814,2,1596,False,J9kFlumY-c3zyirF5zRimA
458,2017,7,325,Medellin,6.238939859250881,-75.57440975527902,jyfhuA_Og62HEAK03XwcMw,72,0,72,14,1951,False,8plNTArMK0gy6Seef-0Log
995,2017,6,357,Medellin,6.248945437393473,-75.56766401084779,hsKOfK4F8IQYAEDOuVyHdg,549,0,594,5,2080,False,j6WnKULpERXlGwaKGnszGw
1174,2019,3,285,Medellin,6.252943334574805,-75.60047652761779,KhQa7ppiNIZ2MhA1ES9vFA,143,0,143,4,4464,False,zfZkBaXFK-fnScb2JvGY8w
403,2014,9,525,Medellin,6.237969620668261,-75.57649531845257,Hx2nnMdSjROhnSnJQq8ubA,473,0,503,13,2283,False,0wns_31olfodW5lI18oknA
277,2019,6,270,Medellin,6.235930087361154,-75.59645816876821,v7HvDOtyUO9AgI55vihwcw,426,0,449,6,602,False,goKcADprZlEhxFYkvUV9Xw
801,2017,7,384,Medellin,6.24603305791605,-75.6024551507671,RmcR_uRA7wk-lDsP0e7hMg,264,0,268,7,1140,False,yqwTd9QDtLinsKeaWsbSOg
977,2015,9,395,Medellin,6.248939037441777,-75.58550608179038,YAqXGQaWfTkBShSJO-NmKA,351,0,365,9,464,False,3l4oelDyj6MLGVg5jRyFAA
83,2018,12,606,Medellin,6.231981643015557,-75.57850018856074,G89DNa6Btt99uTgD0qdVaA,56,0,56,12,58,False,5Ff5Umrp5en3zdlnxIJwdw
561,2013,7,237,Medellin,6.241086766814512,-75.57728794655394,uMdb2XCD1ZQXKHguyE9USQ,344,0,355,12,3341,False,RjuQnA2ckip1zGFneGoLyw
1024,2019,3,499,Medellin,6.25024981384411,-75.59138156803465,tgz6VkDwJZSJ0WKF4tcoRw,745,0,881,5,1911,False,mdfMrVGtsQgpvSYfjpRPIg
385,2013,8,337,Medellin,6.237941957195576,-75.59441665852971,FKWv18o-MJTLJyACm4bm9w,566,0,613,7,4773,False,sJ3u-tYU1g6gIK6urVFB0g
434,2013,8,299,Medellin,6.238952419004494,-75.59848103879648,gyAQLmbdY-fPTofGVAkYvw,274,0,279,9,3413,False,ahHRDcFtiLtBh0J7Pj2Vpg
1130,2019,3,398,Medellin,6.251979611738943,-75.59132204073933,zTN-5CB1RNhWEbn4nXR3bA,824,1,1073,2,3180,True,zTN-5CB1RNhWEbn4nXR3bA
438,2019,6,106,Medellin,6.239019748649784,-75.59445285829892,LCDtzJ--bD1Qx9jrR6oARQ,359,0,375,12,5219,False,g3uWiJsJd_VUkxnPB5tTHw
637,2013,11,333,Medellin,6.242981102116198,-75.60758447311565,QepiemT6m1yRhs5vlJ6SRA,798,0,980,5,5376,False,u7MuL1vxs9ms6Q9PeCKo9g
1146,2019,3,501,Medellin,6.251908001707061,-75.57517057623102,YXIRpav359zAw5yyNc3f9A,629,0,691,9,2495,False,UJF9clPUux9W5aj0iCzHAw
820,2014,9,538,Medellin,6.245825829509881,-75.5833884139524,nLqG7rHiYjew-HY4ilHSSQ,541,0,585,15,1587,False,2qLzxj9CoT4L8tdSqmTNKg
15,2017,8,180,Medellin,6.230998359831807,-75.59362280467208,2M5y6bW54Ct-Iu3ZHFUoqA,232,0,234,3,269,False,gVlTnXSu8Narf56H3tYnbQ
976,2019,7,178,Medellin,6.248949425651745,-75.5864696475653,4fMcnfEP8TLiUrbrn-EGZQ,49,0,49,9,2259,False,NDZySTYvV1ZIZ51KKxbEaQ
674,2015,9,340,Medellin,6.242961964904855,-75.57044233287937,s8vzBLp7vWlIwT9IAQVLsA,349,0,363,9,5648,False,5MqURlS_gzYPkWTSA5xu-A
1236,2015,1,346,Medellin,6.253908789087634,-75.59048145838693,1mawHva1AbtPyniRT-Mlrg,779,0,949,10,2615,False,0EXsqruMPzhICRwvjTUlmQ
772,2018,12,274,Medellin,6.244891818647971,-75.57859679997878,zFuC3v2SUQlcV9vDXhFs8A,225,0,227,11,439,False,iNi6ZSbJqnsuRazytIxJmQ
82,2013,11,384,Medellin,6.231934198646846,-75.57945801189749,OJjUV5kzYOpIArAJJohYVQ,155,0,155,13,5672,False,EQe_ny67VxxDchxxHXs19w
80,2014,1,616,Medellin,6.231982939133704,-75.58141768340306,9Yk4wUPv6rq6TV825kyapg,553,0,599,12,1487,False,VBy-DdDUL1NTk1i4GABF2w
266,2015,9,329,Medellin,6.236099833731108,-75.6075046885747,rQlhbXlNxDGoOaMvD3dlUg,707,0,812,4,1593,False,IbzirKLl-uCvbhcoPPBIqg
1018,2014,1,152,Medellin,6.250069134345619,-75.59647381750669,j8JPyyvcADFoC2JfNd9IGg,259,0,263,8,3193,True,j8JPyyvcADFoC2JfNd9IGg
1141,2019,3,363,Medellin,6.252112657926174,-75.58030943536076,QsEKYoHLlXGPIA_PRMo_1g,43,0,43,9,3194,True,QsEKYoHLlXGPIA_PRMo_1g
773,2017,6,344,Medellin,6.244919351274026,-75.57751189569393,A9CtkAkJ95QmIRiLw3BiCg,823,0,1063,5,5958,False,0u-5NJJ07E2LngjldOpS9w
435,2015,9,578,Medellin,6.238992953306681,-75.59747954187729,tkxisLD6pTE5sPuX_5V8Tw,611,0,668,9,1089,False,HFE-zhThma5LuI0KZxNXVA
781,2014,10,278,Medellin,6.245005769899518,-75.56942067372461,KJf1Nc9DITZkAV53h9t6GA,61,0,61,8,3637,False,b9Hip0EcRPSyLf_j1CokYQ
230,2015,1,195,Medellin,6.23503232262617,-75.59049389257324,yI9uChy07sRIcBFgR1DQvQ,638,3,1074,1,3198,True,yI9uChy07sRIcBFgR1DQvQ
1183,2018,12,338,Medellin,6.253017495271302,-75.59136558446029,Qo0E0VaFz--z6B5YwBAgVQ,644,1,913,3,3199,True,Qo0E0VaFz--z6B5YwBAgVQ
681,2013,12,492,Medellin,6.242889885195384,-75.56355690330625,BkYONKaC4IfL9g4oLbfuEQ,435,0,459,10,3200,True,BkYONKaC4IfL9g4oLbfuEQ
489,2019,6,279,Medellin,6.240155109018992,-75.59630274195209,W22vtiZOnT5n5vN4bLKwVg,623,0,683,3,1368,False,XGkORP8TuRxwwEb2SLMdwg
943,2013,10,529,Medellin,6.247970178199803,-75.56654394339303,6H3aekmZyA0bClAPrP4ljA,734,0,855,4,1784,False,NH8qQTnH1sX4zFuIQBKMxA
218,2013,10,260,Medellin,6.235037747025021,-75.60225172058522,OQJsbA7o6qFk5jxe7BTVPA,35,0,35,13,5934,False,T1HS-nV-3Eq4uMuq8YtPUg
658,2013,10,608,Medellin,6.242889972220597,-75.58637334072364,mzdaW5U9145qGv0bbl99lA,277,0,282,11,4092,False,shhTk92DoDP-tAvEIA6E4g
667,2013,5,455,Medellin,6.242807632285546,-75.57790189634798,_smwB9Ig9gmhEus0UqEsdQ,547,0,591,14,3124,False,-e1LVq5jQBldqjZNXmoXrw
608,2015,1,456,Medellin,6.242046892440891,-75.5835252473231,n7_GmUoMxRj4y50SwLiOVQ,7,0,7,12,1562,False,wEcgeZivBFib9e3k8O2Avg
779,2019,6,550,Medellin,6.245069838454027,-75.57145286884416,r4N2893H2O0xjhTLaGjIGw,412,0,434,10,4295,False,wzXk8Tcx9hTbSz-sokYCrA
647,2013,6,341,Medellin,6.243103021994113,-75.59771148109921,eh92fXl7yveLIVeNKLMoBg,589,0,641,4,1033,False,h8p-TiwVf8TbS_Zd3J3lBQ
200,2014,4,277,Medellin,6.233920787657467,-75.56758252487029,bVlSLhawiP-XZGx02I2Qqg,301,0,306,14,647,False,1pUKlrRT9oQpOC3p9AVpyg
1250,2015,1,547,Medellin,6.254077294828837,-75.57772478625947,sHUfXiJryJLVvywaZmUlaA,545,0,589,14,1040,False,-iMvOeIAoosR2E1Ru8OXkQ
569,2014,5,366,Medellin,6.241011457762939,-75.5694342028496,BaHSTFm9LJtUV1iu8ZhOeQ,732,0,853,7,2359,False,QbBdjTsw3ZaYVSm2a2NOCA
679,2014,10,123,Medellin,6.242850574544612,-75.56550410604206,v9bjUSyIUbZCvmkPJDpC3Q,290,0,295,11,2837,False,iLeRBE0SZitaCepu37qGUg
817,2017,7,132,Medellin,6.246010866225918,-75.5863778688313,dNt7CSxTCWXb-Lw_2qk0Bw,540,0,583,7,5000,False,wq01_JSe1EnBliRvySmbPg
1163,2017,6,550,Medellin,6.25190079217789,-75.55831614903602,mBZaZ-9I7pxA-7Uk6R3GdQ,333,0,340,6,444,False,o9mUdZEP0h4FjmNicLkO_Q
190,2013,5,438,Medellin,6.233911930297689,-75.57747594794874,gLQlqtWTjG8NX9wecdmP6Q,51,0,51,13,2328,False,Jj3PuS5Kn97wei73d9G-2w
773,2015,10,342,Medellin,6.244971852874523,-75.57748497340874,gFHeN-bb22vtv4e468kygA,823,0,1063,5,5958,False,0u-5NJJ07E2LngjldOpS9w
769,2015,1,629,Medellin,6.24500888759405,-75.58154248404846,0wnQ3rSy1Y6E1PQjPVP5Jg,631,0,693,11,5670,False,GBc0pSYHU-fCviglorq83w
33,2014,11,408,Medellin,6.230956509119553,-75.57527415186507,KGEHJODLp-4pGYSDnyZYFw,381,0,399,15,1114,False,tYT80Y3JdyPPRNFz3aM8sA
195,2013,5,412,Medellin,6.234083383097468,-75.5725207602466,SvQ-W3VNBCVq8OkQBjx-hw,326,0,333,5,2154,False,LqNg2n4_eloC1KGT4qHKxw
561,2014,1,239,Medellin,6.241081855245813,-75.57730036094392,XsocPIx5lNqRa9N0Tmc5ow,344,0,355,12,3341,False,RjuQnA2ckip1zGFneGoLyw
305,2014,1,246,Medellin,6.235933870468841,-75.56848011916377,i286oaoN_0TDPkbQJH91hA,674,0,763,10,4468,False,mje2GBPFL-pA5Htkt7xscg
1261,2017,6,441,Medellin,6.254076611549198,-75.56637792042484,nBwwpR_T-SwPdTXQsSEkdQ,648,2,1075,2,3222,True,nBwwpR_T-SwPdTXQsSEkdQ
435,2014,2,593,Medellin,6.239015455088044,-75.59749223701283,SroSPfw1PR6sJ-NlDILMvA,611,0,668,9,1089,False,HFE-zhThma5LuI0KZxNXVA
158,2019,1,422,Medellin,6.233016729343014,-75.55647774613391,sx1AlleMhBUDlgotnfVqtg,75,1,1076,1,3224,True,sx1AlleMhBUDlgotnfVqtg
301,2014,7,570,Medellin,6.235960782386849,-75.57248732672338,NjtqafUDaZeFjqc4Qpl8FA,660,1,858,4,1795,False,3Q_IgTaLdC4M2Pp0Vui99Q
867,2019,3,173,Medellin,6.24714356651308,-75.58950691990906,XCADbMOgAe-TegeLBCeWUw,181,0,182,8,3226,True,XCADbMOgAe-TegeLBCeWUw
19,2013,7,425,Medellin,6.23140719741306,-75.58968340150183,vXqj7jUpOWUNxEPqKsz9yw,404,0,425,9,620,False,Yq9X-5vc6uqiRBlCqD7gPQ
928,2017,6,326,Medellin,6.24783513063038,-75.58142456239948,SuSWpxgL6rHtCxVxR2S9wg,728,0,847,15,4653,False,PjD5gCkFgL1O4OUhvZOfJQ
1039,2015,10,540,Medellin,6.249990333568695,-75.57660742760113,bt4OhuE4xWdM8uoRVya9mQ,681,0,772,5,3027,False,Afje7jPyZllia46e3nfHlw
436,2013,7,108,Medellin,6.238948898651018,-75.59646006513191,DP32MnpOwwPRGWcxBMc_jQ,502,0,535,12,3230,True,DP32MnpOwwPRGWcxBMc_jQ
998,2016,3,395,Medellin,6.249095409390454,-75.56441821158599,2-YRiZqlWh0m-fogdmAYEg,324,0,329,9,4833,False,5ZW5AjkJBMJEyHZO8Ahbcw
841,2017,6,288,Medellin,6.246030462857508,-75.56246921124163,bITV_xREnkY9Au05PHnZmQ,418,1,1077,1,3232,True,bITV_xREnkY9Au05PHnZmQ
166,2013,10,364,Medellin,6.233865852727335,-75.60142360938299,tp_t7VMjgpWP-vfWu5yGjw,826,0,1078,2,3233,True,tp_t7VMjgpWP-vfWu5yGjw
673,2017,6,414,Medellin,6.243016211649159,-75.57146535227571,vyfxxrsGLWunpB_44F9GZw,756,0,898,7,3753,False,1Pu5i5-zX3H0x4S35hE1iQ
690,2019,6,446,Medellin,6.243797160501591,-75.60717824485236,hvF7k464y6QgIBk4UYEhAg,555,1,863,5,1819,False,USCsN9K42wcYzT2WH9-grg
35,2017,7,247,Medellin,6.23107390992408,-75.57366220994847,oCsWh5NVeL0SWyuEDE25Ow,722,0,840,4,5603,False,Y3kdNt7DHjDxiZD2pCwT1A
1071,2016,3,282,Medellin,6.250942100415898,-75.59749680568541,GP7ohQ5XEEMyBNF7MmJSRw,506,1,1079,1,3237,True,GP7ohQ5XEEMyBNF7MmJSRw
1044,2016,3,66,Medellin,6.249924391715849,-75.57147448415195,7jTsT7HTU_Gg-Tb3C4yW8g,437,0,461,7,3238,True,7jTsT7HTU_Gg-Tb3C4yW8g
692,2013,5,466,Medellin,6.243967507735934,-75.60551135383129,tbb79lFwBRfzVBeoi0BYRA,575,0,623,4,4637,False,Jh8Naa2OvpCe5GYLUiCfWA
875,2013,10,351,Medellin,6.247016513238201,-75.58168441115114,Ou6yMk_q75Mnv9YoVHCXGA,451,0,475,8,2237,False,XxirtS5uA4seteSHMfArmQ
486,2016,3,495,Medellin,6.2401145006288,-75.59954459803915,rpSXalXAV1DASnmw6rSREg,288,0,293,3,352,False,YXfO4Gigx5LUIPboHb6eMw
981,2013,7,336,Medellin,6.248936517244783,-75.58161073309412,dMvFW9d_ERESOngp64FJCg,149,0,149,7,157,False,ed_zvQa_W5hUOQ6lUCpj8Q
330,2019,6,347,Medellin,6.237020556739406,-75.59655482570979,7gbOFBhoi0aVsMSE-G3ZIQ,513,0,550,8,1178,False,nVLn_rXk9K8rlPCU2Q9ZsA
42,2019,4,381,Medellin,6.230766839832556,-75.56596997416213,dHUqbRWzf-M9bddwhw51Rw,517,0,555,14,3244,True,dHUqbRWzf-M9bddwhw51Rw
716,2015,1,572,Medellin,6.243922020019312,-75.5813333385716,5N0FIb_OK-YT_z6VRRZx8A,151,0,151,6,3566,False,MOKEDTh8jxh7ut-_yKHMug
1020,2019,3,219,Medellin,6.24995996860849,-75.59546075014289,r2CmkTH6pyb0HOThZK-yYw,621,0,680,11,1276,False,bDGRogy1-bpfVvh2mV8pIg
496,2016,3,590,Medellin,6.239987804219956,-75.58939071898205,AZmyqPkN_NQJyUXbEYzU5Q,568,0,615,10,4722,False,Cb1mggJLg_fYLs9xjf1DdQ
833,2016,3,334,Medellin,6.245963052367272,-75.57050150892451,TKFIqTfx1mAZz7Y_1VYn3Q,63,0,63,4,1156,False,jg4JmnzYeyBuJbxDNUH2oA
866,2014,3,538,Medellin,6.24691804244247,-75.59044639813835,TAnfdG4NL5ne5Yeqw0rx2w,65,0,65,8,4368,False,6NYrLRekV_hd4BQcBlQqsA
200,2014,1,269,Medellin,6.233888209595585,-75.5675621451709,XrjhOxXOq1tP6RARqclQbA,301,0,306,14,647,False,1pUKlrRT9oQpOC3p9AVpyg
22,2013,8,303,Medellin,6.230993937764899,-75.58726045781363,XjyYQsWe5M8dVrAPASGhRw,34,0,34,4,5437,False,zK_jEUsxUjM55NYi8bJrQQ
1051,2014,7,421,Medellin,6.249916684000227,-75.56433757690033,XAqkyzIToH2N5Gi5XuPmcA,191,0,192,15,3147,False,Mb20BGziyq-smEbDgCSXJg
727,2016,3,194,Medellin,6.244119956216047,-75.57090038529874,612kFjz2yG3CYiQ1PWI8cg,771,0,934,6,5940,False,GLtzd96rmSFJhzeG_fM7yA
1166,2013,12,450,Medellin,6.252995351338029,-75.60842404026434,i_PiC0ZGiBIufdlHKR-OYg,237,0,239,9,1760,False,YP5UoMWScXTMEh55OI0_jw
1110,2018,12,240,Medellin,6.250784708719872,-75.55859800838986,Eydh6TliblV-y7cgJLPAig,666,0,752,5,3255,True,Eydh6TliblV-y7cgJLPAig
661,2015,9,430,Medellin,6.243067921901692,-75.58349695038184,_vDDLnd8dxKsCKrEW2JD9w,389,0,408,6,4610,False,--hwO01ian1wcAOlAfzOKg
983,2017,6,173,Medellin,6.248957150042793,-75.57950517768641,rrbvovFbs4AMTXfxnreWtw,365,0,382,13,5908,False,oKyszgZ6vEnRzCmd_2By9Q
751,2019,3,598,Medellin,6.244981840981461,-75.5993855750473,hqmiN86mTv5i0aNqplxcMg,59,1,748,5,4398,False,h3RdqaCNuEABCQiuTZLgQg
306,2019,6,297,Medellin,6.235697808904236,-75.56828113421143,RpoqFEWtuUCXJUYIwqvn-Q,271,0,276,14,4893,False,Z0-_XrPiigik7bdjF6wS9w
821,2015,9,370,Medellin,6.246005207517615,-75.58236724735521,eoy0Y4SYSEp2Cpn6XzJTZQ,156,1,745,4,3511,False,xQnM1yCNdPxGKhdKxnepeg
758,2018,12,569,Medellin,6.244793059450248,-75.59224475243172,LThexcPmP_aZ04CRT5DEug,280,1,1080,1,3261,True,LThexcPmP_aZ04CRT5DEug
109,2013,12,347,Medellin,6.233003523519642,-75.60529014548541,yEy2t4rZFgvVFnG_gYi-hQ,303,0,308,9,1743,False,5sd-VASHcUqJ7rOVORxvdw
180,2013,5,264,Medellin,6.23397805083983,-75.58736451151265,OZd69NDUgrArSbcjaqUjgg,582,1,813,7,3662,False,_1LHKdbnllSQVUQRC6NR4A
1025,2015,9,554,Medellin,6.250133968541738,-75.5904960146439,yWYAd80xrgDnA3aP2ZzQYQ,201,0,202,7,1427,False,-A9firBORM6f1IEmrTGF_Q
112,2014,7,71,Medellin,6.23298691542875,-75.60222214204488,K0ySUwoT4z_-VUMal1yCAg,230,0,232,12,1479,False,KD0s_SaX4GVUOx6UymXT1Q
507,2013,5,294,Medellin,6.2399950689815,-75.57844123240616,dX8RzQ-sYqVNnBUsODW5Sw,23,0,23,11,23,False,O9QhOfErjZheGlAlLMZdYQ
1054,2016,3,631,Medellin,6.249955603533746,-75.56143847614122,o8h9xJsYCQXdfxvp98ioVQ,554,1,1081,1,3267,True,o8h9xJsYCQXdfxvp98ioVQ
436,2013,5,135,Medellin,6.238943646534191,-75.59647126249659,HPaJHEQPI0Ofq2E6D3mAhQ,502,0,535,12,3230,False,DP32MnpOwwPRGWcxBMc_jQ
281,2013,11,203,Medellin,6.235977370709288,-75.59157529243708,gocBCsnIwPRkuC3DCnKnYg,456,0,483,6,1876,False,_YDiSSegq85uM5QYW1gJ4Q
135,2014,1,376,Medellin,6.233005464060581,-75.57952524875547,3OPG2N8LZ-gTRQsAr6rO2w,331,1,357,8,451,False,jrMwPG8DpEs-Yfa_MsBBgA
80,2017,6,610,Medellin,6.231985269427224,-75.5814056226788,zrusmqZMeTtNE8pXHspUvw,553,0,599,12,1487,False,VBy-DdDUL1NTk1i4GABF2w
81,2016,3,493,Medellin,6.231999894020809,-75.5804321311776,ZPF1dTIOK3RpqNrkbxmazQ,749,0,888,7,3272,True,ZPF1dTIOK3RpqNrkbxmazQ
779,2017,6,525,Medellin,6.245066502224142,-75.57149759297043,x403dEWNIBERr0RlPp96Bg,412,0,434,10,4295,False,wzXk8Tcx9hTbSz-sokYCrA
981,2017,6,336,Medellin,6.248909345233951,-75.58159495611143,yEfizzSRLRPbCZOiczBXIw,149,0,149,7,157,False,ed_zvQa_W5hUOQ6lUCpj8Q
25,2014,1,285,Medellin,6.231018038800832,-75.58277403109018,2Rpyn8M1QdqiKaN5BeRaVw,369,0,386,7,5290,False,UufqqtZj9aI-f1fYwbs2rw
960,2016,3,398,Medellin,6.248954581606617,-75.60242729009836,oQK_Xsew3hgv6Ltuhl2ONA,9,0,9,8,5041,False,EAHP9dd2pJICQgwIPF5Yjg
530,2017,7,590,Medellin,6.240911247409001,-75.60804499768092,UNO7x1dViZwXEUGk6M2_MQ,430,0,453,9,1599,False,wQQ460MXMBZP3Ko5hw4M7A
652,2018,12,282,Medellin,6.242987613413654,-75.59253614708624,SU_3XtzLkeTC3XVpbk5w5w,417,0,439,9,3278,True,SU_3XtzLkeTC3XVpbk5w5w
851,2013,5,438,Medellin,6.247017216898287,-75.60560132328771,NypqTTiejrpNEs6qSsQWMg,256,2,1082,1,3279,True,NypqTTiejrpNEs6qSsQWMg
158,2013,5,621,Medellin,6.233017575164256,-75.5564699629737,gtTSDuwUOhvl42GXhvCORg,75,0,75,2,78,False,yUz6vmcAaAbnoofcj0IREA
1208,2013,6,305,Medellin,6.252856013019899,-75.56641998492563,DyhmLFuPZXxBy2D19Ig0AQ,497,0,530,5,2866,False,TpE-tTJpY4xVAEdgmeLTyg
1237,2019,6,119,Medellin,6.253773383788672,-75.59155616807979,5phxCieKtV4DREBRt8uSSA,409,0,431,12,5748,False,Unaaardpp182O5rQXCgdRg
983,2014,4,158,Medellin,6.248972052902204,-75.5794598750411,Xki5yweC5FqEVwhTHwQmjQ,365,0,382,13,5908,False,oKyszgZ6vEnRzCmd_2By9Q
1006,2016,4,513,Medellin,6.249075000932812,-75.5566075629698,h-esaonp_Ax-E5jfYTEctg,551,0,597,3,3284,True,h-esaonp_Ax-E5jfYTEctg
1012,2019,4,329,Medellin,6.249941812727596,-75.60345459100084,ue-gr3ZJmGxL8j0OYgVV6Q,701,2,1083,2,3285,True,ue-gr3ZJmGxL8j0OYgVV6Q
752,2015,1,94,Medellin,6.244965436383429,-75.59819748029076,JgpMYwUgjfOqkldTXlT_ZA,597,0,650,3,3286,True,JgpMYwUgjfOqkldTXlT_ZA
1189,2016,3,106,Medellin,6.25262925841031,-75.58543490325638,lP6F0nuj9OdlV_dZiQtiRg,379,0,397,9,505,False,WkSsrlBdV2prl9FnUuPfCQ
136,2014,1,298,Medellin,6.232779468590058,-75.57854461384669,n9Jqq_UHFHZ38-rKCsWIOQ,408,0,430,9,5721,False,ctkejBcdA0hkyHLV-ldZ4A
1133,2016,3,473,Medellin,6.25201739448269,-75.58869322698328,HEgEu5Rtu0ckDYOMxcby_w,17,0,17,3,17,False,MxghuGk5WMYtppIbuHmpMQ
77,2014,4,490,Medellin,6.231904110931963,-75.58445098336048,7IhyUPPHTsattGaMs-xDjA,16,0,16,9,16,False,5UCCGvO8I8E8-aLlAw-gVQ
825,2018,12,403,Medellin,6.245824644755941,-75.57894166454545,nCizjtMltzFlQwvS2M3o8g,783,0,954,5,2323,False,AEWN1NbZ0QzXHlWi-LJWtw
1108,2017,6,455,Medellin,6.251166920092607,-75.56030941153848,HyKh6Iok7PtmKxhckkDokg,827,0,1084,5,3292,True,HyKh6Iok7PtmKxhckkDokg
926,2016,3,431,Medellin,6.247941983424599,-75.58343249971004,2qRdZlBCc_b1vIaOIXeY_A,222,0,224,7,1755,False,bQeKH1UgGodeMpobSjqdNg
625,2015,9,539,Medellin,6.242009654292222,-75.56648255962668,9TvK2H7Y_S5wTjI4737L9g,472,0,501,5,5803,False,htnBnk-bxWSnkODFgHfSvg
680,2013,5,242,Medellin,6.243369914965796,-75.56422993116509,QskQmwUB8MHMNHXMJ2lqfA,162,0,163,10,5027,False,9Wf-wyeLSm7fH5wEqI4r5w
1047,2019,7,389,Medellin,6.249980919511012,-75.56852074844959,bCd6smbihKoUTc8feDK4vw,585,0,636,6,1021,False,yva5sXJ7PCy3SmoPbcvwbQ
4,2019,3,127,Medellin,6.231040383821977,-75.60448618489751,x5aHmuMi7K521eix2MG0ZA,289,0,294,5,3297,True,x5aHmuMi7K521eix2MG0ZA
247,2017,7,170,Medellin,6.235056801436661,-75.57371684060536,wR23WK2RLptnKe5Py3ofjg,714,0,824,5,4507,False,S5NPuuzxyBfYHQz7WObn7Q
652,2017,7,264,Medellin,6.242978193422694,-75.59253777006897,d-zSiisdSU0ao2iFQ3dcJA,417,0,439,9,3278,False,SU_3XtzLkeTC3XVpbk5w5w
135,2013,8,378,Medellin,6.233019929560758,-75.57952351354855,Fr_1ttvLnhw7tmhMWLLHmA,331,1,357,8,451,False,jrMwPG8DpEs-Yfa_MsBBgA
43,2017,6,459,Medellin,6.231056241605806,-75.56557604649021,_e99LSF28hHEFG-u52d5qg,52,0,52,13,5508,False,lowyxbygebLHZ9RkBBd8tA
1035,2017,7,306,Medellin,6.250442140793295,-75.58052805045436,fzEJmFQ7EPUS64k4wWtMaA,413,0,435,11,1158,False,S93MMwqhbadPTKBSOyjvyQ
541,2013,6,197,Medellin,6.240892826266768,-75.59771845509181,mEgqM4BgN_vXpTEFEU60FA,309,0,314,3,3098,False,K3fOaO-YGFmBftTfvQO-Dg
1065,2014,10,532,Medellin,6.250771715627874,-75.60347027077451,Y_NoYmzOSud0-t1qqwF7zg,107,0,107,15,3881,False,WgppQ6H_BgO9kk4Oji70GA
711,2019,7,528,Medellin,6.243799087672888,-75.5866930158267,y9b_n-9xsLzwZpT-CmBcmw,89,0,89,8,3305,True,y9b_n-9xsLzwZpT-CmBcmw
114,2013,10,233,Medellin,6.23304181919965,-75.60051048589075,rh59kMw_4BOKZiw0qKFlkQ,651,0,727,2,1291,False,5USoWOmQ_njw3cRQ_AbTZw
23,2017,8,246,Medellin,6.231624643255614,-75.58540631703251,FodsQGfa5Bboill6jx5BTA,330,0,337,11,3083,False,bEYNNZOkLBRsEvouaPf-kw
203,2014,1,479,Medellin,6.233886966988575,-75.56438333586769,V-YBrbQ9GKt7s7HTTQpcug,820,1,1059,3,3346,False,QGGN5nNQyymBrXjkegV04A
928,2019,3,329,Medellin,6.247844706633671,-75.5813707537144,YD40snthAWzbRuKyacenmg,728,0,847,15,4653,False,PjD5gCkFgL1O4OUhvZOfJQ
748,2014,4,418,Medellin,6.245131365260678,-75.6024331034905,30V8JPgg1bvlys5MHLITCg,828,0,1085,4,3838,False,F3E49SkTts236oAseiWysQ
1260,2019,4,611,Medellin,6.253891075593093,-75.56741325320826,f7pN1IHVKm0mB-1sRj7lIw,239,0,241,5,4930,False,2YHbr7k1aPcG2Z0UxpmW5Q
10,2016,3,224,Medellin,6.231239230578701,-75.59841962515948,BL90tUx-3UaEbbT7J7t0_w,42,0,42,9,4221,False,YzcpcXS09uKPzZk4qOY_PA
350,2013,5,370,Medellin,6.237015054631018,-75.57648704545107,eszhfci5jbe7k8CBGCi3Ug,814,0,1037,11,3422,False,5BImpe3gJA8stYiLfHQNpg
778,2018,12,209,Medellin,6.245165101184789,-75.5723737890297,0C_eHxsXccNVJrPI_Shr0w,227,0,229,11,262,False,9g-mSvJ716BhQz83M9Bsjg
938,2015,10,507,Medellin,6.247996956516976,-75.57149394266602,1o62_ntW--6LDnADK5iF7A,829,0,1086,1,3315,True,1o62_ntW--6LDnADK5iF7A
1122,2018,12,497,Medellin,6.251940191200686,-75.5993215026998,oXUDfJIlaLv_zjrKU-zLaQ,464,0,493,6,1066,False,gGtGInInYD1Iu3e8kwgpRQ
190,2014,10,437,Medellin,6.233895221431025,-75.57747465631803,AnDv4pGGvjTawkEPUV8KKQ,51,0,51,13,2328,False,Jj3PuS5Kn97wei73d9G-2w
568,2017,7,562,Medellin,6.240995693787411,-75.57040512814712,hssvD-ND11MVKy6d7hpQaA,372,0,389,12,494,False,uvME2c69lvHR_dNqruoM-Q
645,2016,3,479,Medellin,6.242966404875761,-75.59948792084717,2UKnlMi-fWsv01sLoc-9Sg,266,0,270,7,4549,False,_PGoJwbAESoPoOBE9piMeg
320,2018,12,113,Medellin,6.237025300652534,-75.6074879104522,AuY4M546eG0Rfj8vmJgM4w,685,0,777,2,1481,False,3Tkm86v1h7iqjvr1B7_NyQ
1250,2014,4,566,Medellin,6.254082571516017,-75.5777225230752,8dVl_o811o5I0BZf4HQegg,545,0,589,14,1040,False,-iMvOeIAoosR2E1Ru8OXkQ
894,2013,6,258,Medellin,6.247044412667906,-75.56239174687431,_bptXIGKqBa6aZ4KdibrsA,538,0,581,6,4540,False,m-sKleQM8uOnRFesJwF8bw
775,2014,5,75,Medellin,6.244942915622988,-75.57547743338066,4i6vR2xj3YGq6lenfCDLeg,414,0,436,10,3323,True,4i6vR2xj3YGq6lenfCDLeg
1142,2017,6,616,Medellin,6.251797279627429,-75.57919137841124,Y_Jvgb3bDYZLv0P1qkXAzw,463,0,491,14,5020,False,dSyBFfaXq3s-PA5GV1GVQw
709,2012,9,93,Medellin,6.244065295024551,-75.58840947517827,A_3ou0TD_79AFjF9yTu4TA,192,0,193,5,4742,False,JNWW2CqzVaFU33doLwVPHw
357,2017,7,247,Medellin,6.236983143252079,-75.56951981931898,9kzlhDPfwr7LaB9HbUfySQ,503,0,536,15,4633,False,lHqPaXIdMlo_sny6QGShNg
400,2015,1,442,Medellin,6.238020950492048,-75.57913009150553,mkKMLocQIB2UW-sIb9-PpA,532,1,1087,1,3327,True,mkKMLocQIB2UW-sIb9-PpA
552,2013,10,273,Medellin,6.241209190574017,-75.586325472748,OUhEhV0EvAXaSveXLnXbyg,188,2,1088,1,3328,True,OUhEhV0EvAXaSveXLnXbyg
95,2015,10,230,Medellin,6.232123776955047,-75.56626919537575,aH6pegsZzUvjI3gRG72t_w,233,0,235,14,5839,False,_P6tQqQcX6nWTfT4Fw0NfQ
730,2019,6,420,Medellin,6.244051171850566,-75.56751296616497,NFbqwKYDIDkhBRMK4NmgJw,81,0,81,6,4369,False,GCwnPU9q7EO4DCH73rw9_g
1151,2013,11,349,Medellin,6.252088649984083,-75.57083605685112,3WMCyaQCS20SEiyLdtjLCw,558,0,604,6,4739,False,ehFpsKx9zpxtn-1TsL731w
1200,2016,3,464,Medellin,6.2529185847994,-75.57447739615345,6DMk28eIX40oeJkCYTItFw,387,0,405,4,521,False,pTH4M97PixImvCO_7fr4DA
717,2017,7,442,Medellin,6.243830399090833,-75.58062731581724,mQtSpvstKWkeYE-3XnrYaQ,476,1,570,4,852,False,A08GV026LuVISEYeA7dvlw
999,2017,6,268,Medellin,6.249023322000721,-75.56343614255353,GjcE1mxZUN0oQ9MOic0DyA,148,0,148,6,5032,False,1-YBcS0kap8SzA8cVX_Amw
561,2014,9,235,Medellin,6.241058461820483,-75.57734031664556,SwszLxsWOdCCbpFnGA-6Sw,344,0,355,12,3341,False,RjuQnA2ckip1zGFneGoLyw
146,2014,2,467,Medellin,6.23301850381988,-75.56861553836352,Lrw6DlO1k0NsaYCMchZP4Q,523,0,561,10,4947,False,XZ62Gzk07TeawTFbQcR5xw
559,2019,6,313,Medellin,6.241001324852217,-75.57908622010841,MivT_yWIvwBsnViQycf0Pg,583,0,632,6,3869,False,-wz-gfalzDAEkNU7QkOdYQ
1143,2015,9,357,Medellin,6.252158182617183,-75.57881790861991,v-QLbtHl_O99sYDKSCbCdQ,184,0,185,16,3381,False,Z8JgEgFK7-UeGzY9sHSXKw
139,2016,3,307,Medellin,6.232886386980442,-75.57504097797785,7jX2d-FtvMfELaKhUqDt1g,187,0,188,14,2830,False,iCqDiyAXSg7bFacR5rT8kA
55,2019,3,507,Medellin,6.23187792440105,-75.606443305356,vzcMl3UbLA9BWrcMa1PhUg,176,0,177,6,3619,False,SgRksnxm-LdXBQD0ujx2bQ
561,2015,9,258,Medellin,6.241080841839828,-75.5772988814928,RjuQnA2ckip1zGFneGoLyw,344,0,355,12,3341,True,RjuQnA2ckip1zGFneGoLyw
349,2015,10,406,Medellin,6.237006349513066,-75.57735962534655,bmhnCSGAKBamJCGZqirGIw,769,0,929,5,4879,False,lc-K1zv-QUqlaTe0InaBNQ
1188,2013,9,316,Medellin,6.25288397176689,-75.58644079026033,8JHmmWyTsnVFykax6TdOxg,442,0,466,8,6006,False,4_MFIQtKqnFlLSyYjJsHZA
551,2019,6,154,Medellin,6.241270672699454,-75.58770584220103,84ogvF1jGUcTohvO1Wh42w,382,0,400,8,513,False,lK9Q2Exd-ZuvFYawNz1QaQ
271,2019,6,361,Medellin,6.235963399416804,-75.60236294614077,W0cd82RRAtx1zMAShb-ddg,406,0,428,13,1217,False,NNGA3G5UDKRgpvpxwOWTBA
203,2014,8,475,Medellin,6.233895629972484,-75.56436447056457,QGGN5nNQyymBrXjkegV04A,820,1,1059,3,3346,True,QGGN5nNQyymBrXjkegV04A
354,2014,3,151,Medellin,6.237236489625562,-75.57237240553884,klqa4NbDKaw1rq7KjMn_gQ,494,0,527,12,2640,False,7OSej7xSqYlcvU_UYP-jxg
1157,2017,6,385,Medellin,6.252148441759712,-75.56335355976343,MGCBk88soE-kYaZclK7Enw,74,0,74,9,3348,True,MGCBk88soE-kYaZclK7Enw
103,2013,11,192,Medellin,6.232226069335044,-75.55857482647305,vT01C6PDl93_TX717EDzcQ,30,0,30,10,1262,False,O_-T9_O6Ei1pABun9_guDA
890,2019,6,474,Medellin,6.246854343349261,-75.56644380008747,CUAv5_X1mZh7eChzvQlPQg,519,0,557,8,1344,False,nvRUdWeqNPEXb5QOZffbgA
564,2013,11,300,Medellin,6.240949138909034,-75.57414417407024,VYoXXoKQzhxSsaH03w_S3g,14,0,14,5,4448,False,zr595kxjhg_CgE6prD1cUA
1019,2017,7,330,Medellin,6.25011708000277,-75.59754324037668,j7QjpsOzQKn0n3LB3bL7Ig,657,0,735,8,4954,False,1L2byP3jMPSO630asPsJtQ
1144,2013,5,177,Medellin,6.252056245605409,-75.57766267060833,gluCQf0_r587HkpksyVuiQ,477,0,508,7,5581,False,LYN_FzDlWTbnFiXtOttjpw
1029,2017,6,278,Medellin,6.250009340527025,-75.58672732194886,k3YTHPsgEBVUMrUxbTOE0A,281,0,286,9,5532,False,QwELPeJ-NW0myIqcsZWIcg
1263,2013,10,240,Medellin,6.253900086272219,-75.56440970497638,nK02kqINL-1uW4lYwehlZQ,350,0,364,3,462,False,CBG0eKb2-pKHW_tciuetKw
558,2013,10,423,Medellin,6.240764368424165,-75.5804381055581,l5W0lOR6jg1O_UipgOuyxQ,830,0,1089,2,3356,True,l5W0lOR6jg1O_UipgOuyxQ
719,2013,10,317,Medellin,6.244058713050055,-75.57833376199208,yzFG80oe0nGwVVDgIZBe_A,718,0,831,11,1673,False,lPh7RKd7qSHDO01kp2mnSA
731,2014,5,694,Medellin,6.24395798000436,-75.56636415028545,REJ-SvvztDVQnbsozp67LA,229,0,231,10,4668,False,mo9c9zhAB-XkmXxLP2qzmA
1064,2019,4,555,Medellin,6.25098201188302,-75.60441992353685,uOdLJX9L6-E5331D6lETzw,165,0,166,7,3359,True,uOdLJX9L6-E5331D6lETzw
1009,2013,6,262,Medellin,6.250181680474302,-75.60618979282087,X-Y7B5JCL2HwJt4ZPKagqQ,627,0,687,4,1141,False,SECJlAEGJj-2qKdoZvSwLg
1070,2013,6,541,Medellin,6.250734283615268,-75.59838558775716,Mvf4H4xBqTQdIU_yM_ViYg,822,0,1052,5,4682,False,u_r42eBL0og5rlm9j0sRhg
1219,2013,6,365,Medellin,6.254008903686721,-75.6084265905368,afF037gSLCfDvGFBWf2N6w,552,0,598,5,3362,True,afF037gSLCfDvGFBWf2N6w
1059,2013,6,355,Medellin,6.24995165563944,-75.55641998860214,NlG3z-8aqAfwT6q7-PbOXA,489,0,522,6,787,False,NAL_myQ7Q7DvNQKI7KgOvQ
37,2013,7,61,Medellin,6.230704540407173,-75.57175780062617,2-Eg5n1jh3x0gkjIN8vWAw,654,0,731,9,3032,False,N4Og8r3LjqBG3BPthiq8qg
1166,2018,12,445,Medellin,6.253007646299956,-75.60839259976964,4_QfdZhHnNWfMePq8qpwOQ,237,0,239,9,1760,False,YP5UoMWScXTMEh55OI0_jw
1002,2013,6,318,Medellin,6.24895712112999,-75.56043659684455,amw1CpzFfr8OUaNs6oDAjQ,799,0,985,7,5874,False,-PKnHQdFmYxtaaMDL7rsnA
978,2013,6,375,Medellin,6.248991853370145,-75.58447765084507,UN461dBelqnQ7eATL93qJw,533,0,574,6,5456,False,OQqym3nSIyGMizETRA31ww
183,2019,1,354,Medellin,6.234151547661201,-75.58442758526373,6ufiVj9x3pCr58f-aEsZbA,788,1,1090,2,3368,True,6ufiVj9x3pCr58f-aEsZbA
406,2014,9,678,Medellin,6.237982623333869,-75.57341059490587,s3_Ij1olCsBbTdUEWjr3JA,460,0,488,9,3369,True,s3_Ij1olCsBbTdUEWjr3JA
737,2015,10,189,Medellin,6.244010774631264,-75.56039986153573,K1LovEFWKk9ulf3pT8ydSg,759,0,903,5,5228,False,eSXyVD-v0wIvUXU3F4F6cw
838,2015,10,334,Medellin,6.246006832823578,-75.56554759321277,5ubCd599aFRP2oogWMCb0g,328,0,335,5,4545,False,sis-4PBZbNQhPgyb31SQeQ
1097,2013,6,421,Medellin,6.250886910299331,-75.57143759836075,o7cwoDp48EGFK4VOK8dycw,637,0,704,6,3372,True,o7cwoDp48EGFK4VOK8dycw
1193,2019,3,385,Medellin,6.253014739268189,-75.5814475883906,dvohWBtS3_CH0-ZtuRCmWg,484,0,516,9,1948,False,FjrOYHZmqc2YCEcaZm8pwQ
648,2013,6,279,Medellin,6.243126201818989,-75.5962442417996,7RKmNAebjP756htEgvFonw,679,1,1091,2,3374,True,7RKmNAebjP756htEgvFonw
436,2019,6,135,Medellin,6.238940268816724,-75.5964582076013,RYE9NebE7vPMqNyK2UtLdQ,502,0,535,12,3230,False,DP32MnpOwwPRGWcxBMc_jQ
356,2013,10,382,Medellin,6.237081216037773,-75.57037530530022,pePcyQxEQXQQ3lt6fwdMfQ,534,0,575,12,3454,False,NYgGYqKpDAe5poycklEVWA
1212,2015,10,283,Medellin,6.253052953120113,-75.56243339321551,XJISCeNiyuv5p5xJDmgg1w,620,0,679,9,1807,False,FqqagEzZnCTrVN-8l72cew
43,2016,3,463,Medellin,6.231044679901959,-75.5655784181636,BMSQsRZG8P1hHNovpmQfoA,52,0,52,13,5508,False,lowyxbygebLHZ9RkBBd8tA
81,2013,10,519,Medellin,6.231983823048561,-75.58042880980294,aVvNqSRBAOvox5PlJaaAbA,749,0,888,7,3272,False,ZPF1dTIOK3RpqNrkbxmazQ
622,2014,4,411,Medellin,6.241855072763508,-75.56940533718515,Sg8ji1iFfSMwRI9FiUhqJw,432,0,456,13,614,False,fe1unOtAlLl2Z6S9sPNpZA
1143,2019,7,336,Medellin,6.252144179806221,-75.57882544842724,Z8JgEgFK7-UeGzY9sHSXKw,184,0,185,16,3381,True,Z8JgEgFK7-UeGzY9sHSXKw
901,2018,12,519,Medellin,6.247943455633847,-75.6085111289622,YouMpxYipOEQkVTRgWQxLA,610,1,723,4,5925,False,KIYd4hahKGMPKByQW5FsWg
891,2013,5,198,Medellin,6.247275728250972,-75.56528593498004,gz15hpIDSRf2RD-5JPjPeg,716,0,827,5,1659,False,9DgCuNx8kc67awU-8D_cOg
566,2016,3,471,Medellin,6.240846856917743,-75.57230641255191,IbRL2t0n1MakQ7CEXJGusA,388,0,406,8,600,False,Um0ch75g4OIBmCpT-dQ0xQ
1054,2017,6,610,Medellin,6.249969936509157,-75.56142197484785,VR-rMdU2nSJqKdRQESTvdw,554,2,1092,1,3385,True,VR-rMdU2nSJqKdRQESTvdw
1157,2013,6,399,Medellin,6.252162721224185,-75.56337215858028,wZJTRm081bs30qOLV909Rg,74,0,74,9,3348,False,MGCBk88soE-kYaZclK7Enw
571,2019,6,688,Medellin,6.241008490835992,-75.56743218448385,ufXaYzPKQbThoyXAaZvuUg,319,0,324,15,399,False,UJoqrLeHP-SeuDLV566DYw
252,2019,6,46,Medellin,6.235036029997001,-75.5683313164758,JLzWbl9Eb3O2b6ue-viuTQ,478,0,509,5,1414,False,sohF7lIBWHhAblegjLamjA
747,2013,8,86,Medellin,6.244982850185017,-75.60345739625554,QPkEamIukgOVIA55WE-0FA,527,1,1093,1,3389,True,QPkEamIukgOVIA55WE-0FA
1148,2017,6,210,Medellin,6.252037768194286,-75.57361442322603,CTkJSj9FN8YUZl-7XcRYMQ,529,0,569,4,4656,False,SR-AFFg66Has6E0S75sowQ
1085,2015,9,406,Medellin,6.250948138274619,-75.58331084402951,IBAj2JSHHjzKV5S-POsH2A,357,0,373,6,3407,False,_UJPdaRY8E60evuryOZ3eQ
1080,2017,6,496,Medellin,6.250904695004631,-75.58840568624935,ibGFWiCtoKzbD51_QyiZJg,185,0,186,11,5310,False,bsh5kDpYX72-eEufPeicig
494,2013,6,254,Medellin,6.239983837603548,-75.59141204511198,Fpw9cS5sKUYX2dDiMJZ2Uw,733,1,1054,2,2994,False,KKx6lbIiYexVaqSn1SAPmQ
174,2019,1,212,Medellin,6.234059583090843,-75.59321923138397,7GE8zvqNAfk6s8mio4qKig,67,1,1094,1,3394,True,7GE8zvqNAfk6s8mio4qKig
915,2015,1,154,Medellin,6.247718732369949,-75.59449375923583,bSWeBqBVeeZRTZErSHeAOQ,91,0,91,4,3860,False,9N1l6RX-lRnVYVVuo4BREQ
1110,2019,4,238,Medellin,6.250803785672884,-75.55861659024426,420jiAwzlWaIaci3vdlBmQ,666,0,752,5,3255,False,Eydh6TliblV-y7cgJLPAig
1198,2013,5,288,Medellin,6.252796847639321,-75.57643182630218,n7qi7fSODZRUcA46K-JhQw,748,0,887,5,5668,False,XPgsYEvrSdDqO9WVdMw7XA
800,2017,7,614,Medellin,6.246159921864477,-75.60349158426914,-mGSETtNvt7zP_2Pn4OjhA,90,2,1095,3,5832,False,_-BCU052C8mLXAwNu9egcQ
551,2013,5,139,Medellin,6.241301752447871,-75.58768559337793,4c9OzbWY0SIiNAWL3CEWTQ,382,0,400,8,513,False,lK9Q2Exd-ZuvFYawNz1QaQ
1109,2017,6,431,Medellin,6.250725893155924,-75.5595959551838,RraWFGJfK_q5UyKcP5pcDg,831,0,1096,5,5759,False,u6NEItPw32RU7sz7mClIdA
1114,2019,6,88,Medellin,6.252089082361535,-75.60736902945568,eaf_6NVsbbeyPeawRUmPZQ,652,0,729,8,2850,False,NzzmyLIDhftOfpaF0WOo1w
467,2019,6,533,Medellin,6.238957690233458,-75.56548614589111,ryKpVcBrsTZKJB9qicokGw,832,0,1097,1,3402,True,ryKpVcBrsTZKJB9qicokGw
679,2015,9,125,Medellin,6.242829795000906,-75.56554066327244,H2CGf8NFdgnAiKjo9hniXA,290,0,295,11,2837,False,iLeRBE0SZitaCepu37qGUg
1208,2013,10,308,Medellin,6.252877250244871,-75.56641079192029,24_MbR4K4kDXOxVVOlqdGA,497,0,530,5,2866,False,TpE-tTJpY4xVAEdgmeLTyg
272,2017,8,295,Medellin,6.23597040615129,-75.6014808798359,dMwIF8ENmj8jDWcbWxF3zQ,825,0,1065,3,3062,False,y6V7cs1npB-Hkfp_3ih8wA
871,2018,12,465,Medellin,6.246999068692292,-75.58555238260071,WOEBQmXUwKEK0usQvd3dIQ,505,1,681,4,3406,True,WOEBQmXUwKEK0usQvd3dIQ
1085,2016,3,422,Medellin,6.250952758790012,-75.5833046387946,_UJPdaRY8E60evuryOZ3eQ,357,0,373,6,3407,True,_UJPdaRY8E60evuryOZ3eQ
786,2019,6,369,Medellin,6.244684729294347,-75.56470087241084,OzV0blxLxz6n53ssoIH4xA,167,0,168,6,2590,False,ZAuThOFmKPcxsH0lvBIQ5g
669,2016,3,149,Medellin,6.243423004477633,-75.57436687381588,-M3SzhhZDvoXO0XGoyGuCA,775,1,1070,3,3409,True,-M3SzhhZDvoXO0XGoyGuCA
694,2019,3,648,Medellin,6.243924421375633,-75.60338065392153,XavnuYh_2n97mYPaDdJhjw,833,0,1098,5,4143,False,mCjmzEE0HRLrrvvwHGxXXQ
631,2013,9,552,Medellin,6.241965705537007,-75.56050148686592,eWoKxGUkKw4bwHGzXaWGIA,244,0,246,7,5013,False,VmoCLsE91UW3RA6XjmeLSg
814,2013,5,590,Medellin,6.245915310161611,-75.58950871482509,NcjMsHXZbwTN7W_bJQHV-g,767,0,925,8,4226,False,zXFINj75cGO4xERFpLS9EA
434,2016,3,293,Medellin,6.238976759271702,-75.5984814715115,ahHRDcFtiLtBh0J7Pj2Vpg,274,0,279,9,3413,True,ahHRDcFtiLtBh0J7Pj2Vpg
729,2014,7,592,Medellin,6.243974782773531,-75.56845076246047,EFaghsf7gqzSdfIAJJqNbA,302,0,307,13,565,False,xMp8d2U2jHWm5cFZTLd3eQ
192,2014,7,512,Medellin,6.234054925648241,-75.57518542774143,RSJYCLOrttEXiM-evkgtiQ,441,0,465,15,4681,False,IOxRSv8wG4WxWLPQxJHUEA
6,2017,8,100,Medellin,6.231049352810881,-75.6024977983488,KlruSmK0f7dVtBAR07KaHA,723,0,841,5,3416,True,KlruSmK0f7dVtBAR07KaHA
253,2014,8,210,Medellin,6.234762062860978,-75.56799382052458,YVtuUJM_f63aKddBKLqTnw,496,0,529,14,846,False,TbDIxnOfpTm0ZYZf-V7mqw
690,2018,12,455,Medellin,6.243776755225671,-75.60721478362598,58X8ToZlJGZlsfFDUlzhug,555,1,863,5,1819,False,USCsN9K42wcYzT2WH9-grg
453,2014,1,184,Medellin,6.238933263322172,-75.57954290667686,bF83tMnNbHSIfTfQzeeKYg,786,0,958,6,2354,False,Bg6ep_NAKehz8ER9_FAxjw
611,2015,10,620,Medellin,6.241888953942193,-75.58040021741459,JO2CWekcsy6zNV5KBHSqkw,337,0,345,5,774,False,nxv9-uX_IWSWjxDIwB1nHQ
140,2016,3,320,Medellin,6.232802328705132,-75.57451452589989,pyRso4EikDB9vxkj05zBZw,94,1,1099,3,4710,False,qz7SJhSCsqNTiJ-pVNFA7A
350,2015,4,377,Medellin,6.237007314693307,-75.57646951716097,5BImpe3gJA8stYiLfHQNpg,814,0,1037,11,3422,True,5BImpe3gJA8stYiLfHQNpg
1059,2018,12,348,Medellin,6.249958436884901,-75.55643332999085,VetBLg2OOOuSbjIzi_BHSw,489,0,522,6,787,False,NAL_myQ7Q7DvNQKI7KgOvQ
934,2013,8,511,Medellin,6.248000067431231,-75.57533618032154,D7hzmY9iHOb-jqAwpGYOrA,579,0,627,6,4951,False,OhYV-ZfI6IHYDi5eGQM6sg
683,2019,6,97,Medellin,6.243020472202235,-75.56145670203263,ay0U01g6KxkzYfCxE6YhrQ,138,0,138,11,5524,False,VsJhJh9snGGvNdq5pvpwWQ
70,2019,7,250,Medellin,6.231963473980284,-75.59148262750429,oVBjZvAiMPhgj9WMf-hAQg,179,0,180,6,823,False,_2YSIid0gvyk9HsUAQRUOQ
662,2018,12,572,Medellin,6.242941259621433,-75.58241310635057,HoIPXQxpvwJPK0X6hym3LQ,834,0,1100,4,4406,False,tykC_szlX1Ky10ZU5yBYFw
744,2016,3,677,Medellin,6.244963002043133,-75.60634488864211,j63H1Bxueux8O7Zmy84Tuw,624,1,1034,6,2790,False,YesHSOeCi4w8esq9rH0ctA
1189,2019,3,75,Medellin,6.252641809196147,-75.58539528340283,JSYAF0uI9Oo-_OnMXwVZkg,379,0,397,9,505,False,WkSsrlBdV2prl9FnUuPfCQ
299,2014,2,391,Medellin,6.235973192498098,-75.57445033381568,FRcrNnX6CMEQT2gRzYXt7w,70,0,70,11,114,False,v_JB2FAjB7P1XaUByPtBvg
972,2019,4,444,Medellin,6.248990766084589,-75.59022794462486,2Lss7ml-FdZl0sPhCWg-Qg,720,0,834,7,2595,False,__QwG7GreNGiehMUKPXGdg
10,2014,1,222,Medellin,6.231235815196339,-75.59842276220972,51ySgsjPRyQbXcFRP1Eqqg,42,0,42,9,4221,False,YzcpcXS09uKPzZk4qOY_PA
569,2019,1,345,Medellin,6.241047169469811,-75.56940565657685,xJmJOn38PI7Y2I4R6JC3Vg,732,0,853,7,2359,False,QbBdjTsw3ZaYVSm2a2NOCA
467,2019,1,551,Medellin,6.238937423484469,-75.565524778186,8u78aPVSM1i9kO6SnD3Qmw,832,1,1101,2,3434,True,8u78aPVSM1i9kO6SnD3Qmw
546,2016,3,400,Medellin,6.241092093489773,-75.5924115180814,W9tp-e7Y2sOMGpVAsVk-0A,559,0,605,4,2492,False,OEtU4_4HIs4mde6x-Wz8KQ
97,2019,6,256,Medellin,6.232070359802427,-75.56425971547371,rM278kN5AgelEoir9nl9Ag,82,1,1066,2,3066,False,yO_XcfZDO5Us6M3_D4vaPw
1050,2016,3,418,Medellin,6.249950571865843,-75.5654110297592,ZUdPYAB1PIm5uzCH4QOmmA,234,0,236,4,3437,True,ZUdPYAB1PIm5uzCH4QOmmA
761,2013,5,375,Medellin,6.244982027360287,-75.58935296705201,yD5raBz3o_jcu1awVTDwfA,675,0,765,8,3754,False,qT_NGQVbF_T3FRvYTYVXmw
710,2017,7,330,Medellin,6.243637191969216,-75.58750362195505,lpBNME2l_u4VwnFjNctlyg,83,0,83,10,3439,True,lpBNME2l_u4VwnFjNctlyg
1053,2017,6,469,Medellin,6.250172230416254,-75.56262938160205,ewMw-OXU9wJHaucP418O4w,742,0,872,6,2355,False,9lmfLGpz4vAG1raggtL2xQ
719,2019,1,288,Medellin,6.244041560571068,-75.5783268380854,XlLUrqgib4kWvBbrtSeQMg,718,0,831,11,1673,False,lPh7RKd7qSHDO01kp2mnSA
177,2016,3,467,Medellin,6.234031684909875,-75.59041979676063,1eJIebFV7kYBXpu1Zb_rnA,243,1,1021,2,2699,False,sFFZjzPAYw0R6JwVHIouSw
703,2019,4,233,Medellin,6.244028370884394,-75.59437572980255,o0FY4SokSLT-Cu0TVkNcBA,479,0,510,8,4488,False,sum4ldqupyh9sTodit7gxQ
477,2013,5,461,Medellin,6.239945305521965,-75.60821731670227,VYSl1OkH1RpJ97Y8I9LUNA,211,2,1102,2,3444,True,VYSl1OkH1RpJ97Y8I9LUNA
731,2013,11,669,Medellin,6.243997756778033,-75.56635029678242,tB9qaDa3g99j2xn2eseAyw,229,0,231,10,4668,False,mo9c9zhAB-XkmXxLP2qzmA
1228,2014,4,347,Medellin,6.253853331405698,-75.59939448695461,SSl3GOPZA0LmZR638b7W1A,199,0,200,10,2064,False,4S8DuhpXslg28kaz9miDpg
820,2013,5,558,Medellin,6.245886178005196,-75.5833631910582,j4EIH2HRinoNpQbiU6rI2A,541,0,585,15,1587,False,2qLzxj9CoT4L8tdSqmTNKg
1043,2013,11,414,Medellin,6.250152002339631,-75.5727799723312,c0UoSB4_fLMjzbsgohHkAA,216,0,217,6,1506,False,7xyRPpzWEYnd10YSgBOVug
872,2017,7,382,Medellin,6.246918753305342,-75.58446421818051,89OrrL3Lo27oq9Wv-j8o2g,692,0,788,6,3449,True,89OrrL3Lo27oq9Wv-j8o2g
19,2019,1,415,Medellin,6.231378118747077,-75.5896919304833,mCJMJ_Xu1lcYbWSLpYLazQ,404,0,425,9,620,False,Yq9X-5vc6uqiRBlCqD7gPQ
1267,2014,4,433,Medellin,6.253744268275423,-75.56023070107383,9EnuyDmC6Yyf_iVX4yINsg,150,0,150,3,3451,True,9EnuyDmC6Yyf_iVX4yINsg
1175,2017,7,271,Medellin,6.252726743961472,-75.59909700096311,_QP2xH3Hi9c5cMYwtWneww,29,2,1103,1,3452,True,_QP2xH3Hi9c5cMYwtWneww
351,2016,3,130,Medellin,6.237089800389893,-75.57544030425753,9dRVuBKRuSBj7ipVKjySvg,153,0,153,9,163,False,p7IBpcNkRqPVDiBJl5f4Ng
356,2014,1,388,Medellin,6.23707745465504,-75.57037523164632,NYgGYqKpDAe5poycklEVWA,534,0,575,12,3454,True,NYgGYqKpDAe5poycklEVWA
231,2016,3,106,Medellin,6.234892882696569,-75.5897060281797,4jX4c58fcZxmv2x9IdCt-w,438,0,462,5,4142,False,GMW_M4vKrh4Z65LQURdN_A
337,2015,1,292,Medellin,6.236990650480443,-75.58954590316567,PZBBjexNiD4cbQf4PH9N5Q,809,0,1012,3,2638,False,3rrjq0YUc19J-AfUrghTqQ
1149,2019,6,263,Medellin,6.251812073148574,-75.57255815222386,VeDcfQPmUNnTdYtirLFs3A,241,0,243,10,3567,False,w99tbaQKXd99g63jartRbw
642,2013,6,339,Medellin,6.243109520795199,-75.60235977551275,mywGsgWxrDMNjntwVzjy5g,272,0,277,8,3458,True,mywGsgWxrDMNjntwVzjy5g
339,2017,7,51,Medellin,6.23703541519205,-75.58745237397625,LBcrns8L6Fee0y7QB2q7SA,682,0,773,8,3949,False,JuR0oS4UpS3q-ScgdHwUWw
729,2018,11,595,Medellin,6.243985713078346,-75.56844829214914,Ufq3ZD3chHpmbklCOsVQdQ,302,0,307,13,565,False,xMp8d2U2jHWm5cFZTLd3eQ
712,2015,1,646,Medellin,6.244038836651929,-75.5855510230053,mym2iXi67_4BSVACSRPSPQ,493,0,526,8,1698,False,WeyEKtQr2VvIPWNJ5sGaLw
678,2013,11,211,Medellin,6.243194329363597,-75.56643999424334,5JxOxQn2IEvKYQBwvImAew,751,0,890,8,1941,False,g7MLyFVez8UZMCJo2WRdyw
110,2014,2,357,Medellin,6.232913221673742,-75.60527817416504,hRckxIuD5ACm7gvHiXoh0w,303,0,308,9,1743,False,5sd-VASHcUqJ7rOVORxvdw
290,2018,12,390,Medellin,6.235885386617635,-75.58333528296474,J-Bl9hBzobmy19OLuotBMw,468,1,1104,1,3464,True,J-Bl9hBzobmy19OLuotBMw
702,2013,12,398,Medellin,6.2438779622067,-75.59552944481572,k8LBIqg4GsiQas3yNFJ1DQ,375,1,654,2,1058,False,lX468iE2VsdpMXghTQxhzg
356,2015,10,395,Medellin,6.237059308835785,-75.57039544623623,lrYE6MiwK_YsPoVkdfXdeQ,534,0,575,12,3454,False,NYgGYqKpDAe5poycklEVWA
932,2019,4,466,Medellin,6.247907744098481,-75.57732573358686,o-0kD1TwIi0TCWkEk_MUXQ,295,0,300,5,1287,False,fM0O7WKGVIHsaVOZ2vJQdQ
804,2013,12,528,Medellin,6.245898680878511,-75.5992511128709,SyzI9eqGEqxp9icR4GXBhw,499,1,1105,2,3468,True,SyzI9eqGEqxp9icR4GXBhw
1261,2013,10,445,Medellin,6.254056263809062,-75.56635012606382,CAb_-g_MvMAOUYq3KnUKwQ,648,2,1075,2,3222,False,nBwwpR_T-SwPdTXQsSEkdQ
924,2013,5,502,Medellin,6.247975479324876,-75.58540920644634,zbhNJjP-HiTeyAGtSdglJQ,363,0,380,5,3470,True,zbhNJjP-HiTeyAGtSdglJQ
851,2019,6,613,Medellin,6.247033214208441,-75.60563412861985,FPGkeyVjGJ-vr-dkoWoCdw,256,0,259,7,305,False,Mb-An7ruclfppfyXOqY8fg
1066,2017,7,583,Medellin,6.250956852360838,-75.60243475467537,Yrm6uFObsuyokCxk_tH0BQ,835,0,1106,4,4339,False,pwMHH2YK5qfZYGiBAxfr5A
23,2014,1,263,Medellin,6.231623625316487,-75.58546843270332,en11egMzLVeK5uXZN4j9bg,330,0,337,11,3083,False,bEYNNZOkLBRsEvouaPf-kw
210,2014,8,169,Medellin,6.233846685077167,-75.55731847648858,3yKVrm61nBVZyeSUKfZIPA,204,0,205,9,4830,False,v-yfTP7ncEmWr_nE2rP-WQ
438,2014,9,110,Medellin,6.23902444013584,-75.59443369836163,aIw5jXI0GdJ6-e9oInIwvw,359,0,375,12,5219,False,g3uWiJsJd_VUkxnPB5tTHw
82,2019,7,396,Medellin,6.23195353579581,-75.57942803304131,IQL4K1yioUoZk7C3h5TMMA,155,0,155,13,5672,False,EQe_ny67VxxDchxxHXs19w
1026,2019,3,582,Medellin,6.250009341778268,-75.5894273696095,DbNlfBBhaeioxHCrrMXcHA,684,0,775,6,3477,True,DbNlfBBhaeioxHCrrMXcHA
879,2019,1,222,Medellin,6.246844092368788,-75.57749863482572,O98ARYvXtKNNY78bK0uLsA,700,0,800,12,2363,False,8eyEglL0qGbhrhrDWiv9og
657,2013,11,140,Medellin,6.243443916872976,-75.58729591809004,YsNvmgs6Hz8I9-JEaaxrHQ,773,0,937,5,4323,False,1uAOFzS_R8yEDVwuaD-5tg
846,2018,12,206,Medellin,6.246351781940558,-75.55735294849416,AaWK0zdYA4ikTrERLDuKyg,696,0,792,4,3076,False,juPZBljstVuc0UocKf5IKQ
1164,2018,11,189,Medellin,6.251900300067075,-75.55749405635954,MQ3YqTrWGu21VjSp2vzrlQ,586,0,637,4,3481,True,MQ3YqTrWGu21VjSp2vzrlQ
611,2018,12,635,Medellin,6.241890307007949,-75.58039525948288,f1Ux5-OJ1dueYbuwbcWNjA,337,0,345,5,774,False,nxv9-uX_IWSWjxDIwB1nHQ
1160,2016,3,456,Medellin,6.251919893960904,-75.56150928524426,BFV2O8ahXUXtblbZ6S8yag,804,0,998,4,4410,False,aPDFcURHxnccCx9sS4K5gQ
961,2014,2,257,Medellin,6.24901164469023,-75.60149487086125,1hLIBUWiEBRsOdBS0rPNkg,515,0,553,4,811,False,CMZoCns_VLNYQ_p6tzKEBA
804,2015,1,692,Medellin,6.245880335292568,-75.59927763835559,i_MOErg7wcgXjdarZeTuLg,499,0,532,4,918,False,on8C4uLjGwHxuIQwb-pbvQ
289,2019,6,353,Medellin,6.235922732484365,-75.58448272030653,DIHMRHDJv4IQq-EU5na1nA,305,1,1107,1,3486,True,DIHMRHDJv4IQq-EU5na1nA
879,2015,9,243,Medellin,6.246850641365644,-75.5774910360859,46uhRDB9IE30IeXz7FXyTA,700,0,800,12,2363,False,8eyEglL0qGbhrhrDWiv9og
320,2013,6,286,Medellin,6.23702872399173,-75.60746928293466,xbdyaBAvK8E5DbD3HTHPxQ,685,1,1108,1,3488,True,xbdyaBAvK8E5DbD3HTHPxQ
1070,2017,7,537,Medellin,6.250732810316625,-75.59840476935993,1SmIQ9ZBYMN15HcRwshvpA,822,0,1052,5,4682,False,u_r42eBL0og5rlm9j0sRhg
1029,2015,10,270,Medellin,6.249969644568182,-75.58672616996984,lcyolR7iBK90b4-VNjrreQ,281,0,286,9,5532,False,QwELPeJ-NW0myIqcsZWIcg
1065,2017,7,542,Medellin,6.250741352370399,-75.60349437272247,kbwcty3O9CMhN4SrL2xs6A,107,0,107,15,3881,False,WgppQ6H_BgO9kk4Oji70GA
1267,2019,4,405,Medellin,6.253745607427006,-75.56022589849475,IekQjCR7U-c_2-w1bzWXUA,150,1,1109,1,3492,True,IekQjCR7U-c_2-w1bzWXUA
393,2017,7,257,Medellin,6.238002403989656,-75.58612563504667,5kR5M2tveb7YZuiDObpf0A,702,2,1110,2,3493,True,5kR5M2tveb7YZuiDObpf0A
637,2019,1,524,Medellin,6.243014797451616,-75.60760101143393,SBqF9-yB3XfOw2b-p6JQCQ,798,1,1111,5,4640,False,E5UuL0AJYT27Nv9xajPIdA
1212,2013,7,296,Medellin,6.253045395934262,-75.56246878550273,RWyxcMq4chg7Ms274p8UlQ,620,0,679,9,1807,False,FqqagEzZnCTrVN-8l72cew
72,2013,5,516,Medellin,6.231768764686477,-75.58944487297957,YwcKxBG3kGwvT7VYNd0tBA,88,0,88,10,1413,False,tHWuLYo0l6M2T2hhnCPopQ
75,2016,3,293,Medellin,6.231860700583676,-75.58648863261116,Y9U1aqvaw70bSrmRBG_Zow,152,0,152,8,1382,False,rW8VfzP7CqxKuhkXRYyMIw
631,2015,1,557,Medellin,6.241962895883418,-75.56047231560707,zx_P_pobPVMa47mPPGlHgg,244,0,246,7,5013,False,VmoCLsE91UW3RA6XjmeLSg
680,2014,1,238,Medellin,6.243366825001521,-75.56420661834737,MH9WtiBynSW3-MEDI87OcQ,162,0,163,10,5027,False,9Wf-wyeLSm7fH5wEqI4r5w
280,2016,3,498,Medellin,6.235876240640926,-75.59337473007656,-VSTTeM6AHeB7dlEtyMGOA,571,0,619,7,5943,False,C5yYoh54Yyk_xgmH1uUeHw
1229,2018,12,517,Medellin,6.2539112034426,-75.59835915220393,FH-m9RZFzIS7D0mg4dV4_g,630,1,948,3,3501,True,FH-m9RZFzIS7D0mg4dV4_g
283,2015,1,361,Medellin,6.236109886889686,-75.59050007466222,KUTe7wOKKsrxatZXBms7UA,383,1,566,7,3502,True,KUTe7wOKKsrxatZXBms7UA
419,2019,6,400,Medellin,6.238094629341648,-75.56063036332097,m0ji_0GO2f0tbPBe8oQbHw,593,0,645,4,1087,False,HSr7SRp1kbICVWSz1saKlA
814,2015,1,589,Medellin,6.245912207402861,-75.58947885638322,2CewybpT08oiI5Yh6uGEHQ,767,0,925,8,4226,False,zXFINj75cGO4xERFpLS9EA
196,2013,7,531,Medellin,6.234048377166777,-75.57160259174383,n8Exynb-811sHELonuVuDQ,643,0,714,9,2907,False,MFbWKm1CPBQv69Cm95tfUw
1237,2014,1,131,Medellin,6.253801076148322,-75.59155313139365,DlwWIiesI-8yn8mJ8JMX4w,409,0,431,12,5748,False,Unaaardpp182O5rQXCgdRg
1089,2015,9,607,Medellin,6.250944835840339,-75.57951220670307,BKjdAr0ZGitL2_6FylQY1w,257,0,260,13,306,False,1CLVPkUIiL5Kkfp_3bJjZg
980,2018,11,178,Medellin,6.248991244386063,-75.58246837569912,go6x8L_k7i_HCUJYWOiXRA,686,0,778,6,5680,False,VxYKWnTbEM17paWXEuZJ2g
1257,2015,10,423,Medellin,6.25388478571382,-75.57019294195018,s4sNdNl9jO2XcPOg85vdDw,54,0,54,4,56,False,lYFgNMyNVYxIhfnNduYebQ
727,2019,6,190,Medellin,6.244112962384545,-75.57089968602197,deqxO-SOzWHcr7dt6MOVUA,771,0,934,6,5940,False,GLtzd96rmSFJhzeG_fM7yA
821,2015,10,357,Medellin,6.24601808377234,-75.58237990465908,xQnM1yCNdPxGKhdKxnepeg,156,1,745,4,3511,True,xQnM1yCNdPxGKhdKxnepeg
716,2019,1,369,Medellin,6.243953874130368,-75.58130724608952,8oV6u3uos4nfXnw0nenRMg,151,1,1112,1,3512,True,8oV6u3uos4nfXnw0nenRMg
869,2017,7,343,Medellin,6.247120582958074,-75.58741441466435,G_hvZJvjpJdpsflNRLf7cg,136,0,136,9,142,False,Y4IyBq_94D585bVzk4hAvA
740,2014,5,287,Medellin,6.243883948947457,-75.55744613848134,dUT9jORN5NvJy97aiRiXwg,194,0,195,6,2447,False,xN9ta9XmG5pYLKQiONRxhw
969,2015,1,211,Medellin,6.249092572487599,-75.5944239960883,QcQmEHg_2wkVwZZq9bR7yA,213,0,214,6,1895,False,NjKCaxA-xTYI7dEdZEG-IQ
69,2015,1,508,Medellin,6.23229459894039,-75.59241081055818,KfSDEtsIaienJ9v0Da1BkA,615,0,672,6,3516,True,KfSDEtsIaienJ9v0Da1BkA
1166,2019,7,451,Medellin,6.252982293775683,-75.60839798390052,wDVC04aUjuidEJXuC-dbQg,237,0,239,9,1760,False,YP5UoMWScXTMEh55OI0_jw
451,2019,7,323,Medellin,6.23949322453168,-75.58146309423206,4exkZPewGNdGbLZEO4-hnw,39,0,39,17,878,False,0KP4uohVrciniI71w7K80g
922,2013,5,419,Medellin,6.247969762690788,-75.5876688086435,E7cJa41zmaj96gyoD9Rk6g,79,0,79,11,886,False,QqWk_jcyZstjE_Qw8W-ACA
72,2013,10,499,Medellin,6.23177302757821,-75.589495601521,O9G866XWX9bAgdq_T2XbbA,88,0,88,10,1413,False,tHWuLYo0l6M2T2hhnCPopQ
305,2014,7,234,Medellin,6.235933513026028,-75.56844942213701,1AWVq91_2-THNW30_iEZBw,674,0,763,10,4468,False,mje2GBPFL-pA5Htkt7xscg
1167,2015,1,239,Medellin,6.253118696612385,-75.6073243378429,naRsOzcN2aLDklBm06r6mQ,743,2,1113,1,3522,True,naRsOzcN2aLDklBm06r6mQ
857,2019,3,266,Medellin,6.247210368784863,-75.59950237729723,zzT16Eb6hXo81_iwLBRAXg,787,0,961,2,2378,False,mnxV1jxecxCNV2nyX-WdQA
128,2015,1,420,Medellin,6.23302854378035,-75.58648765536373,0fp1jvBtaxNBlD9gyCXHDA,646,1,1114,1,3524,True,0fp1jvBtaxNBlD9gyCXHDA
619,2016,3,415,Medellin,6.241963649974788,-75.57261300641882,qh1pcoiXyMro5hkRitqaUQ,452,1,810,6,2902,False,bjqEhK1xOyKK3_-2vM6Hfg
350,2013,10,374,Medellin,6.236979116362841,-75.57644736857674,A-B6pXUR1fNtZi7S9OPTPA,814,0,1037,11,3422,False,5BImpe3gJA8stYiLfHQNpg
234,2016,3,536,Medellin,6.234910640000132,-75.5864195800878,JFMaQEOJjixHF4IMkkfw7w,87,0,87,3,3911,False,u95dSEwyG9K89Tb2Yhsmjw
1087,2015,9,355,Medellin,6.250983843500477,-75.58144994050521,F9UdsoO41EYhSGANz4aihA,752,1,1115,1,3528,True,F9UdsoO41EYhSGANz4aihA
808,2019,6,454,Medellin,6.246174741669003,-75.59554967150316,TTBh_hThPeEllJLPL4uuMQ,755,0,897,8,5140,False,56r5qn5lITzqKeThRbd62w
912,2013,5,334,Medellin,6.248072862792684,-75.59748649817406,A_4hmmA9Ldry9F2UasJFXw,778,0,947,5,2424,False,2HrC7WCj3KBh1ZlPyQRLAg
8,2017,8,385,Medellin,6.231128156367059,-75.60048620893122,RR5wj92OIagus2WYPzP8Xg,653,0,730,10,3833,False,alWIgEunkkyCEc-dbHge8g
218,2019,1,255,Medellin,6.234996523968803,-75.60227731324298,faMvBRv-x6xhLGmJSUcbqA,35,0,35,13,5934,False,T1HS-nV-3Eq4uMuq8YtPUg
802,2014,4,322,Medellin,6.24597988581737,-75.60111574014002,X3scGjJnYzCwPH1qIndUHg,676,0,766,4,4836,False,Idy-AGODDc_jKrW3hpJGXQ
477,2014,4,630,Medellin,6.239962758929889,-75.60824796523679,c-ru7WFSldPKKfWAgLg5pA,211,1,358,6,3534,True,c-ru7WFSldPKKfWAgLg5pA
1104,2016,3,97,Medellin,6.251030530141446,-75.56447078835728,g3MkBy3YL1WIS98QaWppjg,287,0,292,8,5098,False,gHx-aXrPsrHMerDne-dDAg
281,2013,5,217,Medellin,6.235941154391277,-75.59158743997959,oAzqg2X7-651v1ufUtyXOg,456,0,483,6,1876,False,_YDiSSegq85uM5QYW1gJ4Q
674,2016,3,362,Medellin,6.242938099317342,-75.57044956856659,CWzZeuEpUnw704UD9cMvlQ,349,0,363,9,5648,False,5MqURlS_gzYPkWTSA5xu-A
111,2019,1,283,Medellin,6.232967142971016,-75.60349748625684,ML5YfyH0EOBEFJ-YkNyqLQ,335,0,343,5,905,False,1XiTT1xKANo21WRQOtgSfw
969,2014,2,220,Medellin,6.249095919306391,-75.59444214518824,eeyI1jloYTvcGau-ZzRrOg,213,0,214,6,1895,False,NjKCaxA-xTYI7dEdZEG-IQ
353,2019,6,182,Medellin,6.237063488195527,-75.57362569955724,iKlm-pQz0CWsbJGR1nG15g,758,0,900,7,3540,True,iKlm-pQz0CWsbJGR1nG15g
908,2015,1,339,Medellin,6.24797202896002,-75.60153134954807,XBK2cNfLfr4nHZyamvRSLg,780,1,1029,2,2741,False,t74VlVdDiARpp949kk1nOg
818,2015,10,326,Medellin,6.246057748046283,-75.58548081088146,Dlsbkx1Mm7xHe8jL1QwMOw,793,0,972,6,5191,False,8RVckX3_zkHhvmuXWKLRWQ
248,2014,4,409,Medellin,6.235119974943992,-75.57248922481203,y3X3vNpSgucbeq3BNy506Q,332,0,339,13,5031,False,HhP3a0w78KKBzm0LMsWKVA
814,2017,7,583,Medellin,6.245915221729788,-75.58952696725953,YH9Gdl64n9--LBcJABgcUw,767,0,925,8,4226,False,zXFINj75cGO4xERFpLS9EA
542,2013,8,397,Medellin,6.241062505997589,-75.59643964694357,pepJHQxwNpN-tRfUPKJi3g,608,0,665,8,1081,False,MVPu3mDcYNcxDSIWfyfq2w
854,2013,11,485,Medellin,6.246937971750862,-75.60248151563827,iHwkSCiMayvOWUVp_Jv67g,68,0,68,12,5545,False,42LuKNrdDFPXt0lMmHPJeQ
1190,2013,6,393,Medellin,6.252812216794416,-75.58446013530444,4PhlPUrh2b8JvkFytupxjQ,73,0,73,6,5804,False,RtrL_ETdDECXTc-C8pPzog
1047,2013,6,391,Medellin,6.250022023256427,-75.5685291016519,3b_0H3FHgGuACZa6r8cO5Q,585,0,636,6,1021,False,yva5sXJ7PCy3SmoPbcvwbQ
190,2019,1,436,Medellin,6.233906900433431,-75.57747542118763,Rzn2-bEJsOlx0rD9hZeSmQ,51,0,51,13,2328,False,Jj3PuS5Kn97wei73d9G-2w
694,2013,12,667,Medellin,6.243940333291261,-75.60337359831456,F21Xn076swEBUglprV7dyw,833,0,1098,5,4143,False,mCjmzEE0HRLrrvvwHGxXXQ
1069,2014,4,458,Medellin,6.250931287778158,-75.59974898848803,RpPiierLkqB-f9bz9BO-KA,36,0,36,9,5802,False,TpppRd6DKTgsSeKmhJEZkA
199,2017,7,163,Medellin,6.233918132006436,-75.56835301720626,N8l5JNhE5MN4GZs3Ih-pTA,724,0,842,8,2320,False,zWygB9Zt9mR6kkHS0hWmmA
392,2017,8,325,Medellin,6.238017417949532,-75.58747789873618,kFj-lRJxPGKFvwz5DtSXgg,292,0,297,8,1191,False,5BIDX5zsermmN027xck0NA
578,2019,6,178,Medellin,6.241064140772021,-75.56076126415806,e_DAX8-X30KR2-5FuRU08w,815,1,1049,3,3554,True,e_DAX8-X30KR2-5FuRU08w
551,2016,3,142,Medellin,6.241308795061729,-75.58768357558904,tY9ij5bL0LT-bvI5Om2bfA,382,0,400,8,513,False,lK9Q2Exd-ZuvFYawNz1QaQ
773,2016,3,344,Medellin,6.244983055180057,-75.57749090207139,ph545ntkRvosED-CIbgDTQ,823,0,1063,5,5958,False,0u-5NJJ07E2LngjldOpS9w
947,2014,1,323,Medellin,6.247751209307749,-75.56362907361617,eb0owjpcXStGa480ZFsZ6Q,662,0,744,8,3557,True,eb0owjpcXStGa480ZFsZ6Q
306,2013,5,296,Medellin,6.2356814792693,-75.56831257136325,Qnpcol-6vJCebQgRPJwhsw,271,0,276,14,4893,False,Z0-_XrPiigik7bdjF6wS9w
300,2019,6,370,Medellin,6.235941948394493,-75.57336695645233,i3x5a76MLW5o1WJ2qJ1ozQ,447,0,471,8,644,False,eOEqZvGrumtllMnEuZKAog
875,2017,8,353,Medellin,6.246998693971684,-75.58168167337725,dj__CJbxCbiUYIuB3hc6gw,451,0,475,8,2237,False,XxirtS5uA4seteSHMfArmQ
1107,2017,6,408,Medellin,6.250934967787766,-75.56140494150814,k3HbgBbkDvsSsEMMMdBxdQ,263,0,267,4,315,False,IpjSldHqEGqzO0_48WcCAA
337,2013,10,306,Medellin,6.23703263109461,-75.58954786462057,4rdZYO_DrQYspWZ_4C7UHg,809,0,1012,3,2638,False,3rrjq0YUc19J-AfUrghTqQ
1032,2017,7,139,Medellin,6.25001662794693,-75.58349345152072,8L-XMn4H0kUJUokMDbnz5Q,564,0,611,5,960,False,d3q-4uDrjm6pHfm0dW9eBQ
1194,2018,12,342,Medellin,6.252824499796689,-75.5802089197763,L4L8yYRSkkORTU05K8Mmag,253,1,976,4,3564,True,L4L8yYRSkkORTU05K8Mmag
45,2015,10,100,Medellin,6.230802859040975,-75.56394196335803,8Du01qN07sPE3MWnttOSbQ,737,1,1116,2,3565,True,8Du01qN07sPE3MWnttOSbQ
716,2019,6,545,Medellin,6.243923715688138,-75.58133577029179,MOKEDTh8jxh7ut-_yKHMug,151,0,151,6,3566,True,MOKEDTh8jxh7ut-_yKHMug
1149,2017,7,253,Medellin,6.251806574741967,-75.5725585464219,w99tbaQKXd99g63jartRbw,241,0,243,10,3567,True,w99tbaQKXd99g63jartRbw
1196,2019,3,435,Medellin,6.252976376958542,-75.57851293206215,4ATdCaO_kvhAUly2OmueSw,433,0,457,15,1564,False,FQAF46Hu7m3Ad0KzprONFA
138,2019,6,424,Medellin,6.232937450964434,-75.57641669864553,ciUhc3UiX0yREmn3HXEIMw,647,0,720,6,2739,False,3F7XToTNq-_DIok3YIHbwA
519,2015,9,449,Medellin,6.24001331377279,-75.56641001323658,gv2jApYz4v_mDqMKlvy_rw,370,0,387,3,2813,False,f0Gr0komzQpXBrUcTUXHOw
1043,2017,6,402,Medellin,6.250183257929764,-75.57274409835966,CLsgiPC6s4WMSZYH-jrVvA,216,0,217,6,1506,False,7xyRPpzWEYnd10YSgBOVug
497,2015,10,342,Medellin,6.23987334506803,-75.58842356569689,Oi1IHbpjAUhbE-kNPSAooQ,172,0,173,7,3572,True,Oi1IHbpjAUhbE-kNPSAooQ
931,2016,3,306,Medellin,6.247832776460332,-75.5794262033077,gtKKDVQkHNorlBKquD-_3A,121,0,121,17,2711,False,iuuOp4Qjdr-KC2e7QSgVJw
694,2013,5,651,Medellin,6.243938253567002,-75.60336098447188,LhaO8ON8kekzvuNwsYi1PA,833,0,1098,5,4143,False,mCjmzEE0HRLrrvvwHGxXXQ
196,2013,5,553,Medellin,6.234047375515903,-75.57160346938315,9yTAVAL_T42H0SPg3Zz5tQ,643,0,714,9,2907,False,MFbWKm1CPBQv69Cm95tfUw
722,2014,5,486,Medellin,6.244031744680604,-75.57551798772091,Yjn5NsBGqJASXdKOHb4DVA,224,0,226,8,1849,False,tJ1-IWMcJzQWXYxweHh3SQ
95,2017,6,245,Medellin,6.232102866793948,-75.5662494700105,z_cJKiDv71a57C08GPs12w,233,0,235,14,5839,False,_P6tQqQcX6nWTfT4Fw0NfQ
1242,2013,12,405,Medellin,6.254022147991562,-75.5853881507632,dtVyrFHq8aF5Zq9kt7qGjw,466,0,495,3,685,False,S_S-3VZlkiUJVLR2aokeGA
952,2019,7,463,Medellin,6.24791138801734,-75.55733736742641,vHVo4aIJBgyCU_6PmmQQHA,580,0,628,4,3579,True,vHVo4aIJBgyCU_6PmmQQHA
837,2018,12,197,Medellin,6.245974898193384,-75.56646890170133,6AwEz-xDhDxgnbahT0tjPQ,343,0,354,5,4452,False,BLP7F8bIab_lUBVNsOSwxQ
65,2017,8,583,Medellin,6.232172260627133,-75.5964547819443,3a7QcrOD7Q8ySnOqAOuLBA,64,0,64,3,66,False,5MIhPDFNueOn7Pn3K6OutQ
1199,2019,3,592,Medellin,6.252981238439317,-75.57547331250727,xOPvbGpzDIRzb2sfn2apyw,628,1,922,4,4808,False,b0-zN0JSbt-pG08PQOvTVw
949,2019,7,424,Medellin,6.247627489997897,-75.56062311395029,xhdSefRCOXXR7GEEjoBykQ,445,1,579,4,4863,False,tYrn22UVJ9CTGEi3YtYKlA
354,2013,5,153,Medellin,6.237239711042825,-75.57239727171286,UfNqacTsecWyVbRlbqIA0g,494,0,527,12,2640,False,7OSej7xSqYlcvU_UYP-jxg
553,2013,10,378,Medellin,6.241067878108904,-75.58545237331042,oI0DctHimh3nSwpdaWVrcw,21,2,1117,1,3585,True,oI0DctHimh3nSwpdaWVrcw
1037,2017,6,322,Medellin,6.249993138666115,-75.57852297002997,u_suU-gRYKQgTZZ30fg8vA,507,1,762,2,1418,False,LjsTxvtj39C2iyUOSr3OPQ
579,2018,12,278,Medellin,6.240900599400582,-75.55928670032404,1_npMt_wL1rvRkVP3VzVxQ,428,1,1118,1,3587,True,1_npMt_wL1rvRkVP3VzVxQ
376,2013,6,454,Medellin,6.238161539023025,-75.60349827906971,6tM0JmoIkymM3O5E9o0BRQ,797,0,979,3,4331,False,02JbT9ZkCuOi_Y36Ho0v5g
170,2013,6,312,Medellin,6.233997698797265,-75.59750103301153,EzuO7OA-_Pc-9ftYVoywsQ,5,0,5,7,3625,False,5BbFzmDyb7wTxG0g5OOU5Q
866,2015,9,535,Medellin,6.246918845898721,-75.59045116206015,mTGzDMEljIwSTVoZX5dnyw,65,0,65,8,4368,False,6NYrLRekV_hd4BQcBlQqsA
227,2013,10,616,Medellin,6.235109700267374,-75.59348120227689,RNTTlB5nJs_iEN6GaxryFA,807,1,1119,1,3591,True,RNTTlB5nJs_iEN6GaxryFA
755,2015,1,405,Medellin,6.244895912774342,-75.59536435867888,Mnyr9Wbx0zxfPVKhRBuPpQ,661,1,1120,1,3592,True,Mnyr9Wbx0zxfPVKhRBuPpQ
573,2017,6,335,Medellin,6.240977324140946,-75.56550004700675,x_OIjaYW0QLZRy_v3IExZQ,504,0,537,4,4752,False,Ya6Li6r41CNiJ4q2QNzNyA
1051,2013,10,438,Medellin,6.249949964482084,-75.56435486356483,TZIbdRgQIuqCoNw1p1sD_g,191,0,192,15,3147,False,Mb20BGziyq-smEbDgCSXJg
176,2019,6,492,Medellin,6.234000957831793,-75.59152430857961,U4pyBhke5Ghl2aMYvulS3Q,664,1,1005,7,5576,False,qMB3zKGRn-pluyXGMC4a3g
857,2018,12,431,Medellin,6.247240154071435,-75.59948517240947,w8-MU2LtYllSTICPsEQ2zw,787,1,1015,3,2681,False,AhbP2PGj6n3v3gv8Odc96Q
34,2013,10,255,Medellin,6.231072388167514,-75.57446867881313,AV-qBzdkeGCQCeGqZ_QV9w,308,0,313,8,2287,False,8c0vXGokwBvdMR6nHShWpw
1108,2016,3,453,Medellin,6.251158157516685,-75.5603245302376,FpmCmkyFZ--__s4fQy5XBQ,827,0,1084,5,3292,False,HyKh6Iok7PtmKxhckkDokg
71,2014,4,364,Medellin,6.231675685843824,-75.59046848947469,mNhcCbzv7A3Q_xXsrM7Cxg,425,0,448,8,4765,False,TlURduS1j2415ThkPrFowQ
539,2013,12,583,Medellin,6.240736369524876,-75.59942966476686,-RfYj2YJfUzsWWRKF0axMA,71,0,71,4,1030,False,debNqCc1rghhAwtvkb0-uA
357,2015,10,273,Medellin,6.236977585700645,-75.56950752529985,X-w0lioXtkCiRK1Vf9sbLw,503,0,536,15,4633,False,lHqPaXIdMlo_sny6QGShNg
460,2014,2,269,Medellin,6.238997588119365,-75.57246368686336,J1yc-g9O-pj85Z5eoR7aUw,100,0,100,9,1675,False,vbUJKT0pt6lESqFUToPApQ
712,2014,1,637,Medellin,6.24403852310677,-75.58554530657825,CFl4d51pIsVww-1_d-xHqQ,493,0,526,8,1698,False,WeyEKtQr2VvIPWNJ5sGaLw
1014,2017,7,321,Medellin,6.249932134724197,-75.60131841545936,yArpnniD77c5_7evaYqpXQ,102,0,102,9,2167,False,mBNYV3TZVEZQ-Am4YTk6kg
808,2017,7,468,Medellin,6.246157943539721,-75.59558300516818,XUiaqfZQ6m6nqjkl1wyJgg,755,0,897,8,5140,False,56r5qn5lITzqKeThRbd62w
463,2015,9,441,Medellin,6.239033123130917,-75.56952495103003,Ud2DZF3eRrrI6-QKOZpmnQ,123,0,123,10,4579,False,WfR4sEgsguZ-wwLuSiu_RQ
37,2013,11,61,Medellin,6.230703494555268,-75.5717620778094,Yq_uPG6oVy_tyEiJwJNY4Q,654,0,731,9,3032,False,N4Og8r3LjqBG3BPthiq8qg
184,2013,5,511,Medellin,6.233935627651706,-75.58334286548369,9MZDmF_Hr9Qndcpfr0JugA,353,1,1121,1,3608,True,9MZDmF_Hr9Qndcpfr0JugA
323,2014,10,572,Medellin,6.236909941822052,-75.60363928265005,iS0QMwYd-rFBnUN8Xbhkbg,128,2,1122,1,3609,True,iS0QMwYd-rFBnUN8Xbhkbg
43,2013,10,453,Medellin,6.231049528387929,-75.56560446210531,C3DJv37ob464136x5Z6yAA,52,0,52,13,5508,False,lowyxbygebLHZ9RkBBd8tA
703,2013,10,229,Medellin,6.244029185292195,-75.59436431434581,ZduDZ88_T2L46GVzJj6t0A,479,0,510,8,4488,False,sum4ldqupyh9sTodit7gxQ
117,2014,1,302,Medellin,6.232839473014019,-75.5974483510902,T2EiNlltup6snrj_yZb2MQ,137,0,137,6,5060,False,Tz7jPXMr1BXzT3PQVLjfDg
1089,2014,7,631,Medellin,6.250943241691451,-75.57948231746731,QxVc1PzWP5Gz5zQXQ5OXpA,257,0,260,13,306,False,1CLVPkUIiL5Kkfp_3bJjZg
1000,2013,6,440,Medellin,6.248914078040692,-75.56215628639026,E9zv3hDs5du6aupnO7Q62A,632,0,694,6,5450,False,spYNju9F8XSMez64QdlSdA
772,2019,4,264,Medellin,6.244869438703504,-75.57861127777994,rqx_tvQ-jhSkkPxAGA8-ug,225,0,227,11,439,False,iNi6ZSbJqnsuRazytIxJmQ
607,2013,5,459,Medellin,6.242027525440507,-75.58455316482858,swPFhbFQBZWO5-nDkzQ27w,364,0,381,7,483,False,ZTXBURk2Dk2q0US1r_CVnA
91,2018,11,80,Medellin,6.231962090804171,-75.56998619444377,olvN3g47TtXQ_VIPacvBSw,207,0,208,12,4976,False,y2HrIikM-v2xdTeiiWd5Rg
439,2017,8,145,Medellin,6.239054100168008,-75.5934682079895,T_hqpumx2dHrxd21VXPTgA,133,0,133,15,139,False,6RODKNs7Mffqx12nXyMPdg
55,2014,1,519,Medellin,6.231856351648877,-75.60644680882027,SgRksnxm-LdXBQD0ujx2bQ,176,0,177,6,3619,True,SgRksnxm-LdXBQD0ujx2bQ
512,2015,9,280,Medellin,6.240111756311498,-75.57351220505149,n86BZjdxvlno1hjRHUf9gQ,28,0,28,3,28,False,PiVvfRcWiNn7VA8iZ5IeZw
283,2016,3,369,Medellin,6.236102316926974,-75.59049498671943,YctQIJd1IUF4dM5YPOXwfg,383,1,566,7,3502,False,KUTe7wOKKsrxatZXBms7UA
6,2019,3,83,Medellin,6.231032237137116,-75.60249687313558,IeIhH55pDi0OnnyD0SgTkw,723,0,841,5,3416,False,KlruSmK0f7dVtBAR07KaHA
401,2014,1,239,Medellin,6.238012218727834,-75.57844292937337,g900ZI1KntHBptvT8NRyIw,69,0,69,9,2069,False,78r3a1p1RwUfq3-TNtrWEA
746,2019,3,457,Medellin,6.245168923748211,-75.604454718649,yXL1s6P38vmeq_x_xzq4hg,766,1,1123,2,3624,True,yXL1s6P38vmeq_x_xzq4hg
170,2013,10,326,Medellin,6.233972705132329,-75.59749316161407,5BbFzmDyb7wTxG0g5OOU5Q,5,0,5,7,3625,True,5BbFzmDyb7wTxG0g5OOU5Q
1154,2019,6,240,Medellin,6.252187152471881,-75.56633590404324,6dnxYxSIzmj_gPpeJg6ebQ,220,0,222,6,3626,True,6dnxYxSIzmj_gPpeJg6ebQ
279,2019,1,162,Medellin,6.236046474708637,-75.594616746616,FKdw5pwWeOGya8N_rJdRnw,634,0,696,4,5677,False,9WqEQk9w-toslZAVNYFsiA
1136,2019,3,319,Medellin,6.251863651947322,-75.58610221141633,Punz869V0I6EJfbKsko2NA,142,1,342,5,426,False,3oiWt1TtzrVaQWxf98OBNg
144,2013,8,202,Medellin,6.233019793461272,-75.57006177512292,wvbM4lfjqCwevP6sRf1vHw,183,0,184,25,1616,False,oFs5LoL1vDLaMHFkDtwqbg
648,2013,11,451,Medellin,6.243143690927448,-75.59623653790335,at5uV7PCEGjX82OUXKWSoA,679,0,770,3,3630,True,at5uV7PCEGjX82OUXKWSoA
1196,2016,3,456,Medellin,6.25295118312333,-75.57849247234199,Wq6Tav2YMb8VoYZYvlBxFA,433,0,457,15,1564,False,FQAF46Hu7m3Ad0KzprONFA
496,2012,9,585,Medellin,6.239972072068834,-75.58938839139464,vtliyKB9luwq19b3Uf_mxQ,568,0,615,10,4722,False,Cb1mggJLg_fYLs9xjf1DdQ
112,2013,7,61,Medellin,6.233019164803262,-75.60219393623188,nxgcEhbrhN_xvRQrxSk6lw,230,0,232,12,1479,False,KD0s_SaX4GVUOx6UymXT1Q
1161,2016,3,670,Medellin,6.251939464198474,-75.56048685139984,0ob2gGhMTloMQkq8Av-pyQ,424,0,447,5,596,False,7bf9ag6QK5yUuvuDxuYgPw
88,2013,9,497,Medellin,6.231934935574688,-75.57331672995204,AqbBMkVCjU12ZrE8Xu3h3g,576,0,624,5,3635,True,AqbBMkVCjU12ZrE8Xu3h3g
1035,2013,5,313,Medellin,6.250406973774483,-75.5804955639758,bmLupdXdw3MgYfUbcetXZw,413,0,435,11,1158,False,S93MMwqhbadPTKBSOyjvyQ
781,2016,3,304,Medellin,6.245004717187226,-75.56943919915385,b9Hip0EcRPSyLf_j1CokYQ,61,0,61,8,3637,True,b9Hip0EcRPSyLf_j1CokYQ
828,2015,10,162,Medellin,6.245794118546273,-75.57551558515922,Q10p5TfkkljpkG3GvoN5iA,180,0,181,9,1171,False,d3Gv__y4WE7OHMcBgNN7RA
806,2014,2,511,Medellin,6.246116699974327,-75.59742638265077,hJJl2xF6O1iXubLYD6L8sg,431,0,455,9,4813,False,tf8dcwFShQMz1np21ZU_XQ
459,2014,2,606,Medellin,6.239070127577595,-75.57360698596091,L2CX41phD2G2iDOfQFJsBw,250,0,253,7,291,False,HiId4qPDLormsw877-3dWg
552,2015,9,236,Medellin,6.241177876070997,-75.58632602390331,b-zwKt7-9VTxxxLN4C7j9Q,188,0,189,10,1347,False,OgvwutI4N76F6_VVi61v0A
76,2019,6,517,Medellin,6.231881655045478,-75.58546586560543,3IErCbV_CzF3jAfED4l9mg,325,0,330,9,904,False,95wGcwZKDlQpEWItAphdVQ
299,2013,7,411,Medellin,6.235984690204211,-75.57446303149791,8urxXsKfkat-ifJ3LdYvwQ,70,0,70,11,114,False,v_JB2FAjB7P1XaUByPtBvg
356,2019,4,366,Medellin,6.237083879133142,-75.5703760047883,78s4i5D0HetkXsjzj-nBLg,534,0,575,12,3454,False,NYgGYqKpDAe5poycklEVWA
224,2016,3,382,Medellin,6.234958296933687,-75.5964852107635,Ga3181yl54lhWsS6QPsiTg,626,0,686,7,1661,False,xJznRoeRLe1fK01A8Gsmzw
213,2013,6,237,Medellin,6.23494427193162,-75.60740429899543,d4hk0t-Gb9zjjsvKTqeCDw,189,1,932,2,2179,False,w759VVrDWLKwQpsPODb8nw
982,2014,10,493,Medellin,6.248898524210958,-75.58035579681352,k9qlwl7tTXPWtqO4Dlqqwg,110,0,110,12,5199,False,Bgf2Z4iqi1Aiv4nff55rlg
874,2013,7,622,Medellin,6.246888068668173,-75.58237135036484,6dXvVv00o2lxktz2MhpVDA,265,0,269,15,967,False,oPuVUtuDiT7gajx6H2u2ug
870,2014,2,180,Medellin,6.24700364684039,-75.58625072263365,KDqyUHkbQE1VcaWrEiclUw,774,0,939,5,4458,False,3XcEai1fdqrY2YfyKqFgGw
506,2019,6,456,Medellin,6.239776110909301,-75.57940058549735,WqfHxCBbymhGZKtU9Uk5rA,215,0,216,4,2568,False,jhTalSGkmzm3uqqKvEci3Q
135,2015,1,315,Medellin,6.232955058846954,-75.57952014710129,DymHjXpwZ187mZZ8dHUiwQ,331,2,1124,1,3651,True,DymHjXpwZ187mZZ8dHUiwQ
467,2013,5,548,Medellin,6.238949495637636,-75.56547592758467,pvxf9LOH_KsC-Pd8fYBb8g,832,1,1101,2,3434,False,8u78aPVSM1i9kO6SnD3Qmw
503,2019,6,584,Medellin,6.240082414679719,-75.58245384763568,FEkNCVFOMZssAYFiYDzPCg,450,0,474,12,3653,True,FEkNCVFOMZssAYFiYDzPCg
927,2015,9,235,Medellin,6.247933477544023,-75.58257737461594,ccQzkz14E8_L10PG6Rjbqw,354,0,368,6,1477,False,6naycHFLqnB0DR_6D7TdQg
1098,2017,6,347,Medellin,6.250725078761458,-75.57056391092081,CpxJ9_6SP7CrFuCnJJXMlw,286,0,291,6,740,False,-VxLkuJ943OCoD-6bYdWkw
439,2013,6,151,Medellin,6.239062762283949,-75.59344851136159,tBCCYMK3USkMv-XmL7gctQ,133,0,133,15,139,False,6RODKNs7Mffqx12nXyMPdg
686,2013,5,26,Medellin,6.243197305151697,-75.55825418338591,XhYIvTTgWqGJSDxGVMDfNQ,645,2,906,2,2034,False,LyGzDBajBKnAYuwNfYZWQQ
227,2019,6,435,Medellin,6.235106901149856,-75.59349216695504,EdjmApmfTr78NFZ1OefkaA,807,0,1008,2,2603,False,YiRvSxPYwOD8etgHCDyxIg
1019,2019,6,353,Medellin,6.250116195054842,-75.59750350672633,Fc9JXdGVEJqSEYjjySVYyg,657,0,735,8,4954,False,1L2byP3jMPSO630asPsJtQ
783,2013,5,377,Medellin,6.24510324086926,-75.56757530304556,1wtuXxPbmeiTXj9ihNGgmA,307,0,312,9,851,False,GHonC3dwmjCNsS7-DOCHaw
1244,2017,7,173,Medellin,6.253933242666401,-75.58352558869741,FVTdp7_j3zF7c7rh62HCfQ,186,1,740,3,3661,True,FVTdp7_j3zF7c7rh62HCfQ
180,2013,8,258,Medellin,6.233998479402077,-75.58735441565872,_1LHKdbnllSQVUQRC6NR4A,582,1,813,7,3662,True,_1LHKdbnllSQVUQRC6NR4A
1251,2019,6,298,Medellin,6.253890568231468,-75.57650774241604,setENoiw1fRS9BvPnpuVOQ,754,0,896,8,5487,False,-9Ci_nz8J2IU2T5sAv12Fw
926,2014,2,455,Medellin,6.247897729689829,-75.58343676405333,sg1C7bx_yXFKkh4gas4rPA,222,0,224,7,1755,False,bQeKH1UgGodeMpobSjqdNg
727,2017,6,166,Medellin,6.244115405603748,-75.57089164542222,tGRx44LYuui0GF2-Aa_Ajw,771,0,934,6,5940,False,GLtzd96rmSFJhzeG_fM7yA
460,2015,9,260,Medellin,6.238992736585026,-75.57247790842558,uWlqB7owKi2lTPZ_EODx1w,100,0,100,9,1675,False,vbUJKT0pt6lESqFUToPApQ
617,2014,1,327,Medellin,6.241877845971461,-75.57445134270661,_7rUPhFrgPC6P8OKIHdkkg,297,1,1125,2,3667,True,_7rUPhFrgPC6P8OKIHdkkg
64,2013,8,329,Medellin,6.232125483154302,-75.59750119628346,bKswZxyG5c099bImx_aIjw,812,0,1028,7,2810,False,_BfJVwrPZl_rVgCdvKBUTg
681,2015,1,486,Medellin,6.242874087471002,-75.56354437246694,wFLVr1T5F8b2CYY2haQ0RA,435,0,459,10,3200,False,BkYONKaC4IfL9g4oLbfuEQ
77,2016,3,502,Medellin,6.231906852774277,-75.58442179982822,-wMFqNPWU3WyCG1QNSukrA,16,0,16,9,16,False,5UCCGvO8I8E8-aLlAw-gVQ
619,2013,8,406,Medellin,6.241966183576927,-75.57259852512436,2cXNnK9XQHshy_zmOPjo4A,452,1,810,6,2902,False,bjqEhK1xOyKK3_-2vM6Hfg
864,2019,4,460,Medellin,6.247014716279436,-75.59244125084389,sJkPEzaFrONWQ5EeFz42vg,270,0,274,6,4498,False,bJmMTJ6PuYiXCVpwl9jfZQ
139,2014,1,300,Medellin,6.23292091072115,-75.57500586267533,Oac4SReapgQIlm5F3EglRA,187,0,188,14,2830,False,iCqDiyAXSg7bFacR5rT8kA
1063,2019,1,325,Medellin,6.250946701651342,-75.60552481816727,HZeu211b3c6AOBNi6ZxZCw,537,0,580,10,5826,False,oI9fqFFx5ZctOqQB_FT72g
1243,2013,8,431,Medellin,6.253985111837422,-75.58430556254892,aYT0Pv4Cj8LAoYBRSj_vyg,76,0,76,8,1900,False,kVT0lw3DwCKPWK5mY0t1Mg
964,2013,5,544,Medellin,6.249101841257114,-75.59844711282761,u-DPiOF01pdekAINTD8Zhg,816,2,1126,1,3676,True,u-DPiOF01pdekAINTD8Zhg
139,2013,10,304,Medellin,6.232925393873622,-75.57506614825495,gLP90DIi6dILUjnQ5JTUTg,187,0,188,14,2830,False,iCqDiyAXSg7bFacR5rT8kA
385,2017,6,357,Medellin,6.237915937634571,-75.59445012624099,aSK5Uczr_Zn4fWMIifvGNA,566,1,1127,1,3678,True,aSK5Uczr_Zn4fWMIifvGNA
731,2014,1,673,Medellin,6.243956874379569,-75.5663661577394,_1pISM7d65xOqy0NIc0Umw,229,0,231,10,4668,False,mo9c9zhAB-XkmXxLP2qzmA
529,2013,12,399,Medellin,6.240383006088092,-75.55628496284355,XPuY1Qi0lNJRROLVMueANg,66,0,66,9,2351,False,jb7mMKcT8x3Jzf2V3PNvRg
278,2019,1,472,Medellin,6.235912682639208,-75.5954373334297,uYfPMKLbgLSIWzicYG9YDw,785,2,1128,1,3681,True,uYfPMKLbgLSIWzicYG9YDw
439,2014,2,162,Medellin,6.239056048886434,-75.59348517156722,r4KKT8Oh1xJKYyP84ar__A,133,0,133,15,139,False,6RODKNs7Mffqx12nXyMPdg
1057,2017,6,336,Medellin,6.249947796627301,-75.55837791879364,bl-cI7E5OHi6Ldndrp9HyQ,791,0,970,5,4848,False,UMQp5EEtrs_ccmXOJYWoHA
356,2013,7,388,Medellin,6.237083262556858,-75.57037318895743,q3aTxsWn5ihKVrsS1d5JDg,534,0,575,12,3454,False,NYgGYqKpDAe5poycklEVWA
1038,2013,5,463,Medellin,6.249953267638968,-75.57745071552623,eqE_XljNB-UqlEMxMkZCIg,602,0,658,5,1069,False,JefC7m_kvmd9_zmR-ayQOA
37,2014,1,44,Medellin,6.230671851826411,-75.57172285709701,BLOf7ZAn4bqBRU3ngCIJYg,654,0,731,9,3032,False,N4Og8r3LjqBG3BPthiq8qg
95,2014,10,226,Medellin,6.232113922343239,-75.56629661058355,QWXXyWJ49y_pZetWjBjqhw,233,0,235,14,5839,False,_P6tQqQcX6nWTfT4Fw0NfQ
357,2013,11,267,Medellin,6.236978426748787,-75.56950938276346,qTgsuLAI18Roznj9mrTWvA,503,0,536,15,4633,False,lHqPaXIdMlo_sny6QGShNg
1079,2015,1,380,Medellin,6.250961794250296,-75.58938865259432,TAqmJCt7VIEhHCItgxmNvA,323,2,1129,1,3689,True,TAqmJCt7VIEhHCItgxmNvA
514,2015,9,314,Medellin,6.240069015126283,-75.57162924545135,vIsPzCp1-ylpWR-fnB1ZpA,313,0,318,7,3690,True,vIsPzCp1-ylpWR-fnB1ZpA
8,2013,12,373,Medellin,6.23112394879882,-75.6004493622124,Uax7KJ5-FqCbuS13vjzrCQ,653,0,730,10,3833,False,alWIgEunkkyCEc-dbHge8g
14,2017,8,254,Medellin,6.230950912854295,-75.59449164644049,wB73g4ftqxIXxusYor02bw,836,0,1130,3,3692,True,wB73g4ftqxIXxusYor02bw
409,2018,11,199,Medellin,6.237955923417316,-75.57044523882264,fKTpmuuB6e5Mq1Ix4aBmWw,487,0,519,6,2714,False,Nvziye1_9FR3bEhX9V3NbQ
908,2019,3,525,Medellin,6.247996274850543,-75.6015120576587,JOERCuzFsp-ScILUMEu8qA,780,0,951,2,2301,False,feCxEemz2kylx8pvRi8IzA
266,2013,6,344,Medellin,6.236090571083762,-75.60750414873878,8wsjpU76vtcM714IkW2rKQ,707,0,812,4,1593,False,IbzirKLl-uCvbhcoPPBIqg
109,2016,3,350,Medellin,6.232963059812022,-75.6053071893179,KxcJDxzHzG58Z5b08tJ1yg,303,0,308,9,1743,False,5sd-VASHcUqJ7rOVORxvdw
547,2013,7,411,Medellin,6.240959569697901,-75.59141056831888,ICiuN9EiQaKbOeeKtgWfRA,668,0,756,9,1884,False,rAkBRFhA68CtilWk5pTTvQ
700,2015,1,300,Medellin,6.243951665968689,-75.5974934387651,tHWgg82SEfAykYnNbtsNUQ,419,2,1131,1,3698,True,tHWgg82SEfAykYnNbtsNUQ
92,2015,10,262,Medellin,6.231941557909912,-75.56992758232118,T4DNMPc6ROt83hELvdkw9A,207,1,331,12,4667,False,8Xa0Cvad3AWujc0m9oY4Xw
188,2016,3,301,Medellin,6.233058171647159,-75.5797719268714,2XpsRck1dNJP9wLETZwDlQ,508,0,541,10,5764,False,0xpKwMxk607Aw6kD3DPbyQ
732,2013,6,302,Medellin,6.244157286129399,-75.56537555731599,U8VDNePzGlZdX7XfPz3y6A,548,0,593,10,2364,False,ELzCb9cMyeOJuCMhbeQyVw
74,2014,4,478,Medellin,6.231818052117701,-75.58751436973235,eKB_gxw3eN0hVpgI-IjGAA,469,0,498,9,690,False,eF_mts6232dT4kfQJ47V5w
79,2018,12,534,Medellin,6.231985307222611,-75.58242701729232,eJwtrmplqMcSeIbVuH24fQ,106,0,106,12,1296,False,rHZi8eBHEPhNWD5GHUgwuw
922,2015,9,429,Medellin,6.24800404840389,-75.58767369803323,caCK8QzIHR0XYnsh4b6PVg,79,0,79,11,886,False,QqWk_jcyZstjE_Qw8W-ACA
1112,2013,10,532,Medellin,6.250914650241894,-75.55633379209058,lDRdjSri64t_B1EFqK2XkQ,393,0,413,4,3705,True,lDRdjSri64t_B1EFqK2XkQ
61,2013,8,308,Medellin,6.232042416938431,-75.60041955365583,9wWbwSEkjLw6GDm5VznnDg,636,0,703,6,4304,False,1dYHXTLTjNfynGwLa975ow
681,2017,6,495,Medellin,6.242896945658712,-75.56353766188091,AJGUX9HprABZBMWcYvl-Wg,435,0,459,10,3200,False,BkYONKaC4IfL9g4oLbfuEQ
112,2019,1,269,Medellin,6.233000662860164,-75.60215022222366,XqBBVNQ3MKv4XYSY5yMWsQ,230,1,1132,2,3708,True,XqBBVNQ3MKv4XYSY5yMWsQ
553,2016,3,148,Medellin,6.241079553857553,-75.58542434999268,It067MRbRwrQg9RDVzyF3A,21,1,648,5,3709,True,It067MRbRwrQg9RDVzyF3A
1134,2017,8,659,Medellin,6.252027889146544,-75.58752407821991,S9vptZSei_eS1Kwvm5FQAg,531,0,572,4,3710,True,S9vptZSei_eS1Kwvm5FQAg
162,2014,2,301,Medellin,6.233928416670676,-75.60533394664868,eo1M2cdyEIk1J9LUiems4w,282,0,287,6,2294,False,pUZjT5EKHrnl5NoPZXThyw
331,2016,3,620,Medellin,6.236941147914254,-75.59546579787597,pLYF50Nw2NlZDgpHCq_25g,650,0,725,7,4184,False,PcWA6VbXhXCMi09P469MJg
683,2019,7,123,Medellin,6.243018260794709,-75.56146179986517,J8feeLjmytngq0f3Dk6SzA,138,0,138,11,5524,False,VsJhJh9snGGvNdq5pvpwWQ
1205,2014,1,349,Medellin,6.252981706406052,-75.56942186672464,qqzcwQ4i1vNnrH_U3cPudg,561,0,607,8,4649,False,0EL-4leauU-fKzDJiQow9w
477,2019,3,458,Medellin,6.239954586358569,-75.60821537058561,aj7UFvT0tk9a_EBFrAHtNg,211,2,1102,2,3444,False,VYSl1OkH1RpJ97Y8I9LUNA
1009,2019,4,267,Medellin,6.250205402469241,-75.60620582171727,OG0plw33qjW5FnYFGAjdFg,627,0,687,4,1141,False,SECJlAEGJj-2qKdoZvSwLg
357,2015,1,274,Medellin,6.23696959746208,-75.56949903774802,8xY7VvOtaaecbShzrBiTpw,503,0,536,15,4633,False,lHqPaXIdMlo_sny6QGShNg
192,2013,10,509,Medellin,6.23407392607331,-75.57518520502869,X3_piFsS1PLC3sxs6_WmOw,441,0,465,15,4681,False,IOxRSv8wG4WxWLPQxJHUEA
1216,2017,6,649,Medellin,6.253108959596975,-75.55858024424103,3cnt6hSibgCJxK4h0kZ5Dg,139,1,1133,2,3719,True,3cnt6hSibgCJxK4h0kZ5Dg
889,2013,7,362,Medellin,6.247361494112394,-75.56733012969745,_WQYgc8cDgLvTGy3XUl6uw,429,2,1018,4,2694,False,oUVQ2mp9VLP1LO6lPJYgNA
1143,2013,10,348,Medellin,6.252110082299454,-75.57880970308206,dhtJdVsZLUrDRJy8JdJf7Q,184,0,185,16,3381,False,Z8JgEgFK7-UeGzY9sHSXKw
760,2017,7,146,Medellin,6.245073453659039,-75.59051916725305,XVCGtSPdUHvR5oHBLU73_g,705,0,809,4,3722,True,XVCGtSPdUHvR5oHBLU73_g
1017,2014,4,102,Medellin,6.250085820405492,-75.59844744005892,525dsGAAp5181tyZrp7j6A,197,0,198,12,1474,False,rBqF-eC5bY6LeA4Xmryt2w
851,2016,3,614,Medellin,6.247042541127788,-75.60562319024258,Gs78lAjKGUN_j7BTtr-7SA,256,0,259,7,305,False,Mb-An7ruclfppfyXOqY8fg
983,2013,5,168,Medellin,6.248973808155674,-75.57953025508343,qp6aXahN3tn66LOvDiRqaQ,365,0,382,13,5908,False,oKyszgZ6vEnRzCmd_2By9Q
1041,2015,1,335,Medellin,6.249965975588689,-75.57441077256429,oIIV6I9GZanvsNbaxhJ-wg,741,0,871,5,2561,False,PGmT7O7-0LXib-W6LoiVBw
1173,2014,10,545,Medellin,6.252686034177702,-75.6012404023868,-w_nQ1OSPCJrGKAlLbgUhg,53,0,53,14,1547,False,JUqeTCNe-lIt5iMydUxKkA
1186,2015,9,106,Medellin,6.253160425829096,-75.58842031365172,O9vpfGXrNWVeTiA68Tn5bQ,462,0,490,12,1992,False,WDDHS30_x2hPJxzpkTlkAg
360,2013,5,381,Medellin,6.237672731954624,-75.56658488756005,m6F6Qfnrv2aXhWST47u_GQ,772,1,1134,2,3729,True,m6F6Qfnrv2aXhWST47u_GQ
921,2015,1,287,Medellin,6.247954408007857,-75.58828822490301,4ybcDLI6a97BjLQE1XM2YA,606,2,1135,1,3730,True,4ybcDLI6a97BjLQE1XM2YA
1047,2016,3,380,Medellin,6.249965027493314,-75.56854996122085,30FzUF4LQrfoFWmI5PDBCg,585,0,636,6,1021,False,yva5sXJ7PCy3SmoPbcvwbQ
690,2015,9,270,Medellin,6.243805172805259,-75.60714319667242,IhiI3PX14KRF82xLBB2Dzg,555,0,601,5,930,False,ph-9f04psczr7Me8D0BcnA
303,2019,7,95,Medellin,6.236047135468303,-75.57036631782194,Cy05yPpyt3c3z4tmE_Iwcw,448,0,472,11,3126,False,5ZKxnW357BLszZb55dAITQ
568,2015,10,535,Medellin,6.240944739272104,-75.57042109106368,EhJPMqBMJJ2qCKggNpMMNg,372,0,389,12,494,False,uvME2c69lvHR_dNqruoM-Q
1106,2013,10,477,Medellin,6.250765780736098,-75.56257632178615,XmTYHbx_4d3BBqqukAlw1w,607,0,664,5,1078,False,4gH6mkGvwdkiF30Q_aN-qg
1235,2019,3,407,Medellin,6.254131065381369,-75.5923597337967,bkVOk2mxpU3GstBpyz8igQ,111,0,111,9,2463,False,Lmi4l4EWJA7URGmbKQCAyQ
173,2019,6,302,Medellin,6.233956723352502,-75.59430032119249,BDU5rZiNX7_mhbTPPwbR8A,711,0,820,4,1624,False,FffmUW8zSL3GsQhBO7G09w
364,2015,10,580,Medellin,6.23692542868746,-75.56241758401838,TflmWdPso3-UHmBiaao1fQ,144,0,144,5,210,False,Uf2x-BHvZ43FZyLnpDddfg
725,2013,8,418,Medellin,6.243711905921374,-75.57194321932839,nKXkxCRnEUxX70a6a0gfzw,0,0,0,4,0,False,tckfQtrnZaGbPOTohBwRlA
74,2017,8,473,Medellin,6.231843934530048,-75.58748880691999,hRjWKRdesAjXRW9S3yk-Aw,469,0,498,9,690,False,eF_mts6232dT4kfQJ47V5w
768,2013,5,334,Medellin,6.244839426662901,-75.58255211242749,SsBIJMeT0cPDI7RGa3OJSQ,240,2,479,2,660,False,5itZr6YSdA-emBj4FLHcQA
137,2015,9,326,Medellin,6.232968582470638,-75.57758083592472,RBGG62Lp2JztN-90n8Dxbg,740,0,870,13,5598,False,E-3fEJ9QxJW_q-jBt4HY2Q
335,2013,8,509,Medellin,6.236961309178728,-75.59161715978335,AjhASMfW-g_3yJnteiOHTA,481,0,512,6,5393,False,kpjJlfS2cRT_KtJjywKzhQ
20,2014,1,308,Medellin,6.231522277399662,-75.58849886632288,Cs5E1RX0bwz2sz0Z6T-GBg,358,0,374,10,5180,False,KfQ6slCt84vvRte8rPdI5g
982,2015,1,490,Medellin,6.248883405142925,-75.58035970970325,pOUV8JaNOqfS-Moqt0r4iA,110,0,110,12,5199,False,Bgf2Z4iqi1Aiv4nff55rlg
763,2015,1,424,Medellin,6.24514246981454,-75.58740999680808,sEe7V94YklPUaQ4qY0yDcg,284,1,1136,2,3746,True,sEe7V94YklPUaQ4qY0yDcg
1143,2014,1,351,Medellin,6.25212248278838,-75.57880235198401,_3Kk1sqoxgAfgy92BsjfFw,184,0,185,16,3381,False,Z8JgEgFK7-UeGzY9sHSXKw
1018,2013,10,146,Medellin,6.250062774006446,-75.59647366674825,3FgfoRWmflKkWEddFLeH6Q,259,0,263,8,3193,False,j8JPyyvcADFoC2JfNd9IGg
761,2015,1,377,Medellin,6.244978945065466,-75.58932988029507,G6gtvPwsgGTvvxqO-wEjCQ,675,0,765,8,3754,False,qT_NGQVbF_T3FRvYTYVXmw
809,2013,6,412,Medellin,6.245928608544549,-75.59447925418866,FviRokHTyj8y0qSdgqETVA,837,0,1137,3,5033,False,TltDC2CUy9DKP3cGpGXYwg
897,2015,10,242,Medellin,6.247326478593379,-75.55941427351306,K90vPqX6zRjI5OoQwP675Q,726,0,844,7,4716,False,JMw2DAPE87TN632m6TH_Yw
609,2018,12,359,Medellin,6.241761986555678,-75.58249277346454,cbuI1GLy8_WyEjsNOHMT_A,317,0,322,2,397,False,yqpzS4zLH9z_LPEXcejwOA
673,2019,6,405,Medellin,6.243015012393148,-75.57146084537133,1Pu5i5-zX3H0x4S35hE1iQ,756,0,898,7,3753,True,1Pu5i5-zX3H0x4S35hE1iQ
761,2016,3,376,Medellin,6.244985511979793,-75.58933872534305,qT_NGQVbF_T3FRvYTYVXmw,675,0,765,8,3754,True,qT_NGQVbF_T3FRvYTYVXmw
383,2015,1,267,Medellin,6.237879734834081,-75.59643742338977,6s4Cat8z358AMAHWQEkaIA,1,2,1138,1,3755,True,6s4Cat8z358AMAHWQEkaIA
462,2015,9,634,Medellin,6.239002383402312,-75.57047619019754,OgQuFCu8TjBb9Qge1VinTA,542,0,586,13,1869,False,odRTreOwNDTVzVYU2Fx6lA
71,2013,8,353,Medellin,6.231695572662761,-75.59045208915859,8o48Xp1IXyeX_tymk_bLgg,425,0,448,8,4765,False,TlURduS1j2415ThkPrFowQ
393,2013,5,64,Medellin,6.238018695847749,-75.58612602068955,GYlhvsFatxwyB-x0M-7XWQ,702,0,802,2,1568,False,P0tglHFL2YHcxgwwDv0Z5g
595,2016,3,429,Medellin,6.241984235745448,-75.59641845578622,GhKsdT0L8kY06XkVJiR3Vg,57,1,371,5,5196,False,fj-kgSLbEthkR6fOydvsdA
133,2016,3,428,Medellin,6.233283792194768,-75.58140630241778,12v21W7RcVg45R6y_JqAFQ,444,0,468,12,4944,False,kHClugn_kJo_ghge4t7zUw
462,2018,12,636,Medellin,6.239060640088896,-75.57046789411966,Bh4WkmPnVUUgIHOpg9oAYg,542,0,586,13,1869,False,odRTreOwNDTVzVYU2Fx6lA
1019,2015,1,345,Medellin,6.250092840763692,-75.59752298935959,3D6FXocApfZD8w7MNyuRWA,657,0,735,8,4954,False,1L2byP3jMPSO630asPsJtQ
1159,2013,6,221,Medellin,6.251640489554986,-75.56253730719055,p4EAFaCD8TeLl39ztw3GQw,725,0,843,4,5945,False,R8VribAhXNkzYed_pH7K6g
477,2013,8,628,Medellin,6.239953597843829,-75.60824964142569,0-K1mbVyeAzfsCqoo-zvyQ,211,1,358,6,3534,False,c-ru7WFSldPKKfWAgLg5pA
667,2014,1,446,Medellin,6.242783927842836,-75.57788630679913,7fU5am_uDAYmSPXc99DRpg,547,0,591,14,3124,False,-e1LVq5jQBldqjZNXmoXrw
1086,2019,3,353,Medellin,6.251099592944438,-75.58249493189325,MAnC9m7zcdEV511XijWZWw,166,1,875,3,3766,True,MAnC9m7zcdEV511XijWZWw
348,2014,1,545,Medellin,6.237431672694,-75.5781860743594,GSxw12vdWtdovLgNFsfpGg,258,0,262,5,4125,False,iHkgWOep6o3pAFgzGomIXA
334,2016,3,634,Medellin,6.236851151434736,-75.59239838007909,DpRwPY3A9oCHFDm4JOf6NQ,294,0,299,8,4510,False,MaLwraGD_br9YsutiUaKmw
880,2013,7,574,Medellin,6.246850251646396,-75.57648017943637,2pqSX8eV2PFSFU6h9eJYgw,352,0,366,15,4080,False,wVQkglc2cSj3hdhSqC-niw
510,2019,7,443,Medellin,6.239886060070877,-75.57550282654778,dUojXRqaMWPoqYdvhksVaw,55,0,55,13,3770,True,dUojXRqaMWPoqYdvhksVaw
861,2013,5,248,Medellin,6.24706012233787,-75.59555527038285,KKwJb3ky7QjA9b7x26aGaw,765,1,950,4,4583,False,bfLpir9u6Jk-1vwJZn2hiQ
290,2019,6,197,Medellin,6.23591675367185,-75.58333784087837,jDc4F67dfgWNAeC7lkvQwA,468,0,497,5,689,False,D9R_8lGC56VSstNI1hkwug
438,2014,2,101,Medellin,6.239017199373283,-75.59444009751817,UFxNYbY3oxkN9YmJIv6Y-A,359,0,375,12,5219,False,g3uWiJsJd_VUkxnPB5tTHw
431,2019,6,293,Medellin,6.23886742856752,-75.60143426548991,gZC0NahL8jRrUYXRt19duw,697,0,794,9,3774,True,gZC0NahL8jRrUYXRt19duw
436,2015,10,116,Medellin,6.23895119349553,-75.59647980922219,76Qv6nlykl6VlJbIU8kdrw,502,0,535,12,3230,False,DP32MnpOwwPRGWcxBMc_jQ
683,2013,11,127,Medellin,6.243039105980642,-75.56146687900694,87dhnO62WBMihFSkKgPALg,138,0,138,11,5524,False,VsJhJh9snGGvNdq5pvpwWQ
983,2016,4,174,Medellin,6.248971781392177,-75.57949725636969,xhQpe5ARRBewJc_cRhxANA,365,0,382,13,5908,False,oKyszgZ6vEnRzCmd_2By9Q
583,2017,7,312,Medellin,6.242002558852591,-75.60849875458591,dCaATIF9zS5TyzWixLH8AQ,713,1,1139,1,3778,True,dCaATIF9zS5TyzWixLH8AQ
11,2014,1,145,Medellin,6.230723675956767,-75.5973943695764,iZL2EoUtHvdDzvSZN7oVZw,403,0,424,9,2633,False,zlXbe3_YauNC6yU6rTz_gg
148,2014,3,260,Medellin,6.232863328385142,-75.56663133112129,GBqNIRcHmekk1Y_WzvAlCw,374,0,392,14,5111,False,hh_6AfPE8Dn1XAF17V5CFw
381,2019,6,242,Medellin,6.23800863323321,-75.59832518142115,rYFuq97DUBRGh4VqPr-u-g,85,0,85,6,948,False,Btq7NZ2gKjqtDrXZbh71Rw
150,2019,6,267,Medellin,6.232960573560443,-75.56449500479128,7dlNkNFetSMcYcYkWH9bHQ,300,2,1140,1,3782,True,7dlNkNFetSMcYcYkWH9bHQ
943,2019,6,533,Medellin,6.247974598939775,-75.56657763448754,Q9AJwZKjlcgJqwBQ9wppQw,734,0,855,4,1784,False,NH8qQTnH1sX4zFuIQBKMxA
916,2013,5,669,Medellin,6.247945374736298,-75.59369507449364,WwlD_ZSkxwJO8H_T6vp4PA,803,0,993,4,2549,False,5r6e6Pu8kpgivW3_pvDjHg
403,2013,9,530,Medellin,6.237966402091716,-75.57652313471401,PlgTwRDqEFsMuuwBYR00DQ,473,0,503,13,2283,False,0wns_31olfodW5lI18oknA
463,2013,10,439,Medellin,6.239039615760882,-75.5695119339813,NmxrDnfy1qCqLO2_ZNN7AQ,123,0,123,10,4579,False,WfR4sEgsguZ-wwLuSiu_RQ
502,2015,9,494,Medellin,6.240037085100203,-75.58345373893822,g6Used0Db70nN6rUytwlrA,47,0,47,9,3787,True,g6Used0Db70nN6rUytwlrA
185,2017,7,368,Medellin,6.233935886000271,-75.58270200436739,0H8CM9I3G7zjm0pEqBKiSA,729,0,848,13,5427,False,ZYGD_jfAc72_tNK29b7rJA
1189,2017,7,91,Medellin,6.252651799326184,-75.5853536577563,c-ly6U9AHsq-PRxWS81exw,379,0,397,9,505,False,WkSsrlBdV2prl9FnUuPfCQ
439,2019,6,148,Medellin,6.239052254105188,-75.5934718572234,oTbaIwD7UyY6u71L7iwpTw,133,0,133,15,139,False,6RODKNs7Mffqx12nXyMPdg
435,2017,7,591,Medellin,6.239018227228863,-75.59751756177504,-rqlgix53f-ot1bxCD3bYg,611,0,668,9,1089,False,HFE-zhThma5LuI0KZxNXVA
1212,2017,8,299,Medellin,6.252998379106285,-75.56246650818655,ogzkBpa8ACy3LdURUCP-4A,620,0,679,9,1807,False,FqqagEzZnCTrVN-8l72cew
713,2016,3,133,Medellin,6.244165424699549,-75.58432394804795,uBtMxz8E-JmaPWZUwIl28w,205,0,206,4,3793,True,uBtMxz8E-JmaPWZUwIl28w
1109,2016,3,433,Medellin,6.250707958412914,-75.5596070459467,erbGRdM9NVq7W-uteaMxhA,831,0,1096,5,5759,False,u6NEItPw32RU7sz7mClIdA
726,2019,6,461,Medellin,6.244120725084366,-75.57177959130215,a8np3FWL6x4AjW59YStY8w,6,1,1141,1,3795,True,a8np3FWL6x4AjW59YStY8w
779,2019,3,522,Medellin,6.245059976818654,-75.57141056104669,5jl8GG5Njm4wUVMfFga03g,412,0,434,10,4295,False,wzXk8Tcx9hTbSz-sokYCrA
530,2019,6,595,Medellin,6.240891153965208,-75.60804669720139,qp0bYT9OOEuEQwvafb5u7Q,430,0,453,9,1599,False,wQQ460MXMBZP3Ko5hw4M7A
1146,2019,4,502,Medellin,6.251946071979483,-75.57518404285825,T8PP_24t6jCpGygd688C7A,629,0,691,9,2495,False,UJF9clPUux9W5aj0iCzHAw
303,2015,10,88,Medellin,6.235990132940192,-75.57037400011029,sq7Tl4txM0YytJbqLMJnmg,448,0,472,11,3126,False,5ZKxnW357BLszZb55dAITQ
120,2017,6,117,Medellin,6.232980714993118,-75.59425896580622,3RUTdLMfW0t9uFG23yQElg,744,0,874,4,1868,False,ROeVbyiln2lHpx0up2wn5A
530,2018,12,588,Medellin,6.240878795045309,-75.6080552455248,TWaVTuXnpHyWNTjKSBykfQ,430,0,453,9,1599,False,wQQ460MXMBZP3Ko5hw4M7A
889,2019,6,348,Medellin,6.247359160782368,-75.56734799082301,VMB0D3Vgn4TQu2659Nk3gg,429,2,1018,4,2694,False,oUVQ2mp9VLP1LO6lPJYgNA
471,2014,1,539,Medellin,6.238989542461197,-75.56136649804651,lNScLs1wUXNodmAlNAMLNQ,498,1,1142,1,3803,True,lNScLs1wUXNodmAlNAMLNQ
146,2017,7,466,Medellin,6.233011305029888,-75.56861775222684,cJfZTKe-Jaf9YUXr9cOJcg,523,0,561,10,4947,False,XZ62Gzk07TeawTFbQcR5xw
34,2014,4,248,Medellin,6.231061106480143,-75.5744631609103,G5UMTVJmJdZmPAHN1Kvp7A,308,0,313,8,2287,False,8c0vXGokwBvdMR6nHShWpw
631,2013,12,561,Medellin,6.241963346360581,-75.56048486931762,XMwpew1U1GryksCtDMxQaQ,244,0,246,7,5013,False,VmoCLsE91UW3RA6XjmeLSg
629,2014,1,234,Medellin,6.242036774878058,-75.56253909614783,Xnj1Ap-4VyexPWam5zd1Kg,512,0,549,9,2353,False,3SK_PORFFAD4uzp72khhqw
62,2013,10,308,Medellin,6.2320746016218,-75.59947695472893,KQBoQjW1XSvCdc-7touzaQ,622,0,682,3,5064,False,Z4UEyfj3Ida-C_7KIdGmbA
504,2015,9,418,Medellin,6.240132029749362,-75.58150811941977,KZ_rAhChyJKGcIn4VZzBNA,116,0,116,11,1610,False,0D1wsW1QIc5AwaRWzjDsKQ
1250,2018,11,568,Medellin,6.254079130898107,-75.57773054080626,pwcSoFyMdWXo3clsenl2jQ,545,0,589,14,1040,False,-iMvOeIAoosR2E1Ru8OXkQ
335,2017,8,514,Medellin,6.236956011848568,-75.59161658378589,nUVPUZEve4L99RsNtfut0g,481,0,512,6,5393,False,kpjJlfS2cRT_KtJjywKzhQ
1032,2016,3,118,Medellin,6.249999619573238,-75.58348432890836,Eb9sUoIff1YESilvEIA22g,564,1,1143,1,3812,True,Eb9sUoIff1YESilvEIA22g
147,2013,8,212,Medellin,6.233063700059902,-75.56774828825722,IWOYgYDQKk78Ovyc70fkIg,838,0,1144,5,5385,False,fXgXbDeF458eMMD46rVIow
659,2016,3,437,Medellin,6.242814595824232,-75.58558034627968,Pmwkoujm5hyVQIXwIefgzw,656,0,734,7,1310,False,pswuFFHwJh8Z0MmlBXlBlQ
522,2014,8,121,Medellin,6.239937964208851,-75.56365046880688,9wpx34u_tHSTqKrhq0hUkg,242,1,1145,1,3815,True,9wpx34u_tHSTqKrhq0hUkg
1186,2013,6,99,Medellin,6.253156366944943,-75.58843924000594,B6EeAGhCCcEcHopU4fqJCg,462,0,490,12,1992,False,WDDHS30_x2hPJxzpkTlkAg
464,2019,1,473,Medellin,6.239054857318287,-75.56852440392889,nWuP5ZuO5Ed6wQyQu0e_XA,699,0,798,9,1775,False,6AchZX8c9VnmqiXvQcLysg
439,2013,5,140,Medellin,6.239058892837836,-75.59348678988067,_Mxgm3FPkxdp6HVgXdM72w,133,0,133,15,139,False,6RODKNs7Mffqx12nXyMPdg
944,2014,1,344,Medellin,6.248014712858758,-75.56552923411014,4uTNSWyO1wrs2dbIHxfJMA,530,0,571,9,1723,False,ScL9B14enqLsQvxbzTXPFQ
677,2014,2,253,Medellin,6.243080555068306,-75.56783004048948,gsW0OeTsEDfDdLOlNUs9DQ,470,0,499,8,4505,False,Fd6-iOJRtnUQs_vt9VIQ5g
800,2013,5,624,Medellin,6.246144109121702,-75.60342052808805,kMhyPs_pUqDbMAIumqdePg,90,2,1095,3,5832,False,_-BCU052C8mLXAwNu9egcQ
1173,2014,7,551,Medellin,6.252720778638084,-75.60123523285468,1AIxrhev2DgImyntnnNpvQ,53,0,53,14,1547,False,JUqeTCNe-lIt5iMydUxKkA
1235,2015,10,418,Medellin,6.254164041234814,-75.59235803359812,DvZxSwUmwYi7Bg8r942z7A,111,0,111,9,2463,False,Lmi4l4EWJA7URGmbKQCAyQ
608,2016,3,489,Medellin,6.242066296386552,-75.58352339536468,cUuJ8FLCLBN-ax8UwnaJwA,7,0,7,12,1562,False,wEcgeZivBFib9e3k8O2Avg
405,2014,4,204,Medellin,6.23800526522085,-75.57445371996138,8HKfgJPxs710emdNXpvflA,246,0,248,8,3071,False,mUD7gGlgXH8WvtCm0nOtoA
1094,2015,1,325,Medellin,6.25096439142737,-75.57450133022114,DENWiJ1GOWnLSHbdGV93LQ,474,0,505,7,2947,False,8EQCqsTKelPeMEU-9P8zgg
148,2015,1,270,Medellin,6.232847222043257,-75.56662335571613,tfYr8n3AoyjyHGcADTF8zg,374,0,392,14,5111,False,hh_6AfPE8Dn1XAF17V5CFw
350,2015,9,379,Medellin,6.237033659476518,-75.57649004082512,jhIJI9v_mQXFbhR4m-MHiA,814,0,1037,11,3422,False,5BImpe3gJA8stYiLfHQNpg
188,2014,1,309,Medellin,6.233065653648192,-75.57977712626388,0QVPuD6GjXkoNbV6TRuFrg,508,0,541,10,5764,False,0xpKwMxk607Aw6kD3DPbyQ
857,2015,1,423,Medellin,6.247243392898233,-75.59952333431474,zOGfdfa4UxgxceogXfTgXg,787,1,1015,3,2681,False,AhbP2PGj6n3v3gv8Odc96Q
720,2014,9,302,Medellin,6.243946931070317,-75.57740294398641,_aF9KF41d5vrVbztaHyhhw,338,0,346,6,5471,False,EXwVmXmJhJvRZJeeFd-scA
303,2014,4,78,Medellin,6.236033281691006,-75.57037915356946,TZZUC-l7x_4g9_NlkrOzVg,448,0,472,11,3126,False,5ZKxnW357BLszZb55dAITQ
8,2013,11,386,Medellin,6.231128503325934,-75.60049326197145,alWIgEunkkyCEc-dbHge8g,653,0,730,10,3833,True,alWIgEunkkyCEc-dbHge8g
1010,2018,12,236,Medellin,6.249936345395787,-75.60544558512234,DAys-bE_5jk-Th9h4N9-vw,609,0,666,5,1083,False,0pFm1JY1qRf84HuiIhQFkA
709,2017,7,81,Medellin,6.244051015262206,-75.58836890938164,isEhkQrA_ZQo4Zlhy8IcZQ,192,0,193,5,4742,False,JNWW2CqzVaFU33doLwVPHw
168,2017,8,207,Medellin,6.233951326245598,-75.59824690035661,LEWFztfVCMb0Ee3SiSVDXA,619,0,678,5,1120,False,jnZ1Swnx_XrG_fkmBmmj5w
1037,2015,10,306,Medellin,6.25003170726487,-75.5785065356346,QJTWtQEgkgnFHQHk6Axy_A,507,0,540,3,2290,False,WPmQtxfCMiGZzzqY0XLPew
748,2019,3,431,Medellin,6.245141499404373,-75.60245636351866,F3E49SkTts236oAseiWysQ,828,0,1085,4,3838,True,F3E49SkTts236oAseiWysQ
148,2013,10,270,Medellin,6.232870803145866,-75.56663434696485,WVjdzfDVVE7tSecdcpnekg,374,0,392,14,5111,False,hh_6AfPE8Dn1XAF17V5CFw
547,2019,4,390,Medellin,6.240975434083452,-75.59141177929341,jkl9hWWPAIfe9tff0lYXLg,668,0,756,9,1884,False,rAkBRFhA68CtilWk5pTTvQ
432,2017,7,619,Medellin,6.238915200440455,-75.60049416854135,FzuH4GuYIXMlioq1r9LMzg,334,0,341,8,423,False,uLUwWUqvhgj3VCyOmQYQZA
761,2019,4,374,Medellin,6.24500739773427,-75.58934599673474,xmeIEZJlv1RAtFVsrrKzpw,675,0,765,8,3754,False,qT_NGQVbF_T3FRvYTYVXmw
1141,2016,3,369,Medellin,6.252093169330561,-75.58028194826366,gMdoFzjQnOxWLzyNzUj3Yg,43,0,43,9,3194,False,QsEKYoHLlXGPIA_PRMo_1g
28,2019,6,162,Medellin,6.231100582736029,-75.58147023348957,AKrEVr_g4DvGEgGnBcaBDw,212,1,1146,1,3844,True,AKrEVr_g4DvGEgGnBcaBDw
863,2019,4,340,Medellin,6.246865905503883,-75.59343145630942,eKlL1l9d8UH3uwyBvEKUgg,397,0,418,7,5051,False,GE-R2fduo5_LB-rQbh5hSQ
185,2013,7,347,Medellin,6.233936307346133,-75.58270489028091,wJ45SIXDcc4ROAcXxF7acQ,729,0,848,13,5427,False,ZYGD_jfAc72_tNK29b7rJA
166,2016,3,361,Medellin,6.233852445168041,-75.60145987618299,7vg1iquXEEYbcIzMo1daXg,826,0,1078,2,3233,False,tp_t7VMjgpWP-vfWu5yGjw
183,2016,3,555,Medellin,6.234148802039344,-75.58443793119486,d9HNu3Ay7Xp_URIGRS8Gxg,788,2,1147,1,3848,True,d9HNu3Ay7Xp_URIGRS8Gxg
503,2018,12,590,Medellin,6.240083652975986,-75.58243386156704,4SVsZtv8NpqmN1pfFbYJkA,450,0,474,12,3653,False,FEkNCVFOMZssAYFiYDzPCg
245,2019,6,327,Medellin,6.234935782911384,-75.5754745472338,TWgWdmudAkmRxm2bH7IaAA,422,0,444,14,1521,False,S3bFKY4w908uyzvbJEZSIw
1253,2013,6,446,Medellin,6.254270582025356,-75.57395478180251,O_yWF1Qaqyjn66iEayqDTg,839,0,1148,6,3851,True,O_yWF1Qaqyjn66iEayqDTg
253,2017,6,202,Medellin,6.234802290331152,-75.56798271561225,_oYET2QFtBhFAuHPbKCMvQ,496,0,529,14,846,False,TbDIxnOfpTm0ZYZf-V7mqw
1022,2013,10,631,Medellin,6.249937234368587,-75.59344643969226,z3aHaKbtl96-vwUm44gdTg,673,0,761,5,2726,False,ws43EDyjcWeuOVYaUYEPXw
201,2019,7,416,Medellin,6.233379304602678,-75.56708038662244,RpT85F555aVM_eSuB4cS9w,235,0,237,11,2340,False,AeLlLnsoIhRWhIp79I-LKg
877,2014,7,278,Medellin,6.246966680897904,-75.57948230814576,C6nNxBOrgrbeRa64NwBcKg,603,0,659,8,1070,False,tIvt0fZi5DGR6m4T0Wy10g
410,2016,3,460,Medellin,6.237922083267078,-75.56951637044023,h_dYwahhw-7dwDVq51iMZQ,588,0,640,4,4766,False,Aya4prg8IXE14-364t_IMA
390,2019,6,326,Medellin,6.237940929277537,-75.58944245162951,WfyK_uYR3UlrCTKGXlnkVA,321,0,326,2,401,False,cAO1mh5snRsdsEl9unx2ZQ
734,2019,7,177,Medellin,6.244054272483757,-75.56346342567437,YRPkDoA8cuXvYEDgC7M3pw,310,0,315,8,5779,False,MxxuvWSd5tHh-AyPwgG7fQ
18,2014,3,672,Medellin,6.230968683383331,-75.59053731877736,IScHboIdoreoPQ1CUW8ZzA,93,0,93,8,97,False,QyPH9t_sX5EA4Vdexj7B-g
915,2018,12,161,Medellin,6.24772252658881,-75.59446455374567,9N1l6RX-lRnVYVVuo4BREQ,91,0,91,4,3860,True,9N1l6RX-lRnVYVVuo4BREQ
722,2015,1,486,Medellin,6.244044411239164,-75.57549222651804,3Ia0RXCijkW1idxcPw2b4Q,224,0,226,8,1849,False,tJ1-IWMcJzQWXYxweHh3SQ
184,2014,12,527,Medellin,6.234012001562543,-75.58334415104173,TnohIJdZ9JNTChV8vO-jPg,353,2,1149,1,3862,True,TnohIJdZ9JNTChV8vO-jPg
781,2014,1,289,Medellin,6.244967636778177,-75.56943970215056,JTXbs5WOD9x6G9hbXe6nLg,61,0,61,8,3637,False,b9Hip0EcRPSyLf_j1CokYQ
537,2017,7,471,Medellin,6.240792018856574,-75.60138331452389,L9SEN8aWbvb5o2TGAeWI9w,238,0,240,4,276,False,n2abQ12s5UGxIL5cOWy4uQ
96,2014,10,430,Medellin,6.231736559248557,-75.56590746629023,rJUKUhCu6ieeUiEJkKSJZg,377,0,395,14,2443,False,jdpHJPRJ2lyR0zz1KlWmeQ
286,2019,6,341,Medellin,6.235926438434276,-75.58742688868833,CjtRgqtVfPS97i9fDBu1aw,348,0,362,7,4274,False,R_QA1x45JOmf5NilXS82Hg
201,2017,6,433,Medellin,6.233374124992594,-75.56707592951678,ySW7ndftMT2cy2z6jwRd0g,235,0,237,11,2340,False,AeLlLnsoIhRWhIp79I-LKg
103,2014,1,174,Medellin,6.232229546902631,-75.55852604896735,eTK4uOYb_i7OpriUSrkyDg,30,0,30,10,1262,False,O_-T9_O6Ei1pABun9_guDA
559,2016,3,318,Medellin,6.2410003896863,-75.57909280888666,-wz-gfalzDAEkNU7QkOdYQ,583,0,632,6,3869,True,-wz-gfalzDAEkNU7QkOdYQ
137,2017,8,320,Medellin,6.23299018281384,-75.57755263977762,uwDQavllVhWvhBsZ2gw-1A,740,0,870,13,5598,False,E-3fEJ9QxJW_q-jBt4HY2Q
711,2019,4,534,Medellin,6.243794108446068,-75.58669853791109,CNnVUwvzBJnJc9PwitYvJQ,89,0,89,8,3305,False,y9b_n-9xsLzwZpT-CmBcmw
71,2019,6,380,Medellin,6.231698848241551,-75.59049140060925,f4xGesFsqxFhiXRmH5BdpQ,425,0,448,8,4765,False,TlURduS1j2415ThkPrFowQ
719,2014,3,296,Medellin,6.24402000326138,-75.57829520025471,tj4N6Lo99QH0lC-7fObIdg,718,0,831,11,1673,False,lPh7RKd7qSHDO01kp2mnSA
123,2013,8,284,Medellin,6.232962447017925,-75.59149287558108,grIDvgH9CHZwIWfTIObv3g,677,0,767,6,2588,False,jCW-2espNctu3dLdh_0t8Q
513,2014,4,240,Medellin,6.240014106874357,-75.57248388383483,iFx2RrE0XwpkMy9yfF8AWQ,378,0,396,8,5105,False,6sAe5SebDQNKskfR5j2Gmg
441,2013,5,228,Medellin,6.239067033656392,-75.59139025717997,s1TiDn-ELRbyH-lkzbVwsw,208,0,209,8,1071,False,SaqFPT1P8q8XoBBRXssHiA
161,2013,6,508,Medellin,6.233953584454912,-75.60759808027609,S61w-uNaOG7xvENuYFEQqw,801,0,989,2,2516,False,vLccCoQ8z3K4WNNpQsXJVA
441,2014,6,238,Medellin,6.239066192126534,-75.59142243711153,rAZLTU4T_4LuFNP0N2ltXQ,208,0,209,8,1071,False,SaqFPT1P8q8XoBBRXssHiA
1133,2018,12,286,Medellin,6.251985496290943,-75.58870429887187,GGYg6vMZ50MGkTIs4Pc50g,17,1,378,2,480,False,R37OcW1NiPu47Kb9XQfBbA
883,2016,3,174,Medellin,6.247013501492257,-75.57347889020535,FSlpxwqNKQKeUaOGi0Gq3A,731,0,850,7,2641,False,8tshOBFP3GfFxUJDPZT6Sg
1065,2014,1,534,Medellin,6.250765028355216,-75.60348705517572,WgppQ6H_BgO9kk4Oji70GA,107,0,107,15,3881,True,WgppQ6H_BgO9kk4Oji70GA
910,2015,9,319,Medellin,6.247928528131327,-75.59952902353383,ADF5-x3FxdYIt98CdbQJsw,342,0,353,5,2066,False,iPi7-8-5l80AhPiJLIXYNQ
710,2019,3,332,Medellin,6.243659163108731,-75.58750546131319,1nQO2etid4LZt7d7bZDlxw,83,0,83,10,3439,False,lpBNME2l_u4VwnFjNctlyg
1016,2019,6,398,Medellin,6.249888060311339,-75.59955472706042,eTDQEF27sqFUnVpZPCGdnA,304,0,309,11,3884,True,eTDQEF27sqFUnVpZPCGdnA
11,2019,1,146,Medellin,6.230718324296332,-75.59742563651965,nmWxVFlqgq6oIHIrzgL7Pw,403,0,424,9,2633,False,zlXbe3_YauNC6yU6rTz_gg
396,2014,9,430,Medellin,6.23795031789344,-75.58339643120404,TR8i8X7YL1ENnOCMyPNhZQ,206,0,207,8,2749,False,YDuIJdh8GT2MsQdIm-KkGg
678,2014,5,217,Medellin,6.24320511726067,-75.56645187747901,_veo72OHeyALOL6EeNcNIg,751,0,890,8,1941,False,g7MLyFVez8UZMCJo2WRdyw
286,2013,8,509,Medellin,6.235938426224828,-75.58739387746358,AGNkYgWo8gU6miAXyHfFjw,348,1,1150,3,5386,False,9_uuNfRg5Knf0BX82KJJhA
566,2013,10,467,Medellin,6.240855134375111,-75.57229372295335,uEe_lb-cd4y51UCeNGf2dA,388,0,406,8,600,False,Um0ch75g4OIBmCpT-dQ0xQ
95,2019,7,245,Medellin,6.232112721124139,-75.56626028320812,qbFEzDidzRJgf42ZkUoOOw,233,0,235,14,5839,False,_P6tQqQcX6nWTfT4Fw0NfQ
331,2019,6,621,Medellin,6.236934205422074,-75.5954546678621,GMtx7QY3Oox07mdYWRolyQ,650,0,725,7,4184,False,PcWA6VbXhXCMi09P469MJg
1001,2013,6,101,Medellin,6.249086689194638,-75.56147511931931,egvTXRnI46QetWRLrp703A,616,0,673,5,1109,False,2NPSALPQooJY5ALrKAvshw
983,2014,7,153,Medellin,6.248955746254308,-75.5795347732202,IP1uDT80fpvj0u1yFwiEVw,365,0,382,13,5908,False,oKyszgZ6vEnRzCmd_2By9Q
553,2017,7,168,Medellin,6.241062117986894,-75.58542396500687,mixi7P2z0fVcYYLicUA7Rw,21,1,648,5,3709,False,It067MRbRwrQg9RDVzyF3A
645,2013,6,468,Medellin,6.242989828341621,-75.59950147388221,3nP4aRC0G4ver-EHkPUBkw,266,0,270,7,4549,False,_PGoJwbAESoPoOBE9piMeg
353,2016,3,175,Medellin,6.237101225751378,-75.57361581760965,IU-pBJZQfNP0TZxheNbe4Q,758,0,900,7,3540,False,iKlm-pQz0CWsbJGR1nG15g
1015,2014,4,157,Medellin,6.250219222263957,-75.60032178598514,hTsU2CtLVxoYzfX7RfpkXw,260,0,264,11,412,False,v1-P2um2LwprU6DHi4N98w
1040,2014,4,372,Medellin,6.250002210836991,-75.57521577408727,gLONg87XpxYjs_doki3qCw,236,0,238,15,5221,False,kqL5triMYOxn1GZlLkeH3w
499,2014,4,461,Medellin,6.2399091091706,-75.5864705126953,vvWQgAEih2CaxMD3FJPv8w,145,0,145,12,195,False,tWAZ7DjZGAdOFE97PvPNUA
39,2013,11,309,Medellin,6.231237664612419,-75.56948350255288,_neLfsT_XBjt2e0mr0mvrQ,392,0,412,9,535,False,P2gjyrMDNXvE8yAs-WGAXA
513,2017,7,218,Medellin,6.240019715219939,-75.57248400901247,acF8920Wm64NwrotHiTUvA,378,0,396,8,5105,False,6sAe5SebDQNKskfR5j2Gmg
702,2015,9,199,Medellin,6.243926232893607,-75.59557466656769,Xe8zLyqjGXbjaVXt-zJzyQ,375,0,393,5,1384,False,TaSzbwJ3PYeLYKTxdG3iWw
1191,2017,8,314,Medellin,6.252934701654189,-75.5834173862747,P8fy2edoXKTsQww6_YmBGw,362,0,379,7,5401,False,Wyqd3FniFny7RuMRKfKA1A
1041,2018,11,327,Medellin,6.249989101739022,-75.57444360163998,u0JRWGXdgxrVTRXB8Wr7yg,741,0,871,5,2561,False,PGmT7O7-0LXib-W6LoiVBw
897,2013,11,256,Medellin,6.247336733880086,-75.55940000478336,zOBzRyiPhmpEw2v3jYDYWw,726,0,844,7,4716,False,JMw2DAPE87TN632m6TH_Yw
1173,2013,6,527,Medellin,6.252729647462668,-75.60123746760418,AQl7UFOXAULiixKlH640Bg,53,0,53,14,1547,False,JUqeTCNe-lIt5iMydUxKkA
659,2019,6,427,Medellin,6.242805962247078,-75.58557084883745,jcfBm3Z3_v2y5max3rPPKw,656,0,734,7,1310,False,pswuFFHwJh8Z0MmlBXlBlQ
1127,2019,3,650,Medellin,6.251956541284507,-75.59442584426031,ht8JCP6KbVoOZSK3Ptl6-g,811,0,1019,3,2695,False,f-nDQWLwIiAPeZrat6oDRg
650,2013,6,610,Medellin,6.242801213892152,-75.59432991987796,l5_7oittFJEzrE5aaZyjuQ,80,0,80,7,205,False,7BkyLk3U6s6f2TGezRTeLw
552,2013,9,216,Medellin,6.241158040272119,-75.58631557219516,V8zYrYizEr7V8DKEdFbeog,188,0,189,10,1347,False,OgvwutI4N76F6_VVi61v0A
234,2013,5,544,Medellin,6.234899504657633,-75.58646393917797,u95dSEwyG9K89Tb2Yhsmjw,87,0,87,3,3911,True,u95dSEwyG9K89Tb2Yhsmjw
291,2014,9,364,Medellin,6.236039106191826,-75.582661721749,shqAcu85UyQT0DSgPn0mqg,245,0,247,12,4187,False,Kxh_lAjJ-q0jxJMXPa_eIg
749,2014,4,338,Medellin,6.244985757964351,-75.60147941648134,6N2hGJawncJtJH_Omi_lcw,465,0,494,5,683,False,6VeVgqgw05wRihrl3sZRag
322,2013,6,330,Medellin,6.237108071489808,-75.60449854844087,k2n4SAcwBbpmu-w9QLbfvw,840,0,1151,3,3914,True,k2n4SAcwBbpmu-w9QLbfvw
1021,2019,3,524,Medellin,6.249975869816376,-75.5944889340991,oYGJ5B80_w2rl5ob1H6heQ,132,0,132,12,2393,False,6DiNDGuN_xre5-3qZVYU0w
600,2015,1,301,Medellin,6.241902541771233,-75.59243324898026,GQNhr6DQdsO6AYNBzWq-ig,228,0,230,10,4645,False,eFY7r9B_m0CurJ6nBEJXeA
453,2013,5,375,Medellin,6.238975941038703,-75.5795602238098,WymIvXaLsDwFRIvP3O0mJw,786,1,1152,3,5076,False,tnyDu_HGEaba-sN-7h432A
34,2013,7,263,Medellin,6.231059947588816,-75.5744264755282,oR8ytVm6WP2YTMkj815v1Q,308,0,313,8,2287,False,8c0vXGokwBvdMR6nHShWpw
880,2018,11,558,Medellin,6.246847793744118,-75.57647316635779,LDwPrg9ymmFS6DjCQukbdw,352,0,366,15,4080,False,wVQkglc2cSj3hdhSqC-niw
1262,2017,6,224,Medellin,6.254064265480652,-75.56563578860559,D3HTKTt9WGcvMD1FWGaPqw,92,0,92,8,1090,False,aA3OQahLsnW6_uHQXUe2OQ
1071,2019,3,448,Medellin,6.250963176784786,-75.59751393795666,r0svAMPWvvZahGaPiGPE5A,506,0,539,3,3938,False,t8vgtsl1FGo0VpUuakGV5w
92,2017,8,261,Medellin,6.231934423888837,-75.56989960901474,ScUUCJ_gl8gk2DWh2ckagw,207,1,331,12,4667,False,8Xa0Cvad3AWujc0m9oY4Xw
691,2018,12,310,Medellin,6.244081394833652,-75.60646150359602,oCNJun_CyZ6zhD10jyOI9g,193,0,194,6,3923,True,oCNJun_CyZ6zhD10jyOI9g
979,2013,6,350,Medellin,6.248943708037132,-75.58341902035038,x1AnYyk0bSUGh4oPCRVtVw,536,0,577,6,4753,False,uuKD8g3uHPoYuuhqn0ZGjA
1063,2015,1,317,Medellin,6.250938000907489,-75.60552741107006,dYQz9eIwxY124Kl141N6bA,537,0,580,10,5826,False,oI9fqFFx5ZctOqQB_FT72g
885,2015,10,367,Medellin,6.246894285093448,-75.57129929406997,qaoEveGa_log-3foA41XbQ,390,0,410,4,3926,True,qaoEveGa_log-3foA41XbQ
266,2017,8,342,Medellin,6.236089914574151,-75.60748687808815,-vkbcupfmM-NT2wSL09Krw,707,0,812,4,1593,False,IbzirKLl-uCvbhcoPPBIqg
185,2019,1,353,Medellin,6.233922075636802,-75.58272516026213,Ud3CQaFNuWyxO4Q8RENsjA,729,0,848,13,5427,False,ZYGD_jfAc72_tNK29b7rJA
749,2013,6,326,Medellin,6.244988261503932,-75.60145596539576,r2fqh_TxomvSURhrso-XNA,465,0,494,5,683,False,6VeVgqgw05wRihrl3sZRag
1234,2019,3,382,Medellin,6.253740913372954,-75.59357639753476,cY3nc_BHoC1PhwsB3QjyNQ,248,2,1153,1,3930,True,cY3nc_BHoC1PhwsB3QjyNQ
507,2019,6,295,Medellin,6.239985599536799,-75.57845116519145,CvhYF5utU3AkZdDPuCFC9A,23,0,23,11,23,False,O9QhOfErjZheGlAlLMZdYQ
1142,2013,5,613,Medellin,6.251752516357735,-75.57913598787634,vz-d3JHpnG4-0l0oGW6Ggg,463,0,491,14,5020,False,dSyBFfaXq3s-PA5GV1GVQw
437,2016,3,379,Medellin,6.238985132199956,-75.5954587006264,C41RkZ4eWjO_3Ms3zPjz6g,296,0,301,11,4056,False,sGeo2Xf7Pvo6w8prBOfxXg
675,2014,11,527,Medellin,6.243012589762603,-75.56955670562276,C5IQ_FjQcJdYix2KbsIYwg,573,0,621,7,1238,False,TOWbkVVPRLv-RDOTg1e77Q
1141,2015,9,363,Medellin,6.252105036163426,-75.58033323160377,lQe3hqVb-4lXm2zDbFFV-w,43,0,43,9,3194,False,QsEKYoHLlXGPIA_PRMo_1g
1089,2013,6,620,Medellin,6.250961185423693,-75.57950238112362,FRlCkJAzR0T53YtYFsXCkw,257,0,260,13,306,False,1CLVPkUIiL5Kkfp_3bJjZg
277,2013,8,289,Medellin,6.235967630162134,-75.59645586932031,9rth7OdOIo7V5L47GYiPiA,426,0,449,6,602,False,goKcADprZlEhxFYkvUV9Xw
1071,2013,6,436,Medellin,6.250967729498281,-75.59749845146939,t8vgtsl1FGo0VpUuakGV5w,506,0,539,3,3938,True,t8vgtsl1FGo0VpUuakGV5w
775,2014,3,429,Medellin,6.244934208593788,-75.57545122366469,XNUFelwC63PXokqRyMvBsQ,414,0,436,10,3323,False,4i6vR2xj3YGq6lenfCDLeg
719,2015,1,311,Medellin,6.244071876848655,-75.57833904570712,ZQETllkVOqOpfRt5CBWrSA,718,0,831,11,1673,False,lPh7RKd7qSHDO01kp2mnSA
648,2019,4,285,Medellin,6.243124814240007,-75.59623707652551,kjWmGoHwHc0c63PJWXffKg,679,1,1091,2,3374,False,7RKmNAebjP756htEgvFonw
176,2013,11,489,Medellin,6.234003245737828,-75.59150659329242,fxjbmENWVhrvdw2VTwJRyA,664,1,1005,7,5576,False,qMB3zKGRn-pluyXGMC4a3g
401,2016,3,261,Medellin,6.238043443321843,-75.57847591108955,Hd3ELhEVXbUfxOSfP7VPOA,69,0,69,9,2069,False,78r3a1p1RwUfq3-TNtrWEA
1236,2013,5,360,Medellin,6.25391252109949,-75.59051211703056,z4YZEZ9lVw1KD8j0C3VS6g,779,0,949,10,2615,False,0EXsqruMPzhICRwvjTUlmQ
843,2016,3,515,Medellin,6.245928410605631,-75.56051016667928,-MzQFvxCVC5V-2zUFTgDmw,223,0,225,4,3945,True,-MzQFvxCVC5V-2zUFTgDmw
934,2013,10,528,Medellin,6.247943000468791,-75.57530546362999,8miCq7lwU0DIuYrdhmjQLQ,579,0,627,6,4951,False,OhYV-ZfI6IHYDi5eGQM6sg
137,2019,1,337,Medellin,6.232995165005291,-75.57758190913506,hpJOoh6gaK6Ny0J4-xXScg,740,0,870,13,5598,False,E-3fEJ9QxJW_q-jBt4HY2Q
305,2014,10,228,Medellin,6.235981017378053,-75.56849045772296,nuRtew-0U-O8VRWUALsB1Q,674,0,763,10,4468,False,mje2GBPFL-pA5Htkt7xscg
339,2014,1,22,Medellin,6.237013909140993,-75.58744784132676,JuR0oS4UpS3q-ScgdHwUWw,682,0,773,8,3949,True,JuR0oS4UpS3q-ScgdHwUWw
725,2017,6,424,Medellin,6.243725376025704,-75.57192752105769,ovW9O2mgCjDSdQPR8BiEfw,0,0,0,4,0,False,tckfQtrnZaGbPOTohBwRlA
1003,2019,4,259,Medellin,6.248858928685395,-75.55954386365002,M5bFqMyqupYxMbdVmPPnoA,690,1,1154,1,3951,True,M5bFqMyqupYxMbdVmPPnoA
854,2014,1,494,Medellin,6.246921022498767,-75.60251063965686,SgQkPm-LJnPFFT5bEodMGg,68,0,68,12,5545,False,42LuKNrdDFPXt0lMmHPJeQ
132,2015,1,525,Medellin,6.232969270337608,-75.58272443479679,lJ6-Bhbii1eMWyVusRMY2Q,141,0,141,10,2360,False,77w1I-sYHmT3elPo-oZ6UA
443,2013,7,110,Medellin,6.239174695618928,-75.5894534556756,Em9qpLmIyshXvUrYxrpjoQ,421,0,443,8,2530,False,c5YjRmWgO-MkgSldCbNe2Q
447,2013,5,298,Medellin,6.238828271355379,-75.58545901715749,7eH_BngUXJ0Y2kZDp4LsXQ,810,1,1155,2,3955,True,7eH_BngUXJ0Y2kZDp4LsXQ
961,2017,7,442,Medellin,6.249019657877102,-75.60150595527264,n7eSnMyo9hmhUuz1V_TlMA,515,1,819,5,4979,False,_2btR7OmmYyTPwM10N-BpA
143,2017,7,488,Medellin,6.232842252611439,-75.57116570879387,ionrHuQMaqTgt7N7-8e5jw,599,0,653,4,1057,False,nu8gAXEm5inwEDUtyDZ4hQ
320,2019,6,95,Medellin,6.237024058742194,-75.60749609539003,vC6rECGjjkMy_z8KJfevKA,685,2,1156,1,3958,True,vC6rECGjjkMy_z8KJfevKA
413,2017,6,223,Medellin,6.237977998511592,-75.56642829575802,PgS9Tr8y3YCGZkE0ODhUMw,407,0,429,3,4231,False,7x7wHCOLNvFPBsWCJctRAQ
1243,2017,6,428,Medellin,6.253976760173085,-75.58432042159887,AVYd9N9PSk0khY3HeJ2Mcw,76,0,76,8,1900,False,kVT0lw3DwCKPWK5mY0t1Mg
1032,2013,6,145,Medellin,6.249991267730015,-75.58348305133404,wwZ8r-W5G3TmYnQVMZsu-g,564,0,611,5,960,False,d3q-4uDrjm6pHfm0dW9eBQ
826,2016,3,401,Medellin,6.245873419953986,-75.5772074667763,rfpgrLfm1uG-Ca6Mn7QF8A,58,0,58,5,5716,False,Kz7447PCCNvHSGuEDHbG0g
23,2017,7,239,Medellin,6.231625490496743,-75.58543233069307,Tqwdw49O7dZ9tt8yxkISqg,330,0,337,11,3083,False,bEYNNZOkLBRsEvouaPf-kw
176,2014,1,310,Medellin,6.234016616297951,-75.59155568966374,DRLfW6cc3XWucCo5wXG0pg,664,0,749,6,3964,True,DRLfW6cc3XWucCo5wXG0pg
460,2014,9,272,Medellin,6.238962399198632,-75.57247367313437,lc-I0k7YRX5EJJvCFajAmw,100,0,100,9,1675,False,vbUJKT0pt6lESqFUToPApQ
55,2017,8,530,Medellin,6.231880053448836,-75.6064016634168,V_v5uENAf8u8JOPijs786A,176,0,177,6,3619,False,SgRksnxm-LdXBQD0ujx2bQ
306,2019,7,316,Medellin,6.235684066957265,-75.5683114477212,WqgDToIKkOMBR-Vjnw7g1A,271,0,276,14,4893,False,Z0-_XrPiigik7bdjF6wS9w
1196,2013,5,463,Medellin,6.253006128855866,-75.57848782360703,KAhYk96julduA7Ju-N8ajQ,433,0,457,15,1564,False,FQAF46Hu7m3Ad0KzprONFA
568,2014,9,538,Medellin,6.24093571132059,-75.57043242297193,jojh3E4_ZufAVTfjmbYuMw,372,0,389,12,494,False,uvME2c69lvHR_dNqruoM-Q
1211,2016,4,646,Medellin,6.253003396143535,-75.56360519001099,9x1b127MG-_wqizCxXb8tQ,200,0,201,10,3970,True,9x1b127MG-_wqizCxXb8tQ
1036,2015,1,440,Medellin,6.249874698024042,-75.57918147277144,iSJo7U0ZWFPajxCvJsnLiw,99,0,99,11,1524,False,ppD0eak4IGxKGlmVcWyXRQ
772,2015,9,266,Medellin,6.244881537559497,-75.57862693297132,0oNkywjz_lACXZsZ5nsH_w,225,0,227,11,439,False,iNi6ZSbJqnsuRazytIxJmQ
706,2019,6,595,Medellin,6.243915918624102,-75.59134674641109,RjHcP8pu9KOZjvDG7fh4hw,753,0,894,5,3973,True,RjHcP8pu9KOZjvDG7fh4hw
431,2015,11,316,Medellin,6.238861769423106,-75.60141796852474,DCFTMLN79POwEyszqa14Ow,697,0,794,9,3774,False,gZC0NahL8jRrUYXRt19duw
403,2019,1,525,Medellin,6.237950254427719,-75.57654385115178,2oRCNAANzrH1PXLx-ueDwQ,473,0,503,13,2283,False,0wns_31olfodW5lI18oknA
738,2013,7,541,Medellin,6.243908997191953,-75.55936151933022,5VKo45QAXRWTp2mlwv9P0A,360,0,376,6,1555,False,Ez9YyKEaAlaY_NBG_gsXAw
909,2019,3,382,Medellin,6.248040044281433,-75.60041425836373,X7OLeaVEgjCN0eSpiHgHyw,605,2,1157,1,3977,True,X7OLeaVEgjCN0eSpiHgHyw
238,2013,10,253,Medellin,6.235034499407418,-75.58267102963384,azCb4FLmnUtd0OvbP3osqg,572,0,620,10,988,False,VuFX5OwR-CLI-hIu9DJWeA
890,2014,8,496,Medellin,6.246886590279785,-75.56645131486613,bhWBH6Nnu1O7_aV3tO8Rfg,519,0,557,8,1344,False,nvRUdWeqNPEXb5QOZffbgA
1130,2017,7,397,Medellin,6.251994262911261,-75.59132250742506,s4vWaP-vD63TZTGI-YupcQ,824,1,1073,2,3180,False,zTN-5CB1RNhWEbn4nXR3bA
322,2019,3,313,Medellin,6.237107854587939,-75.60451165685507,SMq1WkfU84Dr8m8k035eKA,840,0,1151,3,3914,False,k2n4SAcwBbpmu-w9QLbfvw
705,2013,6,273,Medellin,6.243833481610548,-75.59261308576846,URMGni8NspiZXI8IP2I6kQ,543,1,677,3,3982,True,URMGni8NspiZXI8IP2I6kQ
406,2015,9,646,Medellin,6.238002253620825,-75.57341432458217,RqF0Y34QBeVxtax_oc3zlg,460,0,488,9,3369,False,s3_Ij1olCsBbTdUEWjr3JA
63,2017,8,516,Medellin,6.232101238357824,-75.59856235791344,kIaMM7077VQiCtWQi64vTA,669,0,757,6,4085,False,gpi9JxIZYUaD_buawpLJoA
445,2017,7,435,Medellin,6.238994013701795,-75.58750227891309,z2dC3ul4l0JwMVY0Wbbh2A,617,0,674,6,3985,True,z2dC3ul4l0JwMVY0Wbbh2A
1197,2015,9,295,Medellin,6.253003999713447,-75.57745317468819,Fk_4S43veRJayoe5LY7QlA,2,0,2,11,5954,False,it0HTMj-KfACyaiRor9IZA
1187,2017,7,136,Medellin,6.253199062400204,-75.58741570200283,Tj2MPSPM9b4p9120bChWVQ,802,0,990,4,2523,False,balibDoxqKgppy-4aGQY-g
1025,2013,6,559,Medellin,6.250132497501707,-75.59046823312508,qB0nyQkZFX2GNxYg3W7Vqw,201,0,202,7,1427,False,-A9firBORM6f1IEmrTGF_Q
848,2017,7,377,Medellin,6.247120498528285,-75.60872057517908,mhsDBAT3m3BpXhIVPSiaXA,841,0,1158,3,5861,False,XnTUzrgEZGvgKrB53ptvuA
1191,2015,9,296,Medellin,6.252931554349847,-75.58340634574147,YzendoHCyzsZRiepLYbhxA,362,0,379,7,5401,False,Wyqd3FniFny7RuMRKfKA1A
616,2013,5,623,Medellin,6.241918255869815,-75.57544373751877,R11oLM1ZVYq_DbF5p1Myhg,717,0,828,8,4461,False,zEKpqxR-8sYFWW8-eplopA
140,2013,6,433,Medellin,6.23287194675263,-75.57453158332834,e5UROLJqAoZuuvMxIipXOw,94,0,94,10,5674,False,SZCJD8OC53C_bcI_fWvs_w
1193,2017,6,376,Medellin,6.252993689978738,-75.5814384330928,7P6nn1j4Qh3uOjSt1fzZrg,484,0,516,9,1948,False,FjrOYHZmqc2YCEcaZm8pwQ
769,2014,12,615,Medellin,6.245026377186432,-75.5815166544172,WkkgKC-iGzoTSqrsbegxwA,631,0,693,11,5670,False,GBc0pSYHU-fCviglorq83w
512,2017,7,90,Medellin,6.240096111272838,-75.57350929271554,H0ZpNnpsJ4RVLQEcWcHipQ,28,1,960,3,2370,False,q9yLOwEht7-AVLFk2bc9Yg
298,2013,7,501,Medellin,6.235943718816706,-75.57548253691654,7dsH1RM5JIQzPsL7e_Rpvw,315,0,320,11,2224,False,uZ_1-hjnyERXj-2h3vDhGw
1186,2013,8,107,Medellin,6.253183273680059,-75.58843211166848,K9iNl1pWpOAQbTujrNtF4g,462,0,490,12,1992,False,WDDHS30_x2hPJxzpkTlkAg
271,2013,6,349,Medellin,6.235966514147376,-75.60239278795667,jmgJ8nfdaESf47czQN2gow,406,0,428,13,1217,False,NNGA3G5UDKRgpvpxwOWTBA
988,2018,11,261,Medellin,6.248910923151741,-75.57447807773086,EpTO4dxPbN7IYiLM7Y8oSA,158,0,159,7,4156,False,MALV1AuzjU28bLCvlEUoAA
766,2018,12,612,Medellin,6.244889890456987,-75.58437867915096,gDnPt_CC8Vc_WBbMIyE08A,202,0,203,12,2542,False,TtgGkjr2vOJdoD8KOjFBWQ
597,2013,6,299,Medellin,6.241866113538869,-75.5946515606218,lrmz5yE0-OwPRGE1IwPLvA,687,1,1032,3,6021,False,lQXorlN7WpoxuBO8ZBkJmA
976,2019,3,199,Medellin,6.24891400797035,-75.58646237747011,lQoUYdTraOqm5JbgJmBONQ,49,0,49,9,2259,False,NDZySTYvV1ZIZ51KKxbEaQ
1020,2013,6,207,Medellin,6.24999236047208,-75.59548181320581,32ZCGipZ_GB7LkPYTAeTMA,621,0,680,11,1276,False,bDGRogy1-bpfVvh2mV8pIg
451,2015,10,328,Medellin,6.239493680877538,-75.58147415375194,kcUl3lEwJv4OHkMy38KmRw,39,0,39,17,878,False,0KP4uohVrciniI71w7K80g
1142,2018,11,636,Medellin,6.251811876327756,-75.57916491970173,9b6jcQ7wzRBk1zudlsasHQ,463,0,491,14,5020,False,dSyBFfaXq3s-PA5GV1GVQw
920,2013,5,435,Medellin,6.2478836692284,-75.58941182326623,vOZmCgvKwBMVcw2hvoO6dQ,146,0,146,9,4417,False,CvM1HUf9Yf_hw-Knu-7Mag
679,2017,6,119,Medellin,6.242830583582566,-75.5655272452185,y4vP4_ZcksB9o_wLmnBAuw,290,0,295,11,2837,False,iLeRBE0SZitaCepu37qGUg
556,2015,1,308,Medellin,6.240947280094665,-75.5826653681928,TqKq2jEP4SS-HXhrhXjNRw,394,1,634,4,1018,False,5XFSglDNVOYyV4zxA_7dUQ
456,2013,10,245,Medellin,6.238938376235329,-75.57674779588883,SMDF3YKTHkozpUkOfVvj4w,427,0,450,7,968,False,kmg9oYSiC_d9vbYJiuACRQ
805,2019,3,560,Medellin,6.245996722472431,-75.59853631701053,Wo5PpjOfduLEQepa0EHkWA,361,0,377,4,5793,False,cYPGT9YORyqqdKjNzLUJgQ
1003,2017,6,289,Medellin,6.248862783490067,-75.55956914544124,y4r0C3CjyC5oayfaPdhREA,690,0,784,3,1508,False,ZZlGmhz5XvpewDiLC5olLQ
802,2019,3,502,Medellin,6.24598928599823,-75.60113021650497,DHOT0_jO_GrJdHAZOakfvg,676,1,796,6,2608,False,HaJv_Ce0BGJDV421VstTww
356,2019,7,377,Medellin,6.237078608192514,-75.57037188429055,cpxojP7zUhSs2vvSKacNTQ,534,0,575,12,3454,False,NYgGYqKpDAe5poycklEVWA
229,2019,6,237,Medellin,6.234968269305194,-75.59155001159154,wKgvYo5ZGe9i7w2sjNsAGg,329,1,880,7,1897,False,vDOOIsqpN-HgDLCNV8M0Ug
704,2018,12,698,Medellin,6.243999852550262,-75.59355476357597,RgS3JMTIoPdd0G3qkJwQsQ,8,0,8,7,2655,False,CYi2eJ7oDGUIJm2I6ii_fw
762,2015,1,449,Medellin,6.244990616140664,-75.5884646440548,iXuHv1STkJguzvKsxZVhGQ,396,0,417,8,2925,False,VE_yjurHEriVFdHswafZwQ
1183,2015,1,523,Medellin,6.253039479691149,-75.59137412341562,3OxV28fUzs4zj6gnrpSTLA,644,0,715,2,1260,False,raAQHY-GEHEuQKitTMeJFw
877,2015,10,306,Medellin,6.246961223790045,-75.57944410200191,IdeiCgxD5PJg5MX5tVaANw,603,0,659,8,1070,False,tIvt0fZi5DGR6m4T0Wy10g
229,2013,10,52,Medellin,6.234972052335064,-75.59158617819901,aWcH4KS98DZcaByHcOgL7g,329,0,336,7,4019,True,aWcH4KS98DZcaByHcOgL7g
438,2014,4,124,Medellin,6.239050607642789,-75.59446290133575,WW6Q9NJPhbWofkH2XNGauQ,359,0,375,12,5219,False,g3uWiJsJd_VUkxnPB5tTHw
865,2013,10,494,Medellin,6.246932607007353,-75.59157547825612,mxe5CuZFMwyo8HNxfaFB4g,790,0,968,6,5091,False,SCSK91-KE0Dvj_OJu-N4_Q
978,2018,12,375,Medellin,6.24901239229315,-75.5844804556551,eBsaFkXvoDSxTYkQVlr1vQ,533,0,574,6,5456,False,OQqym3nSIyGMizETRA31ww
145,2014,5,202,Medellin,6.232945622802546,-75.56995788800079,iL7coH4X-KW-rTDw54vRXg,183,0,184,25,1616,False,oFs5LoL1vDLaMHFkDtwqbg
192,2014,1,508,Medellin,6.234073654254185,-75.57515624906758,wX8-AQHvrRCG6malvn-1Yw,441,0,465,15,4681,False,IOxRSv8wG4WxWLPQxJHUEA
784,2017,6,321,Medellin,6.245004191671748,-75.56655190439876,9nRDepcU46x2YN7OytquJA,770,0,931,4,4383,False,-EjPu-CU1iVu5dke6Cyhdg
322,2015,9,321,Medellin,6.237110784741404,-75.60449824458385,e8IDjohwKXhsGq9wWB1psA,840,0,1151,3,3914,False,k2n4SAcwBbpmu-w9QLbfvw
1219,2017,7,387,Medellin,6.254042724645558,-75.6084178804384,woarMObAg3__lV2sqBwWuA,552,0,598,5,3362,False,afF037gSLCfDvGFBWf2N6w
17,2017,8,47,Medellin,6.230979597145175,-75.59146625651317,2Qm4oF9EAFCDc7gmqmCfbw,367,0,384,10,4872,False,uOWoxgKQ3G9NDNqk4UsAgA
137,2013,5,346,Medellin,6.23293945743341,-75.57758257535876,ZvskqyWlcQMyVoITBYv8bw,740,0,870,13,5598,False,E-3fEJ9QxJW_q-jBt4HY2Q
74,2013,10,471,Medellin,6.231823108325694,-75.587503486906,cZhUOga8xISEcuk5g01Epw,469,0,498,9,690,False,eF_mts6232dT4kfQJ47V5w
1145,2013,5,221,Medellin,6.251930956488925,-75.5765735453059,V2EUzTzt-hkUA8ujNbKfzg,126,0,126,4,1805,False,P1GG4I0kjxkWgvovJ0gqdQ
192,2015,10,499,Medellin,6.234053155932272,-75.57515113692305,OuT3tZqs-ArXuV-HEV8ouQ,441,0,465,15,4681,False,IOxRSv8wG4WxWLPQxJHUEA
199,2013,10,155,Medellin,6.233938295849597,-75.56835609440243,KTzq9uz7w25DfRhv45y6_g,724,0,842,8,2320,False,zWygB9Zt9mR6kkHS0hWmmA
163,2017,8,257,Medellin,6.234019514771752,-75.60442605806269,LtIng5ojIcJ73pT4SR-Pqw,612,0,669,7,5096,False,UdzM-aXDJ-t4RGcrcpCPjg
924,2015,1,504,Medellin,6.247962368515334,-75.5854013551911,zbnswDuwKWZAuImPNtVxyA,363,0,380,5,3470,False,zbhNJjP-HiTeyAGtSdglJQ
1134,2016,3,657,Medellin,6.252043620655678,-75.5875228196147,75fG_0p1jGNByTW5mZkboA,531,0,572,4,3710,False,S9vptZSei_eS1Kwvm5FQAg
993,2013,11,269,Medellin,6.249144365280336,-75.56937981851264,vXV8WPlFs4gd9zYYJMEKfw,567,0,614,6,1626,False,vRfZXUdR_k52Rxak5UgzAg
1002,2019,7,330,Medellin,6.248979116623766,-75.56044576964257,YSl249BRV77L-t_byrwADA,799,0,985,7,5874,False,-PKnHQdFmYxtaaMDL7rsnA
775,2013,8,112,Medellin,6.244922223952051,-75.57548157850466,gI8DixjloSngG7l9gs4K8w,414,0,436,10,3323,False,4i6vR2xj3YGq6lenfCDLeg
689,2013,8,428,Medellin,6.244082701918223,-75.60852512014195,b-bfdHk8VevChhR2Jgv_-w,124,1,1051,2,2979,False,nqYnr3gzJkzcurVpdqqscg
349,2015,9,389,Medellin,6.237007047545006,-75.57736005009873,R66udaip8sw387PNi9ltWg,769,0,929,5,4879,False,lc-K1zv-QUqlaTe0InaBNQ
828,2014,5,150,Medellin,6.245824422495398,-75.5755131383811,mJJkc1ln7QPAv9_qw_e_Eg,180,0,181,9,1171,False,d3Gv__y4WE7OHMcBgNN7RA
658,2013,7,631,Medellin,6.242870942707353,-75.5863890663268,A_6d0AuLZs9B4IUalfd7xw,277,0,282,11,4092,False,shhTk92DoDP-tAvEIA6E4g
938,2016,3,485,Medellin,6.248030932551043,-75.57148096980232,eQF_1_OPhqQpzdvNK343Xw,829,1,1159,3,4824,False,7IRzmowgyAgwZkNn6CrUiA
1085,2013,6,418,Medellin,6.250947930540359,-75.58330550004,l1ObhGrYLxXcq08ucEnOkg,357,0,373,6,3407,False,_UJPdaRY8E60evuryOZ3eQ
424,2013,8,511,Medellin,6.238945495447267,-75.60846850470307,2sj-9NQlQB6df8J3_lZkXQ,420,0,442,10,5998,False,mCoEYACvuwSyWp-7fDfpuA
356,2014,11,387,Medellin,6.23706022524528,-75.57035296631894,p2WFVxHOAP5ilZzu4MFjKw,534,0,575,12,3454,False,NYgGYqKpDAe5poycklEVWA
350,2015,10,386,Medellin,6.236991613962174,-75.5764825012231,75q5xfYSFgh4nzSMwRD2sw,814,0,1037,11,3422,False,5BImpe3gJA8stYiLfHQNpg
192,2014,4,499,Medellin,6.234062097919045,-75.57521253951509,gxrnAuvFd3jSxChzbSlTtQ,441,0,465,15,4681,False,IOxRSv8wG4WxWLPQxJHUEA
1253,2017,6,438,Medellin,6.25429393212031,-75.57393123834252,ucxhVBcvn41cZbf2NA1Dyg,839,0,1148,6,3851,False,O_yWF1Qaqyjn66iEayqDTg
431,2017,7,317,Medellin,6.238890061847028,-75.6014309699944,ZDGYkc02wy7dFtD_ML6i8w,697,0,794,9,3774,False,gZC0NahL8jRrUYXRt19duw
213,2018,12,437,Medellin,6.234963439087663,-75.60742734938898,WdW6VAre9eUG2Spgl16vFg,189,0,190,3,4052,True,WdW6VAre9eUG2Spgl16vFg
673,2016,3,415,Medellin,6.243034304916583,-75.57145071680013,lrCjaP3zRrmDtpgwFtSn3w,756,0,898,7,3753,False,1Pu5i5-zX3H0x4S35hE1iQ
763,2019,6,600,Medellin,6.245109875324576,-75.58734021254321,aWiNrJBIO8fc0rN66Fpc1Q,284,0,289,4,1810,False,ZJ29eXAPmQkgOGzmSzQqhA
704,2019,6,686,Medellin,6.244027156583182,-75.59354153496517,MwLfRnH6dM09Lj8HmUwF8Q,8,0,8,7,2655,False,CYi2eJ7oDGUIJm2I6ii_fw
437,2014,1,371,Medellin,6.238979280804293,-75.59546855135744,sGeo2Xf7Pvo6w8prBOfxXg,296,0,301,11,4056,True,sGeo2Xf7Pvo6w8prBOfxXg
227,2019,1,596,Medellin,6.235109885713481,-75.59346975404334,n9JoqPBYSoU18SdC4DSndw,807,2,1160,1,4057,True,n9JoqPBYSoU18SdC4DSndw
744,2019,1,687,Medellin,6.244951493026287,-75.60634467721684,eHQlco-kOGSrIk-zBmXSNw,624,1,1034,6,2790,False,YesHSOeCi4w8esq9rH0ctA
458,2015,10,302,Medellin,6.238933121448017,-75.57445490220424,BSra_a-IGokYatLNJ6EqSw,72,0,72,14,1951,False,8plNTArMK0gy6Seef-0Log
558,2016,3,613,Medellin,6.240752371951677,-75.58041440735842,G6pNEuT_XpRQVYSboP8gAw,830,1,1161,2,4060,True,G6pNEuT_XpRQVYSboP8gAw
945,2017,6,278,Medellin,6.247884464665965,-75.56455422695272,4oOm_IC5SPHcEVEl6fkuyA,291,0,296,5,3087,False,2wvfCrv-iBapuXMk4rQQ-w
1146,2015,9,139,Medellin,6.251912326913127,-75.57518684661154,vrpUaaIGUl-qsMQWUYFKjw,629,0,691,9,2495,False,UJF9clPUux9W5aj0iCzHAw
431,2013,11,309,Medellin,6.238865330619374,-75.60144699069055,xvTIBAG2hoJjZbXgtOlwYg,697,0,794,9,3774,False,gZC0NahL8jRrUYXRt19duw
251,2017,7,584,Medellin,6.234680054070146,-75.56942776328171,gQPnmP2ckNoP48o1DLKK9g,373,0,391,5,5851,False,uCJddd1pGRPc3bsmdFDJUA
224,2015,1,391,Medellin,6.23494109185694,-75.59649438046888,09rU2JE2W9Aew3v66eNFeQ,626,0,686,7,1661,False,xJznRoeRLe1fK01A8Gsmzw
801,2016,3,363,Medellin,6.246022629622278,-75.602456829812,fjL3Yx7OhsZ0EMKRdOELzA,264,0,268,7,1140,False,yqwTd9QDtLinsKeaWsbSOg
331,2017,8,639,Medellin,6.236962891510304,-75.59545608633307,tSRFzCmqgtYjA3nHFzZOyg,650,0,725,7,4184,False,PcWA6VbXhXCMi09P469MJg
1238,2013,6,562,Medellin,6.2538268048519,-75.58948944075443,v2MwQtON08HFubK4UV5L9A,293,0,298,10,5863,False,LtizsFObSMRKWJea3xAENw
921,2013,10,455,Medellin,6.247972716327729,-75.5883064087157,cqIHiDZv3gWAwmjk-3DEjQ,606,0,663,4,4069,True,cqIHiDZv3gWAwmjk-3DEjQ
355,2013,5,372,Medellin,6.23685960958306,-75.57147736858876,zlvxk0hKwM3-LfJzjXmPTg,480,0,511,10,4070,True,zlvxk0hKwM3-LfJzjXmPTg
959,2019,3,362,Medellin,6.24894030369303,-75.60359528971222,FlFbVK0wMegoGkQF3xDdag,563,0,610,6,996,False,af52qIEkpTux2GykoNzzQQ
871,2015,9,492,Medellin,6.247014223688763,-75.5855530285445,i_1KDE02690_M68iePIOEQ,505,1,681,4,3406,False,WOEBQmXUwKEK0usQvd3dIQ
371,2019,6,222,Medellin,6.238010449654741,-75.6084939671173,8JrZIaUiLJmGqb2gfWsCIg,706,0,811,3,4073,True,8JrZIaUiLJmGqb2gfWsCIg
748,2013,6,429,Medellin,6.245136022119746,-75.60246112285053,xbNn5VTSFPcW7KGBGdi_ag,828,0,1085,4,3838,False,F3E49SkTts236oAseiWysQ
144,2014,9,204,Medellin,6.233005055743148,-75.57006017459658,r1r8__Fs_5iB0tHZXXwlAA,183,0,184,25,1616,False,oFs5LoL1vDLaMHFkDtwqbg
253,2013,8,208,Medellin,6.234787711885618,-75.56797521534618,XgFRmMKP8yFmniBl30MQCw,496,0,529,14,846,False,TbDIxnOfpTm0ZYZf-V7mqw
1217,2013,6,674,Medellin,6.253073455312291,-75.55759446301231,xSYV3tlPzi1LekfqrSw7_A,710,0,818,4,2589,False,vKIxIGBCCr4AyJ0JIdPQIA
1251,2017,6,318,Medellin,6.253887700328587,-75.57652537099393,FGPXfF9nooVFCf2MYxv7PQ,754,0,896,8,5487,False,-9Ci_nz8J2IU2T5sAv12Fw
808,2015,1,467,Medellin,6.246193227865265,-75.59553749005923,i5yTbXTzd7UimjxcqNMafw,755,0,897,8,5140,False,56r5qn5lITzqKeThRbd62w
880,2016,3,567,Medellin,6.246844085608356,-75.57647155652008,wVQkglc2cSj3hdhSqC-niw,352,0,366,15,4080,True,wVQkglc2cSj3hdhSqC-niw
774,2016,3,335,Medellin,6.244933573103848,-75.57621440414671,xRMU9U7DcREfUrxC-FVcIw,457,0,484,7,1572,False,mSDqjvZ_mivriH4AucE0iw
210,2013,5,174,Medellin,6.233838492057582,-75.55734215826912,ZL5L2_S0jJrLD6dzcsjB7g,204,0,205,9,4830,False,v-yfTP7ncEmWr_nE2rP-WQ
706,2013,6,584,Medellin,6.243913336788076,-75.59135834405836,w3oh0kKrIO4645gy1Gwsfw,753,0,894,5,3973,False,RjHcP8pu9KOZjvDG7fh4hw
917,2013,6,299,Medellin,6.248076038575222,-75.59243214810375,T-_unHfljnD_Skc56T_Gsg,105,0,105,7,1816,False,JAQyL6GU6AwM9gk6mZnZKA
63,2013,5,491,Medellin,6.232097429814199,-75.59855536167058,gpi9JxIZYUaD_buawpLJoA,669,0,757,6,4085,True,gpi9JxIZYUaD_buawpLJoA
569,2016,3,345,Medellin,6.241076847718693,-75.56944250990395,Jt13f_oj9yLMknaBB_wfpA,732,0,853,7,2359,False,QbBdjTsw3ZaYVSm2a2NOCA
344,2017,7,506,Medellin,6.237011379473098,-75.58262156402446,WROkwGaivAi3jk1NGe9wXA,117,0,117,12,456,False,eeZ0HmiL2cKsqpHsK7Rusw
8,2013,10,370,Medellin,6.231114422601229,-75.6004988114857,LoP_EXdFjcUg5io3g5CZNQ,653,0,730,10,3833,False,alWIgEunkkyCEc-dbHge8g
449,2019,6,147,Medellin,6.238882406476504,-75.58346286486213,a6eTYUd_ivMbZUPo-Bbr-w,842,0,1162,1,4089,True,a6eTYUd_ivMbZUPo-Bbr-w
1021,2013,8,507,Medellin,6.249989575865151,-75.59450095299981,eAs-ikVs2d60NZr0M3RBfg,132,0,132,12,2393,False,6DiNDGuN_xre5-3qZVYU0w
1019,2013,8,343,Medellin,6.250086761356637,-75.59748652806427,kOre_wnWajrgYOuS2d-DBg,657,0,735,8,4954,False,1L2byP3jMPSO630asPsJtQ
658,2015,11,601,Medellin,6.242873959128627,-75.58637947793703,shhTk92DoDP-tAvEIA6E4g,277,0,282,11,4092,True,shhTk92DoDP-tAvEIA6E4g
443,2014,8,108,Medellin,6.239169262800297,-75.58940857505459,psMBF5-h2nIvy5N32waLTg,421,0,443,8,2530,False,c5YjRmWgO-MkgSldCbNe2Q
466,2015,9,512,Medellin,6.238992669766869,-75.56635207967636,LT4vBJIpccAwx7d7iO0KwQ,346,0,360,3,4094,True,LT4vBJIpccAwx7d7iO0KwQ
1054,2019,4,663,Medellin,6.249947083764594,-75.56143203968986,dMrBNstfvuNcF7gcqJeYIw,554,0,600,2,925,False,953vztxbgleVPzVbp1R_cA
21,2019,6,450,Medellin,6.231586799179353,-75.58644025221633,OxWXwtaSDl5NhvobjXHNCg,32,0,32,8,4096,True,OxWXwtaSDl5NhvobjXHNCg
994,2013,7,119,Medellin,6.248801426830565,-75.56850617006438,9HH9olbIXUvBwlaapBuaTQ,757,0,899,5,2280,False,8dGJtmg2cKzOpZqrAIDrtg
176,2013,6,305,Medellin,6.234027156305418,-75.59155464548964,1-BHTiLPNLhFyZLVpI6CRg,664,0,749,6,3964,False,DRLfW6cc3XWucCo5wXG0pg
32,2014,1,58,Medellin,6.231025775485877,-75.57619521225618,FTVN_2rGZUdPIuhykFdJ1g,13,0,13,4,13,False,TrfdqJ0ynPlMND-L-B-pUg
854,2014,7,487,Medellin,6.246919072399102,-75.60251099863254,dgm0xo58F1uER8gQqSgzJQ,68,0,68,12,5545,False,42LuKNrdDFPXt0lMmHPJeQ
1064,2019,3,549,Medellin,6.250995601264944,-75.6043873234936,KFPjyLzbh1raH8iIpEmffA,165,0,166,7,3359,False,uOdLJX9L6-E5331D6lETzw
176,2019,1,492,Medellin,6.234013246634967,-75.59151355092145,jmPqEC4YKUnG-QK5W_3IzQ,664,1,1005,7,5576,False,qMB3zKGRn-pluyXGMC4a3g
1081,2019,3,610,Medellin,6.250934467751609,-75.58724418521037,CDySL882tqTpMHkwVvau8w,746,1,884,3,4103,True,CDySL882tqTpMHkwVvau8w
1021,2013,4,519,Medellin,6.249976859495298,-75.59449711887567,97agIx7Nu3sWfvA6hnz2cg,132,0,132,12,2393,False,6DiNDGuN_xre5-3qZVYU0w
488,2019,6,80,Medellin,6.239946188661161,-75.597642646088,iGzwyj1C91tItnUZ2KUBlg,366,1,544,5,785,False,ykY7ZwwyM3Y4YZFtNSM0qg
89,2013,5,364,Medellin,6.232023081779857,-75.57242321376263,47RFokYfC1QzMwEbtbqKgQ,25,1,1163,1,4106,True,47RFokYfC1QzMwEbtbqKgQ
1110,2017,6,240,Medellin,6.250799932423425,-75.55861827746418,gy-dW37dM5b2nhkLbxsQ8A,666,0,752,5,3255,False,Eydh6TliblV-y7cgJLPAig
1092,2019,3,479,Medellin,6.25092370778015,-75.57631501677174,HC3Msz6_szbo689KI97LUA,792,0,971,5,5017,False,PnOJaz8kX1KRlIIGzpY0vw
622,2016,3,440,Medellin,6.241863039348114,-75.56945430932828,NFJP5N1LxsbsvaOuH1RR3w,432,0,456,13,614,False,fe1unOtAlLl2Z6S9sPNpZA
71,2013,5,382,Medellin,6.231671726645874,-75.5904938313748,JlixgJcPcSoRmXih--6zyw,425,0,448,8,4765,False,TlURduS1j2415ThkPrFowQ
762,2019,6,428,Medellin,6.244991613218867,-75.58847939788667,k6iTMvmipRB7lBU8ZWMpsA,396,0,417,8,2925,False,VE_yjurHEriVFdHswafZwQ
609,2015,9,191,Medellin,6.241764598254736,-75.5824460220586,UWdelrjIjT8zmdnSZQHjoQ,317,1,927,4,4112,True,UWdelrjIjT8zmdnSZQHjoQ
662,2015,1,570,Medellin,6.242944316534943,-75.58241128328555,CSTxm0lwfHFkRoJ4kKl5EA,834,0,1100,4,4406,False,tykC_szlX1Ky10ZU5yBYFw
145,2017,8,202,Medellin,6.232959852190445,-75.5699732033201,AC5WcZWX2TiUDQhrYJZCNA,183,0,184,25,1616,False,oFs5LoL1vDLaMHFkDtwqbg
1095,2019,4,164,Medellin,6.250773584577152,-75.57352175883985,Tz8XlEd1670rETL_F5kXJg,163,0,164,6,177,False,MfRPdrr9UkMN4sTsF7dSMA
159,2019,1,119,Medellin,6.234340686004105,-75.60850039116063,fTUpXBlZkoBPBsNR5oId3w,698,1,923,4,2136,False,VuuR13U5pE4pvqIXUpMaSg
561,2015,1,260,Medellin,6.241084054107836,-75.57727837286883,CI8Rfxf6tm31nlU-xT5kBQ,344,0,355,12,3341,False,RjuQnA2ckip1zGFneGoLyw
402,2013,10,362,Medellin,6.237968050848737,-75.57741802479165,_DqRqleKDHOVGxOQNW_RjA,581,0,629,6,4118,True,_DqRqleKDHOVGxOQNW_RjA
1041,2013,6,316,Medellin,6.249965122014662,-75.57444762521794,njl6_Ebm8TsnpY5YYXJRQQ,741,0,871,5,2561,False,PGmT7O7-0LXib-W6LoiVBw
464,2017,7,483,Medellin,6.239032592666032,-75.56855186889267,wkiLuWQGDPWHK6YWdAGbcg,699,0,798,9,1775,False,6AchZX8c9VnmqiXvQcLysg
977,2015,10,420,Medellin,6.248900624580014,-75.58547892076164,u-CZes929-ywhIW8VoQVjQ,351,0,365,9,464,False,3l4oelDyj6MLGVg5jRyFAA
1144,2017,6,194,Medellin,6.252053976165911,-75.57766119141833,THGvXqS2Im8_zBh_oMQUBA,477,0,508,7,5581,False,LYN_FzDlWTbnFiXtOttjpw
85,2014,1,301,Medellin,6.23194387941781,-75.57655079587059,t8_Vr68WVphXFsQy3Sc4HQ,178,0,179,6,196,False,0UCZ8VrL0ytxw2_iPVzbEw
953,2013,5,378,Medellin,6.247952507317359,-75.55637860159963,mnFnoke-vSU2OtDGQ8N3IQ,671,0,759,2,1410,False,aWBH6limAjNc1kW5D4cQqQ
348,2013,12,544,Medellin,6.237436419074566,-75.57818771081719,iHkgWOep6o3pAFgzGomIXA,258,0,262,5,4125,True,iHkgWOep6o3pAFgzGomIXA
1192,2018,12,399,Medellin,6.252994342092953,-75.58238571987732,PV1iSMjtPN8llpaydCMkEw,550,0,596,10,2985,False,xpI0epZRx35hRXfkPvXAbQ
283,2013,5,358,Medellin,6.236102905476405,-75.59049050494308,oNNL99DKgF8LVmfECA83mA,383,1,566,7,3502,False,KUTe7wOKKsrxatZXBms7UA
145,2015,10,189,Medellin,6.232931843810465,-75.56999767563221,g0MChq7Fv7ukJqQ4yN0ytA,183,0,184,25,1616,False,oFs5LoL1vDLaMHFkDtwqbg
199,2019,6,520,Medellin,6.233948473534858,-75.56835248458529,UNonWJMJ735G_wUyW5FZIw,724,0,842,8,2320,False,zWygB9Zt9mR6kkHS0hWmmA
711,2013,8,548,Medellin,6.243782221686014,-75.58666350053849,z-2bl9onCychF8rg79vl8w,89,0,89,8,3305,False,y9b_n-9xsLzwZpT-CmBcmw
171,2013,5,418,Medellin,6.233952215344263,-75.59631763336016,5JwMGbqAr_pVf7MIwi3b9Q,218,0,219,7,4131,True,5JwMGbqAr_pVf7MIwi3b9Q
522,2015,9,136,Medellin,6.239971332250057,-75.56365707462763,xSC3obOMUXGZvNdzUkU5VQ,242,2,1164,1,4132,True,xSC3obOMUXGZvNdzUkU5VQ
135,2015,9,380,Medellin,6.232983300671036,-75.57947836230719,EAE7EcCiL9Zf96f4bA51ZA,331,1,357,8,451,False,jrMwPG8DpEs-Yfa_MsBBgA
201,2016,3,429,Medellin,6.233378449778157,-75.56704906048067,f7cqEcw4WxQowtw-d0QRVA,235,0,237,11,2340,False,AeLlLnsoIhRWhIp79I-LKg
1175,2018,12,440,Medellin,6.252735115362246,-75.5990982393871,qoyYvRnvYvlXCZzSPNUiyg,29,1,617,3,4135,True,qoyYvRnvYvlXCZzSPNUiyg
1192,2014,1,399,Medellin,6.252951342643824,-75.58243218583013,xBQrju8TMhYQMwSP1uDAsA,550,0,596,10,2985,False,xpI0epZRx35hRXfkPvXAbQ
1005,2013,12,281,Medellin,6.249015491663878,-75.55752101699281,DiJGyz7udRTEJMVuf7mgPw,688,0,782,4,4137,True,DiJGyz7udRTEJMVuf7mgPw
95,2017,7,249,Medellin,6.232118482672289,-75.56626192986724,lWklLQFrqCpK41LWHiM2oA,233,0,235,14,5839,False,_P6tQqQcX6nWTfT4Fw0NfQ
569,2019,6,376,Medellin,6.241052299899029,-75.56944876147303,uJWlgg0F4zdYS53R5FnbGg,732,0,853,7,2359,False,QbBdjTsw3ZaYVSm2a2NOCA
510,2014,4,460,Medellin,6.2398957966708,-75.57548272009122,D1K2c0PPgb19W-Ws9C9I2A,55,0,55,13,3770,False,dUojXRqaMWPoqYdvhksVaw
1089,2013,10,603,Medellin,6.250920938337565,-75.5794947984138,r6L6nUflAVFNkxsulS3bqw,257,0,260,13,306,False,1CLVPkUIiL5Kkfp_3bJjZg
231,2015,1,91,Medellin,6.23490899365399,-75.58970824323694,GMW_M4vKrh4Z65LQURdN_A,438,0,462,5,4142,True,GMW_M4vKrh4Z65LQURdN_A
694,2014,2,662,Medellin,6.243919753253215,-75.60336622020891,mCjmzEE0HRLrrvvwHGxXXQ,833,0,1098,5,4143,True,mCjmzEE0HRLrrvvwHGxXXQ
502,2014,6,508,Medellin,6.240043752334813,-75.58346270519931,CaQ3sf32OcmrOzt7G-UtBA,47,0,47,9,3787,False,g6Used0Db70nN6rUytwlrA
272,2013,12,455,Medellin,6.235983114090017,-75.60147370340273,Y3L8-ebPa30_2ExL-KzsLA,825,1,1165,1,4145,True,Y3L8-ebPa30_2ExL-KzsLA
466,2013,5,345,Medellin,6.239001070936492,-75.56636029543297,egWr6aqsNmjwc3E8xLrBag,346,1,1045,2,2882,False,9Y69AVeCIPlErGHNO5_hQQ
1052,2013,11,276,Medellin,6.249972938731051,-75.56340675335139,PKtdXdTgEYhmzxWXolI2Qg,584,0,635,6,4147,True,PKtdXdTgEYhmzxWXolI2Qg
58,2013,10,462,Medellin,6.232027078743725,-75.60346883517215,ZogfqmkgCNelKpSgMl1ETw,509,0,542,2,782,False,oGZwklCndVUJDAznFw7XCw
1215,2019,4,639,Medellin,6.253072017291304,-75.55957263525174,UfvQw8YjgSR_APDY3YOkeA,805,0,999,6,4837,False,08nkZ6ri596t0tKRK_uCMA
1253,2015,10,429,Medellin,6.25426808907623,-75.57396093908146,D2udpcQO28Fm14Ebf-ax-g,839,0,1148,6,3851,False,O_yWF1Qaqyjn66iEayqDTg
139,2013,7,321,Medellin,6.232878466282023,-75.57503662500548,736zVoH6VP0nllRfAODyOw,187,0,188,14,2830,False,iCqDiyAXSg7bFacR5rT8kA
1209,2013,10,550,Medellin,6.252677978123679,-75.56561160808188,DX4NkIP7MGxbW3rI2iKWMg,283,1,1166,5,5756,False,8MUi9tTr0it01YDnvwEDBg
451,2019,4,331,Medellin,6.23951833344576,-75.58148704626387,cFuUqHXbIQjHX1O2Dpd7qw,39,0,39,17,878,False,0KP4uohVrciniI71w7K80g
138,2015,4,427,Medellin,6.232920927749066,-75.57642043460127,7trxCbKkVI5_TeHa-dUYqg,647,0,720,6,2739,False,3F7XToTNq-_DIok3YIHbwA
1135,2016,3,444,Medellin,6.252016048964299,-75.5866040247049,dZ1hrSg10ZQ9ejYYDWq2Kg,391,0,411,10,534,False,j7hgzpOOKjBytfzSV9tc5A
988,2019,6,251,Medellin,6.248925105451608,-75.5744994672813,MALV1AuzjU28bLCvlEUoAA,158,0,159,7,4156,True,MALV1AuzjU28bLCvlEUoAA
125,2015,1,138,Medellin,6.232941900231858,-75.5892894237388,Dy7h8FDF8QWwF9gmKt0clg,535,0,576,5,3152,False,Z4xJD4YXlOz9i4_axEokqg
449,2017,7,166,Medellin,6.238892301907578,-75.58347312720305,Ak030rVl40a_Rj5GAEiwcQ,842,1,1167,1,4158,True,Ak030rVl40a_Rj5GAEiwcQ
766,2015,10,612,Medellin,6.244921198826443,-75.58434210501972,j1tEqHf1XIkxnM2BMZ_8gw,202,0,203,12,2542,False,TtgGkjr2vOJdoD8KOjFBWQ
306,2014,9,301,Medellin,6.235667366445172,-75.568305225647,wWoChUlbfTvuz5q1cymFxw,271,0,276,14,4893,False,Z0-_XrPiigik7bdjF6wS9w
923,2017,7,74,Medellin,6.248196798332409,-75.58639919125079,pps26ur0b2AFZwHJcp-O4Q,46,0,46,9,5696,False,8y7J5BsET2JDH490TOsTJw
931,2014,9,320,Medellin,6.247811326718598,-75.57945031100479,ULteO3fvruy6E_ChoQQoXQ,121,0,121,17,2711,False,iuuOp4Qjdr-KC2e7QSgVJw
510,2014,10,436,Medellin,6.239881573485395,-75.57549959474429,x0PRZ40It_m-_7hbTdm3Zw,55,0,55,13,3770,False,dUojXRqaMWPoqYdvhksVaw
667,2015,1,463,Medellin,6.242805642066774,-75.57790106473583,U0yT0aXSl-ziLOCjFISZrQ,547,0,591,14,3124,False,-e1LVq5jQBldqjZNXmoXrw
1040,2015,10,356,Medellin,6.24995397964631,-75.57525579443143,zMILsv1YJnC5w3LG-N2tsA,236,0,238,15,5221,False,kqL5triMYOxn1GZlLkeH3w
542,2018,12,386,Medellin,6.241022046471949,-75.59641531209033,9pB6c_CZb8BDowPHUC3rxQ,608,0,665,8,1081,False,MVPu3mDcYNcxDSIWfyfq2w
1197,2015,10,274,Medellin,6.25299225215543,-75.5774652079366,te2Rsi6q2RX8MGYdWlPb9g,2,0,2,11,5954,False,it0HTMj-KfACyaiRor9IZA
565,2013,5,450,Medellin,6.24101371824052,-75.57352528552937,COn70uRpou1f6396EdWn1Q,411,0,433,3,1891,False,26SXN1Vli3CO1iS6TyWuWw
667,2014,4,466,Medellin,6.242809095946164,-75.57790231462968,mASXSDxQuj80u_LskBKVog,547,0,591,14,3124,False,-e1LVq5jQBldqjZNXmoXrw
994,2015,10,130,Medellin,6.248808363200488,-75.56852381554971,quBersX191aR0QbYrKA_4w,757,0,899,5,2280,False,8dGJtmg2cKzOpZqrAIDrtg
872,2019,6,390,Medellin,6.246910483960313,-75.58446590756351,F4UWZPbANkIH7xjv9zdyyA,692,0,788,6,3449,False,89OrrL3Lo27oq9Wv-j8o2g
33,2019,1,424,Medellin,6.230947388984625,-75.57527485782117,vYZChzwehCp0x27pf1XWWg,381,0,399,15,1114,False,tYT80Y3JdyPPRNFz3aM8sA
729,2015,10,601,Medellin,6.243970396968785,-75.56848001752843,h567p6lZfd7CDMtmyHLZMw,302,0,307,13,565,False,xMp8d2U2jHWm5cFZTLd3eQ
123,2019,1,301,Medellin,6.232998466749544,-75.59148362646295,3_Jvv7WkiBGUcyjXZGkjbg,677,0,767,6,2588,False,jCW-2espNctu3dLdh_0t8Q
144,2014,4,184,Medellin,6.232999844147739,-75.57006018557175,MHppPS4LfmuO0iWlVOrVVg,183,0,184,25,1616,False,oFs5LoL1vDLaMHFkDtwqbg
974,2014,4,235,Medellin,6.24918277751662,-75.58844626594532,vxDmD7xrUy3sMvUY0oaxVw,254,0,257,11,5037,False,6ktyFJE6iA1zV08BJ6WxXw
1091,2017,6,442,Medellin,6.250794994181877,-75.5774849572522,5iRiS3-KSLjCeWiP37LVTQ,625,0,685,6,5358,False,1LwoUfbvUYD6vdydrmX85Q
767,2015,9,326,Medellin,6.244935962292478,-75.5834702304366,qcheF1KDiBIseXIUyZH6OQ,614,0,671,10,1249,False,dqxnGqgoJWMbjp1U-qdLDQ
628,2014,2,217,Medellin,6.241986978139065,-75.56355317176525,w0S6v68pletPuD9ZGzNViw,135,2,1168,1,4179,True,w0S6v68pletPuD9ZGzNViw
733,2017,6,358,Medellin,6.243987191604884,-75.56450951107385,UU3ZEBz9ghogZaf-kC-e-g,130,0,130,6,4180,True,UU3ZEBz9ghogZaf-kC-e-g
957,2018,12,473,Medellin,6.248998290675401,-75.60567363904649,pb7RCR07aGM2ffl22Esn4g,298,0,303,4,4181,True,pb7RCR07aGM2ffl22Esn4g
509,2015,10,619,Medellin,6.239906195235528,-75.57642515783897,jgDZ7kNe5UzrVjx7oLgj3Q,715,0,825,8,2986,False,asmBpnpL9y6PFO7WG4Qu6Q
396,2017,7,77,Medellin,6.23788420805632,-75.58339079367586,fZK7Pmq4rJCO7szps5rCYw,206,0,207,8,2749,False,YDuIJdh8GT2MsQdIm-KkGg
331,2015,1,640,Medellin,6.236953176919745,-75.59544028304757,PcWA6VbXhXCMi09P469MJg,650,0,725,7,4184,True,PcWA6VbXhXCMi09P469MJg
559,2015,1,300,Medellin,6.240979586162903,-75.57909393817378,MpsZHHRPl9tA3AqwNen0aA,583,0,632,6,3869,False,-wz-gfalzDAEkNU7QkOdYQ
508,2019,4,471,Medellin,6.239705692518482,-75.57742515182163,NGyK8bNMw3ysqL1_oIqu8w,794,0,974,5,4552,False,gLxYUSly7Z0jTBrE6ULWVQ
291,2013,11,386,Medellin,6.236016476267772,-75.58263925175626,Kxh_lAjJ-q0jxJMXPa_eIg,245,0,247,12,4187,True,Kxh_lAjJ-q0jxJMXPa_eIg
200,2013,7,267,Medellin,6.23389760442504,-75.56756979629992,uHPQTlDjDzVTizzIK0r40Q,301,0,306,14,647,False,1pUKlrRT9oQpOC3p9AVpyg
732,2014,1,297,Medellin,6.244147777312969,-75.5653727887958,X2oylazhDMLFIPBA2GZ2Cw,548,0,593,10,2364,False,ELzCb9cMyeOJuCMhbeQyVw
1020,2019,6,197,Medellin,6.249987309940056,-75.59547979113447,yj1ou-jBWEAIc4e7BYZP0w,621,0,680,11,1276,False,bDGRogy1-bpfVvh2mV8pIg
543,2016,3,568,Medellin,6.240884019441177,-75.59540505443289,Uor7fh3Qwc-W_XD9ye7I5g,712,1,933,2,2191,False,IReLU16P7N4iUaTZh4E3uA
31,2016,3,344,Medellin,6.230994793573275,-75.57744646004429,o4hDIY_2CpKZ-tkeqbb47w,659,0,741,11,5409,False,Akjy8sq6oXdCvxJfpcGzqQ
1040,2019,4,373,Medellin,6.249967222228257,-75.57521604271167,x7x5qCfI7P_i_mxpJdKQdw,236,0,238,15,5221,False,kqL5triMYOxn1GZlLkeH3w
629,2013,11,231,Medellin,6.242055844666845,-75.56251675557331,C8tjBKWTZWATQ0e-oSH2zg,512,0,549,9,2353,False,3SK_PORFFAD4uzp72khhqw
731,2019,6,664,Medellin,6.243957325053881,-75.56636517151688,jue84FJaa-auPRfxJMlr8Q,229,0,231,10,4668,False,mo9c9zhAB-XkmXxLP2qzmA
677,2018,12,242,Medellin,6.243112556398188,-75.56781669718487,a62IIPKF9AM1CR5YtReY3A,470,0,499,8,4505,False,Fd6-iOJRtnUQs_vt9VIQ5g
288,2015,1,684,Medellin,6.236005519157989,-75.58552184543619,V4ma1E5cjt-w0u_PhjC0Bw,796,2,1169,1,4197,True,V4ma1E5cjt-w0u_PhjC0Bw
440,2014,9,146,Medellin,6.239063857440566,-75.5924199064289,PONaGs5ii2lcPjxJKrHJKQ,97,0,97,12,2819,False,BA9OOUhjNGiAesXJvOFEvA
891,2013,12,218,Medellin,6.247299446024429,-75.56533207985248,7n5xOZxN8qmOTT3rBb5AhQ,716,0,827,5,1659,False,9DgCuNx8kc67awU-8D_cOg
522,2019,6,318,Medellin,6.239946230884167,-75.56363663441606,neIrv-8B5UAUugs2f12tyA,242,3,1170,1,4200,True,neIrv-8B5UAUugs2f12tyA
176,2013,10,321,Medellin,6.234007680963152,-75.59155505185839,yH9K0QOVl9Ry0HE6rmuI-w,664,0,749,6,3964,False,DRLfW6cc3XWucCo5wXG0pg
1028,2016,3,452,Medellin,6.249766529406448,-75.58746040275062,J4XReTPkeIXM-meJKX2yxQ,490,0,523,5,3092,False,mVNvJI1iRCqwe1GgGtcFmQ
503,2013,7,575,Medellin,6.240089769690215,-75.58245258468416,CMv0KW_mz8V-0AZJSD0ZTA,450,0,474,12,3653,False,FEkNCVFOMZssAYFiYDzPCg
7,2013,5,355,Medellin,6.23105123639569,-75.60140238692468,nAxZOaMtxuXdPfwoXZl3_g,347,0,361,8,2574,False,Zn9eNqGKP3HBXBIJdM_HoQ
678,2013,7,207,Medellin,6.243197727054628,-75.56641890045881,9fbolxun75RLCBpZS5_D5g,751,0,890,8,1941,False,g7MLyFVez8UZMCJo2WRdyw
1090,2014,7,220,Medellin,6.250963809952291,-75.57843570997578,dym15a_lzAQgrozh_x4lTQ,95,0,95,9,110,False,57Z98_O-hnj43oS_55L5Yg
530,2019,1,602,Medellin,6.240882224979759,-75.6080478756224,yO8A1Nl9wUYnL2Ym1ZI3_g,430,0,453,9,1599,False,wQQ460MXMBZP3Ko5hw4M7A
476,2013,5,163,Medellin,6.239080524676664,-75.55639232577882,hM185zaUHgVZDf7kZqQ7Yw,4,0,4,8,4648,False,Ch8yuEAZnRROXU9wCoDiVQ
424,2014,1,515,Medellin,6.23894197514287,-75.6084661218937,m9apwuKHjym10QBUrWl2Tw,420,0,442,10,5998,False,mCoEYACvuwSyWp-7fDfpuA
10,2013,7,235,Medellin,6.231275180731924,-75.59842049705539,IKnI6y10oZvdVlS_kV3UBQ,42,0,42,9,4221,False,YzcpcXS09uKPzZk4qOY_PA
4,2017,8,123,Medellin,6.231043236217759,-75.60448360668155,rwcUWye4sQpQ5vUcw3_EzA,289,0,294,5,3297,False,x5aHmuMi7K521eix2MG0ZA
8,2013,8,364,Medellin,6.231114056197738,-75.60050776456444,3ecbt0sfCiRQeh4vRxB6Xw,653,0,730,10,3833,False,alWIgEunkkyCEc-dbHge8g
791,2018,12,426,Medellin,6.244862291281141,-75.55949429783645,YDCAGp7P5aXrxAjHO-Ht7Q,843,0,1171,2,4213,True,YDCAGp7P5aXrxAjHO-Ht7Q
1217,2016,3,688,Medellin,6.253061899202126,-75.55759764464753,70cWTE-JX58ymU7pfg1yyQ,710,0,818,4,2589,False,vKIxIGBCCr4AyJ0JIdPQIA
661,2019,6,436,Medellin,6.24306350653534,-75.58350634287768,1onl3LU0kTUcC8uRC9R4lQ,389,0,408,6,4610,False,--hwO01ian1wcAOlAfzOKg
641,2013,5,506,Medellin,6.243023474126142,-75.60352775655713,PUlWFMB4mJW_9IxZLMMkgw,776,1,1172,1,4216,True,PUlWFMB4mJW_9IxZLMMkgw
424,2017,7,525,Medellin,6.238950663661748,-75.60846333724663,Sbkn2f7UF77tPQiEaP_Rtg,420,0,442,10,5998,False,mCoEYACvuwSyWp-7fDfpuA
1065,2019,7,523,Medellin,6.250742608560204,-75.6035047313063,1yAPcGba60Xs2RH0o4WRtQ,107,0,107,15,3881,False,WgppQ6H_BgO9kk4Oji70GA
771,2017,6,377,Medellin,6.244905083045212,-75.57956668110674,oZB-YRXsbJDk1Rwf7cIliw,570,0,618,5,979,False,EvmuqmKFlWe9eNGQNwAtWA
78,2014,4,338,Medellin,6.231925261187541,-75.58343086176764,EqvGszrRoZSUu0-HBFQCaw,327,0,334,9,4220,True,EqvGszrRoZSUu0-HBFQCaw
10,2013,8,206,Medellin,6.231245267225468,-75.59842009102896,YzcpcXS09uKPzZk4qOY_PA,42,0,42,9,4221,True,YzcpcXS09uKPzZk4qOY_PA
238,2016,3,253,Medellin,6.235050065403397,-75.58267699751863,atoXColkgzeaF2bknlaCNw,572,0,620,10,988,False,VuFX5OwR-CLI-hIu9DJWeA
56,2017,8,266,Medellin,6.231915332554157,-75.60548409970649,HFF1kg9VhrSe56Aq5k3PSg,719,0,832,6,5330,False,tk2afFExb5BvzZTaNc63RA
1114,2013,6,86,Medellin,6.252124054998004,-75.60741756549565,a-BW7heiw13UPzdCQpLxRA,652,0,729,8,2850,False,NzzmyLIDhftOfpaF0WOo1w
405,2015,9,186,Medellin,6.237976472405226,-75.57445238312454,8aBXe9vTyDXvIl-3PcBoNg,246,0,248,8,3071,False,mUD7gGlgXH8WvtCm0nOtoA
814,2013,10,590,Medellin,6.24590802888371,-75.5895119411505,zXFINj75cGO4xERFpLS9EA,767,0,925,8,4226,True,zXFINj75cGO4xERFpLS9EA
950,2019,7,424,Medellin,6.24800389752974,-75.55950266324615,SSdYJRP5skzcni8tXKngiA,103,0,103,4,6018,False,LwSXZ69KguHXkcx6x8UFdw
451,2018,12,319,Medellin,6.239464266557439,-75.58147309122722,4dSnv8YKbl_Da8EFJ4zttw,39,0,39,17,878,False,0KP4uohVrciniI71w7K80g
130,2015,9,158,Medellin,6.233258727831269,-75.58452400140308,Vy2e9oKm1kgK8YTnWrAJzw,299,1,867,4,4229,True,Vy2e9oKm1kgK8YTnWrAJzw
306,2014,1,300,Medellin,6.23566452492701,-75.56830054440371,IbHE5GKwsTkddnr5Nt7z9w,271,0,276,14,4893,False,Z0-_XrPiigik7bdjF6wS9w
413,2015,9,227,Medellin,6.238027531223212,-75.56642293793283,7x7wHCOLNvFPBsWCJctRAQ,407,0,429,3,4231,True,7x7wHCOLNvFPBsWCJctRAQ
1109,2018,12,413,Medellin,6.250714348747986,-75.55961184219859,xVbE2QUgveZbrJwAZnHryA,831,0,1096,5,5759,False,u6NEItPw32RU7sz7mClIdA
456,2018,12,238,Medellin,6.238966891970172,-75.57678839912535,L8Q1z_JwaoU2t80u9hrd_g,427,0,450,7,968,False,kmg9oYSiC_d9vbYJiuACRQ
1027,2013,10,409,Medellin,6.249875020946328,-75.58846465039942,2UxFgU5id0Aq31oYufMnJA,446,1,737,6,1324,False,C0oEdqM6-DkRnWmv4UoRVA
910,2019,3,494,Medellin,6.247961541293539,-75.5995266269485,MoQ52B7VlbpI4ga6QgCoUQ,342,1,584,4,4235,True,MoQ52B7VlbpI4ga6QgCoUQ
132,2014,2,526,Medellin,6.232968380017581,-75.5826950169372,UwUdqaNCJRHFkP9v3N7jig,141,0,141,10,2360,False,77w1I-sYHmT3elPo-oZ6UA
1053,2013,11,465,Medellin,6.250187149719257,-75.56265071852607,httgkEDwfqqsdhUnlHBG8Q,742,0,872,6,2355,False,9lmfLGpz4vAG1raggtL2xQ
960,2013,7,382,Medellin,6.248987025629969,-75.60242012120027,6ogxfw14EhBgpghyIjdZRw,9,0,9,8,5041,False,EAHP9dd2pJICQgwIPF5Yjg
119,2013,11,157,Medellin,6.233026665134567,-75.59542081220383,B1JPvxJ4ZZxHaI8MOtR7hg,514,0,551,5,808,False,v7tfecP7NzuAB2QX-LOYZQ
733,2016,3,370,Medellin,6.24397875320854,-75.56451426508877,W4Jpl9Q5cXwZ_axF7oH26A,130,0,130,6,4180,False,UU3ZEBz9ghogZaf-kC-e-g
616,2015,9,272,Medellin,6.241926059245587,-75.57544602400223,wwKgSZgItbQoRk2Gq0EanA,717,0,828,8,4461,False,zEKpqxR-8sYFWW8-eplopA
432,2015,9,608,Medellin,6.238899225884102,-75.6005007551012,BevqbhQ8EiEyAxWxKjE0GQ,334,0,341,8,423,False,uLUwWUqvhgj3VCyOmQYQZA
10,2015,9,226,Medellin,6.2312639783893,-75.59841944721323,OoDSIpsYppIUFShpEWJmcA,42,0,42,9,4221,False,YzcpcXS09uKPzZk4qOY_PA
311,2015,10,263,Medellin,6.236060489837143,-75.56246396347325,QXQAS7jnKGnyKDtRKjFinQ,483,0,515,4,4628,False,nRTDRtLqeYBiPIJgzPek2Q
451,2015,9,308,Medellin,6.239492558585035,-75.58145785988873,y72BAE1_iAN29uovPcJRBg,39,0,39,17,878,False,0KP4uohVrciniI71w7K80g
25,2013,6,268,Medellin,6.231047812299895,-75.58280086149234,zp5KM45f1f3vMDZYEMm-Rg,369,0,386,7,5290,False,UufqqtZj9aI-f1fYwbs2rw
443,2017,6,100,Medellin,6.239180880170243,-75.58943494716672,BH7lu1P4P7jNPhXZnS0lpw,421,0,443,8,2530,False,c5YjRmWgO-MkgSldCbNe2Q
458,2013,7,332,Medellin,6.238908794524137,-75.5744274562788,x3NmJIGoafVF8YzEkqV-uw,72,0,72,14,1951,False,8plNTArMK0gy6Seef-0Log
11,2013,8,149,Medellin,6.230723715685381,-75.59742778627108,l-tPvNB3L1bJP7nbsYGuHA,403,0,424,9,2633,False,zlXbe3_YauNC6yU6rTz_gg
622,2013,5,419,Medellin,6.24186990677928,-75.56944817808494,hM2CTZM8mV1fs2kEz2rE3g,432,0,456,13,614,False,fe1unOtAlLl2Z6S9sPNpZA
1238,2015,9,541,Medellin,6.253827958056168,-75.5894769520301,0GTGPpVwcyaDjDSIkGBBNg,293,0,298,10,5863,False,LtizsFObSMRKWJea3xAENw
235,2019,1,289,Medellin,6.234951877339858,-75.58503587798263,fDyQPDYLWvmyBqNxXRHk2g,592,1,1173,1,4252,True,fDyQPDYLWvmyBqNxXRHk2g
120,2019,1,113,Medellin,6.232980961125694,-75.594281017999,pdjAPLQHApsn7K9MpFlOng,744,0,874,4,1868,False,ROeVbyiln2lHpx0up2wn5A
963,2019,3,593,Medellin,6.248790029954325,-75.59913970872454,3h8VZV_4d8NHYDXmoUatAw,356,2,1068,3,3096,False,-VwIULPEIJF2icEgBEh0RA
42,2014,11,374,Medellin,6.230784213916372,-75.56596092187166,jfIH233qONN9rsK8W1uHHQ,517,0,555,14,3244,False,dHUqbRWzf-M9bddwhw51Rw
115,2015,9,309,Medellin,6.233012197958967,-75.59943032369888,VuCKf_QBYnVDTX1NiBfdNQ,613,0,670,6,4256,True,VuCKf_QBYnVDTX1NiBfdNQ
159,2013,6,307,Medellin,6.234366245469973,-75.60847397900164,Rf4hVvQQuOCUAV9kFoJKUg,698,0,797,3,5718,False,JRSlRws8t-xVcNTamn5f3g
600,2015,9,307,Medellin,6.24193219268989,-75.59245695874469,5nxtq5bZkI19rA28Uwd8Eg,228,0,230,10,4645,False,eFY7r9B_m0CurJ6nBEJXeA
820,2015,1,538,Medellin,6.245872134785843,-75.58334195614975,qUm0XrruGZ4u2Hr-m5fkHw,541,0,585,15,1587,False,2qLzxj9CoT4L8tdSqmTNKg
843,2013,8,510,Medellin,6.245950295238534,-75.56049828932082,A7RRu-0aLIgRZYL3sCXPrw,223,0,225,4,3945,False,-MzQFvxCVC5V-2zUFTgDmw
344,2014,1,525,Medellin,6.236991077583866,-75.58261092228597,9X8t8rWNIUAZ1cvOJp-w1g,117,0,117,12,456,False,eeZ0HmiL2cKsqpHsK7Rusw
983,2015,1,148,Medellin,6.248971063235809,-75.57952601015553,gn_hoQ2e3YlDoG_rL10eJg,365,0,382,13,5908,False,oKyszgZ6vEnRzCmd_2By9Q
1254,2013,6,364,Medellin,6.253900263888409,-75.57252449791403,pJlZH0-RshZKlFB-qaHBaw,112,1,697,4,2348,False,gKE9twvkFfCJDv_YD4Wsww
168,2013,6,201,Medellin,6.23396829127332,-75.59825012034,Qp3zANmFf9QDPXwYGmPbrg,619,0,678,5,1120,False,jnZ1Swnx_XrG_fkmBmmj5w
1083,2018,11,325,Medellin,6.250560194944036,-75.58555533084642,af3Cfu705FLAHYYja2ngyA,577,0,625,7,4334,False,YIaOgeEfouRbthu2X7vVCQ
243,2019,6,333,Medellin,6.234896978157243,-75.57734010783061,W-FdZDPzrw4muxeu_sNg9A,488,0,520,11,4266,True,W-FdZDPzrw4muxeu_sNg9A
657,2019,7,162,Medellin,6.243451441972478,-75.5873308994239,BKl615ixeoWdEOop1SOF-A,773,0,937,5,4323,False,1uAOFzS_R8yEDVwuaD-5tg
68,2016,3,319,Medellin,6.231978416849497,-75.59370206353425,1c0vmG4NUVVYbDk0SkANCA,501,0,534,4,4268,True,1c0vmG4NUVVYbDk0SkANCA
679,2014,5,132,Medellin,6.242853602853855,-75.56550537100551,1SlYROjdIlLyuxFfpn1wWg,290,0,295,11,2837,False,iLeRBE0SZitaCepu37qGUg
817,2013,10,135,Medellin,6.24601935041464,-75.5863836738923,7g-yDDrHicyPnWjGERbr7Q,540,0,583,7,5000,False,wq01_JSe1EnBliRvySmbPg
625,2019,7,551,Medellin,6.242022787850442,-75.56645073842185,BIdhkXO1NUylS-dJqEb0Rw,472,0,501,5,5803,False,htnBnk-bxWSnkODFgHfSvg
949,2013,8,423,Medellin,6.247614076012603,-75.56064426058867,uOqOjDw-X0Cc3J5m10ojvA,445,1,579,4,4863,False,tYrn22UVJ9CTGEi3YtYKlA
1130,2013,6,223,Medellin,6.2520030076268,-75.59131080208024,UBfzsdxiropc_2c6j1ktzA,824,2,1174,1,4273,True,UBfzsdxiropc_2c6j1ktzA
286,2015,9,348,Medellin,6.23593816365412,-75.58742242453742,R_QA1x45JOmf5NilXS82Hg,348,0,362,7,4274,True,R_QA1x45JOmf5NilXS82Hg
78,2016,3,351,Medellin,6.231949754257005,-75.58341088026533,49-yj4gw7LQevTMQfdBejg,327,0,334,9,4220,False,EqvGszrRoZSUu0-HBFQCaw
132,2015,9,715,Medellin,6.232961090769574,-75.58276070672346,fDpOTc_bii2Oi1hT07OUUw,141,1,445,5,1890,False,xHqFl7bTF9XJaZ7AOYYb-g
820,2013,12,554,Medellin,6.245879121570232,-75.58333704559159,aNjdSGX_fl8X8oRV1csZZA,541,0,585,15,1587,False,2qLzxj9CoT4L8tdSqmTNKg
31,2015,9,330,Medellin,6.230999885538213,-75.5774464728099,ZgSqdVrq6KHYKl4BuhhpIw,659,0,741,11,5409,False,Akjy8sq6oXdCvxJfpcGzqQ
830,2015,10,475,Medellin,6.246029095334253,-75.5735291482206,i_g5tEYxtCMeFfSF16_yIQ,735,0,856,5,5835,False,T0466uft1OXH8nIJ0tbPDw
880,2015,1,571,Medellin,6.246822296643725,-75.57648486491838,AnHJX_KCY8T1beN0z3lIGg,352,0,366,15,4080,False,wVQkglc2cSj3hdhSqC-niw
1106,2018,11,486,Medellin,6.250746532850869,-75.56259696362991,MS2hshIpN8jU97LzP1D9gQ,607,0,664,5,1078,False,4gH6mkGvwdkiF30Q_aN-qg
285,2013,10,596,Medellin,6.236182110404391,-75.58842856179304,ZgKhhnXoK1W4mWPgXihxSQ,44,0,44,5,2456,False,Q4aHq9FPSVuh7p90VHaLrQ
744,2019,6,686,Medellin,6.244971992829216,-75.60634511504522,62MOz5_oUdmD0ZxjvALnRw,624,1,1034,6,2790,False,YesHSOeCi4w8esq9rH0ctA
679,2013,6,117,Medellin,6.24284495164796,-75.5654917042119,2nes4cyQPznR0NP1Hf1kYA,290,0,295,11,2837,False,iLeRBE0SZitaCepu37qGUg
1082,2016,3,511,Medellin,6.251051029556146,-75.58665863039644,T6B44CjQVTE4CYQScgA_pQ,147,0,147,10,153,False,uUMCnf0NjT-IPEgOGWGJuA
119,2013,5,498,Medellin,6.232966992464047,-75.59542721288885,Z87TiDICRbR-Pn-LUPwCMA,514,0,551,5,808,False,v7tfecP7NzuAB2QX-LOYZQ
188,2019,4,301,Medellin,6.233076412152033,-75.57975176810653,gmcjaNMUcXHAQ36ok_69xw,508,0,541,10,5764,False,0xpKwMxk607Aw6kD3DPbyQ
679,2013,10,120,Medellin,6.242861762996121,-75.56552642115231,dX2dSmvVx3YqB9oETMWBlw,290,0,295,11,2837,False,iLeRBE0SZitaCepu37qGUg
350,2016,3,371,Medellin,6.236968096814008,-75.57649016259401,1Y9rgrcjQ-iC3yrcxIY9Gg,814,0,1037,11,3422,False,5BImpe3gJA8stYiLfHQNpg
1033,2016,3,399,Medellin,6.250016417004201,-75.58233730701873,tO7dRKwoMFZcs0TyyHByiA,482,0,514,6,4441,False,fb59VllC9bhRCFvaDQdriw
970,2013,8,423,Medellin,6.24892796761367,-75.59247616675296,CmCS3swRnLlE7vJdwoomsw,217,0,218,8,2873,False,oVnCR-tNtosAUl4QYvfCpA
607,2015,9,466,Medellin,6.241995685123009,-75.58458036053219,ettq0h2BMn2--2SCAbkAdQ,364,0,381,7,483,False,ZTXBURk2Dk2q0US1r_CVnA
128,2014,1,239,Medellin,6.23303104533309,-75.58649263795749,3H1LGbMJT7k-sUsE5d34XQ,646,0,719,4,1422,False,ezDVp7oTRfwhXXhBSPIJkg
648,2018,12,255,Medellin,6.243121512558679,-75.59624000529749,H0qB7jVxgyVdxhxp_rPQog,679,2,1175,1,4294,True,H0qB7jVxgyVdxhxp_rPQog
779,2013,7,536,Medellin,6.245077083562074,-75.57147548572063,wzXk8Tcx9hTbSz-sokYCrA,412,0,434,10,4295,True,wzXk8Tcx9hTbSz-sokYCrA
968,2013,11,212,Medellin,6.249040283415892,-75.59343504646469,JZO2CaZNlXa4tLnNxac9sA,131,0,131,7,4950,False,7fmkSYfQu3S_mKSUPegyUA
953,2016,4,202,Medellin,6.247940044334447,-75.5563792320995,yh-yx-27E2U0sJaBLKPLrA,671,1,764,3,5254,False,-2eXoiPFO_MZaTv9zlQryg
915,2019,4,151,Medellin,6.247726876674458,-75.59445746509515,ODR_efEm3ZosLiiDTXSxEQ,91,0,91,4,3860,False,9N1l6RX-lRnVYVVuo4BREQ
438,2017,8,124,Medellin,6.239028645399022,-75.59446994742471,cI7H2TFOynfpyBEfpWmWEg,359,0,375,12,5219,False,g3uWiJsJd_VUkxnPB5tTHw
505,2015,9,353,Medellin,6.240166878323438,-75.58045422782871,jUPFIBR5UwFL2NnDN4Hesw,518,0,556,2,815,False,vxBIzMlV7A4xI7utoANbvA
344,2019,6,511,Medellin,6.237018423468195,-75.58262288610936,xQH3lJes07mWS6POCtv1Vg,117,0,117,12,456,False,eeZ0HmiL2cKsqpHsK7Rusw
694,2013,8,488,Medellin,6.243953888398602,-75.6033626543308,vilAVp30JWLmzF2Rvw_Wnw,833,1,1176,1,4302,True,vilAVp30JWLmzF2Rvw_Wnw
1219,2019,4,372,Medellin,6.254029588867867,-75.60842813107223,Hv_igJWgT8g1t1dWT5S4OQ,552,0,598,5,3362,False,afF037gSLCfDvGFBWf2N6w
61,2013,5,303,Medellin,6.232038189126286,-75.60043047868183,1dYHXTLTjNfynGwLa975ow,636,0,703,6,4304,True,1dYHXTLTjNfynGwLa975ow
277,2016,3,284,Medellin,6.235960723962041,-75.59644998892779,HG0E69t_Gd3jN7ndRvkNWw,426,0,449,6,602,False,goKcADprZlEhxFYkvUV9Xw
18,2019,1,696,Medellin,6.23096166366811,-75.59056156887856,7dNg6MgFugNlUNLRItvugQ,93,0,93,8,97,False,QyPH9t_sX5EA4Vdexj7B-g
662,2019,6,556,Medellin,6.242937839771296,-75.58243959307339,wa84GVv3BRC7Rc5BnQuPew,834,0,1100,4,4406,False,tykC_szlX1Ky10ZU5yBYFw
148,2017,6,266,Medellin,6.232852597734701,-75.56660424414657,8YeRDwAtWozAw9CwmDLh6g,374,0,392,14,5111,False,hh_6AfPE8Dn1XAF17V5CFw
982,2013,10,500,Medellin,6.248914426694255,-75.58039074396112,-I-tdcP7MTSTY4jxuDmlWQ,110,0,110,12,5199,False,Bgf2Z4iqi1Aiv4nff55rlg
734,2016,3,164,Medellin,6.244074380707183,-75.56346790074328,Esj_rCSWCtcrN-gX1nxI6w,310,0,315,8,5779,False,MxxuvWSd5tHh-AyPwgG7fQ
1200,2013,6,487,Medellin,6.252912317762259,-75.574447872663,zQmsf2qKgK_zGsGfTahvyQ,387,1,1177,1,4311,True,zQmsf2qKgK_zGsGfTahvyQ
184,2014,1,335,Medellin,6.233947184800023,-75.58334199219745,PVvXdneKf3aSkoy7aqAqnA,353,0,367,3,467,False,EwLgLMuXPsPZgcs1tJTnow
1073,2013,8,304,Medellin,6.250984087820549,-75.59573181504881,1YpjbEdSnHG_a4jsSKuZ7Q,539,0,582,3,4313,True,1YpjbEdSnHG_a4jsSKuZ7Q
226,2017,8,437,Medellin,6.23487516348324,-75.59437633409806,qYR_e6R4ZfGu2w7rXoyhvg,600,0,655,7,1060,False,AeUASTuw_ZUMmMT5ecWWlQ
919,2019,4,580,Medellin,6.247965059004294,-75.59049513324679,o4yhhDl41it0tCXdnSgjVw,384,0,402,9,1821,False,vBBytrNPwbD10_RMRgo5KQ
460,2016,3,259,Medellin,6.238999922802073,-75.57247663928696,wDP9sIJPFSifaiE32D8DhA,100,0,100,9,1675,False,vbUJKT0pt6lESqFUToPApQ
834,2013,10,173,Medellin,6.245945831087385,-75.56923960470306,aq2YPeOafmYIpzHRfyoleQ,440,0,464,4,4317,True,aq2YPeOafmYIpzHRfyoleQ
818,2015,9,334,Medellin,6.246010442554761,-75.58543963955898,zptcmTSLB3xck075IT7QWQ,793,0,972,6,5191,False,8RVckX3_zkHhvmuXWKLRWQ
39,2017,7,294,Medellin,6.231248306592579,-75.56954156378976,_jjgGZoMbvucaTu0L0Xusw,392,0,412,9,535,False,P2gjyrMDNXvE8yAs-WGAXA
881,2014,2,663,Medellin,6.247033777274118,-75.57547284753932,rdb8VciFjfWef7m-UG7YAg,50,0,50,6,5964,False,GzPvf8v21ZspCK43dYaubQ
807,2013,10,393,Medellin,6.246174112431504,-75.59631434846673,Ml2t7Ta1tz2Op3UXDFoeXQ,129,0,129,6,5776,False,4eopG87MeoWvH8HijG3QKA
1096,2019,3,508,Medellin,6.250909475229425,-75.57238080638534,cwZB7vQKkERckY5RQ4jVGg,400,0,421,3,1998,False,AYwZkPdAYLe1P1bqMT5WFg
657,2013,7,163,Medellin,6.243447782883551,-75.58731573204153,1uAOFzS_R8yEDVwuaD-5tg,773,0,937,5,4323,True,1uAOFzS_R8yEDVwuaD-5tg
1166,2015,11,453,Medellin,6.252992468015628,-75.60837331186943,_XOt0esR0LSWdIilBSfWRw,237,0,239,9,1760,False,YP5UoMWScXTMEh55OI0_jw
445,2014,6,443,Medellin,6.239014250572334,-75.58750507734979,PCsL4WdJu2vscNPcjOm97w,617,0,674,6,3985,False,z2dC3ul4l0JwMVY0Wbbh2A
880,2015,4,547,Medellin,6.246818731275202,-75.57647778696764,wIGtwLChAFHsxS1pPT-ghw,352,0,366,15,4080,False,wVQkglc2cSj3hdhSqC-niw
494,2019,6,435,Medellin,6.239974775156765,-75.59141665663081,kVd0RG1PuXba0kiK8NXAqg,733,0,854,4,2931,False,2X8Aru1bkIgQ-SP2GVwXhQ
873,2014,1,210,Medellin,6.246939405478926,-75.58353774363749,8RrSrjakFNNwJldk-cYTzQ,398,0,419,5,1513,False,n9S0eQTlQ6UsREU2WasmcA
922,2016,3,410,Medellin,6.24793860149249,-75.58767146898101,l-GH_Sb5VxPL1gcq8bxNnQ,79,0,79,11,886,False,QqWk_jcyZstjE_Qw8W-ACA
83,2013,5,617,Medellin,6.231952881021281,-75.57850983382042,s3GNsvPsOy40a8aYY-_Q7g,56,0,56,12,58,False,5Ff5Umrp5en3zdlnxIJwdw
376,2015,9,468,Medellin,6.238160446371254,-75.60349457523056,02JbT9ZkCuOi_Y36Ho0v5g,797,0,979,3,4331,True,02JbT9ZkCuOi_Y36Ho0v5g
1059,2016,4,345,Medellin,6.249969105704519,-75.55647144225274,NPD7MJLc8I_hotBlx0GtOQ,489,0,522,6,787,False,NAL_myQ7Q7DvNQKI7KgOvQ
248,2014,8,393,Medellin,6.23510540285602,-75.5724836482449,vkLURlRIZTXru-7Ld6DeRw,332,0,339,13,5031,False,HhP3a0w78KKBzm0LMsWKVA
1083,2015,9,304,Medellin,6.250572991697273,-75.58553795018311,YIaOgeEfouRbthu2X7vVCQ,577,0,625,7,4334,True,YIaOgeEfouRbthu2X7vVCQ
1164,2019,4,172,Medellin,6.251923379546584,-75.55751586477213,ebsAPKgFDaG495gwMt8arw,586,0,637,4,3481,False,MQ3YqTrWGu21VjSp2vzrlQ
137,2014,1,336,Medellin,6.23296737295327,-75.5775783046247,LU5qgAE6-3j9bsxsj4uCLw,740,0,870,13,5598,False,E-3fEJ9QxJW_q-jBt4HY2Q
1005,2019,4,287,Medellin,6.249000554785683,-75.55752805349697,29jB7lcofsyIadDDauHJnA,688,0,782,4,4137,False,DiJGyz7udRTEJMVuf7mgPw
744,2013,8,679,Medellin,6.244969500108373,-75.60633756680504,C5YCgq8-WRZhfryFkpECjQ,624,1,1034,6,2790,False,YesHSOeCi4w8esq9rH0ctA
1066,2019,4,576,Medellin,6.25096815167734,-75.60243026840317,pwMHH2YK5qfZYGiBAxfr5A,835,0,1106,4,4339,True,pwMHH2YK5qfZYGiBAxfr5A
775,2017,6,442,Medellin,6.244957373211611,-75.5754617017447,lZyGBIRLwlqeZBcaszoUzg,414,0,436,10,3323,False,4i6vR2xj3YGq6lenfCDLeg
344,2014,9,528,Medellin,6.236976416915644,-75.58264796017764,YojHshxklFTXV7Q1Y-IQRw,117,0,117,12,456,False,eeZ0HmiL2cKsqpHsK7Rusw
401,2019,6,231,Medellin,6.238026268868689,-75.57845720166165,sMBQ5V1fsH5PpgW3ta7ryw,69,0,69,9,2069,False,78r3a1p1RwUfq3-TNtrWEA
166,2013,5,386,Medellin,6.233857303776023,-75.6014671338498,cuBLeq_GCifFhz6jaLkpzA,826,1,1178,2,4343,True,cuBLeq_GCifFhz6jaLkpzA
554,2013,5,515,Medellin,6.240930837120153,-75.58451414853414,1nRC1_xPvvPalX4xitNxZA,521,0,559,5,5628,False,aPvXpfC-WeYA0BSeNBglew
33,2015,1,422,Medellin,6.230961813987237,-75.57533156085084,qO2y0efAs2Fnd17rPY_zMQ,381,0,399,15,1114,False,tYT80Y3JdyPPRNFz3aM8sA
1241,2013,10,477,Medellin,6.253983953930152,-75.58648969862733,HNp2unu_yHozrFHK1d04wQ,279,0,284,12,1678,False,ps4Hne98jwPgXciU6fQUWg
894,2014,1,262,Medellin,6.247018395942096,-75.56236962212078,LXmYVmHrcBQqat85qhfttg,538,0,581,6,4540,False,m-sKleQM8uOnRFesJwF8bw
182,2013,5,233,Medellin,6.23408090650314,-75.58543015273011,12lDH3MGabmnDePffskeuw,475,1,592,2,900,False,tD3I6przGevnDStM5YOwCQ
538,2019,3,338,Medellin,6.240861520681814,-75.60052867984395,oMdS1ugUgBjQjNWHO_QLgw,436,1,1179,2,4349,True,oMdS1ugUgBjQjNWHO_QLgw
1139,2015,9,434,Medellin,6.252110951965333,-75.5823758181589,eEeIdWLyIO2xE7pVxAGfdA,761,0,909,4,4350,True,eEeIdWLyIO2xE7pVxAGfdA
641,2014,2,679,Medellin,6.242985095506498,-75.6035299354374,SJyDmCbda2rC6_XBQhFT7w,776,0,945,3,2250,False,hWsxT8u1xz8knwFSp7Xtig
1002,2019,4,314,Medellin,6.248980109121895,-75.56046792041258,nR0Ggw0VWnp6C0rdVip1cQ,799,0,985,7,5874,False,-PKnHQdFmYxtaaMDL7rsnA
1051,2017,6,422,Medellin,6.249920126190279,-75.56437052668004,VMNwqLIxYt1JRV2UcSKn8g,191,0,192,15,3147,False,Mb20BGziyq-smEbDgCSXJg
388,2017,8,420,Medellin,6.237899931861545,-75.59139154218505,DKkZlQ2NJ6XSxznTDmsbSw,689,0,783,7,1502,False,yPSL-5sJef0o9OJUoENsbA
1051,2013,7,423,Medellin,6.249934068978225,-75.56436107185492,kFMh8CAAvmab3bEnAZ1WWw,191,0,192,15,3147,False,Mb20BGziyq-smEbDgCSXJg
731,2015,1,681,Medellin,6.243988306295336,-75.56635630585285,0ufwueXORX8hdSP2l_TXRg,229,0,231,10,4668,False,mo9c9zhAB-XkmXxLP2qzmA
1163,2018,12,547,Medellin,6.25187757499361,-75.55833250799925,cEX3F8Jl3k43tJxaUdIHSg,333,0,340,6,444,False,o9mUdZEP0h4FjmNicLkO_Q
355,2014,4,378,Medellin,6.236897131312732,-75.57149942200857,LzsabuHZPJ6SHvlwGnsA_Q,480,0,511,10,4070,False,zlvxk0hKwM3-LfJzjXmPTg
609,2015,1,188,Medellin,6.241758975483164,-75.58249131926414,eQbHXQtic9NZflbdGTswrw,317,1,927,4,4112,False,UWdelrjIjT8zmdnSZQHjoQ
530,2013,5,410,Medellin,6.240884052104623,-75.6080126002514,lyZvRSYYpxnRqk2KDp7uEg,430,1,940,2,2230,False,ONJG5FtuIxi4nkWQpnzV6g
243,2015,10,336,Medellin,6.234911238993869,-75.57733396490238,qARsMFR93WUpMFpUq9oEsA,488,0,520,11,4266,False,W-FdZDPzrw4muxeu_sNg9A
76,2014,4,501,Medellin,6.231857668119485,-75.58545117950841,Qhr2yircyTnGFFeiBCNTpQ,325,0,330,9,904,False,95wGcwZKDlQpEWItAphdVQ
794,2014,5,382,Medellin,6.245082479627787,-75.55632492974246,Jztwu_a9sVq_d3CfYfZZeg,24,1,547,5,1927,False,PmPemnhRiUAu5Vh0W2Dwtw
431,2013,5,289,Medellin,6.238867597478778,-75.6014133160137,i37O8bozvUln6sUvd-qBTg,697,0,794,9,3774,False,gZC0NahL8jRrUYXRt19duw
197,2013,10,326,Medellin,6.234126792723012,-75.57046698684573,ekEt-q6BAv0E2l9hcSGBkg,467,0,496,4,4365,True,ekEt-q6BAv0E2l9hcSGBkg
819,2015,1,274,Medellin,6.246193193140904,-75.58464835341348,fU8JyrGM7ilFlAsRTGGc9A,171,0,172,2,187,False,MpxFLu_hawIZsllR8OvFNA
748,2016,3,432,Medellin,6.245140635274516,-75.60242649387592,XmpOU3gjHrB-0oAV9hEFFQ,828,0,1085,4,3838,False,F3E49SkTts236oAseiWysQ
866,2019,7,529,Medellin,6.246923186353809,-75.59044746176183,6NYrLRekV_hd4BQcBlQqsA,65,0,65,8,4368,True,6NYrLRekV_hd4BQcBlQqsA
730,2017,6,429,Medellin,6.24403002201106,-75.56751897206716,GCwnPU9q7EO4DCH73rw9_g,81,0,81,6,4369,True,GCwnPU9q7EO4DCH73rw9_g
1013,2013,5,451,Medellin,6.249966902568048,-75.60242842102681,G9XzcppOUSrcwhmtMeaBcQ,159,0,160,7,5551,False,crFoc5sBbp795ZK0hMLitQ
514,2014,1,308,Medellin,6.240088520114643,-75.57162799925733,UP22yYtWfFalWc1LYXnVSA,313,0,318,7,3690,False,vIsPzCp1-ylpWR-fnB1ZpA
705,2018,12,90,Medellin,6.243831329560764,-75.59261401549604,MzIFWcsTeFdv6AamBKO6IQ,543,0,587,3,888,False,KSzgd3K3c0uly2qN87dVHg
1009,2017,7,281,Medellin,6.250191603716015,-75.6061823339359,ZmKegvgKDHNJTORcrqcxeg,627,0,687,4,1141,False,SECJlAEGJj-2qKdoZvSwLg
966,2013,5,332,Medellin,6.24932899410344,-75.59639979766064,Fmk255PCTj8J3nXNg4IopA,721,0,837,7,1703,False,s0V5W9Ku1dmUoGlh0xXLQA
196,2013,10,536,Medellin,6.234042905873502,-75.57161605788275,gR9e8DVFGGjjB7_BT5StLA,643,0,714,9,2907,False,MFbWKm1CPBQv69Cm95tfUw
792,2019,7,244,Medellin,6.244876219634969,-75.5584729806774,fUgCOn55VeUkYm6C0wMPTA,495,0,528,6,1168,False,10vZy02a2qX347OYggoyMA
1005,2013,5,272,Medellin,6.249017309839435,-75.55751755008662,RJgNHkQAZsEvqsiWUv3cOg,688,0,782,4,4137,False,DiJGyz7udRTEJMVuf7mgPw
690,2019,1,471,Medellin,6.243785305469407,-75.60719932069753,LUJrVLKok5AMreU9lJUbLQ,555,1,863,5,1819,False,USCsN9K42wcYzT2WH9-grg
1094,2015,10,326,Medellin,6.250986757604113,-75.57448788803252,87rKEev-Z4U2tHfw7wJwhA,474,0,505,7,2947,False,8EQCqsTKelPeMEU-9P8zgg
623,2013,10,512,Medellin,6.241919830668623,-75.56832724385347,ZVx17SlkaqdLJyYoQc9F_g,345,0,356,10,5144,False,mSjzw70EMYlWoq9YJdYuCw
79,2014,9,547,Medellin,6.231983647612441,-75.58243221225884,Z0DDklHEnyWPtjBmDfRzQA,106,0,106,12,1296,False,rHZi8eBHEPhNWD5GHUgwuw
1020,2016,3,218,Medellin,6.249959597393561,-75.59549231563582,pUegdit2kA77NaWaEVXYvg,621,0,680,11,1276,False,bDGRogy1-bpfVvh2mV8pIg
784,2016,3,320,Medellin,6.245001234905678,-75.56655043401074,-EjPu-CU1iVu5dke6Cyhdg,770,0,931,4,4383,True,-EjPu-CU1iVu5dke6Cyhdg
89,2013,10,544,Medellin,6.23201706364871,-75.57245343342551,qdxOWiNabPPqi8b6YACNBg,25,0,25,6,25,False,cUOrKWLZdwGmF1S_yyYBlA
348,2013,5,362,Medellin,6.237413318358162,-75.57817412729023,WbNS5Ue17IMZIyl7fVyeNA,258,2,1180,1,4385,True,WbNS5Ue17IMZIyl7fVyeNA
848,2019,4,45,Medellin,6.247160728223074,-75.60872535384614,owGUC0jfj4N6VzBZHk34jg,841,1,1181,1,4386,True,owGUC0jfj4N6VzBZHk34jg
444,2013,8,317,Medellin,6.238738457437984,-75.58845255025084,OfbNZjBJYv-CRf8dP37uCA,221,0,223,9,820,False,sZ2h_3lC28tn061Z6XNx9g
854,2017,7,519,Medellin,6.24695216327421,-75.60248418866392,zhDBeWeamAqo25rBWZ5GFA,68,0,68,12,5545,False,42LuKNrdDFPXt0lMmHPJeQ
1080,2017,7,477,Medellin,6.250926262043851,-75.58842147895835,FGpBp8FCosRYPRXdK99cQQ,185,0,186,11,5310,False,bsh5kDpYX72-eEufPeicig
330,2019,1,329,Medellin,6.237010398464438,-75.59653971488738,XbbV3Eh-nq02R2Sr6mr2YQ,513,0,550,8,1178,False,nVLn_rXk9K8rlPCU2Q9ZsA
76,2013,5,513,Medellin,6.231854394026539,-75.58546632188627,Q9MLFa3Gei8X2lPsMR5PUA,325,0,330,9,904,False,95wGcwZKDlQpEWItAphdVQ
1251,2015,9,305,Medellin,6.253915403830344,-75.57650743161615,pLQhurCDUxBUNnUxgxd1zQ,754,0,896,8,5487,False,-9Ci_nz8J2IU2T5sAv12Fw
128,2013,10,254,Medellin,6.233023452670363,-75.58647611072463,I6Xn2xbnuY_nayI_dufmZw,646,0,719,4,1422,False,ezDVp7oTRfwhXXhBSPIJkg
851,2019,1,611,Medellin,6.24704311104046,-75.60561941783614,iWdm6XyOGxxEQ4J3wRlYQg,256,0,259,7,305,False,Mb-An7ruclfppfyXOqY8fg
56,2015,11,270,Medellin,6.23187961344599,-75.60550741828509,-GNg-HqpAnBjIzAZvznKuQ,719,0,832,6,5330,False,tk2afFExb5BvzZTaNc63RA
248,2016,3,408,Medellin,6.235149268407587,-75.57250635834816,a4i1HGYp-yL3IwXdHjl28A,332,0,339,13,5031,False,HhP3a0w78KKBzm0LMsWKVA
434,2015,9,284,Medellin,6.238975530928287,-75.59847829163282,FKzVgX-eVMCNtMoGSjWJTw,274,0,279,9,3413,False,ahHRDcFtiLtBh0J7Pj2Vpg
751,2013,6,594,Medellin,6.244964545011472,-75.59939595462315,h3RdqaCNuEABCQiuTZLgQg,59,1,748,5,4398,True,h3RdqaCNuEABCQiuTZLgQg
617,2015,9,518,Medellin,6.241890956477998,-75.57453419951301,PjxCH7mtfos1KOtAnhjtDQ,297,0,302,4,1394,False,ldFc24mhUCqTHsW8RJd90Q
1016,2014,1,384,Medellin,6.249888220121442,-75.59955532539448,wVkOcVGxrQaT8lfyG16MGw,304,0,309,11,3884,False,eTDQEF27sqFUnVpZPCGdnA
595,2013,8,414,Medellin,6.241974755676782,-75.5963998964859,7Z8DfpdXECIiNhxj9g8Gog,57,1,371,5,5196,False,fj-kgSLbEthkR6fOydvsdA
180,2015,9,253,Medellin,6.233986304169787,-75.58736442435212,ad0-eVCMZeiOd1sY44FegA,582,1,813,7,3662,False,_1LHKdbnllSQVUQRC6NR4A
178,2019,6,312,Medellin,6.23392859104123,-75.58949220118267,TYeZNncMTYiNIvIknSW4IA,231,0,233,5,1233,False,lhdz53qDUKoq2cXuXY0KHg
813,2015,1,147,Medellin,6.246004754734486,-75.59035778474943,FNXahwMer2A6QD3Cx6mQEw,695,0,791,4,1812,False,-UDggXnKswd6Keo683HqtQ
79,2015,1,542,Medellin,6.231986196011111,-75.58240215309655,LOwx8PCTKuRwJqP7RZbIyg,106,0,106,12,1296,False,rHZi8eBHEPhNWD5GHUgwuw
662,2013,5,557,Medellin,6.242938546700369,-75.58243429497466,tykC_szlX1Ky10ZU5yBYFw,834,0,1100,4,4406,True,tykC_szlX1Ky10ZU5yBYFw
271,2014,7,359,Medellin,6.235984255859688,-75.60239975233719,tR_Il4Zs6-aEbcGHx-IECg,406,0,428,13,1217,False,NNGA3G5UDKRgpvpxwOWTBA
56,2016,3,267,Medellin,6.231881566033729,-75.60552783444602,mQ9UQroY2yC_Y-eQ6WyUyg,719,0,832,6,5330,False,tk2afFExb5BvzZTaNc63RA
65,2013,8,581,Medellin,6.232158749156666,-75.5964230210291,BRGG_vc2CzuiXYwdigte4g,64,0,64,3,66,False,5MIhPDFNueOn7Pn3K6OutQ
1160,2017,6,476,Medellin,6.251930853828924,-75.56151926816132,aPDFcURHxnccCx9sS4K5gQ,804,0,998,4,4410,True,aPDFcURHxnccCx9sS4K5gQ
140,2013,12,436,Medellin,6.232846392363101,-75.57450237228757,9rLmE_mcjtNE_TG4EjTdAQ,94,0,94,10,5674,False,SZCJD8OC53C_bcI_fWvs_w
1107,2013,6,392,Medellin,6.250965598958491,-75.56144496123497,JD5xgHxeqwKpWPh92yoZMA,263,1,1182,1,4412,True,JD5xgHxeqwKpWPh92yoZMA
702,2013,6,201,Medellin,6.243886026851623,-75.59554619186004,rbG9MtphSEPADPcdhnsIYQ,375,0,393,5,1384,False,TaSzbwJ3PYeLYKTxdG3iWw
568,2014,10,531,Medellin,6.240989653944647,-75.57041887166628,bjN9orHHxUjxfWkkHcgr6g,372,0,389,12,494,False,uvME2c69lvHR_dNqruoM-Q
1240,2013,7,305,Medellin,6.254231162247141,-75.58746987182825,oezl0uAsXpMlnX-tZTn-YQ,195,0,196,9,4563,False,cuyEGe8N3SQtWNPuknXSzQ
191,2013,5,271,Medellin,6.233928892158503,-75.5764486383008,DAFZXMJ9wW_OY7olNfDCHg,640,0,710,2,1237,False,4Pl45l9L5_ZWq1h9Qr4uaw
920,2014,2,430,Medellin,6.247882229866154,-75.58942443689023,CvM1HUf9Yf_hw-Knu-7Mag,146,0,146,9,4417,True,CvM1HUf9Yf_hw-Knu-7Mag
605,2019,6,404,Medellin,6.242070686028499,-75.58641208139719,9LWshpLVhkOl3XxocF0Axg,198,0,199,6,5491,False,BaUMAOF7pniYknMlwPNKIg
1093,2015,10,558,Medellin,6.250972663152267,-75.57522435441392,aerYOBfZWFT4tQ2TJTZSww,449,0,473,11,2303,False,qVgcsBbDsQDHIVPSTNir_A
86,2019,6,366,Medellin,6.23192123217705,-75.57516916213622,bL45m9e1tyLBzdIXVmnYhg,11,0,11,14,4420,True,bL45m9e1tyLBzdIXVmnYhg
765,2015,10,545,Medellin,6.245145514527412,-75.5853391763001,T2K5vYgjNxrPyKx_jMeRfA,569,1,895,3,5445,False,ypi4DVUYZMCrqcFmqImyLw
320,2019,3,270,Medellin,6.237061257399756,-75.60749250060385,YCgHcAUqugtYQRMjP4Ht4g,685,3,1183,1,4422,True,YCgHcAUqugtYQRMjP4Ht4g
248,2017,7,406,Medellin,6.235110771119095,-75.57247860964493,HfnWfUse21OX52dFP9HnBQ,332,0,339,13,5031,False,HhP3a0w78KKBzm0LMsWKVA
499,2013,10,457,Medellin,6.239890452268419,-75.58644880267623,OGFpUcrRw7tvfR2GFUPJ-w,145,0,145,12,195,False,tWAZ7DjZGAdOFE97PvPNUA
746,2013,8,284,Medellin,6.245175529280925,-75.60447852255277,skHawsjBoIV910kUYMVRRg,766,0,918,2,2111,False,9VuL83lsIen0uRI90kT6pQ
70,2014,3,436,Medellin,6.231934673783469,-75.59145754970947,pVIwE8pGc6b26LxEBj7sTQ,179,1,351,9,3058,False,PtD2blanRCvDAH2e_yQUYw
757,2015,1,500,Medellin,6.244877456283385,-75.59354755217807,vX-IJeQP16Cj3HJ2mjh5yA,604,1,1184,2,4427,True,vX-IJeQP16Cj3HJ2mjh5yA
543,2019,4,391,Medellin,6.240915295414247,-75.59543359095156,6JBejNMwkRuBzpKUdTifXw,712,0,821,3,4428,True,6JBejNMwkRuBzpKUdTifXw
1237,2017,8,110,Medellin,6.253773280569219,-75.59154067628825,b0QDyX1C0NRl7dbGO2-EgQ,409,0,431,12,5748,False,Unaaardpp182O5rQXCgdRg
883,2018,11,162,Medellin,6.247005544602429,-75.57351334914341,dPQJLonxg4KqqU5YKg68eg,731,0,850,7,2641,False,8tshOBFP3GfFxUJDPZT6Sg
1143,2015,10,333,Medellin,6.252102746814576,-75.57880861877973,fp5b-HO9LCZlfJieyi9rPw,184,0,185,16,3381,False,Z8JgEgFK7-UeGzY9sHSXKw
859,2017,7,309,Medellin,6.247003428172786,-75.59750581560907,hhN-1Ie8rVxYAhWxTGoi7g,768,0,928,2,2161,False,e0g-_LG8f4qGyxzdPvX3fg
778,2016,3,225,Medellin,6.245156854127684,-75.57229338150955,-Y7v6LmvMv5Ea_U0X-psag,227,0,229,11,262,False,9g-mSvJ716BhQz83M9Bsjg
37,2013,5,69,Medellin,6.230684948077002,-75.57173525506461,iSY3jYRIa5tzIjD0cuqiVQ,654,0,731,9,3032,False,N4Og8r3LjqBG3BPthiq8qg
761,2015,9,353,Medellin,6.245023938891622,-75.58934845335432,8jJGRFBfwqqQDIvYvFM7hg,675,0,765,8,3754,False,qT_NGQVbF_T3FRvYTYVXmw
141,2013,6,307,Medellin,6.233198320455386,-75.57359359988314,vmOWdB_oFUAhCfE_QQbLnA,276,0,281,11,2599,False,iQYx3brTs_CUaIoDYjE5qQ
1118,2013,6,197,Medellin,6.251843595011177,-75.6035108299756,Dej7SDRobyBN2IbOMvMQfw,500,1,1185,1,4437,True,Dej7SDRobyBN2IbOMvMQfw
841,2013,6,204,Medellin,6.246065660922395,-75.56249438329691,HaPCb5qJ79kIEfmryWuWGQ,418,2,1186,1,4438,True,HaPCb5qJ79kIEfmryWuWGQ
96,2017,7,445,Medellin,6.231713985993558,-75.56589608824932,br6mPnMJirx9e-uIUZ7aVQ,377,0,395,14,2443,False,jdpHJPRJ2lyR0zz1KlWmeQ
830,2019,6,480,Medellin,6.246057910859669,-75.5735547636049,PaV_CU73n9dib8so_MTpxg,735,0,856,5,5835,False,T0466uft1OXH8nIJ0tbPDw
1033,2017,7,418,Medellin,6.249997020439365,-75.58234617968449,fb59VllC9bhRCFvaDQdriw,482,0,514,6,4441,True,fb59VllC9bhRCFvaDQdriw
201,2013,7,420,Medellin,6.233366056277123,-75.56706940513413,bcWgOKeqpdd9NbNECLfbJA,235,0,237,11,2340,False,AeLlLnsoIhRWhIp79I-LKg
271,2015,11,352,Medellin,6.235975516282593,-75.60239174862383,g4yNpxK1O7_AFfu1obRalg,406,0,428,13,1217,False,NNGA3G5UDKRgpvpxwOWTBA
1018,2019,3,147,Medellin,6.250072681943606,-75.59647101650576,diQ0ZvNCZDi5rZcWC5Ro-w,259,0,263,8,3193,False,j8JPyyvcADFoC2JfNd9IGg
391,2013,5,164,Medellin,6.23796978546956,-75.5884981989592,q5Yo8i35QCtjpWsY54h74Q,806,0,1001,4,4445,True,q5Yo8i35QCtjpWsY54h74Q
556,2016,3,318,Medellin,6.240902169364536,-75.58267632773813,gdorJOEkVVrzG5PAP0j1gA,394,1,634,4,1018,False,5XFSglDNVOYyV4zxA_7dUQ
102,2013,11,190,Medellin,6.232109713670247,-75.55946160350267,EJ2DeOV7zDe-4TUcz4666A,368,0,385,8,1163,False,IPVOP1LRX6cMPZy_nDU2sw
564,2015,9,309,Medellin,6.240937462526861,-75.5741535715532,zr595kxjhg_CgE6prD1cUA,14,0,14,5,4448,True,zr595kxjhg_CgE6prD1cUA
71,2013,12,361,Medellin,6.23169995100226,-75.59045566598259,YAB_SAEVSLT9SOVd6EJzsQ,425,0,448,8,4765,False,TlURduS1j2415ThkPrFowQ
501,2014,6,370,Medellin,6.240000763848402,-75.58448381115576,q8KKkMhmtk3V9EgeDFuk8w,261,0,265,9,312,False,kLaa1EQ2G8YMudoEl1xhVQ
1021,2018,12,518,Medellin,6.249944677934059,-75.5944790265779,P3_O2x5pu13re3rhI8h8UQ,132,0,132,12,2393,False,6DiNDGuN_xre5-3qZVYU0w
837,2013,11,189,Medellin,6.245963707726209,-75.56646099749203,BLP7F8bIab_lUBVNsOSwxQ,343,0,354,5,4452,True,BLP7F8bIab_lUBVNsOSwxQ
657,2014,2,162,Medellin,6.24347527346141,-75.5873202719141,Haf3V5nSBME-Rh8W1YGQGw,773,0,937,5,4323,False,1uAOFzS_R8yEDVwuaD-5tg
38,2016,3,253,Medellin,6.231103365635195,-75.5706059888529,WLNGoXgdqQxVcZ3jgQaZOQ,459,1,1187,3,4941,False,pa8Z39gRqZK_A3NJh_2qQA
890,2016,3,487,Medellin,6.246889925808383,-75.56643232219005,ZiFMrL_QC9raTD1bPftz4w,519,0,557,8,1344,False,nvRUdWeqNPEXb5QOZffbgA
571,2013,7,688,Medellin,6.241028187988533,-75.56744113323558,osQeYwVYC6VJ4N7rBhc6RA,319,0,324,15,399,False,UJoqrLeHP-SeuDLV566DYw
831,2017,6,482,Medellin,6.245579672560694,-75.57265282259674,EAexbE6gZ6uvauAyCUO2rg,312,0,317,7,386,False,yTThx_PtpNZLWe1_OMEbmA
870,2019,6,167,Medellin,6.247010683888474,-75.5862490981779,3XcEai1fdqrY2YfyKqFgGw,774,0,939,5,4458,True,3XcEai1fdqrY2YfyKqFgGw
788,2019,6,297,Medellin,6.2451066006034,-75.56264180073197,JY5OuZvMMDL_8Sm8HgK0aA,402,0,423,4,4459,True,JY5OuZvMMDL_8Sm8HgK0aA
1117,2015,1,134,Medellin,6.252138506392241,-75.60445468112404,Hp1xLdPbmHx-MweQfeK5YQ,598,1,1002,6,5258,False,_9Aw6hHPg9nZoiqnQvVyrQ
616,2013,7,632,Medellin,6.241948733381781,-75.57542597094067,zEKpqxR-8sYFWW8-eplopA,717,0,828,8,4461,True,zEKpqxR-8sYFWW8-eplopA
923,2013,5,84,Medellin,6.248194044848439,-75.58643567087513,Z43TSCFWoMsfeifXn7_vvQ,46,0,46,9,5696,False,8y7J5BsET2JDH490TOsTJw
25,2013,10,263,Medellin,6.231020793420833,-75.5827994109818,1p2k4yivn0px5MBxA3-iMQ,369,0,386,7,5290,False,UufqqtZj9aI-f1fYwbs2rw
1174,2018,12,270,Medellin,6.252945103973883,-75.6004910172566,zfZkBaXFK-fnScb2JvGY8w,143,0,143,4,4464,True,zfZkBaXFK-fnScb2JvGY8w
1161,2019,4,675,Medellin,6.251916916304432,-75.56045387605583,9TntgSne1CEm_-6EhuWFOw,424,0,447,5,596,False,7bf9ag6QK5yUuvuDxuYgPw
910,2014,2,508,Medellin,6.247963315819758,-75.5995323324362,9ZOwa2MyMYPg-FKN6t3tRg,342,1,584,4,4235,False,MoQ52B7VlbpI4ga6QgCoUQ
247,2019,6,178,Medellin,6.235057687688312,-75.57372498766244,KvBNugHCwuwQ3jZyFdhU-w,714,0,824,5,4507,False,S5NPuuzxyBfYHQz7WObn7Q
305,2013,10,233,Medellin,6.235953420532152,-75.56845283531833,mje2GBPFL-pA5Htkt7xscg,674,0,763,10,4468,True,mje2GBPFL-pA5Htkt7xscg
19,2017,8,430,Medellin,6.231418840332675,-75.58965151666534,dEn2NmAF7MQcjifBjql8aw,404,0,425,9,620,False,Yq9X-5vc6uqiRBlCqD7gPQ
64,2013,10,331,Medellin,6.23212564264827,-75.59747294000643,ifmZ0MegBJxT2kTG0FFQdw,812,0,1028,7,2810,False,_BfJVwrPZl_rVgCdvKBUTg
690,2017,7,291,Medellin,6.243790824183763,-75.60715952125098,2H3OX7yclxnobkuYbIEckg,555,0,601,5,930,False,ph-9f04psczr7Me8D0BcnA
969,2013,5,222,Medellin,6.249080253022243,-75.59446177656046,k0Gb9SM244Fx659iAGpOsw,213,0,214,6,1895,False,NjKCaxA-xTYI7dEdZEG-IQ
1114,2014,3,82,Medellin,6.252133583394841,-75.6073814559144,5GPy1trbbrWrbTEm134Q3g,652,0,729,8,2850,False,NzzmyLIDhftOfpaF0WOo1w
1216,2015,10,639,Medellin,6.253093835182306,-75.55857812711255,4yVVOt_aQ2uzJXzuVDRLgg,139,1,1133,2,3719,False,3cnt6hSibgCJxK4h0kZ5Dg
869,2014,1,339,Medellin,6.247124381239417,-75.58744812886322,zT-Pgmr35CqGV6f8Bozhyg,136,0,136,9,142,False,Y4IyBq_94D585bVzk4hAvA
980,2015,9,190,Medellin,6.248960874370015,-75.58246413446288,WDSa87EMg5Fg8VV4xWMpng,686,0,778,6,5680,False,VxYKWnTbEM17paWXEuZJ2g
758,2015,1,366,Medellin,6.244789716706008,-75.5922410211821,FSA6iGK-_TjJXV5hHE22Bg,280,2,1188,3,5100,False,JeqaPbJzZDfrTWrP3GNF2w
975,2019,6,500,Medellin,6.248917342751282,-75.58746397728083,oIu5ox35HQlXn-y9ztuLCA,214,0,215,9,4478,True,oIu5ox35HQlXn-y9ztuLCA
1139,2018,12,427,Medellin,6.252105558097654,-75.58238323058828,t_lq-zG8uvjyUiSMaMzDDA,761,0,909,4,4350,False,eEeIdWLyIO2xE7pVxAGfdA
354,2014,4,163,Medellin,6.237264047184349,-75.57238353103706,SMtRYM6hQrpVWxeEt-LgEw,494,0,527,12,2640,False,7OSej7xSqYlcvU_UYP-jxg
944,2019,3,361,Medellin,6.247974778885447,-75.5655540251429,u7xczAGjB3zTDmA6I4SRjg,530,0,571,9,1723,False,ScL9B14enqLsQvxbzTXPFQ
190,2015,4,440,Medellin,6.233915783598533,-75.57747120725192,EEkpJfVWh2c6IFtOmq2LLQ,51,0,51,13,2328,False,Jj3PuS5Kn97wei73d9G-2w
499,2013,8,447,Medellin,6.239903753225194,-75.58648053584588,6zdedxfpoFgePwyFn0svUQ,145,0,145,12,195,False,tWAZ7DjZGAdOFE97PvPNUA
194,2014,9,363,Medellin,6.23393777958282,-75.57332906008122,uLAAZBKprHMSrSZJypB9RQ,177,0,178,11,628,False,jbuXSv6ucKoRcHx_nG9-HQ
732,2017,6,296,Medellin,6.244156420684755,-75.56533635857848,bppsrV2vYKpwmAUhyuZWAw,548,0,593,10,2364,False,ELzCb9cMyeOJuCMhbeQyVw
1090,2015,9,225,Medellin,6.250963419379885,-75.57842012125822,IELH8TSneAV5CKIbR7fKoA,95,0,95,9,110,False,57Z98_O-hnj43oS_55L5Yg
243,2014,4,361,Medellin,6.234891621633086,-75.5773508130994,Ex_9bj0JHHv5FWUgaaHTJw,488,0,520,11,4266,False,W-FdZDPzrw4muxeu_sNg9A
703,2014,1,242,Medellin,6.244030724037883,-75.59435978721076,sum4ldqupyh9sTodit7gxQ,479,0,510,8,4488,True,sum4ldqupyh9sTodit7gxQ
454,2015,9,564,Medellin,6.238913685423197,-75.5784433399108,TyCYVrWmA0O_HLdv79oFwQ,635,1,891,4,5837,False,57nJ-IqvJqz3aobNZDPRpA
817,2016,3,135,Medellin,6.24601023662425,-75.58636808658595,omAg-FdFWJXgAdIzqCPo1A,540,0,583,7,5000,False,wq01_JSe1EnBliRvySmbPg
460,2013,10,247,Medellin,6.238996563929049,-75.57247511505113,uoTiNDWQS1sBZnmEwKdcIw,100,0,100,9,1675,False,vbUJKT0pt6lESqFUToPApQ
928,2019,4,323,Medellin,6.2478408677404,-75.58141721371311,XIGJ-p9z7H2A5iPX6-hyoA,728,0,847,15,4653,False,PjD5gCkFgL1O4OUhvZOfJQ
542,2013,6,389,Medellin,6.24104207251405,-75.59644965025696,qgVfAKZOn2BbAs2dOiNZTA,608,0,665,8,1081,False,MVPu3mDcYNcxDSIWfyfq2w
188,2013,10,321,Medellin,6.233055006294983,-75.57976890859567,yLZE_6tMsjrz68rHUblD1g,508,0,541,10,5764,False,0xpKwMxk607Aw6kD3DPbyQ
1196,2014,4,456,Medellin,6.252951026609336,-75.57845870060696,BmDGz30JPQ2smeWC_EsFhg,433,0,457,15,1564,False,FQAF46Hu7m3Ad0KzprONFA
297,2013,10,192,Medellin,6.236005306635709,-75.57649274194014,nBu1u7JG6tM8NV0O2WWrVA,821,0,1050,4,4788,False,6N7t-9FjeComknEZuGiscQ
272,2015,9,294,Medellin,6.235985708786377,-75.60148346234796,VN81WxblmELOAyK8KfZvgQ,825,0,1065,3,3062,False,y6V7cs1npB-Hkfp_3ih8wA
864,2019,3,451,Medellin,6.247006559001507,-75.59242510252132,bJmMTJ6PuYiXCVpwl9jfZQ,270,0,274,6,4498,True,bJmMTJ6PuYiXCVpwl9jfZQ
365,2019,6,420,Medellin,6.237074673592343,-75.56155951524946,EoptVjwgpU1LAc_-pYwejw,591,0,643,4,1038,False,QOLPv6Fzswf8m2_g4ktiMQ
1166,2015,9,440,Medellin,6.253018134801702,-75.60840305793107,jFZF9Am_h54zQZfCaV2Nmw,237,0,239,9,1760,False,YP5UoMWScXTMEh55OI0_jw
922,2014,3,423,Medellin,6.247989504399714,-75.58767022213482,LKO878E8EGPF1QmPxNJZow,79,0,79,11,886,False,QqWk_jcyZstjE_Qw8W-ACA
92,2013,10,284,Medellin,6.231921552665693,-75.56992457420948,1DfBwoKpR3NuvtxQEAsFpA,207,1,331,12,4667,False,8Xa0Cvad3AWujc0m9oY4Xw
33,2018,12,420,Medellin,6.230955399258264,-75.5752720474711,ChY2fU8qf2t-LAWTJA6Blg,381,0,399,15,1114,False,tYT80Y3JdyPPRNFz3aM8sA
132,2013,6,532,Medellin,6.232991819913179,-75.58272120381966,2cxYrJpYRazZVZsCq82asg,141,0,141,10,2360,False,77w1I-sYHmT3elPo-oZ6UA
677,2014,8,267,Medellin,6.243095827490134,-75.56782864408738,Fd6-iOJRtnUQs_vt9VIQ5g,470,0,499,8,4505,True,Fd6-iOJRtnUQs_vt9VIQ5g
732,2021,2,130,Medellin,6.24416626197887,-75.56538071483372,CAoSLEFGMVFpcE1hMFI2dmVPV2hFR3d3ZGp3MWNiYXhJOWRLd1pKdjdOVWJhT2J3,548,1,1189,1,4506,True,CAoSLEFGMVFpcE1hMFI2dmVPV2hFR3d3ZGp3MWNiYXhJOWRLd1pKdjdOVWJhT2J3
247,2013,5,171,Medellin,6.235053086738939,-75.57375404547471,S5NPuuzxyBfYHQz7WObn7Q,714,0,824,5,4507,True,S5NPuuzxyBfYHQz7WObn7Q
928,2016,4,332,Medellin,6.247853430687475,-75.58139810623355,OK64dTbPJpvEWk8JD4-vTg,728,0,847,15,4653,False,PjD5gCkFgL1O4OUhvZOfJQ
33,2015,9,409,Medellin,6.23094321949954,-75.57531086528674,xq4q7kAwR0ZZa9k14hFK8g,381,0,399,15,1114,False,tYT80Y3JdyPPRNFz3aM8sA
334,2019,6,621,Medellin,6.23684114949611,-75.59238440558568,MaLwraGD_br9YsutiUaKmw,294,0,299,8,4510,True,MaLwraGD_br9YsutiUaKmw
129,2013,8,355,Medellin,6.233016261259978,-75.58549614940972,o-x0AnNgVLQlIaSMgV8i5Q,454,0,480,5,4511,True,o-x0AnNgVLQlIaSMgV8i5Q
716,2018,12,560,Medellin,6.243920998708732,-75.58134102109015,Lq02hxbFE-GGtT4d9uaCVw,151,0,151,6,3566,False,MOKEDTh8jxh7ut-_yKHMug
73,2016,3,448,Medellin,6.231824445259914,-75.58842412868812,QBD4sKLNyQZact90HdeRAA,556,0,602,10,4513,True,QBD4sKLNyQZact90HdeRAA
296,2015,10,600,Medellin,6.236182430095945,-75.57733010654604,wlxxABklqhWCZFeYl18jmw,808,0,1010,5,4881,False,G2oskNxPI2NNpL9N_XZSpA
974,2016,3,245,Medellin,6.249161053903446,-75.58847896450244,_cNzdlawiox-mzfhhKI6KA,254,0,257,11,5037,False,6ktyFJE6iA1zV08BJ6WxXw
769,2013,5,627,Medellin,6.245061726115826,-75.58151645908046,lrWbQB5Y3KNvwk9EehY9Ew,631,0,693,11,5670,False,GBc0pSYHU-fCviglorq83w
118,2013,5,506,Medellin,6.232843524204626,-75.59651913884635,xR5odmehZeG4cGn13UoocA,269,0,273,9,1307,False,jwtj_EpXUTJZ7TosyrXiFw
148,2014,10,274,Medellin,6.232841717464852,-75.56661924067144,5gfZtTaEIWnxdi4RgvOS5Q,374,0,392,14,5111,False,hh_6AfPE8Dn1XAF17V5CFw
458,2015,1,323,Medellin,6.238952123502057,-75.574445243061,gLgshAt6e0C2geA6jfSIsA,72,0,72,14,1951,False,8plNTArMK0gy6Seef-0Log
1243,2013,6,420,Medellin,6.253981658248917,-75.58432771269196,0sk11U87sLdfrs3hPbaF_A,76,0,76,8,1900,False,kVT0lw3DwCKPWK5mY0t1Mg
859,2014,2,491,Medellin,6.247016704145837,-75.59750753257052,1S_W8rPpGuKKBj29xmtlUQ,768,1,1067,3,5720,False,7CI5jYKsqZK5CXndSMrEmA
507,2014,10,301,Medellin,6.240007423595069,-75.57843391476837,T_Ja1-mPL9CxD8HMe45DbA,23,0,23,11,23,False,O9QhOfErjZheGlAlLMZdYQ
253,2015,10,213,Medellin,6.234775014144963,-75.56797451071928,VBjjpAGmWXtH9sK79u8nBA,496,0,529,14,846,False,TbDIxnOfpTm0ZYZf-V7mqw
859,2013,6,331,Medellin,6.246965675110208,-75.59754427844966,8HL89uXD_mkmnt4qGffF7A,768,2,1190,1,4524,True,8HL89uXD_mkmnt4qGffF7A
191,2013,12,450,Medellin,6.233946368393865,-75.57646615618515,sg1vc9mkLSsV8PeNnRdTJA,640,1,1191,3,4525,True,sg1vc9mkLSsV8PeNnRdTJA
342,2015,1,315,Medellin,6.236959956773277,-75.58451022740272,XYOhSy5ebfRb_svZXOgqQQ,817,1,1192,2,4526,True,XYOhSy5ebfRb_svZXOgqQQ
1148,2015,10,211,Medellin,6.252024714695367,-75.57362451489202,K45JU9CUktok1pSH1zw8Ww,529,0,569,4,4656,False,SR-AFFg66Has6E0S75sowQ
298,2013,10,513,Medellin,6.235943543299634,-75.57548256071091,0KydQhF0hdzak1TmfqbxZA,315,0,320,11,2224,False,uZ_1-hjnyERXj-2h3vDhGw
162,2013,8,292,Medellin,6.233929717288095,-75.60533552069099,FZxN7OBogAypYcpwevx5Gg,282,0,287,6,2294,False,pUZjT5EKHrnl5NoPZXThyw
1136,2016,3,316,Medellin,6.251889575392954,-75.58610039452819,TXAHmb9PEE43zaNFhRHvqA,142,1,342,5,426,False,3oiWt1TtzrVaQWxf98OBNg
818,2015,1,336,Medellin,6.246038800419444,-75.58547488188023,U0VvZKQcJOgwOk5zhPTYLw,793,0,972,6,5191,False,8RVckX3_zkHhvmuXWKLRWQ
1205,2016,3,349,Medellin,6.25297974699006,-75.56942438381384,YPFDyjx6uKb3Ez0K6TtZ5A,561,0,607,8,4649,False,0EL-4leauU-fKzDJiQow9w
1241,2013,7,447,Medellin,6.254019685121895,-75.5865035447596,hVRJQANXo1gXLvMEDKD46Q,279,0,284,12,1678,False,ps4Hne98jwPgXciU6fQUWg
183,2015,1,363,Medellin,6.234132742842287,-75.58439954250782,V2WTckH-3xYkkMcAU10QZA,788,1,1090,2,3368,False,6ufiVj9x3pCr58f-aEsZbA
1098,2013,4,323,Medellin,6.250713805895636,-75.57054613775666,mxvh_3O7ChDxKB-RPWyU0A,286,0,291,6,740,False,-VxLkuJ943OCoD-6bYdWkw
629,2013,12,217,Medellin,6.24202698540451,-75.56253090717108,Michy2rdlDMn1VT6SRI02g,512,0,549,9,2353,False,3SK_PORFFAD4uzp72khhqw
281,2014,3,383,Medellin,6.235984970288042,-75.59162313650066,-36jGk9Dxb2JvqvnH8l8nw,456,1,862,2,1814,False,ZJh2RTmN3sqnvR5K3Lg10w
683,2017,6,110,Medellin,6.243025200524751,-75.56147894459869,cBOc09xdlzBV097FpiIPpw,138,0,138,11,5524,False,VsJhJh9snGGvNdq5pvpwWQ
664,2015,1,319,Medellin,6.242467841506937,-75.58041069605319,Gf50nWYZ2gogmnw1Tf2GgA,795,0,975,6,4613,False,OWq0mwzaL-YuWe5toCrUbA
894,2014,6,248,Medellin,6.247035525521507,-75.56237215784672,m-sKleQM8uOnRFesJwF8bw,538,0,581,6,4540,True,m-sKleQM8uOnRFesJwF8bw
801,2019,3,372,Medellin,6.246036986264351,-75.60245428426967,2KFLLmUaee5WXUvx56Eqig,264,0,268,7,1140,False,yqwTd9QDtLinsKeaWsbSOg
45,2014,1,107,Medellin,6.230798574489729,-75.56394588246573,A0i-MttLwtSABtX6FOkqUQ,737,1,1116,2,3565,False,8Du01qN07sPE3MWnttOSbQ
880,2014,9,566,Medellin,6.246842423576311,-75.57653359607588,41cPIrLydGoIYmoREoilwA,352,0,366,15,4080,False,wVQkglc2cSj3hdhSqC-niw
1094,2013,5,327,Medellin,6.250989224147617,-75.57447970046056,3wRxJX4NwDTmm6gGbnJOww,474,0,505,7,2947,False,8EQCqsTKelPeMEU-9P8zgg
838,2013,10,323,Medellin,6.245989233668543,-75.5655561066613,sis-4PBZbNQhPgyb31SQeQ,328,0,335,5,4545,True,sis-4PBZbNQhPgyb31SQeQ
224,2014,2,391,Medellin,6.235001188001034,-75.59648232340565,fNvf21K22v63_fK8OU1DLw,626,0,686,7,1661,False,xJznRoeRLe1fK01A8Gsmzw
1250,2017,6,551,Medellin,6.254048342975743,-75.57774822149702,PROM6wWAoOmE61jaBZ-MfA,545,0,589,14,1040,False,-iMvOeIAoosR2E1Ru8OXkQ
462,2017,6,628,Medellin,6.239023444648323,-75.57047318555726,ojnVV9ggcSk_Hqa6YUgZgw,542,0,586,13,1869,False,odRTreOwNDTVzVYU2Fx6lA
645,2019,3,497,Medellin,6.24296709891071,-75.5994764109072,_PGoJwbAESoPoOBE9piMeg,266,0,270,7,4549,True,_PGoJwbAESoPoOBE9piMeg
389,2014,4,20,Medellin,6.238008551239862,-75.5905900778249,hFe7s9CSmlY6FoqRzjZNyw,491,2,1193,2,4550,True,hFe7s9CSmlY6FoqRzjZNyw
720,2013,5,486,Medellin,6.243974999271628,-75.57742544257961,4eS2Pg4C4DmXFI0XrcCEXg,338,2,1194,2,4551,True,4eS2Pg4C4DmXFI0XrcCEXg
508,2016,3,478,Medellin,6.239711334358949,-75.57742534740137,gLxYUSly7Z0jTBrE6ULWVQ,794,0,974,5,4552,True,gLxYUSly7Z0jTBrE6ULWVQ
1183,2013,6,343,Medellin,6.253015137110308,-75.59134763372724,6wDuKO8d-jgR6H6xQVKhxg,644,1,913,3,3199,False,Qo0E0VaFz--z6B5YwBAgVQ
72,2013,8,511,Medellin,6.231772230083067,-75.5894422343344,TRD4Z_UiUqK_28k4MGiQxg,88,0,88,10,1413,False,tHWuLYo0l6M2T2hhnCPopQ
1253,2014,2,434,Medellin,6.254244448400754,-75.57396259403066,UYMSk5Hne8adDC-4qne1zA,839,0,1148,6,3851,False,O_yWF1Qaqyjn66iEayqDTg
1263,2016,3,414,Medellin,6.253886953176359,-75.56439896181051,GpA1EgqjwBChncv8NrsaKA,350,1,892,3,4556,True,GpA1EgqjwBChncv8NrsaKA
238,2017,7,241,Medellin,6.235036965673162,-75.58266212095396,HdAGuthj_SX2Ct5BFhpR0Q,572,0,620,10,988,False,VuFX5OwR-CLI-hIu9DJWeA
424,2013,11,510,Medellin,6.23895101382943,-75.608458058507,u68yxjCKR0crD8ZJau1LCQ,420,0,442,10,5998,False,mCoEYACvuwSyWp-7fDfpuA
291,2015,9,362,Medellin,6.236009851675611,-75.58263462510561,p2KFI3TvUjc8kOcEp9y26w,245,0,247,12,4187,False,Kxh_lAjJ-q0jxJMXPa_eIg
880,2013,10,569,Medellin,6.246858357744533,-75.57648924890191,whSLErcE7vnIZ1RhpmUeWg,352,0,366,15,4080,False,wVQkglc2cSj3hdhSqC-niw
14,2014,1,422,Medellin,6.230958285368677,-75.59448977436091,uDOpwLF5Mh_M56ukWDJsMA,836,1,1195,1,4561,True,uDOpwLF5Mh_M56ukWDJsMA
1193,2017,7,379,Medellin,6.253018855931137,-75.58145624623359,uXZyP5zI4ErTA-I8uXS0nQ,484,0,516,9,1948,False,FjrOYHZmqc2YCEcaZm8pwQ
1240,2013,5,301,Medellin,6.254229086576585,-75.58747405662223,cuyEGe8N3SQtWNPuknXSzQ,195,0,196,9,4563,True,cuyEGe8N3SQtWNPuknXSzQ
166,2019,1,387,Medellin,6.233873126581021,-75.60145543838026,RS2CPWMuLie4bCDo6hPujQ,826,1,1178,2,4343,False,cuBLeq_GCifFhz6jaLkpzA
1155,2015,9,298,Medellin,6.251967759582074,-75.56746108206275,rH_HZW5nBhmcayEYHW7vMw,385,0,403,8,5315,False,1kna2jCCY_ICLabjVCqXFg
1262,2015,1,232,Medellin,6.254094227510138,-75.56563018856832,EHcosRMq0-45I7E-Jru0Hw,92,0,92,8,1090,False,aA3OQahLsnW6_uHQXUe2OQ
251,2016,3,575,Medellin,6.234676651926223,-75.56945054978658,j9yLgWEm2yQz4-TzJxqGbQ,373,0,391,5,5851,False,uCJddd1pGRPc3bsmdFDJUA
1018,2015,1,162,Medellin,6.250070043327484,-75.59648759839749,IhwNpeujj04mpS0yhm27eg,259,0,263,8,3193,False,j8JPyyvcADFoC2JfNd9IGg
881,2016,3,646,Medellin,6.24700945773511,-75.57548162274323,BQuI1Jo-4FMMQLrW6SLjAw,50,0,50,6,5964,False,GzPvf8v21ZspCK43dYaubQ
1034,2013,6,522,Medellin,6.250012009111365,-75.5814815805984,urU5yY66UZgsmnuAUy2cfA,273,0,278,8,333,False,LyVa61bsupnT5RyP-LH__A
454,2013,12,562,Medellin,6.238921348553262,-75.57844309726396,CgxtMOeef8llaE00ux7Uzw,635,1,891,4,5837,False,57nJ-IqvJqz3aobNZDPRpA
500,2015,1,176,Medellin,6.239859359121547,-75.58541561606017,O9L0HXk6DYeYmF2Mv9e5LQ,127,0,127,5,4663,False,X8UCYDpgiNEDNRUGCx2gzQ
458,2014,11,317,Medellin,6.238911438688764,-75.57442134524376,mKtx6i3mc1s1u8d63Fm5dA,72,0,72,14,1951,False,8plNTArMK0gy6Seef-0Log
467,2015,9,365,Medellin,6.238937603545406,-75.56550263625866,RNN__-Px9G_sXY0c9nCcpA,832,2,1196,1,4574,True,RNN__-Px9G_sXY0c9nCcpA
77,2017,6,497,Medellin,6.23188607777147,-75.58443365246252,BxRwPzrwJ9wQ2K17zlcJGg,16,0,16,9,16,False,5UCCGvO8I8E8-aLlAw-gVQ
1267,2013,6,429,Medellin,6.253717102876854,-75.56024960339165,qMXqj7ZzOYFINUkukX3I8Q,150,0,150,3,3451,False,9EnuyDmC6Yyf_iVX4yINsg
1146,2016,3,151,Medellin,6.25195481847023,-75.57517996448365,P-JVVXC3-iLKbDQr_2_8KA,629,0,691,9,2495,False,UJF9clPUux9W5aj0iCzHAw
405,2014,1,178,Medellin,6.237964393273221,-75.57442978980902,E_hZDaVH6NtkJhyi6gXHcQ,246,0,248,8,3071,False,mUD7gGlgXH8WvtCm0nOtoA
463,2014,5,436,Medellin,6.239022651302857,-75.56951780776153,WfR4sEgsguZ-wwLuSiu_RQ,123,0,123,10,4579,True,WfR4sEgsguZ-wwLuSiu_RQ
1236,2013,7,354,Medellin,6.253911081104038,-75.59050240959331,md5ctL8-A-LXSDf_hXGKJQ,779,0,949,10,2615,False,0EXsqruMPzhICRwvjTUlmQ
1112,2018,11,343,Medellin,6.250911336011906,-75.55631373711711,HtwAzeSIhcAhrOcS-R3EJQ,393,1,521,3,4581,True,HtwAzeSIhcAhrOcS-R3EJQ
848,2013,6,368,Medellin,6.247110420521762,-75.60872763345364,q4D6eHbksoYEsLy2aaCF7w,841,0,1158,3,5861,False,XnTUzrgEZGvgKrB53ptvuA
861,2014,1,242,Medellin,6.247061682054712,-75.59554319536451,bfLpir9u6Jk-1vwJZn2hiQ,765,1,950,4,4583,True,bfLpir9u6Jk-1vwJZn2hiQ
140,2014,10,422,Medellin,6.23287697321854,-75.57449719448819,VzorPMyHPe_MiQWCP4psaQ,94,0,94,10,5674,False,SZCJD8OC53C_bcI_fWvs_w
88,2015,9,500,Medellin,6.231948588659577,-75.57332058642291,ykGr-62JRCAFyXKCjdt9gQ,576,0,624,5,3635,False,AqbBMkVCjU12ZrE8Xu3h3g
210,2013,7,190,Medellin,6.23384650148024,-75.5573410592258,-CtgFPMCVTBBVuItzw7NAg,204,0,205,9,4830,False,v-yfTP7ncEmWr_nE2rP-WQ
1187,2019,3,153,Medellin,6.253171976747162,-75.58739651509256,XkhwxEHea5cDBQu0Epv5Nw,802,0,990,4,2523,False,balibDoxqKgppy-4aGQY-g
195,2014,6,413,Medellin,6.234055491800946,-75.57255172523982,OrzDEWkKcgBNkaoWIlCs-A,326,0,333,5,2154,False,LqNg2n4_eloC1KGT4qHKxw
446,2019,6,395,Medellin,6.238761102775739,-75.58648921458305,4kj6OBMqSHN7wNsmmL37yQ,86,0,86,5,907,False,E1mOhPW1Age9PxdX43Iaxg
131,2013,12,435,Medellin,6.233353013630172,-75.58346429611517,cxSjuwkbB8hYwIxM8r-LkA,27,2,924,3,2948,False,r-I2SeWY8GCGcPOQwVrRfw
145,2014,8,190,Medellin,6.232963869035681,-75.5699631404422,41h3BxepBqlK6iKHfPSMkQ,183,0,184,25,1616,False,oFs5LoL1vDLaMHFkDtwqbg
190,2014,4,453,Medellin,6.233935060661249,-75.57747102907574,zW5ipK0b7oGgrSP2ln9Pmg,51,0,51,13,2328,False,Jj3PuS5Kn97wei73d9G-2w
83,2014,1,609,Medellin,6.231976625977035,-75.57853740628477,Q29VKu60ZHFgXlx-SjUqhQ,56,0,56,12,58,False,5Ff5Umrp5en3zdlnxIJwdw
434,2017,7,295,Medellin,6.238976030835064,-75.59851665350554,fkUKEZE97DgTg91a5OM3jw,274,0,279,9,3413,False,ahHRDcFtiLtBh0J7Pj2Vpg
1022,2017,7,631,Medellin,6.249900847926096,-75.59345569904313,hb5epU6U58pjRwP9-PiA9w,673,0,761,5,2726,False,ws43EDyjcWeuOVYaUYEPXw
814,2019,4,591,Medellin,6.24590845018254,-75.58951325115227,OTkHa2ka-xfVra67qgTmXg,767,0,925,8,4226,False,zXFINj75cGO4xERFpLS9EA
837,2016,3,188,Medellin,6.245962376376255,-75.56646266741288,xhtBpP6UXhQSNyUS8ar7yQ,343,0,354,5,4452,False,BLP7F8bIab_lUBVNsOSwxQ
196,2016,3,558,Medellin,6.234084281495963,-75.57158475175981,BvsXy4TK74foWsZMF1IbNg,643,0,714,9,2907,False,MFbWKm1CPBQv69Cm95tfUw
1203,2014,6,326,Medellin,6.252947063649446,-75.5712688199879,QN44B3gTSMfnX6SnyUplkQ,101,0,101,7,1203,False,GaIepvSauFT1g32XZm51mQ
496,2017,7,595,Medellin,6.240006210570731,-75.58937063029249,7OuKdWhJeE45RU4aHyDc9Q,568,0,615,10,4722,False,Cb1mggJLg_fYLs9xjf1DdQ
515,2017,7,193,Medellin,6.240284075861052,-75.57044386350934,8Zups7BQE1ElGVyPBoZ-NQ,340,0,349,2,436,False,oRgQQf2UpU5VI2Ee90V7aA
350,2014,4,356,Medellin,6.237009022499842,-75.57646242283482,dZHxz-h3htG0D3cVSX2Wag,814,0,1037,11,3422,False,5BImpe3gJA8stYiLfHQNpg
226,2014,4,430,Medellin,6.234855787179345,-75.5943774539936,hLJ6Pttsqc1AvGjFshquHA,600,0,655,7,1060,False,AeUASTuw_ZUMmMT5ecWWlQ
1032,2019,3,144,Medellin,6.250003796665241,-75.58349254090662,vUSVnvYLOXHu20x1CBtGIQ,564,0,611,5,960,False,d3q-4uDrjm6pHfm0dW9eBQ
60,2017,8,544,Medellin,6.232018076605077,-75.60148921074902,uuEgPoqTPOZKdMFTsxTjEw,578,1,707,3,4605,True,uuEgPoqTPOZKdMFTsxTjEw
662,2013,10,371,Medellin,6.242936855510333,-75.58240263852792,kbfQaOQwiiU1VhWH2Fe46Q,834,1,1197,1,4606,True,kbfQaOQwiiU1VhWH2Fe46Q
222,2014,3,306,Medellin,6.234997875317349,-75.59827551820975,M8Rl6KXV8ZURhBPhQiGRNA,336,0,344,5,429,False,hlJ53Lk0gHCY849ajwo3JA
600,2016,3,305,Medellin,6.24194259865319,-75.59244650586058,i2qPcMh1NeXLyU1Po4sz-A,228,0,230,10,4645,False,eFY7r9B_m0CurJ6nBEJXeA
1211,2014,4,650,Medellin,6.253011565362817,-75.56360272939011,kV_E24oia2EwhRdVNv7GKQ,200,0,201,10,3970,False,9x1b127MG-_wqizCxXb8tQ
661,2016,3,425,Medellin,6.243067797950273,-75.58350147471651,--hwO01ian1wcAOlAfzOKg,389,0,408,6,4610,True,--hwO01ian1wcAOlAfzOKg
1108,2018,12,470,Medellin,6.25116124467506,-75.56031350681737,GisNP6jbwYATp05YvKk80Q,827,0,1084,5,3292,False,HyKh6Iok7PtmKxhckkDokg
1040,2013,8,361,Medellin,6.249980034972717,-75.57524716312126,osqsAMDZZqWRUTdZeVe79g,236,0,238,15,5221,False,kqL5triMYOxn1GZlLkeH3w
664,2016,3,303,Medellin,6.242467816942817,-75.58038663533677,OWq0mwzaL-YuWe5toCrUbA,795,0,975,6,4613,True,OWq0mwzaL-YuWe5toCrUbA
30,2013,5,263,Medellin,6.230953266633726,-75.57863097496151,oNnnGrXl7wTYwJPj5tK8wA,596,0,649,4,1048,False,HCNMY2CTt4YgcRuQomDmlQ
329,2013,6,252,Medellin,6.237249429556743,-75.59744969630587,EiX18XTEVxEjtlpOK0FiNw,789,1,1039,3,4615,True,EiX18XTEVxEjtlpOK0FiNw
1018,2017,7,159,Medellin,6.250093911785322,-75.59650332970287,MkMPN-NCvT_tThSDA374qA,259,0,263,8,3193,False,j8JPyyvcADFoC2JfNd9IGg
710,2015,1,313,Medellin,6.243630489309539,-75.587487287666,A6FXofmYdHuSpmpfU1zNhg,83,0,83,10,3439,False,lpBNME2l_u4VwnFjNctlyg
35,2013,5,427,Medellin,6.23104509632928,-75.57369446547003,F7n3Y4AwmUUjwz5DYbEAow,722,1,1198,1,4618,True,F7n3Y4AwmUUjwz5DYbEAow
275,2013,10,359,Medellin,6.236097593370013,-75.59836395543837,OPfWrsbqQEwBqI-pQayrpA,844,0,1199,2,4619,True,OPfWrsbqQEwBqI-pQayrpA
920,2015,1,442,Medellin,6.247884114403283,-75.58947924430468,GpVHw2jPjzWp32bWYHCqFA,146,0,146,9,4417,False,CvM1HUf9Yf_hw-Knu-7Mag
82,2013,7,395,Medellin,6.231953202777945,-75.57947312984723,UWk3xstKvP_hhvvy7RCGnw,155,0,155,13,5672,False,EQe_ny67VxxDchxxHXs19w
14,2019,6,242,Medellin,6.230969918141938,-75.59449134815583,Dom_9tY9hoL1NQhdlPvdHw,836,0,1130,3,3692,False,wB73g4ftqxIXxusYor02bw
762,2013,5,425,Medellin,6.245003509127851,-75.58850573035971,8aZdh-a8eet-MVAybUIAIg,396,0,417,8,2925,False,VE_yjurHEriVFdHswafZwQ
652,2013,10,265,Medellin,6.242994381175453,-75.5925359784205,GOk2gXahS8oeL7Jyrui59Q,417,0,439,9,3278,False,SU_3XtzLkeTC3XVpbk5w5w
1211,2015,1,660,Medellin,6.252982562962575,-75.56361783225911,DymTTaJuE6AWx6ubot8exA,200,0,201,10,3970,False,9x1b127MG-_wqizCxXb8tQ
385,2013,5,340,Medellin,6.237939837200628,-75.59441336865575,c6uBvMKyeOZlwrYWqgadbg,566,0,613,7,4773,False,sJ3u-tYU1g6gIK6urVFB0g
138,2013,7,381,Medellin,6.232961177090481,-75.5763787821274,tKzNJSZmfz1K2ynML8r-Qw,647,1,1200,1,4627,True,tKzNJSZmfz1K2ynML8r-Qw
311,2013,5,243,Medellin,6.236028211763813,-75.56249357464537,nRTDRtLqeYBiPIJgzPek2Q,483,0,515,4,4628,True,nRTDRtLqeYBiPIJgzPek2Q
607,2015,1,458,Medellin,6.242021381752558,-75.58455829199451,gWR3Xz0-d52ABGiOLjBO2w,364,0,381,7,483,False,ZTXBURk2Dk2q0US1r_CVnA
92,2015,4,258,Medellin,6.231921431870414,-75.56989732839992,WXUzH_JEVVAPtAxj2-ItTQ,207,1,331,12,4667,False,8Xa0Cvad3AWujc0m9oY4Xw
547,2012,9,403,Medellin,6.240982727313862,-75.59139054687712,b8CgurzE5nneWe6DxpxLPg,668,0,756,9,1884,False,rAkBRFhA68CtilWk5pTTvQ
176,2015,9,304,Medellin,6.23402976004864,-75.59155336297988,UqzfWNbBYcqLbIWVRIVZCA,664,0,749,6,3964,False,DRLfW6cc3XWucCo5wXG0pg
357,2013,5,268,Medellin,6.236971051633429,-75.56949586774894,lHqPaXIdMlo_sny6QGShNg,503,0,536,15,4633,True,lHqPaXIdMlo_sny6QGShNg
572,2016,3,638,Medellin,6.240995787128012,-75.56664942379516,Y8hnwyqIC_L3kDdEYjgOGw,164,0,165,5,4634,True,Y8hnwyqIC_L3kDdEYjgOGw
78,2017,6,344,Medellin,6.231926846244479,-75.58342421549109,6yK5fizocGhNeV0j25BoWw,327,0,334,9,4220,False,EqvGszrRoZSUu0-HBFQCaw
222,2013,12,297,Medellin,6.234953374094039,-75.59826784696838,1q927MuEVd2YpdFF_NgT9w,336,0,344,5,429,False,hlJ53Lk0gHCY849ajwo3JA
692,2017,7,437,Medellin,6.243955451670797,-75.60550381026164,Jh8Naa2OvpCe5GYLUiCfWA,575,0,623,4,4637,True,Jh8Naa2OvpCe5GYLUiCfWA
642,2015,9,348,Medellin,6.243112646942897,-75.60234705196841,g_dd1LIqXrJsakbLzHUtMw,272,0,277,8,3458,False,mywGsgWxrDMNjntwVzjy5g
65,2013,5,565,Medellin,6.232165680689202,-75.59645117718476,i9husc4kCNw0Ly12sMizwg,64,1,513,3,4639,True,i9husc4kCNw0Ly12sMizwg
637,2013,8,508,Medellin,6.243016919348352,-75.60759694287799,E5UuL0AJYT27Nv9xajPIdA,798,1,1111,5,4640,True,E5UuL0AJYT27Nv9xajPIdA
59,2016,3,423,Medellin,6.231995873126027,-75.60250462370529,KCHiP0KPZ-T2_aHWEpf8gA,486,0,518,5,987,False,_s9hJgVQ1YEIslX1P_D_rg
769,2013,10,640,Medellin,6.245051542775481,-75.58150675132812,cXO8viyESIJ6cageVas7aA,631,0,693,11,5670,False,GBc0pSYHU-fCviglorq83w
879,2017,7,242,Medellin,6.246895039962631,-75.57747928734528,4oK-NxgRGm2SV8GXrUgZuQ,700,0,800,12,2363,False,8eyEglL0qGbhrhrDWiv9og
931,2018,12,312,Medellin,6.247792727365639,-75.5794564430168,1-u7bxZOzNPoxJlVF72eTQ,121,0,121,17,2711,False,iuuOp4Qjdr-KC2e7QSgVJw
600,2017,7,305,Medellin,6.241933768595155,-75.5924552206345,eFY7r9B_m0CurJ6nBEJXeA,228,0,230,10,4645,True,eFY7r9B_m0CurJ6nBEJXeA
976,2017,7,188,Medellin,6.248946115523192,-75.58647063149583,C_g14woTIRRQDAaC_INeEg,49,0,49,9,2259,False,NDZySTYvV1ZIZ51KKxbEaQ
304,2017,6,334,Medellin,6.236088442093456,-75.56954460089496,sQJ2H5yxNFugQYwRVPDpfw,219,0,220,4,252,False,HFEeXGqvbqEpDCpMJe_akw
476,2013,11,141,Medellin,6.239080596320246,-75.55640852471801,Ch8yuEAZnRROXU9wCoDiVQ,4,0,4,8,4648,True,Ch8yuEAZnRROXU9wCoDiVQ
1205,2013,11,334,Medellin,6.252997280021894,-75.56943457740155,0EL-4leauU-fKzDJiQow9w,561,0,607,8,4649,True,0EL-4leauU-fKzDJiQow9w
723,2019,6,585,Medellin,6.244033831380448,-75.5744343434608,3yCRZ6FFnNjFF9AnTOSdcw,760,2,1201,1,4650,True,3yCRZ6FFnNjFF9AnTOSdcw
279,2017,8,175,Medellin,6.236052792440632,-75.59460751541899,4BJpfEyvz3WLl5XM1QZaMQ,634,0,696,4,5677,False,9WqEQk9w-toslZAVNYFsiA
173,2013,5,289,Medellin,6.233953466291434,-75.5943070770315,9XYI5-dUac1W4orDlqbD3Q,711,0,820,4,1624,False,FffmUW8zSL3GsQhBO7G09w
928,2019,7,318,Medellin,6.247825487890466,-75.5813861786139,PjD5gCkFgL1O4OUhvZOfJQ,728,0,847,15,4653,True,PjD5gCkFgL1O4OUhvZOfJQ
447,2019,7,286,Medellin,6.238840554694667,-75.58544280952671,XD7liUdQI509tm8PkUjWrQ,810,1,1155,2,3955,False,7eH_BngUXJ0Y2kZDp4LsXQ
1186,2015,10,118,Medellin,6.25316462481763,-75.58842496549089,gzBcMSAPrSmeXhjfR7lWJg,462,0,490,12,1992,False,WDDHS30_x2hPJxzpkTlkAg
1148,2018,12,199,Medellin,6.25204436780331,-75.57361357431546,SR-AFFg66Has6E0S75sowQ,529,0,569,4,4656,True,SR-AFFg66Has6E0S75sowQ
168,2013,11,191,Medellin,6.233934743515655,-75.59822468238599,lZ0rGDt1pBoe_LJWA1evRw,619,0,678,5,1120,False,jnZ1Swnx_XrG_fkmBmmj5w
1145,2019,4,395,Medellin,6.251914587422641,-75.57654144852052,IFgJGHFgR-wxxnQIV6L59Q,126,1,1202,1,4658,True,IFgJGHFgR-wxxnQIV6L59Q
809,2015,1,575,Medellin,6.245943531963928,-75.59449730982449,09LnRJLBDiTZDIFItvuhTQ,837,1,1203,3,4659,True,09LnRJLBDiTZDIFItvuhTQ
1242,2013,6,592,Medellin,6.254034598064108,-75.58539310764345,FcNvtQW8MJCcz3Eu1buM9Q,466,1,996,2,2558,False,Zro2CCXZ9UygjPQtoQdlzA
226,2014,1,437,Medellin,6.234857993740671,-75.59436897528202,wd867I889yN2wWqQJuFMbg,600,0,655,7,1060,False,AeUASTuw_ZUMmMT5ecWWlQ
941,2017,6,488,Medellin,6.247976607619282,-75.56851376522725,IDcMVL_b8KWR6GJ_36OP4g,618,2,1038,3,4662,True,IDcMVL_b8KWR6GJ_36OP4g
500,2019,7,181,Medellin,6.239857878489093,-75.585409100203,X8UCYDpgiNEDNRUGCx2gzQ,127,0,127,5,4663,True,X8UCYDpgiNEDNRUGCx2gzQ
538,2016,3,162,Medellin,6.240840268592596,-75.60052026591293,2BuXopvmHV8ov4SyMphu7Q,436,0,460,3,5992,False,81Vw_KW1IEd1yV-hZNxElQ
1051,2017,7,438,Medellin,6.24987699936364,-75.56436402190272,aNEiwpX72h_BbANH79ztRA,191,0,192,15,3147,False,Mb20BGziyq-smEbDgCSXJg
1090,2019,7,247,Medellin,6.250959143161922,-75.57846201991408,tlUytpfBoW6j6EPSPeGTXg,95,0,95,9,110,False,57Z98_O-hnj43oS_55L5Yg
92,2019,6,271,Medellin,6.231927069716074,-75.56990294032005,8Xa0Cvad3AWujc0m9oY4Xw,207,1,331,12,4667,True,8Xa0Cvad3AWujc0m9oY4Xw
731,2013,6,675,Medellin,6.243963449271354,-75.56636596017235,mo9c9zhAB-XkmXxLP2qzmA,229,0,231,10,4668,True,mo9c9zhAB-XkmXxLP2qzmA
229,2015,1,50,Medellin,6.234958596591573,-75.59158174727423,xWZkmZZM_n28j0y06EXlJQ,329,0,336,7,4019,False,aWcH4KS98DZcaByHcOgL7g
392,2014,10,525,Medellin,6.237988187951387,-75.58744566501431,Zby-T5KtTMOTNL4JrTNxkw,292,1,1204,1,4670,True,Zby-T5KtTMOTNL4JrTNxkw
1089,2014,10,611,Medellin,6.250965155986886,-75.57950364282843,l44RlVZTP0YT8D8qdbIwqQ,257,0,260,13,306,False,1CLVPkUIiL5Kkfp_3bJjZg
318,2015,9,317,Medellin,6.236770808062132,-75.60835861217123,F994zOkqr0YM5QoH2PVlGw,678,0,769,2,1449,False,tbi6v6d13r5QS3_VHKbLXw
424,2019,1,529,Medellin,6.238941089219529,-75.60846402642396,RytuCJbjiKUTfDTkJ4t02w,420,0,442,10,5998,False,mCoEYACvuwSyWp-7fDfpuA
348,2019,6,537,Medellin,6.237446777350005,-75.57819659668841,KWD5oggIU3L_IWYq0FpUNg,258,0,262,5,4125,False,iHkgWOep6o3pAFgzGomIXA
1240,2015,9,311,Medellin,6.25422852983858,-75.58748761085027,ST20A57uWWqVfRggRnwKNQ,195,0,196,9,4563,False,cuyEGe8N3SQtWNPuknXSzQ
291,2013,7,388,Medellin,6.236018521952035,-75.58263821439597,n4gRyhHHSLWVTH3cEZI-uQ,245,0,247,12,4187,False,Kxh_lAjJ-q0jxJMXPa_eIg
90,2016,3,292,Medellin,6.232103048331625,-75.57152439205359,E98hULSUQgFALjn5gaCUpA,709,1,919,3,5899,False,2Y1eZ4Ryo9Yss7u_lrLWUw
829,2014,4,281,Medellin,6.245966460439782,-75.57445037003333,U3jnk5RLS9cAzJU4sze8fg,314,0,319,7,5626,False,lp2DFYK86IePMLDskrR5CQ
961,2015,1,262,Medellin,6.249015948126783,-75.6014775955713,alBntO1Y2EcvsvKs5ZsCrg,515,0,553,4,811,False,CMZoCns_VLNYQ_p6tzKEBA
527,2014,1,237,Medellin,6.240179958612066,-75.55833979135723,M3mhta3-Nvgj-qnmARj4XA,683,0,774,9,3052,False,6UuGx_0GDIo2tKWusnO9tQ
192,2017,7,520,Medellin,6.234056252503636,-75.57518258759862,IOxRSv8wG4WxWLPQxJHUEA,441,0,465,15,4681,True,IOxRSv8wG4WxWLPQxJHUEA
1070,2019,3,534,Medellin,6.250733446078479,-75.59838241139877,u_r42eBL0og5rlm9j0sRhg,822,0,1052,5,4682,True,u_r42eBL0og5rlm9j0sRhg
408,2014,10,581,Medellin,6.238039233102477,-75.57162223930867,TVMmowCYojRJGuyfbRkAxw,37,0,37,8,1962,False,LrB-44Rx4E7AmZNPwer-HA
360,2015,9,194,Medellin,6.237665458907285,-75.56656624933319,z1ciDNWh0COB8c25sT6MtA,772,0,935,3,2195,False,khuQ4LlmIojFmRhmYh5yNA
146,2013,10,465,Medellin,6.233029876265834,-75.56859235310196,QFeLOFfxIhf9oDNmocfZww,523,0,561,10,4947,False,XZ62Gzk07TeawTFbQcR5xw
917,2019,4,278,Medellin,6.248036291842832,-75.59244666355573,lalWDOLPe0CBU5jpglekDw,105,0,105,7,1816,False,JAQyL6GU6AwM9gk6mZnZKA
510,2013,10,457,Medellin,6.239879281672635,-75.57549175772365,O6m9XhEe_3RFC0KKCbtnMg,55,0,55,13,3770,False,dUojXRqaMWPoqYdvhksVaw
194,2016,3,362,Medellin,6.233943338253736,-75.57332614510325,0aBeTWZjnozAXe7KvDzShQ,177,0,178,11,628,False,jbuXSv6ucKoRcHx_nG9-HQ
827,2013,7,143,Medellin,6.245898968171669,-75.57641976728348,N_32CWFOIIdFyyxoBI8tQQ,226,0,228,10,4972,False,7CqDv6t0R0tyzOg0GhBMww
1151,2016,3,359,Medellin,6.252103714364813,-75.5708565665561,ZxK3EFAbQg_N-_WVuIhyig,558,0,604,6,4739,False,ehFpsKx9zpxtn-1TsL731w
1059,2015,10,523,Medellin,6.249991908829919,-75.55642098642294,e37UCk7f5PLoogop_jEO4g,489,1,1205,1,4691,True,e37UCk7f5PLoogop_jEO4g
875,2013,6,335,Medellin,6.247024477100851,-75.5816862338349,ierbUHlD_J2K9kxz2H680w,451,0,475,8,2237,False,XxirtS5uA4seteSHMfArmQ
1079,2017,7,399,Medellin,6.250966960886384,-75.589400116817,lDcwsu0bsTY4RmYdsa75Pg,323,3,1206,1,4693,True,lDcwsu0bsTY4RmYdsa75Pg
1006,2019,4,514,Medellin,6.24907718084983,-75.55660423983144,gBKHPb-qHMjaRnEk0STyiA,551,0,597,3,3284,False,h-esaonp_Ax-E5jfYTEctg
788,2013,7,302,Medellin,6.245074376335938,-75.56264825984795,Fm5nqPNKkPxcpdijHqsmog,402,0,423,4,4459,False,JY5OuZvMMDL_8Sm8HgK0aA
695,2013,8,324,Medellin,6.243954510543706,-75.60271744318779,c0optN5iHqQibdgXk57enA,169,0,170,8,185,False,sbTZziG9jX2ceJQu3EVxbQ
456,2014,7,252,Medellin,6.238965032767886,-75.57675810248092,8KxyqxfGl7vXzpNP8g5nWQ,427,0,450,7,968,False,kmg9oYSiC_d9vbYJiuACRQ
1118,2014,9,372,Medellin,6.251852110286222,-75.60348894451072,ccQiimh3womfOyA75zU5Ug,500,0,533,4,764,False,totmhUn6rv7szy35yStERw
64,2017,8,331,Medellin,6.232139753982806,-75.59746418148427,3TrhSK7liOyqF5t3kghV3A,812,0,1028,7,2810,False,_BfJVwrPZl_rVgCdvKBUTg
1197,2013,5,287,Medellin,6.252981912983029,-75.5774580343804,fieDFDa-eAEW_BsDGIYnWw,2,0,2,11,5954,False,it0HTMj-KfACyaiRor9IZA
1257,2013,6,413,Medellin,6.253857761740441,-75.57020561576009,nIvUkuwUgewcplFkO3mxSQ,54,0,54,4,56,False,lYFgNMyNVYxIhfnNduYebQ
81,2019,6,503,Medellin,6.232009366088234,-75.58042098102754,Vy-0NLMHe8KlrNPTJqGXfA,749,0,888,7,3272,False,ZPF1dTIOK3RpqNrkbxmazQ
809,2019,4,398,Medellin,6.245936238498516,-75.59449561339804,2DqBQcUHmWjMSJIw1lRWew,837,0,1137,3,5033,False,TltDC2CUy9DKP3cGpGXYwg
965,2014,2,362,Medellin,6.249001419198867,-75.59768252248402,HOP_Zfodw3v7OujBd5swWQ,376,0,394,6,4854,False,UPbxKKaB8nFWhEhP9-LSDw
766,2014,9,614,Medellin,6.244857037753706,-75.58435977182016,NWOh4p5D5LVfTN5ESbtqYw,202,0,203,12,2542,False,TtgGkjr2vOJdoD8KOjFBWQ
897,2019,7,238,Medellin,6.24733753838472,-75.55943987353797,a45oRi8w5HDXm20bnVMfGw,726,0,844,7,4716,False,JMw2DAPE87TN632m6TH_Yw
1189,2015,9,104,Medellin,6.252633358490825,-75.58543863752571,yS21SCpJYSH8QsdYBNVVeA,379,0,397,9,505,False,WkSsrlBdV2prl9FnUuPfCQ
1066,2013,12,575,Medellin,6.2509723631931,-75.60242225338516,bXQpWK1-jtt5YZ-drpkEog,835,0,1106,4,4339,False,pwMHH2YK5qfZYGiBAxfr5A
146,2016,3,488,Medellin,6.233017849442646,-75.56860565370222,wBahjxeKqTu7WNt1hCa71g,523,0,561,10,4947,False,XZ62Gzk07TeawTFbQcR5xw
140,2018,11,310,Medellin,6.232816728807104,-75.57453662081892,qz7SJhSCsqNTiJ-pVNFA7A,94,1,1099,3,4710,True,qz7SJhSCsqNTiJ-pVNFA7A
1234,2016,3,203,Medellin,6.253742774477555,-75.59356693046622,cHqhdAhRXK3Wn14pyejWFA,248,0,250,2,286,False,WhM_CWp6ZugujM4wrcIXFw
383,2013,5,89,Medellin,6.237876980288029,-75.59642707756855,HGR2q9zA4oAuGYsMR5dE0Q,1,1,578,2,867,False,Ks6TIFtP156HTqJd0IGOfw
472,2015,10,545,Medellin,6.239267203860378,-75.5607118881429,Qh3fJiCIS73GCi9tI5pkwA,108,1,750,3,4713,True,Qh3fJiCIS73GCi9tI5pkwA
91,2013,8,61,Medellin,6.23198145070522,-75.57001912539977,QlBNvUZgswJ6qgHd0LRSmg,207,0,208,12,4976,False,y2HrIikM-v2xdTeiiWd5Rg
14,2013,12,260,Medellin,6.230931499608723,-75.5944926515353,t9o5EHus764sx67mc0FRBQ,836,0,1130,3,3692,False,wB73g4ftqxIXxusYor02bw
897,2017,6,262,Medellin,6.247329164322661,-75.55942002101042,JMw2DAPE87TN632m6TH_Yw,726,0,844,7,4716,True,JMw2DAPE87TN632m6TH_Yw
63,2016,3,507,Medellin,6.232097921355136,-75.5985834197861,ptvDGGcFOvG0EksXY4OYsg,669,0,757,6,4085,False,gpi9JxIZYUaD_buawpLJoA
191,2015,1,440,Medellin,6.23397711448245,-75.57646696260102,jWx4qnlJYSLhtYADhvt1Pw,640,1,1191,3,4525,False,sg1vc9mkLSsV8PeNnRdTJA
1201,2015,9,403,Medellin,6.252910747787479,-75.5732933601977,_SxFocYE7iQeJ6ZO5W0Dhw,750,0,889,5,1939,False,aEbcQtaKdWNfuCwXTqlBig
454,2013,5,389,Medellin,6.238926372780988,-75.57846123154796,LVJzAbJJtU0KkFqBDpHltQ,635,3,1207,1,4720,True,LVJzAbJJtU0KkFqBDpHltQ
775,2017,7,90,Medellin,6.244965234515017,-75.57548308809784,oPoVFkxHn1WoqrHnwwt-PQ,414,0,436,10,3323,False,4i6vR2xj3YGq6lenfCDLeg
496,2018,12,591,Medellin,6.239990261587323,-75.58938060579764,Cb1mggJLg_fYLs9xjf1DdQ,568,0,615,10,4722,True,Cb1mggJLg_fYLs9xjf1DdQ
820,2019,6,539,Medellin,6.245888939045545,-75.58336995934741,UdyvuSnar3piPKbMmOs1CQ,541,0,585,15,1587,False,2qLzxj9CoT4L8tdSqmTNKg
430,2017,7,278,Medellin,6.238830488948072,-75.60245065868148,Nf_UvKUchmSoJ4K2Fu1D1Q,252,0,255,9,5292,False,C9ETc4yboWddLGd7rrlr_w
441,2013,10,248,Medellin,6.239068959717161,-75.59138439120883,PooOdoOg-ZLeXzE_HuMRiw,208,0,209,8,1071,False,SaqFPT1P8q8XoBBRXssHiA
499,2015,9,484,Medellin,6.239912810529568,-75.58645146404035,tqR6jFqOJYZ00kHcr9-tCQ,145,0,145,12,195,False,tWAZ7DjZGAdOFE97PvPNUA
1251,2014,1,324,Medellin,6.253859680382345,-75.57647620796546,z4b2ndy7K-P8HmL89KxFVw,754,0,896,8,5487,False,-9Ci_nz8J2IU2T5sAv12Fw
551,2017,8,159,Medellin,6.241296905185094,-75.58768503064528,6vJ-egUdKjiERSr49fS9Fw,382,0,400,8,513,False,lK9Q2Exd-ZuvFYawNz1QaQ
838,2019,4,329,Medellin,6.245994718681752,-75.56556089563087,S4jkxnC1vov-_LWsI_dDcQ,328,0,335,5,4545,False,sis-4PBZbNQhPgyb31SQeQ
834,2017,6,172,Medellin,6.245960912551556,-75.56923050914298,jSdQf_2Q9LvJr6WmPbpjjA,440,0,464,4,4317,False,aq2YPeOafmYIpzHRfyoleQ
303,2013,12,101,Medellin,6.236015229315597,-75.57037865986783,ScGqpYbymiAJm5kiGclZlA,448,0,472,11,3126,False,5ZKxnW357BLszZb55dAITQ
529,2014,10,403,Medellin,6.240366199674028,-75.5562678897941,J_gxAyENh25atfLaWglLuA,66,0,66,9,2351,False,jb7mMKcT8x3Jzf2V3PNvRg
674,2013,7,353,Medellin,6.242952709043286,-75.57040048928157,sXG0v0SEVITvnQoqQ80osw,349,0,363,9,5648,False,5MqURlS_gzYPkWTSA5xu-A
436,2014,4,135,Medellin,6.238973542610545,-75.59645067087348,Lixk6C3GGWzNIqzy2VBUKA,502,0,535,12,3230,False,DP32MnpOwwPRGWcxBMc_jQ
245,2014,9,341,Medellin,6.234929284125168,-75.57549798556104,qwOydBJ9-xHjNXgGgOZtQQ,422,0,444,14,1521,False,S3bFKY4w908uyzvbJEZSIw
1249,2013,6,606,Medellin,6.253904787382623,-75.5781811704541,kjky055pMbkPZtPAlDssZA,693,0,789,6,2220,False,H3qrfV68wSEABYY5HahcDA
185,2019,6,359,Medellin,6.233914546148845,-75.58271012373451,z3u6Y-phsmReUwKuAwbAXg,729,0,848,13,5427,False,ZYGD_jfAc72_tNK29b7rJA
1088,2015,9,165,Medellin,6.251320303223969,-75.58035301634288,EpSz5pr5SvHFCqR9yYMIIQ,173,0,174,9,5786,False,eVhiKrlnoMv0R9mEg8v31w
1151,2017,6,340,Medellin,6.252109388514468,-75.57083334759047,ehFpsKx9zpxtn-1TsL731w,558,0,604,6,4739,True,ehFpsKx9zpxtn-1TsL731w
623,2016,3,505,Medellin,6.241974909151154,-75.56829176385467,bi1llAWhm1M7eBlUqWFW_g,345,0,356,10,5144,False,mSjzw70EMYlWoq9YJdYuCw
504,2013,5,411,Medellin,6.240127359755811,-75.5814886916118,Ps_LInxtbAe4wfeUPhDcxA,116,0,116,11,1610,False,0D1wsW1QIc5AwaRWzjDsKQ
709,2019,6,77,Medellin,6.244059305665941,-75.58839124074386,JNWW2CqzVaFU33doLwVPHw,192,0,193,5,4742,True,JNWW2CqzVaFU33doLwVPHw
1064,2014,1,549,Medellin,6.250969010779458,-75.60445413254615,QQZdVoDOJk2qj0t5YDMAzw,165,0,166,7,3359,False,uOdLJX9L6-E5331D6lETzw
407,2019,6,282,Medellin,6.238009708470441,-75.57245301056655,em7e_s_oHsARFYL098tHgA,727,1,1208,2,4744,True,em7e_s_oHsARFYL098tHgA
1143,2014,10,340,Medellin,6.252170512059021,-75.57884275083416,fM4DhWzbh_uZ72DFJTtlOg,184,0,185,16,3381,False,Z8JgEgFK7-UeGzY9sHSXKw
303,2013,11,93,Medellin,6.235973308678351,-75.57035845141267,W-QJZc8v_MPJ0q4RMccyLg,448,0,472,11,3126,False,5ZKxnW357BLszZb55dAITQ
791,2013,10,434,Medellin,6.244859980087238,-75.55950679304478,DHyveeTN3zc3G0XUFaNp6g,843,0,1171,2,4213,False,YDCAGp7P5aXrxAjHO-Ht7Q
512,2016,3,91,Medellin,6.24009934879702,-75.5734681204947,hE1Od7Os-J6RzCUtqsL4jQ,28,1,960,3,2370,False,q9yLOwEht7-AVLFk2bc9Yg
667,2013,7,444,Medellin,6.242810078193073,-75.57790595698265,-uWCoFvWOR_-HW1ElO6M3A,547,0,591,14,3124,False,-e1LVq5jQBldqjZNXmoXrw
1212,2015,9,299,Medellin,6.253000308112192,-75.56246316082243,f0UQLFkfvIucWsaS6QB5bA,620,0,679,9,1807,False,FqqagEzZnCTrVN-8l72cew
1052,2019,7,293,Medellin,6.250009622859834,-75.56340889655874,_Ax8xV-qt_QoA7SuDj73uA,584,0,635,6,4147,False,PKtdXdTgEYhmzxWXolI2Qg
573,2019,6,361,Medellin,6.240991224264788,-75.56550102096345,Ya6Li6r41CNiJ4q2QNzNyA,504,0,537,4,4752,True,Ya6Li6r41CNiJ4q2QNzNyA
979,2019,3,353,Medellin,6.24893828980728,-75.5834183755144,uuKD8g3uHPoYuuhqn0ZGjA,536,0,577,6,4753,True,uuKD8g3uHPoYuuhqn0ZGjA
339,2019,6,29,Medellin,6.237005708413039,-75.58744987966244,bZo96wh59pM80BSas67b8Q,682,0,773,8,3949,False,JuR0oS4UpS3q-ScgdHwUWw
1001,2013,8,102,Medellin,6.249055833703941,-75.56148025245285,RUH15LThX55CFEs7K4wNjw,616,0,673,5,1109,False,2NPSALPQooJY5ALrKAvshw
1029,2013,6,270,Medellin,6.249976278029981,-75.58671767108305,haYtrOhbwum2T1aq9uJZ-w,281,0,286,9,5532,False,QwELPeJ-NW0myIqcsZWIcg
831,2019,6,484,Medellin,6.245590315971414,-75.57263539162504,iG1xZEUQX7ekgOgDbFQr2g,312,0,317,7,386,False,yTThx_PtpNZLWe1_OMEbmA
489,2013,6,254,Medellin,6.240153270054626,-75.59629777549351,QxM_i40cxxViTBRdwJ5Svw,623,1,1209,1,4758,True,QxM_i40cxxViTBRdwJ5Svw
814,2019,7,602,Medellin,6.245914883696148,-75.58949702962762,uazdyq8jvdNRlb_gwWP2XA,767,0,925,8,4226,False,zXFINj75cGO4xERFpLS9EA
396,2015,9,77,Medellin,6.237957921265577,-75.58339963433419,Sb8sCBo-gjblmq1ryWCqmA,206,0,207,8,2749,False,YDuIJdh8GT2MsQdIm-KkGg
828,2017,6,179,Medellin,6.245824408252479,-75.57546446866316,x_C9FYEJ-WBvhkiLUTdmug,180,0,181,9,1171,False,d3Gv__y4WE7OHMcBgNN7RA
302,2015,10,517,Medellin,6.235999912341082,-75.57163291156037,BzCqcyDtNXdO8ZQiD961vQ,522,0,560,7,1507,False,nddPl9osqiS08HBlAV6EDg
767,2017,6,328,Medellin,6.244923901544092,-75.58349413301931,ifWNh6x6Vky7LeN588D74w,614,0,671,10,1249,False,dqxnGqgoJWMbjp1U-qdLDQ
31,2013,7,347,Medellin,6.231006498262199,-75.57745378531324,BoUv5l5uBeGok10Bp13mpQ,659,0,741,11,5409,False,Akjy8sq6oXdCvxJfpcGzqQ
71,2015,1,356,Medellin,6.231697250250684,-75.59047013803868,TlURduS1j2415ThkPrFowQ,425,0,448,8,4765,True,TlURduS1j2415ThkPrFowQ
410,2013,5,461,Medellin,6.23790844182065,-75.56949598610686,Aya4prg8IXE14-364t_IMA,588,0,640,4,4766,True,Aya4prg8IXE14-364t_IMA
56,2014,1,259,Medellin,6.231882408747941,-75.60549422473518,7-3yyHiKxsBoVPKGNAvrQg,719,0,832,6,5330,False,tk2afFExb5BvzZTaNc63RA
17,2013,7,54,Medellin,6.23092034258661,-75.59145545863763,EYtaauHjKAgMOqyTKzFkGA,367,0,384,10,4872,False,uOWoxgKQ3G9NDNqk4UsAgA
693,2017,7,700,Medellin,6.244086800154899,-75.60467359365754,iRhEmPQ_e_ZBgtqHF3RqvQ,813,0,1036,3,2799,False,oKgW7BNMLdFY9fmdSDq5og
1023,2013,10,529,Medellin,6.249724469715106,-75.59249157984242,IBJp-qJRA0jyTqOqCmqnhQ,565,0,612,11,4770,True,IBJp-qJRA0jyTqOqCmqnhQ
286,2014,10,522,Medellin,6.23591764504518,-75.58738628422091,pNE1wVun2rmQPkTVNoTvLQ,348,1,1150,3,5386,False,9_uuNfRg5Knf0BX82KJJhA
998,2017,6,376,Medellin,6.24908422224254,-75.56445955552904,HH8tWmgvJ06Oiy38zeJ6eA,324,0,329,9,4833,False,5ZW5AjkJBMJEyHZO8Ahbcw
385,2013,10,334,Medellin,6.23793715043276,-75.59442050677613,sJ3u-tYU1g6gIK6urVFB0g,566,0,613,7,4773,True,sJ3u-tYU1g6gIK6urVFB0g
201,2015,10,419,Medellin,6.233385557851376,-75.56704756803497,k8lG0v23h9-1Sl2wna-xhA,235,0,237,11,2340,False,AeLlLnsoIhRWhIp79I-LKg
658,2012,9,624,Medellin,6.242870138983499,-75.58639328107286,BRotsCB5Gy6rkgqymJlDpQ,277,0,282,11,4092,False,shhTk92DoDP-tAvEIA6E4g
715,2015,9,578,Medellin,6.244029667155705,-75.58240960578449,qjW8iM4PZUguKYUdfxifSg,544,0,588,4,893,False,fVeoICQSAdHRafeyWOxH1Q
229,2013,8,235,Medellin,6.234950006516515,-75.59155178157668,0H7e44gonxc8CrFxLhTGXw,329,1,880,7,1897,False,vDOOIsqpN-HgDLCNV8M0Ug
42,2013,10,362,Medellin,6.230726733800413,-75.56598279382646,t-ySUrtA_b6h-pRgQYEwZQ,517,0,555,14,3244,False,dHUqbRWzf-M9bddwhw51Rw
913,2013,11,113,Medellin,6.247958019451703,-75.59640600259648,bEBi0GYFZe6bMaVu5yvp0A,595,0,647,2,1046,False,2NNbwCTjtukrcb9HoAN0KQ
17,2019,6,56,Medellin,6.23097655579283,-75.5914596034426,BbWW9Q_8T8Q7Snj1vSkQig,367,0,384,10,4872,False,uOWoxgKQ3G9NDNqk4UsAgA
971,2017,7,333,Medellin,6.248812816848192,-75.59143709653164,jfFsxw4-Hg6L_G1p5kfApQ,22,0,22,6,337,False,b-P5i6Im3XgQSKZOYofKjw
637,2014,3,504,Medellin,6.243000701171764,-75.60760431916253,9WZ86imA_M2cTnkI8vp6Kg,798,1,1111,5,4640,False,E5UuL0AJYT27Nv9xajPIdA
1173,2016,3,533,Medellin,6.252727797497172,-75.60122147555602,2Hc7uBx-TNyLjfsDT-Vfdw,53,0,53,14,1547,False,JUqeTCNe-lIt5iMydUxKkA
275,2013,6,388,Medellin,6.236110167974157,-75.5984036132883,24FjUcMQzwJ8osacs_XBUA,844,1,1210,2,4784,True,24FjUcMQzwJ8osacs_XBUA
802,2014,2,497,Medellin,6.24599155040478,-75.60114305820167,0zoSU4gxlmB6NALloHvg7w,676,1,796,6,2608,False,HaJv_Ce0BGJDV421VstTww
964,2017,7,366,Medellin,6.249071843529079,-75.59844283806761,0ulpAAQEuoUfi6bxUo9jJA,816,1,1062,2,3048,False,Vl2X_VtkRi6Gwe0Hn2FUHw
137,2013,10,336,Medellin,6.232962133603613,-75.57757961326651,OKSvZg8XbVasqORDoc5zZg,740,0,870,13,5598,False,E-3fEJ9QxJW_q-jBt4HY2Q
297,2015,1,167,Medellin,6.236003860103999,-75.57648790099452,6N7t-9FjeComknEZuGiscQ,821,0,1050,4,4788,True,6N7t-9FjeComknEZuGiscQ
323,2016,3,389,Medellin,6.236869201186109,-75.60363446453927,DS4er9Ygp1vSIg_zytKUNw,128,0,128,4,4934,False,wSdcLKlMjIBYHCmgh4iWag
542,2013,11,407,Medellin,6.241055433480602,-75.59642007725576,zoBar2YgGB7OIkfPBbHUoA,608,0,665,8,1081,False,MVPu3mDcYNcxDSIWfyfq2w
763,2013,5,399,Medellin,6.245117417423984,-75.58737757290541,nr4a77xi17YilSqlh_UqjA,284,2,1211,2,4791,True,nr4a77xi17YilSqlh_UqjA
542,2019,4,381,Medellin,6.241033618752211,-75.59644890168718,JVbz_lciPgIOKSM9u_lUnQ,608,0,665,8,1081,False,MVPu3mDcYNcxDSIWfyfq2w
1052,2017,7,292,Medellin,6.249970661089044,-75.56341284786976,cysaQpxy9CL-aZs2FaNDQQ,584,0,635,6,4147,False,PKtdXdTgEYhmzxWXolI2Qg
874,2017,6,627,Medellin,6.246902779938813,-75.58236587687149,y-m-yP0Zt9EPtEwWfzddow,265,0,269,15,967,False,oPuVUtuDiT7gajx6H2u2ug
298,2017,6,493,Medellin,6.235965520919,-75.5754527245445,3814BEiIbcvQNeROhKP3vA,315,0,320,11,2224,False,uZ_1-hjnyERXj-2h3vDhGw
977,2014,12,416,Medellin,6.248939075112378,-75.58550830270057,P2O2-07G3MIbL_FPlyJNcg,351,0,365,9,464,False,3l4oelDyj6MLGVg5jRyFAA
825,2013,10,401,Medellin,6.245834680572211,-75.57891930848979,cRZc3u67OG-wLgKgyQfrUw,783,0,954,5,2323,False,AEWN1NbZ0QzXHlWi-LJWtw
947,2016,3,346,Medellin,6.24776330545659,-75.56364820247914,9BzVMQ6-hmI3N6T6pYOYtA,662,0,744,8,3557,False,eb0owjpcXStGa480ZFsZ6Q
1243,2016,3,424,Medellin,6.253972418038769,-75.5843159539195,pOuLMtmHO_ON16-jnTzIYA,76,0,76,8,1900,False,kVT0lw3DwCKPWK5mY0t1Mg
1023,2013,8,521,Medellin,6.249747792038573,-75.59250752405904,-8rFqhL6t3sLjUgaqgmctQ,565,0,612,11,4770,False,IBJp-qJRA0jyTqOqCmqnhQ
1237,2013,11,107,Medellin,6.253790696990802,-75.59152615248217,GDc3FSAI5TI73oxUJbZgRw,409,0,431,12,5748,False,Unaaardpp182O5rQXCgdRg
1065,2019,6,531,Medellin,6.250740940465147,-75.60347399724031,1z4iztsbCiNIdIEhov5cIQ,107,0,107,15,3881,False,WgppQ6H_BgO9kk4Oji70GA
445,2013,5,105,Medellin,6.238999759362461,-75.58750497040272,KH-4IblZ-oXLcYWZVNvxYA,617,1,1212,2,4803,True,KH-4IblZ-oXLcYWZVNvxYA
86,2014,4,375,Medellin,6.231911266599283,-75.57516828819223,bbr9P-pkMI5mf6LkoAfn3A,11,0,11,14,4420,False,bL45m9e1tyLBzdIXVmnYhg
848,2014,3,194,Medellin,6.247088047366167,-75.60872179424904,knvOQi5rMNDO1RKkGNjF7Q,841,2,1213,1,4805,True,knvOQi5rMNDO1RKkGNjF7Q
612,2015,1,329,Medellin,6.2419355271965,-75.57950343245719,EcOmcLJDx59v5XiblaZr5A,667,0,753,5,1387,False,fFhxiiV9eZ7T1eDmO8zxOg
388,2019,6,439,Medellin,6.237901445648861,-75.59138543699676,2TIfoBDaYzjmEoPhntbNCA,689,0,783,7,1502,False,yPSL-5sJef0o9OJUoENsbA
1199,2016,3,589,Medellin,6.252986069428439,-75.57547826941796,b0-zN0JSbt-pG08PQOvTVw,628,1,922,4,4808,True,b0-zN0JSbt-pG08PQOvTVw
722,2015,9,476,Medellin,6.244051896370225,-75.57551645020527,FxC96Gd4BhT0q_UZvQm6ng,224,0,226,8,1849,False,tJ1-IWMcJzQWXYxweHh3SQ
149,2014,1,149,Medellin,6.233134873236423,-75.56456704242433,Vco4orRF2wbDapW6vOUBaQ,84,1,982,2,2493,False,sUfyCjhU52vy7GJCAkRNGA
1068,2019,4,378,Medellin,6.250900215375752,-75.60046373742757,hKl3WRgV-LNfMlnp9UsRNA,453,1,1214,3,5036,False,LcCAlFoGj4k4K6R3fyOShw
80,2017,8,628,Medellin,6.232010883954826,-75.58141521923169,uvhd_6YsQG_X_Un4uoDZFg,553,0,599,12,1487,False,VBy-DdDUL1NTk1i4GABF2w
806,2013,8,503,Medellin,6.246094835723564,-75.59740057185029,tf8dcwFShQMz1np21ZU_XQ,431,0,455,9,4813,True,tf8dcwFShQMz1np21ZU_XQ
418,2013,5,436,Medellin,6.237932039001575,-75.56151127024998,d3mG8OOwuALplU_QXlKUKg,818,0,1044,5,5733,False,GaKFl3Djqi0wVDStnxk98g
713,2015,9,125,Medellin,6.24416501218991,-75.58432698457509,icjx8hpjxJcJ451EJn1s5Q,205,0,206,4,3793,False,uBtMxz8E-JmaPWZUwIl28w
70,2019,1,451,Medellin,6.231958889467306,-75.59145687054533,Bp4SlTNIBBdHVYnPojL78w,179,1,351,9,3058,False,PtD2blanRCvDAH2e_yQUYw
767,2013,10,318,Medellin,6.244984728956005,-75.58351865854942,KcrOcfdwermdXjB4DAdLHA,614,0,671,10,1249,False,dqxnGqgoJWMbjp1U-qdLDQ
1132,2015,1,174,Medellin,6.252117670483713,-75.58951858828111,UDZmyX_Egtwz_C2BXpOh_g,471,2,1215,1,4818,True,UDZmyX_Egtwz_C2BXpOh_g
1016,2019,7,369,Medellin,6.249884156407275,-75.5995512373537,Aqf6xUp6MfmKj1nx5qYwOg,304,0,309,11,3884,False,eTDQEF27sqFUnVpZPCGdnA
1155,2013,6,316,Medellin,6.251964174941294,-75.56743680853245,viW7nBbNVNLvLdk1lg2Q5w,385,0,403,8,5315,False,1kna2jCCY_ICLabjVCqXFg
449,2019,7,333,Medellin,6.238905307761015,-75.58350010317022,Ss_Emd87RyRrQsWnYsBMag,842,2,1216,1,4821,True,Ss_Emd87RyRrQsWnYsBMag
975,2014,3,475,Medellin,6.248917259311312,-75.58747079810769,9078DrUZ-nWhTsSa7ohxqQ,214,0,215,9,4478,False,oIu5ox35HQlXn-y9ztuLCA
442,2017,8,132,Medellin,6.239046034395269,-75.5904990302716,Ek0a1ME0zgY8LewS2NjS3Q,78,2,728,4,1292,False,_wkdaX4y_7xDpsB_TyRq0w
938,2019,6,487,Medellin,6.248018209731924,-75.57148948734113,7IRzmowgyAgwZkNn6CrUiA,829,1,1159,3,4824,True,7IRzmowgyAgwZkNn6CrUiA
1167,2017,7,218,Medellin,6.253130422559043,-75.60734760736682,vJP36RDihelx6yPbP4Qhlg,743,0,873,3,2624,False,_zOcxXo8r2zbeywSGxhhZQ
877,2016,3,290,Medellin,6.24695685531317,-75.57944674571483,fjc2jT6otBzfIJ7rwplfPg,603,0,659,8,1070,False,tIvt0fZi5DGR6m4T0Wy10g
934,2017,6,533,Medellin,6.247961333190583,-75.5753343552909,mgX83kFP3LxfMdBNANlCog,579,0,627,6,4951,False,OhYV-ZfI6IHYDi5eGQM6sg
1209,2015,1,547,Medellin,6.252691396086717,-75.56566761333657,r3Q9tR8c5vnK2Pf2ZgV0pw,283,1,1166,5,5756,False,8MUi9tTr0it01YDnvwEDBg
808,2013,9,452,Medellin,6.246185788260901,-75.5955770121109,9Sj8LisbaCeAHWYO4JRWoA,755,0,897,8,5140,False,56r5qn5lITzqKeThRbd62w
210,2013,11,195,Medellin,6.233842397738408,-75.55734145191336,v-yfTP7ncEmWr_nE2rP-WQ,204,0,205,9,4830,True,v-yfTP7ncEmWr_nE2rP-WQ
150,2017,7,288,Medellin,6.232933236173258,-75.5644917781988,TRvWjw_XSOlStmPWjhTDrg,300,0,305,2,371,False,LAgUeyk9bagUQ_Ga35Brog
600,2014,8,294,Medellin,6.241966186691196,-75.59245129201966,cQP_EDmXM0niomlKufK16g,228,0,230,10,4645,False,eFY7r9B_m0CurJ6nBEJXeA
998,2019,6,387,Medellin,6.249072071682463,-75.56445504405886,5ZW5AjkJBMJEyHZO8Ahbcw,324,0,329,9,4833,True,5ZW5AjkJBMJEyHZO8Ahbcw
386,2013,5,428,Medellin,6.237794624589998,-75.59343797307068,eVGePtOKZxAWdTAPIwBcQQ,736,0,859,3,2580,False,25zwpxslqv75wK59CwQf7g
768,2015,1,134,Medellin,6.244835078089193,-75.58255479230282,dTDgLbXSARR6a7VEiHKIeg,240,0,242,4,3050,False,IKzJ7wVGAG0LYUjD6ZkfCw
802,2013,6,325,Medellin,6.245974506799905,-75.60112917161403,Idy-AGODDc_jKrW3hpJGXQ,676,0,766,4,4836,True,Idy-AGODDc_jKrW3hpJGXQ
1215,2017,6,647,Medellin,6.25306588032863,-75.55957595388263,08nkZ6ri596t0tKRK_uCMA,805,0,999,6,4837,True,08nkZ6ri596t0tKRK_uCMA
546,2013,6,397,Medellin,6.241064968867125,-75.59239420404724,MEs3ROzj2wnRsDgc0IrAPA,559,0,605,4,2492,False,OEtU4_4HIs4mde6x-Wz8KQ
1089,2017,6,609,Medellin,6.250937237564017,-75.57951728225866,U-yYLKyVUopMi046SE3gDw,257,0,260,13,306,False,1CLVPkUIiL5Kkfp_3bJjZg
976,2015,10,170,Medellin,6.248942075431334,-75.58643983397604,B8Ep0aPe05bWLQ5ymUbR1A,49,0,49,9,2259,False,NDZySTYvV1ZIZ51KKxbEaQ
542,2017,7,396,Medellin,6.24101824492983,-75.59642795489636,kauR2sMT-Fe2bFdl1ChWrA,608,0,665,8,1081,False,MVPu3mDcYNcxDSIWfyfq2w
1020,2015,9,216,Medellin,6.24998965031031,-75.59549136582837,sgIcYYUJdW5eUF-6Gq2SGA,621,0,680,11,1276,False,bDGRogy1-bpfVvh2mV8pIg
766,2013,6,613,Medellin,6.244902348887017,-75.58435825558547,J8GroSxAdINhXaAKHyFSKQ,202,0,203,12,2542,False,TtgGkjr2vOJdoD8KOjFBWQ
145,2019,6,193,Medellin,6.232950818481005,-75.56996767452301,t7FkyFqQPZAl75qyER85lQ,183,0,184,25,1616,False,oFs5LoL1vDLaMHFkDtwqbg
93,2013,7,108,Medellin,6.231961031588347,-75.56859899353132,6Z7eJxBULSYL5h4SNaTeYw,434,0,458,8,2374,False,oMPaKsRpUbV19WMTdgZbfQ
459,2013,5,575,Medellin,6.239083886294885,-75.57363421669608,H804VclfAViYpIDUSDJA_Q,250,0,253,7,291,False,HiId4qPDLormsw877-3dWg
79,2014,4,532,Medellin,6.231985762929416,-75.58243088781092,MyPUoiihnMKnrzBylkX70g,106,0,106,12,1296,False,rHZi8eBHEPhNWD5GHUgwuw
1057,2013,6,338,Medellin,6.249976167065473,-75.55840085510724,UMQp5EEtrs_ccmXOJYWoHA,791,0,970,5,4848,True,UMQp5EEtrs_ccmXOJYWoHA
1188,2013,6,347,Medellin,6.252872033948211,-75.58645812704678,_uybIxuj5ZY7Ag8bO_2aIw,442,0,466,8,6006,False,4_MFIQtKqnFlLSyYjJsHZA
1040,2015,9,355,Medellin,6.249944515593544,-75.57524882663232,U24yYAfuvYzKj2MqKayaxA,236,0,238,15,5221,False,kqL5triMYOxn1GZlLkeH3w
19,2014,8,434,Medellin,6.231390523610766,-75.58964842274204,RSjWpIG1fmRvxkY7gY0uHQ,404,0,425,9,620,False,Yq9X-5vc6uqiRBlCqD7gPQ
446,2017,7,577,Medellin,6.238797146783235,-75.58646227069966,9OHoBsg4qap2pXVuEh2vNQ,86,1,1061,2,3047,False,2JXCEsFQ1rtEvGTzOtTY0g
621,2016,3,354,Medellin,6.242140492672611,-75.57076671738548,vIe0XrXGD7sgf9qZMw_Dfg,510,0,545,4,4853,True,vIe0XrXGD7sgf9qZMw_Dfg
965,2018,12,380,Medellin,6.248988623265058,-75.59768817749062,UPbxKKaB8nFWhEhP9-LSDw,376,0,394,6,4854,True,UPbxKKaB8nFWhEhP9-LSDw
806,2019,3,522,Medellin,6.246077221878453,-75.59739543652422,R_mqzGerXt5sJTImRw_Uag,431,0,455,9,4813,False,tf8dcwFShQMz1np21ZU_XQ
1043,2015,10,410,Medellin,6.250123942564996,-75.57273812846458,6EweMRwXz7n0wyh8OCFgZw,216,0,217,6,1506,False,7xyRPpzWEYnd10YSgBOVug
1117,2013,6,141,Medellin,6.252129095509527,-75.60444523927092,UGTJ0xXpydV4HN8n6hGWmw,598,1,1002,6,5258,False,_9Aw6hHPg9nZoiqnQvVyrQ
338,2019,6,437,Medellin,6.237016283439663,-75.58841324773086,p6n216FX42n3Y0yKq_rUXQ,113,2,1217,1,4858,True,p6n216FX42n3Y0yKq_rUXQ
595,2019,6,410,Medellin,6.242001414382902,-75.59639204996623,QA8uz8xVd7Q89pvvwDobTQ,57,1,371,5,5196,False,fj-kgSLbEthkR6fOydvsdA
616,2019,6,636,Medellin,6.2419447033018,-75.57544522353712,rj0CK_-UlpXx5Jqry71D-Q,717,0,828,8,4461,False,zEKpqxR-8sYFWW8-eplopA
949,2014,4,405,Medellin,6.247618075232471,-75.56065852736232,bhr8r8A4htC1kj9YXbdXEg,445,0,469,2,640,False,8xSKxPnR_wFgT9j7geqfyg
611,2013,5,633,Medellin,6.241878461340236,-75.58043884361184,AEs4yJ0dHvF8oWUD0IlHsQ,337,0,345,5,774,False,nxv9-uX_IWSWjxDIwB1nHQ
949,2015,10,423,Medellin,6.247614778279173,-75.56060796579659,tYrn22UVJ9CTGEi3YtYKlA,445,1,579,4,4863,True,tYrn22UVJ9CTGEi3YtYKlA
1250,2019,3,548,Medellin,6.254066619951016,-75.57773534656452,4ZiUnsf4NH19-neTQEZ-gw,545,0,589,14,1040,False,-iMvOeIAoosR2E1Ru8OXkQ
458,2014,1,321,Medellin,6.238911358611904,-75.57442852960335,D9YPKnMzpxcI_rmi6kbbNw,72,0,72,14,1951,False,8plNTArMK0gy6Seef-0Log
1250,2014,7,548,Medellin,6.254051941244957,-75.57771090401434,5PMleJSy_Yvd8RALnyN7Xw,545,0,589,14,1040,False,-iMvOeIAoosR2E1Ru8OXkQ
73,2013,8,450,Medellin,6.231798154974256,-75.58843884989189,hdmQoGL_-vGNP2qerpDhdA,556,0,602,10,4513,False,QBD4sKLNyQZact90HdeRAA
1195,2013,6,429,Medellin,6.253091426904159,-75.57945099572089,_nsM-PKNmP3mgk3ZbdM4uA,415,3,1218,1,4868,True,_nsM-PKNmP3mgk3ZbdM4uA
38,2017,7,249,Medellin,6.231053742930182,-75.57062884708029,SaZwT4QmkDU7omTtWBd-mg,459,1,1187,3,4941,False,pa8Z39gRqZK_A3NJh_2qQA
1105,2015,10,286,Medellin,6.251058102387666,-75.5635707740659,xmar5auwh_lPl92Whd-89g,528,0,568,11,1836,False,hqT88xe-v--_Te1ebSwm4Q
197,2019,6,333,Medellin,6.234130638517644,-75.57046879934909,eNWkRI-154DjbVAHq_Gr2w,467,0,496,4,4365,False,ekEt-q6BAv0E2l9hcSGBkg
17,2014,4,51,Medellin,6.230960665961089,-75.59146355728043,uOWoxgKQ3G9NDNqk4UsAgA,367,0,384,10,4872,True,uOWoxgKQ3G9NDNqk4UsAgA
502,2015,10,499,Medellin,6.240038134754858,-75.58341955431787,kEhXSRj1aAeRtRlEE8nvww,47,0,47,9,3787,False,g6Used0Db70nN6rUytwlrA
558,2019,6,428,Medellin,6.240751578979087,-75.58043433377864,9zD8eBfZxhOAD8SiAyBxww,830,0,1089,2,3356,False,l5W0lOR6jg1O_UipgOuyxQ
497,2013,5,340,Medellin,6.239859209353287,-75.58838773534046,utk0629_SCdjrDv6AHPIAg,172,0,173,7,3572,False,Oi1IHbpjAUhbE-kNPSAooQ
245,2015,9,337,Medellin,6.234910292217624,-75.57547144315022,Q0g67S4hmThkPYm7B53PKQ,422,0,444,14,1521,False,S3bFKY4w908uyzvbJEZSIw
1082,2018,11,510,Medellin,6.251030718839143,-75.5866501382343,ORw_1ne24tyqyP_vF3Wdqg,147,0,147,10,153,False,uUMCnf0NjT-IPEgOGWGJuA
327,2013,10,251,Medellin,6.236885855172057,-75.59953974735043,j056ybIcuGzSH5RzgD50Tg,125,0,125,2,131,False,ws4MzWv8z_B6pPL7_RzUsw
349,2019,1,410,Medellin,6.236997609749348,-75.5773685005803,lc-K1zv-QUqlaTe0InaBNQ,769,0,929,5,4879,True,lc-K1zv-QUqlaTe0InaBNQ
301,2019,6,295,Medellin,6.235989441803838,-75.57247109248972,jCh9tMnvf_C3i2neeiaBKg,660,0,742,3,4880,True,jCh9tMnvf_C3i2neeiaBKg
296,2019,1,591,Medellin,6.236187554511997,-75.57734780933686,G2oskNxPI2NNpL9N_XZSpA,808,0,1010,5,4881,True,G2oskNxPI2NNpL9N_XZSpA
874,2013,5,635,Medellin,6.246900341109791,-75.58236504302504,wx3mxZ5T4s_uYK7zUBI1eQ,265,0,269,15,967,False,oPuVUtuDiT7gajx6H2u2ug
561,2014,5,228,Medellin,6.241045167557823,-75.57733991866978,jZ5gBWrkXzT7vX07nWv50w,344,0,355,12,3341,False,RjuQnA2ckip1zGFneGoLyw
512,2013,5,281,Medellin,6.240099589100622,-75.57352023534717,IVKiX3iNmBid4x7le4aakw,28,0,28,3,28,False,PiVvfRcWiNn7VA8iZ5IeZw
1186,2019,6,93,Medellin,6.253155669995785,-75.58844261737359,bsq6FIseKrzS1i5EyDZsYw,462,0,490,12,1992,False,WDDHS30_x2hPJxzpkTlkAg
1089,2019,4,604,Medellin,6.250938288866012,-75.57948099422661,5FPasym_WmXKwoA2Nu8ZKw,257,0,260,13,306,False,1CLVPkUIiL5Kkfp_3bJjZg
507,2014,7,305,Medellin,6.239960546941101,-75.57845290117461,mqRfQp7O71PruN01zwPtjw,23,0,23,11,23,False,O9QhOfErjZheGlAlLMZdYQ
352,2017,7,418,Medellin,6.236926060550143,-75.57441404286688,Qn-xb_KG-Bv-vHkPjPMi6w,322,0,327,7,5365,False,19JOPtc5FMc0kuEJ1_ZXwQ
143,2016,3,490,Medellin,6.232861719514402,-75.57115781956335,gX75_DDnpiFReIUV1CozJQ,599,0,653,4,1057,False,nu8gAXEm5inwEDUtyDZ4hQ
103,2014,8,197,Medellin,6.232229896437601,-75.55853864809777,KvYhh0Jvm23GMskemMmnkg,30,0,30,10,1262,False,O_-T9_O6Ei1pABun9_guDA
250,2013,10,50,Medellin,6.235005048058484,-75.57028593136195,pejRX9WSgHBpOUl16a3tEQ,306,0,311,9,2659,False,ED_JUTbGxmW0s41ufzayZw
384,2015,1,371,Medellin,6.237906568599133,-75.59551122205869,gK7BXx58AhO9skqeYzwOrQ,845,0,1219,1,4892,True,gK7BXx58AhO9skqeYzwOrQ
306,2013,7,303,Medellin,6.235679033871937,-75.56830568928758,Z0-_XrPiigik7bdjF6wS9w,271,0,276,14,4893,True,Z0-_XrPiigik7bdjF6wS9w
229,2015,9,34,Medellin,6.23497015897859,-75.59157958154975,BQi53ig5wUN6pz0XMXUgVQ,329,0,336,7,4019,False,aWcH4KS98DZcaByHcOgL7g
557,2015,1,335,Medellin,6.240972448459882,-75.58164378179367,1rvwyx5A0OQ3twRbFWUJjw,694,1,1220,4,5176,False,SShtO7rorZP-ZAAvEbtKwQ
557,2013,5,355,Medellin,6.240960168814676,-75.58164195848813,6StosVYBWAqWNXFnfCGTpg,694,1,1220,4,5176,False,SShtO7rorZP-ZAAvEbtKwQ
785,2013,5,215,Medellin,6.24508217143424,-75.56534602845912,b1Hls3yvWxi5uMgZoQtqeg,114,1,699,4,5634,False,CAID5i2n_YKsdkY_QO6UoQ
809,2016,3,585,Medellin,6.245946046171852,-75.59452094311706,eDQx2iILfME6pOyEYaF_jA,837,1,1203,3,4659,False,09LnRJLBDiTZDIFItvuhTQ
36,2014,7,161,Medellin,6.231102798750957,-75.5725072662141,2X1vghFPWbClCAUDu3EwoA,739,0,869,8,2229,False,Nz3rogHBKs1TkhI2PbGWkQ
944,2014,7,355,Medellin,6.248018738942647,-75.56552318733235,KL2_VOpxpNd6UAwvjZkdrQ,530,0,571,9,1723,False,ScL9B14enqLsQvxbzTXPFQ
42,2014,5,361,Medellin,6.230738397717516,-75.5659782904067,TMMP59Ov9roCWNcIlkxBGw,517,0,555,14,3244,False,dHUqbRWzf-M9bddwhw51Rw
515,2013,10,364,Medellin,6.240278726949661,-75.57045041946535,4lXkH4jfXWOUOXFNzdj9PA,340,2,942,2,2234,False,xKPqmhQ2jqlVY7_6ylU0dA
291,2019,7,375,Medellin,6.236019385023656,-75.58263993142127,FNEX3OLLWMmwfPZp5QbqeA,245,0,247,12,4187,False,Kxh_lAjJ-q0jxJMXPa_eIg
447,2019,6,93,Medellin,6.23880770114613,-75.5854290342952,Tt4RGJXyFoA7yjbay7JVKQ,810,0,1017,2,2685,False,GJFGH3hvgDV49nixvppKhQ
190,2013,8,431,Medellin,6.233904717715704,-75.57747400580045,pboc09fRvWHQpqGhMja1NA,51,0,51,13,2328,False,Jj3PuS5Kn97wei73d9G-2w
93,2016,3,96,Medellin,6.231966312631239,-75.56858344939421,i3_kOwRcybOnCjia8sFtSg,434,0,458,8,2374,False,oMPaKsRpUbV19WMTdgZbfQ
96,2017,6,447,Medellin,6.231781735865794,-75.56590366758758,ktw_-26hZki26CmhR1C1zA,377,0,395,14,2443,False,jdpHJPRJ2lyR0zz1KlWmeQ
706,2015,9,597,Medellin,6.243899245815544,-75.59135736071948,UuQr_BAEp7OPEUXe0ayS8g,753,0,894,5,3973,False,RjHcP8pu9KOZjvDG7fh4hw
961,2013,9,452,Medellin,6.249049267539584,-75.60145265662278,S3NeKlMCwUbNZxYQ60UenA,515,1,819,5,4979,False,_2btR7OmmYyTPwM10N-BpA
487,2013,6,77,Medellin,6.239878342747102,-75.59836429635057,DjxKIB_hcfylqNhXmcY8OQ,574,0,622,7,4910,True,DjxKIB_hcfylqNhXmcY8OQ
298,2014,1,495,Medellin,6.235948183763565,-75.5754881698983,2e9r6ig-5FijbXQTWZ5mgQ,315,0,320,11,2224,False,uZ_1-hjnyERXj-2h3vDhGw
400,2019,6,277,Medellin,6.238018658571974,-75.57913025719132,bNRaxxNMiVQaMEbfRAIc9Q,532,2,1221,1,4912,True,bNRaxxNMiVQaMEbfRAIc9Q
719,2015,9,287,Medellin,6.243993799801464,-75.57831150714253,Ur7ZEAqTd2frPfgaqYuOGg,718,0,831,11,1673,False,lPh7RKd7qSHDO01kp2mnSA
562,2014,1,268,Medellin,6.240455461395674,-75.57661668342875,AnRP1FSDF6VzK32v4J684g,492,0,525,8,5101,False,9wNpStFDNlvGzWYVGf-k8A
931,2014,8,310,Medellin,6.247814738209364,-75.57942068884164,A_wm9YTckFf6-mCmva9waQ,121,0,121,17,2711,False,iuuOp4Qjdr-KC2e7QSgVJw
1010,2013,6,245,Medellin,6.249940583505566,-75.60545077947802,ed-Qead4ayu5iAaLDQQ7hg,609,0,666,5,1083,False,0pFm1JY1qRf84HuiIhQFkA
554,2018,6,499,Medellin,6.240901857905169,-75.584471819682,g0SdJCXQlaOJgqqVGNo_lg,521,0,559,5,5628,False,aPvXpfC-WeYA0BSeNBglew
993,2017,6,258,Medellin,6.249128224838397,-75.56936867868257,AZFTM_ziHI9Pn52HOlp5KA,567,0,614,6,1626,False,vRfZXUdR_k52Rxak5UgzAg
1200,2018,11,460,Medellin,6.252938549017096,-75.5744570874439,vRfnREPB237wXn28dK6-ww,387,0,405,4,521,False,pTH4M97PixImvCO_7fr4DA
140,2014,5,427,Medellin,6.232826328227332,-75.57452569411493,4lvopT1_V2hBN2xxfZ7oAg,94,0,94,10,5674,False,SZCJD8OC53C_bcI_fWvs_w
146,2013,8,479,Medellin,6.233035637109507,-75.56861041951849,z6lkG4PC-uTTUYb2fHS9Hg,523,0,561,10,4947,False,XZ62Gzk07TeawTFbQcR5xw
981,2014,2,352,Medellin,6.248916675261987,-75.58159568705194,738WjzJR8z4Uq4ILYLJw4Q,149,0,149,7,157,False,ed_zvQa_W5hUOQ6lUCpj8Q
453,2015,1,196,Medellin,6.23899075125192,-75.57958359974084,cjUmk65EoyjNp8S1upWX3A,786,0,958,6,2354,False,Bg6ep_NAKehz8ER9_FAxjw
631,2019,6,576,Medellin,6.241955864675348,-75.56050902436124,mz3-Md5srmmTJp4AfPKMpw,244,0,246,7,5013,False,VmoCLsE91UW3RA6XjmeLSg
341,2019,1,296,Medellin,6.236904019159724,-75.58542098272544,Y7hTQ0LL8cA9syjZbBKkJQ,670,0,758,4,1405,False,ITw1RrWY0ckZn_6YJVT_pg
61,2014,1,319,Medellin,6.23202600643632,-75.60043317806712,nuv5nMOgoR6ComIK_HuXtw,636,0,703,6,4304,False,1dYHXTLTjNfynGwLa975ow
643,2019,4,565,Medellin,6.243001123812287,-75.60149813593856,c3i6bwraEE1l5XbVMNrIiw,31,0,31,7,4932,False,s55AQs9VyfV4IlxksrVNAw
413,2019,6,408,Medellin,6.237992898576672,-75.56644254103296,HX1CuVu9kZ6n1zCYVwaJ6Q,407,1,914,2,2084,False,NxLXBh-uttikeeETK0Qc8w
31,2017,6,349,Medellin,6.231008612786149,-75.57745369581731,DkKS9MguaGcKZtOnSGHrww,659,0,741,11,5409,False,Akjy8sq6oXdCvxJfpcGzqQ
1260,2018,12,632,Medellin,6.253887760374533,-75.56741193932453,2YHbr7k1aPcG2Z0UxpmW5Q,239,0,241,5,4930,True,2YHbr7k1aPcG2Z0UxpmW5Q
298,2017,7,510,Medellin,6.235954101832455,-75.57545257312513,Ils586GuCO5s_g1xBdPSMQ,315,0,320,11,2224,False,uZ_1-hjnyERXj-2h3vDhGw
643,2013,6,551,Medellin,6.243003783807827,-75.60149520408171,s55AQs9VyfV4IlxksrVNAw,31,0,31,7,4932,True,s55AQs9VyfV4IlxksrVNAw
983,2013,7,166,Medellin,6.248948282019802,-75.57950665831137,kVRhumkR-IaCZBxyNRiPKQ,365,0,382,13,5908,False,oKyszgZ6vEnRzCmd_2By9Q
323,2017,7,384,Medellin,6.236886898831587,-75.60364636522078,wSdcLKlMjIBYHCmgh4iWag,128,0,128,4,4934,True,wSdcLKlMjIBYHCmgh4iWag
802,2017,7,490,Medellin,6.245957807385558,-75.60114500874207,aXjpYIesdCX1FflKQhD5zg,676,1,796,6,2608,False,HaJv_Ce0BGJDV421VstTww
1215,2014,4,664,Medellin,6.253059667663311,-75.55958375837952,gDe7znfFl2V4kRBTWrLEUA,805,0,999,6,4837,False,08nkZ6ri596t0tKRK_uCMA
121,2013,5,243,Medellin,6.232980776193386,-75.59367734082018,V9YtodtZFexQqgFuFa5vZA,140,1,1222,1,4937,True,V9YtodtZFexQqgFuFa5vZA
19,2019,6,428,Medellin,6.231382209294683,-75.58967591557764,aoGDZDp4xTPuI28c_CaT_A,404,0,425,9,620,False,Yq9X-5vc6uqiRBlCqD7gPQ
545,2013,6,401,Medellin,6.240837580238136,-75.59372047860839,Dowf5H5PnT2BhFBQ8Omz-g,655,0,732,4,1308,False,GLBXk8-0rE94DMdnS6h4Fw
673,2013,8,422,Medellin,6.243022220159068,-75.57145548665503,aMczn2RRMbmykca1K07KKg,756,0,898,7,3753,False,1Pu5i5-zX3H0x4S35hE1iQ
38,2019,6,261,Medellin,6.231085002968237,-75.57062395286006,pa8Z39gRqZK_A3NJh_2qQA,459,1,1187,3,4941,True,pa8Z39gRqZK_A3NJh_2qQA
250,2014,3,72,Medellin,6.234995474882519,-75.57030155596354,GnuUt7DaB0Fwr1aufwQitw,306,0,311,9,2659,False,ED_JUTbGxmW0s41ufzayZw
540,2018,12,532,Medellin,6.240984569024136,-75.59838504953744,vRcBFTMdX4PgX-JhNyohSQ,174,0,175,4,191,False,Q4AQ0cifi-Kk4umVSK2yHQ
133,2013,10,430,Medellin,6.233289961533063,-75.58142332846536,kHClugn_kJo_ghge4t7zUw,444,0,468,12,4944,True,kHClugn_kJo_ghge4t7zUw
354,2013,11,158,Medellin,6.237235815749701,-75.5723709375309,7Hpw_jhj3Qio0vm4yDUrdw,494,0,527,12,2640,False,7OSej7xSqYlcvU_UYP-jxg
135,2013,10,387,Medellin,6.232995623093685,-75.57948589051465,r-86RlWlcpF1YmCFec6dlw,331,1,357,8,451,False,jrMwPG8DpEs-Yfa_MsBBgA
146,2015,10,468,Medellin,6.233017982998612,-75.56861547593302,XZ62Gzk07TeawTFbQcR5xw,523,0,561,10,4947,True,XZ62Gzk07TeawTFbQcR5xw
43,2014,10,455,Medellin,6.231064747873281,-75.5656052227025,p-N4QpQ6TNwQ1LHJUg5WdQ,52,0,52,13,5508,False,lowyxbygebLHZ9RkBBd8tA
1057,2016,3,338,Medellin,6.249967537415583,-75.55837545384779,GIWjcbg5GKM24-PqkXL_cQ,791,0,970,5,4848,False,UMQp5EEtrs_ccmXOJYWoHA
968,2014,2,228,Medellin,6.249038198822621,-75.59341338796412,7fmkSYfQu3S_mKSUPegyUA,131,0,131,7,4950,True,7fmkSYfQu3S_mKSUPegyUA
934,2015,1,513,Medellin,6.247956752384097,-75.5753301709922,OhYV-ZfI6IHYDi5eGQM6sg,579,0,627,6,4951,True,OhYV-ZfI6IHYDi5eGQM6sg
711,2015,1,548,Medellin,6.243787826076305,-75.5866665503455,kC2xbwnZ6USHnL5z2D3jWQ,89,0,89,8,3305,False,y9b_n-9xsLzwZpT-CmBcmw
353,2018,12,168,Medellin,6.237081082478849,-75.57361753030254,Vtu0pCfxWPT0BMpcj8rkTA,758,0,900,7,3540,False,iKlm-pQz0CWsbJGR1nG15g
1019,2014,4,331,Medellin,6.250094632693361,-75.59752046180243,1L2byP3jMPSO630asPsJtQ,657,0,735,8,4954,True,1L2byP3jMPSO630asPsJtQ
983,2019,3,150,Medellin,6.248960555285592,-75.5794970168711,UlSCFJivPSoGVtFLWiFBXg,365,0,382,13,5908,False,oKyszgZ6vEnRzCmd_2By9Q
42,2019,7,365,Medellin,6.23076416616408,-75.56596519826377,r_u06pq0ojvCFn9Z-1hTTA,517,0,555,14,3244,False,dHUqbRWzf-M9bddwhw51Rw
1238,2015,4,565,Medellin,6.253826475408221,-75.58948818273912,wim6pFet1MiU2rqFn7yNqw,293,0,298,10,5863,False,LtizsFObSMRKWJea3xAENw
351,2017,7,137,Medellin,6.237073694974834,-75.57541001193944,97lrmyJ69CgK_5iBGnCnXQ,153,0,153,9,163,False,p7IBpcNkRqPVDiBJl5f4Ng
403,2015,1,521,Medellin,6.237905458982897,-75.57652772823587,194eTfb9_OAlP8rD2HWjSA,473,0,503,13,2283,False,0wns_31olfodW5lI18oknA
1036,2013,7,435,Medellin,6.249798748924049,-75.57919007539972,uEgPhpqqLrh0IWv_1Z3Zdg,99,0,99,11,1524,False,ppD0eak4IGxKGlmVcWyXRQ
1144,2015,10,172,Medellin,6.252065147667476,-75.57766236385321,KcMzFtT1b79Pou_FLwKNqA,477,0,508,7,5581,False,LYN_FzDlWTbnFiXtOttjpw
598,2016,3,564,Medellin,6.242110493521694,-75.59334591876933,XzVvnfaRXpE-D6vvulJDNA,98,1,595,4,908,False,sHLv71Jv0yt6j7dkT45xZg
783,2016,3,375,Medellin,6.245062824007308,-75.56755313250277,pEKu9Cazfmwne07A7qxBtg,307,0,312,9,851,False,GHonC3dwmjCNsS7-DOCHaw
1142,2014,1,608,Medellin,6.251767485707841,-75.5791253135728,ekNOaGEIY0C5dVuPu2woEQ,463,0,491,14,5020,False,dSyBFfaXq3s-PA5GV1GVQw
670,2013,5,436,Medellin,6.242950207862402,-75.57553249056409,mYnNx20cof6yeEc4Ku4Bew,386,0,404,6,4965,True,mYnNx20cof6yeEc4Ku4Bew
407,2014,8,287,Medellin,6.238023273917695,-75.57244058655819,e4iVLaFH0VqlcWcvprz3jw,727,1,1208,2,4744,False,em7e_s_oHsARFYL098tHgA
20,2013,11,313,Medellin,6.231497018035014,-75.58851246719401,_SfVZQxH7DOsFuHNCp2J1w,358,0,374,10,5180,False,KfQ6slCt84vvRte8rPdI5g
301,2016,3,291,Medellin,6.235998551866886,-75.57248251991781,0aNvdh4QSuTl-JtSA3UVuw,660,0,742,3,4880,False,jCh9tMnvf_C3i2neeiaBKg
860,2015,1,380,Medellin,6.247012262315413,-75.59646542582193,wkVruqN3VigKWV-j-clq8g,560,2,1223,1,4969,True,wkVruqN3VigKWV-j-clq8g
180,2013,12,243,Medellin,6.234012971093403,-75.58735719785933,XEOUUjcLqaR5HIokZ2mn7g,582,1,813,7,3662,False,_1LHKdbnllSQVUQRC6NR4A
925,2019,6,419,Medellin,6.248029062749851,-75.58432684022455,H17_TKMgHJxtf9bTp5VlBQ,516,0,554,3,4971,True,H17_TKMgHJxtf9bTp5VlBQ
827,2014,3,137,Medellin,6.245914833545354,-75.57641206556401,7CqDv6t0R0tyzOg0GhBMww,226,0,228,10,4972,True,7CqDv6t0R0tyzOg0GhBMww
1038,2015,10,448,Medellin,6.249946342877378,-75.57743805068786,8xB2U9JZ8LJmGfq4jfxENQ,602,0,658,5,1069,False,JefC7m_kvmd9_zmR-ayQOA
14,2013,5,447,Medellin,6.230967594946454,-75.59449291841287,PtQgHxR5paIgxkxkiDlOqw,836,2,1224,1,4974,True,PtQgHxR5paIgxkxkiDlOqw
42,2017,6,373,Medellin,6.230757331432868,-75.56597616203129,Mq3xeTL0DvLO4MaaE6PD6Q,517,0,555,14,3244,False,dHUqbRWzf-M9bddwhw51Rw
91,2014,2,70,Medellin,6.231952166803265,-75.57001766165948,y2HrIikM-v2xdTeiiWd5Rg,207,0,208,12,4976,True,y2HrIikM-v2xdTeiiWd5Rg
561,2018,12,225,Medellin,6.241071066319638,-75.57728451294962,lnGdJ4hm05y5f_7R2jxsPw,344,0,355,12,3341,False,RjuQnA2ckip1zGFneGoLyw
1093,2018,11,571,Medellin,6.250947113607349,-75.57519687269493,geGFjmfxWcrGpr6anu1Frw,449,0,473,11,2303,False,qVgcsBbDsQDHIVPSTNir_A
961,2015,9,452,Medellin,6.249021302658876,-75.60149535940798,_2btR7OmmYyTPwM10N-BpA,515,1,819,5,4979,True,_2btR7OmmYyTPwM10N-BpA
530,2014,1,581,Medellin,6.240871202960925,-75.60805433554782,0p18h-zMeB3tEdUtKAhliw,430,0,453,9,1599,False,wQQ460MXMBZP3Ko5hw4M7A
1034,2019,4,513,Medellin,6.249994212791297,-75.58145218800091,b--jgezacY2hK2XZYd1dRA,273,0,278,8,333,False,LyVa61bsupnT5RyP-LH__A
453,2016,3,186,Medellin,6.238935919953798,-75.57954462675815,Oc7b1kh-6s7qsYRXhpw1YA,786,0,958,6,2354,False,Bg6ep_NAKehz8ER9_FAxjw
438,2015,10,115,Medellin,6.239028289635133,-75.59442996698434,CPaOPCzSopCNpeoI-rsjzA,359,0,375,12,5219,False,g3uWiJsJd_VUkxnPB5tTHw
562,2014,12,255,Medellin,6.2404584234653,-75.57657882402758,-8ctwBDRx2mB0RvlJP0KWA,492,0,525,8,5101,False,9wNpStFDNlvGzWYVGf-k8A
740,2013,7,286,Medellin,6.243882415396593,-75.55742813517695,9kMU2jwA_mSDSqg_W83jug,194,0,195,6,2447,False,xN9ta9XmG5pYLKQiONRxhw
1024,2017,7,509,Medellin,6.250242663184323,-75.59140035288912,zBNCr1zzdPAcfWkII03mGQ,745,0,881,5,1911,False,mdfMrVGtsQgpvSYfjpRPIg
96,2013,6,453,Medellin,6.23176642076652,-75.56592844127515,dYCPjeV_JIQ19iB6qbU7Mg,377,0,395,14,2443,False,jdpHJPRJ2lyR0zz1KlWmeQ
137,2014,9,329,Medellin,6.232979342342714,-75.57755184586537,YRj20SIfGB7_wTSUOGThoQ,740,0,870,13,5598,False,E-3fEJ9QxJW_q-jBt4HY2Q
752,2019,3,94,Medellin,6.244964801645889,-75.59818861815019,8pBhUR5s2z9vFnXIFyjnMA,597,0,650,3,3286,False,JgpMYwUgjfOqkldTXlT_ZA
818,2019,6,343,Medellin,6.246024981426702,-75.58546016893476,L22shZZajtA7___V93sHzg,793,0,972,6,5191,False,8RVckX3_zkHhvmuXWKLRWQ
1146,2017,6,143,Medellin,6.251926622350065,-75.57515703177268,A2Etyfwd82gwFMpQGOe-Qw,629,0,691,9,2495,False,UJF9clPUux9W5aj0iCzHAw
785,2015,10,212,Medellin,6.245098688760876,-75.56535571007231,s78q_ZgcszvG_qJ3JtNV-A,114,1,699,4,5634,False,CAID5i2n_YKsdkY_QO6UoQ
1192,2013,7,403,Medellin,6.252952031985073,-75.58243119095111,6hhvyqX0cD_BksLVOnwFmw,550,0,596,10,2985,False,xpI0epZRx35hRXfkPvXAbQ
303,2016,3,98,Medellin,6.236039060959259,-75.57037283697454,8fYhxaFXudXykNXVLQyhuA,448,0,472,11,3126,False,5ZKxnW357BLszZb55dAITQ
177,2013,5,496,Medellin,6.234016223318699,-75.59048598842189,Aa4nzFtq0YvBjQYwDVyZ-g,243,2,1225,1,4995,True,Aa4nzFtq0YvBjQYwDVyZ-g
1082,2013,10,510,Medellin,6.251041481346451,-75.58664650164368,kdsTn3EtUm0vbMN0sjDhSw,147,0,147,10,153,False,uUMCnf0NjT-IPEgOGWGJuA
1144,2014,2,176,Medellin,6.252072914125593,-75.57765514785235,sZH4wEe51UQkF7uubetN6g,477,0,508,7,5581,False,LYN_FzDlWTbnFiXtOttjpw
681,2013,5,513,Medellin,6.242895293835357,-75.56356435927066,s7xMiNPy2BWaeDDb7W1Y_Q,435,0,459,10,3200,False,BkYONKaC4IfL9g4oLbfuEQ
568,2013,5,537,Medellin,6.240942274431488,-75.57041913329408,pD90ITJaZAjOQRoBO6Juew,372,0,389,12,494,False,uvME2c69lvHR_dNqruoM-Q
817,2015,9,123,Medellin,6.246001206341576,-75.58636146685745,wq01_JSe1EnBliRvySmbPg,540,0,583,7,5000,True,wq01_JSe1EnBliRvySmbPg
799,2013,5,579,Medellin,6.245849378162112,-75.60429141956239,m9tVyE6h9kdL9t5Jy5buOg,255,2,1226,1,5001,True,m9tVyE6h9kdL9t5Jy5buOg
774,2019,1,346,Medellin,6.244965732577503,-75.57618790354394,AcNOmQ-i8RIiVOOiZ9BJOw,457,0,484,7,1572,False,mSDqjvZ_mivriH4AucE0iw
1189,2013,8,85,Medellin,6.252649637352291,-75.58542611180177,sls3hERkJiFmnhjFdY9dHg,379,0,397,9,505,False,WkSsrlBdV2prl9FnUuPfCQ
364,2017,7,587,Medellin,6.236909141125567,-75.56243631290172,AkhPUvWjmFk1dVpjfFt5dQ,144,0,144,5,210,False,Uf2x-BHvZ43FZyLnpDddfg
1015,2017,8,164,Medellin,6.250194198579019,-75.60034045009678,pwx4G9cPwYXmYse2K_GQhw,260,0,264,11,412,False,v1-P2um2LwprU6DHi4N98w
843,2019,6,473,Medellin,6.245920723740857,-75.56051407805334,VIBmxajMzKiWjE5VfIywfg,223,1,651,4,2454,False,Vd43NMI7GQnRlbkgQTWZzw
403,2018,12,525,Medellin,6.237905125243727,-75.5765058371547,MXRKduTFbAneX_R3ixR54w,473,0,503,13,2283,False,0wns_31olfodW5lI18oknA
765,2015,9,348,Medellin,6.245153935624622,-75.58537463001052,7QtOV1N-y7nhv1bpfs3KVg,569,0,616,6,1908,False,Fn95aDAUw7teWNccSmaScQ
816,2015,9,344,Medellin,6.246029465632287,-75.58747566105971,DPtnVvSNLdlI5585umaRBA,658,0,738,4,1326,False,R3VMeElIhYz-ixQu3MKj5g
491,2019,4,89,Medellin,6.240033105580136,-75.5954508762438,sfZBV3N5DH6GoJCunztc4Q,641,2,1227,1,5010,True,sfZBV3N5DH6GoJCunztc4Q
723,2015,9,421,Medellin,6.244065702970938,-75.57441046107907,gGOYMsmGTcFh3kCU3p2ZXQ,760,1,967,4,5059,False,JpAcZ9DN60YHqdOLXyKhFw
301,2014,5,577,Medellin,6.235948433136486,-75.57247264075225,zAwu4y4Cgabe3CjCMAbQGA,660,1,858,4,1795,False,3Q_IgTaLdC4M2Pp0Vui99Q
631,2014,10,553,Medellin,6.24196087610223,-75.56047861359959,VmoCLsE91UW3RA6XjmeLSg,244,0,246,7,5013,True,VmoCLsE91UW3RA6XjmeLSg
783,2014,4,379,Medellin,6.245068784038355,-75.5676054940891,i98lanmgxXZFUIsmIqMZUA,307,0,312,9,851,False,GHonC3dwmjCNsS7-DOCHaw
148,2015,10,266,Medellin,6.232860919047498,-75.56659974306059,d2Vr5UQTW1PVcLuA6Q4B6w,374,0,392,14,5111,False,hh_6AfPE8Dn1XAF17V5CFw
343,2014,12,284,Medellin,6.236930267937604,-75.58336849868333,mEkY45B7ujmmqhbNlEEqog,819,0,1047,4,2923,False,VY-iO-HQlSAznPr4mnzopA
1092,2013,5,476,Medellin,6.250925908784525,-75.57631607656236,PnOJaz8kX1KRlIIGzpY0vw,792,0,971,5,5017,True,PnOJaz8kX1KRlIIGzpY0vw
69,2019,1,516,Medellin,6.232292717064067,-75.5923998800598,VOYLUMcnBVBX7rRV9KNjPA,615,0,672,6,3516,False,KfSDEtsIaienJ9v0Da1BkA
458,2019,7,317,Medellin,6.238948114403068,-75.5744328398609,GCnDh0q2XV34pDThwTy-4A,72,0,72,14,1951,False,8plNTArMK0gy6Seef-0Log
1142,2014,4,612,Medellin,6.251768311561961,-75.57912659850875,dSyBFfaXq3s-PA5GV1GVQw,463,0,491,14,5020,True,dSyBFfaXq3s-PA5GV1GVQw
1105,2015,9,279,Medellin,6.251088896659716,-75.56358425430706,JeoYZ3BrdwZMiX3h50tA9w,528,0,568,11,1836,False,hqT88xe-v--_Te1ebSwm4Q
477,2017,7,615,Medellin,6.239961207373895,-75.60825274839775,seYRPqqx9Z_iYb7EjEwb3A,211,1,358,6,3534,False,c-ru7WFSldPKKfWAgLg5pA
774,2014,9,349,Medellin,6.244931946950649,-75.5762272437833,Du6YQZHUdVZV0_lYkeJgFg,457,0,484,7,1572,False,mSDqjvZ_mivriH4AucE0iw
1141,2014,1,351,Medellin,6.252117940606837,-75.58030801752486,CxcfoglMsaul2Wcw79g4BA,43,0,43,9,3194,False,QsEKYoHLlXGPIA_PRMo_1g
1264,2016,4,373,Medellin,6.254042609589839,-75.5635200517567,pgC0Gsj4p-RaqQa1SxgYcw,380,0,398,6,3127,False,DsciKuCXVdyC1KOUFWNpTg
449,2015,1,125,Medellin,6.238869281014237,-75.58348475880196,68dc8ivch2HyQ4fVKAYASQ,842,3,1228,1,5026,True,68dc8ivch2HyQ4fVKAYASQ
680,2013,9,245,Medellin,6.243375626084221,-75.56423950342864,9Wf-wyeLSm7fH5wEqI4r5w,162,0,163,10,5027,True,9Wf-wyeLSm7fH5wEqI4r5w
909,2013,6,553,Medellin,6.248070302074329,-75.60043015908799,54BqZrBpgnw3AHIB1aW34w,605,1,689,5,5028,True,54BqZrBpgnw3AHIB1aW34w
529,2014,1,420,Medellin,6.240377601546063,-75.5562947763029,2SyrymxbUipy-Uek5Z-MnA,66,0,66,9,2351,False,jb7mMKcT8x3Jzf2V3PNvRg
801,2015,1,379,Medellin,6.246005170956234,-75.60245103904447,o-1HR81Nf7ENWpnMxutzJA,264,0,268,7,1140,False,yqwTd9QDtLinsKeaWsbSOg
248,2015,9,404,Medellin,6.235125676330982,-75.57247459445362,HhP3a0w78KKBzm0LMsWKVA,332,0,339,13,5031,True,HhP3a0w78KKBzm0LMsWKVA
999,2019,6,254,Medellin,6.248992608429327,-75.56344446697886,1-YBcS0kap8SzA8cVX_Amw,148,0,148,6,5032,True,1-YBcS0kap8SzA8cVX_Amw
809,2017,7,418,Medellin,6.245941360310615,-75.59448500405485,TltDC2CUy9DKP3cGpGXYwg,837,0,1137,3,5033,True,TltDC2CUy9DKP3cGpGXYwg
1017,2013,8,90,Medellin,6.250077485489923,-75.5984831299866,CpVIWcuoRMP-1Qi3pxdAzA,197,0,198,12,1474,False,rBqF-eC5bY6LeA4Xmryt2w
501,2016,3,363,Medellin,6.240003433427119,-75.58443056561234,4Lwcau0Ci6X4Fk2gbjm0cA,261,0,265,9,312,False,kLaa1EQ2G8YMudoEl1xhVQ
1068,2018,12,362,Medellin,6.250907518521075,-75.60047916566505,LcCAlFoGj4k4K6R3fyOShw,453,1,1214,3,5036,True,LcCAlFoGj4k4K6R3fyOShw
974,2015,9,228,Medellin,6.249173176796,-75.58843464970698,6ktyFJE6iA1zV08BJ6WxXw,254,0,257,11,5037,True,6ktyFJE6iA1zV08BJ6WxXw
762,2015,9,432,Medellin,6.244994477546746,-75.5884850237177,guYCTBOlSVfYQ2b4VRua1g,396,0,417,8,2925,False,VE_yjurHEriVFdHswafZwQ
558,2015,1,597,Medellin,6.240768067533271,-75.58041595048432,p7UZlxL-mss0Pav9OX2vwQ,830,2,1229,1,5039,True,p7UZlxL-mss0Pav9OX2vwQ
617,2013,5,333,Medellin,6.241872084429246,-75.57450781706669,Q8doHT3x4mG0440jw5xtaQ,297,1,1125,2,3667,False,_7rUPhFrgPC6P8OKIHdkkg
960,2016,4,398,Medellin,6.248984839336347,-75.60244234166542,EAHP9dd2pJICQgwIPF5Yjg,9,0,9,8,5041,True,EAHP9dd2pJICQgwIPF5Yjg
622,2018,11,441,Medellin,6.241842378534655,-75.56945469984316,1oVCmwojfA_H-I8qd_5nag,432,0,456,13,614,False,fe1unOtAlLl2Z6S9sPNpZA
441,2019,6,236,Medellin,6.239113427210468,-75.59140158700943,1gmAgSY6NwUSu4En-S6E9g,208,0,209,8,1071,False,SaqFPT1P8q8XoBBRXssHiA
462,2019,6,622,Medellin,6.23903733226124,-75.57049483327945,Jqz-OVdLSAeMu2ShcPAFhg,542,0,586,13,1869,False,odRTreOwNDTVzVYU2Fx6lA
402,2017,7,374,Medellin,6.237962730610089,-75.57741573500797,jlsgIm9lppTrkIT5K_Yzdw,581,0,629,6,4118,False,_DqRqleKDHOVGxOQNW_RjA
663,2015,10,446,Medellin,6.24306031460449,-75.58121461929206,biTtyxwFBWsR8g3p9qWB6A,48,1,332,3,408,False,hh3UGDFAcu8km_ZN3Hp4kA
690,2013,11,278,Medellin,6.24377322900102,-75.60715618909056,PbfyFfzDIumqPwPosjx_1Q,555,0,601,5,930,False,ph-9f04psczr7Me8D0BcnA
553,2018,6,193,Medellin,6.241068929056858,-75.58544400062125,Z02-u35KJfdIUMO2jFox0A,21,3,1230,1,5048,True,Z02-u35KJfdIUMO2jFox0A
102,2014,8,192,Medellin,6.23211561206214,-75.55945596194822,_dVfza7QMU2CxVi0BxMsig,368,0,385,8,1163,False,IPVOP1LRX6cMPZy_nDU2sw
136,2019,1,300,Medellin,6.23279054212756,-75.57856313193754,P9LXqoDSa_5ZizMQFDvLFw,408,0,430,9,5721,False,ctkejBcdA0hkyHLV-ldZ4A
863,2015,1,333,Medellin,6.24686917145256,-75.59345334350107,GE-R2fduo5_LB-rQbh5hSQ,397,0,418,7,5051,True,GE-R2fduo5_LB-rQbh5hSQ
376,2016,3,282,Medellin,6.238159825900141,-75.60348542581485,uB2zLYtFNfbltOObNgStlg,797,1,1231,1,5052,True,uB2zLYtFNfbltOObNgStlg
1186,2013,11,114,Medellin,6.253159561350553,-75.58841834036862,W8gcqhOnu0JTzeG3zXnh-Q,462,0,490,12,1992,False,WDDHS30_x2hPJxzpkTlkAg
729,2019,3,589,Medellin,6.243957081643433,-75.56845781120822,8Cghiyzf-2FzCGh5CbBnYQ,302,0,307,13,565,False,xMp8d2U2jHWm5cFZTLd3eQ
927,2013,7,216,Medellin,6.247953371788565,-75.58257491391922,pB76095TXB_WH-RpQdF5CQ,354,0,368,6,1477,False,6naycHFLqnB0DR_6D7TdQg
5,2014,4,318,Medellin,6.231080059625486,-75.60346287361475,mGkFN-8FMuWKx1CkygsJTw,275,0,280,6,2000,False,mqqafN7n9JdPEicdx0zWYg
30,2013,10,259,Medellin,6.230976121284645,-75.57862659029796,kYLFqCzSp3Vb71_q3GYhUQ,596,0,649,4,1048,False,HCNMY2CTt4YgcRuQomDmlQ
11,2015,9,139,Medellin,6.230717889896178,-75.59738915271663,iLdGbMEZ4hT22Dt9Wdj7cg,403,0,424,9,2633,False,zlXbe3_YauNC6yU6rTz_gg
723,2016,3,427,Medellin,6.244025199260645,-75.57441809100989,JpAcZ9DN60YHqdOLXyKhFw,760,1,967,4,5059,True,JpAcZ9DN60YHqdOLXyKhFw
117,2014,4,313,Medellin,6.232839724074624,-75.59747008646379,Tz7jPXMr1BXzT3PQVLjfDg,137,0,137,6,5060,True,Tz7jPXMr1BXzT3PQVLjfDg
1212,2013,8,289,Medellin,6.25307335135538,-75.56245232655024,eDmw-j8jCnOPvDcRkyn-eQ,620,0,679,9,1807,False,FqqagEzZnCTrVN-8l72cew
74,2015,1,488,Medellin,6.231826628709253,-75.5874932164232,FGlXVvsGfWw-ii7egwHRQQ,469,0,498,9,690,False,eF_mts6232dT4kfQJ47V5w
253,2015,1,204,Medellin,6.234772646895077,-75.56800041502987,Nc1dt9qj6sB4hHcYAz7JTw,496,0,529,14,846,False,TbDIxnOfpTm0ZYZf-V7mqw
62,2014,1,304,Medellin,6.23206319744602,-75.59949562986931,Z4UEyfj3Ida-C_7KIdGmbA,622,0,682,3,5064,True,Z4UEyfj3Ida-C_7KIdGmbA
1154,2015,1,231,Medellin,6.252168024578883,-75.56630293692386,Jljt6xjrrmgKSnEiztC7uQ,220,0,222,6,3626,False,6dnxYxSIzmj_gPpeJg6ebQ
286,2015,1,346,Medellin,6.235908474770609,-75.58742499813854,nVls7cKDN_wrPBPIROU6tw,348,0,362,7,4274,False,R_QA1x45JOmf5NilXS82Hg
869,2017,6,372,Medellin,6.24710989082106,-75.58739621258317,jygaDJwM94E9vNGMC8Dbwg,136,0,136,9,142,False,Y4IyBq_94D585bVzk4hAvA
943,2013,6,539,Medellin,6.247963414382264,-75.56654487786723,8gTxeIotHh5vB3oq19dKoQ,734,0,855,4,1784,False,NH8qQTnH1sX4zFuIQBKMxA
1044,2015,10,75,Medellin,6.249933481849974,-75.57147079564078,r--utfpLTxu6DsWjUC5OlA,437,0,461,7,3238,False,7jTsT7HTU_Gg-Tb3C4yW8g
609,2013,10,193,Medellin,6.241765604222341,-75.58243629213077,qtbY6mLVZHd4g6XA9PwTNA,317,1,927,4,4112,False,UWdelrjIjT8zmdnSZQHjoQ
299,2019,4,386,Medellin,6.235986428345977,-75.57446463628433,X3k49ec_QdnmheMywXB3tA,70,0,70,11,114,False,v_JB2FAjB7P1XaUByPtBvg
276,2016,3,358,Medellin,6.236130671525213,-75.59750522000584,cvXVhMeePIZDJj6IecjNzQ,458,0,485,4,670,False,JFP7SBshYYkChJ6od320aw
1160,2019,4,458,Medellin,6.251931351251472,-75.5615133871589,tJprRFSiSanL7jHxMvdJaw,804,0,998,4,4410,False,aPDFcURHxnccCx9sS4K5gQ
967,2019,4,515,Medellin,6.248957503676625,-75.59539986738693,zUD-_CzsL0FVcntg0P0ZLw,649,0,724,3,2024,False,35sU5NOp-dsx0RWqWOFzRA
218,2014,1,255,Medellin,6.23501093864465,-75.60225091230262,yBNPH48xF2tB_iRXwdygsQ,35,0,35,13,5934,False,T1HS-nV-3Eq4uMuq8YtPUg
453,2019,6,372,Medellin,6.238968200713131,-75.5795617412722,tnyDu_HGEaba-sN-7h432A,786,1,1152,3,5076,True,tnyDu_HGEaba-sN-7h432A
84,2014,9,305,Medellin,6.232028993358042,-75.57746549584341,hzNZl0EQaWxqg2rq-C0DFg,763,0,911,7,5077,True,hzNZl0EQaWxqg2rq-C0DFg
1000,2016,3,449,Medellin,6.2488758749817,-75.56216494654674,Z7ZV8x8iDlv4PuVa_C9cFQ,632,0,694,6,5450,False,spYNju9F8XSMez64QdlSdA
689,2013,5,243,Medellin,6.244056168482803,-75.60850784129667,68CkHrWpZ0xr_QFhLtrC1g,124,0,124,3,5855,False,p5iFLARMbHlMb9GPUlZqtw
1186,2014,1,96,Medellin,6.253158291168674,-75.58842535138983,y9GplvcuX8B3DpJpqmqq1g,462,0,490,12,1992,False,WDDHS30_x2hPJxzpkTlkAg
128,2019,6,440,Medellin,6.233031449896091,-75.58650627739898,Usa6Bixz2zCIP49YrdrrjA,646,2,1232,1,5081,True,Usa6Bixz2zCIP49YrdrrjA
1023,2013,5,531,Medellin,6.249749687233228,-75.59248309151167,Lk-RsZrecKl-l8S3IpLJhQ,565,0,612,11,4770,False,IBJp-qJRA0jyTqOqCmqnhQ
102,2014,12,180,Medellin,6.23209931085546,-75.55949413579583,YvEM4rUr8Yua0v3RnQUuoA,368,0,385,8,1163,False,IPVOP1LRX6cMPZy_nDU2sw
17,2013,5,52,Medellin,6.230991200690817,-75.59146370685755,hxR8f5Rwqh6ZwoNkbT4-rA,367,0,384,10,4872,False,uOWoxgKQ3G9NDNqk4UsAgA
1196,2013,10,433,Medellin,6.252939797844364,-75.57846769531592,KL3pdh51IrXbvszogAyDow,433,0,457,15,1564,False,FQAF46Hu7m3Ad0KzprONFA
21,2016,3,447,Medellin,6.231564738303442,-75.58645302958453,nn5u0A7djTB9s_1wlmvFDw,32,0,32,8,4096,False,OxWXwtaSDl5NhvobjXHNCg
503,2013,5,566,Medellin,6.240079049142564,-75.58242968051815,Etpeizd2P2jMGyJYbEFjdQ,450,0,474,12,3653,False,FEkNCVFOMZssAYFiYDzPCg
732,2019,6,294,Medellin,6.244155325786321,-75.56537691826712,VUX3afKoWatj8807_rbo7A,548,0,593,10,2364,False,ELzCb9cMyeOJuCMhbeQyVw
1039,2013,5,561,Medellin,6.250013092625426,-75.57659333384987,PboDEcjtOSS5Bxen_twPRA,681,0,772,5,3027,False,Afje7jPyZllia46e3nfHlw
1065,2013,6,534,Medellin,6.250765090802077,-75.60349603337085,69yDB3TpbLX_8OujwJqe5A,107,0,107,15,3881,False,WgppQ6H_BgO9kk4Oji70GA
865,2015,1,487,Medellin,6.246952090289464,-75.59156827548286,SCSK91-KE0Dvj_OJu-N4_Q,790,0,968,6,5091,True,SCSK91-KE0Dvj_OJu-N4_Q
406,2014,12,638,Medellin,6.238006719934681,-75.57343441589292,AoM_wb47WT5pDM5K3BQ23g,460,0,488,9,3369,False,s3_Ij1olCsBbTdUEWjr3JA
499,2014,12,474,Medellin,6.239889290007823,-75.58643430181768,2Mn-ZECijWEropQZVQXrZQ,145,0,145,12,195,False,tWAZ7DjZGAdOFE97PvPNUA
558,2018,12,615,Medellin,6.240773261629428,-75.58040054437573,IcQeYC5AvA71l_i-4zBH2Q,830,1,1161,2,4060,False,G6pNEuT_XpRQVYSboP8gAw
794,2013,7,396,Medellin,6.245083196380569,-75.5563280205252,UpJePiVDxaNWeocYTOb9lg,24,1,547,5,1927,False,PmPemnhRiUAu5Vh0W2Dwtw
163,2016,3,257,Medellin,6.234008112249382,-75.60442580210005,UdzM-aXDJ-t4RGcrcpCPjg,612,0,669,7,5096,True,UdzM-aXDJ-t4RGcrcpCPjg
1122,2017,7,493,Medellin,6.25196344881966,-75.59930495482782,W4ii7l6s1x8gTN7ypGN6uQ,464,0,493,6,1066,False,gGtGInInYD1Iu3e8kwgpRQ
1104,2019,6,102,Medellin,6.250996355076776,-75.56446393033073,gHx-aXrPsrHMerDne-dDAg,287,0,292,8,5098,True,gHx-aXrPsrHMerDne-dDAg
108,2019,6,362,Medellin,6.233027612156447,-75.60621841679765,ggDPluRMmssxLYVoi_pDcQ,455,0,481,5,5099,True,ggDPluRMmssxLYVoi_pDcQ
758,2017,7,374,Medellin,6.244798649274974,-75.59223990454299,JeqaPbJzZDfrTWrP3GNF2w,280,2,1188,3,5100,True,JeqaPbJzZDfrTWrP3GNF2w
562,2015,9,272,Medellin,6.240458286034508,-75.57660170367829,9wNpStFDNlvGzWYVGf-k8A,492,0,525,8,5101,True,9wNpStFDNlvGzWYVGf-k8A
786,2016,3,374,Medellin,6.244693251117511,-75.56470921983008,tYXWWxbBrd5tpLsH-p654Q,167,0,168,6,2590,False,ZAuThOFmKPcxsH0lvBIQ5g
779,2017,7,537,Medellin,6.245092025663756,-75.57146648671826,rv16-TIJuHsMbhEIRMEPfg,412,0,434,10,4295,False,wzXk8Tcx9hTbSz-sokYCrA
229,2013,7,51,Medellin,6.234982465912108,-75.59158103001728,BHFcBSmYX252bFN2lTIIcA,329,0,336,7,4019,False,aWcH4KS98DZcaByHcOgL7g
513,2014,1,229,Medellin,6.240020062276024,-75.57248241520169,6sAe5SebDQNKskfR5j2Gmg,378,0,396,8,5105,True,6sAe5SebDQNKskfR5j2Gmg
957,2019,4,464,Medellin,6.2490037292316,-75.60566409428485,c611C8UlaDArw1Aoe1WHzw,298,0,303,4,4181,False,pb7RCR07aGM2ffl22Esn4g
865,2017,7,475,Medellin,6.246927433626632,-75.59156843179146,EYxc6kI3_DQ5VBSdUTesAg,790,0,968,6,5091,False,SCSK91-KE0Dvj_OJu-N4_Q
350,2019,6,359,Medellin,6.23699261882155,-75.5764877542922,TJZLOVkTmWAU3xIGXS906g,814,0,1037,11,3422,False,5BImpe3gJA8stYiLfHQNpg
1023,2018,12,541,Medellin,6.249723415693751,-75.59250057931239,j9cn_pH89TLP0lrcnvpaCQ,565,0,612,11,4770,False,IBJp-qJRA0jyTqOqCmqnhQ
1191,2016,3,300,Medellin,6.252925861723729,-75.5834095418584,NMsQj40rpdyFGGoKpNP5Hg,362,0,379,7,5401,False,Wyqd3FniFny7RuMRKfKA1A
148,2017,7,261,Medellin,6.232849595909214,-75.56662334074403,hh_6AfPE8Dn1XAF17V5CFw,374,0,392,14,5111,True,hh_6AfPE8Dn1XAF17V5CFw
994,2016,3,129,Medellin,6.248827875734007,-75.56855518111031,ZWhhJYXC_NIRnLdTcEpaow,757,0,899,5,2280,False,8dGJtmg2cKzOpZqrAIDrtg
731,2014,10,689,Medellin,6.243975993274645,-75.5663547179143,xb-QYQTpS-N69z6xr7462g,229,0,231,10,4668,False,mo9c9zhAB-XkmXxLP2qzmA
1264,2013,10,373,Medellin,6.254038006115349,-75.56354414279919,00_nB-koiUmPlbRLCoG_Nw,380,0,398,6,3127,False,DsciKuCXVdyC1KOUFWNpTg
1093,2015,9,549,Medellin,6.250978611981746,-75.5752011280298,Pe_hRPk_-kNr_sW0m1mLmQ,449,0,473,11,2303,False,qVgcsBbDsQDHIVPSTNir_A
96,2013,10,450,Medellin,6.231734739472584,-75.56589995060192,od4AKU-psgb1b-Nuyvn66A,377,0,395,14,2443,False,jdpHJPRJ2lyR0zz1KlWmeQ
963,2015,9,402,Medellin,6.248756626788456,-75.59914842287677,N7Epymc9X3gk8iRj4azwKw,356,0,372,2,474,False,HojWKjC3duVot3Wu20g3Nw
497,2015,9,341,Medellin,6.239857861812637,-75.58844657030521,VyUUU97o__u1Y1XOJV4ruw,172,0,173,7,3572,False,Oi1IHbpjAUhbE-kNPSAooQ
567,2014,5,162,Medellin,6.240894609950886,-75.57128643786737,7UPD3_eUhJYtyQnDNQNL4A,10,0,10,4,805,False,KmzNP5uElgZJ6v80PsbeiA
993,2016,3,246,Medellin,6.249117095574872,-75.56931035011515,Yd1V5y0bzK4NeALUIJ3hCQ,567,0,614,6,1626,False,vRfZXUdR_k52Rxak5UgzAg
506,2013,5,436,Medellin,6.239778042817605,-75.57937309306256,D-5NHzlJ-3DmYnM78XvLYQ,215,1,1233,1,5121,True,D-5NHzlJ-3DmYnM78XvLYQ
693,2018,12,515,Medellin,6.244080212524944,-75.60467385549823,hB3UrB9Tnv6kLTEJTKFz_A,813,1,1234,1,5122,True,hB3UrB9Tnv6kLTEJTKFz_A
437,2015,1,386,Medellin,6.239009240527482,-75.5954860243676,S1GGkoSXqWOVL9Y2Mjv6Nw,296,0,301,11,4056,False,sGeo2Xf7Pvo6w8prBOfxXg
720,2015,10,317,Medellin,6.243959051568251,-75.57741472960933,2RltxmV3TDTTHa4YJomJHw,338,0,346,6,5471,False,EXwVmXmJhJvRZJeeFd-scA
808,2014,1,447,Medellin,6.246184062252424,-75.59557130013938,1RwIf9_Z-q1LJsfpMzMC9w,755,0,897,8,5140,False,56r5qn5lITzqKeThRbd62w
828,2019,1,167,Medellin,6.245793425989602,-75.5754986893704,QTxuEjBVNoJPFajyPqhqyg,180,0,181,9,1171,False,d3Gv__y4WE7OHMcBgNN7RA
91,2014,4,79,Medellin,6.231945544561181,-75.57001752982015,gqqFH1lD7vXmXs69L_PtVQ,207,0,208,12,4976,False,y2HrIikM-v2xdTeiiWd5Rg
120,2019,6,126,Medellin,6.23296262109508,-75.59427084116213,97JWYT85CXQ3dHJpI_KzWQ,744,0,874,4,1868,False,ROeVbyiln2lHpx0up2wn5A
673,2014,4,434,Medellin,6.242984185098883,-75.57146816115568,i88LQgJBMUbVUe9TESDylQ,756,0,898,7,3753,False,1Pu5i5-zX3H0x4S35hE1iQ
318,2019,3,522,Medellin,6.236777602241447,-75.60837162996688,bEPWpLyR2RfuwFTV7g0HJg,678,1,994,2,2551,False,KEAgd0aZFO0H5xRRUWoN3g
1135,2013,6,422,Medellin,6.251980474611627,-75.58658500118919,Q6vhELSNQFlxdDDxI-S8rw,391,0,411,10,534,False,j7hgzpOOKjBytfzSV9tc5A
126,2014,2,313,Medellin,6.232415704388401,-75.58843257648772,RzSY2KRy5R6DjxI91Shwsw,525,0,564,5,1533,False,Ezis5P0BFhVSUPLCtEqMwA
185,2013,5,339,Medellin,6.233936329768725,-75.58273358052547,aoRbpxOR-J6zf_ekAxfHCw,729,0,848,13,5427,False,ZYGD_jfAc72_tNK29b7rJA
766,2014,4,615,Medellin,6.244870183693258,-75.58435331829752,2TJ-oCIu50zHBAQ0Flq1gw,202,0,203,12,2542,False,TtgGkjr2vOJdoD8KOjFBWQ
283,2017,8,367,Medellin,6.236111921579399,-75.59051704923576,9lsdcB2xPOcspeMD4gVJqA,383,1,566,7,3502,False,KUTe7wOKKsrxatZXBms7UA
139,2019,6,296,Medellin,6.232919556779891,-75.57503544933718,vkvM-Z1MfkyRj3--nD8ipA,187,0,188,14,2830,False,iCqDiyAXSg7bFacR5rT8kA
970,2015,1,406,Medellin,6.248922771320227,-75.59249825033639,nJrbZlgAtBQotoPoEYAAkg,217,0,218,8,2873,False,oVnCR-tNtosAUl4QYvfCpA
1067,2014,1,482,Medellin,6.251087427107242,-75.60161015963583,NCeF86WQ-LalVk9tsRHsfA,96,0,96,4,5138,True,NCeF86WQ-LalVk9tsRHsfA
799,2017,7,602,Medellin,6.245875996412747,-75.60426756043358,1qP550swNaJzyO0m4abVbQ,255,0,258,2,302,False,zjEw8Pq45ISHZMJvr--9gA
808,2016,3,464,Medellin,6.246176324439344,-75.59555014281796,56r5qn5lITzqKeThRbd62w,755,0,897,8,5140,True,56r5qn5lITzqKeThRbd62w
983,2014,10,153,Medellin,6.24898046294544,-75.57948562509463,TCExKg0i4w47d4LKXxcBAg,365,0,382,13,5908,False,oKyszgZ6vEnRzCmd_2By9Q
914,2017,7,207,Medellin,6.247965434959783,-75.59552387323656,Jfk7s9ntzDOHwshxHsnNoQ,190,1,1043,2,2872,False,_SQOFy3ftQgupVa3mAqKYQ
709,2015,1,82,Medellin,6.244057913448597,-75.588384606104,0MeAcJYqdBnxXUlKmSZUCQ,192,0,193,5,4742,False,JNWW2CqzVaFU33doLwVPHw
623,2014,2,518,Medellin,6.24193537854765,-75.5683112425869,mSjzw70EMYlWoq9YJdYuCw,345,0,356,10,5144,True,mSjzw70EMYlWoq9YJdYuCw
1193,2015,9,382,Medellin,6.253002549374584,-75.58146953869935,5aSD1zdp6V2ZD8ogYMZKkw,484,0,516,9,1948,False,FjrOYHZmqc2YCEcaZm8pwQ
300,2014,10,377,Medellin,6.235984860823075,-75.57336997785849,GeXyN8M3pg0gcrlY-cig-g,447,0,471,8,644,False,eOEqZvGrumtllMnEuZKAog
872,2016,3,394,Medellin,6.246906277808672,-75.58446023390935,nyyGDg_CTZT26G3WSE1bzA,692,0,788,6,3449,False,89OrrL3Lo27oq9Wv-j8o2g
931,2017,7,329,Medellin,6.247837851467157,-75.57947833064352,A1-cxqp6kbNK5oHN71EIqg,121,0,121,17,2711,False,iuuOp4Qjdr-KC2e7QSgVJw
547,2014,10,403,Medellin,6.240952159465946,-75.59139569186438,vcOaSk8-I7i-54pNjOLMsA,668,0,756,9,1884,False,rAkBRFhA68CtilWk5pTTvQ
989,2019,3,475,Medellin,6.248872605200444,-75.57340394204958,VxsJ_uVY0_jUJHiz_rL_xw,782,1,1235,2,5150,True,VxsJ_uVY0_jUJHiz_rL_xw
1087,2019,3,515,Medellin,6.250988796881626,-75.58146936106264,oboQJrqlFqisZy00QpJxDQ,752,0,893,3,1953,False,OwBmACDcs4niHQmcT-WJaw
841,2016,3,259,Medellin,6.246029910610889,-75.5624717115581,ocGiuV1nr-r1I90Dq06LkA,418,0,440,2,584,False,tRhLyTuM_NmN41yCaO3CDg
1026,2016,3,575,Medellin,6.2500082773763,-75.58943201518149,293kv4JNmv7AYC41P8DdaQ,684,0,775,6,3477,False,DbNlfBBhaeioxHCrrMXcHA
1203,2018,11,369,Medellin,6.252935765965031,-75.57122394671416,loxav9zXJEe_zHnkWJMU6Q,101,1,1236,1,5154,True,loxav9zXJEe_zHnkWJMU6Q
396,2015,1,79,Medellin,6.237965360495839,-75.58340132235996,jseVvDarhOuUBDlkR2AzFw,206,0,207,8,2749,False,YDuIJdh8GT2MsQdIm-KkGg
945,2013,6,262,Medellin,6.247905428816178,-75.56457805132082,nwoCEGPedrtNvjpUijj6ag,291,0,296,5,3087,False,2wvfCrv-iBapuXMk4rQQ-w
86,2017,8,385,Medellin,6.231928690980873,-75.5751996547956,2Fm4dI1Xq6qa9tdJ7pWqUA,11,0,11,14,4420,False,bL45m9e1tyLBzdIXVmnYhg
1228,2013,6,355,Medellin,6.253838803327652,-75.59944833818938,n6a6HrIaKEt47I7Uk4vUEQ,199,0,200,10,2064,False,4S8DuhpXslg28kaz9miDpg
271,2013,7,371,Medellin,6.235993344812895,-75.60237436112949,qrUP_xqQYPX-z8OFkadbzQ,406,0,428,13,1217,False,NNGA3G5UDKRgpvpxwOWTBA
540,2013,12,193,Medellin,6.240928495751477,-75.59840076058939,z6woc4D-FhFo1nlBoO0MNA,174,0,175,4,191,False,Q4AQ0cifi-Kk4umVSK2yHQ
1258,2013,6,283,Medellin,6.253954361639693,-75.56932487602921,DrvOq4UcSw0NPvP9t6ZPZg,210,1,983,2,2494,False,UoQ8Q9oxW8VQLWgyb5DhGA
650,2013,8,619,Medellin,6.24281525118716,-75.59432024995922,KtnfZI0-bYUC_ARGBwSEvQ,80,0,80,7,205,False,7BkyLk3U6s6f2TGezRTeLw
418,2014,8,444,Medellin,6.237937213877198,-75.56150809827548,MptHbdLsNlYv00QH3a3atw,818,0,1044,5,5733,False,GaKFl3Djqi0wVDStnxk98g
538,2013,6,335,Medellin,6.240851423928819,-75.60053793608228,YnAqn1TgfEx4SWOenrub8A,436,1,1179,2,4349,False,oMdS1ugUgBjQjNWHO_QLgw
503,2013,10,588,Medellin,6.240087372161723,-75.58245155894731,W-nlw-PT5NHNdUXaAkDBDQ,450,0,474,12,3653,False,FEkNCVFOMZssAYFiYDzPCg
238,2019,6,247,Medellin,6.235011347396259,-75.58267079225007,WS6HPRWoM1VrC8ix-6hudA,572,0,620,10,988,False,VuFX5OwR-CLI-hIu9DJWeA
161,2015,9,334,Medellin,6.233965445773173,-75.60762549511827,N2esHOkLrtMoBNS74wI_lg,801,1,1237,1,5167,True,N2esHOkLrtMoBNS74wI_lg
351,2018,12,127,Medellin,6.237074780757824,-75.57540757722957,StwZZbNrKg_JJgs4tbbCEA,153,0,153,9,163,False,p7IBpcNkRqPVDiBJl5f4Ng
568,2013,12,556,Medellin,6.240983608508635,-75.57040152642455,KmgcMPJtny9M5GWShF1Qfw,372,0,389,12,494,False,uvME2c69lvHR_dNqruoM-Q
1141,2017,7,362,Medellin,6.252103577565116,-75.58032807268796,fzCyBY6LtpZeirm_Pnb6YQ,43,0,43,9,3194,False,QsEKYoHLlXGPIA_PRMo_1g
1264,2016,3,367,Medellin,6.253995515283883,-75.56354869428863,JmBS9cpO0fCk8V4wvjKLBg,380,0,398,6,3127,False,DsciKuCXVdyC1KOUFWNpTg
963,2016,3,593,Medellin,6.248765504061731,-75.59914082900671,1SXDeSn-XF0PVaDPMd7GJw,356,2,1068,3,3096,False,-VwIULPEIJF2icEgBEh0RA
73,2013,5,455,Medellin,6.231822517557613,-75.58846190270371,9b7liI_QHtJUGD9PZHvewg,556,0,602,10,4513,False,QBD4sKLNyQZact90HdeRAA
809,2013,12,595,Medellin,6.24591015565391,-75.59447147307846,6YWQa05ocg445uHYaCSO0A,837,1,1203,3,4659,False,09LnRJLBDiTZDIFItvuhTQ
621,2017,6,368,Medellin,6.242111269004993,-75.570769218782,6jwn0u5Cat7z5Kc1meTjYA,510,0,545,4,4853,False,vIe0XrXGD7sgf9qZMw_Dfg
557,2019,6,331,Medellin,6.240967054476465,-75.58164277705532,SShtO7rorZP-ZAAvEbtKwQ,694,1,1220,4,5176,True,SShtO7rorZP-ZAAvEbtKwQ
1093,2013,5,559,Medellin,6.250981444015537,-75.57519847086651,qpgKyRCKWV8WomodvWep1g,449,0,473,11,2303,False,qVgcsBbDsQDHIVPSTNir_A
1190,2015,9,414,Medellin,6.252815400316285,-75.58447328630032,YgOwGk742ZucswWwlTceNw,73,0,73,6,5804,False,RtrL_ETdDECXTc-C8pPzog
1132,2016,3,363,Medellin,6.252118367381502,-75.58949773299733,Mxtd7bWSTm3ngpDk2vzI2Q,471,3,1238,1,5179,True,Mxtd7bWSTm3ngpDk2vzI2Q
20,2019,6,325,Medellin,6.231502250332555,-75.58849183784127,KfQ6slCt84vvRte8rPdI5g,358,0,374,10,5180,True,KfQ6slCt84vvRte8rPdI5g
471,2013,5,517,Medellin,6.239017877867584,-75.56136807573915,qsHUqixy6Zs5wRBsOtKn5Q,498,2,1239,2,5181,True,qsHUqixy6Zs5wRBsOtKn5Q
1104,2014,4,110,Medellin,6.251002985088899,-75.56448347605141,C_nNFQ5fqDWRwJZjEMXF5Q,287,0,292,8,5098,False,gHx-aXrPsrHMerDne-dDAg
180,2014,10,449,Medellin,6.233954273164436,-75.58733389651945,d4YhXYfsGDX7mbjer6_7dA,582,0,631,2,1014,False,_Xgxy8s23pfcqqdSoWWI1Q
229,2019,1,238,Medellin,6.234957318521752,-75.59155337657437,eex0bet9v-hfw-8ZH1Ah9A,329,1,880,7,1897,False,vDOOIsqpN-HgDLCNV8M0Ug
249,2019,6,593,Medellin,6.235101819191355,-75.57158408439331,5QsA58GgETYuar6FQgD_Uw,399,0,420,6,1293,False,jHsHie7zgF77QHMjDEfWqQ
1051,2014,8,438,Medellin,6.249874697440054,-75.56439179168311,Kzj8CdWi_mbifw0EHIpSZA,191,0,192,15,3147,False,Mb20BGziyq-smEbDgCSXJg
700,2018,12,475,Medellin,6.243959808261489,-75.59750760289994,yJCrGUsygaZcfRKtCQUsLA,419,0,441,4,5187,True,yJCrGUsygaZcfRKtCQUsLA
159,2013,10,116,Medellin,6.234359270543168,-75.60849724460344,DgQ9sCd0-o5ujb8WkMzCyw,698,1,923,4,2136,False,VuuR13U5pE4pvqIXUpMaSg
1070,2018,12,540,Medellin,6.250733868611832,-75.59836388249589,ytdLC_k1QHBAwUWUTJ2xIw,822,0,1052,5,4682,False,u_r42eBL0og5rlm9j0sRhg
869,2015,1,354,Medellin,6.247112510755563,-75.5874025397643,LOEBUAg_l-WgF5ViRRR39A,136,0,136,9,142,False,Y4IyBq_94D585bVzk4hAvA
818,2013,5,349,Medellin,6.246024046210921,-75.58544853289725,8RVckX3_zkHhvmuXWKLRWQ,793,0,972,6,5191,True,8RVckX3_zkHhvmuXWKLRWQ
1002,2017,6,331,Medellin,6.248955198216322,-75.56043951586926,SOf-Q996_xcSWylh6Kas5w,799,0,985,7,5874,False,-PKnHQdFmYxtaaMDL7rsnA
557,2017,7,175,Medellin,6.240994346058037,-75.58164163122868,SyFVzBc_cmst1g9gWC7LaQ,694,2,1240,1,5193,True,SyFVzBc_cmst1g9gWC7LaQ
1215,2018,11,643,Medellin,6.25307024603697,-75.55957425336477,knfWdOKGMVCWjnppLTr-Kw,805,0,999,6,4837,False,08nkZ6ri596t0tKRK_uCMA
229,2014,4,48,Medellin,6.234975078658093,-75.59159190258242,NU1HqiZgyIJBzmO_d0vjoQ,329,0,336,7,4019,False,aWcH4KS98DZcaByHcOgL7g
595,2013,11,409,Medellin,6.241995123975919,-75.59640284308313,fj-kgSLbEthkR6fOydvsdA,57,1,371,5,5196,True,fj-kgSLbEthkR6fOydvsdA
1093,2014,2,562,Medellin,6.250954348749553,-75.57520260502004,nqCLjQtPVFUdlQhpFrjNIg,449,0,473,11,2303,False,qVgcsBbDsQDHIVPSTNir_A
928,2013,9,333,Medellin,6.247812905605568,-75.58141084200645,1Ewn1QGjdwKKAxbisffelQ,728,0,847,15,4653,False,PjD5gCkFgL1O4OUhvZOfJQ
982,2014,1,494,Medellin,6.248887891125963,-75.58036241744884,Bgf2Z4iqi1Aiv4nff55rlg,110,0,110,12,5199,True,Bgf2Z4iqi1Aiv4nff55rlg
1085,2013,11,431,Medellin,6.250972703303254,-75.58331043591596,6JUh-BxoxDKUPhD7sZWirw,357,0,373,6,3407,False,_UJPdaRY8E60evuryOZ3eQ
453,2013,8,383,Medellin,6.238949197947105,-75.57953839507358,sx8E7JZtgfVxJCHcDgKsmg,786,1,1152,3,5076,False,tnyDu_HGEaba-sN-7h432A
1151,2015,10,348,Medellin,6.252079180044131,-75.57083632362888,K7HwhjGV_hKw0fhuEPsh8A,558,0,604,6,4739,False,ehFpsKx9zpxtn-1TsL731w
132,2014,7,531,Medellin,6.232965949490739,-75.58272554046121,cy7-9Fbkt6Wi8YMCWT_57g,141,0,141,10,2360,False,77w1I-sYHmT3elPo-oZ6UA
1014,2014,1,323,Medellin,6.249930548359038,-75.60134879285138,F1nDd1-Mh-kJMXW3fwsLsw,102,0,102,9,2167,False,mBNYV3TZVEZQ-Am4YTk6kg
675,2013,7,528,Medellin,6.243050120659416,-75.56954588852878,cReV1VP4bxAIsdy1t3Ms4Q,573,0,621,7,1238,False,TOWbkVVPRLv-RDOTg1e77Q
499,2016,3,468,Medellin,6.239906164590391,-75.58641526605354,0rOY4JLCJeAd6lbfa03azA,145,0,145,12,195,False,tWAZ7DjZGAdOFE97PvPNUA
557,2015,9,349,Medellin,6.240976201566018,-75.58165226055812,Ployv_xqlP4NspuZC2IoHQ,694,1,1220,4,5176,False,SShtO7rorZP-ZAAvEbtKwQ
793,2013,5,428,Medellin,6.245061627273594,-75.55755073447544,oftdcwDtZqGjc7qshfi0xQ,18,0,18,4,342,False,iif2MmBbGU3PVT4CmQKtLQ
39,2014,11,310,Medellin,6.231269331436616,-75.56950407381028,um4koFrN4jdO4nKtBtDh3w,392,0,412,9,535,False,P2gjyrMDNXvE8yAs-WGAXA
1163,2015,10,561,Medellin,6.251881087193407,-75.55832515565274,WlV3U5-Ie4lYw8g7MR0JMw,333,0,340,6,444,False,o9mUdZEP0h4FjmNicLkO_Q
540,2013,6,184,Medellin,6.240935914075315,-75.59839420985102,6uuJIEEkLH-efLG1rA2lvQ,174,0,175,4,191,False,Q4AQ0cifi-Kk4umVSK2yHQ
218,2015,11,236,Medellin,6.235006566592014,-75.6022691740227,u_--dM8jnffoDza24kzjow,35,0,35,13,5934,False,T1HS-nV-3Eq4uMuq8YtPUg
746,2018,12,456,Medellin,6.245188421382583,-75.60447060857184,xbHD1nEoz-fbzGqpxTtSew,766,1,1123,2,3624,False,yXL1s6P38vmeq_x_xzq4hg
301,2013,7,261,Medellin,6.235999881423576,-75.57243407224466,M8cmVDzO5prB2MY3I7aJvg,660,2,1241,1,5214,True,M8cmVDzO5prB2MY3I7aJvg
1028,2017,7,451,Medellin,6.249771066901154,-75.58744807960363,idr4HwhgHNnRJbdPrW2gQw,490,0,523,5,3092,False,mVNvJI1iRCqwe1GgGtcFmQ
784,2015,10,333,Medellin,6.244992690315307,-75.56654092789348,B3I-R5L6Kuf5fV9E7Ofm2g,770,0,931,4,4383,False,-EjPu-CU1iVu5dke6Cyhdg
1193,2014,1,381,Medellin,6.253004446258488,-75.58142612543257,xtDy14sF_nO1zRBhGqAblA,484,0,516,9,1948,False,FjrOYHZmqc2YCEcaZm8pwQ
192,2019,1,504,Medellin,6.234064636789668,-75.57520364881536,AZ1CXQoZ30rWJruc7sf1MQ,441,0,465,15,4681,False,IOxRSv8wG4WxWLPQxJHUEA
438,2013,5,103,Medellin,6.239023403342407,-75.59444426840726,g3uWiJsJd_VUkxnPB5tTHw,359,0,375,12,5219,True,g3uWiJsJd_VUkxnPB5tTHw
1097,2013,11,422,Medellin,6.250892705819633,-75.57143856684765,XkYSuTteXneCrkesA3n23w,637,0,704,6,3372,False,o7cwoDp48EGFK4VOK8dycw
1040,2013,10,366,Medellin,6.249961630333535,-75.57523467547323,kqL5triMYOxn1GZlLkeH3w,236,0,238,15,5221,True,kqL5triMYOxn1GZlLkeH3w
1108,2019,4,455,Medellin,6.251173712573553,-75.56030590589491,RB8cKNhvG4TMzvqxmivLNg,827,0,1084,5,3292,False,HyKh6Iok7PtmKxhckkDokg
64,2016,3,315,Medellin,6.23213998837139,-75.59749593927012,tzT9X4I1wcImGYWZke8m0g,812,0,1028,7,2810,False,_BfJVwrPZl_rVgCdvKBUTg
70,2013,6,624,Medellin,6.231954067593282,-75.59150071399256,RRpsvGRwjr70Ez7f7etoSQ,179,0,180,6,823,False,_2YSIid0gvyk9HsUAQRUOQ
1235,2017,7,409,Medellin,6.254158212102104,-75.59234051531446,xOKEvRI-FgkwS_jVBLOWHg,111,0,111,9,2463,False,Lmi4l4EWJA7URGmbKQCAyQ
637,2014,4,515,Medellin,6.243020048402735,-75.60759977777201,iKPZgWZqfi8kv6-1dB-Nfw,798,1,1111,5,4640,False,E5UuL0AJYT27Nv9xajPIdA
291,2017,6,378,Medellin,6.235999650097781,-75.58265646914532,5IE0A13h7UjCNX4BbbaSxQ,245,0,247,12,4187,False,Kxh_lAjJ-q0jxJMXPa_eIg
737,2013,12,208,Medellin,6.244024416964363,-75.56038503573066,eSXyVD-v0wIvUXU3F4F6cw,759,0,903,5,5228,True,eSXyVD-v0wIvUXU3F4F6cw
670,2014,3,436,Medellin,6.242977681157067,-75.57552723931623,lyW2IvtrPyXB73VDcRHU3w,386,0,404,6,4965,False,mYnNx20cof6yeEc4Ku4Bew
1014,2019,4,332,Medellin,6.249920897827313,-75.60136218508678,4cDNE519nODZrui-FhrAOw,102,0,102,9,2167,False,mBNYV3TZVEZQ-Am4YTk6kg
112,2013,6,90,Medellin,6.232996139501618,-75.60222276335129,lPwDnI5LOJukZ68imr4kmQ,230,0,232,12,1479,False,KD0s_SaX4GVUOx6UymXT1Q
772,2014,1,263,Medellin,6.244889063914384,-75.57862954305114,xpvvXYN0ZtqY9skyx6tv2g,225,0,227,11,439,False,iNi6ZSbJqnsuRazytIxJmQ
927,2019,6,392,Medellin,6.247927504218141,-75.58260271129524,zGybGVz9oi_zeRhrNXCQPQ,354,1,868,2,1843,False,pZUOQdo2SCEov6anh1z5Zw
998,2015,9,399,Medellin,6.249079809341411,-75.56442910090978,xzh0xT3Ejz-206_u7rTIZA,324,0,329,9,4833,False,5ZW5AjkJBMJEyHZO8Ahbcw
625,2013,11,524,Medellin,6.242052646639581,-75.56644517275227,0fuENf556glwH41YQggTRg,472,0,501,5,5803,False,htnBnk-bxWSnkODFgHfSvg
652,2016,4,285,Medellin,6.242959834454589,-75.59254058467171,DXyMrPhMpYoD8kuOv62Ggw,417,0,439,9,3278,False,SU_3XtzLkeTC3XVpbk5w5w
24,2017,8,269,Medellin,6.231648108979916,-75.58450987504982,fRe-BnY81gK0SrEFMQyOBQ,38,0,38,10,387,False,hqGa5M4g7P45ix2jV0n51g
505,2019,6,534,Medellin,6.240190296880235,-75.58045026239438,SqFSO8QqCBVy_TZjrjkKIw,518,1,1007,2,2597,False,MskScVZ90FuyOpitSAjTiw
1051,2015,10,441,Medellin,6.249935763891643,-75.56436356350335,whQl3n40_lRxr3evPoJDAw,191,0,192,15,3147,False,Mb20BGziyq-smEbDgCSXJg
355,2014,1,370,Medellin,6.236889233710827,-75.57148868257755,Kmf3SjIm3x2ta7jiogqo4Q,480,0,511,10,4070,False,zlvxk0hKwM3-LfJzjXmPTg
246,2018,12,415,Medellin,6.235009243576034,-75.57442279007809,Ce3xxy3uD8Hq2O8OdUlOBA,115,0,115,6,1145,False,vbdo_ZZjkvFWVMbKFuPnxQ
432,2013,8,615,Medellin,6.238876600652334,-75.60049638700555,OWBFwRqA7Srvywu2Q5D3Wg,334,0,341,8,423,False,uLUwWUqvhgj3VCyOmQYQZA
1146,2015,10,494,Medellin,6.251950827832296,-75.57518359011846,rDQ5f6loqYnBFj2YMcipvw,629,0,691,9,2495,False,UJF9clPUux9W5aj0iCzHAw
874,2015,10,618,Medellin,6.246895970466227,-75.58235809606815,ZBGY1C-LsesFv2F1xoNuXg,265,0,269,15,967,False,oPuVUtuDiT7gajx6H2u2ug
440,2014,2,138,Medellin,6.239083520284848,-75.59239646545669,i6X2zLylKUdcllI13PJICg,97,0,97,12,2819,False,BA9OOUhjNGiAesXJvOFEvA
966,2015,1,347,Medellin,6.249339425713598,-75.59642795907217,nHCbPxFkXb74tBWfi_cRfw,721,0,837,7,1703,False,s0V5W9Ku1dmUoGlh0xXLQA
674,2013,5,361,Medellin,6.242955044893075,-75.57042604687581,vwUyfjU209-DU9fk79Gi-w,349,0,363,9,5648,False,5MqURlS_gzYPkWTSA5xu-A
1236,2015,4,338,Medellin,6.253914427577757,-75.59049685129389,dDP_ipyrQioQlPz9KLHCXw,779,0,949,10,2615,False,0EXsqruMPzhICRwvjTUlmQ
552,2016,3,211,Medellin,6.241156254653347,-75.58631470967063,lkGSS3xqUs7_zuGIZJZu8g,188,0,189,10,1347,False,OgvwutI4N76F6_VVi61v0A
133,2013,5,411,Medellin,6.233286779541318,-75.58140684159669,FVNKogwr4mPQCYH3W-Azew,444,0,468,12,4944,False,kHClugn_kJo_ghge4t7zUw
966,2014,2,345,Medellin,6.249340470812768,-75.59639206483222,-jhnAjs-DI0a2Yl3Ni5tiw,721,0,837,7,1703,False,s0V5W9Ku1dmUoGlh0xXLQA
714,2013,5,365,Medellin,6.243989064780529,-75.58329748452299,-ADmEoZrgo5dD1Rqwpty5w,423,0,446,8,2504,False,mqAP9pCIiDs7cuJOnv-9-Q
180,2014,9,251,Medellin,6.234013013901064,-75.58736162237938,oQiG1FMe7X469I0yzf1ajA,582,1,813,7,3662,False,_1LHKdbnllSQVUQRC6NR4A
953,2019,4,195,Medellin,6.247965318027676,-75.55635924524479,-2eXoiPFO_MZaTv9zlQryg,671,1,764,3,5254,True,-2eXoiPFO_MZaTv9zlQryg
874,2019,3,630,Medellin,6.246849988071579,-75.58237519087332,hhr_QMLPBYkDfKKSRr00ZQ,265,0,269,15,967,False,oPuVUtuDiT7gajx6H2u2ug
144,2015,1,202,Medellin,6.233016775984588,-75.5700675012017,IoAehdxGv7NOmWuF3OH3DQ,183,0,184,25,1616,False,oFs5LoL1vDLaMHFkDtwqbg
430,2013,8,283,Medellin,6.23879840085272,-75.60248138934828,1IrkMl1PZpW3lMXUspVB9A,252,0,255,9,5292,False,C9ETc4yboWddLGd7rrlr_w
1117,2015,9,145,Medellin,6.25213325102783,-75.60445402005101,_9Aw6hHPg9nZoiqnQvVyrQ,598,1,1002,6,5258,True,_9Aw6hHPg9nZoiqnQvVyrQ
329,2016,3,252,Medellin,6.237249748462699,-75.59743729406496,Lt73GR_yoLLO3yXq7heN8w,789,1,1039,3,4615,False,EiX18XTEVxEjtlpOK0FiNw
126,2015,1,135,Medellin,6.232385173759427,-75.58841561919155,MbZ8aqKwD72WK9Zh2-_lJg,525,1,852,3,1766,False,5zrPNKAra0pIrMtTUna9pQ
682,2013,5,420,Medellin,6.242798797597721,-75.56216786020686,pTaJVQ673BJ6WU6do_GYJQ,511,0,548,7,5261,True,pTaJVQ673BJ6WU6do_GYJQ
1250,2015,10,562,Medellin,6.25405665379135,-75.57770165819305,Olb_sDDQXHG9HFBsI-cifg,545,0,589,14,1040,False,-iMvOeIAoosR2E1Ru8OXkQ
710,2015,9,334,Medellin,6.243635681096851,-75.58749298607871,-oIQppPWjlL7w-N2h7drgQ,83,0,83,10,3439,False,lpBNME2l_u4VwnFjNctlyg
757,2019,4,318,Medellin,6.244853873329025,-75.59354488676168,6b5J1SEb3BzBKFPOxTGgEA,604,0,660,4,1893,False,vMAv7CNtc0RlYk2_DzheXA
616,2014,4,267,Medellin,6.2419414303439,-75.57541878288272,6kViI6VHEFSEKByhGx9UuQ,717,0,828,8,4461,False,zEKpqxR-8sYFWW8-eplopA
612,2018,12,315,Medellin,6.241936268168473,-75.57948204262256,KFOEni5ObYcqa0rwYoJAdQ,667,0,753,5,1387,False,fFhxiiV9eZ7T1eDmO8zxOg
1069,2018,12,482,Medellin,6.250983678413905,-75.59973940116976,ysJHRPEElt5KvOO2b0HJeQ,36,0,36,9,5802,False,TpppRd6DKTgsSeKmhJEZkA
720,2014,5,477,Medellin,6.243965151556294,-75.57742545759561,eab7pKoW-jZftWuDTYdw7A,338,2,1194,2,4551,False,4eS2Pg4C4DmXFI0XrcCEXg
938,2017,6,489,Medellin,6.247999838535161,-75.57149667972206,3PRdMVYgmCBOBAuM_Y_Tlg,829,1,1159,3,4824,False,7IRzmowgyAgwZkNn6CrUiA
1189,2017,6,96,Medellin,6.252624267334293,-75.58542815572777,3l5B8Bhj-D5sXWWdLMC87A,379,0,397,9,505,False,WkSsrlBdV2prl9FnUuPfCQ
200,2015,1,288,Medellin,6.233864494802084,-75.56754583704871,sTPXTkQPloD8Q9qSULoyXQ,301,0,306,14,647,False,1pUKlrRT9oQpOC3p9AVpyg
95,2014,8,248,Medellin,6.232122982731486,-75.56626437456825,mWr5jLYavBTmZF882BMSHA,233,0,235,14,5839,False,_P6tQqQcX6nWTfT4Fw0NfQ
1173,2019,4,525,Medellin,6.25271155643868,-75.6012551867246,8KW6KmtbbxH7oGTB0pjfyw,53,0,53,14,1547,False,JUqeTCNe-lIt5iMydUxKkA
864,2016,3,462,Medellin,6.247011882731656,-75.59242856400621,ZP24TmCYGlo2PRnKvYMYNw,270,0,274,6,4498,False,bJmMTJ6PuYiXCVpwl9jfZQ
445,2015,9,80,Medellin,6.238986672098462,-75.58750200643357,F9uPavV04qz_BFYFfqlHIw,617,0,674,6,3985,False,z2dC3ul4l0JwMVY0Wbbh2A
877,2016,4,293,Medellin,6.246966426417226,-75.57945618982286,VDyJukIBaI_QRNCHAj8KVg,603,0,659,8,1070,False,tIvt0fZi5DGR6m4T0Wy10g
407,2013,10,261,Medellin,6.238031386502801,-75.57242078819881,fbh6yqmibGgG2fFr9sZonA,727,2,1242,1,5277,True,fbh6yqmibGgG2fFr9sZonA
961,2018,12,263,Medellin,6.249025136469588,-75.6014491997559,RwUc3WY_X2DKhARPA-9ebg,515,0,553,4,811,False,CMZoCns_VLNYQ_p6tzKEBA
384,2017,8,196,Medellin,6.237923856033867,-75.5955231270319,jeRDRTwAUIm7jg97-TJTxg,845,1,1243,3,5606,False,pGKIsXMPJzByE72AnvIYcA
57,2014,1,545,Medellin,6.231920425398677,-75.6043943837547,1X3NXo6j7P34Y9ao1b_Y5Q,730,0,849,5,5286,False,tmWeTyj4rXTuJw5Vdw78aA
145,2013,7,193,Medellin,6.232946020496822,-75.56999191463147,Uz-Zd_7k9O0r2w5bBQo7sA,183,0,184,25,1616,False,oFs5LoL1vDLaMHFkDtwqbg
1083,2013,6,315,Medellin,6.250569166786138,-75.58552302183551,2u8hgdAtCI2VC-W7rNhc-w,577,0,625,7,4334,False,YIaOgeEfouRbthu2X7vVCQ
791,2019,6,254,Medellin,6.244874353722929,-75.55951690625324,iteCQ_2gmv5PLy4PWqRnUQ,843,1,1244,2,5283,True,iteCQ_2gmv5PLy4PWqRnUQ
1105,2016,4,281,Medellin,6.251076242675013,-75.563559282872,_FgH-Nxo2z-8UkNGf8094g,528,0,568,11,1836,False,hqT88xe-v--_Te1ebSwm4Q
1262,2017,8,221,Medellin,6.254068423885562,-75.5656395623992,yM2phCCkUwKTIWizIaFM4g,92,0,92,8,1090,False,aA3OQahLsnW6_uHQXUe2OQ
57,2016,3,556,Medellin,6.231923796494156,-75.60443420997085,tmWeTyj4rXTuJw5Vdw78aA,730,0,849,5,5286,True,tmWeTyj4rXTuJw5Vdw78aA
644,2013,11,484,Medellin,6.242774032593787,-75.60045446113655,-LlcYcEchYu1HNywZ7D3CA,704,0,806,8,2524,False,tv6FLNmI4FvRc4MiD7gCdQ
1117,2017,7,152,Medellin,6.252124823622196,-75.60442510812874,ltYLIQ6YEK5uzjao-eyc8g,598,1,1002,6,5258,False,_9Aw6hHPg9nZoiqnQvVyrQ
271,2019,1,364,Medellin,6.235951121931556,-75.60238521980368,-QS35reLMc6TCdqrk7Rs7Q,406,0,428,13,1217,False,NNGA3G5UDKRgpvpxwOWTBA
25,2019,6,260,Medellin,6.231023799232934,-75.58277996090509,UufqqtZj9aI-f1fYwbs2rw,369,0,386,7,5290,True,UufqqtZj9aI-f1fYwbs2rw
1001,2019,4,119,Medellin,6.249075145175404,-75.56144740521832,t4iCOu6KfNvGD6dpnxuzRw,616,0,673,5,1109,False,2NPSALPQooJY5ALrKAvshw
430,2014,2,280,Medellin,6.238825046257801,-75.60245716657401,C9ETc4yboWddLGd7rrlr_w,252,0,255,9,5292,True,C9ETc4yboWddLGd7rrlr_w
504,2019,6,406,Medellin,6.240132992143605,-75.5814953000427,M-MUJBLCeGHqcN81Q6Lelw,116,0,116,11,1610,False,0D1wsW1QIc5AwaRWzjDsKQ
91,2016,3,75,Medellin,6.231944724201124,-75.57002010607724,dl6M4-cZKTPNGBQX2pzi5Q,207,0,208,12,4976,False,y2HrIikM-v2xdTeiiWd5Rg
18,2016,3,686,Medellin,6.230986001191837,-75.590536839246,423eGDSpMKPeDhKSOKSZNQ,93,0,93,8,97,False,QyPH9t_sX5EA4Vdexj7B-g
1192,2019,3,422,Medellin,6.252954066959524,-75.58240134824479,LPI5J1wYkpTITFNDOEWTXQ,550,0,596,10,2985,False,xpI0epZRx35hRXfkPvXAbQ
393,2019,6,253,Medellin,6.237999929874366,-75.58611860266632,avQ_9VsNCQVQQmBj7bYZGg,702,2,1110,2,3493,False,5kR5M2tveb7YZuiDObpf0A
163,2013,5,258,Medellin,6.234006967710849,-75.60440508680574,rPhRNb2V6mKauy8Es0wM_Q,612,0,669,7,5096,False,UdzM-aXDJ-t4RGcrcpCPjg
983,2014,1,168,Medellin,6.248971746442975,-75.57952600828678,tKLEwveEiqs8ZRG4SciclA,365,0,382,13,5908,False,oKyszgZ6vEnRzCmd_2By9Q
136,2017,7,289,Medellin,6.232799409553784,-75.57852657100592,uSLt150BEU1UWyvlvMC3vg,408,0,430,9,5721,False,ctkejBcdA0hkyHLV-ldZ4A
245,2017,8,320,Medellin,6.234904699144391,-75.57549837030993,sbQAJwWtfYZqABXSCLGAzg,422,0,444,14,1521,False,S3bFKY4w908uyzvbJEZSIw
80,2013,10,615,Medellin,6.232010724123252,-75.58145287675964,04-EE6ywz-zuDYjy6fZYPA,553,0,599,12,1487,False,VBy-DdDUL1NTk1i4GABF2w
36,2013,7,156,Medellin,6.231103704307708,-75.57246785028042,J4jqVrCh0YMS7mwjYoteQw,739,0,869,8,2229,False,Nz3rogHBKs1TkhI2PbGWkQ
203,2013,5,308,Medellin,6.233902269591264,-75.56432943345085,ioKQ4k4_74Vb23xCuHvmSg,820,0,1048,2,2928,False,fD5sEMW_m9mypICBIpkYMQ
734,2014,1,178,Medellin,6.244065154747939,-75.56344925370024,PL04-1-RqUL6c7SKiR64yA,310,0,315,8,5779,False,MxxuvWSd5tHh-AyPwgG7fQ
306,2016,3,314,Medellin,6.235714998909187,-75.56829447193796,TBtR8JPwwZ8NsM4alf0x4Q,271,0,276,14,4893,False,Z0-_XrPiigik7bdjF6wS9w
93,2017,7,99,Medellin,6.232027196643823,-75.56857688869644,Njw-1Zmfscuhl-JY2yQlWA,434,0,458,8,2374,False,oMPaKsRpUbV19WMTdgZbfQ
132,2019,7,539,Medellin,6.232955334935555,-75.58272531250041,NYc4Fn9AvxMjZp949Qbq4g,141,0,141,10,2360,False,77w1I-sYHmT3elPo-oZ6UA
300,2014,8,390,Medellin,6.235972767328867,-75.57335067232712,gzXnImue5ROyRvlI6DaPfQ,447,0,471,8,644,False,eOEqZvGrumtllMnEuZKAog
1080,2015,10,485,Medellin,6.250926951962132,-75.58839425439832,bsh5kDpYX72-eEufPeicig,185,0,186,11,5310,True,bsh5kDpYX72-eEufPeicig
1195,2015,9,612,Medellin,6.253104907648213,-75.57944553574109,6Q415quDiRRWvj17yCkLfg,415,2,851,3,3091,False,mjloIYXQz3NFJXltSutAEQ
563,2015,9,699,Medellin,6.240952286440877,-75.57544521289233,NX4xhECDZZwHvb8S4LyGWw,665,0,751,7,2382,False,ABCjPqOM92ZNzeL-arEAqw
1134,2019,3,475,Medellin,6.252020907847858,-75.58753206438543,E8Kkez4mJXU1OMPv5Ho_dQ,531,1,1245,1,5313,True,E8Kkez4mJXU1OMPv5Ho_dQ
222,2014,2,303,Medellin,6.234959426390058,-75.59827363430563,G47mUuSHbSJA25UQLccROw,336,0,344,5,429,False,hlJ53Lk0gHCY849ajwo3JA
1155,2014,6,313,Medellin,6.251960205805875,-75.56743374306055,1kna2jCCY_ICLabjVCqXFg,385,0,403,8,5315,True,1kna2jCCY_ICLabjVCqXFg
925,2017,7,601,Medellin,6.247999149587548,-75.58434552274096,TyRQR4u6_8oMSG7OH6e8dA,516,1,1246,1,5316,True,TyRQR4u6_8oMSG7OH6e8dA
553,2015,9,175,Medellin,6.241082940933019,-75.58542161956585,8vxAUUfTWAn5VcT8O6LySA,21,1,648,5,3709,False,It067MRbRwrQg9RDVzyF3A
1063,2017,7,305,Medellin,6.250932154038348,-75.60548774360248,TGpe6KE1lgO4U7HMaCjAlw,537,0,580,10,5826,False,oI9fqFFx5ZctOqQB_FT72g
831,2013,5,479,Medellin,6.245595089307313,-75.57261826578183,Ql0UfOE59kBEOvE5DN7-Ww,312,0,317,7,386,False,yTThx_PtpNZLWe1_OMEbmA
1135,2013,9,425,Medellin,6.2519907378245,-75.58657934128988,LjqRnfJd4Sp4HARpkfzCFA,391,0,411,10,534,False,j7hgzpOOKjBytfzSV9tc5A
907,2013,11,336,Medellin,6.247971424632328,-75.60244266777296,p82qZY3BZu76sgJ4kCNFKg,405,0,426,4,5321,True,p82qZY3BZu76sgJ4kCNFKg
854,2018,12,503,Medellin,6.246942928763586,-75.60248050824755,4UZ4bmR9keA6LXIK5xv2_A,68,0,68,12,5545,False,42LuKNrdDFPXt0lMmHPJeQ
1026,2013,10,560,Medellin,6.250010229489489,-75.58939583966476,EDlMXmQGV9cW7XW0d0XRyQ,684,0,775,6,3477,False,DbNlfBBhaeioxHCrrMXcHA
245,2014,1,321,Medellin,6.23492205585911,-75.5754951017339,m5PS8dO8DeCP8fn4UskjHg,422,0,444,14,1521,False,S3bFKY4w908uyzvbJEZSIw
661,2018,12,243,Medellin,6.243062730369828,-75.58349598628436,nT1ecY1Ye7yJLveh783Y2A,389,1,705,2,1211,False,Gg2FS3oV_QNi6Tk1xQFlTg
304,2016,3,323,Medellin,6.236097957608407,-75.56953267048883,jjLm4cA_Yf71-9HTGRuXvA,219,0,220,4,252,False,HFEeXGqvbqEpDCpMJe_akw
130,2013,12,312,Medellin,6.233283718014314,-75.58451739168346,Xv0nknjJ-2iHO7OPnT0KZA,299,0,304,4,5327,True,Xv0nknjJ-2iHO7OPnT0KZA
741,2019,6,379,Medellin,6.244063928411106,-75.55647628790648,_ObCQ3vHqk0g9FeZXPygyg,747,1,1247,1,5328,True,_ObCQ3vHqk0g9FeZXPygyg
616,2015,4,278,Medellin,6.241948194197191,-75.57541548795456,SIucBDj2QLEF5I6H6D8Fsw,717,0,828,8,4461,False,zEKpqxR-8sYFWW8-eplopA
56,2019,6,257,Medellin,6.231884658662613,-75.6054941316901,tk2afFExb5BvzZTaNc63RA,719,0,832,6,5330,True,tk2afFExb5BvzZTaNc63RA
772,2015,1,257,Medellin,6.244902428199889,-75.57863495239943,a0RXYio8kLBluDQAUzOzUQ,225,0,227,11,439,False,iNi6ZSbJqnsuRazytIxJmQ
763,2019,4,404,Medellin,6.245126644477908,-75.58740366195558,yr8xiOFY8aK_jbefBFy1lQ,284,2,1211,2,4791,False,nr4a77xi17YilSqlh_UqjA
403,2014,1,518,Medellin,6.23793940973274,-75.57649040098774,vh-pEi0g1JNxk5Q8WJ6Jog,473,0,503,13,2283,False,0wns_31olfodW5lI18oknA
693,2016,3,693,Medellin,6.24405674996153,-75.60467811823655,rcSuWci84LB6ilEkwjV42g,813,0,1036,3,2799,False,oKgW7BNMLdFY9fmdSDq5og
764,2019,6,418,Medellin,6.245117823827827,-75.58631001985816,Fvm0H6XdAabxVuHDFvNUCQ,170,1,944,4,5335,True,Fvm0H6XdAabxVuHDFvNUCQ
860,2017,8,189,Medellin,6.247025168611252,-75.59643522985726,2FT1KGBFD2u7C15g9XdQdA,560,0,606,2,949,False,upwwAz79BnC5bKq7MFe9Hw
791,2017,6,250,Medellin,6.244870839096416,-75.55950722262821,Fd43qbHBSCdw58utDCOq-A,843,1,1244,2,5283,False,iteCQ_2gmv5PLy4PWqRnUQ
445,2019,6,108,Medellin,6.239012069602296,-75.58751260617973,qU5ZPBoGtBj7prfwfeVHPw,617,1,1212,2,4803,False,KH-4IblZ-oXLcYWZVNvxYA
365,2015,9,403,Medellin,6.237089722130934,-75.56154396924627,e6TrMdWZRmAIJKSb7-Bc0w,591,0,643,4,1038,False,QOLPv6Fzswf8m2_g4ktiMQ
476,2019,6,153,Medellin,6.239084193092245,-75.55641090546287,tdgFs4TD2KVHHSi5voN2yQ,4,0,4,8,4648,False,Ch8yuEAZnRROXU9wCoDiVQ
680,2019,6,221,Medellin,6.243389585358414,-75.56424149919657,vSocXIF3MYhjZaMJ-6iZjg,162,0,163,10,5027,False,9Wf-wyeLSm7fH5wEqI4r5w
644,2013,6,488,Medellin,6.242784468548563,-75.60050932335204,_Mm6-TjSWHb_x7SicsRsYQ,704,0,806,8,2524,False,tv6FLNmI4FvRc4MiD7gCdQ
988,2013,8,268,Medellin,6.248922879449831,-75.57453192289478,KIIMkOFr8ZcrnXpXNomvXw,158,0,159,7,4156,False,MALV1AuzjU28bLCvlEUoAA
1068,2013,6,368,Medellin,6.250914598500671,-75.60047561290686,JoobW7qyHFfYqggazMP8sA,453,1,1214,3,5036,False,LcCAlFoGj4k4K6R3fyOShw
123,2017,8,297,Medellin,6.232996943132083,-75.59148885089212,QrzYU3C4jBLV5KpRs_kXig,677,0,767,6,2588,False,jCW-2espNctu3dLdh_0t8Q
528,2013,5,475,Medellin,6.240040059016109,-75.55743569142491,RgMslyUNYWvr7_8eWW9nog,161,0,162,3,320,False,r8lp8XxTh80vslP5RQFv-g
183,2013,5,533,Medellin,6.234154131009321,-75.58443123537059,JRa23g1_IPALNoytvGa_eg,788,0,962,2,2380,False,YAQ2caIARAgV864OXxAG6g
1036,2017,8,426,Medellin,6.24983773293695,-75.57923784382874,fhLNVuzkCP-1q34j4ZraMQ,99,0,99,11,1524,False,ppD0eak4IGxKGlmVcWyXRQ
1149,2017,6,272,Medellin,6.251817534427617,-75.57255019113964,-tH-LMgDY4kveuw1oWgbLw,241,0,243,10,3567,False,w99tbaQKXd99g63jartRbw
744,2014,1,675,Medellin,6.244987167832225,-75.60634857098712,cbvIL9KhpgRhywx40i7rhg,624,1,1034,6,2790,False,YesHSOeCi4w8esq9rH0ctA
438,2013,8,112,Medellin,6.239031619091134,-75.59445397324208,YC2QbUrwfnYr1XM5glWWSg,359,0,375,12,5219,False,g3uWiJsJd_VUkxnPB5tTHw
311,2019,6,259,Medellin,6.236034612474615,-75.5624881931392,IVMPH1Aql81NuQDo3_ZQ-g,483,0,515,4,4628,False,nRTDRtLqeYBiPIJgzPek2Q
912,2014,1,333,Medellin,6.248071494469762,-75.59749284955615,Ca-KKMAqWyDrARMr-fGRTg,778,0,947,5,2424,False,2HrC7WCj3KBh1ZlPyQRLAg
298,2016,3,485,Medellin,6.235978651865078,-75.57545837708723,walBDGOYR5tqp2SNRfnTvw,315,0,320,11,2224,False,uZ_1-hjnyERXj-2h3vDhGw
196,2014,12,536,Medellin,6.234038661341501,-75.57161434206132,aHI-EAl3uEuBH1jT56JKrg,643,0,714,9,2907,False,MFbWKm1CPBQv69Cm95tfUw
201,2017,7,418,Medellin,6.233367698347227,-75.56707299966098,6LC7wJtXkObRdXaTtEQJUQ,235,0,237,11,2340,False,AeLlLnsoIhRWhIp79I-LKg
343,2019,6,270,Medellin,6.236916848252056,-75.58336859380097,NFgUekGgOiEC6P3i_gOlXg,819,0,1047,4,2923,False,VY-iO-HQlSAznPr4mnzopA
1091,2018,11,457,Medellin,6.250796220024318,-75.57748704532517,1LwoUfbvUYD6vdydrmX85Q,625,0,685,6,5358,True,1LwoUfbvUYD6vdydrmX85Q
388,2013,10,428,Medellin,6.237912807062569,-75.59137916772846,fvE_hejjofIfAo72WsOf_w,689,0,783,7,1502,False,yPSL-5sJef0o9OJUoENsbA
664,2017,7,303,Medellin,6.242449089938727,-75.58041011471728,jlyxVtcE-LllXoDu_VqAWA,795,0,975,6,4613,False,OWq0mwzaL-YuWe5toCrUbA
459,2013,8,603,Medellin,6.239094584684769,-75.57359990964873,zlyeTVdkb4lSQ-QD6nzeJg,250,0,253,7,291,False,HiId4qPDLormsw877-3dWg
766,2019,7,612,Medellin,6.244898653720021,-75.58436666972976,jJcbLYtokLcEL2GaIj7C3A,202,0,203,12,2542,False,TtgGkjr2vOJdoD8KOjFBWQ
1188,2017,6,334,Medellin,6.25287379376732,-75.58646601086113,CZOCwpUxXvBX_Fj3DpQNdw,442,0,466,8,6006,False,4_MFIQtKqnFlLSyYjJsHZA
1129,2019,3,150,Medellin,6.252025815440103,-75.59237460235406,TALRF3FiksmxxIZD7jKL3Q,708,1,969,2,2426,False,e4az9wh5lQpmPsBMms-kRQ
352,2015,1,396,Medellin,6.236891325106168,-75.57440154277715,19JOPtc5FMc0kuEJ1_ZXwQ,322,0,327,7,5365,True,19JOPtc5FMc0kuEJ1_ZXwQ
218,2017,8,245,Medellin,6.235018138971784,-75.60228101201818,c8wXJ_wp0gHOt3ha5yo1qQ,35,0,35,13,5934,False,T1HS-nV-3Eq4uMuq8YtPUg
527,2018,11,245,Medellin,6.240147321236177,-75.55832099181546,I54spFX-xHzMN1KZnJftdQ,683,0,774,9,3052,False,6UuGx_0GDIo2tKWusnO9tQ
1124,2018,12,612,Medellin,6.251963038667602,-75.59740331133452,_C-3mXQoy7shnoynIBvp4w,119,2,1248,1,5368,True,_C-3mXQoy7shnoynIBvp4w
728,2018,11,334,Medellin,6.244057058796892,-75.56944100486042,C-GzWbiN6B88LviJoqci8Q,104,0,104,9,2628,False,O09yXQNhZbYFcK7CNL8hWQ
967,2013,6,692,Medellin,6.248924254684455,-75.5954137731518,D0YZxkChuG91LzVBSLbheA,649,1,1249,1,5370,True,D0YZxkChuG91LzVBSLbheA
912,2019,3,334,Medellin,6.2480558170972,-75.5974285261575,aA-wQc03L7JTFhIaQnk3Lw,778,0,947,5,2424,False,2HrC7WCj3KBh1ZlPyQRLAg
732,2013,12,312,Medellin,6.244156017691878,-75.56538217032164,y4CexZ72hcgdwDXYTMj6mQ,548,0,593,10,2364,False,ELzCb9cMyeOJuCMhbeQyVw
757,2013,12,508,Medellin,6.244878924049842,-75.59353341495688,TN7SMKjLYaD0rZ-x1fmLaQ,604,1,1184,2,4427,False,vX-IJeQP16Cj3HJ2mjh5yA
301,2015,9,567,Medellin,6.236030505739957,-75.57245735922764,zaZ17eg1ZcOLxYhpv9Glmw,660,1,858,4,1795,False,3Q_IgTaLdC4M2Pp0Vui99Q
145,2016,3,206,Medellin,6.23296432914016,-75.56993731748935,K2FwW-JdavUgGQnEaYY87A,183,0,184,25,1616,False,oFs5LoL1vDLaMHFkDtwqbg
637,2018,12,333,Medellin,6.243006215172264,-75.60757645733915,u7MuL1vxs9ms6Q9PeCKo9g,798,0,980,5,5376,True,u7MuL1vxs9ms6Q9PeCKo9g
1062,2019,4,397,Medellin,6.250950519183262,-75.60639717671486,Q4rxAR5K2ufNAZcYl3KpnA,485,1,1250,1,5377,True,Q4rxAR5K2ufNAZcYl3KpnA
1236,2017,9,345,Medellin,6.25393981118887,-75.5905000266476,hZPoYfWSuhscl0xL5KtmBA,779,0,949,10,2615,False,0EXsqruMPzhICRwvjTUlmQ
84,2017,6,313,Medellin,6.23200414474644,-75.57745575256978,Rse5OgdEU1gLNeRJPKKL9g,763,0,911,7,5077,False,hzNZl0EQaWxqg2rq-C0DFg
1255,2015,10,260,Medellin,6.253948118210181,-75.57476904853736,9tRkyIrGH3Yjjgeicynqmg,262,0,266,7,2437,False,GalxffcN8fcoWlpQF_CFeQ
457,2013,5,175,Medellin,6.239008262447524,-75.57541199098064,aVvaCR3c7X4ATcMsIkfGvQ,546,0,590,8,5929,False,MH2oOFq475TsiRNGzoHi4g
669,2017,6,101,Medellin,6.243451681773522,-75.57439986571751,9aQEOJzl-lox0JPYtVJ1jw,775,0,943,2,2244,False,oMb7SP7ooyAlp3r_Kms9zg
982,2019,7,498,Medellin,6.248893708975451,-75.58039251134532,Bln1CnNepU1BzdbhVkPvqA,110,0,110,12,5199,False,Bgf2Z4iqi1Aiv4nff55rlg
851,2013,12,600,Medellin,6.2470023435752,-75.60563156419336,-E0iS9qM9b1He90MfxhFXw,256,0,259,7,305,False,Mb-An7ruclfppfyXOqY8fg
147,2019,6,237,Medellin,6.233057527411399,-75.56774551417566,fXgXbDeF458eMMD46rVIow,838,0,1144,5,5385,True,fXgXbDeF458eMMD46rVIow
286,2013,5,522,Medellin,6.235920253680546,-75.58738328828342,9_uuNfRg5Knf0BX82KJJhA,348,1,1150,3,5386,True,9_uuNfRg5Knf0BX82KJJhA
438,2014,12,121,Medellin,6.239050456571659,-75.59444625962831,iXEpEjpCU2fCOrh0dreRTw,359,0,375,12,5219,False,g3uWiJsJd_VUkxnPB5tTHw
64,2013,5,309,Medellin,6.23213354095816,-75.59749624875256,p2QLfAoIt6Xiomvi1IM6CA,812,0,1028,7,2810,False,_BfJVwrPZl_rVgCdvKBUTg
179,2019,6,295,Medellin,6.233736948306225,-75.5894387269993,oRSo86_RTv_QZWcpL83cpA,416,2,1251,1,5389,True,oRSo86_RTv_QZWcpL83cpA
510,2015,1,446,Medellin,6.239913550329613,-75.57547712624029,GbTKu9WuG5TDZMU9HAnvow,55,0,55,13,3770,False,dUojXRqaMWPoqYdvhksVaw
562,2019,1,244,Medellin,6.240480197617684,-75.57658084937319,ilWqS4s5aPOEOJz9Wwyixg,492,0,525,8,5101,False,9wNpStFDNlvGzWYVGf-k8A
815,2014,3,302,Medellin,6.246005044059797,-75.58842160643154,iM3tULhlq5S2ch5sFtlXHA,268,0,272,4,1730,False,YjLouaDiYFaCAEoODk3xhg
335,2013,5,502,Medellin,6.23697867777473,-75.59161562723011,kpjJlfS2cRT_KtJjywKzhQ,481,0,512,6,5393,True,kpjJlfS2cRT_KtJjywKzhQ
112,2014,2,263,Medellin,6.233003577171863,-75.60214895999101,GAzwwVVwyrpOMi4gSRn1gg,230,1,1132,2,3708,False,XqBBVNQ3MKv4XYSY5yMWsQ
275,2017,8,373,Medellin,6.236111308173972,-75.59839850996953,2SzTRRMcltMVqYcIiHZplA,844,0,1199,2,4619,False,OPfWrsbqQEwBqI-pQayrpA
295,2019,1,405,Medellin,6.236376583072865,-75.57756705000463,XfgCCf8DpSKSMRnzIOqY2w,33,0,33,5,433,False,bNECkdSp5DhSehcevugaMw
357,2014,7,250,Medellin,6.236996462990002,-75.56949546431471,Vg1JRA_FTqLK-3mBjze8uA,503,0,536,15,4633,False,lHqPaXIdMlo_sny6QGShNg
758,2013,6,374,Medellin,6.244822186686869,-75.59220827309213,TYMt-GgLz4ezsJJAA6LGfw,280,2,1188,3,5100,False,JeqaPbJzZDfrTWrP3GNF2w
360,2019,6,382,Medellin,6.237662895845822,-75.56659424080598,pssulElyucVuIXG_zSuPZQ,772,1,1134,2,3729,False,m6F6Qfnrv2aXhWST47u_GQ
910,2013,10,319,Medellin,6.247981774151477,-75.5994880923118,gXqQVUfvSOjPEpmX9m62vA,342,0,353,5,2066,False,iPi7-8-5l80AhPiJLIXYNQ
1191,2014,1,313,Medellin,6.252934703384574,-75.58341644269112,Wyqd3FniFny7RuMRKfKA1A,362,0,379,7,5401,True,Wyqd3FniFny7RuMRKfKA1A
322,2014,2,155,Medellin,6.237098731688143,-75.60449316357528,XzBk4E4Ns6vdWBHEBGYH7Q,840,1,1252,1,5402,True,XzBk4E4Ns6vdWBHEBGYH7Q
1178,2017,7,362,Medellin,6.252844654174433,-75.5964745432475,UKvNSQ00UYUc7zAbr0JSAg,154,3,1253,1,5403,True,UKvNSQ00UYUc7zAbr0JSAg
702,2017,7,222,Medellin,6.243910103047027,-75.5955601449087,_5vtvd_489HcfMHjwNomRA,375,0,393,5,1384,False,TaSzbwJ3PYeLYKTxdG3iWw
62,2016,3,324,Medellin,6.232065241982475,-75.59948332212385,T9QGaB1b-8kedXBrm22CCw,622,1,1254,1,5405,True,T9QGaB1b-8kedXBrm22CCw
42,2013,7,364,Medellin,6.230762728600634,-75.56597415583823,fu6-j5l0OxyVAbYhdIHEBw,517,0,555,14,3244,False,dHUqbRWzf-M9bddwhw51Rw
728,2013,7,329,Medellin,6.244047125196395,-75.56942212573358,fGGH5TsFnsNzRg3wYu5g0w,104,0,104,9,2628,False,O09yXQNhZbYFcK7CNL8hWQ
21,2013,7,446,Medellin,6.23159044561068,-75.58643394578998,K5AlWgzBr1DHvn9bjZH-Mw,32,0,32,8,4096,False,OxWXwtaSDl5NhvobjXHNCg
31,2013,10,335,Medellin,6.230997979891558,-75.57744830228887,Akjy8sq6oXdCvxJfpcGzqQ,659,0,741,11,5409,True,Akjy8sq6oXdCvxJfpcGzqQ
350,2017,6,370,Medellin,6.236990299715261,-75.57648097751006,XaguTPaVtVBjICnzOFiM8w,814,0,1037,11,3422,False,5BImpe3gJA8stYiLfHQNpg
931,2015,1,311,Medellin,6.247791345040127,-75.5794421983878,aQ3ElCw7Qx2im6ld3VT3LA,121,0,121,17,2711,False,iuuOp4Qjdr-KC2e7QSgVJw
440,2014,4,158,Medellin,6.239092735548299,-75.59242506451152,R0pcp-wRYJz9_QyTVd0DLQ,97,0,97,12,2819,False,BA9OOUhjNGiAesXJvOFEvA
408,2013,7,570,Medellin,6.2381025691628,-75.57161748362263,ZZJct07YuKJ4CWvwT9dTLQ,37,0,37,8,1962,False,LrB-44Rx4E7AmZNPwer-HA
754,2017,7,257,Medellin,6.244941948015821,-75.5964364947148,BaCihhRvAQ8cH0MrovPsTQ,122,1,1255,1,5414,True,BaCihhRvAQ8cH0MrovPsTQ
874,2014,4,631,Medellin,6.246881104473998,-75.58232922943758,gJ8LCSX_ZEcddffrZkWweg,265,0,269,15,967,False,oPuVUtuDiT7gajx6H2u2ug
339,2013,8,46,Medellin,6.237004132586688,-75.58744635559358,c0Ms1wkGfZz7Pbvv43v2zA,682,0,773,8,3949,False,JuR0oS4UpS3q-ScgdHwUWw
17,2019,7,40,Medellin,6.230958848970797,-75.59146048040053,eUtJn5EZqn1WipkLcpIy4A,367,0,384,10,4872,False,uOWoxgKQ3G9NDNqk4UsAgA
19,2016,3,416,Medellin,6.231387539741846,-75.58965225899955,K0TQ4NdkUtQyZFKxz2xQnw,404,0,425,9,620,False,Yq9X-5vc6uqiRBlCqD7gPQ
405,2013,5,194,Medellin,6.23797880250871,-75.57440178330685,030_LEYWYr4TjVGuEC1maQ,246,0,248,8,3071,False,mUD7gGlgXH8WvtCm0nOtoA
70,2015,9,443,Medellin,6.231958871152841,-75.59144665411667,xph9Dig1aCJdAp4HAprQ8Q,179,1,351,9,3058,False,PtD2blanRCvDAH2e_yQUYw
1135,2018,11,421,Medellin,6.251988232173578,-75.58659939528262,OUwKdGZ5cYchZ8oJ2eIqTw,391,0,411,10,534,False,j7hgzpOOKjBytfzSV9tc5A
403,2016,3,534,Medellin,6.237958626775459,-75.57648768336679,moKGWeix9i5lK8PymMCHPA,473,0,503,13,2283,False,0wns_31olfodW5lI18oknA
1040,2016,3,351,Medellin,6.249941874420259,-75.57524434637632,vNqgU-BkTVx11oFgYxnbyw,236,0,238,15,5221,False,kqL5triMYOxn1GZlLkeH3w
914,2015,1,378,Medellin,6.247902481099323,-75.59553834802315,mfG7EsrU6KOF4CagPWeOSg,190,2,1256,1,5424,True,mfG7EsrU6KOF4CagPWeOSg
1236,2014,1,346,Medellin,6.253913240018401,-75.59051241997574,GPIQqYeGG-JCwjOqKhMvYQ,779,0,949,10,2615,False,0EXsqruMPzhICRwvjTUlmQ
545,2013,8,201,Medellin,6.240796144652888,-75.59368750316617,Vi7iW2hn-dCI1GSbkKFjEg,655,1,1257,1,5426,True,Vi7iW2hn-dCI1GSbkKFjEg
185,2019,7,339,Medellin,6.233936810429844,-75.58270922349621,ZYGD_jfAc72_tNK29b7rJA,729,0,848,13,5427,True,ZYGD_jfAc72_tNK29b7rJA
253,2019,7,210,Medellin,6.234787523079266,-75.56800243571575,38cecFMHZYbqR96MyPRC9A,496,0,529,14,846,False,TbDIxnOfpTm0ZYZf-V7mqw
283,2013,10,365,Medellin,6.23610577890175,-75.59050037286534,LqSg1DXl-A5xxqMklkroVA,383,1,566,7,3502,False,KUTe7wOKKsrxatZXBms7UA
353,2017,6,177,Medellin,6.237042292901663,-75.57363492563957,xYCOiVJGctpuOiVgZITk1w,758,0,900,7,3540,False,iKlm-pQz0CWsbJGR1nG15g
770,2018,12,612,Medellin,6.245026494743238,-75.5806157817646,AX6qiBfZP9xNhpWUE7Nl-A,318,0,323,3,5431,True,AX6qiBfZP9xNhpWUE7Nl-A
1026,2015,9,553,Medellin,6.250010875727046,-75.58944325718551,eDQu-6wWpePzGgl02tRnrA,684,0,775,6,3477,False,DbNlfBBhaeioxHCrrMXcHA
583,2013,5,499,Medellin,6.242024541653464,-75.6085099540532,twY6GPggb9hxgoY8frF1yA,713,0,822,4,5433,True,twY6GPggb9hxgoY8frF1yA
191,2013,8,453,Medellin,6.233929731793212,-75.57645894828573,5EWsUpoZD8XCm4iM5OIm-w,640,1,1191,3,4525,False,sg1vc9mkLSsV8PeNnRdTJA
869,2019,7,364,Medellin,6.247120366176086,-75.58742740141084,RjIXVMtMeaI6JDbY4wLQWA,136,0,136,9,142,False,Y4IyBq_94D585bVzk4hAvA
879,2019,3,241,Medellin,6.246876131162235,-75.57748143435985,FUC1tSZLypoByjBdYnaubw,700,0,800,12,2363,False,8eyEglL0qGbhrhrDWiv9og
22,2014,5,305,Medellin,6.230986186626043,-75.58725601606376,zK_jEUsxUjM55NYi8bJrQQ,34,0,34,4,5437,True,zK_jEUsxUjM55NYi8bJrQQ
125,2016,3,326,Medellin,6.232966211523064,-75.58927911944589,lV501wk_H_7CHNkanhTkPA,535,1,1258,1,5438,True,lV501wk_H_7CHNkanhTkPA
1014,2013,6,307,Medellin,6.249925864470057,-75.6013679355674,xmbZ3h5o6P0xVNaQ3savjQ,102,0,102,9,2167,False,mBNYV3TZVEZQ-Am4YTk6kg
552,2015,1,216,Medellin,6.241136178181729,-75.58630548348846,fojd1qQqaEFhS0jzRVOKJQ,188,0,189,10,1347,False,OgvwutI4N76F6_VVi61v0A
391,2019,6,181,Medellin,6.2379570868771,-75.58852345057447,-NMmPiTc-Iv5_KGOkBa6Jg,806,0,1001,4,4445,False,q5Yo8i35QCtjpWsY54h74Q
622,2013,11,436,Medellin,6.241891380612114,-75.5694517557463,m-iFkfqIXHJkhnfU1S0jdg,432,0,456,13,614,False,fe1unOtAlLl2Z6S9sPNpZA
387,2019,1,368,Medellin,6.238070777420918,-75.59261281727333,ylkB4fipuyFuqKc4z1pF7g,439,1,1259,2,5443,True,ylkB4fipuyFuqKc4z1pF7g
330,2016,3,350,Medellin,6.237018505711228,-75.59654941508381,K7O9MONJ5c5NyRyBiT8UQQ,513,0,550,8,1178,False,nVLn_rXk9K8rlPCU2Q9ZsA
765,2017,7,551,Medellin,6.245146627489232,-75.5853503327293,ypi4DVUYZMCrqcFmqImyLw,569,1,895,3,5445,True,ypi4DVUYZMCrqcFmqImyLw
371,2013,6,385,Medellin,6.238021103459146,-75.60846478689447,RRgc2V6_U3kpFRa2N9IioQ,706,1,1260,1,5446,True,RRgc2V6_U3kpFRa2N9IioQ
1073,2018,12,468,Medellin,6.250964362766087,-75.59574239821806,XmxXKlZNSWUfgco0wub5tA,539,1,1261,1,5447,True,XmxXKlZNSWUfgco0wub5tA
43,2015,1,465,Medellin,6.231085264300818,-75.5655989052385,JmuaQ3inQo07nxkmzKpMjg,52,0,52,13,5508,False,lowyxbygebLHZ9RkBBd8tA
769,2019,6,627,Medellin,6.245050499843671,-75.58152830669397,sypWbK3res-QfIF_t7Mupg,631,0,693,11,5670,False,GBc0pSYHU-fCviglorq83w
1000,2019,6,444,Medellin,6.248891374498212,-75.56218112333697,spYNju9F8XSMez64QdlSdA,632,0,694,6,5450,True,spYNju9F8XSMez64QdlSdA
608,2015,10,488,Medellin,6.242075094238416,-75.58350950449767,_-dw7ZdTQq5uiqyFBqnVlg,7,0,7,12,1562,False,wEcgeZivBFib9e3k8O2Avg
765,2016,3,351,Medellin,6.245161714808948,-75.58536741905756,HJBQGKwRRqv65UlsRj6Vpw,569,0,616,6,1908,False,Fn95aDAUw7teWNccSmaScQ
622,2019,1,415,Medellin,6.241881175292833,-75.56943891788512,7DMbIFCsYTm-GTHw-5vALw,432,0,456,13,614,False,fe1unOtAlLl2Z6S9sPNpZA
1036,2014,8,418,Medellin,6.249798421879628,-75.57918524399128,kXVLcTaax2_8JuKrg5Wm6Q,99,0,99,11,1524,False,ppD0eak4IGxKGlmVcWyXRQ
496,2019,7,571,Medellin,6.239974189588207,-75.58935945458506,6ssb3zoKLREIbiPiktVsHw,568,0,615,10,4722,False,Cb1mggJLg_fYLs9xjf1DdQ
978,2019,3,371,Medellin,6.24899726306155,-75.58447821752273,OQqym3nSIyGMizETRA31ww,533,0,574,6,5456,True,OQqym3nSIyGMizETRA31ww
837,2013,5,199,Medellin,6.245989609495379,-75.56649379494239,gfc2ybxvyfHxEV03CsGcDQ,343,0,354,5,4452,False,BLP7F8bIab_lUBVNsOSwxQ
599,2019,4,260,Medellin,6.241826652858713,-75.59183691876657,Exjunw__8bnTpi-BTLgX1w,12,0,12,7,2329,False,yzijo4FUDshx80aYXki5eg
1109,2013,6,426,Medellin,6.250741355602107,-75.55964456341724,GiUWDzKUue249lT0oqhArw,831,0,1096,5,5759,False,u6NEItPw32RU7sz7mClIdA
115,2013,5,303,Medellin,6.233014141639339,-75.59945848695887,K8omITSxYJ58nlGJ-EHaBQ,613,0,670,6,4256,False,VuCKf_QBYnVDTX1NiBfdNQ
342,2019,1,477,Medellin,6.236972891235383,-75.58450035640848,rDRLbxL7SHvDaSrdYaJ4mQ,817,0,1042,2,2861,False,ZvcXb26bej5jdekaoTuduA
435,2019,6,570,Medellin,6.239013865829444,-75.59749706131564,qgrh1B5i5cEmm-RZPd-rJw,611,0,668,9,1089,False,HFE-zhThma5LuI0KZxNXVA
1209,2014,5,549,Medellin,6.252655088258918,-75.56563378393044,DVb1kKqBIC5a4By0RpxOFg,283,1,1166,5,5756,False,8MUi9tTr0it01YDnvwEDBg
670,2014,5,462,Medellin,6.242999791994671,-75.57555856841049,uklcG9KwPT4FfQ7_c8AoNQ,386,0,404,6,4965,False,mYnNx20cof6yeEc4Ku4Bew
141,2013,10,290,Medellin,6.233139109898668,-75.57364517518977,Fe6h7QSt3dS2tZCdp5Ip-g,276,0,281,11,2599,False,iQYx3brTs_CUaIoDYjE5qQ
1023,2014,1,520,Medellin,6.249748754332828,-75.59251233401795,kcRXaO8SI_3ajGKK3HuQhw,565,0,612,11,4770,False,IBJp-qJRA0jyTqOqCmqnhQ
778,2013,12,224,Medellin,6.245177411030499,-75.5723561046763,kBAG2TUZMfuV3pnvfuGm2A,227,0,229,11,262,False,9g-mSvJ716BhQz83M9Bsjg
199,2014,2,148,Medellin,6.233948801043074,-75.5683522027373,LLyxb4Jd7KZ0Si4oMzemhg,724,0,842,8,2320,False,zWygB9Zt9mR6kkHS0hWmmA
464,2014,2,480,Medellin,6.239037594406812,-75.56854410484617,HGmtUKmJrKTgGJmef5i9Xw,699,0,798,9,1775,False,6AchZX8c9VnmqiXvQcLysg
680,2013,12,232,Medellin,6.243371054456734,-75.56423886791193,u231FX4Ma7hkjzNt4txmYw,162,0,163,10,5027,False,9Wf-wyeLSm7fH5wEqI4r5w
720,2015,9,313,Medellin,6.243949035081981,-75.57741217304032,EXwVmXmJhJvRZJeeFd-scA,338,0,346,6,5471,True,EXwVmXmJhJvRZJeeFd-scA
147,2013,11,229,Medellin,6.233052749310138,-75.56775252008903,NN4_ZaD3UyBnWOwurFxzhQ,838,0,1144,5,5385,False,fXgXbDeF458eMMD46rVIow
988,2015,10,254,Medellin,6.248934842900995,-75.57449777028303,1VbIQWeHrFbAXjA5aR6bVg,158,0,159,7,4156,False,MALV1AuzjU28bLCvlEUoAA
276,2017,8,374,Medellin,6.236131475221125,-75.5974657870884,Ozr-sGFHe0GdQ2s6YfYKEA,458,0,485,4,670,False,JFP7SBshYYkChJ6od320aw
566,2015,9,475,Medellin,6.240848059577273,-75.5722913359206,ZlfmzDPdmN67to5SvUpR7w,388,0,406,8,600,False,Um0ch75g4OIBmCpT-dQ0xQ
406,2018,12,652,Medellin,6.23798168999897,-75.57340841501679,zl6PVT3ecrDXCeQFuMVnPw,460,0,488,9,3369,False,s3_Ij1olCsBbTdUEWjr3JA
160,2013,6,175,Medellin,6.23393652512414,-75.60635962886619,gNNReiaJdy-d-FJ0KXBgJg,182,1,1006,3,5477,True,gNNReiaJdy-d-FJ0KXBgJg
44,2019,6,518,Medellin,6.231155425954816,-75.56401917723862,vc-_BWWLmEWNaiEvT239Yw,395,0,415,3,542,False,4BQuCFawOAh-COiKwRSzyQ
921,2014,2,446,Medellin,6.247952765022997,-75.58831357948225,ffmFNFsGJ1j0MjwHhYhlEg,606,0,663,4,4069,False,cqIHiDZv3gWAwmjk-3DEjQ
1094,2014,4,345,Medellin,6.250982166150419,-75.57451057452721,RhVPPLZQshhKLLwNqfmUZA,474,1,1262,1,5480,True,RhVPPLZQshhKLLwNqfmUZA
718,2019,1,247,Medellin,6.244025145226942,-75.57942401308595,OEgNGPrlPtdYIZaNPLjA6g,524,1,878,4,5481,True,OEgNGPrlPtdYIZaNPLjA6g
82,2014,4,390,Medellin,6.231926897248865,-75.5794178948973,e5ygypTEa6jLrgfmedFTqQ,155,0,155,13,5672,False,EQe_ny67VxxDchxxHXs19w
617,2017,6,524,Medellin,6.241878820591608,-75.57445414143552,pKNGZlKZMBcHVtkiLXcGLQ,297,0,302,4,1394,False,ldFc24mhUCqTHsW8RJd90Q
88,2013,5,494,Medellin,6.231953199238174,-75.57329828568568,xwfcipQa1xcyBlERSdyM5Q,576,0,624,5,3635,False,AqbBMkVCjU12ZrE8Xu3h3g
652,2013,6,276,Medellin,6.242954519360312,-75.59255034571889,zTnK-0eEizt30HPG14Wt3Q,417,0,439,9,3278,False,SU_3XtzLkeTC3XVpbk5w5w
1008,2018,12,383,Medellin,6.250135023503486,-75.60735967379514,pY0wM4B1JUc25Hs78oVvdQ,461,2,917,2,2106,False,mAsBl8pedN5btcEmW2ksUg
1251,2017,7,327,Medellin,6.253904379860058,-75.57650477652132,-9Ci_nz8J2IU2T5sAv12Fw,754,0,896,8,5487,True,-9Ci_nz8J2IU2T5sAv12Fw
355,2015,9,386,Medellin,6.236880271216464,-75.57147642288274,gCMWnKn0c2gyrtG_V3ml7A,480,0,511,10,4070,False,zlvxk0hKwM3-LfJzjXmPTg
140,2014,12,323,Medellin,6.232849193412837,-75.57451342795666,anTpHooFclidTVB9igx49Q,94,1,1099,3,4710,False,qz7SJhSCsqNTiJ-pVNFA7A
979,2015,9,365,Medellin,6.248965583159906,-75.58341335838112,A0zLKytdnczqk-j4FK5jIw,536,0,577,6,4753,False,uuKD8g3uHPoYuuhqn0ZGjA
605,2015,1,385,Medellin,6.24204755928826,-75.58641829400493,BaUMAOF7pniYknMlwPNKIg,198,0,199,6,5491,True,BaUMAOF7pniYknMlwPNKIg
418,2015,10,437,Medellin,6.237964110524599,-75.56147536675827,poKMsQEjjAEyDBLKlJv2pQ,818,0,1044,5,5733,False,GaKFl3Djqi0wVDStnxk98g
510,2014,1,440,Medellin,6.239905629513586,-75.57547835428804,BAUlrgcuSsOrg8scD4gBIA,55,0,55,13,3770,False,dUojXRqaMWPoqYdvhksVaw
130,2015,1,149,Medellin,6.233257637049112,-75.58453260555467,bOzz-el-8z9npvFGF6yphA,299,1,867,4,4229,False,Vy2e9oKm1kgK8YTnWrAJzw
351,2013,5,108,Medellin,6.237078909776779,-75.5754149611117,CExaB8QU_NSDyMA2_mD5Ng,153,0,153,9,163,False,p7IBpcNkRqPVDiBJl5f4Ng
851,2015,9,594,Medellin,6.246999811578136,-75.60562779208432,gdHiFupx8-kvM6wytQu01Q,256,0,259,7,305,False,Mb-An7ruclfppfyXOqY8fg
131,2017,7,265,Medellin,6.233320379213818,-75.58346229578095,lISIjHhMz7wVdX6bEdJbeg,27,1,839,2,1714,False,AN2NmNPn8YkZMWuE3AkAQw
159,2016,3,117,Medellin,6.234342547496891,-75.60847771640647,ZLxcTH94mI5lf_22jjZ5Wg,698,1,923,4,2136,False,VuuR13U5pE4pvqIXUpMaSg
663,2015,9,253,Medellin,6.24303890972422,-75.58122667395827,2RPWVb4tFpymtIy2qnx80g,48,0,48,5,49,False,mMRS0STlQ_gdx8gxTt6DLA
445,2016,3,81,Medellin,6.238998176995518,-75.58748171871844,OGfy-k8pR3TiWBCkTquSow,617,0,674,6,3985,False,z2dC3ul4l0JwMVY0Wbbh2A
63,2013,10,496,Medellin,6.232099153227207,-75.59853988629918,j4SmCDYG4u_lYZCN-WUmZA,669,0,757,6,4085,False,gpi9JxIZYUaD_buawpLJoA
664,2019,6,306,Medellin,6.242450558556588,-75.58037951100526,TBHOg7UjvAIBNC8v8ip4SQ,795,0,975,6,4613,False,OWq0mwzaL-YuWe5toCrUbA
79,2013,10,539,Medellin,6.231960794185934,-75.58242320605392,ocaHxxVUl4HItOSNWgxypA,106,0,106,12,1296,False,rHZi8eBHEPhNWD5GHUgwuw
462,2013,10,627,Medellin,6.239070051942314,-75.57048788822914,UzFuf7al36keLrsvhh4QPg,542,0,586,13,1869,False,odRTreOwNDTVzVYU2Fx6lA
310,2014,8,583,Medellin,6.235869312732691,-75.56337861745679,0EHo8yimGXnnbhAP-VPf4w,209,0,210,5,329,False,cgO-ZqHDtNID9LSs6iNR_A
487,2013,12,62,Medellin,6.239867834305946,-75.59836620653294,zY3tiMtij_P5l5Gc9QracQ,574,0,622,7,4910,False,DjxKIB_hcfylqNhXmcY8OQ
381,2017,8,573,Medellin,6.238034423945009,-75.59832671722954,hNkz4_mMrkb-uvRgH2-JGg,85,0,85,6,948,False,Btq7NZ2gKjqtDrXZbh71Rw
43,2017,7,440,Medellin,6.231062820185748,-75.56559940343445,lowyxbygebLHZ9RkBBd8tA,52,0,52,13,5508,True,lowyxbygebLHZ9RkBBd8tA
394,2015,1,223,Medellin,6.237979804476867,-75.58435591142306,l97370K72U9G8JdGVPmvYg,633,2,955,3,5509,True,l97370K72U9G8JdGVPmvYg
188,2013,5,305,Medellin,6.23306241888953,-75.57974961214597,1l97BJFG2WVYJjiiH6NsSQ,508,0,541,10,5764,False,0xpKwMxk607Aw6kD3DPbyQ
461,2019,6,417,Medellin,6.238857646257859,-75.57128888177435,jIfk5-4iutSHktGvxWyWNQ,639,0,708,4,2043,False,8a6uvLKmWt8jvuD2yv9YEw
974,2015,10,225,Medellin,6.249158650081558,-75.58845794811997,qLdBQqDIzUGyf_N2ANB47g,254,0,257,11,5037,False,6ktyFJE6iA1zV08BJ6WxXw
504,2015,10,226,Medellin,6.240106475405162,-75.58150681350912,OOlvX7jBQbTVpcHqzhT6cw,116,1,1263,1,5513,True,OOlvX7jBQbTVpcHqzhT6cw
823,2017,7,225,Medellin,6.246077776320409,-75.5800981294632,XRKvBfphw4nHM0aB77LUig,691,1,1264,1,5514,True,XRKvBfphw4nHM0aB77LUig
831,2013,12,487,Medellin,6.245561794047552,-75.57261563595947,ieln2WG5X2aBy3qM8Pleog,312,0,317,7,386,False,yTThx_PtpNZLWe1_OMEbmA
243,2014,3,347,Medellin,6.23491585098581,-75.57733960292968,QXzs4bK1BD8fFlmDzJOgRQ,488,0,520,11,4266,False,W-FdZDPzrw4muxeu_sNg9A
210,2014,12,186,Medellin,6.23384700478628,-75.5573200394959,CNVnZpue9wywK3G05Zx-4Q,204,0,205,9,4830,False,v-yfTP7ncEmWr_nE2rP-WQ
974,2019,7,229,Medellin,6.249185987359012,-75.5884451858125,XbmmwZtfr_QJWshglWEWTg,254,0,257,11,5037,False,6ktyFJE6iA1zV08BJ6WxXw
568,2013,7,560,Medellin,6.240941932048902,-75.5704095906482,BLZyeuaTWzRY6YlS11YfEQ,372,0,389,12,494,False,uvME2c69lvHR_dNqruoM-Q
434,2019,6,299,Medellin,6.238976025672812,-75.59848994034553,55cdCSwVe_nMmkQKDif_Nw,274,0,279,9,3413,False,ahHRDcFtiLtBh0J7Pj2Vpg
610,2013,10,296,Medellin,6.241969915879181,-75.58169398169389,DDipjtX55FxcBc4wU33PaQ,20,0,20,4,5521,True,DDipjtX55FxcBc4wU33PaQ
691,2013,5,319,Medellin,6.244086486632976,-75.60648277803143,zQKEpSgoC92ttfLUMyFNqg,193,0,194,6,3923,False,oCNJun_CyZ6zhD10jyOI9g
962,2015,1,353,Medellin,6.248766640743013,-75.6003850735199,Hle_0RW_C89_712qFlfUlQ,762,2,1265,2,5523,True,Hle_0RW_C89_712qFlfUlQ
683,2014,10,106,Medellin,6.24303376040313,-75.56146639125299,VsJhJh9snGGvNdq5pvpwWQ,138,0,138,11,5524,True,VsJhJh9snGGvNdq5pvpwWQ
1194,2015,9,338,Medellin,6.252806199733761,-75.5802110385405,rjyonr6Z_srC-eZKKgkUPw,253,1,976,4,3564,False,L4L8yYRSkkORTU05K8Mmag
783,2013,11,362,Medellin,6.245065941774463,-75.5676042078417,8sWwh5pL_rG9X0mdRsayPg,307,0,312,9,851,False,GHonC3dwmjCNsS7-DOCHaw
967,2016,3,710,Medellin,6.248938664220615,-75.59539992689605,1pX_LMLnSXvWUuhABwz8xA,649,2,1266,1,5527,True,1pX_LMLnSXvWUuhABwz8xA
803,2015,1,357,Medellin,6.24598204629502,-75.59988622547203,xaYC9tQ9J1MwrT7Lh5ly3w,341,1,454,6,5528,True,xaYC9tQ9J1MwrT7Lh5ly3w
966,2019,4,352,Medellin,6.249344045298756,-75.59642132042305,92vBe8asl6I7O2VQjRKEHg,721,0,837,7,1703,False,s0V5W9Ku1dmUoGlh0xXLQA
21,2014,1,442,Medellin,6.231593267882658,-75.5864368637969,ICmIB_o9LeP7P8yViTh4oQ,32,0,32,8,4096,False,OxWXwtaSDl5NhvobjXHNCg
243,2016,3,335,Medellin,6.234909785230604,-75.57733584858369,5gw_Ok6ISL3Pd_WJKOuIjQ,488,0,520,11,4266,False,W-FdZDPzrw4muxeu_sNg9A
1029,2017,7,290,Medellin,6.249990522640701,-75.58672510517752,QwELPeJ-NW0myIqcsZWIcg,281,0,286,9,5532,True,QwELPeJ-NW0myIqcsZWIcg
1262,2014,2,227,Medellin,6.25409323855046,-75.56563241751297,yk4Q5_A9VJzpIzYf1RZSgQ,92,0,92,8,1090,False,aA3OQahLsnW6_uHQXUe2OQ
39,2013,7,307,Medellin,6.231237779975796,-75.56951900383301,HvNcLFAAD9raU0A9ClKCgA,392,0,412,9,535,False,P2gjyrMDNXvE8yAs-WGAXA
934,2014,2,537,Medellin,6.247926684204069,-75.57533558210878,dVWsUun4YDJaah4peN3abA,579,0,627,6,4951,False,OhYV-ZfI6IHYDi5eGQM6sg
299,2014,4,410,Medellin,6.235970450841492,-75.57443464533495,zt2VmPHAg3SuRbauzFoe8g,70,0,70,11,114,False,v_JB2FAjB7P1XaUByPtBvg
23,2013,7,246,Medellin,6.231626377578372,-75.58547700479373,jM5X0NRotoEASlFuFipxIQ,330,0,337,11,3083,False,bEYNNZOkLBRsEvouaPf-kw
87,2013,7,377,Medellin,6.231943404742234,-75.57442905859352,h4q9cOqzBz8eRohzC9nFuQ,175,0,176,5,2263,False,zmyBE31kJ9lo3YTNAnyF9g
1266,2019,4,577,Medellin,6.2541162708549,-75.56145036279794,wFdmWFbroInrE2iblKmuWQ,703,0,804,4,5539,True,wFdmWFbroInrE2iblKmuWQ
1266,2013,12,591,Medellin,6.254135891712737,-75.56145153797333,cf49iT1az5A-a1gA-zcW1Q,703,0,804,4,5539,False,wFdmWFbroInrE2iblKmuWQ
529,2014,8,425,Medellin,6.240365720776967,-75.55627305707233,QYiEyFwRJN1vscI0AEaw4Q,66,0,66,9,2351,False,jb7mMKcT8x3Jzf2V3PNvRg
88,2013,11,477,Medellin,6.231926923016181,-75.57331131391948,bcS2xC7aBd_1YOxLN2r3YQ,576,0,624,5,3635,False,AqbBMkVCjU12ZrE8Xu3h3g
82,2015,9,387,Medellin,6.231950018448219,-75.57946135696334,3lXR70zi0nICzXTXbboudA,155,0,155,13,5672,False,EQe_ny67VxxDchxxHXs19w
1094,2016,3,320,Medellin,6.250986870019914,-75.57450709621995,5wVoR2rBjp57x5iQjnpxKg,474,0,505,7,2947,False,8EQCqsTKelPeMEU-9P8zgg
854,2013,8,510,Medellin,6.246925818894496,-75.60250100609576,42LuKNrdDFPXt0lMmHPJeQ,68,0,68,12,5545,True,42LuKNrdDFPXt0lMmHPJeQ
1127,2013,6,485,Medellin,6.251942901908642,-75.59440251713005,1qUtGwry4upAlAHvESCSBw,811,1,1267,1,5546,True,1qUtGwry4upAlAHvESCSBw
880,2019,6,550,Medellin,6.246823851997748,-75.57649592397681,JQzW6onI1729gqz2ecRSLA,352,0,366,15,4080,False,wVQkglc2cSj3hdhSqC-niw
763,2017,7,421,Medellin,6.245145834333694,-75.58740404507053,pNS8QzEr2HVPk2xWjgApVA,284,1,1136,2,3746,False,sEe7V94YklPUaQ4qY0yDcg
1027,2015,10,410,Medellin,6.249870675236505,-75.58847731545188,zR_gMrVJFq4IxrFe_sWITQ,446,1,737,6,1324,False,C0oEdqM6-DkRnWmv4UoRVA
719,2013,5,312,Medellin,6.244074026271881,-75.57833360075672,8NhwWdckLBlf3u4Yho0KCQ,718,0,831,11,1673,False,lPh7RKd7qSHDO01kp2mnSA
1013,2014,1,451,Medellin,6.249973176200989,-75.60242740048852,crFoc5sBbp795ZK0hMLitQ,159,0,160,7,5551,True,crFoc5sBbp795ZK0hMLitQ
713,2019,6,160,Medellin,6.244167515587142,-75.58432131999602,asgbInLTD2BqtJ6cX-Jl7w,205,2,1268,1,5552,True,asgbInLTD2BqtJ6cX-Jl7w
830,2019,1,477,Medellin,6.24602513163526,-75.57354160455064,h5ugQs8LNoy1wn40K9AomQ,735,0,856,5,5835,False,T0466uft1OXH8nIJ0tbPDw
772,2013,7,266,Medellin,6.244877209671595,-75.5786232648239,-EmrN9cpDjYxedlXt8T3qQ,225,0,227,11,439,False,iNi6ZSbJqnsuRazytIxJmQ
1142,2015,10,633,Medellin,6.251772164652383,-75.5791568463634,oE7TbkE3TzJmdaAICdIKQA,463,0,491,14,5020,False,dSyBFfaXq3s-PA5GV1GVQw
117,2013,6,320,Medellin,6.23284375699599,-75.59745257628013,73f1NbQ-s13HOb56lYD1Lg,137,0,137,6,5060,False,Tz7jPXMr1BXzT3PQVLjfDg
173,2019,1,297,Medellin,6.23396509945691,-75.59430516115148,hjRqcaCLbifNCTcGEPgatw,711,0,820,4,1624,False,FffmUW8zSL3GsQhBO7G09w
438,2013,10,106,Medellin,6.239048830304337,-75.59444259754301,JqN4qYT6KDeKt4zqPkW43w,359,0,375,12,5219,False,g3uWiJsJd_VUkxnPB5tTHw
843,2013,10,451,Medellin,6.245940421846304,-75.56047998589511,_B1N0-_O3ahc0h5Ne-N0bA,223,1,651,4,2454,False,Vd43NMI7GQnRlbkgQTWZzw
661,2013,5,418,Medellin,6.243079587089163,-75.58348774170783,YZOrINiqhQE46laPh_OumA,389,0,408,6,4610,False,--hwO01ian1wcAOlAfzOKg
281,2019,6,215,Medellin,6.235974762531562,-75.59158623784056,YgnOxAyvKWRGdcVfwTrGfw,456,0,483,6,1876,False,_YDiSSegq85uM5QYW1gJ4Q
1020,2017,7,202,Medellin,6.249955196891428,-75.59548556661642,eRUS1RFCJd8luFFJLdmePw,621,0,680,11,1276,False,bDGRogy1-bpfVvh2mV8pIg
711,2014,1,535,Medellin,6.243801499672292,-75.58669799411663,-o_Bnkm0qw8GeysaMffKkw,89,0,89,8,3305,False,y9b_n-9xsLzwZpT-CmBcmw
571,2019,1,701,Medellin,6.240992522111811,-75.56742597032907,nK3uBIqiz1IWnGffDXZ-Lg,319,0,324,15,399,False,UJoqrLeHP-SeuDLV566DYw
285,2019,6,607,Medellin,6.236182190217581,-75.58845522293561,FU3O6tRIef1AyIR4EOPN3A,44,0,44,5,2456,False,Q4aHq9FPSVuh7p90VHaLrQ
1106,2013,6,485,Medellin,6.250747409823411,-75.56255538405166,gVeO0vsg00nCN40eNBI5zA,607,0,664,5,1078,False,4gH6mkGvwdkiF30Q_aN-qg
509,2015,1,636,Medellin,6.239906758078851,-75.57643434771103,FtAtgfcxxakKoyDQV1AD0g,715,0,825,8,2986,False,asmBpnpL9y6PFO7WG4Qu6Q
931,2014,1,313,Medellin,6.247836238800773,-75.57947350405631,emAHIxbM9av6vtieIhR-jw,121,0,121,17,2711,False,iuuOp4Qjdr-KC2e7QSgVJw
210,2019,1,176,Medellin,6.233838120868292,-75.55735094507492,hDDsuuzMeKDYg-35zdRXGA,204,0,205,9,4830,False,v-yfTP7ncEmWr_nE2rP-WQ
129,2015,9,181,Medellin,6.232987892525502,-75.58550409262449,Y-VbPI5qN0G65bjf1YJE4Q,454,1,726,2,1286,False,dsvIUox94lfO_hK82GXTSQ
891,2013,7,208,Medellin,6.24728100817294,-75.56529934751833,XY-ZtSt3EtIpWqd5LbF19g,716,0,827,5,1659,False,9DgCuNx8kc67awU-8D_cOg
802,2018,12,507,Medellin,6.245955832495686,-75.60115477052474,0tvhIbFY861b6OS0I19OiA,676,1,796,6,2608,False,HaJv_Ce0BGJDV421VstTww
975,2013,5,494,Medellin,6.248903695932743,-75.58747130271645,tisHJgvQHi5KhE6RAzW6IA,214,0,215,9,4478,False,oIu5ox35HQlXn-y9ztuLCA
1065,2015,1,523,Medellin,6.250770908578859,-75.6034942778133,ePrnzpn3F2tvkQ2BE7feFw,107,0,107,15,3881,False,WgppQ6H_BgO9kk4Oji70GA
1253,2018,11,439,Medellin,6.254276303676098,-75.57395820547481,95ciEKjQGhmlqFblZBr5jQ,839,0,1148,6,3851,False,O_yWF1Qaqyjn66iEayqDTg
176,2014,3,499,Medellin,6.234006493179142,-75.59152634982205,qMB3zKGRn-pluyXGMC4a3g,664,1,1005,7,5576,True,qMB3zKGRn-pluyXGMC4a3g
965,2019,4,367,Medellin,6.248984305556688,-75.59768714021305,E45Qf-gWkl7WrtZviGguUw,376,0,394,6,4854,False,UPbxKKaB8nFWhEhP9-LSDw
1090,2013,10,228,Medellin,6.250966637191554,-75.57842908669271,Ggge2MitIBKqpOriMgUrRQ,95,0,95,9,110,False,57Z98_O-hnj43oS_55L5Yg
235,2015,1,455,Medellin,6.234936933445985,-75.5850575045911,tVpGb9qGsTXnbU7KRLjXGw,592,2,1269,1,5579,True,tVpGb9qGsTXnbU7KRLjXGw
1124,2016,3,422,Medellin,6.251957801470589,-75.59740050474187,gLGX4Q8tDSCb4cnzQPVKWA,119,0,119,2,125,False,WXY6IGKsGXEpGMNmZxMKaQ
1144,2019,4,181,Medellin,6.252065555412929,-75.57766039995911,LYN_FzDlWTbnFiXtOttjpw,477,0,508,7,5581,True,LYN_FzDlWTbnFiXtOttjpw
1063,2016,3,327,Medellin,6.25093136041147,-75.60548060739548,Szn0i1XRdNZb2RHcB_Y5OA,537,0,580,10,5826,False,oI9fqFFx5ZctOqQB_FT72g
112,2015,9,66,Medellin,6.233021379143402,-75.60218950399037,UOgxO5-fbJjZw2-02-mPyw,230,0,232,12,1479,False,KD0s_SaX4GVUOx6UymXT1Q
977,2015,1,415,Medellin,6.248909766820065,-75.5854950148323,S0t7oTRj32ELXtLH-9Z_gQ,351,0,365,9,464,False,3l4oelDyj6MLGVg5jRyFAA
869,2013,11,343,Medellin,6.247120404722219,-75.58742809023572,0Qo_uZUMZ619_60rV4WQcQ,136,0,136,9,142,False,Y4IyBq_94D585bVzk4hAvA
300,2017,6,368,Medellin,6.235925303660505,-75.57338870511788,GXLXd7xyHW1yx7tnVEj8qw,447,0,471,8,644,False,eOEqZvGrumtllMnEuZKAog
95,2014,5,246,Medellin,6.232131303124934,-75.56627560700284,2OaJZ4lUt286SXbYn1y8SA,233,0,235,14,5839,False,_P6tQqQcX6nWTfT4Fw0NfQ
629,2019,6,237,Medellin,6.242030448608546,-75.56252696492824,79J3cSQYlpmEeViTczBD5Q,512,0,549,9,2353,False,3SK_PORFFAD4uzp72khhqw
866,2019,3,531,Medellin,6.246946874982116,-75.59044966402512,vwartpLfPrWzjyAFTDKAtQ,65,0,65,8,4368,False,6NYrLRekV_hd4BQcBlQqsA
629,2013,5,229,Medellin,6.24203011877903,-75.5625180537061,7avETCh62Ls43YUEaYCLRQ,512,0,549,9,2353,False,3SK_PORFFAD4uzp72khhqw
817,2018,12,138,Medellin,6.245998946005574,-75.58635312612633,sAm_1WQxRUMzqn7CwDHftQ,540,0,583,7,5000,False,wq01_JSe1EnBliRvySmbPg
669,2013,10,140,Medellin,6.24341888021261,-75.57439491345556,7xEr4EohkdMMl_wBgeMAWw,775,1,1070,3,3409,False,-M3SzhhZDvoXO0XGoyGuCA
762,2014,1,431,Medellin,6.245009834800388,-75.5885082067572,xX-Q9xTIY3utGbVikD7HJA,396,0,417,8,2925,False,VE_yjurHEriVFdHswafZwQ
658,2015,1,618,Medellin,6.242883532004996,-75.58635335103551,UHATaESOsSzXj6d9VFwpLA,277,0,282,11,4092,False,shhTk92DoDP-tAvEIA6E4g
889,2013,6,367,Medellin,6.247370885161032,-75.5673403172997,7OVeCKX3Wuhh4D3JFT7NKA,429,2,1018,4,2694,False,oUVQ2mp9VLP1LO6lPJYgNA
388,2015,9,420,Medellin,6.237891976348397,-75.59137442429828,tKHvdW4rcTIwdTgeIsF_KQ,689,0,783,7,1502,False,yPSL-5sJef0o9OJUoENsbA
672,2017,6,303,Medellin,6.243260597688111,-75.57345025375834,1Aw1GnRpAo1atxAsXkErUg,800,0,987,4,2797,False,M21e8m0ogqgPVJpmK8Q6ng
137,2015,4,327,Medellin,6.232962989383157,-75.57757874780147,E-3fEJ9QxJW_q-jBt4HY2Q,740,0,870,13,5598,True,E-3fEJ9QxJW_q-jBt4HY2Q
1235,2019,6,391,Medellin,6.254146452409473,-75.59237654719448,gDAUZNTLimZyf2EPU-P2Ng,111,0,111,9,2463,False,Lmi4l4EWJA7URGmbKQCAyQ
1094,2013,6,329,Medellin,6.250993005547588,-75.57450666697666,a2xhUF6QGDqe3pcgtjOPVg,474,0,505,7,2947,False,8EQCqsTKelPeMEU-9P8zgg
465,2013,7,536,Medellin,6.239160555278231,-75.56756584030656,BukyAO_Far05kyk4136kUg,557,0,603,7,2596,False,QvdLYKDRs7SYfUei78mlKg
566,2014,3,492,Medellin,6.240868012064105,-75.5722921447909,Hso06KlmOBLb6B691NNd5Q,388,0,406,8,600,False,Um0ch75g4OIBmCpT-dQ0xQ
35,2019,6,265,Medellin,6.231054214465621,-75.5736691568012,Y3kdNt7DHjDxiZD2pCwT1A,722,0,840,4,5603,True,Y3kdNt7DHjDxiZD2pCwT1A
786,2015,10,371,Medellin,6.244698290844904,-75.56467044915797,c8jlaQGDcadQkF2JcM4tGw,167,0,168,6,2590,False,ZAuThOFmKPcxsH0lvBIQ5g
85,2015,4,310,Medellin,6.231949463539942,-75.57655281194276,Ey7Nr1vDdY2SSNhemhVYTQ,178,0,179,6,196,False,0UCZ8VrL0ytxw2_iPVzbEw
384,2013,5,211,Medellin,6.237917010524282,-75.59551689249975,pGKIsXMPJzByE72AnvIYcA,845,1,1243,3,5606,True,pGKIsXMPJzByE72AnvIYcA
541,2013,11,376,Medellin,6.240962252279238,-75.5976829682575,GiPTDjyH6zMtmzEaSQXdIA,309,1,1270,1,5607,True,GiPTDjyH6zMtmzEaSQXdIA
1149,2016,3,276,Medellin,6.251812755378347,-75.57253956292237,GC-2oyiHLEvPkpwOB50X7Q,241,0,243,10,3567,False,w99tbaQKXd99g63jartRbw
165,2017,8,380,Medellin,6.233852714572642,-75.60244272468202,y3-wbpGdQZMrNxbCT3nxlw,672,0,760,4,1415,False,3xanFAjATwirPdd_-BVINw
1209,2019,4,552,Medellin,6.252672256975483,-75.56565085363671,z4K5NZeIEq-SYHuSdaqPJA,283,1,1166,5,5756,False,8MUi9tTr0it01YDnvwEDBg
1135,2017,7,438,Medellin,6.251982597611368,-75.58658180574596,5zztte3pPR0RiRaR-qYtiQ,391,0,411,10,534,False,j7hgzpOOKjBytfzSV9tc5A
57,2013,5,528,Medellin,6.231926687544321,-75.60441863297507,c1Dugh2F4m2j9rP3a1Gsvg,730,1,1271,2,5612,True,c1Dugh2F4m2j9rP3a1Gsvg
238,2017,6,246,Medellin,6.234999341098455,-75.58269353582544,iu-wpB_qEGA4aOgonDLM-w,572,0,620,10,988,False,VuFX5OwR-CLI-hIu9DJWeA
652,2014,3,283,Medellin,6.242957217195931,-75.59254238464712,IZAhsMdq_7pr4Y2Fgly98A,417,0,439,9,3278,False,SU_3XtzLkeTC3XVpbk5w5w
339,2015,9,50,Medellin,6.237021001848299,-75.58744814249219,ddd6xqK8khtRQiLJQ--qtQ,682,0,773,8,3949,False,JuR0oS4UpS3q-ScgdHwUWw
1205,2013,8,349,Medellin,6.253017565959619,-75.56945058417304,T7aktcmsEtHesp12HbgcgQ,561,0,607,8,4649,False,0EL-4leauU-fKzDJiQow9w
747,2019,3,265,Medellin,6.244982241749652,-75.60346738168677,y-XOH2QJnRSAnCSuHL5nXg,527,0,567,3,840,False,mIja3_CojgbHKGBW5ITlNw
1035,2019,7,306,Medellin,6.250406425273858,-75.58052450580274,pghNydDSHftas7AxSs6DYQ,413,0,435,11,1158,False,S93MMwqhbadPTKBSOyjvyQ
995,2016,3,368,Medellin,6.248975209086963,-75.56769036810556,LCwso9GTeFjBzCEzSeg5eQ,549,0,594,5,2080,False,j6WnKULpERXlGwaKGnszGw
160,2013,8,368,Medellin,6.233943840957459,-75.60638266245412,feOxZQTNBHqrOLEB0ZKE-g,182,0,183,2,200,False,Jcbe0453RbeQoBKcEX63-g
1127,2018,12,673,Medellin,6.251947705834585,-75.59442702907488,Xz6bcW9eIoCH4muoJf4kjg,811,0,1019,3,2695,False,f-nDQWLwIiAPeZrat6oDRg
1149,2016,4,271,Medellin,6.25178399627756,-75.57255595646375,sCn6fvf8CHL-MwUiJFq94w,241,0,243,10,3567,False,w99tbaQKXd99g63jartRbw
70,2013,7,270,Medellin,6.231923233683243,-75.5914816320852,VZmf4afHooq7XRDLleYa4g,179,0,180,6,823,False,_2YSIid0gvyk9HsUAQRUOQ
36,2016,3,171,Medellin,6.231085981748881,-75.5724840470893,yCJ1Qf3rYcQTJOgr_jgFgg,739,0,869,8,2229,False,Nz3rogHBKs1TkhI2PbGWkQ
1134,2013,6,651,Medellin,6.252019982391758,-75.58753897817175,_rbvJ4mYk0OpRWkCQes9uw,531,0,572,4,3710,False,S9vptZSei_eS1Kwvm5FQAg
829,2015,9,290,Medellin,6.246003013042182,-75.57446933554947,lp2DFYK86IePMLDskrR5CQ,314,0,319,7,5626,True,lp2DFYK86IePMLDskrR5CQ
711,2017,7,348,Medellin,6.243782083936178,-75.58667991079231,SsAYiR8IPsV2coy4fPHH9A,89,2,1272,1,5627,True,SsAYiR8IPsV2coy4fPHH9A
554,2015,9,506,Medellin,6.240911366825373,-75.58448143240884,aPvXpfC-WeYA0BSeNBglew,521,0,559,5,5628,True,aPvXpfC-WeYA0BSeNBglew
433,2013,8,297,Medellin,6.238913509359994,-75.59947185035861,iwrcNUWllslxt9o49c5qKg,251,0,254,10,937,False,DzHUVkh57vTuHGj2g8xJQw
447,2017,7,121,Medellin,6.238810070945459,-75.58545450068547,MC65Dsvy9Rz9KlMdCicRmg,810,2,1273,1,5630,True,MC65Dsvy9Rz9KlMdCicRmg
622,2017,6,432,Medellin,6.241885414297817,-75.56944331894032,VhYfJEADuFCO31FBHejHxw,432,0,456,13,614,False,fe1unOtAlLl2Z6S9sPNpZA
639,2016,3,368,Medellin,6.242956750714332,-75.60554063889347,MSJ2BGEWGmadjCYaq7W5ZA,203,0,204,2,227,False,M42jeibBaXqvS550jwcT8Q
774,2019,6,340,Medellin,6.244931458900388,-75.57619766148045,Rg6nbFEIGnAWBxyyPOnOXg,457,0,484,7,1572,False,mSDqjvZ_mivriH4AucE0iw
785,2017,6,208,Medellin,6.245077921794597,-75.56534072273767,CAID5i2n_YKsdkY_QO6UoQ,114,1,699,4,5634,True,CAID5i2n_YKsdkY_QO6UoQ
132,2013,12,547,Medellin,6.232959812315822,-75.58269680461588,y9rOpIwQ_DzAGD133fWW3g,141,0,141,10,2360,False,77w1I-sYHmT3elPo-oZ6UA
1006,2013,5,537,Medellin,6.24905469809004,-75.55661317191826,Cv26QSMnxaZigqqq5PB5kA,551,1,865,3,5636,True,Cv26QSMnxaZigqqq5PB5kA
610,2019,6,118,Medellin,6.242002150430656,-75.58171288244564,t9suFxL4vS4nO1InyUIrJQ,20,2,1274,1,5637,True,t9suFxL4vS4nO1InyUIrJQ
659,2013,5,446,Medellin,6.242801561254705,-75.58557021947959,QxRIu1zMLcSKXJ35QsUfrw,656,0,734,7,1310,False,pswuFFHwJh8Z0MmlBXlBlQ
465,2013,11,520,Medellin,6.239146220617379,-75.56757644158345,yxpOM2ZdjZRhpnl7vqx0kw,557,0,603,7,2596,False,QvdLYKDRs7SYfUei78mlKg
578,2018,11,192,Medellin,6.241020554992922,-75.56075522304671,raOrvBdPqFmJ9HU1bO4WHw,815,1,1049,3,3554,False,e_DAX8-X30KR2-5FuRU08w
1269,2017,6,274,Medellin,6.254132600084484,-75.5583005659716,yBf-d41ds6NA363IFnPtPQ,410,0,432,4,2579,False,xGY1iU1-KGJx3fxl_s4E4A
554,2013,10,328,Medellin,6.24093266175007,-75.58449192490517,TUIIaOzJaofMirAwzdSrFw,521,1,908,2,2044,False,MYzpLbWhKWwIlpMfJTDRew
1143,2019,4,353,Medellin,6.252104813327598,-75.57881214720501,oYAG1NDl_gnDwurn9QRBeQ,184,0,185,16,3381,False,Z8JgEgFK7-UeGzY9sHSXKw
1020,2013,11,214,Medellin,6.249958259614621,-75.59547879776834,JuSK1fih-COANWgjfIkUgw,621,0,680,11,1276,False,bDGRogy1-bpfVvh2mV8pIg
527,2014,6,242,Medellin,6.240190801906562,-75.55832572891994,XNUQwUSIRIpoSwxhJqnzSA,683,0,774,9,3052,False,6UuGx_0GDIo2tKWusnO9tQ
716,2015,9,555,Medellin,6.243942930333159,-75.58133477192806,eBvl8vk_ltoSr7voxUHbmg,151,0,151,6,3566,False,MOKEDTh8jxh7ut-_yKHMug
178,2015,1,321,Medellin,6.233944297117647,-75.5894900113298,_DhQTJdQQzj6Coljh2OPng,231,0,233,5,1233,False,lhdz53qDUKoq2cXuXY0KHg
674,2017,6,346,Medellin,6.242958270622969,-75.57044364671536,5MqURlS_gzYPkWTSA5xu-A,349,0,363,9,5648,True,5MqURlS_gzYPkWTSA5xu-A
80,2013,8,606,Medellin,6.231981658665317,-75.58143810256713,bKaVCG_IaGB-3m62F26PlA,553,0,599,12,1487,False,VBy-DdDUL1NTk1i4GABF2w
161,2019,3,535,Medellin,6.233972458854608,-75.60761709273714,xEzNQrEJ1PkKAkQqe714Mg,801,2,1275,1,5650,True,xEzNQrEJ1PkKAkQqe714Mg
552,2015,10,222,Medellin,6.241155177681663,-75.58631327202045,z7L1494KWYv86tkeCb7kZA,188,0,189,10,1347,False,OgvwutI4N76F6_VVi61v0A
815,2019,6,279,Medellin,6.245985947193354,-75.58840806057667,RzUXLiJTVOx7MrB4xoj47g,268,0,272,4,1730,False,YjLouaDiYFaCAEoODk3xhg
73,2017,6,432,Medellin,6.23180206596605,-75.58844184638522,JZ_5wh3o1f-oPe-dealj2w,556,0,602,10,4513,False,QBD4sKLNyQZact90HdeRAA
637,2015,9,317,Medellin,6.243011486920881,-75.60757106236262,3SvKgDtnSh6ed_iXiPlrdw,798,0,980,5,5376,False,u7MuL1vxs9ms6Q9PeCKo9g
622,2015,9,433,Medellin,6.241857003088194,-75.56944388395296,jAZ3uzR6S3uZldKfbePf1g,432,0,456,13,614,False,fe1unOtAlLl2Z6S9sPNpZA
342,2013,5,302,Medellin,6.236957761977524,-75.58451230787331,htCeXzbL-nHGrpXXWFUrrA,817,1,1192,2,4526,False,XYOhSy5ebfRb_svZXOgqQQ
526,2018,12,381,Medellin,6.239976049618712,-75.55948636961682,QAA5IZB0fNI_LCI7TeuOwg,249,0,251,4,2107,False,NZ80pOPEZJEkqob8OlyTvw
920,2017,7,427,Medellin,6.247888154918646,-75.58943906339924,gNcs701L4fotsvj-hzfF6g,146,0,146,9,4417,False,CvM1HUf9Yf_hw-Knu-7Mag
24,2013,11,250,Medellin,6.23165208889766,-75.58453336198785,-JlUrVAR2IUavytyoyFYxw,38,0,38,10,387,False,hqGa5M4g7P45ix2jV0n51g
148,2016,3,273,Medellin,6.232866878001677,-75.56660049868597,ju_TthaNCc6o9PpymSArCQ,374,0,392,14,5111,False,hh_6AfPE8Dn1XAF17V5CFw
694,2018,12,656,Medellin,6.243888350368353,-75.60337186530441,kWXdmjDw-eRImCHeEdwI-g,833,0,1098,5,4143,False,mCjmzEE0HRLrrvvwHGxXXQ
931,2013,11,314,Medellin,6.247829726301098,-75.57942466901012,WwwiLSM6wvPvh1EChFAFGQ,121,0,121,17,2711,False,iuuOp4Qjdr-KC2e7QSgVJw
185,2013,10,358,Medellin,6.233906033723389,-75.5826777588821,5NlAx94OZjvrMSLKYob-bg,729,0,848,13,5427,False,ZYGD_jfAc72_tNK29b7rJA
975,2015,1,488,Medellin,6.248928576694963,-75.58746519227456,FDcrDpMnD9dLx-nB6Z2jbQ,214,0,215,9,4478,False,oIu5ox35HQlXn-y9ztuLCA
619,2013,11,406,Medellin,6.241930875424154,-75.57261053055312,nSQv8r9LXSnFlKIsT-91Lg,452,1,810,6,2902,False,bjqEhK1xOyKK3_-2vM6Hfg
451,2015,1,303,Medellin,6.239517112043798,-75.5814646037905,LhXtmYEzFuxM6EbcCkJsTA,39,0,39,17,878,False,0KP4uohVrciniI71w7K80g
226,2019,6,430,Medellin,6.234891951829312,-75.5943754616753,ixB_EYySn1s4pCceywS08g,600,0,655,7,1060,False,AeUASTuw_ZUMmMT5ecWWlQ
1198,2017,6,279,Medellin,6.252803859954529,-75.5764324331491,XPgsYEvrSdDqO9WVdMw7XA,748,0,887,5,5668,True,XPgsYEvrSdDqO9WVdMw7XA
250,2018,12,62,Medellin,6.235005097644547,-75.57029345018256,jbe8E5sBKbtOoyfsvoA1rA,306,0,311,9,2659,False,ED_JUTbGxmW0s41ufzayZw
769,2015,10,619,Medellin,6.245044313372876,-75.58151051070067,GBc0pSYHU-fCviglorq83w,631,0,693,11,5670,True,GBc0pSYHU-fCviglorq83w
471,2019,6,522,Medellin,6.238973983015978,-75.56137128731811,1C1e9uRI3G5QcwcWanywFA,498,2,1239,2,5181,False,qsHUqixy6Zs5wRBsOtKn5Q
82,2016,3,406,Medellin,6.231949537749237,-75.57945291038497,EQe_ny67VxxDchxxHXs19w,155,0,155,13,5672,True,EQe_ny67VxxDchxxHXs19w
39,2014,5,283,Medellin,6.231262318200954,-75.56951408799819,wa3WPSTc0k3MNCBWOquSfA,392,0,412,9,535,False,P2gjyrMDNXvE8yAs-WGAXA
140,2019,4,410,Medellin,6.232840714754448,-75.57450520237231,SZCJD8OC53C_bcI_fWvs_w,94,0,94,10,5674,True,SZCJD8OC53C_bcI_fWvs_w
1013,2019,3,452,Medellin,6.24997640682728,-75.6024285936123,GvAXUJe2jDM1S1MFxplUHQ,159,0,160,7,5551,False,crFoc5sBbp795ZK0hMLitQ
982,2013,6,503,Medellin,6.248915474048052,-75.58038726193593,dWvhk19_aDYXdyTmPuZGZw,110,0,110,12,5199,False,Bgf2Z4iqi1Aiv4nff55rlg
279,2013,5,164,Medellin,6.23605168457798,-75.5946121358471,9WqEQk9w-toslZAVNYFsiA,634,0,696,4,5677,True,9WqEQk9w-toslZAVNYFsiA
511,2013,5,217,Medellin,6.240002780943931,-75.5744942133695,lqSmNlkMOco0S8e63umXfA,777,0,946,4,5858,False,4Xd6wpCf75RsHnbWMMn4aQ
91,2019,6,57,Medellin,6.231954267247403,-75.5699870356652,XZ6hKA--c9qPTESwTntoDA,207,0,208,12,4976,False,y2HrIikM-v2xdTeiiWd5Rg
980,2019,3,200,Medellin,6.248988627818933,-75.58246310023624,VxYKWnTbEM17paWXEuZJ2g,686,0,778,6,5680,True,VxYKWnTbEM17paWXEuZJ2g
144,2019,4,183,Medellin,6.233029013462646,-75.57006082614689,smiEw8IayvnVG-WdF1LbXA,183,0,184,25,1616,False,oFs5LoL1vDLaMHFkDtwqbg
1173,2015,1,524,Medellin,6.252697069724259,-75.60123185577989,PRQBAawhvomAZT4XIBgDXg,53,0,53,14,1547,False,JUqeTCNe-lIt5iMydUxKkA
928,2014,4,345,Medellin,6.247824958114612,-75.5813843823469,qvAbvD8H8AzuHNPmAMBGvA,728,0,847,15,4653,False,PjD5gCkFgL1O4OUhvZOfJQ
946,2013,6,457,Medellin,6.248065713342301,-75.5624155062982,EBis_ifg1HabH3OI12DRvQ,371,0,388,4,5684,True,EBis_ifg1HabH3OI12DRvQ
690,2013,5,290,Medellin,6.243790771451636,-75.60714038812894,BmvaisdSZcWFQvrCSh0fpQ,555,0,601,5,930,False,ph-9f04psczr7Me8D0BcnA
72,2019,6,513,Medellin,6.231796888982272,-75.5894734142469,qMeo3W-i17GxCjI4DwsMkA,88,0,88,10,1413,False,tHWuLYo0l6M2T2hhnCPopQ
914,2016,3,404,Medellin,6.247967403355055,-75.59552513204783,OLAznFc-kdXGZduWyWqL8Q,190,0,191,2,209,False,W5AMI00-kdukABFkYhd_BA
190,2014,9,437,Medellin,6.233925931701759,-75.57744416143645,-tc-ZJB0M3sXmvC66eR5Nw,51,0,51,13,2328,False,Jj3PuS5Kn97wei73d9G-2w
58,2019,1,435,Medellin,6.232013496396317,-75.60347478376414,xuqFHES0zxLV4ww05xlmXw,509,1,877,2,1885,False,frvbPTSxIMagL0w6G_ZuHw
759,2019,6,509,Medellin,6.244753469785406,-75.59138190309056,DJ4vL7Vxg_3RlzO11IA_Ww,562,0,609,6,1162,False,VNmAEwaQqqydNNYwpLerfA
445,2013,10,86,Medellin,6.238993802432876,-75.5875099989179,TN6F-_cPAy3CPYe04-RN1g,617,0,674,6,3985,False,z2dC3ul4l0JwMVY0Wbbh2A
1000,2017,7,439,Medellin,6.248904199314216,-75.56218459462136,2zEaK5sHkHt5G__PGrNlaA,632,0,694,6,5450,False,spYNju9F8XSMez64QdlSdA
664,2013,5,474,Medellin,6.242469259524629,-75.58039391489875,kNvjp0DR70ddgj6c5jQYEw,795,1,986,2,2506,False,txOAGWHt8xvBh2vCAYAnhA
770,2019,6,415,Medellin,6.245040025889278,-75.58059521961495,5cqS7eQkDyBUVLQi1EwN1w,318,1,1276,1,5694,True,5cqS7eQkDyBUVLQi1EwN1w
147,2013,5,227,Medellin,6.233075125426951,-75.56772558138957,K9Ako9TYT1ZwTtajhxrhFQ,838,0,1144,5,5385,False,fXgXbDeF458eMMD46rVIow
923,2013,10,94,Medellin,6.248200097021783,-75.58641335659466,8y7J5BsET2JDH490TOsTJw,46,0,46,9,5696,True,8y7J5BsET2JDH490TOsTJw
1002,2013,11,319,Medellin,6.248967327946698,-75.56045499628166,YxRL6v-SvoVhOKnAkk1RJA,799,0,985,7,5874,False,-PKnHQdFmYxtaaMDL7rsnA
916,2019,4,675,Medellin,6.247976143304778,-75.59367515122707,yDCNDfl4E4_DWHnjd82RJA,803,0,993,4,2549,False,5r6e6Pu8kpgivW3_pvDjHg
109,2017,8,354,Medellin,6.232988752680292,-75.60531989767667,6lQKHaUnTYk8aaiJsF70LQ,303,0,308,9,1743,False,5sd-VASHcUqJ7rOVORxvdw
728,2016,3,337,Medellin,6.244035804062007,-75.56942891700979,lk-EtyvrCT8yfqDMZTn9Xw,104,0,104,9,2628,False,O09yXQNhZbYFcK7CNL8hWQ
245,2015,10,322,Medellin,6.234915034288551,-75.57543902601101,3ptCVfENccLMXfqAydk7TA,422,0,444,14,1521,False,S3bFKY4w908uyzvbJEZSIw
133,2017,7,418,Medellin,6.233295345749687,-75.58144434186211,0Rqdiv0YeHn23s8WWywsEg,444,0,468,12,4944,False,kHClugn_kJo_ghge4t7zUw
508,2015,10,473,Medellin,6.239737211890023,-75.57743437114252,_1UkRdgoLrcaWsMLDNbb5g,794,0,974,5,4552,False,gLxYUSly7Z0jTBrE6ULWVQ
1063,2019,7,301,Medellin,6.250966264338224,-75.60549795189725,rDNWKcRx-g2A4MIc5nqU7A,537,0,580,10,5826,False,oI9fqFFx5ZctOqQB_FT72g
1108,2013,6,459,Medellin,6.251188167774735,-75.56033245108249,vtHub0uYj5xrcaMCLFynHg,827,0,1084,5,3292,False,HyKh6Iok7PtmKxhckkDokg
593,2017,7,111,Medellin,6.242008587042517,-75.59842525456759,db1oTsU3kKhvFR0AyP8qkQ,311,0,316,3,5706,True,db1oTsU3kKhvFR0AyP8qkQ
456,2014,4,245,Medellin,6.238917466815479,-75.57674065470952,9Gzq2Nb6wixThszgBiDZVg,427,0,450,7,968,False,kmg9oYSiC_d9vbYJiuACRQ
18,2013,10,673,Medellin,6.231009749079363,-75.59054673495271,6vy0-SFbbI2yiIZtnwp1BQ,93,0,93,8,97,False,QyPH9t_sX5EA4Vdexj7B-g
639,2019,3,177,Medellin,6.242958352502064,-75.60553454589144,zlgpJFXMNmjfGPoQJ27iCQ,203,1,1069,2,3148,False,6Wfz2Dg5NV3yBZJnsrvH0Q
621,2013,5,355,Medellin,6.242144586153814,-75.57078106500822,GHNDU5dlht_Z0W4nrV9Tqw,510,0,545,4,4853,False,vIe0XrXGD7sgf9qZMw_Dfg
73,2014,4,434,Medellin,6.231799585664758,-75.58840433479881,Y_L9dZcphT61eXB1A-J69w,556,0,602,10,4513,False,QBD4sKLNyQZact90HdeRAA
334,2014,1,630,Medellin,6.236848297734468,-75.59236845450305,X_yIL5QqxoyxYMCLHR6Sxg,294,0,299,8,4510,False,MaLwraGD_br9YsutiUaKmw
1157,2018,12,385,Medellin,6.252156214940756,-75.56335068989779,W-A9pN_1I-oT9W1rvQ1wMQ,74,0,74,9,3348,False,MGCBk88soE-kYaZclK7Enw
1143,2019,3,359,Medellin,6.252132406738081,-75.57884242752901,mw1Ro3w77pDAm17mLNKd7A,184,0,185,16,3381,False,Z8JgEgFK7-UeGzY9sHSXKw
250,2013,5,69,Medellin,6.235011158539598,-75.57028804790889,mcuJm3nX17KwSvOObXx8tg,306,0,311,9,2659,False,ED_JUTbGxmW0s41ufzayZw
826,2013,5,401,Medellin,6.245864467551002,-75.57720262960063,Kz7447PCCNvHSGuEDHbG0g,58,0,58,5,5716,True,Kz7447PCCNvHSGuEDHbG0g
1186,2019,3,97,Medellin,6.253157596193028,-75.58845266149925,_QVH02OG3_0-ZDzv3jXthw,462,0,490,12,1992,False,WDDHS30_x2hPJxzpkTlkAg
159,2017,7,294,Medellin,6.234362129854093,-75.60847850129208,JRSlRws8t-xVcNTamn5f3g,698,0,797,3,5718,True,JRSlRws8t-xVcNTamn5f3g
441,2016,3,246,Medellin,6.239072525027481,-75.59137599629626,u5a9L9aVr6luR_SVtZM41Q,208,0,209,8,1071,False,SaqFPT1P8q8XoBBRXssHiA
859,2019,3,504,Medellin,6.247001222807253,-75.59751807085739,7CI5jYKsqZK5CXndSMrEmA,768,1,1067,3,5720,True,7CI5jYKsqZK5CXndSMrEmA
136,2013,8,309,Medellin,6.23278686642098,-75.57855267834891,ctkejBcdA0hkyHLV-ldZ4A,408,0,430,9,5721,True,ctkejBcdA0hkyHLV-ldZ4A
1112,2014,4,526,Medellin,6.25091336053778,-75.55634019837257,OvBIeTM3va5Oh1F8ni0xXg,393,0,413,4,3705,False,lDRdjSri64t_B1EFqK2XkQ
1192,2015,4,418,Medellin,6.252964570436126,-75.582407062888,eN0tLwHAhOuBru4wfWu_zA,550,0,596,10,2985,False,xpI0epZRx35hRXfkPvXAbQ
1040,2017,6,355,Medellin,6.249979225244164,-75.57524621818482,1ty0bx_sDPyujuK4w5oeYA,236,0,238,15,5221,False,kqL5triMYOxn1GZlLkeH3w
1013,2015,9,449,Medellin,6.249940872556563,-75.60243198517843,y7ot3qntnZZH3cyyYfsB2A,159,0,160,7,5551,False,crFoc5sBbp795ZK0hMLitQ
856,2013,6,357,Medellin,6.246577260222723,-75.60059523080875,YiOIDARaZKtLFgteN0egYQ,285,1,688,3,1594,False,WqJPIu2bD0DA2wnEpB8tgg
740,2014,1,306,Medellin,6.243884897630926,-75.55746643869188,DOpla0R-Fugd6KuKyVFbsQ,194,0,195,6,2447,False,xN9ta9XmG5pYLKQiONRxhw
1203,2019,3,342,Medellin,6.252940106015568,-75.57125457261752,Cm9BuVwszgQpB_fquG2-4A,101,0,101,7,1203,False,GaIepvSauFT1g32XZm51mQ
990,2019,6,567,Medellin,6.248957850930791,-75.57233779756936,JSwsbyixRSx8Z0WvmbZ63g,196,0,197,6,791,False,qSoiy8IeeRTUcfGVCffJ5w
275,2014,3,393,Medellin,6.236103850891912,-75.5983930784188,7YwXkXF9D0R6XBwdObVxPA,844,1,1210,2,4784,False,24FjUcMQzwJ8osacs_XBUA
897,2016,3,246,Medellin,6.247343752905445,-75.55946276312206,gNDZpGTteZ_Fzdqw1i2wDA,726,0,844,7,4716,False,JMw2DAPE87TN632m6TH_Yw
406,2013,8,655,Medellin,6.237939608895425,-75.57342227054131,oR6ip-7SuBiDAcXrTFCRZw,460,0,488,9,3369,False,s3_Ij1olCsBbTdUEWjr3JA
418,2019,6,436,Medellin,6.237970220151084,-75.56148855957551,GaKFl3Djqi0wVDStnxk98g,818,0,1044,5,5733,True,GaKFl3Djqi0wVDStnxk98g
527,2013,5,256,Medellin,6.240157458130136,-75.55836038928716,hYeMS7u173Fh-CeusRUUYw,683,0,774,9,3052,False,6UuGx_0GDIo2tKWusnO9tQ
923,2015,9,76,Medellin,6.24820835005114,-75.58642874738811,Nz4PnF5d4rjPATonF30_Vw,46,0,46,9,5696,False,8y7J5BsET2JDH490TOsTJw
353,2017,7,167,Medellin,6.237093996297231,-75.57361293488044,eCp2JIIE2dU3eeoNXDlbLA,758,0,900,7,3540,False,iKlm-pQz0CWsbJGR1nG15g
1201,2013,6,415,Medellin,6.252891345174225,-75.57330026802076,CUEFT2he1otSx9w5omGEUQ,750,0,889,5,1939,False,aEbcQtaKdWNfuCwXTqlBig
1264,2019,4,388,Medellin,6.254037063632861,-75.56353975479135,dDk6fXQpXwFq0_5vE7P-yQ,380,0,398,6,3127,False,DsciKuCXVdyC1KOUFWNpTg
91,2015,9,74,Medellin,6.231932677737826,-75.57001535858933,IfDigLkRRZWt_3HfSNIgAg,207,0,208,12,4976,False,y2HrIikM-v2xdTeiiWd5Rg
1015,2019,3,166,Medellin,6.250175246002431,-75.60030511020926,zOI9gdXBo0H8jfAouLoc2w,260,0,264,11,412,False,v1-P2um2LwprU6DHi4N98w
511,2017,6,189,Medellin,6.240013505136849,-75.57448358708139,ksvUxY_DrPE-gyQTHRrKTQ,777,1,1277,1,5741,True,ksvUxY_DrPE-gyQTHRrKTQ
351,2019,4,116,Medellin,6.237082448794241,-75.57543900226925,GusIbDRX6sb6-h7EKXsMfg,153,0,153,9,163,False,p7IBpcNkRqPVDiBJl5f4Ng
130,2014,1,321,Medellin,6.233294888804851,-75.5845194679359,oCAl3ZwBTbC5-WZHx7rNgQ,299,0,304,4,5327,False,Xv0nknjJ-2iHO7OPnT0KZA
477,2014,2,615,Medellin,6.239956677555694,-75.60824929840288,DXg3F_Lceq-nR4koBdcxmg,211,1,358,6,3534,False,c-ru7WFSldPKKfWAgLg5pA
1020,2013,8,212,Medellin,6.249983484872076,-75.59545422318614,ujRBMb8adg3dLcrpGEePLw,621,0,680,11,1276,False,bDGRogy1-bpfVvh2mV8pIg
673,2013,11,409,Medellin,6.243019226444921,-75.57145879489273,sRWGrfX1KsPLOWv980H4Xg,756,0,898,7,3753,False,1Pu5i5-zX3H0x4S35hE1iQ
250,2017,7,53,Medellin,6.234982299782057,-75.57028276504128,k_tZ-Ow-HjXL5I_hkFTgQA,306,0,311,9,2659,False,ED_JUTbGxmW0s41ufzayZw
1237,2015,1,129,Medellin,6.253772690088282,-75.59155099670177,Unaaardpp182O5rQXCgdRg,409,0,431,12,5748,True,Unaaardpp182O5rQXCgdRg
389,2014,1,376,Medellin,6.237994049524278,-75.59058386175573,rZz_5DJLjI9QhzEcZDZ4vA,491,2,1193,2,4550,False,hFe7s9CSmlY6FoqRzjZNyw
775,2013,12,140,Medellin,6.244918070008552,-75.57550575722723,q-uEOE1Bzg1hC0P60ig0DA,414,1,1278,1,5750,True,q-uEOE1Bzg1hC0P60ig0DA
1012,2019,3,332,Medellin,6.24993563216989,-75.60345053234353,LfiGNi76pvLNEVuG_14TZQ,701,2,1083,2,3285,False,ue-gr3ZJmGxL8j0OYgVV6Q
457,2018,11,162,Medellin,6.238979038615154,-75.57539404251752,6b8S_1HoBS0IOEarEFgK2Q,546,0,590,8,5929,False,MH2oOFq475TsiRNGzoHi4g
677,2014,5,266,Medellin,6.243079356948888,-75.567833363355,Oppf65NSK__owDCurXlTEA,470,0,499,8,4505,False,Fd6-iOJRtnUQs_vt9VIQ5g
679,2019,6,145,Medellin,6.242859183307205,-75.56552414011658,tsUaCQ-kQns70JvfA6R9GQ,290,0,295,11,2837,False,iLeRBE0SZitaCepu37qGUg
822,2013,8,292,Medellin,6.245946076345061,-75.58142352047398,3Zi4pHpDui9bzHuBZ4_Qxw,19,0,19,9,47,False,IJVe9zp88DJ3BzL7iKB2zQ
1209,2016,3,548,Medellin,6.252658280676711,-75.56563011651104,8MUi9tTr0it01YDnvwEDBg,283,1,1166,5,5756,True,8MUi9tTr0it01YDnvwEDBg
1209,2017,8,522,Medellin,6.252681117555476,-75.56565512561774,7riE5XnvWtNbrwKRqICVoA,283,0,288,3,5757,True,7riE5XnvWtNbrwKRqICVoA
879,2014,2,243,Medellin,6.246856150540558,-75.5775274800314,qGc2GizlllfCTYhKnoJEwQ,700,0,800,12,2363,False,8eyEglL0qGbhrhrDWiv9og
1109,2019,4,417,Medellin,6.250723388035246,-75.55960786838263,u6NEItPw32RU7sz7mClIdA,831,0,1096,5,5759,True,u6NEItPw32RU7sz7mClIdA
1201,2016,3,389,Medellin,6.252935343321312,-75.5732806717774,gOm9DSX7tkhVwb6u6a3LYQ,750,0,889,5,1939,False,aEbcQtaKdWNfuCwXTqlBig
729,2013,7,601,Medellin,6.243976113479664,-75.56845086025068,2rn9rcZVm8xGLQ5ivm_mBA,302,0,307,13,565,False,xMp8d2U2jHWm5cFZTLd3eQ
6,2016,3,74,Medellin,6.231029100761083,-75.6025074719445,GuO60sOUtVJtrqvQxWD5vw,723,0,841,5,3416,False,KlruSmK0f7dVtBAR07KaHA
723,2013,5,415,Medellin,6.244038384026719,-75.5744317400449,MR5vbQGcGN-9AMQdPz9LUQ,760,1,967,4,5059,False,JpAcZ9DN60YHqdOLXyKhFw
188,2019,7,298,Medellin,6.233065827734912,-75.57977129772406,0xpKwMxk607Aw6kD3DPbyQ,508,0,541,10,5764,True,0xpKwMxk607Aw6kD3DPbyQ
108,2014,1,342,Medellin,6.233031171331672,-75.6062265646466,eZbY76iyX7cJ-Fs98QKUZQ,455,0,481,5,5099,False,ggDPluRMmssxLYVoi_pDcQ
1066,2016,3,581,Medellin,6.250977521076781,-75.60242949860991,DoSLGyWSu7P4BtAklY1E5A,835,0,1106,4,4339,False,pwMHH2YK5qfZYGiBAxfr5A
158,2015,10,442,Medellin,6.233018355960302,-75.55645875043845,CQI80RaoehtUOD4u6I07GQ,75,2,1279,1,5767,True,CQI80RaoehtUOD4u6I07GQ
444,2019,6,325,Medellin,6.238733808170672,-75.58843991566013,UVxnDXhRsWDo1kcaLiTw_Q,221,0,223,9,820,False,sZ2h_3lC28tn061Z6XNx9g
1263,2018,11,414,Medellin,6.253929764360465,-75.56439694423008,vA0We2nKYuwKC9GvQ_ViJA,350,1,892,3,4556,False,GpA1EgqjwBChncv8NrsaKA
1040,2013,7,358,Medellin,6.249990904227422,-75.57521184859873,RfWmHlRybzyJjMZMZ2KUQA,236,0,238,15,5221,False,kqL5triMYOxn1GZlLkeH3w
1196,2019,4,442,Medellin,6.252981075251109,-75.5784791508675,0S4EGQW0qA2cjuX_Qfk7qQ,433,0,457,15,1564,False,FQAF46Hu7m3Ad0KzprONFA
432,2013,5,617,Medellin,6.238900282563015,-75.60047492322424,y7s5obHylxcoti9vrt4rUQ,334,0,341,8,423,False,uLUwWUqvhgj3VCyOmQYQZA
977,2013,7,415,Medellin,6.248939700344232,-75.58548991631082,_Txw6sSV4NlT00UBCdMVzA,351,0,365,9,464,False,3l4oelDyj6MLGVg5jRyFAA
24,2015,9,249,Medellin,6.231652555740335,-75.584466166162,zVJWHkgoVcPpcJCKW-ykRg,38,0,38,10,387,False,hqGa5M4g7P45ix2jV0n51g
171,2013,12,443,Medellin,6.233979769511312,-75.59631490210977,nGzvtzOADEgQyI--ihcAnA,218,0,219,7,4131,False,5JwMGbqAr_pVf7MIwi3b9Q
807,2017,8,372,Medellin,6.246189112579891,-75.59628158821474,4eopG87MeoWvH8HijG3QKA,129,0,129,6,5776,True,4eopG87MeoWvH8HijG3QKA
727,2015,9,195,Medellin,6.244098887111462,-75.57090659666495,-OFkx1xt-zbqcAhsuFQe5Q,771,0,934,6,5940,False,GLtzd96rmSFJhzeG_fM7yA
1029,2013,11,284,Medellin,6.249981708636956,-75.58672433078902,ydml9DCtmE6eX-FdBoeSxQ,281,0,286,9,5532,False,QwELPeJ-NW0myIqcsZWIcg
734,2013,5,170,Medellin,6.244062807606721,-75.5634549653993,MxxuvWSd5tHh-AyPwgG7fQ,310,0,315,8,5779,True,MxxuvWSd5tHh-AyPwgG7fQ
1159,2019,4,241,Medellin,6.251658388418126,-75.56257559803406,EWI6bLLIIPgeuL4yVv0N4A,725,1,1280,1,5780,True,EWI6bLLIIPgeuL4yVv0N4A
70,2019,6,455,Medellin,6.231959186754768,-75.59145747461896,e193iQEjxfIEd4GtEkxBvg,179,1,351,9,3058,False,PtD2blanRCvDAH2e_yQUYw
731,2017,6,665,Medellin,6.243957962200173,-75.56637524762459,zHHW4SKWBe5K9iIJAYNbSQ,229,0,231,10,4668,False,mo9c9zhAB-XkmXxLP2qzmA
133,2014,1,419,Medellin,6.233289365641061,-75.58140080075741,veeuRPpUTarjf-y0OBZohA,444,0,468,12,4944,False,kHClugn_kJo_ghge4t7zUw
86,2019,1,371,Medellin,6.231920784756216,-75.5751396140328,r96ND1OhNSS3d6E9EldgxA,11,0,11,14,4420,False,bL45m9e1tyLBzdIXVmnYhg
856,2018,12,534,Medellin,6.246591289736396,-75.60055574657795,H4tKHJI1GE4UjJO9bCHxqA,285,0,290,6,2953,False,qH7vB1AcG4F5UbnUaf6cGA
1088,2017,8,169,Medellin,6.251317589238139,-75.58034164193477,eVhiKrlnoMv0R9mEg8v31w,173,0,174,9,5786,True,eVhiKrlnoMv0R9mEg8v31w
1065,2019,3,520,Medellin,6.250769403312153,-75.60348728558355,Mop8-Dt6qmklxFeO8hmVYw,107,0,107,15,3881,False,WgppQ6H_BgO9kk4Oji70GA
405,2013,10,185,Medellin,6.237966907975039,-75.57442662388299,UUeaGRKNXccWDLu3dhX4PA,246,0,248,8,3071,False,mUD7gGlgXH8WvtCm0nOtoA
620,2017,6,377,Medellin,6.241965315161542,-75.5715260483976,B8Rq-ie80kodVFGqd1WA0w,247,0,249,4,1196,False,qNgnnJNm8azok4FMsp9Svw
129,2019,6,360,Medellin,6.233027077913945,-75.58549773330735,ceVJKdHIyr-7b_OO9kNxcw,454,0,480,5,4511,False,o-x0AnNgVLQlIaSMgV8i5Q
299,2015,9,387,Medellin,6.235974303777018,-75.57443659822087,QMCde9YxcxsDr6dpMC6CAA,70,0,70,11,114,False,v_JB2FAjB7P1XaUByPtBvg
1016,2016,3,382,Medellin,6.249910229823794,-75.59953620979337,5XsI-XRGir07tSt4bcEG2Q,304,0,309,11,3884,False,eTDQEF27sqFUnVpZPCGdnA
805,2018,12,566,Medellin,6.24601131015209,-75.59853453478308,cYPGT9YORyqqdKjNzLUJgQ,361,0,377,4,5793,True,cYPGT9YORyqqdKjNzLUJgQ
970,2014,2,403,Medellin,6.248917543826901,-75.59247280585954,wXaUiFuR_TlZeTh3zUqIqg,217,0,218,8,2873,False,oVnCR-tNtosAUl4QYvfCpA
1259,2013,7,437,Medellin,6.253924159338525,-75.56823472505808,29ejmWzyiy5W-2fkg7X4yQ,134,0,134,5,140,False,3HXVcBbUxTeK_8z7F8ZrFg
561,2014,4,253,Medellin,6.241078646585203,-75.5773041661991,UQaRvB8eRgLZsDHp_oH_fQ,344,0,355,12,3341,False,RjuQnA2ckip1zGFneGoLyw
238,2019,7,256,Medellin,6.235019189589628,-75.58267198238599,rwpR0Higbw7TcA5z9_HY3A,572,0,620,10,988,False,VuFX5OwR-CLI-hIu9DJWeA
769,2016,3,613,Medellin,6.245041203945832,-75.5815230821075,vKkHCyp5bUVc7N8Vmkq0nA,631,0,693,11,5670,False,GBc0pSYHU-fCviglorq83w
245,2015,1,310,Medellin,6.234931620264184,-75.57546139313189,Cmt4uKc_CaqvNKJQPHNlpA,422,0,444,14,1521,False,S3bFKY4w908uyzvbJEZSIw
246,2013,8,423,Medellin,6.235048388566126,-75.57440402428996,w8J7jPMPiCAqE38UujuZ5Q,115,0,115,6,1145,False,vbdo_ZZjkvFWVMbKFuPnxQ
8,2013,5,379,Medellin,6.23111482223992,-75.60047967317345,axO1YzBWwa-4iyiaZCLCcw,653,0,730,10,3833,False,alWIgEunkkyCEc-dbHge8g
1069,2019,4,473,Medellin,6.250949333089099,-75.5997462858001,TpppRd6DKTgsSeKmhJEZkA,36,0,36,9,5802,True,TpppRd6DKTgsSeKmhJEZkA
625,2016,3,532,Medellin,6.242042829964666,-75.5664532863649,htnBnk-bxWSnkODFgHfSvg,472,0,501,5,5803,True,htnBnk-bxWSnkODFgHfSvg
1190,2017,6,389,Medellin,6.252812456956361,-75.58446179539915,RtrL_ETdDECXTc-C8pPzog,73,0,73,6,5804,True,RtrL_ETdDECXTc-C8pPzog
36,2015,9,151,Medellin,6.231097394632918,-75.57247220713329,h8MDBqhovGYNScqrEJWpDg,739,0,869,8,2229,False,Nz3rogHBKs1TkhI2PbGWkQ
1092,2016,3,478,Medellin,6.250921289193257,-75.57633117417784,b78FHht21pui1M9XFaNaJw,792,0,971,5,5017,False,PnOJaz8kX1KRlIIGzpY0vw
1142,2016,4,621,Medellin,6.251803101177977,-75.57914467592258,btsazX3FnUSbLJ2hPJHdlg,463,0,491,14,5020,False,dSyBFfaXq3s-PA5GV1GVQw
760,2015,1,155,Medellin,6.245070784726106,-75.5905586128742,f50GvDZratfEDQR2Rvq53w,705,0,809,4,3722,False,XVCGtSPdUHvR5oHBLU73_g
975,2017,7,509,Medellin,6.24890686913731,-75.58747046739379,JSXEy7Yc-vobn00qlR0kdg,214,0,215,9,4478,False,oIu5ox35HQlXn-y9ztuLCA
25,2014,12,274,Medellin,6.23099312056458,-75.5827939852132,VMxrtEjch30TV4Qt_NyWrw,369,0,386,7,5290,False,UufqqtZj9aI-f1fYwbs2rw
392,2014,2,348,Medellin,6.238015099199509,-75.58747889971387,qL52Cgv_As89ysYU9_8AdA,292,0,297,8,1191,False,5BIDX5zsermmN027xck0NA
196,2019,6,542,Medellin,6.234061545430286,-75.5715942033784,Wrphn7wxNGwmEO9zsBypsA,643,0,714,9,2907,False,MFbWKm1CPBQv69Cm95tfUw
401,2017,6,246,Medellin,6.238030945291914,-75.57847391416723,--tBg0c4NtYS-PnWHCkMxg,69,0,69,9,2069,False,78r3a1p1RwUfq3-TNtrWEA
563,2019,6,710,Medellin,6.24096859633853,-75.57547591811013,Pp4cBd7BjJtHBVuB7bGsmA,665,0,751,7,2382,False,ABCjPqOM92ZNzeL-arEAqw
764,2015,1,415,Medellin,6.245119550367495,-75.58631613819014,oWaKXSHwFq-4XX-qOOp2LQ,170,1,944,4,5335,False,Fvm0H6XdAabxVuHDFvNUCQ
1241,2019,3,458,Medellin,6.253990931805953,-75.5865129209585,vXe6xCIuiOFGXtlub3KSvQ,279,0,284,12,1678,False,ps4Hne98jwPgXciU6fQUWg
31,2015,10,327,Medellin,6.230996390354212,-75.57744578772584,Khwj97reh-ApJviij87gxg,659,0,741,11,5409,False,Akjy8sq6oXdCvxJfpcGzqQ
647,2019,3,337,Medellin,6.243048651341645,-75.59771769119938,c13zBI_yC0DtcQ3Q5EE8Tw,589,0,641,4,1033,False,h8p-TiwVf8TbS_Zd3J3lBQ
928,2015,9,346,Medellin,6.247830398915103,-75.58142034429424,-Y8p7H6wsQdUKRvBpGRi1w,728,0,847,15,4653,False,PjD5gCkFgL1O4OUhvZOfJQ
442,2013,5,136,Medellin,6.239045384781705,-75.59048600413448,6tnQ63HptgcY48Sdq56Fow,78,2,728,4,1292,False,_wkdaX4y_7xDpsB_TyRq0w
1025,2019,3,558,Medellin,6.250137893326157,-75.5904715358136,3rn6bBbT5OmDO_zGEQxK0A,201,0,202,7,1427,False,-A9firBORM6f1IEmrTGF_Q
683,2013,8,107,Medellin,6.243030936084171,-75.56144551909819,2JZEiSEwSe4Wre1hT4AY2Q,138,0,138,11,5524,False,VsJhJh9snGGvNdq5pvpwWQ
97,2017,7,239,Medellin,6.232034032622958,-75.56424866377269,1BLA0i9MI_HWCRjc3Ha__g,82,2,1281,1,5823,True,1BLA0i9MI_HWCRjc3Ha__g
1144,2016,3,183,Medellin,6.252069011878973,-75.57765839907377,TshxxMsUflIv8tqoMKrMlg,477,0,508,7,5581,False,LYN_FzDlWTbnFiXtOttjpw
1069,2013,8,485,Medellin,6.250976128105543,-75.59974886515444,KZ4oxWU4v_wxXY8VzELp9w,36,0,36,9,5802,False,TpppRd6DKTgsSeKmhJEZkA
1063,2015,9,313,Medellin,6.250960440051396,-75.60549610025264,oI9fqFFx5ZctOqQB_FT72g,537,0,580,10,5826,True,oI9fqFFx5ZctOqQB_FT72g
1014,2015,1,324,Medellin,6.249923199618817,-75.6013384698092,VGfyT8uGAkWpJKbYRxw9nQ,102,0,102,9,2167,False,mBNYV3TZVEZQ-Am4YTk6kg
704,2017,7,700,Medellin,6.243993484942123,-75.59355233460236,jwjXr73FehF8pkNFBXkDmQ,8,0,8,7,2655,False,CYi2eJ7oDGUIJm2I6ii_fw
593,2013,12,91,Medellin,6.242011482070509,-75.59842088058416,9hXTyiMwylimSsdHLVkuCw,311,1,1282,1,5829,True,9hXTyiMwylimSsdHLVkuCw
1083,2016,3,311,Medellin,6.250569258574725,-75.58555662703569,NcZgG7fc4a3GdBr5qhvYmQ,577,0,625,7,4334,False,YIaOgeEfouRbthu2X7vVCQ
435,2013,11,579,Medellin,6.239011726479214,-75.59747600957137,LNMeFKEwINt7LUkh-KNAlA,611,0,668,9,1089,False,HFE-zhThma5LuI0KZxNXVA
800,2018,12,622,Medellin,6.246154725697289,-75.60349003593579,_-BCU052C8mLXAwNu9egcQ,90,2,1095,3,5832,True,_-BCU052C8mLXAwNu9egcQ
348,2013,8,542,Medellin,6.23743881665626,-75.57819113432757,NRcj2h2aGR6VSj86tWoRPA,258,0,262,5,4125,False,iHkgWOep6o3pAFgzGomIXA
973,2013,5,81,Medellin,6.248883020839173,-75.5896273492831,SRhAP1dS5p3RH5wjTaVJ3Q,118,0,118,4,2105,False,H_qbOjbQE9Tsen0d4L9jIQ
830,2013,6,492,Medellin,6.246027895151616,-75.57353780312519,T0466uft1OXH8nIJ0tbPDw,735,0,856,5,5835,True,T0466uft1OXH8nIJ0tbPDw
1166,2016,3,452,Medellin,6.252998696985022,-75.60838230125773,AjcgSgH_5JM0re4267idPg,237,0,239,9,1760,False,YP5UoMWScXTMEh55OI0_jw
454,2016,3,546,Medellin,6.238919692350815,-75.57844234958716,57nJ-IqvJqz3aobNZDPRpA,635,1,891,4,5837,True,57nJ-IqvJqz3aobNZDPRpA
947,2014,6,318,Medellin,6.247758681293651,-75.5636404334549,xQB1U8uuqLEUYaj6Gf0IHw,662,0,744,8,3557,False,eb0owjpcXStGa480ZFsZ6Q
95,2019,4,229,Medellin,6.232122812348893,-75.566264687799,_P6tQqQcX6nWTfT4Fw0NfQ,233,0,235,14,5839,True,_P6tQqQcX6nWTfT4Fw0NfQ
354,2017,6,161,Medellin,6.237247627778097,-75.57239675470424,UIOSv-FLAajDVh_GJAkjjg,494,0,527,12,2640,False,7OSej7xSqYlcvU_UYP-jxg
280,2014,4,492,Medellin,6.23587325062349,-75.59335438298241,OukcSdbXlXYRKYOTziuHpQ,571,0,619,7,5943,False,C5yYoh54Yyk_xgmH1uUeHw
69,2016,3,523,Medellin,6.232297691586291,-75.59242832505952,IgDvc_Ww_K9J3M-wvxc67A,615,0,672,6,3516,False,KfSDEtsIaienJ9v0Da1BkA
1029,2016,3,298,Medellin,6.250008087500898,-75.58672455550763,t43_NWDSWserYKLxyxtNyQ,281,0,286,9,5532,False,QwELPeJ-NW0myIqcsZWIcg
103,2014,6,180,Medellin,6.232226216638141,-75.55857564013358,DPyp6NxEM7LXn9XCfPh1bw,30,0,30,10,1262,False,O_-T9_O6Ei1pABun9_guDA
1249,2015,9,616,Medellin,6.253903802257818,-75.5781678601657,OKPn2NIgqgQJ7fpFK9lUVg,693,0,789,6,2220,False,H3qrfV68wSEABYY5HahcDA
1215,2013,6,654,Medellin,6.253052655318272,-75.55957204163327,lRDqMeNt4-cC4U4QiSwCxg,805,0,999,6,4837,False,08nkZ6ri596t0tKRK_uCMA
1062,2016,3,585,Medellin,6.25096036414147,-75.6064168521606,CNmZ7SU3YmrDYG8I-n0HWg,485,0,517,3,2047,False,RKbQY7z7w33aEtKgHSKUyg
730,2014,8,408,Medellin,6.244023575639943,-75.56752706394204,JoGmX5xap7yiBO5rjz3uGQ,81,0,81,6,4369,False,GCwnPU9q7EO4DCH73rw9_g
761,2014,2,364,Medellin,6.244960783636252,-75.58933027276944,XGLaGGmzGeykfkmxyDfBaw,675,0,765,8,3754,False,qT_NGQVbF_T3FRvYTYVXmw
781,2017,6,297,Medellin,6.245010364784389,-75.5694530150301,6Eu8TrVmED5FqWmUjZd_4w,61,0,61,8,3637,False,b9Hip0EcRPSyLf_j1CokYQ
251,2013,7,592,Medellin,6.23468593227727,-75.56943970863486,uCJddd1pGRPc3bsmdFDJUA,373,0,391,5,5851,True,uCJddd1pGRPc3bsmdFDJUA
667,2014,10,441,Medellin,6.242768886268627,-75.5778877961658,HdrizoPDLWjHTXy9G29qFQ,547,0,591,14,3124,False,-e1LVq5jQBldqjZNXmoXrw
280,2017,8,500,Medellin,6.235886468132613,-75.5933716281079,IoSkbkK21uwnGdYFmAsjJw,571,0,619,7,5943,False,C5yYoh54Yyk_xgmH1uUeHw
1191,2017,6,286,Medellin,6.25291421124547,-75.58344062361054,LFb3ZvSMrrFaiVnLViAcdw,362,0,379,7,5401,False,Wyqd3FniFny7RuMRKfKA1A
689,2014,2,237,Medellin,6.244061098248598,-75.60849998902482,p5iFLARMbHlMb9GPUlZqtw,124,0,124,3,5855,True,p5iFLARMbHlMb9GPUlZqtw
547,2016,3,418,Medellin,6.240983869284253,-75.59141362858784,dUny-7OzYrIzFehlZR3C1g,668,0,756,9,1884,False,rAkBRFhA68CtilWk5pTTvQ
1054,2013,6,589,Medellin,6.249957529428942,-75.5614088762552,NyGq3fUXMUGodheT26-TBQ,554,3,1283,1,5857,True,NyGq3fUXMUGodheT26-TBQ
511,2018,12,223,Medellin,6.239973823424624,-75.57449497327117,4Xd6wpCf75RsHnbWMMn4aQ,777,0,946,4,5858,True,4Xd6wpCf75RsHnbWMMn4aQ
1200,2015,10,457,Medellin,6.252906481548163,-75.57445085804835,OMKLr_nB6oteTCcRulg8Ug,387,0,405,4,521,False,pTH4M97PixImvCO_7fr4DA
1253,2016,3,426,Medellin,6.254282227963126,-75.57395254050994,s7QhVUVOgqKxDbcbNHMgyQ,839,0,1148,6,3851,False,O_yWF1Qaqyjn66iEayqDTg
848,2018,12,383,Medellin,6.247119943936783,-75.6087269807624,XnTUzrgEZGvgKrB53ptvuA,841,0,1158,3,5861,True,XnTUzrgEZGvgKrB53ptvuA
926,2014,7,427,Medellin,6.247931444810886,-75.58342876769838,l_hluhM5KIaLus8IHdyEZQ,222,0,224,7,1755,False,bQeKH1UgGodeMpobSjqdNg
1238,2014,1,557,Medellin,6.253825413876831,-75.58948721835097,LtizsFObSMRKWJea3xAENw,293,0,298,10,5863,True,LtizsFObSMRKWJea3xAENw
770,2015,9,433,Medellin,6.245039338369195,-75.58060192887358,K0jr1-vcBNpGP22D9HTJLg,318,2,1284,1,5864,True,K0jr1-vcBNpGP22D9HTJLg
1019,2013,12,333,Medellin,6.250094343576333,-75.59747244574908,VecnlZ7W93qcUdjIumcDzw,657,0,735,8,4954,False,1L2byP3jMPSO630asPsJtQ
507,2013,7,288,Medellin,6.240005820983487,-75.57843950189725,dLvNtuNjcQWQV8H1UIHSeA,23,0,23,11,23,False,O9QhOfErjZheGlAlLMZdYQ
1023,2014,9,523,Medellin,6.24971856947872,-75.59250951621775,jYujmsqqfPjE5HHOMZoD4A,565,0,612,11,4770,False,IBJp-qJRA0jyTqOqCmqnhQ
755,2013,6,388,Medellin,6.244903062386202,-75.59536435869819,LvVtgsbDWno4qx12KOgEIg,661,2,1285,1,5868,True,LvVtgsbDWno4qx12KOgEIg
453,2018,12,200,Medellin,6.238948871143054,-75.57955369819068,qURU1qNyg6-HZbuidOjaPQ,786,0,958,6,2354,False,Bg6ep_NAKehz8ER9_FAxjw
881,2015,10,653,Medellin,6.246995322139726,-75.57546308644989,xv4mw8Cs9kYUW6tUXlVNxA,50,0,50,6,5964,False,GzPvf8v21ZspCK43dYaubQ
807,2015,9,378,Medellin,6.24619493093309,-75.59631992471729,eFezKKPxFngRLZFVppjj3A,129,0,129,6,5776,False,4eopG87MeoWvH8HijG3QKA
814,2018,12,581,Medellin,6.245905149882443,-75.58950909589625,pzmUM5AVT3-FlddWEWU3Vg,767,0,925,8,4226,False,zXFINj75cGO4xERFpLS9EA
31,2014,3,345,Medellin,6.230973370941521,-75.57744348376542,jXAlvhzJGoBJpPDYUyV7Rw,659,0,741,11,5409,False,Akjy8sq6oXdCvxJfpcGzqQ
1002,2016,3,331,Medellin,6.248967285339817,-75.56044110773458,-PKnHQdFmYxtaaMDL7rsnA,799,0,985,7,5874,True,-PKnHQdFmYxtaaMDL7rsnA
350,2013,7,364,Medellin,6.237019248941985,-75.5764542256119,l_9FZR-3f8WIWA-JXsKQlA,814,0,1037,11,3422,False,5BImpe3gJA8stYiLfHQNpg
464,2019,6,484,Medellin,6.239049661401364,-75.56853397389237,KeIaNaIU8FN9OCUA096lpQ,699,0,798,9,1775,False,6AchZX8c9VnmqiXvQcLysg
1045,2013,6,432,Medellin,6.250093975947326,-75.5706274069101,mwbClLq5c6MSWbPwmh7DFQ,41,0,41,4,3026,False,xr1pa4OulsNeZ1gELkY_tw
458,2013,10,321,Medellin,6.238946904518468,-75.57442555435992,fwYoynkgcEdMUrHk5Kd5rg,72,0,72,14,1951,False,8plNTArMK0gy6Seef-0Log
487,2019,3,82,Medellin,6.239894236621536,-75.59834731063708,Pwz4T5qCWA7YJX26mIIzkA,574,0,622,7,4910,False,DjxKIB_hcfylqNhXmcY8OQ
962,2018,12,354,Medellin,6.248747970331141,-75.60041346139899,m6-o1NuGsNGhbXDqA8wQBg,762,2,1265,2,5523,False,Hle_0RW_C89_712qFlfUlQ
717,2015,9,444,Medellin,6.243820845492903,-75.58060079249513,zEwMQYQiY6-O67BOnqWhOA,476,1,570,4,852,False,A08GV026LuVISEYeA7dvlw
180,2014,1,251,Medellin,6.234008323876637,-75.58736063628594,icGiV4Vud4jhRiNMaSKLTA,582,1,813,7,3662,False,_1LHKdbnllSQVUQRC6NR4A
140,2014,7,427,Medellin,6.232824667093158,-75.5745399434845,SXli6UvPdaYnAln6yzk3EQ,94,0,94,10,5674,False,SZCJD8OC53C_bcI_fWvs_w
471,2014,8,333,Medellin,6.238946201976458,-75.56136533428523,V7c3DnnR8TXOrHfVIdKuFQ,498,0,531,2,758,False,gqgPx4WlhHLIZADzTgOtdg
389,2013,8,218,Medellin,6.238021213053036,-75.59058721120891,GSuEDhKWBfbJZJMrNxpHPw,491,0,524,3,5885,True,GSuEDhKWBfbJZJMrNxpHPw
877,2014,4,292,Medellin,6.246958546947685,-75.57948005442151,QPrwV1HCxFcHSAJz1wFBiw,603,0,659,8,1070,False,tIvt0fZi5DGR6m4T0Wy10g
1104,2013,6,110,Medellin,6.250992085297598,-75.56446307788087,KUm4BZ0NY4b-XrHuaCvgTg,287,0,292,8,5098,False,gHx-aXrPsrHMerDne-dDAg
1146,2013,8,483,Medellin,6.251935325727136,-75.57516325738871,cncDC8Snl2TcbNxBAufBvg,629,0,691,9,2495,False,UJF9clPUux9W5aj0iCzHAw
537,2016,3,450,Medellin,6.240778465815352,-75.60142440045576,Dk3mCISbW9R32DIyt-xw9w,238,0,240,4,276,False,n2abQ12s5UGxIL5cOWy4uQ
1237,2015,9,119,Medellin,6.253778672836463,-75.5915750317919,Fz89-xtC2tMIv4g5m3H2hg,409,0,431,12,5748,False,Unaaardpp182O5rQXCgdRg
1069,2016,3,470,Medellin,6.250920032315055,-75.59974599332931,9p6pVs37WQG1O0b6W8bItw,36,0,36,9,5802,False,TpppRd6DKTgsSeKmhJEZkA
813,2013,12,158,Medellin,6.245970802960966,-75.59036868752386,Y2h0441hmmOI2Qr8efbcaA,695,0,791,4,1812,False,-UDggXnKswd6Keo683HqtQ
677,2014,10,265,Medellin,6.243110912416342,-75.5678094870918,hlYHQqzzG4MxZm8u3w7S_A,470,0,499,8,4505,False,Fd6-iOJRtnUQs_vt9VIQ5g
820,2017,6,552,Medellin,6.245880550049528,-75.58338056234408,qPK_N0hBanNjC_OouMNzVw,541,0,585,15,1587,False,2qLzxj9CoT4L8tdSqmTNKg
1013,2016,3,460,Medellin,6.249962241074265,-75.6024321906781,bwg7pziDvyJcYnOIF2RMEg,159,0,160,7,5551,False,crFoc5sBbp795ZK0hMLitQ
435,2013,8,580,Medellin,6.238988694386794,-75.59748659094757,t0qF8UHCUgRgjVS7E_soEg,611,0,668,9,1089,False,HFE-zhThma5LuI0KZxNXVA
501,2017,7,387,Medellin,6.239984593687772,-75.58445003708312,whO1hRIZf76CCixYwmyLfg,261,0,265,9,312,False,kLaa1EQ2G8YMudoEl1xhVQ
1006,2014,4,536,Medellin,6.249046934913157,-75.55661693289984,E7mxmZc0FT0R1-ZqQBrPmQ,551,1,865,3,5636,False,Cv26QSMnxaZigqqq5PB5kA
90,2019,6,292,Medellin,6.232080451877342,-75.57153776175637,2Y1eZ4Ryo9Yss7u_lrLWUw,709,1,919,3,5899,True,2Y1eZ4Ryo9Yss7u_lrLWUw
144,2015,9,195,Medellin,6.232997818224487,-75.57008456377937,_FCRgYira-xVy1EjtVOIWg,183,0,184,25,1616,False,oFs5LoL1vDLaMHFkDtwqbg
691,2015,9,333,Medellin,6.244066027962169,-75.60644659613887,q3v-Jf2BlJ9yX_iAC3agUg,193,0,194,6,3923,False,oCNJun_CyZ6zhD10jyOI9g
975,2013,9,511,Medellin,6.248940818282329,-75.58749720423052,d6kNs8no536MKoEz6jn3aQ,214,0,215,9,4478,False,oIu5ox35HQlXn-y9ztuLCA
112,2019,6,63,Medellin,6.233004012990913,-75.60219277806507,49vJxdT7VSR13lpXqRGMhA,230,0,232,12,1479,False,KD0s_SaX4GVUOx6UymXT1Q
83,2014,4,592,Medellin,6.231978052574025,-75.57852602874652,NU2qo7LXidDF9KAF1EUCWw,56,0,56,12,58,False,5Ff5Umrp5en3zdlnxIJwdw
300,2019,3,390,Medellin,6.235930345968201,-75.57336303302486,Xx44vARpksrwQG9Zb858oQ,447,0,471,8,644,False,eOEqZvGrumtllMnEuZKAog
405,2015,1,194,Medellin,6.237955407217794,-75.57439648782743,_CIgDZVa5eluUIvzqtlP6A,246,0,248,8,3071,False,mUD7gGlgXH8WvtCm0nOtoA
1135,2015,9,445,Medellin,6.251976039612725,-75.58658901121736,08Kuma50ohkiW-deOcNKwA,391,0,411,10,534,False,j7hgzpOOKjBytfzSV9tc5A
983,2016,3,150,Medellin,6.248968945421554,-75.57949753393093,oKyszgZ6vEnRzCmd_2By9Q,365,0,382,13,5908,True,oKyszgZ6vEnRzCmd_2By9Q
1255,2019,4,261,Medellin,6.253973126845153,-75.57476139691525,sWr32t0CpWKMklGYX80ukw,262,0,266,7,2437,False,GalxffcN8fcoWlpQF_CFeQ
462,2013,5,632,Medellin,6.239016971565208,-75.57047240521669,l022zzGyPEFh8qNmvsceog,542,0,586,13,1869,False,odRTreOwNDTVzVYU2Fx6lA
71,2016,3,379,Medellin,6.231700940493826,-75.59047368535803,7ajHMOp2mIJm3nXptRHewA,425,0,448,8,4765,False,TlURduS1j2415ThkPrFowQ
57,2013,8,527,Medellin,6.231933174298617,-75.60443981618597,iMsX8fuNKSXhL-PY45VERA,730,1,1271,2,5612,False,c1Dugh2F4m2j9rP3a1Gsvg
136,2019,6,310,Medellin,6.232789986673558,-75.57854376466112,wpsu1c1GupGcdr4XKMqQKA,408,0,430,9,5721,False,ctkejBcdA0hkyHLV-ldZ4A
1025,2018,12,550,Medellin,6.250135635526647,-75.59048305625076,PUbzZ1wN4K6PQWX9Q3AQ_g,201,0,202,7,1427,False,-A9firBORM6f1IEmrTGF_Q
1262,2013,6,216,Medellin,6.254101575653975,-75.56562224903962,o7mNjlpAVR0FzzmQpiCOWA,92,0,92,8,1090,False,aA3OQahLsnW6_uHQXUe2OQ
430,2013,5,287,Medellin,6.238824341901918,-75.60246987940036,tXfrMYHI5eOpHIwML-XiUg,252,0,255,9,5292,False,C9ETc4yboWddLGd7rrlr_w
1057,2018,12,330,Medellin,6.249991916848798,-75.55844250538031,PPhoqVhihXqkZbYlIOrrqQ,791,0,970,5,4848,False,UMQp5EEtrs_ccmXOJYWoHA
1196,2015,1,456,Medellin,6.252958238835458,-75.57845622682457,R_qlkeiDch7YXxhHHsvcXw,433,0,457,15,1564,False,FQAF46Hu7m3Ad0KzprONFA
637,2019,6,522,Medellin,6.243019592381234,-75.60759718393679,xBghx7HkDbdXYptAuXGHwQ,798,1,1111,5,4640,False,E5UuL0AJYT27Nv9xajPIdA
1059,2013,10,352,Medellin,6.249967565022656,-75.55647913173733,G_I7MCS4WUCMfxUUaavL4A,489,0,522,6,787,False,NAL_myQ7Q7DvNQKI7KgOvQ
865,2019,3,480,Medellin,6.246936086387548,-75.59157540631855,yAyoHVsdYwv8-_77xjfHQQ,790,0,968,6,5091,False,SCSK91-KE0Dvj_OJu-N4_Q
300,2014,4,385,Medellin,6.235914546433064,-75.57338782352649,JwZslQLS2tfVdT3tQKbO0g,447,0,471,8,644,False,eOEqZvGrumtllMnEuZKAog
141,2019,6,300,Medellin,6.233171456315972,-75.57362508224631,qeO89xWCZRGJDOG_HR1pxQ,276,0,281,11,2599,False,iQYx3brTs_CUaIoDYjE5qQ
911,2015,1,620,Medellin,6.248184198595074,-75.59851839085097,L8SM_3wYBKSKH5COYokRCw,26,0,26,4,26,False,BcI37edSt2UUMAOn-JG4Gw
901,2015,9,528,Medellin,6.247939794839898,-75.60850823354993,KIYd4hahKGMPKByQW5FsWg,610,1,723,4,5925,True,KIYd4hahKGMPKByQW5FsWg
145,2013,5,192,Medellin,6.232944922269148,-75.56996344437825,XXL6LMcbJqH1T6YNXHdbHA,183,0,184,25,1616,False,oFs5LoL1vDLaMHFkDtwqbg
436,2016,3,129,Medellin,6.238946756469117,-75.59646450855637,c8oS1jmlLjG1gqLhX_-T1g,502,0,535,12,3230,False,DP32MnpOwwPRGWcxBMc_jQ
174,2019,6,384,Medellin,6.234016949307426,-75.59321653733393,HNGvSNN3nISfCRk8MqjJkw,67,0,67,3,5928,True,HNGvSNN3nISfCRk8MqjJkw
457,2019,7,160,Medellin,6.23900282160366,-75.57541939547734,MH2oOFq475TsiRNGzoHi4g,546,0,590,8,5929,True,MH2oOFq475TsiRNGzoHi4g
290,2013,5,182,Medellin,6.235955797453712,-75.5833384512743,pQrZL04VF94khlMq9H2NfA,468,0,497,5,689,False,D9R_8lGC56VSstNI1hkwug
527,2013,11,243,Medellin,6.240151595988253,-75.55830084077112,5i-Bmheat7dwc8lZO3JBJw,683,0,774,9,3052,False,6UuGx_0GDIo2tKWusnO9tQ
384,2019,6,187,Medellin,6.237916424434502,-75.59550921462996,CqewnE500qy0QjskrmF-aw,845,1,1243,3,5606,False,pGKIsXMPJzByE72AnvIYcA
566,2014,9,465,Medellin,6.240853546613409,-75.57229800137955,p_fzMvvvskCL5CM1Yxg2Lg,388,0,406,8,600,False,Um0ch75g4OIBmCpT-dQ0xQ
218,2014,6,237,Medellin,6.235008775134627,-75.60225451085827,T1HS-nV-3Eq4uMuq8YtPUg,35,0,35,13,5934,True,T1HS-nV-3Eq4uMuq8YtPUg
1184,2013,6,371,Medellin,6.252710526608347,-75.59052651735513,2lgfuEeNsVNBsF1K1Wx91A,764,0,915,2,2085,False,hudRcNfRjc3CioyhvmrChQ
917,2015,1,297,Medellin,6.248079588715162,-75.5924369639703,LWqURfII881l5DdK1aMsMA,105,0,105,7,1816,False,JAQyL6GU6AwM9gk6mZnZKA
866,2013,5,538,Medellin,6.246939103468596,-75.59045135024485,KWK0QeMw8RPLSWlwCx1U3w,65,0,65,8,4368,False,6NYrLRekV_hd4BQcBlQqsA
108,2019,1,518,Medellin,6.23302142609657,-75.60618234129458,4qiF_OmhFR9fb9jEonBnCw,455,1,1286,1,5938,True,4qiF_OmhFR9fb9jEonBnCw
464,2013,7,480,Medellin,6.239058164297994,-75.56852604696066,aaOALCHIX3p0muS5z9Hcng,699,0,798,9,1775,False,6AchZX8c9VnmqiXvQcLysg
727,2013,5,185,Medellin,6.244121190451903,-75.57089252003652,GLtzd96rmSFJhzeG_fM7yA,771,0,934,6,5940,True,GLtzd96rmSFJhzeG_fM7yA
989,2016,3,496,Medellin,6.248848744910397,-75.57341070454034,qY2cV63h1ulMCg4N_A_adQ,782,0,953,2,2319,False,iC7aZPUK8A0jEQ_-8vDEcg
817,2019,6,312,Medellin,6.245999509304582,-75.58635704448926,X9zR3Vc_591kTUa9o1qBCQ,540,1,754,2,1391,False,id586RpMaTB9UMe9ZBPEWA
280,2013,5,510,Medellin,6.235881352099877,-75.5933655410777,C5yYoh54Yyk_xgmH1uUeHw,571,0,619,7,5943,True,C5yYoh54Yyk_xgmH1uUeHw
349,2013,10,393,Medellin,6.236994515918415,-75.57737773850407,ZuMuOE5gXp9DxafHUhxdcw,769,0,929,5,4879,False,lc-K1zv-QUqlaTe0InaBNQ
1159,2017,6,224,Medellin,6.251668728786717,-75.56258922647817,R8VribAhXNkzYed_pH7K6g,725,0,843,4,5945,True,R8VribAhXNkzYed_pH7K6g
978,2017,7,365,Medellin,6.249004707629953,-75.58446286651434,JNyiLdBp_YyMf8CBfVCYXA,533,0,574,6,5456,False,OQqym3nSIyGMizETRA31ww
1082,2013,6,498,Medellin,6.25100093839999,-75.58664738168467,p3jxhwiEFCqOQlgCwRAiMA,147,0,147,10,153,False,uUMCnf0NjT-IPEgOGWGJuA
828,2013,5,181,Medellin,6.245845021736654,-75.57548332483005,7NwQ4TMS4TMMyj0qmDiFbA,180,0,181,9,1171,False,d3Gv__y4WE7OHMcBgNN7RA
1155,2017,6,289,Medellin,6.251982028536998,-75.56740957442088,tqqmz0o7xFFHf0BVMm_FtQ,385,0,403,8,5315,False,1kna2jCCY_ICLabjVCqXFg
690,2014,1,446,Medellin,6.243814647075259,-75.60718381109194,swT7-Qstc06u-tWvdJnsfQ,555,1,863,5,1819,False,USCsN9K42wcYzT2WH9-grg
596,2017,7,513,Medellin,6.241869745890873,-75.59541463490591,6ZeA5sZensowO6PS4c3W4g,355,1,1287,1,5951,True,6ZeA5sZensowO6PS4c3W4g
360,2017,6,181,Medellin,6.237652124264837,-75.56660061842518,xrGE5c7m6onPm-yrxl7hNw,772,0,935,3,2195,False,khuQ4LlmIojFmRhmYh5yNA
989,2017,6,475,Medellin,6.248853434797945,-75.57338506267953,Kk6abOBwxd1RL2y7wYNndA,782,1,1235,2,5150,False,VxsJ_uVY0_jUJHiz_rL_xw
1197,2018,12,302,Medellin,6.252989698167397,-75.57745648892781,it0HTMj-KfACyaiRor9IZA,2,0,2,11,5954,True,it0HTMj-KfACyaiRor9IZA
1082,2019,6,479,Medellin,6.251040506354237,-75.5866378675402,ov5boEf2lhL_E4p1nc-acQ,147,0,147,10,153,False,uUMCnf0NjT-IPEgOGWGJuA
1036,2018,12,438,Medellin,6.249795887926556,-75.57920131689195,PR3tC2Ir4edH1S8rSi9OcQ,99,0,99,11,1524,False,ppD0eak4IGxKGlmVcWyXRQ
583,2013,10,478,Medellin,6.242029429106154,-75.60848344966456,jfalCkitDh1C0obtnc404A,713,0,822,4,5433,False,twY6GPggb9hxgoY8frF1yA
773,2019,6,338,Medellin,6.24495191614491,-75.57750414671605,0u-5NJJ07E2LngjldOpS9w,823,0,1063,5,5958,True,0u-5NJJ07E2LngjldOpS9w
218,2014,10,248,Medellin,6.234987430177109,-75.60224911407617,-fu3xH_cIJtI2xBV25p3sg,35,0,35,13,5934,False,T1HS-nV-3Eq4uMuq8YtPUg
1211,2017,6,665,Medellin,6.253023148448981,-75.56358440328782,_LOZYQAmxBBzt4FDi0i4pg,200,0,201,10,3970,False,9x1b127MG-_wqizCxXb8tQ
296,2015,9,594,Medellin,6.236176842360959,-75.57733251864296,HL4ZD6vOqUXk3Vii0IyqnA,808,0,1010,5,4881,False,G2oskNxPI2NNpL9N_XZSpA
705,2019,4,75,Medellin,6.243797886697124,-75.59259303243454,3WJ9RTR7eSddXxYLl1gDtw,543,0,587,3,888,False,KSzgd3K3c0uly2qN87dVHg
865,2013,5,485,Medellin,6.246957305725786,-75.591559190945,fVIdKaaFYcMtkpvy3nXQfQ,790,0,968,6,5091,False,SCSK91-KE0Dvj_OJu-N4_Q
881,2017,6,641,Medellin,6.247015374690037,-75.57546672691673,GzPvf8v21ZspCK43dYaubQ,50,0,50,6,5964,True,GzPvf8v21ZspCK43dYaubQ
496,2019,4,592,Medellin,6.239997709361138,-75.58938535682437,8UtILoaRrJZzHsmlJfNEig,568,0,615,10,4722,False,Cb1mggJLg_fYLs9xjf1DdQ
145,2015,9,190,Medellin,6.232971609729831,-75.56996811980666,lsSGwf1qrq5N4F9rUIxnKA,183,0,184,25,1616,False,oFs5LoL1vDLaMHFkDtwqbg
1105,2016,3,273,Medellin,6.251097951462034,-75.56354711844371,dWk4ZK5AxfKTzpMuQz0lmA,528,0,568,11,1836,False,hqT88xe-v--_Te1ebSwm4Q
1188,2016,3,367,Medellin,6.252910503065964,-75.58647065539272,TK3K_P1tmNLXv7rPkPE7Vg,442,1,1288,1,5968,True,TK3K_P1tmNLXv7rPkPE7Vg
179,2015,1,313,Medellin,6.233745867943956,-75.58944026695283,4Xv-cGiZoxSWEkypav11dg,416,1,807,3,5969,True,4Xv-cGiZoxSWEkypav11dg
327,2013,6,436,Medellin,6.236887472023756,-75.59951595328883,B0v-VMFcr-l_0lhS68qmPA,125,2,1289,1,5970,True,B0v-VMFcr-l_0lhS68qmPA
487,2015,9,75,Medellin,6.239887281455825,-75.59836972518306,ySc-oKW_ZVL171IRG0fL_A,574,0,622,7,4910,False,DjxKIB_hcfylqNhXmcY8OQ
248,2019,3,395,Medellin,6.235154011735408,-75.57244903886792,4CQtJpelhz90bClVOxvNOA,332,0,339,13,5031,False,HhP3a0w78KKBzm0LMsWKVA
300,2013,9,370,Medellin,6.235901818241482,-75.5733835714411,RgYRYiP7-RZOtYuqapSjLA,447,0,471,8,644,False,eOEqZvGrumtllMnEuZKAog
1038,2017,6,460,Medellin,6.24996915867056,-75.57750422321301,G7Kkmfy_vw79lJeEoQ-MGg,602,0,658,5,1069,False,JefC7m_kvmd9_zmR-ayQOA
61,2017,8,300,Medellin,6.232044747965523,-75.60044117296101,iOKoOQaaXxXw5MfXCRB9Aw,636,0,703,6,4304,False,1dYHXTLTjNfynGwLa975ow
612,2014,6,326,Medellin,6.241937549131249,-75.57949939937475,LDvgWq6n_UGK7MwVUeZe5g,667,0,753,5,1387,False,fFhxiiV9eZ7T1eDmO8zxOg
879,2015,10,226,Medellin,6.246862757341426,-75.5775239435673,BlouqXMojorwNwoK3w7h7Q,700,0,800,12,2363,False,8eyEglL0qGbhrhrDWiv9og
677,2013,10,247,Medellin,6.243116522509388,-75.56781199695182,ra2IDXmitIeIuiCMxEp5vQ,470,0,499,8,4505,False,Fd6-iOJRtnUQs_vt9VIQ5g
114,2015,9,261,Medellin,6.233030484808239,-75.60049416203401,6SorMZi8oLpopmFOH2j7LQ,651,1,1031,3,5979,True,6SorMZi8oLpopmFOH2j7LQ
251,2017,6,574,Medellin,6.234678734260532,-75.56942071914568,I2aZYHNQvDu5b2XyN3qSJw,373,0,391,5,5851,False,uCJddd1pGRPc3bsmdFDJUA
1080,2015,9,489,Medellin,6.250949264861492,-75.58838250102086,_SgLxPtpYGtXqRJUuX52aw,185,0,186,11,5310,False,bsh5kDpYX72-eEufPeicig
147,2014,1,232,Medellin,6.233051468910005,-75.56775157843101,NG0AJm9BOxz1TQ0xGYZzKA,838,0,1144,5,5385,False,fXgXbDeF458eMMD46rVIow
900,2013,8,435,Medellin,6.246926067172631,-75.55649173265088,OXz_nXNL6-zzLt_ZCdg9lg,784,0,956,4,5983,True,OXz_nXNL6-zzLt_ZCdg9lg
352,2013,5,405,Medellin,6.236907683662966,-75.57442197085966,HoR53Ptw8uSDb1nTalz0zQ,322,0,327,7,5365,False,19JOPtc5FMc0kuEJ1_ZXwQ
907,2014,1,333,Medellin,6.247999619255864,-75.60241946876405,VDCo9Tw1yr9IgQS044k0Vg,405,0,426,4,5321,False,p82qZY3BZu76sgJ4kCNFKg
660,2017,7,228,Medellin,6.242989430920852,-75.58453411103987,_cuLe1ZwIMIg9IDaVWhHww,443,0,467,4,2645,False,EWcQjrrTvtoMMmazEJq9CA
111,2013,12,285,Medellin,6.232927700404646,-75.60348107329807,Or5ReqlDg-tBLb5yrbomLA,335,0,343,5,905,False,1XiTT1xKANo21WRQOtgSfw
4,2013,5,118,Medellin,6.231041071427546,-75.60451808359741,GXLKUCZFQr10FqiCTpdLaw,289,0,294,5,3297,False,x5aHmuMi7K521eix2MG0ZA
734,2013,10,191,Medellin,6.244076729602112,-75.56345862607672,0azpjD_tacRygVB_4NCsXg,310,0,315,8,5779,False,MxxuvWSd5tHh-AyPwgG7fQ
766,2016,3,625,Medellin,6.244902943761296,-75.58435797376701,oQ6yngXG_WUMlxmaUIGZYA,202,0,203,12,2542,False,TtgGkjr2vOJdoD8KOjFBWQ
357,2017,6,257,Medellin,6.236983728893404,-75.5694674454753,cC3JTQ8zrCZ_FTKG59lO1A,503,0,536,15,4633,False,lHqPaXIdMlo_sny6QGShNg
538,2013,11,155,Medellin,6.240847506983666,-75.60051107448004,81Vw_KW1IEd1yV-hZNxElQ,436,0,460,3,5992,True,81Vw_KW1IEd1yV-hZNxElQ
176,2013,5,498,Medellin,6.233958756756206,-75.59151644323241,KnyjnM6xAPjvjsS3KkX7CA,664,1,1005,7,5576,False,qMB3zKGRn-pluyXGMC4a3g
20,2014,8,328,Medellin,6.231497422943946,-75.58851030093824,S-f9SCzSETvjsq7wVGEP9Q,358,0,374,10,5180,False,KfQ6slCt84vvRte8rPdI5g
920,2019,4,446,Medellin,6.247886540692341,-75.58945386455092,LJS__lAH43YRn_bSYI8UJA,146,0,146,9,4417,False,CvM1HUf9Yf_hw-Knu-7Mag
1250,2014,11,569,Medellin,6.254041164302381,-75.57771143799246,zptWW8F8OAQJinfiGTqJSQ,545,0,589,14,1040,False,-iMvOeIAoosR2E1Ru8OXkQ
919,2016,3,612,Medellin,6.247952228146353,-75.59047508840032,n-OL4RKetuF3Zb9lBrngPw,384,0,402,9,1821,False,vBBytrNPwbD10_RMRgo5KQ
424,2014,2,516,Medellin,6.238954908168654,-75.60845934270888,mCoEYACvuwSyWp-7fDfpuA,420,0,442,10,5998,True,mCoEYACvuwSyWp-7fDfpuA
388,2016,3,417,Medellin,6.237893516721303,-75.59137883738255,0C9GZ_EoFHXge_gQ0JuG1Q,689,0,783,7,1502,False,yPSL-5sJef0o9OJUoENsbA
1240,2015,4,306,Medellin,6.254231380274554,-75.5874781477011,hTZB97M7q69hQ6VUKNtzgQ,195,0,196,9,4563,False,cuyEGe8N3SQtWNPuknXSzQ
504,2017,7,424,Medellin,6.240123704365965,-75.58153511198711,VMCC2gGAyW_mtIL1Fuu5_w,116,0,116,11,1610,False,0D1wsW1QIc5AwaRWzjDsKQ
778,2014,1,224,Medellin,6.245166031533983,-75.57232081801659,75PP53YcRYggmia3QDAJWA,227,0,229,11,262,False,9g-mSvJ716BhQz83M9Bsjg
334,2014,4,624,Medellin,6.236834158708894,-75.5923877144307,l-TPyrxQdBws64qm6pG_UA,294,0,299,8,4510,False,MaLwraGD_br9YsutiUaKmw
387,2013,10,374,Medellin,6.238100567270652,-75.59260544097965,PMbuE1WAcvGtBbTYh2rZUg,439,1,1259,2,5443,False,ylkB4fipuyFuqKc4z1pF7g
73,2015,1,440,Medellin,6.231829033965761,-75.58840440730962,LuORxoKesbH-Okv6De6aGQ,556,0,602,10,4513,False,QBD4sKLNyQZact90HdeRAA
1188,2013,11,322,Medellin,6.252883292905561,-75.58644546463294,4_MFIQtKqnFlLSyYjJsHZA,442,0,466,8,6006,True,4_MFIQtKqnFlLSyYjJsHZA
336,2019,1,240,Medellin,6.236975534246802,-75.59054771531378,4zN-Bnc2jdylnDvJSZ5QzA,339,1,546,2,789,False,FjuyTdLoPmmhLo4wZzamPw
622,2015,10,435,Medellin,6.24186020878289,-75.5694431417964,TBOQE9JCw46bU2ITeEBPEw,432,0,456,13,614,False,fe1unOtAlLl2Z6S9sPNpZA
301,2013,5,316,Medellin,6.235995281149033,-75.57246487813237,WsB94WbjbjbtOCcoD1jE2g,660,3,1290,1,6009,True,WsB94WbjbjbtOCcoD1jE2g
144,2014,1,191,Medellin,6.23299976240012,-75.57005859937436,ZHTem6HObnq-H1X2ZxpCTA,183,0,184,25,1616,False,oFs5LoL1vDLaMHFkDtwqbg
297,2019,7,185,Medellin,6.235980359420526,-75.57647399110668,dJqxCXrrd2HHylE4IxA7CQ,821,0,1050,4,4788,False,6N7t-9FjeComknEZuGiscQ
779,2013,10,553,Medellin,6.245101852494172,-75.5714694164387,qaAJE8HQHQxCRk9S_32xlw,412,0,434,10,4295,False,wzXk8Tcx9hTbSz-sokYCrA
952,2013,5,448,Medellin,6.247905957184754,-75.55733823002318,7Gyn8QceLFln_V5a34Mzvg,580,0,628,4,3579,False,vHVo4aIJBgyCU_6PmmQQHA
804,2017,7,530,Medellin,6.245901804760491,-75.59925866026686,yAd9BzSYMscCFiwVR1OuCQ,499,1,1105,2,3468,False,SyzI9eqGEqxp9icR4GXBhw
465,2019,1,516,Medellin,6.239204361174382,-75.56752309970203,ZnWeib9o2DVB_NXuSALknA,557,0,603,7,2596,False,QvdLYKDRs7SYfUei78mlKg
136,2015,9,300,Medellin,6.232781308298323,-75.5785712551183,nM7xqP5H7rBT4EfZsgjyWQ,408,0,430,9,5721,False,ctkejBcdA0hkyHLV-ldZ4A
355,2014,9,384,Medellin,6.236854895306991,-75.57146844168602,hE51BnAGOMq59ILsxRu0wQ,480,0,511,10,4070,False,zlvxk0hKwM3-LfJzjXmPTg
950,2013,6,438,Medellin,6.247987583729137,-75.55953331913219,LwSXZ69KguHXkcx6x8UFdw,103,0,103,4,6018,True,LwSXZ69KguHXkcx6x8UFdw
121,2016,3,50,Medellin,6.232940010150099,-75.59368786737673,AT5jIwkA8UnMqJ1_oWLLwA,140,0,140,5,424,False,u2yD9cXlRNo7_pT1WvrUmA
803,2017,7,346,Medellin,6.24597064441311,-75.59989935440389,rlYO3OVppXZhJna7Gxo8tw,341,1,454,6,5528,False,xaYC9tQ9J1MwrT7Lh5ly3w
597,2016,4,289,Medellin,6.241863874862041,-75.59465490705668,lQXorlN7WpoxuBO8ZBkJmA,687,1,1032,3,6021,True,lQXorlN7WpoxuBO8ZBkJmA
69,2019,6,505,Medellin,6.232298166638152,-75.59242984074277,m90gVrCWUG2MCznGxggp1w,615,0,672,6,3516,False,KfSDEtsIaienJ9v0Da1BkA
1236,2013,10,354,Medellin,6.253905772952641,-75.59049795377831,ShPFkjLCC_ir71CxU6JkJw,779,0,949,10,2615,False,0EXsqruMPzhICRwvjTUlmQ
