place_id,year,month,northdeg,city_id,lat,lon,panoid,spatial_cluster_id,heading_cluster_id,cluster_id,cluster_size,cluster_center_index,is_cluster_center,cluster_center_panoid
4781,2019,6,166,Minneapolis,44.99052390697258,-93.25456768161754,Smf_9jeWcDi4K2mpMubkcg,0,0,0,4,0,True,Smf_9jeWcDi4K2mpMubkcg
4685,2019,6,86,Minneapolis,44.98918174249314,-93.25287870473568,q4czdRgq3RodNjUPa0Blwg,3,0,3,5,3,True,q4czdRgq3RodNjUPa0Blwg
1009,2014,10,239,Minneapolis,44.94926848995898,-93.2906671787434,-cppijHLON4FUDHKpoZn0Q,5,0,5,3,5,True,-cppijHLON4FUDHKpoZn0Q
4248,2015,10,249,Minneapolis,44.98439048856546,-93.23901337921652,vU61Q_N73VAZF6agc4VZaw,6,0,6,6,6,True,vU61Q_N73VAZF6agc4VZaw
2102,2011,9,185,Minneapolis,44.96130763855236,-93.29057651164482,sYJ6Fz_2ZbhNhrxmzwmIEA,7,0,7,4,7,True,sYJ6Fz_2ZbhNhrxmzwmIEA
358,2014,8,39,Minneapolis,44.94131655991396,-93.21403669409534,xI0zfoq2ZwBGIF_Z78zDfw,8,0,8,2,8,True,xI0zfoq2ZwBGIF_Z78zDfw
3693,2019,7,66,Minneapolis,44.97824816180038,-93.24498090962118,HI70EehYBqVdLNiGFlbeMw,17,0,17,5,17,True,HI70EehYBqVdLNiGFlbeMw
3173,2009,7,274,Minneapolis,44.97243228921205,-93.22036775651767,U0eIpI9swEZ-CXo6XMKGmA,18,0,18,4,18,True,U0eIpI9swEZ-CXo6XMKGmA
4715,2014,9,306,Minneapolis,44.98933625870402,-93.22697212790958,cMaXsrvlKfcDJfFT5qadwA,20,0,20,4,20,True,cMaXsrvlKfcDJfFT5qadwA
2951,2017,11,225,Minneapolis,44.97042306003033,-93.25998674165125,PjEHQAJr5grs-SC2M66aAA,26,0,26,11,26,True,PjEHQAJr5grs-SC2M66aAA
799,2007,7,223,Minneapolis,44.9462533372855,-93.2284358928011,_2P63tmuPguunUfq2afUIQ,28,0,28,3,28,True,_2P63tmuPguunUfq2afUIQ
935,2014,10,236,Minneapolis,44.94830617024216,-93.2740816192468,eR0ihsTt5Yrpjdb57eTtkg,29,0,29,4,29,True,eR0ihsTt5Yrpjdb57eTtkg
813,2014,8,315,Minneapolis,44.94627846401627,-93.21402079571922,ItrL4IA3zHPmP1rP4JG6UQ,30,0,30,2,30,True,ItrL4IA3zHPmP1rP4JG6UQ
4345,2014,9,40,Minneapolis,44.98536461983505,-93.22809522097272,cZHK6OEuwCzkMRiIo7jhjQ,32,0,32,3,32,True,cZHK6OEuwCzkMRiIo7jhjQ
197,2011,6,112,Minneapolis,44.94029607330728,-93.28433181750025,Hhg_iNn6tLc5EXL8By9BBA,34,0,34,5,34,True,Hhg_iNn6tLc5EXL8By9BBA
4506,2011,6,305,Minneapolis,44.98729907911574,-93.24898398674064,IfuAUiyZYxGzUnGi6fvDNw,37,0,37,6,37,True,IfuAUiyZYxGzUnGi6fvDNw
1943,2011,9,62,Minneapolis,44.95909212094909,-93.26708484008176,DJwusfrIF-18mmWa0WwsCg,41,0,41,2,41,True,DJwusfrIF-18mmWa0WwsCg
4405,2009,6,162,Minneapolis,44.98621806261103,-93.26326460472347,yhAMo2IDABHdWvkNv4Ndww,42,0,42,3,42,True,yhAMo2IDABHdWvkNv4Ndww
3,2019,5,267,Minneapolis,44.93837285025481,-93.29586539811945,UwyLFeir44Hmc79Ql05Nbw,44,0,44,4,44,True,UwyLFeir44Hmc79Ql05Nbw
626,2019,6,196,Minneapolis,44.94429435541548,-93.21786172057864,Sp1KoDQ9mqdg-c7sd4yvzA,45,0,45,1,45,True,Sp1KoDQ9mqdg-c7sd4yvzA
224,2007,7,40,Minneapolis,44.93958086638358,-93.25720150112204,UV_Ztm8FWd2HsxzbVYX8sA,49,0,49,3,49,True,UV_Ztm8FWd2HsxzbVYX8sA
1183,2016,11,24,Minneapolis,44.95125302664166,-93.29829844875565,1HPMfr7R7aP9tnypg90bzw,54,0,54,2,54,True,1HPMfr7R7aP9tnypg90bzw
1504,2011,7,348,Minneapolis,44.95427980605125,-93.25121995081398,mSEO8eVf1kfYIcDFKMhgCw,58,0,58,3,58,True,mSEO8eVf1kfYIcDFKMhgCw
2305,2008,10,191,Minneapolis,44.96328080939251,-93.2692100410206,bbXNLEcUDuKy3XDBxYkEog,25,0,25,8,59,True,bbXNLEcUDuKy3XDBxYkEog
4265,2011,6,135,Minneapolis,44.9843117613949,-93.21712939920268,4w48Fd-sK3plxbD5YQsCQQ,61,0,61,7,62,True,4w48Fd-sK3plxbD5YQsCQQ
1307,2019,5,74,Minneapolis,44.95226190887534,-93.26648306339357,93euoYGiFKOSnXby-NoIBw,63,0,63,3,64,True,93euoYGiFKOSnXby-NoIBw
4993,2009,10,161,Minneapolis,44.99239110247034,-93.22316135257856,i9cY4pygtjLVzPlslqrfIQ,64,0,64,5,65,True,i9cY4pygtjLVzPlslqrfIQ
1279,2007,7,155,Minneapolis,44.95230477357445,-93.29442725767184,LGeIPiugQJzvP_1X8191hw,69,0,69,2,70,True,LGeIPiugQJzvP_1X8191hw
1997,2009,6,165,Minneapolis,44.95930029270039,-93.21322474561649,XkDRcSr2JH21GOR5GjJ12A,72,0,72,1,73,True,XkDRcSr2JH21GOR5GjJ12A
478,2011,8,337,Minneapolis,44.94318133750571,-93.27611445454896,RIxavGPYsSjx_lJrb6kjxw,75,0,75,3,76,True,RIxavGPYsSjx_lJrb6kjxw
510,2014,9,10,Minneapolis,44.9429506689297,-93.24415762750058,97bxLc8wLs8AyylIgBwJVQ,76,0,76,5,77,True,97bxLc8wLs8AyylIgBwJVQ
1595,2019,6,32,Minneapolis,44.95522227151004,-93.25118776544086,Gk-Mr7E7SI3nk-tWFPtU6g,78,0,78,1,79,True,Gk-Mr7E7SI3nk-tWFPtU6g
1948,2019,6,75,Minneapolis,44.95913362623312,-93.26210716478364,qvLd7sjv_GboMMq0IqRUiA,79,0,79,9,80,True,qvLd7sjv_GboMMq0IqRUiA
2364,2009,6,53,Minneapolis,44.96325740990509,-93.21028745509363,xyAbfgZJiypCIO3Ia_eGPg,81,0,81,1,82,True,xyAbfgZJiypCIO3Ia_eGPg
2854,2011,6,104,Minneapolis,44.96915431003546,-93.26619574438588,56yOIvMg2YK0QZ-EKaO_bQ,84,0,84,4,85,True,56yOIvMg2YK0QZ-EKaO_bQ
195,2019,5,258,Minneapolis,44.94028822167814,-93.28563324067528,Tm-DNya9m4Rasn_hnYcukA,88,0,88,2,89,True,Tm-DNya9m4Rasn_hnYcukA
615,2009,10,90,Minneapolis,44.94425906116435,-93.23002744916757,G5vLWh_ANmSgQDfgNYA7Ug,91,0,91,3,92,True,G5vLWh_ANmSgQDfgNYA7Ug
2310,2011,6,304,Minneapolis,44.9632470839193,-93.26384825169994,phPNEDb8yTeS_VIYB-n7aw,93,0,93,2,94,True,phPNEDb8yTeS_VIYB-n7aw
3043,2017,11,170,Minneapolis,44.97128990677295,-93.2591318095956,xv1xTSJ7_2qb59jyhf_xLw,100,0,100,5,101,True,xv1xTSJ7_2qb59jyhf_xLw
1709,2007,7,198,Minneapolis,44.95627588220167,-93.22831282340684,JQwgdU2M8fv1zqj5rES8zg,107,0,107,1,108,True,JQwgdU2M8fv1zqj5rES8zg
3796,2007,6,193,Minneapolis,44.97920629512047,-93.22923889513253,MJpFZ2w_WANbkd3EIkwr7A,111,0,111,9,112,True,MJpFZ2w_WANbkd3EIkwr7A
1316,2007,7,167,Minneapolis,44.95234819744917,-93.25754201253156,Ni79HP3DsmcgL3ct2EVaIA,53,0,53,5,117,True,Ni79HP3DsmcgL3ct2EVaIA
4993,2016,10,335,Minneapolis,44.99235722639384,-93.22313247742832,06Zf6wMq1hH25Zy_rpg3FA,64,1,117,2,119,True,06Zf6wMq1hH25Zy_rpg3FA
332,2007,7,271,Minneapolis,44.94135391175954,-93.24006408957452,JmZQ-J_nMP1Go_q3EfV4Rg,117,0,118,3,120,True,JmZQ-J_nMP1Go_q3EfV4Rg
3845,2011,6,63,Minneapolis,44.9799962846632,-93.27542118802933,DF0d34efPv7xyZ30XPKm3w,120,0,121,9,123,True,DF0d34efPv7xyZ30XPKm3w
542,2014,8,289,Minneapolis,44.94330435145209,-93.21211945069152,3Apbputz-j4zOgchsX1vaA,123,0,124,3,126,True,3Apbputz-j4zOgchsX1vaA
3313,2019,6,221,Minneapolis,44.97405211913029,-93.2623612080338,dP-cjh8GbHerPjXiuiARKw,135,0,136,8,139,True,dP-cjh8GbHerPjXiuiARKw
3807,2019,7,52,Minneapolis,44.97855126358223,-93.22697275762016,eRmq_2D8btwf8R_j1RyGGw,138,0,139,5,142,True,eRmq_2D8btwf8R_j1RyGGw
564,2014,9,95,Minneapolis,44.94432909539707,-93.28138221719432,p9hRIYm-4p3jiaUPrKA07A,141,0,142,4,145,True,p9hRIYm-4p3jiaUPrKA07A
2924,2019,6,139,Minneapolis,44.97026644359143,-93.28720833136586,zl1A1zObofoQdTlcGC_4IA,31,0,31,12,150,True,zl1A1zObofoQdTlcGC_4IA
466,2007,7,160,Minneapolis,44.94331194666456,-93.28945166777147,9ZwzSCLz-E4IPdH0DjKgfw,150,0,151,1,155,True,9ZwzSCLz-E4IPdH0DjKgfw
5001,2015,10,205,Minneapolis,44.99154085812899,-93.21515731132578,hfkFnrFvUVVV_fWANQpYjQ,151,0,152,2,156,True,hfkFnrFvUVVV_fWANQpYjQ
5036,2013,8,185,Minneapolis,44.99332787989181,-93.26185628929662,NFCdW7oU_Bi3EkSFStD6UQ,154,0,155,4,159,True,NFCdW7oU_Bi3EkSFStD6UQ
4938,2019,6,181,Minneapolis,44.99234426863082,-93.27520079915978,5MVPmkQRBEOguXotQsGjXQ,166,0,167,4,173,True,5MVPmkQRBEOguXotQsGjXQ
543,2014,8,112,Minneapolis,44.94330851204295,-93.2111993397736,ZffMIvjJZPujSj2e6iq2Ig,176,0,177,3,183,True,ZffMIvjJZPujSj2e6iq2Ig
713,2019,6,147,Minneapolis,44.94533501569824,-93.22295548782152,E7z9hDLWvyNMD_g1Fc-7HA,179,0,180,4,186,True,E7z9hDLWvyNMD_g1Fc-7HA
3090,2019,6,328,Minneapolis,44.97118947103528,-93.2118629668976,KsvRJTculmaIz2V3__jRWA,181,0,182,3,188,True,KsvRJTculmaIz2V3__jRWA
4121,2014,9,316,Minneapolis,44.9832442823642,-93.27425052482336,8NnBQRyFZprpzQZ_6qfjEA,183,0,184,6,190,True,8NnBQRyFZprpzQZ_6qfjEA
840,2014,10,337,Minneapolis,44.94727892527435,-93.27791049887304,vxpN5Y4a1pnxShQbrptDMg,186,0,187,1,193,True,vxpN5Y4a1pnxShQbrptDMg
4858,2007,7,48,Minneapolis,44.99124106338714,-93.2604286238949,h0WnbPVGdsFKtrwgFEDC6g,191,0,192,1,198,True,h0WnbPVGdsFKtrwgFEDC6g
1257,2019,6,236,Minneapolis,44.95128651204757,-93.2256731712161,kD9P_l2p8vG0LetSfbHFRQ,194,0,195,5,201,True,kD9P_l2p8vG0LetSfbHFRQ
1356,2014,8,321,Minneapolis,44.95199556870428,-93.21718133842822,mUn9pyuNDltPAFe2G8PaoA,196,0,197,1,203,True,mUn9pyuNDltPAFe2G8PaoA
506,2017,8,178,Minneapolis,44.94295303949864,-93.24808084117274,qvH721bj20Kp5mOHs1DVzg,198,0,199,2,206,True,qvH721bj20Kp5mOHs1DVzg
4349,2019,7,69,Minneapolis,44.98533488397355,-93.22914728592367,bx1DpN8vwJPedMhP57rktw,203,0,204,6,212,True,bx1DpN8vwJPedMhP57rktw
221,2017,8,28,Minneapolis,44.94025875021533,-93.26005262079492,p57iZPP-fdXjljD_Zck_yA,205,0,206,1,214,True,p57iZPP-fdXjljD_Zck_yA
5221,2019,6,50,Minneapolis,44.99532044402671,-93.27015821144344,os9q5Eh5wGdXxwiOg6mvlw,207,0,208,2,216,True,os9q5Eh5wGdXxwiOg6mvlw
3472,2013,8,184,Minneapolis,44.97594011941678,-93.28515465165542,exviTT74_ezuarQyF1lCRg,208,0,209,2,217,True,exviTT74_ezuarQyF1lCRg
1549,2012,6,163,Minneapolis,44.95523211629438,-93.2970148416263,vu8RpA3Al1WJ334lpiLOrA,209,0,210,8,218,True,vu8RpA3Al1WJ334lpiLOrA
347,2009,10,42,Minneapolis,44.94136688086192,-93.22517180670026,QiHwS4r5SVBrnM5oYn2yVA,213,0,214,4,222,True,QiHwS4r5SVBrnM5oYn2yVA
4760,2014,9,77,Minneapolis,44.99010061178799,-93.27122104231108,2CwCBVdps6YHfPx7-JYJug,214,0,215,9,223,True,2CwCBVdps6YHfPx7-JYJug
2857,2018,10,51,Minneapolis,44.96912731611339,-93.26329516156662,G4VsFjN2wAjBdx8C_jpoQA,216,0,217,8,225,True,G4VsFjN2wAjBdx8C_jpoQA
4157,2011,7,275,Minneapolis,44.98334666143232,-93.23318331185834,txpAtM23vBYvci7FCdSOfg,218,0,219,4,227,True,txpAtM23vBYvci7FCdSOfg
4994,2013,8,126,Minneapolis,44.99242262892859,-93.21821530425204,YAJS2_1UYeKVyyCqp6UPQg,228,0,229,2,237,True,YAJS2_1UYeKVyyCqp6UPQg
4256,2009,6,347,Minneapolis,44.98424158156161,-93.22863010045025,r_uTlBphCXYpgMbsIwwi9A,231,0,232,6,240,True,r_uTlBphCXYpgMbsIwwi9A
371,2019,5,15,Minneapolis,44.94225697326246,-93.29328335774969,XIF5es17gOhHerQYY-Q4zg,233,0,234,6,242,True,XIF5es17gOhHerQYY-Q4zg
567,2017,8,291,Minneapolis,44.94433467811747,-93.27791372590517,1qQCxho7D-pSjjdAFiGQ8A,237,0,238,5,246,True,1qQCxho7D-pSjjdAFiGQ8A
2287,2009,6,1,Minneapolis,44.96338762444806,-93.28718646965662,WmECZSRFKD8oriIpbQbVyg,239,0,240,1,248,True,WmECZSRFKD8oriIpbQbVyg
279,2017,8,93,Minneapolis,44.94133167450767,-93.29315506564603,KK3zapqqSaEqH2Y304sgRg,240,0,241,1,249,True,KK3zapqqSaEqH2Y304sgRg
2953,2009,7,83,Minneapolis,44.97034260825708,-93.25934501386834,bmuJ-JJrNwOnygwiaTrFQQ,241,0,242,1,250,True,bmuJ-JJrNwOnygwiaTrFQQ
4453,2019,6,220,Minneapolis,44.98631318313455,-93.21525461865042,-BxQqQQvdEyxCxfYW917YA,243,0,244,3,252,True,-BxQqQQvdEyxCxfYW917YA
524,2019,6,211,Minneapolis,44.94329903158096,-93.23002240038797,45rl7KpgtrPsoJd0gZKduw,249,0,250,2,259,True,45rl7KpgtrPsoJd0gZKduw
1943,2017,8,243,Minneapolis,44.9591255548128,-93.26705918284404,sJqgZiYq35vR0BlKJ538wA,41,1,251,8,261,True,sJqgZiYq35vR0BlKJ538wA
1749,2007,7,116,Minneapolis,44.95732486700546,-93.27916416889796,iBiw2ksaiKvgfy96cccaSw,252,0,254,5,264,True,iBiw2ksaiKvgfy96cccaSw
4126,2007,7,58,Minneapolis,44.98313447281619,-93.26992535337963,1TxMZ-F3aCfplnRoVV2-aw,257,0,259,2,269,True,1TxMZ-F3aCfplnRoVV2-aw
1972,2016,9,137,Minneapolis,44.95915610134953,-93.23810720641958,cjdt7wQ7lW3Ew7y0YbjrFw,261,0,263,4,273,True,cjdt7wQ7lW3Ew7y0YbjrFw
5087,2009,7,148,Minneapolis,44.99330165040781,-93.2177000329018,urgof8-teOYKFN9Id0kCew,262,0,264,2,274,True,urgof8-teOYKFN9Id0kCew
2522,2013,8,6,Minneapolis,44.96531033923198,-93.23419050287012,tHfddItrWeJgJrjmJStXEg,263,0,265,2,275,True,tHfddItrWeJgJrjmJStXEg
3174,2009,10,289,Minneapolis,44.97251868014781,-93.21902590391416,QewlNEMoTtZ-ztClcYmEFg,264,0,266,2,276,True,QewlNEMoTtZ-ztClcYmEFg
2043,2014,9,219,Minneapolis,44.96033093562211,-93.25823552322385,ytun0KTbYQEgPyXi7CdI0w,265,0,267,6,277,True,ytun0KTbYQEgPyXi7CdI0w
1235,2007,7,228,Minneapolis,44.95132273173579,-93.2474223045021,SmVJGnLSHypclaNHo-3tRw,266,0,268,2,278,True,SmVJGnLSHypclaNHo-3tRw
2222,2009,7,110,Minneapolis,44.96227239983912,-93.2610817287002,mGU7-iLS1vC0nBqqRlS6OQ,273,0,275,3,285,True,mGU7-iLS1vC0nBqqRlS6OQ
4388,2019,6,51,Minneapolis,44.98630132179503,-93.2830959770668,3dZNawjQowQqsiwC0aKAbg,277,0,279,3,289,True,3dZNawjQowQqsiwC0aKAbg
461,2019,5,341,Minneapolis,44.94333274894207,-93.29326414707656,GDIDC2i8hxbKAi72Jzd2Vw,284,0,286,6,296,True,GDIDC2i8hxbKAi72Jzd2Vw
4248,2019,6,76,Minneapolis,44.98436734374792,-93.23902131050455,_Ls8fkjO5NaYIRB5SBzRzA,6,1,290,2,300,True,_Ls8fkjO5NaYIRB5SBzRzA
3924,2016,9,257,Minneapolis,44.98127474766692,-93.2880690590601,Em_-Xq5KAj7Nv3U9xKLCuA,289,0,292,6,302,True,Em_-Xq5KAj7Nv3U9xKLCuA
958,2007,7,75,Minneapolis,44.94833387911612,-93.25128979485154,vNIyU70c0k2iENPXAMcxAA,291,0,294,1,304,True,vNIyU70c0k2iENPXAMcxAA
57,2019,6,137,Minneapolis,44.93830439869972,-93.242302372363,pxfdgjJP1kQDP_pH651PDA,295,0,298,1,308,True,pxfdgjJP1kQDP_pH651PDA
3879,2014,9,164,Minneapolis,44.98043808089432,-93.23894904599122,frfUondu180OGIBkS5KqTA,296,0,299,15,309,True,frfUondu180OGIBkS5KqTA
2081,2014,9,359,Minneapolis,44.95983256346066,-93.22100033418786,37rfkD4FXnJYioNEq9LnGw,298,0,301,4,311,True,37rfkD4FXnJYioNEq9LnGw
197,2007,7,286,Minneapolis,44.94029228793083,-93.28436727466888,2gQkgC9BUj53A82-ByetUw,34,1,302,3,312,True,2gQkgC9BUj53A82-ByetUw
3498,2017,11,242,Minneapolis,44.97652735371403,-93.25898046947476,WG7lAVm9BNzmHuZ-mZMmzQ,300,0,304,1,314,True,WG7lAVm9BNzmHuZ-mZMmzQ
3316,2007,7,36,Minneapolis,44.9744773858139,-93.25958651998484,ZsPzFyNoZRFNSg1lP8LunQ,315,0,319,5,331,True,ZsPzFyNoZRFNSg1lP8LunQ
5011,2011,6,185,Minneapolis,44.99310035354477,-93.29215254141374,NMN61zUcxgLN8zEetRad3g,318,0,322,2,334,True,NMN61zUcxgLN8zEetRad3g
2557,2011,6,73,Minneapolis,44.96643681987095,-93.29022736131624,hceEloCFHf6djUodhm3PGg,320,0,324,1,336,True,hceEloCFHf6djUodhm3PGg
4861,2011,6,286,Minneapolis,44.99030643007939,-93.26527124504456,xD6bYseiQCWQfuTMJtMVYg,324,0,328,2,341,True,xD6bYseiQCWQfuTMJtMVYg
3416,2017,8,239,Minneapolis,44.97539416478535,-93.25006073049836,yaaBdxPArQtZIRiKY_PpEA,328,0,332,6,346,True,yaaBdxPArQtZIRiKY_PpEA
622,2007,7,128,Minneapolis,44.94433886079566,-93.2229584914202,khu54a-oxxxf0Yh6gBNgBw,334,0,338,2,353,True,khu54a-oxxxf0Yh6gBNgBw
4074,2017,8,292,Minneapolis,44.9823746827905,-93.2324544860848,HN9MHz5278B_8aLtqZNmUA,341,0,346,6,361,True,HN9MHz5278B_8aLtqZNmUA
3316,2017,8,236,Minneapolis,44.97448122369463,-93.25954413642532,OsTG67P5sFy6lkBj93Brog,315,1,349,1,364,True,OsTG67P5sFy6lkBj93Brog
4583,2011,7,212,Minneapolis,44.98830633687773,-93.26012614697976,ITViXw_U7ZWk7IGBjnavGQ,344,0,350,7,365,True,ITViXw_U7ZWk7IGBjnavGQ
1596,2007,7,116,Minneapolis,44.95535608228842,-93.24991469392424,tAmHfX7pmCuRWYNlg8kvgA,347,0,353,1,369,True,tAmHfX7pmCuRWYNlg8kvgA
299,2014,10,208,Minneapolis,44.94137844843212,-93.27313028049583,f7Ihmk0SC02HCBSPKKa0jg,349,0,355,3,371,True,f7Ihmk0SC02HCBSPKKa0jg
1790,2019,6,254,Minneapolis,44.95737580952091,-93.23816078047533,7uqebwqsh0XmOPGXEYFy8w,354,0,360,5,376,True,7uqebwqsh0XmOPGXEYFy8w
5171,2019,6,180,Minneapolis,44.99430717024953,-93.22538272718516,a3ssL8DRhDpcTSqJnEvtcw,364,0,370,3,388,True,a3ssL8DRhDpcTSqJnEvtcw
4261,2019,6,77,Minneapolis,44.98418323444177,-93.22818912379404,9mUM-k06gxCdnsXGXe0jkA,365,0,371,1,389,True,9mUM-k06gxCdnsXGXe0jkA
1481,2014,8,65,Minneapolis,44.95427269652749,-93.2740940260048,jOxsuTKjnbUNpATU382Mqg,369,0,375,1,394,True,jOxsuTKjnbUNpATU382Mqg
2317,2014,9,128,Minneapolis,44.96330950198717,-93.25683699484502,ELhBc0arLGWsTjKnGkQ4Pw,370,0,376,4,395,True,ELhBc0arLGWsTjKnGkQ4Pw
1226,2011,8,107,Minneapolis,44.95130843862571,-93.25631540633483,pZmcRaR_J8BC55lCkOpDzg,372,0,378,3,398,True,pZmcRaR_J8BC55lCkOpDzg
4012,2011,6,227,Minneapolis,44.98225358380006,-93.29087627106894,hNnVmCeABnV8g7Fti4Y9wg,282,0,284,3,400,True,hNnVmCeABnV8g7Fti4Y9wg
3607,2011,6,33,Minneapolis,44.97699588045656,-93.24213994307208,or1avedaiVUZuCuPlCb_8w,387,0,393,1,414,True,or1avedaiVUZuCuPlCb_8w
300,2014,10,307,Minneapolis,44.94138469805845,-93.27210936526374,-bAAtEFoP8y4_MDuCaiLfg,388,0,394,1,415,True,-bAAtEFoP8y4_MDuCaiLfg
2699,2019,6,228,Minneapolis,44.96692539979383,-93.2393881166353,hyqwwrxEZfdWZovicb3KbQ,390,0,396,9,417,True,hyqwwrxEZfdWZovicb3KbQ
1856,2014,10,330,Minneapolis,44.95832086066946,-93.26260781470364,Nwtn-btDWRqm-te5ovRPKw,391,0,397,7,419,True,Nwtn-btDWRqm-te5ovRPKw
1081,2016,7,278,Minneapolis,44.94933320491582,-93.21911608498236,GAbxjTSpZgSMI34eyvzz-Q,394,0,400,3,422,True,GAbxjTSpZgSMI34eyvzz-Q
5268,2019,6,164,Minneapolis,44.99521506419746,-93.22029030694353,b6RT3HbkK6VbhUz5AC1Hbg,396,0,402,1,424,True,b6RT3HbkK6VbhUz5AC1Hbg
2251,2009,10,88,Minneapolis,44.9627898834723,-93.23206795464525,BHzOZ9lEfkGYn11qxn0GBw,397,0,403,3,426,True,BHzOZ9lEfkGYn11qxn0GBw
5266,2014,9,146,Minneapolis,44.99510618239284,-93.22317756728523,1p6JqOm899QXX2BApvfavg,403,0,409,4,432,True,1p6JqOm899QXX2BApvfavg
5135,2007,7,295,Minneapolis,44.99444437455022,-93.2626089629866,acv2LHM42gLcivSwpsDYUQ,404,0,410,2,433,True,acv2LHM42gLcivSwpsDYUQ
5022,2019,6,0,Minneapolis,44.99330076271728,-93.2815880319112,-5DsDgXSS2-sypMor_GQkw,406,0,412,7,436,True,-5DsDgXSS2-sypMor_GQkw
181,2007,7,339,Minneapolis,44.93932481849691,-93.20889695929664,166r1Oc_YVMwPYJOxowBag,409,0,415,2,440,True,166r1Oc_YVMwPYJOxowBag
2177,2009,10,359,Minneapolis,44.96110186633358,-93.2148671468634,IhsRreMcLg9kFahsbFugSQ,414,0,420,2,445,True,IhsRreMcLg9kFahsbFugSQ
1596,2019,6,94,Minneapolis,44.95532333554229,-93.24987154589718,4fsED711CJR8Z3RgEGPuDg,347,1,425,2,450,True,4fsED711CJR8Z3RgEGPuDg
1847,2016,9,302,Minneapolis,44.95830182047219,-93.27275333518055,4PSQ1x2ClbXwxk8QgPFeCA,421,0,428,1,453,True,4PSQ1x2ClbXwxk8QgPFeCA
4705,2019,6,45,Minneapolis,44.98932493525454,-93.23458772921884,qoHh179O-4G2gtV0yJqSkQ,152,1,431,1,456,True,qoHh179O-4G2gtV0yJqSkQ
1214,2014,10,30,Minneapolis,44.95124231555364,-93.26773559498172,eukGHOZrPW9IdTdwwcYeAA,274,0,276,7,460,True,eukGHOZrPW9IdTdwwcYeAA
98,2007,7,145,Minneapolis,44.93932265900805,-93.29204036528174,c1ZkAGaxt4FxQrv7LU1ecg,426,0,435,3,461,True,c1ZkAGaxt4FxQrv7LU1ecg
2839,2014,9,78,Minneapolis,44.96937636747823,-93.28084955997517,ram6c41tkaqwJzMUm3nQfg,433,0,442,5,468,True,ram6c41tkaqwJzMUm3nQfg
693,2011,10,52,Minneapolis,44.94476117444604,-93.24309692640465,iQj_puFn6KEpvQM41F0Prg,436,0,445,1,471,True,iQj_puFn6KEpvQM41F0Prg
4618,2019,6,152,Minneapolis,44.9883260942952,-93.22822296618496,uGFr5I05GXUL_lE7vxvtaQ,437,0,446,3,472,True,uGFr5I05GXUL_lE7vxvtaQ
817,2019,6,213,Minneapolis,44.94630798124566,-93.21004966613242,kk9kU1ReJOuBT10KA09MjA,438,0,447,4,473,True,kk9kU1ReJOuBT10KA09MjA
286,2011,8,74,Minneapolis,44.94132332386834,-93.28618095076588,BXQOlb1OxuLB4DpKix_YLA,446,0,455,4,481,True,BXQOlb1OxuLB4DpKix_YLA
2853,2007,7,285,Minneapolis,44.96943912244321,-93.26701181780918,sPc1DphMbM4IJZw7zQ_tXg,447,0,456,5,482,True,sPc1DphMbM4IJZw7zQ_tXg
559,2014,9,145,Minneapolis,44.94431390672281,-93.28560047628288,Ae2raOGgFk7tGXhWCCr1vg,449,0,458,1,484,True,Ae2raOGgFk7tGXhWCCr1vg
4446,2009,6,150,Minneapolis,44.98629339335312,-93.22286769044474,5PJ_eWVGVwSLP3h95CZooQ,450,0,459,6,485,True,5PJ_eWVGVwSLP3h95CZooQ
1348,2017,8,150,Minneapolis,44.95197375570048,-93.22515686073226,uI2RwshjDHw8WEeH0eMwCw,451,0,460,4,486,True,uI2RwshjDHw8WEeH0eMwCw
2149,2011,6,359,Minneapolis,44.96123734687378,-93.24340009353016,MIHQkvxcphCB8VQ7b5-ckA,455,0,464,6,491,True,MIHQkvxcphCB8VQ7b5-ckA
3238,2014,9,107,Minneapolis,44.97340486936723,-93.24618069111824,GoKVXhD0WbULhZPWZFncRw,459,0,468,1,495,True,GoKVXhD0WbULhZPWZFncRw
172,2019,6,44,Minneapolis,44.9392487410675,-93.2178727093266,oDOlxLWxNvg34NHs3x0gMg,465,0,474,3,502,True,oDOlxLWxNvg34NHs3x0gMg
957,2019,6,40,Minneapolis,44.9484182136787,-93.25217752214655,t2SThak4lJKdRBkyfLPMcw,466,0,475,8,503,True,t2SThak4lJKdRBkyfLPMcw
2961,2016,8,183,Minneapolis,44.9702617587906,-93.25010375748978,rX34M2ZI6FQNTYNoMvWGpg,474,0,483,6,512,True,rX34M2ZI6FQNTYNoMvWGpg
2535,2014,9,155,Minneapolis,44.96510966448012,-93.2214287435963,sU2N_ZNPf8gJ0PLLPJORFA,484,0,493,3,522,True,sU2N_ZNPf8gJ0PLLPJORFA
182,2014,9,306,Minneapolis,44.94030413801252,-93.2996323265676,7ldyfkvRKF6VPUL3iTtdGw,485,0,494,3,523,True,7ldyfkvRKF6VPUL3iTtdGw
1077,2014,8,71,Minneapolis,44.94933462049947,-93.22294010748156,IKEqZ7Bya7cyySTYaASi7g,489,0,498,5,527,True,IKEqZ7Bya7cyySTYaASi7g
4477,2014,9,234,Minneapolis,44.98714653944946,-93.27705636100129,a9ZIfSy-NwARKKVfYi58lg,493,0,502,1,532,True,a9ZIfSy-NwARKKVfYi58lg
2041,2016,9,355,Minneapolis,44.96030333753109,-93.25969360224715,AZcXBqfHqk3c8dwQ3bmIKQ,501,0,510,6,540,True,AZcXBqfHqk3c8dwQ3bmIKQ
1998,2009,6,63,Minneapolis,44.95929505156965,-93.21212887059588,0IZokmnCO2WW-0GLnFwS2g,503,0,512,1,542,True,0IZokmnCO2WW-0GLnFwS2g
1492,2011,6,61,Minneapolis,44.9542505619327,-93.26260125141636,lw-TaN1RkKjHP2N2IcLFAw,357,1,513,2,543,True,lw-TaN1RkKjHP2N2IcLFAw
4100,2007,8,268,Minneapolis,44.98327823466629,-93.2941727059677,Uvsfa1gvC9zFzJrMZ2g54A,504,0,514,2,544,True,Uvsfa1gvC9zFzJrMZ2g54A
5106,2019,6,252,Minneapolis,44.99427601987664,-93.287221441998,RCL6alkE2bzFb_PLWvW4ag,506,0,516,2,546,True,RCL6alkE2bzFb_PLWvW4ag
3528,2009,10,266,Minneapolis,44.97635251663934,-93.2338739513454,IkrlFYz_GBTfznshFhVb-Q,507,0,517,3,547,True,IkrlFYz_GBTfznshFhVb-Q
5094,2019,6,109,Minneapolis,44.99349077207569,-93.21400141175316,mE6g-ksp68zdO3xZm-d_CQ,510,0,520,2,550,True,mE6g-ksp68zdO3xZm-d_CQ
4219,2009,6,217,Minneapolis,44.98430178071947,-93.26827516982964,JVVgojNL6K0Xyd66IEPFXA,514,0,525,1,556,True,JVVgojNL6K0Xyd66IEPFXA
2549,2019,5,48,Minneapolis,44.96622890788611,-93.29820582334006,BSpryMNp5mqztkw4gHv0bw,515,0,526,1,557,True,BSpryMNp5mqztkw4gHv0bw
5036,2017,8,12,Minneapolis,44.9933716226966,-93.26183616800456,4ZcSDiQ5zGV6eceqoVp4tw,154,1,527,2,558,True,4ZcSDiQ5zGV6eceqoVp4tw
543,2016,10,315,Minneapolis,44.94329549775842,-93.21118663392404,1BQlDisvuqBGP-rjjpBKcA,176,1,528,3,560,True,1BQlDisvuqBGP-rjjpBKcA
331,2019,6,132,Minneapolis,44.94135986831463,-93.24117648317726,rzma66Ev7t0-xB1QprUCMQ,516,0,529,2,561,True,rzma66Ev7t0-xB1QprUCMQ
4384,2011,6,249,Minneapolis,44.98607990331418,-93.27938407602682,ZBRcYKGV3El2dltZl28o7g,518,0,531,4,563,True,ZBRcYKGV3El2dltZl28o7g
91,2014,8,95,Minneapolis,44.9395266288879,-93.2991904832379,gnnWLk4HqUj2uTg1SPs08g,519,0,532,1,564,True,gnnWLk4HqUj2uTg1SPs08g
5212,2014,9,315,Minneapolis,44.99531140150087,-93.2764231268974,qUiiHCUn2aDLzHg76YPXGg,520,0,533,7,565,True,qUiiHCUn2aDLzHg76YPXGg
2672,2011,6,248,Minneapolis,44.96717566974183,-93.26618847896292,U7MVR92n5oVB9YiPhTl0Tg,522,0,535,3,567,True,U7MVR92n5oVB9YiPhTl0Tg
947,2017,8,207,Minneapolis,44.94833673829109,-93.26209158339658,_7xKI13b7nU0YPTeTCG_XQ,527,0,540,1,572,True,_7xKI13b7nU0YPTeTCG_XQ
1399,2019,5,357,Minneapolis,44.95332483612981,-93.26513238759992,V6DANlBdvKXopJ25NcRtzw,528,0,541,1,573,True,V6DANlBdvKXopJ25NcRtzw
4648,2019,7,54,Minneapolis,44.98933734174354,-93.29223924627964,YUWTVDggRbTG6fpNly4I8A,529,0,542,4,574,True,YUWTVDggRbTG6fpNly4I8A
2007,2012,6,0,Minneapolis,44.96026491058883,-93.29438362435911,WnuNA4ruuoKfL2ZiYTda2w,158,0,159,4,582,True,WnuNA4ruuoKfL2ZiYTda2w
1690,2016,8,275,Minneapolis,44.95635468231755,-93.24737730082671,pTg5GoK2CPJU5yIHjAvakQ,537,0,550,3,583,True,pTg5GoK2CPJU5yIHjAvakQ
954,2014,9,229,Minneapolis,44.94841962625586,-93.25505767930645,Vk0KnqWy2UhAZYRkkrMkEw,540,0,553,2,587,True,Vk0KnqWy2UhAZYRkkrMkEw
2523,2014,9,263,Minneapolis,44.96531494511616,-93.23315795011509,_k8LL-85vbB3zmnnkqRi-A,541,0,554,3,588,True,_k8LL-85vbB3zmnnkqRi-A
1345,2011,9,19,Minneapolis,44.95228641936968,-93.22836226956788,vikQyNBXA7DLZ_K-hK_iXg,542,0,555,2,589,True,vikQyNBXA7DLZ_K-hK_iXg
2978,2016,11,9,Minneapolis,44.97073792251782,-93.23209120100984,UG_pK8k5PGZpff6hcN_Cpg,543,0,556,7,590,True,UG_pK8k5PGZpff6hcN_Cpg
3413,2013,9,74,Minneapolis,44.97531942591925,-93.25313915195754,E0WwiXiooFZsuyUxSE9fbQ,226,0,227,11,591,True,E0WwiXiooFZsuyUxSE9fbQ
3948,2017,8,139,Minneapolis,44.98106189049786,-93.26639639349796,3vXwVR-Q2m2VTsdzXJ2rSg,549,0,562,7,597,True,3vXwVR-Q2m2VTsdzXJ2rSg
1326,2019,6,291,Minneapolis,44.95231042202151,-93.24737747204196,cS8prZHpOFBU63f89WPgQw,551,0,564,5,599,True,cS8prZHpOFBU63f89WPgQw
4785,2007,7,355,Minneapolis,44.99029021847921,-93.24414000341751,Hm9b_2d71h5Fc_BV0jZf_Q,566,0,579,2,616,True,Hm9b_2d71h5Fc_BV0jZf_Q
946,2017,11,165,Minneapolis,44.94836781815532,-93.26316150198356,jp3OICkuX_vfeRguSJXTGg,568,0,581,1,618,True,jp3OICkuX_vfeRguSJXTGg
3589,2014,9,260,Minneapolis,44.97744378242704,-93.26252433022552,eoggQ0jYfGqBS4__oTYq3Q,574,0,587,4,624,True,eoggQ0jYfGqBS4__oTYq3Q
852,2016,8,72,Minneapolis,44.94736685083128,-93.266478048003,SLBC2XNkINgWOIrRU-8KXg,577,0,590,7,628,True,SLBC2XNkINgWOIrRU-8KXg
4057,2012,8,306,Minneapolis,44.98213020282977,-93.24175394054994,YsQ7WfmW2T_6_hKG5cfYGQ,578,0,591,8,630,True,YsQ7WfmW2T_6_hKG5cfYGQ
1027,2007,7,93,Minneapolis,44.94929118127432,-93.27284867434324,i7KJkDD9vJoXGXtC5EQcVA,581,0,594,1,633,True,i7KJkDD9vJoXGXtC5EQcVA
4264,2009,6,88,Minneapolis,44.98435385650214,-93.22108837416376,60nHFrDiWOq41S2cpkotXQ,593,0,606,2,646,True,60nHFrDiWOq41S2cpkotXQ
4710,2019,6,51,Minneapolis,44.98934268837191,-93.2295149608142,CHdDTQQYL_EqXj9vxamFfw,594,0,607,3,647,True,CHdDTQQYL_EqXj9vxamFfw
1010,2014,10,337,Minneapolis,44.94935821098372,-93.29066555094562,Svp20S3peKzJ-rnPuPAXyA,5,1,611,5,652,True,Svp20S3peKzJ-rnPuPAXyA
220,2011,9,245,Minneapolis,44.94032427634952,-93.26131263999162,LO0tVNuvaSnlAJr_0OE3SQ,598,0,612,4,653,True,LO0tVNuvaSnlAJr_0OE3SQ
1317,2019,6,221,Minneapolis,44.95229532617959,-93.25627920915,G-tg0rowyY2wOvdT-2-mVg,602,0,616,2,657,True,G-tg0rowyY2wOvdT-2-mVg
3077,2007,6,203,Minneapolis,44.97135535549202,-93.22514176646746,A0mJBHaTI5Ml4DGSPF0n2Q,534,0,547,8,660,True,A0mJBHaTI5Ml4DGSPF0n2Q
1975,2007,7,95,Minneapolis,44.95915873048953,-93.23511501421648,tya1YAqT3fIc7YhDVoouTw,605,0,619,4,661,True,tya1YAqT3fIc7YhDVoouTw
2766,2017,8,82,Minneapolis,44.96804876930992,-93.26313377425755,-l9CwGzV8gXOyMNn7-b3og,606,0,620,5,662,True,-l9CwGzV8gXOyMNn7-b3og
1484,2008,9,179,Minneapolis,44.95430497291736,-93.27119956382712,iA5WkW0PhxSNBtLxWMzahQ,609,0,623,8,665,True,iA5WkW0PhxSNBtLxWMzahQ
2348,2011,10,169,Minneapolis,44.96326872044845,-93.22507496900889,Pdj-HIuYrBqcMRUa9as1aA,610,0,624,4,666,True,Pdj-HIuYrBqcMRUa9as1aA
3142,2018,10,94,Minneapolis,44.9722958423779,-93.25121030658832,dKietPRPFLt7X8Z0uoRveQ,612,0,626,7,668,True,dKietPRPFLt7X8Z0uoRveQ
5024,2009,8,189,Minneapolis,44.99334267208746,-93.27989770295636,V9SBTnk5VkeddMPlDqNKdg,617,0,632,2,675,True,V9SBTnk5VkeddMPlDqNKdg
432,2017,8,36,Minneapolis,44.94223524606314,-93.23154543918795,hnZX6I20j1x7Syo5CLHwjA,188,0,189,5,676,True,hnZX6I20j1x7Syo5CLHwjA
1090,2016,9,161,Minneapolis,44.94936397660654,-93.21017991239022,eG3t4zzJx2wDuK1gjIKIUQ,620,0,635,3,679,True,eG3t4zzJx2wDuK1gjIKIUQ
1401,2014,9,283,Minneapolis,44.95332330243338,-93.2625985567351,uY-6ZSHdlGzfxPX4j-S8Xg,623,0,638,3,682,True,uY-6ZSHdlGzfxPX4j-S8Xg
3698,2017,10,72,Minneapolis,44.97827095671229,-93.23718694180424,5OhmCsdt2ibO6icUwQryaQ,629,0,644,2,689,True,5OhmCsdt2ibO6icUwQryaQ
248,2019,5,71,Minneapolis,44.9403161367504,-93.23293640801322,ai1QjNZit8a7lSpTQf4QKQ,630,0,645,4,690,True,ai1QjNZit8a7lSpTQf4QKQ
1232,2019,6,299,Minneapolis,44.95129641399691,-93.2499614605038,zJuNGzNb6rYUxa9kMUJeRg,637,0,653,4,702,True,zJuNGzNb6rYUxa9kMUJeRg
1780,2016,8,164,Minneapolis,44.9572895388628,-93.24863463679664,xsgNNE6sWYPlqhoIeqpXDA,642,0,658,1,707,True,xsgNNE6sWYPlqhoIeqpXDA
3120,2017,8,315,Minneapolis,44.97209277796471,-93.2733159998194,glJKK5m9SMyrvpQ76TbnZQ,643,0,659,10,708,True,glJKK5m9SMyrvpQ76TbnZQ
4792,2014,9,167,Minneapolis,44.99029403677907,-93.2370873036844,GF8Owox32q5PbtdHX4KOBA,646,0,662,9,711,True,GF8Owox32q5PbtdHX4KOBA
2698,2015,9,60,Minneapolis,44.96726769992676,-93.2402034352402,k9uALc5__YEfRipM22jygw,647,0,663,9,712,True,k9uALc5__YEfRipM22jygw
3829,2011,6,174,Minneapolis,44.9804274437594,-93.29509972224092,5-TiF43p1unCSi5YApGG7w,649,0,665,2,714,True,5-TiF43p1unCSi5YApGG7w
1811,2007,7,311,Minneapolis,44.95706533524832,-93.21732146984068,azRKz9LYMHYSo-Oop7xOcQ,650,0,666,6,715,True,azRKz9LYMHYSo-Oop7xOcQ
2228,2011,9,297,Minneapolis,44.96233403942009,-93.254824473324,56fYYRCT-wFPO-PUboH6Fw,657,0,673,4,722,True,56fYYRCT-wFPO-PUboH6Fw
3486,2018,10,101,Minneapolis,44.97641781099536,-93.27111036816017,WRDRV6SrfjHgDuBX4uoIQw,275,0,277,12,723,True,WRDRV6SrfjHgDuBX4uoIQw
4586,2019,6,97,Minneapolis,44.98805841890087,-93.26190579743812,kPlFTp2dKCxpHxNiAg5mEQ,658,0,674,4,725,True,kPlFTp2dKCxpHxNiAg5mEQ
1685,2014,9,250,Minneapolis,44.95635726375266,-93.2524521619694,jo2-XcqbhVn1q-pPGUuerQ,659,0,675,2,726,True,jo2-XcqbhVn1q-pPGUuerQ
1738,2019,5,183,Minneapolis,44.95732780615333,-93.29007731586518,MrhDwUgaMg5vQX1CvOW08A,660,0,677,2,728,True,MrhDwUgaMg5vQX1CvOW08A
3510,2017,8,253,Minneapolis,44.9762998087672,-93.2452220736414,-cLl5gBlJ2VU7ap2ghMFug,148,0,149,7,730,True,-cLl5gBlJ2VU7ap2ghMFug
2407,2019,6,255,Minneapolis,44.96432526438487,-93.25818033429222,Cj3Tifiag9O-2-iUlO8dJQ,663,0,680,2,732,True,Cj3Tifiag9O-2-iUlO8dJQ
380,2007,7,286,Minneapolis,44.9422557639496,-93.28307423996888,66mLZYwYIbaFOayw3sJzVQ,666,0,684,1,736,True,66mLZYwYIbaFOayw3sJzVQ
5207,2019,7,16,Minneapolis,44.99532781797502,-93.28233938857258,k0THoHq6YagRJmLhtGTAhA,669,0,687,9,739,True,k0THoHq6YagRJmLhtGTAhA
275,2014,8,66,Minneapolis,44.9412933816821,-93.29711654438997,IM-l2KJ4TwGM2P2OAY_r2w,671,0,689,4,741,True,IM-l2KJ4TwGM2P2OAY_r2w
4828,2019,6,219,Minneapolis,44.99124247295765,-93.29418153518642,AXJIC6MX-CIJugt7HfR43w,673,0,691,4,743,True,AXJIC6MX-CIJugt7HfR43w
6,2017,8,11,Minneapolis,44.93829452312148,-93.29331262664672,S0OkeLuDisrvfseE5HjNxQ,676,0,694,4,747,True,S0OkeLuDisrvfseE5HjNxQ
5274,2007,7,342,Minneapolis,44.9951983847001,-93.21711564202852,ihplebq1fu5wmxnOEMSmZw,491,1,700,2,753,True,ihplebq1fu5wmxnOEMSmZw
1826,2011,9,162,Minneapolis,44.95826109393398,-93.2931350879487,lipsrvOc2QBUXO3qXJaa0Q,682,0,701,1,754,True,lipsrvOc2QBUXO3qXJaa0Q
2173,2016,11,204,Minneapolis,44.96244669030262,-93.21753797502458,FGmqKNkSCJvHuUXcKUUt9A,611,0,625,5,759,True,FGmqKNkSCJvHuUXcKUUt9A
364,2011,9,357,Minneapolis,44.94229010628941,-93.29963864954546,GXqA4_Px1asYKMjEGFu0Gw,305,1,707,1,761,True,GXqA4_Px1asYKMjEGFu0Gw
449,2009,10,119,Minneapolis,44.94229880569389,-93.21402968952316,Zo1CIrERNG0JByygXchYvQ,691,0,712,2,766,True,Zo1CIrERNG0JByygXchYvQ
743,2011,8,356,Minneapolis,44.94627476633709,-93.28428892438544,ahyf3DJ6ecU8ENp0YehP5Q,692,0,713,6,767,True,ahyf3DJ6ecU8ENp0YehP5Q
4752,2011,6,242,Minneapolis,44.99027632155804,-93.27817623770184,W5czgCoopCJ9IZEGk8zmqQ,696,0,717,5,772,True,W5czgCoopCJ9IZEGk8zmqQ
3823,2019,7,2,Minneapolis,44.98004427037591,-93.292161215927,y8AwJQ2TgDpUKyZv1XqqJw,254,0,256,6,774,True,y8AwJQ2TgDpUKyZv1XqqJw
2659,2008,9,182,Minneapolis,44.96732560586738,-93.27935105973182,RbQ4IVkbptR0uMs81ao-NA,697,0,718,9,776,True,RbQ4IVkbptR0uMs81ao-NA
284,2014,10,65,Minneapolis,44.94128928066791,-93.28814904794096,tZssRCoJd-ZQWXPrH5Ilhg,698,0,719,2,777,True,tZssRCoJd-ZQWXPrH5Ilhg
5273,2009,8,82,Minneapolis,44.99518638626773,-93.21622595848838,4ggNsjKJaB1uJuRhW8GREg,699,0,720,2,778,True,4ggNsjKJaB1uJuRhW8GREg
1988,2016,9,140,Minneapolis,44.95920496275669,-93.22211753967238,JoAqCpuo-q7GLwrUHLYijg,701,0,722,1,781,True,JoAqCpuo-q7GLwrUHLYijg
3518,2019,6,188,Minneapolis,44.9763067384143,-93.23810166944315,MRORRFseVBjk4zhAAo6IGQ,704,0,725,8,784,True,MRORRFseVBjk4zhAAo6IGQ
4799,2009,6,153,Minneapolis,44.99030644383086,-93.23331946398514,pXyQopf4KZ6k_LuszKcjkw,706,0,727,4,787,True,pXyQopf4KZ6k_LuszKcjkw
4186,2018,10,156,Minneapolis,44.98426523960725,-93.2961703530452,frSZbaj9tNdZoGx0pqp6VQ,714,0,735,10,795,True,frSZbaj9tNdZoGx0pqp6VQ
209,2014,9,334,Minneapolis,44.9403235594304,-93.2727953171848,K5bcX98fnEcihp44N_9Z0w,717,0,738,4,798,True,K5bcX98fnEcihp44N_9Z0w
3479,2016,9,37,Minneapolis,44.97647346187249,-93.27928883476136,DPg0qvRXTobzcvY8Dx9WJA,718,0,739,5,799,True,DPg0qvRXTobzcvY8Dx9WJA
4161,2011,7,324,Minneapolis,44.98316650453371,-93.23188344645172,QsfW4pqL-oAQFJvyY9dsMg,664,0,681,6,802,True,QsfW4pqL-oAQFJvyY9dsMg
3332,2017,10,82,Minneapolis,44.97423436755476,-93.2431864582467,vScGqQ8SVIr-Q4zAV0sExw,720,0,741,6,803,True,vScGqQ8SVIr-Q4zAV0sExw
40,2019,5,115,Minneapolis,44.93834587577324,-93.2587588361635,C3p_JRtSinOvkm_jmf30ZQ,722,0,743,2,805,True,C3p_JRtSinOvkm_jmf30ZQ
5189,2019,6,292,Minneapolis,44.99523912791858,-93.29507328222545,vpScD3OfhabMBJbJOFF3sg,723,0,744,3,806,True,vpScD3OfhabMBJbJOFF3sg
3386,2011,7,194,Minneapolis,44.97493038772959,-93.2799238551167,oWlTwmPzSfG4Ryzt_jLHDA,725,0,746,11,808,True,oWlTwmPzSfG4Ryzt_jLHDA
4651,2016,10,320,Minneapolis,44.98915510359612,-93.28711817823898,5zMXn1_2EnFg_dnJFuapYw,727,0,748,5,810,True,5zMXn1_2EnFg_dnJFuapYw
4176,2016,10,232,Minneapolis,44.9832928182852,-93.21612268711704,NVaglcBHEqWMmJPthjy-Sw,729,0,750,1,812,True,NVaglcBHEqWMmJPthjy-Sw
2567,2009,7,319,Minneapolis,44.96637235290406,-93.2801020480058,DJcvgwOuAjfGPD7mOzDgyw,736,0,757,4,819,True,DJcvgwOuAjfGPD7mOzDgyw
1981,2009,6,344,Minneapolis,44.95920662130072,-93.22912936226469,K5WNaOdNI_oCaJqoLKu4Gw,741,0,762,2,824,True,K5WNaOdNI_oCaJqoLKu4Gw
3167,2017,10,34,Minneapolis,44.97231542386095,-93.22570343069025,PgzIyj_gmaqJ9JeH6BewWw,570,1,768,1,831,True,PgzIyj_gmaqJ9JeH6BewWw
1988,2009,10,350,Minneapolis,44.95916147543024,-93.22216728930586,kfKDNa99RCfOu-xKuUxbBQ,701,1,773,2,837,True,kfKDNa99RCfOu-xKuUxbBQ
4448,2011,7,310,Minneapolis,44.98632571400854,-93.22032428484476,Jf5H8O1F_m4lxtDmTjtpog,756,0,780,4,848,True,Jf5H8O1F_m4lxtDmTjtpog
1976,2011,7,69,Minneapolis,44.95919192794734,-93.23416442445496,BQVEZRfmQKRkpWacvkNZEQ,757,0,781,3,849,True,BQVEZRfmQKRkpWacvkNZEQ
4535,2007,6,355,Minneapolis,44.98734863804616,-93.22422960690533,WIH_Fw-shyAVXCHjUdQ9ag,759,0,783,3,853,True,WIH_Fw-shyAVXCHjUdQ9ag
433,2007,7,146,Minneapolis,44.9423697694418,-93.22992893695849,CCPzldoW-p7BFKIEffu5KA,442,1,784,2,854,True,CCPzldoW-p7BFKIEffu5KA
376,2014,10,321,Minneapolis,44.94225654215415,-93.28691020157171,iUeZ16Pm6ElBvs-z8N3e_Q,761,0,786,2,856,True,iUeZ16Pm6ElBvs-z8N3e_Q
4712,2019,6,63,Minneapolis,44.98927148036313,-93.22822876902336,X6_rkLCoWC9BHZoPVe1i3Q,762,0,787,1,857,True,X6_rkLCoWC9BHZoPVe1i3Q
3775,2013,8,160,Minneapolis,44.97958026611066,-93.25988275620854,nyT4xAz8QGD0dYCewuOriA,767,0,792,6,862,True,nyT4xAz8QGD0dYCewuOriA
513,2019,6,25,Minneapolis,44.94327453470169,-93.24234749155808,Osom4R4Kj1I1xk6Cy6GjzQ,667,1,794,1,865,True,Osom4R4Kj1I1xk6Cy6GjzQ
580,2014,10,139,Minneapolis,44.94424559584934,-93.2651750188736,D3jKn4JZpLV6RJKJJDg20w,770,0,796,11,868,True,D3jKn4JZpLV6RJKJJDg20w
2008,2016,1,50,Minneapolis,44.96029298255398,-93.29319140860778,sOxAC-bParWDgolxMqfblQ,771,0,797,1,869,True,sOxAC-bParWDgolxMqfblQ
4062,2017,10,49,Minneapolis,44.98234184806395,-93.24526067681757,SYsowRheHtKxUNb8rGw9cA,772,0,798,4,871,True,SYsowRheHtKxUNb8rGw9cA
114,2011,7,226,Minneapolis,44.93957063174257,-93.27619526101262,YWwuPuW6-2WcPL4FdTeQ6g,301,0,305,8,872,True,YWwuPuW6-2WcPL4FdTeQ6g
350,2019,6,220,Minneapolis,44.9413830111386,-93.22205073376588,PcdWm6CfrHqO-JROn173lw,775,0,801,5,875,True,PcdWm6CfrHqO-JROn173lw
4752,2009,8,66,Minneapolis,44.99026901515199,-93.27823207793254,hS8pERvoCLA3z-_br2j95A,696,1,803,3,878,True,hS8pERvoCLA3z-_br2j95A
4416,2011,6,270,Minneapolis,44.98650302844374,-93.24563890187136,3B59L94h6FFgTI8LP9yVvA,779,0,806,2,882,True,3B59L94h6FFgTI8LP9yVvA
1878,2019,6,121,Minneapolis,44.95824586768673,-93.2413376422918,YnWc0GoPfLOHxU46iTdQkg,783,0,810,6,888,True,YnWc0GoPfLOHxU46iTdQkg
3774,2017,11,105,Minneapolis,44.97923784868296,-93.2591503565024,iA5y4VSb9LvEIC15ibz2kw,785,0,812,2,890,True,iA5y4VSb9LvEIC15ibz2kw
98,2011,8,331,Minneapolis,44.93932921389976,-93.292012908388,ASMQqNSRCG2wkkfroC-BBw,426,1,814,1,892,True,ASMQqNSRCG2wkkfroC-BBw
977,2014,10,208,Minneapolis,44.94834200054348,-93.23212222464566,xoniPkPeqEEwjwzlooZYqg,791,0,819,9,897,True,xoniPkPeqEEwjwzlooZYqg
600,2009,10,73,Minneapolis,44.94428862929011,-93.24485576024198,sV8BhMe85I9ND6l2635k4A,411,1,822,4,900,True,sV8BhMe85I9ND6l2635k4A
3607,2009,6,18,Minneapolis,44.97699574867708,-93.24213265709008,baXFyTMLJ1YxOexFkDxMnw,387,1,826,1,904,True,baXFyTMLJ1YxOexFkDxMnw
1506,2009,10,114,Minneapolis,44.95433827276071,-93.24863992269567,Fx1_3lMliI-yVsJo3VVLHw,799,0,830,1,908,True,Fx1_3lMliI-yVsJo3VVLHw
2281,2013,9,173,Minneapolis,44.96323746654262,-93.2931017624808,EvaeYmZ3v56DZHBhxOkhJg,753,0,777,4,916,True,EvaeYmZ3v56DZHBhxOkhJg
528,2009,10,182,Minneapolis,44.94316644488584,-93.22605682753856,dKorgobWsuK9aXPPdWK_QQ,806,0,837,2,919,True,dKorgobWsuK9aXPPdWK_QQ
3977,2016,10,90,Minneapolis,44.9799053507021,-93.2310798627264,zjKKdFmIWOQ8to7ZXkpLMg,638,1,838,2,920,True,zjKKdFmIWOQ8to7ZXkpLMg
4623,2019,6,320,Minneapolis,44.98826700983812,-93.22420179047636,dNXHqJJztGmkpRRMOMiOGw,808,0,840,3,922,True,dNXHqJJztGmkpRRMOMiOGw
4886,2019,6,107,Minneapolis,44.99142785279299,-93.2331058957585,xLZ7eulRK0oEp9QY0UCabg,813,0,845,9,927,True,xLZ7eulRK0oEp9QY0UCabg
1057,2016,8,51,Minneapolis,44.94928757932245,-93.2423052230942,U6ZimI_f7BwF92HEIx4tfA,814,0,846,5,928,True,U6ZimI_f7BwF92HEIx4tfA
1960,2018,10,248,Minneapolis,44.95916380258146,-93.25010194743471,_ihlC0an64j6N95a9F_kkQ,816,0,848,5,930,True,_ihlC0an64j6N95a9F_kkQ
1474,2019,5,236,Minneapolis,44.95430612179005,-93.2813422825057,Lz7dyDs4LlF4lUCUs-So2w,818,0,851,2,935,True,Lz7dyDs4LlF4lUCUs-So2w
4123,2014,9,30,Minneapolis,44.9831438456884,-93.26525534673056,HbfYMXGbyMxrRWy0dzRo8g,821,0,854,4,939,True,HbfYMXGbyMxrRWy0dzRo8g
3584,2014,9,236,Minneapolis,44.97743310970299,-93.26109104785556,J1xu9Xw4yD0nhelfpdLZjA,823,0,856,8,941,True,J1xu9Xw4yD0nhelfpdLZjA
2572,2017,8,63,Minneapolis,44.96626700282588,-93.27527580746572,e-0gx6YJQTdR3WYMYEVl3A,826,0,859,3,945,True,e-0gx6YJQTdR3WYMYEVl3A
4682,2013,8,10,Minneapolis,44.98936413646784,-93.26085427059076,Rp9iDM8TYDzJqz2CuR4bRQ,829,0,862,2,948,True,Rp9iDM8TYDzJqz2CuR4bRQ
4549,2014,9,77,Minneapolis,44.98813084721449,-93.29916720236952,p2kUr_LkTAkNo_CDUQerhA,832,0,865,2,952,True,p2kUr_LkTAkNo_CDUQerhA
2331,2009,10,261,Minneapolis,44.96334442449252,-93.2425212042963,9cfcgd0sU1wl7b1513wl_A,834,0,867,2,955,True,9cfcgd0sU1wl7b1513wl_A
4064,2019,6,99,Minneapolis,44.98233975049679,-93.2371472265054,UwnU8G5mW6oXcYbMpbCCzA,837,0,870,9,958,True,UwnU8G5mW6oXcYbMpbCCzA
2057,2019,6,94,Minneapolis,44.96018872692741,-93.2444153993404,xf4qH7m67-bIYhhxaLB0jg,840,0,873,2,961,True,xf4qH7m67-bIYhhxaLB0jg
1682,2014,9,61,Minneapolis,44.95626343925371,-93.2549798754086,Fj817OWRGfV-LjS51K-W0A,841,0,874,1,962,True,Fj817OWRGfV-LjS51K-W0A
2158,2011,7,331,Minneapolis,44.96098719320812,-93.23403731304192,s_aVZKaOD0NmfCxATDtqLQ,844,0,877,5,966,True,s_aVZKaOD0NmfCxATDtqLQ
302,2019,5,144,Minneapolis,44.94131120676521,-93.27020372994618,dBKCa53SCJLHQkb9xQyx5A,847,0,880,3,969,True,dBKCa53SCJLHQkb9xQyx5A
467,2014,10,79,Minneapolis,44.94330134332958,-93.28688948631113,NdpIlxDk5t21Auj02d6nTQ,849,0,882,2,973,True,NdpIlxDk5t21Auj02d6nTQ
4021,2009,7,155,Minneapolis,44.98232267927883,-93.28679145456464,EYu_oXK1tmRyyrUadBlE-Q,850,0,883,4,974,True,EYu_oXK1tmRyyrUadBlE-Q
4254,2007,6,220,Minneapolis,44.98450483921292,-93.23083372894122,5o7JybsLuaxbYW5Wy74rcA,133,0,134,7,976,True,5o7JybsLuaxbYW5Wy74rcA
5008,2007,7,332,Minneapolis,44.99329711477282,-93.29720044268264,K7Wdm4YKmibiesMbuqDXvw,851,0,885,2,977,True,K7Wdm4YKmibiesMbuqDXvw
767,2013,8,196,Minneapolis,44.94630923647063,-93.26010869305492,sDwpc_d4liSKrjGfkUPkbg,412,0,418,5,981,True,sDwpc_d4liSKrjGfkUPkbg
2173,2009,10,25,Minneapolis,44.96246374504967,-93.21750060757226,dumqdfZI_MNB-au31PtoCg,611,1,890,3,984,True,dumqdfZI_MNB-au31PtoCg
321,2016,8,67,Minneapolis,44.94136717926736,-93.25117164057144,uR60-xYlv_ljhFPGBKhRJA,856,0,891,4,985,True,uR60-xYlv_ljhFPGBKhRJA
4761,2014,9,67,Minneapolis,44.99029519553339,-93.27428782199436,aLFzTZb5bpGt8LcBDpt9uA,860,0,895,4,989,True,aLFzTZb5bpGt8LcBDpt9uA
958,2019,6,338,Minneapolis,44.94831315573803,-93.25125807558273,554cgqxKXEX_ttKLSNcK0Q,291,1,896,1,991,True,554cgqxKXEX_ttKLSNcK0Q
4161,2015,7,154,Minneapolis,44.98315742088261,-93.23183050516894,uoucAbE7kreQWelVgAhifg,664,1,898,6,993,True,uoucAbE7kreQWelVgAhifg
1989,2019,6,315,Minneapolis,44.95917512902768,-93.22113966272477,v9cYGZPg6ex0WbaAbn0zcA,874,0,913,3,1011,True,v9cYGZPg6ex0WbaAbn0zcA
1817,2017,8,209,Minneapolis,44.95712286846177,-93.21143371726252,G-WtiCayGmSccF8GYe5BYA,2,1,709,3,1014,True,G-WtiCayGmSccF8GYe5BYA
2116,2016,9,112,Minneapolis,44.96131300674713,-93.27654323646148,jgMP-RBFwBCSrTLfH-__5g,293,0,296,9,1023,True,jgMP-RBFwBCSrTLfH-__5g
4459,2011,6,57,Minneapolis,44.98733205233381,-93.298199641249,zQnYmuOd9sfQsihE5gXIXQ,884,0,923,1,1026,True,zQnYmuOd9sfQsihE5gXIXQ
3628,2019,6,315,Minneapolis,44.97735568873873,-93.22119024111794,eJWpWQBldXo5tNCdAP-6XQ,886,0,925,4,1028,True,eJWpWQBldXo5tNCdAP-6XQ
1928,2011,6,93,Minneapolis,44.95909029518756,-93.28210746950724,MdlTn2VV8OIv2D8Ww2QOJg,887,0,926,6,1030,True,MdlTn2VV8OIv2D8Ww2QOJg
2596,2011,6,179,Minneapolis,44.96636026818344,-93.25120143852448,NyLeFo8fFc4_GrHkZvx9Jg,888,0,927,9,1031,True,NyLeFo8fFc4_GrHkZvx9Jg
333,2017,8,172,Minneapolis,44.94136082999865,-93.2391059879475,tQyTswoa4DuU4kWa_GIY7Q,434,1,929,2,1033,True,tQyTswoa4DuU4kWa_GIY7Q
79,2011,8,261,Minneapolis,44.93826769012439,-93.22039508656168,rZMAd2asyLKb_miM6ety5A,891,0,931,2,1036,True,rZMAd2asyLKb_miM6ety5A
1719,2007,7,248,Minneapolis,44.95625380793371,-93.21783573408251,lh72HkGfC1mn3ZhW5TdJkw,892,0,932,1,1037,True,lh72HkGfC1mn3ZhW5TdJkw
4366,2007,6,303,Minneapolis,44.98481976395124,-93.20930573239434,1rG4fyb02L2Sbj8E35C_Kw,896,0,936,4,1041,True,1rG4fyb02L2Sbj8E35C_Kw
2005,2011,9,228,Minneapolis,44.96036612146084,-93.29564775050788,TJ1Gz33OqFaW6xx14rQoCg,899,0,939,2,1045,True,TJ1Gz33OqFaW6xx14rQoCg
135,2011,9,221,Minneapolis,44.93931998398205,-93.25499730936896,3llDnIoF3X6KccCyj2TqlA,902,0,942,2,1048,True,3llDnIoF3X6KccCyj2TqlA
3523,2017,10,349,Minneapolis,44.97647772946848,-93.2290395069724,Xsre22jIIcGWUAeHV2Aq3A,903,0,943,12,1049,True,Xsre22jIIcGWUAeHV2Aq3A
598,2009,10,300,Minneapolis,44.94431756459304,-93.2473915754504,_vmnstk4oaMGXBTetOGMsg,904,0,944,6,1050,True,_vmnstk4oaMGXBTetOGMsg
2990,2011,7,183,Minneapolis,44.97065043183267,-93.22080134004152,6Jn4os_ByRwLbtedF4p69A,473,0,482,8,1051,True,6Jn4os_ByRwLbtedF4p69A
2088,2009,6,331,Minneapolis,44.96068708679962,-93.21257658051633,Jz9ub6fM9mPEgOpHym_Fmg,907,0,947,1,1056,True,Jz9ub6fM9mPEgOpHym_Fmg
2923,2008,10,261,Minneapolis,44.97022199732514,-93.2880107879662,Esw_ZVF4D6cfVcdQVtrwEw,103,0,103,7,1057,True,Esw_ZVF4D6cfVcdQVtrwEw
617,2019,6,275,Minneapolis,44.94427746684276,-93.22840878696128,NTX5IY-9K8cHKwRFOBtIig,912,0,952,3,1063,True,NTX5IY-9K8cHKwRFOBtIig
2890,2009,6,81,Minneapolis,44.96995448641925,-93.22942822300595,pfxaGvvmMavhZ4p1Jp3cXw,915,0,955,1,1066,True,pfxaGvvmMavhZ4p1Jp3cXw
3774,2011,6,263,Minneapolis,44.97923190881131,-93.2591579377392,UvC_N-VksfRyyc3SE9Z3VA,785,1,957,1,1069,True,UvC_N-VksfRyyc3SE9Z3VA
1989,2014,9,119,Minneapolis,44.95921177942142,-93.22110666523989,O7MMsQBv3B90qa-GL16o1Q,874,1,958,2,1070,True,O7MMsQBv3B90qa-GL16o1Q
4487,2019,6,152,Minneapolis,44.98735840820834,-93.27410024331265,wRG2Fq03F1lIDCDJQyWVwg,920,0,962,4,1075,True,wRG2Fq03F1lIDCDJQyWVwg
2437,2009,7,118,Minneapolis,44.96441381544169,-93.22667282805406,aaDATbAF9of9q6eHgCThmA,922,0,965,5,1078,True,aaDATbAF9of9q6eHgCThmA
4101,2019,7,356,Minneapolis,44.98295603309241,-93.29350821596212,MvqvQu8Y2wOex_rzM7Vyww,923,0,967,7,1080,True,MvqvQu8Y2wOex_rzM7Vyww
1005,2009,10,353,Minneapolis,44.94911631954271,-93.2942264491226,Z1TJnTIt0SA_0tAsMDtWcw,927,0,971,10,1085,True,Z1TJnTIt0SA_0tAsMDtWcw
470,2007,7,38,Minneapolis,44.9433188833078,-93.28431285123678,IDRXjg180tKgdCwZ3Lwi-g,934,0,978,6,1096,True,IDRXjg180tKgdCwZ3Lwi-g
3521,2009,6,228,Minneapolis,44.97650522275377,-93.2381927422756,vVoO6pxKEzEkIIG-n29zrg,704,1,979,1,1097,True,vVoO6pxKEzEkIIG-n29zrg
1610,2013,8,8,Minneapolis,44.95559210953702,-93.23623128652396,4veeLfZqu-f5kWjH_tm6Ow,938,0,983,4,1102,True,4veeLfZqu-f5kWjH_tm6Ow
2374,2019,5,182,Minneapolis,44.96442246063238,-93.29114254576491,FYuM6GIbcRn_KpXw-frwPg,939,0,984,3,1104,True,FYuM6GIbcRn_KpXw-frwPg
1729,2007,7,38,Minneapolis,44.95735033886952,-93.29914290230452,BwBBBjcP7cYAi7zeCdYSQg,940,0,985,3,1105,True,BwBBBjcP7cYAi7zeCdYSQg
1635,2019,6,142,Minneapolis,44.95630890358527,-93.21030839690184,SpA0CPZLhZ1rkFevFeb8PQ,943,0,988,3,1111,True,SpA0CPZLhZ1rkFevFeb8PQ
2735,2007,7,35,Minneapolis,44.96826160484977,-93.29412270828593,xU-WZH0fqAahoDCoQM64Lw,950,0,996,2,1120,True,xU-WZH0fqAahoDCoQM64Lw
274,2019,5,7,Minneapolis,44.94132233171801,-93.29816159916793,FknAs5lpES3dSKSFd1zWfQ,951,0,997,1,1121,True,FknAs5lpES3dSKSFd1zWfQ
4057,2007,6,121,Minneapolis,44.98215709615408,-93.24179781821532,qxxbYZJ_uxvria-2orS1HA,578,1,999,1,1123,True,qxxbYZJ_uxvria-2orS1HA
161,2014,9,353,Minneapolis,44.93926105892055,-93.22940327342847,fAzEZAdRR473PRxYliupxA,953,0,1000,3,1125,True,fAzEZAdRR473PRxYliupxA
5150,2011,7,327,Minneapolis,44.99428011514736,-93.24226446300985,PgMWqi9nDxn9tcYPpB7KAw,956,0,1003,2,1129,True,PgMWqi9nDxn9tcYPpB7KAw
2788,2013,8,324,Minneapolis,44.96831717240734,-93.24090910947533,BSU__spFasYWkyDWXxZ-pw,957,0,1004,5,1130,True,BSU__spFasYWkyDWXxZ-pw
2353,2013,9,43,Minneapolis,44.96428558612831,-93.22030940262894,QFzMWKKN047E3sTzRiJ7XQ,958,0,1005,2,1131,True,QFzMWKKN047E3sTzRiJ7XQ
753,2007,7,251,Minneapolis,44.94627562265417,-93.2741364943292,FpTmp9f4s0eZzS-zliEL4g,959,0,1006,7,1132,True,FpTmp9f4s0eZzS-zliEL4g
4758,2011,6,222,Minneapolis,44.99001260823832,-93.27309095922492,QNm9Eaujw1uvf6TaiItVgQ,961,0,1009,4,1135,True,QNm9Eaujw1uvf6TaiItVgQ
2023,2016,7,287,Minneapolis,44.96029212740721,-93.27787273016162,j31HRpr-RBmF75mt-MYZKw,962,0,1010,6,1136,True,j31HRpr-RBmF75mt-MYZKw
3741,2007,8,55,Minneapolis,44.97897040943806,-93.29213324559156,CnEDQ4dhvbRCSpsG2BMVqg,963,0,1012,2,1138,True,CnEDQ4dhvbRCSpsG2BMVqg
94,2019,5,75,Minneapolis,44.93931279097476,-93.29583901380056,K719IqMLYSdBJ29BBdWhtA,967,0,1016,4,1143,True,K719IqMLYSdBJ29BBdWhtA
3597,2011,6,7,Minneapolis,44.97755331918523,-93.24922242826854,6hR7xszgoLDtH9sycfnJ-Q,974,0,1023,2,1154,True,6hR7xszgoLDtH9sycfnJ-Q
1573,2019,6,159,Minneapolis,44.95553079482622,-93.27319548846398,M5ZDf83pKNm5eY-1EodgOQ,976,0,1025,1,1156,True,M5ZDf83pKNm5eY-1EodgOQ
393,2015,8,106,Minneapolis,44.94229389246462,-93.2702296863665,OGkPPNxPSmZjuZzbOlOI4A,978,0,1027,4,1158,True,OGkPPNxPSmZjuZzbOlOI4A
1640,2011,9,212,Minneapolis,44.95657722531142,-93.29696916071288,jJ12klX5-oCeOfcnMKQoRQ,983,0,1032,3,1163,True,jJ12klX5-oCeOfcnMKQoRQ
2217,2014,10,40,Minneapolis,44.96231416198115,-93.26639853524776,buwi8_AcRbDEHAqnZxShiQ,810,1,1033,2,1164,True,buwi8_AcRbDEHAqnZxShiQ
2970,2009,6,48,Minneapolis,44.97033676283114,-93.23999498577268,w9R_Vs4egDAWcqZe81pCOQ,400,1,1036,2,1167,True,w9R_Vs4egDAWcqZe81pCOQ
5252,2011,6,345,Minneapolis,44.99510369699026,-93.23124661810785,mXAlmRX-1Sfi5cL_1T7SEw,986,0,1038,2,1170,True,mXAlmRX-1Sfi5cL_1T7SEw
5009,2011,6,145,Minneapolis,44.99306603007467,-93.2981087403808,852SVb2AyqVVsu5ChNpl_w,187,0,188,4,1172,True,852SVb2AyqVVsu5ChNpl_w
1080,2017,8,226,Minneapolis,44.94933341908922,-93.22037319268202,12GHj26JSGpL2eRqFEnRSQ,990,0,1042,3,1177,True,12GHj26JSGpL2eRqFEnRSQ
4235,2009,7,52,Minneapolis,44.98438715312842,-93.2551347090587,T_MoXJNknCRSMCa1cmnu9g,815,1,1044,3,1180,True,T_MoXJNknCRSMCa1cmnu9g
1360,2007,7,172,Minneapolis,44.95234517781532,-93.2140421454318,B4en1e8UmmcA_bimktqpkw,992,0,1045,3,1181,True,B4en1e8UmmcA_bimktqpkw
541,2014,8,45,Minneapolis,44.94327905717252,-93.2130659747142,f1YjFUfomivwaE-NAZ23Pg,993,0,1046,3,1182,True,f1YjFUfomivwaE-NAZ23Pg
2032,2019,6,112,Minneapolis,44.96028519282708,-93.26919672202511,3eZRtruNvbJf6BF5Qai18A,998,0,1051,4,1188,True,3eZRtruNvbJf6BF5Qai18A
3679,2019,6,30,Minneapolis,44.97819512713816,-93.26189968842866,4Y-GWRxiTdUU7ZqVXUBS0A,101,0,101,8,1194,True,4Y-GWRxiTdUU7ZqVXUBS0A
4316,2016,10,78,Minneapolis,44.98549167251867,-93.25487103976026,HSm-wxwewced0HiQST7Bfg,1002,0,1056,1,1195,True,HSm-wxwewced0HiQST7Bfg
4323,2011,6,332,Minneapolis,44.98570000829196,-93.24883774307987,HcnY2FGbyOj_nR-GJyxgHg,65,0,65,11,1203,True,HcnY2FGbyOj_nR-GJyxgHg
2626,2013,8,287,Minneapolis,44.96624412029642,-93.22120467359278,zDAuRre1klsisY1hcUINfQ,162,0,163,4,1210,True,zDAuRre1klsisY1hcUINfQ
138,2019,7,289,Minneapolis,44.93926010559565,-93.25246974734506,qs2J5jZUrIKAQ2TGRm6ETg,1012,0,1067,5,1213,True,qs2J5jZUrIKAQ2TGRm6ETg
2706,2011,10,95,Minneapolis,44.96776903943555,-93.23197914685394,aS9WBP5BlW-hVNG29J42wg,1013,0,1068,3,1214,True,aS9WBP5BlW-hVNG29J42wg
2606,2013,8,266,Minneapolis,44.96634202196482,-93.24091381049772,z7vIxMg7dfbSMTt584c8VA,271,1,1069,3,1216,True,z7vIxMg7dfbSMTt584c8VA
2731,2019,5,14,Minneapolis,44.96809822694698,-93.29884200693292,9oY3MG4zhus94Qv6yHrhAQ,1014,0,1070,1,1217,True,9oY3MG4zhus94Qv6yHrhAQ
2104,2011,6,221,Minneapolis,44.9612567784807,-93.28798983532388,Wid27Y9FK8m8UNsHw9hL9A,1017,0,1073,3,1221,True,Wid27Y9FK8m8UNsHw9hL9A
3509,2007,7,113,Minneapolis,44.97595082464975,-93.2513795269983,TuvlhpmSUikp5Gm3jouaIA,897,0,937,3,1222,True,TuvlhpmSUikp5Gm3jouaIA
3769,2009,6,116,Minneapolis,44.97941003761422,-93.25707163313602,QvKSa-yTi0XybSo6NtUS_A,1020,0,1076,2,1226,True,QvKSa-yTi0XybSo6NtUS_A
2351,2017,8,298,Minneapolis,44.96345811300954,-93.2233401929564,kdY2oYaPygzkymj2wZ4-4w,164,0,165,11,1228,True,kdY2oYaPygzkymj2wZ4-4w
3131,2009,7,158,Minneapolis,44.97254835121485,-93.26192556274502,58MwHaOB1Yl8_pkzU6-I8Q,163,0,164,7,1229,True,58MwHaOB1Yl8_pkzU6-I8Q
687,2017,8,168,Minneapolis,44.94535189502743,-93.24870232108852,l5wO6f4O214KkjbRoVDmMA,1022,0,1078,5,1231,True,l5wO6f4O214KkjbRoVDmMA
2162,2011,9,69,Minneapolis,44.96131255304989,-93.22984270067852,Jm4z6kaVxjQmA8spenZAOQ,1023,0,1079,1,1232,True,Jm4z6kaVxjQmA8spenZAOQ
3143,2017,8,331,Minneapolis,44.97225228006536,-93.2500160672775,goH1zRIewfj38PHloKuDMA,1026,0,1082,6,1236,True,goH1zRIewfj38PHloKuDMA
1211,2014,9,99,Minneapolis,44.95172687013521,-93.27161395290364,nwtZe9DLik2TCu9Aw8IKuQ,1037,0,1093,4,1250,True,nwtZe9DLik2TCu9Aw8IKuQ
1608,2007,7,276,Minneapolis,44.9555595120761,-93.23818603381162,VEK28A2Vh-EaQWAMZQqcNg,1048,0,1105,3,1269,True,VEK28A2Vh-EaQWAMZQqcNg
3779,2009,6,180,Minneapolis,44.97827600210809,-93.25259854862728,wUZva9Gb5b8eA-mywNFMCg,1055,0,1112,2,1278,True,wUZva9Gb5b8eA-mywNFMCg
3211,2008,9,144,Minneapolis,44.97327088196664,-93.27307833045924,1Txh-j1hp1e10qiZlz5jeA,170,0,171,11,1279,True,1Txh-j1hp1e10qiZlz5jeA
1207,2012,6,162,Minneapolis,44.95127262767595,-93.27538006065566,QCE5DUp4f1jsv5chGRb7Rw,1032,0,1088,6,1283,True,QCE5DUp4f1jsv5chGRb7Rw
30,2019,5,333,Minneapolis,44.93826075877566,-93.26891496469624,tYbKmH4NqkWR0ndQxOXPcw,1059,0,1116,7,1286,True,tYbKmH4NqkWR0ndQxOXPcw
5074,2007,6,221,Minneapolis,44.99328984126043,-93.23516565192452,ieNsFFRXkTESXvcmYxOiRw,1061,0,1119,1,1290,True,ieNsFFRXkTESXvcmYxOiRw
3522,2013,8,47,Minneapolis,44.97616604263009,-93.2367102706488,RyNKAXy6GXqlXghFzZqRhw,342,1,1120,1,1291,True,RyNKAXy6GXqlXghFzZqRhw
4468,2019,6,333,Minneapolis,44.98731494540758,-93.29088826440534,r_xrW-fF9P78qbxStjH76Q,1063,0,1122,1,1294,True,r_xrW-fF9P78qbxStjH76Q
2641,2016,8,257,Minneapolis,44.96730158394737,-93.29725916483974,WVwWyt0bMjJcBS--p1Y8Pw,1066,0,1125,2,1297,True,WVwWyt0bMjJcBS--p1Y8Pw
2674,2011,6,337,Minneapolis,44.96717187571685,-93.26416851121532,0YHlWVxR6ihy3yP4qo6UcQ,1068,0,1129,2,1301,True,0YHlWVxR6ihy3yP4qo6UcQ
3861,2009,6,108,Minneapolis,44.98015618945662,-93.26119452304364,9xPDNF5gd0IFB_qotWVfNQ,330,0,334,5,1303,True,9xPDNF5gd0IFB_qotWVfNQ
1997,2016,11,145,Minneapolis,44.95930702957705,-93.21324829964948,9iR3DZ7YPCDh2L4zEkxJZQ,72,1,1132,1,1305,True,9iR3DZ7YPCDh2L4zEkxJZQ
2763,2019,6,338,Minneapolis,44.96807701295323,-93.2661686179828,ifTUNlTCpqsAkyKtljvy3w,1071,0,1134,5,1307,True,ifTUNlTCpqsAkyKtljvy3w
4111,2019,7,248,Minneapolis,44.98379454359831,-93.27840205582,hPsKbIPJYyVjz_VcwZ-SDg,769,0,795,5,1309,True,hPsKbIPJYyVjz_VcwZ-SDg
949,2011,9,345,Minneapolis,44.94829595727035,-93.26014489879006,s7AdWuNBCAZ31SQKrQHubA,1073,0,1136,3,1310,True,s7AdWuNBCAZ31SQKrQHubA
3395,2014,9,191,Minneapolis,44.97513716356136,-93.2712432375708,_4-0Si21A2S1BNZc-q7FjA,1078,0,1141,11,1316,True,_4-0Si21A2S1BNZc-q7FjA
5072,2009,7,16,Minneapolis,44.99327635138823,-93.23109807859,P5__LjYsXQsdgezb9zgfZA,1079,0,1142,2,1317,True,P5__LjYsXQsdgezb9zgfZA
231,2019,7,259,Minneapolis,44.94034240644245,-93.24991426487895,0tbEdL15cK_r6V9u4-S6uA,1082,0,1145,1,1320,True,0tbEdL15cK_r6V9u4-S6uA
146,2014,10,148,Minneapolis,44.93955840696425,-93.2440642310737,1zQxcDJ1LCQIdD21mW0ZsQ,173,0,174,6,1323,True,1zQxcDJ1LCQIdD21mW0ZsQ
4753,2016,9,314,Minneapolis,44.99009064899581,-93.28094804664202,PdtRSZkAFcoaa5eKmjGPng,1086,0,1149,4,1328,True,PdtRSZkAFcoaa5eKmjGPng
2087,2016,11,320,Minneapolis,44.96054691811552,-93.21485300447164,sgnDbs3atva-_kclflSb_w,1087,0,1150,1,1330,True,sgnDbs3atva-_kclflSb_w
1725,2014,9,211,Minneapolis,44.95689330363308,-93.21118288686,QWvv09TuXig2G3k0GPwrOA,310,1,1156,2,1336,True,QWvv09TuXig2G3k0GPwrOA
1076,2011,10,300,Minneapolis,44.94929530352169,-93.224326930687,qAx9WC5tU_rVhSUfFrgRtA,1094,0,1158,2,1339,True,qAx9WC5tU_rVhSUfFrgRtA
2602,2019,6,232,Minneapolis,44.96662160464479,-93.24508041599452,gxLIdPR1h_8GSbCPTr8sQw,524,1,1159,1,1341,True,gxLIdPR1h_8GSbCPTr8sQw
3644,2009,7,118,Minneapolis,44.97895394730927,-93.29304993838298,wFSAKRcm5u14D0sQOuUdjQ,1096,0,1161,1,1343,True,wFSAKRcm5u14D0sQOuUdjQ
4687,2015,8,89,Minneapolis,44.98927482816969,-93.25733907173618,-9RBOqZaNMSjEN1Cu2SBag,1097,0,1162,7,1345,True,-9RBOqZaNMSjEN1Cu2SBag
62,2007,7,154,Minneapolis,44.93826829037634,-93.23722857214678,dyeoBlXJFuDa7Wrp3g3f1w,1098,0,1163,2,1346,True,dyeoBlXJFuDa7Wrp3g3f1w
4658,2017,10,239,Minneapolis,44.98933013236647,-93.28408141630148,59o5Zh2Be9Zm-ZfByPR3MQ,1101,0,1166,5,1350,True,59o5Zh2Be9Zm-ZfByPR3MQ
2200,2019,5,233,Minneapolis,44.96221084494481,-93.28294032319174,H91uszP0Xwp3T5QRPdzCkA,1058,1,1167,2,1351,True,H91uszP0Xwp3T5QRPdzCkA
917,2011,8,228,Minneapolis,44.94841750752184,-93.29211951621016,zySYAl4NeG_MDJHFwxRFqA,538,0,551,7,1353,True,zySYAl4NeG_MDJHFwxRFqA
1469,2014,9,36,Minneapolis,44.95426181634051,-93.28552441814053,Is-8Cf--ciN5SyyRkz25tQ,780,0,807,4,1354,True,Is-8Cf--ciN5SyyRkz25tQ
3354,2009,6,170,Minneapolis,44.97413555311887,-93.22083398330412,LmLTyUiiSiJw3HPMiJBI4A,732,0,753,5,1356,True,LmLTyUiiSiJw3HPMiJBI4A
4689,2014,9,320,Minneapolis,44.98938284997642,-93.24517467412596,fJxtc1MsUbBWS3Zwz4cGgQ,1110,0,1176,2,1368,True,fJxtc1MsUbBWS3Zwz4cGgQ
4680,2009,6,239,Minneapolis,44.98910839472594,-93.26442904262387,AtEDRiR47eDP6EopthWuaA,1112,0,1178,2,1371,True,AtEDRiR47eDP6EopthWuaA
1730,2014,9,102,Minneapolis,44.95732686739073,-93.29821597544353,M-PaqDDCnoPAWb8Q3wm_xg,1115,0,1181,2,1374,True,M-PaqDDCnoPAWb8Q3wm_xg
227,2017,8,73,Minneapolis,44.94031690207066,-93.25373180108342,0oRS1sHbNXUrE2wgB0cskQ,1117,0,1184,2,1378,True,0oRS1sHbNXUrE2wgB0cskQ
1768,2011,8,51,Minneapolis,44.95729978469124,-93.26003710385206,qMfZsXHCdp16uszCYQ2vrA,1119,0,1186,1,1380,True,qMfZsXHCdp16uszCYQ2vrA
289,2014,10,202,Minneapolis,44.94132438695886,-93.28314651470858,DJAcc68S2_-h71WMH3nIDg,1121,0,1189,2,1383,True,DJAcc68S2_-h71WMH3nIDg
873,2009,10,63,Minneapolis,44.94727403292494,-93.24486700819588,BI4HTXDZUqvBvNdSIgE-zg,1123,0,1191,4,1385,True,BI4HTXDZUqvBvNdSIgE-zg
2582,2011,10,24,Minneapolis,44.96628001453515,-93.26610080043145,KUyX4q3PD42d22K9jY7Jcw,1126,0,1195,7,1390,True,KUyX4q3PD42d22K9jY7Jcw
2195,2014,9,289,Minneapolis,44.96223317706249,-93.2880112959578,PAppidwRn1VUwlZPcS4QCA,1130,0,1201,2,1398,True,PAppidwRn1VUwlZPcS4QCA
4989,2013,8,354,Minneapolis,44.99239963318478,-93.2211663592798,r2Wc3YI6V81GFT8JkDTX8g,1131,0,1202,4,1399,True,r2Wc3YI6V81GFT8JkDTX8g
2991,2019,6,130,Minneapolis,44.97033255045944,-93.22018435770876,O9cydIHUctvT1vB0Mx87tQ,1132,0,1203,4,1400,True,O9cydIHUctvT1vB0Mx87tQ
3795,2009,6,138,Minneapolis,44.97931361162975,-93.23612682609668,lL813bC5UyO1XV6xaU2HaQ,835,0,868,11,1401,True,lL813bC5UyO1XV6xaU2HaQ
3743,2019,6,170,Minneapolis,44.97907119704469,-93.28420296601792,El0VJ1iAx3fdFd6SLVh7Sg,1134,0,1205,5,1403,True,El0VJ1iAx3fdFd6SLVh7Sg
3445,2007,6,141,Minneapolis,44.97480185774541,-93.22148148200876,McuM1cmzMLDq3tnKM5oB3g,287,0,289,6,1404,True,McuM1cmzMLDq3tnKM5oB3g
3387,2014,9,353,Minneapolis,44.97533951647496,-93.27910522563596,MJD5xmsn9v33Y3txcd9oDA,1135,0,1206,5,1405,True,MJD5xmsn9v33Y3txcd9oDA
4691,2016,10,176,Minneapolis,44.9892383467859,-93.25115821665996,pRrlaJAAkExo3sZaxqd4qQ,1137,0,1209,1,1409,True,pRrlaJAAkExo3sZaxqd4qQ
4024,2017,8,136,Minneapolis,44.98222147645224,-93.27621085083857,9P2NzyEtO0Ja7DOMc87d9w,955,0,1002,6,1411,True,9P2NzyEtO0Ja7DOMc87d9w
4769,2019,6,42,Minneapolis,44.99001146987578,-93.26626090638972,Ax6uqn-tQ0wtP0-9YODQvA,1139,0,1212,3,1413,True,Ax6uqn-tQ0wtP0-9YODQvA
3514,2007,7,63,Minneapolis,44.97619265561219,-93.24379676559504,xXqPuVqC5YKuLeTkkP7OFg,1140,0,1213,1,1414,True,xXqPuVqC5YKuLeTkkP7OFg
2343,2011,6,116,Minneapolis,44.96334499370612,-93.23114933555378,AKj7KZN80JG1KT3nBJH8lQ,1142,0,1215,1,1416,True,AKj7KZN80JG1KT3nBJH8lQ
2225,2018,9,27,Minneapolis,44.96224936347864,-93.2581672828998,GEhXV8kxNDODhlRgqXJHKg,509,1,1216,5,1418,True,GEhXV8kxNDODhlRgqXJHKg
1195,2016,10,334,Minneapolis,44.95130027455016,-93.28682740679352,mCdDowr6xW8P0bBydXTQQw,867,0,905,8,1434,True,mCdDowr6xW8P0bBydXTQQw
2334,2017,8,351,Minneapolis,44.9627767900726,-93.24011977874376,gcy8zXuki1ieIoxjy_f7EQ,1153,0,1228,7,1435,True,gcy8zXuki1ieIoxjy_f7EQ
2447,2013,8,191,Minneapolis,44.96433519263958,-93.21789554964184,oZHQBGPD8miU3Xt_gxb1ZQ,1159,0,1235,5,1446,True,oZHQBGPD8miU3Xt_gxb1ZQ
4346,2009,9,26,Minneapolis,44.98537263018162,-93.23008480404668,dW0HdqQ2Ask7Ue4B242NJw,1164,0,1241,2,1456,True,dW0HdqQ2Ask7Ue4B242NJw
4432,2009,7,56,Minneapolis,44.98626173003854,-93.23475158961034,53mXpT-cTqZBFtNZAMfb2Q,1165,0,1242,3,1457,True,53mXpT-cTqZBFtNZAMfb2Q
2653,2013,10,199,Minneapolis,44.967489579789,-93.28504673435135,zgDHI0eWPmEsM9wSXOTYlg,1168,0,1246,2,1461,True,zgDHI0eWPmEsM9wSXOTYlg
2443,2017,8,224,Minneapolis,44.96419100378638,-93.22210509808625,VCdoFgX9pZnrxn7QP-Uj_w,1171,0,1250,2,1468,True,VCdoFgX9pZnrxn7QP-Uj_w
1862,2014,9,3,Minneapolis,44.95831156445119,-93.2575144649108,msE9KYSOtYyBYOtEx72PEA,1172,0,1251,2,1469,True,msE9KYSOtYyBYOtEx72PEA
5094,2009,6,290,Minneapolis,44.99352519662506,-93.21397876912664,CQledM_Hh8kqmAZ1QMBWGA,510,1,1252,2,1470,True,CQledM_Hh8kqmAZ1QMBWGA
224,2019,7,221,Minneapolis,44.93954878497884,-93.25717739392236,DwWe_d6hvHcLnaYDygMEJA,49,1,1255,1,1473,True,DwWe_d6hvHcLnaYDygMEJA
392,2019,5,313,Minneapolis,44.94232384761482,-93.27153394836402,tmyUjzXUzkIRP2W6_onRNg,1175,0,1256,4,1474,True,tmyUjzXUzkIRP2W6_onRNg
1812,2019,6,120,Minneapolis,44.95673712751531,-93.21674450154671,ZztlWGU47_Fj9cKOTTnViw,1176,0,1257,6,1475,True,ZztlWGU47_Fj9cKOTTnViw
1050,2009,10,160,Minneapolis,44.94928891973726,-93.24996856515936,Ie9tATXqHdLqOsU8SGFS2A,1179,0,1260,2,1478,True,Ie9tATXqHdLqOsU8SGFS2A
3152,2009,6,174,Minneapolis,44.97232080225432,-93.24130502850502,mmoZglywxv0XC2sAltw0RA,1181,0,1262,2,1481,True,mmoZglywxv0XC2sAltw0RA
2589,2019,7,154,Minneapolis,44.96630501825152,-93.25816517788684,c-Cug9rNYimXkDBd7f3jGg,716,0,737,14,1484,True,c-Cug9rNYimXkDBd7f3jGg
116,2011,6,197,Minneapolis,44.93932776818745,-93.27408979421138,jagt1lSSvYVRJJ-9mNh9DQ,1182,0,1264,9,1486,True,jagt1lSSvYVRJJ-9mNh9DQ
1743,2007,7,183,Minneapolis,44.95734670504476,-93.28505531525587,4uMBWqLyYTMZQqOu0xCMAg,1183,0,1265,2,1487,True,4uMBWqLyYTMZQqOu0xCMAg
2339,2013,8,252,Minneapolis,44.96330721541221,-93.23509907731552,HLi6UA0ZYJ9y5xPFsZPxWA,1184,0,1266,7,1488,True,HLi6UA0ZYJ9y5xPFsZPxWA
327,2017,8,342,Minneapolis,44.9413506443802,-93.24518405027088,71JYfKmEB8u3I-DmgWToPw,1147,1,1267,3,1490,True,71JYfKmEB8u3I-DmgWToPw
4261,2013,9,54,Minneapolis,44.98417780791658,-93.2281464625814,wpA5wh2kMK-bdNPoZolXgg,365,1,1270,1,1494,True,wpA5wh2kMK-bdNPoZolXgg
1196,2014,9,229,Minneapolis,44.95130953142277,-93.28554126505796,l6KEqu3KDVVH6Ediq6elCA,418,0,424,6,1503,True,l6KEqu3KDVVH6Ediq6elCA
210,2007,7,65,Minneapolis,44.94025918528473,-93.27024191420756,1Nw4WEH8MwyVphM2OHECwg,316,1,1279,5,1504,True,1Nw4WEH8MwyVphM2OHECwg
271,2007,7,233,Minneapolis,44.94027695406601,-93.21015326096312,e6ECvp3pCJdMDpk30ToWdg,1193,0,1280,2,1505,True,e6ECvp3pCJdMDpk30ToWdg
5246,2014,9,280,Minneapolis,44.995267533302,-93.2422561306468,qtwl53u-3ASViO3Pvkg4VQ,1194,0,1281,1,1506,True,qtwl53u-3ASViO3Pvkg4VQ
1618,2013,8,266,Minneapolis,44.95532862450758,-93.22832228991776,JExZ9azRAsRVWfAL629zrg,1199,0,1286,5,1512,True,JExZ9azRAsRVWfAL629zrg
1922,2007,7,96,Minneapolis,44.95927783987256,-93.28808730656792,uxAIG-8iQ493l3oDZ9uDHg,1203,0,1290,1,1518,True,uxAIG-8iQ493l3oDZ9uDHg
697,2019,6,123,Minneapolis,44.94531459187142,-93.23893836358477,uH3VKQQJFdOXio6rY3PfUg,1205,0,1292,4,1520,True,uH3VKQQJFdOXio6rY3PfUg
4494,2014,9,217,Minneapolis,44.98746551577701,-93.2649004053091,Z7_vl05ejiEwwgzX6dZQwg,1207,0,1294,3,1523,True,Z7_vl05ejiEwwgzX6dZQwg
1668,2014,9,199,Minneapolis,44.95629461889291,-93.26894682407789,KbM1bn-RIN-Swdk12mXUZw,1211,0,1298,7,1529,True,KbM1bn-RIN-Swdk12mXUZw
2373,2011,6,310,Minneapolis,44.96443199847525,-93.2921625130233,m9gKq8WdZ6ZRkQeUyFrPCA,1213,0,1300,3,1531,True,m9gKq8WdZ6ZRkQeUyFrPCA
2769,2014,9,313,Minneapolis,44.96800089540216,-93.26025771863246,MTF0e6P1lB9Wd4tkQ05Wag,1214,0,1301,6,1532,True,MTF0e6P1lB9Wd4tkQ05Wag
2846,2009,7,107,Minneapolis,44.96977599314971,-93.27429557226706,ERaevq3Ac76675cggIzPSw,238,0,239,6,1533,True,ERaevq3Ac76675cggIzPSw
3215,2009,7,200,Minneapolis,44.97302939455439,-93.2693198993248,r8Ku-LzBZds-SPoRfM-ftA,694,0,715,8,1540,True,r8Ku-LzBZds-SPoRfM-ftA
2642,2017,8,334,Minneapolis,44.96737462752878,-93.2961919120443,kHm5Gc-XYVHQNCwMpvWGbQ,1067,0,1127,3,1541,True,kHm5Gc-XYVHQNCwMpvWGbQ
2213,2019,6,147,Minneapolis,44.96228200203266,-93.27025177885405,QbRWPQob81mmdsiep_x8wQ,1057,0,1114,7,1545,True,QbRWPQob81mmdsiep_x8wQ
1302,2017,8,150,Minneapolis,44.95197311556024,-93.27116901833078,rtpGYGbzsYG6EQwAPrsYAA,1223,0,1311,4,1546,True,rtpGYGbzsYG6EQwAPrsYAA
3708,2007,8,305,Minneapolis,44.97829373248112,-93.23206443819468,50DEKkSbwRGWt2oN5x490Q,1225,0,1313,2,1549,True,50DEKkSbwRGWt2oN5x490Q
4775,2015,8,74,Minneapolis,44.99031766152613,-93.2580112435286,xLhW1OULhTG7ZGhuDS_GNw,1227,0,1315,5,1552,True,xLhW1OULhTG7ZGhuDS_GNw
1554,2017,8,227,Minneapolis,44.95532716016091,-93.29187075156416,eDINwCOD3IAuHtFxVcZFDw,1231,0,1319,3,1558,True,eDINwCOD3IAuHtFxVcZFDw
2220,2009,6,199,Minneapolis,44.96273506037051,-93.2631796652012,zee8YtuZpICP5Tyn2kwfIw,1232,0,1320,8,1560,True,zee8YtuZpICP5Tyn2kwfIw
2513,2007,7,334,Minneapolis,44.96532514910225,-93.24330215485196,Q53vk9YO6nDb5kzFjO_QPw,1235,0,1324,4,1565,True,Q53vk9YO6nDb5kzFjO_QPw
2677,2016,10,296,Minneapolis,44.9672210291082,-93.2610865732333,86YyUHc4AhntJc8ksBhMYA,1236,0,1325,2,1566,True,86YyUHc4AhntJc8ksBhMYA
868,2019,6,249,Minneapolis,44.94728872758292,-93.24996181778896,lsMvRhIaRYdQhHPfWc5pEw,1243,0,1332,1,1573,True,lsMvRhIaRYdQhHPfWc5pEw
1322,2009,10,15,Minneapolis,44.95229869796309,-93.25118805306734,eYXPMUKvzW4AhgQukDWI0g,1244,0,1333,2,1575,True,eYXPMUKvzW4AhgQukDWI0g
1228,2007,7,55,Minneapolis,44.95130884910061,-93.25376166581616,vBl0zt5Oq_29d3oomZc5bw,1247,0,1336,1,1579,True,vBl0zt5Oq_29d3oomZc5bw
1268,2011,10,93,Minneapolis,44.95133950024139,-93.21401124088716,Rx0dHc0L9oyj-5OmaQUJfg,1251,0,1340,2,1586,True,Rx0dHc0L9oyj-5OmaQUJfg
2713,2013,8,256,Minneapolis,44.96734225176071,-93.2250625738017,ZB9yHcmKWAgL9YtYUYCLcw,108,0,108,7,1592,True,ZB9yHcmKWAgL9YtYUYCLcw
676,2009,10,310,Minneapolis,44.94524672251983,-93.26009084079236,aEmPDiktQKqYcxsEwayh9A,1255,0,1348,5,1597,True,aEmPDiktQKqYcxsEwayh9A
4482,2016,9,253,Minneapolis,44.98703168678198,-93.27842105466831,n0HZwpsFk0T9ne4W-cTuGg,1256,0,1349,2,1598,True,n0HZwpsFk0T9ne4W-cTuGg
1372,2019,5,329,Minneapolis,44.95326693841213,-93.2918784096538,m1rGU7FR1rEW96NGM5omfQ,1257,0,1350,3,1599,True,m1rGU7FR1rEW96NGM5omfQ
753,2015,7,225,Minneapolis,44.94626608017748,-93.27411710589784,atOjBszWyBuHYcEbSFPVgQ,959,1,1351,1,1600,True,atOjBszWyBuHYcEbSFPVgQ
535,2011,8,98,Minneapolis,44.94329629507074,-93.21914469540772,z3p7H2tsAx89AxAD7RtQhg,1258,0,1352,2,1601,True,z3p7H2tsAx89AxAD7RtQhg
831,2014,8,282,Minneapolis,44.94726412081551,-93.28684673767054,89x4lzf6ZbV-tsR1yUSa5A,1260,0,1354,2,1606,True,89x4lzf6ZbV-tsR1yUSa5A
2601,2019,6,240,Minneapolis,44.96661936494417,-93.24600063582167,MljLDzF3eCSO9rhB1RIa4g,1261,0,1355,2,1607,True,MljLDzF3eCSO9rhB1RIa4g
2161,2011,9,117,Minneapolis,44.96129651453846,-93.23142050699174,Pb6WMeBrnDz4QAp9GtKiQw,1262,0,1356,2,1608,True,Pb6WMeBrnDz4QAp9GtKiQw
2859,2017,8,30,Minneapolis,44.9692998081104,-93.261070460195,hK1AOlITwItC5t7hT-oYFA,1264,0,1358,2,1610,True,hK1AOlITwItC5t7hT-oYFA
29,2016,8,290,Minneapolis,44.93832099317466,-93.27021968199554,HwIVFKqUX0gYVup4N75YdQ,596,0,609,5,1613,True,HwIVFKqUX0gYVup4N75YdQ
2131,2018,9,277,Minneapolis,44.96131847237221,-93.261120499163,W7fALJACwdK4aPZTccwZwg,1265,0,1360,7,1614,True,W7fALJACwdK4aPZTccwZwg
4490,2013,9,330,Minneapolis,44.9875422523548,-93.26738201488864,Oy8QHPob4JbgJupLCZNmOQ,1267,0,1362,2,1617,True,Oy8QHPob4JbgJupLCZNmOQ
1226,2017,8,289,Minneapolis,44.95131992085497,-93.25627706919384,l7LtGQSaJr0Cb0ZbvdqbVA,372,1,1346,4,1618,True,l7LtGQSaJr0Cb0ZbvdqbVA
3400,2019,6,189,Minneapolis,44.97528279418422,-93.26625409216928,iIUHGNtbxf6Eg-azXFoeFA,199,0,200,12,1623,True,iIUHGNtbxf6Eg-azXFoeFA
3427,2007,6,291,Minneapolis,44.97531214711456,-93.23787645066196,KXG9KO3-MxbSbmaW9gEVew,532,1,1367,2,1625,True,KXG9KO3-MxbSbmaW9gEVew
771,2009,10,124,Minneapolis,44.94630480573058,-93.25627316899244,av0B-dOe9eSihcPfHiQWJw,1272,0,1370,2,1628,True,av0B-dOe9eSihcPfHiQWJw
1860,2014,9,287,Minneapolis,44.95828215345675,-93.25878897435317,QcJ30YtCR-eQ9lXL9rba2g,1273,0,1371,1,1629,True,QcJ30YtCR-eQ9lXL9rba2g
2012,2011,6,45,Minneapolis,44.96029851567976,-93.28928490069715,ncPZeEBZjn5qAgraGGEuNg,1274,0,1372,2,1630,True,ncPZeEBZjn5qAgraGGEuNg
1925,2014,9,286,Minneapolis,44.95910401783294,-93.28516344328648,-CFNKA-oDzTvbVbq3GRwjg,395,0,401,5,1632,True,-CFNKA-oDzTvbVbq3GRwjg
3567,2017,10,261,Minneapolis,44.9769475513905,-93.28207803636796,dvg7BuInFRlPGkMtKnN_LQ,1279,0,1379,1,1642,True,dvg7BuInFRlPGkMtKnN_LQ
5247,2007,6,197,Minneapolis,44.99526565179743,-93.23719203661408,y3NjMIEN1nBkik8JIlOcKQ,134,1,1384,1,1648,True,y3NjMIEN1nBkik8JIlOcKQ
1190,2011,9,6,Minneapolis,44.95127322158104,-93.29192480630827,75EX7apYEyej1Dh18i1VrQ,1284,0,1385,1,1649,True,75EX7apYEyej1Dh18i1VrQ
448,2009,10,229,Minneapolis,44.94231848822275,-93.21529128179448,h7f7dmEwdCmyN5QL-K68BA,1285,0,1386,3,1650,True,h7f7dmEwdCmyN5QL-K68BA
1016,2019,5,148,Minneapolis,44.94929886024683,-93.2843044307108,uchAvX-CzQrED7KezMYDzQ,1286,0,1387,5,1653,True,uchAvX-CzQrED7KezMYDzQ
1850,2019,6,225,Minneapolis,44.95830904719612,-93.26919617424876,nJ21vR-jcqKiClc_oNjdFQ,1288,0,1389,5,1655,True,nJ21vR-jcqKiClc_oNjdFQ
2194,2014,9,190,Minneapolis,44.96227376027815,-93.28928956532692,P6Ls_GrFOM7BG7NOIcsdpQ,1290,0,1391,3,1660,True,P6Ls_GrFOM7BG7NOIcsdpQ
4973,2019,6,347,Minneapolis,44.99236071461043,-93.2383894769736,fX_BKRBRu6fmLLsuCJfsTw,1291,0,1392,2,1661,True,fX_BKRBRu6fmLLsuCJfsTw
147,2009,10,30,Minneapolis,44.9395594896489,-93.24319717336878,j2xr6oY-nq_Qi0uxe6qw7A,1293,0,1394,6,1663,True,j2xr6oY-nq_Qi0uxe6qw7A
4742,2016,10,181,Minneapolis,44.9903241943365,-93.29108119366516,faUEwXPpFiMrKUSzmZwqiw,1238,0,1327,5,1666,True,faUEwXPpFiMrKUSzmZwqiw
4474,2016,10,109,Minneapolis,44.98692322519065,-93.2852262508638,h4tO-UQxmtx6WORzzjqkHQ,1296,0,1397,6,1669,True,h4tO-UQxmtx6WORzzjqkHQ
1320,2009,10,296,Minneapolis,44.95194028294861,-93.2531242367875,85HOp6HUlov9k_bHRInQmw,1297,0,1398,9,1670,True,85HOp6HUlov9k_bHRInQmw
3104,2019,6,259,Minneapolis,44.97237459004801,-93.28929222404776,CDLKlzfUhMTry3f8Uu13bQ,1301,0,1402,4,1675,True,CDLKlzfUhMTry3f8Uu13bQ
737,2017,8,245,Minneapolis,44.94662115482711,-93.29015195784272,4A-RwVEoB-OCeXm_4aQdfA,1302,0,1403,1,1676,True,4A-RwVEoB-OCeXm_4aQdfA
5098,2008,9,47,Minneapolis,44.99416297131111,-93.29818191813229,SmkwMY6_fgzjOrvrUqITeA,1303,0,1404,2,1677,True,SmkwMY6_fgzjOrvrUqITeA
4235,2020,6,188,Minneapolis,44.98434784057483,-93.25514774548876,CAoSLEFGMVFpcE1nQjFISkVlNHp4by1Tbm5ZZHFtdVJ5aG9LR29OR3hiSFQ5X0d0,815,2,1405,1,1678,True,CAoSLEFGMVFpcE1nQjFISkVlNHp4by1Tbm5ZZHFtdVJ5aG9LR29OR3hiSFQ5X0d0
4707,2013,9,68,Minneapolis,44.9893444364733,-93.23077447282203,pRPraE8DuvGktoSZNaf50Q,1306,0,1408,4,1682,True,pRPraE8DuvGktoSZNaf50Q
4251,2007,6,226,Minneapolis,44.9841505867692,-93.23523113773038,iO3maDxOS9p0kTDYDuq3fw,1307,0,1409,4,1684,True,iO3maDxOS9p0kTDYDuq3fw
2049,2009,10,238,Minneapolis,44.96026353624937,-93.2523887473502,hsg11_FtS0N3R9yi9LBZfg,1312,0,1415,2,1690,True,hsg11_FtS0N3R9yi9LBZfg
2525,2019,6,348,Minneapolis,44.96529293121082,-93.23123135420782,C5Q0GWM5frHWuZWT8WnTYQ,1315,0,1418,2,1697,True,C5Q0GWM5frHWuZWT8WnTYQ
784,2016,8,105,Minneapolis,44.94653808251422,-93.2431492678444,ORLqTWTwtJWKd-Vi1UK2yA,508,0,518,5,1698,True,ORLqTWTwtJWKd-Vi1UK2yA
2155,2009,6,234,Minneapolis,44.96098462099597,-93.23709341906094,5XuVqKw9-pRY5rZSwzlduQ,1318,0,1421,3,1702,True,5XuVqKw9-pRY5rZSwzlduQ
1437,2016,9,337,Minneapolis,44.95333089323002,-93.22704488052632,hMPQX-n7GPFCKSQFXVIZMw,1320,0,1423,3,1709,True,hMPQX-n7GPFCKSQFXVIZMw
680,2016,8,288,Minneapolis,44.94563944742386,-93.2561752440109,mfUNY6F2oAtj3yPDWyKNwQ,511,1,1427,1,1714,True,mfUNY6F2oAtj3yPDWyKNwQ
4239,2011,7,286,Minneapolis,44.98419896504824,-93.24829894150696,eYRvbg2Zf7q6iOq2-W9q4Q,1324,0,1428,8,1715,True,eYRvbg2Zf7q6iOq2-W9q4Q
206,2013,8,76,Minneapolis,44.94033711375572,-93.2752843325129,9kfKgy6YLo4sfFfKP0bgRg,947,0,993,11,1720,True,9kfKgy6YLo4sfFfKP0bgRg
1836,2019,5,235,Minneapolis,44.95822212874092,-93.28295365869886,laLgmUMyj7E9GVKRC6jedw,1330,0,1434,1,1724,True,laLgmUMyj7E9GVKRC6jedw
2054,2019,6,208,Minneapolis,44.96024984331407,-93.24714677590153,jwJvdmFVj0p0-Y6xU9fIkw,1332,0,1436,8,1728,True,jwJvdmFVj0p0-Y6xU9fIkw
287,2016,7,157,Minneapolis,44.94131263125458,-93.28504482130646,8jrt77pASYIfd96cbkflGw,1337,0,1441,5,1735,True,8jrt77pASYIfd96cbkflGw
2060,2011,8,51,Minneapolis,44.96029046363461,-93.24093630784,_61I8P_PuHmV0FqM3sY9Ww,1338,0,1442,3,1737,True,_61I8P_PuHmV0FqM3sY9Ww
2016,2019,5,321,Minneapolis,44.96025817700841,-93.28548004818462,AReX_AaDTc1XlWowAo0VeA,854,0,888,6,1738,True,AReX_AaDTc1XlWowAo0VeA
606,2011,9,225,Minneapolis,44.94432792106819,-93.23892162958468,Pas_P-BTjDyN_dJ6oWY39A,1174,1,1443,2,1739,True,Pas_P-BTjDyN_dJ6oWY39A
1,2007,7,322,Minneapolis,44.9382730304314,-93.29842587115078,L5DlKEmGYeM9kJT96gIE5Q,1339,0,1444,2,1741,True,L5DlKEmGYeM9kJT96gIE5Q
3570,2017,8,22,Minneapolis,44.97739624372311,-93.27745964028506,A71tQjeF4pb4SKS48H_cxA,1340,0,1445,3,1742,True,A71tQjeF4pb4SKS48H_cxA
63,2011,9,287,Minneapolis,44.93827809087428,-93.23595498312794,uUkNWjuRCykOexam_KtZhA,1342,0,1447,2,1746,True,uUkNWjuRCykOexam_KtZhA
4331,2014,9,234,Minneapolis,44.98547829323183,-93.24502070371658,UiaQiwD5zWVvxpphymO8BQ,1049,0,1106,6,1747,True,UiaQiwD5zWVvxpphymO8BQ
1935,2011,6,189,Minneapolis,44.95918681656575,-93.27511436845414,LC8SP2NncVyp8FNeP22EOw,1343,0,1448,2,1748,True,LC8SP2NncVyp8FNeP22EOw
3969,2017,8,249,Minneapolis,44.98144328853423,-93.24805402131072,_1ZiXOYEPpApSl23Tzr98g,1344,0,1450,3,1753,True,_1ZiXOYEPpApSl23Tzr98g
571,2019,5,322,Minneapolis,44.94429750147622,-93.27408908693128,fZfzPDN0y05NQCCtPS5YrQ,1310,1,1452,2,1756,True,fZfzPDN0y05NQCCtPS5YrQ
808,2019,6,224,Minneapolis,44.94630753201568,-93.21911300882832,6LBR9qFA6z3f13kyZgLobg,38,0,38,5,1757,True,6LBR9qFA6z3f13kyZgLobg
2049,2019,6,65,Minneapolis,44.96027264166876,-93.25232991459062,Wb_ChdC4pFHBguVXVoQ_6w,1312,1,1454,6,1761,True,Wb_ChdC4pFHBguVXVoQ_6w
1764,2007,7,161,Minneapolis,44.95733690606477,-93.26420853953672,NX9naSaIPZSRxs9WPKEWBQ,1081,1,1457,1,1764,True,NX9naSaIPZSRxs9WPKEWBQ
3076,2007,6,221,Minneapolis,44.9713544911707,-93.22605119736176,xPMToxrNhpoB3KtTmELapQ,1353,0,1462,6,1769,True,xPMToxrNhpoB3KtTmELapQ
1298,2007,7,205,Minneapolis,44.95229908872324,-93.27539867673256,JUKKqNdEvy8M_p7Oi3mkgw,1356,0,1465,5,1773,True,JUKKqNdEvy8M_p7Oi3mkgw
3779,2019,6,10,Minneapolis,44.97830981215804,-93.25258922170173,mlCQ-Z3DFyUjSns5gN0a8Q,1055,1,1466,4,1774,True,mlCQ-Z3DFyUjSns5gN0a8Q
4735,2008,9,32,Minneapolis,44.99028766703061,-93.29821023255047,sICG6tPuX_tFCJY3WuD80A,1358,0,1468,3,1777,True,sICG6tPuX_tFCJY3WuD80A
3682,2009,7,47,Minneapolis,44.97827948054861,-93.26005250058998,P8-yf5FHZe_qYNcbOk_7ug,1360,0,1470,1,1780,True,P8-yf5FHZe_qYNcbOk_7ug
462,2019,5,202,Minneapolis,44.94337199559367,-93.29197744777588,letV11tcbm_vSJuxUxpRuw,1361,0,1471,1,1781,True,letV11tcbm_vSJuxUxpRuw
4414,2019,6,60,Minneapolis,44.98643667683378,-93.25391377727298,OXBF0ZmvDJUU9d2Tl8yabA,1362,0,1472,6,1782,True,OXBF0ZmvDJUU9d2Tl8yabA
380,2014,9,331,Minneapolis,44.94221726693359,-93.2830569826646,I0lU1z5iqa-TBHiNt4SSMQ,666,1,1474,1,1784,True,I0lU1z5iqa-TBHiNt4SSMQ
807,2011,9,110,Minneapolis,44.94630082323219,-93.22037261827433,J5BBGScUTTeApFtUU8YtmA,1365,0,1477,1,1787,True,J5BBGScUTTeApFtUU8YtmA
524,2007,7,37,Minneapolis,44.9433089807933,-93.2300389879662,a5sbUjZZ3i19nFp3I8uQeg,249,1,1479,2,1790,True,a5sbUjZZ3i19nFp3I8uQeg
1634,2007,7,171,Minneapolis,44.95474419588978,-93.21351051841792,tSUWHK6F-sxS9m2utU3U1g,1367,0,1480,1,1791,True,tSUWHK6F-sxS9m2utU3U1g
263,2014,9,128,Minneapolis,44.94025054683255,-93.21783715573844,eUlueQazM8WuA8EjGOlMmw,1369,0,1482,1,1793,True,eUlueQazM8WuA8EjGOlMmw
4128,2007,7,17,Minneapolis,44.98315212133139,-93.26820927778338,SB7FNqIiJzFk-zxjNsOAEw,147,1,1485,1,1797,True,SB7FNqIiJzFk-zxjNsOAEw
3920,2019,6,354,Minneapolis,44.98134086686944,-93.29084675255856,XbVdEvS6gMPtSgWBsliIAw,1373,0,1488,2,1800,True,XbVdEvS6gMPtSgWBsliIAw
3561,2007,7,319,Minneapolis,44.9773106152555,-93.28805897501852,bYVHyljW6LbuMeq5PYIcmg,1374,0,1489,8,1801,True,bYVHyljW6LbuMeq5PYIcmg
2891,2009,6,192,Minneapolis,44.96967030108515,-93.22874619669628,5rrRLDmLegEZtC3XwDs7YA,1074,1,1490,3,1802,True,5rrRLDmLegEZtC3XwDs7YA
749,2014,8,52,Minneapolis,44.94625317246608,-93.27792416290428,gKSVS50VYQC_tFqqqM5HPA,1381,0,1497,3,1810,True,gKSVS50VYQC_tFqqqM5HPA
2626,2011,9,137,Minneapolis,44.96623323837651,-93.2212197892591,nLf_5Zmt0rLVDy4Rzjkp5A,162,1,1499,5,1812,True,nLf_5Zmt0rLVDy4Rzjkp5A
3886,2009,6,315,Minneapolis,44.98031558027643,-93.2352555809129,IxJtP1feolXV2Pi76dvWLQ,189,0,190,13,1814,True,IxJtP1feolXV2Pi76dvWLQ
251,2019,6,334,Minneapolis,44.94030361913902,-93.2301584429462,1V_Qs5SeMhGSxnawGGXIZA,1386,0,1503,2,1817,True,1V_Qs5SeMhGSxnawGGXIZA
2140,2017,8,87,Minneapolis,44.96129112528184,-93.2523206690024,-AXBg9G-7Q1RA1RhWjFxRg,1387,0,1504,1,1818,True,-AXBg9G-7Q1RA1RhWjFxRg
4721,2007,6,291,Minneapolis,44.98970795567252,-93.22204416483537,V-Bi1LO3j5DERxDRDAIkrw,1391,0,1508,1,1823,True,V-Bi1LO3j5DERxDRDAIkrw
1253,2015,9,298,Minneapolis,44.95130123352045,-93.22839903453136,oRhS38IdPkCxloiwqbnjGQ,1392,0,1509,2,1824,True,oRhS38IdPkCxloiwqbnjGQ
4961,2009,7,36,Minneapolis,44.99215026805774,-93.25749192991452,weCKLYzFWAfiktZihr2snA,1396,0,1513,2,1828,True,weCKLYzFWAfiktZihr2snA
4550,2019,6,260,Minneapolis,44.98813100393728,-93.29522919212349,M5IHmW9f_kYtImMlzZZO9g,786,0,813,3,1831,True,M5IHmW9f_kYtImMlzZZO9g
1224,2009,10,273,Minneapolis,44.95127312248488,-93.25755664439136,MWAGioVCxgyO_o6uqBQxYw,1398,0,1516,3,1832,True,MWAGioVCxgyO_o6uqBQxYw
1682,2007,7,84,Minneapolis,44.95624894130822,-93.25498129133504,B9hOIf62Epk36mclILlNNg,841,1,1518,2,1834,True,B9hOIf62Epk36mclILlNNg
3172,2009,7,78,Minneapolis,44.97211750846855,-93.22132463703444,dh4f9ElfQzBeMjverNiP2w,85,0,85,8,1835,True,dh4f9ElfQzBeMjverNiP2w
1820,2013,9,111,Minneapolis,44.95826072460815,-93.29975248774753,wdvJayLINm4FifHeEnM-Nw,1400,0,1519,3,1837,True,wdvJayLINm4FifHeEnM-Nw
171,2011,9,76,Minneapolis,44.93929365101834,-93.21914879098198,QY8Rmpk8sMr4AGha12-c6w,1405,0,1524,2,1844,True,QY8Rmpk8sMr4AGha12-c6w
4074,2009,10,116,Minneapolis,44.98239364156949,-93.2324951258756,t7dQnEGx1v2ae9Lt3n0fVg,341,1,1526,6,1846,True,t7dQnEGx1v2ae9Lt3n0fVg
4003,2009,7,334,Minneapolis,44.98245646182259,-93.29530214241332,FQi7F-PXzKJ2agXicKtvkw,713,0,734,7,1848,True,FQi7F-PXzKJ2agXicKtvkw
4624,2009,10,19,Minneapolis,44.98826900548166,-93.2228655967973,Me_x67N4H095IQH_Y8WGkA,1411,0,1531,3,1858,True,Me_x67N4H095IQH_Y8WGkA
1580,2009,7,227,Minneapolis,44.95528013319931,-93.2664314445375,QY6ilZX7DuECGJpEUV-OUA,1412,0,1533,3,1860,True,QY6ilZX7DuECGJpEUV-OUA
4261,2019,7,252,Minneapolis,44.98414002538807,-93.22817435551814,BkK9G0EbOfRmc_STe0KB5A,365,2,1537,5,1864,True,BkK9G0EbOfRmc_STe0KB5A
1558,2019,5,212,Minneapolis,44.95528796894572,-93.28812513969672,bE3Ztsrjc4xPvj8FSh7m1Q,1416,0,1538,7,1865,True,bE3Ztsrjc4xPvj8FSh7m1Q
1959,2007,7,195,Minneapolis,44.95931158502584,-93.25115987053702,IOhF2ch3UWgR1VL_HPHvUw,1420,0,1542,1,1870,True,IOhF2ch3UWgR1VL_HPHvUw
3147,2019,7,222,Minneapolis,44.97224037036393,-93.24616558934886,-PPqp5FN5w2_O2ct1BQLeA,1124,0,1193,9,1874,True,-PPqp5FN5w2_O2ct1BQLeA
2164,2015,9,349,Minneapolis,44.96129480308569,-93.22826170199248,Eq7XOAT475JCc8wWuiseSg,1425,0,1547,2,1878,True,Eq7XOAT475JCc8wWuiseSg
4840,2009,7,103,Minneapolis,44.99126822884435,-93.28122873420172,jE-4WKgPhBnrzeRXlLOZHg,1427,0,1550,4,1881,True,jE-4WKgPhBnrzeRXlLOZHg
2768,2009,7,205,Minneapolis,44.9682561066662,-93.2610630037271,IUQ_O9oTm_VUFUx6haGuYw,1428,0,1552,1,1883,True,IUQ_O9oTm_VUFUx6haGuYw
4555,2009,6,275,Minneapolis,44.98808896523343,-93.20919193658494,2i5MeB3UMBAsbLM_EGilQg,60,1,1554,1,1885,True,2i5MeB3UMBAsbLM_EGilQg
4660,2014,9,284,Minneapolis,44.98932105314848,-93.28012370297708,7nzX9tfNVHXWCZZLqBdDKw,1300,1,1558,1,1890,True,7nzX9tfNVHXWCZZLqBdDKw
80,2014,8,250,Minneapolis,44.93830166421057,-93.21916325974888,glpgU0fNQ86LKJyZGih3nQ,1432,0,1560,1,1892,True,glpgU0fNQ86LKJyZGih3nQ
2608,2019,6,321,Minneapolis,44.96630643148117,-93.23934897480336,5dUlIycA_MlFIEKyxpt5fw,1218,1,1561,1,1895,True,5dUlIycA_MlFIEKyxpt5fw
2988,2015,9,310,Minneapolis,44.97022644120989,-93.22417719236006,IK7g1kZs1nQQZPnqgaEZ4g,478,1,1562,1,1896,True,IK7g1kZs1nQQZPnqgaEZ4g
4387,2019,6,303,Minneapolis,44.98631777038173,-93.28412199214333,OhE1POD7zrwRDRgZlr9TNQ,575,1,1564,2,1899,True,OhE1POD7zrwRDRgZlr9TNQ
973,2007,7,306,Minneapolis,44.94830691270176,-93.23613844949782,6aosX2yPBUtqDnDYEdtyww,1434,0,1565,9,1900,True,6aosX2yPBUtqDnDYEdtyww
4103,2013,8,328,Minneapolis,44.98328923850222,-93.29087150117029,pNKYJm-EECoKqC3LFNXSrg,776,0,802,4,1906,True,pNKYJm-EECoKqC3LFNXSrg
2563,2011,6,239,Minneapolis,44.96621889517959,-93.28422459003538,nG7O9w3Ox1eT2zIP07qPWw,1114,0,1180,7,1917,True,nG7O9w3Ox1eT2zIP07qPWw
3115,2017,11,19,Minneapolis,44.97228435206937,-93.27812669980936,IOvbn3pW5RGB3zONr2BgPQ,1441,0,1574,2,1918,True,IOvbn3pW5RGB3zONr2BgPQ
2843,2019,6,96,Minneapolis,44.9689371844995,-93.2771409666039,B9FG_4F7TI86xWNRSpJZOA,1442,0,1575,3,1919,True,B9FG_4F7TI86xWNRSpJZOA
4362,2007,6,96,Minneapolis,44.98544617283033,-93.21800018466745,mdg10BLNl92qU5CNDd7Spg,1443,0,1576,2,1920,True,mdg10BLNl92qU5CNDd7Spg
675,2011,9,292,Minneapolis,44.94526761105912,-93.261387232091,bZIgryFHlgZmIUBwQo7Ysw,1444,0,1577,2,1922,True,bZIgryFHlgZmIUBwQo7Ysw
5229,2011,6,122,Minneapolis,44.99546979527892,-93.2623268831934,Ukih6fXmHNCOpNI0yC3KXg,1445,0,1578,2,1923,True,Ukih6fXmHNCOpNI0yC3KXg
3055,2014,9,5,Minneapolis,44.97127601688518,-93.24711588120532,ZaNC43zMwjCtXnxMgDZt1Q,1446,0,1579,6,1924,True,ZaNC43zMwjCtXnxMgDZt1Q
658,2013,8,65,Minneapolis,44.94530649335984,-93.27796348876868,5icZeGOsxbsNVbGdd7NCLg,1118,1,1580,2,1926,True,5icZeGOsxbsNVbGdd7NCLg
4246,2011,7,69,Minneapolis,44.98408506314028,-93.23659361306642,Ty7EKD8DrtKKtAjGcqS_lQ,1448,0,1582,2,1929,True,Ty7EKD8DrtKKtAjGcqS_lQ
4512,2007,7,44,Minneapolis,44.98727179105696,-93.2450423896919,UyA2_hZuh1X_ueUHloIj4Q,1451,0,1585,5,1932,True,UyA2_hZuh1X_ueUHloIj4Q
4575,2009,7,94,Minneapolis,44.98817624660011,-93.27530115158852,aUE47qfgT-WAspXn52eTfg,1452,0,1586,3,1933,True,aUE47qfgT-WAspXn52eTfg
2284,2007,7,271,Minneapolis,44.96345027653766,-93.29035182287926,EzIuoWiBu76YZ4UYpkp_8Q,1072,0,1135,5,1945,True,EzIuoWiBu76YZ4UYpkp_8Q
1447,2009,10,32,Minneapolis,44.95334774478281,-93.2165837223652,XvOEA5DoqpUSZj7bftwt4A,1462,0,1599,3,1952,True,XvOEA5DoqpUSZj7bftwt4A
4702,2009,7,337,Minneapolis,44.98943401235542,-93.24205194491265,FAzFzphwU0Wo2bsRnQKFBA,1464,0,1601,2,1955,True,FAzFzphwU0Wo2bsRnQKFBA
681,2019,6,4,Minneapolis,44.94527998529806,-93.25503327810505,6D2xCLcVUvK3itoTemZxwA,1465,0,1602,5,1956,True,6D2xCLcVUvK3itoTemZxwA
4364,2011,7,265,Minneapolis,44.98635094607964,-93.29919333843758,_lda6hsDm7pND0tan5uBLw,981,0,1030,3,1958,True,_lda6hsDm7pND0tan5uBLw
141,2017,8,352,Minneapolis,44.93953067668168,-93.24912739674652,7I9wjwRO8HRU_PsaMqT9PA,1469,0,1606,2,1963,True,7I9wjwRO8HRU_PsaMqT9PA
3838,2011,6,149,Minneapolis,44.98040245686473,-93.28294892539668,2CCJfygN8nmSkTXwYZUviQ,1325,0,1429,8,1964,True,2CCJfygN8nmSkTXwYZUviQ
1772,2009,10,74,Minneapolis,44.957340100352,-93.25607380082558,iTRLUVugTpSvfc26-DyVTA,1472,0,1609,1,1967,True,iTRLUVugTpSvfc26-DyVTA
4321,2019,6,164,Minneapolis,44.98525610377531,-93.2560001301439,rr91bicCSmrBZW5jpJ9jWw,1474,0,1612,5,1970,True,rr91bicCSmrBZW5jpJ9jWw
745,2017,8,176,Minneapolis,44.94661939468947,-93.28208791885012,TIedSwS4w72HbFqi6ZLPow,1475,0,1613,2,1972,True,TIedSwS4w72HbFqi6ZLPow
2290,2009,6,221,Minneapolis,44.96365227030699,-93.2842549424485,Ju-LicZeSZ3a-kdcqcud8A,1478,0,1616,2,1977,True,Ju-LicZeSZ3a-kdcqcud8A
3398,2014,9,83,Minneapolis,44.97525434969086,-93.26815840789328,GN3aBvS9ioCUVo17X2i1JA,1481,0,1619,6,1980,True,GN3aBvS9ioCUVo17X2i1JA
4043,2019,6,11,Minneapolis,44.9828447813577,-93.26044967115403,KIP94pXVKwQn4o8t_Y-UXA,1482,0,1620,6,1981,True,KIP94pXVKwQn4o8t_Y-UXA
2266,2011,7,285,Minneapolis,44.96220829422948,-93.21722768708362,3qdG2flzQ-O5LSAEN_M2Iw,1484,0,1622,2,1983,True,3qdG2flzQ-O5LSAEN_M2Iw
1318,2014,9,131,Minneapolis,44.95225865173418,-93.25504151616477,ceutphlhjk2JG9UM6ZU92Q,1491,0,1631,2,1993,True,ceutphlhjk2JG9UM6ZU92Q
2655,2017,8,280,Minneapolis,44.96696282809496,-93.28326121431292,xF8bq8hnwA0ZBN3t4gaI6Q,1492,0,1632,1,1994,True,xF8bq8hnwA0ZBN3t4gaI6Q
340,2007,7,185,Minneapolis,44.9412968122254,-93.2317341883694,tZjCOpQ4C-lV507X-dU_gA,311,0,315,5,1995,True,tZjCOpQ4C-lV507X-dU_gA
2175,2009,6,92,Minneapolis,44.96174524383722,-93.21649420119844,iprwdODO-1RWWJ4nIoO2lQ,1494,0,1634,2,1997,True,iprwdODO-1RWWJ4nIoO2lQ
5013,2019,6,96,Minneapolis,44.99307082743417,-93.29107003250508,q5Ph8T4zGjys1UFo7Czh-w,472,0,481,5,1999,True,q5Ph8T4zGjys1UFo7Czh-w
1707,2015,9,157,Minneapolis,44.95627196238666,-93.22991590978356,VWA3BTnixuuyO9w9skJRMg,1495,0,1635,4,2000,True,VWA3BTnixuuyO9w9skJRMg
873,2019,6,242,Minneapolis,44.94726668507328,-93.24488675658222,f8HnLgHUaK0ZDyzSBUjhdA,1123,1,1636,2,2001,True,f8HnLgHUaK0ZDyzSBUjhdA
463,2007,7,266,Minneapolis,44.94331321582008,-93.29069001069216,q2XjtrxDmtr0GeGYl_X21w,1497,0,1638,1,2004,True,q2XjtrxDmtr0GeGYl_X21w
334,2019,6,109,Minneapolis,44.94135495183782,-93.2381572125866,TT9Mw36pyBXLq2JOtci66Q,1503,0,1645,1,2011,True,TT9Mw36pyBXLq2JOtci66Q
2338,2014,9,335,Minneapolis,44.96330064150803,-93.236176323218,EnGp_Mu-Qc8YlBtZGoszdA,1507,0,1649,3,2019,True,EnGp_Mu-Qc8YlBtZGoszdA
4967,2016,1,300,Minneapolis,44.99245201174708,-93.25030073087665,rgdmqlOnAL844QZytMcpwg,1510,0,1652,7,2023,True,rgdmqlOnAL844QZytMcpwg
526,2007,7,277,Minneapolis,44.9431701251195,-93.22812829249304,LSV7olE5GvrYoziCjJXAeg,1514,0,1656,2,2027,True,LSV7olE5GvrYoziCjJXAeg
1321,2015,8,165,Minneapolis,44.95227194812759,-93.25246242925796,ehCZ5w9v9sFMU1duUA7AdQ,1515,0,1658,5,2030,True,ehCZ5w9v9sFMU1duUA7AdQ
4445,2019,6,224,Minneapolis,44.9861666207898,-93.219280000955,YCprYu4TLsH0Zxn3MKoJnQ,1520,0,1663,1,2035,True,YCprYu4TLsH0Zxn3MKoJnQ
526,2009,10,106,Minneapolis,44.9431647623292,-93.22812984483782,yeMSONOHzPqEjMUAYGKtPg,1514,1,1664,4,2036,True,yeMSONOHzPqEjMUAYGKtPg
2431,2019,9,181,Minneapolis,44.9642562608467,-93.23411530291894,_j2X0RSZXX4ocCV_jloEKA,1414,0,1535,8,2038,True,_j2X0RSZXX4ocCV_jloEKA
1542,2016,10,199,Minneapolis,44.95433776966073,-93.21317209423816,db1C4E0GPsamAviIuotDtg,1524,0,1668,3,2043,True,db1C4E0GPsamAviIuotDtg
843,2017,10,299,Minneapolis,44.94733069448417,-93.27484347298324,bMbS5U6nckXlrZoXMkkq1g,1044,0,1100,4,2047,True,bMbS5U6nckXlrZoXMkkq1g
49,2019,6,202,Minneapolis,44.938314254471,-93.24991048678326,JSaHv6DrFWSkLdrU8D9eDQ,1527,0,1671,5,2048,True,JSaHv6DrFWSkLdrU8D9eDQ
1645,2014,9,30,Minneapolis,44.9562395688966,-93.29187557150706,2wdp2haDge6GU-DBVtu8DA,1529,0,1673,1,2050,True,2wdp2haDge6GU-DBVtu8DA
999,2016,9,96,Minneapolis,44.94829157067837,-93.2101734723762,w2W49GZyxAQfiMomG9OpEg,1530,0,1674,1,2052,True,w2W49GZyxAQfiMomG9OpEg
3468,2007,7,52,Minneapolis,44.9759944287556,-93.28909288707904,p1DsYDxxJwMA8hLKfb9LYw,985,1,1681,2,2061,True,p1DsYDxxJwMA8hLKfb9LYw
4401,2014,9,274,Minneapolis,44.98637895412112,-93.26680356939586,-BzfSQnhuL329YQn0EOmRw,1540,0,1685,6,2069,True,-BzfSQnhuL329YQn0EOmRw
4252,2011,7,196,Minneapolis,44.9842588039206,-93.23103194065268,t5YnqOluJECJPanBav6zbA,550,0,563,10,2073,True,t5YnqOluJECJPanBav6zbA
1926,2014,9,45,Minneapolis,44.95930038100749,-93.284219239141,8XYOZBStVpFsIINnc5XUJg,1543,0,1689,4,2075,True,8XYOZBStVpFsIINnc5XUJg
4607,2014,9,163,Minneapolis,44.98815488737984,-93.24526291658458,wndh88roZo8hkUYd5Ff_6w,970,0,1019,5,2076,True,wndh88roZo8hkUYd5Ff_6w
3299,2011,6,161,Minneapolis,44.97436277488428,-93.27630443761562,13yGi3r9IW8Skk9x_KFD4Q,1544,0,1690,7,2077,True,13yGi3r9IW8Skk9x_KFD4Q
1513,2014,9,179,Minneapolis,44.95425259614619,-93.24225007677272,ruqhk4tTVKiuJHUGSBD19Q,1547,0,1693,7,2080,True,ruqhk4tTVKiuJHUGSBD19Q
2720,2019,6,161,Minneapolis,44.96723208380644,-93.218165591269,FoRhJHue1hcHrdTbgmWCFQ,1548,0,1695,4,2083,True,FoRhJHue1hcHrdTbgmWCFQ
5230,2016,11,150,Minneapolis,44.99507415875121,-93.25214141070371,_AF8-ZQWs9aRoKJyALBZhA,1552,0,1699,3,2088,True,_AF8-ZQWs9aRoKJyALBZhA
1281,2016,9,92,Minneapolis,44.95228494669029,-93.29192314018592,9-F4CAM612kilfYtzcRpkA,1558,0,1705,2,2096,True,9-F4CAM612kilfYtzcRpkA
3856,2017,11,140,Minneapolis,44.98050889070504,-93.26355774896184,AWNQfRIdezkPFLhGSKxtAQ,1559,0,1706,1,2097,True,AWNQfRIdezkPFLhGSKxtAQ
2138,2009,6,101,Minneapolis,44.96094818000138,-93.25403920568031,Jr1zwPi84-aSY-tZDPIeGg,1458,1,1707,1,2098,True,Jr1zwPi84-aSY-tZDPIeGg
1318,2011,8,323,Minneapolis,44.95226488940293,-93.25501331198484,lapGxRu3MufMPSUGQHt7LQ,1491,1,1708,2,2099,True,lapGxRu3MufMPSUGQHt7LQ
2753,2017,8,182,Minneapolis,44.96828897847677,-93.27645438608675,ZrcDw8hmJNNOGHM3UPvnqw,1379,0,1495,5,2100,True,ZrcDw8hmJNNOGHM3UPvnqw
1227,2011,8,50,Minneapolis,44.95131689619753,-93.25501470367011,zY0noFaXEorRWRChtymraQ,1560,0,1710,1,2102,True,zY0noFaXEorRWRChtymraQ
763,2009,7,342,Minneapolis,44.94633660694321,-93.26393418083164,GC3RVtBZx2f8hRSpCyn2YQ,1562,0,1712,5,2107,True,GC3RVtBZx2f8hRSpCyn2YQ
3645,2009,7,13,Minneapolis,44.97834465276727,-93.28957770148604,Iy2fQYVvxFJa6_GPRdJWnA,1563,0,1713,4,2108,True,Iy2fQYVvxFJa6_GPRdJWnA
4968,2019,6,201,Minneapolis,44.99268776777787,-93.25009269704049,s672Lo9yaBEy4QzB3Km0CA,325,0,329,6,2115,True,s672Lo9yaBEy4QzB3Km0CA
3825,2019,6,231,Minneapolis,44.98028046918927,-93.29417723531952,rCYfbzPBstaP7Apt1r7o1Q,839,0,872,6,2117,True,rCYfbzPBstaP7Apt1r7o1Q
3103,2019,7,281,Minneapolis,44.97206781442319,-93.29017444977612,yO7060t2t4HgJLqy-i35MA,1569,0,1720,7,2121,True,yO7060t2t4HgJLqy-i35MA
2172,2007,7,88,Minneapolis,44.96050639975765,-93.22161903858655,zfbckjTD4YZZaI-rEx98mw,1570,0,1721,4,2122,True,zfbckjTD4YZZaI-rEx98mw
622,2011,8,310,Minneapolis,44.94431470980414,-93.22294257342844,ZzcgYbNNiC2c-tXvCio4lw,334,1,1231,5,2129,True,ZzcgYbNNiC2c-tXvCio4lw
2409,2009,7,252,Minneapolis,44.96395448927585,-93.25613338174053,V-tQsXKwukf4wq5PQfqAzg,1576,0,1727,6,2130,True,V-tQsXKwukf4wq5PQfqAzg
4068,2019,6,92,Minneapolis,44.98271258607819,-93.23488320457032,T9qhuccmaRIMY-QifKSbnQ,323,1,1729,3,2132,True,T9qhuccmaRIMY-QifKSbnQ
4691,2019,6,5,Minneapolis,44.98922008785082,-93.25113265561843,typxpVbXltfGN4rtOAEJaQ,1137,1,1730,1,2133,True,typxpVbXltfGN4rtOAEJaQ
2984,2019,7,249,Minneapolis,44.97036671959224,-93.2270448069772,cyq8Yo_Ynkgowc66CHuNMg,1579,0,1732,3,2136,True,cyq8Yo_Ynkgowc66CHuNMg
3643,2007,8,213,Minneapolis,44.97825628314513,-93.2915816201598,Lmy4gj4hOxrgdvSnK3YbSQ,1580,0,1733,2,2138,True,Lmy4gj4hOxrgdvSnK3YbSQ
2869,2017,8,104,Minneapolis,44.96925808417314,-93.25097803976752,IMekR3PFBnDOG-RFjm7pxw,1582,0,1735,1,2140,True,IMekR3PFBnDOG-RFjm7pxw
2038,2019,6,48,Minneapolis,44.96030062961222,-93.26260883842473,RWPC2W8UyuE-wLksCDg6qg,683,1,1737,5,2142,True,RWPC2W8UyuE-wLksCDg6qg
4849,2014,9,24,Minneapolis,44.99202783484772,-93.27824055280624,meuHnTmZ2b-MvgBpwy2MHA,1585,0,1741,2,2148,True,meuHnTmZ2b-MvgBpwy2MHA
1008,2007,7,164,Minneapolis,44.94929425752202,-93.2919380573488,feidKzft16NO6T5m_g01uQ,702,0,723,3,2150,True,feidKzft16NO6T5m_g01uQ
4619,2017,8,196,Minneapolis,44.98824583573087,-93.22950272617656,7xxKqq0RrpyyOlPEWLDA8g,1586,0,1742,2,2151,True,7xxKqq0RrpyyOlPEWLDA8g
5001,2011,7,93,Minneapolis,44.99155802522936,-93.21514628341056,o1OxLNe7GOSAOJVRwvCrNg,151,1,1746,6,2155,True,o1OxLNe7GOSAOJVRwvCrNg
4952,2019,6,78,Minneapolis,44.99236357682415,-93.25922577969776,4CQGS4L-NHEDQhe0dQ4U_Q,1588,0,1747,3,2156,True,4CQGS4L-NHEDQhe0dQ4U_Q
3207,2019,6,130,Minneapolis,44.97337175339008,-93.27713911583558,cmbDCQiIJKwftPeQoz2RuA,1589,0,1748,4,2157,True,cmbDCQiIJKwftPeQoz2RuA
556,2007,7,200,Minneapolis,44.94431258092475,-93.28944302037938,ezrxmE7IdN9zAIU8dnenbw,811,1,1749,1,2158,True,ezrxmE7IdN9zAIU8dnenbw
1028,2017,8,43,Minneapolis,44.94929439526135,-93.27158032158762,YQVCD2jpLt-mw9ELkkyqxA,1590,0,1750,3,2160,True,YQVCD2jpLt-mw9ELkkyqxA
4162,2009,7,12,Minneapolis,44.98332939970179,-93.23718828264846,1KvGGN5YzYoWj96qNWms0Q,1595,0,1755,4,2165,True,1KvGGN5YzYoWj96qNWms0Q
3315,2011,6,70,Minneapolis,44.97418447464157,-93.25984872054464,Olh5AFbqJXgjmYXSrZJ7zA,1596,0,1756,5,2167,True,Olh5AFbqJXgjmYXSrZJ7zA
81,2014,9,352,Minneapolis,44.93828701473131,-93.2178550060366,yNz79L-BckAeIAMO2IcU-w,1000,1,1757,1,2169,True,yNz79L-BckAeIAMO2IcU-w
180,2009,10,199,Minneapolis,44.93933352654788,-93.21020932692252,t3P7PWEZO6rpyAs9b7O1EA,178,1,1764,1,2181,True,t3P7PWEZO6rpyAs9b7O1EA
279,2014,10,286,Minneapolis,44.94132010773501,-93.29315783627588,K-FfGq-P83OC23RO9PMVxQ,240,1,1766,1,2185,True,K-FfGq-P83OC23RO9PMVxQ
3171,2013,8,4,Minneapolis,44.97240226995061,-93.22206308152082,2U34hwe_XuzOe6lHxbouSQ,1578,0,1731,9,2186,True,2U34hwe_XuzOe6lHxbouSQ
4267,2019,6,138,Minneapolis,44.98430756246069,-93.21809180330692,TMBgiCNC6r9DqyLJ428Asw,1606,0,1770,5,2192,True,TMBgiCNC6r9DqyLJ428Asw
5259,2009,7,145,Minneapolis,44.99507010542738,-93.23012513877458,0BFGoNDiScdO5f8-vA1Vvg,1607,0,1771,3,2193,True,0BFGoNDiScdO5f8-vA1Vvg
372,2019,5,55,Minneapolis,44.942286340141,-93.29074303459532,cc57dVN6IW-FyRX3KNqr3Q,1610,0,1774,5,2197,True,cc57dVN6IW-FyRX3KNqr3Q
3444,2019,7,281,Minneapolis,44.97528397521472,-93.22287440498162,1Fibvw-gBj0_4teFJIuquQ,1612,0,1776,6,2202,True,1Fibvw-gBj0_4teFJIuquQ
5002,2016,10,97,Minneapolis,44.9924826608698,-93.21097092880557,QBfDbpTs90q_qbIZ71S1sg,1613,0,1777,7,2203,True,QBfDbpTs90q_qbIZ71S1sg
4702,2017,8,157,Minneapolis,44.9894623265361,-93.24204396883052,4UfDfnfqydYZCU4XI9MUQA,1464,1,1779,4,2206,True,4UfDfnfqydYZCU4XI9MUQA
1210,2014,9,269,Minneapolis,44.95166138347509,-93.27211221525778,bLJZaMuAJrzThmGIr8M7xA,1616,0,1781,6,2208,True,bLJZaMuAJrzThmGIr8M7xA
2021,2017,8,123,Minneapolis,44.96026299148144,-93.279642453152,Eyr-oboVpsAUlCcpVBN3yg,1617,0,1782,6,2210,True,Eyr-oboVpsAUlCcpVBN3yg
1356,2007,7,146,Minneapolis,44.95196973762374,-93.21716402336712,kgCBPjEQGfy9GHQ6-Pm_EQ,196,1,1787,5,2215,True,kgCBPjEQGfy9GHQ6-Pm_EQ
803,2007,7,159,Minneapolis,44.94626661527738,-93.22434365088316,4o8pYI4GOcWN4g-gEFwdqw,1624,0,1790,2,2222,True,4o8pYI4GOcWN4g-gEFwdqw
4874,2016,10,105,Minneapolis,44.9909783568059,-93.24791691169176,8LoH_4Ngq5N6LE6VtaBVBg,1626,0,1793,7,2226,True,8LoH_4Ngq5N6LE6VtaBVBg
3415,2007,7,237,Minneapolis,44.97538731594094,-93.25136930277,-PlYKRQ-AXYeQu8dEeTy0A,1627,0,1794,5,2228,True,-PlYKRQ-AXYeQu8dEeTy0A
686,2019,6,211,Minneapolis,44.94535022355155,-93.24994264518256,hZKc-OcdecQvHfpJQjQ0YA,1628,0,1795,1,2229,True,hZKc-OcdecQvHfpJQjQ0YA
3438,2019,7,308,Minneapolis,44.97540591096811,-93.22832733867236,Dbtrney1UyuGfAHF5DGYng,1407,0,1527,8,2231,True,Dbtrney1UyuGfAHF5DGYng
2230,2018,10,96,Minneapolis,44.96271323114698,-93.2531133460652,wGCfboc-px6fGesIB_JX8w,1156,0,1232,12,2235,True,wGCfboc-px6fGesIB_JX8w
4200,2009,6,251,Minneapolis,44.98422374756191,-93.2851652453184,9bZBP54tG4xwlBaFtftkWw,1631,0,1799,4,2238,True,9bZBP54tG4xwlBaFtftkWw
1356,2019,6,20,Minneapolis,44.95197139287339,-93.21716170745832,Z8Kqszy1Y66c6M9JtruzzQ,196,2,1801,1,2241,True,Z8Kqszy1Y66c6M9JtruzzQ
3952,2007,7,201,Minneapolis,44.98138513474198,-93.26110672940466,UzOtEYHue9f4e4cHE2St1A,1637,0,1808,1,2249,True,UzOtEYHue9f4e4cHE2St1A
3367,2013,8,189,Minneapolis,44.97654446853988,-93.29942934667432,aVTG8RVp_afBfGjKuHj0Zw,1639,0,1812,1,2257,True,aVTG8RVp_afBfGjKuHj0Zw
2560,2009,6,233,Minneapolis,44.96659532369524,-93.28681164537949,z93M2uEfqqzuwLq_3ynmGA,146,0,147,4,2261,True,z93M2uEfqqzuwLq_3ynmGA
1258,2019,6,14,Minneapolis,44.9512672996967,-93.22429537020236,Tdxmxiyv-aTr6gTHYy72kw,945,1,1817,4,2263,True,Tdxmxiyv-aTr6gTHYy72kw
606,2019,6,44,Minneapolis,44.94431795898289,-93.23894199282576,riU7e0NEWdxdfr7EsSa2-A,1174,0,1254,4,2264,True,riU7e0NEWdxdfr7EsSa2-A
160,2017,8,359,Minneapolis,44.93924079048846,-93.23032532642806,xkZy6GKu_FtWfR95zWQJdA,1647,0,1821,3,2269,True,xkZy6GKu_FtWfR95zWQJdA
1788,2009,10,146,Minneapolis,44.95738152893446,-93.24007529971654,fFNpukQTKd9K4T4qVb8kCg,1648,0,1822,5,2270,True,fFNpukQTKd9K4T4qVb8kCg
4259,2007,6,98,Minneapolis,44.98428334778932,-93.2251039448341,dr2HuRFqps-GLEEpayXyiA,402,0,408,3,2291,True,dr2HuRFqps-GLEEpayXyiA
2354,2016,9,196,Minneapolis,44.96376221834143,-93.21945636689432,4gHet6oxRk2hFEd_FH1UGQ,1660,0,1836,5,2296,True,4gHet6oxRk2hFEd_FH1UGQ
2878,2009,7,98,Minneapolis,44.969232082481,-93.24252223965568,RCqQlf8J5FRu2TzwjEiywQ,488,1,910,3,2305,True,RCqQlf8J5FRu2TzwjEiywQ
783,2009,10,72,Minneapolis,44.94657460438285,-93.24411721039952,MKyKuFqcrsHz1A0C6TZFkA,1404,1,1845,1,2308,True,MKyKuFqcrsHz1A0C6TZFkA
2843,2016,9,289,Minneapolis,44.96891463871305,-93.27711911151655,d1fgLguDMONwu0S3KLAxJA,1442,1,1848,2,2313,True,d1fgLguDMONwu0S3KLAxJA
2296,2016,8,68,Minneapolis,44.96319130369225,-93.27786187426022,UUdLjJiQAZ97e82s8_2ePA,462,0,471,6,2316,True,UUdLjJiQAZ97e82s8_2ePA
2221,2014,9,228,Minneapolis,44.96229435308533,-93.26261600204622,GKf4xYscrRGT2z_xlXlj3Q,114,0,114,6,2320,True,GKf4xYscrRGT2z_xlXlj3Q
1925,2016,10,106,Minneapolis,44.95913647928393,-93.28515270933092,R92t64fkb__SDrccZOQSbg,395,1,1248,3,2323,True,R92t64fkb__SDrccZOQSbg
1577,2012,7,163,Minneapolis,44.95525743649544,-93.26896035089648,csqN66UGXtzt0Kg1WTHIjA,80,1,1852,2,2325,True,csqN66UGXtzt0Kg1WTHIjA
5110,2009,6,283,Minneapolis,44.99415523299836,-93.28207304347691,RdrnT3MgPeH_MitcQxx0pw,1673,0,1853,2,2327,True,RdrnT3MgPeH_MitcQxx0pw
272,2007,7,359,Minneapolis,44.94023581945648,-93.20889180917852,-PVU2aeHBdysEOGUog6zLQ,890,0,930,3,2330,True,-PVU2aeHBdysEOGUog6zLQ
2859,2019,6,199,Minneapolis,44.96929880080712,-93.26106057641752,nD1uqCYqfu3csLKEH_S0lg,1264,1,1854,6,2331,True,nD1uqCYqfu3csLKEH_S0lg
2623,2016,11,245,Minneapolis,44.9665252090232,-93.22388660458142,vnUMgBQD3RdpYEgx2VR-pg,119,1,1856,2,2338,True,vnUMgBQD3RdpYEgx2VR-pg
4761,2016,9,260,Minneapolis,44.99029287971089,-93.27432480814318,nO6dK7noSuvu9ncUy5Dshw,860,1,1859,3,2341,True,nO6dK7noSuvu9ncUy5Dshw
903,2017,8,20,Minneapolis,44.94735253476832,-93.21529483474808,ZkfpM3D3TddZ_TceJz0Mlg,1678,0,1861,4,2345,True,ZkfpM3D3TddZ_TceJz0Mlg
5064,2009,7,289,Minneapolis,44.99328589411274,-93.24118010814078,ScnaJYBtxYMCIRhzlfCL0w,1679,0,1862,2,2346,True,ScnaJYBtxYMCIRhzlfCL0w
330,2011,10,251,Minneapolis,44.94133147581387,-93.2421744612314,w4BmMfswldxCVSzpw6LQMg,1680,0,1863,1,2347,True,w4BmMfswldxCVSzpw6LQMg
748,2011,6,197,Minneapolis,44.9466015625756,-93.279227896053,d9oCjkuH3ZUsGUDblBzUvQ,90,0,90,8,2349,True,d9oCjkuH3ZUsGUDblBzUvQ
5013,2007,7,272,Minneapolis,44.99308222106919,-93.29109931973252,Yyb9rzn4qYLx2jXg8jSeiw,472,1,1864,1,2350,True,Yyb9rzn4qYLx2jXg8jSeiw
1227,2014,9,239,Minneapolis,44.95133239850824,-93.25504085190104,Z26QGaZBDtdY3wI-XUjX7A,1560,1,1866,3,2352,True,Z26QGaZBDtdY3wI-XUjX7A
1596,2009,10,308,Minneapolis,44.95534763398451,-93.24990813737186,dg-Ba1fPRH2Z5sOimu6NgA,347,2,1867,1,2353,True,dg-Ba1fPRH2Z5sOimu6NgA
5188,2014,9,266,Minneapolis,44.99519281954851,-93.29920125808594,hIQD7AhMXl_LbESnlDTpzw,1684,0,1870,2,2358,True,hIQD7AhMXl_LbESnlDTpzw
1395,2017,11,5,Minneapolis,44.95337286324346,-93.2690389173482,9DN8tdsV8Uy8N-DgeHwj4w,1685,0,1871,2,2360,True,9DN8tdsV8Uy8N-DgeHwj4w
364,2017,8,170,Minneapolis,44.94229146377992,-93.2996376515576,TJFnPupROEt3Jrl_KPOh6A,305,0,309,3,2367,True,TJFnPupROEt3Jrl_KPOh6A
5189,2009,7,112,Minneapolis,44.99526166303958,-93.2951279633764,YLZzuSXn7lTLArlZxx6pYw,723,1,1878,1,2371,True,YLZzuSXn7lTLArlZxx6pYw
776,2011,7,347,Minneapolis,44.94630034959614,-93.25124541788196,ZG29H2c01fqfQ6ssUcFG1A,1690,0,1880,1,2374,True,ZG29H2c01fqfQ6ssUcFG1A
589,2009,10,198,Minneapolis,44.94428664937687,-93.2550255472444,3j4y2kxMseHgcbtWje4k0g,1694,0,1885,3,2381,True,3j4y2kxMseHgcbtWje4k0g
2027,2016,9,126,Minneapolis,44.96091559990943,-93.27404950842076,ChR-NQFMmRiLxVh5kuoz0A,1695,0,1887,1,2383,True,ChR-NQFMmRiLxVh5kuoz0A
367,2019,5,151,Minneapolis,44.94232926218386,-93.29581282266533,zVSmQMChaNhX-OxJB9dA0g,790,0,818,4,2386,True,zVSmQMChaNhX-OxJB9dA0g
4413,2017,8,323,Minneapolis,44.98637392298119,-93.25339729594256,uG23uL0hRhAU9-4E48_kDA,24,1,1892,2,2391,True,uG23uL0hRhAU9-4E48_kDA
3500,2017,8,70,Minneapolis,44.97588293912337,-93.25751922391812,sLJW12lZBe7zg4nLM9TxbA,1701,0,1898,8,2399,True,sLJW12lZBe7zg4nLM9TxbA
1853,2016,8,141,Minneapolis,44.9582790055053,-93.26641947641828,Rdib3SOlwYDzyelrvpT5Ag,1703,0,1900,3,2401,True,Rdib3SOlwYDzyelrvpT5Ag
4953,2017,8,31,Minneapolis,44.99265569064361,-93.25831059821635,9rz0DYS5BJskrzklvgPWVA,1704,0,1901,2,2402,True,9rz0DYS5BJskrzklvgPWVA
4147,2020,6,141,Minneapolis,44.98283028046222,-93.25151092970574,CAoSLEFGMVFpcFByVENpeEpPZ21KcGV6UmJMX2p4YjNxSGtYQmFLOW11aUx2Tlg5,742,1,1902,1,2403,True,CAoSLEFGMVFpcFByVENpeEpPZ21KcGV6UmJMX2p4YjNxSGtYQmFLOW11aUx2Tlg5
1040,2014,9,6,Minneapolis,44.9493084581371,-93.2600770091161,V09fbgG8KT3J88WLJukCZw,1705,0,1903,2,2404,True,V09fbgG8KT3J88WLJukCZw
2107,2014,9,117,Minneapolis,44.96125776974352,-93.28547845973668,yLw6MvSUPlgkFmXmifMEvQ,1706,0,1904,5,2405,True,yLw6MvSUPlgkFmXmifMEvQ
2202,2019,5,102,Minneapolis,44.96221812925074,-93.28126743116424,XpJxbT8xNI7SJMt1b9cP9w,1707,0,1905,2,2406,True,XpJxbT8xNI7SJMt1b9cP9w
4814,2012,8,111,Minneapolis,44.99026418476343,-93.22027512359102,pWCliHdPKzYAUFcIC4zXjg,731,0,752,3,2407,True,pWCliHdPKzYAUFcIC4zXjg
875,2016,8,175,Minneapolis,44.94754209508578,-93.24322345362096,_aboTHi_w3tgZeEB-jqlzA,1708,0,1906,2,2409,True,_aboTHi_w3tgZeEB-jqlzA
4418,2019,6,11,Minneapolis,44.98619428696262,-93.24589108735124,ol078qruSphM6qNokWCooA,1710,0,1909,1,2413,True,ol078qruSphM6qNokWCooA
1654,2019,5,332,Minneapolis,44.95635564139528,-93.28422710562836,H2a3rAT7gHLgnHFPRqjj3w,454,0,463,4,2415,True,H2a3rAT7gHLgnHFPRqjj3w
1957,2011,6,223,Minneapolis,44.95915551097687,-93.25326344718596,zfLp9VNsqcV1NYcgSIX67w,1712,0,1911,2,2417,True,zfLp9VNsqcV1NYcgSIX67w
990,2007,7,323,Minneapolis,44.94825854642161,-93.2190843186683,q54gKK-lF2TCzf_NWTFauQ,1713,0,1912,3,2418,True,q54gKK-lF2TCzf_NWTFauQ
1995,2016,11,183,Minneapolis,44.96000824306567,-93.21413515308396,bld-tyfCbb91_X13ymoxkg,1031,1,1915,2,2422,True,bld-tyfCbb91_X13ymoxkg
2678,2017,8,219,Minneapolis,44.96727284159371,-93.25969316106944,7Vwt1WCprvPOMd_Boq4fRg,1719,0,1919,1,2426,True,7Vwt1WCprvPOMd_Boq4fRg
2757,2011,6,110,Minneapolis,44.96828689336492,-93.27163128269692,kbuoGLdPxnoBSMWWjmOOWw,1722,0,1922,3,2429,True,kbuoGLdPxnoBSMWWjmOOWw
4796,2009,10,253,Minneapolis,44.99033283789677,-93.22949809749684,dKtfMDGut6YTLEWHILVOdQ,1726,0,1927,3,2434,True,dKtfMDGut6YTLEWHILVOdQ
2065,2009,6,130,Minneapolis,44.96032468148003,-93.23620357950088,_RMD7SmFNrzpy2KzU7zXQw,1727,0,1928,2,2436,True,_RMD7SmFNrzpy2KzU7zXQw
3488,2017,8,306,Minneapolis,44.97628901135485,-93.26911906601164,Z9YZo4U0kMtHiZq9bqYt6g,1107,0,1173,8,2439,True,Z9YZo4U0kMtHiZq9bqYt6g
4815,2009,6,149,Minneapolis,44.99031448044913,-93.21645070860258,1OdWyBo41c_PfxU70pn_0g,1730,0,1931,2,2440,True,1OdWyBo41c_PfxU70pn_0g
2712,2011,9,320,Minneapolis,44.96774719176524,-93.2255373219328,6HC3awry7ewn5Gk8pkOj7g,476,1,1932,2,2441,True,6HC3awry7ewn5Gk8pkOj7g
134,2011,9,47,Minneapolis,44.93931830784685,-93.25624836542956,T687xA6AQ-pmfCfMvwIWRw,1733,0,1936,3,2448,True,T687xA6AQ-pmfCfMvwIWRw
2199,2014,9,185,Minneapolis,44.96230074670701,-93.28419830987605,HoaTzuB85-GhSq-Q3fkO-w,1696,0,1889,4,2453,True,HoaTzuB85-GhSq-Q3fkO-w
4492,2019,6,340,Minneapolis,44.98762452302933,-93.26345130225044,imYNUIXXjVZM3m-d_Dt4Ow,1735,0,1940,4,2456,True,imYNUIXXjVZM3m-d_Dt4Ow
5089,2009,6,63,Minneapolis,44.99346146287159,-93.21389722887294,QAJj9UycqIrKYXPALDDiWw,510,2,1941,2,2458,True,QAJj9UycqIrKYXPALDDiWw
5060,2011,6,112,Minneapolis,44.99330639006837,-93.2473579392242,uvdihGECBMdRJgpbO9ZNwA,1736,0,1942,4,2459,True,uvdihGECBMdRJgpbO9ZNwA
3768,2007,8,96,Minneapolis,44.97927259312632,-93.26215198351603,EsZ8Lp4Nawp7wRXcjF6pNg,353,0,359,7,2460,True,EsZ8Lp4Nawp7wRXcjF6pNg
416,2014,9,159,Minneapolis,44.94224735114054,-93.24737550379132,846yNmOSpniDLGhMMVLZZg,1738,0,1945,8,2463,True,846yNmOSpniDLGhMMVLZZg
5068,2017,8,134,Minneapolis,44.99328572503619,-93.23978879668138,xBReMSNBUa3ykzj_ZXi3oA,1739,0,1946,1,2466,True,xBReMSNBUa3ykzj_ZXi3oA
464,2014,8,213,Minneapolis,44.94292186738402,-93.29019037243351,Gm3haswdaKxXP5RbRVeWdA,1204,1,1948,1,2468,True,Gm3haswdaKxXP5RbRVeWdA
3291,2009,7,271,Minneapolis,44.97433305812373,-93.28419170322157,mq5FQiDdqb6O-HpK39J0JA,1746,0,1955,3,2476,True,mq5FQiDdqb6O-HpK39J0JA
76,2019,6,183,Minneapolis,44.93831429545355,-93.22297305294552,Yb26Zw7QDml9Ae6q_RSoUg,1747,0,1956,4,2477,True,Yb26Zw7QDml9Ae6q_RSoUg
4815,2007,6,330,Minneapolis,44.99032919293342,-93.21645869782652,jCvn0Dxg0rXp-qjGHIN6eQ,1730,1,1959,2,2480,True,jCvn0Dxg0rXp-qjGHIN6eQ
1787,2013,8,233,Minneapolis,44.9574873639071,-93.24081897122736,W-8Hc-oJ3P-Z8CD8bySrrg,633,0,648,8,2489,True,W-8Hc-oJ3P-Z8CD8bySrrg
4744,2019,7,334,Minneapolis,44.99031418824131,-93.28386384076684,F0VO9NJkovHKRda0sWrRpA,1753,0,1964,8,2491,True,F0VO9NJkovHKRda0sWrRpA
604,2009,10,5,Minneapolis,44.94426218274111,-93.24062159175084,TiY_Xj2aSDQOe-xmgVpXkQ,991,0,1043,6,2494,True,TiY_Xj2aSDQOe-xmgVpXkQ
1679,2009,10,222,Minneapolis,44.95626409504199,-93.25752688344824,vDnZTdTtN5B_PMiKC-daWA,1755,0,1966,3,2496,True,vDnZTdTtN5B_PMiKC-daWA
290,2014,10,341,Minneapolis,44.94134096813784,-93.28220571734929,761o7gBbHQhZmFjcVbtVwA,346,1,1967,2,2497,True,761o7gBbHQhZmFjcVbtVwA
2612,2019,6,294,Minneapolis,44.9666278822257,-93.2351510484316,iLIJU1oMy-u1tP09cdt39w,425,0,434,5,2504,True,iLIJU1oMy-u1tP09cdt39w
799,2014,8,47,Minneapolis,44.94625010708094,-93.22841036198172,QlkujuqRnMc1KbrBiDfj_Q,28,1,1971,3,2506,True,QlkujuqRnMc1KbrBiDfj_Q
2136,2014,9,266,Minneapolis,44.96129621894901,-93.25616329809608,7LY9LSk9lZTCRWYz57qzqQ,1763,0,1976,2,2514,True,7LY9LSk9lZTCRWYz57qzqQ
3478,2017,8,256,Minneapolis,44.97623862258979,-93.27835603657384,OxWWr2hl6_olypBYI26mtQ,1764,0,1977,11,2519,True,OxWWr2hl6_olypBYI26mtQ
4804,2011,7,287,Minneapolis,44.99031205807734,-93.2282436077101,rsJxWzqGcB-efEFKYP8xtg,1769,0,1984,1,2531,True,rsJxWzqGcB-efEFKYP8xtg
3137,2013,8,150,Minneapolis,44.97218321257284,-93.25585336147051,pJjfJR-ts9XOIUWSaa1aZQ,1551,1,1987,2,2534,True,pJjfJR-ts9XOIUWSaa1aZQ
2358,2014,9,266,Minneapolis,44.96323879693529,-93.21615924492542,RpGFxmMQAFBTHxoDpWrppw,881,0,920,5,2542,True,RpGFxmMQAFBTHxoDpWrppw
1501,2007,7,19,Minneapolis,44.95432680339542,-93.25499461397224,SOy2SwvIc-2gvmCfuhKGXg,1773,0,1990,3,2544,True,SOy2SwvIc-2gvmCfuhKGXg
2982,2009,10,314,Minneapolis,44.97027397081436,-93.22913949704736,6G4ehGmd7fu1EcwFKTXMwQ,1775,0,1993,2,2548,True,6G4ehGmd7fu1EcwFKTXMwQ
1336,2015,7,260,Minneapolis,44.95254584939993,-93.2368716816436,M3wKLyRcHGcZS8xQuX0smQ,1224,0,1312,5,2560,True,M3wKLyRcHGcZS8xQuX0smQ
5060,2019,6,84,Minneapolis,44.99330937758124,-93.24735017596424,NQ8egswQH6dQpu7t4KraCg,1736,1,1999,1,2561,True,NQ8egswQH6dQpu7t4KraCg
3155,2013,9,273,Minneapolis,44.97240974787197,-93.23787494896628,zp8n07JqjB2Tl3wgJWLWKg,1780,0,2000,7,2562,True,zp8n07JqjB2Tl3wgJWLWKg
1984,2009,10,336,Minneapolis,44.95917086826122,-93.22613758678968,b_yhK9thFFvCdLA0xvsMMA,464,0,473,3,2563,True,b_yhK9thFFvCdLA0xvsMMA
1408,2009,10,210,Minneapolis,44.95327175564771,-93.25627613645132,q5SDd5dEGhifKlKot8FTmw,1781,0,2001,3,2568,True,q5SDd5dEGhifKlKot8FTmw
370,2014,10,246,Minneapolis,44.94228535014219,-93.2919989293398,ttdh20mB2-2nnT3yrmFGog,557,0,570,5,2572,True,ttdh20mB2-2nnT3yrmFGog
918,2019,5,356,Minneapolis,44.94841295374805,-93.29116357063194,o7A1UYHiFRqXR0Ip3VIfcQ,984,0,1034,10,2579,True,o7A1UYHiFRqXR0Ip3VIfcQ
120,2007,7,199,Minneapolis,44.93933562963986,-93.27023153136692,5hJk8SrFGzC6QoSlreH7FA,552,0,565,5,2581,True,5hJk8SrFGzC6QoSlreH7FA
1201,2017,8,196,Minneapolis,44.95133453292262,-93.28135796412629,zDJKzFhVTXc5Iu23eYXLNA,321,1,2007,2,2583,True,zDJKzFhVTXc5Iu23eYXLNA
1216,2014,10,171,Minneapolis,44.95132588616347,-93.2664651806683,eQWWJbEvWZhhUze74CNhSw,796,1,2008,1,2586,True,eQWWJbEvWZhhUze74CNhSw
96,2014,10,242,Minneapolis,44.93952677634389,-93.29412987696936,qbJYZ5xadd20rPY49jvR9g,1366,1,2011,1,2592,True,qbJYZ5xadd20rPY49jvR9g
4315,2011,6,77,Minneapolis,44.98536174420271,-93.26131691095472,qBTRqpJlgzYIDAiJOyVkVg,1789,0,2012,3,2593,True,qBTRqpJlgzYIDAiJOyVkVg
2549,2016,8,232,Minneapolis,44.96622930979737,-93.2981851810852,9pQEoW5fuKLqZYjdSvjmMg,515,1,2014,3,2595,True,9pQEoW5fuKLqZYjdSvjmMg
1600,2014,9,156,Minneapolis,44.95531188091663,-93.2460977377837,SBuWJVMYn3e8vGetaXqDqQ,678,1,2015,1,2596,True,SBuWJVMYn3e8vGetaXqDqQ
572,2007,7,310,Minneapolis,44.94430654178636,-93.27282652072331,jyvum0Ggcr9nCIQJhVGciw,662,0,679,3,2600,True,jyvum0Ggcr9nCIQJhVGciw
951,2015,7,316,Minneapolis,44.94832637555089,-93.25815828492722,jBTSmF_K2ebU3dK_GJGllA,1792,0,2018,10,2602,True,jBTSmF_K2ebU3dK_GJGllA
1957,2018,8,16,Minneapolis,44.9591230439427,-93.25328144481269,GKYTyV_gSXzP5QisGnVUMA,1712,1,2019,4,2604,True,GKYTyV_gSXzP5QisGnVUMA
236,2013,8,185,Minneapolis,44.9403369544801,-93.24484285146048,jXoDfbaKcJ52Ph0HBIPEEg,1793,0,2020,2,2605,True,jXoDfbaKcJ52Ph0HBIPEEg
263,2011,8,306,Minneapolis,44.9402776643587,-93.21788792308077,21dIUHXE3HkQWQGvwn8O8g,1369,1,2022,5,2607,True,21dIUHXE3HkQWQGvwn8O8g
2802,2009,6,86,Minneapolis,44.96860263915735,-93.22676108091656,ctoWpZtFY1MB8fsLUJPcNQ,1795,0,2023,1,2608,True,ctoWpZtFY1MB8fsLUJPcNQ
1683,2009,10,162,Minneapolis,44.95629125729333,-93.2537064169936,Ugeqn_9NdhzmcQRt5tWVZQ,1801,0,2031,2,2620,True,Ugeqn_9NdhzmcQRt5tWVZQ
1727,2019,6,204,Minneapolis,44.95620505287467,-93.21009146603718,c5rHzigvPKbDFfDDgZOeBg,1804,0,2034,2,2623,True,c5rHzigvPKbDFfDDgZOeBg
2371,2019,5,262,Minneapolis,44.96445076666905,-93.29408362270176,ibmQ5JelJeG6hGjlGhMsPg,1808,0,2038,3,2629,True,ibmQ5JelJeG6hGjlGhMsPg
4257,2019,6,24,Minneapolis,44.98432035418995,-93.22314321968004,fPCCHFjelfNaku6j77fu7Q,1810,0,2040,5,2633,True,fPCCHFjelfNaku6j77fu7Q
1614,2017,8,63,Minneapolis,44.9555962283928,-93.23212094560942,yAEAeyz4EqzzQEiQASM3CQ,882,0,921,3,2638,True,yAEAeyz4EqzzQEiQASM3CQ
2413,2019,6,8,Minneapolis,44.96423387944885,-93.25162632516188,gbYa6HG5GCUwe_2sOAYh7g,852,0,886,3,2641,True,gbYa6HG5GCUwe_2sOAYh7g
4990,2011,7,151,Minneapolis,44.99241543374476,-93.2191785953458,hpXEGrUFWSpvWrUyJM0MNw,1622,1,2044,3,2642,True,hpXEGrUFWSpvWrUyJM0MNw
2591,2008,9,63,Minneapolis,44.9662283178867,-93.25620078653796,yGtI25XNn3OUDX1GyszvOA,204,0,205,8,2646,True,yGtI25XNn3OUDX1GyszvOA
4435,2019,6,30,Minneapolis,44.98615611002763,-93.23492574697656,IqCofO4VwQQZI4dxTz_smw,1638,0,1811,4,2653,True,IqCofO4VwQQZI4dxTz_smw
3923,2017,8,131,Minneapolis,44.98124995033058,-93.28528479995684,0kP0c_zUAYAx4Le9XPxlTg,975,1,2052,2,2655,True,0kP0c_zUAYAx4Le9XPxlTg
322,2017,8,106,Minneapolis,44.94136454273587,-93.25018342572316,WLalkuhZ7C9QIe0JmSS6dA,1177,1,2053,4,2656,True,WLalkuhZ7C9QIe0JmSS6dA
4404,2016,10,180,Minneapolis,44.98649902891515,-93.26385205169976,Q5DQKQ2q_mh0hPxW15Gyqg,1821,0,2056,2,2662,True,Q5DQKQ2q_mh0hPxW15Gyqg
3791,2015,9,289,Minneapolis,44.9791814767315,-93.23706225349012,SjVnLFlulW0-R6cM06gqFQ,1664,0,1840,5,2672,True,SjVnLFlulW0-R6cM06gqFQ
1946,2018,10,230,Minneapolis,44.95913877779547,-93.2641579803278,9cASINTULuJMKldMuQxTiQ,156,0,157,8,2673,True,9cASINTULuJMKldMuQxTiQ
2071,2007,7,157,Minneapolis,44.96030066897065,-93.229841528007,s7V_vzieFFgU4zcrlti0cg,1827,0,2067,2,2679,True,s7V_vzieFFgU4zcrlti0cg
413,2009,10,243,Minneapolis,44.94233750060377,-93.24994288538416,rv_3HxaFD4FQLY3K4Sl_mQ,1829,0,2069,5,2683,True,rv_3HxaFD4FQLY3K4Sl_mQ
3163,2016,10,297,Minneapolis,44.97237012406843,-93.2302456178724,t3wizHWd3jwmHAVoqfEMJQ,1830,0,2070,9,2684,True,t3wizHWd3jwmHAVoqfEMJQ
4960,2014,9,62,Minneapolis,44.99212001591807,-93.25074417137932,FM4rD47Zxi8rGu1h4dmk2A,802,0,833,6,2685,True,FM4rD47Zxi8rGu1h4dmk2A
4245,2007,6,107,Minneapolis,44.98434073435026,-93.23824834354484,9ZVexwEytWb2UI8anR0vQw,1197,0,1284,5,2689,True,9ZVexwEytWb2UI8anR0vQw
2370,2019,5,289,Minneapolis,44.96445267984852,-93.29513873390614,fgbfaxoYO3h7s9Qzh-vC-w,1834,0,2074,2,2694,True,fgbfaxoYO3h7s9Qzh-vC-w
5249,2013,9,286,Minneapolis,44.99534063756489,-93.2409873402842,F3r2QSQGfEVOtA7LGHZpZg,221,1,2075,2,2695,True,F3r2QSQGfEVOtA7LGHZpZg
1262,2009,10,224,Minneapolis,44.95123079434934,-93.22042565364944,V0c_bWRAT27FkXrYhzeUYQ,1550,1,2077,2,2698,True,V0c_bWRAT27FkXrYhzeUYQ
611,2016,10,5,Minneapolis,44.94474667432092,-93.23418820601866,Q44Y_IB7vVs_2lTPBUf7lw,1837,0,2079,6,2700,True,Q44Y_IB7vVs_2lTPBUf7lw
4623,2009,6,141,Minneapolis,44.98826503814754,-93.22422819381974,iUoP7coblOzKLr-J5zmrEg,808,1,2080,2,2701,True,iUoP7coblOzKLr-J5zmrEg
928,2017,8,158,Minneapolis,44.94841261373736,-93.28115884784457,5vpaVnbQPGNMK0tylVotFA,845,0,878,9,2704,True,5vpaVnbQPGNMK0tylVotFA
589,2016,8,22,Minneapolis,44.94428585648922,-93.25503260015796,yzJgFpYYojJM2NG1E01AQw,1694,1,2087,2,2710,True,yzJgFpYYojJM2NG1E01AQw
5099,2011,6,305,Minneapolis,44.99416142240603,-93.29504966228772,-IyeTU4fDKYaJIcEeu3XPA,1843,0,2089,1,2712,True,-IyeTU4fDKYaJIcEeu3XPA
4805,2011,7,40,Minneapolis,44.99027236925299,-93.22153935760458,eMl1YnhrblefPKIUF-hDRQ,1845,0,2091,6,2714,True,eMl1YnhrblefPKIUF-hDRQ
2377,2015,8,22,Minneapolis,44.96435664427286,-93.2881876598302,ee9IY9XU-vEMfdNupG8BSA,1846,0,2092,8,2715,True,ee9IY9XU-vEMfdNupG8BSA
170,2014,8,2,Minneapolis,44.93926214180893,-93.22039637071376,eRXoc7ekyLEe3zeeL8KACw,616,1,2094,2,2718,True,eRXoc7ekyLEe3zeeL8KACw
570,2014,9,87,Minneapolis,44.94433323904024,-93.27539256072318,jJKwtnKhxHFeHrLbGYOzZg,1848,0,2095,4,2720,True,jJKwtnKhxHFeHrLbGYOzZg
4642,2019,6,278,Minneapolis,44.98897440376287,-93.29917912723089,GpVe0UTebxTVKPAXPAQ9Ig,1850,0,2097,1,2723,True,GpVe0UTebxTVKPAXPAQ9Ig
372,2014,8,234,Minneapolis,44.94226668433878,-93.2907124221786,EzcrNRXKYkUrrlDOFNkPhw,1610,1,2105,1,2735,True,EzcrNRXKYkUrrlDOFNkPhw
3942,2011,6,199,Minneapolis,44.98139552683696,-93.2723144833506,zKqQUKk9ltcEgge8CSKpbQ,1859,0,2107,4,2737,True,zKqQUKk9ltcEgge8CSKpbQ
4353,2011,7,216,Minneapolis,44.98527906294718,-93.2242274517337,Vem6EMGowyX2NJqsgws87Q,1862,0,2110,1,2741,True,Vem6EMGowyX2NJqsgws87Q
4488,2011,6,112,Minneapolis,44.98753158535217,-93.27050884817083,e1xbjvQb0FuWrPpVaj8sOw,1201,1,2112,3,2747,True,e1xbjvQb0FuWrPpVaj8sOw
2177,2019,6,173,Minneapolis,44.96107603258874,-93.21482736234542,8MpXxB_t0x1Hm_IRpBrx-g,414,1,2120,3,2759,True,8MpXxB_t0x1Hm_IRpBrx-g
312,2017,8,338,Minneapolis,44.94128124734519,-93.26008018968044,6PsJ-wSOEOtjQ0Czfk4H9g,1871,0,2123,1,2763,True,6PsJ-wSOEOtjQ0Czfk4H9g
4773,2019,6,50,Minneapolis,44.99007377067991,-93.25785549713304,8ZD2XU5xq2yGZYNlkx_sPA,1872,0,2124,5,2764,True,8ZD2XU5xq2yGZYNlkx_sPA
1471,2016,9,99,Minneapolis,44.95375791680501,-93.28413757165887,XdLQFhLTYekmNimyRMXASA,1873,0,2125,2,2767,True,XdLQFhLTYekmNimyRMXASA
308,2014,10,90,Minneapolis,44.94139569172571,-93.26414013966938,JZVJcH8BzsJ5Dvu7W-3j1g,1875,0,2127,3,2769,True,JZVJcH8BzsJ5Dvu7W-3j1g
2311,2014,9,274,Minneapolis,44.96336755175831,-93.26261097028146,x2Oj13254ncwKDn3TslWbA,1878,0,2131,9,2773,True,x2Oj13254ncwKDn3TslWbA
1577,2009,7,332,Minneapolis,44.95526229559773,-93.26900625928424,gWr7auIRbZQnCgaVT1LpoQ,80,0,80,5,2775,True,gWr7auIRbZQnCgaVT1LpoQ
3238,2007,6,294,Minneapolis,44.97337392129955,-93.2462147562302,3FUwrII0r9GJxJsjBejJ9A,459,1,2132,1,2778,True,3FUwrII0r9GJxJsjBejJ9A
2742,2011,6,283,Minneapolis,44.96833429689568,-93.28780550517271,HkEPC9_d6P640aisJYngbA,1487,1,2088,7,2780,True,HkEPC9_d6P640aisJYngbA
754,2017,8,87,Minneapolis,44.94625667771475,-93.2728311398794,195YMrcAUS4-h23UvzqssQ,1881,0,2136,4,2784,True,195YMrcAUS4-h23UvzqssQ
2573,2016,9,107,Minneapolis,44.96629101830775,-93.274105794331,KP1JBAh9hkN7wB0FSTU64g,74,1,2139,1,2788,True,KP1JBAh9hkN7wB0FSTU64g
3062,2009,6,78,Minneapolis,44.97115088571896,-93.24076095404185,aLodvK25hiYOAgMLqSgVyw,1884,0,2140,1,2789,True,aLodvK25hiYOAgMLqSgVyw
3528,2016,10,80,Minneapolis,44.97631109852029,-93.23382499878402,CxsC8QkO52AdjVEhBOhe6w,507,1,2141,3,2790,True,CxsC8QkO52AdjVEhBOhe6w
3873,2011,7,76,Minneapolis,44.98144007604595,-93.24994941174133,LQyEzgOHiqmlvXVQQJcM6A,1886,0,2143,1,2792,True,LQyEzgOHiqmlvXVQQJcM6A
3410,2013,8,96,Minneapolis,44.97526945672238,-93.25618516657735,t9lqz60NW6X0oP-RDBaWAw,169,0,170,8,2793,True,t9lqz60NW6X0oP-RDBaWAw
292,2019,5,250,Minneapolis,44.94133570135495,-93.28020453990398,S5hVf76IcqB7zfvlYzh0jQ,1636,0,1807,5,2794,True,S5hVf76IcqB7zfvlYzh0jQ
934,2017,8,92,Minneapolis,44.9484093747966,-93.27508458260846,hSa9zJ6nKT2Q913VoACa2g,1887,0,2144,4,2796,True,hSa9zJ6nKT2Q913VoACa2g
3761,2007,7,253,Minneapolis,44.97925404531192,-93.27305572499122,t3AWRvChaIqTf2JSTR0NTg,1187,1,2150,2,2811,True,t3AWRvChaIqTf2JSTR0NTg
236,2017,8,17,Minneapolis,44.9403204506706,-93.2448492242781,6uEydQB8hauKdwo0dEz_8Q,1793,1,2151,5,2812,True,6uEydQB8hauKdwo0dEz_8Q
618,2007,7,195,Minneapolis,44.9443305442175,-93.22708907213033,ppORi2UWY1sdjMR2qk7UgA,1894,0,2153,1,2814,True,ppORi2UWY1sdjMR2qk7UgA
319,2007,7,118,Minneapolis,44.94136056141787,-93.25313791200024,E4zoMShxA2RQHVc_R6IbAQ,1895,0,2154,4,2815,True,E4zoMShxA2RQHVc_R6IbAQ
1589,2007,7,209,Minneapolis,44.95555403396323,-93.25705802293442,yltyrcXkTD-bL5TfEtGLug,1841,0,2085,6,2819,True,yltyrcXkTD-bL5TfEtGLug
4717,2009,10,169,Minneapolis,44.98927250245539,-93.21901570192702,DJubMmd6cA32vMBd-z-7eA,457,1,2159,1,2821,True,DJubMmd6cA32vMBd-z-7eA
2036,2011,6,168,Minneapolis,44.96028625032461,-93.2651181943372,u29MFd2454B3bAvThgE7RQ,1275,0,1373,7,2824,True,u29MFd2454B3bAvThgE7RQ
631,2009,10,59,Minneapolis,44.94426711517767,-93.21403004621584,lxT5U69GUZWyjbRje9UTtw,1898,0,2160,1,2827,True,lxT5U69GUZWyjbRje9UTtw
2864,2015,7,239,Minneapolis,44.96886316859149,-93.256461101378,CusPTk-TaLNCxcMsIC44qA,656,0,672,8,2829,True,CusPTk-TaLNCxcMsIC44qA
291,2014,10,278,Minneapolis,44.94134968489657,-93.2811862920337,vjarAaGc63KtGuzWQVaNjg,1879,1,2162,2,2830,True,vjarAaGc63KtGuzWQVaNjg
746,2019,5,197,Minneapolis,44.94627839041471,-93.28136677723188,rw7CP30nCvDLFMMWp5zzGA,1757,0,1969,3,2835,True,rw7CP30nCvDLFMMWp5zzGA
4125,2019,7,132,Minneapolis,44.98339090327107,-93.27101460218478,mPc1yTIcfxE4Wg53IfIBbA,343,0,348,10,2836,True,mPc1yTIcfxE4Wg53IfIBbA
2166,2007,7,56,Minneapolis,44.9614851778458,-93.22599515605953,iUNI52G2u45k3gh4sqnJtA,1901,0,2164,2,2837,True,iUNI52G2u45k3gh4sqnJtA
4383,2011,6,228,Minneapolis,44.98635263156488,-93.28008823636084,Y083TbkKSIfwI35lbq0ZEA,1902,0,2166,8,2839,True,Y083TbkKSIfwI35lbq0ZEA
5075,2009,7,180,Minneapolis,44.99329681575639,-93.23419139847655,NcrsszeKY8pjODiEpzVL7w,1904,0,2168,7,2841,True,NcrsszeKY8pjODiEpzVL7w
933,2014,10,38,Minneapolis,44.94831230750843,-93.27608912597562,8bRKm2V55AoNRndbg2FSuQ,327,0,331,8,2842,True,8bRKm2V55AoNRndbg2FSuQ
2647,2016,8,24,Minneapolis,44.96724625301444,-93.2911981809159,EirDFQcu8TEiSWlYnWHTPA,1905,0,2169,7,2843,True,EirDFQcu8TEiSWlYnWHTPA
569,2007,7,85,Minneapolis,44.94424531828722,-93.27666101004552,gt84cK1Y9E4i2j0Ex7yEpA,1230,1,2174,7,2851,True,gt84cK1Y9E4i2j0Ex7yEpA
5050,2009,7,111,Minneapolis,44.99296194372518,-93.25623578358076,qXLoDoLsSenlVXzyYFaUoQ,1911,0,2176,4,2853,True,qXLoDoLsSenlVXzyYFaUoQ
2151,2009,10,246,Minneapolis,44.961337947111,-93.2409383302201,9_D-pHESw_qrK7qwT_SR6g,1915,0,2180,2,2859,True,9_D-pHESw_qrK7qwT_SR6g
2697,2016,8,276,Minneapolis,44.96731361551313,-93.24090670821931,CiTXtWmL5CRO1E65pw07gQ,1268,1,2184,1,2864,True,CiTXtWmL5CRO1E65pw07gQ
3546,2009,7,309,Minneapolis,44.97730299220601,-93.29948035941985,ZjzqQOhMd9CB9DhItvFs7w,1918,0,2185,1,2867,True,ZjzqQOhMd9CB9DhItvFs7w
2365,2014,9,115,Minneapolis,44.96333730121307,-93.20904266135184,VGhJLSK1bGWHrt--5fS5Bw,1657,1,2188,2,2871,True,VGhJLSK1bGWHrt--5fS5Bw
2335,2009,6,103,Minneapolis,44.96277569096399,-93.23911499541406,xPR8FQHjzo52d3SEHY_PBg,1922,0,2191,8,2879,True,xPR8FQHjzo52d3SEHY_PBg
4126,2019,6,255,Minneapolis,44.98312212207151,-93.26990445950656,fD4be2HZPU54SKgUIg92FQ,257,1,2192,2,2880,True,fD4be2HZPU54SKgUIg92FQ
2361,2009,6,287,Minneapolis,44.96332263811853,-93.2128187950614,zaCGjgqvm20w9pKJUu-q_g,1923,0,2194,5,2882,True,zaCGjgqvm20w9pKJUu-q_g
600,2014,9,256,Minneapolis,44.94428179805968,-93.24486108038724,AX6CXGQwgNm8oScTJUJAdQ,411,0,417,3,2888,True,AX6CXGQwgNm8oScTJUJAdQ
2521,2013,8,173,Minneapolis,44.9652456092718,-93.23494812317284,_klr93tOGPsq4wBuDXvEDQ,1925,0,2196,2,2890,True,_klr93tOGPsq4wBuDXvEDQ
4094,2009,6,298,Minneapolis,44.98338474989615,-93.20988614108228,rZuwnivn8WEbMQkOpO_fmQ,1928,0,2199,4,2893,True,rZuwnivn8WEbMQkOpO_fmQ
203,2013,8,197,Minneapolis,44.94029015011272,-93.2779543426324,86w5WX5ybrwA9Fv4dV1Dlw,560,1,2200,4,2894,True,86w5WX5ybrwA9Fv4dV1Dlw
1770,2019,6,181,Minneapolis,44.95736458367853,-93.258162529966,oGbVq095rbLup1lu-X7Huw,1931,0,2203,3,2899,True,oGbVq095rbLup1lu-X7Huw
2611,2019,6,98,Minneapolis,44.96628849388237,-93.23619453280855,AFJ3GHHV6btpyrg5jJYxdg,1933,0,2205,6,2903,True,AFJ3GHHV6btpyrg5jJYxdg
2994,2009,10,156,Minneapolis,44.97015868989129,-93.21672805977936,H6CA86BbcOs1KSgZIYAeHA,1382,0,1498,5,2905,True,H6CA86BbcOs1KSgZIYAeHA
4334,2017,8,277,Minneapolis,44.98521301683709,-93.24302984193852,5nKMHyVpnpYZ1K9y4Qf58A,750,1,2206,1,2906,True,5nKMHyVpnpYZ1K9y4Qf58A
2025,2019,6,101,Minneapolis,44.96028011212482,-93.27653832833094,BZ-h7kaW_BTO4_FLx5lQ_A,1815,0,2046,8,2909,True,BZ-h7kaW_BTO4_FLx5lQ_A
1044,2019,6,156,Minneapolis,44.94932523814788,-93.25630652083998,691NizETEkgEu_IypblLtw,559,0,572,5,2911,True,691NizETEkgEu_IypblLtw
361,2019,6,195,Minneapolis,44.94149864303873,-93.2111047592089,jh3TB3RoykROYgwqZ_fGCQ,1938,0,2211,4,2913,True,jh3TB3RoykROYgwqZ_fGCQ
3862,2016,10,142,Minneapolis,44.9804558896928,-93.2589054448066,pAJROU_hBZ9LZLfyfjF_DA,1083,1,2212,6,2914,True,pAJROU_hBZ9LZLfyfjF_DA
160,2014,9,159,Minneapolis,44.93922749791779,-93.23034436285234,NTDer11WEMSzjaUQtAh6OQ,1647,1,2213,2,2915,True,NTDer11WEMSzjaUQtAh6OQ
4870,2009,7,115,Minneapolis,44.9913840549959,-93.25129174344887,vhfL2Mg2zsKHgJ5gsw9lQg,376,0,382,8,2924,True,vhfL2Mg2zsKHgJ5gsw9lQg
3353,2019,6,50,Minneapolis,44.97396463124544,-93.22246831208926,aPAm980X79td4Oq48dwYYw,62,0,62,11,2925,True,aPAm980X79td4Oq48dwYYw
2233,2011,9,39,Minneapolis,44.96258979368093,-93.25005612832298,wCqjoMQGWkfLheuMtbMAtw,482,0,491,8,2926,True,wCqjoMQGWkfLheuMtbMAtw
4786,2019,6,280,Minneapolis,44.99048802439588,-93.2479566837397,QAwEj7CFX8zWY4IKdY5acw,1946,0,2221,5,2930,True,QAwEj7CFX8zWY4IKdY5acw
1373,2019,5,244,Minneapolis,44.95328693586966,-93.29061661005557,WlneqRzXvyAN-OkaS0_S0g,1949,0,2224,1,2935,True,WlneqRzXvyAN-OkaS0_S0g
2989,2016,9,253,Minneapolis,44.97027957825632,-93.22287497737722,uXWihFxj6X60p5Rg7gsIDg,1951,0,2226,1,2938,True,uXWihFxj6X60p5Rg7gsIDg
1934,2014,9,315,Minneapolis,44.95921690907118,-93.27611274369056,S8OdpjlPOpnaNGP0n96hIw,1038,0,1094,3,2941,True,S8OdpjlPOpnaNGP0n96hIw
217,2007,7,95,Minneapolis,44.94029684876918,-93.26385963752956,4xD7W0WSx-QjNpHaKaal_Q,1953,0,2229,6,2944,True,4xD7W0WSx-QjNpHaKaal_Q
3472,2019,6,8,Minneapolis,44.97598001891903,-93.28515047817436,Un--QbDweIrKNxqEmRakyw,208,1,2232,8,2951,True,Un--QbDweIrKNxqEmRakyw
533,2011,9,270,Minneapolis,44.94325978157374,-93.22103915917997,NNRiJDojPGtpKr_hYoPZBw,1956,0,2233,1,2952,True,NNRiJDojPGtpKr_hYoPZBw
1527,2007,7,17,Minneapolis,44.95427293544913,-93.22834569572088,-Dh6BUQkfSqaRJdF7-lyiw,1959,0,2236,2,2955,True,-Dh6BUQkfSqaRJdF7-lyiw
5097,2019,6,223,Minneapolis,44.9943084650996,-93.29722405378632,O87uONJchZKO-lrRZWFbig,1962,0,2240,1,2963,True,O87uONJchZKO-lrRZWFbig
3637,2007,8,231,Minneapolis,44.97829290660324,-93.29819484777784,5eS89y431Ao2Bw77ZaZR0w,1963,0,2241,2,2964,True,5eS89y431Ao2Bw77ZaZR0w
477,2011,8,343,Minneapolis,44.94315490575175,-93.27710879549832,sXBAiwYMVURZTd5_Akpuxw,1965,0,2244,2,2968,True,sXBAiwYMVURZTd5_Akpuxw
5271,2019,6,102,Minneapolis,44.99523370495415,-93.21522101748454,RtRdteOoDi92uwZzrqlyWA,1942,0,2217,3,2973,True,RtRdteOoDi92uwZzrqlyWA
4789,2016,10,115,Minneapolis,44.98966579143605,-93.24256205158522,W_HPR4czgrKFia28PspZqQ,1968,0,2247,4,2974,True,W_HPR4czgrKFia28PspZqQ
343,2009,10,39,Minneapolis,44.94133019198124,-93.22915500997968,OU81SiULoOc9E1dATz-oqg,1335,1,2250,1,2979,True,OU81SiULoOc9E1dATz-oqg
987,2016,7,191,Minneapolis,44.94835430063082,-93.2221573599163,KpZQHYazJGBhYOVYozWy_A,792,0,821,8,2984,True,KpZQHYazJGBhYOVYozWy_A
3798,2019,7,192,Minneapolis,44.97924415422305,-93.2331229860812,sIJLoizv-cnUprMpSToknw,1088,0,1151,4,2986,True,sIJLoizv-cnUprMpSToknw
717,2011,8,185,Minneapolis,44.94526018045865,-93.21915069134432,lK5oauJdnRgpPngdRPay_w,1972,0,2254,1,2987,True,lK5oauJdnRgpPngdRPay_w
2628,2019,6,112,Minneapolis,44.96625889720726,-93.21925595353576,JzsRiS99oVZlcVCPey1I8g,1973,0,2256,3,2996,True,JzsRiS99oVZlcVCPey1I8g
2719,2015,10,337,Minneapolis,44.96696600240345,-93.21958895366193,npqv_QE4cPSS-f6vmE8RAQ,1103,0,1169,12,2997,True,npqv_QE4cPSS-f6vmE8RAQ
2242,2019,6,242,Minneapolis,44.96229157725251,-93.24093737193016,IV9E0So8pmeh4xgdNHnasQ,1974,0,2259,3,3001,True,IV9E0So8pmeh4xgdNHnasQ
186,2011,8,236,Minneapolis,44.94023972307622,-93.29456886851314,L_23QcY3LLi2i6R793jSeQ,1809,0,2039,5,3002,True,L_23QcY3LLi2i6R793jSeQ
354,2019,6,235,Minneapolis,44.9414511783364,-93.2182089790545,Gw9pTMi5xL8WcJxIWEF8EQ,1541,1,2260,2,3003,True,Gw9pTMi5xL8WcJxIWEF8EQ
3741,2019,6,248,Minneapolis,44.97893776229029,-93.29211964066,T9OnvzLVwKEm9h8wKlhL3w,963,1,1890,4,3007,True,T9OnvzLVwKEm9h8wKlhL3w
1413,2009,10,111,Minneapolis,44.95327429650057,-93.25120326264182,wh5oYKcenuzmCGD1SNsccA,1977,0,2264,3,3014,True,wh5oYKcenuzmCGD1SNsccA
1802,2016,9,189,Minneapolis,44.95739719426688,-93.2261526494692,_Fe2x-uWh9ETJ5DfMtv-6A,1978,0,2265,4,3015,True,_Fe2x-uWh9ETJ5DfMtv-6A
4623,2009,10,160,Minneapolis,44.98826049979451,-93.22423938788992,WRQbFKicxtMXk9vpqHI5_A,808,2,2266,1,3016,True,WRQbFKicxtMXk9vpqHI5_A
2442,2019,6,340,Minneapolis,44.9638930997919,-93.22267196235605,1SyzAlPI2CSjTizq3OcBWQ,685,1,2270,2,3023,True,1SyzAlPI2CSjTizq3OcBWQ
4313,2017,8,288,Minneapolis,44.9855091539687,-93.26588477965036,aiI9LeIpwmBkh42fpEV8nw,1980,0,2271,2,3024,True,aiI9LeIpwmBkh42fpEV8nw
3736,2009,7,114,Minneapolis,44.97894778310987,-93.2941650899382,Q0usgdJmYFG1gIeX8dZH6Q,1983,0,2275,3,3030,True,Q0usgdJmYFG1gIeX8dZH6Q
4071,2009,6,289,Minneapolis,44.9827927785731,-93.22865356960205,6tMb0ixyD3f7uKunSLhUHg,1984,0,2276,5,3031,True,6tMb0ixyD3f7uKunSLhUHg
4597,2019,6,70,Minneapolis,44.98829628065979,-93.25001665592816,V6aKToofpU91yzfYKZsDJw,1985,0,2277,5,3032,True,V6aKToofpU91yzfYKZsDJw
2712,2009,10,347,Minneapolis,44.96773997585756,-93.22552807554108,IN8-sCilWMQIyn8bBUme3w,476,2,2278,2,3033,True,IN8-sCilWMQIyn8bBUme3w
1922,2014,9,255,Minneapolis,44.95929704137713,-93.28800728136964,kUY1GafuMij13lQgp80oeQ,1203,1,2281,2,3037,True,kUY1GafuMij13lQgp80oeQ
2677,2019,6,115,Minneapolis,44.96726030490956,-93.26106246368148,u7BrVCSXOYRRzPgxe4Wedg,1236,1,2284,1,3042,True,u7BrVCSXOYRRzPgxe4Wedg
3083,2007,6,283,Minneapolis,44.97125762316594,-93.21910706845648,cBCM2cdDSp6FREE6CLsO4Q,921,0,963,3,3045,True,cBCM2cdDSp6FREE6CLsO4Q
558,2014,9,31,Minneapolis,44.94434906319417,-93.28687703544122,Xg5La_Ugld5qG8IVYG4k_Q,1991,0,2287,3,3047,True,Xg5La_Ugld5qG8IVYG4k_Q
5085,2007,7,87,Minneapolis,44.99340709325177,-93.21645819550169,8VZLYBfgJpAsH0ofGew0cg,1993,0,2289,3,3049,True,8VZLYBfgJpAsH0ofGew0cg
654,2011,8,64,Minneapolis,44.94533491561847,-93.28302986657916,NM86TtD1AnNhSAszRQ-g2w,1994,0,2291,3,3053,True,NM86TtD1AnNhSAszRQ-g2w
4520,2016,10,238,Minneapolis,44.98730776686509,-93.23721652601834,2Hr-RZkQBh4HqXtVm0UNIA,15,1,2293,1,3055,True,2Hr-RZkQBh4HqXtVm0UNIA
2811,2019,6,215,Minneapolis,44.96834736347193,-93.21774213187362,X-n8q60Ccw7FNLjWPTKTLQ,710,1,2294,1,3056,True,X-n8q60Ccw7FNLjWPTKTLQ
167,2007,7,29,Minneapolis,44.93931099217589,-93.22294953933408,vzTITXrZsjdJVLfrJKmleQ,1996,0,2295,2,3059,True,vzTITXrZsjdJVLfrJKmleQ
2105,2011,8,218,Minneapolis,44.9612584778257,-93.286762737081,K1g8p02MRN_l3IQabPBkGw,1999,0,2298,2,3066,True,K1g8p02MRN_l3IQabPBkGw
237,2011,9,208,Minneapolis,44.94030270576499,-93.24357226390268,GW41mXP-54-eHpKAbf-BPw,1919,0,2186,6,3069,True,GW41mXP-54-eHpKAbf-BPw
2200,2014,9,52,Minneapolis,44.96218260776955,-93.28292046635023,ErhRKuHdEfx58sgGIzrEow,1058,0,1115,5,3080,True,ErhRKuHdEfx58sgGIzrEow
1822,2019,5,164,Minneapolis,44.95832578392753,-93.29695526260136,cCxkjhEnMN82k2Chkvmq7w,803,0,834,4,3099,True,cCxkjhEnMN82k2Chkvmq7w
4893,2015,10,323,Minneapolis,44.99141898964668,-93.23013926611716,24CFXpJ6FydVkXqs3SvLFg,136,0,137,9,3104,True,24CFXpJ6FydVkXqs3SvLFg
2617,2009,10,335,Minneapolis,44.96715674298916,-93.2295261697685,UvNSUBXNEae2zTCSpfjk4g,1813,1,2314,5,3106,True,UvNSUBXNEae2zTCSpfjk4g
310,2015,9,261,Minneapolis,44.94139630553822,-93.26214257664418,7oniQQlOwEasMo86rNXdDQ,2010,0,2316,3,3108,True,7oniQQlOwEasMo86rNXdDQ
2821,2019,7,290,Minneapolis,44.96927662501336,-93.29905748366971,Myk-BEMn1xnYNQUBo5PsVQ,2011,0,2317,7,3109,True,Myk-BEMn1xnYNQUBo5PsVQ
4368,2008,9,356,Minneapolis,44.98633637458614,-93.29818817473024,kjcnfY5GDQHtciiENXWf7g,2012,0,2318,2,3111,True,kjcnfY5GDQHtciiENXWf7g
275,2014,10,159,Minneapolis,44.94132458676571,-93.29709946166128,4ra7ThjB0rD930q1WDoL8A,671,1,2319,1,3112,True,4ra7ThjB0rD930q1WDoL8A
2451,2011,7,265,Minneapolis,44.96453822042006,-93.21411646780294,L7LBgtgU3MpIqYIeHJFi0w,2014,0,2322,1,3115,True,L7LBgtgU3MpIqYIeHJFi0w
1382,2014,8,92,Minneapolis,44.95374122261129,-93.2820912246644,T5fv0w7LQv5eVJqmTgF9WQ,906,1,2323,1,3116,True,T5fv0w7LQv5eVJqmTgF9WQ
3499,2019,6,171,Minneapolis,44.97623587569565,-93.25806138324688,3RJndKGAy8ZVu24sR_SMkg,2015,0,2324,2,3124,True,3RJndKGAy8ZVu24sR_SMkg
2059,2009,10,133,Minneapolis,44.96033193329107,-93.24253363055266,Nvoa7XQyPPNaX9DMRsRzMg,1857,1,2325,1,3125,True,Nvoa7XQyPPNaX9DMRsRzMg
308,2019,7,275,Minneapolis,44.94137253916686,-93.2641389647022,is5NPK1eTxMAI2veGXTfvQ,1875,1,2327,5,3129,True,is5NPK1eTxMAI2veGXTfvQ
2370,2011,9,110,Minneapolis,44.96448754207245,-93.29513026994518,jlqGHH5Ce79BtViWaKjpOw,1834,1,2330,2,3132,True,jlqGHH5Ce79BtViWaKjpOw
1309,2009,7,31,Minneapolis,44.95232441843901,-93.2639231120244,pa8wgDdIqAW4kRxxqttlsg,2018,0,2332,4,3134,True,pa8wgDdIqAW4kRxxqttlsg
2639,2019,5,332,Minneapolis,44.96736308074149,-93.29948924072208,lLNw4TWj3rAY8SG3H2tUkg,2019,0,2333,2,3137,True,lLNw4TWj3rAY8SG3H2tUkg
16,2014,10,312,Minneapolis,44.93825749599767,-93.28308144457148,zgT_LmxFgHU-e79yYOigpg,711,0,732,6,3139,True,zgT_LmxFgHU-e79yYOigpg
4372,2019,7,202,Minneapolis,44.98631145342697,-93.29414123470522,4REEKJA8l0WiOoUmNmEH4w,1961,0,2239,3,3141,True,4REEKJA8l0WiOoUmNmEH4w
4786,2007,7,104,Minneapolis,44.99052526501508,-93.24793728565336,ilgHVnEH2rNdlgQVsWya0w,1946,1,2335,3,3144,True,ilgHVnEH2rNdlgQVsWya0w
4538,2009,6,225,Minneapolis,44.98726007852785,-93.22111141339,2bCeIH8PhkCWGB68te3OwA,2022,0,2337,3,3146,True,2bCeIH8PhkCWGB68te3OwA
1503,2017,8,263,Minneapolis,44.95433123639707,-93.25249800597408,7xnaVy9Km7_mZjQFuiyWPw,2024,0,2340,2,3150,True,7xnaVy9Km7_mZjQFuiyWPw
1681,2019,6,208,Minneapolis,44.95629701063713,-93.25624028280367,YRchxDaCoR15ww4RaC3NzA,2025,0,2341,1,3151,True,YRchxDaCoR15ww4RaC3NzA
2168,2009,6,105,Minneapolis,44.96139383013192,-93.2239577964262,DyOlanCQWdGiWIaL1WoKIQ,1001,1,2342,3,3152,True,DyOlanCQWdGiWIaL1WoKIQ
4873,2016,10,277,Minneapolis,44.99109587526897,-93.24937953938613,SW4REFwTRYKwHvOGjep1Mg,1093,0,1157,6,3157,True,SW4REFwTRYKwHvOGjep1Mg
2978,2013,9,201,Minneapolis,44.97070991341668,-93.23206401343094,hED4mndZ5JjdQqdyqKFNyA,543,1,2113,6,3158,True,hED4mndZ5JjdQqdyqKFNyA
867,2011,9,318,Minneapolis,44.94724198111462,-93.25122908271229,N8CEsPY8a9-MhBa_svleIA,2030,0,2348,5,3162,True,N8CEsPY8a9-MhBa_svleIA
3895,2014,9,279,Minneapolis,44.98030590549466,-93.23218783197936,Uz6kAuMPfkbAn0G4ka1O4g,2032,0,2350,1,3169,True,Uz6kAuMPfkbAn0G4ka1O4g
1642,2007,7,213,Minneapolis,44.95628026271467,-93.2944195946974,I8HzavIehuhFG04BoEDDNQ,2033,0,2352,1,3174,True,I8HzavIehuhFG04BoEDDNQ
3190,2019,6,119,Minneapolis,44.9734073515918,-93.29417255443248,z728ah7n4_pIohFtwswCiQ,684,1,2354,1,3176,True,z728ah7n4_pIohFtwswCiQ
5050,2017,8,283,Minneapolis,44.99297351512291,-93.25627493089964,iGHn3lIfswfnitB54fbL0w,1911,1,2355,1,3178,True,iGHn3lIfswfnitB54fbL0w
635,2011,8,73,Minneapolis,44.94436902772431,-93.21002021747302,KHWlhHN-VffIK4YA1iyljw,2037,0,2359,1,3182,True,KHWlhHN-VffIK4YA1iyljw
4238,2007,7,275,Minneapolis,44.98437389434932,-93.24917276871628,n2DBASi4HqwXJjSfhUdc5g,1007,0,1061,3,3186,True,n2DBASi4HqwXJjSfhUdc5g
4991,2013,8,337,Minneapolis,44.99241302686085,-93.22023873039518,IsMe7i4qDB98iZZndj5TjQ,548,1,2362,6,3188,True,IsMe7i4qDB98iZZndj5TjQ
702,2014,9,91,Minneapolis,44.9454392620858,-93.2338711380428,SN6X1q8NQKG6csJFJQMzOg,2041,0,2365,5,3193,True,SN6X1q8NQKG6csJFJQMzOg
509,2011,8,292,Minneapolis,44.94324164859365,-93.24487291759128,2mxO76PpzjQxM9_sk63F6A,2046,0,2371,4,3202,True,2mxO76PpzjQxM9_sk63F6A
199,2019,5,218,Minneapolis,44.94030802615946,-93.28140452418526,6qPQgc6lq19RtCMmcy2BZw,1855,0,2102,6,3203,True,6qPQgc6lq19RtCMmcy2BZw
5196,2007,7,56,Minneapolis,44.99528518601052,-93.28956794396412,lmL6vz9XpiwAN5eYp3z22w,2047,0,2372,2,3205,True,lmL6vz9XpiwAN5eYp3z22w
1304,2016,10,50,Minneapolis,44.95235059777973,-93.26905017488428,WKGSrR2327FXjpHRE3av6w,1516,1,2375,2,3211,True,WKGSrR2327FXjpHRE3av6w
4421,2019,6,72,Minneapolis,44.98612077897904,-93.24778365806478,bXrrI7nTaFhoy2PaMEVkPA,487,1,2377,3,3213,True,bXrrI7nTaFhoy2PaMEVkPA
4055,2009,7,83,Minneapolis,44.98231814363236,-93.250092825555,l4qu8xXlflRWY5xo7h7lMA,385,1,2379,1,3215,True,l4qu8xXlflRWY5xo7h7lMA
458,2016,11,117,Minneapolis,44.94334266196444,-93.2958087053563,Lqn1cAmRohKRM9lEFtIC1g,2052,0,2381,5,3224,True,Lqn1cAmRohKRM9lEFtIC1g
472,2014,9,2,Minneapolis,44.94292271343505,-93.28210878041196,3BpTgQ8aqJbAsltg5Ttjvw,2054,0,2383,4,3227,True,3BpTgQ8aqJbAsltg5Ttjvw
731,2011,8,90,Minneapolis,44.9463174853076,-93.29577232784884,56VfPjQExfdkrcvvRkGMAQ,441,0,450,6,3235,True,56VfPjQExfdkrcvvRkGMAQ
4987,2007,7,331,Minneapolis,44.99238314922555,-93.2261139137619,oMZn1YoP00eXVjeP_CRg4g,2059,0,2388,1,3239,True,oMZn1YoP00eXVjeP_CRg4g
161,2009,10,179,Minneapolis,44.93928579067396,-93.22942874100258,RCagLP86iQeqdI0HmsjSVQ,953,1,2392,2,3249,True,RCagLP86iQeqdI0HmsjSVQ
5100,2016,8,108,Minneapolis,44.99430367423098,-93.29410708522646,183NSl_FqxQz-IEgOYYO9Q,2062,0,2394,7,3251,True,183NSl_FqxQz-IEgOYYO9Q
2336,2009,6,210,Minneapolis,44.96333287063347,-93.2377749794108,wBEd6Dj2FfQhIrGf7QwuxQ,2063,0,2395,3,3252,True,wBEd6Dj2FfQhIrGf7QwuxQ
466,2019,5,351,Minneapolis,44.94332571771653,-93.28944854079242,6-6r7ygTiFa5Ygt6jWaWPA,150,1,2397,5,3255,True,6-6r7ygTiFa5Ygt6jWaWPA
664,2007,7,60,Minneapolis,44.94498854929521,-93.27218598757074,ZJ_3ULUmBPx4ftFhWpku4A,2065,0,2398,2,3256,True,ZJ_3ULUmBPx4ftFhWpku4A
998,2019,6,270,Minneapolis,44.94831517603944,-93.21117016303964,Xfmvmc4IANJNKqM0-caKQg,2068,0,2402,10,3261,True,Xfmvmc4IANJNKqM0-caKQg
562,2007,7,171,Minneapolis,44.94435087398465,-93.2830297987296,5_vvKvUtfdGA8FhnuT3O7A,2072,0,2406,2,3269,True,5_vvKvUtfdGA8FhnuT3O7A
5090,2007,7,167,Minneapolis,44.993425597963,-93.2130852782457,lY0nzY9ONI4m1HpUkZt29A,269,1,2409,3,3280,True,lY0nzY9ONI4m1HpUkZt29A
2172,2014,9,262,Minneapolis,44.96049462934135,-93.2216591994225,G7QKGTuKLW2QPTFYmT6wPg,1570,1,2410,4,3281,True,G7QKGTuKLW2QPTFYmT6wPg
426,2011,9,322,Minneapolis,44.94224806739396,-93.23724324886066,_183NuEXLLUnrQHCMvv9eQ,2075,0,2411,2,3282,True,_183NuEXLLUnrQHCMvv9eQ
1964,2014,9,87,Minneapolis,44.95928774924569,-93.24614110937677,6QX_qzMipeL0gQY_57wbig,1779,0,1998,8,3284,True,6QX_qzMipeL0gQY_57wbig
1707,2009,10,331,Minneapolis,44.95625315564645,-93.22989266238756,8XJh0N_VpwNFWz2RTUVh4A,1495,1,2412,2,3285,True,8XJh0N_VpwNFWz2RTUVh4A
1734,2019,5,101,Minneapolis,44.95732918268311,-93.2940806111713,5pO68kjtnWAuRg4BvC45GA,2079,0,2416,4,3289,True,5pO68kjtnWAuRg4BvC45GA
3061,2016,9,160,Minneapolis,44.97133032399647,-93.24084277840474,j9ZCpsA5_YLZdT84v693vw,2080,0,2417,5,3293,True,j9ZCpsA5_YLZdT84v693vw
691,2011,7,337,Minneapolis,44.94532257808365,-93.24487557147806,kV-arsNEfLxdkTplSfqK9A,2082,0,2419,3,3295,True,kV-arsNEfLxdkTplSfqK9A
2991,2009,10,300,Minneapolis,44.97035378459155,-93.2202381765641,1wDQI-JkpJd6AkDS2rKBNg,1132,1,2420,2,3297,True,1wDQI-JkpJd6AkDS2rKBNg
2048,2014,9,281,Minneapolis,44.96002694846774,-93.2531604863894,bqCoUdB4ifKcS8EvJ08WKg,2083,0,2422,2,3300,True,bqCoUdB4ifKcS8EvJ08WKg
834,2007,7,287,Minneapolis,44.94732094959073,-93.284325019422,7eR59hZz4C0-7gJuQNAqhw,1154,1,2423,1,3301,True,7eR59hZz4C0-7gJuQNAqhw
1481,2016,9,250,Minneapolis,44.95426680469235,-93.2740785346874,TKXoSZrvxevgpJJh05QQjQ,369,1,2428,2,3307,True,TKXoSZrvxevgpJJh05QQjQ
2883,2009,7,323,Minneapolis,44.96891929943586,-93.23737683488297,wZb6OCJzfO-7qRSwiVGGPA,50,0,50,3,3311,True,wZb6OCJzfO-7qRSwiVGGPA
4497,2011,6,199,Minneapolis,44.9869707471743,-93.26196024524108,t5q07J0XEc_GOphtzJsnXw,2089,0,2432,2,3315,True,t5q07J0XEc_GOphtzJsnXw
4055,2019,6,286,Minneapolis,44.98230088173487,-93.25012249246988,lExRp5mvCwVhzDKyfbgkXQ,385,0,391,6,3326,True,lExRp5mvCwVhzDKyfbgkXQ
4776,2009,7,358,Minneapolis,44.99029896064686,-93.25446061982235,FBX4OvSKFNZFPvw_uwt9xg,1047,1,2438,2,3330,True,FBX4OvSKFNZFPvw_uwt9xg
1272,2019,6,133,Minneapolis,44.95110469441494,-93.2103429881419,xINTue1QnuYtXVsxKam5Jg,2095,0,2440,4,3334,True,xINTue1QnuYtXVsxKam5Jg
4825,2013,8,79,Minneapolis,44.99128065676938,-93.29817624392057,eBWSvh529njrsGjJPdMaeA,1319,0,1422,4,3341,True,eBWSvh529njrsGjJPdMaeA
2429,2019,6,247,Minneapolis,44.96439761058941,-93.23614376928224,279wuZfJqoWhsqlUPbhL7w,513,0,524,8,3342,True,279wuZfJqoWhsqlUPbhL7w
1193,2017,8,213,Minneapolis,44.95127085353827,-93.28935710754232,HfePvJZRJStlznkKhbfVWA,621,0,636,3,3343,True,HfePvJZRJStlznkKhbfVWA
2670,2017,11,261,Minneapolis,44.96725037386276,-93.26762459145208,xR5WOBtOFBYC0H2CxYfyzg,2098,0,2444,4,3346,True,xR5WOBtOFBYC0H2CxYfyzg
1985,2016,9,201,Minneapolis,44.95919545022315,-93.22512064417997,yjfUVcdpohpnBbL2AX488g,2099,0,2446,4,3350,True,yjfUVcdpohpnBbL2AX488g
2740,2012,7,126,Minneapolis,44.96830816453387,-93.28803618140614,NPBWu9kUPW6NyTnwY-EKag,1487,0,1626,7,3354,True,NPBWu9kUPW6NyTnwY-EKag
3172,2007,6,254,Minneapolis,44.97213778114936,-93.22133001235622,ve8-HEaKLGig8Q5Soe866Q,85,1,2448,2,3355,True,ve8-HEaKLGig8Q5Soe866Q
4981,2019,6,148,Minneapolis,44.99233343458196,-93.237199016582,msnK2J87TXmWPSxEmC-jww,778,0,805,16,3366,True,msnK2J87TXmWPSxEmC-jww
272,2014,8,187,Minneapolis,44.94021350513009,-93.20891867386568,_csckC3MrX3yoWQmIZd2Jw,890,1,2453,2,3367,True,_csckC3MrX3yoWQmIZd2Jw
63,2009,10,125,Minneapolis,44.93829311158076,-93.2359405564442,qpS1fSpQOSNyJvQZFElN2g,1342,1,2454,3,3368,True,qpS1fSpQOSNyJvQZFElN2g
8,2019,5,82,Minneapolis,44.9382667885442,-93.29078497858738,kwYtgtuADVrOtGgUdVfukQ,2105,0,2456,4,3370,True,kwYtgtuADVrOtGgUdVfukQ
832,2019,5,141,Minneapolis,44.94733205163145,-93.28556686067544,nxo_WqqfhydavrozMSFWTw,1226,0,1314,4,3371,True,nxo_WqqfhydavrozMSFWTw
3065,2016,10,112,Minneapolis,44.97149493537551,-93.23705382599418,ANN19EaIZJrCTgkQjfvAfA,1787,0,2009,10,3376,True,ANN19EaIZJrCTgkQjfvAfA
2420,2014,9,188,Minneapolis,44.96468437893875,-93.24492543116185,eaxENi6rTU5RRx7lHZAGSg,2108,0,2459,6,3379,True,eaxENi6rTU5RRx7lHZAGSg
4672,2011,6,108,Minneapolis,44.98925506637703,-93.26613004334628,j3lckKrBSZTxv1x_eDI4ig,2114,0,2467,2,3396,True,j3lckKrBSZTxv1x_eDI4ig
181,2019,6,171,Minneapolis,44.93931295828404,-93.20893294760322,V_0hIh9bSUgh74AI709FrA,409,1,2473,4,3404,True,V_0hIh9bSUgh74AI709FrA
2082,2011,10,76,Minneapolis,44.95952740754063,-93.2206915952372,4FvLYW7olpEZAoExodCkjQ,930,0,974,4,3408,True,4FvLYW7olpEZAoExodCkjQ
1046,2007,7,145,Minneapolis,44.94931903318851,-93.25378504898924,MYJGB7xXQ7QP2gIGGUvUCw,2123,0,2477,3,3410,True,MYJGB7xXQ7QP2gIGGUvUCw
1501,2009,10,195,Minneapolis,44.95429573330148,-93.25501336034714,6lrA5Pc4s6klDVCajpzEHw,1773,1,2480,1,3416,True,6lrA5Pc4s6klDVCajpzEHw
3116,2011,6,203,Minneapolis,44.97232842269366,-93.2770567716507,sNKibNvmuciIkKiv-IoQnw,2125,0,2481,11,3417,True,sNKibNvmuciIkKiv-IoQnw
321,2014,8,236,Minneapolis,44.94135073178642,-93.25110904983912,MLIuQ4Ce1_mGH2zDjbjD6w,856,2,2483,1,3422,True,MLIuQ4Ce1_mGH2zDjbjD6w
1811,2013,8,120,Minneapolis,44.95704938744008,-93.2173583127412,PDrabtwlJ4WVO-0brTXTpw,650,1,2487,3,3428,True,PDrabtwlJ4WVO-0brTXTpw
3746,2011,6,164,Minneapolis,44.97916247612291,-93.28523077865631,yw_htdPM-sBLrdDKRAIT2Q,2130,0,2489,1,3432,True,yw_htdPM-sBLrdDKRAIT2Q
1970,2019,6,329,Minneapolis,44.95917145622835,-93.24006196232229,hN11NLd_uuYEIhA_zK82cA,1603,0,1765,9,3438,True,hN11NLd_uuYEIhA_zK82cA
3479,2018,10,230,Minneapolis,44.97652491936287,-93.2793339066558,PpUVV7ClJgbPTzgpoOEJVA,718,1,2495,2,3442,True,PpUVV7ClJgbPTzgpoOEJVA
4857,2007,7,91,Minneapolis,44.99129620747038,-93.26216038135706,OR4Gh2YAc4V5g-6qF4YaOg,2137,0,2497,5,3447,True,OR4Gh2YAc4V5g-6qF4YaOg
1934,2012,8,129,Minneapolis,44.95919040026175,-93.2761326741162,DWItwBfSU041_HqCoUsbjw,1038,1,2498,1,3448,True,DWItwBfSU041_HqCoUsbjw
2759,2007,7,349,Minneapolis,44.96829263225619,-93.2702502528635,-vguO2Alq925PN9bq53Dgw,2140,0,2501,5,3456,True,-vguO2Alq925PN9bq53Dgw
4574,2014,9,271,Minneapolis,44.9886592057196,-93.2736488288748,vYK3gjeTJVNn-wiKs5DFPw,2141,0,2502,6,3457,True,vYK3gjeTJVNn-wiKs5DFPw
3978,2016,10,108,Minneapolis,44.98018702999804,-93.23191196150104,Q7bD5kakMy1cE5cPN0sqeA,2145,0,2506,1,3463,True,Q7bD5kakMy1cE5cPN0sqeA
1920,2007,7,63,Minneapolis,44.95914516440857,-93.29013919203892,IJ_B5TmdyJ8_PyNVyv9jrA,2146,0,2507,1,3464,True,IJ_B5TmdyJ8_PyNVyv9jrA
4706,2019,6,312,Minneapolis,44.98930550531077,-93.23331502256023,pz_LyttUVkZbf7Y9w_3_4A,2147,0,2508,4,3465,True,pz_LyttUVkZbf7Y9w_3_4A
4608,2019,6,262,Minneapolis,44.98790552028094,-93.24148529747087,2PcIWSk-YtT2Cj-8BMNL2g,1240,1,2478,4,3467,True,2PcIWSk-YtT2Cj-8BMNL2g
6,2019,5,33,Minneapolis,44.9382769956531,-93.29331697092849,BsS1jbBOn5ElO2N8-hvn5Q,676,1,2509,2,3471,True,BsS1jbBOn5ElO2N8-hvn5Q
1504,2009,10,187,Minneapolis,44.95429710642242,-93.25118927205811,pu9jIiuWzn6oH0qZLwhYKg,58,1,2515,2,3480,True,pu9jIiuWzn6oH0qZLwhYKg
1953,2019,6,298,Minneapolis,44.95911185118491,-93.2571208832924,MZQlJiKN7lg43mHmL9On2w,1395,1,2267,4,3481,True,MZQlJiKN7lg43mHmL9On2w
740,2019,5,116,Minneapolis,44.94623679473555,-93.2868320050884,dGIsd7CCMjSDog8REmjtZQ,229,0,230,3,3483,True,dGIsd7CCMjSDog8REmjtZQ
5253,2007,7,199,Minneapolis,44.99549641938939,-93.23204201579183,3jL2moXSknr9JWj0VpkiTg,283,1,2516,2,3486,True,3jL2moXSknr9JWj0VpkiTg
54,2013,8,99,Minneapolis,44.93830204028323,-93.24483824311056,M0HXJP89VCcnxRuhubczLQ,2155,0,2520,2,3495,True,M0HXJP89VCcnxRuhubczLQ
1731,2019,5,226,Minneapolis,44.95733081003022,-93.29715625495736,aBkYDb5AitggieaIqMQ_ig,2156,0,2522,6,3497,True,aBkYDb5AitggieaIqMQ_ig
2739,2007,7,245,Minneapolis,44.96844907513342,-93.2903224048516,3GpZCxaD1MB1_omg9q7Zzw,2159,0,2526,3,3506,True,3GpZCxaD1MB1_omg9q7Zzw
4588,2011,6,317,Minneapolis,44.98839517577917,-93.26388594332312,SmFH1epIjcDTLvo33vK98Q,2160,0,2527,1,3507,True,SmFH1epIjcDTLvo33vK98Q
2548,2007,7,346,Minneapolis,44.96640401789605,-93.29915131111332,OBoPE8PFlER6nN5xs2M5VQ,2161,0,2528,1,3511,True,OBoPE8PFlER6nN5xs2M5VQ
1977,2007,7,250,Minneapolis,44.95927691258336,-93.23304365753192,XDBQueZv1Ah-LAepg0FEfQ,827,1,2529,1,3513,True,XDBQueZv1Ah-LAepg0FEfQ
226,2019,7,285,Minneapolis,44.93954407153797,-93.25517824236798,i_DyxwwkS2KilkkQMyGvmQ,1463,1,2530,5,3517,True,i_DyxwwkS2KilkkQMyGvmQ
4941,2019,6,14,Minneapolis,44.9926293443752,-93.27434558132592,33_RJJgM6CxIYi6koK34Dg,2162,0,2532,4,3519,True,33_RJJgM6CxIYi6koK34Dg
3048,2007,7,145,Minneapolis,44.97164833585153,-93.25376695281956,t5CPZ5zI2CABRg9F9JPZvA,96,0,96,7,3525,True,t5CPZ5zI2CABRg9F9JPZvA
3675,2017,8,292,Minneapolis,44.97819912207577,-93.26618454406442,JkI6HRmaeoI2aKWrrbVLCg,2166,0,2537,2,3535,True,JkI6HRmaeoI2aKWrrbVLCg
1383,2014,8,162,Minneapolis,44.95332829955194,-93.28133441378124,CfUFlHM0aUdVDrUxRPhmrQ,2170,0,2541,1,3543,True,CfUFlHM0aUdVDrUxRPhmrQ
4867,2016,9,241,Minneapolis,44.99136129257869,-93.25512521473344,LtR0tCtP-fqx6bFCLJ8VCQ,2171,0,2543,2,3545,True,LtR0tCtP-fqx6bFCLJ8VCQ
4234,2011,6,312,Minneapolis,44.98411999554956,-93.25132601083912,AHuDqQfv6iH_4auhw4nvag,2173,0,2545,2,3547,True,AHuDqQfv6iH_4auhw4nvag
872,2014,9,297,Minneapolis,44.94724245886825,-93.24613394042431,QiqpYjggekjgsotCrAq0Lw,2174,0,2546,1,3549,True,QiqpYjggekjgsotCrAq0Lw
4168,2019,6,90,Minneapolis,44.98329387311129,-93.2280639601736,ngktMCVV_W3IgCotIOPpcQ,1146,0,1220,3,3550,True,ngktMCVV_W3IgCotIOPpcQ
4593,2009,6,19,Minneapolis,44.98838251652381,-93.2566410269398,EBpc0qIPzNeUj0r6Secd7g,1511,1,2548,2,3553,True,EBpc0qIPzNeUj0r6Secd7g
956,2015,8,53,Minneapolis,44.94841974250694,-93.25314975747877,eM6e_0XJXlvtmo9B235v5g,242,0,243,7,3566,True,eM6e_0XJXlvtmo9B235v5g
3945,2017,8,279,Minneapolis,44.98139447406717,-93.26409103904554,5Yo8DUkrYGx7K-RMN7bhMg,1229,0,1317,6,3570,True,5Yo8DUkrYGx7K-RMN7bhMg
5179,2014,9,49,Minneapolis,44.99525164617454,-93.21907486936348,3Zw0_DFiJWWKvreKuUoMbQ,2183,0,2558,2,3575,True,3Zw0_DFiJWWKvreKuUoMbQ
4992,2009,7,9,Minneapolis,44.99235695414774,-93.22210861785445,_-dujrx2UqKjUUvQDhPoXw,873,1,2562,1,3581,True,_-dujrx2UqKjUUvQDhPoXw
4139,2009,7,324,Minneapolis,44.98320006447276,-93.25226753821418,mVenuTkInz_UQ2gnHcATKA,386,0,392,3,3585,True,mVenuTkInz_UQ2gnHcATKA
431,2011,8,52,Minneapolis,44.94243781563888,-93.23172557347486,64QkdeyPegNzgPRfwI_LQw,2044,1,2566,2,3594,True,64QkdeyPegNzgPRfwI_LQw
3939,2019,6,211,Minneapolis,44.98129941722078,-93.27612592498042,a-rfBB36J6QBXte0BA6A0Q,9,0,9,6,3600,True,a-rfBB36J6QBXte0BA6A0Q
1944,2009,7,72,Minneapolis,44.95912463341571,-93.2661228413632,0ovETg_zq2AFKKUMwsW4xg,2190,0,2568,5,3602,True,0ovETg_zq2AFKKUMwsW4xg
990,2014,9,143,Minneapolis,44.94822919265092,-93.2191052897248,FC4PcqLzXaeCZhmREiM-wA,1713,1,2569,1,3603,True,FC4PcqLzXaeCZhmREiM-wA
2249,2009,7,238,Minneapolis,44.9622402186022,-93.23319660729176,uxzjnSFzPUexnADvBoYLvA,2191,0,2570,2,3604,True,uxzjnSFzPUexnADvBoYLvA
4103,2019,6,144,Minneapolis,44.98329844961162,-93.29084710097584,6I0mB9vKpQJiLJDBbKspDg,776,1,2571,1,3606,True,6I0mB9vKpQJiLJDBbKspDg
1730,2019,5,299,Minneapolis,44.95729393946174,-93.2982428809505,l6GXPkDUAwZ95EF7SUQ9Wg,1115,1,2572,1,3609,True,l6GXPkDUAwZ95EF7SUQ9Wg
3352,2009,7,58,Minneapolis,44.97426708504057,-93.22322355242912,fKRxLjhp3WjjVjsPHjCFTw,272,0,274,11,3619,True,fKRxLjhp3WjjVjsPHjCFTw
5243,2019,6,293,Minneapolis,44.99527355276717,-93.23846285503328,At4C3AEQspno6huaNoFyFA,1990,0,2286,7,3622,True,At4C3AEQspno6huaNoFyFA
399,2009,7,282,Minneapolis,44.94233254623345,-93.26388124810678,yOuYF_xDn5_GJMUO8Ovh9A,1009,0,1063,6,3631,True,yOuYF_xDn5_GJMUO8Ovh9A
3467,2019,6,252,Minneapolis,44.97602295352267,-93.29008500641122,bI56OTEbbONrZ58D1KcG4Q,2198,0,2581,1,3636,True,bI56OTEbbONrZ58D1KcG4Q
2232,2011,7,25,Minneapolis,44.96226515933517,-93.2511208591508,IFOKW78hFIYQa9aB7u1U6A,2199,0,2582,3,3638,True,IFOKW78hFIYQa9aB7u1U6A
3159,2009,10,169,Minneapolis,44.97247821457882,-93.2341888450534,3Gh32ZMeX-ddn5FcsWs7mA,2202,0,2588,2,3658,True,3Gh32ZMeX-ddn5FcsWs7mA
3304,2019,6,79,Minneapolis,44.97419883514772,-93.27088486369824,nr44Zvj5xx52y1UcxNrz1g,830,0,863,8,3665,True,nr44Zvj5xx52y1UcxNrz1g
1212,2015,8,157,Minneapolis,44.95130660908085,-93.27026013152164,Ewfhg31w7eIcfYqkUJl3tw,2206,0,2593,7,3669,True,Ewfhg31w7eIcfYqkUJl3tw
3267,2009,10,61,Minneapolis,44.97309787665328,-93.21721280785812,XvnLU6u5PV4L3rpqjuXDkA,1988,0,2282,3,3670,True,XvnLU6u5PV4L3rpqjuXDkA
1342,2019,6,137,Minneapolis,44.9519942670489,-93.23109010945416,DdMrG5Xg84aCwyivkSNIMg,192,1,2594,2,3671,True,DdMrG5Xg84aCwyivkSNIMg
1613,2016,11,303,Minneapolis,44.95529453060963,-93.2331190265149,Dpwu2DgJvl89q8UNTlArlw,864,1,2595,3,3672,True,Dpwu2DgJvl89q8UNTlArlw
2996,2007,6,262,Minneapolis,44.97025182236159,-93.2150851831246,avArty08L7pmUyVzVWy0Xw,2214,0,2603,6,3688,True,avArty08L7pmUyVzVWy0Xw
1009,2014,8,59,Minneapolis,44.94926792763621,-93.2906331153526,ecj_3hOQQskyh0GGivQ1PQ,5,2,2607,1,3693,True,ecj_3hOQQskyh0GGivQ1PQ
2534,2019,6,116,Minneapolis,44.96539006674386,-93.22215714533957,KgLD1ZsI8tRX33zDKcQaHA,2016,0,2328,4,3697,True,KgLD1ZsI8tRX33zDKcQaHA
4754,2016,9,97,Minneapolis,44.99016822505659,-93.28043175498894,YpwMHo0kZIaJAIjTx2L07Q,2184,1,2614,3,3705,True,YpwMHo0kZIaJAIjTx2L07Q
467,2016,9,264,Minneapolis,44.94329443918663,-93.2868909864706,-7UTen_TYYya2o_PqH102g,849,1,2616,2,3708,True,-7UTen_TYYya2o_PqH102g
5224,2017,8,233,Minneapolis,44.99526872717359,-93.25816233937012,yDBhAjB0ukjQgI3PDvGpJg,1522,0,1666,4,3710,True,yDBhAjB0ukjQgI3PDvGpJg
2066,2015,7,70,Minneapolis,44.96025868501327,-93.23458512432688,VfP9Scebhkbo2s8fKbx48w,1477,1,2618,2,3711,True,VfP9Scebhkbo2s8fKbx48w
4543,2007,8,332,Minneapolis,44.98803312682642,-93.21111648153786,b8k9KrDM_Lr5-uESkvWW_w,1421,0,1543,7,3712,True,b8k9KrDM_Lr5-uESkvWW_w
1067,2009,10,146,Minneapolis,44.94929470391028,-93.23316084280482,_nOLYHnmnvRFgh3vPvi6WQ,2225,0,2621,2,3723,True,_nOLYHnmnvRFgh3vPvi6WQ
3508,2009,7,57,Minneapolis,44.97634712762225,-93.25426527174842,TKEZX37hVYjc-_cvWUUJ4Q,2228,0,2626,2,3730,True,TKEZX37hVYjc-_cvWUUJ4Q
826,2011,6,304,Minneapolis,44.94731306061987,-93.29193832754794,6iANZtPv1sJ1LoZ4cB5Yiw,1120,1,2627,2,3731,True,6iANZtPv1sJ1LoZ4cB5Yiw
2070,2019,6,128,Minneapolis,44.96029188197111,-93.23144539133511,BHYxOuCmA1owdQQw65APyw,2230,0,2629,5,3733,True,BHYxOuCmA1owdQQw65APyw
4234,2011,7,144,Minneapolis,44.98409513038381,-93.25137075220375,z4iQ6eqAo0ZRjWIvzJQLEA,2173,1,2631,3,3736,True,z4iQ6eqAo0ZRjWIvzJQLEA
1790,2009,10,50,Minneapolis,44.95735240656406,-93.2381701123432,D3paZpNmfss9SWyxX1uIFQ,354,1,2632,3,3740,True,D3paZpNmfss9SWyxX1uIFQ
134,2014,9,237,Minneapolis,44.93932024257032,-93.25623428541157,zvyLdS9wsmy35Bphu-6IDg,1733,1,2636,2,3745,True,zvyLdS9wsmy35Bphu-6IDg
3986,2019,6,94,Minneapolis,44.98188524534121,-93.2255220011606,SnMf6378kBM6Ib5dbtAjGg,1062,0,1121,6,3746,True,SnMf6378kBM6Ib5dbtAjGg
1477,2011,6,73,Minneapolis,44.9542551214417,-93.27786002604633,Mc21Zg9eakCoW2MW5eM5Kg,1571,1,2637,3,3749,True,Mc21Zg9eakCoW2MW5eM5Kg
820,2014,10,85,Minneapolis,44.94736152539193,-93.29832635048824,Tm_3LSyvkYA1GnxvpnrHOA,1572,1,2638,2,3750,True,Tm_3LSyvkYA1GnxvpnrHOA
135,2009,10,33,Minneapolis,44.93931253841547,-93.2549774722196,VpXKU_8QGHDyteZjAba0fQ,902,1,2641,3,3756,True,VpXKU_8QGHDyteZjAba0fQ
2692,2015,9,298,Minneapolis,44.96774299384608,-93.24619654322704,VZx8zToAAtNWfEGVp1Au8w,1141,1,2645,1,3763,True,VZx8zToAAtNWfEGVp1Au8w
974,2016,10,27,Minneapolis,44.94832203618164,-93.23516072759716,W_1UPhkVEYTOa6vQpmJP0Q,1860,0,2108,10,3766,True,W_1UPhkVEYTOa6vQpmJP0Q
1646,2014,9,178,Minneapolis,44.9562730835741,-93.29058705466348,lqxkp9boYF8bnSxL4v7aZQ,165,0,166,3,3767,True,lqxkp9boYF8bnSxL4v7aZQ
634,2009,10,229,Minneapolis,44.94426894480222,-93.21138548995596,CmvRs3HeW1Jck7DnN9HjCw,1555,1,2649,2,3771,True,CmvRs3HeW1Jck7DnN9HjCw
2675,2011,6,99,Minneapolis,44.96717180010015,-93.26320341844996,Q0YFNEQ4FRUmbRgFILUlHg,1754,1,2651,2,3773,True,Q0YFNEQ4FRUmbRgFILUlHg
4763,2009,7,176,Minneapolis,44.99046871701611,-93.26161734907691,rYj7I9yhBPR7kBDmkN-R9w,2242,0,2652,1,3774,True,rYj7I9yhBPR7kBDmkN-R9w
4410,2019,6,140,Minneapolis,44.98627794523754,-93.25519075021214,FA6lBdy1gIX8cjUGh8IZUA,980,0,1029,5,3778,True,FA6lBdy1gIX8cjUGh8IZUA
2791,2009,7,54,Minneapolis,44.96774995010362,-93.23849431877848,bY2cqy49YCxF2L4HEF-yAA,2246,0,2656,1,3782,True,bY2cqy49YCxF2L4HEF-yAA
2964,2014,9,337,Minneapolis,44.9703058266518,-93.2473213252941,dK0WAAjIMdfYFE_BnGBUzA,2247,0,2657,1,3783,True,dK0WAAjIMdfYFE_BnGBUzA
2373,2019,5,124,Minneapolis,44.96440607589918,-93.29214152844668,DPUky_GYVmkSk-rHq5L9Og,1213,1,2659,2,3790,True,DPUky_GYVmkSk-rHq5L9Og
1921,2017,11,278,Minneapolis,44.95924911535119,-93.28931980981125,rf-BnjET6KAlrQJ84d_-Rg,2250,0,2661,3,3792,True,rf-BnjET6KAlrQJ84d_-Rg
845,2019,5,153,Minneapolis,44.94731226647508,-93.2728643629881,pelkB02HOM47Qk6BUvNb7g,2251,0,2662,3,3793,True,pelkB02HOM47Qk6BUvNb7g
4896,2007,6,101,Minneapolis,44.99140294626814,-93.22519817602388,iNfLhG3uwWirvAVWkaN0OQ,2252,0,2663,2,3797,True,iNfLhG3uwWirvAVWkaN0OQ
5101,2008,9,313,Minneapolis,44.99416252374701,-93.29911088865292,RwgTkQ0O90mqi2MeBe75dw,2253,0,2664,2,3799,True,RwgTkQ0O90mqi2MeBe75dw
614,2017,8,160,Minneapolis,44.94421726568559,-93.23126884186142,y0aUgO24SDdjeoeGRzD9JA,1800,1,2671,1,3815,True,y0aUgO24SDdjeoeGRzD9JA
4394,2014,9,81,Minneapolis,44.9861024946004,-93.272392443634,r-HVgL2AvBs5FEZaqNuc2Q,2087,1,2672,3,3818,True,r-HVgL2AvBs5FEZaqNuc2Q
3046,2007,7,138,Minneapolis,44.97135719685181,-93.25607144980792,8yDxTnXcyvj-GDhoL4DI6Q,2258,0,2674,7,3822,True,8yDxTnXcyvj-GDhoL4DI6Q
2027,2009,6,286,Minneapolis,44.96091722448431,-93.27407159211548,Ci7-QBru4-YvRC9YwddPQA,1695,1,2676,1,3826,True,Ci7-QBru4-YvRC9YwddPQA
2954,2014,9,126,Minneapolis,44.97050411160673,-93.25708379038522,a5rBinn0dd9qWaT2k9ntlQ,14,1,2677,1,3828,True,a5rBinn0dd9qWaT2k9ntlQ
2560,2009,7,28,Minneapolis,44.96657690260013,-93.286785337436,6lN6lUYh0qTOesX_IFxZ-g,146,2,2678,1,3829,True,6lN6lUYh0qTOesX_IFxZ-g
394,2014,10,210,Minneapolis,44.94230965925721,-93.26896868373264,sd5nMoVkWYcMP-QdT0ZG7A,1334,0,1438,5,3833,True,sd5nMoVkWYcMP-QdT0ZG7A
1856,2011,6,149,Minneapolis,44.95831578235947,-93.26256314247696,A1hGyzVDn_xkoBbCw4cpVw,391,1,2680,4,3836,True,A1hGyzVDn_xkoBbCw4cpVw
2249,2007,7,71,Minneapolis,44.9622489766024,-93.23317526803127,NFkrdPK_-poDoCrYsj2jxw,2191,1,2681,2,3837,True,NFkrdPK_-poDoCrYsj2jxw
4564,2019,6,261,Minneapolis,44.98817900703352,-93.28227215112052,nOuR0eTxaFjB3JM45dLB3g,871,0,909,3,3839,True,nOuR0eTxaFjB3JM45dLB3g
4127,2019,7,278,Minneapolis,44.98341734012078,-93.26741089262433,Y8PmFStKHdLcPD88XV_4XQ,2260,0,2682,6,3841,True,Y8PmFStKHdLcPD88XV_4XQ
3197,2019,7,97,Minneapolis,44.97326320295678,-93.28713459703506,PcOxVQ4NNfU8_bndaYm19w,1877,0,2130,14,3844,True,PcOxVQ4NNfU8_bndaYm19w
2411,2011,6,33,Minneapolis,44.9642983730763,-93.25399173867918,88gYyfGO9toK1NZzabFFhQ,1454,0,1588,5,3848,True,88gYyfGO9toK1NZzabFFhQ
764,2019,5,124,Minneapolis,44.94629911548493,-93.26263999926702,zNsXTSJpE4ETDKXYK0OaYQ,2262,0,2684,5,3852,True,zNsXTSJpE4ETDKXYK0OaYQ
5132,2019,6,339,Minneapolis,44.99445147746268,-93.26519130407635,c7E2HlCNW6jUuPaJB6-OqQ,2265,0,2687,2,3855,True,c7E2HlCNW6jUuPaJB6-OqQ
2588,2008,9,57,Minneapolis,44.96639746590709,-93.25917738530428,wi_dpcOSxRfWf97zaJzBRg,1817,0,2049,8,3857,True,wi_dpcOSxRfWf97zaJzBRg
2512,2013,8,70,Minneapolis,44.9653187710184,-93.2440592327848,aQZQavdhYo7u90wkxV0EtQ,2267,0,2689,1,3860,True,aQZQavdhYo7u90wkxV0EtQ
142,2016,8,191,Minneapolis,44.93953129167016,-93.24809572527492,V427pVgtnFOmNnjFx3DOjw,1035,1,2690,2,3861,True,V427pVgtnFOmNnjFx3DOjw
1765,2014,9,48,Minneapolis,44.95733691651183,-93.26307738691727,ZnTEshB6V0QeHzsqhdSXnA,1220,1,2693,1,3868,True,ZnTEshB6V0QeHzsqhdSXnA
1216,2011,7,156,Minneapolis,44.95133971269019,-93.26646175215672,nbKL_7kU8Ynb0pQJ35DHwA,796,2,2694,1,3869,True,nbKL_7kU8Ynb0pQJ35DHwA
1768,2016,9,308,Minneapolis,44.9573154097862,-93.26013801846896,cr51CTB7O5zAK0hgUnvGzA,1119,2,2698,2,3876,True,cr51CTB7O5zAK0hgUnvGzA
1815,2017,8,79,Minneapolis,44.95771993613503,-93.21187255235816,5kvnYEKKQU9modaWY2yTiQ,1682,1,2701,2,3883,True,5kvnYEKKQU9modaWY2yTiQ
1981,2014,9,151,Minneapolis,44.9591842717768,-93.22913025597398,xClmJpI5uC8E4sSi1Dy0Vw,741,1,2703,4,3887,True,xClmJpI5uC8E4sSi1Dy0Vw
1306,2014,9,234,Minneapolis,44.95193970249222,-93.26717322494156,r4yyRV4LlZB29WMVfxjf-g,613,0,627,6,3904,True,r4yyRV4LlZB29WMVfxjf-g
2941,2009,7,320,Minneapolis,44.97037626405977,-93.2701864015214,cGK3akSPi3U5-DO9-nqxPg,1091,0,1154,7,3905,True,cGK3akSPi3U5-DO9-nqxPg
1086,2011,10,266,Minneapolis,44.94937751976137,-93.21400236737324,0wl0aoZ1c-lc2pEMQERuVQ,2279,0,2710,2,3906,True,0wl0aoZ1c-lc2pEMQERuVQ
2501,2011,10,45,Minneapolis,44.965406133012,-93.25519076186298,9tSCUUTfp0E_lCs8oineQw,1725,0,1926,10,3910,True,9tSCUUTfp0E_lCs8oineQw
1351,2014,9,157,Minneapolis,44.95200034417505,-93.22213213768602,J2bkpkIwEHgPF44PGjqB_A,1917,1,2715,1,3916,True,J2bkpkIwEHgPF44PGjqB_A
1640,2019,5,191,Minneapolis,44.95657416794171,-93.29692884308012,QI3IFxU9Q8gWZ4lBA95ejA,983,1,2716,1,3917,True,QI3IFxU9Q8gWZ4lBA95ejA
2084,2019,6,147,Minneapolis,44.96124889892896,-93.21580143950224,qTAZQEn5z7Ap6nrOmjzT4w,2058,0,2387,6,3919,True,qTAZQEn5z7Ap6nrOmjzT4w
5146,2008,9,123,Minneapolis,44.99449096086225,-93.24865719599656,0K_N__KL-aMJ4cGmWmnhtQ,339,0,344,8,3923,True,0K_N__KL-aMJ4cGmWmnhtQ
2721,2017,8,353,Minneapolis,44.96722674628869,-93.21719122929316,636HeGspa6CT2UJ_Bca0hg,2286,0,2721,1,3925,True,636HeGspa6CT2UJ_Bca0hg
2616,2019,6,192,Minneapolis,44.96529754933767,-93.23110181289842,u8kCJ088goI3TtpS0Feipg,1315,1,2722,3,3926,True,u8kCJ088goI3TtpS0Feipg
4745,2015,7,71,Minneapolis,44.99028042443177,-93.2854729542608,LZUl8yxXHN0iOy8tN_q35g,2287,0,2723,2,3927,True,LZUl8yxXHN0iOy8tN_q35g
1678,2019,6,315,Minneapolis,44.95630290118264,-93.25879422896833,e7Za2TDVizeA2kz9HdJIYA,1947,0,2222,4,3931,True,e7Za2TDVizeA2kz9HdJIYA
4247,2007,6,347,Minneapolis,44.98433155790983,-93.24120093172768,Rw4TIpJd3XhB0P6Uc10KDQ,2290,0,2726,6,3936,True,Rw4TIpJd3XhB0P6Uc10KDQ
4892,2009,6,356,Minneapolis,44.99127865223643,-93.22713738589542,TnToEHeUcyUxoX246nDawA,1423,1,1988,5,3939,True,TnToEHeUcyUxoX246nDawA
2020,2019,5,1,Minneapolis,44.96027346651466,-93.2812792150688,aAtKnKt_crKx8mdmOuJBow,2293,0,2729,2,3940,True,aAtKnKt_crKx8mdmOuJBow
5019,2019,6,264,Minneapolis,44.99305546193681,-93.28723208608174,oomteU_1Vp1ZyTDuDaYhOw,608,0,622,4,3941,True,oomteU_1Vp1ZyTDuDaYhOw
4681,2014,9,152,Minneapolis,44.98909246393544,-93.26262759209492,5SiAArDOqlaCsc6Emg_A4Q,2295,0,2731,2,3944,True,5SiAArDOqlaCsc6Emg_A4Q
5130,2007,7,36,Minneapolis,44.99426586287625,-93.2611545097339,IdDrDIHJTOvR3kZGqZUriQ,2297,0,2733,1,3948,True,IdDrDIHJTOvR3kZGqZUriQ
785,2014,9,301,Minneapolis,44.94633299966866,-93.24231875739166,HW501mIZpPc3rGZtOxpuPA,2298,0,2734,1,3949,True,HW501mIZpPc3rGZtOxpuPA
2799,2019,6,354,Minneapolis,44.96740650490953,-93.23055852193066,4npcc4WUMd_i7TcCRnnDCA,2300,0,2737,3,3954,True,4npcc4WUMd_i7TcCRnnDCA
3416,2009,7,78,Minneapolis,44.97543191924586,-93.25004671119623,-Ey1CFxLQyWUYnbARh_FSg,328,1,2739,2,3965,True,-Ey1CFxLQyWUYnbARh_FSg
1704,2017,8,78,Minneapolis,44.95629591084441,-93.23308570961004,cH2tftDGDJfumpswIaci5w,2303,0,2742,3,3970,True,cH2tftDGDJfumpswIaci5w
294,2019,5,177,Minneapolis,44.94136253468998,-93.27821734649848,y_QjwcJHmhivIEPWxf65BQ,2305,0,2744,3,3972,True,y_QjwcJHmhivIEPWxf65BQ
1349,2014,8,214,Minneapolis,44.9520013705794,-93.22405694468748,U-aAegxnwY1gH7HfaKJsbg,153,1,2746,1,3974,True,U-aAegxnwY1gH7HfaKJsbg
4718,2014,9,206,Minneapolis,44.98934456389562,-93.22419822744442,K7KD0bQCib14nAjrMEOlUA,2243,1,2747,1,3975,True,K7KD0bQCib14nAjrMEOlUA
2838,2016,9,81,Minneapolis,44.96933186040499,-93.28190269293437,t3iUONwjw4yQTivZfBGH7w,2307,0,2748,1,3976,True,t3iUONwjw4yQTivZfBGH7w
1803,2007,7,32,Minneapolis,44.95736561056657,-93.22519089303084,f8FgK3bYoFile__DapxAMw,2310,0,2752,2,3981,True,f8FgK3bYoFile__DapxAMw
4691,2017,8,246,Minneapolis,44.98923690341176,-93.25109655485808,QmBcrNTBqGcmuQVKbjPCcA,1137,3,2753,1,3984,True,QmBcrNTBqGcmuQVKbjPCcA
3555,2007,8,293,Minneapolis,44.9779898080874,-93.29738180854226,QT6iwaCW-qwcCehG9er6tQ,270,1,2754,1,3986,True,QT6iwaCW-qwcCehG9er6tQ
595,2011,8,163,Minneapolis,44.94434967794258,-93.24996130883254,2Isv2EjSrGJ0rvGT3j3KWQ,1030,0,1086,4,3987,True,2Isv2EjSrGJ0rvGT3j3KWQ
4549,2008,9,257,Minneapolis,44.98814095870762,-93.29911628872222,EyLE7fFfrXql-9c7FVTP1Q,832,1,2755,2,3991,True,EyLE7fFfrXql-9c7FVTP1Q
890,2014,8,290,Minneapolis,44.94731563796183,-93.22843146290406,nurf6DR4TgIa7IS2PVk_5w,2076,1,2756,2,3992,True,nurf6DR4TgIa7IS2PVk_5w
4097,2007,8,288,Minneapolis,44.98328761255972,-93.2982052125908,avjpBz1Y2CBUhadkfmpyig,130,1,2331,8,3998,True,avjpBz1Y2CBUhadkfmpyig
1796,2013,8,139,Minneapolis,44.95735677994428,-93.23214452919206,InNgglCSifwLQTvInNV9jA,2313,0,2759,4,4001,True,InNgglCSifwLQTvInNV9jA
2517,2017,8,88,Minneapolis,44.96527504070994,-93.23933223869048,BTtgiEJsK7gi_j67bguiMQ,2314,0,2760,9,4004,True,BTtgiEJsK7gi_j67bguiMQ
825,2016,8,55,Minneapolis,44.94728079306131,-93.29321434517696,3KZboq05dY2V5_2vQffoMw,668,0,686,7,4005,True,3KZboq05dY2V5_2vQffoMw
1945,2007,7,353,Minneapolis,44.95931649808738,-93.26512769478344,x_4yaw_Se-TQBYCE64RFjw,2315,0,2761,6,4006,True,x_4yaw_Se-TQBYCE64RFjw
3415,2016,11,63,Minneapolis,44.97535267092159,-93.25133860773371,WyGBB_2YTizaOurNTLOw5A,1627,1,2763,1,4008,True,WyGBB_2YTizaOurNTLOw5A
3682,2014,9,137,Minneapolis,44.97829161239666,-93.26013113204738,HQHhgJvU_asKKa0yiFwIdw,1360,1,2531,7,4009,True,HQHhgJvU_asKKa0yiFwIdw
1698,2019,6,94,Minneapolis,44.95641735702191,-93.2394034015376,rAFbI6zdoBluoZe1UV5Alw,1295,1,2764,1,4015,True,rAFbI6zdoBluoZe1UV5Alw
4678,2011,6,240,Minneapolis,44.98951342471709,-93.25747940460316,h7IdjdIykMabexgyRNTUNQ,99,0,99,7,4016,True,h7IdjdIykMabexgyRNTUNQ
2623,2009,10,220,Minneapolis,44.96651892878766,-93.22386279198122,Wr1scPIg4AEFbC-iVQVjCw,119,2,2765,2,4017,True,Wr1scPIg4AEFbC-iVQVjCw
1499,2011,8,343,Minneapolis,44.95429255822194,-93.2562665246566,MhtQWgbOj70CcP82NrDBBw,553,1,2766,2,4018,True,MhtQWgbOj70CcP82NrDBBw
3292,2009,7,38,Minneapolis,44.97399086713109,-93.2833685089196,ar8GRNJyIiJJzh1t4EotvQ,948,1,2767,2,4020,True,ar8GRNJyIiJJzh1t4EotvQ
2183,2009,6,36,Minneapolis,44.96135018748151,-93.2090443822308,1Y5GkVI4ZKQ_gyeH1Dkqpg,1519,0,1662,5,4022,True,1Y5GkVI4ZKQ_gyeH1Dkqpg
1351,2016,7,327,Minneapolis,44.95197300719461,-93.22213038873272,bWfWUSyzOXVyPbs01OwWYw,1917,0,2183,5,4028,True,bWfWUSyzOXVyPbs01OwWYw
5075,2007,6,1,Minneapolis,44.99329499081276,-93.23416843072307,koTrJNUaZzfDoT1LOjAHsg,1904,1,2769,1,4030,True,koTrJNUaZzfDoT1LOjAHsg
1044,2014,8,338,Minneapolis,44.94932158112381,-93.25632843817516,W6yFOwoy8-I2EcZ1MtZjAg,559,1,2770,1,4032,True,W6yFOwoy8-I2EcZ1MtZjAg
4652,2019,6,340,Minneapolis,44.98931992075262,-93.28619473021551,x13IumDSGw807DlvAM4UIQ,2319,0,2773,6,4035,True,x13IumDSGw807DlvAM4UIQ
4869,2019,6,309,Minneapolis,44.99139341316747,-93.2587563920504,mElV2_oAsk8feTb9vLUf6g,2281,0,2713,5,4037,True,mElV2_oAsk8feTb9vLUf6g
871,2011,7,101,Minneapolis,44.94732804906692,-93.24745292941152,EQfKCXb716KnM0Ytxdqeng,1502,1,2320,3,4038,True,EQfKCXb716KnM0Ytxdqeng
769,2016,8,192,Minneapolis,44.94653348594784,-93.25811433299822,Hl2vP-V5euUcLKQrHb7Tsw,2320,0,2774,1,4039,True,Hl2vP-V5euUcLKQrHb7Tsw
2153,2016,9,283,Minneapolis,44.96123553243432,-93.23935520068692,lZOg1lt56fjG6jiTggs3pg,601,0,615,5,4041,True,lZOg1lt56fjG6jiTggs3pg
1037,2014,8,176,Minneapolis,44.94927975892223,-93.2626437215644,qu3IjgsllOx0-mV943WBaQ,2322,0,2777,1,4043,True,qu3IjgsllOx0-mV943WBaQ
4569,2014,9,210,Minneapolis,44.98852623699374,-93.27582607619956,butCoev0gB91Ts4lOtHArA,2323,0,2778,2,4045,True,butCoev0gB91Ts4lOtHArA
4259,2019,6,274,Minneapolis,44.98429440038093,-93.2250909281337,Jo95-goNDnD9Ya6yOo59Sw,402,1,2780,3,4047,True,Jo95-goNDnD9Ya6yOo59Sw
3466,2008,10,164,Minneapolis,44.97585650444135,-93.2906312429815,DN5SWIPr3OxMSgAjh1Imdg,331,0,335,4,4051,True,DN5SWIPr3OxMSgAjh1Imdg
3044,2017,11,83,Minneapolis,44.97136554766364,-93.25839320303989,4r-ZcDRGnHfN8eSBAqWIhg,2327,0,2783,2,4055,True,4r-ZcDRGnHfN8eSBAqWIhg
5044,2011,6,107,Minneapolis,44.99332492392652,-93.26111920836384,6NFXvzmUr6TxKC2Cf2zjoA,401,1,2786,1,4059,True,6NFXvzmUr6TxKC2Cf2zjoA
2738,2019,5,32,Minneapolis,44.96844371428323,-93.2910764669261,RO8EWCQR4t_VJNAcQTa3Dg,2331,0,2790,1,4063,True,RO8EWCQR4t_VJNAcQTa3Dg
2983,2015,8,231,Minneapolis,44.97027657430141,-93.22825909956411,0WN-we9DPyIgE8NSJEPZfg,2106,0,2457,4,4065,True,0WN-we9DPyIgE8NSJEPZfg
3238,2016,11,312,Minneapolis,44.97337722487425,-93.24620851249088,CGg6aaYUOnyGLkZg8Tn6nA,459,2,2792,1,4066,True,CGg6aaYUOnyGLkZg8Tn6nA
104,2016,10,309,Minneapolis,44.93949414670991,-93.2861182698138,U-n_mLaDXNmgs5P4FI-qYw,2335,0,2795,1,4072,True,U-n_mLaDXNmgs5P4FI-qYw
954,2018,10,110,Minneapolis,44.94839301007838,-93.25509665400284,LFgz620HTmQ6d0cN_WIwTw,540,1,1736,5,4074,True,LFgz620HTmQ6d0cN_WIwTw
3739,2009,7,41,Minneapolis,44.97932885062431,-93.29144418118236,5ZNvEwdtsgYZ6zRNlggOhA,2338,0,2798,1,4077,True,5ZNvEwdtsgYZ6zRNlggOhA
323,2017,8,186,Minneapolis,44.9413596865807,-93.24913162461824,Mk7n3VGvInOhgcNUKFNN7g,2342,0,2802,1,4083,True,Mk7n3VGvInOhgcNUKFNN7g
894,2007,7,109,Minneapolis,44.94724690569352,-93.2243360318534,-7IAG8qUYBka3RIQFB69sA,258,1,2803,2,4087,True,-7IAG8qUYBka3RIQFB69sA
372,2007,7,252,Minneapolis,44.94228911330293,-93.29070312925346,lUKuBWZDjGmJ11RqHsARzA,1610,2,2805,1,4089,True,lUKuBWZDjGmJ11RqHsARzA
5047,2009,7,57,Minneapolis,44.9935364228155,-93.2583864518782,xFeQruau3bmtXc7ezVZrHA,2347,0,2809,1,4095,True,xFeQruau3bmtXc7ezVZrHA
1040,2017,8,189,Minneapolis,44.94932761985033,-93.26012760999402,am97bxQIM5aPfDi49RpS-Q,1705,1,2810,6,4097,True,am97bxQIM5aPfDi49RpS-Q
463,2011,6,84,Minneapolis,44.94331682525305,-93.2907337365218,T1xrxeZgJuepUt5BuyXvfg,1497,1,2811,5,4098,True,T1xrxeZgJuepUt5BuyXvfg
958,2011,8,6,Minneapolis,44.94827676606671,-93.25128811381896,gE0dx7P7dpmtXK7xEwK_2w,291,2,2813,1,4102,True,gE0dx7P7dpmtXK7xEwK_2w
4641,2011,6,54,Minneapolis,44.98935095981837,-93.29821882462343,axNlDlrV6ekqRWhUdn5-LQ,2348,0,2814,2,4104,True,axNlDlrV6ekqRWhUdn5-LQ
4667,2009,7,271,Minneapolis,44.98990419853699,-93.27065233152024,DoWbWhdOwkr2zElKvcvyRQ,1976,0,2263,6,4106,True,DoWbWhdOwkr2zElKvcvyRQ
4884,2019,7,50,Minneapolis,44.99154003066426,-93.23918007159028,mlBLMvPoZvYNSWSoUwxJ-g,2352,0,2819,7,4115,True,mlBLMvPoZvYNSWSoUwxJ-g
1584,2019,6,55,Minneapolis,44.95555564852795,-93.26215680001408,HRcIOwkx0BlAIaB4CS2udA,1269,0,1366,7,4120,True,HRcIOwkx0BlAIaB4CS2udA
4490,2016,9,133,Minneapolis,44.98751477777041,-93.26741026789364,HG-2J9OHavrF3zH_rMcseg,1267,1,2822,4,4123,True,HG-2J9OHavrF3zH_rMcseg
511,2019,6,308,Minneapolis,44.94292671914138,-93.2411029628234,z-KrVKv5AmX5TwE65KVc6g,2356,0,2828,2,4134,True,z-KrVKv5AmX5TwE65KVc6g
1780,2017,8,332,Minneapolis,44.95730100109013,-93.24862741422896,yAVp5VVuyG3jYXWIOYSXnA,642,1,2829,2,4136,True,yAVp5VVuyG3jYXWIOYSXnA
5047,2007,7,85,Minneapolis,44.99351992798785,-93.258399832927,7wxCRPsb13aW5bllEYhHaQ,2347,1,2830,3,4137,True,7wxCRPsb13aW5bllEYhHaQ
3238,2013,8,134,Minneapolis,44.97341057775165,-93.24618800483596,tsRFRb4xY2I6Jf0UjvdI6g,459,3,2833,4,4142,True,tsRFRb4xY2I6Jf0UjvdI6g
988,2014,10,145,Minneapolis,44.94835127150566,-93.2212140736532,IXzmXZX980SjjbzPldErEg,1929,0,2201,6,4147,True,IXzmXZX980SjjbzPldErEg
1792,2017,8,102,Minneapolis,44.95731248614443,-93.23623921269896,6Z4t96WMlRoq4cPhuX_eNA,2361,0,2836,1,4148,True,6Z4t96WMlRoq4cPhuX_eNA
4697,2007,7,20,Minneapolis,44.98936338908672,-93.24335544130516,L-tB1r6CURn-Qb37wUQYZA,94,1,2838,2,4150,True,L-tB1r6CURn-Qb37wUQYZA
4607,2019,6,355,Minneapolis,44.98814089724985,-93.24525349125273,sgIfcjMUmaC0NHAHCQHDIw,970,1,2839,2,4151,True,sgIfcjMUmaC0NHAHCQHDIw
4588,2009,6,130,Minneapolis,44.98838510379453,-93.26381872297956,qhFrgvggaQhdIDs68_CXDA,2160,1,2840,2,4152,True,qhFrgvggaQhdIDs68_CXDA
1728,2019,6,74,Minneapolis,44.95622499524089,-93.20912321945023,BddErYurfodZ_KMxSWqq5Q,1549,1,2842,1,4154,True,BddErYurfodZ_KMxSWqq5Q
4041,2014,9,108,Minneapolis,44.98220496946504,-93.26202585228742,23oTBRc3qn_fix-W4P7cjA,122,0,123,5,4156,True,23oTBRc3qn_fix-W4P7cjA
3981,2009,7,76,Minneapolis,44.98133526543698,-93.23333838079584,wvf-6abiRwe07du1e6-nrQ,2268,0,2691,9,4158,True,wvf-6abiRwe07du1e6-nrQ
2357,2009,6,83,Minneapolis,44.96363897413477,-93.21666076624362,NQjNyn9XQuWOs5DjjbsKVQ,1709,1,2849,1,4168,True,NQjNyn9XQuWOs5DjjbsKVQ
5144,2009,7,268,Minneapolis,44.99429031435981,-93.2490273485844,xPtMJpMZVMVsmREGvv4DpA,2367,0,2850,3,4169,True,xPtMJpMZVMVsmREGvv4DpA
1471,2019,5,275,Minneapolis,44.95375368336131,-93.28408662153466,bwLpj7254FUCfkElB_7Odg,1873,1,2851,1,4171,True,bwLpj7254FUCfkElB_7Odg
1772,2007,7,56,Minneapolis,44.95734222316739,-93.25607843682027,bXisOksc-baDgP7bThM16g,1472,1,2852,1,4172,True,bXisOksc-baDgP7bThM16g
2240,2011,8,171,Minneapolis,44.96230710722677,-93.24254579220066,fLL8N-YywvO9TJbyzE4TSA,2074,1,2853,2,4176,True,fLL8N-YywvO9TJbyzE4TSA
416,2011,7,343,Minneapolis,44.94226337862532,-93.24742637262756,EgDkV1bGlnMfnHwMI9wlUQ,1738,1,2855,2,4181,True,EgDkV1bGlnMfnHwMI9wlUQ
1706,2019,6,223,Minneapolis,44.95633765253537,-93.23148333432646,cT0TpsDDrcqWgFNuiaeM5w,603,1,2858,2,4185,True,cT0TpsDDrcqWgFNuiaeM5w
1653,2014,9,246,Minneapolis,44.95628275108585,-93.28295390002836,mnW91PRmZ4AuT_7znq0tXA,2369,0,2859,4,4186,True,mnW91PRmZ4AuT_7znq0tXA
1951,2011,6,176,Minneapolis,44.95914004164367,-93.25906430175296,4KUU9lg2Bk5TXgCepcusIg,2138,0,2499,5,4189,True,4KUU9lg2Bk5TXgCepcusIg
4665,2009,7,146,Minneapolis,44.98905456372915,-93.2765390733606,jk0dMQQi2nBF0lGibfOeOg,1437,0,1570,4,4193,True,jk0dMQQi2nBF0lGibfOeOg
3124,2019,6,84,Minneapolis,44.97214817776563,-93.26884562000222,wT89NPiJGmnIIEG9n-WIMw,2371,0,2861,7,4196,True,wT89NPiJGmnIIEG9n-WIMw
3396,2019,6,4,Minneapolis,44.97520582344119,-93.26995908316836,NYYjQiQKP35RSsi3qJeKKw,2372,0,2862,2,4197,True,NYYjQiQKP35RSsi3qJeKKw
3745,2014,9,332,Minneapolis,44.97927203193548,-93.28614414211592,SpAM_Svwc0aofw_KZR7_LQ,2374,0,2864,6,4206,True,SpAM_Svwc0aofw_KZR7_LQ
4677,2011,6,294,Minneapolis,44.98912640919261,-93.26074760717418,f4aPNM9pzaaCvjaHtocu1A,2376,0,2868,2,4212,True,f4aPNM9pzaaCvjaHtocu1A
3220,2017,8,337,Minneapolis,44.97325407145672,-93.26423162139766,fHKvPowSaiG2r5PEjjuBkg,2377,0,2869,5,4214,True,fHKvPowSaiG2r5PEjjuBkg
1936,2011,6,27,Minneapolis,44.95919227787504,-93.2741000499942,7exjytLc0qw8pmLgiT1-YQ,2379,0,2871,2,4220,True,7exjytLc0qw8pmLgiT1-YQ
3715,2009,10,269,Minneapolis,44.97835995882417,-93.22419887711568,1dIa1jS32VSZe6AbZL2wXg,2092,0,2435,6,4223,True,1dIa1jS32VSZe6AbZL2wXg
1230,2007,7,190,Minneapolis,44.95127558522911,-93.25248245955405,lxoq71fQwFj-xpGvsFIYDg,21,0,21,6,4230,True,lxoq71fQwFj-xpGvsFIYDg
5077,2009,7,226,Minneapolis,44.99330187649066,-93.22670446527935,TvBGPRprMMBOpAUo3Te3wA,2380,0,2873,2,4233,True,TvBGPRprMMBOpAUo3Te3wA
2695,2011,10,131,Minneapolis,44.96728403222028,-93.24248858807556,ZB2sljb55nYo6ggZEqUHGA,2036,0,2358,7,4234,True,ZB2sljb55nYo6ggZEqUHGA
121,2014,8,52,Minneapolis,44.93924570608141,-93.26891985123636,M4wyonqqm2Vpu9zOCIm99g,2382,0,2877,1,4238,True,M4wyonqqm2Vpu9zOCIm99g
1764,2016,9,337,Minneapolis,44.95734346801876,-93.2641957693238,wWhbf0ToAu8I4pKTkGDsGA,1081,0,1144,4,4241,True,wWhbf0ToAu8I4pKTkGDsGA
1053,2019,6,12,Minneapolis,44.94934173130648,-93.2473971491722,E2zS20kYTmDCjoOpqQ--kQ,1820,0,2055,7,4245,True,E2zS20kYTmDCjoOpqQ--kQ
281,2011,9,194,Minneapolis,44.94131465203638,-93.29116812345931,FaM4AL2balXMGe1iDlVN1g,1056,1,1187,3,4252,True,FaM4AL2balXMGe1iDlVN1g
3620,2011,7,97,Minneapolis,44.97739268879309,-93.22799687987649,in-2R8F4mpeqh4MtLH1cgQ,1113,0,1179,10,4257,True,in-2R8F4mpeqh4MtLH1cgQ
3354,2009,10,354,Minneapolis,44.97412219368289,-93.22087836902124,CKAMMySzdjHXnqVJqXEaIg,732,1,2879,3,4260,True,CKAMMySzdjHXnqVJqXEaIg
739,2019,5,184,Minneapolis,44.94636644692223,-93.28806746054282,Q2X_ZIUNIRrk6-N145kavA,424,0,432,5,4271,True,Q2X_ZIUNIRrk6-N145kavA
302,2011,8,325,Minneapolis,44.94129125646123,-93.2702543844512,ZAgRuMLz0VzjiB2IL4myaw,847,1,2894,2,4281,True,ZAgRuMLz0VzjiB2IL4myaw
242,2007,7,54,Minneapolis,44.94033410786876,-93.23892935422754,7D8W9Dk-8cGk0HEFguOkpQ,2226,1,2895,1,4282,True,7D8W9Dk-8cGk0HEFguOkpQ
1217,2007,7,190,Minneapolis,44.95125872909652,-93.26519398131762,V3RX4BX2k_VRDcnLzr9fMQ,1615,0,1780,8,4283,True,V3RX4BX2k_VRDcnLzr9fMQ
2880,2015,7,105,Minneapolis,44.96944503559428,-93.24022542858864,RNo_SUwamJTtqVCPNUTipg,68,0,68,4,4286,True,RNo_SUwamJTtqVCPNUTipg
4439,2009,10,358,Minneapolis,44.9860262494587,-93.22606641398944,JxNECuSAvjjMHeqMuJGUrw,2391,0,2897,4,4288,True,JxNECuSAvjjMHeqMuJGUrw
2079,2011,6,162,Minneapolis,44.9602379206411,-93.22223374718524,ALZGL2bxqKKxbsoEGtAtVg,949,0,995,3,4294,True,ALZGL2bxqKKxbsoEGtAtVg
4517,2009,7,301,Minneapolis,44.98739433133188,-93.24127280872908,8JDhkfETyhXeoJWwjrRA7A,2064,0,2396,7,4296,True,8JDhkfETyhXeoJWwjrRA7A
3086,2009,6,228,Minneapolis,44.97130023629793,-93.21614385711068,HpWwIuJVHLUAXM5Luotxiw,604,0,618,12,4301,True,HpWwIuJVHLUAXM5Luotxiw
3873,2016,10,97,Minneapolis,44.98140936291383,-93.2499336581354,h3YNXHUzdIar-YQmUDGK1g,1886,1,2908,2,4306,True,h3YNXHUzdIar-YQmUDGK1g
2573,2009,6,78,Minneapolis,44.96626369671633,-93.27408554825608,F1e2gKrl6NYvzxTBfaQLug,74,2,2909,2,4308,True,F1e2gKrl6NYvzxTBfaQLug
353,2017,8,100,Minneapolis,44.94141243673396,-93.21918110507976,5ew6k4VI90Tmi2oGAjxFYw,1298,1,2911,2,4310,True,5ew6k4VI90Tmi2oGAjxFYw
2792,2019,6,27,Minneapolis,44.96874816032263,-93.2369447610991,dCDLxINF6hk1HgZ1Of1f2Q,2263,0,2685,4,4312,True,dCDLxINF6hk1HgZ1Of1f2Q
1607,2011,9,18,Minneapolis,44.95526090071721,-93.23931976504196,Gvwrle_BBSYRY-hS1_HxOg,2399,0,2913,5,4313,True,Gvwrle_BBSYRY-hS1_HxOg
2842,2007,7,346,Minneapolis,44.96923557463959,-93.27785067484528,zqMTmqlPZqnWwzlke6SYtw,1853,0,2100,3,4314,True,zqMTmqlPZqnWwzlke6SYtw
1765,2007,7,232,Minneapolis,44.95732556006235,-93.26308655874338,NwJ_a_-BB0yVHv-0TPJO0A,1220,2,2914,2,4315,True,NwJ_a_-BB0yVHv-0TPJO0A
4449,2009,10,130,Minneapolis,44.98606851831477,-93.22208812722464,th7esco_oCWqjjIfIQ-Tig,2401,0,2916,2,4319,True,th7esco_oCWqjjIfIQ-Tig
456,2017,8,122,Minneapolis,44.94330950246384,-93.29837640215952,Bt1lHPmrpgv4hF5QsFmw_w,1466,0,1603,5,4320,True,Bt1lHPmrpgv4hF5QsFmw_w
2729,2007,6,118,Minneapolis,44.96726158181165,-93.20899934457896,Ic8JpAlOFlsx-OVo4vbg5w,2245,1,2921,2,4331,True,Ic8JpAlOFlsx-OVo4vbg5w
4971,2014,9,280,Minneapolis,44.99236619144332,-93.23971283380978,MMtR67WY70h6ALw7znskPg,2404,0,2922,2,4333,True,MMtR67WY70h6ALw7znskPg
5133,2019,6,142,Minneapolis,44.99453735029957,-93.26030751425168,V5aS5177RkKUCdORTYe8NQ,2405,0,2923,4,4334,True,V5aS5177RkKUCdORTYe8NQ
4516,2009,7,182,Minneapolis,44.98697653027988,-93.23605614010664,hBW1TzCLdBCVPB12a4k3wg,2410,0,2929,1,4366,True,hBW1TzCLdBCVPB12a4k3wg
562,2011,8,152,Minneapolis,44.94433282779905,-93.28302941329764,xF8LeOh5X_0fOyYVzYdY4w,2072,1,2930,1,4371,True,xF8LeOh5X_0fOyYVzYdY4w
971,2008,9,239,Minneapolis,44.94823591281782,-93.23825428350366,05EdP66z4AlZTVfYRIq4ow,2067,0,2401,7,4377,True,05EdP66z4AlZTVfYRIq4ow
5014,2011,6,232,Minneapolis,44.99306110736099,-93.29023065242338,hYALYXIvH-RlDKKJUcHkjg,1883,0,2138,5,4378,True,hYALYXIvH-RlDKKJUcHkjg
3355,2019,6,274,Minneapolis,44.97424468288937,-93.2201711387502,KHNrj7TVvpcL1-ZTSyI5Ug,936,2,2933,1,4379,True,KHNrj7TVvpcL1-ZTSyI5Ug
2059,2014,9,106,Minneapolis,44.96030347703615,-93.24256973609178,kCbpQKejTeYkCE54g3Jwqg,1857,3,2936,1,4385,True,kCbpQKejTeYkCE54g3Jwqg
1742,2011,8,342,Minneapolis,44.95735305991246,-93.2861624330172,twJbw44iMuk2nRXZZSeddQ,652,0,668,3,4387,True,twJbw44iMuk2nRXZZSeddQ
145,2019,6,16,Minneapolis,44.93927795045987,-93.24485126739675,z7YD1nbwyVHPiM-ghk7A0g,822,0,855,4,4391,True,z7YD1nbwyVHPiM-ghk7A0g
1806,2011,7,18,Minneapolis,44.95740808410872,-93.22211398496108,R7xXPPhlzfhmRpOu795voQ,2194,1,2939,2,4393,True,R7xXPPhlzfhmRpOu795voQ
3218,2019,6,49,Minneapolis,44.97328078530284,-93.26604147858124,06BCvnXH1DTsGK9ZSe5_wA,2415,0,2940,6,4394,True,06BCvnXH1DTsGK9ZSe5_wA
1076,2014,8,119,Minneapolis,44.94928122077628,-93.22431469845073,HGHGs5FBfiJH4ZFcCbroPA,1094,1,2941,3,4396,True,HGHGs5FBfiJH4ZFcCbroPA
4245,2011,6,284,Minneapolis,44.98430837107548,-93.2382320767266,llbDFMbZh_AzYzj7_KlNgw,1197,1,2943,2,4400,True,llbDFMbZh_AzYzj7_KlNgw
111,2016,8,359,Minneapolis,44.93929516618864,-93.2779617192434,0nNlytSPFopi3KJd7fGCXw,95,0,95,9,4402,True,0nNlytSPFopi3KJd7fGCXw
1798,2007,7,38,Minneapolis,44.95736057159968,-93.23009521722176,y1SIaFwHuYcmkbqBGRqXwg,2418,0,2945,2,4403,True,y1SIaFwHuYcmkbqBGRqXwg
2207,2016,11,315,Minneapolis,44.96230264909858,-93.27658260126071,kxPGc_3uFBc-JZM7_ijt4w,2419,0,2946,1,4404,True,kxPGc_3uFBc-JZM7_ijt4w
2159,2009,6,323,Minneapolis,44.96130189429357,-93.2330450740577,9kYRqBAGaJuR4pjVFIc0Uw,1180,1,2608,5,4412,True,9kYRqBAGaJuR4pjVFIc0Uw
2771,2009,7,130,Minneapolis,44.96821569941762,-93.25821152942486,oP1E5EyrOxJF2o_Rw9q3ng,2121,1,2956,3,4428,True,oP1E5EyrOxJF2o_Rw9q3ng
1974,2007,7,118,Minneapolis,44.95925469966112,-93.23623849315253,9riteMOfpejK7tzAW3WeGA,2417,0,2944,4,4430,True,9riteMOfpejK7tzAW3WeGA
1750,2014,9,187,Minneapolis,44.95732871593054,-93.27816035783918,AdrB783L_k6VT4ryaKnJCA,2424,0,2957,4,4431,True,AdrB783L_k6VT4ryaKnJCA
573,2007,7,90,Minneapolis,44.94428592236,-93.27152403233264,ZoNH3oM7wlxAg7rrpfMWpg,1531,1,2958,1,4432,True,ZoNH3oM7wlxAg7rrpfMWpg
1828,2017,8,66,Minneapolis,44.95831191216928,-93.29058888258558,onT66hAzx-o0cLxpRoKQtw,2362,1,2963,2,4442,True,onT66hAzx-o0cLxpRoKQtw
2088,2013,8,159,Minneapolis,44.9606549158676,-93.21256035113716,2x0p3XqUakXaY3eGCDzSzw,907,1,2967,4,4451,True,2x0p3XqUakXaY3eGCDzSzw
5170,2019,6,283,Minneapolis,44.99517998026955,-93.22030860142218,1a5CQ5TKr6uCLAyeWu_BHQ,396,3,2968,2,4454,True,1a5CQ5TKr6uCLAyeWu_BHQ
2143,2018,10,139,Minneapolis,44.96142712617382,-93.24863050157629,iZsKr1br0nR6tK55HhDppg,35,0,35,12,4455,True,iZsKr1br0nR6tK55HhDppg
849,2011,8,19,Minneapolis,44.94735036422657,-93.26905214450048,nES0hOzh_SRVMGs_10taoQ,2172,0,2544,4,4456,True,nES0hOzh_SRVMGs_10taoQ
2683,2008,9,234,Minneapolis,44.96735239831543,-93.25508350534676,X4Sk2PEOKjYg7RljvscQyg,1148,0,1222,10,4460,True,X4Sk2PEOKjYg7RljvscQyg
4361,2011,7,288,Minneapolis,44.98528306419947,-93.21906514663388,SZ0MdCEmX1u3ukHEGA8ETQ,2432,0,2969,5,4461,True,SZ0MdCEmX1u3ukHEGA8ETQ
5102,2007,7,282,Minneapolis,44.99415589662747,-93.29609730343032,lNXQMaydToiQsk-ESiyMMA,2433,0,2970,1,4462,True,lNXQMaydToiQsk-ESiyMMA
2642,2019,5,146,Minneapolis,44.96739878848607,-93.2961866107076,kP3-p2_jVcjx2n9OEBGjVA,1067,1,2972,1,4466,True,kP3-p2_jVcjx2n9OEBGjVA
2495,2008,10,340,Minneapolis,44.96544031059975,-93.26112714654556,U3moqr0JNt0RdnzDFBlNrg,2034,0,2353,8,4467,True,U3moqr0JNt0RdnzDFBlNrg
2293,2014,9,351,Minneapolis,44.96329935766459,-93.2808275519988,xKPWUMBBtRER1-Q3d-TaWQ,687,0,706,6,4469,True,xKPWUMBBtRER1-Q3d-TaWQ
1546,2011,9,22,Minneapolis,44.95488861145805,-93.20784871094618,XCoceh6b_c1EgumvMoy0ZA,2437,0,2976,2,4482,True,XCoceh6b_c1EgumvMoy0ZA
3157,2017,10,198,Minneapolis,44.97243776436177,-93.23608721727965,bSlB-PRbOvAO3pCSpX1t0w,2439,0,2978,5,4489,True,bSlB-PRbOvAO3pCSpX1t0w
445,2011,8,186,Minneapolis,44.9422385398337,-93.2178555820236,nXb4qB4H29vdImdvNLwQLA,2440,0,2979,2,4491,True,nXb4qB4H29vdImdvNLwQLA
1360,2009,10,345,Minneapolis,44.95232876383913,-93.2140180534751,XuhlbhMNlDcEIUWnJgsTQw,992,1,2982,2,4498,True,XuhlbhMNlDcEIUWnJgsTQw
826,2017,8,124,Minneapolis,44.9473259991983,-93.29194716960728,wutjH4CB3NbCMG2ZNU75_A,1120,0,1188,4,4499,True,wutjH4CB3NbCMG2ZNU75_A
3801,2009,6,286,Minneapolis,44.97953486715762,-93.2300099416682,CrjBM0suA9uKQDYewyifMA,2208,0,2597,5,4504,True,CrjBM0suA9uKQDYewyifMA
2264,2014,9,59,Minneapolis,44.96302394387792,-93.21831463972016,id86rn2TZ5DqJl4wE4hEPQ,1723,0,1923,3,4511,True,id86rn2TZ5DqJl4wE4hEPQ
1591,2009,10,9,Minneapolis,44.95533537881062,-93.2550192492369,eqUq32i4C4btREZkHHJ9wA,2447,0,2991,1,4512,True,eqUq32i4C4btREZkHHJ9wA
4661,2019,6,221,Minneapolis,44.98924758907366,-93.28204473578496,AiZ0Kv0oWFKtuk7bTq9Aig,2449,0,2993,2,4514,True,AiZ0Kv0oWFKtuk7bTq9Aig
5255,2011,6,46,Minneapolis,44.99540144347912,-93.2320211708432,vqtPBb0S-2PywwjUZQJy7g,283,2,2994,3,4515,True,vqtPBb0S-2PywwjUZQJy7g
3525,2009,7,292,Minneapolis,44.97613870112666,-93.22821224043766,qaL7bX-S91zc5TSACIDwaA,735,0,756,11,4517,True,qaL7bX-S91zc5TSACIDwaA
1613,2016,8,100,Minneapolis,44.95529720375186,-93.2330747128979,e__HnkkOaZISCGnImGd-KA,864,0,902,5,4518,True,e__HnkkOaZISCGnImGd-KA
4772,2011,6,93,Minneapolis,44.990398470527,-93.26027505066504,X3HJ0GWVFR3qsttEi0OUew,2451,0,2997,3,4520,True,X3HJ0GWVFR3qsttEi0OUew
553,2019,5,162,Minneapolis,44.9442867744382,-93.291972219366,gUgKGbf57xuq3okDZel9BA,2452,0,3000,2,4532,True,gUgKGbf57xuq3okDZel9BA
4768,2011,6,216,Minneapolis,44.98991959976112,-93.26356185128915,gyLDkoUh50SHUhIHUVTCFQ,155,1,3001,2,4533,True,gyLDkoUh50SHUhIHUVTCFQ
816,2019,6,38,Minneapolis,44.94634221508522,-93.21138964850216,dahHq0QXgqxW39IfZJwfYw,1618,1,3002,3,4534,True,dahHq0QXgqxW39IfZJwfYw
1348,2019,6,336,Minneapolis,44.9520032984062,-93.2251781270118,5EgA_cHkJCFlGCFEQnP43Q,451,1,3003,2,4535,True,5EgA_cHkJCFlGCFEQnP43Q
4699,2016,10,191,Minneapolis,44.98915768211845,-93.24129482212705,G4UEVpK4RnzrujjVPO8osw,555,0,568,5,4543,True,G4UEVpK4RnzrujjVPO8osw
4249,2014,10,33,Minneapolis,44.98431488920941,-93.2420787780778,sDUG6SzwwVg1_WI1tqA1TA,1504,0,1646,14,4550,True,sDUG6SzwwVg1_WI1tqA1TA
3285,2014,9,56,Minneapolis,44.97420725005401,-93.29009629685906,YzQ4bLjOteP0PoR4a_cxgg,1313,0,1416,14,4551,True,YzQ4bLjOteP0PoR4a_cxgg
3888,2019,7,313,Minneapolis,44.98030846277613,-93.23408492839192,Zr_HoElXMLQrPeHqlRXZLQ,846,0,879,9,4554,True,Zr_HoElXMLQrPeHqlRXZLQ
346,2011,8,85,Minneapolis,44.94136157049981,-93.22619488517284,iqMc7riMMBzppbY-Xv1DAA,2460,0,3013,3,4557,True,iqMc7riMMBzppbY-Xv1DAA
4622,2015,10,46,Minneapolis,44.98829696860859,-93.22697120209664,f56lLoTmdeuY-u4-ddQ5hA,1271,1,2820,4,4559,True,f56lLoTmdeuY-u4-ddQ5hA
1961,2019,6,250,Minneapolis,44.95913421427981,-93.24910912847764,XVpWVvjuyuIUGSIAqaJZfQ,2464,0,3017,3,4572,True,XVpWVvjuyuIUGSIAqaJZfQ
1788,2019,6,337,Minneapolis,44.95735310551494,-93.24007783471843,SgPqG0gLdkGMqQZqOdtw3g,1648,1,3018,1,4573,True,SgPqG0gLdkGMqQZqOdtw3g
472,2014,10,181,Minneapolis,44.94293515907991,-93.28212962147964,0dsifO6ZdGEUgBeLvhwVSQ,2054,1,3021,2,4578,True,0dsifO6ZdGEUgBeLvhwVSQ
1751,2007,7,3,Minneapolis,44.957330933278,-93.27717394055024,vs48VHrLfkLU8mvZnPY8rg,481,1,3022,1,4579,True,vs48VHrLfkLU8mvZnPY8rg
1928,2016,8,274,Minneapolis,44.95912242633486,-93.28206551583048,Mng2aAogd8A1R1bhqijoKQ,887,1,3023,2,4581,True,Mng2aAogd8A1R1bhqijoKQ
1249,2009,10,35,Minneapolis,44.95129415965367,-93.233164406609,O5fb_k2RXmKVmgVZ6IVWlw,70,1,3024,1,4582,True,O5fb_k2RXmKVmgVZ6IVWlw
2822,2015,8,312,Minneapolis,44.9690110571179,-93.29825193697424,SwJldvCTMHUboV2tpPAm5w,1401,0,1520,8,4584,True,SwJldvCTMHUboV2tpPAm5w
2585,2019,6,318,Minneapolis,44.96638544674234,-93.26111675024096,VrQqtQdzHm63UI0bBQlVxQ,842,0,875,7,4587,True,VrQqtQdzHm63UI0bBQlVxQ
3254,2007,6,99,Minneapolis,44.97328363858463,-93.23028072691616,UQcnGkQ63eBRJpybCHEjsQ,2466,0,3025,4,4588,True,UQcnGkQ63eBRJpybCHEjsQ
2329,2011,7,163,Minneapolis,44.96330169906234,-93.24527801213048,xM2CmLnfOQENW_8fP_G7nA,2467,0,3026,2,4589,True,xM2CmLnfOQENW_8fP_G7nA
3972,2011,7,2,Minneapolis,44.98141261947604,-93.23805397119688,R0_9GI8zdNAsLgzHu9w4FA,1885,0,2142,11,4594,True,R0_9GI8zdNAsLgzHu9w4FA
4447,2007,6,357,Minneapolis,44.98582721192707,-93.21862315550018,XVfS3JsI59ss2u8W5MiVjQ,2133,1,3030,1,4598,True,XVfS3JsI59ss2u8W5MiVjQ
3968,2017,8,14,Minneapolis,44.98113203989594,-93.24723811587612,FNBzbE_OX8pIYqnJEzarqg,1998,0,2297,5,4599,True,FNBzbE_OX8pIYqnJEzarqg
541,2007,7,201,Minneapolis,44.94328991219671,-93.213089029638,aHLl6J9aryBYtXTgTnBKjA,993,1,3032,2,4601,True,aHLl6J9aryBYtXTgTnBKjA
1501,2011,8,211,Minneapolis,44.95433446896025,-93.2550095872576,GKE8YYW-AOK6xGGoVCHG2g,1773,2,3036,1,4608,True,GKE8YYW-AOK6xGGoVCHG2g
2712,2019,6,144,Minneapolis,44.96772724994306,-93.22557322835698,q6on8qh1op1gqkFX9ylTzQ,476,0,485,5,4609,True,q6on8qh1op1gqkFX9ylTzQ
1741,2011,8,293,Minneapolis,44.95732670896549,-93.287149931353,oN41bvFaW3_sA9djWLV-Zw,2474,0,3037,1,4611,True,oN41bvFaW3_sA9djWLV-Zw
2406,2016,9,110,Minneapolis,44.96393111497116,-93.25909893664054,Zd03fmDYozWJqY7GF0LtOQ,639,1,3038,1,4613,True,Zd03fmDYozWJqY7GF0LtOQ
1758,2014,9,350,Minneapolis,44.95739656350634,-93.27028134811712,dDJV1VHZ18Ahdytr0F4hbw,2475,0,3040,3,4616,True,dDJV1VHZ18Ahdytr0F4hbw
2213,2011,6,314,Minneapolis,44.96229801617785,-93.27021307989008,jTqg4LcYWudlvddhnu-skQ,1057,1,3041,1,4617,True,jTqg4LcYWudlvddhnu-skQ
5092,2009,6,309,Minneapolis,44.99343362587827,-93.212160628151,jeZb1qGrViDScEIi8umC4Q,2476,0,3042,1,4621,True,jeZb1qGrViDScEIi8umC4Q
3731,2017,8,102,Minneapolis,44.97931716325165,-93.29557728883296,6_9VnUTbYXHO3qBrNnQXAA,224,0,225,5,4622,True,6_9VnUTbYXHO3qBrNnQXAA
2160,2007,7,188,Minneapolis,44.9609699295088,-93.23214147049096,oml_7oxkedYweGdNRS6SFQ,2478,0,3044,1,4628,True,oml_7oxkedYweGdNRS6SFQ
4586,2014,9,280,Minneapolis,44.98805973465619,-93.26190357255366,AJjx1irZXUi_z0TjNR58bg,658,1,3046,1,4631,True,AJjx1irZXUi_z0TjNR58bg
2237,2009,7,63,Minneapolis,44.96249885413216,-93.2462131857533,S0g-kSG96n3wwLAly-Un2Q,1630,0,1797,10,4646,True,S0g-kSG96n3wwLAly-Un2Q
4517,2011,6,118,Minneapolis,44.98737836365517,-93.24130547542975,Hb4sVP1aNpB5tuu_fR6xHQ,2064,1,3051,1,4647,True,Hb4sVP1aNpB5tuu_fR6xHQ
309,2016,8,304,Minneapolis,44.94136973841425,-93.26316364155,GI2lLV1MxPDMiHkvaG_gzg,2375,0,2865,6,4652,True,GI2lLV1MxPDMiHkvaG_gzg
3774,2013,9,148,Minneapolis,44.97925219360737,-93.2591776701113,1Q2l8u408yUmRE0i98_iow,785,2,3055,2,4655,True,1Q2l8u408yUmRE0i98_iow
722,2007,7,253,Minneapolis,44.94530307608974,-93.21401609902476,RGcSrdze9O1Z4W8yFOLDcQ,259,1,3056,2,4657,True,RGcSrdze9O1Z4W8yFOLDcQ
678,2014,9,154,Minneapolis,44.94567042013581,-93.2575201218765,5gv729Sc7Kb0YxU2pOSWqQ,2484,0,3059,5,4660,True,5gv729Sc7Kb0YxU2pOSWqQ
5086,2016,11,130,Minneapolis,44.99241151017917,-93.21907448673096,CaZYsok22fXr6X4N81OZoQ,1622,2,3060,3,4661,True,CaZYsok22fXr6X4N81OZoQ
4204,2019,7,68,Minneapolis,44.98418938914327,-93.28215854548304,MwZlpg8qSwO_Xjigeidf_Q,749,0,771,7,4665,True,MwZlpg8qSwO_Xjigeidf_Q
2007,2019,5,165,Minneapolis,44.96027402452302,-93.29439876388535,CwXHwAsXv-KA4eg4pspUxA,158,1,3064,2,4669,True,CwXHwAsXv-KA4eg4pspUxA
2334,2011,6,192,Minneapolis,44.96273699356188,-93.2401317313103,IL612DedFL8ZVcplPIBI9Q,1153,1,3065,5,4672,True,IL612DedFL8ZVcplPIBI9Q
697,2017,8,300,Minneapolis,44.94528537919558,-93.2389526493196,FSe52XUjOHGVbM3Fb1tS5Q,1205,1,3067,2,4674,True,FSe52XUjOHGVbM3Fb1tS5Q
921,2019,5,307,Minneapolis,44.94828277087276,-93.28802812707266,fBW9-fQBAcRSXeodf-nQCw,253,0,255,6,4679,True,fBW9-fQBAcRSXeodf-nQCw
3471,2017,8,79,Minneapolis,44.9761166085647,-93.28635903774322,PhZgDtj2CQaZT3usq4wRVw,278,0,280,8,4689,True,PhZgDtj2CQaZT3usq4wRVw
2381,2012,6,307,Minneapolis,44.96433528348594,-93.28416201510382,1LIxzdkjk8-Th4vcF0ZWXg,654,0,670,8,4690,True,1LIxzdkjk8-Th4vcF0ZWXg
3689,2019,6,327,Minneapolis,44.9779185699674,-93.25165093463612,Te8Eu7RydhykAkV-GZwW4Q,413,1,2391,5,4693,True,Te8Eu7RydhykAkV-GZwW4Q
1688,2014,9,236,Minneapolis,44.95633065293256,-93.24862612230996,vGbsCRK48PWs-eZBjImKBw,2492,0,3073,5,4698,True,vGbsCRK48PWs-eZBjImKBw
5041,2011,6,261,Minneapolis,44.99338567214208,-93.26371207926148,i1-ZtesXkIWIddV9peNzkw,285,0,287,4,4701,True,i1-ZtesXkIWIddV9peNzkw
3887,2014,9,270,Minneapolis,44.98016754416059,-93.2382811516482,JrUMWTu7b2_R0xsX1SWrug,1018,0,1074,11,4704,True,JrUMWTu7b2_R0xsX1SWrug
2646,2007,7,102,Minneapolis,44.96748973257777,-93.29200662003126,sy0hPq7n_gfZp5dlUn1ZbQ,2493,0,3075,3,4708,True,sy0hPq7n_gfZp5dlUn1ZbQ
1935,2012,8,173,Minneapolis,44.95918852795194,-93.27513410140112,SoBmnjYjlPm-EoJwxXaRKw,1343,1,3076,1,4712,True,SoBmnjYjlPm-EoJwxXaRKw
4973,2009,7,194,Minneapolis,44.9923664480842,-93.238433185857,QFIqoZqmy0azOQI5ebFz7Q,1291,1,3077,2,4714,True,QFIqoZqmy0azOQI5ebFz7Q
2915,2017,8,286,Minneapolis,44.96979993012933,-93.29570849685196,5V8j8ahcgkdKww0iOucikg,500,0,509,7,4720,True,5V8j8ahcgkdKww0iOucikg
3922,2016,9,7,Minneapolis,44.98165805718862,-93.29010068764552,fAXG1xT5zFFBBixEhVUOjw,2093,0,2437,3,4723,True,fAXG1xT5zFFBBixEhVUOjw
2100,2016,1,200,Minneapolis,44.96136771416786,-93.29239204684978,2jtsHrGw5KUMcorN3LA9ag,2311,0,2757,3,4724,True,2jtsHrGw5KUMcorN3LA9ag
4031,2016,10,159,Minneapolis,44.98228209653536,-93.27114356947207,ao77CCub6qX8xndTarqeQA,2495,0,3080,4,4726,True,ao77CCub6qX8xndTarqeQA
399,2013,8,99,Minneapolis,44.94233223870775,-93.26387755139628,eqWBMKzo_ES73_Nu3GoHYg,1009,1,3083,2,4730,True,eqWBMKzo_ES73_Nu3GoHYg
2324,2013,8,260,Minneapolis,44.96322535471337,-93.25023764122572,unHDW9KnkZmOpLN22yu8Mw,2498,0,3084,8,4731,True,unHDW9KnkZmOpLN22yu8Mw
5255,2007,7,249,Minneapolis,44.99542449916976,-93.23199299429318,AoAvUNBySGbwTRQDTpVJUw,283,3,3086,1,4733,True,AoAvUNBySGbwTRQDTpVJUw
4767,2009,6,256,Minneapolis,44.99032377694466,-93.26516684742806,oivmswZG8txCchDPs6ma5Q,324,1,966,4,4737,True,oivmswZG8txCchDPs6ma5Q
225,2019,6,70,Minneapolis,44.93954598764714,-93.25607031207328,zCkYM-PvZElHo7fk9WHYAw,452,1,3090,1,4745,True,zCkYM-PvZElHo7fk9WHYAw
581,2014,8,136,Minneapolis,44.94430505925784,-93.26390228000092,1RmGt0ajEF5eLyV1KLvg6A,1783,0,2003,6,4746,True,1RmGt0ajEF5eLyV1KLvg6A
4266,2014,9,305,Minneapolis,44.98432817412093,-93.22222259498568,a6hKPvjkcsB9-IHWOihTtg,2502,0,3091,3,4747,True,a6hKPvjkcsB9-IHWOihTtg
347,2014,9,209,Minneapolis,44.94139052550859,-93.22517652558072,EhHQlDfhOr0t_cxwB29OWA,213,1,3093,2,4754,True,EhHQlDfhOr0t_cxwB29OWA
2225,2009,7,208,Minneapolis,44.96224473669012,-93.25822392268816,yuEZrwEewql4DHA6O8-n4w,509,0,519,3,4755,True,yuEZrwEewql4DHA6O8-n4w
2515,2007,7,278,Minneapolis,44.96521706066388,-93.24092901726276,iIaXFw79d7_ZKDS8FnVGHA,2354,0,2824,6,4758,True,iIaXFw79d7_ZKDS8FnVGHA
4452,2011,7,229,Minneapolis,44.98623791191267,-93.21626575690028,jSvRBtzYL6anOsL9kfdbSw,2505,0,3096,3,4759,True,jSvRBtzYL6anOsL9kfdbSw
5176,2019,6,314,Minneapolis,44.99425937746236,-93.2164668159908,Izn-91lSDUAi1b5SAmlsQQ,1008,1,3097,2,4760,True,Izn-91lSDUAi1b5SAmlsQQ
125,2019,5,227,Minneapolis,44.9393087122731,-93.26510486576696,z-8Tagb7zc2jCDly2mj9nQ,1561,0,1711,10,4764,True,z-8Tagb7zc2jCDly2mj9nQ
4491,2011,6,246,Minneapolis,44.98730200699153,-93.26421079315637,brZ_OhTHQckMrzrhwz2wGw,128,0,129,3,4765,True,brZ_OhTHQckMrzrhwz2wGw
5048,2019,6,136,Minneapolis,44.99329046377301,-93.2582662717594,vkDnytFTP8iM6rUFjIjZRA,1786,1,3099,1,4768,True,vkDnytFTP8iM6rUFjIjZRA
540,2009,10,355,Minneapolis,44.94328029741408,-93.21407053864776,DhUH-snfZyHuosDEXi2R6Q,2051,1,3101,1,4771,True,DhUH-snfZyHuosDEXi2R6Q
5107,2013,8,320,Minneapolis,44.99428535679714,-93.289529632739,bWyUYURabx_-E7TAnJffIg,227,0,228,5,4774,True,bWyUYURabx_-E7TAnJffIg
2747,2012,10,353,Minneapolis,44.96834037788012,-93.28190062102443,BWrwE1g5UhLKGxaO2gT3Fg,1129,0,1200,7,4788,True,BWrwE1g5UhLKGxaO2gT3Fg
4418,2011,6,187,Minneapolis,44.98619104942187,-93.24590663300565,UU8IO3HqPD-2O440_rX1Iw,1710,1,2257,5,4789,True,UU8IO3HqPD-2O440_rX1Iw
4730,2016,11,121,Minneapolis,44.98985449104721,-93.21014532169968,h4bvrr-p93Q0vXTTDOzGzQ,1856,0,2103,4,4790,True,h4bvrr-p93Q0vXTTDOzGzQ
584,2009,10,176,Minneapolis,44.94425838155871,-93.26136727665391,XnUeYQxVH8LFbxgllzCAyg,2411,0,2934,5,4792,True,XnUeYQxVH8LFbxgllzCAyg
1676,2007,7,329,Minneapolis,44.95556547529743,-93.26129838209636,tsW-DRlzRxoCTBWF30cyyw,2337,0,2797,4,4797,True,tsW-DRlzRxoCTBWF30cyyw
2035,2007,7,25,Minneapolis,44.96033845412457,-93.2664314363864,zJhGea85wik8CgjD4qoRoQ,2346,0,2808,4,4800,True,zJhGea85wik8CgjD4qoRoQ
4692,2019,6,58,Minneapolis,44.9893102293552,-93.24815467666872,DHotLFBcfq8LeKbtB50wag,2514,0,3109,5,4801,True,DHotLFBcfq8LeKbtB50wag
17,2019,5,42,Minneapolis,44.93826678188464,-93.28139030310936,tXJIXqTQCJXzMv1QWxLHVg,2516,0,3111,3,4805,True,tXJIXqTQCJXzMv1QWxLHVg
2122,2011,6,195,Minneapolis,44.96129379529385,-93.27020151560538,7zeqanJaB9pzAzC2y5z-6Q,1717,1,3112,1,4810,True,7zeqanJaB9pzAzC2y5z-6Q
1520,2016,9,267,Minneapolis,44.95436679871879,-93.23467568249944,j3m1MlSLIXcp1tchIe_HFw,2517,0,3113,2,4811,True,j3m1MlSLIXcp1tchIe_HFw
2803,2016,9,321,Minneapolis,44.96819440368044,-93.22621207998904,tOhOacFVso5EaOrK1PX77Q,1715,0,1914,7,4823,True,tOhOacFVso5EaOrK1PX77Q
4130,2016,10,340,Minneapolis,44.98335826662513,-93.26308785395724,UuEJYKH2gzIzROvtVCe9hw,2215,1,3121,6,4826,True,UuEJYKH2gzIzROvtVCe9hw
2623,2019,6,61,Minneapolis,44.96649883883217,-93.22391198824523,Jp0v5D6UJFDXtpng-pR6sQ,119,0,120,7,4827,True,Jp0v5D6UJFDXtpng-pR6sQ
4997,2011,6,191,Minneapolis,44.9923218837046,-93.21774521497332,YGZQfR7sKm68UD1figT2_g,2523,0,3122,5,4828,True,YGZQfR7sKm68UD1figT2_g
2670,2007,7,295,Minneapolis,44.96721550207401,-93.2675939365187,CQUWyl8bPQYqhXd2IpEZKw,2098,1,3126,1,4833,True,CQUWyl8bPQYqhXd2IpEZKw
195,2011,6,92,Minneapolis,44.94029198627593,-93.28562980406645,8YU8MFIWZjKvG2o9yLJ83Q,88,1,3128,5,4836,True,8YU8MFIWZjKvG2o9yLJ83Q
4696,2011,6,160,Minneapolis,44.98883733046665,-93.24046534041828,JsE7EeEygwbrNsnU6IsvtA,2527,0,3129,5,4838,True,JsE7EeEygwbrNsnU6IsvtA
130,2007,7,53,Minneapolis,44.93932475841041,-93.26001435367182,FUihZQo2jtWE8ZzMvH9Qng,584,1,3130,2,4840,True,FUihZQo2jtWE8ZzMvH9Qng
5270,2007,7,146,Minneapolis,44.99526713877764,-93.2121564157044,kYra_wSTcdjfeWU2OoZc-w,1206,1,3133,1,4847,True,kYra_wSTcdjfeWU2OoZc-w
2621,2011,10,196,Minneapolis,44.96627990392811,-93.22600312245748,b6qRjRDjNtUNzeEb6tRuLg,2531,0,3135,6,4854,True,b6qRjRDjNtUNzeEb6tRuLg
5270,2009,8,333,Minneapolis,44.99523628631722,-93.2121363108026,M9Jbpfs5LEANmuHWFaejJQ,1206,0,1293,4,4857,True,M9Jbpfs5LEANmuHWFaejJQ
2047,2011,9,298,Minneapolis,44.96030366778112,-93.25356557693108,NLuPOG3MgFrfPvd2aEf8ng,1635,0,1806,4,4859,True,NLuPOG3MgFrfPvd2aEf8ng
2441,2019,6,139,Minneapolis,44.96352476200823,-93.22329767625416,1Zg_exFpSQvoVOIewehHZg,164,1,2364,9,4861,True,1Zg_exFpSQvoVOIewehHZg
5134,2019,6,231,Minneapolis,44.99415782801118,-93.26237491986356,sP4prR8Fz3NFDBQNBRgFbA,2533,0,3137,1,4862,True,sP4prR8Fz3NFDBQNBRgFbA
1757,2019,6,265,Minneapolis,44.95731406673692,-93.27114147507896,l1HXqsGK9SKde-LL5_JcYQ,2534,0,3138,2,4865,True,l1HXqsGK9SKde-LL5_JcYQ
1338,2009,10,44,Minneapolis,44.9521108955142,-93.23531261201128,MVLXUw2S024N9FvTBdCSjQ,2135,1,3141,2,4870,True,MVLXUw2S024N9FvTBdCSjQ
2789,2013,8,98,Minneapolis,44.96827337950548,-93.23958553784512,xHeYMC9MXWsNmA3May7gzQ,375,0,381,7,4871,True,xHeYMC9MXWsNmA3May7gzQ
380,2019,5,129,Minneapolis,44.942248020265,-93.28308138113948,vkpdJjZX1FzuYmYSGIzV1A,666,2,3142,1,4874,True,vkpdJjZX1FzuYmYSGIzV1A
1057,2011,9,234,Minneapolis,44.94926797309108,-93.24233839582143,yuAWU0n6Xpt9bt_VQ66l3w,814,1,2702,3,4876,True,yuAWU0n6Xpt9bt_VQ66l3w
1779,2016,8,101,Minneapolis,44.95735112184339,-93.24919322316732,91C38mB9SUqDl-3nNl41kQ,1788,0,2010,3,4877,True,91C38mB9SUqDl-3nNl41kQ
2640,2019,5,232,Minneapolis,44.96733884101051,-93.29820804090768,WquFD0clNFslV8yFg58CRg,2536,0,3143,2,4878,True,WquFD0clNFslV8yFg58CRg
4408,2011,6,38,Minneapolis,44.98640314253463,-93.25892759635866,9SvvWJwuhbzA6mHuZ1X2YQ,2132,0,2491,3,4879,True,9SvvWJwuhbzA6mHuZ1X2YQ
1086,2007,7,102,Minneapolis,44.94936572856797,-93.21401487576968,kykVlSRimr0CrT09335-tw,2279,1,3146,4,4883,True,kykVlSRimr0CrT09335-tw
612,2016,9,66,Minneapolis,44.94428236003724,-93.23306902819182,syAO8DApBMxELSKhQ8Y-oQ,2450,1,3153,2,4898,True,syAO8DApBMxELSKhQ8Y-oQ
2661,2011,6,105,Minneapolis,44.96722312438754,-93.27713480152003,8tASWgy9C6Qsl5QFZs9SSA,2542,0,3155,2,4902,True,8tASWgy9C6Qsl5QFZs9SSA
4440,2011,7,236,Minneapolis,44.98630735235399,-93.23036572781956,J3JvGfG4bSJsZqkLtSQamw,1575,0,1726,7,4904,True,J3JvGfG4bSJsZqkLtSQamw
2713,2009,10,91,Minneapolis,44.96737242277186,-93.22504037544007,9dP9h-1jQOqUMyANaHhc3A,108,1,3157,2,4907,True,9dP9h-1jQOqUMyANaHhc3A
5215,2016,10,89,Minneapolis,44.99558890978937,-93.27034300186168,4_gtyN_K-VB9UPa5kcmVQA,2296,0,2732,3,4911,True,4_gtyN_K-VB9UPa5kcmVQA
1792,2007,7,288,Minneapolis,44.95729174495251,-93.23620504314268,lkzdF6NcimepwIyeiudevQ,2361,1,3159,2,4913,True,lkzdF6NcimepwIyeiudevQ
2103,2017,8,135,Minneapolis,44.96129589210298,-93.28929706546596,snaMGooVjAyT195q9YIuyw,2545,0,3160,2,4916,True,snaMGooVjAyT195q9YIuyw
1067,2015,7,333,Minneapolis,44.94929185553038,-93.23311063720448,IJIef4jeeWdG6Dq9xcIUEQ,2225,1,3161,2,4917,True,IJIef4jeeWdG6Dq9xcIUEQ
2013,2016,10,184,Minneapolis,44.96032097284192,-93.2880856369607,a-J-sWeKg-cxWoWQQMkzwA,2546,0,3163,6,4921,True,a-J-sWeKg-cxWoWQQMkzwA
443,2011,8,309,Minneapolis,44.94227437941642,-93.22038474310122,UwwuKB2BNoElxHILrLCC8Q,2056,1,3166,2,4930,True,UwwuKB2BNoElxHILrLCC8Q
2529,2009,10,337,Minneapolis,44.96533686990885,-93.22720300323073,fsANEyFneJnudjBXn58Pow,2547,0,3167,2,4931,True,fsANEyFneJnudjBXn58Pow
1500,2007,7,43,Minneapolis,44.95429396736116,-93.25374609228126,at6pCUEJvnjUcBonSoBUdQ,2549,0,3170,2,4934,True,at6pCUEJvnjUcBonSoBUdQ
4688,2018,10,263,Minneapolis,44.98931556963128,-93.2561897657525,t1vO0PBqxTA3aLiqkbcN7w,681,0,699,10,4937,True,t1vO0PBqxTA3aLiqkbcN7w
3842,2009,7,170,Minneapolis,44.98028377923003,-93.28526721323104,FbGJjiIflfUmJ4IRf5GXIA,1721,0,1921,5,4942,True,FbGJjiIflfUmJ4IRf5GXIA
304,2014,10,206,Minneapolis,44.9414032620267,-93.26812918747476,chSBbijDFW4zhvhD7u--Ow,1900,1,2670,4,4943,True,chSBbijDFW4zhvhD7u--Ow
266,2011,8,253,Minneapolis,44.9403435635039,-93.21533149393936,LHIfExTAf7y0ffCE09Odtw,2550,0,3172,2,4946,True,LHIfExTAf7y0ffCE09Odtw
4878,2019,7,190,Minneapolis,44.99154229403972,-93.24118767814088,1yEZvkmeehbipDSBghRfJA,1672,0,1851,5,4947,True,1yEZvkmeehbipDSBghRfJA
5040,2011,6,247,Minneapolis,44.99319105472061,-93.26530806058028,ewTJ1KWOkf6XHMxcY0iliQ,2551,0,3173,2,4948,True,ewTJ1KWOkf6XHMxcY0iliQ
4794,2007,7,247,Minneapolis,44.98938375892865,-93.24193218434856,C0rkn9CmhaT4XUWGW3ZAoA,1464,2,3174,2,4951,True,C0rkn9CmhaT4XUWGW3ZAoA
1859,2011,9,106,Minneapolis,44.95829177531323,-93.26003208149764,ytvmm9jMxWEjFxA0ToQGbA,2552,0,3175,4,4956,True,ytvmm9jMxWEjFxA0ToQGbA
5175,2019,6,125,Minneapolis,44.9943431192595,-93.22284761327212,LGJn6lQbYmPgNRG90by12g,2553,0,3176,2,4960,True,LGJn6lQbYmPgNRG90by12g
4215,2007,7,135,Minneapolis,44.98427015500229,-93.27220256616869,Q2mToC9az4ungb8KUF9wBA,2448,1,3177,2,4961,True,Q2mToC9az4ungb8KUF9wBA
1366,2019,5,352,Minneapolis,44.95325833115304,-93.2978867905575,SImirWDfB7bcp54DVWeM5g,1348,0,1456,8,4967,True,SImirWDfB7bcp54DVWeM5g
2330,2014,9,10,Minneapolis,44.96329002930106,-93.24411596809624,XkgrWYoL_EzXJQFQpThw5Q,1069,0,1130,6,4970,True,XkgrWYoL_EzXJQFQpThw5Q
3677,2017,8,184,Minneapolis,44.97814327947866,-93.25935529288702,lrkpRuuVPuJCJg7Xo892kg,768,0,793,10,4976,True,lrkpRuuVPuJCJg7Xo892kg
4872,2009,7,178,Minneapolis,44.99134854239749,-93.24718362894588,hii-UxeM9XNMX8p3toaqrg,2554,0,3179,1,4978,True,hii-UxeM9XNMX8p3toaqrg
1401,2009,10,99,Minneapolis,44.95329864756723,-93.26261516713812,DvqmtkKacsoZ6vIu2ZJeFw,623,1,3180,2,4979,True,DvqmtkKacsoZ6vIu2ZJeFw
1801,2019,6,250,Minneapolis,44.95737128730023,-93.22711311542004,UfIs55dk4-9Jes4a7SN1TQ,2555,0,3181,1,4980,True,UfIs55dk4-9Jes4a7SN1TQ
875,2007,7,347,Minneapolis,44.94753418209834,-93.24319122029422,c8i923ARnBQPWRZtU57CWg,1708,1,2867,4,4986,True,c8i923ARnBQPWRZtU57CWg
1561,2017,8,122,Minneapolis,44.95553354388606,-93.28498483201192,MAj3wPf4q2_yqK4unFyfCg,2043,0,2368,6,4987,True,MAj3wPf4q2_yqK4unFyfCg
81,2011,8,190,Minneapolis,44.93827368005164,-93.21788422462512,5DdBMAzuQqKcZJO_QyyWQw,1000,0,1054,3,4990,True,5DdBMAzuQqKcZJO_QyyWQw
349,2014,9,80,Minneapolis,44.94140928875269,-93.22325102845252,ymVbm-nLyMRS36eQQHpzIw,2557,0,3184,1,4993,True,ymVbm-nLyMRS36eQQHpzIw
3413,2008,10,95,Minneapolis,44.97527800083972,-93.25312645145816,ruVDnqjYQYgT4YhNMx2t6A,226,1,3185,1,4994,True,ruVDnqjYQYgT4YhNMx2t6A
4011,2019,6,237,Minneapolis,44.98233956291719,-93.28825475471066,YtXKIUKxF-8XPJGOOqw-RQ,2558,0,3186,5,4995,True,YtXKIUKxF-8XPJGOOqw-RQ
3691,2009,6,108,Minneapolis,44.97756264524993,-93.24909337682608,faU95UPVTGkfURL2LR8SyA,974,1,3187,4,5000,True,faU95UPVTGkfURL2LR8SyA
4602,2009,6,293,Minneapolis,44.98845212333347,-93.25346818359832,RiyCnkyGYKnF2sibaohvYA,2308,0,2750,8,5004,True,RiyCnkyGYKnF2sibaohvYA
2625,2013,8,191,Minneapolis,44.96623427426596,-93.22208323711726,179N2oMSnZ4TvTuJyEILVQ,2272,0,2697,3,5006,True,179N2oMSnZ4TvTuJyEILVQ
533,2014,8,349,Minneapolis,44.94323761408614,-93.22106764442522,qM5BOOWO1gZyK90kd1GQAQ,1956,1,2390,3,5009,True,qM5BOOWO1gZyK90kd1GQAQ
5203,2014,9,32,Minneapolis,44.99537908579064,-93.27657767774576,IPWgbYSn1c1kf92HIO8ZYg,520,1,2587,10,5011,True,IPWgbYSn1c1kf92HIO8ZYg
4509,2016,10,66,Minneapolis,44.9871190780001,-93.25541439754572,COU22mVsNG1GgmVZ90xD7A,1926,0,2197,7,5014,True,COU22mVsNG1GgmVZ90xD7A
4431,2019,6,314,Minneapolis,44.98625285067185,-93.23724154863636,yBzqJLIJsANeI9vPbZz_8w,121,1,1895,8,5017,True,yBzqJLIJsANeI9vPbZz_8w
15,2007,7,343,Minneapolis,44.93827661511026,-93.28437765780932,iXsT4SAW0yagNuouUvjBiA,782,1,3190,2,5019,True,iXsT4SAW0yagNuouUvjBiA
2008,2012,6,236,Minneapolis,44.96028591291422,-93.29324422403369,Cvw0FqvZwlsZ8X-9_X5T4Q,771,1,2772,5,5028,True,Cvw0FqvZwlsZ8X-9_X5T4Q
2413,2009,7,188,Minneapolis,44.96422190639156,-93.25165955479788,iS0RIkTsUs1V-aBJOKC8qg,852,1,3193,1,5029,True,iS0RIkTsUs1V-aBJOKC8qg
2654,2017,8,308,Minneapolis,44.96724910240314,-93.28422960514568,q_MbXaVGqYW5ZbmgnHqxlA,2562,0,3194,1,5030,True,q_MbXaVGqYW5ZbmgnHqxlA
5076,2016,10,354,Minneapolis,44.99333367663578,-93.22403518501608,QelaZJUElUh5-Mc9-JDNyw,523,1,3197,1,5040,True,QelaZJUElUh5-Mc9-JDNyw
3530,2011,7,138,Minneapolis,44.97630456830768,-93.2220465193271,OMq68mMoVUNa8IWKT9i0XA,1169,0,1247,5,5047,True,OMq68mMoVUNa8IWKT9i0XA
4413,2011,6,145,Minneapolis,44.98637311548913,-93.25334009503776,dXO44MKfIzubTJ4TdKgxhw,24,0,24,3,5051,True,dXO44MKfIzubTJ4TdKgxhw
2691,2009,6,252,Minneapolis,44.96729335029546,-93.24727806885984,vk94t07M-7WOQHIJAuda7g,2564,0,3198,2,5056,True,vk94t07M-7WOQHIJAuda7g
4523,2007,6,213,Minneapolis,44.98741264063485,-93.23457260997463,ldLIG5jROZgIGYIenxljpg,2430,1,3200,1,5059,True,ldLIG5jROZgIGYIenxljpg
1962,2018,8,227,Minneapolis,44.95913139708112,-93.24815467024898,hVX3XqksgQ0TMiGioAW7pQ,1663,1,3203,3,5064,True,hVX3XqksgQ0TMiGioAW7pQ
1355,2019,6,119,Minneapolis,44.95200414117367,-93.21812945362986,PM9dHNtae9upr53A-9GvgQ,2395,0,2901,4,5065,True,PM9dHNtae9upr53A-9GvgQ
4065,2017,8,144,Minneapolis,44.9819670937367,-93.23941254962112,v048x4mZg_9LiufPiN_zpg,368,0,374,13,5071,True,v048x4mZg_9LiufPiN_zpg
176,2011,8,278,Minneapolis,44.93930752398087,-93.21401300943428,4WrlrWnN-OXTzoXYcNlwYg,2568,0,3205,3,5072,True,4WrlrWnN-OXTzoXYcNlwYg
2194,2011,9,13,Minneapolis,44.9622810851405,-93.28928356312773,RO0jbJfMqAn2ApusZxz6_Q,1290,1,3208,3,5080,True,RO0jbJfMqAn2ApusZxz6_Q
4650,2015,7,148,Minneapolis,44.98927617927673,-93.28545082622534,1-4bGXTPFWvm_sTysug3zQ,797,1,3213,1,5092,True,1-4bGXTPFWvm_sTysug3zQ
2854,2014,9,285,Minneapolis,44.96918380746006,-93.2661892823351,84XSqAwBxTnwfJ4Ak-tdaA,84,1,3214,1,5094,True,84XSqAwBxTnwfJ4Ak-tdaA
3567,2016,11,317,Minneapolis,44.97695891230023,-93.28205931268542,xsYyZZTo_f_hEvMhmJCv5g,1279,2,3215,2,5097,True,xsYyZZTo_f_hEvMhmJCv5g
1483,2014,9,44,Minneapolis,44.95426043316859,-93.272018775525,9kO8VhQfOPqmKNNglyDqCw,2575,0,3217,3,5102,True,9kO8VhQfOPqmKNNglyDqCw
4709,2014,10,97,Minneapolis,44.98935702087246,-93.23628846531582,AQQhON0C-M5QoDNusUhRww,928,0,972,10,5103,True,AQQhON0C-M5QoDNusUhRww
1775,2019,6,138,Minneapolis,44.95736964495116,-93.2531770777633,94QHNPhqBsAQ0WBtXwIDdA,2576,0,3218,3,5111,True,94QHNPhqBsAQ0WBtXwIDdA
1699,2017,8,77,Minneapolis,44.95629053469513,-93.2377388645778,T84QWww4T8VTywPYXxp9aw,1581,0,1734,4,5112,True,T84QWww4T8VTywPYXxp9aw
374,2007,7,34,Minneapolis,44.94230339035958,-93.28946003252618,E-t-UjqVyIfzI4dN1a0egQ,1127,1,3219,1,5116,True,E-t-UjqVyIfzI4dN1a0egQ
5151,2019,6,291,Minneapolis,44.99433051008828,-93.23972448083929,CW-hU3vHksR8iIcURxdlCw,2577,0,3220,2,5117,True,CW-hU3vHksR8iIcURxdlCw
1573,2007,7,184,Minneapolis,44.9555311073107,-93.27315447772592,F3biZhZ9egYfanXvmIq-Aw,976,1,3221,3,5118,True,F3biZhZ9egYfanXvmIq-Aw
4332,2019,6,147,Minneapolis,44.98540318904222,-93.24650994477088,EJU8NzLsrh0gf8xNW5ubWg,393,1,3222,2,5119,True,EJU8NzLsrh0gf8xNW5ubWg
1812,2013,8,297,Minneapolis,44.95671274426544,-93.2167779951483,F3HBr-gCI1Cz5l-9GsOfhA,1176,1,3223,1,5122,True,F3HBr-gCI1Cz5l-9GsOfhA
2798,2009,7,62,Minneapolis,44.96768231919887,-93.23148804026336,L-_5fYHGP8zB2Cg81_sLKQ,885,1,3224,2,5126,True,L-_5fYHGP8zB2Cg81_sLKQ
5170,2019,7,230,Minneapolis,44.99520224515906,-93.2203262260524,sQxjuwc5ghgDdGZq5I4zDA,396,2,1657,3,5127,True,sQxjuwc5ghgDdGZq5I4zDA
728,2019,5,168,Minneapolis,44.94657274394349,-93.29920905115216,FKCWebCZcAx2hG0iesUpkA,2579,0,3226,5,5129,True,FKCWebCZcAx2hG0iesUpkA
2175,2014,9,292,Minneapolis,44.96177101501542,-93.21649596611454,r-p6okSj9iiC0YQVbuhsJg,1494,1,3229,4,5136,True,r-p6okSj9iiC0YQVbuhsJg
2965,2019,6,155,Minneapolis,44.97032236779074,-93.24572072496748,uw24GZ0jRU1pyBY1VZZJdw,919,0,961,6,5141,True,uw24GZ0jRU1pyBY1VZZJdw
877,2007,7,253,Minneapolis,44.9472929625238,-93.24068117053532,Qn5luqwT63XN4q_Am-6Ywg,448,1,3230,2,5142,True,Qn5luqwT63XN4q_Am-6Ywg
3097,2017,11,72,Minneapolis,44.97230915816149,-93.29624540031703,JFaQ5_2zXfIr51xrY01whg,2581,0,3231,1,5146,True,JFaQ5_2zXfIr51xrY01whg
4340,2007,6,73,Minneapolis,44.98539185551809,-93.23740784624412,RZmNDr_ELri7DV6oDUpMJQ,2582,0,3232,3,5147,True,RZmNDr_ELri7DV6oDUpMJQ
3108,2019,5,1,Minneapolis,44.97222586443616,-93.2852496386238,SdZaSZLtxxTVnt0QoDzcHA,2329,0,2787,7,5149,True,SdZaSZLtxxTVnt0QoDzcHA
2524,2014,9,15,Minneapolis,44.96530678501342,-93.23219199988516,NxS_oMM4vA__AzTp32GJvg,824,0,857,5,5150,True,NxS_oMM4vA__AzTp32GJvg
324,2019,6,188,Minneapolis,44.94136448203214,-93.24810739288004,trPCoJa5u7V9yslvOnVmGA,1459,0,1596,3,5152,True,trPCoJa5u7V9yslvOnVmGA
2532,2013,9,71,Minneapolis,44.96600993204868,-93.2232334708951,bwwxuMddUzXizhJVbZyG6A,1329,0,1433,7,5155,True,bwwxuMddUzXizhJVbZyG6A
3356,2009,10,61,Minneapolis,44.97394268015805,-93.2194265616534,NlL0_qMyr3GwFjzwCEkYCw,2584,0,3234,4,5156,True,NlL0_qMyr3GwFjzwCEkYCw
2705,2013,8,82,Minneapolis,44.9672578842661,-93.23314305411076,XE3IVRXNBRBENQA7TY-dBg,2585,0,3236,6,5162,True,XE3IVRXNBRBENQA7TY-dBg
4171,2011,6,123,Minneapolis,44.9842382955155,-93.220138590866,3oIh2AqWwr4Hv_Xjhs8Aiw,689,0,710,4,5164,True,3oIh2AqWwr4Hv_Xjhs8Aiw
1292,2007,7,104,Minneapolis,44.95231879986665,-93.28133537682434,z55SJ0UdNeFU8Q5kmwremg,2586,0,3238,2,5167,True,z55SJ0UdNeFU8Q5kmwremg
3173,2007,6,89,Minneapolis,44.9724458616765,-93.22039882267048,YlICaCw5mtQAiEFwcq2Eog,18,1,3239,2,5168,True,YlICaCw5mtQAiEFwcq2Eog
1069,2015,7,345,Minneapolis,44.94930337840816,-93.23159840640363,az0_qbvZf3UeTpDgR9ShlA,875,1,3240,2,5170,True,az0_qbvZf3UeTpDgR9ShlA
4334,2014,9,108,Minneapolis,44.9852125381086,-93.24300544918606,Kbg2uFDXsRSt5PYyAQlAPA,750,0,772,5,5175,True,Kbg2uFDXsRSt5PYyAQlAPA
476,2014,8,165,Minneapolis,44.94333091921821,-93.2779586885991,NCDgFmPboddPKODAyDoscQ,2587,0,3242,5,5178,True,NCDgFmPboddPKODAyDoscQ
2329,2019,6,183,Minneapolis,44.96326379096474,-93.24529435510372,hpP2I7Q6FwYQxPJUUx8GGQ,2467,1,3182,3,5183,True,hpP2I7Q6FwYQxPJUUx8GGQ
4336,2011,7,318,Minneapolis,44.98531234351572,-93.23813074389784,6uL4y-cwgrMDDfmU2upTTQ,382,0,388,3,5187,True,6uL4y-cwgrMDDfmU2upTTQ
4563,2011,6,326,Minneapolis,44.98842640202271,-93.28493230989696,k11c_Yg4BCL9G0zEO9nu0g,624,0,639,6,5189,True,k11c_Yg4BCL9G0zEO9nu0g
4262,2007,6,20,Minneapolis,44.98430411488172,-93.22416642062828,mLdqR_KGgl68uv_UWMoWdQ,2591,0,3246,2,5192,True,mLdqR_KGgl68uv_UWMoWdQ
1836,2014,9,42,Minneapolis,44.95822284039559,-93.28293634794512,nUAsEzUhGwFskMRXXWkgwg,1330,1,2533,3,5193,True,nUAsEzUhGwFskMRXXWkgwg
4356,2009,10,168,Minneapolis,44.98510546043904,-93.21742254407482,5OkCZu0XxbARaRQhJY374g,2592,0,3247,1,5196,True,5OkCZu0XxbARaRQhJY374g
673,2011,6,277,Minneapolis,44.94531561541652,-93.262677298945,1-gfHd2J2nKOX__HXn9d2g,2057,1,3249,4,5207,True,1-gfHd2J2nKOX__HXn9d2g
5015,2017,10,72,Minneapolis,44.99330176663133,-93.29411459357836,cQjQd6blYwk0iVH7mu2QcA,2458,0,3009,5,5210,True,cQjQd6blYwk0iVH7mu2QcA
4345,2019,6,231,Minneapolis,44.98536043018779,-93.22811793276676,AMkLb7mNMpYXlHwSbMubMQ,32,1,1800,3,5216,True,AMkLb7mNMpYXlHwSbMubMQ
144,2019,6,44,Minneapolis,44.93930850617124,-93.24608148140744,UeWBkMUb1xiY04BlUbX7jA,2462,0,3015,6,5219,True,UeWBkMUb1xiY04BlUbX7jA
2861,2018,9,266,Minneapolis,44.96887988042049,-93.25912568466376,KzgxHo0j52nJcIjQUPn0DQ,1791,1,3255,2,5220,True,KzgxHo0j52nJcIjQUPn0DQ
433,2018,9,334,Minneapolis,44.94239461421166,-93.229887788709,_sQY1e-p4p-YExQ1_bXPxw,442,0,451,4,5224,True,_sQY1e-p4p-YExQ1_bXPxw
2681,2009,7,68,Minneapolis,44.96769999489495,-93.2567401379761,al5rGN1Rxyswo4BUSWoS-w,2598,0,3257,2,5225,True,al5rGN1Rxyswo4BUSWoS-w
4956,2017,8,294,Minneapolis,44.99233680855389,-93.25584067458124,lRd-JC9TG13-Xow-JXA4DQ,1851,1,3259,1,5235,True,lRd-JC9TG13-Xow-JXA4DQ
1323,2007,7,28,Minneapolis,44.95227370844567,-93.24995032316636,eyMvQ93rUVyy3Qzc66XzPQ,2600,0,3260,1,5237,True,eyMvQ93rUVyy3Qzc66XzPQ
3446,2020,7,344,Minneapolis,44.97518209313852,-93.22000073508184,CAoSLEFGMVFpcE1pczE5NTdKOHFHbmpVUnktY0pyMmkwcEZrcEdMVGxPTVpDZXNO,1357,1,3262,2,5240,True,CAoSLEFGMVFpcE1pczE5NTdKOHFHbmpVUnktY0pyMmkwcEZrcEdMVGxPTVpDZXNO
4615,2012,8,277,Minneapolis,44.98830260691085,-93.23460320759372,VHQEAJZVf-cWehsEbd8fuA,2282,0,2714,5,5242,True,VHQEAJZVf-cWehsEbd8fuA
4369,2011,7,38,Minneapolis,44.98525329445678,-93.21268312990888,715G8hkMmI8RYbNNdPIjkg,1150,0,1224,3,5245,True,715G8hkMmI8RYbNNdPIjkg
4489,2016,9,343,Minneapolis,44.98724137898463,-93.26727136740922,Ow3MDGMrSscQp38oDr7FuQ,607,1,3267,3,5250,True,Ow3MDGMrSscQp38oDr7FuQ
1701,2011,10,282,Minneapolis,44.9562349192137,-93.23626063334748,4_WaWBERPSWECI7ER-OsHQ,2606,0,3268,2,5251,True,4_WaWBERPSWECI7ER-OsHQ
258,2016,7,23,Minneapolis,44.9402644641219,-93.22296928112556,F15sE1gxIBaLeoTQtbbX3w,2607,0,3269,1,5253,True,F15sE1gxIBaLeoTQtbbX3w
2590,2008,10,355,Minneapolis,44.96637838396261,-93.25720806632896,hk1aqXE7A9vQf-6SkLBvcA,1805,0,2035,6,5271,True,hk1aqXE7A9vQf-6SkLBvcA
1616,2009,10,97,Minneapolis,44.9553154547961,-93.22990796595342,rrfnu5FOGxlvVz2xc6Nh2g,2611,0,3274,2,5273,True,rrfnu5FOGxlvVz2xc6Nh2g
5043,2016,9,72,Minneapolis,44.99320911708175,-93.25638290281977,RY6nvEtJId2IOemohvyq0A,2580,0,3227,4,5274,True,RY6nvEtJId2IOemohvyq0A
3559,2019,6,106,Minneapolis,44.97723466251216,-93.29175274305064,sv-5oiTGkLu3FYbrF-qqcw,2612,0,3275,2,5275,True,sv-5oiTGkLu3FYbrF-qqcw
609,2008,9,334,Minneapolis,44.94441927137817,-93.23583778740154,zQ186EQiCZFCKsbJkrosBg,1433,0,1563,7,5282,True,zQ186EQiCZFCKsbJkrosBg
1259,2014,8,27,Minneapolis,44.95137923903001,-93.22291479836076,_iN6D7SdARnxRmTlcyUxAA,1289,0,1390,5,5283,True,_iN6D7SdARnxRmTlcyUxAA
4023,2016,11,31,Minneapolis,44.98265030651477,-93.27675443327612,CZmrnLeRsn9ksL5NQw5Nog,2615,0,3278,2,5285,True,CZmrnLeRsn9ksL5NQw5Nog
3740,2019,7,154,Minneapolis,44.97893233961252,-93.29020541766744,FyVTWSD4lICr-Z3x9xvNCQ,618,1,3279,4,5286,True,FyVTWSD4lICr-Z3x9xvNCQ
3988,2017,10,136,Minneapolis,44.98222059851751,-93.22611659865431,h90S_qHulSopAMyZ9Gh7_Q,302,0,306,7,5293,True,h90S_qHulSopAMyZ9Gh7_Q
2572,2019,6,20,Minneapolis,44.96630125197267,-93.27523670500284,Mx7ZMTmnFj6GazPMxfAFAw,826,1,3282,2,5294,True,Mx7ZMTmnFj6GazPMxfAFAw
1396,2011,6,78,Minneapolis,44.95332296180687,-93.26772127708574,OJkU1LwgbEPN505j3yebKg,2617,0,3284,5,5300,True,OJkU1LwgbEPN505j3yebKg
1091,2007,7,38,Minneapolis,44.94934074222042,-93.20891074393728,Y1-jZcNN1Rq6-VB6qAynFg,2620,0,3287,3,5308,True,Y1-jZcNN1Rq6-VB6qAynFg
3507,2009,10,180,Minneapolis,44.9764975693125,-93.24864153850277,sf7lgcvdwx0ssaQEMDX_kg,1697,1,3288,1,5313,True,sf7lgcvdwx0ssaQEMDX_kg
2235,2018,10,326,Minneapolis,44.96242678817786,-93.2481715636792,fH5rLikGfkjEPy36BYWHDQ,118,0,119,13,5317,True,fH5rLikGfkjEPy36BYWHDQ
1072,2007,7,288,Minneapolis,44.94935150276323,-93.22841117752894,FZ22Dr7eqpABWavyw-tGCw,2623,0,3291,3,5319,True,FZ22Dr7eqpABWavyw-tGCw
5175,2007,7,303,Minneapolis,44.99432276938194,-93.22281986311862,yqhfWZlnCWaXbhqTVPoy-g,2553,1,3292,2,5320,True,yqhfWZlnCWaXbhqTVPoy-g
3351,2014,9,86,Minneapolis,44.97443061114421,-93.22399010641384,vYKegPV2xCEA0vbtlDMdow,2211,0,2600,6,5321,True,vYKegPV2xCEA0vbtlDMdow
2361,2011,9,105,Minneapolis,44.96332901110755,-93.2128171711939,cwtXYRFU5b_ZuihwCp39cg,1923,1,3297,2,5328,True,cwtXYRFU5b_ZuihwCp39cg
4344,2014,9,359,Minneapolis,44.98536082395908,-93.23113931167372,UL56rfJBRli0LpA22DVaoA,2626,0,3298,2,5329,True,UL56rfJBRli0LpA22DVaoA
4860,2007,7,194,Minneapolis,44.99144226908133,-93.26055646235312,q4s2qBCGXpYgK0rkAn8UMQ,2629,0,3301,2,5333,True,q4s2qBCGXpYgK0rkAn8UMQ
552,2019,5,218,Minneapolis,44.94432346767916,-93.29324833739253,FoqRDXMjH6TMJtx2nG_A_w,784,0,811,6,5334,True,FoqRDXMjH6TMJtx2nG_A_w
4372,2013,8,172,Minneapolis,44.98630198867797,-93.29410239359012,Heg8rlHPrYG3-zH4UAhh5w,1961,1,3303,2,5336,True,Heg8rlHPrYG3-zH4UAhh5w
4494,2007,7,43,Minneapolis,44.98745384255679,-93.26493933843189,fz-8SU99mEnj6h4P5PXzpQ,1207,1,3306,2,5344,True,fz-8SU99mEnj6h4P5PXzpQ
690,2009,10,334,Minneapolis,44.94531787913127,-93.24613803443158,RBbCQJZQIEgsDGZr69hyEw,2631,0,3307,2,5345,True,RBbCQJZQIEgsDGZr69hyEw
2221,2011,6,56,Minneapolis,44.96228371811227,-93.26256420494173,wqABysx3Ey50Mq6wRb10wQ,114,1,3308,1,5347,True,wqABysx3Ey50Mq6wRb10wQ
2616,2016,9,23,Minneapolis,44.96531062994552,-93.2310647484891,3Husvb5udZeDhkC5r4KXdw,1315,2,3309,5,5348,True,3Husvb5udZeDhkC5r4KXdw
1955,2007,7,0,Minneapolis,44.959146968447,-93.25514483337656,ErPh6mm5WNOH2XzCBJ70GQ,1644,0,1818,5,5355,True,ErPh6mm5WNOH2XzCBJ70GQ
3767,2019,6,73,Minneapolis,44.97948386099007,-93.26591578475416,xX07UxePziSoI7FSk6xUCA,2423,0,2955,9,5358,True,xX07UxePziSoI7FSk6xUCA
28,2019,5,202,Minneapolis,44.93827201913365,-93.27148718996456,Ag6z7gJbbppoY49VSYAz1g,2634,0,3313,2,5359,True,Ag6z7gJbbppoY49VSYAz1g
1239,2011,8,224,Minneapolis,44.95135746160311,-93.24265932492474,wa31ZoH92TiDFmQFMCz_OA,2540,1,3315,5,5362,True,wa31ZoH92TiDFmQFMCz_OA
3289,2008,10,295,Minneapolis,44.97443851154421,-93.28621599068263,wLWED3_XI1MJA9kmGeDExQ,1689,0,1877,6,5363,True,wLWED3_XI1MJA9kmGeDExQ
2730,2014,9,6,Minneapolis,44.96835446984661,-93.29899571919242,b3kcrqQfgjuvnPvdaKV-Jg,2636,0,3316,2,5365,True,b3kcrqQfgjuvnPvdaKV-Jg
2288,2019,5,272,Minneapolis,44.96346095047613,-93.28607824492302,hT84FuT-P9Nmz8LKpInt-g,1185,1,3317,2,5366,True,hT84FuT-P9Nmz8LKpInt-g
2518,2019,6,358,Minneapolis,44.96467844972039,-93.23811954472538,FdFewO7AfSWk78smOJQd7A,1064,0,1123,4,5369,True,FdFewO7AfSWk78smOJQd7A
1550,2011,7,15,Minneapolis,44.95556788956892,-93.29617595701744,PrzthCmJNOun56aZTwdj2Q,1011,0,1066,8,5370,True,PrzthCmJNOun56aZTwdj2Q
4663,2016,8,29,Minneapolis,44.98913866673508,-93.27435333959082,vN6mV_FFuN2C-8Mfzf9ayw,2637,0,3318,4,5371,True,vN6mV_FFuN2C-8Mfzf9ayw
476,2008,10,342,Minneapolis,44.94333202133061,-93.27791003553556,8D2JDCd98aWdDP-iVwacyA,2587,1,3320,4,5376,True,8D2JDCd98aWdDP-iVwacyA
5054,2013,8,287,Minneapolis,44.99307476429245,-93.25313002639412,JcMZ3us3AspNustXrqYWHA,2639,0,3321,1,5378,True,JcMZ3us3AspNustXrqYWHA
4206,2019,7,155,Minneapolis,44.98429002486647,-93.28113247448898,70g1BKeyZMRLNnWro5ENOg,2622,0,3290,5,5379,True,70g1BKeyZMRLNnWro5ENOg
3747,2019,7,233,Minneapolis,44.97900067620255,-93.28321336742046,sIZd5AuOw5xUqyftvpFlmQ,636,0,651,7,5383,True,sIZd5AuOw5xUqyftvpFlmQ
770,2016,8,135,Minneapolis,44.94656327717535,-93.2571184917575,Tn4isxvaHua1AgcCBf662A,106,0,106,8,5384,True,Tn4isxvaHua1AgcCBf662A
3288,2008,10,210,Minneapolis,44.97432532560638,-93.287102438677,tBMkDSeGiOx5WYDg97VMXA,2640,0,3323,6,5385,True,tBMkDSeGiOx5WYDg97VMXA
2603,2011,6,358,Minneapolis,44.96632668663995,-93.24405363901134,kVKoY8SdviPZbal7mNtpWA,2641,0,3324,1,5386,True,kVKoY8SdviPZbal7mNtpWA
4697,2019,6,55,Minneapolis,44.98935772903905,-93.2433955455902,_p08kq01XRrXj-dAdTS0FA,94,2,3325,1,5391,True,_p08kq01XRrXj-dAdTS0FA
725,2017,8,62,Minneapolis,44.94527476624379,-93.21140690317692,k9NhbF2XD1ZIRxO_Tw-xLw,2642,0,3326,2,5392,True,k9NhbF2XD1ZIRxO_Tw-xLw
468,2011,8,28,Minneapolis,44.94326652248805,-93.28558857743444,DjvXyb-bNfiGK5rlLZf8zg,1745,0,1954,3,5395,True,DjvXyb-bNfiGK5rlLZf8zg
3137,2019,6,326,Minneapolis,44.97221154383379,-93.25589699975336,orwOicML_-b-H4ph6YVaMw,1551,0,1698,5,5397,True,orwOicML_-b-H4ph6YVaMw
4528,2015,10,46,Minneapolis,44.98727619028929,-93.23041224811855,i3nwscTYMFT9jvCuwZow_w,1217,0,1304,5,5405,True,i3nwscTYMFT9jvCuwZow_w
976,2007,7,278,Minneapolis,44.94828430143373,-93.23313738177691,8hlo2ZqIRqOyRdmBM40I5w,419,1,2274,3,5406,True,8hlo2ZqIRqOyRdmBM40I5w
784,2009,10,291,Minneapolis,44.94657147456168,-93.24312068230287,irZXZB4AQu6fAvtNhta36w,508,1,3331,1,5408,True,irZXZB4AQu6fAvtNhta36w
135,2016,9,203,Minneapolis,44.93928438264814,-93.2549869913594,syk7KIav8yApZo80pBMkyA,902,2,3336,2,5415,True,syk7KIav8yApZo80pBMkyA
2858,2009,7,249,Minneapolis,44.96932644587296,-93.2625456051442,Qf0VPVYpyzjTZSSSpNyHHw,1460,1,3337,1,5416,True,Qf0VPVYpyzjTZSSSpNyHHw
4102,2011,7,108,Minneapolis,44.98270508405483,-93.2959724634526,jRfPLUyAiS4eS84qbh8vuA,2649,0,3339,1,5418,True,jRfPLUyAiS4eS84qbh8vuA
4746,2019,7,242,Minneapolis,44.99023979393163,-93.28384765867077,YXBWkysRieWjB1rUlFebeA,1753,1,3340,8,5419,True,YXBWkysRieWjB1rUlFebeA
2274,2019,6,190,Minneapolis,44.96243790630633,-93.2090243244398,LXm866OyHAHYhtE_jZXhMQ,2650,0,3341,6,5420,True,LXm866OyHAHYhtE_jZXhMQ
75,2009,10,25,Minneapolis,44.93835291878502,-93.2243549832038,74PIc0USwSZN0_Vfxofojw,2389,1,3342,2,5429,True,74PIc0USwSZN0_Vfxofojw
2435,2013,8,34,Minneapolis,44.96426319701168,-93.23001241501194,E4nIYb7o7pHCQLktZ78CNQ,625,0,640,8,5430,True,E4nIYb7o7pHCQLktZ78CNQ
4805,2019,6,225,Minneapolis,44.99026862191646,-93.22155258773496,zLaLNbrzdLUoEEPjTG0s-g,1845,1,3344,2,5432,True,zLaLNbrzdLUoEEPjTG0s-g
2993,2009,10,240,Minneapolis,44.97030241932717,-93.21786636173348,hiuhxgYCwihcbPp81goZ2w,467,0,476,7,5433,True,hiuhxgYCwihcbPp81goZ2w
3546,2017,8,288,Minneapolis,44.97731734558766,-93.2994714686742,spRNk4YYTsjbuHGddeGEJQ,1918,1,3345,3,5435,True,spRNk4YYTsjbuHGddeGEJQ
4184,2009,6,54,Minneapolis,44.98376114486675,-93.21056929618572,FaYUJHmbgbtlsJjJG8bObQ,2652,0,3346,4,5441,True,FaYUJHmbgbtlsJjJG8bObQ
4997,2019,6,122,Minneapolis,44.99231795648208,-93.21772775690468,kV8NHDUo-ODZoApI2_LG0Q,2523,1,3347,1,5442,True,kV8NHDUo-ODZoApI2_LG0Q
1461,2011,9,250,Minneapolis,44.95422608578977,-93.294455283803,Y80uVfzAcr-gAW9LrLfH_A,752,1,3354,2,5453,True,Y80uVfzAcr-gAW9LrLfH_A
4493,2016,9,351,Minneapolis,44.9879469286374,-93.26991696499547,WFu77B8vzz8IEciFyyMDRA,2278,0,2708,9,5456,True,WFu77B8vzz8IEciFyyMDRA
4539,2009,10,325,Minneapolis,44.98699362772557,-93.22063319585372,krohiD4YH-CYY9AQuhbD2g,2658,0,3355,2,5457,True,krohiD4YH-CYY9AQuhbD2g
4409,2011,6,203,Minneapolis,44.98654379550742,-93.25581415418507,QPvxQ6CvkJGl5R16JDbn6w,2421,1,3356,2,5458,True,QPvxQ6CvkJGl5R16JDbn6w
708,2011,8,68,Minneapolis,44.94529126018431,-93.22843058325644,X1lR2HfWZEEitIAI7NgC0A,1642,1,3358,3,5460,True,X1lR2HfWZEEitIAI7NgC0A
757,2014,10,21,Minneapolis,44.94627584527726,-93.27027307309152,K7elTGVc4rSSj-8XgtreFg,1669,1,3359,3,5461,True,K7elTGVc4rSSj-8XgtreFg
4976,2011,6,234,Minneapolis,44.99236797239848,-93.2307931666716,JZKn5TRBnaNmI1Q9TpS1Rw,2660,0,3361,2,5463,True,JZKn5TRBnaNmI1Q9TpS1Rw
3690,2016,11,347,Minneapolis,44.97828505398949,-93.2440702139203,kDT2UBJZidHPj5SorSNY1w,47,2,3362,1,5465,True,kDT2UBJZidHPj5SorSNY1w
2973,2011,6,142,Minneapolis,44.96961445782111,-93.23888449017429,fGJuVzWIAByKFppD9KnN6Q,1774,0,1991,5,5466,True,fGJuVzWIAByKFppD9KnN6Q
1944,2011,9,264,Minneapolis,44.95909999410743,-93.26610344357248,Bg6NQsKy9bH4nBzuZp-wkg,2190,1,3364,2,5474,True,Bg6NQsKy9bH4nBzuZp-wkg
3530,2015,9,303,Minneapolis,44.97628171734387,-93.22197669419694,0t3LxkDkjxUhD0gka3iROQ,1169,1,3366,1,5477,True,0t3LxkDkjxUhD0gka3iROQ
584,2014,9,349,Minneapolis,44.94426792151814,-93.26136198818516,_haNNdJPQgfh7d8TAnRyow,2411,1,3367,2,5481,True,_haNNdJPQgfh7d8TAnRyow
4729,2012,8,225,Minneapolis,44.98932115456859,-93.21646155450328,9WWaqrixbHRRAh-yn3ytyA,1215,1,3368,2,5483,True,9WWaqrixbHRRAh-yn3ytyA
2162,2019,6,267,Minneapolis,44.96128112115556,-93.22986429758326,1VHvQJtaIyPyIjKtNt1n_w,1023,2,3369,1,5485,True,1VHvQJtaIyPyIjKtNt1n_w
4809,2007,6,267,Minneapolis,44.99035825013677,-93.22282416797762,ps6xrxczXu8DlDYGqqYQ6g,2663,0,3371,2,5490,True,ps6xrxczXu8DlDYGqqYQ6g
4484,2017,8,161,Minneapolis,44.98745576985346,-93.27199995713764,-UUerVye9qhucXzd06DQiw,2664,0,3372,2,5494,True,-UUerVye9qhucXzd06DQiw
2138,2007,7,274,Minneapolis,44.96093625706435,-93.25407747708768,ZdzbHh1fq8GgTt1MXd0lqQ,1458,0,1595,7,5498,True,ZdzbHh1fq8GgTt1MXd0lqQ
540,2014,8,328,Minneapolis,44.94327167072895,-93.2141141407127,Aq7YoPHAErWGxv3JY2enrQ,2051,2,3375,1,5503,True,Aq7YoPHAErWGxv3JY2enrQ
563,2007,7,89,Minneapolis,44.94475577315356,-93.28210160129376,T8N9yfNyC5WWMxfxEWihRQ,1151,0,1226,5,5505,True,T8N9yfNyC5WWMxfxEWihRQ
5025,2011,6,79,Minneapolis,44.99312203622836,-93.2811064002073,JJ0unQrUliOUyTaS_VQqbA,2669,0,3380,2,5517,True,JJ0unQrUliOUyTaS_VQqbA
1523,2011,10,283,Minneapolis,44.95380585609418,-93.23216698006534,Qq3UcHyohivyzVN2fQ5-8g,2328,0,2784,3,5520,True,Qq3UcHyohivyzVN2fQ5-8g
2574,2009,6,83,Minneapolis,44.96627743238656,-93.27310174513626,qYT-8fjE2RQdKZK4GxWXFg,1490,1,3382,1,5524,True,qYT-8fjE2RQdKZK4GxWXFg
4008,2019,7,29,Minneapolis,44.98273308954523,-93.29473404102856,xlCN5v8onD6gh20MfcquNw,2473,0,3035,7,5529,True,xlCN5v8onD6gh20MfcquNw
328,2019,6,110,Minneapolis,44.94135370644304,-93.24407620781125,QbupdyvEwRFDR2cvHmGsHA,1375,1,3384,3,5532,True,QbupdyvEwRFDR2cvHmGsHA
5232,2014,9,159,Minneapolis,44.995093354715,-93.25305190248388,BrIb0_dj-FLSHmWjh1jjAw,2672,0,3388,1,5539,True,BrIb0_dj-FLSHmWjh1jjAw
3770,2011,6,65,Minneapolis,44.97928475856096,-93.26102912672572,5iaaoAYn2l7pVSeWwRTruQ,1692,0,1883,5,5541,True,5iaaoAYn2l7pVSeWwRTruQ
4564,2017,8,93,Minneapolis,44.9881660227835,-93.28231636856304,wvGiCL4j0Bq5LoqwgOoXVA,871,1,3389,2,5542,True,wvGiCL4j0Bq5LoqwgOoXVA
4598,2013,9,7,Minneapolis,44.98871842633703,-93.24670653964334,3bHWFxxYmsYDuHOy5T7eMw,2674,0,3391,2,5546,True,3bHWFxxYmsYDuHOy5T7eMw
585,2009,10,76,Minneapolis,44.94427938736879,-93.26008377652064,tgdjZkMHo6aB7-iVnQyOFg,2364,0,2845,3,5549,True,tgdjZkMHo6aB7-iVnQyOFg
1406,2007,7,38,Minneapolis,44.95331393826108,-93.25753977751364,aDJfcEuscI79RLc7_Yk1Ug,645,1,3394,2,5551,True,aDJfcEuscI79RLc7_Yk1Ug
899,2019,6,192,Minneapolis,44.94726729878678,-93.2191153329468,VAfokbJsve8KlA5mwVIbsQ,2678,0,3396,3,5557,True,VAfokbJsve8KlA5mwVIbsQ
4952,2009,7,258,Minneapolis,44.99232894389807,-93.25922835376043,VW8jg5lxOOynwV2_uNxFUQ,1588,1,3397,1,5560,True,VW8jg5lxOOynwV2_uNxFUQ
3883,2011,7,118,Minneapolis,44.9805240571054,-93.2329812912932,8ay2iobAAbjRpGIwSaMd0w,2365,0,2846,4,5571,True,8ay2iobAAbjRpGIwSaMd0w
4976,2019,6,40,Minneapolis,44.99234273678704,-93.23075968479976,QLKpkhScyWuFgdUYQ2aXVQ,2660,1,3404,4,5574,True,QLKpkhScyWuFgdUYQ2aXVQ
774,2014,10,191,Minneapolis,44.94653965383652,-93.25321019965212,Jk2JyyRWtL_ZS7F4Qyir6Q,820,1,3405,2,5577,True,Jk2JyyRWtL_ZS7F4Qyir6Q
5077,2009,10,253,Minneapolis,44.99325811615432,-93.226700668044,WtTjj3aghbjBOmMkLfeNXQ,2380,1,3407,1,5585,True,WtTjj3aghbjBOmMkLfeNXQ
1994,2014,9,245,Minneapolis,44.96035377463761,-93.21454775653493,qnsQOLaLdam-rjzBMdYO3Q,2148,0,2510,4,5588,True,qnsQOLaLdam-rjzBMdYO3Q
1190,2011,6,175,Minneapolis,44.95127545809159,-93.29190620756232,XNcdB2jQm9leHxX6RBx1tA,1284,1,3411,1,5595,True,XNcdB2jQm9leHxX6RBx1tA
4465,2013,8,283,Minneapolis,44.9873284463058,-93.2928611238898,ok-NMMrBQSE3L_vV_xDo7g,2048,0,2373,5,5599,True,ok-NMMrBQSE3L_vV_xDo7g
2250,2014,9,310,Minneapolis,44.96225860556586,-93.23414689200462,apoQM95YUBNhaa1pBWn9Gw,2686,0,3414,2,5601,True,apoQM95YUBNhaa1pBWn9Gw
5229,2009,7,282,Minneapolis,44.99546106045121,-93.26227456540958,kbq06eMVM9nYadhFh32J5w,1445,1,3416,2,5603,True,kbq06eMVM9nYadhFh32J5w
2860,2007,7,179,Minneapolis,44.96885683219117,-93.26013855882714,0GNa9z_1Jwl6SwczaHjGAA,1700,1,3418,4,5605,True,0GNa9z_1Jwl6SwczaHjGAA
1827,2019,5,104,Minneapolis,44.95827015717634,-93.29185483985384,i1buTzLDioSzSHn3-GY-3g,104,0,104,3,5614,True,i1buTzLDioSzSHn3-GY-3g
2041,2019,6,169,Minneapolis,44.96029243047169,-93.25966412118656,iPKQ_XZTf_vW_S0X4T9QhQ,501,1,3420,2,5620,True,iPKQ_XZTf_vW_S0X4T9QhQ
46,2014,8,99,Minneapolis,44.93828630360542,-93.25623205619402,-m7drOy242OXxP1p1VR8pw,2689,0,3421,4,5622,True,-m7drOy242OXxP1p1VR8pw
618,2009,10,8,Minneapolis,44.94432861725327,-93.22710400375053,W2QQDg5ba2Mfjr4cJqTdVg,1894,1,3423,4,5633,True,W2QQDg5ba2Mfjr4cJqTdVg
766,2014,8,34,Minneapolis,44.94631333578619,-93.261379530588,OCIZqstpSz2NA7U7AwQu-A,1762,0,1975,4,5634,True,OCIZqstpSz2NA7U7AwQu-A
4392,2009,7,139,Minneapolis,44.98622306317734,-93.27728488803804,ejjV3WEmWCETUQDzaf6wRw,2556,1,3424,3,5636,True,ejjV3WEmWCETUQDzaf6wRw
1719,2019,6,79,Minneapolis,44.95625437230907,-93.21787589078868,lFFYY4-nIA3wGBND3SGwOA,892,1,3425,1,5637,True,lFFYY4-nIA3wGBND3SGwOA
3075,2009,7,179,Minneapolis,44.97133200614741,-93.22715151770106,45LCVXHOEATycBgNYYkJ7Q,1,1,3429,5,5642,True,45LCVXHOEATycBgNYYkJ7Q
2059,2011,8,308,Minneapolis,44.96037160060906,-93.2425626681582,wetS_xOhc8yGnMlSX2QSdg,1857,4,3431,2,5644,True,wetS_xOhc8yGnMlSX2QSdg
2121,2011,8,153,Minneapolis,44.96129287635267,-93.2714820936838,NkEHT42utNIKHiTpZZp36A,2698,0,3435,5,5654,True,NkEHT42utNIKHiTpZZp36A
4778,2016,1,294,Minneapolis,44.99017004657819,-93.25215626941272,rCivTCLi1gjpwUNA_gcg-Q,137,0,138,5,5658,True,rCivTCLi1gjpwUNA_gcg-Q
2989,2015,8,350,Minneapolis,44.97028159719817,-93.22288248203604,uZAikDyDRs-xnVlV_ZGDjg,1951,1,3437,1,5666,True,uZAikDyDRs-xnVlV_ZGDjg
3477,2017,8,195,Minneapolis,44.97618673916921,-93.2800381385772,e0RhXeN3pUCpRnCQyJKDfg,1782,1,3438,2,5670,True,e0RhXeN3pUCpRnCQyJKDfg
2135,2014,9,177,Minneapolis,44.96130629455593,-93.25742583950316,gNzJTMJlEG2aDT_NbpR0PQ,2151,0,2514,6,5671,True,gNzJTMJlEG2aDT_NbpR0PQ
2658,2017,8,249,Minneapolis,44.96775054325973,-93.28014981361656,Al6gXktkPWMokPaqhwZsnA,2097,0,2442,9,5673,True,Al6gXktkPWMokPaqhwZsnA
2419,2013,8,106,Minneapolis,44.96427959213079,-93.24613786525472,Bqp2h-2F5krY7wb9F_zVmQ,686,1,3439,1,5674,True,Bqp2h-2F5krY7wb9F_zVmQ
58,2014,8,308,Minneapolis,44.93832568135693,-93.24059435174536,TbWKcr6XhzHoIX_TZxhHaA,2655,1,3441,3,5678,True,TbWKcr6XhzHoIX_TZxhHaA
5067,2019,6,62,Minneapolis,44.99331270879088,-93.24016414665736,5XLOcXR5u-sA8Fl7-bahFw,866,1,1117,4,5679,True,5XLOcXR5u-sA8Fl7-bahFw
3771,2009,6,214,Minneapolis,44.9790763768656,-93.25628374846478,CqXIT7nFhNP6uNuWRxVKjg,2700,0,3442,2,5680,True,CqXIT7nFhNP6uNuWRxVKjg
1190,2016,9,342,Minneapolis,44.95128488033205,-93.29192744959091,8aQ_uZ9QnL4pOtZSUwkGSw,1284,2,3443,2,5688,True,8aQ_uZ9QnL4pOtZSUwkGSw
328,2014,9,312,Minneapolis,44.94132571685709,-93.2440705955658,g-TwRg1ckS0vp13en6gCTg,1375,0,1491,3,5691,True,g-TwRg1ckS0vp13en6gCTg
5179,2019,7,243,Minneapolis,44.99526751589077,-93.21912262425236,8ez4x4FGvO6KcKA3KphL3A,2183,1,3445,3,5698,True,8ez4x4FGvO6KcKA3KphL3A
84,2009,10,352,Minneapolis,44.93830389683846,-93.21531470382234,pJ74TycY1TDP1kNenaOU2w,2597,0,3256,3,5699,True,pJ74TycY1TDP1kNenaOU2w
511,2009,10,125,Minneapolis,44.94293806703642,-93.24112478699232,GtXO8Q4uySd_MmTAgyZXSw,2356,1,3446,2,5702,True,GtXO8Q4uySd_MmTAgyZXSw
131,2019,7,274,Minneapolis,44.9395570993862,-93.25919490589494,94kwcwgxLsBurOWeyol5Ww,2341,1,3448,2,5707,True,94kwcwgxLsBurOWeyol5Ww
1216,2019,5,349,Minneapolis,44.95134653105345,-93.26647637333484,3q9TDIyLL801ePAgLiB9Hg,796,0,827,5,5708,True,3q9TDIyLL801ePAgLiB9Hg
706,2009,10,316,Minneapolis,44.94528049208128,-93.23002327152751,QUyHgOJeQd1o9Rxt_0IeGg,547,1,3449,1,5714,True,QUyHgOJeQd1o9Rxt_0IeGg
2273,2007,6,204,Minneapolis,44.96232459724705,-93.21030163470247,-z-dtSFi2hSs5aO3C-VBBg,1840,0,2084,4,5723,True,-z-dtSFi2hSs5aO3C-VBBg
284,2014,9,21,Minneapolis,44.94135295294465,-93.28812713616033,4vtS8ibePQEdQ_RgmjR_tw,698,2,3453,1,5724,True,4vtS8ibePQEdQ_RgmjR_tw
2780,2007,7,206,Minneapolis,44.96834039192544,-93.2490404067993,V17UtOE0aMVMthtZljihaA,1200,1,2057,4,5738,True,V17UtOE0aMVMthtZljihaA
1691,2019,6,26,Minneapolis,44.9564855890448,-93.24611268576555,69165m0ON_rHRywbHuM1ww,2710,0,3460,4,5741,True,69165m0ON_rHRywbHuM1ww
4244,2011,7,5,Minneapolis,44.98440204616727,-93.23634275550656,jAm_n3WFo6DdB-c0m4p98g,2712,0,3462,2,5750,True,jAm_n3WFo6DdB-c0m4p98g
2867,2014,10,37,Minneapolis,44.96935894739785,-93.25306993910904,XHlJbSh3xP6Yy6-Z518iFQ,480,0,489,10,5752,True,XHlJbSh3xP6Yy6-Z518iFQ
2522,2019,6,347,Minneapolis,44.96530395842857,-93.23413923982297,9TqD8MAtgrUh3i8k4aBcwA,263,1,3464,2,5757,True,9TqD8MAtgrUh3i8k4aBcwA
4519,2013,8,341,Minneapolis,44.98737829373741,-93.23824764956989,IOwbRKiLIKEBjk6lL33Q1w,777,0,804,11,5758,True,IOwbRKiLIKEBjk6lL33Q1w
4244,2009,10,184,Minneapolis,44.98438184928433,-93.23633224589838,YoYj4FMM6bKxZc_M1x4NPQ,2712,1,3465,5,5759,True,YoYj4FMM6bKxZc_M1x4NPQ
1537,2014,9,101,Minneapolis,44.95433105130046,-93.21784348594304,HiFKPd5vBX228B1Nf9KuIQ,2713,0,3466,2,5762,True,HiFKPd5vBX228B1Nf9KuIQ
1408,2014,9,30,Minneapolis,44.9532507297812,-93.25628608419684,kt5RkCwt7VTT5VJWPNdpLg,1781,1,3467,1,5763,True,kt5RkCwt7VTT5VJWPNdpLg
3823,2017,8,186,Minneapolis,44.98006537983338,-93.29216749833924,t3nD2NImFJAGunOQhG0Jow,254,1,1992,3,5764,True,t3nD2NImFJAGunOQhG0Jow
3196,2018,10,355,Minneapolis,44.97332968150143,-93.28802531324628,jRNIXwBim6kcJYOROzhlZw,2301,0,2740,9,5765,True,jRNIXwBim6kcJYOROzhlZw
794,2007,7,330,Minneapolis,44.94637341478558,-93.23283707308975,ns32aHrZl8pUZU8f0R5Zgw,40,1,3468,2,5766,True,ns32aHrZl8pUZU8f0R5Zgw
5177,2017,8,230,Minneapolis,44.99435066190529,-93.21403798322888,LpbFbEmRgc3KsDTsjoWK-w,2164,1,3473,2,5776,True,LpbFbEmRgc3KsDTsjoWK-w
1815,2019,6,272,Minneapolis,44.95772038062754,-93.21191171347132,eTAB1wc0XP6I8yoMhhetQw,1682,2,3475,1,5779,True,eTAB1wc0XP6I8yoMhhetQw
3280,2016,11,81,Minneapolis,44.9743143916111,-93.29540044653808,2E8fTg_4r71P2DSliKKGmA,2209,0,2598,4,5786,True,2E8fTg_4r71P2DSliKKGmA
5140,2007,7,294,Minneapolis,44.99426766193926,-93.2571696003107,sSE8YRnl39bv9_EPzsipvw,2717,0,3477,2,5790,True,sSE8YRnl39bv9_EPzsipvw
3477,2011,6,359,Minneapolis,44.97622270424237,-93.28005198073016,v9wcV2wcTL85llx8hj1YaA,1782,0,2002,5,5795,True,v9wcV2wcTL85llx8hj1YaA
2101,2013,9,179,Minneapolis,44.96093077791704,-93.29119278236756,51Bn_yD4r8sTyaxWn1cHPQ,2497,0,3082,6,5806,True,51Bn_yD4r8sTyaxWn1cHPQ
2847,2014,9,306,Minneapolis,44.96985040071669,-93.27416465291864,X2YOIdv9s5BWbAR1Q0jWJQ,238,1,3479,6,5807,True,X2YOIdv9s5BWbAR1Q0jWJQ
1728,2013,8,269,Minneapolis,44.95619789097236,-93.2091318824382,e_zrQGOu6z5w75a1bmKmkA,1549,0,1696,5,5810,True,e_zrQGOu6z5w75a1bmKmkA
69,2009,10,301,Minneapolis,44.93841924706656,-93.22976337281912,nWO2Qh9CrSf2EEjxzV2iBg,2718,0,3480,1,5819,True,nWO2Qh9CrSf2EEjxzV2iBg
4621,2009,9,5,Minneapolis,44.98832952270187,-93.23077429143964,qzPqLEtuX2QicGD_pK1o0g,2721,0,3484,1,5825,True,qzPqLEtuX2QicGD_pK1o0g
5245,2009,10,164,Minneapolis,44.99528793390925,-93.23874221155384,prEr9UJl5mXOVOPGcUbD5A,405,0,411,14,5826,True,prEr9UJl5mXOVOPGcUbD5A
2335,2011,6,291,Minneapolis,44.96274122237774,-93.23909833330164,8hnuLP_aQkUY0eeisdf7EA,1922,1,3360,6,5833,True,8hnuLP_aQkUY0eeisdf7EA
1782,2014,9,0,Minneapolis,44.95765372986216,-93.24517576908902,S01GEc9pya0Xrb4O6ct-fg,2723,0,3487,4,5837,True,S01GEc9pya0Xrb4O6ct-fg
1738,2014,9,163,Minneapolis,44.95733620132139,-93.29011774179064,6RtAfbH2CL9EtW5sgMQE7Q,660,1,3488,1,5839,True,6RtAfbH2CL9EtW5sgMQE7Q
234,2011,7,79,Minneapolis,44.94027951381074,-93.2474147191061,P4H1ttl0BWUDGQC7ddY0Mg,2469,0,3028,3,5841,True,P4H1ttl0BWUDGQC7ddY0Mg
604,2007,7,188,Minneapolis,44.94426215185682,-93.24065166628571,BCCu9UDNOVGspycR8XtVTQ,991,1,3490,2,5844,True,BCCu9UDNOVGspycR8XtVTQ
3613,2007,8,251,Minneapolis,44.97719340763934,-93.2331095877932,vIQbCAOCzuxd9YZ0BO3prw,2569,0,3207,5,5851,True,vIQbCAOCzuxd9YZ0BO3prw
668,2019,6,225,Minneapolis,44.94526302668869,-93.26773497567224,uoqRWPac0U4I-dlUGhV_9Q,427,0,436,10,5858,True,uoqRWPac0U4I-dlUGhV_9Q
3833,2007,8,79,Minneapolis,44.98027990513579,-93.29089495574512,7QDbytWU3EDuZPkr6Z_m1A,2727,0,3495,1,5860,True,7QDbytWU3EDuZPkr6Z_m1A
4198,2019,7,220,Minneapolis,44.98425929801299,-93.28713808898208,TXPnU32JPjWYsYeOjcFInQ,1584,0,1740,9,5864,True,TXPnU32JPjWYsYeOjcFInQ
2125,2011,6,203,Minneapolis,44.96120015737277,-93.26768128218946,dacCGDDbHkvfOX0hdnI08Q,2248,0,2658,9,5865,True,dacCGDDbHkvfOX0hdnI08Q
55,2016,8,195,Minneapolis,44.9382935260337,-93.24358043542613,l9Stw3tNlQkSJBqRMDaasg,440,1,3497,1,5866,True,l9Stw3tNlQkSJBqRMDaasg
1981,2019,6,120,Minneapolis,44.95917346609316,-93.22914107880273,C1TlnG7f0-Ou69QZHvUiug,741,2,3499,1,5870,True,C1TlnG7f0-Ou69QZHvUiug
47,2011,7,212,Minneapolis,44.9382623479034,-93.25241761206618,sbqgkq_lftn0S53U9MtBgw,2601,0,3261,3,5875,True,sbqgkq_lftn0S53U9MtBgw
1006,2011,9,293,Minneapolis,44.94932983673609,-93.29316896161504,AuyB0slGyGY3-BWpV-sOMw,2182,1,3501,1,5877,True,AuyB0slGyGY3-BWpV-sOMw
2673,2019,6,168,Minneapolis,44.96735849988269,-93.26512970290544,90FBr9iX2Ooac-WDRIYNuQ,2363,0,2844,9,5882,True,90FBr9iX2Ooac-WDRIYNuQ
3304,2016,9,256,Minneapolis,44.97419660819079,-93.2708241191882,5NZ_gGSGQ7s2R-c1yXha-g,830,1,3503,1,5883,True,5NZ_gGSGQ7s2R-c1yXha-g
4845,2009,6,227,Minneapolis,44.99116838077157,-93.27948751508518,y9j_VRTdeeyl6eBdhMPfzQ,2731,0,3504,2,5885,True,y9j_VRTdeeyl6eBdhMPfzQ
2558,2014,9,17,Minneapolis,44.96640664731432,-93.28906926048371,ZYrX3GVt3lPaUhcJC6Y2ew,127,0,128,4,5888,True,ZYrX3GVt3lPaUhcJC6Y2ew
895,2014,8,61,Minneapolis,44.9473311016897,-93.22295618467204,pFRWVvlujhQ_wfbn9rRgMA,2283,1,3508,2,5899,True,pFRWVvlujhQ_wfbn9rRgMA
1791,2009,10,281,Minneapolis,44.95738445616183,-93.237061408029,3unWbd5xK_Ql_yk3wa5bJw,1436,0,1568,4,5900,True,3unWbd5xK_Ql_yk3wa5bJw
3391,2013,9,184,Minneapolis,44.97547863532139,-93.2749115443499,qDcirsjWCjAjSPeJXvgPYQ,2659,0,3357,6,5901,True,qDcirsjWCjAjSPeJXvgPYQ
1955,2017,8,186,Minneapolis,44.95912087144073,-93.25519412511316,qRuhaTH9rH--287IYCZbnQ,1644,1,3509,2,5902,True,qRuhaTH9rH--287IYCZbnQ
475,2017,8,113,Minneapolis,44.94293523224446,-93.27914979243212,q2DXordY6XxnCGGlHAmZTg,1852,1,3511,2,5908,True,q2DXordY6XxnCGGlHAmZTg
160,2009,10,179,Minneapolis,44.93922605586281,-93.2303446161086,w8K1FqwLRHEkN8rx989Phw,1647,2,3512,1,5911,True,w8K1FqwLRHEkN8rx989Phw
5161,2019,7,69,Minneapolis,44.99428557997658,-93.23724592883369,GPjU5CSY-Ejv_l7bmsMLOA,2388,0,2889,9,5919,True,GPjU5CSY-Ejv_l7bmsMLOA
1597,2013,8,316,Minneapolis,44.95555733585975,-93.24911989804588,M4s4S6miYwxlnSiJBn2X_Q,350,0,356,9,5921,True,M4s4S6miYwxlnSiJBn2X_Q
2709,2011,10,2,Minneapolis,44.96702109401542,-93.22925140694906,sg2Lu4-sPqmqQEF0mByeKw,1652,0,1827,5,5928,True,sg2Lu4-sPqmqQEF0mByeKw
1704,2011,7,250,Minneapolis,44.95629044948551,-93.2331159947004,tWXxjzGy8CZtltJxZBcH8Q,2303,1,3521,2,5930,True,tWXxjzGy8CZtltJxZBcH8Q
871,2009,10,278,Minneapolis,44.94733180510539,-93.24739895481272,zfBC7sPu8AFOBi6WY5WebA,1502,0,1644,7,5934,True,zfBC7sPu8AFOBi6WY5WebA
2045,2019,6,62,Minneapolis,44.96031890367037,-93.2561689132154,IHdiH02i14GfSbPjrJBbYw,1486,0,1624,4,5937,True,IHdiH02i14GfSbPjrJBbYw
1842,2016,11,24,Minneapolis,44.95829602251688,-93.27656117615838,dtpkJRXuEiv4ODkIRLuJvw,2742,0,3523,9,5938,True,dtpkJRXuEiv4ODkIRLuJvw
659,2011,8,164,Minneapolis,44.94495677268297,-93.27723668135307,kxE6TVmlhhgq8GBixTwMvQ,2118,0,2471,3,5939,True,kxE6TVmlhhgq8GBixTwMvQ
4773,2016,9,233,Minneapolis,44.99009592053316,-93.25780149371889,7QJVPuSQxPdJWiKqRDSnQQ,1872,1,3524,1,5943,True,7QJVPuSQxPdJWiKqRDSnQQ
1012,2019,5,327,Minneapolis,44.94934391869761,-93.28820307081546,kTm21QzrMC6rvToQaKAISw,255,1,3525,1,5950,True,kTm21QzrMC6rvToQaKAISw
5025,2016,9,270,Minneapolis,44.99309663875216,-93.28114422996362,SCoZSbdgamVgQl3eIGYMMw,2669,1,3526,2,5952,True,SCoZSbdgamVgQl3eIGYMMw
4273,2019,6,16,Minneapolis,44.98456816369934,-93.21655822032558,uzHJc4QNv3KfJ2gAEyGP9w,92,0,92,4,5962,True,uzHJc4QNv3KfJ2gAEyGP9w
3569,2013,8,312,Minneapolis,44.97694146260775,-93.28317468859863,ZO6AfwLui7S7QUXh8-ZdIA,579,0,592,9,5967,True,ZO6AfwLui7S7QUXh8-ZdIA
4266,2007,6,102,Minneapolis,44.98434467951045,-93.22220833503788,WS9h515Z6m1YAGep_nsq3A,2502,1,3531,1,5969,True,WS9h515Z6m1YAGep_nsq3A
261,2009,10,238,Minneapolis,44.94024069634725,-93.22041985812557,k74PMYYSMUlEgtDNjsIgrg,1045,0,1101,6,5973,True,k74PMYYSMUlEgtDNjsIgrg
999,2011,10,9,Minneapolis,44.94831569693912,-93.21015775190804,UKCJRQiWDMlO3ZCnlrmUNw,1530,1,3535,2,5982,True,UKCJRQiWDMlO3ZCnlrmUNw
3232,2008,9,63,Minneapolis,44.97341316708131,-93.25248931071562,Z-tKAnJw1FQohHeEVKEOLQ,1743,0,1952,5,5983,True,Z-tKAnJw1FQohHeEVKEOLQ
348,2014,9,60,Minneapolis,44.94136933350958,-93.22420055969316,WGx-R90Du-g2ndTUrkiCug,2746,0,3536,6,5984,True,WGx-R90Du-g2ndTUrkiCug
654,2014,8,268,Minneapolis,44.94533040678986,-93.2830314246256,fVdiCNJymIzsK0ABoOL2XA,1994,1,3538,2,5987,True,fVdiCNJymIzsK0ABoOL2XA
4869,2016,10,151,Minneapolis,44.99142343768298,-93.25872657997796,6TYH7JVU-S7VKzGmi1_qsQ,2281,1,3540,2,5989,True,6TYH7JVU-S7VKzGmi1_qsQ
3495,2019,6,214,Minneapolis,44.97644369803559,-93.26336752049198,gASU3xVyQRuNE4xFHj9zug,2217,0,2610,6,5994,True,gASU3xVyQRuNE4xFHj9zug
3394,2009,6,189,Minneapolis,44.97546474618039,-93.2719999024547,MrjtCPx8NUPWstOtp9oeLg,82,0,82,8,5998,True,MrjtCPx8NUPWstOtp9oeLg
4353,2009,10,49,Minneapolis,44.98528233785034,-93.2242394065888,kSzXFYmNG-pLaBu6dbWcIg,1862,1,3541,4,5999,True,kSzXFYmNG-pLaBu6dbWcIg
2557,2012,7,254,Minneapolis,44.96641464809288,-93.29017725146387,Ft66lnGWP54IXkmHjlGyvw,320,1,1590,6,6002,True,Ft66lnGWP54IXkmHjlGyvw
2086,2016,9,254,Minneapolis,44.96020087795115,-93.2144070987049,UuBEIO5MFtLSk8ocVVHAaQ,1749,1,3543,2,6006,True,UuBEIO5MFtLSk8ocVVHAaQ
287,2014,8,340,Minneapolis,44.94132680342678,-93.28502961445126,a0iWV4gqKBmtlJ-tOXCI4g,1337,1,3252,3,6016,True,a0iWV4gqKBmtlJ-tOXCI4g
229,2017,8,36,Minneapolis,44.94026903299892,-93.25248192326444,nv5VQYhVjDwtODOkvE4XSg,1897,0,2157,7,6019,True,nv5VQYhVjDwtODOkvE4XSg
2074,2016,9,85,Minneapolis,44.96032784611099,-93.22690107661242,fbFJ4vobnkEUFlg1ExQ0MA,215,0,216,5,6023,True,fbFJ4vobnkEUFlg1ExQ0MA
2128,2016,9,256,Minneapolis,44.960925208421,-93.26410525081704,Fwu6atfIgycMSiy2k2rmIw,2753,0,3548,1,6026,True,Fwu6atfIgycMSiy2k2rmIw
2666,2018,9,217,Minneapolis,44.96721749506664,-93.2711618612313,L2JZq1JggcRkT7lOEwQHRA,2754,0,3549,6,6027,True,L2JZq1JggcRkT7lOEwQHRA
4485,2011,6,294,Minneapolis,44.98731565849258,-93.27535247268692,0b4nCT_jbB3xUGhr71oDWA,2755,0,3550,1,6028,True,0b4nCT_jbB3xUGhr71oDWA
227,2016,8,268,Minneapolis,44.94033084025953,-93.2537198254456,4KYT5G7hJnLfZbAj4GghvA,1117,1,3551,6,6029,True,4KYT5G7hJnLfZbAj4GghvA
4271,2009,6,45,Minneapolis,44.98416496215028,-93.21126193957284,_vD9DxaSG8-Muh03sEF0Yg,1450,1,1810,3,6030,True,_vD9DxaSG8-Muh03sEF0Yg
2520,2009,10,305,Minneapolis,44.96532697580403,-93.23619351623266,OBkY89FP8RH-bIaKFhP94A,964,1,3553,1,6037,True,OBkY89FP8RH-bIaKFhP94A
5092,2019,6,138,Minneapolis,44.99340631463411,-93.21212293666804,FU5kKUxv2vw7FyKYN4H7Iw,2476,1,3555,3,6039,True,FU5kKUxv2vw7FyKYN4H7Iw
4890,2007,7,303,Minneapolis,44.99148580510274,-93.23109571549098,hlyO-eOjDWNd-NwX_lTAdA,356,1,3556,3,6040,True,hlyO-eOjDWNd-NwX_lTAdA
2089,2009,6,103,Minneapolis,44.96036786684533,-93.21212803412708,4xrP6uowevTWY5sNHsFV4w,2444,1,3557,1,6041,True,4xrP6uowevTWY5sNHsFV4w
4740,2019,6,156,Minneapolis,44.9907043619633,-93.29299537103556,Fg9woyepZwtBVUP3Lx7wng,734,0,755,5,6042,True,Fg9woyepZwtBVUP3Lx7wng
4488,2017,10,289,Minneapolis,44.98753623440658,-93.27055127849378,W9ANO4rao37q7Q_klkhE7A,1201,0,1288,4,6049,True,W9ANO4rao37q7Q_klkhE7A
5124,2017,8,234,Minneapolis,44.99430719992239,-93.26912252201188,ZyNza2naCDJaIaaktjfsQA,2760,0,3560,6,6051,True,ZyNza2naCDJaIaaktjfsQA
2488,2019,6,132,Minneapolis,44.96520336805444,-93.2680040009409,ETeJ_kXTFgx5yO7YoO4tCg,142,0,143,10,6052,True,ETeJ_kXTFgx5yO7YoO4tCg
4364,2008,9,98,Minneapolis,44.98634452048144,-93.29918189594528,ymqtWM1zcNpqNKAF9e1-qA,981,1,3562,2,6054,True,ymqtWM1zcNpqNKAF9e1-qA
4358,2007,6,338,Minneapolis,44.98584146060931,-93.215590720733,sQwQlGjopDR06ru1gMRwQg,2066,0,2400,3,6055,True,sQwQlGjopDR06ru1gMRwQg
3734,2011,6,89,Minneapolis,44.9789615634826,-93.29617922407868,3v7zREaDenkroMym5ExOeg,2761,0,3563,2,6056,True,3v7zREaDenkroMym5ExOeg
4484,2009,7,337,Minneapolis,44.98748506992727,-93.27197391238084,NiDYaD9znol2SCqWXqtGKQ,2664,1,3567,5,6061,True,NiDYaD9znol2SCqWXqtGKQ
5271,2012,8,286,Minneapolis,44.99520192973029,-93.21520502182877,YPAW0Uebz-kqw1W2qtpZsw,1942,1,3568,3,6062,True,YPAW0Uebz-kqw1W2qtpZsw
470,2014,10,220,Minneapolis,44.94332377383232,-93.28435183872942,e8BbardkcuiYVE5s-mwtPw,934,1,3570,1,6064,True,e8BbardkcuiYVE5s-mwtPw
2892,2019,6,58,Minneapolis,44.96941455412135,-93.22811796740152,PtOLnEmTq2tX4It1vcJNEQ,1155,0,1230,8,6067,True,PtOLnEmTq2tX4It1vcJNEQ
1503,2011,6,82,Minneapolis,44.95436497887962,-93.25244004969356,Y15cF8c_6LUQqN7WagOS3Q,2024,1,2577,6,6068,True,Y15cF8c_6LUQqN7WagOS3Q
3290,2016,9,84,Minneapolis,44.9739876882609,-93.28517161581853,N1i2Q7YlZZJfsNI5PUFWcA,517,0,530,4,6069,True,N1i2Q7YlZZJfsNI5PUFWcA
919,2011,8,310,Minneapolis,44.94841342292668,-93.29013092011776,dTDN7-wHecnELoGp6c79ig,1608,0,1772,7,6074,True,dTDN7-wHecnELoGp6c79ig
1405,2016,8,25,Minneapolis,44.95283442979328,-93.25913263080643,_ruKM1KdYn50IzX33V-qhA,1138,0,1210,6,6081,True,_ruKM1KdYn50IzX33V-qhA
4547,2016,10,27,Minneapolis,44.98804489504069,-93.2102052657534,RC2jfIwG7FiNdLcXzOyIsg,73,1,3574,10,6084,True,RC2jfIwG7FiNdLcXzOyIsg
567,2016,8,105,Minneapolis,44.94430559573652,-93.27796064139108,KO-xuBAM8TYTWUOUlJgOQw,237,1,3576,5,6088,True,KO-xuBAM8TYTWUOUlJgOQw
400,2019,5,115,Minneapolis,44.94229582482796,-93.26264166993376,W0N9OYWxYBIZe2pWETlinw,2463,0,3016,8,6091,True,W0N9OYWxYBIZe2pWETlinw
34,2014,8,198,Minneapolis,44.93834644030556,-93.26635063430396,vXBCKyA12UxowKf3Xx_bcA,2176,1,3579,1,6097,True,vXBCKyA12UxowKf3Xx_bcA
4569,2019,6,41,Minneapolis,44.98854118264511,-93.2757757643449,SW3jXDCk80iwMba6ySkSqQ,2323,1,3322,4,6100,True,SW3jXDCk80iwMba6ySkSqQ
4390,2014,9,269,Minneapolis,44.98648341345417,-93.2729289241998,GqnIHIWF3OzvEuoPyRM_Ew,2765,0,3581,2,6102,True,GqnIHIWF3OzvEuoPyRM_Ew
1938,2019,6,21,Minneapolis,44.95920984668697,-93.27214307518148,xJXMb618CNFW4ZpcToz9Zg,2767,0,3585,1,6112,True,xJXMb618CNFW4ZpcToz9Zg
222,2014,10,251,Minneapolis,44.94055968903948,-93.25913164321024,7608ZN4G08WbEa6pOtHTpQ,435,1,1718,6,6116,True,7608ZN4G08WbEa6pOtHTpQ
2303,2011,6,139,Minneapolis,44.96331805783696,-93.27151164576672,y-Ek0DW7yQ0NnzL-mJzlxA,2769,0,3588,2,6118,True,y-Ek0DW7yQ0NnzL-mJzlxA
424,2007,7,94,Minneapolis,44.9423271490882,-93.23895769639014,q_D4kJHH0-K45Imr1bedsg,1025,1,3589,1,6119,True,q_D4kJHH0-K45Imr1bedsg
1649,2007,7,60,Minneapolis,44.95630446549234,-93.28810155961384,qQJ2tHigbJNmDAeTHYu42A,359,0,365,7,6120,True,qQJ2tHigbJNmDAeTHYu42A
4050,2019,6,149,Minneapolis,44.98223008879032,-93.2490057887852,7eAanQAZl-_NYpf9vjROTg,2438,1,3590,3,6121,True,7eAanQAZl-_NYpf9vjROTg
5106,2011,6,62,Minneapolis,44.99427217859223,-93.28718732133656,SKrcUoIEAbcpsQmeX0-ctA,506,1,3592,1,6123,True,SKrcUoIEAbcpsQmeX0-ctA
5132,2007,7,163,Minneapolis,44.99447975119124,-93.2652101606136,78J-kgVcT-9EgeE_pUX5FQ,2265,1,3593,1,6125,True,78J-kgVcT-9EgeE_pUX5FQ
294,2011,8,5,Minneapolis,44.94134234979225,-93.27824850051448,8WQ15IICisLS-Q7Z1HA7Vg,2305,1,3594,1,6126,True,8WQ15IICisLS-Q7Z1HA7Vg
1412,2015,8,295,Minneapolis,44.95331795853814,-93.25249429499443,zRsC6Po0GIGc-nLRW1RFww,2771,0,3595,1,6129,True,zRsC6Po0GIGc-nLRW1RFww
380,2011,8,254,Minneapolis,44.94225429411141,-93.28308439779846,q93aXffQGo1rgDvoIxPFww,666,3,3603,1,6154,True,q93aXffQGo1rgDvoIxPFww
2536,2019,6,168,Minneapolis,44.96533618145347,-93.2205596356156,uA3jm8ECl2Shzyi7CJ4gQw,2775,0,3604,9,6156,True,uA3jm8ECl2Shzyi7CJ4gQw
4264,2019,6,281,Minneapolis,44.9843396835231,-93.22109375047998,B1L-QPZgu85ElEWqkoIZpw,593,1,3605,3,6158,True,B1L-QPZgu85ElEWqkoIZpw
49,2019,7,19,Minneapolis,44.93828661106225,-93.249893409229,2S2ROYTN9Y6kKDnRTmsgiQ,1527,1,3606,1,6159,True,2S2ROYTN9Y6kKDnRTmsgiQ
1089,2016,9,121,Minneapolis,44.94926461501444,-93.21146606438316,YvDp-a4n2dEVqbecsDsRNQ,2777,0,3608,4,6163,True,YvDp-a4n2dEVqbecsDsRNQ
2556,2014,9,54,Minneapolis,44.96640795983134,-93.29108557751084,r8daAWCpvSaTxLnXcEPJhA,2779,0,3610,7,6165,True,r8daAWCpvSaTxLnXcEPJhA
836,2015,9,197,Minneapolis,44.9472332559606,-93.28138805210904,-6BwKL3-YmiGNBDrMasTyA,2781,0,3612,1,6168,True,-6BwKL3-YmiGNBDrMasTyA
343,2007,7,255,Minneapolis,44.94136737047405,-93.22914701924977,tCsbNDPECCLhO9f4mgpljw,1335,2,3613,2,6169,True,tCsbNDPECCLhO9f4mgpljw
2940,2008,10,173,Minneapolis,44.96995487407353,-93.27120513174845,4--IrnafArJPXHK2himzBg,707,0,728,4,6178,True,4--IrnafArJPXHK2himzBg
2492,2011,10,327,Minneapolis,44.96534662950805,-93.26421283170426,criDu6IL8dWugK1t2KKVVA,1654,0,1829,9,6180,True,criDu6IL8dWugK1t2KKVVA
666,2013,8,252,Minneapolis,44.94521791279988,-93.27031089954389,WY9xpdEAWQtOFkEurH44SQ,2782,0,3616,2,6181,True,WY9xpdEAWQtOFkEurH44SQ
817,2014,9,45,Minneapolis,44.94631430844237,-93.21005230343954,-lAEuHFyLRelKiyQl6tGhQ,438,1,3617,1,6183,True,-lAEuHFyLRelKiyQl6tGhQ
4501,2011,6,300,Minneapolis,44.98742352652319,-93.26033386611152,e4lXwzYdIKrvxyscR6PzHw,2385,0,2883,7,6189,True,e4lXwzYdIKrvxyscR6PzHw
4724,2015,10,220,Minneapolis,44.98929277455846,-93.21268376520202,QFLMnpkOU2Px-4cF1xkBTA,880,1,3620,7,6192,True,QFLMnpkOU2Px-4cF1xkBTA
4389,2014,9,252,Minneapolis,44.98628496918103,-93.28210005740772,f2wbazs88p1w4SjfWK8SSA,2785,0,3621,1,6193,True,f2wbazs88p1w4SjfWK8SSA
1070,2007,7,330,Minneapolis,44.94930847106554,-93.22998578135908,MFJtwW4s5ysEKMHqw8QS9g,2786,0,3622,1,6194,True,MFJtwW4s5ysEKMHqw8QS9g
1011,2019,5,333,Minneapolis,44.94929876091814,-93.28937671538132,ubUdPIzkK8aN0U03I2P4og,1371,1,1611,6,6195,True,ubUdPIzkK8aN0U03I2P4og
4146,2011,6,77,Minneapolis,44.9832953692994,-93.25004146493173,7upMofiePypmfHecNUF-SA,2078,0,2415,3,6197,True,7upMofiePypmfHecNUF-SA
5148,2019,6,77,Minneapolis,44.99424213997506,-93.24732127102004,kR6sjW0EHVBv7_2ukiSTJA,2789,0,3625,3,6200,True,kR6sjW0EHVBv7_2ukiSTJA
4774,2019,6,77,Minneapolis,44.99012690491149,-93.26114864129998,0L-3_yli-oezAn31J6Mo2w,935,1,3626,3,6201,True,0L-3_yli-oezAn31J6Mo2w
2410,2014,9,45,Minneapolis,44.96435247485069,-93.25545296574911,nri4NPeoVFB_djZPT3oJrQ,558,1,3628,4,6214,True,nri4NPeoVFB_djZPT3oJrQ
2851,2019,6,290,Minneapolis,44.96929631707052,-93.26906729454473,L9PyngzEBmAEeGlNCTZu-w,230,0,231,8,6218,True,L9PyngzEBmAEeGlNCTZu-w
1003,2016,11,353,Minneapolis,44.94923274656793,-93.29710298561872,tHQmu07xs6wr-q8w4zKH4w,2792,0,3632,1,6222,True,tHQmu07xs6wr-q8w4zKH4w
4749,2017,8,282,Minneapolis,44.99065845293381,-93.27871500308532,lRraR3iKZlhWo0HdflrjEg,86,0,86,6,6223,True,lRraR3iKZlhWo0HdflrjEg
4130,2009,6,179,Minneapolis,44.98333796071667,-93.26311068100264,Q8JL316mbeuDsC213UxVOQ,2215,0,2604,4,6226,True,Q8JL316mbeuDsC213UxVOQ
1743,2014,9,9,Minneapolis,44.95733725106317,-93.2851042526267,mXlEQ9FUtWbvJ2kz_e5TEQ,1183,1,3634,1,6230,True,mXlEQ9FUtWbvJ2kz_e5TEQ
2250,2009,7,123,Minneapolis,44.96226846732063,-93.2340497013907,fEp-Uq3buVe7DvhKCNpEDg,2686,1,3635,2,6234,True,fEp-Uq3buVe7DvhKCNpEDg
563,2011,8,272,Minneapolis,44.94473203191283,-93.28209794498072,5qyHzSwVzdz89RpNC2AAlQ,1151,1,3637,2,6237,True,5qyHzSwVzdz89RpNC2AAlQ
2777,2019,6,3,Minneapolis,44.96828867909829,-93.25206915631264,u1gsjOhUzvf86FTpUdAxSw,2715,0,3471,5,6239,True,u1gsjOhUzvf86FTpUdAxSw
4477,2016,9,53,Minneapolis,44.98714750177466,-93.27708581763972,3Zsxwta612xMOxScfPBTvw,493,1,1925,3,6242,True,3Zsxwta612xMOxScfPBTvw
1323,2019,6,214,Minneapolis,44.9522435231821,-93.24995442403984,iaZgCblaXux_KBMUiq1RVg,2600,1,3640,3,6243,True,iaZgCblaXux_KBMUiq1RVg
4526,2011,7,285,Minneapolis,44.98782996355555,-93.23222112608516,-a3jJ0GMElk7L7LBCL2fFg,1797,0,2027,5,6246,True,-a3jJ0GMElk7L7LBCL2fFg
2212,2019,6,136,Minneapolis,44.96226148998339,-93.27150640297454,olOdhhBy6H02J5jKxEtUEg,2797,0,3642,3,6251,True,olOdhhBy6H02J5jKxEtUEg
3133,2014,9,3,Minneapolis,44.97208964521867,-93.25969048535232,wzWAgUkx3JDeQnyVETc0XQ,48,1,3644,2,6255,True,wzWAgUkx3JDeQnyVETc0XQ
2738,2011,9,216,Minneapolis,44.96842460858802,-93.29103598139908,6-OGPHcCrpfErZj3j1hx4Q,2331,1,3645,2,6256,True,6-OGPHcCrpfErZj3j1hx4Q
4072,2007,8,278,Minneapolis,44.9826847110952,-93.23220572911474,7odot5dq7dkxKpSJj1h_qQ,1457,0,1592,5,6260,True,7odot5dq7dkxKpSJj1h_qQ
637,2007,7,71,Minneapolis,44.94525126970948,-93.29959322611026,0a2yYPgtIb866tQQL3Hxfg,2696,1,3648,1,6267,True,0a2yYPgtIb866tQQL3Hxfg
2640,2014,9,43,Minneapolis,44.96732272456627,-93.29818682840346,zo_KuxvgAx-NYBV2khWCzg,2536,1,3650,2,6271,True,zo_KuxvgAx-NYBV2khWCzg
5129,2016,10,113,Minneapolis,44.99379808491594,-93.27081873541351,lkOp19aWjLdOkiR25gETsw,2508,1,3651,1,6273,True,lkOp19aWjLdOkiR25gETsw
414,2019,6,336,Minneapolis,44.94230360285097,-93.2486727608532,mKRZ3BJAdztv-LG0q22Maw,2802,0,3654,3,6281,True,mKRZ3BJAdztv-LG0q22Maw
559,2019,5,325,Minneapolis,44.94430859159301,-93.28559790275165,1TQTVl3vIlv3GyyGs2uE7w,449,1,3656,3,6286,True,1TQTVl3vIlv3GyyGs2uE7w
4712,2007,6,82,Minneapolis,44.9892885607575,-93.22819863354354,6Cs6jvpipqgbdiOcHZ1E-A,762,1,3657,2,6290,True,6Cs6jvpipqgbdiOcHZ1E-A
2352,2017,8,187,Minneapolis,44.96376499912835,-93.22281969674978,xHAPbn1jwjrYEoIbVPxRRg,2805,0,3660,2,6294,True,xHAPbn1jwjrYEoIbVPxRRg
12,2019,5,112,Minneapolis,44.93833009797597,-93.28692729970676,jRffQmKMCEOQR0xXnswtzA,1004,0,1058,7,6305,True,jRffQmKMCEOQR0xXnswtzA
5215,2009,7,259,Minneapolis,44.99554588091443,-93.27036093511528,8mK_kSSw9zHxwm-YdFJU3g,2296,1,3666,1,6306,True,8mK_kSSw9zHxwm-YdFJU3g
3686,2009,6,185,Minneapolis,44.9783573121469,-93.2530596560887,m6R4UmiruS-qg_tL9N4IGg,1828,1,3667,2,6309,True,m6R4UmiruS-qg_tL9N4IGg
4609,2016,10,47,Minneapolis,44.98861814796857,-93.23994078787048,ddXPJG0AEEcrFw0iFikevQ,2653,0,3348,5,6317,True,ddXPJG0AEEcrFw0iFikevQ
4682,2011,6,176,Minneapolis,44.98932220482747,-93.26088400437858,oIy0hPn3LThPtrvO5Q20Mg,829,1,3670,2,6318,True,oIy0hPn3LThPtrvO5Q20Mg
4468,2013,8,165,Minneapolis,44.98732040114285,-93.29089888841892,-ap5Fk22EdBNvhdpy-bQVA,1063,1,3671,3,6319,True,-ap5Fk22EdBNvhdpy-bQVA
4359,2019,6,201,Minneapolis,44.98544489256781,-93.21492324021926,_d9LebSKu-ukUjfOAxPy5g,1907,0,2171,3,6321,True,_d9LebSKu-ukUjfOAxPy5g
2028,2011,8,49,Minneapolis,44.96032679098112,-93.27273137795744,VVfQXql7mCZf6UfeB89lPQ,2811,0,3672,1,6323,True,VVfQXql7mCZf6UfeB89lPQ
4467,2019,7,320,Minneapolis,44.98730999654567,-93.28941684033308,bh8fHKYHBilLyopm2yuhZQ,77,0,77,4,6325,True,bh8fHKYHBilLyopm2yuhZQ
4881,2009,6,265,Minneapolis,44.99154115749767,-93.24010647536876,PMpsC8s0uyCWgj3xryr7hA,2812,0,3674,5,6326,True,PMpsC8s0uyCWgj3xryr7hA
509,2009,10,104,Minneapolis,44.94324561093909,-93.244855351027,EctGrsC2wOh1VkUDHrW5Gg,2046,1,2826,3,6328,True,EctGrsC2wOh1VkUDHrW5Gg
1795,2016,10,204,Minneapolis,44.9573703214199,-93.2330789269146,YLNlXmIULt2O_4KrRU302w,2813,0,3675,2,6330,True,YLNlXmIULt2O_4KrRU302w
3330,2009,7,48,Minneapolis,44.97422449729934,-93.24505579974456,7PGT2NbQrQ-ikUyo03mZtQ,250,1,3676,1,6332,True,7PGT2NbQrQ-ikUyo03mZtQ
3356,2009,6,228,Minneapolis,44.97395245634333,-93.21937456887964,XW9CXmaJn-vm5rqaHxka4w,2584,1,3677,3,6335,True,XW9CXmaJn-vm5rqaHxka4w
4019,2007,8,246,Minneapolis,44.98284301221625,-93.28224203052876,7fMnqt5RoE5OeQ0RZZAD1Q,1461,0,1598,3,6336,True,7fMnqt5RoE5OeQ0RZZAD1Q
2778,2016,8,203,Minneapolis,44.96823491542186,-93.25149679890144,X1GmpMQejneBrYq_FLzYNA,2814,0,3678,4,6337,True,X1GmpMQejneBrYq_FLzYNA
2884,2011,10,131,Minneapolis,44.96863887116574,-93.2363639903742,RC-Oiy8Z2sZ8A1ES2-sJoQ,2687,0,3415,3,6343,True,RC-Oiy8Z2sZ8A1ES2-sJoQ
1271,2019,6,78,Minneapolis,44.95124272217407,-93.21147285622492,lzMSXKXEROzXKENm0QLJ0w,2816,0,3681,3,6344,True,lzMSXKXEROzXKENm0QLJ0w
13,2007,7,109,Minneapolis,44.93825829838426,-93.28564518620888,qQrT9IKBJNhqZYNWVzYslw,2817,0,3682,5,6345,True,qQrT9IKBJNhqZYNWVzYslw
1816,2009,10,254,Minneapolis,44.95743037110468,-93.21166395035232,ouj41cuhYCKKdp9gO1c79Q,1761,1,3683,1,6346,True,ouj41cuhYCKKdp9gO1c79Q
1213,2017,11,286,Minneapolis,44.95129134881179,-93.26903128135947,m4dJm63Fh6nQmN7Z18KeVg,1508,1,3685,5,6348,True,m4dJm63Fh6nQmN7Z18KeVg
2404,2014,9,327,Minneapolis,44.96429745786885,-93.2610740694695,6uiD2F-RaJLTA6ZE6vbStw,2819,0,3687,6,6351,True,6uiD2F-RaJLTA6ZE6vbStw
2020,2014,9,188,Minneapolis,44.96028277086098,-93.2812513719254,U86FGflSgDy3OvRT_Jndbg,2293,1,3689,2,6354,True,U86FGflSgDy3OvRT_Jndbg
1611,2019,6,123,Minneapolis,44.95559695854713,-93.23525624670556,m8vLq4YJ9k-LHRZJ5GleKQ,622,0,637,4,6355,True,m8vLq4YJ9k-LHRZJ5GleKQ
4580,2009,7,293,Minneapolis,44.98841162211968,-93.26926434700331,y3C-K9wBYC8QDBoInY572A,2537,0,3144,4,6356,True,y3C-K9wBYC8QDBoInY572A
3873,2009,7,53,Minneapolis,44.98142594109545,-93.24995091624926,8qfoZCAfLBRn_pNOfF8W2A,1886,2,3387,3,6363,True,8qfoZCAfLBRn_pNOfF8W2A
478,2007,7,148,Minneapolis,44.94316326649547,-93.27608855131008,qhhvkT6jYpiqMaUmV5PxGA,75,1,3693,2,6368,True,qhhvkT6jYpiqMaUmV5PxGA
5021,2019,7,85,Minneapolis,44.99328394150302,-93.28794670217148,Ak9RufK01OLUKOhAH5DYcQ,2778,0,3609,6,6372,True,Ak9RufK01OLUKOhAH5DYcQ
1592,2019,6,62,Minneapolis,44.95555924072325,-93.25415560621086,t4u-51aMHi5oGhK_1ErE8Q,116,0,116,7,6374,True,t4u-51aMHi5oGhK_1ErE8Q
3508,2019,6,243,Minneapolis,44.97635710240417,-93.25420351580672,F3EM0dhGCRo9tt17N6rrOw,2228,1,3696,2,6378,True,F3EM0dhGCRo9tt17N6rrOw
1413,2007,7,290,Minneapolis,44.95325060532256,-93.25124193736414,Twro5Pt5Nw8xbmvcvT3h7w,1977,1,3698,2,6380,True,Twro5Pt5Nw8xbmvcvT3h7w
1723,2011,9,24,Minneapolis,44.95567214076299,-93.2147328054642,qkG7cWsH3BaKWywlOQ31Wg,2825,0,3699,2,6381,True,qkG7cWsH3BaKWywlOQ31Wg
2087,2014,9,141,Minneapolis,44.96055987615136,-93.2148155311186,dI3GK3V6Vm6yGAp44vU7vA,1087,1,3701,1,6385,True,dI3GK3V6Vm6yGAp44vU7vA
3878,2019,7,55,Minneapolis,44.98023304382114,-93.24470698764355,ETzgukRcLWQgR2rCHikNjA,2680,0,3400,11,6388,True,ETzgukRcLWQgR2rCHikNjA
532,2011,8,234,Minneapolis,44.94322342686287,-93.22209824521214,kzJA2pa6fzU10Pdvbp9hSw,2203,0,2589,4,6389,True,kzJA2pa6fzU10Pdvbp9hSw
3604,2007,7,106,Minneapolis,44.97746010156605,-93.2431374139948,x-iy60NpLaYoRNNQorWKsA,954,1,3702,4,6393,True,x-iy60NpLaYoRNNQorWKsA
90,2007,7,263,Minneapolis,44.93831036188551,-93.20890446032656,9hidxuhqrMLJUXkmzwUm7A,2257,1,3703,2,6394,True,9hidxuhqrMLJUXkmzwUm7A
453,2014,8,220,Minneapolis,44.94231339696927,-93.21005225975992,nLBsSvwPaqEHJdbqCGOfBQ,2688,1,3706,1,6399,True,nLBsSvwPaqEHJdbqCGOfBQ
2030,2017,11,297,Minneapolis,44.96035004247035,-93.27151038591587,_X80l57tmqOBy8hpHzDAGg,2110,1,3707,1,6400,True,_X80l57tmqOBy8hpHzDAGg
4593,2019,6,213,Minneapolis,44.98837657411664,-93.25668889062622,uZKLglJq6K7_KKdIP3ZtYg,1511,0,1653,6,6401,True,uZKLglJq6K7_KKdIP3ZtYg
2536,2016,9,337,Minneapolis,44.96532560330515,-93.2206030220797,v__0t967HAq45w_ZYa3RIQ,2775,1,3713,3,6410,True,v__0t967HAq45w_ZYa3RIQ
1766,2011,9,330,Minneapolis,44.95735582355828,-93.26212797405536,lMiOjAt2cQOpoeLlCDH_Wg,2738,1,3717,2,6418,True,lMiOjAt2cQOpoeLlCDH_Wg
4995,2009,10,31,Minneapolis,44.99231685484931,-93.224127727985,RcSqK2gwcwgzmo4nH1yUUQ,1327,1,3718,1,6419,True,RcSqK2gwcwgzmo4nH1yUUQ
4520,2014,9,54,Minneapolis,44.98729412211797,-93.23716688452254,aITXdhcWVozIxY_h71NmhA,15,0,15,6,6426,True,aITXdhcWVozIxY_h71NmhA
136,2009,10,259,Minneapolis,44.93954952777028,-93.2541094766574,TwF-G9GWwwQvK1z_lMCteQ,787,1,3720,1,6433,True,TwF-G9GWwwQvK1z_lMCteQ
1818,2013,8,217,Minneapolis,44.9571539200932,-93.20985634949976,0Ef5CcxztinzzUPprqUH8w,2833,0,3721,3,6435,True,0Ef5CcxztinzzUPprqUH8w
1633,2014,9,123,Minneapolis,44.95501562280271,-93.2137237718553,3kcRX4Q9gCmuBlr4gJLADw,2834,0,3722,2,6436,True,3kcRX4Q9gCmuBlr4gJLADw
4333,2014,9,270,Minneapolis,44.9851790418867,-93.2418370011004,1AJPEMveRYsCPkwiXC8erw,2835,0,3723,5,6439,True,1AJPEMveRYsCPkwiXC8erw
2607,2007,7,33,Minneapolis,44.96594177256379,-93.24007705335298,tb_rxw1KQ9h4tgsrvCp-fA,2020,1,3724,2,6440,True,tb_rxw1KQ9h4tgsrvCp-fA
2207,2017,8,128,Minneapolis,44.96226554184192,-93.27654106217162,Kj39bHVjhbtSBQZcfr8iWg,2419,1,3516,8,6443,True,Kj39bHVjhbtSBQZcfr8iWg
940,2013,8,61,Minneapolis,44.94841300510589,-93.26912509501224,ByhyJJa4HKxTn7iQHL3gag,2836,0,3725,6,6445,True,ByhyJJa4HKxTn7iQHL3gag
2102,2011,6,1,Minneapolis,44.96130715870923,-93.2905617089669,7wZ1G3hXAe8nq82oNic-mw,7,1,2551,4,6449,True,7wZ1G3hXAe8nq82oNic-mw
2455,2011,9,81,Minneapolis,44.96421251810499,-93.21028070002728,lCGc2u4WqVAcCYWbtGshbw,2838,0,3729,1,6458,True,lCGc2u4WqVAcCYWbtGshbw
2512,2007,7,148,Minneapolis,44.96532072563792,-93.24409217565132,yQWdbRHJ5xEuRnj4YDoZVw,2267,1,3730,1,6459,True,yQWdbRHJ5xEuRnj4YDoZVw
3946,2017,8,252,Minneapolis,44.98126612043794,-93.26720136317527,h3GWT0rCH5CiJKTkp7D2rw,989,0,1041,6,6466,True,h3GWT0rCH5CiJKTkp7D2rw
4569,2009,7,227,Minneapolis,44.98853292650002,-93.27581975179083,rahlSNRPFxKewbCIfclKWg,2323,2,3734,2,6468,True,rahlSNRPFxKewbCIfclKWg
1952,2018,9,102,Minneapolis,44.95931353852365,-93.25819620259897,MKInE7eqDb1ZnEebJKH-mw,634,1,3735,2,6473,True,MKInE7eqDb1ZnEebJKH-mw
4233,2009,7,23,Minneapolis,44.9840884861846,-93.25439423489536,nxVYrvHpMVtN-GNnhUdp0A,2666,1,3736,2,6479,True,nxVYrvHpMVtN-GNnhUdp0A
835,2014,8,268,Minneapolis,44.94729019769308,-93.28302707667255,YXRlgfyWOphOuzk1CLfEhw,2840,0,3737,1,6483,True,YXRlgfyWOphOuzk1CLfEhw
2535,2007,6,334,Minneapolis,44.96508112549232,-93.22145945780126,HCvCZCbTOKnsMx2H2Nhaiw,484,1,2667,9,6485,True,HCvCZCbTOKnsMx2H2Nhaiw
5093,2009,6,310,Minneapolis,44.99241923942323,-93.21044463857596,gPcue8NCDqZwtQuJ7QoG3w,1166,0,1243,7,6487,True,gPcue8NCDqZwtQuJ7QoG3w
280,2019,5,122,Minneapolis,44.94130492600272,-93.29207604181629,ppE02NMK9_KZNLPIctBoYA,1280,1,3738,2,6489,True,ppE02NMK9_KZNLPIctBoYA
1207,2019,5,339,Minneapolis,44.95128186077632,-93.2753639732372,SeBGHkIwrRrrn-AQ-4PkFw,1032,1,3739,1,6490,True,SeBGHkIwrRrrn-AQ-4PkFw
3233,2009,6,165,Minneapolis,44.97331371575198,-93.25121672512913,zU0T8juLeefTm_BQux6Mpg,217,1,3741,1,6496,True,zU0T8juLeefTm_BQux6Mpg
4511,2011,6,158,Minneapolis,44.98759629248299,-93.2438459809645,EPatxwhajplrtQCrHZoCGA,1940,0,2215,5,6497,True,EPatxwhajplrtQCrHZoCGA
1232,2007,7,111,Minneapolis,44.95131808255767,-93.24995710871669,aY0FODuSV0cfPvIRhLk7Ng,637,1,3742,1,6501,True,aY0FODuSV0cfPvIRhLk7Ng
4630,2009,6,159,Minneapolis,44.98835646780967,-93.2203037639585,g4bIZXOEeypMVOyjPHaaKw,1822,0,2058,4,6503,True,g4bIZXOEeypMVOyjPHaaKw
621,2007,7,80,Minneapolis,44.94437060165043,-93.22432339521832,1aIMSztetTNUsJ_To6DqKQ,2842,0,3745,2,6508,True,1aIMSztetTNUsJ_To6DqKQ
4027,2009,7,130,Minneapolis,44.98287979895331,-93.27712775433412,Ny6UQ0DJegWmIz_h5a3n3Q,1456,0,1591,5,6509,True,Ny6UQ0DJegWmIz_h5a3n3Q
107,2014,10,119,Minneapolis,44.93929269688041,-93.28306573312146,ZeLV7UVWu1xAIoB2JoYonQ,139,0,140,6,6515,True,ZeLV7UVWu1xAIoB2JoYonQ
2071,2019,6,356,Minneapolis,44.96029005100269,-93.22990155390316,88am96Eot48k8mBrtZlP0w,1827,1,3748,2,6517,True,88am96Eot48k8mBrtZlP0w
368,2019,5,259,Minneapolis,44.94231940121794,-93.294549483832,KrAebsXcVgvnAsWUQV8qUg,2465,0,3020,4,6520,True,KrAebsXcVgvnAsWUQV8qUg
2371,2011,6,78,Minneapolis,44.96447864224804,-93.29410116715712,2enDnbS6TDuGyVL2JASXLA,1808,1,3749,2,6530,True,2enDnbS6TDuGyVL2JASXLA
650,2016,9,287,Minneapolis,44.94530450728683,-93.28559006042768,K9dc6foBJhChaO-os21y0w,2241,1,3750,2,6534,True,K9dc6foBJhChaO-os21y0w
4609,2009,7,228,Minneapolis,44.98860894029065,-93.23998301216292,LVClgEq9UQBSTDkisVVKQw,2653,1,3751,1,6536,True,LVClgEq9UQBSTDkisVVKQw
3228,2009,7,338,Minneapolis,44.97362211235961,-93.25528338411344,IAlf96EnDMDAZQmcrlAWZw,2844,0,3754,12,6543,True,IAlf96EnDMDAZQmcrlAWZw
1982,2019,6,171,Minneapolis,44.95934272176444,-93.2283061961242,lHQnR8__cDTOZ5lh-IjSFg,2261,1,3756,4,6553,True,lHQnR8__cDTOZ5lh-IjSFg
5018,2014,9,64,Minneapolis,44.99325765004538,-93.2861680238474,UZVXsVcljdUnMSQ0Dmhzwg,2845,0,3757,1,6554,True,UZVXsVcljdUnMSQ0Dmhzwg
631,2007,7,233,Minneapolis,44.94425330289721,-93.21400856862402,MyqlxhxWYmg9YB-g3U58zA,1898,1,3759,3,6556,True,MyqlxhxWYmg9YB-g3U58zA
60,2019,6,316,Minneapolis,44.93834130764504,-93.2389345542968,XMkMIsY4Mgktzf661yZprQ,2847,0,3760,4,6563,True,XMkMIsY4Mgktzf661yZprQ
3412,2016,11,106,Minneapolis,44.97528991924924,-93.25510762586,Pv5lz0q2DhYFXcvIWuW2Fg,2154,0,2519,5,6564,True,Pv5lz0q2DhYFXcvIWuW2Fg
2137,2007,7,353,Minneapolis,44.96133734018009,-93.254846081131,wgwsDIjX3T5kDSg7JZvq0g,2832,1,3761,2,6565,True,wgwsDIjX3T5kDSg7JZvq0g
2578,2011,6,261,Minneapolis,44.96641526288784,-93.26899993212186,meJ8yhlO4sQqwdxg_wYyRg,1592,0,1752,8,6568,True,meJ8yhlO4sQqwdxg_wYyRg
4580,2017,10,106,Minneapolis,44.98843870123526,-93.26929374543468,uZwU2CRhrYzn7U0P-JQO4A,2537,1,3763,3,6571,True,uZwU2CRhrYzn7U0P-JQO4A
514,2014,8,33,Minneapolis,44.94331479309363,-93.2435729585643,iM0WUquTSYCBwZYW1lkIsA,1752,0,1963,5,6572,True,iM0WUquTSYCBwZYW1lkIsA
3740,2007,8,336,Minneapolis,44.97896491752864,-93.2901997438066,vnlIYUQIK0s7gxMGYKkppQ,618,0,633,3,6575,True,vnlIYUQIK0s7gxMGYKkppQ
4693,2017,8,59,Minneapolis,44.98932567843411,-93.24917684451816,ceSqY3NX2mkhw7JjoD5iMg,2849,0,3765,1,6576,True,ceSqY3NX2mkhw7JjoD5iMg
2190,2011,6,163,Minneapolis,44.96224493322737,-93.29309092921264,PWjC_FwU4aKJ_g8SBg1QKw,2850,0,3766,2,6577,True,PWjC_FwU4aKJ_g8SBg1QKw
4609,2007,7,244,Minneapolis,44.98858957127783,-93.23996812022608,_FJoeo3zsiV7oUO8-i-5Zw,2653,2,3769,1,6586,True,_FJoeo3zsiV7oUO8-i-5Zw
1352,2007,7,31,Minneapolis,44.95197242789756,-93.22106833950735,GzkAvz8A7JzpJnCIRiF0Xg,1957,1,3770,4,6587,True,GzkAvz8A7JzpJnCIRiF0Xg
2886,2009,7,246,Minneapolis,44.96853071260675,-93.2353944651898,Q67kkVQ8ZGDa2MrjhYQe4w,417,1,3771,2,6595,True,Q67kkVQ8ZGDa2MrjhYQe4w
3824,2019,6,347,Minneapolis,44.98032870171748,-93.29819903612191,X-UN_hsFfWJDyrMH3gYsmg,2852,0,3775,2,6605,True,X-UN_hsFfWJDyrMH3gYsmg
1763,2007,7,92,Minneapolis,44.95733561782059,-93.26508912673816,_c9AUx4SDWc7OxpLoPLP9g,1053,2,3776,1,6612,True,_c9AUx4SDWc7OxpLoPLP9g
2414,2019,6,213,Minneapolis,44.96430047910118,-93.25116318122896,z3_5HVdKiD2C0MJrKdJbDw,2799,0,3647,10,6613,True,z3_5HVdKiD2C0MJrKdJbDw
927,2017,8,122,Minneapolis,44.94832436706925,-93.28220193677274,0fF1HHXFptaoOCMaNRHM-w,329,0,333,9,6622,True,0fF1HHXFptaoOCMaNRHM-w
3940,2019,7,118,Minneapolis,44.98156719655016,-93.27430771786608,34G9QUlX8btaqWKE-VkLKA,2854,0,3779,9,6625,True,34G9QUlX8btaqWKE-VkLKA
3292,2016,9,219,Minneapolis,44.97396199763281,-93.28338094259746,PBBbHrV430jGw4aDKrV8oQ,948,0,994,4,6629,True,PBBbHrV430jGw4aDKrV8oQ
1345,2009,10,206,Minneapolis,44.95227505079227,-93.22839933527636,obZH6eZOqxbYZnbBRxibtg,542,1,2357,4,6631,True,obZH6eZOqxbYZnbBRxibtg
1537,2009,10,291,Minneapolis,44.95433524531347,-93.2178479866842,HAAdkdatrEMVBtRY6vHchQ,2713,1,3493,3,6632,True,HAAdkdatrEMVBtRY6vHchQ
4847,2016,9,18,Minneapolis,44.99209649159819,-93.27632114556204,9hqFBU0sQqOrbLThx2xNvA,2822,1,3780,5,6633,True,9hqFBU0sQqOrbLThx2xNvA
1008,2011,6,337,Minneapolis,44.94929886142369,-93.29192225046792,_R4Ln0BrKGdLTsrY666JWw,702,1,2367,3,6637,True,_R4Ln0BrKGdLTsrY666JWw
1801,2009,10,290,Minneapolis,44.95739911363875,-93.22710365613058,PJgZNAPpmjE7GeIBWs2VkQ,2555,1,3782,2,6644,True,PJgZNAPpmjE7GeIBWs2VkQ
1987,2019,6,14,Minneapolis,44.95917698644079,-93.22311450642154,3He3U-9eO-TjXQuScYq8dw,2434,1,3784,2,6658,True,3He3U-9eO-TjXQuScYq8dw
804,2017,8,317,Minneapolis,44.94623318034925,-93.2229505068341,UxxxqUSOLR3d64M9vhAqkQ,234,1,3033,5,6660,True,UxxxqUSOLR3d64M9vhAqkQ
2040,2011,9,353,Minneapolis,44.9602703290614,-93.26112526505244,ypSr11Q9BxR0XAYD49ynWg,901,0,941,5,6661,True,ypSr11Q9BxR0XAYD49ynWg
2407,2018,10,76,Minneapolis,44.9643271173309,-93.25822188498653,HVUsbuNrZnHsXDtsKTRIMw,663,1,3577,6,6662,True,HVUsbuNrZnHsXDtsKTRIMw
4605,2013,9,348,Minneapolis,44.98850036694366,-93.24295604393323,2CrzZZ4yxjbtWQugyoVzLA,1806,0,2036,4,6667,True,2CrzZZ4yxjbtWQugyoVzLA
612,2019,6,241,Minneapolis,44.94429505414686,-93.23304136592516,wZ_3Ui8zph2D-Q9a0SMU5A,2450,0,2995,5,6669,True,wZ_3Ui8zph2D-Q9a0SMU5A
5234,2011,6,52,Minneapolis,44.99530635440215,-93.25625479722312,mmhA8JXgfLciBzzpLqbLOQ,2482,0,3053,4,6673,True,mmhA8JXgfLciBzzpLqbLOQ
1412,2007,7,113,Minneapolis,44.95332608564586,-93.25246135584554,aPZ7wdAH_jGbQZl4DEdeXA,2771,1,3787,3,6676,True,aPZ7wdAH_jGbQZl4DEdeXA
690,2014,9,151,Minneapolis,44.94530894527227,-93.24612127831072,nTuBApocd2yEqlpyGBIWgA,2631,1,3575,3,6682,True,nTuBApocd2yEqlpyGBIWgA
4765,2016,10,285,Minneapolis,44.99018585246693,-93.26424961824704,daR-TmOVAq4Bmf1EuPKVVQ,1847,0,2093,4,6685,True,daR-TmOVAq4Bmf1EuPKVVQ
1634,2019,6,358,Minneapolis,44.95475419429251,-93.2135389551317,sAa1bZCU9g5_Xu7paYx4_g,1367,1,3790,1,6691,True,sAa1bZCU9g5_Xu7paYx4_g
1637,2019,6,215,Minneapolis,44.95561093004406,-93.2088347045185,QI5q55oMHEip9kq_CNaC8Q,1323,1,3791,2,6694,True,QI5q55oMHEip9kq_CNaC8Q
756,2007,7,299,Minneapolis,44.94631599161129,-93.27155031377195,JiNBVBRWxIUrMCGK42fM8g,2858,0,3792,1,6695,True,JiNBVBRWxIUrMCGK42fM8g
3163,2019,6,123,Minneapolis,44.97239885760878,-93.23026741465657,6xMhIe5ruqP8Rvhs-hbifA,1830,1,3794,1,6697,True,6xMhIe5ruqP8Rvhs-hbifA
4937,2017,8,179,Minneapolis,44.99221381170766,-93.27615224239344,p2fkROprbsAFehPC4YVVKw,2822,0,3691,7,6699,True,p2fkROprbsAFehPC4YVVKw
3133,2011,6,178,Minneapolis,44.97208864896307,-93.2596381349161,qtauV8k4vMix3Wzv-_RCog,48,0,48,4,6703,True,qtauV8k4vMix3Wzv-_RCog
5078,2019,6,66,Minneapolis,44.99326299313054,-93.2228479885126,mt2TC30MElA89jDEwKylOQ,2861,0,3797,1,6704,True,mt2TC30MElA89jDEwKylOQ
1011,2011,9,155,Minneapolis,44.94927415617055,-93.28938101053986,ml3PrV75WDiIYL5HW4204A,1371,0,1486,3,6705,True,ml3PrV75WDiIYL5HW4204A
471,2007,7,264,Minneapolis,44.94336455699005,-93.28303440557347,QOlddUoDXDyJTWIbTcEhEA,2862,0,3798,2,6706,True,QOlddUoDXDyJTWIbTcEhEA
327,2009,10,183,Minneapolis,44.94132943004886,-93.24517683469908,h9tQBS02O-VpMm9E8mEt6Q,1147,0,1221,3,6708,True,h9tQBS02O-VpMm9E8mEt6Q
4038,2017,8,242,Minneapolis,44.98225814572535,-93.26317371779592,0uRrp3PANGc3OaKCI5bD_Q,303,0,307,4,6709,True,0uRrp3PANGc3OaKCI5bD_Q
388,2011,6,304,Minneapolis,44.94225532232458,-93.27510693335918,-xD2mFiSaSwU4jm7UYP_Kw,590,0,603,9,6725,True,-xD2mFiSaSwU4jm7UYP_Kw
1719,2011,10,231,Minneapolis,44.95627738777677,-93.21791012869602,zfEPC5CLUOWCK-bpMBEadw,892,2,3804,2,6729,True,zfEPC5CLUOWCK-bpMBEadw
5089,2016,10,264,Minneapolis,44.99340685781028,-93.21388315973164,x7bKVT_zJRB170hzpvDDdw,510,3,3808,1,6742,True,x7bKVT_zJRB170hzpvDDdw
3042,2017,11,13,Minneapolis,44.97162376213084,-93.25992067556793,lMpQe2-QvaRAsr-D0vjyKw,2029,0,2347,4,6744,True,lMpQe2-QvaRAsr-D0vjyKw
2062,2007,7,300,Minneapolis,44.96026413688917,-93.23936386125338,vLHRRT760HaIJmK5p1pHhg,475,1,3810,1,6746,True,vLHRRT760HaIJmK5p1pHhg
2781,2014,9,182,Minneapolis,44.96808528471252,-93.24836634287912,ym-gLVjr0KsIsbe2zV2Vkw,670,0,688,6,6752,True,ym-gLVjr0KsIsbe2zV2Vkw
3551,2016,11,229,Minneapolis,44.9775449226009,-93.29583561198145,_kmVMDgc_iGRjgEgWuDEmw,2867,0,3812,3,6757,True,_kmVMDgc_iGRjgEgWuDEmw
3396,2014,10,188,Minneapolis,44.97522963445436,-93.27000432130352,HPMBpYAHRozXxUTr5cjhbw,2372,1,3813,2,6762,True,HPMBpYAHRozXxUTr5cjhbw
3421,2009,7,252,Minneapolis,44.97554203941578,-93.2450948546615,8bEyIcMws-x1A8mEZmOoeA,588,0,601,9,6763,True,8bEyIcMws-x1A8mEZmOoeA
2850,2007,7,349,Minneapolis,44.9692978956941,-93.27023465890876,tuzPMAqWaAjYhtkV7RmZZQ,1653,0,1828,8,6765,True,tuzPMAqWaAjYhtkV7RmZZQ
5042,2007,7,333,Minneapolis,44.99320091122232,-93.26344440247895,Z-T1dF5BKFCCg-ynTA-1oA,2868,0,3814,2,6769,True,Z-T1dF5BKFCCg-ynTA-1oA
2111,2019,5,140,Minneapolis,44.96128170207682,-93.28126733022263,_jjPxgjK4uandftMSFAAPQ,677,1,3816,1,6778,True,_jjPxgjK4uandftMSFAAPQ
2444,2019,6,321,Minneapolis,44.96450086394167,-93.22080743317964,MSSbNLBGPGR8A3p3IhEuWA,2869,0,3817,4,6779,True,MSSbNLBGPGR8A3p3IhEuWA
4992,2019,7,207,Minneapolis,44.99237562601303,-93.22212141058624,PJ7me557ucvk8twP9kwktw,873,0,912,6,6785,True,PJ7me557ucvk8twP9kwktw
2189,2012,7,217,Minneapolis,44.96231852282171,-93.29436752158249,nZFqMAizw2xAehAfJBKR6g,2213,1,3772,3,6788,True,nZFqMAizw2xAehAfJBKR6g
3229,2019,7,9,Minneapolis,44.97336885086226,-93.25508354426444,zGdn1fv0hREkTBldAopfwA,2397,0,2906,11,6790,True,zGdn1fv0hREkTBldAopfwA
1783,2011,8,346,Minneapolis,44.95739330071584,-93.24496158629276,1kk4sp8aJc3fYsh5XohmWg,1350,0,1459,4,6791,True,1kk4sp8aJc3fYsh5XohmWg
738,2007,7,272,Minneapolis,44.94632115422745,-93.2894143116116,UpPjWt1qWToo4s5f0Qh03A,2165,1,3822,1,6802,True,UpPjWt1qWToo4s5f0Qh03A
1612,2016,11,320,Minneapolis,44.9555615886219,-93.23421715402422,FbnS5EFbNLFKD8hHgM5bSQ,2873,0,3823,2,6803,True,FbnS5EFbNLFKD8hHgM5bSQ
4689,2013,9,277,Minneapolis,44.98933835998176,-93.24517198484756,4fEYTR9A3S4x1Z4EtKWyjQ,1110,1,3825,1,6808,True,4fEYTR9A3S4x1Z4EtKWyjQ
3595,2016,8,32,Minneapolis,44.97736145502918,-93.25520837743171,KJLUD5XUwdAZmSok4Po-fw,2511,1,3828,1,6811,True,KJLUD5XUwdAZmSok4Po-fw
5206,2011,7,135,Minneapolis,44.99526264618141,-93.28012308267692,Uf2OeeuLOTa7-tJJvokqLg,743,0,764,4,6812,True,Uf2OeeuLOTa7-tJJvokqLg
5232,2019,6,343,Minneapolis,44.99507413881325,-93.25306993055632,DChO1-yRiD6DnDHLBrHf0Q,2672,1,3829,4,6813,True,DChO1-yRiD6DnDHLBrHf0Q
1046,2009,10,317,Minneapolis,44.94931528145094,-93.2537666691975,UNlAUKbzehKBUW40_K3oiQ,2123,1,3800,3,6816,True,UNlAUKbzehKBUW40_K3oiQ
4445,2009,10,267,Minneapolis,44.9861693191591,-93.21927524717404,0DBobH-6q1q7RH86sFXhfw,1520,1,3830,2,6818,True,0DBobH-6q1q7RH86sFXhfw
4237,2019,6,93,Minneapolis,44.98435109253087,-93.24733423968478,3ibroOiI2mSpBbCONA19RA,2875,0,3831,4,6820,True,3ibroOiI2mSpBbCONA19RA
1340,2011,7,290,Minneapolis,44.95237848201619,-93.2331584057929,v7SAJi_9RL4P4jFJs33EUA,2572,0,3211,4,6821,True,v7SAJi_9RL4P4jFJs33EUA
1921,2019,5,115,Minneapolis,44.95929336308374,-93.289313838443,8EAzDwH3swJY5aT40DIbJw,2250,1,3834,1,6830,True,8EAzDwH3swJY5aT40DIbJw
2132,2018,8,149,Minneapolis,44.96132858297362,-93.25966297283794,eoW2DkPhSfMI-_S533hmlA,124,0,125,4,6833,True,eoW2DkPhSfMI-_S533hmlA
221,2019,5,223,Minneapolis,44.94029311589127,-93.2600454805855,XMsNF08rQ_MQaPi1eU2nSw,205,1,2248,5,6834,True,XMsNF08rQ_MQaPi1eU2nSw
2429,2016,8,54,Minneapolis,44.96442048302391,-93.23619630245986,mFIGPlsNV7h8w6QkCj_yyQ,513,1,3835,2,6838,True,mFIGPlsNV7h8w6QkCj_yyQ
2677,2009,7,135,Minneapolis,44.96723697642346,-93.26105873509056,A3rrTPa_9L3N8itbv9jliA,1236,2,3836,2,6839,True,A3rrTPa_9L3N8itbv9jliA
4637,2017,8,198,Minneapolis,44.9880386660494,-93.21007448643748,I4elf4m_9Pz6glUft3FHSA,73,0,73,9,6842,True,I4elf4m_9Pz6glUft3FHSA
1447,2014,8,213,Minneapolis,44.9533455213638,-93.216587626652,mAWOX-ckbQaep4xD89vQ3Q,1462,1,1872,3,6844,True,mAWOX-ckbQaep4xD89vQ3Q
2132,2017,10,317,Minneapolis,44.96132364023057,-93.259680118751,7xStEwZ241jdzNHy9wzTVA,124,1,774,5,6852,True,7xStEwZ241jdzNHy9wzTVA
4442,2019,6,247,Minneapolis,44.98604416921133,-93.22513407726773,0yKVEyUmK9nFn0wbXOUHqA,2216,1,3840,3,6855,True,0yKVEyUmK9nFn0wbXOUHqA
4453,2009,10,39,Minneapolis,44.98629000190547,-93.21526825177864,ErEUDedw1vOnysNV4aXRqg,243,1,3841,2,6857,True,ErEUDedw1vOnysNV4aXRqg
900,2014,8,256,Minneapolis,44.94734266400826,-93.21785076544444,jF6ZNW36r8JRlo6KsfG8TQ,332,1,3842,2,6858,True,jF6ZNW36r8JRlo6KsfG8TQ
1414,2011,8,305,Minneapolis,44.9532567722182,-93.24994179200368,SR7mQ7n03WSN29YiPg5khA,2124,0,2479,3,6865,True,SR7mQ7n03WSN29YiPg5khA
2063,2007,7,85,Minneapolis,44.96032414809634,-93.23776352340508,Xn9mPdBD_GDClqCx8-5Lpw,458,1,2749,3,6868,True,Xn9mPdBD_GDClqCx8-5Lpw
1281,2019,5,272,Minneapolis,44.9522749056598,-93.29189333051848,wyOdyjnxHoeHa3K76gnclw,1558,1,3283,3,6873,True,wyOdyjnxHoeHa3K76gnclw
962,2015,7,105,Minneapolis,44.94833248181325,-93.24709549391258,kPepfn8TT2Q-tufTOtmktg,66,0,66,10,6874,True,kPepfn8TT2Q-tufTOtmktg
4955,2009,7,175,Minneapolis,44.9922655894357,-93.26108658370524,wFkGs3homF0CQYnh4NRTpw,1152,1,3844,3,6878,True,wFkGs3homF0CQYnh4NRTpw
4599,2016,11,60,Minneapolis,44.98839304219586,-93.2491064565526,TGPCNVj-2SDOQZth59zo-g,1102,1,3845,1,6879,True,TGPCNVj-2SDOQZth59zo-g
3692,2009,7,253,Minneapolis,44.97772158307281,-93.24677976544088,38azkgCq1nIUwnUPruMHLA,2879,0,3847,1,6883,True,38azkgCq1nIUwnUPruMHLA
561,2011,8,103,Minneapolis,44.94429780424419,-93.284309133739,9UXxpQvGFlDSkeE2C6cPqA,941,0,986,6,6885,True,9UXxpQvGFlDSkeE2C6cPqA
2992,2014,9,231,Minneapolis,44.97025608913044,-93.2191884799145,07VhpHG-V1i1ugwWuf4RTA,2479,1,3848,2,6888,True,07VhpHG-V1i1ugwWuf4RTA
138,2019,6,116,Minneapolis,44.93925458362023,-93.25242446308052,7J6f-3qYJcZ-2zfwrNyAXw,1012,1,2912,4,6891,True,7J6f-3qYJcZ-2zfwrNyAXw
3389,2019,6,287,Minneapolis,44.97510512157628,-93.27725882298324,5zVKke0s8V8lriNf-db0hg,1212,0,1299,8,6903,True,5zVKke0s8V8lriNf-db0hg
2573,2017,8,126,Minneapolis,44.96629748695641,-93.27409910549038,xwNOXRGNc39n0Kmnv7cxkw,74,0,74,3,6905,True,xwNOXRGNc39n0Kmnv7cxkw
3063,2011,6,178,Minneapolis,44.97068972298168,-93.24033916493352,W0aOL3JlGS5SFvHMcDw8ag,1254,0,1347,5,6912,True,W0aOL3JlGS5SFvHMcDw8ag
630,2009,10,14,Minneapolis,44.94431040845593,-93.2152838555724,8Olwd9Jg3HjG1Fi1F6p-oA,1778,0,1997,3,6914,True,8Olwd9Jg3HjG1Fi1F6p-oA
5187,2019,6,352,Minneapolis,44.99520936306768,-93.29812665420764,2-gJyOZBNVxBydPf-qsILg,2468,0,3027,3,6916,True,2-gJyOZBNVxBydPf-qsILg
140,2009,10,204,Minneapolis,44.93927019877584,-93.24992295125848,aY9S8LKGJD49TenLAAsjFQ,2881,0,3853,3,6918,True,aY9S8LKGJD49TenLAAsjFQ
3895,2007,6,91,Minneapolis,44.98026536974049,-93.23219473572502,wfXZjSvGTxLCjMd9ywLDgQ,2032,1,3855,7,6920,True,wfXZjSvGTxLCjMd9ywLDgQ
788,2019,6,76,Minneapolis,44.94635611709995,-93.23891825016936,0ncxCFa3VZ5j12bm71-uoQ,2883,0,3856,2,6921,True,0ncxCFa3VZ5j12bm71-uoQ
3713,2020,7,265,Minneapolis,44.97853767234434,-93.22503030274991,CAoSLEFGMVFpcFBKNWw5alJWYlBFRTNfUW1HLS1vX0I0MjFEMExFb0Rmb2N0Wl9C,1981,1,3857,1,6925,True,CAoSLEFGMVFpcFBKNWw5alJWYlBFRTNfUW1HLS1vX0I0MjFEMExFb0Rmb2N0Wl9C
3039,2019,6,137,Minneapolis,44.97159492447411,-93.26290567745323,hLbP02-Ib0dDz_Nfl8nDGw,260,0,262,5,6926,True,hLbP02-Ib0dDz_Nfl8nDGw
1983,2019,6,241,Minneapolis,44.95915833569595,-93.2272018286533,IAO5Xp7U12UvFzs1n-yLdw,1384,0,1501,3,6928,True,IAO5Xp7U12UvFzs1n-yLdw
819,2007,7,104,Minneapolis,44.94728136320911,-93.29957777744428,r6qBbbYTQ8G22XOdqfNLJQ,2009,0,2313,4,6936,True,r6qBbbYTQ8G22XOdqfNLJQ
907,2016,9,113,Minneapolis,44.94732168197282,-93.211408578795,5UBYE0oy0DKaUW3kT9Emcw,2651,0,3343,3,6944,True,5UBYE0oy0DKaUW3kT9Emcw
1563,2014,9,69,Minneapolis,44.95530276926079,-93.28295394653074,W16N3u0P3g7qGFHn_j-Otw,635,0,650,5,6945,True,W16N3u0P3g7qGFHn_j-Otw
2889,2019,6,113,Minneapolis,44.97040647545643,-93.23043094399976,y4GU-lSYBoQkhCVsTQxr2A,1818,0,2051,8,6946,True,y4GU-lSYBoQkhCVsTQxr2A
4751,2017,8,67,Minneapolis,44.98991509288435,-93.27767211131663,407f1uqrvVVfFJTXkl6BQQ,2126,0,2484,3,6947,True,407f1uqrvVVfFJTXkl6BQQ
163,2011,8,114,Minneapolis,44.9393380598461,-93.22708986910492,DGT9OVNpoUv_XKWlJge5_g,2885,0,3860,1,6949,True,DGT9OVNpoUv_XKWlJge5_g
4180,2009,6,241,Minneapolis,44.98473076433479,-93.21319451967209,6qFj_sfcN_WoG1p8-7JgiA,2886,0,3861,1,6950,True,6qFj_sfcN_WoG1p8-7JgiA
2143,2018,9,305,Minneapolis,44.96142689572422,-93.24863784902988,fGOnnWHIw9A1GVoibknPoQ,35,1,3862,1,6955,True,fGOnnWHIw9A1GVoibknPoQ
3309,2017,8,181,Minneapolis,44.9743231852762,-93.26609093046056,jH8RI47Vv1ISzYBg2yyPow,1772,0,1989,7,6958,True,jH8RI47Vv1ISzYBg2yyPow
5009,2008,9,334,Minneapolis,44.99308533260315,-93.2980983928628,pRWT_KLwXCMJdpw6UNxZRg,187,1,1739,4,6960,True,pRWT_KLwXCMJdpw6UNxZRg
3521,2015,10,58,Minneapolis,44.9764604260501,-93.2381636839154,MhlYvw1lQunohTt0_rMPnw,704,2,3849,3,6961,True,MhlYvw1lQunohTt0_rMPnw
995,2009,10,188,Minneapolis,44.94831545407736,-93.2141878803132,Mg6m4xCpyyU9GRnCeKCw-Q,1880,0,2135,6,6965,True,Mg6m4xCpyyU9GRnCeKCw-Q
2302,2017,8,217,Minneapolis,44.96341637234121,-93.27274982452175,qpiYBHyXRMZtpC_0rH-aeA,2163,0,2534,5,6968,True,qpiYBHyXRMZtpC_0rH-aeA
5228,2011,6,184,Minneapolis,44.9952313405367,-93.26311585662496,CcjJ4POexUVU1b4XHV15Zw,2888,0,3865,2,6971,True,CcjJ4POexUVU1b4XHV15Zw
5097,2013,8,39,Minneapolis,44.99430217776603,-93.29718433829842,RZr6AJVQwYtNHl4cXMNrCQ,1962,1,3866,4,6974,True,RZr6AJVQwYtNHl4cXMNrCQ
2654,2016,10,133,Minneapolis,44.96722682328769,-93.28423195715516,k6iS9sRFE3XXt_Xp7BlXFw,2562,1,3294,7,6977,True,k6iS9sRFE3XXt_Xp7BlXFw
1461,2019,5,84,Minneapolis,44.95421780294618,-93.29442992259972,Yk8MMFV3RYwMfp_jGPNcYQ,752,0,776,4,6986,True,Yk8MMFV3RYwMfp_jGPNcYQ
1819,2014,9,102,Minneapolis,44.95746219993199,-93.2094083777097,xFVofJosiNBC483FiWJEVw,2890,0,3868,2,6987,True,xFVofJosiNBC483FiWJEVw
92,2017,8,291,Minneapolis,44.93927229180131,-93.298429322079,Mb2xN0KHjcM_q2_uLJul1A,2891,0,3869,2,6993,True,Mb2xN0KHjcM_q2_uLJul1A
809,2019,6,301,Minneapolis,44.9462673449498,-93.21784731955688,rMgtYKCztouWVIqhQ2g5kQ,2788,0,3624,4,7000,True,rMgtYKCztouWVIqhQ2g5kQ
5131,2007,7,183,Minneapolis,44.99427789696596,-93.26418809217682,t9coGq-3n052yVyF3KIRwA,2573,0,3212,4,7007,True,t9coGq-3n052yVyF3KIRwA
4689,2007,7,147,Minneapolis,44.98935802049866,-93.24520784233653,xPx88dUnzbJW-eY4jQCsVw,1110,2,3872,1,7011,True,xPx88dUnzbJW-eY4jQCsVw
2259,2014,9,21,Minneapolis,44.96233625781073,-93.22400924677216,nFA6IpNa3eOvCbXOPKqWnA,1403,0,1522,8,7015,True,nFA6IpNa3eOvCbXOPKqWnA
1729,2011,9,204,Minneapolis,44.95734511558116,-93.29915890240147,QLd9vjsD0IhbtCzAYqxW0g,940,1,1475,3,7016,True,QLd9vjsD0IhbtCzAYqxW0g
3132,2019,6,46,Minneapolis,44.972228541325,-93.26125538723646,mEZpJC1l9L_HKINxE3ej-w,1665,0,1842,7,7022,True,mEZpJC1l9L_HKINxE3ej-w
1272,2009,10,299,Minneapolis,44.95107875191124,-93.21037118668424,erMowzn2Hf2sazSoG7iRbA,2095,1,3874,2,7023,True,erMowzn2Hf2sazSoG7iRbA
3676,2016,9,1,Minneapolis,44.97860112835295,-93.2608949338411,RrRMLHEYJp5Ot5jGM-32Iw,131,0,132,12,7027,True,RrRMLHEYJp5Ot5jGM-32Iw
2020,2011,8,205,Minneapolis,44.96025698567426,-93.28127187205216,A_532kPSkKo5Cvky9m5Jvw,2293,2,3876,1,7032,True,A_532kPSkKo5Cvky9m5Jvw
4366,2019,6,132,Minneapolis,44.98478280913915,-93.20933251552948,i0T-9WBhtngPmZSs4U-Rng,896,1,1126,7,7035,True,i0T-9WBhtngPmZSs4U-Rng
2743,2013,8,3,Minneapolis,44.96832432746555,-93.28608423952862,kuKmcaR0aJoj1aBMqvakOw,853,1,2591,3,7039,True,kuKmcaR0aJoj1aBMqvakOw
4402,2019,6,189,Minneapolis,44.98586926656395,-93.26974190309708,PBJYRNbkrw9tex3zub1ADg,738,1,3883,2,7050,True,PBJYRNbkrw9tex3zub1ADg
129,2009,10,62,Minneapolis,44.93927948821652,-93.26131748442582,jMXjtb0Bf-3XJhiCBhMwTA,2897,0,3885,4,7052,True,jMXjtb0Bf-3XJhiCBhMwTA
932,2011,6,129,Minneapolis,44.94836897987218,-93.27712711154189,XCOtVv6xDmCJOOkO_AO0XQ,804,1,3886,2,7053,True,XCOtVv6xDmCJOOkO_AO0XQ
207,2014,9,79,Minneapolis,44.94033065338357,-93.27420963995856,eyqIzsKWLNsfdqA5Srffwg,371,0,377,4,7063,True,eyqIzsKWLNsfdqA5Srffwg
1067,2019,6,308,Minneapolis,44.94928144988238,-93.23315974028858,XI0WQirvo7_5CtbadzY2ng,2225,2,3889,2,7064,True,XI0WQirvo7_5CtbadzY2ng
2122,2017,8,13,Minneapolis,44.96129212879121,-93.27025442688752,fi9Of0bJBIJGSwEUSatbEA,1717,0,1917,6,7068,True,fi9Of0bJBIJGSwEUSatbEA
4601,2013,9,75,Minneapolis,44.98830480839419,-93.24816765370274,na-mFFlcbxERc0hY1A4Zeg,2899,0,3890,2,7071,True,na-mFFlcbxERc0hY1A4Zeg
900,2009,10,79,Minneapolis,44.94734751499693,-93.21785351054852,KLKT4jkLrNMyIEp77WB93Q,332,0,336,4,7079,True,KLKT4jkLrNMyIEp77WB93Q
3470,2019,9,323,Minneapolis,44.97633333037407,-93.28726575104665,hRBeEcpaHQIQlGxY59V1oQ,539,0,552,11,7083,True,hRBeEcpaHQIQlGxY59V1oQ
4798,2009,9,249,Minneapolis,44.99022566398367,-93.2320567956852,SmmugXyENcZ8wGOksv4EJQ,1270,1,3894,4,7088,True,SmmugXyENcZ8wGOksv4EJQ
1867,2015,8,214,Minneapolis,44.95832118792712,-93.25238302438528,b0lRl-Hw3D_eCIXf2Iz5ug,2180,0,2555,8,7092,True,b0lRl-Hw3D_eCIXf2Iz5ug
859,2019,5,222,Minneapolis,44.94732314769524,-93.2588659351794,Tttde9H7vwSwaAs9_pR-tg,2633,0,3312,4,7093,True,Tttde9H7vwSwaAs9_pR-tg
2678,2007,7,47,Minneapolis,44.96727631374347,-93.2596866846725,eIIJ_86nO62uHJnbllzBTQ,1719,1,3896,2,7096,True,eIIJ_86nO62uHJnbllzBTQ
354,2014,9,54,Minneapolis,44.94142369188739,-93.2182147116846,gziKV9T5RTzvezVCghAQRQ,1541,0,1686,3,7104,True,gziKV9T5RTzvezVCghAQRQ
4362,2019,6,80,Minneapolis,44.9854506017195,-93.2180266057624,z_DO99yItpomNhyzqVpqaw,1443,1,3900,1,7106,True,z_DO99yItpomNhyzqVpqaw
2437,2019,6,302,Minneapolis,44.9644171448688,-93.226661444704,TiTC6PKhP3h5ny6ur83pKA,922,1,3901,2,7109,True,TiTC6PKhP3h5ny6ur83pKA
4439,2014,9,170,Minneapolis,44.9860301703664,-93.22605522837232,0D8H6NtpVPtdveUemJGkjQ,2391,1,3902,2,7111,True,0D8H6NtpVPtdveUemJGkjQ
982,2019,6,154,Minneapolis,44.94833627205909,-93.22708002154108,eNfJ6AffCJgQtoFkdmvvww,502,1,3903,1,7113,True,eNfJ6AffCJgQtoFkdmvvww
2025,2017,8,287,Minneapolis,44.960262527906,-93.27658686609628,yTV9mK4Fu8_zDKi0LUR64g,1815,1,3906,1,7118,True,yTV9mK4Fu8_zDKi0LUR64g
2142,2007,7,169,Minneapolis,44.96094642806341,-93.2501615312742,6XbEMTTEr0hUz4njWn9ufw,2453,1,3907,2,7119,True,6XbEMTTEr0hUz4njWn9ufw
639,2014,8,53,Minneapolis,44.94529305353824,-93.29705270647696,jqDIetR6nYUgFRrAMr0aKw,1574,0,1725,4,7120,True,jqDIetR6nYUgFRrAMr0aKw
4428,2011,6,128,Minneapolis,44.9862816133988,-93.24011036278468,yxBMJwbiy4XfLfNrz1H9ZA,294,0,297,15,7125,True,yxBMJwbiy4XfLfNrz1H9ZA
4429,2007,7,151,Minneapolis,44.98632440397886,-93.2421200617084,xJq9_ib3Wg7NOLkw3f__Tg,1380,0,1496,6,7131,True,xJq9_ib3Wg7NOLkw3f__Tg
1779,2007,7,284,Minneapolis,44.95734949237576,-93.24919331094956,eifi7Oo9Q9gE9rCqPEquag,1788,1,3909,1,7137,True,eifi7Oo9Q9gE9rCqPEquag
4849,2017,8,210,Minneapolis,44.99206395142301,-93.27822537757817,xpn2EzPNFchE4cgxb4Q2zg,1585,1,3910,1,7139,True,xpn2EzPNFchE4cgxb4Q2zg
4587,2011,6,203,Minneapolis,44.98807806328872,-93.26542340904324,FwqInQlAedWwtElnRnok5w,2907,0,3912,3,7143,True,FwqInQlAedWwtElnRnok5w
473,2015,9,226,Minneapolis,44.94333580500147,-93.2813995957124,BPzM639I2WLsqTJq-I0cpw,1352,0,1461,4,7144,True,BPzM639I2WLsqTJq-I0cpw
2581,2016,8,22,Minneapolis,44.96626876422373,-93.26513177657914,Mc-s4dCIcs2TmZzGL29e-w,184,1,3916,4,7149,True,Mc-s4dCIcs2TmZzGL29e-w
363,2011,8,82,Minneapolis,44.94129944593811,-93.2089278948361,MPDup29WjWqIQfmhB1DVAQ,2911,0,3917,3,7150,True,MPDup29WjWqIQfmhB1DVAQ
4124,2013,9,28,Minneapolis,44.98352111333502,-93.26935726246812,1L1llUR3VykyN9-UQ2EH_Q,2567,1,3918,2,7153,True,1L1llUR3VykyN9-UQ2EH_Q
1370,2007,7,114,Minneapolis,44.95334332492872,-93.29441044187264,nZfG6oyLfzhkyLxHyWe22w,2912,0,3919,2,7155,True,nZfG6oyLfzhkyLxHyWe22w
3681,2019,6,349,Minneapolis,44.97830360122773,-93.26314544327936,v3eZqZL6vbmadsCPCR0FVQ,4,0,4,11,7160,True,v3eZqZL6vbmadsCPCR0FVQ
4716,2007,6,83,Minneapolis,44.98933591052941,-93.2215686993288,Fo-n3jAchYFaAkborGZMgw,2336,1,3922,2,7162,True,Fo-n3jAchYFaAkborGZMgw
3047,2007,7,277,Minneapolis,44.97104411519815,-93.25533335907716,GqbNFZEyXl7rMrOhrO1WGQ,190,0,191,5,7168,True,GqbNFZEyXl7rMrOhrO1WGQ
5139,2017,8,157,Minneapolis,44.99397961725369,-93.25696032359733,k9DO-qSLhoPXBZKUdFDqFg,497,0,506,3,7173,True,k9DO-qSLhoPXBZKUdFDqFg
4617,2015,10,33,Minneapolis,44.98827716132229,-93.2333126026372,_Yv5jUP9y_RHRjiWb276_g,1438,0,1571,4,7177,True,_Yv5jUP9y_RHRjiWb276_g
3949,2017,8,167,Minneapolis,44.98136519720805,-93.2600669694958,EuO736LWuRovL8PRyObZUQ,1686,0,1873,6,7178,True,EuO736LWuRovL8PRyObZUQ
745,2014,10,8,Minneapolis,44.94658894400688,-93.282123311394,1zC4gzwry4nBvJ6-4AXpJg,1475,1,3926,5,7181,True,1zC4gzwry4nBvJ6-4AXpJg
3640,2019,6,156,Minneapolis,44.97837286231464,-93.29945290258124,V6b7G1Yz4cGKzH_Ei8af_A,2916,0,3927,2,7186,True,V6b7G1Yz4cGKzH_Ei8af_A
5260,2011,6,257,Minneapolis,44.99531513392971,-93.22408965766934,6zAN8VsMi1-4QrhQFV_Aow,1331,1,3932,3,7192,True,6zAN8VsMi1-4QrhQFV_Aow
4006,2009,7,292,Minneapolis,44.98227361257324,-93.2970100529446,5c3TE4bGl8SmyVvxqsz0BQ,2507,1,3933,1,7193,True,5c3TE4bGl8SmyVvxqsz0BQ
4190,2016,7,21,Minneapolis,44.98426544918073,-93.29018079263312,4c9u3R0tDa9dpcP0qPZw7Q,219,0,220,10,7204,True,4c9u3R0tDa9dpcP0qPZw7Q
5018,2007,7,328,Minneapolis,44.9932956788524,-93.28614807874628,XEkK5GF5xWxN2nDzjI6Q3w,2845,1,3936,1,7205,True,XEkK5GF5xWxN2nDzjI6Q3w
4266,2009,6,131,Minneapolis,44.9843413946674,-93.22218145986965,vJIam8sh23VQQp6fhMMFJg,2502,2,3937,2,7208,True,vJIam8sh23VQQp6fhMMFJg
4628,2014,9,193,Minneapolis,44.98838349620993,-93.2215694787851,-hTWuLqjrOljcW808ea9hg,2920,0,3939,2,7214,True,-hTWuLqjrOljcW808ea9hg
1579,2014,9,33,Minneapolis,44.95554378397605,-93.26721861288736,lc1C8NmrWR52-Wty_zN9tw,2921,0,3940,6,7216,True,lc1C8NmrWR52-Wty_zN9tw
5054,2011,6,113,Minneapolis,44.99310921290599,-93.25312242913458,0pchYMOGy2hN5mc8dYsV1w,2639,1,3941,4,7218,True,0pchYMOGy2hN5mc8dYsV1w
4492,2016,10,157,Minneapolis,44.98759531214245,-93.26345984263442,ObKMBeNwrxWwsmbG12SzXA,1735,1,3942,1,7219,True,ObKMBeNwrxWwsmbG12SzXA
3885,2009,10,109,Minneapolis,44.98025113086585,-93.23596176981611,haSE5saNepmTciUrl6VFew,2647,0,3334,8,7223,True,haSE5saNepmTciUrl6VFew
596,2011,9,178,Minneapolis,44.94431738082678,-93.24870018324889,1HeUN2YDnilH_Qo1c-Qd6w,2571,1,3943,1,7225,True,1HeUN2YDnilH_Qo1c-Qd6w
2046,2011,9,64,Minneapolis,44.96032609632944,-93.25487282294608,r8fIeqnKR6L601FbvUFE_Q,2621,0,3289,5,7230,True,r8fIeqnKR6L601FbvUFE_Q
4770,2009,6,320,Minneapolis,44.98953770104842,-93.25558226923066,-GijgdT8Mu03g0ab2w9n4Q,614,0,628,6,7234,True,-GijgdT8Mu03g0ab2w9n4Q
4389,2009,7,269,Minneapolis,44.98629120849453,-93.28215140427297,Qs0JDjnVFlZuPTC-Gv3bvg,2785,1,3946,3,7242,True,Qs0JDjnVFlZuPTC-Gv3bvg
5098,2019,6,230,Minneapolis,44.99417050431706,-93.29817826390452,7wIVRcqz_XsJOdje3SROXw,1303,1,3950,2,7248,True,7wIVRcqz_XsJOdje3SROXw
662,2014,10,4,Minneapolis,44.94530596316075,-93.27411122736989,B9QbRcBkXY0RZkHea4Ah6A,2925,0,3951,4,7253,True,B9QbRcBkXY0RZkHea4Ah6A
2385,2008,10,172,Minneapolis,44.9642156649113,-93.28019791889108,RVMuXaGT4GNLUAvjo2qyzA,2256,1,3251,3,7255,True,RVMuXaGT4GNLUAvjo2qyzA
4849,2011,6,9,Minneapolis,44.99202731362551,-93.27820841273716,ytAEcZvEUdBMZuFMCCa52g,1585,2,3952,3,7256,True,ytAEcZvEUdBMZuFMCCa52g
4148,2011,6,320,Minneapolis,44.98328101958364,-93.24923780500886,fYmvlorzOei0lID4ebsA3w,2927,0,3954,3,7266,True,fYmvlorzOei0lID4ebsA3w
3720,2007,6,286,Minneapolis,44.97768631299049,-93.22268795846252,mCzaxAW_MlgXji3vfj3t5A,477,0,486,8,7267,True,mCzaxAW_MlgXji3vfj3t5A
3751,2011,6,165,Minneapolis,44.97928465481399,-93.27524234218042,1ifif-pfG9yi94MtQN4-Xg,2839,1,3957,2,7275,True,1ifif-pfG9yi94MtQN4-Xg
3920,2007,8,164,Minneapolis,44.98135529075173,-93.29088037375112,Aq2vV97w9BUkCtP2WMeVOg,1373,1,3960,3,7279,True,Aq2vV97w9BUkCtP2WMeVOg
4116,2016,11,73,Minneapolis,44.98314787125244,-93.27744830133432,PW-mkE8rYqo0b4pzZSQXbA,2276,1,3961,2,7287,True,PW-mkE8rYqo0b4pzZSQXbA
515,2017,8,271,Minneapolis,44.94331775601524,-93.23895080878476,dQD6vTH7a_iJ6gazRWjO_Q,2038,0,2360,5,7290,True,dQD6vTH7a_iJ6gazRWjO_Q
1034,2007,7,330,Minneapolis,44.94927158808321,-93.2664787607374,iayOdi0l6NMY8Ke2LAfUKg,1601,1,3962,3,7294,True,iayOdi0l6NMY8Ke2LAfUKg
2426,2019,9,94,Minneapolis,44.96426534117174,-93.23914404552266,DBUXDUkyD8bSvsFzUHGL_A,1945,0,2220,7,7296,True,DBUXDUkyD8bSvsFzUHGL_A
2757,2008,9,285,Minneapolis,44.96828315202173,-93.27154841200075,89Pix9SPud-hCVCDM13-WQ,1722,1,3964,2,7297,True,89Pix9SPud-hCVCDM13-WQ
4619,2019,6,28,Minneapolis,44.98827161006032,-93.22951299755884,aPeaJ0VeMGFcG3841KT4sw,1586,1,3463,4,7307,True,aPeaJ0VeMGFcG3841KT4sw
85,2007,7,234,Minneapolis,44.93826962787598,-93.2139790926508,4aZzRIJewpQN330hG6yOQg,2930,0,3966,2,7308,True,4aZzRIJewpQN330hG6yOQg
4149,2019,6,89,Minneapolis,44.98300138073562,-93.24540151415144,uFobnjFfnDArimoFOnAFOw,496,0,505,9,7313,True,uFobnjFfnDArimoFOnAFOw
229,2011,7,217,Minneapolis,44.94025492992947,-93.25243516958837,gbHLXoduLAmlF0lEvDuVDg,1897,1,3968,2,7316,True,gbHLXoduLAmlF0lEvDuVDg
4848,2017,8,91,Minneapolis,44.99138219381745,-93.27454603302483,sUWXZxg4WCntz7qIULCAUw,2722,0,3485,7,7325,True,sUWXZxg4WCntz7qIULCAUw
4255,2019,6,346,Minneapolis,44.98424621581169,-93.23220118428188,JrfJK-UTDtxsD_DvgNCbSQ,2922,0,3944,7,7338,True,JrfJK-UTDtxsD_DvgNCbSQ
336,2019,6,126,Minneapolis,44.94134289471728,-93.23618329209326,_5xqeMkDFT8Od4fc8aIxLg,1838,0,2082,5,7340,True,_5xqeMkDFT8Od4fc8aIxLg
716,2007,7,275,Minneapolis,44.94533348260362,-93.22042045704596,XXVX5P4JivDaRzn0lelmZg,2934,0,3972,5,7344,True,XXVX5P4JivDaRzn0lelmZg
2622,2019,6,256,Minneapolis,44.96635763166537,-93.22507157159836,oySvzk6G2DmguCHzWcLp8g,232,0,233,15,7348,True,oySvzk6G2DmguCHzWcLp8g
2141,2014,9,64,Minneapolis,44.96136324264717,-93.25110476597384,KTQLuIiAIOEqFtwI7JNLxA,2936,0,3974,1,7353,True,KTQLuIiAIOEqFtwI7JNLxA
4131,2007,7,127,Minneapolis,44.98277534780437,-93.2608295990398,pfmoAPqx2OenaPCeLdAI4g,247,1,3976,1,7358,True,pfmoAPqx2OenaPCeLdAI4g
1271,2009,10,258,Minneapolis,44.9512375048566,-93.21145337623732,6Y929TnYK-kw-eNYjnr7Vg,2816,1,3978,1,7365,True,6Y929TnYK-kw-eNYjnr7Vg
2896,2007,6,188,Minneapolis,44.96926865098428,-93.22431685305789,ZiHEF0KYLOvyTpAPd9blVQ,2938,0,3980,6,7369,True,ZiHEF0KYLOvyTpAPd9blVQ
3926,2013,9,266,Minneapolis,44.981257912774,-93.2832359110324,-v0-x1mvdrsJCRrYR8cWWg,1089,0,1152,9,7370,True,-v0-x1mvdrsJCRrYR8cWWg
2321,2007,7,21,Minneapolis,44.96375457429632,-93.25311773434434,7P3aWD15Vt3SZAi7HYi0wQ,554,0,567,4,7374,True,7P3aWD15Vt3SZAi7HYi0wQ
4670,2019,6,319,Minneapolis,44.98944229130254,-93.26525504534992,yTV2j1OxaPQi4A3_VtKqxQ,2222,1,3614,3,7379,True,yTV2j1OxaPQi4A3_VtKqxQ
3208,2017,11,7,Minneapolis,44.97327129605293,-93.2761280434232,z8gIzbMhwd_cYEw-tgWLBA,212,0,213,9,7380,True,z8gIzbMhwd_cYEw-tgWLBA
742,2014,9,21,Minneapolis,44.94659343242372,-93.28513353185676,fWyrrA3uhPHkgUXML9XL0w,1796,0,2025,4,7388,True,fWyrrA3uhPHkgUXML9XL0w
1989,2016,9,139,Minneapolis,44.95919374480454,-93.22108826245338,_74XDXBiJjcDgxpk4THi9A,874,2,3983,1,7391,True,_74XDXBiJjcDgxpk4THi9A
3985,2009,6,164,Minneapolis,44.98248223755972,-93.2279339258126,UjjxfUhYRFKrJPSm7W8BeQ,969,1,2542,3,7395,True,UjjxfUhYRFKrJPSm7W8BeQ
2693,2019,6,58,Minneapolis,44.96776221410277,-93.2452235817029,_bEd8u4N3NWCNdvIMeC8KA,2943,0,3986,2,7400,True,_bEd8u4N3NWCNdvIMeC8KA
2625,2009,7,27,Minneapolis,44.96621972328301,-93.2220809613266,YS_gsL95av3TNyaQ2mXzfg,2272,1,3281,6,7405,True,YS_gsL95av3TNyaQ2mXzfg
1778,2007,7,38,Minneapolis,44.95733467752252,-93.25010239888108,PF8L84RaBkJGzI6qwuDC4g,1158,0,1234,3,7414,True,PF8L84RaBkJGzI6qwuDC4g
2988,2007,6,141,Minneapolis,44.97024823357474,-93.224186986523,Jua0Hy657eLOcKKYxAcjdw,478,2,3991,1,7418,True,Jua0Hy657eLOcKKYxAcjdw
364,2019,5,341,Minneapolis,44.94227822998022,-93.29964291438064,Dgb3pIunyQRaZNewK-fj7Q,305,2,3992,2,7419,True,Dgb3pIunyQRaZNewK-fj7Q
1400,2009,7,61,Minneapolis,44.9532912521431,-93.263906808232,g1q1w9XlvEUkhlazbIXHPg,1249,0,1338,4,7420,True,g1q1w9XlvEUkhlazbIXHPg
4257,2007,6,210,Minneapolis,44.98432037328034,-93.2231296301724,zT3G4ecosXvhFd16GRyUYg,1810,2,3993,2,7423,True,zT3G4ecosXvhFd16GRyUYg
295,2011,8,185,Minneapolis,44.94134214042089,-93.27708127311809,g-0AlC4CxvQ0VuhzDSEQuw,571,0,584,5,7427,True,g-0AlC4CxvQ0VuhzDSEQuw
1731,2017,8,44,Minneapolis,44.95735561889583,-93.29718044380942,Kbm6Y05f6OpB5nplpL9ZnQ,2156,1,3995,1,7435,True,Kbm6Y05f6OpB5nplpL9ZnQ
3588,2019,6,221,Minneapolis,44.97726405092827,-93.25896790974735,oiCJnxksD5qRFozbeg6VIQ,1970,1,3997,1,7437,True,oiCJnxksD5qRFozbeg6VIQ
1381,2007,7,7,Minneapolis,44.95331652954901,-93.28298630867556,nTHndK1_1GKP92GdFsqB_Q,2948,0,3998,3,7439,True,nTHndK1_1GKP92GdFsqB_Q
2986,2015,9,257,Minneapolis,44.97022613207629,-93.22507625795808,3pcBk8Xk89necut985cCNQ,2706,1,3999,2,7444,True,3pcBk8Xk89necut985cCNQ
2793,2009,7,71,Minneapolis,44.96862944181662,-93.23603779514627,ki-oZ0778TXgvipGpwyTog,627,1,4000,2,7448,True,ki-oZ0778TXgvipGpwyTog
3559,2013,8,299,Minneapolis,44.97725188259341,-93.29179542786672,2CarvY9vtqL0tOWnYhlnFw,2612,1,3956,5,7449,True,2CarvY9vtqL0tOWnYhlnFw
4743,2016,10,239,Minneapolis,44.99034832875864,-93.28715682927856,nELbdgnbC7WAfXQtjA27_Q,1163,0,1240,6,7450,True,nELbdgnbC7WAfXQtjA27_Q
55,2019,6,16,Minneapolis,44.93829755541339,-93.2435811525502,1C4wXJAuYQ7Vyv2IYQ5IxA,440,0,449,5,7455,True,1C4wXJAuYQ7Vyv2IYQ5IxA
153,2009,10,10,Minneapolis,44.93924680425611,-93.23722548089576,Umm0qSLl0v92HWHGUtGfng,1418,0,1540,3,7465,True,Umm0qSLl0v92HWHGUtGfng
4595,2008,9,300,Minneapolis,44.98814292927461,-93.25370988598772,ytdEP8gW3daI6DW0JMo5cQ,1718,0,1918,4,7479,True,ytdEP8gW3daI6DW0JMo5cQ
342,2019,6,310,Minneapolis,44.94136786761943,-93.23010317742909,iIaOEzv0gNy8JDwf6Gyx8A,2903,1,4004,4,7481,True,iIaOEzv0gNy8JDwf6Gyx8A
205,2014,9,302,Minneapolis,44.94034195913184,-93.27664260582576,HMZI7LiNEQNodJQVAWVVbw,2396,0,2905,7,7482,True,HMZI7LiNEQNodJQVAWVVbw
2861,2016,8,98,Minneapolis,44.96885117291053,-93.2591369893686,eQNX0KIvoJDDWDOeZT5FcA,1791,0,2016,9,7487,True,eQNX0KIvoJDDWDOeZT5FcA
2550,2011,10,60,Minneapolis,44.96644881635005,-93.29712685836562,kPyjm-bOGZOR-zNyXm9iNg,1927,1,4007,1,7497,True,kPyjm-bOGZOR-zNyXm9iNg
2320,2011,9,301,Minneapolis,44.96337623463976,-93.25395588727817,kD81QW0VI1OxHFzgsjWcgg,2223,0,2619,3,7498,True,kD81QW0VI1OxHFzgsjWcgg
286,2014,10,247,Minneapolis,44.94130606522369,-93.28617961314944,0QItSngCg0QXYlbDceu1NA,446,1,3235,3,7503,True,0QItSngCg0QXYlbDceu1NA
2357,2019,6,253,Minneapolis,44.96363596277089,-93.21669767345776,q0bcsK30G6_8nBEz-1NBJg,1709,0,1907,5,7505,True,q0bcsK30G6_8nBEz-1NBJg
4694,2013,9,278,Minneapolis,44.98897217377914,-93.24734951421702,ZGviI6xhtvDHeDrxO26U_g,1545,1,4009,1,7506,True,ZGviI6xhtvDHeDrxO26U_g
3535,2014,9,117,Minneapolis,44.97634561555711,-93.22622544215604,eD2bhEUI8Ti_Gx6PhdbIpQ,1003,0,1057,14,7507,True,eD2bhEUI8Ti_Gx6PhdbIpQ
4382,2007,7,141,Minneapolis,44.98639717673557,-93.28699441835124,gwtT2fx100iR-VkMAqZgOw,2685,0,3413,4,7516,True,gwtT2fx100iR-VkMAqZgOw
4112,2014,9,4,Minneapolis,44.98335120442886,-93.28211637378688,6tHIebRYdbOoFUDv8y1QFQ,1245,0,1334,11,7520,True,6tHIebRYdbOoFUDv8y1QFQ
3514,2009,6,39,Minneapolis,44.97616935095143,-93.24378673921254,lDBv_V0C2a0rX303clXenA,1140,1,4014,2,7529,True,lDBv_V0C2a0rX303clXenA
5134,2011,6,51,Minneapolis,44.99416014332687,-93.26242757727027,Rd6LsH9ZmI7Aoang_yu9yg,2533,1,4016,3,7536,True,Rd6LsH9ZmI7Aoang_yu9yg
4992,2007,7,25,Minneapolis,44.99237374183715,-93.22215256510638,exJCQLwIXHrpwuRVCOPetw,873,2,4017,2,7539,True,exJCQLwIXHrpwuRVCOPetw
2873,2016,8,160,Minneapolis,44.96929496062907,-93.24730257497023,wi_uQPxYcmVpmmfqNDbzBA,2101,1,4019,1,7552,True,wi_uQPxYcmVpmmfqNDbzBA
645,2014,8,65,Minneapolis,44.94531795732635,-93.29067894347192,MEuhHVeOFYrF2_CQjl30Ww,2918,1,4020,3,7553,True,MEuhHVeOFYrF2_CQjl30Ww
166,2009,10,53,Minneapolis,44.93927362911553,-93.224369576653,_fi-WC48RjQhSbZLE6rTqQ,2590,0,3245,3,7555,True,_fi-WC48RjQhSbZLE6rTqQ
363,2009,10,253,Minneapolis,44.94129841827291,-93.20890380819785,ii6yXgLdZhNylYTcpGXTFg,2911,1,4021,1,7559,True,ii6yXgLdZhNylYTcpGXTFg
4500,2011,7,228,Minneapolis,44.98704522691632,-93.25607075408024,F1fVWmyRGAjTK6nNvJ5sHg,2954,0,4023,2,7561,True,F1fVWmyRGAjTK6nNvJ5sHg
3159,2011,6,344,Minneapolis,44.97245756106772,-93.23421822932656,OtSxbb3NwSrudQrYsLKNAw,2202,1,4025,3,7566,True,OtSxbb3NwSrudQrYsLKNAw
2827,2013,8,217,Minneapolis,44.96990502198989,-93.2931895061676,qF8veZTqJ7fy04sAh3ssWw,1892,0,2149,15,7569,True,qF8veZTqJ7fy04sAh3ssWw
4765,2014,9,105,Minneapolis,44.99017890474342,-93.26427012267014,MwCahVHMJLFDO2sUv_TvWA,1847,1,4027,1,7579,True,MwCahVHMJLFDO2sUv_TvWA
4478,2009,7,247,Minneapolis,44.98743419429331,-93.278904352398,ADdtOYsRAcpjXvSJ1kHcBg,2956,0,4028,2,7583,True,ADdtOYsRAcpjXvSJ1kHcBg
3474,2019,6,210,Minneapolis,44.97597200593061,-93.28322046998412,3ReN9jRL2AWqta5-aFYK5g,2446,0,2990,8,7586,True,3ReN9jRL2AWqta5-aFYK5g
3856,2011,6,109,Minneapolis,44.98051683083236,-93.2635865602016,kxTpKJekwFN-YLIP-42w1w,1559,1,1879,5,7588,True,kxTpKJekwFN-YLIP-42w1w
1664,2007,7,257,Minneapolis,44.95632493806318,-93.27280927190556,jOc2D7hPtq8mpd6NPZ1vyw,2957,0,4029,6,7594,True,jOc2D7hPtq8mpd6NPZ1vyw
4390,2019,6,82,Minneapolis,44.98651364967809,-93.27289441813036,nNSFvp2cIJeMo2c9b2k3tQ,2765,1,4034,4,7609,True,nNSFvp2cIJeMo2c9b2k3tQ
653,2019,5,127,Minneapolis,44.94528554288466,-93.28137384980994,AdYeZT2FuUSqyVs0hpvUhQ,2960,0,4035,3,7613,True,AdYeZT2FuUSqyVs0hpvUhQ
3777,2007,7,69,Minneapolis,44.97812527418411,-93.25204129501078,AP4LvrWZa5SqVbgM-PArwA,2128,1,4036,4,7617,True,AP4LvrWZa5SqVbgM-PArwA
5044,2007,7,280,Minneapolis,44.99331817259516,-93.26108137590457,kLl25EsIbEz8Ak5dixnVIA,401,0,407,3,7623,True,kLl25EsIbEz8Ak5dixnVIA
2898,2008,9,31,Minneapolis,44.96926101110978,-93.22281298466616,a2gr6tzErI5wYMwjgW9yEw,1868,0,2118,8,7625,True,a2gr6tzErI5wYMwjgW9yEw
1034,2014,8,156,Minneapolis,44.94932338108708,-93.26650462437068,O8df7O2ftiiRou_ExBFlgg,1601,0,1762,4,7628,True,O8df7O2ftiiRou_ExBFlgg
1324,2009,10,267,Minneapolis,44.95229294671915,-93.24866252301842,TwMDmdJIdZrTLIW19QqucA,463,1,4038,1,7629,True,TwMDmdJIdZrTLIW19QqucA
2286,2019,5,349,Minneapolis,44.96328139818101,-93.2880792729683,ALK2N6VHPpZAmHTjX6y3bw,1429,0,1553,12,7632,True,ALK2N6VHPpZAmHTjX6y3bw
115,2011,6,146,Minneapolis,44.93932774266704,-93.27528653847637,aopnpsBtiCFApLXYpJRX6A,966,0,1015,11,7635,True,aopnpsBtiCFApLXYpJRX6A
3530,2017,10,119,Minneapolis,44.97629633073628,-93.2220720799073,CXDguCZX5OjyBjcFk9SmmQ,1169,2,4039,2,7636,True,CXDguCZX5OjyBjcFk9SmmQ
2775,2019,6,91,Minneapolis,44.96834122173224,-93.25434358754354,xkHOyncGpAwz1zoSgmKLfw,2961,0,4040,2,7637,True,xkHOyncGpAwz1zoSgmKLfw
2496,2011,6,125,Minneapolis,44.96515822341794,-93.26014041654284,emWBscGuX0xwYCB4QscIFg,1278,0,1378,10,7640,True,emWBscGuX0xwYCB4QscIFg
5183,2007,7,224,Minneapolis,44.994254795561,-93.2116568894748,ksg3kMA4GbXfO2yKV1Q-Mg,1645,0,1819,5,7642,True,ksg3kMA4GbXfO2yKV1Q-Mg
3440,2009,6,237,Minneapolis,44.97529007908022,-93.22610773874014,YLwOMR8oloEqfqpt5Lb8lQ,2115,0,2468,12,7644,True,YLwOMR8oloEqfqpt5Lb8lQ
4506,2013,9,117,Minneapolis,44.98727872506698,-93.2489799508323,omeeWWH0-M3X9rXP0WksrA,37,1,4041,1,7646,True,omeeWWH0-M3X9rXP0WksrA
1307,2011,7,255,Minneapolis,44.95225981853888,-93.26644088993211,vjob-vud4Ov0MTmprSNpTw,63,1,2344,3,7649,True,vjob-vud4Ov0MTmprSNpTw
1505,2011,8,98,Minneapolis,44.95426099499517,-93.24992827786828,9N_iPOxRy-6YGDkQP7tRAg,1997,1,4045,2,7661,True,9N_iPOxRy-6YGDkQP7tRAg
3331,2019,6,325,Minneapolis,44.97426218963973,-93.24412949800286,mdRj2fYWJoJpeNs-rynQgg,1557,0,1704,5,7662,True,mdRj2fYWJoJpeNs-rynQgg
1581,2019,6,73,Minneapolis,44.95529259169945,-93.26513429216804,b2wvRTXRXHceMqfY-hviVg,2422,0,2951,7,7665,True,b2wvRTXRXHceMqfY-hviVg
3446,2019,7,257,Minneapolis,44.97515252088144,-93.21997148830962,w0pMZ5-4WVUh8k0b1SUOmg,1357,0,1467,3,7669,True,w0pMZ5-4WVUh8k0b1SUOmg
455,2017,8,18,Minneapolis,44.94333156335655,-93.2996217333254,3gvC6Rr5_7owJa14d3awgQ,1196,0,1283,4,7675,True,3gvC6Rr5_7owJa14d3awgQ
4694,2009,7,99,Minneapolis,44.98899609415566,-93.2473471653468,y3C-SPZp8tUyQnb-1-rY2A,1545,0,1691,7,7676,True,y3C-SPZp8tUyQnb-1-rY2A
5078,2007,7,259,Minneapolis,44.9932752472593,-93.22281527083142,X1rUkLv8CbTNGhSO8pzhuw,2861,1,3955,3,7680,True,X1rUkLv8CbTNGhSO8pzhuw
771,2007,7,293,Minneapolis,44.94630339558586,-93.25630701728922,hp8aKQNXGlMZb4GUmLKrfA,1272,1,4047,3,7684,True,hp8aKQNXGlMZb4GUmLKrfA
2559,2015,8,160,Minneapolis,44.96625019788537,-93.2881184897941,BYXVauxqxIDucJcODvJFlQ,556,0,569,15,7685,True,BYXVauxqxIDucJcODvJFlQ
4883,2019,6,81,Minneapolis,44.99133900530777,-93.2364013741166,NSwGtF2wd4CKTrl2bOnPUg,2491,0,3072,8,7688,True,NSwGtF2wd4CKTrl2bOnPUg
1847,2017,8,107,Minneapolis,44.95831272579056,-93.27279447590796,AYLg7RU1NCmCWoR5KoiInw,421,1,1809,7,7700,True,AYLg7RU1NCmCWoR5KoiInw
5081,2007,7,266,Minneapolis,44.99329878637329,-93.2254213595269,ml_q7vS9bvWV5vFiDrGt1g,2796,0,3641,5,7708,True,ml_q7vS9bvWV5vFiDrGt1g
1775,2007,7,312,Minneapolis,44.95735123383643,-93.25315795586285,b37_CDaepTvA6CFAEKc7cA,2576,1,4051,4,7711,True,b37_CDaepTvA6CFAEKc7cA
1595,2016,8,216,Minneapolis,44.95524480919585,-93.25117452201472,FxdLRfhVazgxHZZ5HMh3Zg,78,1,521,3,7713,True,FxdLRfhVazgxHZZ5HMh3Zg
3872,2019,6,60,Minneapolis,44.98105886459486,-93.24686846576724,ghWo_EVOgUTvaOMM8KUZGA,1893,1,4054,2,7725,True,ghWo_EVOgUTvaOMM8KUZGA
652,2019,5,338,Minneapolis,44.94530163675058,-93.28429688954456,AgbBgG80Ynkp6qExGsajKw,57,0,57,6,7733,True,AgbBgG80Ynkp6qExGsajKw
4708,2019,7,81,Minneapolis,44.98935029828476,-93.2369854286266,QVwtO_dq84OAZk7GBXAeDg,2368,0,2856,10,7734,True,QVwtO_dq84OAZk7GBXAeDg
3793,2019,6,329,Minneapolis,44.97922394000236,-93.23503917218964,EA26DqhNaM1Jai1DLfQprg,2472,0,3034,7,7736,True,EA26DqhNaM1Jai1DLfQprg
3427,2019,6,112,Minneapolis,44.97532099503317,-93.23782579231155,M94bd2ZRAZLyf4MPdROxbQ,532,0,545,11,7741,True,M94bd2ZRAZLyf4MPdROxbQ
2526,2019,6,27,Minneapolis,44.96529640204201,-93.23014233311356,ZIbm11Dvn7l5SWWzn9ALng,2610,0,3273,3,7742,True,ZIbm11Dvn7l5SWWzn9ALng
2108,2019,5,159,Minneapolis,44.96125793082255,-93.28421120054855,mvTSC-ttQRfQ3rwETOgrXw,2973,0,4060,6,7745,True,mvTSC-ttQRfQ3rwETOgrXw
1239,2016,8,51,Minneapolis,44.95135920958666,-93.24270301593668,bSnAvPq7kjQ5SZUv87CuFw,2540,2,4062,2,7748,True,bSnAvPq7kjQ5SZUv87CuFw
3699,2013,9,182,Minneapolis,44.9782687112392,-93.23922120662758,RI9_a44Xmy7XSO9nYsEf5Q,223,1,433,3,7760,True,RI9_a44Xmy7XSO9nYsEf5Q
1681,2009,10,226,Minneapolis,44.95631530775474,-93.2562556096702,THfRtQDXXaxhlfvzvtcUQQ,2025,2,4065,1,7762,True,THfRtQDXXaxhlfvzvtcUQQ
4222,2016,9,287,Minneapolis,44.98446549437361,-93.2649398541703,oasU_E6f3CvCX96pT-zF6A,1670,0,1849,4,7763,True,oasU_E6f3CvCX96pT-zF6A
188,2016,9,288,Minneapolis,44.94027289856211,-93.29329734755856,eoXU7WiXpLAT6cjWtoXBxg,1388,0,1505,8,7766,True,eoXU7WiXpLAT6cjWtoXBxg
2034,2011,6,42,Minneapolis,44.9602395569754,-93.26768533543482,Tc72fMFz-CLF6yw4K2U1Rg,1674,0,1855,11,7781,True,Tc72fMFz-CLF6yw4K2U1Rg
4362,2009,10,282,Minneapolis,44.98543897494562,-93.21799223030868,rCEhtpS0qTYm2AgPJ7cQNQ,1443,2,4069,2,7782,True,rCEhtpS0qTYm2AgPJ7cQNQ
1367,2011,9,192,Minneapolis,44.95332795137303,-93.29696598470868,8hrRWI64rHv0VVj7gGs8xg,2624,0,3293,3,7788,True,8hrRWI64rHv0VVj7gGs8xg
439,2011,8,117,Minneapolis,44.94227786499357,-93.22431377790788,HLjXNhvaQpIDViDIUySa0A,1688,0,1876,3,7789,True,HLjXNhvaQpIDViDIUySa0A
3951,2018,9,172,Minneapolis,44.98125210260203,-93.2630114624382,CfgFP9gDNoCiiZwYJs2mNw,479,0,488,7,7793,True,CfgFP9gDNoCiiZwYJs2mNw
2827,2011,6,55,Minneapolis,44.96987672773427,-93.29317770215116,NK83tUUOUc5pklv0nZoj2w,1892,1,2155,7,7798,True,NK83tUUOUc5pklv0nZoj2w
635,2019,6,278,Minneapolis,44.94434827554171,-93.21005602589722,jy6WHkSIVCpAAnsOnTy_Vw,2037,1,4074,3,7805,True,jy6WHkSIVCpAAnsOnTy_Vw
747,2014,8,307,Minneapolis,44.94662394571867,-93.28025464351212,kkHsLEKet4oq5RqdybzVLg,2980,0,4076,4,7809,True,kkHsLEKet4oq5RqdybzVLg
1948,2017,8,262,Minneapolis,44.95909597817316,-93.26208694382392,i9tniulEp0zfCyu9LVXHEw,79,1,4077,2,7810,True,i9tniulEp0zfCyu9LVXHEw
883,2016,9,33,Minneapolis,44.94719638637423,-93.23520121102048,pFXUnpAEugj91uYZv8h5ng,2733,1,4078,2,7811,True,pFXUnpAEugj91uYZv8h5ng
2224,2018,10,211,Minneapolis,44.96237522424938,-93.2596476851182,uBZf8Xh9aWcJkKjhX2fL6w,597,1,4082,4,7815,True,uBZf8Xh9aWcJkKjhX2fL6w
4348,2009,6,81,Minneapolis,44.98536580753885,-93.22725501736454,hFe_JYiOfg2X9gSKWroPUQ,872,1,4083,1,7816,True,hFe_JYiOfg2X9gSKWroPUQ
2162,2007,7,91,Minneapolis,44.96130049841844,-93.2298492193523,q0OWd5sbSjsX08Se8TX3tA,1023,3,4084,1,7817,True,q0OWd5sbSjsX08Se8TX3tA
4800,2017,8,329,Minneapolis,44.99025354660071,-93.23077060404457,tOeJtrB6yuwlaTNhLRcxNw,2959,1,4085,3,7821,True,tOeJtrB6yuwlaTNhLRcxNw
2383,2008,10,108,Minneapolis,44.96454383162239,-93.28193832213388,QIL_7gaHmKiVsD_wqPI4lQ,1825,1,2237,4,7824,True,QIL_7gaHmKiVsD_wqPI4lQ
4528,2011,6,218,Minneapolis,44.98726812488742,-93.2303629338874,IAhWBU9Y0RcZuxWbSf2Ssw,1217,1,2609,8,7830,True,IAhWBU9Y0RcZuxWbSf2Ssw
5267,2016,10,330,Minneapolis,44.99513704236944,-93.22113761083874,vkKpwIwfX9IaKwVNl-tH6Q,2877,1,4087,2,7833,True,vkKpwIwfX9IaKwVNl-tH6Q
2266,2007,6,113,Minneapolis,44.96222181307544,-93.21714401398243,T23xolCJBdNwKT1xGD8TJw,1484,1,4089,2,7837,True,T23xolCJBdNwKT1xGD8TJw
3332,2017,8,255,Minneapolis,44.97426388570221,-93.24318282209394,90ZPfjvZta2nEAaIqNQZQQ,720,1,4090,2,7839,True,90ZPfjvZta2nEAaIqNQZQQ
1518,2011,9,165,Minneapolis,44.95392674153782,-93.23839540564542,j-UjWi4WgY__P-tnuhflug,1771,0,1986,6,7840,True,j-UjWi4WgY__P-tnuhflug
3556,2019,7,66,Minneapolis,44.97796348921969,-93.28961058993865,xSUBV31tZhmUS3k7TGXFUA,2984,0,4092,2,7844,True,xSUBV31tZhmUS3k7TGXFUA
1687,2014,9,232,Minneapolis,44.9563236488336,-93.24988262347068,IzGGAaE7BppE2GY2leEVyQ,2951,0,4003,4,7848,True,IzGGAaE7BppE2GY2leEVyQ
1673,2014,9,277,Minneapolis,44.95620793454142,-93.26388382652743,DFNNjisIm05eTCzGAPsXmg,1424,1,4094,1,7850,True,DFNNjisIm05eTCzGAPsXmg
2009,2019,5,203,Minneapolis,44.96030710821114,-93.29183992678074,PCtxGsaMbc5c2hJM34VxWg,2987,0,4096,4,7855,True,PCtxGsaMbc5c2hJM34VxWg
3614,2017,10,349,Minneapolis,44.97730499324634,-93.23632206888612,satZjCZbvOv66BQdqdO3ZA,366,1,4097,1,7856,True,satZjCZbvOv66BQdqdO3ZA
5195,2013,8,298,Minneapolis,44.99530178635344,-93.29103353254388,NTchyBqFFUlwe_FOhfzDOQ,2988,0,4098,1,7857,True,NTchyBqFFUlwe_FOhfzDOQ
1383,2015,9,328,Minneapolis,44.9532875153204,-93.28135139591446,jprAJRGAVyLNAVoIBJk5SA,2170,1,4099,2,7859,True,jprAJRGAVyLNAVoIBJk5SA
4483,2011,6,203,Minneapolis,44.98699268301671,-93.27357609815635,biGWfZVoRFWq7NZwiwdR4g,304,1,4101,1,7862,True,biGWfZVoRFWq7NZwiwdR4g
3493,2007,7,87,Minneapolis,44.97607815186864,-93.26426234570968,U4C7vB9Xfw0EfTuglvcgTQ,1317,0,1420,7,7864,True,U4C7vB9Xfw0EfTuglvcgTQ
535,2019,6,285,Minneapolis,44.94330598672228,-93.21911810259996,VpVl3pU5cVXqhNw_V5hutA,1258,1,2707,3,7865,True,VpVl3pU5cVXqhNw_V5hutA
2141,2019,6,231,Minneapolis,44.9613724073363,-93.25111900365154,2HM8SGOLjRj2Wpw2Hfv3rg,2936,1,4102,1,7866,True,2HM8SGOLjRj2Wpw2Hfv3rg
2824,2011,6,150,Minneapolis,44.96930181258559,-93.29622271629634,4NunhrYSpsUsqupDTeLknA,908,1,4103,2,7867,True,4NunhrYSpsUsqupDTeLknA
154,2019,6,140,Minneapolis,44.93927403958526,-93.23596253546746,Y0PQCgHFFglvocF2MipF8g,2635,1,4104,1,7873,True,Y0PQCgHFFglvocF2MipF8g
1508,2017,8,77,Minneapolis,44.95426901428102,-93.24740149592368,AohcMaO3ijeYESKJJ_rG9Q,1967,1,4105,2,7875,True,AohcMaO3ijeYESKJJ_rG9Q
2902,2007,6,69,Minneapolis,44.96902961581925,-93.21798243471648,p1F8iXO7_KUQYBBQ5_e1bw,2991,0,4107,6,7883,True,p1F8iXO7_KUQYBBQ5_e1bw
1820,2011,10,311,Minneapolis,44.95828184747333,-93.29971778580652,TnhWfMazeBEwhNKUq95aTg,1400,1,4108,3,7884,True,TnhWfMazeBEwhNKUq95aTg
4184,2011,7,230,Minneapolis,44.98376210607944,-93.21063730287165,9L-weTw8np2aNqSqfISHpg,2652,1,4109,2,7885,True,9L-weTw8np2aNqSqfISHpg
4232,2019,6,358,Minneapolis,44.98437584658892,-93.2520835287145,wh71xJCQuMItj6sp-nXjVA,2992,0,4110,3,7888,True,wh71xJCQuMItj6sp-nXjVA
28,2013,8,15,Minneapolis,44.93825808489512,-93.2714757304074,yYs1rqZ8BD1m4A5q_vI2RQ,2634,1,4088,5,7891,True,yYs1rqZ8BD1m4A5q_vI2RQ
1773,2007,7,167,Minneapolis,44.95734311311752,-93.25510277662322,EAbtg0yuG_ST5GaFrBcSRQ,102,0,102,3,7892,True,EAbtg0yuG_ST5GaFrBcSRQ
158,2019,6,84,Minneapolis,44.9393392012423,-93.2321151397041,z46dr-n4q8AzigkdQjOfFQ,1517,0,1660,8,7897,True,z46dr-n4q8AzigkdQjOfFQ
3603,2011,6,331,Minneapolis,44.97741800526831,-93.2440568224507,uwEIUPKbBfOqcA_aR7xa3g,2994,0,4112,2,7899,True,uwEIUPKbBfOqcA_aR7xa3g
1426,2011,9,76,Minneapolis,44.95335974949111,-93.23800136863083,K2-QzYmDpplmTlTvsHwIXQ,2803,1,4113,4,7910,True,K2-QzYmDpplmTlTvsHwIXQ
2775,2011,6,70,Minneapolis,44.96831445305283,-93.25430369286524,6NHWCr1oVRpeSDBOtcHspA,2961,1,4115,3,7912,True,6NHWCr1oVRpeSDBOtcHspA
453,2011,8,36,Minneapolis,44.94231336964842,-93.21006555389226,Y9tKhzVFGjaszJduuJRm-A,2688,0,3419,3,7915,True,Y9tKhzVFGjaszJduuJRm-A
536,2019,6,290,Minneapolis,44.94325862341384,-93.21818085122877,tyYF-MuMYBAG6SOePta9gQ,2898,0,3888,4,7923,True,tyYF-MuMYBAG6SOePta9gQ
4275,2009,10,96,Minneapolis,44.98482120286361,-93.21376669991112,WOztOwgDLYrfG7KTvGAw1g,2996,0,4116,2,7928,True,WOztOwgDLYrfG7KTvGAw1g
5090,2009,6,357,Minneapolis,44.99343285141401,-93.21310934025746,49rz0o73XicKlSHnVbmj6A,269,0,271,3,7932,True,49rz0o73XicKlSHnVbmj6A
4368,2011,7,11,Minneapolis,44.98635646615829,-93.29815384437778,EXuGR1ohagEA75kBnfr_7w,2012,1,4118,1,7933,True,EXuGR1ohagEA75kBnfr_7w
1039,2019,5,82,Minneapolis,44.94928715237904,-93.2613987279626,ummpVWfaOSJz7kjExFK94Q,1122,0,1190,4,7938,True,ummpVWfaOSJz7kjExFK94Q
3714,2016,10,286,Minneapolis,44.9782922802979,-93.22610249453145,OC-OEyXYbnfh1V4bZ1Sk1A,3000,0,4123,5,7951,True,OC-OEyXYbnfh1V4bZ1Sk1A
1410,2011,9,287,Minneapolis,44.9532679642819,-93.25375345762828,j31Dzu0zps72AjPuq2hWMg,1075,1,4125,2,7953,True,j31Dzu0zps72AjPuq2hWMg
4953,2011,6,8,Minneapolis,44.99265421708808,-93.2583145452652,uXuA0nKvHPzYeOFr5BrT3Q,1704,1,4126,1,7954,True,uXuA0nKvHPzYeOFr5BrT3Q
2452,2017,10,351,Minneapolis,44.96451136285445,-93.21315273954772,ZRj0YllII8KmDIU19nGO2g,3003,0,4128,1,7957,True,ZRj0YllII8KmDIU19nGO2g
2411,2019,6,212,Minneapolis,44.96431728897723,-93.25397580553069,YACqlpsrDjxezWk9ZlFI0g,1454,1,4129,2,7966,True,YACqlpsrDjxezWk9ZlFI0g
409,2009,7,328,Minneapolis,44.94229445802837,-93.25375877167218,uGp_Z3ARLRKnNtfcHOWkFg,505,1,4130,1,7969,True,uGp_Z3ARLRKnNtfcHOWkFg
4953,2007,7,190,Minneapolis,44.9926762153421,-93.25830678599397,yax5NeIx-oWPZGZoJ_lHuQ,1704,2,4132,2,7973,True,yax5NeIx-oWPZGZoJ_lHuQ
964,2016,8,51,Minneapolis,44.94834139294423,-93.24512866116584,ouNj5mGPJqS_QW85yEqQyg,724,0,745,11,7976,True,ouNj5mGPJqS_QW85yEqQyg
4677,2011,7,126,Minneapolis,44.98913893106383,-93.26070249675458,yK6CEqcq7eai0kdaf9qXow,2376,1,4134,2,7977,True,yK6CEqcq7eai0kdaf9qXow
993,2019,6,353,Minneapolis,44.948319075865,-93.21606977276814,P6c03BD2ux8vkgCVJE04KQ,1076,0,1139,4,7981,True,P6c03BD2ux8vkgCVJE04KQ
2347,2009,7,73,Minneapolis,44.96318768013787,-93.22740805518544,oMdMgUOJe79uRrPkO838DQ,3006,0,4137,1,7983,True,oMdMgUOJe79uRrPkO838DQ
572,2013,8,110,Minneapolis,44.94432562878257,-93.2728137070796,rwlNGiDwMZWg1WDt7KQdkQ,662,1,4138,2,7984,True,rwlNGiDwMZWg1WDt7KQdkQ
4895,2009,10,186,Minneapolis,44.99124418586786,-93.2320702096105,dLeBUB768M93_JQI5Wn5fg,149,1,2426,5,7985,True,dLeBUB768M93_JQI5Wn5fg
2383,2019,6,283,Minneapolis,44.96456545299798,-93.28195360467484,qPXwyoZv4Xf0DO_nJvo0WQ,1825,0,2065,5,7987,True,qPXwyoZv4Xf0DO_nJvo0WQ
429,2008,9,291,Minneapolis,44.94228513875221,-93.2341284295347,eUoyJfwGYT9eG62GmD7y4g,640,0,656,9,7990,True,eUoyJfwGYT9eG62GmD7y4g
5235,2014,9,177,Minneapolis,44.99508928275879,-93.25417855405504,zXajA8ANNe6c8XXGeyok9w,2763,1,4140,1,7997,True,zXajA8ANNe6c8XXGeyok9w
2781,2017,8,355,Minneapolis,44.96805395956994,-93.24837530071156,9OignRioAPPvdS_QjBOjKQ,670,1,4141,2,7998,True,9OignRioAPPvdS_QjBOjKQ
2189,2008,9,39,Minneapolis,44.96231802857053,-93.29437234084884,tW4WlXu9F0NwNto7IIGB5g,2213,0,2602,4,7999,True,tW4WlXu9F0NwNto7IIGB5g
2026,2019,6,180,Minneapolis,44.960312376172,-93.27532445583483,B49xEk9Dcp3bToPd4ALfKA,2793,1,4142,1,8001,True,B49xEk9Dcp3bToPd4ALfKA
4275,2009,6,282,Minneapolis,44.98478649045168,-93.21374841787842,4qory02i37EA3OuAWUqjIQ,2996,1,4143,2,8002,True,4qory02i37EA3OuAWUqjIQ
1880,2016,9,136,Minneapolis,44.95821672984427,-93.23906158254816,6G4PW3GQk5jymQ2rf4mmmQ,268,0,270,4,8006,True,6G4PW3GQk5jymQ2rf4mmmQ
4368,2019,6,30,Minneapolis,44.98637192441318,-93.29815960389206,9Y2kn1dJZ-6C092qi8HnEw,2012,2,4144,1,8009,True,9Y2kn1dJZ-6C092qi8HnEw
593,2014,9,256,Minneapolis,44.94425989074103,-93.25250656138908,c2MmVJot8sK_-hMgQUUU-A,59,0,59,3,8021,True,c2MmVJot8sK_-hMgQUUU-A
4167,2017,8,190,Minneapolis,44.98347001990339,-93.23157926203876,9U8zL24FVHJ4w4yEFPLPiA,1385,0,1502,7,8026,True,9U8zL24FVHJ4w4yEFPLPiA
5190,2009,7,300,Minneapolis,44.99525659942942,-93.29605477633076,RF9naYGfcC9GkbXs8YhIVQ,2896,1,4149,2,8028,True,RF9naYGfcC9GkbXs8YhIVQ
3921,2007,8,20,Minneapolis,44.98130936987475,-93.29300174587291,M7iioILViwOv2YM9Gi_pdA,2928,1,4152,1,8034,True,M7iioILViwOv2YM9Gi_pdA
1795,2014,9,127,Minneapolis,44.95739951642319,-93.23309380012074,E1CTt_ycRUMkMpGYHXSVGA,2813,1,4154,2,8040,True,E1CTt_ycRUMkMpGYHXSVGA
1606,2011,6,159,Minneapolis,44.95561785822901,-93.24027044566738,n0Dnlh5bU1E5PiMkgdeiTw,1702,0,1899,7,8042,True,n0Dnlh5bU1E5PiMkgdeiTw
4515,2013,9,64,Minneapolis,44.98723124304212,-93.24688435196434,6sTLH0fL7VJ_fnHV_fxSww,3009,0,4155,3,8043,True,6sTLH0fL7VJ_fnHV_fxSww
121,2016,8,228,Minneapolis,44.93924103206589,-93.268927455601,tO8x5JE02Ubhig_lWKx-yQ,2382,1,3237,6,8044,True,tO8x5JE02Ubhig_lWKx-yQ
533,2009,10,176,Minneapolis,44.94322366526325,-93.22105973553153,GleaSxfkPydh2acTVKM5ag,1956,2,4157,1,8047,True,GleaSxfkPydh2acTVKM5ag
4705,2012,8,227,Minneapolis,44.98932734619885,-93.23459692775955,lq8T_kP6EOAdUkmBuzAj4A,152,0,153,6,8048,True,lq8T_kP6EOAdUkmBuzAj4A
392,2007,7,135,Minneapolis,44.94233037879206,-93.27149985893035,-hBcH-22v5T8nLmFETU6Fw,1175,1,4158,2,8056,True,-hBcH-22v5T8nLmFETU6Fw
3582,2017,8,240,Minneapolis,44.97736238354001,-93.26639931373651,Nqn98R2ODIDZMPBshwpfaw,145,0,146,11,8058,True,Nqn98R2ODIDZMPBshwpfaw
4731,2011,7,120,Minneapolis,44.98985727251043,-93.20916578446804,R7iGWs8OtLV12k2c2ZHeRg,3010,0,4161,3,8068,True,R7iGWs8OtLV12k2c2ZHeRg
5128,2007,7,109,Minneapolis,44.99416096486051,-93.26761349985736,-gAcgwgHxlTAAvmowSuKMg,2776,0,3607,4,8082,True,-gAcgwgHxlTAAvmowSuKMg
767,2007,7,18,Minneapolis,44.94627513246026,-93.26009946670136,cy6IcCH7xwF6Y4XHdRHaeg,412,1,4164,3,8083,True,cy6IcCH7xwF6Y4XHdRHaeg
2952,2009,7,353,Minneapolis,44.97010375641922,-93.25762275193613,_2a4V0Zt0E69jQoYypp_hg,468,0,477,9,8087,True,_2a4V0Zt0E69jQoYypp_hg
2963,2016,10,161,Minneapolis,44.97048628995854,-93.2479400420184,xBJkgdlmndedF_OQnqZ5lw,3011,0,4166,7,8090,True,xBJkgdlmndedF_OQnqZ5lw
536,2009,10,113,Minneapolis,44.94325279502301,-93.21815484403518,fI3wyMNYOY31L7y5dBPgTw,2898,1,4167,2,8092,True,fI3wyMNYOY31L7y5dBPgTw
2555,2019,5,214,Minneapolis,44.96641476658124,-93.29218341073825,o-PRNgJvXZDqKJedLHvbOA,2989,0,4100,6,8093,True,o-PRNgJvXZDqKJedLHvbOA
4126,2009,7,107,Minneapolis,44.98315475841256,-93.26986708020743,AO8fGw-DmWfOsC8IRdM5CA,257,2,4168,1,8100,True,AO8fGw-DmWfOsC8IRdM5CA
2080,2011,10,123,Minneapolis,44.96019804013658,-93.22134451449732,Wyuu-LUL59BIElKZdw_z6Q,715,1,4169,2,8102,True,Wyuu-LUL59BIElKZdw_z6Q
5070,2017,8,125,Minneapolis,44.99330718567474,-93.2321518975681,eqfH227PViqM1JkEjdu5nw,3012,0,4170,5,8104,True,eqfH227PViqM1JkEjdu5nw
2882,2016,10,159,Minneapolis,44.96937769159561,-93.23900736700594,gYssZkxRC_O-jGii3KWWaw,2390,1,4171,3,8106,True,gYssZkxRC_O-jGii3KWWaw
5202,2007,7,329,Minneapolis,44.99565122665609,-93.28737200768234,oxHXmD5K90kat9Usx2xrZw,3013,0,4172,1,8108,True,oxHXmD5K90kat9Usx2xrZw
541,2011,9,230,Minneapolis,44.94331617313262,-93.21305722213862,LK3nqHbH4BTzjd2zOwFmLQ,993,2,4174,1,8118,True,LK3nqHbH4BTzjd2zOwFmLQ
754,2014,10,256,Minneapolis,44.94627779683089,-93.27285155210942,5KPxYNgfNkzLJEcsKUZ_Iw,1881,1,3884,3,8120,True,5KPxYNgfNkzLJEcsKUZ_Iw
1756,2007,7,251,Minneapolis,44.95732582523848,-93.27208818841386,o4bdiwWGh3VnViS0GMIlLA,3014,0,4175,4,8122,True,o4bdiwWGh3VnViS0GMIlLA
1006,2019,5,276,Minneapolis,44.94933048864853,-93.29316271312196,86rfIzaVxjkIJVhooyutFA,2182,0,2557,3,8123,True,86rfIzaVxjkIJVhooyutFA
4485,2019,6,116,Minneapolis,44.98727376613049,-93.27533116124742,Ayq9PqC1y5NA2-zc6T7EHA,2755,1,4176,2,8126,True,Ayq9PqC1y5NA2-zc6T7EHA
1262,2019,6,40,Minneapolis,44.95125970034098,-93.2203814459265,rBliHXOyJsRpCVe0gDlUsw,1550,0,1697,4,8128,True,rBliHXOyJsRpCVe0gDlUsw
2793,2011,10,261,Minneapolis,44.96859153007023,-93.23599802527436,CtCYQS9VGGF_K5rxWaggXQ,627,0,642,3,8130,True,CtCYQS9VGGF_K5rxWaggXQ
946,2014,8,347,Minneapolis,44.94839653827346,-93.26316695561329,BBVGD7kPNrZFI9DoLIlw4A,568,1,3498,6,8132,True,BBVGD7kPNrZFI9DoLIlw4A
2767,2014,9,248,Minneapolis,44.96826388889936,-93.26254727832514,wtgboT6G6fN9DeSvOu0_ag,67,1,4179,3,8148,True,wtgboT6G6fN9DeSvOu0_ag
170,2009,10,174,Minneapolis,44.93925970726124,-93.2204154388759,XJq8-bhhURKb86ez5ztx2g,616,0,630,4,8149,True,XJq8-bhhURKb86ez5ztx2g
953,2019,6,241,Minneapolis,44.94841353976291,-93.25706931052336,NgPfZdjcxqmFlPTjChrvPQ,3016,0,4180,6,8152,True,NgPfZdjcxqmFlPTjChrvPQ
1073,2019,6,287,Minneapolis,44.94929469323878,-93.2270975740323,Z9BJjHonl5_tyYU9sEjfow,3018,0,4184,2,8156,True,Z9BJjHonl5_tyYU9sEjfow
2669,2014,9,110,Minneapolis,44.96728868041227,-93.26937038044407,wzfBgcL4UhhMpvPbUZVb3g,2791,0,3631,7,8163,True,wzfBgcL4UhhMpvPbUZVb3g
1841,2019,6,339,Minneapolis,44.95832496950732,-93.27788524255632,IrT8beaVJwQZyOcaVkzAmQ,1876,0,2128,7,8164,True,IrT8beaVJwQZyOcaVkzAmQ
4174,2019,6,211,Minneapolis,44.98420409194055,-93.22215138822364,3x5IP0FUUEagosw3PqKsYg,2502,3,4185,4,8166,True,3x5IP0FUUEagosw3PqKsYg
3884,2011,7,157,Minneapolis,44.98055573905758,-93.23757064054082,YTXO5jsJpku_ykICu2jPzg,2139,1,3686,3,8168,True,YTXO5jsJpku_ykICu2jPzg
4240,2007,7,318,Minneapolis,44.98451901712672,-93.243567388179,uopjLSW1vB_4ahxKysHoaQ,674,2,4186,1,8172,True,uopjLSW1vB_4ahxKysHoaQ
899,2014,8,10,Minneapolis,44.94728325818747,-93.21912024208709,Zo8ekAqKo_JA6k2DxqNWog,2678,1,4187,1,8175,True,Zo8ekAqKo_JA6k2DxqNWog
4400,2017,8,118,Minneapolis,44.98622696777992,-93.27026892968374,nUIDzZpC_0HkBgq9GcTMCg,3019,0,4188,2,8181,True,nUIDzZpC_0HkBgq9GcTMCg
4655,2013,8,295,Minneapolis,44.98919842866421,-93.29031827270822,WB3P3AU8LgBoHQrmfCoyww,929,0,973,6,8187,True,WB3P3AU8LgBoHQrmfCoyww
5104,2007,7,349,Minneapolis,44.99412791259184,-93.2921511812642,H-8J1cFPd__d4O-Dy6TNlw,1731,1,4189,1,8190,True,H-8J1cFPd__d4O-Dy6TNlw
4876,2007,7,200,Minneapolis,44.99151123811016,-93.24218441824596,dxsA38u5Z-721NTWSyXEsw,2714,0,3469,4,8192,True,dxsA38u5Z-721NTWSyXEsw
2750,2008,9,204,Minneapolis,44.96823529803329,-93.27935848468306,5KwyrizKyiOuYUOtbU8eSg,1043,0,1099,8,8194,True,5KwyrizKyiOuYUOtbU8eSg
4836,2019,7,97,Minneapolis,44.99130891545465,-93.28390170742566,XxsFRZ3xo9mhaBlEPVQMWA,1406,0,1525,9,8198,True,XxsFRZ3xo9mhaBlEPVQMWA
3310,2017,8,327,Minneapolis,44.97431895113297,-93.26519934792256,g0i-Wi-OMkJU3yViRuutwg,2665,0,3373,8,8203,True,g0i-Wi-OMkJU3yViRuutwg
4400,2009,7,306,Minneapolis,44.98622734541175,-93.27018239001046,umLhJ90UHs2AEZZM3pNobw,3019,1,4191,4,8204,True,umLhJ90UHs2AEZZM3pNobw
1328,2011,10,3,Minneapolis,44.95193670541842,-93.24517620723104,LhOSRDD3sOb3HhqDG_G9_Q,288,0,291,7,8205,True,LhOSRDD3sOb3HhqDG_G9_Q
2810,2009,6,125,Minneapolis,44.96831985250191,-93.21863270906272,aMVeTzS95lmuQ1SeCLsi4g,3021,0,4192,2,8206,True,aMVeTzS95lmuQ1SeCLsi4g
564,2017,8,276,Minneapolis,44.94433339603916,-93.28139438487248,S-Hwq0pI7Zcdzb4quWszOg,141,1,3565,3,8213,True,S-Hwq0pI7Zcdzb4quWszOg
1686,2009,10,295,Minneapolis,44.95627971731889,-93.25117311569132,zcE1rpZe3M3H34W-KPQpeA,2197,1,4194,2,8220,True,zcE1rpZe3M3H34W-KPQpeA
2074,2009,10,267,Minneapolis,44.96029412619813,-93.22695181683136,nP0ryfLOMH4qIPmxTCu69A,215,1,676,4,8225,True,nP0ryfLOMH4qIPmxTCu69A
1941,2008,10,57,Minneapolis,44.95932476531075,-93.26920121832975,PCTqzCy5u-m5PBwo5jI7Vw,2157,0,2523,4,8227,True,PCTqzCy5u-m5PBwo5jI7Vw
3971,2019,6,53,Minneapolis,44.98145390679888,-93.24047828058929,kfA9OB4NX3VDTn4EUM56kA,319,0,323,3,8228,True,kfA9OB4NX3VDTn4EUM56kA
2991,2009,7,153,Minneapolis,44.97033485251149,-93.22022642014744,7F4YyX3mYk0p_HxOADWjew,1132,2,4197,1,8230,True,7F4YyX3mYk0p_HxOADWjew
3930,2016,10,277,Minneapolis,44.98132469593713,-93.2800066632781,GdS0MPQ8MwVjIQPsBcvn4A,2084,0,2424,11,8233,True,GdS0MPQ8MwVjIQPsBcvn4A
2150,2014,9,325,Minneapolis,44.96132736701454,-93.24252553774863,fFU2BTgL3btuvguUlgI2mA,3024,0,4198,2,8234,True,fFU2BTgL3btuvguUlgI2mA
5139,2019,6,343,Minneapolis,44.99398453069512,-93.2569244437701,zdkdCSgCJiprENrlAeIIlQ,497,1,4199,2,8237,True,zdkdCSgCJiprENrlAeIIlQ
1218,2014,10,240,Minneapolis,44.95127409695459,-93.26393254327824,Pi8AMW5ROSOKSKIw_6qR0A,653,0,669,5,8238,True,Pi8AMW5ROSOKSKIw_6qR0A
444,2014,9,117,Minneapolis,44.94230471865706,-93.2191342845124,IscS2OE0i_gjq05UD3nWog,2750,1,4200,2,8240,True,IscS2OE0i_gjq05UD3nWog
1464,2019,5,260,Minneapolis,44.95429056187536,-93.29063040214228,WPHEHcKHXrqEakx7b2LuJw,3025,0,4202,2,8244,True,WPHEHcKHXrqEakx7b2LuJw
5225,2016,9,67,Minneapolis,44.99518759432392,-93.26130557036444,nHOZRF1zovy5lkG0C3SKIg,2872,1,4205,5,8248,True,nHOZRF1zovy5lkG0C3SKIg
5068,2014,9,260,Minneapolis,44.99329584102973,-93.2397226237287,biTXhGU_YUKbFWi8UKYgDQ,1739,1,4206,2,8256,True,biTXhGU_YUKbFWi8UKYgDQ
2661,2019,6,294,Minneapolis,44.96724428936354,-93.27714956682436,dxdrAkNW3ecSZp2XWdpAOQ,2542,1,4207,2,8257,True,dxdrAkNW3ecSZp2XWdpAOQ
3735,2007,8,180,Minneapolis,44.97924487208326,-93.2994484963145,hEOe4p83FsO8sgusPySLWQ,2604,1,4208,1,8260,True,hEOe4p83FsO8sgusPySLWQ
13,2011,6,286,Minneapolis,44.93827902551289,-93.28562627395924,PTh9mDXw2uful60_SIbp0A,2817,1,4209,1,8261,True,PTh9mDXw2uful60_SIbp0A
1332,2016,11,51,Minneapolis,44.95230517215701,-93.24112658984718,iSY2wRCZb2wWJJzdlcnMKw,2729,0,3500,8,8263,True,iSY2wRCZb2wWJJzdlcnMKw
1392,2019,6,19,Minneapolis,44.95328959178109,-93.2720416389685,OLMuUqeJgpJGWKXzU3Xx6g,1104,0,1170,10,8268,True,OLMuUqeJgpJGWKXzU3Xx6g
5096,2011,6,176,Minneapolis,44.99416668428962,-93.2931095940626,k2Zf9cvmtc_or6Lr_CI1Gg,1699,0,1896,4,8269,True,k2Zf9cvmtc_or6Lr_CI1Gg
4777,2007,7,201,Minneapolis,44.99034897123691,-93.25023806113646,n6x9HqvDykgv75qfmsi2Uw,1453,0,1587,5,8271,True,n6x9HqvDykgv75qfmsi2Uw
4024,2011,6,317,Minneapolis,44.98227077881347,-93.27621427673812,zdjF9pSFPVJ8VnIe6_LEpw,955,1,4213,1,8281,True,zdjF9pSFPVJ8VnIe6_LEpw
2917,2013,9,65,Minneapolis,44.97040327352579,-93.29414503035468,ki0PQbuQj-XFj2WFhNNgBA,589,1,4220,1,8296,True,ki0PQbuQj-XFj2WFhNNgBA
3257,2013,9,145,Minneapolis,44.97326411469084,-93.227095652223,baz3P8CJvDyYBFq9pX1YIg,2406,1,4221,1,8297,True,baz3P8CJvDyYBFq9pX1YIg
3984,2007,6,95,Minneapolis,44.98137154460353,-93.22410322679096,DF5SSavCyMcaI_a-gROWiA,3030,0,4223,6,8301,True,DF5SSavCyMcaI_a-gROWiA
2155,2014,9,62,Minneapolis,44.96096839046749,-93.237052124784,-vd7pEZE4Zn1bUUcBIoQ_A,1318,1,4224,2,8305,True,-vd7pEZE4Zn1bUUcBIoQ_A
2649,2014,9,351,Minneapolis,44.96725152485669,-93.28932891582308,0wxhkXUL-PhKWNVDFaSCAQ,2023,0,2339,5,8306,True,0wxhkXUL-PhKWNVDFaSCAQ
4566,2019,7,51,Minneapolis,44.98831139524665,-93.28307555083676,e7j_AfHKVAZqOY1JfHJQ4Q,125,0,126,5,8309,True,e7j_AfHKVAZqOY1JfHJQ4Q
4395,2009,8,39,Minneapolis,44.98634792138385,-93.27513447728704,WDjgwfvA-toiSnhF94g0Dw,1766,0,1979,6,8310,True,WDjgwfvA-toiSnhF94g0Dw
2795,2011,10,276,Minneapolis,44.96827857421551,-93.23417710330052,ab9BJophbx8RZnp9K-ELdw,1566,0,1716,4,8312,True,ab9BJophbx8RZnp9K-ELdw
5252,2009,10,157,Minneapolis,44.99514656563101,-93.23122882874912,YcOW2CthYkjB0q2q_3GgwA,986,1,3802,4,8314,True,YcOW2CthYkjB0q2q_3GgwA
24,2008,10,338,Minneapolis,44.93832238219635,-93.2752817234358,mmgKrgd9iHwwYuMX8D23nA,1467,0,1604,8,8318,True,mmgKrgd9iHwwYuMX8D23nA
913,2016,11,231,Minneapolis,44.9483998448121,-93.29608340044382,yCXJsTCADXX7BpnaBtdpGQ,1661,0,1837,4,8321,True,yCXJsTCADXX7BpnaBtdpGQ
3771,2019,6,39,Minneapolis,44.97910436873062,-93.25627900485534,qrtmvqBm6OQkQohOt-ae7Q,2700,1,4228,3,8323,True,qrtmvqBm6OQkQohOt-ae7Q
345,2014,9,341,Minneapolis,44.94127961997446,-93.22712168155134,JT0ch6QeiFUf8NWeQ1Ehxg,2977,1,4229,1,8331,True,JT0ch6QeiFUf8NWeQ1Ehxg
4983,2019,6,53,Minneapolis,44.99229971209303,-93.22720930035292,n2HnxddA_sV44YcnlsY7gQ,2510,0,3105,4,8342,True,n2HnxddA_sV44YcnlsY7gQ
2619,2019,6,20,Minneapolis,44.96628242291413,-93.228005532431,KnwCh4ZRRiWAvnQs7Tu4mQ,2486,0,3062,5,8344,True,KnwCh4ZRRiWAvnQs7Tu4mQ
1458,2019,5,8,Minneapolis,44.95436968296004,-93.29739343221723,qcs3On20qPhZbSQj0UMReg,1823,0,2059,10,8348,True,qcs3On20qPhZbSQj0UMReg
274,2014,8,180,Minneapolis,44.94134042000901,-93.29816375535844,uejvtLugCw7m1taY43XVyw,951,1,3352,4,8351,True,uejvtLugCw7m1taY43XVyw
2608,2016,8,305,Minneapolis,44.96630728283864,-93.23934273467904,MNLNmacqZMMPYR23IHFsTw,1218,2,4233,1,8353,True,MNLNmacqZMMPYR23IHFsTw
2577,2018,8,228,Minneapolis,44.9663501294111,-93.27013468347278,nEE6MgVsyYKe9duHernKSw,2864,1,4234,2,8356,True,nEE6MgVsyYKe9duHernKSw
452,2009,10,318,Minneapolis,44.94235269731603,-93.21139373650163,8H0ZraN8WdNiiXX3hRWIQw,1625,1,4235,1,8363,True,8H0ZraN8WdNiiXX3hRWIQw
2443,2013,8,44,Minneapolis,44.96423380793546,-93.22211476000857,Jt__mSWPegVq1FjvnyS9vg,1171,1,2954,4,8367,True,Jt__mSWPegVq1FjvnyS9vg
676,2007,7,106,Minneapolis,44.94523690617802,-93.26008497862244,_pNKcQSOms2BImnAvLsWLA,1255,1,4237,2,8368,True,_pNKcQSOms2BImnAvLsWLA
3691,2017,8,297,Minneapolis,44.97759024337874,-93.24910824536836,HdeRpQU7p3qCME-VJA6tTA,974,2,4238,8,8372,True,HdeRpQU7p3qCME-VJA6tTA
1457,2017,8,40,Minneapolis,44.95413350027652,-93.29750318378906,My4MYcA7Puszfcn5y7khQg,644,0,660,8,8375,True,My4MYcA7Puszfcn5y7khQg
2384,2014,9,301,Minneapolis,44.96432788495812,-93.28108020976497,WcwE7Sg5WfYwOHNECLBqag,2543,1,4240,2,8382,True,WcwE7Sg5WfYwOHNECLBqag
4005,2009,7,332,Minneapolis,44.98232242523267,-93.2961744296304,QYAY16WGsOyJk4ZbCiU7IQ,863,0,901,7,8391,True,QYAY16WGsOyJk4ZbCiU7IQ
329,2007,7,27,Minneapolis,44.94133120098709,-93.24323352480712,ZW4TCnpNnKI7v0u6x2TSow,3034,0,4241,3,8397,True,ZW4TCnpNnKI7v0u6x2TSow
3683,2009,6,26,Minneapolis,44.97814834902129,-93.25218356357796,4I-xFwujx4rTLS3Zg6MoCA,2128,2,4242,1,8398,True,4I-xFwujx4rTLS3Zg6MoCA
2565,2009,7,53,Minneapolis,44.96653560505025,-93.28185464065244,KVGKuBdLB3CGItp9w_CarA,2045,0,2370,6,8399,True,KVGKuBdLB3CGItp9w_CarA
4357,2014,9,115,Minneapolis,44.98529976653094,-93.22033117446846,R5S3xNzX_qDO6DoiHkAX2A,838,0,871,3,8400,True,R5S3xNzX_qDO6DoiHkAX2A
933,2014,8,228,Minneapolis,44.94838857043359,-93.27608397612023,veOJ1_AYEq4baRjzis6dzg,327,1,4243,1,8401,True,veOJ1_AYEq4baRjzis6dzg
4347,2011,7,267,Minneapolis,44.985201239488,-93.23320640457096,aLRxsZoESC2oazLqUsRARQ,201,1,4245,1,8403,True,aLRxsZoESC2oazLqUsRARQ
1045,2014,9,184,Minneapolis,44.94934388715671,-93.25504261064332,w76XfRu2BL5DWERT3xxu3w,2358,0,2832,4,8418,True,w76XfRu2BL5DWERT3xxu3w
5192,2014,9,172,Minneapolis,44.99529093160004,-93.29410814018924,NfY8gM4gPPd008BtI2Ut1A,1914,0,2179,6,8419,True,NfY8gM4gPPd008BtI2Ut1A
4718,2009,6,43,Minneapolis,44.98933191117143,-93.22422378463304,wgbRpyN3kGDim09P5aXoQQ,2243,0,2653,3,8428,True,wgbRpyN3kGDim09P5aXoQQ
2349,2009,7,298,Minneapolis,44.96325614276091,-93.22621889843364,oU-zmKqSK636EWUR_avJ1w,3036,0,4250,5,8429,True,oU-zmKqSK636EWUR_avJ1w
4718,2011,7,189,Minneapolis,44.98933809693201,-93.2241938633661,9EU53QsIZliYJ9rMuQNheQ,2243,2,4251,2,8430,True,9EU53QsIZliYJ9rMuQNheQ
1735,2011,9,290,Minneapolis,44.95728959416442,-93.29311538890586,KRojr77lQ3xXzayHsT-I1A,2326,0,2782,4,8441,True,KRojr77lQ3xXzayHsT-I1A
5141,2007,7,202,Minneapolis,44.99439307609622,-93.258993928891,nmUzzBLpAMe8K1tFRbxn0A,1354,1,4254,1,8444,True,nmUzzBLpAMe8K1tFRbxn0A
1319,2007,7,84,Minneapolis,44.95226736196809,-93.25377073850495,NIaZ1SsbqQr2yGQMUthwZA,1675,1,4255,1,8446,True,NIaZ1SsbqQr2yGQMUthwZA
333,2014,9,334,Minneapolis,44.94133375449405,-93.23909292359646,Fmx3qtR0dYmQ26kxZ7_X_w,434,0,443,3,8448,True,Fmx3qtR0dYmQ26kxZ7_X_w
923,2018,10,338,Minneapolis,44.94838196791664,-93.28614151219438,rG_eYoQJlCsw9g3yrPkNig,1995,1,4256,2,8452,True,rG_eYoQJlCsw9g3yrPkNig
2260,2007,7,183,Minneapolis,44.96203834275782,-93.22353973906534,9pdmMlGEFxf2WvoIz7CeIA,2407,1,4257,4,8454,True,9pdmMlGEFxf2WvoIz7CeIA
136,2019,7,244,Minneapolis,44.93954344166274,-93.25412629734537,5Vy75AKPixWUC0ScEC72Fg,787,2,4261,1,8463,True,5Vy75AKPixWUC0ScEC72Fg
1431,2016,11,235,Minneapolis,44.9532813980214,-93.23314039295263,Sk-oFmxbnj6nNrPkU_K2Bw,245,1,2269,5,8467,True,Sk-oFmxbnj6nNrPkU_K2Bw
2510,2019,9,140,Minneapolis,44.96523168202962,-93.24611389497076,_NubKSJU9Ay7wxce0R-1AQ,3040,0,4263,9,8472,True,_NubKSJU9Ay7wxce0R-1AQ
1932,2019,6,219,Minneapolis,44.95913170569192,-93.27813992059838,gGbVjCQFLaa5XoKb64UulQ,1333,0,1437,5,8473,True,gGbVjCQFLaa5XoKb64UulQ
5165,2007,7,215,Minneapolis,44.99509283126896,-93.22916130246756,Bsc7KRjr4UeV3U15_DGwcw,2185,0,2560,5,8475,True,Bsc7KRjr4UeV3U15_DGwcw
4864,2019,6,212,Minneapolis,44.99112335604674,-93.25806184501464,xghGigOGK0IQ9jmmAATorQ,3041,0,4264,3,8477,True,xghGigOGK0IQ9jmmAATorQ
910,2019,5,235,Minneapolis,44.94834557949329,-93.29904499847596,JoSQG8JSutTJ3EBjBmIslQ,1751,0,1962,7,8480,True,JoSQG8JSutTJ3EBjBmIslQ
782,2011,7,73,Minneapolis,44.94629507987054,-93.24488365858024,nSMYU57hT3WCKlfDgYe2Pw,1419,0,1541,5,8484,True,nSMYU57hT3WCKlfDgYe2Pw
1353,2007,7,125,Minneapolis,44.95196910934588,-93.2191409809133,Stdyr7bV3bhht25Vna138g,3043,0,4266,2,8485,True,Stdyr7bV3bhht25Vna138g
224,2019,6,25,Minneapolis,44.93957970488351,-93.2571992263058,MRfHzmwUHdiBmkO5bTHsGQ,49,2,4268,1,8491,True,MRfHzmwUHdiBmkO5bTHsGQ
4998,2011,7,195,Minneapolis,44.99157454769414,-93.21410977003828,o_YB7XrPdrFGslnoHPasog,276,0,278,7,8493,True,o_YB7XrPdrFGslnoHPasog
4823,2016,9,95,Minneapolis,44.99129318907179,-93.29568520718036,XSCuhXU99sML35eBO3g0Fw,3045,0,4269,4,8495,True,XSCuhXU99sML35eBO3g0Fw
4712,2009,6,245,Minneapolis,44.98926739768603,-93.2282331419074,YHLchXQBrk2ehRazP_YtRg,762,2,4270,4,8497,True,YHLchXQBrk2ehRazP_YtRg
4117,2019,6,150,Minneapolis,44.98348426723725,-93.27796075248244,ROqkiar70W-Q7mlpG6i_EA,1650,0,1825,6,8498,True,ROqkiar70W-Q7mlpG6i_EA
1290,2011,6,309,Minneapolis,44.95218977476686,-93.28299128816523,4W9NuDVUNKFdA9d-IqpeSQ,355,0,361,3,8499,True,4W9NuDVUNKFdA9d-IqpeSQ
1928,2017,8,255,Minneapolis,44.95912601891886,-93.28213561335475,NfMik8pjkfnIJmfm5CGIZg,887,2,4271,1,8505,True,NfMik8pjkfnIJmfm5CGIZg
69,2011,9,285,Minneapolis,44.93844264993273,-93.2297643753155,dlDX5OSneM4SdcCv1zbsKg,2718,1,4272,1,8507,True,dlDX5OSneM4SdcCv1zbsKg
75,2007,7,209,Minneapolis,44.93835133338083,-93.22435922225829,Q0jqTEecYy3bE4Yqz7LcuQ,2389,0,2890,3,8510,True,Q0jqTEecYy3bE4Yqz7LcuQ
1201,2011,8,5,Minneapolis,44.95132975308899,-93.28132722632856,-hfdeHwrA-x6gBB_T7GEKA,321,0,325,6,8512,True,-hfdeHwrA-x6gBB_T7GEKA
2114,2019,6,132,Minneapolis,44.9613323015318,-93.27786899319526,Vr5-XsmICrAaZKGRRPSTNg,2494,0,3078,6,8517,True,Vr5-XsmICrAaZKGRRPSTNg
1189,2017,8,272,Minneapolis,44.95126514330327,-93.29319587456988,faWTsy--x5U1VqgwJLNMIw,3047,0,4274,2,8520,True,faWTsy--x5U1VqgwJLNMIw
5069,2017,8,202,Minneapolis,44.99330307234622,-93.23317217906256,VpPtF9QIl1gRV3-Rwj_0cQ,2291,0,2727,4,8529,True,VpPtF9QIl1gRV3-Rwj_0cQ
4822,2009,10,320,Minneapolis,44.99031481746093,-93.21517674535173,7Jh_KEYtPXs-WL2p3k1g_w,1422,0,1544,4,8531,True,7Jh_KEYtPXs-WL2p3k1g_w
3090,2017,10,133,Minneapolis,44.97119827739607,-93.21189367643262,GNAXADGZy11zzWNEPW0LWg,181,1,2026,4,8536,True,GNAXADGZy11zzWNEPW0LWg
2902,2009,7,263,Minneapolis,44.96901954449321,-93.21803277486686,xExr9R09r2QK7mKfZjNYCg,2991,1,4278,2,8540,True,xExr9R09r2QK7mKfZjNYCg
3727,2009,6,350,Minneapolis,44.97834724646896,-93.2111225893108,xXah1yOhPMJDEuPG1QpsCg,2179,0,2553,7,8543,True,xXah1yOhPMJDEuPG1QpsCg
4260,2019,6,213,Minneapolis,44.98428129098887,-93.22605230603,JePCwFMBZYtLojF8laBfiQ,1819,0,2054,4,8555,True,JePCwFMBZYtLojF8laBfiQ
2193,2007,7,311,Minneapolis,44.96233471368669,-93.2905552170245,9S8ZhOY50pC9oeuDa8_Caw,1916,1,3895,5,8559,True,9S8ZhOY50pC9oeuDa8_Caw
2795,2009,7,94,Minneapolis,44.96829733464871,-93.23412820518736,Wx3NAKlXCIvFv6DXj_3lhA,1566,1,4282,2,8560,True,Wx3NAKlXCIvFv6DXj_3lhA
5035,2009,7,41,Minneapolis,44.99302785219766,-93.27299282773392,RCRavZ6iV30SRg38s6lS_Q,1024,0,1080,4,8562,True,RCRavZ6iV30SRg38s6lS_Q
3290,2014,9,114,Minneapolis,44.97399143158922,-93.28517838574469,rU_cXn5EAfCOuYWRXFQ5MQ,517,1,4283,1,8565,True,rU_cXn5EAfCOuYWRXFQ5MQ
4148,2009,7,134,Minneapolis,44.98325140485466,-93.2492448398996,6bNcvalnWHoaOdlaRWOpmg,2927,1,4285,1,8568,True,6bNcvalnWHoaOdlaRWOpmg
4603,2019,6,8,Minneapolis,44.98824188945181,-93.24610641397086,cbhk_J_4mxB-pC3C5QSOxQ,758,1,4287,2,8571,True,cbhk_J_4mxB-pC3C5QSOxQ
2785,2011,6,228,Minneapolis,44.96831105624978,-93.24409495007043,m-MzIhPZDkBYJIfzEA-3mw,2932,1,4288,1,8575,True,m-MzIhPZDkBYJIfzEA-3mw
4526,2011,6,93,Minneapolis,44.98786534576935,-93.23220969296077,UYjKIKQumcCDC68R6-mfZQ,1797,1,2998,7,8577,True,UYjKIKQumcCDC68R6-mfZQ
926,2018,10,58,Minneapolis,44.94834896735377,-93.28315572078118,bNahiwnBjqwoQ3bOeu39nA,1051,0,1108,6,8578,True,bNahiwnBjqwoQ3bOeu39nA
800,2007,7,246,Minneapolis,44.94627164940142,-93.2270837537056,GF-7Z42mMPdgbSq_dUOtTw,3052,0,4290,3,8579,True,GF-7Z42mMPdgbSq_dUOtTw
4749,2009,8,112,Minneapolis,44.9906214488567,-93.27872807391424,DvDn-Rsf13yvGHeVqX7avw,86,1,4291,1,8581,True,DvDn-Rsf13yvGHeVqX7avw
2897,2015,10,275,Minneapolis,44.96932327609784,-93.22295225063134,LkosvcIeihRwhRP1o5LBPg,1868,1,3139,11,8587,True,LkosvcIeihRwhRP1o5LBPg
991,2011,8,220,Minneapolis,44.94831356351833,-93.21813345911828,FJRcfh3ue2nzv-xrf0cdZg,3053,0,4292,4,8588,True,FJRcfh3ue2nzv-xrf0cdZg
2059,2007,7,86,Minneapolis,44.96031644486353,-93.24257117942776,DXNWp25f5CQb8NQb94gnHg,1857,5,4296,1,8593,True,DXNWp25f5CQb8NQb94gnHg
3507,2009,7,164,Minneapolis,44.97650579013523,-93.2486255369366,YZMxrbULATUuNQqT5JP8zw,1697,2,4298,1,8604,True,YZMxrbULATUuNQqT5JP8zw
4343,2007,6,162,Minneapolis,44.98547731542908,-93.2318344628685,TJ2QVzs9c91eOZIa2l-DQQ,2824,0,3697,4,8607,True,TJ2QVzs9c91eOZIa2l-DQQ
4208,2014,9,213,Minneapolis,44.98430454092668,-93.27913561546508,IaLe-Bs182brbiwqyJWCSw,1471,0,1608,5,8608,True,IaLe-Bs182brbiwqyJWCSw
293,2016,9,34,Minneapolis,44.94135693859901,-93.27921251522606,yz3lDJedYHb-A1VW1kF_8A,2681,1,4299,2,8614,True,yz3lDJedYHb-A1VW1kF_8A
3876,2019,7,214,Minneapolis,44.98041645522824,-93.24407453183106,p-X66evEcY4ZjZVIXY5vkA,374,0,380,5,8615,True,p-X66evEcY4ZjZVIXY5vkA
4892,2019,6,27,Minneapolis,44.99128240882592,-93.22716661589254,dRa_AckpDc7EgS4xWDPRzw,1423,2,4300,1,8617,True,dRa_AckpDc7EgS4xWDPRzw
5042,2011,6,357,Minneapolis,44.99321510176688,-93.26345484636374,k4ROAR5-3kCr7enB4-iTjQ,2868,1,4301,2,8619,True,k4ROAR5-3kCr7enB4-iTjQ
562,2014,9,338,Minneapolis,44.94433363318599,-93.28305112118186,U_iluRPEVL0z4e80rh1RmA,2072,2,4303,1,8622,True,U_iluRPEVL0z4e80rh1RmA
1336,2007,7,83,Minneapolis,44.95249807986463,-93.23689150550304,gwcCFi-FGjd295Vd9RRgiA,1224,1,1893,4,8625,True,gwcCFi-FGjd295Vd9RRgiA
2199,2009,7,202,Minneapolis,44.96230418822774,-93.28419659447567,mX_z4nJE9U3KwbXjj1btag,1696,1,4304,2,8626,True,mX_z4nJE9U3KwbXjj1btag
1274,2019,7,274,Minneapolis,44.95214994164228,-93.29921970100813,sHxWHVo3BixqT-eV04UjGg,931,1,4306,1,8632,True,sHxWHVo3BixqT-eV04UjGg
2964,2009,6,259,Minneapolis,44.97027558524514,-93.24725814372844,Mf4LGkVt_E-lb96QmZPRkQ,2247,1,4308,1,8635,True,Mf4LGkVt_E-lb96QmZPRkQ
2562,2011,6,76,Minneapolis,44.96652606058034,-93.28507361322652,4hrs4kwKPLjXmUBWLhg1Cg,1105,0,1171,7,8639,True,4hrs4kwKPLjXmUBWLhg1Cg
4576,2011,6,209,Minneapolis,44.98828910207506,-93.2731071179629,D7rHBFtBi8gRoSiJLB82KA,2656,0,3351,5,8640,True,D7rHBFtBi8gRoSiJLB82KA
335,2019,6,162,Minneapolis,44.94133561361054,-93.23718096769932,sb8G7_UxwlhtznHpN5fwDw,2525,0,3124,5,8641,True,sb8G7_UxwlhtznHpN5fwDw
3381,2013,10,134,Minneapolis,44.97517734537686,-93.28716258630668,42xgNKVsWZEpxrrpC1MUlw,2317,0,2768,12,8642,True,42xgNKVsWZEpxrrpC1MUlw
4661,2009,6,28,Minneapolis,44.98926354099238,-93.28209480696916,hrrV82Jooq19vFhcs53_kw,2449,1,4310,2,8644,True,hrrV82Jooq19vFhcs53_kw
39,2009,10,7,Minneapolis,44.93832887558422,-93.26002123449038,KkdIpGqGYEM2XP6nfK08Ng,2284,0,2718,4,8645,True,KkdIpGqGYEM2XP6nfK08Ng
4169,2007,6,74,Minneapolis,44.98334498708542,-93.23001498051477,_pUYwL231ezGj0oRabW_XA,988,0,1040,6,8650,True,_pUYwL231ezGj0oRabW_XA
137,2019,6,150,Minneapolis,44.93956869758791,-93.25317645137648,EvVO4P_rIdZ14zkTTMrSNQ,1092,0,1155,10,8654,True,EvVO4P_rIdZ14zkTTMrSNQ
3085,2016,10,299,Minneapolis,44.97140410119331,-93.21748868709751,x-t9mDqiKQQ871ZvFcNXrw,1363,0,1473,3,8666,True,x-t9mDqiKQQ871ZvFcNXrw
4109,2019,7,148,Minneapolis,44.98333472007214,-93.28681812259671,tEryDJTsgXacZvJ7vWDvRQ,1370,0,1483,6,8667,True,tEryDJTsgXacZvJ7vWDvRQ
999,2009,10,297,Minneapolis,44.94826744833954,-93.21019727742303,7EXD9X63-r0cUmCRMRsSvA,1530,2,4314,1,8679,True,7EXD9X63-r0cUmCRMRsSvA
2447,2009,6,12,Minneapolis,44.9643564658812,-93.21784494640173,iAX7khbyeoMmnpSLF_0PPA,1159,1,4315,1,8680,True,iAX7khbyeoMmnpSLF_0PPA
2493,2017,8,210,Minneapolis,44.96524346595983,-93.26316453549109,vnazOToTbqr-dKnxsnDiOQ,286,0,288,7,8681,True,vnazOToTbqr-dKnxsnDiOQ
1609,2011,9,45,Minneapolis,44.95558952266763,-93.237149017625,OhKQLQ9io_PnFXZhc2waNg,2800,0,3649,7,8692,True,OhKQLQ9io_PnFXZhc2waNg
2214,2008,10,223,Minneapolis,44.96228025079013,-93.26923806380348,AftiafF-OyJ1F5cA2KROxg,2887,0,3863,7,8694,True,AftiafF-OyJ1F5cA2KROxg
2068,2016,9,9,Minneapolis,44.96027213351518,-93.23306199898784,dulLVI-Czds59lg_fPirYg,1784,1,4317,2,8697,True,dulLVI-Czds59lg_fPirYg
1091,2014,8,221,Minneapolis,44.9493596750678,-93.20892015830285,URM4xV8UObpfjy1snyHFmA,2620,1,4318,1,8701,True,URM4xV8UObpfjy1snyHFmA
5217,2019,6,297,Minneapolis,44.99549138784546,-93.26933256868315,CC49-cZRCQsmlV15QstaJA,3058,0,4319,1,8703,True,CC49-cZRCQsmlV15QstaJA
2809,2009,6,33,Minneapolis,44.96824838830468,-93.22059134552649,KqGm53z7TzVUVseToD38ow,754,1,4321,1,8705,True,KqGm53z7TzVUVseToD38ow
303,2019,7,333,Minneapolis,44.94137288111519,-93.26925269685664,2UnG447yyoZDEYvPEszVow,1896,1,2228,4,8708,True,2UnG447yyoZDEYvPEszVow
5014,2007,7,57,Minneapolis,44.99308030860728,-93.29022888785056,64nHvsBtwaRiYXkdsfmXbw,1883,1,4322,1,8712,True,64nHvsBtwaRiYXkdsfmXbw
3399,2017,8,34,Minneapolis,44.974874554237,-93.26740181279786,0jCbRLifqqzPm-IHf2UQ5A,878,0,917,7,8713,True,0jCbRLifqqzPm-IHf2UQ5A
1275,2012,9,18,Minneapolis,44.95231971291114,-93.29829254343682,wB9jZBhoeUoo-tnpDP0WmQ,2136,0,2496,10,8717,True,wB9jZBhoeUoo-tnpDP0WmQ
1483,2007,7,229,Minneapolis,44.95426633852276,-93.27200560932292,zS-HFowOqlf4fzQuxjaOnw,2575,1,4323,1,8720,True,zS-HFowOqlf4fzQuxjaOnw
4139,2016,10,131,Minneapolis,44.98316497199119,-93.25227948021242,-jwbF_uwLaCFfZC0QDgMJg,386,1,2986,4,8725,True,-jwbF_uwLaCFfZC0QDgMJg
3408,2019,6,228,Minneapolis,44.97515307056545,-93.25825549439624,4ERkt2lgvVoYFWYlUU0Ezg,2069,0,2403,9,8726,True,4ERkt2lgvVoYFWYlUU0Ezg
477,2019,5,173,Minneapolis,44.9431727486914,-93.27715361069612,rr_19W_kC_fCdeG-gSRJOA,1965,1,4325,2,8731,True,rr_19W_kC_fCdeG-gSRJOA
4185,2007,8,278,Minneapolis,44.98426578491875,-93.29708531728798,SnpQSJ8CprJXDB_EuF6soA,2593,0,3248,11,8757,True,SnpQSJ8CprJXDB_EuF6soA
594,2014,8,268,Minneapolis,44.94429672151878,-93.25122139483425,kkvJGNf6PSAl2FbQqJzWTQ,2764,1,4332,1,8759,True,kkvJGNf6PSAl2FbQqJzWTQ
37,2017,8,62,Minneapolis,44.9383213799354,-93.26258477693514,k_M6W4KNQcZiYQS5yU5-Yg,876,1,4333,2,8764,True,k_M6W4KNQcZiYQS5yU5-Yg
4762,2013,9,46,Minneapolis,44.99027959843461,-93.2720726830196,i1foYlJCq1tBBT2AFz32Gg,2220,0,2613,3,8773,True,i1foYlJCq1tBBT2AFz32Gg
625,2019,6,112,Minneapolis,44.94426347917493,-93.22042185579606,klGfu0nvh-kosNrxhB027Q,1891,0,2148,4,8775,True,klGfu0nvh-kosNrxhB027Q
1977,2019,6,52,Minneapolis,44.95928633038167,-93.23307918736896,mIdO1JLWVw6p8UW_j_Y7Hg,827,0,860,6,8776,True,mIdO1JLWVw6p8UW_j_Y7Hg
4804,2009,6,82,Minneapolis,44.99032286801046,-93.22823239181102,vqPrFzY6gwGKRrpxwlTBNg,1769,1,3573,3,8777,True,vqPrFzY6gwGKRrpxwlTBNg
2164,2019,6,177,Minneapolis,44.96130393138437,-93.2282493854101,mwM6hd9O7wwc2UA9xmaGMA,1425,1,2625,6,8781,True,mwM6hd9O7wwc2UA9xmaGMA
3293,2011,7,128,Minneapolis,44.97407730039469,-93.28198759797728,l2hIAH5OwRVhYMhpqCYU_w,1157,0,1233,12,8782,True,l2hIAH5OwRVhYMhpqCYU_w
4029,2009,6,202,Minneapolis,44.98210800964089,-93.28038141596468,i1CbGGFXQfEKbUsvDilq1w,1377,0,1493,11,8791,True,i1CbGGFXQfEKbUsvDilq1w
2240,2009,6,343,Minneapolis,44.96234899012229,-93.24251702505548,URVlZPAyqcqmtlBFpTWT5w,2074,0,2408,3,8794,True,URVlZPAyqcqmtlBFpTWT5w
2853,2016,9,96,Minneapolis,44.96946667153516,-93.26699005670342,mORhpzcYMQn4sfXb_C-ITA,447,1,4337,1,8804,True,mORhpzcYMQn4sfXb_C-ITA
4117,2011,6,324,Minneapolis,44.98347857593191,-93.27791407332364,4vYN1SlzRUrRkxKly2clHA,1650,1,4340,2,8817,True,4vYN1SlzRUrRkxKly2clHA
2349,2007,7,132,Minneapolis,44.96328439204623,-93.22615236144804,RXkoMyvZe0wfMfcsmaPQWQ,3036,1,4341,1,8821,True,RXkoMyvZe0wfMfcsmaPQWQ
2156,2007,7,253,Minneapolis,44.96124505541752,-93.23621037367252,c82e4Ag0E1M_fHVpMdcy_A,3064,0,4342,4,8823,True,c82e4Ag0E1M_fHVpMdcy_A
1339,2009,10,144,Minneapolis,44.95195831254478,-93.2341388412279,BqS-sHANG1J1znsicdl2-Q,726,1,4344,4,8827,True,BqS-sHANG1J1znsicdl2-Q
5269,2007,7,184,Minneapolis,44.99525821411208,-93.21312993903518,UUpoKLrW2CqTOiFcD2BsZw,2224,1,4346,1,8830,True,UUpoKLrW2CqTOiFcD2BsZw
330,2007,7,227,Minneapolis,44.94134076741106,-93.2421629603804,cmnKata8KBJCurMqAvasrg,1680,1,4347,3,8832,True,cmnKata8KBJCurMqAvasrg
2379,2012,10,270,Minneapolis,44.96419857270954,-93.28614749482036,Li2lB_NYoiG0GRkARHTY0w,297,0,300,8,8835,True,Li2lB_NYoiG0GRkARHTY0w
1316,2014,10,335,Minneapolis,44.95232775545896,-93.25756694209612,gRhUUq2iQjXT3AVbE16Aiw,53,1,1377,4,8836,True,gRhUUq2iQjXT3AVbE16Aiw
4144,2019,6,215,Minneapolis,44.98337297791363,-93.24810126647118,6z9jSM-ZOTQKob_HwI3TIA,3066,0,4348,2,8843,True,6z9jSM-ZOTQKob_HwI3TIA
2581,2007,7,106,Minneapolis,44.96629130174961,-93.26515786390796,zoVXESj_t5zLLChGCIQQkg,184,0,185,4,8850,True,zoVXESj_t5zLLChGCIQQkg
4485,2014,9,157,Minneapolis,44.98728580940119,-93.27533028754932,0RemCLEMLItflTWNrxetTg,2755,2,4350,1,8852,True,0RemCLEMLItflTWNrxetTg
3572,2013,8,245,Minneapolis,44.9770937387541,-93.27790952827036,Xj59QkKyaohuyu-Z4Q9nWA,739,1,3893,4,8856,True,Xj59QkKyaohuyu-Z4Q9nWA
4508,2016,9,72,Minneapolis,44.98738491818867,-93.2530634387525,TIw1aooc_OFuBplCTfUV2g,1676,0,1858,6,8859,True,TIw1aooc_OFuBplCTfUV2g
1971,2011,9,36,Minneapolis,44.95917969797629,-93.23909884186972,xvGJxu7WRRe9w7QXb6sxPQ,292,0,295,7,8873,True,xvGJxu7WRRe9w7QXb6sxPQ
4864,2013,8,33,Minneapolis,44.99110322417416,-93.25803331324742,S2Mz0XWpmMdS1G_xLkBgXQ,3041,1,4354,2,8874,True,S2Mz0XWpmMdS1G_xLkBgXQ
2087,2013,8,126,Minneapolis,44.96055596684845,-93.21482586308748,OuDONZPTZG6L-GxaNFBSSQ,1087,2,4005,3,8877,True,OuDONZPTZG6L-GxaNFBSSQ
2761,2019,6,83,Minneapolis,44.96807794478428,-93.2680902912702,JrbR9q3kJmbaxRq0uX5PtA,1116,0,1182,8,8878,True,JrbR9q3kJmbaxRq0uX5PtA
2772,2014,9,0,Minneapolis,44.96797954272714,-93.2574051226898,N70Mbp89hVPcVIfOPJWy8w,2853,1,4356,4,8880,True,N70Mbp89hVPcVIfOPJWy8w
1794,2016,10,86,Minneapolis,44.95736937115129,-93.23411721253656,saJgvSq3KWOkrBaWR5Sv8g,2752,1,4357,1,8881,True,saJgvSq3KWOkrBaWR5Sv8g
1769,2019,6,321,Minneapolis,44.95735284895286,-93.25919092274636,x9g4jkxkdB2b1-7sEWN-hw,1125,1,4358,1,8885,True,x9g4jkxkdB2b1-7sEWN-hw
342,2016,9,117,Minneapolis,44.94136134729558,-93.2301222455166,j4Z46nMphrpNDz6PaDSzpw,2903,0,3899,3,8888,True,j4Z46nMphrpNDz6PaDSzpw
819,2011,9,279,Minneapolis,44.94728742323169,-93.29957097473496,QxMQi2KRJs0t_kBSoWaOkA,2009,1,4359,2,8890,True,QxMQi2KRJs0t_kBSoWaOkA
3735,2009,7,7,Minneapolis,44.97926255039909,-93.29947063375718,j0FVPA-_K52LY8G4eVqCyA,2604,0,3265,3,8897,True,j0FVPA-_K52LY8G4eVqCyA
2,2014,8,316,Minneapolis,44.93831326993112,-93.2971276569468,cFM6cCn85sncSTnkDOeSBw,1328,0,1432,5,8903,True,cFM6cCn85sncSTnkDOeSBw
4,2014,8,100,Minneapolis,44.93834691501028,-93.29459086793948,H_8Xco-5PQS__PyUADJkPg,410,0,416,6,8906,True,H_8Xco-5PQS__PyUADJkPg
418,2009,10,131,Minneapolis,44.94227710686403,-93.24484387736145,OT3pyc1ANCaQ5MMNrqQkNg,733,1,4365,1,8911,True,OT3pyc1ANCaQ5MMNrqQkNg
4525,2007,6,50,Minneapolis,44.98731675745202,-93.22860601933588,scjFkwv85NWHqrm1qBbWpw,2737,1,4366,2,8912,True,scjFkwv85NWHqrm1qBbWpw
2280,2016,9,266,Minneapolis,44.96331713749765,-93.29436273499046,2wXvqSgWn3M_lIkGhOJ_Ag,3070,0,4367,5,8914,True,2wXvqSgWn3M_lIkGhOJ_Ag
3387,2017,11,88,Minneapolis,44.9753243280405,-93.27912529655156,_A5i4ZnpeiuEHLuTv1x1HQ,1135,1,4368,1,8915,True,_A5i4ZnpeiuEHLuTv1x1HQ
277,2019,5,224,Minneapolis,44.94130940545551,-93.29510725707208,eIX9E-XSueQcgbwOgO6q4Q,3071,0,4370,2,8925,True,eIX9E-XSueQcgbwOgO6q4Q
4107,2013,10,60,Minneapolis,44.98330233256091,-93.28721444030238,vZLCHePTpfjBg5-Q6j2Y4A,2304,0,2743,6,8930,True,vZLCHePTpfjBg5-Q6j2Y4A
128,2009,10,32,Minneapolis,44.93955254896364,-93.26215057109808,oA-gomv4nMpli7Hd7tEZkg,1564,1,4371,1,8933,True,oA-gomv4nMpli7Hd7tEZkg
4452,2009,10,37,Minneapolis,44.9862430943793,-93.2162694791643,HIImU4DwMAMAuyeZsIU6qw,2505,1,4372,1,8935,True,HIImU4DwMAMAuyeZsIU6qw
1787,2009,6,58,Minneapolis,44.95750139790502,-93.24077768967597,fLjPWEOhM10cQm1P8x57sA,633,1,4374,1,8937,True,fLjPWEOhM10cQm1P8x57sA
2594,2014,9,280,Minneapolis,44.96630315495907,-93.25307435503493,DDkggeCVsI39QRgch141AQ,1485,0,1623,6,8942,True,DDkggeCVsI39QRgch141AQ
4706,2014,9,133,Minneapolis,44.98930475784603,-93.23333190660374,0hjoi9FaZOFDrp6exGH5Hg,2147,1,2918,4,8951,True,0hjoi9FaZOFDrp6exGH5Hg
2618,2011,10,176,Minneapolis,44.96677540294785,-93.22866176899107,CTa_2i-mJssFMzilg9hpaA,1010,0,1065,3,8954,True,CTa_2i-mJssFMzilg9hpaA
3597,2017,8,187,Minneapolis,44.97757717401957,-93.2492479179336,xpI3bgE8YP_lsf8d7r3F0g,974,3,4377,2,8962,True,xpI3bgE8YP_lsf8d7r3F0g
1594,2015,8,32,Minneapolis,44.9552919646619,-93.25243508523106,If02QJTy8A8ELecSGs7ZLg,1839,1,3050,4,8972,True,If02QJTy8A8ELecSGs7ZLg
2512,2009,6,252,Minneapolis,44.96534644848855,-93.24412736852268,J9g6Wkvv52MwvMjtkfgodg,2267,2,4379,1,8973,True,J9g6Wkvv52MwvMjtkfgodg
2415,2018,10,108,Minneapolis,44.96429725304942,-93.2501745043658,3fIBepMLUp4C9coRqY18ww,1934,0,2207,9,8979,True,3fIBepMLUp4C9coRqY18ww
2838,2019,5,280,Minneapolis,44.96933986969515,-93.28185324090884,odDTVxQryHKYnzG9TTPnug,2307,1,4226,5,8987,True,odDTVxQryHKYnzG9TTPnug
4872,2014,9,200,Minneapolis,44.99133817126898,-93.2471191636311,9dcmAH0T5AC5Ql8hvmGOnQ,2554,2,4380,1,8988,True,9dcmAH0T5AC5Ql8hvmGOnQ
1976,2007,7,230,Minneapolis,44.9591553235681,-93.234170562501,3TJIZTiN81i54q2RwRg8IQ,757,1,4381,2,8991,True,3TJIZTiN81i54q2RwRg8IQ
3819,2013,8,95,Minneapolis,44.98037884772382,-93.29943751058688,VfEdpSbHIip7UOnbgxcs5Q,399,1,2081,3,8994,True,VfEdpSbHIip7UOnbgxcs5Q
4090,2019,5,275,Minneapolis,44.98331175489994,-93.29947123651002,NV-Qf7nt9b4quNk15Gkgcw,1239,0,1328,3,8997,True,NV-Qf7nt9b4quNk15Gkgcw
4765,2011,6,87,Minneapolis,44.99017394457776,-93.2642462299974,SYSyChkHtfkRRpwaed9xKQ,1847,2,4382,1,8998,True,SYSyChkHtfkRRpwaed9xKQ
5046,2007,7,229,Minneapolis,44.99326564332846,-93.26004390425808,WwtN-GnfQQgDDkKYNUicfA,766,0,791,6,9001,True,WwtN-GnfQQgDDkKYNUicfA
4774,2013,8,280,Minneapolis,44.99010886149644,-93.26111100457874,ZLpP80-C4LhAqtuZTXRZmQ,935,0,980,3,9002,True,ZLpP80-C4LhAqtuZTXRZmQ
3462,2019,6,14,Minneapolis,44.97618682526791,-93.29548215102584,F4nrFhDShOXg9sZXbneIMQ,3074,0,4383,4,9003,True,F4nrFhDShOXg9sZXbneIMQ
3081,2019,6,297,Minneapolis,44.97133057818344,-93.22127743157928,kH2kk655YRplXlZacS9Tyg,1186,0,1272,5,9008,True,kH2kk655YRplXlZacS9Tyg
2264,2009,6,237,Minneapolis,44.96300590519807,-93.21833860101825,jFHeXaV9r8ch2We4ciORmQ,1723,2,3566,5,9011,True,jFHeXaV9r8ch2We4ciORmQ
2964,2017,10,155,Minneapolis,44.97029366824544,-93.2472420513632,CLVOGB6WBdN4KLOkVlRAnQ,2247,2,4384,1,9013,True,CLVOGB6WBdN4KLOkVlRAnQ
3153,2019,6,169,Minneapolis,44.97291532114095,-93.24040290832568,17KjAVC90bgV4K4HzrFoZg,2699,0,3440,10,9023,True,17KjAVC90bgV4K4HzrFoZg
1026,2011,8,246,Minneapolis,44.9493448367192,-93.27410059120366,6UesZGNgj2bAgRbfFclNyA,2923,0,3948,4,9027,True,6UesZGNgj2bAgRbfFclNyA
4099,2019,6,153,Minneapolis,44.9829750541759,-93.29480051080569,KbfRZGDMMVRko--2x4nIkw,2254,1,4385,1,9031,True,KbfRZGDMMVRko--2x4nIkw
4437,2007,6,11,Minneapolis,44.98626240244916,-93.22695940860478,Z6ieBqH5hYfZ2UTzhLLVXA,2902,1,4386,2,9032,True,Z6ieBqH5hYfZ2UTzhLLVXA
2568,2019,6,69,Minneapolis,44.96639277970865,-93.27915203148248,jEANMseE3cO2ZHOEki28Ow,3075,0,4387,2,9037,True,jEANMseE3cO2ZHOEki28Ow
2156,2009,6,82,Minneapolis,44.96124424406804,-93.23619251062368,i9TSl_R99-Gw8IPKL2hb9A,3064,1,4388,2,9039,True,i9TSl_R99-Gw8IPKL2hb9A
2812,2019,6,357,Minneapolis,44.96861027224868,-93.21742274654969,0Xa3vRB8XOfQwvDcq1QAIw,2487,1,4390,1,9043,True,0Xa3vRB8XOfQwvDcq1QAIw
4515,2007,7,242,Minneapolis,44.98723199995482,-93.246899529637,XncICclLti5ZB2USyIj_Ig,3009,1,4391,2,9045,True,XncICclLti5ZB2USyIj_Ig
2932,2011,6,251,Minneapolis,44.97029306865686,-93.27932118608572,AG2YC_ky22IJfK_yT5JCIA,2735,1,4392,1,9051,True,AG2YC_ky22IJfK_yT5JCIA
4415,2009,6,352,Minneapolis,44.98633100026428,-93.25725102812817,rQJGDIN-h2oyyX9n-ba5fw,1803,0,2033,5,9054,True,rQJGDIN-h2oyyX9n-ba5fw
3401,2011,6,183,Minneapolis,44.97524784331952,-93.26523763475086,GWwgvl2N-OOtCjuh0VmCcw,2070,0,2404,9,9062,True,GWwgvl2N-OOtCjuh0VmCcw
1704,2019,6,227,Minneapolis,44.95628488681707,-93.23310133034455,VwrNcCrnF7Y4zFR40wFIJw,2303,2,4394,1,9064,True,VwrNcCrnF7Y4zFR40wFIJw
5048,2007,7,314,Minneapolis,44.99330591059783,-93.2582500126744,Xy-5Sr7_hMNMTrd3QIDnJA,1786,0,2006,4,9067,True,Xy-5Sr7_hMNMTrd3QIDnJA
4674,2017,8,334,Minneapolis,44.98952149140013,-93.2698238009216,w2cAVbwwAXjxnOXnpV4k2Q,248,1,1375,7,9069,True,w2cAVbwwAXjxnOXnpV4k2Q
3158,2007,6,313,Minneapolis,44.97239354760254,-93.23513239106732,ltNlU3qASedMJWXf6s0ZzQ,2725,0,3491,3,9073,True,ltNlU3qASedMJWXf6s0ZzQ
1971,2017,8,213,Minneapolis,44.95915319517343,-93.23911766858755,j-zs4oafaW2-QdpVGg-A9Q,292,1,4396,1,9075,True,j-zs4oafaW2-QdpVGg-A9Q
17,2014,10,214,Minneapolis,44.93826887485134,-93.28142457463056,02xmDYst0axS3uNhThbZig,2516,1,3783,3,9076,True,02xmDYst0axS3uNhThbZig
3684,2016,8,347,Minneapolis,44.97752894433282,-93.25022060180304,MTPCBCLPFYUgy5e2hkgb_A,661,0,678,4,9081,True,MTPCBCLPFYUgy5e2hkgb_A
2115,2007,7,288,Minneapolis,44.96090954899061,-93.27709317716618,Xh0P1GecqOKw2a6SChelzA,2931,1,4397,1,9083,True,Xh0P1GecqOKw2a6SChelzA
48,2009,10,194,Minneapolis,44.9382718263192,-93.25116605630086,h5dbtqxoq2t1FIHFw1kzTA,361,0,367,5,9086,True,h5dbtqxoq2t1FIHFw1kzTA
1414,2007,7,138,Minneapolis,44.95323920654796,-93.24994580824722,99hExSAhjCwY2XGYoZJGgg,2124,1,4398,2,9088,True,99hExSAhjCwY2XGYoZJGgg
672,2014,8,246,Minneapolis,44.94530840964153,-93.26391578372052,IBqjVH0c2kWh0I8dZnvmZw,2605,0,3266,6,9091,True,IBqjVH0c2kWh0I8dZnvmZw
1761,2019,6,183,Minneapolis,44.95733444791429,-93.26712841356404,57BOqxH3mqoAftvCghZj9g,2007,0,2311,3,9092,True,57BOqxH3mqoAftvCghZj9g
3140,2019,6,329,Minneapolis,44.97239975207787,-93.25311463687528,6WnbI9BJVHOLyieQdaaWIA,1178,0,1259,5,9093,True,6WnbI9BJVHOLyieQdaaWIA
1873,2016,10,265,Minneapolis,44.95833469825003,-93.24517409696176,Bg5Qeo26rz82_g8LAFjayA,1948,0,2223,8,9097,True,Bg5Qeo26rz82_g8LAFjayA
1486,2009,7,173,Minneapolis,44.95426439096761,-93.26901797176004,cibmGU1z8gqRHrnzGvPUNg,2103,0,2451,6,9099,True,cibmGU1z8gqRHrnzGvPUNg
4102,2019,7,287,Minneapolis,44.98266666250674,-93.29596387260342,cwFnuPvFJHvcIvr6Lo2ckg,2649,1,4399,3,9100,True,cwFnuPvFJHvcIvr6Lo2ckg
3298,2019,6,68,Minneapolis,44.97468666518902,-93.27740168613867,hC3L3Yd9jcFL8EUPtybJmA,1944,0,2219,4,9101,True,hC3L3Yd9jcFL8EUPtybJmA
3891,2009,6,21,Minneapolis,44.9797522414284,-93.23054425103406,SlxXVCeufry6_xmBfxkaOQ,2040,0,2363,7,9105,True,SlxXVCeufry6_xmBfxkaOQ
4267,2014,9,320,Minneapolis,44.98427198296146,-93.21810258891324,HRVWnOAdMHWH0IzLrrBuBQ,1606,1,3092,3,9107,True,HRVWnOAdMHWH0IzLrrBuBQ
2507,2011,6,227,Minneapolis,44.9659061421949,-93.2491442208998,mPc7-CWUwxpclwnAuDqlYg,2810,0,3669,8,9110,True,mPc7-CWUwxpclwnAuDqlYg
778,2014,9,354,Minneapolis,44.94657850387908,-93.24912658255018,zKNggU6oNIMXhFuxkAFKtA,3079,0,4400,2,9113,True,zKNggU6oNIMXhFuxkAFKtA
1927,2019,5,163,Minneapolis,44.95929673435636,-93.2829390665474,Mn22wKxI8Ti-Yjw4G2kHig,3023,1,4401,1,9120,True,Mn22wKxI8Ti-Yjw4G2kHig
778,2019,6,174,Minneapolis,44.9465389048879,-93.24910171386648,b75BkG7QMHWsGS0gMc18yg,3079,1,4402,2,9121,True,b75BkG7QMHWsGS0gMc18yg
4559,2013,8,204,Minneapolis,44.98813918231419,-93.29320062598124,yIW7xV5BbUnHpdODkzylLw,3080,0,4403,1,9122,True,yIW7xV5BbUnHpdODkzylLw
352,2014,9,281,Minneapolis,44.94143363005301,-93.22019008119726,bxM64MvTSdnbAJD3kC3TTw,2122,1,4404,1,9127,True,bxM64MvTSdnbAJD3kC3TTw
1553,2007,7,348,Minneapolis,44.95537103103148,-93.29314941274043,_mcWu5wj0uivpEUA1X2-Hg,2227,0,2623,4,9129,True,_mcWu5wj0uivpEUA1X2-Hg
4598,2019,6,191,Minneapolis,44.98874216086588,-93.24672501056872,o99s3zwsj19OccsisMHtlw,2674,1,3629,5,9139,True,o99s3zwsj19OccsisMHtlw
326,2011,9,167,Minneapolis,44.94136127200404,-93.24614977568056,Qoi64f621vgadE94fj22AQ,1659,0,1834,4,9140,True,Qoi64f621vgadE94fj22AQ
769,2014,10,175,Minneapolis,44.94653556683485,-93.25811331323344,UKcxOqnzRIivUHmJS_z0mg,2320,2,4406,2,9142,True,UKcxOqnzRIivUHmJS_z0mg
1828,2019,5,243,Minneapolis,44.9583209352423,-93.29056973947266,uth7Z5GaaQXigRRWHkj-6g,2362,0,2843,4,9150,True,uth7Z5GaaQXigRRWHkj-6g
4469,2017,8,241,Minneapolis,44.98731188753798,-93.29238695088632,EpF9QLuh-c8fCECcmbjFPA,843,0,876,4,9153,True,EpF9QLuh-c8fCECcmbjFPA
3976,2011,7,158,Minneapolis,44.98132539593298,-93.2351651138819,Kzd46WAjq-y0n2Gdq_EceQ,3015,1,4407,2,9158,True,Kzd46WAjq-y0n2Gdq_EceQ
869,2019,6,32,Minneapolis,44.94732199567067,-93.2487020324582,byFRCI5XtvXJA4vkotftqg,126,0,127,6,9162,True,byFRCI5XtvXJA4vkotftqg
3414,2019,6,105,Minneapolis,44.97513136776698,-93.2522669778636,xPFf9jcZeKdqkIGjiUoGog,817,0,849,7,9167,True,xPFf9jcZeKdqkIGjiUoGog
3702,2011,6,71,Minneapolis,44.97735072849287,-93.24278235557028,-R6BRiHKTni4ZNf3uhtCfA,965,1,4409,2,9168,True,-R6BRiHKTni4ZNf3uhtCfA
907,2009,10,317,Minneapolis,44.94732260156285,-93.21138719258298,qfPcZk-OkFpJDFzqy-FKkQ,2651,1,4410,1,9169,True,qfPcZk-OkFpJDFzqy-FKkQ
4195,2008,9,128,Minneapolis,44.98427637545187,-93.29111925811272,NnqA2rkt5LDIoR1lJmDc9w,3081,0,4411,1,9173,True,NnqA2rkt5LDIoR1lJmDc9w
3694,2016,8,113,Minneapolis,44.97754411167887,-93.2481467389266,56UvF38gteN60wJHOZVrtg,809,0,841,4,9177,True,56UvF38gteN60wJHOZVrtg
4539,2011,7,140,Minneapolis,44.98696843109194,-93.22063827806768,_tX3pBvFqJ-X7u5OcH0lVw,2658,1,4412,2,9179,True,_tX3pBvFqJ-X7u5OcH0lVw
5032,2019,7,63,Minneapolis,44.99359286978495,-93.27133286405709,SzxsskKQ6TYoCMeCNLhVvg,3049,0,4281,4,9181,True,SzxsskKQ6TYoCMeCNLhVvg
4423,2019,6,217,Minneapolis,44.98643874079345,-93.23842073929818,KCBFmA1nmM3p-KyuUrkNVg,825,0,858,6,9183,True,KCBFmA1nmM3p-KyuUrkNVg
721,2019,6,242,Minneapolis,44.94526058613292,-93.2152975565864,Om7HwyQHE3VEshTKyMaSjw,2998,1,4413,2,9184,True,Om7HwyQHE3VEshTKyMaSjw
5217,2011,6,313,Minneapolis,44.99550393252944,-93.26927787190746,DglPmREgt6UF7g7Lbih_cg,3058,1,4414,1,9186,True,DglPmREgt6UF7g7Lbih_cg
1523,2009,10,91,Minneapolis,44.95380179538752,-93.23215511909714,TzwBYeKwnI_tQLW7PziUOw,2328,1,4416,2,9194,True,TzwBYeKwnI_tQLW7PziUOw
4134,2018,9,4,Minneapolis,44.98303773599711,-93.25989581645382,gK1QbCKzC8ZZdlzj1euJgA,1228,0,1316,5,9196,True,gK1QbCKzC8ZZdlzj1euJgA
1759,2011,9,50,Minneapolis,44.95726792727727,-93.26894628968132,qv-SzcKqb3Pn1eqzbsKMDQ,3082,0,4417,2,9200,True,qv-SzcKqb3Pn1eqzbsKMDQ
3506,2017,8,3,Minneapolis,44.97619291703793,-93.2488371908745,1yFJdtQdeUEwurgRORIQrQ,2071,0,2405,5,9202,True,1yFJdtQdeUEwurgRORIQrQ
2981,2015,8,186,Minneapolis,44.97028201649445,-93.23013275285312,NfNu-u-kNaFu4UpMS6oBmQ,1316,1,4418,1,9203,True,NfNu-u-kNaFu4UpMS6oBmQ
3179,2009,6,326,Minneapolis,44.97194741214011,-93.21437202860442,Xq6sj6hkJU2wrZNJmtlvdA,795,0,825,4,9204,True,Xq6sj6hkJU2wrZNJmtlvdA
3802,2009,10,86,Minneapolis,44.9793756227492,-93.23126620383007,5mlr-HsHywyGgwrJmEC5FQ,1160,0,1236,5,9212,True,5mlr-HsHywyGgwrJmEC5FQ
4952,2017,8,293,Minneapolis,44.9923210907371,-93.25922051466634,4uh5Yk87i4E2RL69KH8JLQ,1588,2,4421,1,9213,True,4uh5Yk87i4E2RL69KH8JLQ
1004,2011,8,88,Minneapolis,44.94925385809739,-93.29616898498476,nlISg3Gap9sYWLHPYR8VmA,2614,0,3277,9,9222,True,nlISg3Gap9sYWLHPYR8VmA
2561,2014,9,245,Minneapolis,44.9662219676188,-93.2862304468272,NkrYY50hlQ0_LJ7tyVMG8g,1849,1,2928,5,9228,True,NkrYY50hlQ0_LJ7tyVMG8g
777,2009,10,117,Minneapolis,44.94626936059386,-93.24997622513584,DYuZAyS3GyoObW4CyNDHjQ,2974,0,4063,4,9238,True,DYuZAyS3GyoObW4CyNDHjQ
4535,2011,7,170,Minneapolis,44.98735817936866,-93.22420203607744,tqelsCnblzObo5evUS1GTg,759,1,4427,2,9245,True,tqelsCnblzObo5evUS1GTg
3367,2007,8,164,Minneapolis,44.97653874953501,-93.29941105255844,_ptkphmXCNU_Xnb46cqr1g,1639,1,4428,1,9248,True,_ptkphmXCNU_Xnb46cqr1g
2192,2011,6,6,Minneapolis,44.96243227384812,-93.29165180714418,ApEL15olQybO97VaxSUh1Q,3086,0,4429,9,9251,True,ApEL15olQybO97VaxSUh1Q
1722,2019,6,207,Minneapolis,44.95600683075618,-93.21534751683208,BEXWkw1JYf6DZWHDdLgEOw,1409,0,1529,7,9256,True,BEXWkw1JYf6DZWHDdLgEOw
1870,2019,6,244,Minneapolis,44.95829629039571,-93.2486143932678,UyTjE1VzaTvhwCP1vpPKJw,2426,0,2960,7,9260,True,UyTjE1VzaTvhwCP1vpPKJw
1949,2018,8,264,Minneapolis,44.95928704342228,-93.2611078861868,VeoMwuhmzDlBS_yZwN9-Tw,415,1,4431,1,9261,True,VeoMwuhmzDlBS_yZwN9-Tw
5230,2011,7,345,Minneapolis,44.9951078320864,-93.25210018904582,HavZGAvFs9U-v2y5H_zODw,1552,1,4432,1,9262,True,HavZGAvFs9U-v2y5H_zODw
3862,2011,6,325,Minneapolis,44.98043974103006,-93.25894136129088,J7VEKt4vhQ2JdftQGPuCSA,1083,0,1146,3,9264,True,J7VEKt4vhQ2JdftQGPuCSA
1370,2011,9,289,Minneapolis,44.95333770707235,-93.29443293766089,ly2Rz921ONjHjp3EjILS0Q,2912,1,4435,2,9267,True,ly2Rz921ONjHjp3EjILS0Q
738,2014,8,69,Minneapolis,44.9463309855514,-93.28939404419924,EddA4MO_5bjPmWns0q690w,2165,0,2536,5,9269,True,EddA4MO_5bjPmWns0q690w
2202,2007,7,296,Minneapolis,44.96219908025092,-93.2812487440088,VrNW8R9HSLR8X6RJksW3tQ,1707,1,4436,3,9271,True,VrNW8R9HSLR8X6RJksW3tQ
1590,2007,7,208,Minneapolis,44.95533800098594,-93.25627821836471,p7bMhHZP0nVX6r0P2ByJpA,3088,0,4437,2,9272,True,p7bMhHZP0nVX6r0P2ByJpA
4483,2009,6,24,Minneapolis,44.98697098641275,-93.27360902728822,BLy59ORYJ4pESzijnKnXfQ,304,0,308,3,9286,True,BLy59ORYJ4pESzijnKnXfQ
3586,2019,6,130,Minneapolis,44.97733292805908,-93.2640570889746,ST9hSZ_4Vo2CuL90MdzqhQ,1259,0,1353,9,9289,True,ST9hSZ_4Vo2CuL90MdzqhQ
1546,2007,7,125,Minneapolis,44.95495797012968,-93.2078569877484,89arYkbQ1iIfz7h7-w5hQw,2437,1,4438,2,9291,True,89arYkbQ1iIfz7h7-w5hQw
3769,2017,8,294,Minneapolis,44.97942009569703,-93.25702606594773,3HfM5_rSpnJR9oJc8ZJikA,1020,1,3789,4,9292,True,3HfM5_rSpnJR9oJc8ZJikA
3971,2007,6,218,Minneapolis,44.98148193605263,-93.24051214135262,d3cX7ZsfzYgnohAdM9lc-w,319,1,2953,4,9295,True,d3cX7ZsfzYgnohAdM9lc-w
1848,2017,11,71,Minneapolis,44.95825028837002,-93.27149285771438,nFwMsCdhZHNXWgIeLo_7_w,3090,0,4440,5,9301,True,nFwMsCdhZHNXWgIeLo_7_w
1267,2019,6,319,Minneapolis,44.95135747904551,-93.2152739080325,sm-6AN9w82vZ-GeSe5-mRA,3091,0,4441,2,9302,True,sm-6AN9w82vZ-GeSe5-mRA
1932,2007,7,47,Minneapolis,44.9590885136192,-93.27812702988604,O4XP485LsgyIAErixttcYQ,1333,1,4443,1,9307,True,O4XP485LsgyIAErixttcYQ
4731,2007,6,295,Minneapolis,44.98987438004579,-93.20914961679298,_Lod09ILxoLRhpWtV1OQNw,3010,1,4444,3,9310,True,_Lod09ILxoLRhpWtV1OQNw
2796,2009,6,105,Minneapolis,44.96809532670706,-93.2332872548709,KKvZZv30ZGE4nr4Ye_bhBQ,2701,1,4445,1,9311,True,KKvZZv30ZGE4nr4Ye_bhBQ
338,2019,5,142,Minneapolis,44.94138838716002,-93.23376198805086,dX-zLkYlCBUX18KguROrJw,1533,0,1677,9,9312,True,dX-zLkYlCBUX18KguROrJw
2253,2015,9,189,Minneapolis,44.96231175254879,-93.22985617093303,_sBbC5haoMIVm-3AiKxzKg,582,1,4447,1,9317,True,_sBbC5haoMIVm-3AiKxzKg
3546,2007,8,119,Minneapolis,44.97731239195744,-93.29946463913872,qyDzOnQwXxI6oyZ9v19lGw,1918,2,4448,1,9318,True,qyDzOnQwXxI6oyZ9v19lGw
1986,2019,6,284,Minneapolis,44.95917207630681,-93.22419793841442,cJpUd3erzP7ZJ6GhTPxd6A,3093,0,4449,3,9320,True,cJpUd3erzP7ZJ6GhTPxd6A
2916,2011,6,252,Minneapolis,44.96986973247626,-93.2951271120359,1rvDo7eWfW3jymACvcm6-Q,745,0,766,5,9321,True,1rvDo7eWfW3jymACvcm6-Q
4577,2017,10,205,Minneapolis,44.98806249611705,-93.26981500617757,0x9jQTdJhxRir96oXfz7dg,2278,1,4450,3,9326,True,0x9jQTdJhxRir96oXfz7dg
231,2011,8,90,Minneapolis,44.9403430693789,-93.2499334502549,F8JyVlVaSw8I2CL1-16BKw,1082,1,1208,5,9327,True,F8JyVlVaSw8I2CL1-16BKw
2086,2013,8,57,Minneapolis,44.96020911511164,-93.214363919976,HvkmMFTBscqxynCyk0E7Sw,1749,0,1960,3,9328,True,HvkmMFTBscqxynCyk0E7Sw
3893,2009,6,213,Minneapolis,44.97944044684022,-93.2297808530331,OUSsHkfV76AEx7dAKMEN0A,3094,0,4451,5,9332,True,OUSsHkfV76AEx7dAKMEN0A
3529,2016,10,218,Minneapolis,44.97636421930986,-93.23108394605184,4MSdg6bzf5SRj7hUhIWZJw,1046,0,1102,3,9334,True,4MSdg6bzf5SRj7hUhIWZJw
1319,2014,9,277,Minneapolis,44.95228382856502,-93.25375809270038,54LK2gZU-NtKoH81Vfu9Wg,1675,0,1857,4,9342,True,54LK2gZU-NtKoH81Vfu9Wg
929,2015,8,64,Minneapolis,44.94840120751476,-93.28016493334832,NJdBQXy3Rg8ZlHbV2bDhmg,336,0,341,8,9360,True,NJdBQXy3Rg8ZlHbV2bDhmg
1682,2011,8,271,Minneapolis,44.95626275871999,-93.25499637906763,z_obOaF4UxPc-3q4hnztcA,841,2,4457,2,9374,True,z_obOaF4UxPc-3q4hnztcA
309,2007,7,108,Minneapolis,44.94139329079577,-93.26318808948702,y5c31ZaVVADFdAqFgL7-WQ,2375,1,4458,1,9375,True,y5c31ZaVVADFdAqFgL7-WQ
2791,2019,6,11,Minneapolis,44.9677329091509,-93.23843731969056,k2Ba7A7f0WjAHemZPDy7jw,2246,1,4459,2,9377,True,k2Ba7A7f0WjAHemZPDy7jw
2382,2019,7,199,Minneapolis,44.96458559423427,-93.2833746994974,8cNNlljRPMWcyZHmTEdRpQ,2207,0,2596,5,9379,True,8cNNlljRPMWcyZHmTEdRpQ
1996,2016,9,123,Minneapolis,44.95963041902725,-93.2136436522401,kbAYw93P_voM4iLBM7FS1g,2231,1,4460,2,9380,True,kbAYw93P_voM4iLBM7FS1g
4803,2012,8,162,Minneapolis,44.99029840381662,-93.22694478917322,XWkvL5R4r0xKQxdLse55DA,13,0,13,3,9385,True,XWkvL5R4r0xKQxdLse55DA
459,2019,5,227,Minneapolis,44.94291653619339,-93.2950902133301,WSulzozUNvxNQaxtFTY1pw,2876,0,3832,3,9388,True,WSulzozUNvxNQaxtFTY1pw
2830,2016,11,340,Minneapolis,44.96924415584814,-93.2902638575918,5FNyy3WP_vUDok35jZVxgQ,1768,2,4463,3,9397,True,5FNyy3WP_vUDok35jZVxgQ
4750,2017,8,79,Minneapolis,44.99011258557675,-93.27585654472294,NtamovltZ8OUwy0KwMb3AQ,740,1,4465,1,9404,True,NtamovltZ8OUwy0KwMb3AQ
462,2011,8,25,Minneapolis,44.94335202090757,-93.29198777582911,zsdb--qesjjlmFH0gAzZGA,1361,1,2736,4,9406,True,zsdb--qesjjlmFH0gAzZGA
4396,2007,7,18,Minneapolis,44.98576301832824,-93.26842724576252,bOoKGS4lLDXsCSbx3mOQqA,345,1,4467,2,9419,True,bOoKGS4lLDXsCSbx3mOQqA
2964,2018,10,16,Minneapolis,44.97033156847301,-93.24730317408832,EwtL8CYNtnost4J_8VjSbA,2247,3,4468,3,9425,True,EwtL8CYNtnost4J_8VjSbA
4587,2016,10,29,Minneapolis,44.98807974185548,-93.26545337630732,85ca3k5X_kl9RNXcF7C7TQ,2907,1,4469,1,9426,True,85ca3k5X_kl9RNXcF7C7TQ
2179,2009,6,299,Minneapolis,44.96118296803922,-93.2132649290524,NYC8zVKj8U9RPBcI7KkWEA,1393,1,4470,1,9428,True,NYC8zVKj8U9RPBcI7KkWEA
68,2011,6,18,Minneapolis,44.93820006147352,-93.23132314077824,Pweq7PKufe55eCaq5PxJEA,2192,0,2573,10,9438,True,Pweq7PKufe55eCaq5PxJEA
2804,2019,6,334,Minneapolis,44.96831520164805,-93.22569097225691,sKJN_-guuv4R4ecmAAgxVQ,1015,0,1071,7,9440,True,sKJN_-guuv4R4ecmAAgxVQ
4604,2007,7,83,Minneapolis,44.98832163423188,-93.24421906420056,wZACk7NBBUpRt5Y98GYw3A,973,1,1192,5,9443,True,wZACk7NBBUpRt5Y98GYw3A
2313,2011,9,252,Minneapolis,44.96323992748558,-93.26107058455376,nhi7aqSsch2NWEVplBNrbg,1812,0,2042,8,9446,True,nhi7aqSsch2NWEVplBNrbg
3826,2019,7,26,Minneapolis,44.98052714806184,-93.29611577876408,vTILDDTdxZ90fz28u0IOVg,531,1,2187,4,9448,True,vTILDDTdxZ90fz28u0IOVg
4473,2011,6,42,Minneapolis,44.98733547921238,-93.28818436716512,o-oLqzyf4JPD8IltcYeDZw,2999,0,4121,6,9456,True,o-oLqzyf4JPD8IltcYeDZw
2885,2011,10,1,Minneapolis,44.96834985749391,-93.23453841181156,N2v4lDernAPN7OuihT4KUA,1276,0,1374,3,9462,True,N2v4lDernAPN7OuihT4KUA
638,2014,10,246,Minneapolis,44.94533461358895,-93.29835017674476,4Qdv9qlW_ZrIej437vtyeg,3100,0,4473,4,9463,True,4Qdv9qlW_ZrIej437vtyeg
5247,2017,10,17,Minneapolis,44.99525095981101,-93.2372466207844,bbrgAd8OQTrL_zUbnuZmwA,134,0,135,8,9464,True,bbrgAd8OQTrL_zUbnuZmwA
4387,2017,8,117,Minneapolis,44.9863247372992,-93.28415977782406,xH0-CKSbi8Vlmcjb0WO42A,575,0,588,3,9465,True,xH0-CKSbi8Vlmcjb0WO42A
2664,2013,8,135,Minneapolis,44.96719019447966,-93.27414658927886,XGdsmXfNh9FALEdX1PKorw,1573,0,1724,7,9468,True,XGdsmXfNh9FALEdX1PKorw
2162,2016,9,249,Minneapolis,44.96129589439411,-93.229868628854,HIs3vVUq9eb4qTCmn0es5w,1023,1,1642,3,9469,True,HIs3vVUq9eb4qTCmn0es5w
2002,2007,7,65,Minneapolis,44.96025776522598,-93.29973939788071,iiz90l1rBaec8P15PvMafA,2694,1,4476,1,9474,True,iiz90l1rBaec8P15PvMafA
1727,2014,9,42,Minneapolis,44.95622640120543,-93.21006287668447,SSejOyB2AHXxXFpMqqZIRg,1804,1,4477,3,9484,True,SSejOyB2AHXxXFpMqqZIRg
2181,2019,8,232,Minneapolis,44.96128392976159,-93.2111170896484,rj52K-uWlRGduArqgLCs2g,3102,0,4478,4,9489,True,rj52K-uWlRGduArqgLCs2g
2600,2019,6,19,Minneapolis,44.96622171924933,-93.2470585745918,3zIn5zSoRuhf1X3_B5VsOA,486,0,495,4,9495,True,3zIn5zSoRuhf1X3_B5VsOA
304,2019,7,24,Minneapolis,44.94137607229685,-93.2681480848309,IOdpls2peuyQToIba8qHjQ,1900,0,2163,3,9496,True,IOdpls2peuyQToIba8qHjQ
444,2019,6,312,Minneapolis,44.9423111828701,-93.21913180554787,K03lDfdKuwOBNWLiKT4-JA,2750,0,3544,3,9499,True,K03lDfdKuwOBNWLiKT4-JA
1697,2017,8,346,Minneapolis,44.95630028688602,-93.24000526736786,9pxOXx1-MkRGZ_uaXjTjTg,1950,0,2225,7,9501,True,9pxOXx1-MkRGZ_uaXjTjTg
3040,2019,6,301,Minneapolis,44.97134179187529,-93.26209690623128,rSnUZZJzu_WcH1zAiu050A,2414,1,3201,3,9508,True,rSnUZZJzu_WcH1zAiu050A
5174,2009,10,308,Minneapolis,44.9943360388839,-93.22413147674727,x0vNWlTJMm6Hh_1Mcs16vg,1583,1,4480,2,9510,True,x0vNWlTJMm6Hh_1Mcs16vg
538,2019,6,310,Minneapolis,44.94328909314975,-93.2161270498785,5TWrtYKyTV49rc9fKJuBIw,721,1,3228,3,9516,True,5TWrtYKyTV49rc9fKJuBIw
3605,2007,6,88,Minneapolis,44.97747506832872,-93.23880823107936,Q709w__3Vc46CsAbcK96bg,1042,1,4148,4,9519,True,Q709w__3Vc46CsAbcK96bg
1342,2011,7,321,Minneapolis,44.95196944744611,-93.23108457307428,i-NiZflTx9MgYxIhtkO_4g,192,0,193,3,9522,True,i-NiZflTx9MgYxIhtkO_4g
326,2009,10,245,Minneapolis,44.94138988841435,-93.24612057718386,WmLCldZfx33UzT94nNNrDw,1659,1,4481,2,9523,True,WmLCldZfx33UzT94nNNrDw
1449,2019,6,136,Minneapolis,44.95327743297955,-93.21531113330526,04xf2dkh6EqWjRQSTb6ZYg,619,0,634,5,9524,True,04xf2dkh6EqWjRQSTb6ZYg
1674,2009,7,259,Minneapolis,44.95636426661211,-93.26257312180812,S5pyhP4MC4t6Lsc5baPs_A,2073,0,2407,7,9527,True,S5pyhP4MC4t6Lsc5baPs_A
2023,2017,8,123,Minneapolis,44.96029018730314,-93.27781477326474,c_6dGkTEBa8BsLjdm-OopQ,962,1,4482,1,9528,True,c_6dGkTEBa8BsLjdm-OopQ
4215,2011,7,316,Minneapolis,44.98430982592583,-93.27218799657427,Q_8fq7rqgsj5WqdaNRA_MA,2448,0,2992,4,9536,True,Q_8fq7rqgsj5WqdaNRA_MA
3063,2007,7,359,Minneapolis,44.97068544360208,-93.24036011091808,1SZ1Of8Z6aCS3lVObD_rRg,1254,1,4484,2,9537,True,1SZ1Of8Z6aCS3lVObD_rRg
2292,2015,8,107,Minneapolis,44.9627199122831,-93.2821312322685,Pk_ycEWZVDpLFTLzbxjtrw,1921,0,2190,10,9546,True,Pk_ycEWZVDpLFTLzbxjtrw
3891,2019,6,208,Minneapolis,44.97969118880534,-93.23057630063484,PuYtb-27Ob4pF-1FmgDjgw,2040,1,4487,2,9558,True,PuYtb-27Ob4pF-1FmgDjgw
4763,2016,10,333,Minneapolis,44.99046491016564,-93.26159024943328,1IfliUMPLD2VhGmjOxuN6Q,2242,1,3533,4,9560,True,1IfliUMPLD2VhGmjOxuN6Q
4171,2013,9,287,Minneapolis,44.98427634295615,-93.22015205336452,43ygpUQ9HyeW-BRtLFZg9A,689,1,1514,6,9564,True,43ygpUQ9HyeW-BRtLFZg9A
1688,2016,8,44,Minneapolis,44.95629938603579,-93.24862528553278,_XlvR7rOPwh4mmgH3uz0DA,2492,1,4488,3,9567,True,_XlvR7rOPwh4mmgH3uz0DA
3800,2017,8,70,Minneapolis,44.97889175104849,-93.22847570878272,y5Fdt_7BuBMXZzK4aJEY3w,2535,1,4489,5,9569,True,y5Fdt_7BuBMXZzK4aJEY3w
1061,2019,6,106,Minneapolis,44.94922995712773,-93.23926566463332,HTEgFFu26_RHZZv63BufPQ,2790,0,3627,8,9572,True,HTEgFFu26_RHZZv63BufPQ
1769,2007,7,139,Minneapolis,44.95733405877442,-93.25918262470157,KEQvWpV5g_jGayPgDx9cPQ,1125,0,1194,5,9574,True,KEQvWpV5g_jGayPgDx9cPQ
357,2011,8,179,Minneapolis,44.94128342349445,-93.2153203899762,lB0b7FyBukuD5ASIbKXwgw,3105,0,4490,2,9575,True,lB0b7FyBukuD5ASIbKXwgw
3619,2009,10,30,Minneapolis,44.97700745134566,-93.2303625842308,_Sq2qEsfdNdUWKO-jhyf4w,2393,0,2899,10,9576,True,_Sq2qEsfdNdUWKO-jhyf4w
3233,2014,9,185,Minneapolis,44.97332249058341,-93.25123861957522,10bGqKkZ1ERm34xbr-qSAg,217,0,218,5,9590,True,10bGqKkZ1ERm34xbr-qSAg
2751,2016,11,210,Minneapolis,44.96830653528449,-93.27785344060436,nUveb0ru6K626fb-pw3uOA,774,0,800,9,9592,True,nUveb0ru6K626fb-pw3uOA
1653,2016,9,55,Minneapolis,44.95629302624016,-93.28299649794594,S_m0SgNKWNk2ip4PLJ061Q,2369,1,4492,2,9596,True,S_m0SgNKWNk2ip4PLJ061Q
3734,2019,6,295,Minneapolis,44.97897835136277,-93.29621598569145,MWP_fCeNNJZA-1RAxCSnOQ,2761,1,4493,3,9600,True,MWP_fCeNNJZA-1RAxCSnOQ
2799,2009,7,175,Minneapolis,44.96744910063971,-93.23055064067783,Tpc6cCcXGdEQSqT5rPsEWQ,2300,1,4494,2,9602,True,Tpc6cCcXGdEQSqT5rPsEWQ
2027,2019,6,330,Minneapolis,44.96094975383532,-93.27408932656758,jk1TsQ-jVVqp1isZt1RctA,1695,2,4495,1,9603,True,jk1TsQ-jVVqp1isZt1RctA
2012,2007,7,220,Minneapolis,44.96031255078225,-93.28931091713125,pRPiQH_vDFua0XRSz83jPg,1274,1,3692,3,9615,True,pRPiQH_vDFua0XRSz83jPg
1474,2011,8,50,Minneapolis,44.95431967152103,-93.28132177186347,cainXKIXUB-0ATfIRIekNg,818,1,4501,1,9628,True,cainXKIXUB-0ATfIRIekNg
201,2011,6,305,Minneapolis,44.94028289178591,-93.27974929266094,9jeDdDRScFLpNHYdlDWLbw,748,0,770,7,9629,True,9jeDdDRScFLpNHYdlDWLbw
2433,2019,9,20,Minneapolis,44.96425591428701,-93.23210173517,UC1Aq-EVA_mB5JSohglBtg,1282,0,1382,7,9632,True,UC1Aq-EVA_mB5JSohglBtg
4336,2015,10,119,Minneapolis,44.98530303478255,-93.2381340395699,_iR4VPtbZiNU2ePay0c83w,382,1,2060,5,9637,True,_iR4VPtbZiNU2ePay0c83w
982,2009,10,35,Minneapolis,44.94833694366221,-93.22708976263752,vvoRTaKMY0Llp4AhKs1XGA,502,0,511,6,9641,True,vvoRTaKMY0Llp4AhKs1XGA
3107,2017,8,339,Minneapolis,44.97231230999554,-93.28618650833069,iX6SvZ0w-xIgILKOjvBt-A,2189,0,2567,14,9642,True,iX6SvZ0w-xIgILKOjvBt-A
2509,2019,6,155,Minneapolis,44.96532458515121,-93.24730046987194,REjpplEWZltZnOoAyGqAAA,2609,0,3272,4,9659,True,REjpplEWZltZnOoAyGqAAA
5206,2016,9,290,Minneapolis,44.99528801054119,-93.2800748602963,Buae3F4jNFNCXPW3HhQHRA,743,1,4502,1,9660,True,Buae3F4jNFNCXPW3HhQHRA
3690,2015,9,11,Minneapolis,44.97828701712708,-93.24407477127784,m76N_w3tcVHnLsPBnICErw,47,0,47,7,9671,True,m76N_w3tcVHnLsPBnICErw
2801,2019,6,35,Minneapolis,44.96901454072113,-93.2273621032647,akzXJQ36Y8hyMtcadZ4TYQ,2431,0,2966,8,9676,True,akzXJQ36Y8hyMtcadZ4TYQ
2718,2015,10,25,Minneapolis,44.96716847291625,-93.22024491506303,1nT6lejvuYVWbb8K0i-Hkg,2277,0,2706,5,9679,True,1nT6lejvuYVWbb8K0i-Hkg
1701,2019,6,100,Minneapolis,44.95625553508177,-93.23626550764872,VfQ3yTKLeCgfysYBoEwzRw,2606,1,4159,3,9685,True,VfQ3yTKLeCgfysYBoEwzRw
4110,2009,7,63,Minneapolis,44.98418152237141,-93.28017088330388,8Ehf0wNhlMT4Cb7LqEYiWw,367,0,373,7,9689,True,8Ehf0wNhlMT4Cb7LqEYiWw
2576,2015,8,152,Minneapolis,44.96617899317128,-93.27120319149216,oJoMdnzKsPweNUWKyeQz2A,665,1,3385,4,9693,True,oJoMdnzKsPweNUWKyeQz2A
3402,2017,8,296,Minneapolis,44.97535947967484,-93.26432056696136,wJB4Wp18vWQ29-66Bh1hTA,760,0,785,7,9698,True,wJB4Wp18vWQ29-66Bh1hTA
4231,2009,6,331,Minneapolis,44.98474512921584,-93.24974959810056,X-u4znp4hEBD8LKTzt-vwA,2236,0,2642,12,9703,True,X-u4znp4hEBD8LKTzt-vwA
431,2016,9,227,Minneapolis,44.94245314227536,-93.23170365286651,2SdzaJhsn8tBxBNNAKXFNg,2044,0,2369,4,9706,True,2SdzaJhsn8tBxBNNAKXFNg
1600,2011,9,329,Minneapolis,44.95530309629393,-93.2460766578396,ijtm5R_C3s6eFOYXPjf01A,678,0,696,5,9715,True,ijtm5R_C3s6eFOYXPjf01A
242,2014,9,230,Minneapolis,44.94032292214946,-93.23893215511866,llNPrE8YuZfVfWNKv3vaqw,2226,0,2622,4,9729,True,llNPrE8YuZfVfWNKv3vaqw
4359,2007,6,18,Minneapolis,44.98546275873553,-93.21488982672888,P7x3x3_4MlBKkDzZujxlTA,1907,1,4446,3,9730,True,P7x3x3_4MlBKkDzZujxlTA
1472,2019,5,237,Minneapolis,44.95431097515963,-93.28297551018098,jtb3mNz7rV8f2vvV82scDw,2806,1,4509,3,9731,True,jtb3mNz7rV8f2vvV82scDw
3548,2017,10,116,Minneapolis,44.97755849795325,-93.20926498957286,2P2ZAw5foOG8e9tNlDHT0Q,2538,0,3147,6,9732,True,2P2ZAw5foOG8e9tNlDHT0Q
3511,2019,6,47,Minneapolis,44.97627930667658,-93.24613677883482,UNJj4Qv5Cr8s1yEBr_ntTw,1242,0,1331,9,9735,True,UNJj4Qv5Cr8s1yEBr_ntTw
775,2009,10,114,Minneapolis,44.94630717979938,-93.25252481699184,qA9wTYFJPl9bXS0li_29kQ,2532,1,4510,1,9746,True,qA9wTYFJPl9bXS0li_29kQ
285,2014,8,32,Minneapolis,44.94131837329108,-93.28716775704028,-dJhkCAB_jW-z8BlOLdnUg,3032,1,4511,2,9751,True,-dJhkCAB_jW-z8BlOLdnUg
1774,2014,9,238,Minneapolis,44.95737910716146,-93.25412423215818,e_YSzrLhMZuHwj8AsyqNCw,848,1,4512,2,9756,True,e_YSzrLhMZuHwj8AsyqNCw
1546,2016,9,83,Minneapolis,44.95494630269854,-93.20787082927396,spQFJHQCr0S3_0fmT7ypAA,2437,2,4513,1,9763,True,spQFJHQCr0S3_0fmT7ypAA
4845,2019,6,0,Minneapolis,44.99114959958546,-93.27948610171148,iRgzqF5kKb_nqxamPpInmA,2731,1,4514,2,9768,True,iRgzqF5kKb_nqxamPpInmA
849,2014,8,175,Minneapolis,44.94736297356192,-93.269032507648,wPCYoM9H42Ps1w8Ew49h_g,2172,1,4515,1,9769,True,wPCYoM9H42Ps1w8Ew49h_g
4789,2007,7,295,Minneapolis,44.98965340737345,-93.24259709250502,7COs7mRwAkKcWNK-w9nrKQ,1968,1,4516,1,9771,True,7COs7mRwAkKcWNK-w9nrKQ
2574,2007,7,281,Minneapolis,44.96630871533912,-93.27316457723369,8DxmpnO0OcCkNTC_s_WPMw,1490,0,1629,4,9776,True,8DxmpnO0OcCkNTC_s_WPMw
4183,2009,6,218,Minneapolis,44.98343936040753,-93.20998510200624,McmlsEQjIJYAzLYZgVIREQ,1928,1,4519,3,9778,True,McmlsEQjIJYAzLYZgVIREQ
3219,2018,10,334,Minneapolis,44.97376520493163,-93.26478520630388,R4vso8ExkmUIQlw0x5llxQ,1221,0,1308,8,9784,True,R4vso8ExkmUIQlw0x5llxQ
1422,2019,6,259,Minneapolis,44.95334389968115,-93.24200526802262,eUo89GsQmK_GmHu3A4ax3A,2131,0,2490,5,9789,True,eUo89GsQmK_GmHu3A4ax3A
2343,2009,6,298,Minneapolis,44.96338276540229,-93.23112597971875,DqLsWeD8kMverMTa2jTYbw,1142,1,4091,7,9791,True,DqLsWeD8kMverMTa2jTYbw
3626,2017,10,129,Minneapolis,44.97687163709869,-93.2204878296064,v-c_4L2V-xMAfXyn3mIdCQ,1188,1,4520,1,9793,True,v-c_4L2V-xMAfXyn3mIdCQ
2738,2016,8,234,Minneapolis,44.96842757650767,-93.29107996991353,JukcXIq2CaHMr7wSIVkU0A,2331,2,4521,1,9795,True,JukcXIq2CaHMr7wSIVkU0A
1361,2019,6,113,Minneapolis,44.95228231339303,-93.21214848026356,X8bTspV7Veb7sxHC8cAmaQ,3110,0,4522,1,9796,True,X8bTspV7Veb7sxHC8cAmaQ
669,2019,5,136,Minneapolis,44.94500419056581,-93.26711427780496,LK7ttLw4fBOjCmPk3JPvSw,3111,0,4523,2,9799,True,LK7ttLw4fBOjCmPk3JPvSw
2767,2011,10,74,Minneapolis,44.96825585949748,-93.26258780516568,cEJpzQxywi0LMoqqYum_pA,67,0,67,6,9803,True,cEJpzQxywi0LMoqqYum_pA
5004,2011,6,145,Minneapolis,44.9930501634464,-93.29609729471186,aTDZTdE5BxgwsrzDGxAV5g,422,1,4526,3,9811,True,aTDZTdE5BxgwsrzDGxAV5g
1800,2015,9,312,Minneapolis,44.95736542994946,-93.2280980633434,XlYkfrOPjyfCxLXWNGjQQQ,1108,0,1174,4,9812,True,XlYkfrOPjyfCxLXWNGjQQQ
4691,2013,9,125,Minneapolis,44.98921740786272,-93.25113047428734,9onnPBChPEUej6MieRro3Q,1137,2,2461,4,9819,True,9onnPBChPEUej6MieRro3Q
4180,2016,11,64,Minneapolis,44.9847588214692,-93.21325385560392,CJ-mWhOPZGupyg7SweUBtw,2886,1,4527,2,9825,True,CJ-mWhOPZGupyg7SweUBtw
546,2011,9,139,Minneapolis,44.94429070703031,-93.29961378468398,igxbGfPMPuhYzvFnS7H2Mw,1770,1,4474,3,9828,True,igxbGfPMPuhYzvFnS7H2Mw
4181,2009,6,83,Minneapolis,44.98410786431474,-93.2111649438108,-HJs0RCZXYN0FNaDi53kAg,1450,3,3661,4,9834,True,-HJs0RCZXYN0FNaDi53kAg
1679,2007,7,31,Minneapolis,44.95628182894082,-93.25752623839344,nRNTjjJ8qD4FMaJjrrRMqA,1755,1,4528,2,9838,True,nRNTjjJ8qD4FMaJjrrRMqA
2803,2007,7,137,Minneapolis,44.96821791142484,-93.22618316132214,CZY_l595kEVing6wcdBtTQ,1715,1,4530,1,9847,True,CZY_l595kEVing6wcdBtTQ
3509,2016,11,291,Minneapolis,44.97601625152536,-93.25142581213188,O7PKK3ffWHBykOeAnH0yzQ,897,1,4531,1,9848,True,O7PKK3ffWHBykOeAnH0yzQ
5200,2011,6,159,Minneapolis,44.99532016309332,-93.28421816314444,GGCKu_k6g7DgT-L1ZXcK-g,2986,0,4095,6,9850,True,GGCKu_k6g7DgT-L1ZXcK-g
2829,2019,5,62,Minneapolis,44.96934989097344,-93.2904676423405,KkZkNHbtIbHkNzTSQjRzKA,1768,1,3839,6,9851,True,KkZkNHbtIbHkNzTSQjRzKA
76,2007,7,6,Minneapolis,44.93831123350372,-93.22296240070636,QVijcxkQZa7XQhds-08jzw,1747,1,4532,2,9853,True,QVijcxkQZa7XQhds-08jzw
167,2009,10,208,Minneapolis,44.9393155070811,-93.22296161327988,fstBOBd-iCrxwx3a_Gt_8Q,1996,1,4010,4,9855,True,fstBOBd-iCrxwx3a_Gt_8Q
1719,2009,10,49,Minneapolis,44.95626962237863,-93.21788628545144,ucGU-BLgNrltZuxjfXKAJg,892,3,4533,1,9858,True,ucGU-BLgNrltZuxjfXKAJg
3914,2019,7,81,Minneapolis,44.98135536592016,-93.29714058066396,iGffUVkYy_Tf9ey2Rebx1g,997,0,1050,5,9860,True,iGffUVkYy_Tf9ey2Rebx1g
758,2016,10,61,Minneapolis,44.94631902502072,-93.2690257913304,_GpXRjA7hhIHYfEerJCOUA,2705,0,3455,5,9862,True,_GpXRjA7hhIHYfEerJCOUA
3386,2019,6,9,Minneapolis,44.97492887359903,-93.27991272870378,Irn3WbN2cZZOVeZQwfAlWw,725,1,4534,1,9864,True,Irn3WbN2cZZOVeZQwfAlWw
939,2007,7,317,Minneapolis,44.94840763941393,-93.27011673307814,mLICY5rhPcMXk_eLYnfMuA,1567,0,1717,7,9867,True,mLICY5rhPcMXk_eLYnfMuA
3982,2019,7,197,Minneapolis,44.9811504408568,-93.2341440605882,zlM_8nvwPFgdsn2GZFRR3A,1054,1,4535,6,9870,True,zlM_8nvwPFgdsn2GZFRR3A
1547,2014,9,138,Minneapolis,44.95517166590558,-93.29857925766164,0z5FTPIO1e3Dh25rF7l9tA,1955,1,4536,1,9872,True,0z5FTPIO1e3Dh25rF7l9tA
4193,2011,6,120,Minneapolis,44.98438640790877,-93.29400184504968,iuFummpqqBE22eB8WcQOEg,1906,0,2170,3,9873,True,iuFummpqqBE22eB8WcQOEg
4760,2011,6,276,Minneapolis,44.99007120942942,-93.27123168359122,LhlHbdKwnvRR3oN9aNibCA,214,1,3882,3,9874,True,LhlHbdKwnvRR3oN9aNibCA
311,2009,10,239,Minneapolis,44.94138262048796,-93.26124781549268,o2qllS74Rf4l_LKAjUpCVA,3113,0,4537,1,9875,True,o2qllS74Rf4l_LKAjUpCVA
1952,2009,7,281,Minneapolis,44.95926769748548,-93.25824955974404,yvGKrb8FPMdTyz4Kom2mlw,634,0,649,4,9878,True,yvGKrb8FPMdTyz4Kom2mlw
221,2011,9,43,Minneapolis,44.94025920719128,-93.26005870040746,6fgSFUA5GMaMHXxqfO-T4w,205,2,4538,2,9880,True,6fgSFUA5GMaMHXxqfO-T4w
5132,2011,6,6,Minneapolis,44.99444651380851,-93.2652014964638,sCXty0cZb5TQ1rRa6i5lFw,2265,2,4539,1,9885,True,sCXty0cZb5TQ1rRa6i5lFw
2505,2013,8,99,Minneapolis,44.9653065494546,-93.25126761717272,L4ml1-cFm9fHipSRDJDmWg,3114,0,4540,2,9889,True,L4ml1-cFm9fHipSRDJDmWg
2242,2007,7,81,Minneapolis,44.96229322446365,-93.24094362302046,nj-C2eABtWDoS1AplMZg1Q,1974,1,4542,1,9893,True,nj-C2eABtWDoS1AplMZg1Q
2880,2016,9,287,Minneapolis,44.96945387836926,-93.24021377627722,502zAc9dxfi3PlOevvMThQ,68,1,2837,4,9894,True,502zAc9dxfi3PlOevvMThQ
1372,2016,9,142,Minneapolis,44.95326986263215,-93.2919166853806,CkQqzdKBiQUpXkMImXeV2g,1257,1,4543,1,9897,True,CkQqzdKBiQUpXkMImXeV2g
1725,2016,9,26,Minneapolis,44.95686542648178,-93.21120793098412,qG89bPZH9PtKu1PidGLjaw,310,0,314,5,9900,True,qG89bPZH9PtKu1PidGLjaw
4408,2011,7,210,Minneapolis,44.98640839372848,-93.25887971099458,bXcZestY4Nw4JwCFZD-o1w,2132,1,4544,1,9901,True,bXcZestY4Nw4JwCFZD-o1w
2844,2014,9,41,Minneapolis,44.96975899335408,-93.27505476405118,fWJRPXXAiMPZiugxxAhxKQ,1133,1,2817,5,9903,True,fWJRPXXAiMPZiugxxAhxKQ
603,2007,7,221,Minneapolis,44.94433637264743,-93.24228239591376,PsR-6XakZiJGRCpKv3Ho-Q,641,1,4546,2,9905,True,PsR-6XakZiJGRCpKv3Ho-Q
4320,2020,6,53,Minneapolis,44.98522501830578,-93.2572214005127,CAoSLEFGMVFpcFBJVEh1Z1dJcExiTkRiZVNqUTA3QmExZko4TXpXaE5JdWhpWXF5,2981,1,4547,1,9906,True,CAoSLEFGMVFpcFBJVEh1Z1dJcExiTkRiZVNqUTA3QmExZko4TXpXaE5JdWhpWXF5
2291,2014,9,137,Minneapolis,44.9633507845685,-93.28335174902874,cVryQVTwk8zNtw_zap-5lA,2676,0,3393,5,9908,True,cVryQVTwk8zNtw_zap-5lA
1704,2016,8,48,Minneapolis,44.9562567359816,-93.23306837727354,wR56Kk92mTTsagpwsCa7zQ,2303,3,4548,1,9913,True,wR56Kk92mTTsagpwsCa7zQ
1030,2011,8,200,Minneapolis,44.94940722179766,-93.27028498448338,E6_FxWlphT7a79_ywiVuog,1979,0,2268,6,9920,True,E6_FxWlphT7a79_ywiVuog
527,2011,8,123,Minneapolis,44.94327678495562,-93.22711014382628,rHDOmNwihotHQkhjcL9HOg,2355,0,2827,4,9921,True,rHDOmNwihotHQkhjcL9HOg
70,2009,10,94,Minneapolis,44.93841223913394,-93.22879595238476,Q9C3Qsw7RyUN5sLmDIVysQ,3117,0,4550,3,9925,True,Q9C3Qsw7RyUN5sLmDIVysQ
579,2014,10,133,Minneapolis,44.94424029567974,-93.26643564359472,SoeM_kf8k2g8sRu8x_ddJg,1408,0,1528,6,9927,True,SoeM_kf8k2g8sRu8x_ddJg
943,2018,10,235,Minneapolis,44.94834505724005,-93.26614531084948,FQ4NLd1RVRYooUBXj0DryQ,3118,0,4551,2,9933,True,FQ4NLd1RVRYooUBXj0DryQ
100,2019,5,35,Minneapolis,44.93951841340257,-93.29009736372252,sBmxBIoC52d4-UVOSLhC4Q,159,0,160,4,9936,True,sBmxBIoC52d4-UVOSLhC4Q
4450,2009,6,327,Minneapolis,44.98660263506925,-93.2168853691358,ziWhJRt6LqOU6X-r7j8wAQ,3119,0,4552,3,9937,True,ziWhJRt6LqOU6X-r7j8wAQ
5041,2013,8,307,Minneapolis,44.99342349061177,-93.2636903004886,CzgZ4bYkanaQh5cWou55Gw,285,1,4553,1,9940,True,CzgZ4bYkanaQh5cWou55Gw
4444,2009,6,325,Minneapolis,44.98632153110763,-93.22423957315712,CQ1v-4sxrBPqFJVaCwQ0eA,3120,0,4554,3,9941,True,CQ1v-4sxrBPqFJVaCwQ0eA
2141,2017,8,255,Minneapolis,44.96138737388711,-93.25112383027556,ybLGtaumqkVlZKtVglRUKw,2936,2,4555,3,9945,True,ybLGtaumqkVlZKtVglRUKw
2165,2014,9,240,Minneapolis,44.96124731656855,-93.22693967491657,KjSgkI0HBN8sXWxvk_EJ0Q,859,0,894,3,9950,True,KjSgkI0HBN8sXWxvk_EJ0Q
3697,2015,9,80,Minneapolis,44.97846426190598,-93.24402212243784,Im4alnZGrVSGBH7DDkayyw,47,1,2242,5,9951,True,Im4alnZGrVSGBH7DDkayyw
2704,2009,6,85,Minneapolis,44.96733744510635,-93.23417916850376,sTOt2ie_imkTmS6wwLH_lw,2096,1,4557,1,9957,True,sTOt2ie_imkTmS6wwLH_lw
2136,2009,10,84,Minneapolis,44.9612908119271,-93.25615437956102,Jc-XZV_BvpmHDorRQAjJrA,1763,1,2872,3,9958,True,Jc-XZV_BvpmHDorRQAjJrA
2146,2018,10,55,Minneapolis,44.96110525008997,-93.24573013864224,i7nkHC-SRRS-2CXoTzAjgw,2751,0,3545,6,9960,True,i7nkHC-SRRS-2CXoTzAjgw
2319,2019,6,167,Minneapolis,44.96328060039671,-93.25545783258588,T_ivb9OEtMt2W_ua1A0waA,3121,0,4559,3,9966,True,T_ivb9OEtMt2W_ua1A0waA
2984,2019,6,215,Minneapolis,44.97038283915169,-93.2270803722566,wwLWVQb_8h-z8vegw3yccg,1579,1,4560,2,9970,True,wwLWVQb_8h-z8vegw3yccg
3423,2013,8,228,Minneapolis,44.97523590690568,-93.24303001143087,mmhM-eXyhWtyDMdQdhcYGg,679,1,4561,4,9976,True,mmhM-eXyhWtyDMdQdhcYGg
4069,2017,8,39,Minneapolis,44.98220639890734,-93.23808234219594,yt6FGJ9I0XqsukdpbNVUsA,2229,1,3970,3,9980,True,yt6FGJ9I0XqsukdpbNVUsA
3329,2017,8,89,Minneapolis,44.97423868004595,-93.24620972155012,1Ltjw6MnVWtY8mwEYmk9xg,2953,0,4022,7,9989,True,1Ltjw6MnVWtY8mwEYmk9xg
1527,2013,8,193,Minneapolis,44.95428798505823,-93.2283402525691,gMzMouTg6kxyYGnSem3cxg,1959,1,4173,5,9993,True,gMzMouTg6kxyYGnSem3cxg
3952,2017,8,19,Minneapolis,44.98136622530579,-93.26112812531612,Oo6G4yhW6BPjbiO1gX4qkQ,1637,1,4244,5,10021,True,Oo6G4yhW6BPjbiO1gX4qkQ
4407,2016,10,45,Minneapolis,44.98620057530387,-93.26040379471618,kEZC4pIpW-yyZeHwvxJf4w,2784,0,3619,4,10022,True,kEZC4pIpW-yyZeHwvxJf4w
941,2009,7,126,Minneapolis,44.94840455066879,-93.26829191065136,w_EVwXwYsTW9NIe4U7UOnA,2995,0,4114,6,10024,True,w_EVwXwYsTW9NIe4U7UOnA
1221,2016,8,3,Minneapolis,44.95194997353543,-93.26107867042028,XKVdioUU2QHD3TKQ4OkO0A,3063,0,4335,4,10027,True,XKVdioUU2QHD3TKQ4OkO0A
3680,2016,11,5,Minneapolis,44.97832907061554,-93.25815350109376,tePA8IG6ly-z8h_XRQA4og,2373,1,4566,2,10032,True,tePA8IG6ly-z8h_XRQA4og
2564,2007,7,158,Minneapolis,44.96594215788671,-93.28338633529118,jNixGMawHyqXIJXNjJxJqw,1554,0,1701,7,10035,True,jNixGMawHyqXIJXNjJxJqw
3258,2019,6,124,Minneapolis,44.97356736578119,-93.22615920018944,3oeeILyfhIITTjmmhfiV9g,1831,0,2071,8,10038,True,3oeeILyfhIITTjmmhfiV9g
3610,2009,10,78,Minneapolis,44.9771407246738,-93.2342824355686,DmyygqgAXxXy2LV8D0kteA,1209,0,1296,6,10040,True,DmyygqgAXxXy2LV8D0kteA
2627,2014,9,52,Minneapolis,44.96626442332147,-93.22018930825116,NQOF01Gdri_y911n7M03vA,429,0,438,3,10042,True,NQOF01Gdri_y911n7M03vA
2607,2016,8,7,Minneapolis,44.96592793340137,-93.24010686111238,brFPMN5rtP9Hb13lA1uGJQ,2020,0,2334,4,10047,True,brFPMN5rtP9Hb13lA1uGJQ
2950,2009,7,6,Minneapolis,44.97030251692303,-93.2611887088496,VJjBqoQcaLbn6OZM4CaOTw,3124,0,4567,2,10049,True,VJjBqoQcaLbn6OZM4CaOTw
1646,2017,8,347,Minneapolis,44.95628692234607,-93.29059803269878,MBAI3rv6ScTFPyWBk0Smbw,165,1,4568,3,10054,True,MBAI3rv6ScTFPyWBk0Smbw
3874,2019,6,54,Minneapolis,44.98123431871579,-93.24746874074238,fctbZyN4nMmoYOsLIi6I0g,1483,1,4569,1,10062,True,fctbZyN4nMmoYOsLIi6I0g
385,2011,7,226,Minneapolis,44.94233599992929,-93.27791027361658,agR0qKd0uWtEhUWKqykyXg,1336,1,1532,5,10063,True,agR0qKd0uWtEhUWKqykyXg
2957,2014,9,218,Minneapolis,44.97047898689084,-93.2540403065324,9MSeRYm_pkegaXsRN0qzXQ,1095,0,1160,9,10064,True,9MSeRYm_pkegaXsRN0qzXQ
283,2019,5,80,Minneapolis,44.94131384078778,-93.2891457973985,8eiFGTJ42mLY5eCdVap8YQ,3125,0,4570,3,10065,True,8eiFGTJ42mLY5eCdVap8YQ
4333,2011,7,105,Minneapolis,44.98516104779891,-93.2418699098836,FiESLqfolC7CSKsJ_BUUIA,2835,1,4571,1,10066,True,FiESLqfolC7CSKsJ_BUUIA
1327,2014,9,220,Minneapolis,44.95231329750293,-93.24612215368876,hKfIEPUh_bSXa_qHlSRVyQ,3122,0,4562,3,10071,True,hKfIEPUh_bSXa_qHlSRVyQ
344,2019,6,321,Minneapolis,44.9413781211507,-93.22807734858772,0x6UFES_bZ5qEcunxQAYwA,807,1,4574,1,10083,True,0x6UFES_bZ5qEcunxQAYwA
479,2014,10,359,Minneapolis,44.94329553041293,-93.27499136864992,8JnKv5zK7OnXjH7Eg3Rt9A,2339,0,2799,13,10088,True,8JnKv5zK7OnXjH7Eg3Rt9A
33,2019,5,71,Minneapolis,44.93833273729553,-93.26509494697667,MSAzfz7c2jEea-vpIr3AVg,1085,0,1148,10,10090,True,MSAzfz7c2jEea-vpIr3AVg
2560,2019,5,112,Minneapolis,44.96661958405391,-93.28681257458948,Um2vUeNq3hY-uZmhCQtJoQ,146,1,652,3,10094,True,Um2vUeNq3hY-uZmhCQtJoQ
777,2019,6,305,Minneapolis,44.94629373129676,-93.24995521254333,ZScL07MhwvS9uv6TlYYi7A,2974,1,4576,1,10098,True,ZScL07MhwvS9uv6TlYYi7A
5264,2012,8,14,Minneapolis,44.99527213667777,-93.21819244060612,BUKz6lCUm7vH7XB44aCxLw,1932,1,4577,2,10099,True,BUKz6lCUm7vH7XB44aCxLw
4152,2019,6,180,Minneapolis,44.98343840115672,-93.24443215814868,i3Tqc8eOrpoXya2i5ebf_g,335,1,1237,5,10100,True,i3Tqc8eOrpoXya2i5ebf_g
2099,2011,6,152,Minneapolis,44.96131612808676,-93.29309920202864,FR2XWEvAwluac_kRBqYuAA,3050,1,4578,2,10114,True,FR2XWEvAwluac_kRBqYuAA
2691,2007,7,77,Minneapolis,44.9672971462849,-93.24731319303744,4Qnx7uqc0MoeQj_GxlKg_Q,2564,1,4579,4,10115,True,4Qnx7uqc0MoeQj_GxlKg_Q
709,2009,10,261,Minneapolis,44.9452594765899,-93.22711920236858,FRlxZtJ-jlBEEcSXzndz2Q,2969,0,4055,4,10118,True,FRlxZtJ-jlBEEcSXzndz2Q
695,2009,10,246,Minneapolis,44.94531162946171,-93.24063232241328,HTmVYEOLznOdS3_lIrPlaA,2613,0,3276,5,10120,True,HTmVYEOLznOdS3_lIrPlaA
3613,2007,6,80,Minneapolis,44.97724166050639,-93.23313207188885,uerv1Sqt7h1hK7AxDizADg,2569,1,4580,2,10122,True,uerv1Sqt7h1hK7AxDizADg
803,2011,8,346,Minneapolis,44.94627891525902,-93.2243469836342,AD1LhqPF-5gthlrcfLw0MQ,1624,1,3327,3,10126,True,AD1LhqPF-5gthlrcfLw0MQ
1552,2007,7,277,Minneapolis,44.95524242403873,-93.2944122169246,cB1BOwX1uso1_NSNS_UiZA,2783,1,4581,1,10128,True,cB1BOwX1uso1_NSNS_UiZA
3592,2017,8,289,Minneapolis,44.97726199263785,-93.2571811468117,Zyie3CPuH0aFzUfu-xTyFQ,3127,0,4582,2,10130,True,Zyie3CPuH0aFzUfu-xTyFQ
124,2009,10,257,Minneapolis,44.93932600788016,-93.26636258257126,-HNyDlfd2hD_ItDgT0mCbw,338,0,343,5,10134,True,-HNyDlfd2hD_ItDgT0mCbw
992,2009,10,100,Minneapolis,44.9483178775447,-93.21716228665544,GoOTozFwH8FyU08MR2xEDQ,2976,0,4067,8,10135,True,GoOTozFwH8FyU08MR2xEDQ
1050,2007,7,337,Minneapolis,44.94929162657296,-93.24995939287234,6qZ61z1jD0G5XLdGF0QHYQ,1179,1,4583,1,10143,True,6qZ61z1jD0G5XLdGF0QHYQ
1218,2013,8,69,Minneapolis,44.95128622490709,-93.26390767656784,fRSct8wShr2XZ_EcFwFOLQ,653,1,4584,2,10144,True,fRSct8wShr2XZ_EcFwFOLQ
2340,2007,7,333,Minneapolis,44.96309746138299,-93.23463011334452,FZs6j7TbjrN3TMKdQn4viA,2504,0,3095,6,10149,True,FZs6j7TbjrN3TMKdQn4viA
4695,2009,6,222,Minneapolis,44.98889828800067,-93.2503980943905,br9uYHD3rGAW85ZG3rHGvw,1173,1,4586,2,10155,True,br9uYHD3rGAW85ZG3rHGvw
3315,2014,9,19,Minneapolis,44.97417287104105,-93.25987639848414,G_ZJZfxDfzisBL-kKgG7bA,1596,1,4587,1,10156,True,G_ZJZfxDfzisBL-kKgG7bA
2396,2007,7,274,Minneapolis,44.96425988393855,-93.26914983527736,QZsYSMtvhnTLmr3VS8pzuQ,2863,0,3799,5,10158,True,QZsYSMtvhnTLmr3VS8pzuQ
1660,2016,11,62,Minneapolis,44.95623615899312,-93.27658109712294,mIxY1ToegsGQfauUQIL03Q,168,0,169,6,10166,True,mIxY1ToegsGQfauUQIL03Q
1516,2019,6,159,Minneapolis,44.95440074151387,-93.23872310989316,2IXw8QzIPwxuxl4TyxVvgQ,3106,0,4497,4,10167,True,2IXw8QzIPwxuxl4TyxVvgQ
2442,2011,6,160,Minneapolis,44.96387782591564,-93.22263038312528,zMb6VhbYKc_pm0Q10s0YPg,685,0,704,5,10169,True,zMb6VhbYKc_pm0Q10s0YPg
3732,2007,8,315,Minneapolis,44.97924642063803,-93.29820152245158,_r7faK1v3AV5CxvtbOD2Ug,2734,0,3510,3,10173,True,_r7faK1v3AV5CxvtbOD2Ug
769,2011,7,358,Minneapolis,44.94656335044939,-93.25810926886696,8XWPKtP_221VtT33N9k_oA,2320,1,3270,6,10178,True,8XWPKtP_221VtT33N9k_oA
2778,2016,10,11,Minneapolis,44.9682356387736,-93.2515518572892,ZbvImpQvKseFp3_8dywJGA,2814,1,4589,1,10179,True,ZbvImpQvKseFp3_8dywJGA
4721,2009,10,100,Minneapolis,44.98969297293037,-93.22204648235008,us7BPgSu50VHl0kKpI_CoA,1391,1,3011,7,10192,True,us7BPgSu50VHl0kKpI_CoA
1509,2014,9,218,Minneapolis,44.9542684046677,-93.24610817542248,V8IAtjQyAWOe1OwXRGjOtA,1162,1,4591,1,10193,True,V8IAtjQyAWOe1OwXRGjOtA
2322,2019,6,234,Minneapolis,44.96375267443401,-93.25215016202544,rtCu7cuzw0ZVXF-0iFbaQw,1208,0,1295,4,10200,True,rtCu7cuzw0ZVXF-0iFbaQw
2521,2014,9,0,Minneapolis,44.96526469136571,-93.23496294784842,MfnaM1aGZQBrzRZPl_32Cw,1925,1,4592,1,10204,True,MfnaM1aGZQBrzRZPl_32Cw
4831,2019,7,143,Minneapolis,44.99134419583631,-93.28955437419704,W-OjiP3n2CzTg93AvS2tAA,2387,0,2887,5,10206,True,W-OjiP3n2CzTg93AvS2tAA
154,2009,10,310,Minneapolis,44.93928255617306,-93.23594102785984,EpHm69iLc32Vg7QtAY48xw,2635,0,3314,4,10214,True,EpHm69iLc32Vg7QtAY48xw
3566,2019,7,359,Minneapolis,44.97731883420352,-93.28105506730677,7X5dglofoyzIVCGClcfJ-A,1621,0,1786,8,10216,True,7X5dglofoyzIVCGClcfJ-A
5201,2019,7,5,Minneapolis,44.99533583783353,-93.287950280771,4WmzgY1NFWjavqqqgSzjPQ,1790,0,2013,5,10222,True,4WmzgY1NFWjavqqqgSzjPQ
4841,2011,10,323,Minneapolis,44.99126362549152,-93.28596399757484,T5GjjRsbSmgi9fkL7v_A1A,2757,0,3554,7,10224,True,T5GjjRsbSmgi9fkL7v_A1A
3325,2017,11,337,Minneapolis,44.97422054277749,-93.25021655621204,rXeaFbgUsNPl6FKjCdDbkw,709,0,730,9,10226,True,rXeaFbgUsNPl6FKjCdDbkw
4704,2009,10,118,Minneapolis,44.98927854637655,-93.23205836524768,Yon4k2xa2Tk3a7e3A2Apfg,2627,0,3299,5,10232,True,Yon4k2xa2Tk3a7e3A2Apfg
4842,2011,6,48,Minneapolis,44.99140614172737,-93.27956730250526,pEEa4CHCVidlbdRqBKaqiw,3131,0,4594,5,10235,True,pEEa4CHCVidlbdRqBKaqiw
2004,2014,9,282,Minneapolis,44.96032032487862,-93.29695470503252,oWaSsiSd_RghpXw_lTK75g,2306,0,2745,3,10239,True,oWaSsiSd_RghpXw_lTK75g
465,2011,6,210,Minneapolis,44.94333762524807,-93.288130881305,I6_IC2w7rUFeKNQ3ygx8PQ,2420,0,2948,8,10240,True,I6_IC2w7rUFeKNQ3ygx8PQ
1796,2009,10,312,Minneapolis,44.95739141922204,-93.2321378861894,X8by0xF-aiheJ0Y5dOw90Q,2313,1,4496,5,10247,True,X8by0xF-aiheJ0Y5dOw90Q
1868,2007,7,179,Minneapolis,44.95829603710203,-93.25118494221236,9D8JSU7qGaGnrUC0H2akCQ,2490,1,4595,1,10249,True,9D8JSU7qGaGnrUC0H2akCQ
2684,2016,10,165,Minneapolis,44.96733572660443,-93.25419972084322,8CP8s3dBDSqzHJ7bxpIAOg,2528,0,3131,5,10250,True,8CP8s3dBDSqzHJ7bxpIAOg
4160,2014,9,351,Minneapolis,44.98289392491369,-93.23852604179916,Wj36lo1LsWE3thnqWJmJNA,197,0,198,11,10252,True,Wj36lo1LsWE3thnqWJmJNA
2084,2009,10,326,Minneapolis,44.96126502606653,-93.21575676992038,-6tDd-uS6iGAhRjxhuFGyg,2058,1,4232,3,10257,True,-6tDd-uS6iGAhRjxhuFGyg
4162,2016,10,208,Minneapolis,44.98334100134644,-93.23718983446796,8PRvkiEg85cSrZn6JOD1VQ,1595,1,4596,3,10258,True,8PRvkiEg85cSrZn6JOD1VQ
1274,2019,5,97,Minneapolis,44.95216159999545,-93.29917181474364,6LWd05rsOgi5zAS_GQETgQ,931,0,975,4,10261,True,6LWd05rsOgi5zAS_GQETgQ
393,2007,7,278,Minneapolis,44.94227441491869,-93.27026179997053,HN1ZcIlZ9FirRilU07oFgg,978,1,3561,4,10262,True,HN1ZcIlZ9FirRilU07oFgg
4403,2016,10,263,Minneapolis,44.98621382041595,-93.2621092032975,1fyMfjCu1LDceKRwUOqoAQ,932,0,976,9,10266,True,1fyMfjCu1LDceKRwUOqoAQ
190,2007,7,188,Minneapolis,44.94026131454434,-93.29072494190008,voufcbYZ5Yjp0mQ5xgd44A,2175,1,4598,2,10270,True,voufcbYZ5Yjp0mQ5xgd44A
4987,2009,7,146,Minneapolis,44.99241252908531,-93.22608289731672,xDaJk34byBitwKIzj8mBmg,2059,1,4599,3,10278,True,xDaJk34byBitwKIzj8mBmg
3892,2015,9,311,Minneapolis,44.97911004911877,-93.22904646712274,TSLDEOOL6goydf5_v-udLQ,576,0,589,6,10279,True,TSLDEOOL6goydf5_v-udLQ
3966,2011,6,286,Minneapolis,44.98158778862692,-93.24967105358893,GPZ6dm0batjvli8T3OWFdg,2563,1,4600,1,10280,True,GPZ6dm0batjvli8T3OWFdg
3794,2011,6,349,Minneapolis,44.97918074260185,-93.23826688377208,9PU5MneyY3HhAe_0Esls7A,3129,0,4588,5,10282,True,9PU5MneyY3HhAe_0Esls7A
2715,2012,9,31,Minneapolis,44.96722725221309,-93.22306172386014,ELTPjvnxTbFFhD9aLAnZEA,800,0,831,6,10283,True,ELTPjvnxTbFFhD9aLAnZEA
4543,2009,8,131,Minneapolis,44.98806227289717,-93.21110700791344,TXy9lCU3dkYPMENBH47nhQ,1421,1,2896,3,10285,True,TXy9lCU3dkYPMENBH47nhQ
2875,2019,6,343,Minneapolis,44.96932805389354,-93.24508054001112,tl9cvE9CM0eKTpbOhptC4Q,2456,0,3007,10,10287,True,tl9cvE9CM0eKTpbOhptC4Q
4015,2013,8,218,Minneapolis,44.98231085341345,-93.2884902239591,LamfwJnU6VBk8Swpeddamw,1899,0,2161,4,10292,True,LamfwJnU6VBk8Swpeddamw
4548,2009,6,233,Minneapolis,44.98729161025035,-93.21525155498558,6YkF1NgkK64VOuDdmRe-7A,352,1,4603,2,10293,True,6YkF1NgkK64VOuDdmRe-7A
1785,2008,9,92,Minneapolis,44.95709795092225,-93.2438594428772,QdKUi2dqbNkpLrQgNSo7Fw,1687,0,1875,8,10297,True,QdKUi2dqbNkpLrQgNSo7Fw
3919,2019,6,28,Minneapolis,44.98165653669224,-93.29219826536128,YRjlkEIiz07Gj0myfV4xig,3133,0,4604,2,10298,True,YRjlkEIiz07Gj0myfV4xig
800,2019,6,42,Minneapolis,44.94627018889915,-93.22713258997088,_4e2C4M1Ru0TKSc165Z_Eg,3052,1,4605,2,10299,True,_4e2C4M1Ru0TKSc165Z_Eg
1548,2019,5,38,Minneapolis,44.95555498997767,-93.2981753260178,jIGQRKKpw2DQEaFlk9MrxA,499,1,4606,2,10300,True,jIGQRKKpw2DQEaFlk9MrxA
5258,2009,7,12,Minneapolis,44.99510764693129,-93.2261728958528,cj_nQATiyLf1DwT7uEKNzw,83,0,83,6,10302,True,cj_nQATiyLf1DwT7uEKNzw
2137,2011,9,174,Minneapolis,44.96131583240432,-93.25486069982298,YGWcQhOGvmhOQLwYUqQKPQ,2832,0,3715,6,10304,True,YGWcQhOGvmhOQLwYUqQKPQ
3112,2007,7,257,Minneapolis,44.97204866295105,-93.28099473252972,eRitExAlQFV8MHEmtc6pwg,1281,0,1381,3,10305,True,eRitExAlQFV8MHEmtc6pwg
4873,2011,6,103,Minneapolis,44.99110472797049,-93.24947537663084,Tb-PLaAn6ISiiwHUoiYqng,1093,1,4607,2,10306,True,Tb-PLaAn6ISiiwHUoiYqng
862,2014,8,333,Minneapolis,44.94728950130946,-93.25630126949484,vIQvCbeH9YzZbbE3h3gfyw,3078,0,4395,3,10310,True,vIQvCbeH9YzZbbE3h3gfyw
3833,2019,6,261,Minneapolis,44.98027425167896,-93.2908493949471,RYWHTxL4IigbEuyrt__4uw,2727,1,4608,3,10314,True,RYWHTxL4IigbEuyrt__4uw
3980,2009,7,254,Minneapolis,44.98159610693947,-93.2367463119469,haXWIpuH5S9dfknzk3wwWQ,1539,1,4609,3,10318,True,haXWIpuH5S9dfknzk3wwWQ
5187,2009,7,185,Minneapolis,44.99521880665874,-93.29807426616368,LPlWyq8apw1t07DdAXEjGg,2468,1,4610,2,10320,True,LPlWyq8apw1t07DdAXEjGg
1052,2009,10,200,Minneapolis,44.94927822159837,-93.24869222335178,QshyY8psp6YFEE1HUx8Hag,3065,1,4611,2,10325,True,QshyY8psp6YFEE1HUx8Hag
994,2019,6,203,Minneapolis,44.94831963694169,-93.21505674888176,edm-N2tvQhG2RTO8k1GE0A,2366,0,2848,7,10327,True,edm-N2tvQhG2RTO8k1GE0A
281,2011,6,25,Minneapolis,44.94133406769504,-93.2911864520898,nVi_bPU2RZ6VVKIbZ3YhCA,1056,0,1113,3,10339,True,nVi_bPU2RZ6VVKIbZ3YhCA
1950,2009,10,294,Minneapolis,44.95912107052417,-93.2601141627348,1M122TgDf-hacfKp_bsamQ,1029,1,4612,1,10345,True,1M122TgDf-hacfKp_bsamQ
426,2009,10,129,Minneapolis,44.9422446744692,-93.23725513459554,ZOrQz3JqfZDx0KsD-v6ESg,2075,1,2882,3,10346,True,ZOrQz3JqfZDx0KsD-v6ESg
3177,2014,9,0,Minneapolis,44.97255801396158,-93.21588343207812,voUExKrDzwyCGN8874ndOg,1811,1,4613,3,10348,True,voUExKrDzwyCGN8874ndOg
4083,2009,6,109,Minneapolis,44.98231241896217,-93.21862273647712,PHUUT0eCyxLKETDChBBNrA,3096,1,4614,1,10349,True,PHUUT0eCyxLKETDChBBNrA
565,2011,6,48,Minneapolis,44.94429550540884,-93.27971604217784,q39qj2ac2q-fp36fjL8c4w,2993,0,4111,6,10350,True,q39qj2ac2q-fp36fjL8c4w
2445,2016,9,334,Minneapolis,44.96419750744443,-93.22013986888108,_9eVLVLT_fguH5GHdEo0xQ,958,3,4615,2,10353,True,_9eVLVLT_fguH5GHdEo0xQ
1355,2009,10,298,Minneapolis,44.95196999039129,-93.21813989942358,0GjkzQ5R3AJnZ5mjqC4Hjg,2395,1,4616,1,10359,True,0GjkzQ5R3AJnZ5mjqC4Hjg
2876,2009,7,72,Minneapolis,44.96934148224678,-93.24406539683146,TrwuPawmNshL7D9XNhtMBA,1833,1,4617,1,10361,True,TrwuPawmNshL7D9XNhtMBA
2232,2017,8,105,Minneapolis,44.96227649815891,-93.25116007700996,ocvZcpV3dtvlsMuFdQkrAA,2199,1,4619,1,10363,True,ocvZcpV3dtvlsMuFdQkrAA
2115,2019,6,101,Minneapolis,44.96090899478387,-93.27711166741466,mzbFwT_3C77TVOMYCLSsfw,2931,0,3967,3,10373,True,mzbFwT_3C77TVOMYCLSsfw
1191,2007,7,340,Minneapolis,44.95134809872278,-93.2906357448978,BMb-gozL18bhGPHlXYRjrQ,3038,1,4620,2,10377,True,BMb-gozL18bhGPHlXYRjrQ
5139,2011,6,141,Minneapolis,44.99396319697792,-93.2569675463864,JmPtuY7n7plqFrZ5efZ9JA,497,2,4621,1,10382,True,JmPtuY7n7plqFrZ5efZ9JA
2893,2017,10,172,Minneapolis,44.96924509423005,-93.22713141364756,UEu9QC96Mughga_Pb26ShQ,905,0,945,6,10384,True,UEu9QC96Mughga_Pb26ShQ
3201,2019,6,250,Minneapolis,44.97343379816328,-93.28277727168572,GRDCFuOZDbZId800I_etTg,2428,0,2962,4,10385,True,GRDCFuOZDbZId800I_etTg
3221,2009,7,306,Minneapolis,44.97314787287866,-93.26332677266878,YCRSFbjyB3vYFEdaoMKjAw,1920,0,2189,9,10386,True,YCRSFbjyB3vYFEdaoMKjAw
235,2009,10,161,Minneapolis,44.94030501673116,-93.24609644391415,FLM3nFrF7f7xU48mFPRjwQ,2857,1,4622,1,10391,True,FLM3nFrF7f7xU48mFPRjwQ
3407,2011,6,198,Minneapolis,44.97525683542761,-93.25916813006064,E0lCRJsF7P-XoqSnK69ANw,2232,0,2634,10,10396,True,E0lCRJsF7P-XoqSnK69ANw
3942,2016,10,23,Minneapolis,44.98144616751906,-93.2723097787164,R85fze2FEeMjqP0VkrepLg,1859,1,4627,2,10420,True,R85fze2FEeMjqP0VkrepLg
2085,2009,6,76,Minneapolis,44.96092215750129,-93.21533252768548,dDr-w67cWZDdeQFqTdmJEg,2648,1,4628,1,10421,True,dDr-w67cWZDdeQFqTdmJEg
4472,2013,8,138,Minneapolis,44.98753455899046,-93.2844567484784,aWc5sSQCUHm6yLSTFZV-Kw,2177,0,2550,6,10428,True,aWc5sSQCUHm6yLSTFZV-Kw
3084,2009,6,108,Minneapolis,44.97102560984602,-93.21789608484568,iF6f1sOuaUI4UVXoba3_RA,944,0,989,8,10432,True,iF6f1sOuaUI4UVXoba3_RA
5064,2007,7,87,Minneapolis,44.99331895027808,-93.24115501830374,hpEVLi6XN1repn6g6Z-Zcg,1679,1,2351,3,10435,True,hpEVLi6XN1repn6g6Z-Zcg
2916,2015,8,86,Minneapolis,44.96990324336108,-93.295173764303,LNcKWdNP46Z_D4N59sFJGg,745,1,1688,5,10441,True,LNcKWdNP46Z_D4N59sFJGg
209,2016,8,153,Minneapolis,44.94036379198182,-93.27278338025636,LhU-L66eIlBDHpsBX4-Vpw,717,1,4631,2,10443,True,LhU-L66eIlBDHpsBX4-Vpw
2390,2009,6,185,Minneapolis,44.96426967278956,-93.2753059701738,uZlpiOgyJdEdqU9nQNZfww,1349,0,1458,5,10446,True,uZlpiOgyJdEdqU9nQNZfww
3969,2013,8,72,Minneapolis,44.98146399480006,-93.24802572013184,5TTixJHVRUt6cfr-oRTJAw,1344,1,1888,4,10447,True,5TTixJHVRUt6cfr-oRTJAw
3952,2013,9,178,Minneapolis,44.98138204801245,-93.26108873614598,U2LkGRPYADKnZtM8N6HsVA,1637,2,4632,2,10452,True,U2LkGRPYADKnZtM8N6HsVA
194,2019,5,233,Minneapolis,44.94030715903643,-93.2869061067877,7CQSkvtFW2QjBBn_PwZNEw,1874,0,2126,3,10465,True,7CQSkvtFW2QjBBn_PwZNEw
2844,2007,7,93,Minneapolis,44.96977432397166,-93.275103891234,m2QBTRHolIokz7CAJBzqQQ,1133,2,4634,1,10469,True,m2QBTRHolIokz7CAJBzqQQ
1636,2019,6,269,Minneapolis,44.9559561534902,-93.2095646403972,LP4mJjAgWJwmjVmXBAUWGg,855,1,4635,1,10471,True,LP4mJjAgWJwmjVmXBAUWGg
4389,2008,9,96,Minneapolis,44.98631086844081,-93.28211367513454,jtuCQ5UwsNTuNuI47U-UQg,2785,2,4637,1,10481,True,jtuCQ5UwsNTuNuI47U-UQg
1961,2011,6,57,Minneapolis,44.95916879668283,-93.24910159919811,lPxhi0uiS-z9yQzFT5XqXA,2464,1,3733,5,10484,True,lPxhi0uiS-z9yQzFT5XqXA
2665,2018,9,299,Minneapolis,44.96719661759764,-93.27308091583926,UbCO3CcmO4c5C2uSszrNMA,2455,0,3006,7,10485,True,UbCO3CcmO4c5C2uSszrNMA
1618,2011,10,101,Minneapolis,44.95535194133314,-93.228348559258,x1MCZiEnZHHLcWbbGucaTA,1199,1,4638,2,10486,True,x1MCZiEnZHHLcWbbGucaTA
2935,2019,6,6,Minneapolis,44.97021969689925,-93.27589639160696,vCT8h8ZPuPKR7NHlRd7dzA,1027,0,1083,8,10490,True,vCT8h8ZPuPKR7NHlRd7dzA
706,2016,9,337,Minneapolis,44.94528342876678,-93.23001562354646,Dt3ob2z2QpQ7mBNzDavR4A,547,2,4640,1,10496,True,Dt3ob2z2QpQ7mBNzDavR4A
106,2017,8,5,Minneapolis,44.93931469776854,-93.28437067649492,D572c5g6Q55Gxu4kVsgw9A,3109,1,4641,3,10498,True,D572c5g6Q55Gxu4kVsgw9A
4971,2019,6,103,Minneapolis,44.99232486993456,-93.23968875831946,0wKV8-pzi1-yEH2G6CbmAQ,2404,1,4309,4,10506,True,0wKV8-pzi1-yEH2G6CbmAQ
95,2014,10,120,Minneapolis,44.93951341498535,-93.29512186759916,_VqA6kB88aNyrQocnssZnA,2219,0,2612,5,10507,True,_VqA6kB88aNyrQocnssZnA
4662,2017,8,30,Minneapolis,44.98915273830257,-93.2813963725752,7ViuEczLRA9_7jWQGespyg,1050,0,1107,3,10508,True,7ViuEczLRA9_7jWQGespyg
137,2017,8,322,Minneapolis,44.93954010637808,-93.25316001430588,dnzgDP_EE_GEDEpO9TrnGw,1092,1,4642,1,10512,True,dnzgDP_EE_GEDEpO9TrnGw
2010,2016,9,306,Minneapolis,44.96027955450847,-93.29057939226828,LnUj-Gd3VQ3DEe9VxrN2eA,12,1,4643,2,10515,True,LnUj-Gd3VQ3DEe9VxrN2eA
1759,2009,7,206,Minneapolis,44.95727572060333,-93.26895864463307,HT4TNrWwQTmBIopRMwIjZw,3082,1,4644,1,10516,True,HT4TNrWwQTmBIopRMwIjZw
907,2007,7,294,Minneapolis,44.94732117141918,-93.21139870765457,SQOA7hU9h8Zv33yg21mvUA,2651,2,4645,1,10521,True,SQOA7hU9h8Zv33yg21mvUA
4521,2009,6,116,Minneapolis,44.98701366089525,-93.24239674766709,QEsU0L2ZYW345tztAiqIbw,708,0,729,4,10523,True,QEsU0L2ZYW345tztAiqIbw
2694,2011,6,76,Minneapolis,44.96733192998634,-93.24404898563895,_X6cr2943VyT1PXanwv6LQ,1936,0,2209,4,10524,True,_X6cr2943VyT1PXanwv6LQ
5249,2011,7,90,Minneapolis,44.99534325195737,-93.24100264804083,YXz15O3CS-3wv3lnFWrgbA,221,0,222,5,10536,True,YXz15O3CS-3wv3lnFWrgbA
3826,2019,6,213,Minneapolis,44.98049527928868,-93.29611309759224,cUggHOu0eXwRdz91KCV2rQ,531,0,544,4,10537,True,cUggHOu0eXwRdz91KCV2rQ
4890,2014,9,114,Minneapolis,44.99142239125186,-93.23108826482152,lRDV76gvhnHF4LDnSCp0dA,356,0,362,7,10541,True,lRDV76gvhnHF4LDnSCp0dA
809,2011,8,122,Minneapolis,44.94626347661377,-93.217840408284,yHhRmja5-ezR0BzmlX7x9w,2788,1,4648,1,10544,True,yHhRmja5-ezR0BzmlX7x9w
4129,2009,7,192,Minneapolis,44.98344669839967,-93.26600518094293,mgw6z6mx6dB7-pFbcpG9uw,2345,0,2807,3,10546,True,mgw6z6mx6dB7-pFbcpG9uw
1672,2014,10,31,Minneapolis,44.95631668863241,-93.26513632150744,1yCmOrWNak5e_erd7uuneQ,2616,0,3280,7,10551,True,1yCmOrWNak5e_erd7uuneQ
4100,2019,6,82,Minneapolis,44.98329256472635,-93.29419350779466,hMMzxXjFivhyTg5uBZi0xw,504,1,4650,2,10554,True,hMMzxXjFivhyTg5uBZi0xw
109,2011,8,276,Minneapolis,44.93926695534314,-93.28142704881314,dKs3QIoEL4pMRRUSMNVhfA,1534,1,4651,3,10555,True,dKs3QIoEL4pMRRUSMNVhfA
39,2007,7,167,Minneapolis,44.93833123751651,-93.26001244704734,LPy8SPa2lyZYtzfotLDRAg,2284,1,4652,1,10556,True,LPy8SPa2lyZYtzfotLDRAg
3082,2019,6,310,Minneapolis,44.97155210950724,-93.2199419180425,ABlP1vpk_tKXyza7p24wlg,2425,0,2959,7,10565,True,ABlP1vpk_tKXyza7p24wlg
4963,2007,7,143,Minneapolis,44.99233331905182,-93.2473488366609,jpF7BcMsRaD-nN0EM97jAw,946,0,992,3,10568,True,jpF7BcMsRaD-nN0EM97jAw
2057,2017,8,274,Minneapolis,44.96020176776352,-93.24439604651413,4zluCQHiIBi_C_fL0bUsCw,840,1,2421,4,10584,True,4zluCQHiIBi_C_fL0bUsCw
89,2011,8,175,Minneapolis,44.93834973608846,-93.21020986920269,yfY91kXsuFlXY-AnNRvXRQ,1430,0,1555,3,10585,True,yfY91kXsuFlXY-AnNRvXRQ
5060,2014,9,282,Minneapolis,44.99331080374831,-93.24731177448572,HlJRE81FgvtPkeZ7120-qw,1736,2,4653,1,10590,True,HlJRE81FgvtPkeZ7120-qw
1853,2019,6,312,Minneapolis,44.95828063527701,-93.266397958692,6rw5E6opROUcLReAm_Z0-w,1703,1,4654,2,10594,True,6rw5E6opROUcLReAm_Z0-w
512,2013,8,261,Minneapolis,44.94328407525079,-93.240642239597,YTdrhqe74dZ16RU43_K78A,1523,1,4656,2,10597,True,YTdrhqe74dZ16RU43_K78A
3498,2019,6,258,Minneapolis,44.97651201632946,-93.25893253757177,9xQ6Cx0O8-RirNYu3gCZIQ,300,1,3935,3,10599,True,9xQ6Cx0O8-RirNYu3gCZIQ
1041,2019,5,131,Minneapolis,44.94927855818641,-93.25885207665496,QRwI-hHBpZmah-xiGkwKOg,2561,0,3192,4,10600,True,QRwI-hHBpZmah-xiGkwKOg
5214,2016,10,250,Minneapolis,44.99566665803853,-93.27240586839868,ICneh9O3QTrU6YwiVQ-85g,3112,0,4525,4,10605,True,ICneh9O3QTrU6YwiVQ-85g
2028,2007,7,241,Minneapolis,44.96031814231654,-93.27277291233412,iqLkcGsneQXkf0nsup-LpQ,2811,1,4072,7,10606,True,iqLkcGsneQXkf0nsup-LpQ
954,2011,8,348,Minneapolis,44.94840691278901,-93.25509690564678,o5qgtM8gYNYMGYjGUIauuA,540,2,4658,1,10613,True,o5qgtM8gYNYMGYjGUIauuA
4653,2011,6,70,Minneapolis,44.98926293818808,-93.28909950762058,LnJPXOHX4gUsp-_PFbr18Q,2169,0,2540,8,10618,True,LnJPXOHX4gUsp-_PFbr18Q
106,2011,6,197,Minneapolis,44.93930194566322,-93.28432936409516,MoPxfZOAalmVUI7iGFMbyg,3109,0,4508,5,10632,True,MoPxfZOAalmVUI7iGFMbyg
296,2017,8,38,Minneapolis,44.94135561476713,-93.27610272542876,JyUJegEYYjPuBxRNo9xecQ,2798,0,3643,4,10635,True,JyUJegEYYjPuBxRNo9xecQ
5252,2019,6,314,Minneapolis,44.99511506876799,-93.231255991704,mrMbinsk5xk2MGd_FCOOPA,986,2,4659,1,10640,True,mrMbinsk5xk2MGd_FCOOPA
4113,2017,8,356,Minneapolis,44.98330252250717,-93.28322652502196,ZyDJb6cF41qC-z--Xz1Gkw,256,0,258,7,10645,True,ZyDJb6cF41qC-z--Xz1Gkw
5059,2011,6,283,Minneapolis,44.99335013991318,-93.24277558044852,rItaVc2nBhWK3j1dwZIRVQ,2506,0,3098,5,10647,True,rItaVc2nBhWK3j1dwZIRVQ
1806,2014,9,211,Minneapolis,44.95738289402319,-93.22214153849416,K1F8gIrTmU7IXURfbKzqnw,2194,0,2575,3,10654,True,K1F8gIrTmU7IXURfbKzqnw
4957,2016,11,259,Minneapolis,44.99224227832309,-93.25221304657325,3YW-eZfWO-3tCum06qfDIg,3140,0,4660,2,10656,True,3YW-eZfWO-3tCum06qfDIg
3370,2016,10,115,Minneapolis,44.97523927183401,-93.29525950818868,dE13WGhgsDSRxmeQ_SQI7g,3141,0,4661,2,10658,True,dE13WGhgsDSRxmeQ_SQI7g
3574,2015,7,59,Minneapolis,44.97733128257554,-93.27604001017272,E9fDlZ5al4pWa3bYOVLpoQ,680,0,698,4,10660,True,E9fDlZ5al4pWa3bYOVLpoQ
890,2015,9,116,Minneapolis,44.94734961590765,-93.22844040216896,XaPCEiW-taY38Mk9mRXKbA,2076,0,2413,4,10663,True,XaPCEiW-taY38Mk9mRXKbA
182,2017,8,126,Minneapolis,44.94027372417627,-93.29964846240466,tAnmo5w00zq5xlezDeFgVQ,485,1,4662,3,10673,True,tAnmo5w00zq5xlezDeFgVQ
2794,2011,10,128,Minneapolis,44.9684514969222,-93.23508790277305,gPsChCHKpB3unBtJgWDg4A,1526,0,1670,3,10674,True,gPsChCHKpB3unBtJgWDg4A
4862,2019,6,162,Minneapolis,44.99153119005019,-93.2623728193214,K-aU0OunWgTC-7Mj0rCLlg,2619,1,4663,2,10678,True,K-aU0OunWgTC-7Mj0rCLlg
5160,2014,10,124,Minneapolis,44.9943043378738,-93.23828557345097,LJ7lBy5_b_U3l1SSacMoQQ,1924,0,2195,8,10681,True,LJ7lBy5_b_U3l1SSacMoQQ
2585,2016,10,359,Minneapolis,44.9663928760509,-93.26113763811009,YRHVstc-QYl3LIphVShfdQ,842,1,4665,2,10682,True,YRHVstc-QYl3LIphVShfdQ
4503,2011,7,223,Minneapolis,44.98741550392282,-93.25431417734517,rXT7zOkeWNmkl4MHscqRPA,562,0,575,7,10683,True,rXT7zOkeWNmkl4MHscqRPA
1563,2011,8,241,Minneapolis,44.9552735331302,-93.28299536399324,DOhYhIASrWTQYs-G3I1yyg,635,1,2892,3,10687,True,DOhYhIASrWTQYs-G3I1yyg
267,2016,10,46,Minneapolis,44.94028210998433,-93.21401872227251,kFcS2bAq717k7BtnHAYPtA,994,0,1047,3,10692,True,kFcS2bAq717k7BtnHAYPtA
5170,2017,8,33,Minneapolis,44.99518946267879,-93.22026886056796,AU7SydNRyKfkKkbjWemKTQ,396,1,1196,5,10697,True,AU7SydNRyKfkKkbjWemKTQ
5213,2011,6,190,Minneapolis,44.99554509385258,-93.27260644470518,QyJdwWf1IXmqOICPfaAwAA,3143,0,4667,1,10705,True,QyJdwWf1IXmqOICPfaAwAA
2627,2019,6,223,Minneapolis,44.96624700386279,-93.22018413504225,hpXhn76pzQkteSpTB9m4kw,429,1,3652,4,10706,True,hpXhn76pzQkteSpTB9m4kw
4260,2009,10,38,Minneapolis,44.98427310867468,-93.22605268968798,weQX-6PjJB8tZTkkBd-FnA,1819,1,4669,3,10710,True,weQX-6PjJB8tZTkkBd-FnA
1985,2009,10,31,Minneapolis,44.95917085118411,-93.22508575539088,aXrAQQ5g8EdnddnEuU2b4Q,2099,1,3744,3,10712,True,aXrAQQ5g8EdnddnEuU2b4Q
1851,2011,6,327,Minneapolis,44.95829873030549,-93.2676853691855,ey_osZWN8VfK6IJbvE15UA,2359,0,2834,10,10713,True,ey_osZWN8VfK6IJbvE15UA
581,2011,9,315,Minneapolis,44.94428854333692,-93.26388707325094,2J2kGqyXEaa3mCqAYrZcLw,1783,1,4670,1,10718,True,2J2kGqyXEaa3mCqAYrZcLw
664,2019,5,77,Minneapolis,44.94499356734718,-93.27217022277404,t55lpyvkPgkxse1STWkxuA,2065,1,4672,1,10721,True,t55lpyvkPgkxse1STWkxuA
1548,2016,11,221,Minneapolis,44.95554382107566,-93.29816510902974,vAG6CnH9q8gJPaQ54Z1Ujg,499,0,508,3,10724,True,vAG6CnH9q8gJPaQ54Z1Ujg
2184,2011,6,286,Minneapolis,44.96234863327856,-93.29952113338896,meB3TXBMXETm96AbCUdyIw,27,0,27,4,10725,True,meB3TXBMXETm96AbCUdyIw
1317,2011,8,37,Minneapolis,44.95229966173327,-93.25630920543873,JKBU7lYz3BmA2JrqcNNANA,602,1,4673,2,10727,True,JKBU7lYz3BmA2JrqcNNANA
4421,2014,9,258,Minneapolis,44.98611861160452,-93.24777018934776,FINa99U1wHZwztK7aSYxuw,487,0,496,3,10730,True,FINa99U1wHZwztK7aSYxuw
2930,2012,10,230,Minneapolis,44.96986569555281,-93.28113188719244,B-mY0gpt7Yne4N500S8e_Q,3048,0,4279,4,10738,True,B-mY0gpt7Yne4N500S8e_Q
2944,2019,6,137,Minneapolis,44.97020933268632,-93.26686571791932,sDyPRtZcGRCkzE_umwwdoA,2398,0,2910,7,10746,True,sDyPRtZcGRCkzE_umwwdoA
4995,2007,7,214,Minneapolis,44.99234217080437,-93.2240795957885,a1BDmwmwqn-33rgZJqqJ9Q,1327,0,1431,5,10748,True,a1BDmwmwqn-33rgZJqqJ9Q
4781,2009,7,344,Minneapolis,44.9905266740146,-93.25461251812482,fUvu_Owy4dhcL3jLMFe4rQ,0,1,4677,1,10752,True,fUvu_Owy4dhcL3jLMFe4rQ
3166,2019,6,261,Minneapolis,44.97227474640533,-93.22712742331896,df32m5p9rRjDaerLuDLdUQ,2210,0,2599,5,10753,True,df32m5p9rRjDaerLuDLdUQ
1580,2011,7,42,Minneapolis,44.95528996626875,-93.26640360562976,hxlmeWCzQH-26EF8i-zPMQ,1412,1,4326,4,10755,True,hxlmeWCzQH-26EF8i-zPMQ
2269,2009,6,80,Minneapolis,44.96207368370341,-93.21449639764523,7Ol9iZB8aDhf7SIDkGmoYg,2870,1,4679,1,10761,True,7Ol9iZB8aDhf7SIDkGmoYg
4409,2007,7,20,Minneapolis,44.98654346094604,-93.25582757952895,a-EL1vjCSx3ZAP7ZHx1biQ,2421,0,2950,3,10762,True,a-EL1vjCSx3ZAP7ZHx1biQ
515,2007,7,99,Minneapolis,44.94333443265084,-93.238963843089,qdbGH4lE_fvZcTGUChr70Q,2038,1,4681,1,10774,True,qdbGH4lE_fvZcTGUChr70Q
3743,2017,8,352,Minneapolis,44.97910449291388,-93.28417722566222,bjG_9XbRP7NljK7-vv4iqw,1134,1,4682,1,10776,True,bjG_9XbRP7NljK7-vv4iqw
5069,2009,10,220,Minneapolis,44.99330068690742,-93.23315904086977,Qjg_DQbAUiMfZX4KgO2VQw,2291,2,4683,1,10778,True,Qjg_DQbAUiMfZX4KgO2VQw
4785,2016,10,175,Minneapolis,44.99031214985401,-93.244140895704,8qniVjuAlJctJzVNi6qDSg,566,1,3403,6,10781,True,8qniVjuAlJctJzVNi6qDSg
3731,2019,7,283,Minneapolis,44.97933357986933,-93.2955482998539,IR0mMtv3GA7uw-s9rcoKUg,224,1,4684,2,10782,True,IR0mMtv3GA7uw-s9rcoKUg
291,2019,5,85,Minneapolis,44.94133930555624,-93.28121519612506,mXIoASOdT11aDRaSfZqS0g,1879,0,2134,4,10784,True,mXIoASOdT11aDRaSfZqS0g
4784,2009,6,27,Minneapolis,44.99023964868248,-93.24723043834994,QsaPU1hOsYJpyHpEbTqRew,1597,1,4225,4,10785,True,QsaPU1hOsYJpyHpEbTqRew
2262,2007,7,286,Minneapolis,44.96136570040208,-93.2226815665915,i7dBha7Koz50_2pUxttWJg,2485,0,3061,7,10796,True,i7dBha7Koz50_2pUxttWJg
377,2014,8,221,Minneapolis,44.9423192090829,-93.28560969974052,un3-Wl4xNBDzbXFJOD985g,2237,1,3598,3,10797,True,un3-Wl4xNBDzbXFJOD985g
1954,2016,9,129,Minneapolis,44.95930603098323,-93.25620204140036,OKa45ucFG3rRgJUHiHfkZA,2787,1,4686,2,10798,True,OKa45ucFG3rRgJUHiHfkZA
1578,2016,8,6,Minneapolis,44.9555517144188,-93.2681962145546,FObOlpPFV7k63pgTi4qlug,1568,0,1719,10,10810,True,FObOlpPFV7k63pgTi4qlug
2678,2009,7,66,Minneapolis,44.96727596738249,-93.25969474529198,LBKUJiiGZwmBAu9jvsJT3A,1719,3,4687,1,10811,True,LBKUJiiGZwmBAu9jvsJT3A
1314,2019,5,208,Minneapolis,44.95229910927987,-93.25883260773035,RTX8zzSgDOsKNpfp5SytYQ,2952,0,4015,3,10814,True,RTX8zzSgDOsKNpfp5SytYQ
2350,2019,6,126,Minneapolis,44.96309625671154,-93.2240186684756,rKLeBTh6bfjcopimU2F4hw,377,0,383,5,10820,True,rKLeBTh6bfjcopimU2F4hw
1768,2017,8,241,Minneapolis,44.95731387038879,-93.26007228231848,CJ9g8k_Te7ZDVbSbmK-76w,1119,1,2024,3,10821,True,CJ9g8k_Te7ZDVbSbmK-76w
5219,2007,7,22,Minneapolis,44.99536533796314,-93.26617837644224,8YlaRl3AEQP-AqKYjWuUJQ,2944,0,3987,3,10822,True,8YlaRl3AEQP-AqKYjWuUJQ
5266,2009,10,333,Minneapolis,44.99513945199278,-93.22314913037611,PEQ0Q0zOmx5v92E66T_kqw,403,1,2258,4,10837,True,PEQ0Q0zOmx5v92E66T_kqw
2595,2008,9,243,Minneapolis,44.96629217318132,-93.25219878815182,QaSn8MOZqfF3qh-Tgso5xA,3068,0,4360,8,10841,True,QaSn8MOZqfF3qh-Tgso5xA
86,2009,10,282,Minneapolis,44.93830620485608,-93.21277518581468,1qA2TYnG4sdT4FSdvuaXrQ,379,1,4692,2,10842,True,1qA2TYnG4sdT4FSdvuaXrQ
411,2009,10,355,Minneapolis,44.94231239746644,-93.25248805830184,na5DLjE-NS6PUBzdZvjBkg,2244,0,2654,5,10844,True,na5DLjE-NS6PUBzdZvjBkg
4432,2019,6,101,Minneapolis,44.98629143398811,-93.23474840332584,RtX7isM1Pksruv7M19-yCw,1165,1,4693,2,10845,True,RtX7isM1Pksruv7M19-yCw
5193,2009,7,309,Minneapolis,44.99525119320064,-93.297115794849,Uo5D_G7jT7gOoQmA7LDaEA,3069,1,4694,1,10850,True,Uo5D_G7jT7gOoQmA7LDaEA
2405,2009,7,249,Minneapolis,44.96438131880221,-93.25969532537636,91mZrrfYCmX8a0LviJmyoA,2716,1,4697,1,10859,True,91mZrrfYCmX8a0LviJmyoA
3317,2016,8,57,Minneapolis,44.97504101810276,-93.25761260379136,52g_AoIVe6c33La8AxCh_g,3044,0,4267,10,10862,True,52g_AoIVe6c33La8AxCh_g
759,2011,6,121,Minneapolis,44.94630302115572,-93.26775570445211,V-1nYt4tZAj5ZKI2P7dY5w,1111,0,1177,8,10865,True,V-1nYt4tZAj5ZKI2P7dY5w
781,2011,8,345,Minneapolis,44.94634563894892,-93.24612411435288,T30Wchlx0E5RkhtJCIL4lw,3149,0,4699,2,10868,True,T30Wchlx0E5RkhtJCIL4lw
2436,2011,7,84,Minneapolis,44.9644672118149,-93.22931687182988,8YEpVA4zEFyElH_rI9zjJw,911,0,951,7,10873,True,8YEpVA4zEFyElH_rI9zjJw
3922,2013,8,187,Minneapolis,44.98167434202762,-93.29011305200414,7quu879AFfxYCm2eh39rsw,2093,1,3436,4,10877,True,7quu879AFfxYCm2eh39rsw
3759,2008,10,244,Minneapolis,44.97948634306605,-93.26905380817028,Y_Jc05H-vP7H91pu_-TN4Q,3072,0,4373,8,10879,True,Y_Jc05H-vP7H91pu_-TN4Q
4885,2008,9,263,Minneapolis,44.99128311649256,-93.23716907218784,QE8w2UAxykNtwXYrSZhDKg,461,0,470,10,10881,True,QE8w2UAxykNtwXYrSZhDKg
3119,2014,9,207,Minneapolis,44.97232077641659,-93.27415423239796,moyWuvj3IaPDhXtr7cbrlA,1309,0,1412,9,10883,True,moyWuvj3IaPDhXtr7cbrlA
2573,2014,9,304,Minneapolis,44.9662818854689,-93.274091503731,VSI7oeVazvjmYIy_Tv1fmQ,74,3,4701,1,10895,True,VSI7oeVazvjmYIy_Tv1fmQ
463,2014,8,289,Minneapolis,44.94332957303857,-93.29069250671546,zIbdOSyIgvyVwtEtv9WZng,1497,2,4702,1,10898,True,zIbdOSyIgvyVwtEtv9WZng
2134,2018,8,155,Minneapolis,44.96132364296636,-93.25819146798509,AUE1i1bmeTMTowBtA6z7Yw,11,1,4703,5,10899,True,AUE1i1bmeTMTowBtA6z7Yw
3596,2009,8,134,Minneapolis,44.97724812633184,-93.2518233547032,2mKKVDuaJxSXytQu64CeZA,2360,0,2835,4,10904,True,2mKKVDuaJxSXytQu64CeZA
991,2019,6,237,Minneapolis,44.94831696435548,-93.2181347966878,4TsC8TEYNiz7f6lLVJrXvQ,3053,1,4704,2,10906,True,4TsC8TEYNiz7f6lLVJrXvQ
2989,2015,10,36,Minneapolis,44.97026916020791,-93.22280462332812,hAFVMydNaR_osd62yDSr7w,1951,2,3602,6,10909,True,hAFVMydNaR_osd62yDSr7w
2417,2016,8,301,Minneapolis,44.96440020637478,-93.2472697497642,9-hmSx-3At73uWNJg-mJvA,3061,1,4705,1,10925,True,9-hmSx-3At73uWNJg-mJvA
5152,2011,6,15,Minneapolis,44.9943223369551,-93.24354824585548,JZUBPty8LFfULT2yISndnw,2515,0,3110,3,10926,True,JZUBPty8LFfULT2yISndnw
4730,2011,7,304,Minneapolis,44.98983540628221,-93.21016882851596,30Alkq9aAdDvdUHT_GxdBw,1856,1,2854,3,10930,True,30Alkq9aAdDvdUHT_GxdBw
120,2017,8,26,Minneapolis,44.93933978927108,-93.27018555693893,BKBmwhJOUQhLu7eyz351Pg,552,1,2193,4,10933,True,BKBmwhJOUQhLu7eyz351Pg
1367,2007,7,25,Minneapolis,44.95332785288053,-93.2969713357456,pXfD8GOcCcJF1QsT9O8tww,2624,1,4706,2,10937,True,pXfD8GOcCcJF1QsT9O8tww
1499,2007,7,153,Minneapolis,44.9542780164606,-93.25626468532832,hbUmr_NhwY6I893sR9ecxQ,553,0,566,3,10938,True,hbUmr_NhwY6I893sR9ecxQ
641,2007,7,174,Minneapolis,44.94531950493281,-93.29451388753886,dMHXhzdEtrixS2PwEagXqQ,3035,0,4249,4,10939,True,dMHXhzdEtrixS2PwEagXqQ
15,2017,8,326,Minneapolis,44.93826673624187,-93.28437738407474,6ZjWK9W4ol2cbHPElHTwHQ,782,2,4707,1,10945,True,6ZjWK9W4ol2cbHPElHTwHQ
1739,2011,7,286,Minneapolis,44.95733002486134,-93.28912653060311,TEewgCiBlo1OXtutgxsD0w,2904,0,3904,3,10947,True,TEewgCiBlo1OXtutgxsD0w
3968,2019,6,211,Minneapolis,44.98114604460083,-93.24724104607536,0wkZu0s9vnvlde8Gwt2-NA,1998,1,4708,2,10949,True,0wkZu0s9vnvlde8Gwt2-NA
743,2007,7,194,Minneapolis,44.94628716423463,-93.28432915889448,7GIs_xOY72uXO734dhIB8w,692,1,4709,1,10953,True,7GIs_xOY72uXO734dhIB8w
2525,2017,8,163,Minneapolis,44.96530998979477,-93.23119252116992,-q1snSXPd_96FVnqloqIvg,1315,3,3864,6,10954,True,-q1snSXPd_96FVnqloqIvg
1724,2016,10,113,Minneapolis,44.95539066365723,-93.21411921079404,sT47SzHDUPjOFdB2WfK_6w,280,1,4247,3,10956,True,sT47SzHDUPjOFdB2WfK_6w
1770,2007,7,8,Minneapolis,44.95734106901948,-93.2581423328852,6gS76Qk-kTeeCFvFaihnkQ,1931,1,2399,3,10964,True,6gS76Qk-kTeeCFvFaihnkQ
1819,2013,8,282,Minneapolis,44.95745702817514,-93.2094136383215,4LuW77FUy-yW5EKxhnTSUw,2890,1,4711,3,10976,True,4LuW77FUy-yW5EKxhnTSUw
1709,2019,6,9,Minneapolis,44.95629043167249,-93.22831519805102,44eBKS7aHMtKelKcKRxpuw,107,1,1183,4,10982,True,44eBKS7aHMtKelKcKRxpuw
3569,2009,7,129,Minneapolis,44.97696882427587,-93.28320749257465,fsfd2FQAAuugHFJBxf_jFw,579,1,4713,1,10989,True,fsfd2FQAAuugHFJBxf_jFw
3234,2016,10,234,Minneapolis,44.97327178193559,-93.25011208751704,4Jc4joXQGDYC5HxcSDzPqQ,1191,0,1277,6,10990,True,4Jc4joXQGDYC5HxcSDzPqQ
4196,2011,6,20,Minneapolis,44.98422053107047,-93.28313561569064,pwCbPk_hagTzjksP2_1X3w,1505,0,1647,5,10994,True,pwCbPk_hagTzjksP2_1X3w
1963,2019,6,218,Minneapolis,44.95932102788246,-93.24717457957247,aszW_P6WzlCPERfC-rX5pg,933,0,977,8,10998,True,aszW_P6WzlCPERfC-rX5pg
2938,2018,10,1,Minneapolis,44.97060517119446,-93.27295820557212,X9xzekT6T5gK5SrpM13RHQ,71,0,71,8,10999,True,X9xzekT6T5gK5SrpM13RHQ
389,2014,10,12,Minneapolis,44.942323691512,-93.27409714293606,uTMy6kxrWwkBFfq8ESa8lw,1100,0,1165,7,11001,True,uTMy6kxrWwkBFfq8ESa8lw
300,2007,7,131,Minneapolis,44.94134402455346,-93.27211408962758,zy2d2pdZsuPYMigmcYx8Dw,388,1,1268,6,11010,True,zy2d2pdZsuPYMigmcYx8Dw
3640,2013,8,347,Minneapolis,44.97835118423432,-93.29947111751169,YuHKLv7FVwCtUyv2WqBvyw,2916,1,4715,2,11011,True,YuHKLv7FVwCtUyv2WqBvyw
4463,2008,9,190,Minneapolis,44.98730179863861,-93.2941410432353,Lj2BntH-2BAELGKH6dbDfA,2692,0,3427,3,11012,True,Lj2BntH-2BAELGKH6dbDfA
5217,2009,7,134,Minneapolis,44.99546554863284,-93.2693004887714,UUB6bo98lXi_KsNaI4tg6g,3058,2,4716,2,11015,True,UUB6bo98lXi_KsNaI4tg6g
474,2011,6,17,Minneapolis,44.94331151618622,-93.27971810682465,_D_8NpBhOO8IBewhl9bbAg,89,0,89,6,11018,True,_D_8NpBhOO8IBewhl9bbAg
139,2011,8,188,Minneapolis,44.93925796705116,-93.2511654314084,LA2VAnWCp0Gq_6F7H3D0zQ,3062,0,4334,5,11024,True,LA2VAnWCp0Gq_6F7H3D0zQ
4588,2014,9,297,Minneapolis,44.98838960049328,-93.2638833337072,wQynS6go5FzmRbNvXgxCjg,2160,2,4717,2,11025,True,wQynS6go5FzmRbNvXgxCjg
2780,2019,6,16,Minneapolis,44.96836178683269,-93.24901283332925,PF9khlAZKN_KXf16_qG3Bg,1200,0,1287,5,11029,True,PF9khlAZKN_KXf16_qG3Bg
1741,2016,9,106,Minneapolis,44.95734443608723,-93.28709625458686,adaWfnuuZ3J2FApULX4rDw,2474,1,4718,3,11031,True,adaWfnuuZ3J2FApULX4rDw
312,2014,10,145,Minneapolis,44.94127049623838,-93.26005181357056,-BDzSqdJLRZhAPOwYWUxxg,1871,2,4719,1,11033,True,-BDzSqdJLRZhAPOwYWUxxg
4616,2009,6,300,Minneapolis,44.98827173259317,-93.23207321871092,FWpoQfrcV6NCBUSIb4nOUQ,1720,0,1920,3,11037,True,FWpoQfrcV6NCBUSIb4nOUQ
3488,2016,9,124,Minneapolis,44.97627003802905,-93.26908210428184,RBxB3SzhJvSQSqqsWW0I3A,1107,1,4720,1,11038,True,RBxB3SzhJvSQSqqsWW0I3A
1326,2017,8,128,Minneapolis,44.95233607261915,-93.2474179204189,ttBJplydFdA0Z5hiQar-LA,551,1,4517,3,11044,True,ttBJplydFdA0Z5hiQar-LA
712,2007,7,196,Minneapolis,44.94524296023085,-93.2243326716774,5oOLLHRhaQElu7XpQbZSYg,3153,0,4721,2,11045,True,5oOLLHRhaQElu7XpQbZSYg
1768,2016,11,286,Minneapolis,44.9572795381879,-93.2600877167288,FPa5GVCQ4wJFl-aAk26-Vw,1119,3,4722,1,11050,True,FPa5GVCQ4wJFl-aAk26-Vw
4325,2011,6,268,Minneapolis,44.98493760719352,-93.25339373098883,dT6IBwbCAFUqPCcwCf2wqA,2628,1,4723,1,11053,True,dT6IBwbCAFUqPCcwCf2wqA
99,2007,7,53,Minneapolis,44.9394917504467,-93.29117684683288,CYsdvrR9Jy6a5QncpX7p1g,2195,1,4724,2,11054,True,CYsdvrR9Jy6a5QncpX7p1g
2838,2017,11,97,Minneapolis,44.96933090780446,-93.28189641643849,ZfnnPh2cwPVI7IdXrTmkLA,2307,2,4725,2,11055,True,ZfnnPh2cwPVI7IdXrTmkLA
2065,2007,7,308,Minneapolis,44.96034109354283,-93.23621099958216,_STPwtZnYRixqlI-SCxnTQ,1727,1,4031,4,11066,True,_STPwtZnYRixqlI-SCxnTQ
5123,2013,8,164,Minneapolis,44.99399564287684,-93.26997936271027,4ChC9evbIfIUHBldejj2aA,1493,0,1633,4,11067,True,4ChC9evbIfIUHBldejj2aA
4961,2011,6,226,Minneapolis,44.99214856335158,-93.2574602789991,VAHdazOjqCXgTx7HzFcp5w,1396,1,4727,2,11068,True,VAHdazOjqCXgTx7HzFcp5w
433,2014,8,306,Minneapolis,44.9423515748576,-93.22983525268542,i-BPxQ-Kz-4dW68QRKObvw,442,2,4728,2,11071,True,i-BPxQ-Kz-4dW68QRKObvw
2391,2016,9,57,Minneapolis,44.96431788853523,-93.27404800202213,EVMlOExQFYuzxrYwDwpIhA,2302,0,2741,5,11073,True,EVMlOExQFYuzxrYwDwpIhA
183,2014,8,168,Minneapolis,44.940304448539,-93.29840175466067,zAzoBrNLN-NxyE5SztG7aA,2595,1,4730,3,11074,True,zAzoBrNLN-NxyE5SztG7aA
4950,2011,6,313,Minneapolis,44.99191624664002,-93.26268418266363,QmH1cLI-vz2qmj1sLI86lw,2518,1,4732,1,11077,True,QmH1cLI-vz2qmj1sLI86lw
4596,2011,6,300,Minneapolis,44.98800679239326,-93.25140538562071,EmxeZtR6itvjn08bH9bF3w,1415,0,1536,5,11079,True,EmxeZtR6itvjn08bH9bF3w
315,2009,10,278,Minneapolis,44.94047769327121,-93.25880147175916,8hSJk1cATz-_pOCs9AtKUA,435,0,444,5,11081,True,8hSJk1cATz-_pOCs9AtKUA
4242,2011,6,54,Minneapolis,44.98456158430105,-93.2459791069432,p0LwOAmCJxaPLkXq9uku7g,1814,0,2045,13,11082,True,p0LwOAmCJxaPLkXq9uku7g
11,2016,11,136,Minneapolis,44.93834143538384,-93.28818317407918,Eprby2RHUPLzn1WOeKzGkA,2120,0,2474,5,11086,True,Eprby2RHUPLzn1WOeKzGkA
58,2007,7,138,Minneapolis,44.93833480702452,-93.24059167879744,A5Ac9E70fTJrDkYGP9NLeA,2655,0,3350,3,11095,True,A5Ac9E70fTJrDkYGP9NLeA
621,2011,8,256,Minneapolis,44.94437362031454,-93.22433800117176,iBNuUwoIDxE1t6DoO4adhA,2842,1,4343,4,11105,True,iBNuUwoIDxE1t6DoO4adhA
1726,2017,8,205,Minneapolis,44.95658597876426,-93.21076945367555,rLso5roEJhcSrOHG95G2xg,2292,0,2728,3,11106,True,rLso5roEJhcSrOHG95G2xg
1733,2012,7,104,Minneapolis,44.95733210481881,-93.29515292053392,mWJHZQLX8uyafADzCOvIag,2804,1,4736,1,11113,True,mWJHZQLX8uyafADzCOvIag
2862,2016,8,103,Minneapolis,44.96924169472114,-93.25822153212414,G1NoA3KtNdXWCH2GX43cxQ,870,1,4737,2,11122,True,G1NoA3KtNdXWCH2GX43cxQ
2456,2011,8,119,Minneapolis,44.96420869056711,-93.20903515321145,v8MuZctE_C8UHcVLTxsB_A,2774,1,3716,3,11129,True,v8MuZctE_C8UHcVLTxsB_A
3355,2011,7,99,Minneapolis,44.97426870852432,-93.22015294610392,MwUjLiyrNr5du4berD7M2Q,936,1,1882,4,11132,True,MwUjLiyrNr5du4berD7M2Q
199,2014,10,24,Minneapolis,44.94028376380084,-93.2814164677698,VGhRPlMkJBiC__D-rtPdQA,1855,1,4738,2,11137,True,VGhRPlMkJBiC__D-rtPdQA
402,2017,10,299,Minneapolis,44.94228834812939,-93.26147888421843,-axlPXWRUHt_hGvDrzXfAg,3067,1,4739,1,11144,True,-axlPXWRUHt_hGvDrzXfAg
4056,2015,11,348,Minneapolis,44.98234429138479,-93.2434008142842,3uALbrbQ9XkHRiIq01xhkQ,2906,0,3911,6,11146,True,3uALbrbQ9XkHRiIq01xhkQ
860,2009,10,25,Minneapolis,44.94728935229172,-93.25756628928023,09172AsmnnxJkic2zp_HpQ,695,0,716,5,11153,True,09172AsmnnxJkic2zp_HpQ
111,2016,9,186,Minneapolis,44.93926248344809,-93.27790882524558,yoCr6b-wxfugzwrigysuWg,95,1,4741,1,11159,True,yoCr6b-wxfugzwrigysuWg
4553,2017,8,66,Minneapolis,44.98827980612793,-93.29415357624192,msg21IFSOmlolYiC57c-GA,3157,0,4743,2,11163,True,msg21IFSOmlolYiC57c-GA
4060,2019,6,309,Minneapolis,44.98230720015496,-93.24410699297272,U6njbPrdSz-U6bjBJdOgbw,2756,0,3552,8,11166,True,U6njbPrdSz-U6bjBJdOgbw
2043,2018,10,36,Minneapolis,44.96032696590996,-93.25819801110534,NcfacPXzXcNLcTrJrZdkaQ,265,1,4744,2,11167,True,NcfacPXzXcNLcTrJrZdkaQ
2744,2011,6,23,Minneapolis,44.96816141635704,-93.28519793952776,f89wI8HJy7dn7G4YIFO5-Q,2736,1,3680,5,11168,True,f89wI8HJy7dn7G4YIFO5-Q
1927,2014,9,331,Minneapolis,44.95932420949551,-93.28292031827128,vYR12GA3YGfuHtmNJQO4qQ,3023,0,4195,3,11179,True,vYR12GA3YGfuHtmNJQO4qQ
244,2019,6,337,Minneapolis,44.94034372810133,-93.2372398984114,0xxnkML5OMp1o3o-clmGag,1376,0,1492,4,11184,True,0xxnkML5OMp1o3o-clmGag
868,2009,10,71,Minneapolis,44.94727490734211,-93.24997693563384,Sx75FR99tQ1mR5qQRHYDTQ,1243,1,2017,5,11188,True,Sx75FR99tQ1mR5qQRHYDTQ
3599,2007,7,123,Minneapolis,44.97754252738018,-93.24720549496888,6C0PU-9qOrwF9XLYtYWPJQ,2201,1,2709,3,11190,True,6C0PU-9qOrwF9XLYtYWPJQ
3152,2019,6,4,Minneapolis,44.97233645593451,-93.24130338044326,s6PEcqLQCMMXaYwm0HIXGQ,1181,1,2133,6,11193,True,s6PEcqLQCMMXaYwm0HIXGQ
2100,2019,6,21,Minneapolis,44.96138989638064,-93.29241937029248,6u-zZXmwpYmluS1lNbUXSQ,2311,1,3125,6,11197,True,6u-zZXmwpYmluS1lNbUXSQ
2854,2009,7,131,Minneapolis,44.96915261940653,-93.26619133972692,jgQPd85HYE5RGbh3l5YEiQ,84,2,4747,1,11200,True,jgQPd85HYE5RGbh3l5YEiQ
284,2016,11,144,Minneapolis,44.94130789288807,-93.28815493895851,4tGHko1a3m3gwoRw0Kyxdg,698,1,2884,6,11214,True,4tGHko1a3m3gwoRw0Kyxdg
1341,2017,8,56,Minneapolis,44.95196901555246,-93.23211277625042,RxFDgIXeXZjkRTIk9Ct09A,3145,0,4675,6,11218,True,RxFDgIXeXZjkRTIk9Ct09A
1361,2011,9,138,Minneapolis,44.95224700740655,-93.21211474447372,HGNZdQNQmbP3FRz2K6PoCQ,3110,1,4749,1,11222,True,HGNZdQNQmbP3FRz2K6PoCQ
603,2016,8,43,Minneapolis,44.94432557799438,-93.2423331802995,pSmr4QbuBY_9rs6t88k9jA,641,0,657,4,11230,True,pSmr4QbuBY_9rs6t88k9jA
1279,2013,8,341,Minneapolis,44.95233750875885,-93.29443772614506,Gw-ukgyt5Ax33aH_WjglOQ,69,1,4751,2,11231,True,Gw-ukgyt5Ax33aH_WjglOQ
2992,2013,8,31,Minneapolis,44.97026761252287,-93.2192083490087,2eHUHZc12ZQNBpilkacasg,2479,0,3045,6,11239,True,2eHUHZc12ZQNBpilkacasg
159,2019,6,324,Minneapolis,44.9395755869579,-93.23115325959373,NV4TfDMlKu5PrzwE3F59ZQ,2402,0,2917,5,11240,True,NV4TfDMlKu5PrzwE3F59ZQ
562,2019,5,354,Minneapolis,44.94433565934108,-93.2830701349299,N23IDdEbqpq3YzZ4cPB_Eg,2072,3,4752,1,11241,True,N23IDdEbqpq3YzZ4cPB_Eg
3694,2009,6,289,Minneapolis,44.97751368662265,-93.24814979176637,ZQpLousJ0vifTIjQae3_yA,809,2,4753,1,11245,True,ZQpLousJ0vifTIjQae3_yA
3179,2019,6,139,Minneapolis,44.97194654406261,-93.21442792334383,H34Fgn3fq7MgnpO6IAUIaw,795,1,4252,3,11249,True,H34Fgn3fq7MgnpO6IAUIaw
2058,2011,8,217,Minneapolis,44.96042137025488,-93.24275753323126,ndqiSU3YW8ibbbbzyNMBAQ,1857,6,4754,1,11252,True,ndqiSU3YW8ibbbbzyNMBAQ
4325,2019,6,250,Minneapolis,44.98492658719762,-93.25342044288264,XWpy6xyabiI4sYiNOLzeZg,2628,2,4755,1,11259,True,XWpy6xyabiI4sYiNOLzeZg
4050,2013,8,313,Minneapolis,44.98223096517084,-93.24905823031114,wtIhOmHWc1F5p9oar5RPYA,2438,0,2977,4,11260,True,wtIhOmHWc1F5p9oar5RPYA
307,2014,8,274,Minneapolis,44.94129904277042,-93.26514323029916,krGdhaB7ORtiv6QCVDZLFA,705,0,726,11,11262,True,krGdhaB7ORtiv6QCVDZLFA
2410,2008,9,225,Minneapolis,44.96431656973399,-93.25542976151706,w5gA-bESWR8hhUpEG5QWHw,558,0,571,3,11267,True,w5gA-bESWR8hhUpEG5QWHw
2209,2007,7,76,Minneapolis,44.96221891429449,-93.27403269908002,AZYXbZzKsuZDYM9REJMhXQ,3159,0,4756,3,11273,True,AZYXbZzKsuZDYM9REJMhXQ
4096,2009,7,289,Minneapolis,44.98277872071962,-93.29214696156149,wamharVF0brqftfOYrv4fQ,2541,0,3154,7,11276,True,wamharVF0brqftfOYrv4fQ
4857,2019,6,282,Minneapolis,44.99128180098025,-93.2622018396485,RgO92P5kvo2-kkt6aaRdig,2137,1,4757,2,11277,True,RgO92P5kvo2-kkt6aaRdig
2604,2009,6,288,Minneapolis,44.96629061248802,-93.24249298194896,v3kz9GKJWHxokaPkW34dQw,3160,0,4759,5,11283,True,v3kz9GKJWHxokaPkW34dQw
4994,2009,7,304,Minneapolis,44.99241801248838,-93.21814283083005,11JPpGYVkagTiKO6OGITQg,228,1,2981,6,11284,True,11JPpGYVkagTiKO6OGITQg
4630,2009,10,329,Minneapolis,44.98837392897448,-93.2203004307012,TwWN-8n8Gji477CafDwtPQ,1822,1,4761,1,11287,True,TwWN-8n8Gji477CafDwtPQ
4450,2012,8,172,Minneapolis,44.98660929175045,-93.21688590235316,YvU2wYBlR9gDKiHrZ8WIRQ,3119,1,4762,1,11289,True,YvU2wYBlR9gDKiHrZ8WIRQ
2127,2011,6,292,Minneapolis,44.96131070550046,-93.26512285562563,CPRC0S5dkU3fafbNZ7obNg,2142,0,2503,8,11294,True,CPRC0S5dkU3fafbNZ7obNg
3839,2007,7,15,Minneapolis,44.98038634234709,-93.2797289506676,mPdmMtVyV1g5Yy8zWDtUDg,857,0,892,9,11301,True,mPdmMtVyV1g5Yy8zWDtUDg
4753,2011,6,137,Minneapolis,44.99007588721524,-93.28089084188798,7woQQgSUQEdDfBj8pT-pMg,1086,1,4765,3,11311,True,7woQQgSUQEdDfBj8pT-pMg
5105,2011,6,187,Minneapolis,44.99431665947539,-93.29108541335236,XCGRFx91NuRWA4PjO7j09g,1609,0,1773,4,11313,True,XCGRFx91NuRWA4PjO7j09g
2959,2011,6,281,Minneapolis,44.97031538239374,-93.25227022881656,Tnq_GLNy1Q_YclR9CvMVEA,1368,0,1481,5,11317,True,Tnq_GLNy1Q_YclR9CvMVEA
1062,2019,6,296,Minneapolis,44.94922730489232,-93.2384242629911,9OZes9RBCgG0HyzS8yKqyQ,3164,0,4771,6,11334,True,9OZes9RBCgG0HyzS8yKqyQ
91,2019,5,276,Minneapolis,44.93952570015091,-93.29918340356195,zTXjo4c8hA547LIIzvWWLw,519,1,884,4,11337,True,zTXjo4c8hA547LIIzvWWLw
89,2009,10,356,Minneapolis,44.93834229505542,-93.21022021186909,3fz2uKup93net1UlVtO6kQ,1430,1,4773,1,11343,True,3fz2uKup93net1UlVtO6kQ
2737,2019,5,113,Minneapolis,44.96830124657934,-93.29206779765506,Htkhcl50f5hSkdvHFThriw,2285,0,2719,4,11346,True,Htkhcl50f5hSkdvHFThriw
834,2011,8,110,Minneapolis,44.94733844477469,-93.28428466110584,4y-ktgrEyA8_ODUWzIA_DQ,1154,0,1229,5,11349,True,4y-ktgrEyA8_ODUWzIA_DQ
402,2009,10,278,Minneapolis,44.9422903880204,-93.26138481981606,LvWb6vv2w7ghR5Xw-K2ReA,3067,0,4352,3,11351,True,LvWb6vv2w7ghR5Xw-K2ReA
1726,2019,6,29,Minneapolis,44.95655476830814,-93.21078326224314,zrGjOl_6nM6kWMrMfddUUA,2292,1,3762,3,11359,True,zrGjOl_6nM6kWMrMfddUUA
3792,2009,10,212,Minneapolis,44.9792334073572,-93.23904671996972,W8wLezNyTEDIOXc5U9RFmQ,2859,0,3795,6,11360,True,W8wLezNyTEDIOXc5U9RFmQ
1743,2011,8,350,Minneapolis,44.95733277382803,-93.28509805152984,cQXH14vzRRC9cwZRV0alnQ,1183,2,4775,1,11368,True,cQXH14vzRRC9cwZRV0alnQ
903,2007,7,205,Minneapolis,44.9473401306243,-93.21528484786673,JxnQBHfZttxRiN0KZUcpXQ,1678,1,4776,2,11369,True,JxnQBHfZttxRiN0KZUcpXQ
4377,2011,6,81,Minneapolis,44.98630764595163,-93.28511285811864,dJmTyey67r516LdY9SzfDg,3165,0,4777,3,11377,True,dJmTyey67r516LdY9SzfDg
132,2019,7,257,Minneapolis,44.93954334361819,-93.25808663410471,9IjxWBproRIeBZn1nHwsbw,2001,1,4778,3,11379,True,9IjxWBproRIeBZn1nHwsbw
4176,2017,10,44,Minneapolis,44.9832975694221,-93.2161691015852,q3ZbRNzzvSf2Z3dPzmdSAQ,729,1,4259,4,11389,True,q3ZbRNzzvSf2Z3dPzmdSAQ
143,2015,8,129,Minneapolis,44.93931805934099,-93.24736338903034,AP5LgsauXu9zjCNGCywr7A,2602,0,3263,7,11391,True,AP5LgsauXu9zjCNGCywr7A
2930,2011,6,32,Minneapolis,44.96989413243607,-93.28114306491928,Y4r6qTj8SqP2YSjPaCCNFA,3048,1,4779,1,11392,True,Y4r6qTj8SqP2YSjPaCCNFA
2345,2009,7,83,Minneapolis,44.96325546337256,-93.22986264618146,4Rir3QZ1ZGBwNZ803nD-mw,3166,0,4780,1,11394,True,4Rir3QZ1ZGBwNZ803nD-mw
4896,2007,7,263,Minneapolis,44.99146030645327,-93.22522208707876,jSPQDWVzqcRH_-DO_hOuGg,2252,1,4781,1,11398,True,jSPQDWVzqcRH_-DO_hOuGg
2070,2011,9,307,Minneapolis,44.96030729645862,-93.2314259929181,v7iclC_6mEyuEMRnBtBXBA,2230,1,2823,3,11401,True,v7iclC_6mEyuEMRnBtBXBA
2497,2008,10,127,Minneapolis,44.96544262928439,-93.25918734117052,0zal7NRgZGqhVZu1QZATZg,2801,0,3653,11,11405,True,0zal7NRgZGqhVZu1QZATZg
5089,2007,7,232,Minneapolis,44.99344120191645,-93.21393571696676,wvhHK7DHamO3-3-4SPx--w,510,4,4782,2,11407,True,wvhHK7DHamO3-3-4SPx--w
2190,2016,9,340,Minneapolis,44.96224748791221,-93.29309809722194,Llh921j6ueyfRo7_Qjm20g,2850,1,4783,4,11408,True,Llh921j6ueyfRo7_Qjm20g
3192,2016,11,132,Minneapolis,44.97383901021229,-93.29244398687273,tLoqp3KVpxbiv_5qa-R7zQ,925,0,969,12,11409,True,tLoqp3KVpxbiv_5qa-R7zQ
2356,2009,10,187,Minneapolis,44.96310156737165,-93.218431628498,QSUW8g2LWVfNbE32-6Xm9g,1723,3,4784,2,11414,True,QSUW8g2LWVfNbE32-6Xm9g
3078,2013,8,81,Minneapolis,44.97135541638021,-93.22420413694844,C4TR9h0s6Qq209aER8v3Tg,1794,0,2021,6,11418,True,C4TR9h0s6Qq209aER8v3Tg
2893,2007,6,352,Minneapolis,44.96925953862166,-93.2271073357099,HcVKDyUmBSMHTixc-KgD6g,905,1,4788,1,11434,True,HcVKDyUmBSMHTixc-KgD6g
2183,2014,9,217,Minneapolis,44.96135869668233,-93.20902056135476,HmIV0Y9UOj7x5EKVdQpBEA,1519,1,4790,1,11443,True,HmIV0Y9UOj7x5EKVdQpBEA
2502,2018,10,53,Minneapolis,44.96541584856448,-93.25420823665505,7UWdHjPJY87oKYJSX3bZZQ,1109,0,1175,10,11445,True,7UWdHjPJY87oKYJSX3bZZQ
4986,2017,8,260,Minneapolis,44.99224162484792,-93.22947823831537,7RoP5ZEHiFfz5NMjTLUGSw,2392,0,2898,5,11451,True,7RoP5ZEHiFfz5NMjTLUGSw
1738,2016,9,359,Minneapolis,44.95735446720812,-93.2901198272404,ZAR_NFwQnTcbUCuGDtDw6w,660,2,4791,1,11452,True,ZAR_NFwQnTcbUCuGDtDw6w
950,2017,8,206,Minneapolis,44.94832403194272,-93.259190560584,kww95-8vVZm_QoFy8pEqrA,789,0,817,7,11457,True,kww95-8vVZm_QoFy8pEqrA
787,2014,9,359,Minneapolis,44.94658084491055,-93.24012846605622,kmtvIDNXXL0W3beSRYJUYw,3170,0,4792,2,11458,True,kmtvIDNXXL0W3beSRYJUYw
4251,2019,6,39,Minneapolis,44.98416856560603,-93.23522368651172,Nc-NHdBYSCa5MT7iwgFw6w,1307,1,4793,3,11463,True,Nc-NHdBYSCa5MT7iwgFw6w
4481,2019,6,168,Minneapolis,44.98724948193797,-93.27628729238825,gHyGQagwXKPOyyl6P1rj9A,1989,0,2285,5,11464,True,gHyGQagwXKPOyyl6P1rj9A
2395,2011,6,256,Minneapolis,44.96428362211935,-93.2702508499708,uP2axn-WBMxvN1-U1Zynzw,2964,0,4048,3,11478,True,uP2axn-WBMxvN1-U1Zynzw
735,2011,6,119,Minneapolis,44.94624413219163,-93.29195016472704,60rkEbyQy8Aq3Vhe5UeSgQ,2204,1,4797,2,11479,True,60rkEbyQy8Aq3Vhe5UeSgQ
4155,2009,10,275,Minneapolis,44.98324774646309,-93.2391039852714,YQ4hWew7ulkmkij6SjwQKQ,1748,0,1957,5,11481,True,YQ4hWew7ulkmkij6SjwQKQ
2395,2007,7,72,Minneapolis,44.9642804340031,-93.2701918188934,9h8xAIQIejYtM_aUHfdiLQ,2964,1,4798,1,11483,True,9h8xAIQIejYtM_aUHfdiLQ
3496,2009,7,248,Minneapolis,44.97614651142634,-93.26125060461392,EUD3bdwi85fMgaK69kkU0g,2316,0,2762,8,11493,True,EUD3bdwi85fMgaK69kkU0g
225,2019,7,244,Minneapolis,44.93957773413933,-93.2560552123709,YE8BCLw2E-I7hob5-O3u_g,452,0,461,8,11496,True,YE8BCLw2E-I7hob5-O3u_g
418,2014,9,299,Minneapolis,44.94228518861129,-93.24485120697771,yYeHpwXqRip1hU1lI6Nkmg,733,0,754,4,11497,True,yYeHpwXqRip1hU1lI6Nkmg
3333,2009,10,199,Minneapolis,44.97428088445255,-93.24195548199155,xP_ItTlgLAk_kJs_XdwuFQ,309,1,2785,3,11498,True,xP_ItTlgLAk_kJs_XdwuFQ
5081,2009,7,103,Minneapolis,44.99329993956296,-93.22537820894944,a1npqfNyNhOTNzCaOxb6lw,2796,1,4800,2,11501,True,a1npqfNyNhOTNzCaOxb6lw
989,2016,9,292,Minneapolis,44.94837877718354,-93.22012935305504,3Ogj7EJPispXz77njAOV0A,1913,1,4801,1,11510,True,3Ogj7EJPispXz77njAOV0A
4338,2007,6,359,Minneapolis,44.98515108399246,-93.23389791564637,eK4J-HhnqZs9tdq3D_FcRw,2749,1,4802,1,11511,True,eK4J-HhnqZs9tdq3D_FcRw
362,2007,7,142,Minneapolis,44.94134451144718,-93.21013783948,Cx-epudfvTEggnXqwB3mtg,2318,1,4803,2,11517,True,Cx-epudfvTEggnXqwB3mtg
3836,2014,9,351,Minneapolis,44.98036168246424,-93.27927188948672,xKLuJU1nVaPY3DCzGpKfHQ,2588,0,3243,5,11528,True,xKLuJU1nVaPY3DCzGpKfHQ
4525,2019,6,228,Minneapolis,44.98733310838102,-93.22860846114554,4pIEqgTnR01dhfU4GLbfCQ,2737,0,3517,6,11529,True,4pIEqgTnR01dhfU4GLbfCQ
5235,2011,6,354,Minneapolis,44.99506658679628,-93.25417871415524,dwTsez2-HuLHjIvLdOYsww,2763,0,3572,5,11537,True,dwTsez2-HuLHjIvLdOYsww
4821,2012,8,194,Minneapolis,44.99015992112605,-93.21267386895832,HWQmBMAwBqGpdS1StNrMwQ,1729,0,1930,5,11541,True,HWQmBMAwBqGpdS1StNrMwQ
1633,2019,6,108,Minneapolis,44.95502593738424,-93.21373696452048,hOSCjFeNc9x8ogl8093_2g,2834,2,4805,1,11545,True,hOSCjFeNc9x8ogl8093_2g
2786,2019,6,348,Minneapolis,44.96845964595231,-93.24302601949309,r0sFO_8flqi6UEeS-H2MFA,2483,0,3058,8,11546,True,r0sFO_8flqi6UEeS-H2MFA
2730,2007,7,180,Minneapolis,44.96831631786035,-93.29901498157598,68txAUg1YtXRoUAFYqnNug,2636,1,4807,2,11548,True,68txAUg1YtXRoUAFYqnNug
4437,2015,10,168,Minneapolis,44.98624393564162,-93.22693894195156,DSC7l5LXr0QTAI9SwijqIg,2902,2,4809,2,11557,True,DSC7l5LXr0QTAI9SwijqIg
5118,2020,6,24,Minneapolis,44.99442223488067,-93.27625630948702,CAoSLEFGMVFpcE9TVmgzQzJGU2YwZGFjNlJxMjFHMndNLUtxcFlXSUlYamRDeEF4,982,1,4810,1,11565,True,CAoSLEFGMVFpcE9TVmgzQzJGU2YwZGFjNlJxMjFHMndNLUtxcFlXSUlYamRDeEF4
1959,2019,6,17,Minneapolis,44.95933469590562,-93.25113750232074,Mvm3wwkazSCGphf-raMeqA,1420,1,4774,4,11569,True,Mvm3wwkazSCGphf-raMeqA
3974,2013,8,44,Minneapolis,44.98127230275199,-93.237030504461,io4j4jwlQCp1aXykY2Dn2A,1966,0,2245,8,11576,True,io4j4jwlQCp1aXykY2Dn2A
5190,2013,8,114,Minneapolis,44.99523743468841,-93.29609399938924,F5dh8ef0QUl8LSzeqkg8rA,2896,0,3880,3,11581,True,F5dh8ef0QUl8LSzeqkg8rA
2646,2016,8,284,Minneapolis,44.96746559890731,-93.29199673548052,ODtyH2kH2EpARQzwA-eYiw,2493,1,4813,1,11589,True,ODtyH2kH2EpARQzwA-eYiw
3858,2014,9,253,Minneapolis,44.9803263336497,-93.26029484995888,q8k9pgQzekHRTFTP9vBfqw,1623,1,2874,7,11590,True,q8k9pgQzekHRTFTP9vBfqw
2785,2017,8,47,Minneapolis,44.96832887054129,-93.24403893357618,Np_dg0sNel6-WAparFL55g,2932,0,3969,6,11591,True,Np_dg0sNel6-WAparFL55g
3570,2017,10,186,Minneapolis,44.97741975727919,-93.27748620257468,8pnn4B2NWK3b56L3t5PC2A,1340,1,4814,1,11594,True,8pnn4B2NWK3b56L3t5PC2A
3424,2017,8,174,Minneapolis,44.97523459345393,-93.2419242379467,c91on_5h6GqznMZQMVZORg,2741,0,3522,4,11595,True,c91on_5h6GqznMZQMVZORg
1085,2009,10,174,Minneapolis,44.9493808189596,-93.21528532987102,W_QM-D8ROuIl11WrqchDwQ,2344,1,3470,3,11599,True,W_QM-D8ROuIl11WrqchDwQ
1791,2016,11,102,Minneapolis,44.95735918101523,-93.23706966200773,vntjVLbaailUKcD06DfPDw,1436,1,4815,4,11603,True,vntjVLbaailUKcD06DfPDw
867,2019,6,136,Minneapolis,44.94726136103181,-93.25125362618158,XLKLrQvtnD9d8OI7--j2Hg,2030,1,4816,1,11604,True,XLKLrQvtnD9d8OI7--j2Hg
3840,2017,10,274,Minneapolis,44.9797313616528,-93.28205871166789,ZdvCj_Y7zRW503INqrunLg,2435,1,4818,3,11608,True,ZdvCj_Y7zRW503INqrunLg
4963,2014,9,310,Minneapolis,44.99238146832259,-93.247314126529,9n-6ocruK3uZONB5kvbusA,946,1,2338,3,11610,True,9n-6ocruK3uZONB5kvbusA
1340,2015,9,113,Minneapolis,44.95242614149857,-93.23311770795311,E6psSlgeZWW2JWwOmWInDA,2572,1,4819,2,11613,True,E6psSlgeZWW2JWwOmWInDA
4681,2016,10,338,Minneapolis,44.98910878912471,-93.26259200914085,FxVo7KK4CJHH4DD-mNMmZg,2295,1,4361,4,11619,True,FxVo7KK4CJHH4DD-mNMmZg
3970,2011,6,206,Minneapolis,44.98120052717032,-93.23888015336982,wI3x2QwSK0F01mnTEhe_CA,1864,1,4821,2,11627,True,wI3x2QwSK0F01mnTEhe_CA
3417,2019,6,344,Minneapolis,44.97507182544972,-93.24912941744488,MWgOfdXly77T2gV49qM9-A,1693,1,4822,1,11631,True,MWgOfdXly77T2gV49qM9-A
737,2014,8,72,Minneapolis,44.94659388520319,-93.29015144123991,c6pjroOQfmA45EGS_0IfOg,1302,1,4823,3,11632,True,c6pjroOQfmA45EGS_0IfOg
1241,2011,6,199,Minneapolis,44.95142444831112,-93.2407263429352,toyGkj_iHZWHCiDYb_x6Xg,1756,0,1968,7,11641,True,toyGkj_iHZWHCiDYb_x6Xg
1800,2016,9,128,Minneapolis,44.95739782965913,-93.22813909181436,NXB8ohW-pukis6zqmR5E1A,1108,1,2249,4,11642,True,NXB8ohW-pukis6zqmR5E1A
667,2014,8,112,Minneapolis,44.94534685856289,-93.26901300490287,lg1O2CXeRA3aKvCLSloEhg,2893,1,4825,1,11645,True,lg1O2CXeRA3aKvCLSloEhg
4894,2007,6,125,Minneapolis,44.99140932552463,-93.22918310943125,PxT94qmq97egucZErRznfA,445,1,1886,4,11646,True,PxT94qmq97egucZErRznfA
533,2019,6,254,Minneapolis,44.94326074746623,-93.22103818261662,861AkQmS970ngONovOwigw,1956,3,4826,1,11647,True,861AkQmS970ngONovOwigw
5086,2011,7,112,Minneapolis,44.99241812734621,-93.21904504368632,cUFjE8IRW_QkbYeDBZLurA,1622,3,4827,1,11648,True,cUFjE8IRW_QkbYeDBZLurA
3644,2019,7,257,Minneapolis,44.97898670294857,-93.29307367362496,gZvA33cgnFlWqpqg0fn0qQ,1096,2,4828,1,11651,True,gZvA33cgnFlWqpqg0fn0qQ
541,2009,10,22,Minneapolis,44.94328577187492,-93.2131499328054,FhtU3-jm0gf1M414QW2S0A,993,3,4829,1,11653,True,FhtU3-jm0gf1M414QW2S0A
2648,2017,8,110,Minneapolis,44.9675076169437,-93.28976875707752,YMj_Lzf7W8WU7koocm5Zug,1439,1,4830,1,11654,True,YMj_Lzf7W8WU7koocm5Zug
2717,2014,9,19,Minneapolis,44.96732876172997,-93.2211358537284,i3kHM-Q1iNpc5kTnCCnoEw,2280,0,2712,9,11655,True,i3kHM-Q1iNpc5kTnCCnoEw
2521,2015,9,342,Minneapolis,44.96526616326369,-93.23497004478656,_nukPLs3kLAlhokNYEO89w,1925,2,4831,3,11659,True,_nukPLs3kLAlhokNYEO89w
1730,2011,9,21,Minneapolis,44.95732375200093,-93.29820458988,nv8xHHa0v1dGyyzyML2emg,1115,2,4833,1,11669,True,nv8xHHa0v1dGyyzyML2emg
7,2014,10,296,Minneapolis,44.93831559521249,-93.29204152783592,9spwHmCcpBUBXW_cOOs-lw,690,0,711,5,11671,True,9spwHmCcpBUBXW_cOOs-lw
1763,2011,6,181,Minneapolis,44.9573464091727,-93.26511975177648,t5pF7X-tHHWdF05sTrnlYQ,1053,1,1128,5,11672,True,t5pF7X-tHHWdF05sTrnlYQ
1505,2007,7,296,Minneapolis,44.95428351119696,-93.2499350394724,h-GzLCJYaZGjXhMua_o8Ow,1997,0,2296,3,11674,True,h-GzLCJYaZGjXhMua_o8Ow
103,2019,5,170,Minneapolis,44.93932747215889,-93.2869111234542,8BiEvijCnguRzCtKB5ho9Q,535,0,548,7,11675,True,8BiEvijCnguRzCtKB5ho9Q
3732,2009,7,142,Minneapolis,44.9792702343762,-93.29819451577892,4UHC8OoQN8FsC0XychQXeA,2734,1,4834,2,11685,True,4UHC8OoQN8FsC0XychQXeA
4666,2019,6,67,Minneapolis,44.98941264469764,-93.27696134873898,hQcNyDbhjds6EqYH1koUrw,1744,0,1953,3,11687,True,hQcNyDbhjds6EqYH1koUrw
3568,2019,6,266,Minneapolis,44.97730661203969,-93.28018389509673,3zdmRFu3WPM4R4pilQdgvA,883,0,922,5,11698,True,3zdmRFu3WPM4R4pilQdgvA
744,2019,5,218,Minneapolis,44.94633193682444,-93.28304981889532,K1WxIteoRxkZnhZYdtl5xQ,648,0,664,3,11700,True,K1WxIteoRxkZnhZYdtl5xQ
2639,2014,9,153,Minneapolis,44.96733645131899,-93.29947138996457,oq9TlLBz2A_kST_ByRZ9NQ,2019,1,3846,3,11704,True,oq9TlLBz2A_kST_ByRZ9NQ
4985,2014,9,288,Minneapolis,44.99235720152409,-93.22519716516324,7gL6pQGR_UbJ0fWrp0H3dg,3076,0,4389,4,11707,True,7gL6pQGR_UbJ0fWrp0H3dg
4072,2019,7,93,Minneapolis,44.98269244765876,-93.23225902040576,ncffZzX9Xu566ORlUAkutw,1457,1,4013,6,11709,True,ncffZzX9Xu566ORlUAkutw
1773,2014,9,342,Minneapolis,44.9573524977358,-93.25517501928596,CuMbFZ4NiOd0B-upSAtH5g,102,1,4837,2,11714,True,CuMbFZ4NiOd0B-upSAtH5g
3590,2016,11,242,Minneapolis,44.97721686409184,-93.25425979845944,4NhqximyUncRR2RZF2BQcQ,1509,1,4838,1,11719,True,4NhqximyUncRR2RZF2BQcQ
414,2011,9,145,Minneapolis,44.94232861841071,-93.24868407597933,5iR31MKbAxcIptW4nvJETg,2802,1,4839,1,11724,True,5iR31MKbAxcIptW4nvJETg
3977,2015,9,263,Minneapolis,44.97993216239956,-93.23103559605087,MlpsB6hojv59Wh4queqDpw,638,0,654,6,11726,True,MlpsB6hojv59Wh4queqDpw
3777,2009,6,252,Minneapolis,44.97809525698552,-93.25206146565068,e1uQS9Ad-ovTeBaelujQNQ,2128,3,4841,1,11738,True,e1uQS9Ad-ovTeBaelujQNQ
1406,2009,10,235,Minneapolis,44.953316930238,-93.25757768169044,Nl-iNc5g36ONwXvrBhOJFw,645,0,661,6,11739,True,Nl-iNc5g36ONwXvrBhOJFw
2268,2019,6,133,Minneapolis,44.96239691123034,-93.21499644494868,iXVucBjbsqJGpd1jJwFx3Q,3178,0,4842,4,11741,True,iXVucBjbsqJGpd1jJwFx3Q
4597,2011,6,249,Minneapolis,44.98827495498203,-93.2500120332592,OrWpatoQXfNsbSXBWcWh1A,1985,1,4843,1,11743,True,OrWpatoQXfNsbSXBWcWh1A
2424,2016,11,308,Minneapolis,44.96426736588039,-93.24109850448494,ITK2Ifor6hmf1pTqH0TI_Q,1858,0,2106,7,11745,True,ITK2Ifor6hmf1pTqH0TI_Q
4524,2015,10,277,Minneapolis,44.98725115817902,-93.23330162867504,3gBSwZ8_TOO0iUO2MVzwmA,2808,0,3665,6,11749,True,3gBSwZ8_TOO0iUO2MVzwmA
647,2007,7,229,Minneapolis,44.94530434027041,-93.28942992142798,FC7b1quQPF2Pjx2NvdSA9Q,972,1,4844,1,11755,True,FC7b1quQPF2Pjx2NvdSA9Q
3089,2014,9,345,Minneapolis,44.97141011416916,-93.21301247368557,rP8nsI236brhdIENMP1APg,3083,0,4420,4,11762,True,rP8nsI236brhdIENMP1APg
5078,2014,9,82,Minneapolis,44.99328859638483,-93.22283750440204,nK_d4J8Zi3hZE73eWPCJlw,2861,2,4845,2,11763,True,nK_d4J8Zi3hZE73eWPCJlw
1547,2019,5,118,Minneapolis,44.95517107704882,-93.2985840105108,Ra79RsBzXZ086GTIv7ZZ0Q,1955,0,2231,3,11765,True,Ra79RsBzXZ086GTIv7ZZ0Q
40,2011,9,292,Minneapolis,44.93833479555516,-93.25877161842264,li0u3ayL5FsPLAVUPPYP9A,722,1,1449,5,11771,True,li0u3ayL5FsPLAVUPPYP9A
1347,2011,7,331,Minneapolis,44.9520055410693,-93.22612176182102,t3bUDLWPk94zstAFezU-ow,2748,0,3539,4,11776,True,t3bUDLWPk94zstAFezU-ow
2101,2011,6,0,Minneapolis,44.96092160134206,-93.29112562947806,jrEmihhxrOtXX2gQ-l2icg,2497,1,4847,1,11778,True,jrEmihhxrOtXX2gQ-l2icg
3794,2007,6,182,Minneapolis,44.9791977589706,-93.2382503151966,Um3QoRlHBFTYYS6u7irD7w,3129,1,4848,3,11781,True,Um3QoRlHBFTYYS6u7irD7w
3154,2012,8,136,Minneapolis,44.97308737393256,-93.23937962675616,oAdhVM9XwfBiyUWm6GjTlw,1167,0,1244,9,11782,True,oAdhVM9XwfBiyUWm6GjTlw
1674,2014,10,58,Minneapolis,44.95635712334091,-93.2626120973582,AF4bP_EwViomJXhHuoV8bg,2073,1,4851,1,11789,True,AF4bP_EwViomJXhHuoV8bg
1608,2019,6,93,Minneapolis,44.9555831714943,-93.23819670246748,QSlv9UBfQbpr5JuN3bDWsA,1048,1,1363,3,11791,True,QSlv9UBfQbpr5JuN3bDWsA
1748,2007,7,74,Minneapolis,44.95733484280376,-93.28010862159718,QMp2kb-ul3uCAmXWMyu32A,109,1,4853,1,11792,True,QMp2kb-ul3uCAmXWMyu32A
4099,2007,8,175,Minneapolis,44.98298059353944,-93.294807124283,pImvOXgVBg8tRgWpstV6ag,2254,0,2665,3,11793,True,pImvOXgVBg8tRgWpstV6ag
877,2011,10,79,Minneapolis,44.94729661690348,-93.24062986392104,_FPnKhQx1-GA2dPnPg6n5Q,448,0,457,4,11797,True,_FPnKhQx1-GA2dPnPg6n5Q
38,2009,10,337,Minneapolis,44.93832192901904,-93.26130452448662,bc0a52S_thazWWQgw0dZ5g,1170,1,2262,3,11804,True,bc0a52S_thazWWQgw0dZ5g
1610,2007,7,214,Minneapolis,44.9555681990949,-93.23623843352652,0SgIn22IPyHqinYJSfa5ng,938,1,4855,1,11811,True,0SgIn22IPyHqinYJSfa5ng
320,2019,7,274,Minneapolis,44.94136773553744,-93.25210405314456,15HnzWxCqCg7QGHjZxMMoQ,3046,1,4664,5,11813,True,15HnzWxCqCg7QGHjZxMMoQ
3155,2009,10,100,Minneapolis,44.97241683199075,-93.237820875036,BOWptpe5gu2LiEoLNQwvnw,1780,1,4740,6,11816,True,BOWptpe5gu2LiEoLNQwvnw
2668,2009,7,225,Minneapolis,44.96733501861306,-93.26994598508584,sGWDpNITuse4I3ZjmvK7Fg,2608,0,3271,6,11820,True,sGWDpNITuse4I3ZjmvK7Fg
1583,2019,6,306,Minneapolis,44.95556117834991,-93.26314323706968,R9yhEWjLOzwth7z17Axdug,129,0,130,6,11822,True,R9yhEWjLOzwth7z17Axdug
3589,2011,7,238,Minneapolis,44.97744143252412,-93.26257147273404,DNNO4UFESios-N4b67KROQ,574,1,3803,3,11826,True,DNNO4UFESios-N4b67KROQ
1587,2007,7,354,Minneapolis,44.95558465704658,-93.25906522175444,X7B71Rv_WaiWOS02WUwNsQ,712,0,733,6,11831,True,X7B71Rv_WaiWOS02WUwNsQ
643,2014,10,199,Minneapolis,44.94533421822446,-93.293235138029,NSoi7FKdF_s8lMLcGYTEmQ,2240,0,2647,5,11835,True,NSoi7FKdF_s8lMLcGYTEmQ
4397,2011,6,279,Minneapolis,44.98658264785973,-93.2706790610917,34PrTaS49L25nNeQf4OyRg,2350,0,2816,7,11836,True,34PrTaS49L25nNeQf4OyRg
343,2015,9,146,Minneapolis,44.94131561814621,-93.22909202458332,mHbmDMEHcgVGCbG7D7AOFQ,1335,3,4857,1,11839,True,mHbmDMEHcgVGCbG7D7AOFQ
293,2019,5,217,Minneapolis,44.9413378206964,-93.27924600570732,N5_NOW1VEdj26Cr2UOj_2g,2681,0,3401,4,11840,True,N5_NOW1VEdj26Cr2UOj_2g
787,2019,6,179,Minneapolis,44.94655389006991,-93.24008485179137,UjnVjSFCc2WCaDesqxDXpA,3170,1,4858,4,11841,True,UjnVjSFCc2WCaDesqxDXpA
636,2009,10,217,Minneapolis,44.9443550578115,-93.20872373940804,YeNQXHqPdyfq_xCG8g_5Bw,3161,1,4859,2,11845,True,YeNQXHqPdyfq_xCG8g_5Bw
2648,2014,9,293,Minneapolis,44.96753177989844,-93.28978351037247,t1Mly_JRgQCyPEXLvjXg0g,1439,0,1572,5,11850,True,t1Mly_JRgQCyPEXLvjXg0g
3917,2007,8,322,Minneapolis,44.9813441139794,-93.29612278692348,9FWCiMUqMfg-42JEBK7S8Q,1802,0,2032,7,11851,True,9FWCiMUqMfg-42JEBK7S8Q
684,2019,6,7,Minneapolis,44.94530520624371,-93.25246337847736,2zXIJSXlCKgXNXiUNNSIng,788,1,4806,3,11853,True,2zXIJSXlCKgXNXiUNNSIng
4521,2019,6,296,Minneapolis,44.98700712710509,-93.24239748184942,iq9z6E_XPntlueUChFGkEg,708,1,3826,3,11871,True,iq9z6E_XPntlueUChFGkEg
151,2007,7,204,Minneapolis,44.9392700292941,-93.23889486269006,Lwx2PBuF5k8olJOYXZKkQg,2946,1,4862,1,11875,True,Lwx2PBuF5k8olJOYXZKkQg
1763,2009,7,275,Minneapolis,44.95734367473543,-93.2651171313194,L7nldhO8Y9CPimloqqxzbw,1053,0,1110,3,11886,True,L7nldhO8Y9CPimloqqxzbw
1199,2011,6,94,Minneapolis,44.95125019840245,-93.28299562808871,03IBHcPdX2PMs3sEnNn8qw,3177,0,4840,4,11888,True,03IBHcPdX2PMs3sEnNn8qw
4218,2009,7,39,Minneapolis,44.98406854472467,-93.2695028170656,YmX5BYlchcF-nmHCjPy-YQ,3150,0,4700,5,11892,True,YmX5BYlchcF-nmHCjPy-YQ
2350,2009,6,304,Minneapolis,44.96307933756607,-93.22397768264148,qosurP3vZkSKba3sDQaOiA,377,1,2738,4,11895,True,qosurP3vZkSKba3sDQaOiA
647,2016,9,56,Minneapolis,44.94529723962228,-93.28942028018096,NAnTiJk5XbShXAFRWtpwxw,972,0,1021,5,11899,True,NAnTiJk5XbShXAFRWtpwxw
975,2014,10,315,Minneapolis,44.94834844871387,-93.23421508674264,hdmUaokvzjoG3BbTjj-pnA,1824,0,2064,8,11905,True,hdmUaokvzjoG3BbTjj-pnA
539,2013,8,105,Minneapolis,44.94328946316085,-93.21509469614664,BfW0YwJGYddDkTbLGiORkQ,2962,0,4043,3,11908,True,BfW0YwJGYddDkTbLGiORkQ
2768,2007,7,221,Minneapolis,44.96827401858606,-93.26105108202306,FZwox9iRXs-hbHb8EkXvIg,1428,2,4863,1,11912,True,FZwox9iRXs-hbHb8EkXvIg
5024,2019,7,24,Minneapolis,44.99333069451566,-93.27985775087856,AnxgQuEKefItI__Xy9pXsA,617,1,2465,5,11913,True,AnxgQuEKefItI__Xy9pXsA
760,2014,9,184,Minneapolis,44.94668922766871,-93.26715216340098,YMVAJngKS0GlaJIOL6ShJw,898,1,4864,2,11915,True,YMVAJngKS0GlaJIOL6ShJw
3106,2016,11,255,Minneapolis,44.97228197568182,-93.28714849006806,Nv_BpjCK3ZtkVD6F_PuSKg,2708,0,3458,12,11916,True,Nv_BpjCK3ZtkVD6F_PuSKg
320,2014,9,113,Minneapolis,44.94135196562291,-93.2521156655666,OurE74dWNSJyiYHs4dHzSA,3046,0,4273,4,11922,True,OurE74dWNSJyiYHs4dHzSA
1702,2016,10,209,Minneapolis,44.95632776180017,-93.2346340795266,vTDfjBfaJPYuPHl_KuoxBA,326,1,4865,2,11930,True,vTDfjBfaJPYuPHl_KuoxBA
1835,2011,8,302,Minneapolis,44.95833067544874,-93.28422557028544,69VEfzbKjogZj2mecOzMXA,3108,0,4507,4,11934,True,69VEfzbKjogZj2mecOzMXA
4073,2019,6,197,Minneapolis,44.98209384809675,-93.23333929419287,rikpZ8sg79kLbyICZamE3A,1435,1,4866,2,11935,True,rikpZ8sg79kLbyICZamE3A
2176,2016,11,332,Minneapolis,44.96137556953071,-93.21597046778489,f3LOI3U2R-wZIH73uJU8rg,1683,1,4676,4,11944,True,f3LOI3U2R-wZIH73uJU8rg
1620,2013,8,162,Minneapolis,44.95560783506489,-93.226207212399,l1YqAM6wy04ZQgEJq4SO4w,3181,0,4867,4,11945,True,l1YqAM6wy04ZQgEJq4SO4w
2388,2007,7,298,Minneapolis,44.9639621759843,-93.27716087773484,cxrQRe73j3OCC4r2UfoQPA,337,0,342,5,11946,True,cxrQRe73j3OCC4r2UfoQPA
1816,2017,8,233,Minneapolis,44.95742210109161,-93.21168440215794,2mEbiW0drZrp72Q2gM0qDg,1761,2,4868,2,11948,True,2mEbiW0drZrp72Q2gM0qDg
549,2014,8,234,Minneapolis,44.94433285435913,-93.29579432026178,fI_ALlT2sFfoPaHor8XHkg,2445,0,2988,5,11951,True,fI_ALlT2sFfoPaHor8XHkg
3214,2013,8,316,Minneapolis,44.97336734633472,-93.2700868202364,7fpJ1bcHsop68dHYDDEeDg,1649,0,1823,8,11956,True,7fpJ1bcHsop68dHYDDEeDg
744,2011,6,35,Minneapolis,44.9463471317374,-93.28302283294695,XzlvwWsH4HmPWIoZud7Rvw,648,1,4870,2,11959,True,XzlvwWsH4HmPWIoZud7Rvw
249,2008,9,88,Minneapolis,44.9401348655559,-93.232657643487,sc9sDVRzzqA3mV7Xie-zyQ,1930,0,2202,10,11962,True,sc9sDVRzzqA3mV7Xie-zyQ
5074,2019,6,205,Minneapolis,44.9932735440609,-93.23515940913398,3MqkvZC1ShcSQ2Ocpxe9Yw,1061,2,4871,1,11964,True,3MqkvZC1ShcSQ2Ocpxe9Yw
218,2014,10,129,Minneapolis,44.94029142525811,-93.26261153239348,bGi4FVyHz7Slv6azWO0Ubg,801,1,3753,4,11967,True,bGi4FVyHz7Slv6azWO0Ubg
708,2019,6,240,Minneapolis,44.94529209697122,-93.2284111989161,a569u0uwTdP6fpWYURER9g,1642,0,1815,3,11968,True,a569u0uwTdP6fpWYURER9g
965,2011,6,91,Minneapolis,44.94840505543858,-93.24418114879126,hHsRjACVemxplMM3uizlLg,1765,1,4872,1,11970,True,hHsRjACVemxplMM3uizlLg
658,2017,8,227,Minneapolis,44.94526677261758,-93.27792165774022,vvDcNrEIoX6wStFcZ7CwIw,1118,0,1185,4,11973,True,vvDcNrEIoX6wStFcZ7CwIw
362,2019,6,334,Minneapolis,44.94133188510713,-93.2101851336103,nEscfmZ2wc-c-7-Bab4OFA,2318,0,2771,3,11974,True,nEscfmZ2wc-c-7-Bab4OFA
4714,2009,6,147,Minneapolis,44.98965977027357,-93.22614286975494,ymAwTddqXmrHj23HiGgp3Q,308,0,312,4,11977,True,ymAwTddqXmrHj23HiGgp3Q
297,2014,7,168,Minneapolis,44.94133598359511,-93.27519963919217,R5bzbEijvA2_CxXV00w-1A,1882,0,2137,9,11978,True,R5bzbEijvA2_CxXV00w-1A
4228,2014,9,315,Minneapolis,44.9841806716607,-93.25688482996637,IaP0MfcHq4h0ku4rggDW7A,914,0,954,6,11981,True,IaP0MfcHq4h0ku4rggDW7A
3918,2007,8,299,Minneapolis,44.98139787943155,-93.29527607216126,gKk0XQxvYmKDFKXyaLYiow,3085,0,4425,5,11985,True,gKk0XQxvYmKDFKXyaLYiow
1859,2016,10,302,Minneapolis,44.95826878484721,-93.26005426408258,WlR_MPZ2nK0VyaRncag_hA,2552,1,4873,2,11989,True,WlR_MPZ2nK0VyaRncag_hA
2812,2009,6,174,Minneapolis,44.96861262698311,-93.21740565200334,0w_wivJ8aHKwDyetovYlPA,2487,0,3066,6,11997,True,0w_wivJ8aHKwDyetovYlPA
145,2013,8,200,Minneapolis,44.93929155411278,-93.24483447278912,2ZvkAV3hfN58YW88p0kvLA,822,1,4874,3,11999,True,2ZvkAV3hfN58YW88p0kvLA
554,2014,8,282,Minneapolis,44.9443091119136,-93.29068388392368,h9gTqmqvNYWEHzQQRwakUw,2707,1,4875,3,12012,True,h9gTqmqvNYWEHzQQRwakUw
2035,2011,7,207,Minneapolis,44.96033869507573,-93.2664101854936,VxdjdTD8Du0IwWUWwQMzLQ,2346,1,4772,3,12017,True,VxdjdTD8Du0IwWUWwQMzLQ
3141,2019,7,144,Minneapolis,44.97226517286287,-93.25219182277816,wRdgI-vlknXC1-LduFmE-A,2967,0,4052,8,12019,True,wRdgI-vlknXC1-LduFmE-A
4860,2019,6,14,Minneapolis,44.99146490659997,-93.26053009571548,H8i_nFEunTAoahQXXicvRg,2629,1,3514,4,12022,True,H8i_nFEunTAoahQXXicvRg
3875,2009,7,349,Minneapolis,44.98136710005308,-93.25020863160177,MxHFuTKMpvnMwXYGLpEvgQ,3182,0,4877,4,12027,True,MxHFuTKMpvnMwXYGLpEvgQ
1331,2011,10,114,Minneapolis,44.95192814043093,-93.24219970237328,_me1FtISxEFmhtt72olB2w,587,0,600,7,12028,True,_me1FtISxEFmhtt72olB2w
782,2016,8,258,Minneapolis,44.94631130100401,-93.24486733651432,8WSueDoR_hFdhXH2BcY6aA,1419,1,4878,2,12029,True,8WSueDoR_hFdhXH2BcY6aA
345,2019,6,158,Minneapolis,44.94130189555904,-93.22708701398147,kLvOoDvEybEitRma_kb3pg,2977,2,4879,2,12030,True,kLvOoDvEybEitRma_kb3pg
2331,2019,6,72,Minneapolis,44.96331916409082,-93.24253035893292,ytbMhpCxZW7H81dxir9x_A,834,1,1322,5,12033,True,ytbMhpCxZW7H81dxir9x_A
1967,2017,8,45,Minneapolis,44.95917354439666,-93.2431253679189,QSqIzYO3s47ncCCJuUChFw,1651,0,1826,6,12036,True,QSqIzYO3s47ncCCJuUChFw
4048,2019,6,178,Minneapolis,44.98310849619917,-93.25960202299554,Ql-TKHFnP4hqmQCVifGbLg,2104,0,2452,6,12045,True,Ql-TKHFnP4hqmQCVifGbLg
4504,2009,6,43,Minneapolis,44.98777527394304,-93.25080723053178,ky_lgpNnUlZmUlJg7ma6tQ,1036,0,1092,5,12046,True,ky_lgpNnUlZmUlJg7ma6tQ
4483,2019,6,150,Minneapolis,44.98696111245695,-93.27362033473018,C-pBDaGTF0TCBWdikryGGA,304,2,4880,1,12048,True,C-pBDaGTF0TCBWdikryGGA
5008,2011,6,159,Minneapolis,44.99327814946371,-93.29720185306584,ANTx8NsGwAybTq33h34Qjw,851,1,1359,3,12052,True,ANTx8NsGwAybTq33h34Qjw
558,2007,7,217,Minneapolis,44.94434582130534,-93.28688506138118,5Icd6nW-OyeNpr0enmg0iw,1991,1,4201,3,12072,True,5Icd6nW-OyeNpr0enmg0iw
2406,2019,6,269,Minneapolis,44.96394700952662,-93.2591191969832,eppLS_RxmArAgGkw4Wq2GA,639,0,655,5,12075,True,eppLS_RxmArAgGkw4Wq2GA
2198,2014,9,184,Minneapolis,44.96226273039913,-93.28546891436544,mzecJJcDZp2GBkQI7NeE3g,3138,0,4646,5,12078,True,mzecJJcDZp2GBkQI7NeE3g
3067,2015,9,302,Minneapolis,44.97134130811249,-93.23509460174506,v-aDn6HVTJG3Xv-tTuNN6g,383,0,389,8,12085,True,v-aDn6HVTJG3Xv-tTuNN6g
3980,2017,8,68,Minneapolis,44.98161348562738,-93.23674531113878,qoSn0iOeStTdIF4dpEHMug,1539,0,1684,8,12087,True,qoSn0iOeStTdIF4dpEHMug
4274,2011,7,206,Minneapolis,44.98481718133684,-93.21003580386603,VkwhjYSp7AAJ8EZVEC-HxA,1750,1,4884,1,12090,True,VkwhjYSp7AAJ8EZVEC-HxA
4069,2014,9,227,Minneapolis,44.98223696311686,-93.23807004994394,vsPXEqCtijFUisl20UEeTQ,2229,0,2628,5,12094,True,vsPXEqCtijFUisl20UEeTQ
1951,2019,6,358,Minneapolis,44.95910550608216,-93.25906982917743,LGy7pvwpd_9jdCxtU9V-rQ,2138,1,3731,4,12101,True,LGy7pvwpd_9jdCxtU9V-rQ
1818,2014,9,35,Minneapolis,44.95717740054015,-93.2098504662801,6jhHb6dNQNKZnIbml0R_OQ,2833,1,4885,2,12102,True,6jhHb6dNQNKZnIbml0R_OQ
3045,2007,7,262,Minneapolis,44.9711477505997,-93.25672727753349,cSXHnzwhYXvCvKVF6laYrg,2196,1,4886,3,12104,True,cSXHnzwhYXvCvKVF6laYrg
3860,2014,9,17,Minneapolis,44.98019389784331,-93.26430585249312,EYKZZF5CZggxCHb21if8dQ,831,0,864,7,12105,True,EYKZZF5CZggxCHb21if8dQ
2533,2009,7,154,Minneapolis,44.96570436122183,-93.22270291409708,YLa5eazDtoyAAQn9Ze_brA,2521,0,3118,7,12106,True,YLa5eazDtoyAAQn9Ze_brA
2196,2009,7,196,Minneapolis,44.96217311290005,-93.28675252551696,zVpDwhvZW0moS5j_UiP5pA,2499,0,3085,5,12118,True,zVpDwhvZW0moS5j_UiP5pA
2747,2011,6,180,Minneapolis,44.96832620436651,-93.28185153245538,_T33zCAJprLZYQuouTqIuw,1129,1,4889,2,12121,True,_T33zCAJprLZYQuouTqIuw
3263,2009,6,103,Minneapolis,44.97329910011494,-93.22120389235532,hngvTKEv3zt6mgYVFbk-Vg,2654,0,3349,6,12124,True,hngvTKEv3zt6mgYVFbk-Vg
1996,2009,10,315,Minneapolis,44.9596495821833,-93.21360744991536,pdbsmCWloollR3iFsd5GRA,2231,0,2633,3,12126,True,pdbsmCWloollR3iFsd5GRA
53,2014,9,291,Minneapolis,44.9382581763108,-93.24608719884924,3-KchtlfsAAj-Za29KVo1A,3162,1,4890,2,12131,True,3-KchtlfsAAj-Za29KVo1A
4572,2014,9,350,Minneapolis,44.98846136352766,-93.27793993193804,bZLgF-hQFtJ1xSEJRIK3MQ,10,0,10,7,12132,True,bZLgF-hQFtJ1xSEJRIK3MQ
5219,2011,6,213,Minneapolis,44.99533298201519,-93.26617236851015,u0-eTESpZa1hpP_iwzG4eA,2944,1,4891,2,12134,True,u0-eTESpZa1hpP_iwzG4eA
2090,2009,10,289,Minneapolis,44.96013188157517,-93.21091240810304,YHzh_-Qb3Rte_0XWtk556w,2596,1,4892,1,12135,True,YHzh_-Qb3Rte_0XWtk556w
663,2013,8,32,Minneapolis,44.94530907889479,-93.2728227732332,nE4c9FBk-yZC-Pl6M2ewvA,586,1,4893,2,12136,True,nE4c9FBk-yZC-Pl6M2ewvA
4610,2012,8,288,Minneapolis,44.98831951457834,-93.23608066500772,W0xMsFYxZ3NSjCJt51AhzQ,2187,0,2564,7,12138,True,W0xMsFYxZ3NSjCJt51AhzQ
2657,2017,11,286,Minneapolis,44.96728756139734,-93.28084327825556,og6zuXWK1QKlI5gwpOjbIw,567,1,4894,1,12141,True,og6zuXWK1QKlI5gwpOjbIw
5085,2019,6,257,Minneapolis,44.99339727945194,-93.21646714953398,GJCcTt9SLud5ZQu7hgn10w,1993,1,4895,1,12150,True,GJCcTt9SLud5ZQu7hgn10w
4783,2011,6,262,Minneapolis,44.99065738332876,-93.24577634883832,SAkhC810p5-az4R6LqfyzA,3184,0,4896,1,12154,True,SAkhC810p5-az4R6LqfyzA
1003,2018,10,37,Minneapolis,44.94924744939692,-93.29706664610926,kB17mlYtmt1GBO3HnRDktQ,2792,1,4897,3,12156,True,kB17mlYtmt1GBO3HnRDktQ
2845,2019,6,47,Minneapolis,44.96935393057714,-93.27646914738928,pnJF5v-W2EssajmDZdOGOg,544,0,557,8,12158,True,pnJF5v-W2EssajmDZdOGOg
523,2011,7,160,Minneapolis,44.94296936532113,-93.23113614741588,gI54Ul29hh4Ycqs7v1Di_Q,132,0,133,5,12159,True,gI54Ul29hh4Ycqs7v1Di_Q
3390,2018,9,239,Minneapolis,44.97513741979119,-93.27563468529816,rTBuLS5tJL5np7FaIPczCQ,2589,0,3244,7,12163,True,rTBuLS5tJL5np7FaIPczCQ
3829,2013,10,198,Minneapolis,44.98041037849306,-93.29508782915586,kchQJjOB4q2xiiEnjhjSuQ,649,2,4898,1,12166,True,kchQJjOB4q2xiiEnjhjSuQ
4328,2017,8,106,Minneapolis,44.98532881083399,-93.25239040069457,zNGc8ueBCZZkAmdxVh0mnQ,1556,0,1703,3,12177,True,zNGc8ueBCZZkAmdxVh0mnQ
2193,2011,9,141,Minneapolis,44.96233713914341,-93.2905697509751,1w1Qjg3O3diFIxBQT54Gkg,1916,0,2181,3,12178,True,1w1Qjg3O3diFIxBQT54Gkg
585,2019,5,269,Minneapolis,44.94429699638933,-93.26006336986242,_juxev6hGBgsMRWsBS-Tpg,2364,1,3877,6,12182,True,_juxev6hGBgsMRWsBS-Tpg
4812,2009,6,269,Minneapolis,44.99029018192943,-93.21773939033122,8H0Hb6P5MoucQIi8xJxJeQ,3176,0,4824,5,12192,True,8H0Hb6P5MoucQIi8xJxJeQ
793,2014,9,189,Minneapolis,44.94623286402881,-93.234453656216,3AoUFyZ-iD0pGEgVPbwgHw,443,0,452,5,12196,True,3AoUFyZ-iD0pGEgVPbwgHw
979,2019,6,267,Minneapolis,44.94833812035788,-93.23014903056637,i9fc4K3qvkUbcfQ0PTtvDQ,2461,0,3014,9,12198,True,i9fc4K3qvkUbcfQ0PTtvDQ
4274,2016,11,31,Minneapolis,44.98478557600071,-93.21005320278556,I4WqsdsJRP2Z7FaNtouOmA,1750,0,1961,4,12199,True,I4WqsdsJRP2Z7FaNtouOmA
2888,2009,10,190,Minneapolis,44.96800184234003,-93.23281192012742,paFqZ2j1ruGethKhpG8ELQ,2086,1,4901,2,12201,True,paFqZ2j1ruGethKhpG8ELQ
296,2019,5,216,Minneapolis,44.9413766274991,-93.27609812731238,ai5hCmnAL4sEdUQMjLeVCw,2798,1,4902,1,12202,True,ai5hCmnAL4sEdUQMjLeVCw
652,2007,7,170,Minneapolis,44.9452934188194,-93.28433430385424,aluAJeIke37v0gN8N3K7PQ,57,1,4903,1,12203,True,aluAJeIke37v0gN8N3K7PQ
740,2014,9,301,Minneapolis,44.9462620467394,-93.28686264939152,BcHszkui_acLhHmscajb6A,229,1,1594,3,12210,True,BcHszkui_acLhHmscajb6A
2282,2011,10,43,Minneapolis,44.96335455737935,-93.29180368263069,A5NOBKqcS1rANArR_wWevg,861,0,899,5,12214,True,A5NOBKqcS1rANArR_wWevg
538,2009,10,135,Minneapolis,44.9432691688116,-93.21610719055232,aGoIC7Vc9J8_Q92freRXYg,721,0,742,3,12215,True,aGoIC7Vc9J8_Q92freRXYg
2451,2016,11,90,Minneapolis,44.96456065093157,-93.21410694265148,J_Z4uIFZU352E0VsQ8MuFg,2014,1,2904,4,12216,True,J_Z4uIFZU352E0VsQ8MuFg
2303,2011,8,317,Minneapolis,44.96331839680072,-93.27149142506542,KmgebgK2XF65LIZV3RYx_g,2769,1,4178,6,12219,True,KmgebgK2XF65LIZV3RYx_g
1248,2011,7,290,Minneapolis,44.95131636531043,-93.23479848714148,aTcdHR4bwgxWN7qrhiv6XQ,1070,0,1133,7,12224,True,aTcdHR4bwgxWN7qrhiv6XQ
4150,2011,7,15,Minneapolis,44.98317957824163,-93.24090945371142,opIqB88bM6q6X1oMwFmGGQ,2933,0,3971,8,12240,True,opIqB88bM6q6X1oMwFmGGQ
4803,2013,8,340,Minneapolis,44.9903069129742,-93.22697568112928,1WvnatbvFPBpZB_uGjRDbw,13,1,3104,7,12243,True,1WvnatbvFPBpZB_uGjRDbw
5018,2011,6,146,Minneapolis,44.99331364854118,-93.28618609896137,9UakchbWmr6YWIgO7HXZUQ,2845,2,4905,1,12247,True,9UakchbWmr6YWIgO7HXZUQ
4511,2019,6,343,Minneapolis,44.98758454929713,-93.24385108221432,Kf7FplBmZput9822Fzf0mw,1940,1,4906,2,12250,True,Kf7FplBmZput9822Fzf0mw
3051,2011,6,343,Minneapolis,44.9712856555189,-93.25120105230316,g3Z4Me3OVqqkwyqfIZd24g,98,0,98,8,12254,True,g3Z4Me3OVqqkwyqfIZd24g
3166,2007,6,78,Minneapolis,44.97228855125228,-93.2270898968172,AOpwxpnu8HRHzhh3D2COGA,2210,1,4907,2,12255,True,AOpwxpnu8HRHzhh3D2COGA
2828,2011,10,189,Minneapolis,44.96985620915051,-93.29214324619042,GXtmcDUG18g8BPYVtD3RWg,572,0,585,4,12257,True,GXtmcDUG18g8BPYVtD3RWg
1878,2011,10,301,Minneapolis,44.95827143105887,-93.24128907265008,AFKB36Z7KsvHMGCxl1coIA,783,1,4908,1,12258,True,AFKB36Z7KsvHMGCxl1coIA
4680,2019,6,45,Minneapolis,44.98910757229042,-93.26448268099554,8iEItoWMqXdnNMXAZMOK5w,1112,1,4657,3,12266,True,8iEItoWMqXdnNMXAZMOK5w
445,2019,6,12,Minneapolis,44.94225319869124,-93.2178768987722,NQFZKdEPNHRmzHC7TW4F4Q,2440,1,3586,3,12267,True,NQFZKdEPNHRmzHC7TW4F4Q
1777,2007,7,295,Minneapolis,44.95728801950526,-93.25119934090428,7WWqKkg_8z_okX0bIL3-tQ,1593,0,1753,4,12272,True,7WWqKkg_8z_okX0bIL3-tQ
53,2011,8,104,Minneapolis,44.93827231958804,-93.2460784542795,ZdjYnYhIxrKYLDm7vB-VMg,3162,0,4766,5,12278,True,ZdjYnYhIxrKYLDm7vB-VMg
5071,2011,6,327,Minneapolis,44.99320867817089,-93.23077213749654,dX2t0S_vpQ5y_UmQsdLRBg,1798,0,2028,6,12281,True,dX2t0S_vpQ5y_UmQsdLRBg
4763,2017,8,351,Minneapolis,44.99043918278825,-93.261572147514,7a-b_43SbI363_8htaf3rw,2242,2,4910,2,12285,True,7a-b_43SbI363_8htaf3rw
5076,2009,7,106,Minneapolis,44.9933218643603,-93.22408349161618,u0TvcOuHgxmCtbuDsThFHA,523,0,536,10,12288,True,u0TvcOuHgxmCtbuDsThFHA
695,2013,8,76,Minneapolis,44.94529425085396,-93.2406508866796,9_JB88XjXrf5KqYwkHuuEA,2613,1,4415,4,12292,True,9_JB88XjXrf5KqYwkHuuEA
2494,2009,7,65,Minneapolis,44.96516040958738,-93.26207747299728,NZV0UxbxYl6cYaMgVHZeSA,530,0,543,10,12298,True,NZV0UxbxYl6cYaMgVHZeSA
42,2009,10,254,Minneapolis,44.93829762332308,-93.25749429278216,EZ3PpHOZuJGuKUibLz0Trg,2703,1,4911,1,12300,True,EZ3PpHOZuJGuKUibLz0Trg
344,2014,9,150,Minneapolis,44.94135662916152,-93.22807553886052,oW8qASJrEZfMSVU7LPNaPg,807,0,839,3,12308,True,oW8qASJrEZfMSVU7LPNaPg
2823,2019,5,256,Minneapolis,44.96905307488683,-93.29696905516812,3wi5EGBnUmppKyPYRRFDcQ,2383,0,2880,8,12310,True,3wi5EGBnUmppKyPYRRFDcQ
3234,2015,8,211,Minneapolis,44.97328679479165,-93.25009984872948,7kbHlDcmMnWuFNiv-NyCww,1191,1,4912,2,12314,True,7kbHlDcmMnWuFNiv-NyCww
4523,2009,10,314,Minneapolis,44.98743352560797,-93.23459256822868,vQTdtncw2jR0JaGgIXfSRg,2430,3,4913,1,12315,True,vQTdtncw2jR0JaGgIXfSRg
5242,2017,8,270,Minneapolis,44.99532727692934,-93.24736858808456,Cqy8fH3g-MHAZlnot5gQrA,3187,0,4914,2,12321,True,Cqy8fH3g-MHAZlnot5gQrA
742,2017,8,211,Minneapolis,44.94662368706779,-93.2851628445864,4D_Ge7yMDbwAm12YcugVgw,1796,1,2585,4,12326,True,4D_Ge7yMDbwAm12YcugVgw
1687,2011,8,51,Minneapolis,44.95632729031842,-93.2499151300236,SxeGnAlmGLu2tSGFuGP3gg,2951,1,4915,1,12327,True,SxeGnAlmGLu2tSGFuGP3gg
5162,2017,8,35,Minneapolis,44.99431741549296,-93.23723567358556,aJZYM1fGcqBUg9ykfKx1FA,2388,1,3710,4,12328,True,aJZYM1fGcqBUg9ykfKx1FA
2153,2009,6,112,Minneapolis,44.96125137662048,-93.23935151677188,33EdWHUku-qh4vWXaoM96g,601,1,4916,2,12334,True,33EdWHUku-qh4vWXaoM96g
2878,2019,6,282,Minneapolis,44.96924068879903,-93.24249201658978,GqZOezvAhZ2Zj6q4AAfAIQ,488,0,497,5,12335,True,GqZOezvAhZ2Zj6q4AAfAIQ
4320,2009,7,267,Minneapolis,44.98521471009835,-93.2572148322462,oT-zvooTEFyO8UOPoFY-TA,2981,2,4917,2,12337,True,oT-zvooTEFyO8UOPoFY-TA
2917,2014,9,253,Minneapolis,44.97035229452973,-93.29410534935307,5Xn6rsNZGmzud8KaFZmOfA,589,0,602,5,12341,True,5Xn6rsNZGmzud8KaFZmOfA
4193,2009,7,39,Minneapolis,44.98433124347513,-93.29402554247876,brxpxpuSMON4Mmb8yWFmBg,1906,1,4918,1,12350,True,brxpxpuSMON4Mmb8yWFmBg
4404,2011,6,6,Minneapolis,44.98651882450864,-93.2638364667461,4SNJ1Qe13i0nTCN30lK9KQ,1821,1,4919,1,12351,True,4SNJ1Qe13i0nTCN30lK9KQ
3588,2016,8,202,Minneapolis,44.97727573566548,-93.25899387889392,A70uE8ZkwbLoZe-ezhgsZQ,1970,0,2252,5,12352,True,A70uE8ZkwbLoZe-ezhgsZQ
1304,2019,6,233,Minneapolis,44.95233585583987,-93.26899802149237,IVYD9vC38WuXsR39hq1I0w,1516,0,1659,10,12354,True,IVYD9vC38WuXsR39hq1I0w
4058,2009,7,83,Minneapolis,44.9823779191476,-93.24705130767896,AEFZRDCGOefmMX_5YpTIYA,3188,0,4920,4,12355,True,AEFZRDCGOefmMX_5YpTIYA
3729,2009,9,102,Minneapolis,44.9789086655676,-93.21220605400636,7hvZOxOHSXEcGSEzcgwRJw,651,0,667,4,12356,True,7hvZOxOHSXEcGSEzcgwRJw
2819,2009,6,128,Minneapolis,44.96821457470552,-93.21020324763818,FcnU9lLClCQINZEsurNQ0g,3189,0,4921,2,12363,True,FcnU9lLClCQINZEsurNQ0g
882,2011,8,50,Minneapolis,44.94759680324717,-93.23545026192106,N4n3m0I7pTrac4YOndqwCA,819,0,852,7,12368,True,N4n3m0I7pTrac4YOndqwCA
3118,2019,6,125,Minneapolis,44.97270959746305,-93.27477189897029,n9mxfdUUj_rR6t3VSppwaQ,996,0,1049,7,12371,True,n9mxfdUUj_rR6t3VSppwaQ
1230,2015,8,31,Minneapolis,44.95125978430654,-93.25250756069404,GUyalMh8YjsT9k7M6-ajVg,21,1,4922,1,12373,True,GUyalMh8YjsT9k7M6-ajVg
4035,2011,7,261,Minneapolis,44.98229661090086,-93.26931018929584,H_fcc_Hu_7-sVACczEUMxw,498,1,4923,2,12376,True,H_fcc_Hu_7-sVACczEUMxw
4622,2017,8,218,Minneapolis,44.98832481758614,-93.22693304633307,dAvTtscKR2UrDQubsqJvGg,1271,0,1369,6,12378,True,dAvTtscKR2UrDQubsqJvGg
2320,2007,7,110,Minneapolis,44.96332889687218,-93.25396114439476,Nzv6ShaLT1OpmOBJRGpRLg,2223,1,4925,2,12380,True,Nzv6ShaLT1OpmOBJRGpRLg
365,2011,6,75,Minneapolis,44.94226201193801,-93.29833545211072,UF9cJKSXKCLyFdDOpalKVA,1496,1,3597,4,12382,True,UF9cJKSXKCLyFdDOpalKVA
530,2009,10,228,Minneapolis,44.94318822083841,-93.22412865460502,ef0JNBS1Ro8ehj_rSZEVqQ,1866,1,4689,3,12383,True,ef0JNBS1Ro8ehj_rSZEVqQ
394,2014,8,21,Minneapolis,44.94228405743631,-93.26896866079116,0JJ3b8_Stf60TWyQdnTldA,1334,1,4926,1,12384,True,0JJ3b8_Stf60TWyQdnTldA
3976,2009,7,175,Minneapolis,44.98132462710807,-93.2351609008685,Ba6brOvnU7E8FDar5PhrYQ,3015,2,4927,1,12385,True,Ba6brOvnU7E8FDar5PhrYQ
1373,2014,9,67,Minneapolis,44.95327658336103,-93.2906282035389,PLHLoAKTHMKLZFx4yfAirA,1949,1,4929,3,12392,True,PLHLoAKTHMKLZFx4yfAirA
548,2007,7,52,Minneapolis,44.94432737278302,-93.2970744754888,Dwkkc6VZ9cldDBEATEQzNw,2480,0,3047,4,12395,True,Dwkkc6VZ9cldDBEATEQzNw
5067,2009,7,251,Minneapolis,44.99328193794497,-93.24020844933592,iEmANBKyYn2-b7Z6P_hmpw,866,0,904,3,12398,True,iEmANBKyYn2-b7Z6P_hmpw
3236,2015,10,28,Minneapolis,44.97324184054737,-93.24822904401624,jG4T-flp-pjN7dLdNdQINA,200,0,201,11,12410,True,jG4T-flp-pjN7dLdNdQINA
2768,2011,6,26,Minneapolis,44.96829179150083,-93.26107838258775,pkN_HWyy-8SqpDDaf7D1tw,1428,1,4685,3,12415,True,pkN_HWyy-8SqpDDaf7D1tw
2079,2019,6,338,Minneapolis,44.96026634831176,-93.22224151782036,0oyVikTPSuH8RZzWJl9D4Q,949,1,4933,2,12417,True,0oyVikTPSuH8RZzWJl9D4Q
4245,2017,8,267,Minneapolis,44.98429789075539,-93.23823371797258,1H0s9YQChAPu0WOn0Sx4Bg,1197,2,4934,1,12421,True,1H0s9YQChAPu0WOn0Sx4Bg
4615,2019,6,86,Minneapolis,44.98832483972587,-93.23457530871278,qDmUvFFDX8LjdzGucko3sA,2282,1,4936,1,12430,True,qDmUvFFDX8LjdzGucko3sA
2027,2014,9,303,Minneapolis,44.96092681115896,-93.27405188654052,FSDu54zDLzwJpqfKuhmMBg,1695,3,4937,1,12434,True,FSDu54zDLzwJpqfKuhmMBg
3727,2017,10,165,Minneapolis,44.97830894921128,-93.2111291314592,FI42UA2k7PvDHCBJw2mPyQ,2179,2,4938,1,12436,True,FI42UA2k7PvDHCBJw2mPyQ
4559,2017,8,30,Minneapolis,44.98816531136923,-93.2931923312695,0QbBNCTnZa5bXsUmTat-dA,3080,1,4942,3,12459,True,0QbBNCTnZa5bXsUmTat-dA
2300,2016,11,60,Minneapolis,44.96329874166131,-93.27405049982912,q4bFLcGYKTctrT4vY6G9_w,1728,0,1929,7,12460,True,q4bFLcGYKTctrT4vY6G9_w
3883,2015,9,306,Minneapolis,44.98057039127492,-93.23295446174716,iyGtccbwZfuBvZq3AOCldQ,2365,1,4943,2,12461,True,iyGtccbwZfuBvZq3AOCldQ
2913,2019,7,42,Minneapolis,44.97042717420948,-93.29833850703749,w8mMU1e3jPatgo5fc6rh2A,3193,0,4944,4,12464,True,w8mMU1e3jPatgo5fc6rh2A
2082,2011,9,260,Minneapolis,44.95956117575708,-93.22068345551943,c7ETmRHihesop-iH2rOcJA,930,1,2776,5,12474,True,c7ETmRHihesop-iH2rOcJA
3585,2019,6,352,Minneapolis,44.97710506064802,-93.26032251507584,Yy5Dxri6XyBlAD1tICyMlg,2129,0,2488,8,12480,True,Yy5Dxri6XyBlAD1tICyMlg
3580,2016,8,33,Minneapolis,44.97734510480289,-93.26724164569558,TcFTiYAeup8iD15PShgjCg,2880,0,3851,6,12481,True,TcFTiYAeup8iD15PShgjCg
4532,2014,9,342,Minneapolis,44.98725358187494,-93.22695594361076,_edBs2KNcTwMFfFPBQR4vQ,573,1,1593,3,12488,True,_edBs2KNcTwMFfFPBQR4vQ
3841,2017,8,189,Minneapolis,44.97999422766285,-93.2825109665257,5T4CPm15PXx7c3201kXu3A,1941,0,2216,4,12494,True,5T4CPm15PXx7c3201kXu3A
4691,2009,6,296,Minneapolis,44.98919836797925,-93.25118364289736,uWm7ZYsNoWTs_WkxVN7MpQ,1137,4,4948,1,12501,True,uWm7ZYsNoWTs_WkxVN7MpQ
659,2007,7,340,Minneapolis,44.9449780104503,-93.27720187576708,ziT__aMr2QcWPVI4xdO_ew,2118,1,4950,1,12508,True,ziT__aMr2QcWPVI4xdO_ew
2105,2009,7,201,Minneapolis,44.96124493128364,-93.2867496544007,_7OHGIZWsApx0MwXVGIPHg,1999,1,4764,3,12519,True,_7OHGIZWsApx0MwXVGIPHg
5213,2019,6,245,Minneapolis,44.99555037497858,-93.27254883359466,pf1BcDKEm4zNVxv2_nqFDg,3143,1,4951,1,12522,True,pf1BcDKEm4zNVxv2_nqFDg
2617,2011,10,151,Minneapolis,44.96712548533645,-93.2295357632826,-EZ4fH4_TiJuG5tOURWXjA,1813,0,2043,3,12523,True,-EZ4fH4_TiJuG5tOURWXjA
310,2014,8,72,Minneapolis,44.94137714700028,-93.26212760151766,sP0SFh5X6QyDbEC0Em_3bA,2010,1,2788,5,12525,True,sP0SFh5X6QyDbEC0Em_3bA
3791,2015,10,94,Minneapolis,44.97916715252013,-93.23701741334663,ezlNIFao8GUHThYU4Zh8kg,1664,1,4433,5,12529,True,ezlNIFao8GUHThYU4Zh8kg
4668,2017,8,18,Minneapolis,44.98945302083754,-93.27486934849756,Kxwe80oRaXOqfRy3AF6U0w,470,1,4952,1,12531,True,Kxwe80oRaXOqfRy3AF6U0w
840,2007,7,136,Minneapolis,44.94729894021889,-93.27796318136288,_STOMZ76_8jgdoemoggpIQ,186,2,4953,2,12532,True,_STOMZ76_8jgdoemoggpIQ
4538,2009,10,58,Minneapolis,44.98727479016263,-93.2211265577789,I2CfJnG67tnSAsiA3NMm1g,2022,1,4731,3,12537,True,I2CfJnG67tnSAsiA3NMm1g
673,2019,5,95,Minneapolis,44.94530612910182,-93.26262654979192,O7pgOrNkSrZ1nHu-kJ7CLQ,2057,0,2386,5,12538,True,O7pgOrNkSrZ1nHu-kJ7CLQ
273,2019,5,355,Minneapolis,44.94134099394867,-93.29913347396771,bsJBZkHtm4Nhn0YJPqVktw,3197,0,4955,4,12551,True,bsJBZkHtm4Nhn0YJPqVktw
313,2009,10,94,Minneapolis,44.94123183839303,-93.26005796150068,64TysoxV5NaFTr4casD7Uw,1871,1,2165,7,12560,True,64TysoxV5NaFTr4casD7Uw
3684,2011,6,159,Minneapolis,44.97750012894112,-93.25023551434602,Gc60LJdoNyRcwX_ikZXeEw,661,1,4956,1,12562,True,Gc60LJdoNyRcwX_ikZXeEw
1780,2019,6,124,Minneapolis,44.95729866443966,-93.24862922949816,mvMBKe1jm01kC0WyGARs8Q,642,2,4369,4,12563,True,mvMBKe1jm01kC0WyGARs8Q
2856,2017,11,261,Minneapolis,44.96949701771182,-93.26402567829078,-tg8pzV5GJ8NpUgcMsWIJA,2560,1,4691,4,12564,True,-tg8pzV5GJ8NpUgcMsWIJA
3698,2007,6,246,Minneapolis,44.97825646679441,-93.2371851146242,tDJZMXiqe7m6yJ4tcJJ9iA,629,1,1694,6,12566,True,tDJZMXiqe7m6yJ4tcJJ9iA
5233,2011,6,235,Minneapolis,44.99528500879256,-93.25500712174936,V92mlP3OE1C7g0EKIew2PQ,3198,0,4957,3,12570,True,V92mlP3OE1C7g0EKIew2PQ
2438,2009,6,337,Minneapolis,44.96436316700666,-93.22811978128294,IR-jQS8gs5qL7iFat4UfGA,1513,1,2579,4,12571,True,IR-jQS8gs5qL7iFat4UfGA
2601,2007,7,49,Minneapolis,44.96663696158751,-93.24603800377734,7hxLBL1fhO97MH2b66Mbng,1261,1,3569,4,12572,True,7hxLBL1fhO97MH2b66Mbng
2772,2007,7,169,Minneapolis,44.96796325086667,-93.25740156650764,goXre3OGDBMFWLKD8nc2RQ,2853,0,3778,3,12573,True,goXre3OGDBMFWLKD8nc2RQ
1292,2011,8,84,Minneapolis,44.95232103160447,-93.28132747390578,LbmWsE482Nr-3LvbaKIyfQ,2586,1,4958,1,12577,True,LbmWsE482Nr-3LvbaKIyfQ
2345,2007,7,53,Minneapolis,44.96321309384843,-93.22988310760988,PcoFN12MUK-Ktm3LOWxqaA,3166,1,4959,2,12579,True,PcoFN12MUK-Ktm3LOWxqaA
547,2014,8,116,Minneapolis,44.9443093230896,-93.29836171923336,7OOwX6qF7unWDcjaTaW6FA,565,1,4712,3,12580,True,7OOwX6qF7unWDcjaTaW6FA
254,2009,10,174,Minneapolis,44.94036161515481,-93.2271227415585,_cV9TvZ9eN0mtZk-KthExQ,1982,1,3063,3,12583,True,_cV9TvZ9eN0mtZk-KthExQ
2983,2015,7,54,Minneapolis,44.97031369172999,-93.22824215913904,f_YZRobMxQVnGlDlm6Vv7g,2106,1,3859,5,12584,True,f_YZRobMxQVnGlDlm6Vv7g
3413,2009,10,334,Minneapolis,44.97533110944291,-93.25307592987544,blO6gOvZmILjvDi0zVvqxQ,226,2,4960,1,12591,True,blO6gOvZmILjvDi0zVvqxQ
512,2011,9,95,Minneapolis,44.94331575826473,-93.24061217945132,e-M7ThzM_ith1z0-O3kZvA,1523,0,1667,6,12595,True,e-M7ThzM_ith1z0-O3kZvA
561,2014,10,295,Minneapolis,44.9443004069887,-93.28434241813726,KZZJlR7qDFhVGblv1UxocQ,941,1,4961,1,12596,True,KZZJlR7qDFhVGblv1UxocQ
2797,2009,10,132,Minneapolis,44.96791878415733,-93.23244923401242,6ee1xxvfLYubRz3mQKxMSg,3199,0,4962,2,12597,True,6ee1xxvfLYubRz3mQKxMSg
1314,2013,8,36,Minneapolis,44.95232374090149,-93.25884061389122,b8z-FYLTI54SsLiUoNgiog,2952,1,4963,2,12600,True,b8z-FYLTI54SsLiUoNgiog
2886,2009,10,66,Minneapolis,44.96849675179975,-93.23538216512692,7nG7oKtQZCf39GoELAtSBA,417,0,423,4,12606,True,7nG7oKtQZCf39GoELAtSBA
2533,2016,9,315,Minneapolis,44.96568824259109,-93.22275460819648,qDnDTdxYPsah6HRS0m1olA,2521,1,4210,3,12610,True,qDnDTdxYPsah6HRS0m1olA
0,2017,8,297,Minneapolis,44.93836480493464,-93.29967137126842,uPazrYMVtAzbJbvKpt2olw,2409,0,2927,4,12614,True,uPazrYMVtAzbJbvKpt2olw
1199,2019,5,255,Minneapolis,44.95126564182225,-93.28301439471144,cGNl9T8M3ok6sIwkTfwBww,3177,1,4966,1,12624,True,cGNl9T8M3ok6sIwkTfwBww
3852,2017,8,102,Minneapolis,44.98035936467956,-93.26746530826628,85yoZdaFLCH0cDQPLyatPg,2730,0,3502,5,12631,True,85yoZdaFLCH0cDQPLyatPg
4142,2019,6,47,Minneapolis,44.98350477188574,-93.25833294764824,ANZf3iFbDqunz_Md6gLUvQ,2794,0,3638,6,12632,True,ANZf3iFbDqunz_Md6gLUvQ
131,2014,9,95,Minneapolis,44.93958364516469,-93.2592102946816,NphBvoiuNOL3TebPu72o2Q,2341,0,2801,8,12634,True,NphBvoiuNOL3TebPu72o2Q
1809,2007,7,216,Minneapolis,44.95736730960841,-93.21912085245218,Xx6bvPgBeC1-0otpU8Tjsg,3183,1,4967,1,12637,True,Xx6bvPgBeC1-0otpU8Tjsg
5101,2019,6,129,Minneapolis,44.99416192267898,-93.29910788819274,eIg6fxW5N2lKDnp6TkRqPg,2253,1,4968,2,12641,True,eIg6fxW5N2lKDnp6TkRqPg
4667,2009,6,83,Minneapolis,44.98988423349378,-93.27068095184832,R_LDwLEZ_tiU9xF0NeKCog,1976,1,4969,2,12645,True,R_LDwLEZ_tiU9xF0NeKCog
2287,2016,9,179,Minneapolis,44.96340053718937,-93.28718785887727,dbAoJuVE4qxOyScLuz6yoA,239,1,2812,6,12652,True,dbAoJuVE4qxOyScLuz6yoA
3798,2017,8,3,Minneapolis,44.97922629506272,-93.23316760211443,wgpfbMEVKFWGBISGds7_Ig,1088,1,4971,1,12659,True,wgpfbMEVKFWGBISGds7_Ig
285,2019,5,214,Minneapolis,44.94129994422552,-93.28720307195036,15YsCdHvNSJpQX_ZnkUtCQ,3032,0,4236,4,12661,True,15YsCdHvNSJpQX_ZnkUtCQ
1014,2016,9,192,Minneapolis,44.94931388432001,-93.28555376802856,DoCkQzTw17M7xnRjQe2rww,1632,0,1802,6,12666,True,DoCkQzTw17M7xnRjQe2rww
2285,2014,9,53,Minneapolis,44.96330020257171,-93.28937519983384,5prR2_h6bGePDrl-MheCjw,3135,0,4623,3,12668,True,5prR2_h6bGePDrl-MheCjw
721,2009,10,71,Minneapolis,44.94526407105692,-93.2152845275416,LWgMqKKlkAyrbVnySLF5QQ,2998,0,4119,3,12671,True,LWgMqKKlkAyrbVnySLF5QQ
1760,2009,7,138,Minneapolis,44.95733220686682,-93.26817145428014,DfPEOIpuR1o0DCwqKGlWmA,1912,1,4974,2,12673,True,DfPEOIpuR1o0DCwqKGlWmA
1045,2009,10,22,Minneapolis,44.94937269440754,-93.25505431776946,nxixvaEiAMFLf2EC2B6z7Q,2358,1,4975,2,12675,True,nxixvaEiAMFLf2EC2B6z7Q
2346,2011,10,138,Minneapolis,44.96332846302952,-93.22816981982186,Z-_xjUQC8B7_ogJ4WABZPw,521,1,4976,2,12676,True,Z-_xjUQC8B7_ogJ4WABZPw
1490,2019,6,68,Minneapolis,44.95434523233147,-93.26514781630532,SknyOnLpRAhxNI2Md3iqbw,2264,0,2686,7,12683,True,SknyOnLpRAhxNI2Md3iqbw
3089,2009,10,159,Minneapolis,44.97138930904302,-93.21304492984396,buDrLB5PWjd5cvZjDSH83w,3083,1,4977,3,12688,True,buDrLB5PWjd5cvZjDSH83w
5237,2009,7,300,Minneapolis,44.99510248536635,-93.24912760788496,ocxwLhuYA_FkkZoAF589BA,3201,0,4978,2,12689,True,ocxwLhuYA_FkkZoAF589BA
4875,2016,11,37,Minneapolis,44.99134189122211,-93.25000569295632,HGx39DsmeLhgofi0nDhnXg,2117,1,4979,1,12690,True,HGx39DsmeLhgofi0nDhnXg
2150,2011,8,155,Minneapolis,44.96130038812769,-93.24253924421517,4doypYmZ7mI0XV8RSWmGKA,3024,1,4980,2,12691,True,4doypYmZ7mI0XV8RSWmGKA
2139,2007,7,344,Minneapolis,44.96126232802283,-93.25355271675262,Sd0im87hQbV84ykmOu9Sjg,244,1,3311,3,12700,True,Sd0im87hQbV84ykmOu9Sjg
3702,2009,10,238,Minneapolis,44.97736614892264,-93.24273152320798,lSe_VBkBH-46ejnOJkZr4A,965,0,1014,3,12701,True,lSe_VBkBH-46ejnOJkZr4A
303,2014,10,160,Minneapolis,44.94139321491252,-93.26925687803148,EYToY3U2IZjWH7fMTR40Aw,1896,0,2156,4,12704,True,EYToY3U2IZjWH7fMTR40Aw
2261,2009,7,249,Minneapolis,44.96164947609372,-93.22306798453852,FYydhld3wg9Zfm03sEqfmw,2031,0,2349,6,12707,True,FYydhld3wg9Zfm03sEqfmw
2523,2019,6,82,Minneapolis,44.96529919293332,-93.2331629473865,MA2TXqBc7ERYfasS8rmNJg,541,1,3788,3,12709,True,MA2TXqBc7ERYfasS8rmNJg
1652,2014,9,7,Minneapolis,44.95626351613119,-93.28551322798602,Ik3naYlZ8Jp0j2fppW_37Q,2357,0,2831,5,12713,True,Ik3naYlZ8Jp0j2fppW_37Q
776,2007,7,162,Minneapolis,44.94631236484233,-93.25122895251884,L-nlH1twXMkZLzWJBBdtEg,1690,1,3164,4,12714,True,L-nlH1twXMkZLzWJBBdtEg
4553,2008,9,254,Minneapolis,44.98827020667535,-93.29412801856677,6c22Np4so2TlGDEv0WiffQ,3157,1,4982,2,12726,True,6c22Np4so2TlGDEv0WiffQ
2404,2017,11,151,Minneapolis,44.96430140505668,-93.26108777039572,4w-zE_DQGAAZJz_7Lu8JXg,2819,1,4151,3,12731,True,4w-zE_DQGAAZJz_7Lu8JXg
3565,2014,9,290,Minneapolis,44.97689733165744,-93.2841343927611,0YRkMIV1HPyVGEKF9EmhUw,312,1,4983,1,12733,True,0YRkMIV1HPyVGEKF9EmhUw
301,2011,8,119,Minneapolis,44.94135490671714,-93.27116431196846,ZnmT4B14fWtAHX16uUpRJQ,900,1,4984,2,12734,True,ZnmT4B14fWtAHX16uUpRJQ
1295,2007,7,338,Minneapolis,44.95235241156986,-93.27795066859689,kae6DP1gd48oHsfLE3PQoQ,3057,0,4313,6,12737,True,kae6DP1gd48oHsfLE3PQoQ
3830,2008,10,322,Minneapolis,44.98031593685243,-93.28702219891944,eunYvhGe6-NTOvHQU5tzng,1599,0,1760,10,12739,True,eunYvhGe6-NTOvHQU5tzng
780,2007,7,341,Minneapolis,44.94628900639596,-93.24743073759883,asFm8yyLLs-MbLYQVV6mJA,1525,1,4985,2,12743,True,asFm8yyLLs-MbLYQVV6mJA
2653,2016,10,29,Minneapolis,44.96746736991376,-93.28505542277688,dEIKG495qDuocd6sohabnw,1168,1,1569,6,12747,True,dEIKG495qDuocd6sohabnw
232,2019,6,25,Minneapolis,44.94024442773322,-93.2486604030009,QfQ0Fpcy16jaQ15nwFf5RA,2744,0,3529,3,12753,True,QfQ0Fpcy16jaQ15nwFf5RA
2179,2014,9,125,Minneapolis,44.96116038725505,-93.21327535374976,fm0RJYIVu_3oenLW8LktTw,1393,0,1510,3,12766,True,fm0RJYIVu_3oenLW8LktTw
4427,2011,6,243,Minneapolis,44.98640355578183,-93.24401272780268,Nepf-DCt3utQjDAkFzz0Qw,3168,1,4988,1,12770,True,Nepf-DCt3utQjDAkFzz0Qw
3397,2011,6,154,Minneapolis,44.97552292878967,-93.26893186065156,0N10wq1zXNUCh4GXDTFH6w,490,0,499,9,12776,True,0N10wq1zXNUCh4GXDTFH6w
4693,2016,11,236,Minneapolis,44.98936434547973,-93.24915648568152,DFkJqSWZdD3IJPtFWeqqoA,2849,2,4989,1,12777,True,DFkJqSWZdD3IJPtFWeqqoA
2348,2009,7,349,Minneapolis,44.96333588208989,-93.22507614007796,sLUABrugutBwarlSVfbd3A,610,1,4990,1,12782,True,sLUABrugutBwarlSVfbd3A
4686,2011,7,104,Minneapolis,44.98937675550432,-93.25225946205497,XYjBgpI862pfQrcdZ-PJzA,483,0,492,8,12783,True,XYjBgpI862pfQrcdZ-PJzA
4384,2016,11,61,Minneapolis,44.98610522856958,-93.27937287468066,7J4nRcrycrMyF8uZWkmdyA,518,1,4992,2,12800,True,7J4nRcrycrMyF8uZWkmdyA
3603,2009,6,304,Minneapolis,44.97741772738504,-93.24406412795636,9bL3YRxordr7Gw9R4xVXyw,2994,2,4993,1,12801,True,9bL3YRxordr7Gw9R4xVXyw
1803,2014,9,218,Minneapolis,44.95740191187799,-93.22520189961712,Gip-Qrwkh10Ey8eopE_T-A,2310,1,4452,4,12807,True,Gip-Qrwkh10Ey8eopE_T-A
2681,2008,9,255,Minneapolis,44.96771522312994,-93.25675792357916,FnD6TnD_EhSAZGsK2vjNTg,2598,1,4649,3,12818,True,FnD6TnD_EhSAZGsK2vjNTg
4558,2019,7,236,Minneapolis,44.98824142863419,-93.28925086286496,5KF0f8KU2i6NagWmBnTCbw,3107,0,4506,4,12822,True,5KF0f8KU2i6NagWmBnTCbw
312,2009,10,162,Minneapolis,44.94131652975434,-93.26005966736165,G9gZtj1_jCHVtAoegbunYg,1871,3,4995,1,12826,True,G9gZtj1_jCHVtAoegbunYg
4787,2011,6,170,Minneapolis,44.99035105363719,-93.24508602560316,IWK5azPj7GVJnTpg90nIWA,2770,0,3591,3,12829,True,IWK5azPj7GVJnTpg90nIWA
2068,2007,7,193,Minneapolis,44.96027324056131,-93.23301599306484,AaaifKvQ7XKoZB3cVzBzEQ,1784,2,4996,1,12831,True,AaaifKvQ7XKoZB3cVzBzEQ
2239,2016,8,288,Minneapolis,44.96233274602197,-93.2440788017784,js6MMZv87dYOvHdAcAkrcg,3179,0,4846,6,12838,True,js6MMZv87dYOvHdAcAkrcg
689,2007,7,31,Minneapolis,44.94531012435847,-93.24742657527648,jRYrCXAEH7FIRb-ZT4euWg,2675,1,4997,1,12840,True,jRYrCXAEH7FIRb-ZT4euWg
422,2019,6,212,Minneapolis,44.94228668212085,-93.24061378788576,vgHE43AxH_YahYnThqzmhw,167,1,1798,5,12842,True,vgHE43AxH_YahYnThqzmhw
1683,2011,9,348,Minneapolis,44.95626291440244,-93.25372581399242,erHG4LZS49Zn5Ft261GMLg,1801,1,3600,3,12847,True,erHG4LZS49Zn5Ft261GMLg
3595,2016,11,214,Minneapolis,44.97736123707794,-93.25525829231374,aC49faxr75d-hmis_D-sxA,2511,0,3106,3,12849,True,aC49faxr75d-hmis_D-sxA
3266,2007,6,135,Minneapolis,44.97340385349435,-93.21808221275074,AXEX8QBAxZYekhAnKW83Tg,730,4,4998,2,12854,True,AXEX8QBAxZYekhAnKW83Tg
2894,2007,6,117,Minneapolis,44.96929641091904,-93.22568415605032,w4Tg0Bnjtpmqrlh7xt-gEQ,2682,0,3409,8,12856,True,w4Tg0Bnjtpmqrlh7xt-gEQ
4394,2013,9,258,Minneapolis,44.98613271365913,-93.27235767578472,wApPSrtNfbvhMpS9ZLYwMQ,2087,0,2429,5,12857,True,wApPSrtNfbvhMpS9ZLYwMQ
790,2008,9,156,Minneapolis,44.94630477427787,-93.237117607912,dLI8UPo_4k0nqq5QPOpRLw,1602,0,1763,9,12858,True,dLI8UPo_4k0nqq5QPOpRLw
5070,2012,8,273,Minneapolis,44.99325425680163,-93.23212715387358,mK8_aqSUZKKaSJSPMLXvgA,3012,1,4999,1,12860,True,mK8_aqSUZKKaSJSPMLXvgA
635,2014,8,98,Minneapolis,44.94433860276168,-93.21002678286813,tyLA4OVKENkwq3I5aw3wsQ,2037,2,5000,1,12869,True,tyLA4OVKENkwq3I5aw3wsQ
4751,2009,8,256,Minneapolis,44.98990049252393,-93.27771318004125,0mlHYdL-GWk4a3thR3oVPA,2126,1,5001,2,12871,True,0mlHYdL-GWk4a3thR3oVPA
3739,2019,6,224,Minneapolis,44.97932626309593,-93.29147821983496,n2335kcOfOZNWrY4_rbH5A,2338,1,3048,4,12881,True,n2335kcOfOZNWrY4_rbH5A
2939,2008,10,234,Minneapolis,44.97027017657236,-93.27214450154572,mQbUOXsheZlMaWWOg3zgoA,2274,0,2700,10,12885,True,mQbUOXsheZlMaWWOg3zgoA
2989,2007,6,272,Minneapolis,44.97027640954107,-93.22285240865423,uVMFqh-AFXVXTBF-9DUl5A,1951,3,5003,3,12890,True,uVMFqh-AFXVXTBF-9DUl5A
4329,2017,8,122,Minneapolis,44.98538102208605,-93.24806405333103,Lq48m3eAs1V1LO_H4WwOjw,546,0,559,12,12904,True,Lq48m3eAs1V1LO_H4WwOjw
3558,2011,10,318,Minneapolis,44.97734288625882,-93.28712470320995,hfV_C-Mj5RDKGLWIGg0yUA,858,0,893,5,12905,True,hfV_C-Mj5RDKGLWIGg0yUA
3355,2013,9,299,Minneapolis,44.97425307947655,-93.2201984265346,bu2IfFVqUyeyppAVT1yDRg,936,0,981,4,12907,True,bu2IfFVqUyeyppAVT1yDRg
2336,2016,9,28,Minneapolis,44.96329884868966,-93.23776704986378,-YTowDN_Ng7N14ILQO2_2w,2063,1,4246,4,12910,True,-YTowDN_Ng7N14ILQO2_2w
2889,2007,6,233,Minneapolis,44.97037159915572,-93.23040698426313,IPFZHGTYTdluOuHIEtmAgQ,1818,1,5005,1,12914,True,IPFZHGTYTdluOuHIEtmAgQ
1784,2008,9,158,Minneapolis,44.95731733998456,-93.24402107307732,oDNhQtpCb9KIUMhwRX-UHg,672,0,690,8,12915,True,oDNhQtpCb9KIUMhwRX-UHg
341,2009,10,175,Minneapolis,44.94134488581861,-93.2311495491451,GGMgKodwgXQRtpIncUvBNg,453,0,462,5,12917,True,GGMgKodwgXQRtpIncUvBNg
3146,2007,7,263,Minneapolis,44.97230277512881,-93.24732887198672,wLCGZPNhsvTHNEOiA2OrTA,2668,0,3378,8,12921,True,wLCGZPNhsvTHNEOiA2OrTA
3376,2011,8,349,Minneapolis,44.97537465187524,-93.29009115420132,VMJJuD-YIjIk549yv7qzNQ,19,0,19,7,12922,True,VMJJuD-YIjIk549yv7qzNQ
4154,2009,10,188,Minneapolis,44.98332944892409,-93.24211251992374,noclpjA3jdZyUzIm_7OG7w,2711,0,3461,6,12924,True,noclpjA3jdZyUzIm_7OG7w
3976,2019,6,335,Minneapolis,44.98129535027945,-93.2351375989616,Gy4zbMlTavluN2mrSTJkjQ,3015,0,4177,5,12926,True,Gy4zbMlTavluN2mrSTJkjQ
2405,2011,6,61,Minneapolis,44.96437430153028,-93.25970741525045,iBrmp9v7QpGKgIFQ_FGp0w,2716,0,3476,5,12930,True,iBrmp9v7QpGKgIFQ_FGp0w
5129,2019,6,285,Minneapolis,44.99375413113877,-93.27082593994056,y_xV01l1d12v8fsztNhQOA,2508,0,3102,4,12931,True,y_xV01l1d12v8fsztNhQOA
626,2007,7,172,Minneapolis,44.94430776943776,-93.21785895260416,sdN1qwmNv1a1iI2fkpQvXA,45,1,3777,3,12934,True,sdN1qwmNv1a1iI2fkpQvXA
105,2016,10,344,Minneapolis,44.93949789982611,-93.28515259561304,Tt9XajU6ZqsTrtX-Q0bucw,2008,1,5006,1,12940,True,Tt9XajU6ZqsTrtX-Q0bucw
4750,2019,6,274,Minneapolis,44.99012937936058,-93.27588426142526,pHL0kTxjhab02lGrnRV7qw,740,0,761,5,12943,True,pHL0kTxjhab02lGrnRV7qw
2522,2014,9,174,Minneapolis,44.96531685269107,-93.23410184751584,5f5g1_ULx6yT1kH1N7rslw,263,2,4355,3,12945,True,5f5g1_ULx6yT1kH1N7rslw
4513,2007,7,96,Minneapolis,44.9873106648007,-93.24317020324104,IlmNnEMvqRwAMIV-UjSU2w,3087,1,5007,1,12950,True,IlmNnEMvqRwAMIV-UjSU2w
4954,2009,7,111,Minneapolis,44.99207662073911,-93.26004531918078,jNpWksfWCktZgmbuiDcwlw,2829,0,3709,3,12951,True,jNpWksfWCktZgmbuiDcwlw
2801,2016,9,234,Minneapolis,44.96898094346574,-93.22737510461435,uYiBDckWxg-KB8Vs-NTLYQ,2431,1,5008,2,12961,True,uYiBDckWxg-KB8Vs-NTLYQ
4478,2016,11,51,Minneapolis,44.98740806697477,-93.27892151421568,K21p71SB-QF9mzwKPrlE-w,2956,1,4156,3,12965,True,K21p71SB-QF9mzwKPrlE-w
3929,2008,10,111,Minneapolis,44.98125127334644,-93.28706091692706,4xtmgkh1zHHr2BK6CC-4Rg,2740,0,3520,8,12966,True,4xtmgkh1zHHr2BK6CC-4Rg
2161,2009,7,298,Minneapolis,44.96126030127302,-93.23146237839536,ShSR0Nr8VkNLoMr71lpOJg,1262,1,2987,3,12969,True,ShSR0Nr8VkNLoMr71lpOJg
747,2011,6,122,Minneapolis,44.94658832359215,-93.28020658944412,MFfAN5BSoVaHAXv0zlBCCw,2980,1,5011,1,12970,True,MFfAN5BSoVaHAXv0zlBCCw
4895,2013,9,9,Minneapolis,44.99128948468132,-93.23204942147856,YmkVx-VLfQK68olVwbxRNA,149,0,150,4,12976,True,YmkVx-VLfQK68olVwbxRNA
1031,2017,11,110,Minneapolis,44.94935163455754,-93.2690540509619,BXQZXEcKHDs2bhMnVZgSOQ,2035,1,4230,4,12987,True,BXQZXEcKHDs2bhMnVZgSOQ
39,2019,5,189,Minneapolis,44.93831825116303,-93.26003733820691,aRTsnO11XvIiZtN-erNCpw,2284,2,5012,1,12988,True,aRTsnO11XvIiZtN-erNCpw
3087,2009,6,69,Minneapolis,44.97132135900507,-93.21518091798085,rxy0oZoLOMxs_NF0IPadNw,195,1,5013,1,12993,True,rxy0oZoLOMxs_NF0IPadNw
350,2011,7,40,Minneapolis,44.94141950150065,-93.22203690276666,enf7j9fDoEonguVJ0fBQrA,775,1,5014,1,12994,True,enf7j9fDoEonguVJ0fBQrA
2686,2007,7,136,Minneapolis,44.96732211515481,-93.25298819659722,JrLDPPVrgUyNpw_AkLSxHA,2599,0,3258,4,12995,True,JrLDPPVrgUyNpw_AkLSxHA
3319,2019,7,88,Minneapolis,44.97441890282995,-93.25612177665674,0a7ZdNT4V5cJY7fxp53c2A,1870,0,2121,11,12999,True,0a7ZdNT4V5cJY7fxp53c2A
1956,2017,11,359,Minneapolis,44.95915538190901,-93.25426324723958,cZfXm6ivg3-TSp6iyZxsOQ,140,1,1567,4,13011,True,cZfXm6ivg3-TSp6iyZxsOQ
4527,2017,8,104,Minneapolis,44.98725900763491,-93.23462070813788,eE2waoPuaV7BWpCQInAeaA,2430,0,2965,3,13019,True,eE2waoPuaV7BWpCQInAeaA
773,2014,10,356,Minneapolis,44.9465423925748,-93.25410072332608,T26PT68W18ICjd0zqIkKQg,115,0,115,5,13021,True,T26PT68W18ICjd0zqIkKQg
119,2017,8,326,Minneapolis,44.93928015201499,-93.27149406500658,_kGQojGrr08vAvVeAg1WKg,1619,1,5015,2,13027,True,_kGQojGrr08vAvVeAg1WKg
2674,2019,6,156,Minneapolis,44.96715703482704,-93.26416569617098,utMQOdwgiIDn1FTBU3pQ7g,1068,1,3451,5,13036,True,utMQOdwgiIDn1FTBU3pQ7g
1204,2011,9,187,Minneapolis,44.95131805058166,-93.27793521429032,KAAY4fVh4JwvNZxU-g5_tg,2823,1,5016,2,13042,True,KAAY4fVh4JwvNZxU-g5_tg
3985,2007,6,1,Minneapolis,44.98249010684253,-93.22793902363372,ZrdXjIgcuYEI0s3_z-i25w,969,3,5018,1,13051,True,ZrdXjIgcuYEI0s3_z-i25w
5238,2014,9,204,Minneapolis,44.99534772628867,-93.2481838885122,nuT1vootRcTMZZRiszlYXQ,1248,0,1337,6,13054,True,nuT1vootRcTMZZRiszlYXQ
4990,2009,7,320,Minneapolis,44.99240102065993,-93.21917299299558,R1OuIeJcxm4CyBgtV3X6JA,1622,0,1788,11,13056,True,R1OuIeJcxm4CyBgtV3X6JA
4862,2011,7,339,Minneapolis,44.99154880373884,-93.26232897223127,7VTwR3qrMfaa2vsyZFi2_g,2619,0,3286,5,13058,True,7VTwR3qrMfaa2vsyZFi2_g
978,2016,9,359,Minneapolis,44.94836464122411,-93.2311098536474,viM28O5X38iC_xpRXv2dTA,895,0,935,5,13059,True,viM28O5X38iC_xpRXv2dTA
5087,2011,6,329,Minneapolis,44.99330270517468,-93.21774311408063,vRawElVs_GcgcLxX7Ku5rw,262,1,3151,4,13062,True,vRawElVs_GcgcLxX7Ku5rw
1227,2019,6,76,Minneapolis,44.95132872745968,-93.25502065805924,2jJxg8ggS_CjMcCLMFp3hA,1560,2,5020,2,13063,True,2jJxg8ggS_CjMcCLMFp3hA
1382,2019,5,296,Minneapolis,44.95374794367898,-93.2821224062443,M3Yev4BW0KvjJev-sCY5Og,906,0,946,3,13065,True,M3Yev4BW0KvjJev-sCY5Og
2982,2019,7,126,Minneapolis,44.97030578903433,-93.22915164883462,otAI9MAa3B3JizpX93KHAw,1775,1,5021,3,13068,True,otAI9MAa3B3JizpX93KHAw
4349,2009,9,257,Minneapolis,44.98536791502325,-93.22918973923488,LIgPmCwOuWZKh__LsOlMhA,203,1,5022,1,13069,True,LIgPmCwOuWZKh__LsOlMhA
2932,2016,8,65,Minneapolis,44.97028890512282,-93.2793738097998,yxEhcndEfM5r_dxkXpDjyQ,2735,0,3513,7,13071,True,yxEhcndEfM5r_dxkXpDjyQ
2500,2019,6,126,Minneapolis,44.96540755580944,-93.25603757713192,h6AC1fQGWFJtWBTF_g7JTA,1908,0,2172,11,13077,True,h6AC1fQGWFJtWBTF_g7JTA
2751,2009,6,29,Minneapolis,44.96829893849286,-93.27779105819964,O76Hpxda82yXIL7W9t0TQQ,774,1,5023,1,13078,True,O76Hpxda82yXIL7W9t0TQQ
680,2019,6,116,Minneapolis,44.94564374875081,-93.25618625498836,b4qhTD5yuhV7eZPtpJ3EsQ,511,0,522,6,13082,True,b4qhTD5yuhV7eZPtpJ3EsQ
3744,2011,10,334,Minneapolis,44.97931606596802,-93.28706690085282,StPGgRWV2pUGSUXPJ4IuXw,1266,0,1361,12,13085,True,StPGgRWV2pUGSUXPJ4IuXw
3707,2015,9,246,Minneapolis,44.9781986327547,-93.23598817126168,9ksxeb-5JYvZXrvfUDJOSw,1136,0,1207,9,13086,True,9ksxeb-5JYvZXrvfUDJOSw
3189,2019,7,81,Minneapolis,44.97335144122211,-93.29517267874442,PtsRMGR7l2JEurMttXj1EQ,398,0,404,4,13088,True,PtsRMGR7l2JEurMttXj1EQ
1012,2011,9,2,Minneapolis,44.94935877236305,-93.28817047575376,K7DV8n6vMwSDSSYhQR77pg,255,0,257,4,13091,True,K7DV8n6vMwSDSSYhQR77pg
613,2015,9,109,Minneapolis,44.94474676516412,-93.23210722717772,cAr_CU21qCMRypdYj5JFbw,3207,0,5025,6,13097,True,cAr_CU21qCMRypdYj5JFbw
2584,2017,8,321,Minneapolis,44.9662956525617,-93.26317768391662,Pg4EA6mYQOmm0O19IHf9MQ,1397,0,1515,7,13098,True,Pg4EA6mYQOmm0O19IHf9MQ
1073,2011,9,94,Minneapolis,44.94929776476422,-93.22706539749116,1Yt-RqrIuI4vBV8i5kS23A,3018,1,5026,2,13101,True,1Yt-RqrIuI4vBV8i5kS23A
1922,2013,8,75,Minneapolis,44.95929406472262,-93.28809386385912,3Ktx5zNl3xYt0_TjiRGSkQ,1203,2,4639,3,13104,True,3Ktx5zNl3xYt0_TjiRGSkQ
4273,2009,6,243,Minneapolis,44.98460655020686,-93.21652809687582,ELUXg-oYSVsyYuvz4BYMTw,92,1,5027,1,13107,True,ELUXg-oYSVsyYuvz4BYMTw
1872,2011,6,31,Minneapolis,44.95832994394884,-93.24728847340896,Hlk38KmMHvldGtQGZJEuhw,1149,0,1223,8,13109,True,Hlk38KmMHvldGtQGZJEuhw
1760,2019,6,303,Minneapolis,44.95732136589722,-93.26815310808378,y-UuqIE2tPTzeJWNUdGmOg,1912,0,2177,5,13115,True,y-UuqIE2tPTzeJWNUdGmOg
383,2011,6,201,Minneapolis,44.94231519357615,-93.27974180969817,DDgZwmGWrovMK8iM68T2vw,290,0,293,7,13122,True,DDgZwmGWrovMK8iM68T2vw
1849,2011,8,160,Minneapolis,44.95833142126826,-93.2702350975763,hqKqPChlg_3fqUGDMaMDRw,2855,0,3781,4,13124,True,hqKqPChlg_3fqUGDMaMDRw
2144,2019,6,295,Minneapolis,44.96126350272343,-93.24820741039908,m2ddtRQ8_Q7fDx_OPdDtug,1521,0,1665,8,13126,True,m2ddtRQ8_Q7fDx_OPdDtug
2081,2007,7,167,Minneapolis,44.95985654885961,-93.22098440061542,2YaL4SPcSx78Fm6R81O-HA,298,1,4026,4,13129,True,2YaL4SPcSx78Fm6R81O-HA
2253,2011,9,349,Minneapolis,44.96230928385668,-93.22982446320935,gY8GwmGqo0hFBp-AwBN4lA,582,0,595,6,13134,True,gY8GwmGqo0hFBp-AwBN4lA
545,2019,6,150,Minneapolis,44.94333807078948,-93.20911411303796,Md89y_gV2blbzBU_I6_JLQ,3037,1,5029,2,13139,True,Md89y_gV2blbzBU_I6_JLQ
2289,2014,9,142,Minneapolis,44.96351934767288,-93.28519973716456,k0mkcGsfwFfXs5RBVb5B1g,110,0,110,5,13140,True,k0mkcGsfwFfXs5RBVb5B1g
2313,2016,10,60,Minneapolis,44.96321682083167,-93.26108385730537,28i6jXY2lm-kz603sLQCIQ,1812,1,5030,1,13145,True,28i6jXY2lm-kz603sLQCIQ
2994,2011,8,351,Minneapolis,44.97014940612903,-93.2167539806287,OFwXF757__MlmY5ssNaJEg,1382,1,5031,1,13149,True,OFwXF757__MlmY5ssNaJEg
4385,2014,9,205,Minneapolis,44.98634903903347,-93.2781766778338,RoitHO56GKyTR1oq6caWdA,1498,1,5032,1,13154,True,RoitHO56GKyTR1oq6caWdA
2111,2007,7,328,Minneapolis,44.96127117794578,-93.28129242734578,T_eTujjOFR_CNdZtAiVGkw,677,0,695,3,13155,True,T_eTujjOFR_CNdZtAiVGkw
1794,2009,10,106,Minneapolis,44.9573575730338,-93.23411934207486,Z-yap1z6v4MlDKwXVknL7w,2752,2,5033,1,13156,True,Z-yap1z6v4MlDKwXVknL7w
2587,2011,7,238,Minneapolis,44.96638529629876,-93.26015477337178,YQHzODfxcv_CaAkGGWl-2A,1252,0,1344,8,13157,True,YQHzODfxcv_CaAkGGWl-2A
3914,2019,5,276,Minneapolis,44.98136679831311,-93.29719500638288,cq6ZZ0nCEnMZhY_zrLULfw,997,1,4419,3,13160,True,cq6ZZ0nCEnMZhY_zrLULfw
1777,2009,10,106,Minneapolis,44.95730435255654,-93.25114115173388,-15kNYaU1RXk9fdgVKobyQ,1593,1,5034,1,13162,True,-15kNYaU1RXk9fdgVKobyQ
638,2007,7,64,Minneapolis,44.94531879789042,-93.2983140097842,bIpUwGvtjlk-yteGHB4aIg,3100,1,5035,5,13163,True,bIpUwGvtjlk-yteGHB4aIg
2704,2013,8,244,Minneapolis,44.96734079721383,-93.23417694538514,di9T4T_aUAF4IJKpHJ62Kw,2096,0,2441,6,13166,True,di9T4T_aUAF4IJKpHJ62Kw
4572,2007,7,151,Minneapolis,44.98841502269762,-93.27797246501818,RNG1sbP4amnQ7MTloj1qhg,10,1,5036,1,13167,True,RNG1sbP4amnQ7MTloj1qhg
2378,2012,7,120,Minneapolis,44.96433048690501,-93.28714749805116,rY2ed4F49Edh-0-fnZg4Sw,1711,0,1910,6,13171,True,rY2ed4F49Edh-0-fnZg4Sw
5051,2019,6,329,Minneapolis,44.99322779067214,-93.249868271882,eLSJJs2wkh-1haljtJ3g6g,2006,0,2309,6,13172,True,eLSJJs2wkh-1haljtJ3g6g
3755,2015,7,186,Minneapolis,44.97925501020429,-93.28022045979696,4q2XvegaNcbu8ceUbz8nng,2914,0,3921,5,13174,True,4q2XvegaNcbu8ceUbz8nng
2614,2007,7,19,Minneapolis,44.96631246694115,-93.23301183431276,YC14OQmXCGogiql4klZaYw,2144,1,3120,5,13176,True,YC14OQmXCGogiql4klZaYw
72,2014,9,59,Minneapolis,44.93832873331528,-93.22698697097697,9twoJsigtJnbeGp9BG9YaQ,2088,0,2430,4,13186,True,9twoJsigtJnbeGp9BG9YaQ
3356,2015,9,248,Minneapolis,44.97396331149935,-93.21939646470727,h0tkVKwLqgL-M_N90-3hmw,2584,2,5038,1,13200,True,h0tkVKwLqgL-M_N90-3hmw
5023,2014,9,132,Minneapolis,44.99325877627928,-93.2755066990644,AGXVyTpEBzgnwTvP9tGR9Q,3180,0,4854,6,13202,True,AGXVyTpEBzgnwTvP9tGR9Q
418,2013,8,110,Minneapolis,44.94230848328669,-93.24483413083122,HT6OYkts8nmob5lmvwEATA,733,2,5039,2,13203,True,HT6OYkts8nmob5lmvwEATA
772,2014,9,118,Minneapolis,44.94626692611569,-93.25506490898869,o_8lIM7oiCFkYXEQR0YESA,2949,1,5040,2,13208,True,o_8lIM7oiCFkYXEQR0YESA
3345,2015,7,335,Minneapolis,44.97424863331785,-93.23029317654172,v5d7-wy0HvaFC-uYhVbJCg,805,0,836,9,13209,True,v5d7-wy0HvaFC-uYhVbJCg
666,2015,8,70,Minneapolis,44.9452329360236,-93.27026685727162,MyoM2fKBH_EY5fU6iu6H_g,2782,1,4856,3,13217,True,MyoM2fKBH_EY5fU6iu6H_g
1668,2017,11,19,Minneapolis,44.95628883809302,-93.26896902460652,IXbhSIB2wYuewfI9goC_XQ,1211,1,5041,1,13218,True,IXbhSIB2wYuewfI9goC_XQ
4221,2019,6,1,Minneapolis,44.98432889908003,-93.26614382115658,_u4jZ8rTTMVBC00AuCpNhg,299,0,303,8,13220,True,_u4jZ8rTTMVBC00AuCpNhg
1327,2007,7,32,Minneapolis,44.95231858716438,-93.24612791703872,xMFITp6HC6h1utTqb8DP7w,3122,1,5042,1,13222,True,xMFITp6HC6h1utTqb8DP7w
4325,2016,10,77,Minneapolis,44.98493120807013,-93.25346357673772,vjhEjLsQeQVySBykgTGxGA,2628,0,3300,3,13231,True,vjhEjLsQeQVySBykgTGxGA
2148,2019,6,144,Minneapolis,44.96098671256711,-93.24421466183608,9M4X7ITAuIflS2g-GPh7iQ,2441,1,5043,3,13236,True,9M4X7ITAuIflS2g-GPh7iQ
4183,2011,7,20,Minneapolis,44.98339642541439,-93.210012189464,-R97DfysY7M9R8bcN_vtrg,1928,2,5045,2,13239,True,-R97DfysY7M9R8bcN_vtrg
4144,2008,9,194,Minneapolis,44.98341193552965,-93.2480827666448,n2ymG6qf_rl7Jp-ldmJ-Cg,3066,1,4674,3,13243,True,n2ymG6qf_rl7Jp-ldmJ-Cg
2290,2014,9,42,Minneapolis,44.96364733806977,-93.28420472395364,spGQziPOf8LuP1604_g2PA,1478,1,3171,4,13244,True,spGQziPOf8LuP1604_g2PA
2234,2011,6,188,Minneapolis,44.96224791870105,-93.24916821120232,buYTccgMjXNxujGDH2qYag,3147,0,4695,6,13245,True,buYTccgMjXNxujGDH2qYag
382,2014,8,359,Minneapolis,44.94229072608145,-93.28139448988442,XSkT8fT8UPayFe2fDhwJCQ,3210,0,5047,2,13247,True,XSkT8fT8UPayFe2fDhwJCQ
3764,2019,6,58,Minneapolis,44.97919587318167,-93.26524085155074,ZU_kS84hVgJTyfg-_ZAn0g,236,0,237,11,13249,True,ZU_kS84hVgJTyfg-_ZAn0g
3931,2019,7,178,Minneapolis,44.98165473446949,-93.28016982513876,VItdz2IUTz_tRLAAwhcp9A,1777,0,1996,12,13253,True,VItdz2IUTz_tRLAAwhcp9A
3111,2007,7,254,Minneapolis,44.97236446890309,-93.2819195694353,vpj767exaxvcrdQgw1PmPw,2109,1,3815,4,13260,True,vpj767exaxvcrdQgw1PmPw
4442,2011,7,75,Minneapolis,44.98604669505532,-93.22516755317258,AZF7wKCg2esgL2Jv9qwqNQ,2216,0,2605,3,13263,True,AZF7wKCg2esgL2Jv9qwqNQ
1228,2019,6,234,Minneapolis,44.95130637700342,-93.25374744726156,gJVRMfkQCCKgAx-2Cbe3ow,1247,1,1824,4,13264,True,gJVRMfkQCCKgAx-2Cbe3ow
2764,2017,8,162,Minneapolis,44.96833824584254,-93.26512915815567,7YI786zHM4APvDmqkXyiKg,2149,0,2511,8,13287,True,7YI786zHM4APvDmqkXyiKg
288,2016,10,21,Minneapolis,44.94134386358838,-93.28411846750164,8jQ0JX3iOo_CVm6SPpIMKA,1143,0,1217,7,13291,True,8jQ0JX3iOo_CVm6SPpIMKA
4191,2007,8,109,Minneapolis,44.98426605626355,-93.29517758678028,wYRzRk5ipqN5ii2bNXtDjQ,2249,0,2660,11,13292,True,wYRzRk5ipqN5ii2bNXtDjQ
2423,2019,9,50,Minneapolis,44.96429327033482,-93.2421527582978,E6NZKQJ4mmINFAIBF9vG_Q,317,0,321,7,13303,True,E6NZKQJ4mmINFAIBF9vG_Q
52,2016,8,20,Minneapolis,44.93832552476152,-93.24735599674352,4azIM_Np1IptxVH7HXOGIw,206,0,207,7,13304,True,4azIM_Np1IptxVH7HXOGIw
627,2007,7,155,Minneapolis,44.94428136776033,-93.21917767154645,hWZP3b2CG_JDxDMAI4Kcdg,3211,0,5048,2,13307,True,hWZP3b2CG_JDxDMAI4Kcdg
129,2017,8,249,Minneapolis,44.93928272706848,-93.2612984977236,3dAlx_Sv94AP4DEm0PvP4g,2897,1,4037,3,13314,True,3dAlx_Sv94AP4DEm0PvP4g
669,2014,8,317,Minneapolis,44.94498300557902,-93.26713739845124,3TLY22FY15DdLYdSc9MEEg,3111,1,5050,2,13318,True,3TLY22FY15DdLYdSc9MEEg
4059,2019,7,145,Minneapolis,44.98257770335439,-93.24093965049605,u2zjqkOiCWTKrHmGmadqxA,52,0,52,12,13321,True,u2zjqkOiCWTKrHmGmadqxA
1085,2007,7,10,Minneapolis,44.94937229750096,-93.2152904737611,7lHl87Uz_ydsDdzeHXiuPw,2344,0,2806,3,13322,True,7lHl87Uz_ydsDdzeHXiuPw
377,2007,7,52,Minneapolis,44.94231527957319,-93.28557931560758,13QtF48Utqu-rKDRLNJVcg,2237,0,2643,3,13324,True,13QtF48Utqu-rKDRLNJVcg
4589,2019,6,285,Minneapolis,44.9883398102197,-93.26208524366258,ljfSOly3ykiJf81pkVAqXg,3169,0,4789,4,13325,True,ljfSOly3ykiJf81pkVAqXg
960,2019,6,326,Minneapolis,44.94833645339201,-93.24915010079576,m4PRH3448FUREr_gjh1EkQ,2134,0,2493,5,13334,True,m4PRH3448FUREr_gjh1EkQ
5171,2011,6,345,Minneapolis,44.99428107887358,-93.22541632686904,ZP_v1fAeSB2oAVzqbWKOSw,364,1,2326,3,13335,True,ZP_v1fAeSB2oAVzqbWKOSw
5253,2017,8,17,Minneapolis,44.99548273033188,-93.23206945803511,68NLGtlwzJG87ZheUdqmjw,283,0,285,4,13339,True,68NLGtlwzJG87ZheUdqmjw
1798,2019,6,224,Minneapolis,44.95739278437924,-93.2300950927998,5EYemazUkEjA2f3MBSMXGg,2418,1,3079,4,13340,True,5EYemazUkEjA2f3MBSMXGg
4880,2008,9,158,Minneapolis,44.99154922901916,-93.2450956310728,6o1rcxkCmjB_7m3BaCNjQA,918,0,960,6,13345,True,6o1rcxkCmjB_7m3BaCNjQA
190,2019,5,11,Minneapolis,44.94026559975627,-93.29076456315674,yAwdPNnX2zef5Mo_vkr5JQ,2175,0,2547,4,13354,True,yAwdPNnX2zef5Mo_vkr5JQ
5198,2013,8,269,Minneapolis,44.99523323593871,-93.2901241152917,jPZCXBeBh6YH6s2NJqUYTA,1598,0,1759,4,13359,True,jPZCXBeBh6YH6s2NJqUYTA
2150,2007,7,347,Minneapolis,44.96132289314356,-93.24252235033288,P1gbwmSQBLFh7CSPTvmxcQ,3024,2,5051,2,13364,True,P1gbwmSQBLFh7CSPTvmxcQ
3607,2009,7,212,Minneapolis,44.97700964652596,-93.24209682623392,8dTmSwYEeOAw3lPWvkIRrA,387,2,4499,4,13368,True,8dTmSwYEeOAw3lPWvkIRrA
2991,2009,6,88,Minneapolis,44.97031844991542,-93.22014292322264,-mPSVbR56j9zz4nNgP3_bg,1132,3,5053,1,13372,True,-mPSVbR56j9zz4nNgP3_bg
1039,2016,8,110,Minneapolis,44.94930122102816,-93.26139413514753,WETa6cbxctCmXKR7grPvUw,1122,1,5055,1,13381,True,WETa6cbxctCmXKR7grPvUw
3991,2007,6,338,Minneapolis,44.98144350976762,-93.22316169996394,pG4egA4VIKntIHI47W_r9Q,1447,1,4930,6,13385,True,pG4egA4VIKntIHI47W_r9Q
2090,2013,8,91,Minneapolis,44.96010121234752,-93.21093274181928,c3IbYl5G-Qp2C5P3mPPE-g,2596,0,3254,4,13386,True,c3IbYl5G-Qp2C5P3mPPE-g
1936,2016,8,198,Minneapolis,44.95921843364469,-93.27410009841026,oKWsl1jOU46D8NxUM-uLuw,2379,1,5056,3,13387,True,oKWsl1jOU46D8NxUM-uLuw
4116,2019,7,251,Minneapolis,44.98312910612653,-93.27745825742872,9p62eCX6XRI__WjhRBOOFA,2276,0,2705,6,13391,True,9p62eCX6XRI__WjhRBOOFA
1037,2007,7,159,Minneapolis,44.94932166452421,-93.2626250446788,H-J-J6a14uzMRLgZIiHj1w,2322,1,5057,3,13396,True,H-J-J6a14uzMRLgZIiHj1w
4991,2007,7,156,Minneapolis,44.99238842454566,-93.22022952227636,7ltKaA1S93y_gZZK68z7QA,548,0,561,11,13400,True,7ltKaA1S93y_gZZK68z7QA
1756,2019,6,66,Minneapolis,44.95731970255464,-93.27209472990732,-puN54DwvpomO4fknSvWKg,3014,1,5058,2,13402,True,-puN54DwvpomO4fknSvWKg
289,2014,8,317,Minneapolis,44.94130674592492,-93.2831155589343,KPWQkJXcQntGozXf_1c1xw,1121,2,5059,1,13410,True,KPWQkJXcQntGozXf_1c1xw
2788,2016,10,139,Minneapolis,44.9683193923125,-93.24094429376105,C6rcMYruJVMcWM_S7BZYYw,957,1,5060,3,13419,True,C6rcMYruJVMcWM_S7BZYYw
2608,2017,8,128,Minneapolis,44.96629734154151,-93.23932923003504,cOJLf6Y2tGqwvPyjUUaMzw,1218,0,1305,6,13425,True,cOJLf6Y2tGqwvPyjUUaMzw
786,2014,8,226,Minneapolis,44.94658180766322,-93.24120196647202,6ZBFsxazlPJ6ASX91R6vnA,3126,1,5062,2,13427,True,6ZBFsxazlPJ6ASX91R6vnA
253,2014,9,119,Minneapolis,44.94020170922492,-93.22834140355728,8luNt1ROmINSYFcj8yKU4Q,2150,1,5063,2,13430,True,8luNt1ROmINSYFcj8yKU4Q
2791,2017,10,36,Minneapolis,44.9677389175577,-93.23840439322213,ShbGKhGxeLB7cC1uY4Ne9w,2246,2,5064,2,13432,True,ShbGKhGxeLB7cC1uY4Ne9w
775,2019,6,301,Minneapolis,44.94628935608885,-93.2524822547706,beYnEdVDNiY5ooQ72f0eDA,2532,0,3136,4,13435,True,beYnEdVDNiY5ooQ72f0eDA
99,2014,8,234,Minneapolis,44.93951982586843,-93.29120284374984,uh1QPVuBN1vlhO0JgG-Ppg,2195,0,2576,4,13436,True,uh1QPVuBN1vlhO0JgG-Ppg
4168,2014,9,260,Minneapolis,44.98331942347961,-93.22802282254209,5NMqkOu63Cp3pBUBf9YBjw,1146,1,5066,3,13448,True,5NMqkOu63Cp3pBUBf9YBjw
5172,2016,10,254,Minneapolis,44.99432071201598,-93.2215216602716,pYbY1QsXP38BVzHe_FREiQ,2436,1,5068,2,13457,True,pYbY1QsXP38BVzHe_FREiQ
1487,2011,6,262,Minneapolis,44.95430091231388,-93.26770991873356,orHEOZU3m7welpyMrx9CCg,2871,0,3820,7,13463,True,orHEOZU3m7welpyMrx9CCg
4497,2016,10,7,Minneapolis,44.98700820441668,-93.26192377911023,rI0TX4iXlcinZGKx59xIkg,2089,1,3402,4,13464,True,rI0TX4iXlcinZGKx59xIkg
3499,2009,7,140,Minneapolis,44.97625385626795,-93.25810219577174,4Kfrqe0hqL3C1cv6jpBenQ,2015,1,4850,3,13467,True,4Kfrqe0hqL3C1cv6jpBenQ
4010,2009,7,166,Minneapolis,44.98233391854224,-93.29299438454034,S37tMSFXEYCpN88t5bYmGg,1767,0,1981,6,13469,True,S37tMSFXEYCpN88t5bYmGg
96,2011,8,64,Minneapolis,44.93951091174327,-93.29412563595316,EpnTIjX37bm_9ybUXPAT8Q,1366,0,1478,5,13472,True,EpnTIjX37bm_9ybUXPAT8Q
4780,2008,9,97,Minneapolis,44.99046219556949,-93.2493171182238,UbvMqIsOPLFmfMM1uQ8BtA,2522,0,3119,5,13474,True,UbvMqIsOPLFmfMM1uQ8BtA
4621,2019,6,171,Minneapolis,44.98834325505466,-93.23077861133504,yoV6NASKz-0dURwta3caqg,2721,1,3975,5,13478,True,yoV6NASKz-0dURwta3caqg
986,2007,7,232,Minneapolis,44.94833097697185,-93.22316438595158,wCa5JkS7yULlORpxVHiC7Q,172,0,173,10,13479,True,wCa5JkS7yULlORpxVHiC7Q
1832,2011,8,46,Minneapolis,44.95832238549872,-93.2867757835057,_DdioM8zs_Sah3fb9OhmVg,2942,0,3985,5,13482,True,_DdioM8zs_Sah3fb9OhmVg
1982,2014,9,13,Minneapolis,44.9593573391953,-93.2282819069308,eqQMDuTEPb5tI8ORq-eNXQ,2261,0,2683,4,13483,True,eqQMDuTEPb5tI8ORq-eNXQ
1542,2019,6,359,Minneapolis,44.95431434576636,-93.21320254459135,LHFy8UN_F3AEM0PcLtxN5Q,1524,1,5069,1,13485,True,LHFy8UN_F3AEM0PcLtxN5Q
838,2017,8,26,Minneapolis,44.94729736119002,-93.27968835105318,t0VfV4pg70GscxSFEp4ZXA,1671,0,1850,6,13486,True,t0VfV4pg70GscxSFEp4ZXA
2650,2012,8,109,Minneapolis,44.96728546776345,-93.28822840809548,VP-vSzTlLsboX2sNIkHrIA,1080,0,1143,5,13490,True,VP-vSzTlLsboX2sNIkHrIA
2739,2011,6,61,Minneapolis,44.9684416542347,-93.29037502668034,VDUffXWWIQfO7QLszssPSA,2159,1,4909,3,13494,True,VDUffXWWIQfO7QLszssPSA
2364,2007,6,220,Minneapolis,44.9632486433332,-93.21029965691994,LU8KUgoOEt7OgHC0eOcYbg,81,1,4964,4,13497,True,LU8KUgoOEt7OgHC0eOcYbg
4869,2016,9,129,Minneapolis,44.99142643430085,-93.25873305646516,mnT-t9pC8MgLKWwisaPsbA,2281,2,5070,2,13498,True,mnT-t9pC8MgLKWwisaPsbA
3827,2011,6,116,Minneapolis,44.98027018678624,-93.29719938963532,x4wWwY29fnihOItEZQrZTw,3148,0,4696,3,13507,True,x4wWwY29fnihOItEZQrZTw
4518,2009,7,6,Minneapolis,44.98738688425377,-93.24006633158491,jdJpeAloMFxynpEtmCdwDQ,2979,0,4071,3,13510,True,jdJpeAloMFxynpEtmCdwDQ
4445,2015,10,80,Minneapolis,44.98615116569085,-93.21924066308532,w33WCAlEmcVrEMinekPZFg,1520,2,5071,1,13512,True,w33WCAlEmcVrEMinekPZFg
235,2014,9,348,Minneapolis,44.9403122681973,-93.24609311149396,PAB3-Zu8eRiseAt33RRxfw,2857,0,3786,4,13513,True,PAB3-Zu8eRiseAt33RRxfw
228,2009,7,207,Minneapolis,44.94026049244669,-93.25373992319044,CppvupbkhGIWOVJCkWT8rg,1117,3,5009,3,13517,True,CppvupbkhGIWOVJCkWT8rg
4731,2009,6,279,Minneapolis,44.98988060584095,-93.209145709515,9MKZRotqh1UEwTOCvt-eSA,3010,2,5072,1,13518,True,9MKZRotqh1UEwTOCvt-eSA
3322,2007,7,88,Minneapolis,44.97407494059131,-93.25328246981344,arVuQje7EG2tFqlGtxGxvw,2158,0,2524,6,13520,True,arVuQje7EG2tFqlGtxGxvw
792,2016,10,326,Minneapolis,44.94647295004245,-93.23462974842477,FDU8dj_Maeqgw9KVshVfVA,968,0,1017,6,13521,True,FDU8dj_Maeqgw9KVshVfVA
1464,2016,10,86,Minneapolis,44.95430543418254,-93.29061694003154,-v7NDA3HAq5Z497KVnf4Qg,3025,1,5073,2,13522,True,-v7NDA3HAq5Z497KVnf4Qg
2073,2007,7,296,Minneapolis,44.96024498628745,-93.2282369123315,D5CB2T-4DsnrXx3tFkxQuA,746,1,5074,1,13526,True,D5CB2T-4DsnrXx3tFkxQuA
290,2014,9,163,Minneapolis,44.94134310138894,-93.28222536406392,X3VG2Qwd6fQL9U9U9SfKkg,346,0,352,7,13530,True,X3VG2Qwd6fQL9U9U9SfKkg
2675,2019,6,269,Minneapolis,44.96715756278516,-93.26318134573305,tFp7LwdqOAFmPt0qTQniUg,1754,0,1965,5,13533,True,tFp7LwdqOAFmPt0qTQniUg
411,2019,6,169,Minneapolis,44.94232434870258,-93.25243488049416,MX2WuFLxxmVXDwvuV6jvcA,2244,1,3743,3,13534,True,MX2WuFLxxmVXDwvuV6jvcA
1393,2019,6,56,Minneapolis,44.95356908863685,-93.27180723570264,bvYu6NXo707487UeG5CTGg,456,0,465,10,13535,True,bvYu6NXo707487UeG5CTGg
1037,2017,11,118,Minneapolis,44.94928831654996,-93.26254189202128,dNU7EFTyCstqmAvzMoq32g,2322,2,5075,1,13537,True,dNU7EFTyCstqmAvzMoq32g
3579,2014,9,236,Minneapolis,44.97727114788367,-93.27006422304498,TOBeENCG89bp2wwxOge37g,340,0,345,8,13542,True,TOBeENCG89bp2wwxOge37g
1285,2015,8,4,Minneapolis,44.952258649827,-93.28810878160866,TP6v4Voac5APt7KYQ5HkvQ,1006,0,1060,9,13551,True,TP6v4Voac5APt7KYQ5HkvQ
2609,2019,6,237,Minneapolis,44.96637682043878,-93.23809934614223,zdltDRGudWz72DFSYccBXw,2526,0,3127,9,13552,True,zdltDRGudWz72DFSYccBXw
2729,2017,8,297,Minneapolis,44.96724618884552,-93.20899604838118,F41CPXMpwphXeV-9xAuM3g,2245,0,2655,5,13557,True,F41CPXMpwphXeV-9xAuM3g
2748,2019,6,220,Minneapolis,44.96833274949056,-93.28083903624656,m3OKfQb-5XOOOJppaIc_Yw,392,0,398,6,13559,True,m3OKfQb-5XOOOJppaIc_Yw
4341,2007,6,16,Minneapolis,44.98537319348953,-93.23510056434031,OFelQcZvdb8GXK42OTwvFg,2021,0,2336,5,13564,True,OFelQcZvdb8GXK42OTwvFg
1041,2007,7,311,Minneapolis,44.94929040949332,-93.25889306635864,NkFUPUZterIWvPuOWd08Vg,2561,1,5076,1,13565,True,NkFUPUZterIWvPuOWd08Vg
3752,2019,6,317,Minneapolis,44.97895193038007,-93.27569154939496,Zygp1cMMIDcp-c2ot9qukA,1383,1,5077,1,13579,True,Zygp1cMMIDcp-c2ot9qukA
1605,2011,6,194,Minneapolis,44.95561780142904,-93.2412454461376,CegN31ZzdO_guJMk-FvJ4Q,2895,0,3879,6,13580,True,CegN31ZzdO_guJMk-FvJ4Q
2762,2017,8,279,Minneapolis,44.96804656366368,-93.26714583214374,2dpF2_JZI1MkFUAVQCCQJg,1903,0,2167,5,13581,True,2dpF2_JZI1MkFUAVQCCQJg
5104,2014,9,171,Minneapolis,44.99416387939577,-93.292163243973,K407qtajLGZu2KgcyQqaEA,1731,0,1934,4,13583,True,K407qtajLGZu2KgcyQqaEA
781,2009,10,170,Minneapolis,44.94631110445241,-93.24613503759292,dkdewhJl78oWimgK5FftiA,3149,1,5078,3,13590,True,dkdewhJl78oWimgK5FftiA
4489,2017,8,165,Minneapolis,44.9872605505812,-93.26724743737708,h27rms2iQvp9hyf8Vn_QgQ,607,0,621,6,13605,True,h27rms2iQvp9hyf8Vn_QgQ
944,2007,7,137,Minneapolis,44.94838700367209,-93.26519358035696,zreyoFVNU-GEDBFB-2qbWw,2837,1,5081,1,13608,True,zreyoFVNU-GEDBFB-2qbWw
1463,2017,8,264,Minneapolis,44.95425871792826,-93.29187753138488,4PXmL2cjVxdaJrk7d_pEJA,3206,0,5024,3,13610,True,4PXmL2cjVxdaJrk7d_pEJA
2160,2017,8,348,Minneapolis,44.96098277859146,-93.2321604046898,-C7eYd0p3uCJH1wZ3SSv5Q,2478,1,3338,4,13611,True,-C7eYd0p3uCJH1wZ3SSv5Q
5133,2007,7,309,Minneapolis,44.99455389424135,-93.2602983759207,Nz8pHZxUNNv49FY07gnO0g,2405,1,5082,1,13614,True,Nz8pHZxUNNv49FY07gnO0g
1947,2016,11,27,Minneapolis,44.95910175756623,-93.26309227283276,JjpmwBZnCXQ8sgTySCzgOA,836,1,5083,1,13616,True,JjpmwBZnCXQ8sgTySCzgOA
3473,2014,9,242,Minneapolis,44.97628535868093,-93.2842021328162,6KuL2j8uKIF_ytHCTYyInA,893,1,5084,2,13622,True,6KuL2j8uKIF_ytHCTYyInA
3217,2007,7,70,Minneapolis,44.9733949947594,-93.26705951270333,OiT-55dP47QEg3nObxUMxw,160,0,161,9,13623,True,OiT-55dP47QEg3nObxUMxw
239,2011,9,22,Minneapolis,44.9403406610847,-93.24231598894366,AnrEkF3yrOtEri_M4TnxpQ,2831,0,3714,4,13625,True,AnrEkF3yrOtEri_M4TnxpQ
2685,2014,9,50,Minneapolis,44.96723725348255,-93.25206659431062,5uYSbntmtwX_tVmy5OsIeQ,2340,0,2800,5,13634,True,5uYSbntmtwX_tVmy5OsIeQ
1817,2016,11,51,Minneapolis,44.95710159202952,-93.21145992195228,kkGPgbe5115_E8K25XwFYw,2,0,2,5,13637,True,kkGPgbe5115_E8K25XwFYw
4769,2011,6,216,Minneapolis,44.99002958132314,-93.26622083667564,KH6Z1twdBJhZM0r-yVoFwg,1139,1,5085,2,13639,True,KH6Z1twdBJhZM0r-yVoFwg
795,2018,9,7,Minneapolis,44.94615548537066,-93.23262127738852,vYZw9HR16IKfC1_8Z_p5uw,2915,0,3923,5,13645,True,vYZw9HR16IKfC1_8Z_p5uw
2430,2015,7,316,Minneapolis,44.96426059458991,-93.23516405664164,VeUBa3_cMqt8jd75bl57JA,3175,0,4812,5,13652,True,VeUBa3_cMqt8jd75bl57JA
4762,2007,7,71,Minneapolis,44.99027751039101,-93.27210312664482,8ljExjzndiq26tfVoOutPw,2220,2,4954,3,13654,True,8ljExjzndiq26tfVoOutPw
215,2014,10,129,Minneapolis,44.94034324500777,-93.26512250758536,Fyl5zBeFT2JqiFTxEVXqDw,1449,0,1583,12,13660,True,Fyl5zBeFT2JqiFTxEVXqDw
836,2019,5,16,Minneapolis,44.94726392072263,-93.28136350684422,pbJrlwz0mAWM0T5G4vwROQ,2781,1,5086,3,13663,True,pbJrlwz0mAWM0T5G4vwROQ
3604,2016,8,296,Minneapolis,44.97744030139823,-93.2431560311428,YTvDWcHP2JM4DN42XxVIMA,954,0,1001,3,13664,True,YTvDWcHP2JM4DN42XxVIMA
3647,2017,8,354,Minneapolis,44.97831647166235,-93.29161367415476,aryW6wixt5clbO8T2Vf_8A,1580,2,5087,2,13665,True,aryW6wixt5clbO8T2Vf_8A
3387,2011,7,260,Minneapolis,44.97530636910123,-93.2790503543448,tuGqHDn1WgVILj6FncAgdA,1135,2,5088,1,13666,True,tuGqHDn1WgVILj6FncAgdA
3778,2009,6,235,Minneapolis,44.97752799177835,-93.24834984930072,VsWgfzwAvY7jsO71AR35SQ,809,3,5089,2,13670,True,VsWgfzwAvY7jsO71AR35SQ
1554,2014,9,56,Minneapolis,44.95535526609714,-93.29190150941396,YMwkBxuVla2dkAUicHKCLg,1231,1,5090,1,13685,True,YMwkBxuVla2dkAUicHKCLg
4877,2019,7,47,Minneapolis,44.99152440282851,-93.24619891740883,XElwjMzbk8lGZAbgBIUUMw,2332,0,2791,6,13696,True,XElwjMzbk8lGZAbgBIUUMw
3643,2013,8,35,Minneapolis,44.97824811021702,-93.29161614134024,NTAZNLDel1GfH5k6E2hVSw,1580,1,2482,7,13703,True,NTAZNLDel1GfH5k6E2hVSw
1620,2019,6,136,Minneapolis,44.95562072122837,-93.22618611716068,Jv290FNCcvkwqnp2lgx_Jg,3181,1,5091,1,13704,True,Jv290FNCcvkwqnp2lgx_Jg
100,2007,7,220,Minneapolis,44.93949133490963,-93.29008929141726,3EzJCFgJl9qkZGiK7fGmww,159,1,5092,1,13714,True,3EzJCFgJl9qkZGiK7fGmww
4070,2009,6,136,Minneapolis,44.98242411189363,-93.2278299305832,ayXucU18xEYQ1KC3LJUVkg,969,0,1018,4,13721,True,ayXucU18xEYQ1KC3LJUVkg
894,2019,6,292,Minneapolis,44.94723570312946,-93.22434384386708,iFWjvjZ20AjDWjmcqiumEg,258,0,260,4,13722,True,iFWjvjZ20AjDWjmcqiumEg
2099,2014,9,332,Minneapolis,44.96131543948202,-93.2931112352216,oJ5sJ1QoDhOAasPLhLOXLA,3050,0,4286,4,13726,True,oJ5sJ1QoDhOAasPLhLOXLA
4195,2014,10,203,Minneapolis,44.98426583800998,-93.2910856645234,5RhEpSQY_h8LwQlMl8DXWw,3081,1,4472,5,13728,True,5RhEpSQY_h8LwQlMl8DXWw
1,2016,10,343,Minneapolis,44.93827799804264,-93.29838039000713,k1m_L9d1P43Ts7oaliJmbw,1339,2,5094,2,13730,True,k1m_L9d1P43Ts7oaliJmbw
50,2009,10,163,Minneapolis,44.93826883418773,-93.24864357948552,PQ5H6qx9-17DL_zMF78Qaw,389,0,395,4,13733,True,PQ5H6qx9-17DL_zMF78Qaw
3733,2019,6,5,Minneapolis,44.97925399393276,-93.2971745713711,9pEkAJpfZokYd5VW1M2kFg,2702,1,5095,1,13736,True,9pEkAJpfZokYd5VW1M2kFg
1633,2009,10,289,Minneapolis,44.95501942457246,-93.21369493132596,fo7sSbB8zFvsn82MiDRNlw,2834,1,3752,3,13739,True,fo7sSbB8zFvsn82MiDRNlw
4313,2017,10,107,Minneapolis,44.98547705565579,-93.2658835290866,24fCf00Mzo2iRUgZFjopuQ,1980,1,5096,1,13740,True,24fCf00Mzo2iRUgZFjopuQ
4369,2016,11,227,Minneapolis,44.98525038399985,-93.21273175533598,GxXdFewZbInHox9SCISQVg,1150,1,5097,1,13742,True,GxXdFewZbInHox9SCISQVg
691,2019,6,354,Minneapolis,44.94531192893567,-93.24487188763474,KdC6ljS6kF9zhTQxk67-IQ,2082,2,5098,1,13746,True,KdC6ljS6kF9zhTQxk67-IQ
925,2014,8,58,Minneapolis,44.94838080475686,-93.2841451411757,Id67XlbbvXx5KxUQYuVwPA,592,1,5099,1,13748,True,Id67XlbbvXx5KxUQYuVwPA
4962,2009,7,73,Minneapolis,44.99229424572242,-93.25507230535229,2O7XpV0PNPn--a0uTMn7Dg,3214,0,5100,3,13750,True,2O7XpV0PNPn--a0uTMn7Dg
3497,2019,6,6,Minneapolis,44.97617298806657,-93.25994767786366,dEkVs232dV9N68lFpSVn2Q,3215,0,5101,7,13759,True,dEkVs232dV9N68lFpSVn2Q
3945,2007,7,100,Minneapolis,44.98136578527961,-93.26410400295757,zZQQB6DAyJnX-maqlfHJiQ,1229,1,3206,4,13761,True,zZQQB6DAyJnX-maqlfHJiQ
2577,2019,7,208,Minneapolis,44.9663562611821,-93.2701535049725,XwnNn83xFBJ8GcZL7V9qvQ,2864,0,3801,3,13770,True,XwnNn83xFBJ8GcZL7V9qvQ
1834,2011,8,203,Minneapolis,44.95831744703518,-93.2854930312715,u3YBBvJSSHwQ_-Y8eWPXMA,2443,0,2984,5,13778,True,u3YBBvJSSHwQ_-Y8eWPXMA
2076,2007,7,279,Minneapolis,44.96028914459023,-93.22542814484414,bRyf_auJxECdoDkyAqer3g,2113,0,2466,4,13779,True,bRyf_auJxECdoDkyAqer3g
2618,2016,9,334,Minneapolis,44.96680528901274,-93.2286695653804,ywvltF7toyxaM7BJFehX_g,1010,1,5104,1,13783,True,ywvltF7toyxaM7BJFehX_g
4316,2019,6,255,Minneapolis,44.98552738532773,-93.25485230459276,0lNE0ZxcwQiCAmAFxPK2JA,1002,1,3636,4,13784,True,0lNE0ZxcwQiCAmAFxPK2JA
4031,2013,9,347,Minneapolis,44.98226679727181,-93.27107691264712,SlHibDl273m5WEysrgm2iQ,2495,1,4733,3,13785,True,SlHibDl273m5WEysrgm2iQ
2537,2007,6,161,Minneapolis,44.96541450623079,-93.21924672805775,RY7dqqB3KCl46G9G40NcoQ,3042,1,5106,2,13787,True,RY7dqqB3KCl46G9G40NcoQ
2166,2019,6,228,Minneapolis,44.96150764700069,-93.225994404803,QGsMgKBtStWpEqcnPk5cuA,1901,1,3719,5,13788,True,QGsMgKBtStWpEqcnPk5cuA
79,2019,6,85,Minneapolis,44.93826509835239,-93.22043381065376,EtxoxU9pOWhw5PATj56A-A,891,1,4122,3,13789,True,EtxoxU9pOWhw5PATj56A-A
2182,2019,6,208,Minneapolis,44.96133774742385,-93.21030550414967,xdpTvK4vrSGzaQCo69uXMw,2939,0,3981,4,13793,True,xdpTvK4vrSGzaQCo69uXMw
659,2017,8,1,Minneapolis,44.94498003795194,-93.27716649545836,xLPrEuCjWVioV4rbeIuApA,2118,2,5108,1,13799,True,xLPrEuCjWVioV4rbeIuApA
3547,2019,6,211,Minneapolis,44.9786334769927,-93.2117483703412,fzePaN2PtR2Ecb0g6_3wxA,3098,0,4462,6,13808,True,fzePaN2PtR2Ecb0g6_3wxA
4128,2019,6,202,Minneapolis,44.98317652011968,-93.2682153313953,M84b2xKdUWJXKO-av5Tw4w,147,0,148,3,13816,True,M84b2xKdUWJXKO-av5Tw4w
319,2014,9,290,Minneapolis,44.94137408585996,-93.25313454989978,5CnRmVpAkQZ8pGEEK9jwmw,1895,1,4786,3,13822,True,5CnRmVpAkQZ8pGEEK9jwmw
277,2014,10,45,Minneapolis,44.94133561791172,-93.29511689881168,Xq-HnNLohg_7VdpWbYq-hg,3071,1,4820,3,13824,True,Xq-HnNLohg_7VdpWbYq-hg
3599,2019,6,308,Minneapolis,44.97757110189146,-93.24722884545064,yuT5BnbmBiYKqZfQok_qBQ,2201,0,2586,4,13828,True,yuT5BnbmBiYKqZfQok_qBQ
2096,2014,9,102,Minneapolis,44.96127837858158,-93.29565898303382,AXwS52GxWI2m34KkF6YjOg,2513,1,5109,1,13839,True,AXwS52GxWI2m34KkF6YjOg
2953,2019,6,276,Minneapolis,44.97035538427499,-93.2593332952482,Lq1w8al0x3j7aSkoBqRAjA,241,1,2158,3,13847,True,Lq1w8al0x3j7aSkoBqRAjA
2374,2007,7,356,Minneapolis,44.96443967185385,-93.29115723638456,7NOvUySEeaw8YTU1_nnkoA,939,1,5110,2,13851,True,7NOvUySEeaw8YTU1_nnkoA
2265,2016,11,119,Minneapolis,44.96260378179474,-93.21776432283174,Q9V5sVGVYgCr0zjx5XnIIA,533,0,546,3,13853,True,Q9V5sVGVYgCr0zjx5XnIIA
4066,2009,7,343,Minneapolis,44.98243012914752,-93.23411671281976,e_V1IrFUIkztLerrEvLowg,2900,0,3892,4,13858,True,e_V1IrFUIkztLerrEvLowg
5257,2019,6,325,Minneapolis,44.99511828234994,-93.22516740693774,-6ssAET8DbSsCqrlPrvEmg,157,0,158,6,13861,True,-6ssAET8DbSsCqrlPrvEmg
3973,2019,7,70,Minneapolis,44.98137711803316,-93.24247807500338,fT-OEBgpGSxZ2z87XyxwXw,3092,0,4442,6,13862,True,fT-OEBgpGSxZ2z87XyxwXw
5148,2009,7,262,Minneapolis,44.99426546552192,-93.24737103321152,rbLXWHO10c3toqlhQl8BUA,2789,1,3996,4,13864,True,rbLXWHO10c3toqlhQl8BUA
4514,2009,6,158,Minneapolis,44.98722421674216,-93.24618571497172,RhDc2DBs_Q1CoyACodXYzw,2937,1,5111,1,13868,True,RhDc2DBs_Q1CoyACodXYzw
2265,2009,10,312,Minneapolis,44.96263792537805,-93.21774911629304,hwau2SbUw7pmxOH438LJow,533,1,5112,2,13869,True,hwau2SbUw7pmxOH438LJow
3784,2018,10,266,Minneapolis,44.9792593718784,-93.24511855598216,bsFiL8ju0UXUeNaAO-JO8A,1890,0,2147,9,13873,True,bsFiL8ju0UXUeNaAO-JO8A
2123,2008,10,63,Minneapolis,44.96130814666544,-93.26922291374008,dOaz0d8jUwwybr6NDLNPtQ,36,0,36,4,13882,True,dOaz0d8jUwwybr6NDLNPtQ
970,2009,10,272,Minneapolis,44.94829753312657,-93.239124548702,7t8T740MsOidig7peRK5YA,1304,0,1406,10,13884,True,7t8T740MsOidig7peRK5YA
797,2011,8,32,Minneapolis,44.94633322544948,-93.2299987087783,Sxhjb-v4qNXsxk-df7SWBA,909,0,949,3,13885,True,Sxhjb-v4qNXsxk-df7SWBA
1768,2019,6,348,Minneapolis,44.9573189299655,-93.26009427155184,Q97tmmnpw2G2iJGlunq3Sg,1119,4,5113,2,13886,True,Q97tmmnpw2G2iJGlunq3Sg
752,2012,6,13,Minneapolis,44.94618030843322,-93.27528610118206,XCj5RhFb7JF32qg_ygyIMA,2235,0,2640,6,13892,True,XCj5RhFb7JF32qg_ygyIMA
1642,2011,7,17,Minneapolis,44.95627888037108,-93.29441872119662,3aLCSlvN_3c12r2b6xgYvw,2033,1,2907,3,13893,True,3aLCSlvN_3c12r2b6xgYvw
3686,2019,6,8,Minneapolis,44.97839618092969,-93.25308559558955,0tjsGlLUJSvxMQUHLtsi2g,1828,0,2068,4,13898,True,0tjsGlLUJSvxMQUHLtsi2g
758,2014,8,240,Minneapolis,44.94634243942686,-93.2690223758099,rQojzUZ0pRit6W8dRLAnaQ,2705,1,5114,1,13904,True,rQojzUZ0pRit6W8dRLAnaQ
2832,2008,10,204,Minneapolis,44.96926151952717,-93.28799038165268,D_r3FSqoryXSmxHHNpCQ9Q,2745,0,3534,6,13906,True,D_r3FSqoryXSmxHHNpCQ9Q
2766,2016,8,279,Minneapolis,44.96807943434941,-93.26315087271082,7z-m9XzbSxtptjix3W-47A,606,1,1225,6,13915,True,7z-m9XzbSxtptjix3W-47A
2532,2009,10,227,Minneapolis,44.96605326863399,-93.22322857458325,QreeUQN4o7zMR1K_t8rtFQ,1329,1,2888,4,13917,True,QreeUQN4o7zMR1K_t8rtFQ
4348,2007,6,264,Minneapolis,44.98534744729026,-93.22724578039696,RI8qo0ufLcfA-tlD7ra4Ew,872,0,911,4,13918,True,RI8qo0ufLcfA-tlD7ra4Ew
554,2016,9,105,Minneapolis,44.94433072711012,-93.29071871708784,SUfYoo-F-fORHs-5JHX_NA,2707,0,3457,4,13920,True,SUfYoo-F-fORHs-5JHX_NA
3243,2015,7,229,Minneapolis,44.97331428510964,-93.24146180170123,Xf6SZ_SWx0TyHOIsPqSAXA,2583,0,3233,3,13924,True,Xf6SZ_SWx0TyHOIsPqSAXA
999,2007,7,279,Minneapolis,44.94828342185837,-93.2101649653849,61qhCFM5kwUCfDcCw509cg,1530,3,5115,1,13927,True,61qhCFM5kwUCfDcCw509cg
4447,2019,6,185,Minneapolis,44.98583913226702,-93.21866249255427,Av9fDKFUdu4abDHSVEx2mQ,2133,2,5116,1,13931,True,Av9fDKFUdu4abDHSVEx2mQ
4710,2009,10,81,Minneapolis,44.98934645611025,-93.22950309617792,bkV3NxQ5lwdEHuSjp8WScQ,594,2,5117,1,13932,True,bkV3NxQ5lwdEHuSjp8WScQ
938,2017,11,82,Minneapolis,44.94840967227685,-93.2711536458309,lagd2LhiEjeExfLj9LyPHw,3216,0,5118,4,13935,True,lagd2LhiEjeExfLj9LyPHw
1935,2016,8,349,Minneapolis,44.95921647306564,-93.27505954857575,wRK6tYjaoWaOnPIii7-YFw,1343,2,5119,2,13950,True,wRK6tYjaoWaOnPIii7-YFw
1267,2014,8,143,Minneapolis,44.95131792655119,-93.2152937884199,DHoY68rA9BXlj2sTJSEcrQ,3091,1,5120,2,13951,True,DHoY68rA9BXlj2sTJSEcrQ
519,2008,10,9,Minneapolis,44.94332517197859,-93.2350828720661,Q2u0ol15TRo6w8vGf5G6_g,2004,0,2307,11,13952,True,Q2u0ol15TRo6w8vGf5G6_g
4219,2019,6,31,Minneapolis,44.98434378542765,-93.26827388073175,q_Z1noTG8FgxC6bx9PsZ3A,514,1,3162,6,13953,True,q_Z1noTG8FgxC6bx9PsZ3A
1481,2007,7,232,Minneapolis,44.95428334646063,-93.27408390674066,3U_vHjqKCXEL-mFRyfKW1g,369,2,5121,2,13955,True,3U_vHjqKCXEL-mFRyfKW1g
663,2014,10,215,Minneapolis,44.94530459856155,-93.27284959155531,E0SKdfmp7iS6vddstXnfHA,586,0,599,4,13959,True,E0SKdfmp7iS6vddstXnfHA
2624,2009,10,126,Minneapolis,44.96615649211886,-93.22285888504275,-kihLExhfrBmP8-IYxjRHQ,1614,0,1778,7,13960,True,-kihLExhfrBmP8-IYxjRHQ
2085,2019,6,256,Minneapolis,44.96095532283395,-93.21532793748696,D6gUgFkocRdcAOolXVVDvw,2648,0,3335,4,13964,True,D6gUgFkocRdcAOolXVVDvw
2030,2011,8,317,Minneapolis,44.96034422516916,-93.27151209684716,G4ZyBdw6xKXKUbmqK3vVrw,2110,2,5122,1,13965,True,G4ZyBdw6xKXKUbmqK3vVrw
1874,2007,7,187,Minneapolis,44.95846836391736,-93.2458459100324,T2ni5DlRFOTpOU-Sh1LAdA,3130,0,4593,4,13968,True,T2ni5DlRFOTpOU-Sh1LAdA
3114,2009,7,258,Minneapolis,44.97261818496267,-93.27952316329794,MsL9Ftkiveh2Z3MWrP9OXw,2966,1,4196,5,13978,True,MsL9Ftkiveh2Z3MWrP9OXw
148,2009,10,147,Minneapolis,44.9393215083458,-93.24230665916151,NfI0zG6xtIUvO53MPJaC2A,3123,1,5123,2,13980,True,NfI0zG6xtIUvO53MPJaC2A
3447,2019,6,350,Minneapolis,44.97553220686074,-93.2193061632619,JrPtCzdNF5yK9bffwdZsGQ,628,0,643,4,13981,True,JrPtCzdNF5yK9bffwdZsGQ
92,2016,7,267,Minneapolis,44.93924693435423,-93.29841596351147,sYHIO-Y2ZqUAwla9-ulqLQ,2891,1,5125,1,13993,True,sYHIO-Y2ZqUAwla9-ulqLQ
34,2009,10,35,Minneapolis,44.93837058827857,-93.26634688101024,e09uKQ9ycO4avRPUnp94CQ,2176,0,2549,5,13995,True,e09uKQ9ycO4avRPUnp94CQ
4379,2009,7,144,Minneapolis,44.98626951194277,-93.28796438336992,59qg3a1oyB-yHT9mk12X2A,2271,0,2696,8,13996,True,59qg3a1oyB-yHT9mk12X2A
4575,2019,6,278,Minneapolis,44.98820928393862,-93.2753079584406,ptc6VH4x5cgDZETlZEb6sw,1452,1,4331,4,14006,True,ptc6VH4x5cgDZETlZEb6sw
4419,2007,7,30,Minneapolis,44.98625463969296,-93.25021992922856,hcCpk6-C25uLPThvI9dnjA,2288,0,2724,9,14011,True,hcCpk6-C25uLPThvI9dnjA
4147,2011,6,18,Minneapolis,44.9828709195947,-93.25145815370573,e3WtG3Oy2JBo42bvu7Yd7A,742,2,2290,4,14015,True,e3WtG3Oy2JBo42bvu7Yd7A
1968,2013,8,41,Minneapolis,44.95935544685175,-93.2421050515087,frf4gTvxP7ro9PDhTTJXzw,917,0,959,4,14017,True,frf4gTvxP7ro9PDhTTJXzw
2803,2009,10,153,Minneapolis,44.96820193326273,-93.226180748852,DwZmFMZm1rc1qYsyFWCCBQ,1715,2,5126,2,14018,True,DwZmFMZm1rc1qYsyFWCCBQ
1949,2014,9,230,Minneapolis,44.95924498007395,-93.2611164110275,2kgXyh3RPO3hANdGpunqvQ,415,2,5127,1,14019,True,2kgXyh3RPO3hANdGpunqvQ
4106,2019,7,243,Minneapolis,44.98332741163566,-93.2880908927254,Ax5LS2sKRTUZ55rowo3n0A,2530,0,3134,5,14020,True,Ax5LS2sKRTUZ55rowo3n0A
4994,2011,7,108,Minneapolis,44.99243066787668,-93.21816269804658,Rw81s6ht-inQ08ZYu0EZkw,228,2,5128,1,14022,True,Rw81s6ht-inQ08ZYu0EZkw
3576,2011,6,286,Minneapolis,44.9770225163731,-93.2694377963178,J9vfyKfnL0k7ViPiPr18vg,202,0,203,5,14033,True,J9vfyKfnL0k7ViPiPr18vg
4344,2007,6,175,Minneapolis,44.98536390048281,-93.23114940968068,Ru6FQ4cziJFju0mwGqfBmA,2626,1,4353,4,14036,True,Ru6FQ4cziJFju0mwGqfBmA
2007,2016,8,182,Minneapolis,44.96026396591163,-93.29439636307688,BiK8mY1MDLcEv9oIjzuAiQ,158,2,5129,1,14037,True,BiK8mY1MDLcEv9oIjzuAiQ
329,2019,6,223,Minneapolis,44.94134242937034,-93.24319440280767,-Y09UTFZedwc--QKqSFW3A,3034,1,5130,1,14040,True,-Y09UTFZedwc--QKqSFW3A
880,2011,10,251,Minneapolis,44.94736232353939,-93.2380218877924,i5yuqqV7UC6SRwnfGXLqow,2667,0,3377,6,14053,True,i5yuqqV7UC6SRwnfGXLqow
2209,2014,9,248,Minneapolis,44.96218928265624,-93.27401852121864,h509yE7T9IeEklmrab9luw,3159,1,5131,2,14054,True,h509yE7T9IeEklmrab9luw
332,2019,6,95,Minneapolis,44.94135498863725,-93.2400842634986,kkQj5UL97jjqNMSL26Klfw,117,1,5132,3,14057,True,kkQj5UL97jjqNMSL26Klfw
507,2011,7,117,Minneapolis,44.94324849041283,-93.2474293683368,v6Gk-T6UuJ60_iuFm85uHw,2055,1,5133,3,14062,True,v6Gk-T6UuJ60_iuFm85uHw
2848,2017,8,193,Minneapolis,44.96925840280257,-93.2715436922243,85s2iVkFV_Pva6SDT8jK0A,3056,0,4312,4,14066,True,85s2iVkFV_Pva6SDT8jK0A
722,2009,10,68,Minneapolis,44.9453170632275,-93.21404219102877,hSCy9tCVG-5S2tLDP-uTTw,259,0,261,3,14071,True,hSCy9tCVG-5S2tLDP-uTTw
5116,2014,9,200,Minneapolis,44.99424223703939,-93.27611152402926,CTBHiuh11g5u3sagMr7-wA,1084,0,1147,10,14072,True,CTBHiuh11g5u3sagMr7-wA
4194,2007,8,71,Minneapolis,44.9842637946956,-93.29213847771877,UktKh81JZ1ZE-4FQ3bDIGw,3002,0,4127,10,14076,True,UktKh81JZ1ZE-4FQ3bDIGw
162,2016,9,186,Minneapolis,44.93957429612086,-93.228213647606,hvyLO5sLUMsC9IPGNXBlsg,1964,0,2243,4,14078,True,hvyLO5sLUMsC9IPGNXBlsg
4444,2019,6,140,Minneapolis,44.98632662782531,-93.22421710280616,gTMMC6bZdleuj2sCZ1ag1w,3120,1,5134,2,14079,True,gTMMC6bZdleuj2sCZ1ag1w
3336,2015,10,54,Minneapolis,44.97441054047621,-93.23787708116788,lWs3M9H69xjdx_rwCpT9KA,428,0,437,11,14082,True,lWs3M9H69xjdx_rwCpT9KA
50,2011,9,336,Minneapolis,44.93828009707069,-93.24865910057596,TOGULpKVM_NY-A1ralsbCQ,389,1,5136,1,14092,True,TOGULpKVM_NY-A1ralsbCQ
1677,2009,10,348,Minneapolis,44.95630572411044,-93.26005477452831,BioMP-afkIofHUPHO93nhg,3217,0,5137,2,14094,True,BioMP-afkIofHUPHO93nhg
4377,2017,8,257,Minneapolis,44.98633387992616,-93.28513786857364,ZGCaojJZ0jWL7EL29Jjn6Q,3165,1,4973,3,14116,True,ZGCaojJZ0jWL7EL29Jjn6Q
1500,2019,6,215,Minneapolis,44.95427424780756,-93.25372341462004,uES2kgcHij7hTWYdxvAsxA,2549,1,4690,3,14120,True,uES2kgcHij7hTWYdxvAsxA
374,2014,10,217,Minneapolis,44.94230896133788,-93.28945950859716,7ttObYaflmcnBrYumsVVVg,1127,0,1197,5,14121,True,7ttObYaflmcnBrYumsVVVg
4621,2013,9,346,Minneapolis,44.98831473802181,-93.23077126457083,LoR_lBLW0ComjxLUs5aMDg,2721,2,4073,3,14123,True,LoR_lBLW0ComjxLUs5aMDg
5074,2009,10,39,Minneapolis,44.99331097603566,-93.23515397523666,neDYagZ5b2Mu7rHmMluUDg,1061,1,2554,4,14129,True,neDYagZ5b2Mu7rHmMluUDg
2809,2007,6,337,Minneapolis,44.96828326724378,-93.2205475584062,CiD8RQc4sXYU1AO7GLR82Q,754,0,778,7,14133,True,CiD8RQc4sXYU1AO7GLR82Q
936,2015,8,34,Minneapolis,44.94841535776071,-93.27325378996002,X16KUXcMYnjGtceDJuTxjg,2795,0,3639,7,14137,True,X16KUXcMYnjGtceDJuTxjg
1044,2007,7,358,Minneapolis,44.94929688287764,-93.25633045900024,K60hziaNb5MIlF6jfj1Xgw,559,2,5139,1,14143,True,K60hziaNb5MIlF6jfj1Xgw
3283,2011,6,157,Minneapolis,44.97430848332355,-93.29212354248584,21Dz6Ml8DexiWpRYrXx7Pw,526,0,539,12,14158,True,21Dz6Ml8DexiWpRYrXx7Pw
1781,2011,6,275,Minneapolis,44.9572879977574,-93.24731508372533,FVADf9NsFVgrZV6RlP-X2A,728,0,749,8,14160,True,FVADf9NsFVgrZV6RlP-X2A
4181,2009,10,261,Minneapolis,44.98411971726551,-93.21123045611591,-xvV6VCTB5XpS_EHhbs4Qg,1450,2,2624,3,14161,True,-xvV6VCTB5XpS_EHhbs4Qg
365,2019,5,259,Minneapolis,44.94225490574557,-93.2983937671947,jWHsQNL-x2vLl-6g1EXljg,1496,0,1637,4,14166,True,jWHsQNL-x2vLl-6g1EXljg
4685,2016,10,36,Minneapolis,44.98919644669139,-93.25287832612467,gF_Akn7PeI93uuECqFd9Zg,3,1,340,4,14174,True,gF_Akn7PeI93uuECqFd9Zg
5120,2016,9,209,Minneapolis,44.99423198912135,-93.27992246392904,Pvgx_nmEe1s3XQBhfaSk9Q,3137,1,5140,2,14182,True,Pvgx_nmEe1s3XQBhfaSk9Q
4424,2009,6,263,Minneapolis,44.98609028394804,-93.24333803566488,xIStuxUEs9liZFpKbdgwoA,2878,1,5141,2,14187,True,xIStuxUEs9liZFpKbdgwoA
1222,2009,10,208,Minneapolis,44.95139796872195,-93.26009522152772,AANHh-987XDkM7ZDm_Ui3Q,3218,0,5142,3,14192,True,AANHh-987XDkM7ZDm_Ui3Q
5228,2019,6,209,Minneapolis,44.99526966995142,-93.26312926012004,w2o9CNWdw6ueSF5Yn12LUQ,2888,1,5143,1,14194,True,w2o9CNWdw6ueSF5Yn12LUQ
4320,2019,6,93,Minneapolis,44.98519851136684,-93.2572496067129,xuyuM81FX4tvp85YqKBKIQ,2981,0,4080,6,14215,True,xuyuM81FX4tvp85YqKBKIQ
3941,2009,7,228,Minneapolis,44.98140570348937,-93.27504948157927,OfCHwk-D4eoQo-YcsBu-YA,1501,0,1643,6,14223,True,OfCHwk-D4eoQo-YcsBu-YA
4066,2019,6,170,Minneapolis,44.98240434542644,-93.2341258732488,qCZcSETVSEBIyp5AYTCLKg,2900,1,5145,2,14224,True,qCZcSETVSEBIyp5AYTCLKg
791,2008,10,313,Minneapolis,44.94616462484601,-93.23666686658264,wpNOLLcj2XrnL6J4zXOzJg,1028,0,1084,6,14229,True,wpNOLLcj2XrnL6J4zXOzJg
3463,2016,10,180,Minneapolis,44.97598456782087,-93.29541424151054,SgZyPND7zGJEsgOL2HBaBQ,2929,1,5146,1,14238,True,SgZyPND7zGJEsgOL2HBaBQ
571,2014,10,305,Minneapolis,44.94427422450215,-93.2740967180846,tKqLld2nU_Mbk3qZUXeK9w,1310,0,1413,3,14240,True,tKqLld2nU_Mbk3qZUXeK9w
672,2013,8,68,Minneapolis,44.94530866249071,-93.26390748754952,8BP1faWN3b1g9udx7k3SDQ,2605,1,5147,1,14244,True,8BP1faWN3b1g9udx7k3SDQ
3979,2007,8,43,Minneapolis,44.98164236051468,-93.23303604938494,nrNAinBxX0Wta01UeMR23A,764,0,789,5,14245,True,nrNAinBxX0Wta01UeMR23A
4424,2014,9,80,Minneapolis,44.98608496777257,-93.24332134764448,5uv9l6c8ZctpGIcX21iKXg,2878,0,3838,3,14247,True,5uv9l6c8ZctpGIcX21iKXg
1974,2009,6,313,Minneapolis,44.95924316214626,-93.23621472587996,IZLanElnVh3CKUuQoOyJZg,2417,1,5148,1,14252,True,IZLanElnVh3CKUuQoOyJZg
3064,2015,8,184,Minneapolis,44.97171707991144,-93.23743248551898,ueWQalLU6rqg_PxsNjtZDA,1863,0,2111,9,14255,True,ueWQalLU6rqg_PxsNjtZDA
2626,2007,7,105,Minneapolis,44.96624129572727,-93.22119862446624,GQ-bqeyFwGmesNqhfPTYVA,162,2,5149,1,14256,True,GQ-bqeyFwGmesNqhfPTYVA
4999,2013,9,34,Minneapolis,44.99155186927838,-93.21616476759986,Xeva2jZv7iscqaWKrdwU4Q,3020,0,4190,5,14262,True,Xeva2jZv7iscqaWKrdwU4Q
3378,2017,8,59,Minneapolis,44.97534458000698,-93.2880675798356,GtuGBk2WrS3JRYazuWhQmA,378,0,384,7,14267,True,GtuGBk2WrS3JRYazuWhQmA
2986,2019,6,85,Minneapolis,44.97026440789124,-93.22507755635178,8p5iaU0WHvFrQ16tlhZ6zg,2706,0,3456,8,14270,True,8p5iaU0WHvFrQ16tlhZ6zg
2491,2019,6,132,Minneapolis,44.96532704923788,-93.26515417722464,yQjWJ08fHPD3rFXhvw0b5Q,913,0,953,9,14272,True,yQjWJ08fHPD3rFXhvw0b5Q
4385,2009,7,21,Minneapolis,44.98636381915958,-93.27816734815696,_cNqQ1DgJByu7mlZGVbqRw,1498,0,1639,4,14274,True,_cNqQ1DgJByu7mlZGVbqRw
2038,2011,9,217,Minneapolis,44.96030506255104,-93.26255975566724,OKhxRcsWDpMt2-Q-WGWZbw,683,0,702,7,14281,True,OKhxRcsWDpMt2-Q-WGWZbw
323,2019,6,208,Minneapolis,44.94135589466492,-93.24912268884164,zAOtOChpqJqD6vNoHlHHNA,2342,2,5152,2,14288,True,zAOtOChpqJqD6vNoHlHHNA
4238,2009,7,111,Minneapolis,44.98435801569854,-93.2491532517392,TbvtEj-zyG72Xlvlz28BDQ,1007,1,5153,1,14289,True,TbvtEj-zyG72Xlvlz28BDQ
70,2007,7,266,Minneapolis,44.93839384651564,-93.22878287692642,u2dNhTUAkT5Z7n0_pfqBzg,3117,1,5154,2,14290,True,u2dNhTUAkT5Z7n0_pfqBzg
109,2019,5,107,Minneapolis,44.93925831536757,-93.28139319987044,azcM3W2eG5YyXaPVzUXFIw,1534,0,1678,3,14300,True,azcM3W2eG5YyXaPVzUXFIw
2365,2011,10,305,Minneapolis,44.96330989440888,-93.20902762901017,WKWW775ywQP3H5PisckOTw,1657,0,1832,5,14306,True,WKWW775ywQP3H5PisckOTw
2236,2008,10,117,Minneapolis,44.96244370437945,-93.24715569508118,K1xundmpzlSQRmE5AnD_fg,143,0,144,13,14309,True,K1xundmpzlSQRmE5AnD_fg
2086,2019,6,78,Minneapolis,44.96023830968529,-93.21437269832104,WEXIFGecoSrEWTKOQQVALA,1749,2,5156,1,14310,True,WEXIFGecoSrEWTKOQQVALA
5006,2008,9,107,Minneapolis,44.993306054753,-93.29944290711536,caKLaEQYsUaAgLLjZ9GgbA,1326,0,1430,3,14313,True,caKLaEQYsUaAgLLjZ9GgbA
4872,2007,7,346,Minneapolis,44.99136103791248,-93.24721380607517,lFCRaIkwBAiiwxAwJPp76w,2554,1,4006,4,14316,True,lFCRaIkwBAiiwxAwJPp76w
3037,2014,9,233,Minneapolis,44.97124379814412,-93.26511555363342,G2BSbQDueN0XEqgav-dbrQ,2821,0,3690,3,14320,True,G2BSbQDueN0XEqgav-dbrQ
945,2018,10,307,Minneapolis,44.94834003413975,-93.26413442382854,nmS0wsbT1q2U3u5i5Gstlw,999,1,3363,5,14323,True,nmS0wsbT1q2U3u5i5Gstlw
3375,2013,8,270,Minneapolis,44.97521641490753,-93.29099842648615,HJ3cVoOtCW1djUf_gg5wtQ,307,0,311,13,14327,True,HJ3cVoOtCW1djUf_gg5wtQ
4848,2016,10,60,Minneapolis,44.99138510989151,-93.27450045722344,UfC5PAt_-J0Z4uV3TPCG7A,2722,1,5157,1,14330,True,UfC5PAt_-J0Z4uV3TPCG7A
3326,2019,7,209,Minneapolis,44.97436492197012,-93.24920953690172,TeenuMpZFShvS_vp_sMH_w,3212,0,5065,4,14340,True,TeenuMpZFShvS_vp_sMH_w
44,2009,10,147,Minneapolis,44.93829050775658,-93.2536921691491,req5GMxvuoNz8xXnikRm_A,2720,1,4146,4,14341,True,req5GMxvuoNz8xXnikRm_A
2641,2019,5,104,Minneapolis,44.9673294121594,-93.29725557788156,lTHkfuOttTAo5ydBD1NwrA,1066,1,5158,1,14344,True,lTHkfuOttTAo5ydBD1NwrA
5047,2019,6,247,Minneapolis,44.99352695174612,-93.25842912991774,TGlwmfbIEyq1VwQED01Rgw,2347,2,5159,1,14350,True,TGlwmfbIEyq1VwQED01Rgw
66,2009,10,334,Minneapolis,44.93833963263997,-93.23339337944176,g0RZqBLwaPVu9qOeMtRzsw,2501,0,3089,6,14364,True,g0RZqBLwaPVu9qOeMtRzsw
3127,2019,6,74,Minneapolis,44.97250529492059,-93.266694690482,Sy2Ygsbwrub3Nbmt2XK5Jw,599,0,613,5,14368,True,Sy2Ygsbwrub3Nbmt2XK5Jw
1409,2011,8,159,Minneapolis,44.95327687422606,-93.25499766562372,oSSfjcUTDXF4ZSDqF35z0A,3174,0,4811,3,14369,True,oSSfjcUTDXF4ZSDqF35z0A
598,2007,7,115,Minneapolis,44.94432686200719,-93.24742470512422,SaeCUe6s653SsSnLZ9BIKA,904,1,5160,2,14370,True,SaeCUe6s653SsSnLZ9BIKA
4422,2009,6,216,Minneapolis,44.98633806079578,-93.2471632540142,c_x4HEvGr_Y64zEbMTOrlw,46,0,46,6,14371,True,c_x4HEvGr_Y64zEbMTOrlw
4478,2014,9,224,Minneapolis,44.9874388615919,-93.27892181178942,R6yYV_FuqR_wa1t1gY_dTg,2956,2,5161,1,14373,True,R6yYV_FuqR_wa1t1gY_dTg
999,2019,6,69,Minneapolis,44.94827966628426,-93.2101538215355,AlSxq1FR5nr4rCB3Irht_g,1530,4,5162,1,14377,True,AlSxq1FR5nr4rCB3Irht_g
3858,2007,7,51,Minneapolis,44.98030267208384,-93.26026920373286,xaOq6N7pkRNuq9xBEWeoAA,1623,0,1789,3,14385,True,xaOq6N7pkRNuq9xBEWeoAA
5196,2014,9,250,Minneapolis,44.99530986048004,-93.28953427950805,t0RvENsruj26jUvpBi_XKA,2047,1,4408,5,14388,True,t0RvENsruj26jUvpBi_XKA
5107,2007,7,155,Minneapolis,44.9942730529627,-93.28958136448176,etplQ9bADIn7g_1Yfn8z1w,227,1,5163,2,14390,True,etplQ9bADIn7g_1Yfn8z1w
1792,2019,6,327,Minneapolis,44.95728709463854,-93.23624868808672,DiFBxz2sYe7Wy01366Gbtw,2361,2,5164,1,14391,True,DiFBxz2sYe7Wy01366Gbtw
955,2019,6,268,Minneapolis,44.9484103735122,-93.2542210597508,07_60-NuHjf1JPEQsdrEPQ,1641,0,1814,4,14393,True,07_60-NuHjf1JPEQsdrEPQ
276,2011,9,106,Minneapolis,44.94131587036615,-93.29616764970474,_4pLTvHhxY0S9-yGwzaG1A,3173,1,5165,2,14397,True,_4pLTvHhxY0S9-yGwzaG1A
911,2014,10,263,Minneapolis,44.9483356817835,-93.29814713734964,4gGjzLTIXeWm3DfEJV2zNA,2081,0,2418,8,14399,True,4gGjzLTIXeWm3DfEJV2zNA
4271,2007,6,225,Minneapolis,44.98418533813739,-93.21134714575388,S6pLnljUPlBvwe4XiSu6_A,1450,0,1584,3,14400,True,S6pLnljUPlBvwe4XiSu6_A
2802,2019,6,71,Minneapolis,44.96857782124662,-93.22673338741528,KvF2XrmhH5uzzwXbXjV61g,1795,2,3528,5,14404,True,KvF2XrmhH5uzzwXbXjV61g
3129,2017,8,331,Minneapolis,44.97219128310994,-93.26422304563287,AsY8nlDnxA6VV89vpb20jw,737,0,758,9,14415,True,AsY8nlDnxA6VV89vpb20jw
713,2011,8,328,Minneapolis,44.94533314713462,-93.2229365258441,_GcZpRBqjsFA5P0yaJSSEA,179,1,2866,3,14416,True,_GcZpRBqjsFA5P0yaJSSEA
4986,2009,10,85,Minneapolis,44.99226589478771,-93.22949574391296,q7xqVbcGrGjXnuw0HluOfw,2392,1,5167,1,14423,True,q7xqVbcGrGjXnuw0HluOfw
3612,2011,6,337,Minneapolis,44.97717696500637,-93.2385158451941,WSqbXbOuNasQDUwRibi8cw,600,0,614,7,14425,True,WSqbXbOuNasQDUwRibi8cw
1478,2016,11,58,Minneapolis,44.95432327358802,-93.27660137341054,5oOptRr3XCkPLTnxPf_axQ,1986,0,2279,8,14426,True,5oOptRr3XCkPLTnxPf_axQ
983,2017,8,85,Minneapolis,44.94833541750988,-93.22620098312572,IFk36owVopAlSSQgPHLFQA,2233,0,2635,8,14427,True,IFk36owVopAlSSQgPHLFQA
1938,2007,7,188,Minneapolis,44.95918680280155,-93.27213426958524,jba-GdjLf3HLs9TPCfOIHQ,2767,1,5168,2,14436,True,jba-GdjLf3HLs9TPCfOIHQ
4719,2019,6,208,Minneapolis,44.98925941866496,-93.2202934167086,JHdAoOHFQk66Xdvlu7orTA,1060,0,1118,4,14441,True,JHdAoOHFQk66Xdvlu7orTA
2169,2011,10,0,Minneapolis,44.96145334248241,-93.22292484430297,_OlQXu6hfTPYLFuXwpUcAA,3142,0,4666,8,14451,True,_OlQXu6hfTPYLFuXwpUcAA
194,2014,10,43,Minneapolis,44.94029491913347,-93.28691271520852,lgmI5kj_XstIhlarwOvURg,1874,1,3807,4,14453,True,lgmI5kj_XstIhlarwOvURg
2709,2016,10,182,Minneapolis,44.96703684616795,-93.22923072170794,OAquW3zPcUSH42eOwqt-Rw,1652,1,5169,1,14455,True,OAquW3zPcUSH42eOwqt-Rw
4787,2009,7,187,Minneapolis,44.99035256507757,-93.24508490702785,4bUbISDOqgbb_CGP1sH4Mw,2770,1,5170,1,14461,True,4bUbISDOqgbb_CGP1sH4Mw
872,2019,6,113,Minneapolis,44.94727882906153,-93.2461414285214,SNFXaZ_u4e0NQPIyAKygLg,2174,1,3492,3,14462,True,SNFXaZ_u4e0NQPIyAKygLg
240,2007,7,184,Minneapolis,44.94034396816964,-93.24060713681446,bDbqOqpLsu34Dys-aonyQQ,3144,1,5171,2,14463,True,bDbqOqpLsu34Dys-aonyQQ
4831,2009,6,322,Minneapolis,44.99130713276757,-93.28953837773908,Mq3aVgUrLmnHnx7LQUq4DA,2387,1,5173,2,14466,True,Mq3aVgUrLmnHnx7LQUq4DA
1383,2011,8,143,Minneapolis,44.95330711961989,-93.28131792547688,brCE5-bXSG-KW-GA992aJQ,2170,2,5174,2,14468,True,brCE5-bXSG-KW-GA992aJQ
4388,2017,8,226,Minneapolis,44.98631380275973,-93.28308428402046,ODT7XTBUooFyZoO5Y1JcYg,277,1,4647,3,14473,True,ODT7XTBUooFyZoO5Y1JcYg
2949,2009,7,229,Minneapolis,44.97005568431281,-93.26233665633072,sgYY0WnmVAN1NydXOE6Ztg,314,1,5175,1,14474,True,sgYY0WnmVAN1NydXOE6Ztg
5140,2009,7,122,Minneapolis,44.9942873435751,-93.25712881873574,PypYw9wsSKVS5yunzypxVg,2717,1,4503,4,14478,True,PypYw9wsSKVS5yunzypxVg
2242,2009,6,59,Minneapolis,44.96230640545068,-93.2409441174197,bresWoi4COhrZ_0MZTnsaw,1974,2,5177,1,14479,True,bresWoi4COhrZ_0MZTnsaw
542,2016,10,102,Minneapolis,44.94329918609002,-93.21213337894063,HaRMsrSUZFn2EGZ_9h7i-w,123,1,1035,5,14480,True,HaRMsrSUZFn2EGZ_9h7i-w
1520,2019,6,88,Minneapolis,44.95434394664953,-93.23472236863348,9_5RgPkRMZUDVFRUx_tAsw,2517,1,4454,4,14482,True,9_5RgPkRMZUDVFRUx_tAsw
2606,2015,9,88,Minneapolis,44.96631378115504,-93.2409356516563,EDL2zRlsXz4QxQCVcVHhoQ,271,0,273,5,14487,True,EDL2zRlsXz4QxQCVcVHhoQ
5172,2009,10,73,Minneapolis,44.99431964306338,-93.22154314033855,VDUU9gongiKm4qOD5EU_PA,2436,0,2975,5,14491,True,VDUU9gongiKm4qOD5EU_PA
417,2019,6,107,Minneapolis,44.94230296104877,-93.24609848692452,esB-SqPUywV2SDIAIocG_Q,2017,0,2329,3,14495,True,esB-SqPUywV2SDIAIocG_Q
2655,2014,9,78,Minneapolis,44.96694499029041,-93.28326923151825,BiHkdEl_6ciyE-MH7rC8tQ,1492,1,3870,7,14499,True,BiHkdEl_6ciyE-MH7rC8tQ
757,2019,5,39,Minneapolis,44.94628823109694,-93.27027642497444,r8UL5M7mp5eJeA_ZakG7yg,1669,2,5178,1,14512,True,r8UL5M7mp5eJeA_ZakG7yg
4825,2011,6,248,Minneapolis,44.99129523132148,-93.29821684209428,9pJIjYw15EO7Gw4dNZiSIA,1319,1,2129,3,14515,True,9pJIjYw15EO7Gw4dNZiSIA
3874,2009,7,38,Minneapolis,44.98124388470069,-93.24747120419345,ttx7qCIK7_WswCYVb4ywjA,1483,2,5179,1,14522,True,ttx7qCIK7_WswCYVb4ywjA
4498,2009,6,263,Minneapolis,44.98722321126868,-93.26123659472152,uKNzkBK6dJw5ZhybKPt0Rg,3039,0,4260,5,14524,True,uKNzkBK6dJw5ZhybKPt0Rg
4783,2007,7,246,Minneapolis,44.99066445843939,-93.2457707140394,lpeInVExzHinXOqfMFZIZQ,3184,1,5180,1,14529,True,lpeInVExzHinXOqfMFZIZQ
276,2014,8,276,Minneapolis,44.94132919547683,-93.2961344576194,fcHZsLT5B2-x1aMpg40GBQ,3173,0,4799,4,14533,True,fcHZsLT5B2-x1aMpg40GBQ
2319,2009,7,335,Minneapolis,44.96327548021279,-93.25544426038935,2-TGV5P_eyIdNjZbPLwuHQ,3121,1,5181,4,14534,True,2-TGV5P_eyIdNjZbPLwuHQ
850,2009,7,350,Minneapolis,44.94732784600235,-93.26777272697475,yEuniLbFpeXmw79Ao-r4JA,2400,0,2915,9,14537,True,yEuniLbFpeXmw79Ao-r4JA
3115,2016,8,196,Minneapolis,44.97227208149535,-93.27819611995449,xyj_LQnM_nkTusnjr4oeHg,1441,1,1805,7,14545,True,xyj_LQnM_nkTusnjr4oeHg
1278,2007,7,241,Minneapolis,44.95193184497598,-93.2950746110026,Dhd1hFRztEfKvmYWp3ZA0g,2053,0,2382,4,14548,True,Dhd1hFRztEfKvmYWp3ZA0g
93,2011,9,16,Minneapolis,44.93926535818395,-93.29712132664368,5zxGcZCR-cQfKUyUYJiEKw,2544,0,3158,4,14550,True,5zxGcZCR-cQfKUyUYJiEKw
4879,2019,7,102,Minneapolis,44.99154761229845,-93.24413034248448,OE05lbfg2Bt52eQCbcldLw,3026,0,4203,4,14553,True,OE05lbfg2Bt52eQCbcldLw
4449,2009,6,321,Minneapolis,44.98608841648009,-93.22208135118598,QKUh2_RL638zVFaXDslwvg,2401,1,3818,3,14557,True,QKUh2_RL638zVFaXDslwvg
520,2019,6,319,Minneapolis,44.94298190441898,-93.23422570148054,tHiS_a7C5qUGlnrOBDMOKQ,1943,0,2218,4,14563,True,tHiS_a7C5qUGlnrOBDMOKQ
4319,2019,6,109,Minneapolis,44.98547511387214,-93.25780161776042,0EMQlcbnRMgF1kT8Md9Nxg,2644,1,5184,6,14567,True,0EMQlcbnRMgF1kT8Md9Nxg
2048,2007,7,109,Minneapolis,44.96004117578809,-93.25314774156688,1mrYHkTW6SVxQ7Fk619cNw,2083,1,4881,4,14572,True,1mrYHkTW6SVxQ7Fk619cNw
1634,2016,10,154,Minneapolis,44.95476104987747,-93.21350761482172,ORTn2pL2QKAfq8nfLHhtdQ,1367,2,5185,1,14576,True,ORTn2pL2QKAfq8nfLHhtdQ
5225,2019,6,223,Minneapolis,44.99518133815581,-93.26135653577091,aY25Mrmbuvw7QSJ4bTCGMw,2872,0,3821,4,14577,True,aY25Mrmbuvw7QSJ4bTCGMw
140,2019,7,34,Minneapolis,44.93926852279588,-93.2498916093986,87hXlF6dddZ1JmmCqIw1DQ,2881,1,5186,1,14578,True,87hXlF6dddZ1JmmCqIw1DQ
1956,2018,8,187,Minneapolis,44.95912227505233,-93.25423170115798,GLO_bG7K3FEL0EtWOC0QkQ,140,0,141,5,14585,True,GLO_bG7K3FEL0EtWOC0QkQ
1240,2014,9,284,Minneapolis,44.95125594530867,-93.24264678843382,6QgcDsIABZox_JOA5sUUog,2540,0,3149,6,14587,True,6QgcDsIABZox_JOA5sUUog
353,2009,10,129,Minneapolis,44.94143223190849,-93.21920196361398,1qt1q2HQQp47Q2HqCIlYsg,1298,2,5188,1,14599,True,1qt1q2HQQp47Q2HqCIlYsg
1932,2012,8,30,Minneapolis,44.95909900066408,-93.2781050419305,oTjiFnjid-FyIlCUbFuZQg,1333,2,5189,1,14604,True,oTjiFnjid-FyIlCUbFuZQg
948,2019,5,293,Minneapolis,44.94831893411803,-93.26108869742065,OIGBnuCf_ZIFYKbaLZdwEA,1222,0,1310,6,14605,True,OIGBnuCf_ZIFYKbaLZdwEA
1305,2011,6,259,Minneapolis,44.95228733826397,-93.26774313216283,XPQRrWpDAy2iRHPSDreYGg,2818,0,3684,6,14606,True,XPQRrWpDAy2iRHPSDreYGg
625,2014,8,288,Minneapolis,44.94426624744521,-93.22038276923394,8n3ch0NZ76IYWSgjRJCKCA,1891,1,5191,2,14623,True,8n3ch0NZ76IYWSgjRJCKCA
3637,2009,7,56,Minneapolis,44.9783002702899,-93.29818094693024,JTgbcmbahYvwjF88LV1W6g,1963,1,5192,2,14625,True,JTgbcmbahYvwjF88LV1W6g
1965,2014,9,83,Minneapolis,44.95930419971744,-93.24518209898,OVesukcVgZzA78pfruezuw,3204,0,4987,3,14628,True,OVesukcVgZzA78pfruezuw
4808,2009,10,48,Minneapolis,44.98965111370293,-93.22416149561926,fdVPDH_J9HMhBgxH_jjfOQ,2866,1,4160,3,14630,True,fdVPDH_J9HMhBgxH_jjfOQ
4271,2019,6,25,Minneapolis,44.98417684235463,-93.21128685294966,l766QtnYsSgKoZwog5kPAg,1450,4,5193,1,14633,True,l766QtnYsSgKoZwog5kPAg
4341,2012,8,184,Minneapolis,44.98538549824134,-93.23505533045596,oMh8mdknBEXKoIZiJcB9wA,2021,1,2825,6,14637,True,oMh8mdknBEXKoIZiJcB9wA
4151,2019,7,336,Minneapolis,44.98345861913882,-93.23996273601335,x8_NkpVtbnG7SdlEyz1umA,675,0,693,11,14638,True,x8_NkpVtbnG7SdlEyz1umA
1962,2009,7,43,Minneapolis,44.95917003238181,-93.2481352248156,vnFWdwSuPDc_0xn0uSyMvQ,1663,0,1839,3,14639,True,vnFWdwSuPDc_0xn0uSyMvQ
1621,2016,11,203,Minneapolis,44.95558231852904,-93.22524570438468,d1_7Ce12Z3Y6oCOAvv0qmw,3200,1,5194,1,14647,True,d1_7Ce12Z3Y6oCOAvv0qmw
280,2011,9,293,Minneapolis,44.94133733623224,-93.29207742037823,6nkcP9kmzCHcCiorNpJmWQ,1280,0,1380,4,14649,True,6nkcP9kmzCHcCiorNpJmWQ
1686,2011,7,119,Minneapolis,44.95625204850339,-93.25119842696375,ishlkrHrotr0Ou18s406yA,2197,0,2580,4,14675,True,ishlkrHrotr0Ou18s406yA
3230,2019,5,188,Minneapolis,44.97309597695487,-93.25425170605592,a_S1Q3N7ZL7Lr9QoSkfpVg,3224,0,5196,2,14677,True,a_S1Q3N7ZL7Lr9QoSkfpVg
1864,2009,10,359,Minneapolis,44.95828307046306,-93.2549807652981,0ngP7-GYe0G1qb3yrf2dmw,1308,0,1410,3,14679,True,0ngP7-GYe0G1qb3yrf2dmw
4152,2016,11,5,Minneapolis,44.98342650028295,-93.24441787558796,vudO__2aAcxds8hlQ8afbA,335,2,5197,1,14689,True,vudO__2aAcxds8hlQ8afbA
4782,2019,7,69,Minneapolis,44.9903550998845,-93.25320339828497,pzLm3R1n4LU3h4Fkzttm3g,1888,0,2145,9,14691,True,pzLm3R1n4LU3h4Fkzttm3g
4827,2014,9,111,Minneapolis,44.99147901561916,-93.2990932501516,xgor2jxEKpdWUXHtLyw7EA,3054,1,5198,1,14699,True,xgor2jxEKpdWUXHtLyw7EA
3225,2009,7,207,Minneapolis,44.97281164925847,-93.25960980236452,fe0rFGHYqueF84zuO-u8KA,580,0,593,7,14702,True,fe0rFGHYqueF84zuO-u8KA
4197,2009,6,295,Minneapolis,44.98419945924336,-93.28413187998292,mg_qTqNgJrAruAfsiRz4DQ,3151,0,4710,5,14713,True,mg_qTqNgJrAruAfsiRz4DQ
1426,2016,8,259,Minneapolis,44.95339089928436,-93.23791702101028,tMSOYp8LeMXruujWTgVeQA,2803,0,3658,3,14714,True,tMSOYp8LeMXruujWTgVeQA
4613,2014,9,199,Minneapolis,44.98831168904845,-93.23916270322796,TXPaDApZVJ5wJwvMs1LtmA,1546,0,1692,4,14716,True,TXPaDApZVJ5wJwvMs1LtmA
3736,2007,8,301,Minneapolis,44.97898362800791,-93.29419810096648,aEIx8ixgtzCDpcQ9axprnQ,1983,1,2630,4,14717,True,aEIx8ixgtzCDpcQ9axprnQ
311,2014,10,219,Minneapolis,44.94140664150287,-93.26120744818476,3eDuSvY9LkHvae89AXGfCA,3113,2,5200,1,14725,True,3eDuSvY9LkHvae89AXGfCA
1699,2007,7,276,Minneapolis,44.95627424081976,-93.23776295123623,-2YxQ0VJpi4TiNdc-guV3A,1581,1,5201,3,14734,True,-2YxQ0VJpi4TiNdc-guV3A
4842,2017,8,252,Minneapolis,44.99139344235802,-93.27962313551534,7EMeGKxs5X3EJdXsdlKhYQ,3131,1,5202,2,14735,True,7EMeGKxs5X3EJdXsdlKhYQ
4123,2016,11,156,Minneapolis,44.98313470148039,-93.26521730915717,tnFKznixZ13rEN6lKsMQdA,821,1,5203,1,14741,True,tnFKznixZ13rEN6lKsMQdA
4434,2009,7,293,Minneapolis,44.98644565794307,-93.2365212153413,vFBO-AIu6h0EnAWYV31dug,3190,0,4924,5,14742,True,vFBO-AIu6h0EnAWYV31dug
786,2011,8,31,Minneapolis,44.94654820878222,-93.24117533724922,MMtBrWaWw1lG5HdC7OJhMw,3126,0,4575,3,14744,True,MMtBrWaWw1lG5HdC7OJhMw
4034,2017,8,156,Minneapolis,44.98235099232969,-93.27328561105124,cTybRvJ3UFzOmWAZrpD-yA,1518,0,1661,4,14746,True,cTybRvJ3UFzOmWAZrpD-yA
4339,2019,6,294,Minneapolis,44.98544959403801,-93.2403067017298,BM51_sQc2PflXQlBNH_Eyg,3208,0,5028,3,14747,True,BM51_sQc2PflXQlBNH_Eyg
2771,2011,6,307,Minneapolis,44.96820874439077,-93.25817406339137,dkCJXFm5NVrxdMb4uqtGMA,2121,0,2475,7,14750,True,dkCJXFm5NVrxdMb4uqtGMA
1274,2007,7,290,Minneapolis,44.95217217378481,-93.29918728732083,Cyexxjc1C3qEM8gLRibIiA,931,2,5205,1,14755,True,Cyexxjc1C3qEM8gLRibIiA
2692,2017,8,114,Minneapolis,44.96776571288135,-93.2462026117092,8f7VokGrCi8GLFM-_7NXnw,1141,0,1214,5,14756,True,8f7VokGrCi8GLFM-_7NXnw
4690,2019,6,175,Minneapolis,44.98964477113796,-93.24584683136784,260HlQHIq5kddGgUiNN41w,2188,0,2565,5,14758,True,260HlQHIq5kddGgUiNN41w
844,2007,7,260,Minneapolis,44.94738088496815,-93.27411728634767,Ob-JhrsmOIN9hgCx-I9otw,2743,0,3527,5,14762,True,Ob-JhrsmOIN9hgCx-I9otw
2872,2007,7,128,Minneapolis,44.96927399945794,-93.24731078768134,gDtpc1AXjmnz_FqjEWt_oQ,2101,0,2449,10,14767,True,gDtpc1AXjmnz_FqjEWt_oQ
2131,2017,8,74,Minneapolis,44.96128839901147,-93.2611049080955,APzx_PjjzSyTqyBJHN1Krw,1265,1,5206,3,14770,True,APzx_PjjzSyTqyBJHN1Krw
2159,2018,10,120,Minneapolis,44.96127285082279,-93.23301032560806,paEXcfZRqaQx-jTXO1sJ_w,1180,0,1261,3,14773,True,paEXcfZRqaQx-jTXO1sJ_w
3081,2009,7,109,Minneapolis,44.97133286826106,-93.2212174548392,zi0M2DKaR1N12kKu8ekeMw,1186,1,5208,2,14777,True,zi0M2DKaR1N12kKu8ekeMw
3758,2014,9,52,Minneapolis,44.97939739244276,-93.26828782687404,qBswTnC8AJ831gqxp49EsQ,1128,0,1198,7,14779,True,qBswTnC8AJ831gqxp49EsQ
3257,2015,9,322,Minneapolis,44.9732868104682,-93.22713717236238,wv20FdDggUwXSoB2tF48pg,2406,0,2924,10,14780,True,wv20FdDggUwXSoB2tF48pg
2170,2011,10,189,Minneapolis,44.96111963962537,-93.22240306737052,6JQPEjvgV3isktFmePbWHg,3172,1,5209,1,14781,True,6JQPEjvgV3isktFmePbWHg
4578,2017,10,121,Minneapolis,44.98823417586487,-93.26809540024266,kPo8Bcz5WtfMSSrMJwlDrg,1861,1,5210,2,14784,True,kPo8Bcz5WtfMSSrMJwlDrg
185,2019,5,44,Minneapolis,44.94034150693798,-93.29583761053382,3WsEsHM-8m4QNsVCAPuGcA,3221,0,5166,4,14795,True,3WsEsHM-8m4QNsVCAPuGcA
3549,2011,6,212,Minneapolis,44.97780675333657,-93.20987708059909,zpxe7AYhKD-DK0oRep-zEw,105,1,3074,5,14798,True,zpxe7AYhKD-DK0oRep-zEw
508,2009,10,52,Minneapolis,44.94329008380949,-93.24612302627672,A4amxGIPR2kpoIWX9b5W3Q,2982,1,5213,2,14801,True,A4amxGIPR2kpoIWX9b5W3Q
4650,2019,6,351,Minneapolis,44.98929386101271,-93.285446004031,xS1ykqw-mpnZne5hCCcA5g,797,0,828,4,14802,True,xS1ykqw-mpnZne5hCCcA5g
3237,2007,7,104,Minneapolis,44.97337426273017,-93.24718015512758,0iI8sRZTJZPrNipGa0RCGw,868,0,906,6,14804,True,0iI8sRZTJZPrNipGa0RCGw
5126,2009,7,187,Minneapolis,44.99349236581335,-93.2715399036068,zFNVZJ5h4XrYzsMbcm79tw,1372,0,1487,4,14805,True,zFNVZJ5h4XrYzsMbcm79tw
667,2016,10,298,Minneapolis,44.94532972305494,-93.26901951342496,8U4f_dcGmoZd1Qx83XxWfg,2893,0,3875,4,14807,True,8U4f_dcGmoZd1Qx83XxWfg
1854,2018,10,246,Minneapolis,44.95827293715056,-93.26510136106955,wlJGYPXOdINGaM_wS8YGdQ,2353,0,2821,6,14809,True,wlJGYPXOdINGaM_wS8YGdQ
5221,2009,7,234,Minneapolis,44.99529934671545,-93.27019288021548,J1Hjy8mKaL0oQ4dOHg8BIQ,207,1,4698,3,14814,True,J1Hjy8mKaL0oQ4dOHg8BIQ
104,2011,6,128,Minneapolis,44.93952112282575,-93.2861181995413,BQbNAO9fZg7QdOq0lpRMfQ,2335,1,4861,5,14815,True,BQbNAO9fZg7QdOq0lpRMfQ
4603,2014,9,181,Minneapolis,44.98825039423544,-93.24607914271604,xqc-a868EIJoWcBHJ54l1w,758,0,782,4,14825,True,xqc-a868EIJoWcBHJ54l1w
3318,2009,7,217,Minneapolis,44.97471954086232,-93.25674309607643,nuylDTYVLUreVF2VCG1Iuw,971,0,1020,4,14828,True,nuylDTYVLUreVF2VCG1Iuw
3405,2019,6,316,Minneapolis,44.97515972203603,-93.26075120692514,TlV6e4pO8fKH7VHpHcEDFw,432,0,441,10,14829,True,TlV6e4pO8fKH7VHpHcEDFw
4716,2015,10,258,Minneapolis,44.9893406116267,-93.22154937192326,VOttz35Wjf7kYLEGS-Ey5Q,2336,0,2796,4,14834,True,VOttz35Wjf7kYLEGS-Ey5Q
57,2011,10,329,Minneapolis,44.93827938547043,-93.24227918899874,F2lwN6PXI9YLvR9NOZ4Y-g,295,1,1841,3,14842,True,F2lwN6PXI9YLvR9NOZ4Y-g
542,2011,9,31,Minneapolis,44.94330200498347,-93.212066871495,oRP0ByLjTVDOveoNk8Gb9g,123,2,5215,1,14843,True,oRP0ByLjTVDOveoNk8Gb9g
1338,2007,7,218,Minneapolis,44.95208832342129,-93.2353450286744,UnRDxbWqFn9U8D1PUXzfBw,2135,0,2494,5,14852,True,UnRDxbWqFn9U8D1PUXzfBw
4617,2019,7,221,Minneapolis,44.98827679741715,-93.2333347543776,LgOHwaxsfmqZjWVvrKan4Q,1438,1,5080,4,14860,True,LgOHwaxsfmqZjWVvrKan4Q
2273,2011,9,16,Minneapolis,44.96232473542022,-93.21026772965172,es_EPjmdxSSj07DCdzxdJg,1840,1,5216,2,14862,True,es_EPjmdxSSj07DCdzxdJg
220,2014,8,75,Minneapolis,44.94033090166605,-93.26131807553408,ozFqPDr9Ym9ZUCsVzpS8Mw,598,1,2669,3,14865,True,ozFqPDr9Ym9ZUCsVzpS8Mw
4147,2017,8,188,Minneapolis,44.98285585677382,-93.25151452644718,Pty0Q5D7pedFHJ_WIFnIhA,742,0,763,4,14868,True,Pty0Q5D7pedFHJ_WIFnIhA
1757,2017,11,84,Minneapolis,44.95731994269246,-93.27114534420998,K_uPJXr5-ZPAGJOKM_qNVw,2534,1,5217,2,14870,True,K_uPJXr5-ZPAGJOKM_qNVw
1451,2019,6,279,Minneapolis,44.95312245626652,-93.2133898021682,Z7w9TgE094mbWEESlWlzuQ,1479,0,1617,5,14874,True,Z7w9TgE094mbWEESlWlzuQ
1290,2019,5,107,Minneapolis,44.95217981249841,-93.28301144961311,2COoaijYZlEk57HcADGdjA,355,1,2063,3,14880,True,2COoaijYZlEk57HcADGdjA
3975,2014,9,58,Minneapolis,44.98129218279644,-93.24108742411735,WV6WBRff1KYTrhYykAiAZg,2273,0,2699,15,14883,True,WV6WBRff1KYTrhYykAiAZg
3872,2016,10,234,Minneapolis,44.98105377456063,-93.24690514443802,LxBUhPEWbg9v05w20jiBpw,1893,0,2152,5,14886,True,LxBUhPEWbg9v05w20jiBpw
3203,2019,6,124,Minneapolis,44.97321395057682,-93.28095660156582,nrO3Qqt25v4fR4AGfMYeYg,3203,0,4986,4,14889,True,nrO3Qqt25v4fR4AGfMYeYg
4098,2008,9,51,Minneapolis,44.98320705240315,-93.29815380652518,7sPnsV6nIm7uqAq2eeWgBg,130,2,5218,1,14896,True,7sPnsV6nIm7uqAq2eeWgBg
1418,2009,10,253,Minneapolis,44.95331721840601,-93.2460996424616,XemSL5giEYfxvbWjcgC2-g,2971,0,4058,5,14897,True,XemSL5giEYfxvbWjcgC2-g
2869,2019,6,281,Minneapolis,44.96925819659968,-93.2509307630894,ElPFtF-QVjW5PHH-rMMRIQ,1582,1,3583,6,14898,True,ElPFtF-QVjW5PHH-rMMRIQ
4978,2019,6,9,Minneapolis,44.992331638149,-93.23332834188572,CjVnRBxFJBNtzdwYe8dDZg,1677,1,5219,2,14900,True,CjVnRBxFJBNtzdwYe8dDZg
1522,2016,11,251,Minneapolis,44.95430548184963,-93.23313746114304,RY-jqKtWZ80hUFZqumqSnw,2662,0,3370,3,14901,True,RY-jqKtWZ80hUFZqumqSnw
3379,2017,11,190,Minneapolis,44.97540109914591,-93.2841696547135,aNwNTsHrf-IC9XumyGvtoQ,1537,0,1682,8,14907,True,aNwNTsHrf-IC9XumyGvtoQ
3226,2015,7,121,Minneapolis,44.97245099978144,-93.25876218031816,U_qD_aTc5zso8YA1kx8BVA,3059,0,4320,6,14912,True,U_qD_aTc5zso8YA1kx8BVA
4356,2009,6,333,Minneapolis,44.98510410141483,-93.2174367101824,Mdv0KB7shyNKjcQC8SoSBw,2592,1,3472,3,14925,True,Mdv0KB7shyNKjcQC8SoSBw
2358,2009,6,90,Minneapolis,44.96324397644521,-93.21611735203405,i9iWSuRJEKq6L3vekH1Nog,881,1,5220,1,14931,True,i9iWSuRJEKq6L3vekH1Nog
764,2013,8,291,Minneapolis,44.94629598378117,-93.26268632990929,xRFNYWQgvg4Xr8w-7p72Rg,2262,1,3891,5,14938,True,xRFNYWQgvg4Xr8w-7p72Rg
3259,2017,10,172,Minneapolis,44.9735674443609,-93.22523228889274,yVnulh59wu__7LnfSQiLpw,2975,0,4066,9,14939,True,yVnulh59wu__7LnfSQiLpw
840,2017,8,319,Minneapolis,44.94727154094106,-93.277912660375,HLdVIdQ2GVG3YTBzTsTtYg,186,3,5221,1,14940,True,HLdVIdQ2GVG3YTBzTsTtYg
3938,2011,6,352,Minneapolis,44.98150094954212,-93.2729145417231,jZzsFPyA_n5gu3FQjlW_7A,3223,0,5195,4,14942,True,jZzsFPyA_n5gu3FQjlW_7A
2794,2009,7,316,Minneapolis,44.96848028325034,-93.23508211361276,AjeFq40LAr5pPkN4VSWORg,1526,1,4327,3,14944,True,AjeFq40LAr5pPkN4VSWORg
184,2019,5,120,Minneapolis,44.94029319212733,-93.29711222062798,XQnirrXOGwQdaVpcWCwLKA,1975,0,2261,4,14946,True,XQnirrXOGwQdaVpcWCwLKA
1506,2011,9,290,Minneapolis,44.95433764717716,-93.24865566502488,HMNx73b65m433VADNAooMA,799,1,1245,5,14947,True,HMNx73b65m433VADNAooMA
4513,2016,10,43,Minneapolis,44.98729688575866,-93.24311079350012,Y1f031rWzCYsau_7Ry0khg,3087,2,5222,1,14948,True,Y1f031rWzCYsau_7Ry0khg
2797,2019,6,296,Minneapolis,44.96788080600591,-93.23248067779689,SI2Mn-Sp855ot8XyGxDWRA,3199,1,5223,2,14950,True,SI2Mn-Sp855ot8XyGxDWRA
626,2014,8,3,Minneapolis,44.94431649003161,-93.21785643018136,EFbl2D6xjNWhLe6jPb7quA,45,2,5224,1,14954,True,EFbl2D6xjNWhLe6jPb7quA
4443,2009,10,134,Minneapolis,44.98607625779851,-93.22112194545709,p02GUsfLuI7S4C7hgNBi4Q,1322,1,5225,2,14955,True,p02GUsfLuI7S4C7hgNBi4Q
645,2014,10,233,Minneapolis,44.94534125619671,-93.2907130390372,OnGtfHNina-umaU3IDTlwg,2918,0,3930,5,14958,True,OnGtfHNina-umaU3IDTlwg
2068,2019,6,29,Minneapolis,44.96029009062706,-93.23305970227744,mgVrcrpeKFRxZfMYEB2viQ,1784,0,2004,4,14968,True,mgVrcrpeKFRxZfMYEB2viQ
5218,2007,7,259,Minneapolis,44.99535363906418,-93.2650553930492,pxAMJQUnQOq0e_L6it0IOg,87,0,87,4,14975,True,pxAMJQUnQOq0e_L6it0IOg
108,2007,7,34,Minneapolis,44.93954071794123,-93.28205093150152,rn-Wkmh88wGDv9QFnDz6IA,591,0,604,7,14978,True,rn-Wkmh88wGDv9QFnDz6IA
2425,2019,9,291,Minneapolis,44.96426986299041,-93.24020281024248,dQtRnS_TRYie2c72FjDmfQ,3101,0,4475,6,14979,True,dQtRnS_TRYie2c72FjDmfQ
72,2019,6,242,Minneapolis,44.93833503555803,-93.22692830474496,UZJq_qiLdsiqI3vPzB7myA,2088,1,3811,5,14985,True,UZJq_qiLdsiqI3vPzB7myA
976,2011,8,206,Minneapolis,44.94832920076459,-93.23317152789,XdOFE1_eqPM8HDtAcUKHSQ,419,0,426,4,14986,True,XdOFE1_eqPM8HDtAcUKHSQ
1598,2016,8,85,Minneapolis,44.9555536936877,-93.24818579272332,DfOdBSzx9vEVN7G1313iSw,751,0,775,12,14992,True,DfOdBSzx9vEVN7G1313iSw
854,2016,9,35,Minneapolis,44.94734695420606,-93.26393663298607,ztGt16i8mlObZpwumice5g,3001,1,4405,3,14997,True,ztGt16i8mlObZpwumice5g
5193,2014,9,122,Minneapolis,44.99522842388048,-93.29715522611436,2yG9u_nlFofPCIkIq9w4XA,3069,2,5226,1,15007,True,2yG9u_nlFofPCIkIq9w4XA
634,2019,6,33,Minneapolis,44.94425748777126,-93.2113985406701,wcBLOiM7cAuXDDvm0OdQ9g,1555,0,1702,4,15014,True,wcBLOiM7cAuXDDvm0OdQ9g
5165,2017,8,36,Minneapolis,44.99506179812592,-93.22915987729785,CXgknAGJt8HvfubCpt6tHg,2185,1,5227,1,15017,True,CXgknAGJt8HvfubCpt6tHg
2972,2009,7,135,Minneapolis,44.96996620320459,-93.23947768125576,zB3rjcxTQtY_em4OLYZoAQ,2239,0,2646,5,15022,True,zB3rjcxTQtY_em4OLYZoAQ
4429,2019,6,342,Minneapolis,44.98632734421277,-93.2421420522328,ZZbK2-UXiZY-7uX0RJHBdg,1380,1,4376,3,15023,True,ZZbK2-UXiZY-7uX0RJHBdg
2995,2011,8,70,Minneapolis,44.9704075769515,-93.2169022152599,9CRGRDEDGck8bLYFmvCfTw,1052,1,5228,1,15026,True,9CRGRDEDGck8bLYFmvCfTw
4496,2009,7,57,Minneapolis,44.98736449765346,-93.25811894062711,PkB2JmelNu0Z_1St2abC8g,2013,0,2321,8,15039,True,PkB2JmelNu0Z_1St2abC8g
2613,2011,9,7,Minneapolis,44.96629907458584,-93.2346036320963,2Jv7KZxsEfk7qWjIy1XiEA,1666,0,1843,5,15041,True,2Jv7KZxsEfk7qWjIy1XiEA
282,2016,9,23,Minneapolis,44.94132803422021,-93.2900878814384,XE95_aL2vSLAQGMI3J2PVw,2830,1,4135,3,15044,True,XE95_aL2vSLAQGMI3J2PVw
44,2014,10,323,Minneapolis,44.93827937631051,-93.25370392568036,11c7tFy-naSCwzKh0DgkyQ,2720,0,3483,4,15049,True,11c7tFy-naSCwzKh0DgkyQ
3705,2019,6,333,Minneapolis,44.97816022413747,-93.23320488108745,Mm2-cImbC8ItjG4Du0NWnQ,1835,0,2076,10,15051,True,Mm2-cImbC8ItjG4Du0NWnQ
2400,2012,7,45,Minneapolis,44.96431898237716,-93.26511088703592,n556J6lyl0AG--1liZj1_A,1971,0,2253,8,15056,True,n556J6lyl0AG--1liZj1_A
3761,2019,6,62,Minneapolis,44.97927951741661,-93.27306819232564,j2oCCfAtMJHdzo2gfwTyIw,1187,0,1273,5,15064,True,j2oCCfAtMJHdzo2gfwTyIw
2184,2019,7,119,Minneapolis,44.9623274870021,-93.29955859277824,2Ho7UlUqEsH3bmAFyLpeDQ,27,1,2841,3,15065,True,2Ho7UlUqEsH3bmAFyLpeDQ
4013,2019,6,111,Minneapolis,44.98277518568202,-93.29206832679888,vgw34czp1xemcyCrb2aGbQ,2541,1,4939,3,15068,True,vgw34czp1xemcyCrb2aGbQ
4175,2009,6,174,Minneapolis,44.98422285887583,-93.22316136377728,Pu2AmADyP5xT17A1UZjoew,1810,3,5231,1,15074,True,Pu2AmADyP5xT17A1UZjoew
1204,2019,5,357,Minneapolis,44.95132547230162,-93.27787907212192,RGUXt1WWv8iQAZ4a2gwDFg,2823,0,3694,4,15075,True,RGUXt1WWv8iQAZ4a2gwDFg
827,2017,8,283,Minneapolis,44.94728698086325,-93.29068726580888,PF4hM7s1hX5APRlk3uiY2w,3225,0,5232,2,15078,True,PF4hM7s1hX5APRlk3uiY2w
1343,2009,10,160,Minneapolis,44.95232327033083,-93.22995176391863,d0d-KZfGNn3Vvv-_EqcwUg,2856,0,3785,5,15085,True,d0d-KZfGNn3Vvv-_EqcwUg
1831,2016,10,144,Minneapolis,44.95824926265224,-93.28809875592404,HlO_Wll-4QiueIUfwfXXFA,1952,0,2227,5,15086,True,HlO_Wll-4QiueIUfwfXXFA
671,2014,10,154,Minneapolis,44.94528593480576,-93.26519591591166,XLWbE8xfIBUQJJfeSfn1Dw,1287,0,1388,9,15090,True,XLWbE8xfIBUQJJfeSfn1Dw
4406,2019,6,208,Minneapolis,44.98634995562978,-93.26106759598242,3FlG_t098kjI0x9TQYcCYA,3191,0,4928,8,15091,True,3FlG_t098kjI0x9TQYcCYA
2047,2014,9,121,Minneapolis,44.96032546278524,-93.25354561144886,w4R7eBjG6Qspu0gmADA4Fw,1635,1,2711,3,15092,True,w4R7eBjG6Qspu0gmADA4Fw
460,2007,7,173,Minneapolis,44.94326346261846,-93.2945381153526,o7BWoGYZvygOrRxGN9yoLw,3171,0,4795,4,15098,True,o7BWoGYZvygOrRxGN9yoLw
3299,2018,10,343,Minneapolis,44.97436731148142,-93.2763492227799,U-6U0TuC9vZSBs5F59gDDw,1544,1,5233,1,15110,True,U-6U0TuC9vZSBs5F59gDDw
2860,2009,6,8,Minneapolis,44.96888407832058,-93.26015521893238,lRXe_2HOoLzQqHv_qvHeVA,1700,0,1897,5,15126,True,lRXe_2HOoLzQqHv_qvHeVA
322,2014,8,272,Minneapolis,44.94134670277252,-93.25016171629274,09x4KN7Cio0ozoIFerAIWA,1177,0,1258,3,15128,True,09x4KN7Cio0ozoIFerAIWA
644,2019,5,234,Minneapolis,44.94529863231666,-93.29196093853156,1bVz_ebOEQ729TRR1BwOmg,1455,1,5234,2,15132,True,1bVz_ebOEQ729TRR1BwOmg
1,2019,5,142,Minneapolis,44.93828887103503,-93.29843189688476,cF3gbi7Brq-4AZ-TeiggtA,1339,1,3165,3,15147,True,cF3gbi7Brq-4AZ-TeiggtA
4892,2007,6,69,Minneapolis,44.99132180994626,-93.22714793295135,sD5wEaeJlIZYdGcQNjbifg,1423,0,1545,5,15158,True,sD5wEaeJlIZYdGcQNjbifg
766,2009,10,203,Minneapolis,44.94632436444916,-93.26139730322166,PBWP9_Big1ZvYVX1kdwjKA,1762,1,5236,1,15159,True,PBWP9_Big1ZvYVX1kdwjKA
4486,2016,10,173,Minneapolis,44.98727277994018,-93.2709210056488,J80jSXQWb-0ogb9wksy_-w,765,1,5237,1,15160,True,J80jSXQWb-0ogb9wksy_-w
1988,2011,10,162,Minneapolis,44.95921442184437,-93.22214387833094,H3YPb8Cm18PK3H1Nls2m1A,701,2,5238,1,15166,True,H3YPb8Cm18PK3H1Nls2m1A
627,2014,9,330,Minneapolis,44.9442913563314,-93.21913109482804,PNKTLkCc5xtboU0dvvCFwA,3211,1,5239,2,15171,True,PNKTLkCc5xtboU0dvvCFwA
1965,2016,8,60,Minneapolis,44.95927552441017,-93.24517224541076,QipwQYHL9OYGTXoyymAM5w,3204,1,5240,1,15173,True,QipwQYHL9OYGTXoyymAM5w
2800,2011,10,342,Minneapolis,44.96722230048965,-93.2298253184572,z4UznBlk0lWqL7fCFY5_GA,1969,1,3755,3,15174,True,z4UznBlk0lWqL7fCFY5_GA
5135,2017,8,120,Minneapolis,44.99447511340195,-93.26258705091936,SjjlGXMYGkgZp2rMciqtPA,404,1,1484,3,15178,True,SjjlGXMYGkgZp2rMciqtPA
730,2014,8,40,Minneapolis,44.94625569042532,-93.2970398706758,b_n8rBTEkExZek_bT1h9kQ,1799,0,2029,4,15186,True,b_n8rBTEkExZek_bT1h9kQ
4671,2011,6,355,Minneapolis,44.98916145248678,-93.26949628782396,hY1AxmKIM20VQjSGn9StUw,2255,1,3646,5,15194,True,hY1AxmKIM20VQjSGn9StUw
3330,2019,6,226,Minneapolis,44.9742572609789,-93.24507367377876,7WpW6lsaOt1BMbplb9OM9w,250,0,252,5,15198,True,7WpW6lsaOt1BMbplb9OM9w
2763,2016,9,154,Minneapolis,44.96804854757102,-93.26615262378904,00Hx-UV5m2ucx_nQ6UGFmg,1071,1,4970,5,15200,True,00Hx-UV5m2ucx_nQ6UGFmg
2656,2017,8,165,Minneapolis,44.96773611821596,-93.28200291031462,_8l8XVI-tR9n2l0wI7MqzA,2677,0,3395,5,15203,True,_8l8XVI-tR9n2l0wI7MqzA
572,2014,10,288,Minneapolis,44.94429790049926,-93.27283802661768,6t9KdaXhX4xrpf9gWErjQQ,662,2,5241,1,15218,True,6t9KdaXhX4xrpf9gWErjQQ
1664,2019,6,67,Minneapolis,44.95632932138009,-93.27276387848552,0hg55ZkA6ZiqCxEu50Go4w,2957,1,5242,1,15219,True,0hg55ZkA6ZiqCxEu50Go4w
925,2011,8,228,Minneapolis,44.94835026413331,-93.28410544575756,OFov82C9Goko3X4HMi-OoA,592,2,5243,2,15222,True,OFov82C9Goko3X4HMi-OoA
267,2011,8,214,Minneapolis,44.94025353002576,-93.21404274657829,kr3cP6a3wS7icmvsyd981g,994,1,4767,3,15225,True,kr3cP6a3wS7icmvsyd981g
151,2009,10,29,Minneapolis,44.93928232963025,-93.23894167392754,FUe2kTSHVC9mIm73AhuW8w,2946,0,3989,4,15228,True,FUe2kTSHVC9mIm73AhuW8w
827,2007,7,112,Minneapolis,44.94727779384587,-93.29065663093569,3PlZxeQfGXNHgcBHIIZIfw,3225,1,5244,2,15239,True,3PlZxeQfGXNHgcBHIIZIfw
4158,2017,8,79,Minneapolis,44.98311375454742,-93.23369879633326,fClnjgxb-xg4fN35bIgveA,1480,0,1618,10,15240,True,fClnjgxb-xg4fN35bIgveA
370,2011,6,63,Minneapolis,44.94230119343649,-93.29199105707244,6bacNQeMriVY41C1b5T94g,557,1,5245,1,15243,True,6bacNQeMriVY41C1b5T94g
2614,2019,6,192,Minneapolis,44.96629653509073,-93.23297450354296,P4M1lPiS3jMv06XVdSrErQ,2144,0,2505,4,15246,True,P4M1lPiS3jMv06XVdSrErQ
2516,2007,7,291,Minneapolis,44.9654022899353,-93.24092674809732,pzRTF-CpeYDkeQhZuL9-Xg,2442,0,2983,8,15247,True,pzRTF-CpeYDkeQhZuL9-Xg
1667,2013,8,124,Minneapolis,44.95630310942877,-93.2702036629203,0Ul_ypfWXeVUX6Dw84SSoA,333,0,337,5,15252,True,0Ul_ypfWXeVUX6Dw84SSoA
1358,2019,6,259,Minneapolis,44.9523375819949,-93.21529968178432,78K6_83xcezBhqX08QK7-w,2673,0,3390,4,15253,True,78K6_83xcezBhqX08QK7-w
1070,2009,10,350,Minneapolis,44.9493270848833,-93.22998759068838,c8WOnhJ3CDtBEbyOBStf9Q,2786,2,5246,2,15254,True,c8WOnhJ3CDtBEbyOBStf9Q
528,2011,8,7,Minneapolis,44.9431878597877,-93.22605405160708,gXinQmEVxC_v9OieQU0QrQ,806,1,2903,4,15258,True,gXinQmEVxC_v9OieQU0QrQ
19,2007,7,355,Minneapolis,44.93823798215322,-93.27977905681642,aiPOFvL5kEWb0S-aBirMIg,744,1,2061,6,15262,True,aiPOFvL5kEWb0S-aBirMIg
2752,2014,9,316,Minneapolis,44.96803891674247,-93.2771365022145,_vBLHsuBeG1XPNxw3MgJCA,2000,0,2300,4,15265,True,_vBLHsuBeG1XPNxw3MgJCA
5171,2016,10,6,Minneapolis,44.99428243744208,-93.22540332473316,NEYy21mbbhI-XqVGlEKFpw,364,2,5247,1,15268,True,NEYy21mbbhI-XqVGlEKFpw
773,2015,8,173,Minneapolis,44.94657328557177,-93.25409435907729,4HhIhbfKWGo8Bw9bnz0X7A,115,1,5211,4,15275,True,4HhIhbfKWGo8Bw9bnz0X7A
553,2014,8,341,Minneapolis,44.94428556135681,-93.29197854396767,ES6mh3q4FnI_PtN-ZQur-A,2452,1,5105,3,15278,True,ES6mh3q4FnI_PtN-ZQur-A
223,2009,10,132,Minneapolis,44.94020744793831,-93.25878912404636,K3CMCs3PjiaTnWFTHcj3OQ,3185,0,4900,6,15279,True,K3CMCs3PjiaTnWFTHcj3OQ
3800,2015,7,261,Minneapolis,44.97885499188715,-93.22850421504867,IE4R8UdOJ5pEhnshSE0CyA,2535,0,3140,6,15287,True,IE4R8UdOJ5pEhnshSE0CyA
3605,2019,6,272,Minneapolis,44.97749650841651,-93.23879095316182,g6x9xc25gpAIAEu-uOcZpA,1042,0,1098,6,15290,True,g6x9xc25gpAIAEu-uOcZpA
1258,2009,10,195,Minneapolis,44.95124355052069,-93.22430395170512,QdJJVc050xK_HPdrsHKQfQ,945,0,991,3,15297,True,QdJJVc050xK_HPdrsHKQfQ
226,2014,9,103,Minneapolis,44.93957742164275,-93.25514887212904,M1sVQ801gDT9BZBA5S4H7w,1463,0,1600,4,15307,True,M1sVQ801gDT9BZBA5S4H7w
2579,2011,6,264,Minneapolis,44.96617175116816,-93.26815829558493,uELLfDN517_uocy0RDHaRw,2565,0,3199,6,15308,True,uELLfDN517_uocy0RDHaRw
4250,2012,8,90,Minneapolis,44.98445715805799,-93.2344903467714,bvC0dk7NorfGS6I61j2cvg,1234,0,1323,7,15309,True,bvC0dk7NorfGS6I61j2cvg
681,2007,7,176,Minneapolis,44.94527630125903,-93.25507379519668,KIHsNwYCyvitFAAc9p-07Q,1465,1,5249,1,15315,True,KIHsNwYCyvitFAAc9p-07Q
4330,2019,6,320,Minneapolis,44.98514981049252,-93.24419016046728,sJHKT2kBSExaJUszoHa-zQ,1836,0,2078,6,15316,True,sJHKT2kBSExaJUszoHa-zQ
756,2019,5,128,Minneapolis,44.94630539712888,-93.2715747033364,4uJ1KASpJt4kvVNJkZUeHg,2858,2,5250,1,15317,True,4uJ1KASpJt4kvVNJkZUeHg
1030,2014,8,37,Minneapolis,44.94939393028518,-93.2703297064348,4KkpxAloXNRXV9iIOicsRQ,1979,1,5251,1,15321,True,4KkpxAloXNRXV9iIOicsRQ
4482,2014,9,79,Minneapolis,44.98708241571803,-93.2784251084446,Turjb1rPghK-Y9Z3NO89Gw,1256,1,4500,4,15336,True,Turjb1rPghK-Y9Z3NO89Gw
962,2014,8,286,Minneapolis,44.94838960346082,-93.24705879863704,mfDqWhY6Q-AHYI96_1qawQ,66,1,5252,1,15339,True,mfDqWhY6Q-AHYI96_1qawQ
4988,2019,6,317,Minneapolis,44.99229525554186,-93.22949939873484,Rkbm68BaIHrJFoUnrjy8ug,2392,2,5253,3,15352,True,Rkbm68BaIHrJFoUnrjy8ug
3610,2012,8,259,Minneapolis,44.9771669195496,-93.2343119016408,fhqGz_8v0zn21Jvnaq1uNg,1209,1,5254,2,15356,True,fhqGz_8v0zn21Jvnaq1uNg
2583,2017,8,349,Minneapolis,44.96629263584083,-93.26419909187808,TIrDC2YFWCEZX6-JiWYpoA,3155,0,4734,6,15363,True,TIrDC2YFWCEZX6-JiWYpoA
4599,2013,9,235,Minneapolis,44.98838955471418,-93.24906784516294,SD00TMyFuVYvbQdOEJQj4g,1102,0,1168,5,15365,True,SD00TMyFuVYvbQdOEJQj4g
2030,2019,6,148,Minneapolis,44.96032318109616,-93.27149430582814,8XkDxIMGAgMyA9YgKP4ljQ,2110,0,2462,4,15366,True,8XkDxIMGAgMyA9YgKP4ljQ
1081,2014,8,84,Minneapolis,44.94938224162615,-93.21912656900729,W5u7eGsNuHTQcqebw821Zw,394,1,5255,1,15381,True,W5u7eGsNuHTQcqebw821Zw
314,2009,10,3,Minneapolis,44.94055394120801,-93.258908508772,37op2L159APHN0S4VlhsTg,435,2,2521,6,15387,True,37op2L159APHN0S4VlhsTg
3286,2014,9,203,Minneapolis,44.97427991704804,-93.28921475724798,Z0T2yIcp_zsw5y39ureT9A,2091,0,2434,6,15389,True,Z0T2yIcp_zsw5y39ureT9A
2295,2009,7,75,Minneapolis,44.96330224509171,-93.27935746285895,NgWuJ6Q3ZO8JBJv6QSAyIQ,2820,0,3688,6,15397,True,NgWuJ6Q3ZO8JBJv6QSAyIQ
1995,2007,6,0,Minneapolis,44.96001830820743,-93.21410007159818,vywbeZDrOtKIRFxVzYBsww,1031,0,1087,5,15398,True,vywbeZDrOtKIRFxVzYBsww
4163,2007,6,2,Minneapolis,44.98301542929033,-93.22921789350627,2wQvBtY56Vp-8lkj2D5cVA,246,0,247,5,15404,True,2wQvBtY56Vp-8lkj2D5cVA
1742,2014,9,166,Minneapolis,44.9573364014294,-93.28619883962716,qbv89RuJEa4IfrESK835Lw,652,1,5256,1,15407,True,qbv89RuJEa4IfrESK835Lw
5126,2016,10,355,Minneapolis,44.99354862562299,-93.2715921068008,ItwD7EVA__BOPI16c80fpw,1372,1,5257,1,15416,True,ItwD7EVA__BOPI16c80fpw
2735,2016,11,207,Minneapolis,44.96824788889318,-93.2940947893583,9JaOwX1k-P5I3zSzlncOeg,950,1,5258,1,15418,True,9JaOwX1k-P5I3zSzlncOeg
5142,2007,7,127,Minneapolis,44.99432337380712,-93.25813396048898,kKVlymOdxObVPPddxoHyVg,2094,0,2439,6,15421,True,kKVlymOdxObVPPddxoHyVg
1614,2016,9,223,Minneapolis,44.95557452451544,-93.23211443899127,dBVUeiGFYeygKnMAImUAaA,882,1,4808,4,15422,True,dBVUeiGFYeygKnMAImUAaA
1477,2014,10,271,Minneapolis,44.95428939693067,-93.27792535350709,-N3mrNUEI6QstWFwEgX7hA,1571,0,1722,5,15423,True,-N3mrNUEI6QstWFwEgX7hA
4783,2009,7,72,Minneapolis,44.99066826553887,-93.24574659835535,2A8DNh41l7HB7rHFaj95mQ,3184,2,5259,2,15427,True,2A8DNh41l7HB7rHFaj95mQ
2697,2007,7,98,Minneapolis,44.96729396627864,-93.24093250528482,O5hMEH6w8x3h6hRW6xvg_Q,1268,0,1365,6,15431,True,O5hMEH6w8x3h6hRW6xvg_Q
3641,2007,8,190,Minneapolis,44.97825472501381,-93.29720336634507,nMkI0CDm7L1ZD1IgdBDraw,2910,1,5260,1,15433,True,nMkI0CDm7L1ZD1IgdBDraw
141,2014,10,164,Minneapolis,44.93956333018937,-93.24912750092788,fcOEYsgYv4LS8dJecFw0hw,1469,1,4505,8,15434,True,fcOEYsgYv4LS8dJecFw0hw
689,2009,10,193,Minneapolis,44.94530799204701,-93.24739059145284,FRjxdreEU28Pp7CNnJhdKg,2675,0,3392,7,15435,True,FRjxdreEU28Pp7CNnJhdKg
43,2007,7,305,Minneapolis,44.93834174639687,-93.25495250557958,8yjCOSDgh_fxwjBkQ8BGFg,2618,1,5261,1,15446,True,8yjCOSDgh_fxwjBkQ8BGFg
2915,2013,10,95,Minneapolis,44.96980790359486,-93.29563842968398,RjqgeIh8UE2J5jqz0Ct0tQ,500,1,5262,2,15450,True,RjqgeIh8UE2J5jqz0Ct0tQ
324,2014,9,15,Minneapolis,44.94134672232625,-93.24812228699678,uUY1zlkdsCiDVtMdGK0Plw,1459,1,2720,3,15457,True,uUY1zlkdsCiDVtMdGK0Plw
4962,2013,8,260,Minneapolis,44.9922582556524,-93.25508128068428,TFxrGWLjnIKAdBM0OdZl4g,3214,1,5263,1,15458,True,TFxrGWLjnIKAdBM0OdZl4g
1634,2011,9,338,Minneapolis,44.95472507391389,-93.2135344360981,JFGC_p6BqxXCz5OpoJ1KWw,1367,3,5265,1,15467,True,JFGC_p6BqxXCz5OpoJ1KWw
212,2019,5,34,Minneapolis,44.9402376799837,-93.26893648612294,u6Kr4013s78rfXbzkCuruw,545,0,558,7,15470,True,u6Kr4013s78rfXbzkCuruw
1778,2019,6,227,Minneapolis,44.95736434948104,-93.25007849196436,J3dyXI4jQGeTF5gHV4HnPg,1158,1,4056,3,15472,True,J3dyXI4jQGeTF5gHV4HnPg
3578,2019,6,182,Minneapolis,44.9776636260373,-93.27088661638754,YkYSySxwObmQ5rgk502tpQ,1658,0,1833,4,15473,True,YkYSySxwObmQ5rgk502tpQ
4115,2019,7,333,Minneapolis,44.98296665681262,-93.281583077701,8QyKDuIO3FbGmAKN3G_Jyg,380,0,386,11,15480,True,8QyKDuIO3FbGmAKN3G_Jyg
3885,2014,9,275,Minneapolis,44.98025402119841,-93.23601976548036,Y8p08Bp_kMw_luK3-Mm5vg,2647,1,5266,2,15483,True,Y8p08Bp_kMw_luK3-Mm5vg
1027,2016,9,254,Minneapolis,44.94930753643038,-93.27285544850898,8T77g6bEdpg1A4GIHfltpw,581,1,5267,3,15488,True,8T77g6bEdpg1A4GIHfltpw
4167,2007,6,18,Minneapolis,44.98348349495502,-93.23162950433051,-FTrjlMOPKZAPrzWnyBG7A,1385,1,4485,6,15490,True,-FTrjlMOPKZAPrzWnyBG7A
3494,2009,7,236,Minneapolis,44.97648119271824,-93.26203751789431,sLrcrNN-LwxNCQlzV9k6Rg,2728,0,3496,8,15491,True,sLrcrNN-LwxNCQlzV9k6Rg
1282,2007,7,173,Minneapolis,44.95193133518604,-93.29120332785791,RKcv-NH1zliFFPbGGQkGWQ,2111,0,2463,5,15494,True,RKcv-NH1zliFFPbGGQkGWQ
84,2019,6,168,Minneapolis,44.93830018145024,-93.21533632198796,hecaEn8Kdpw9jc_Hq86gYQ,2597,1,5269,2,15496,True,hecaEn8Kdpw9jc_Hq86gYQ
513,2016,8,8,Minneapolis,44.94325266157523,-93.24233525742254,0SyNXLnEkltgwW7PS7e4qA,667,0,685,3,15497,True,0SyNXLnEkltgwW7PS7e4qA
4935,2011,6,246,Minneapolis,44.99236763995928,-93.2798238752985,958n1O8x6J2yUW5-y4iggA,3227,0,5270,1,15498,True,958n1O8x6J2yUW5-y4iggA
3774,2013,8,25,Minneapolis,44.97927596643148,-93.25916103417693,jVJvF1TDQ4hHgBPV5Nx8DQ,785,3,3305,4,15505,True,jVJvF1TDQ4hHgBPV5Nx8DQ
2063,2016,9,263,Minneapolis,44.96032948183488,-93.23775286063348,-c3CFXvaoRr5v1VleZGMvQ,458,0,467,5,15527,True,-c3CFXvaoRr5v1VleZGMvQ
4268,2014,9,54,Minneapolis,44.98428725015601,-93.2191496621058,G7JzaWa2z7V4lZEl9SSgCQ,1294,0,1395,6,15528,True,G7JzaWa2z7V4lZEl9SSgCQ
2576,2019,9,135,Minneapolis,44.96618528526712,-93.27119343668852,Grl6lZupba6kLvhD7Fmxbg,665,0,683,4,15530,True,Grl6lZupba6kLvhD7Fmxbg
3750,2017,8,17,Minneapolis,44.97929877453947,-93.27732934623054,MH5xXwVn2ihXhAhSTICUsQ,2309,0,2751,6,15538,True,MH5xXwVn2ihXhAhSTICUsQ
2051,2019,6,171,Minneapolis,44.96032712844414,-93.24985667662057,rpCpMRU3JS5niDV8A2xQrw,910,1,5273,1,15539,True,rpCpMRU3JS5niDV8A2xQrw
658,2007,7,38,Minneapolis,44.94528893789839,-93.27796585809564,aYtfeC18C16Krmt0_GaPtQ,1118,2,2996,3,15545,True,aYtfeC18C16Krmt0_GaPtQ
230,2009,10,15,Minneapolis,44.94034799412881,-93.25118479171536,fo5ObbIsnMkKhIgYKbgXog,1987,0,2280,6,15546,True,fo5ObbIsnMkKhIgYKbgXog
422,2013,8,38,Minneapolis,44.94229802029128,-93.24062159486888,tnDsvHYdaVsFsrb1Fuwgrw,167,0,168,3,15549,True,tnDsvHYdaVsFsrb1Fuwgrw
3175,2013,8,79,Minneapolis,44.97223884595535,-93.21821720786608,W5K6gA-TfxcNGEM4grpvqQ,1785,0,2005,11,15550,True,W5K6gA-TfxcNGEM4grpvqQ
4396,2019,6,345,Minneapolis,44.98574929043174,-93.2683922662488,P0QLTY8amm7cpiZEP8Z0dQ,345,0,351,6,15555,True,P0QLTY8amm7cpiZEP8Z0dQ
4094,2011,7,106,Minneapolis,44.98334136759807,-93.2099189477875,6m9sJAMleBemwZHJnNmIVQ,1928,3,5274,2,15559,True,6m9sJAMleBemwZHJnNmIVQ
258,2007,7,41,Minneapolis,44.94027136243419,-93.2229499821252,mhx6W5N-h2xq8zbWAvE5rw,2607,1,5275,2,15560,True,mhx6W5N-h2xq8zbWAvE5rw
2452,2016,11,164,Minneapolis,44.96454812523218,-93.21319079889898,I62vue9KSHfbkb2rq_tDqQ,3003,1,4163,4,15562,True,I62vue9KSHfbkb2rq_tDqQ
4957,2019,6,78,Minneapolis,44.99223288557369,-93.25226693461929,wCEh2MTZ0VUoNEv6SaS-XQ,3140,1,5276,2,15567,True,wCEh2MTZ0VUoNEv6SaS-XQ
3522,2016,10,230,Minneapolis,44.97616363887126,-93.23676747101506,5agTsZQzU_D_XPIq1D1YrA,342,0,347,10,15569,True,5agTsZQzU_D_XPIq1D1YrA
1616,2019,6,273,Minneapolis,44.95531131876047,-93.22994346972162,A-rmzhgCjnxbVDAbPXJrgA,2611,1,3852,3,15579,True,A-rmzhgCjnxbVDAbPXJrgA
375,2017,8,82,Minneapolis,44.94233906988455,-93.28814016627425,g_rNgcj_ohBEe64Kkjdrdg,1364,0,1476,7,15584,True,g_rNgcj_ohBEe64Kkjdrdg
4795,2015,11,295,Minneapolis,44.99027159685165,-93.23623789088096,JL_W5G1zp_KlNwFyLDHWhA,924,0,968,7,15587,True,JL_W5G1zp_KlNwFyLDHWhA
4724,2009,6,44,Minneapolis,44.98928708231202,-93.21263665667028,2TJm6KUxniOJCGtY5FaoOg,880,0,919,3,15592,True,2TJm6KUxniOJCGtY5FaoOg
3825,2007,8,43,Minneapolis,44.98031089655846,-93.29417453210776,fKk4ddHEm-oFENMfWqGfCg,839,1,4182,3,15594,True,fKk4ddHEm-oFENMfWqGfCg
4490,2017,8,314,Minneapolis,44.98752930470047,-93.26737963975012,L3pu-O1xemjrumRA4mvn3Q,1267,2,4011,4,15601,True,L3pu-O1xemjrumRA4mvn3Q
2603,2016,8,20,Minneapolis,44.96634170245621,-93.24406280589,wp2JkSLMTKOSewkkSBfAEA,2641,2,5278,1,15611,True,wp2JkSLMTKOSewkkSBfAEA
4342,2009,7,41,Minneapolis,44.98514381229585,-93.23572889545254,CGWAVMpU_bWP4qdTPAhAsw,2299,0,2735,5,15614,True,CGWAVMpU_bWP4qdTPAhAsw
1082,2014,8,170,Minneapolis,44.94936107610793,-93.21783840881446,3WdU2JhWIAPmkiG_cMEE_g,1724,1,4145,4,15633,True,3WdU2JhWIAPmkiG_cMEE_g
4800,2007,6,145,Minneapolis,44.99026914921233,-93.23078269296872,95KBdKEArYjmPRRBN6ZIoA,2959,0,4033,4,15638,True,95KBdKEArYjmPRRBN6ZIoA
4509,2011,7,235,Minneapolis,44.98712882948046,-93.25530407405844,lEzB5NU4NcuUhLlCzJIU7w,1926,1,5280,1,15640,True,lEzB5NU4NcuUhLlCzJIU7w
712,2009,10,14,Minneapolis,44.94525592747428,-93.22435064284052,Y12ajri6FEHV2ryy5aNPzw,3153,1,5281,3,15642,True,Y12ajri6FEHV2ryy5aNPzw
2566,2017,8,230,Minneapolis,44.96647083784276,-93.28115568141746,dFLLulcPYi0KerjYdYVaOQ,1937,1,2885,4,15643,True,dFLLulcPYi0KerjYdYVaOQ
47,2016,8,40,Minneapolis,44.93827534783735,-93.25246389242928,ObmDuLcsVkZAmO6ygpYfwg,2601,1,4564,6,15653,True,ObmDuLcsVkZAmO6ygpYfwg
4690,2013,8,356,Minneapolis,44.98968011041897,-93.24582140281812,4ovktyyd4a5aa_JBqouyfA,2188,1,5282,2,15663,True,4ovktyyd4a5aa_JBqouyfA
2909,2009,10,36,Minneapolis,44.96927388624957,-93.21110694646734,hRuh0JrAVL8F8zkR0g_pEQ,564,0,577,11,15667,True,hRuh0JrAVL8F8zkR0g_pEQ
1954,2011,7,328,Minneapolis,44.95927830813409,-93.25617037752134,tmaUCgc4-U51NYCp6Dw54A,2787,0,3623,4,15681,True,tmaUCgc4-U51NYCp6Dw54A
4423,2007,6,48,Minneapolis,44.98641129050784,-93.23838306987602,IuAykRrsaW-YycuriIToVA,825,1,5283,1,15683,True,IuAykRrsaW-YycuriIToVA
3351,2007,6,275,Minneapolis,44.97445139961805,-93.22402750609336,q6RKmbmEWhXxxyfyGMKbew,2211,1,5284,1,15690,True,q6RKmbmEWhXxxyfyGMKbew
2171,2011,10,51,Minneapolis,44.96078457321762,-93.22196959570944,UwxG5XrlDpRW8-p86KQR4g,439,0,448,3,15694,True,UwxG5XrlDpRW8-p86KQR4g
3847,2014,9,133,Minneapolis,44.98039997958276,-93.27728994872372,5UVVVH3xQJ6HofsgDvt5nQ,2709,0,3459,6,15695,True,5UVVVH3xQJ6HofsgDvt5nQ
3466,2019,6,342,Minneapolis,44.97583822042203,-93.29059277032056,BsoZhHrfKcf0akxkUSt03w,331,1,5285,1,15697,True,BsoZhHrfKcf0akxkUSt03w
4590,2011,7,94,Minneapolis,44.98840021148488,-93.25524194972212,D1vnz23nEKU_5BEvUCX1pA,2050,0,2376,6,15715,True,D1vnz23nEKU_5BEvUCX1pA
1191,2019,5,159,Minneapolis,44.95132908607449,-93.290640934811,CpLse1JD9FjFOVvhP8bZKw,3038,0,4258,4,15717,True,CpLse1JD9FjFOVvhP8bZKw
1020,2014,10,122,Minneapolis,44.94929162409534,-93.27968466923498,yqS2efA6AVXa2jZlXMjqmA,2324,0,2779,6,15722,True,yqS2efA6AVXa2jZlXMjqmA
928,2011,6,346,Minneapolis,44.94835036218697,-93.28117117644732,URnzDCMY2eCJ-5l-LaVK9A,845,1,5286,1,15728,True,URnzDCMY2eCJ-5l-LaVK9A
3290,2009,7,276,Minneapolis,44.97400547506009,-93.28518786182518,Ej6k0f_UFq_0KuW2nSWprQ,517,2,5287,2,15729,True,Ej6k0f_UFq_0KuW2nSWprQ
3706,2011,7,265,Minneapolis,44.97851313276071,-93.23403961064749,bgtrxKxuGVsv3592kwpi3Q,3196,0,4949,5,15731,True,bgtrxKxuGVsv3592kwpi3Q
1572,2014,9,72,Minneapolis,44.95530033033668,-93.27406079320102,HPaLK6B8XdcQuka7AEbstw,2512,0,3107,4,15733,True,HPaLK6B8XdcQuka7AEbstw
741,2007,7,212,Minneapolis,44.94659159214268,-93.28614929249876,9VFwjhnz6ZbuEFYZmBiypQ,1237,1,4302,4,15737,True,9VFwjhnz6ZbuEFYZmBiypQ
3300,2014,9,200,Minneapolis,44.97418524270854,-93.27522186736772,yiTnPNNkxiEeT0wIma5_sg,1591,0,1751,8,15742,True,yiTnPNNkxiEeT0wIma5_sg
4539,2007,6,305,Minneapolis,44.98699637402467,-93.22064084415712,ZrM14YDt3IApSYMjRXenYw,2658,2,5289,2,15747,True,ZrM14YDt3IApSYMjRXenYw
3770,2013,8,241,Minneapolis,44.97923037844373,-93.2610051707132,aybxk2a96hfvxoWoTRVFOg,1692,1,5290,1,15750,True,aybxk2a96hfvxoWoTRVFOg
3468,2008,10,239,Minneapolis,44.97600379341398,-93.28909439633532,iWgA6DaBP2HxOBhEyfTYng,985,0,1037,3,15758,True,iWgA6DaBP2HxOBhEyfTYng
3992,2009,6,175,Minneapolis,44.98148329941596,-93.22299566784493,lA786sT2PDCBKdXoGXKHbw,1447,2,5292,1,15764,True,lA786sT2PDCBKdXoGXKHbw
2092,2019,10,166,Minneapolis,44.96028286792112,-93.20920635043838,_JIGFaJI2bFPBZB0zFABFg,2970,0,4057,6,15772,True,_JIGFaJI2bFPBZB0zFABFg
2806,2015,10,233,Minneapolis,44.9683496031874,-93.22334150067974,brrbpAK3GqIonj5x6yaEIA,2381,0,2875,7,15774,True,brrbpAK3GqIonj5x6yaEIA
2050,2007,7,155,Minneapolis,44.96029987737785,-93.25113738658,Nl8T4ctMteXKQKiM9GrEkw,431,1,5294,2,15778,True,Nl8T4ctMteXKQKiM9GrEkw
5233,2014,9,58,Minneapolis,44.99532437279181,-93.25499814365936,Z4lg2kbCDL6w4w41cKFHRA,3198,1,5295,2,15781,True,Z4lg2kbCDL6w4w41cKFHRA
25,2008,9,347,Minneapolis,44.93833647268253,-93.27407989238118,VOAKSknAirG31Gy_k_NumA,755,0,779,10,15784,True,VOAKSknAirG31Gy_k_NumA
2694,2017,8,261,Minneapolis,44.9673446690113,-93.24410098184704,HN3q39Qby3124tshc4BzjA,1936,1,2932,6,15785,True,HN3q39Qby3124tshc4BzjA
92,2011,6,90,Minneapolis,44.93926373389053,-93.29836564892788,hoxhZ9Gks6OPUPhB47Tmog,2891,2,5296,1,15789,True,hoxhZ9Gks6OPUPhB47Tmog
397,2014,8,185,Minneapolis,44.94224919361027,-93.26642340601526,Y7CztG3vwNV9Fl8imdLgIQ,1417,1,5297,1,15790,True,Y7CztG3vwNV9Fl8imdLgIQ
4704,2019,6,297,Minneapolis,44.98927082316897,-93.23206103243648,wyj3yGS1jdvR-CuJcH1Leg,2627,1,5298,2,15792,True,wyj3yGS1jdvR-CuJcH1Leg
4980,2011,6,3,Minneapolis,44.99234333522336,-93.2361314266632,aFNleb8__566S7HNVIMOCw,3031,0,4227,6,15797,True,aFNleb8__566S7HNVIMOCw
2422,2019,9,306,Minneapolis,44.96439986677647,-93.24318375470418,qvfYKZuQNkl_-JtFQUS0kg,2983,0,4086,7,15798,True,qvfYKZuQNkl_-JtFQUS0kg
311,2019,5,83,Minneapolis,44.94134437825385,-93.26126058962134,EN2usRom7WIeZ8NLm2h25g,3113,3,5299,1,15799,True,EN2usRom7WIeZ8NLm2h25g
1958,2011,9,273,Minneapolis,44.9593220982088,-93.25234556127634,NRLq_nTn1Zo1Pv9vPZLczA,2693,0,3428,7,15803,True,NRLq_nTn1Zo1Pv9vPZLczA
2642,2007,7,163,Minneapolis,44.96738840804471,-93.29619145157974,kzHTTA5qX1qPoLyLxftqzQ,1067,2,5300,1,15804,True,kzHTTA5qX1qPoLyLxftqzQ
4068,2007,6,288,Minneapolis,44.9827204529079,-93.23485757263369,CrAbfO46IxDW-LGFlxYQBg,323,0,327,3,15808,True,CrAbfO46IxDW-LGFlxYQBg
756,2014,10,100,Minneapolis,44.94628532241047,-93.2715591726047,C41k6azWj4tYoSSBegZ5pQ,2858,1,4275,3,15809,True,C41k6azWj4tYoSSBegZ5pQ
2529,2014,9,162,Minneapolis,44.96531285555634,-93.2272303415394,M1mgxrxvwpbIbpPp37zzAA,2547,1,5301,3,15810,True,M1mgxrxvwpbIbpPp37zzAA
2224,2018,9,186,Minneapolis,44.96239171181185,-93.2596652269866,5o8sT1yYZNw249yBBOQy_w,597,2,5302,1,15814,True,5o8sT1yYZNw249yBBOQy_w
1522,2017,8,86,Minneapolis,44.9543094123194,-93.23310045299952,P_ikdR4Rtug1R_SXOKcXAg,2662,1,4994,6,15815,True,P_ikdR4Rtug1R_SXOKcXAg
234,2019,6,261,Minneapolis,44.94028441629721,-93.2473667517853,ODxMlgny9P-ooHRy3Svk1g,2469,1,3630,7,15816,True,ODxMlgny9P-ooHRy3Svk1g
2744,2014,9,184,Minneapolis,44.96819140689954,-93.28520233864604,iN2PB8K6nj5PaCB7VlTa0w,2736,0,3515,6,15817,True,iN2PB8K6nj5PaCB7VlTa0w
4315,2009,6,255,Minneapolis,44.98534549702845,-93.26126988953207,7cSfqtxQRdx40apZx75Cxw,1789,1,3039,3,15823,True,7cSfqtxQRdx40apZx75Cxw
417,2009,10,286,Minneapolis,44.94231083818448,-93.24611643027774,BeSiSg-eR_oCGo2zo2EWCg,2017,1,5303,2,15824,True,BeSiSg-eR_oCGo2zo2EWCg
700,2014,9,337,Minneapolis,44.94530848073175,-93.23619964970892,CbSn4uUzLHhyRXACTLjBaQ,937,0,982,9,15829,True,CbSn4uUzLHhyRXACTLjBaQ
5183,2012,8,251,Minneapolis,44.99425215061757,-93.21167115217388,mg4Gu2dq8lbA_Yg1BL_Ocw,1645,1,5304,1,15831,True,mg4Gu2dq8lbA_Yg1BL_Ocw
432,2016,9,212,Minneapolis,44.94219421264545,-93.23154797782831,ooZTPGhVgUvqhkLTG0LbYQ,188,1,5305,1,15835,True,ooZTPGhVgUvqhkLTG0LbYQ
443,2019,6,110,Minneapolis,44.94226934903183,-93.22042555927251,kYpDgZC2aoxZeXlvtsU8TQ,2056,0,2385,4,15836,True,kYpDgZC2aoxZeXlvtsU8TQ
2226,2007,7,146,Minneapolis,44.96276048808085,-93.25709274502776,X2auPY1s2wjOOqxvhJkCsw,3055,0,4311,6,15840,True,X2auPY1s2wjOOqxvhJkCsw
2808,2008,9,18,Minneapolis,44.96821753357472,-93.22128295399794,SJNOb6MbiMjICzOl9lRyvg,3089,0,4439,9,15844,True,SJNOb6MbiMjICzOl9lRyvg
2195,2018,10,109,Minneapolis,44.96224899153682,-93.28803491139124,qIpjVIxrsTfMn9yfFeu15Q,1130,1,1937,5,15847,True,qIpjVIxrsTfMn9yfFeu15Q
4332,2009,7,331,Minneapolis,44.98542078660191,-93.24651180320066,CwR3sJfkTNrdvBHMlLLQmA,393,0,399,4,15848,True,CwR3sJfkTNrdvBHMlLLQmA
4090,2007,8,105,Minneapolis,44.98330414802658,-93.2994331639656,9Mk4WXikp-lK7kR6zXkRlw,1239,1,5306,2,15862,True,9Mk4WXikp-lK7kR6zXkRlw
5020,2019,9,22,Minneapolis,44.99328380780573,-93.28408136621644,Hfpvx-uec4itwcRiVeg2ZA,381,0,387,7,15864,True,Hfpvx-uec4itwcRiVeg2ZA
3853,2019,6,246,Minneapolis,44.98038443119873,-93.26803679883412,KaqDp641-WSRsp-RiTjrjw,1314,0,1417,12,15866,True,KaqDp641-WSRsp-RiTjrjw
4796,2009,6,60,Minneapolis,44.99033796156549,-93.22952568145529,Dd-26Ff3b4gDM7mHF9KC9Q,1726,1,3994,3,15867,True,Dd-26Ff3b4gDM7mHF9KC9Q
1958,2018,10,102,Minneapolis,44.95929967103647,-93.25239616491376,WQIsMedejyo4z1Ik325A_A,2693,1,5308,1,15880,True,WQIsMedejyo4z1Ik325A_A
2151,2011,8,71,Minneapolis,44.96128965356964,-93.24094661393978,VEVVO1azdTxBLQiiVkzHjg,1915,1,4624,3,15882,True,VEVVO1azdTxBLQiiVkzHjg
4342,2016,10,211,Minneapolis,44.9851219722912,-93.23577373132028,SQSyy0A5bmn0Kj83Tmu_sA,2299,1,5309,1,15893,True,SQSyy0A5bmn0Kj83Tmu_sA
2289,2009,6,307,Minneapolis,44.96352809816755,-93.28520267464955,WmSQSAdof5K1HCRczTtbzw,110,1,5310,2,15899,True,WmSQSAdof5K1HCRczTtbzw
4152,2009,7,343,Minneapolis,44.98339890162171,-93.24443262324873,ZDw1ZA25tsQneWQsF84qKg,335,0,339,3,15901,True,ZDw1ZA25tsQneWQsF84qKg
424,2017,8,282,Minneapolis,44.94232534195005,-93.2389337006319,_IccfIhvuTyiXF4EXV6zIg,1025,0,1081,5,15903,True,_IccfIhvuTyiXF4EXV6zIg
3592,2009,7,112,Minneapolis,44.97725145147507,-93.2571283642915,2DmzWyrkH-PloIkO8ELQ7g,3127,1,5312,1,15914,True,2DmzWyrkH-PloIkO8ELQ7g
1235,2011,10,50,Minneapolis,44.95132348823221,-93.24737790451556,9O8F0174zc3VTG0-fBVsAw,266,1,4061,3,15916,True,9O8F0174zc3VTG0-fBVsAw
3087,2017,8,233,Minneapolis,44.97129694855263,-93.2151565593116,-DKtPYeNz3d9ozYH7ewXeQ,195,0,196,5,15918,True,-DKtPYeNz3d9ozYH7ewXeQ
3392,2017,8,137,Minneapolis,44.97517028578689,-93.27426603252718,d6K2TBgUruedxdZKc8m17Q,3186,0,4904,5,15919,True,d6K2TBgUruedxdZKc8m17Q
203,2016,11,31,Minneapolis,44.94029670662033,-93.27790924273054,LT75d8Iov5Ij6TtvTAzbJg,560,0,573,6,15924,True,LT75d8Iov5Ij6TtvTAzbJg
1993,2007,7,311,Minneapolis,44.95819150764108,-93.21884933866976,veK_PPJGu3r8fPD2Lmz6uw,3167,0,4785,3,15931,True,veK_PPJGu3r8fPD2Lmz6uw
4510,2011,6,287,Minneapolis,44.98752595017264,-93.24878480546973,Ybz7tGegekmLyoKMuNKIhw,833,1,2878,3,15940,True,Ybz7tGegekmLyoKMuNKIhw
4486,2019,6,347,Minneapolis,44.98726258534314,-93.2708755091835,WzOKOzNdCeqYEo9cbL03JQ,765,0,790,4,15941,True,WzOKOzNdCeqYEo9cbL03JQ
1415,2009,10,191,Minneapolis,44.95326282645044,-93.24864689642764,Y5m2mGwIfETqHl2twKED7w,1489,1,5313,1,15942,True,Y5m2mGwIfETqHl2twKED7w
343,2019,6,7,Minneapolis,44.94134790507328,-93.22912778167948,_6hUGSONAlf0VNF8tFj2Hw,1335,0,1439,5,15946,True,_6hUGSONAlf0VNF8tFj2Hw
916,2019,5,130,Minneapolis,44.9482414651143,-93.29319949895716,kv8tWi8cNYZqs_WjtoM27w,2768,0,3587,8,15950,True,kv8tWi8cNYZqs_WjtoM27w
2550,2014,9,252,Minneapolis,44.96641706701249,-93.29706318327342,aW8h5j0laySL7MCdkAlc2Q,1927,0,2198,3,15955,True,aW8h5j0laySL7MCdkAlc2Q
452,2019,6,143,Minneapolis,44.94235228502762,-93.2114077529716,Nrv1CUozb1sgddbxZFBHLw,1625,0,1791,5,15959,True,Nrv1CUozb1sgddbxZFBHLw
2798,2011,10,248,Minneapolis,44.96765196794891,-93.23149719213464,VWENgtgXezN8v-B5kUGetQ,885,0,924,3,15969,True,VWENgtgXezN8v-B5kUGetQ
2917,2019,5,88,Minneapolis,44.97036716090756,-93.2941514139924,xfAanx1s0LIUakf0TPRDEw,589,2,5314,1,15974,True,xfAanx1s0LIUakf0TPRDEw
4778,2008,9,55,Minneapolis,44.99015808629644,-93.25211752192934,fyIXKfCI8F5184CvnU1-Jg,137,1,5315,1,15982,True,fyIXKfCI8F5184CvnU1-Jg
573,2011,8,277,Minneapolis,44.94428222192838,-93.27155942714909,ayDkv0ce_7cJaVXdjW5xaA,1531,0,1675,4,15985,True,ayDkv0ce_7cJaVXdjW5xaA
2456,2011,10,294,Minneapolis,44.9642024129232,-93.20902592960816,CpV5X3USlKu3oRyedJQacg,2774,0,3601,4,15986,True,CpV5X3USlKu3oRyedJQacg
2731,2011,6,216,Minneapolis,44.96812898973028,-93.29885683459332,Ga1Gz8DpUHhv9xN5r_47Yw,1014,1,5316,1,15989,True,Ga1Gz8DpUHhv9xN5r_47Yw
5106,2014,9,80,Minneapolis,44.99426269220718,-93.28721167151316,sqVi3kRP_ADNjptCuAYOgg,506,2,5317,1,16004,True,sqVi3kRP_ADNjptCuAYOgg
475,2015,9,304,Minneapolis,44.94292801138546,-93.27911556224224,xozSBApwE3ack0HsVmXEww,1852,0,2099,4,16007,True,xozSBApwE3ack0HsVmXEww
1621,2019,6,34,Minneapolis,44.95561107106822,-93.22519798007647,5pJDy-pvngEQetPxGXreug,3200,0,4965,3,16008,True,5pJDy-pvngEQetPxGXreug
105,2019,5,175,Minneapolis,44.93952597384312,-93.2851466857343,6545amA-PDBXDVxfWAkcHQ,2008,0,2312,4,16014,True,6545amA-PDBXDVxfWAkcHQ
3542,2019,6,220,Minneapolis,44.97613168307144,-93.2195034415486,t3-BAuKmoDnYc4jxxQvVXw,1190,0,1276,4,16015,True,t3-BAuKmoDnYc4jxxQvVXw
4111,2011,6,70,Minneapolis,44.98380161990904,-93.2783791059915,Fbg-oDDbNcWV4NAzG2mOTg,769,1,5319,2,16017,True,Fbg-oDDbNcWV4NAzG2mOTg
1636,2016,9,248,Minneapolis,44.9559357830875,-93.20954488991345,0ffDeFlq_SF3xKYhlqXGhg,855,0,889,3,16019,True,0ffDeFlq_SF3xKYhlqXGhg
1036,2014,10,343,Minneapolis,44.94929556621505,-93.26395322559688,rx-q2LiT03P0sON6Z7kD-g,495,0,504,5,16023,True,rx-q2LiT03P0sON6Z7kD-g
611,2017,8,193,Minneapolis,44.94477912443335,-93.23418558976095,9miyG2kO-97OMSfLapMJ7g,1837,1,5320,1,16031,True,9miyG2kO-97OMSfLapMJ7g
4233,2020,6,150,Minneapolis,44.98403421062114,-93.25438872364587,CAoSLEFGMVFpcE1zS2prTVRjWG9XeFI2N0wxNXNUMFJJX2E3dnpmbTZMS25paUdk,2666,2,5321,1,16033,True,CAoSLEFGMVFpcE1zS2prTVRjWG9XeFI2N0wxNXNUMFJJX2E3dnpmbTZMS25paUdk
1080,2009,10,49,Minneapolis,44.94933100857799,-93.22041964191678,YzpKwN2HtP0Z6syPN9JsLA,990,1,5322,2,16035,True,YzpKwN2HtP0Z6syPN9JsLA
1650,2014,9,277,Minneapolis,44.95633078581075,-93.28679188685234,GGTGw8XBi2i3pDbZ95i1rQ,2334,0,2794,4,16039,True,GGTGw8XBi2i3pDbZ95i1rQ
2856,2018,10,82,Minneapolis,44.96945428360668,-93.26403202661471,XyqvZT-d5Fx6I49xkNmP9g,2560,0,3191,4,16046,True,XyqvZT-d5Fx6I49xkNmP9g
3423,2019,6,49,Minneapolis,44.9752223198927,-93.24306028373552,rQTzH3LQj68ikqqCIXuE7Q,679,0,697,5,16049,True,rQTzH3LQj68ikqqCIXuE7Q
2534,2017,8,315,Minneapolis,44.96540549034405,-93.22210537858402,v-Ii5dsDfoOeig9ExCn9mQ,2016,1,4204,3,16058,True,v-Ii5dsDfoOeig9ExCn9mQ
4463,2013,8,22,Minneapolis,44.98732166295417,-93.29412913363235,LJfhCH79mGbLKI03XT3cfA,2692,1,5324,2,16065,True,LJfhCH79mGbLKI03XT3cfA
582,2019,5,191,Minneapolis,44.94429820994819,-93.26261522839918,UR551gl6M6i2QQfc7yuaJg,926,1,1835,6,16066,True,UR551gl6M6i2QQfc7yuaJg
3174,2011,7,121,Minneapolis,44.97248079145143,-93.21902162812935,yKQDLSmHaXJ7Bbp574bkFg,264,1,1938,5,16068,True,yKQDLSmHaXJ7Bbp574bkFg
4589,2014,9,101,Minneapolis,44.98833104286656,-93.2620898560542,SUhMPZSef6gjLxzANugecg,3169,1,5325,1,16070,True,SUhMPZSef6gjLxzANugecg
3792,2015,9,16,Minneapolis,44.97925956202334,-93.23905594329976,M_OwDlrbafPmLDwhN2Y5QA,2859,1,4518,3,16071,True,M_OwDlrbafPmLDwhN2Y5QA
4742,2011,6,9,Minneapolis,44.99033160188065,-93.29105282517402,_rj_rCGcj9XxFjprSjwzbQ,1238,1,3705,3,16075,True,_rj_rCGcj9XxFjprSjwzbQ
4180,2011,7,220,Minneapolis,44.98473365595937,-93.21323405185812,9nMBOK4pcI3ckDHy0oNDsA,2886,2,5326,1,16078,True,9nMBOK4pcI3ckDHy0oNDsA
3644,2011,6,99,Minneapolis,44.97895441224426,-93.29309236219814,i2S4EVTN3Zcy0i2ZXn7jfw,1096,3,5327,1,16082,True,i2S4EVTN3Zcy0i2ZXn7jfw
2708,2011,10,118,Minneapolis,44.96729084294233,-93.23006101203924,vHB4AO215CIoqaIXSvy0aQ,1969,3,5183,4,16083,True,vHB4AO215CIoqaIXSvy0aQ
2790,2019,6,134,Minneapolis,44.96835398882573,-93.23957636198816,QmFXrmfVX2UifbXZs6CGqA,375,2,5328,1,16085,True,QmFXrmfVX2UifbXZs6CGqA
891,2014,8,36,Minneapolis,44.94732335576981,-93.22710402919928,BHIXIvJkcj6SAUb3uWRpPw,3060,0,4324,5,16091,True,BHIXIvJkcj6SAUb3uWRpPw
2981,2011,6,348,Minneapolis,44.97032545288146,-93.23013569378266,c_g20zMPkGbtsI4qhQI2GA,1316,0,1419,7,16093,True,c_g20zMPkGbtsI4qhQI2GA
3114,2019,6,62,Minneapolis,44.97263388523591,-93.27957557264462,cQlZiEyummfM-G9ybqF8_Q,2966,0,4050,4,16099,True,cQlZiEyummfM-G9ybqF8_Q
3121,2017,11,338,Minneapolis,44.97238806032303,-93.27233487837974,eWeU71jUBvFcf2_UnDPPSQ,281,0,283,7,16100,True,eWeU71jUBvFcf2_UnDPPSQ
2641,2007,7,84,Minneapolis,44.96732590456273,-93.29724250930012,LXKJSWwZ8DO8CjPNDz3eWA,1066,2,5329,1,16102,True,LXKJSWwZ8DO8CjPNDz3eWA
3514,2009,7,109,Minneapolis,44.97617883340358,-93.24384602470906,9AbSarbI9TsJzIW7q1_dPg,1140,2,5330,1,16103,True,9AbSarbI9TsJzIW7q1_dPg
1263,2016,9,79,Minneapolis,44.95129298246295,-93.21912881275456,MiZX1THWB-ZAJ0agDYwvEg,2294,1,3408,3,16108,True,MiZX1THWB-ZAJ0agDYwvEg
4431,2014,9,132,Minneapolis,44.98623579868985,-93.23726344419192,xuUOePGA5UKJQYDGKkRDEg,121,0,122,5,16109,True,xuUOePGA5UKJQYDGKkRDEg
5244,2007,7,305,Minneapolis,44.99511063030731,-93.2431400695479,4NHwwVjItB_t_oxPEpHsKw,688,0,708,3,16110,True,4NHwwVjItB_t_oxPEpHsKw
576,2011,8,146,Minneapolis,44.94426471689438,-93.26900459234116,NQfoHz1JJwMg29Vf8aSUPw,2477,0,3043,6,16112,True,NQfoHz1JJwMg29Vf8aSUPw
617,2015,9,97,Minneapolis,44.94429540786386,-93.22843821348584,OT9RTcbFWvUKLMjmiqnEEg,912,1,1982,3,16118,True,OT9RTcbFWvUKLMjmiqnEEg
718,2009,10,15,Minneapolis,44.94532774028463,-93.21787391898044,SlhpMQYGycKNkhUv4JKveA,1253,0,1345,5,16123,True,SlhpMQYGycKNkhUv4JKveA
862,2016,8,156,Minneapolis,44.94729564221843,-93.25633365135836,QEw9Mgx78MU-VSDWI1-_Rw,3078,1,5332,1,16126,True,QEw9Mgx78MU-VSDWI1-_Rw
2376,2019,6,214,Minneapolis,44.96422002285721,-93.28898698795378,mVW2Kg5ve0dFLfwfQq5h7w,2926,0,3953,8,16138,True,mVW2Kg5ve0dFLfwfQq5h7w
251,2017,8,137,Minneapolis,44.9403146065244,-93.23014508744238,H1SPLWwVJ38WQ8ULm4tyUA,1386,1,2304,4,16143,True,H1SPLWwVJ38WQ8ULm4tyUA
1253,2009,10,123,Minneapolis,44.95130438540453,-93.22838355668564,Gs-mHfoGcvgPX__-k4iQNQ,1392,1,3887,4,16146,True,Gs-mHfoGcvgPX__-k4iQNQ
213,2018,10,46,Minneapolis,44.94032953235641,-93.26766122579372,YVclU1XmnIH-fgeuKEL_AQ,1341,0,1446,10,16147,True,YVclU1XmnIH-fgeuKEL_AQ
1042,2009,10,121,Minneapolis,44.94939660533457,-93.25758256394252,7iMjl4yRqZ2WjD0fO0ogcQ,2809,0,3668,5,16154,True,7iMjl4yRqZ2WjD0fO0ogcQ
568,2007,7,297,Minneapolis,44.94434016958525,-93.27666022401012,x2ya02S0NnaPBNHg-75NdQ,1230,0,1318,8,16156,True,x2ya02S0NnaPBNHg-75NdQ
656,2019,5,103,Minneapolis,44.94532872091927,-93.27970707536429,VovqVmTJXDWzp9NWwuJqrw,1740,0,1947,7,16157,True,VovqVmTJXDWzp9NWwuJqrw
1590,2011,8,7,Minneapolis,44.95535059496288,-93.25623953261795,WVu_kN6wxw6O-oXrHgRymQ,3088,1,5334,2,16161,True,WVu_kN6wxw6O-oXrHgRymQ
4443,2009,6,328,Minneapolis,44.98609073159462,-93.22114369515924,wsmcM881shiwNUW5Grp2HA,1322,0,1425,4,16163,True,wsmcM881shiwNUW5Grp2HA
325,2016,8,280,Minneapolis,44.94135770302136,-93.24713774974002,wxSbeN_9BA16y7vsluHnaQ,1542,1,4860,3,16170,True,wxSbeN_9BA16y7vsluHnaQ
4262,2019,6,199,Minneapolis,44.98430967903226,-93.2241709372978,y9r9w2dxiRKBqjWrvwFfnw,2591,1,3767,5,16182,True,y9r9w2dxiRKBqjWrvwFfnw
4522,2011,7,180,Minneapolis,44.98732499299274,-93.23908337185102,b_-_MzwMHlczmwS3JJsMfA,1440,0,1573,8,16189,True,b_-_MzwMHlczmwS3JJsMfA
3737,2017,8,231,Minneapolis,44.9792652807697,-93.28806007734924,wzV89bfy96cWNrmUW1sPkQ,444,0,453,9,16191,True,wzV89bfy96cWNrmUW1sPkQ
15,2019,5,138,Minneapolis,44.938280757298,-93.28434507181476,UazwedTc-gKtfGYz3Elu9g,782,0,809,5,16194,True,UazwedTc-gKtfGYz3Elu9g
2796,2009,7,291,Minneapolis,44.96811283827225,-93.23329910049988,ukZoWMivInySOvPmmQFnPw,2701,0,3444,3,16201,True,ukZoWMivInySOvPmmQFnPw
845,2014,8,329,Minneapolis,44.94731997909112,-93.27284291169772,5MFY4lZNHRQuEW4VtQhavw,2251,1,5335,1,16203,True,5MFY4lZNHRQuEW4VtQhavw
653,2011,8,308,Minneapolis,44.94528434085504,-93.28138869982112,lIkX8WsEaEKaaovAF60A-Q,2960,1,5311,4,16211,True,lIkX8WsEaEKaaovAF60A-Q
3824,2009,7,156,Minneapolis,44.98029143136717,-93.29817338016056,TaZfj55vb7cC458CF4Hkog,2852,1,5336,1,16212,True,TaZfj55vb7cC458CF4Hkog
2641,2014,9,278,Minneapolis,44.96731163492864,-93.29722878449418,LUHofYAM4_UMCiJVIfWocw,1066,3,5337,1,16213,True,LUHofYAM4_UMCiJVIfWocw
4416,2009,7,102,Minneapolis,44.98650458382904,-93.24565265421327,UXUCP8VtT8Ro0vAnz78L0Q,779,1,4165,4,16215,True,UXUCP8VtT8Ro0vAnz78L0Q
292,2014,10,79,Minneapolis,44.94135229921046,-93.28018068344304,ugcQJGW8VU7aePdN9lfcWQ,1636,1,5338,1,16218,True,ugcQJGW8VU7aePdN9lfcWQ
1467,2007,7,147,Minneapolis,44.95435325798608,-93.28810391431884,zSMKfeCOmkGPHo-e-5wKdg,1816,0,2048,6,16220,True,zSMKfeCOmkGPHo-e-5wKdg
2678,2019,6,244,Minneapolis,44.9672788396541,-93.25968744290276,_pf3zcx583C8Q8DYOWsLHQ,1719,2,4597,3,16221,True,_pf3zcx583C8Q8DYOWsLHQ
2842,2009,6,148,Minneapolis,44.96923867625598,-93.27780141272278,GiHJCNOkiLprTzNOVhH0Ug,1853,1,3695,3,16223,True,GiHJCNOkiLprTzNOVhH0Ug
4618,2017,8,313,Minneapolis,44.98830232732912,-93.22823310305904,G3IxHyi3CBq0cO_xHYkB1w,437,1,5339,4,16227,True,G3IxHyi3CBq0cO_xHYkB1w
3949,2016,9,351,Minneapolis,44.9813399626437,-93.26007914433124,JiKnwphhUV8NRTySmedjUA,1686,1,5340,1,16229,True,JiKnwphhUV8NRTySmedjUA
1801,2015,9,117,Minneapolis,44.95736846540344,-93.22709712351303,udt5YL4XrbPU55xVRw_HaQ,2555,2,4330,3,16230,True,udt5YL4XrbPU55xVRw_HaQ
4550,2013,8,87,Minneapolis,44.98815417170203,-93.29523650626813,O_wHYi7uq8D-f_JBnH_BeA,786,1,5341,1,16232,True,O_wHYi7uq8D-f_JBnH_BeA
2154,2007,7,244,Minneapolis,44.96129947990281,-93.23777890533368,DPEmVPxlPc9ZlC64txcTcQ,2773,1,4280,3,16235,True,DPEmVPxlPc9ZlC64txcTcQ
5124,2007,7,49,Minneapolis,44.99430083375668,-93.26918405152544,0SYJFvbHvm-sgMzjl4uMVA,2760,1,5342,2,16236,True,0SYJFvbHvm-sgMzjl4uMVA
1735,2011,7,211,Minneapolis,44.95732909914766,-93.2931245631068,P0c7esDIuhfAbyZvYR-5hg,2326,1,5343,1,16243,True,P0c7esDIuhfAbyZvYR-5hg
1517,2019,6,205,Minneapolis,44.95416261476526,-93.2385552502464,9iQA7BAJAQ5tUjOoiR3GAA,1646,0,1820,6,16246,True,9iQA7BAJAQ5tUjOoiR3GAA
637,2019,5,89,Minneapolis,44.9452608992533,-93.29960558361184,yehU3qwD03zEPxkYgwOieQ,2696,2,5345,1,16255,True,yehU3qwD03zEPxkYgwOieQ
4719,2009,10,28,Minneapolis,44.98925689584975,-93.2202869147868,wYD03ZJqF0s5JNvQ-14kIg,1060,1,5346,1,16256,True,wYD03ZJqF0s5JNvQ-14kIg
930,2016,11,180,Minneapolis,44.94840182600078,-93.27910558786006,ycFo4zHK1QqelC6zYXNLPA,1889,0,2146,10,16260,True,ycFo4zHK1QqelC6zYXNLPA
803,2014,9,320,Minneapolis,44.94625397927442,-93.22433595920448,XBJW2A29xQya0leScnoXsw,1624,2,5347,1,16264,True,XBJW2A29xQya0leScnoXsw
4812,2009,9,77,Minneapolis,44.99029447421804,-93.21771523924392,sfBhdd71_pe3bI8SDx4WVw,3176,1,5348,1,16266,True,sfBhdd71_pe3bI8SDx4WVw
4523,2019,6,145,Minneapolis,44.98740644991343,-93.23460847304428,wMHIsA76sPNNZcaq92sW-Q,2430,2,4364,5,16269,True,wMHIsA76sPNNZcaq92sW-Q
1824,2019,5,291,Minneapolis,44.95832739652531,-93.29517616973328,7wk7hRQXioln9rwcCE1dCA,3073,0,4378,5,16278,True,7wk7hRQXioln9rwcCE1dCA
4717,2009,6,347,Minneapolis,44.98928722959955,-93.21900306490004,sAjtDM0ZjfOGWzqXTzNM-g,457,0,466,4,16283,True,sAjtDM0ZjfOGWzqXTzNM-g
2275,2017,8,11,Minneapolis,44.96328389517743,-93.29946450484871,lD3GqwgS2ekMmOovOQqTNQ,1311,0,1414,4,16286,True,lD3GqwgS2ekMmOovOQqTNQ
29,2014,10,110,Minneapolis,44.93833537583377,-93.2701751328358,4EYO1IZRTUOMi8Ur-KlSzA,596,1,1011,4,16291,True,4EYO1IZRTUOMi8Ur-KlSzA
1802,2019,6,13,Minneapolis,44.95736933026264,-93.22613884575092,CTSehI72wsicnzybXrWNoQ,1978,1,2525,4,16311,True,CTSehI72wsicnzybXrWNoQ
3085,2007,6,109,Minneapolis,44.97139577624897,-93.21750969898748,dkHTkeGsJUVA-fLQz_cAhg,1363,1,5350,1,16321,True,dkHTkeGsJUVA-fLQz_cAhg
2996,2008,9,92,Minneapolis,44.97022586842117,-93.21510824111344,iATSZ4c-0AzK-e6xBlXlRw,2214,1,5351,2,16327,True,iATSZ4c-0AzK-e6xBlXlRw
3606,2019,7,114,Minneapolis,44.97732784971984,-93.24538497493634,bayCqTwKRa946xRn35ykKQ,2638,0,3319,8,16329,True,bayCqTwKRa946xRn35ykKQ
3429,2014,9,348,Minneapolis,44.9753023780226,-93.2369216059073,m9EYtxSAQfl7By5jTGhegA,2333,0,2793,11,16340,True,m9EYtxSAQfl7By5jTGhegA
2389,2009,6,18,Minneapolis,44.96431341678883,-93.2765786537619,DCOyA9SbazF9SE06Bzpnsw,144,0,145,6,16343,True,DCOyA9SbazF9SE06Bzpnsw
1942,2016,8,291,Minneapolis,44.95918714647834,-93.26812356401663,raCxfu-RXIweeDUioLSkjw,1954,1,5352,2,16355,True,raCxfu-RXIweeDUioLSkjw
2158,2017,8,143,Minneapolis,44.96099827317985,-93.23401921397236,GEpAa1kYKGuO11ZhbEDazQ,844,1,5353,2,16357,True,GEpAa1kYKGuO11ZhbEDazQ
4999,2011,6,64,Minneapolis,44.99155140219448,-93.216200186265,BtGsqoyoWvcHOBsgnabvvA,3020,1,5049,3,16361,True,BtGsqoyoWvcHOBsgnabvvA
3626,2019,6,145,Minneapolis,44.97687394555676,-93.22047512793502,BshWcvlJblG9UWXsGJ5B1A,1188,0,1274,4,16362,True,BshWcvlJblG9UWXsGJ5B1A
2401,2016,9,248,Minneapolis,44.96433300289048,-93.26381871269348,YBktqUUkEVWWP8oIpTXeFA,416,0,422,4,16366,True,YBktqUUkEVWWP8oIpTXeFA
3590,2016,8,65,Minneapolis,44.97719362038886,-93.25427876652348,fTHaswjkx4R8Xu2awytHeQ,1509,0,1651,7,16368,True,fTHaswjkx4R8Xu2awytHeQ
3982,2007,6,13,Minneapolis,44.98113868903575,-93.23417229251255,irKTMdzQo3kuxBhTkKF4vg,1054,0,1111,5,16372,True,irKTMdzQo3kuxBhTkKF4vg
3749,2014,9,150,Minneapolis,44.97911864462132,-93.28091547552307,-v7x_J1TKHdHD42iY8jpzQ,889,0,928,6,16374,True,-v7x_J1TKHdHD42iY8jpzQ
4631,2009,10,328,Minneapolis,44.98831057305841,-93.21903140587916,COAh4wGAW_BMXsTcbppAuQ,2200,1,5354,1,16377,True,COAh4wGAW_BMXsTcbppAuQ
5208,2019,9,75,Minneapolis,44.99531128337357,-93.28308127239566,wXO_gSV3X8TzPK7WGBHKNA,2645,0,3330,8,16379,True,wXO_gSV3X8TzPK7WGBHKNA
2790,2007,7,301,Minneapolis,44.96833788797676,-93.23955282954635,piAu1FS8Xkb_d847U7_gPg,375,1,2062,6,16381,True,piAu1FS8Xkb_d847U7_gPg
4550,2017,8,68,Minneapolis,44.98816124345444,-93.29528551166716,rx1GIrDqBp9i0T4k4Q9vCw,786,2,5355,1,16396,True,rx1GIrDqBp9i0T4k4Q9vCw
337,2014,9,355,Minneapolis,44.94135189126662,-93.23515982673024,TMNG_DtNzxrDXfJK44de0Q,2759,0,3559,5,16398,True,TMNG_DtNzxrDXfJK44de0Q
4893,2009,10,138,Minneapolis,44.99148406962428,-93.23013269323208,eMoIK4_oL-wkEuLe0Ekzvg,136,1,2378,3,16400,True,eMoIK4_oL-wkEuLe0Ekzvg
3382,2009,7,114,Minneapolis,44.97532880104056,-93.2830957361067,2wcgbMg-C9QyDCmxUw6hcA,3195,0,4947,7,16404,True,2wcgbMg-C9QyDCmxUw6hcA
1967,2019,6,230,Minneapolis,44.95914301834754,-93.24313442607558,Wyz_G9n-ndI7fQRly0_MGA,1651,1,5356,1,16409,True,Wyz_G9n-ndI7fQRly0_MGA
4018,2007,7,346,Minneapolis,44.98238136422464,-93.2810173469321,tgDLB3lja4IlqUsjA0qGQA,942,0,987,11,16411,True,tgDLB3lja4IlqUsjA0qGQA
4894,2015,10,297,Minneapolis,44.9914740560757,-93.2291355028424,PLZ4wczkfPGmnV90ncVGwQ,445,0,454,3,16418,True,PLZ4wczkfPGmnV90ncVGwQ
1292,2019,5,288,Minneapolis,44.95230708397764,-93.28136157642751,44ylXrgX5DQGI-W2pU7DVA,2586,2,5357,2,16425,True,44ylXrgX5DQGI-W2pU7DVA
4180,2017,8,43,Minneapolis,44.98476552798566,-93.21320857655157,Q4JeOkQnljrONjRV8U49Og,2886,3,5358,1,16426,True,Q4JeOkQnljrONjRV8U49Og
1050,2019,6,320,Minneapolis,44.94928923808116,-93.24997785018772,jGOa4-NSsfHzTTChKn7BoQ,1179,2,5359,1,16428,True,jGOa4-NSsfHzTTChKn7BoQ
4698,2009,6,324,Minneapolis,44.98908447567165,-93.24433271716502,qHRbU8XT1MmP_GPBAre-XA,2646,0,3332,3,16430,True,qHRbU8XT1MmP_GPBAre-XA
1950,2016,9,318,Minneapolis,44.95914036941094,-93.2601078110378,Rju1c9TULLB7Huh-GraeaQ,1029,0,1085,8,16431,True,Rju1c9TULLB7Huh-GraeaQ
966,2019,6,38,Minneapolis,44.94835698797959,-93.2431894363644,STnboG2U6UWUsACT_9QOjw,423,0,430,6,16435,True,STnboG2U6UWUsACT_9QOjw
797,2007,7,225,Minneapolis,44.94632203601672,-93.23001672765506,jWXBPINtQd6XC4l3v-W4Og,909,1,1411,3,16445,True,jWXBPINtQd6XC4l3v-W4Og
3422,2009,7,85,Minneapolis,44.97553855682816,-93.24416014117476,k27CEDMOcMkut1T-DU2jew,798,0,829,9,16448,True,k27CEDMOcMkut1T-DU2jew
140,2014,9,225,Minneapolis,44.93928631641,-93.24991905945072,tfZyDZNO1YGCElwZsTqFqw,2881,2,5360,1,16449,True,tfZyDZNO1YGCElwZsTqFqw
5082,2009,10,200,Minneapolis,44.99333257411779,-93.22152516594824,JBz5Q16lCQyDU5UqN4y5iQ,1681,1,2310,3,16450,True,JBz5Q16lCQyDU5UqN4y5iQ
2743,2014,9,192,Minneapolis,44.96830211155947,-93.28613074316677,b_tu4ynifEjCWRhp6mQYsg,853,2,5361,1,16452,True,b_tu4ynifEjCWRhp6mQYsg
2046,2007,7,248,Minneapolis,44.96032057752274,-93.25486761984816,7z4B1kEnQX4xWT9bDbsz3g,2621,1,5362,1,16454,True,7z4B1kEnQX4xWT9bDbsz3g
3612,2009,6,159,Minneapolis,44.97715937405238,-93.23853318990712,psOQ_bcQWYNnoIwnAUz-zQ,600,1,2122,3,16468,True,psOQ_bcQWYNnoIwnAUz-zQ
2672,2016,8,40,Minneapolis,44.96717175292913,-93.26612733562936,lRZZvPgzRV84pRrIwC7vzQ,522,2,5363,1,16474,True,lRZZvPgzRV84pRrIwC7vzQ
279,2019,5,302,Minneapolis,44.94130288869588,-93.29318256679342,wtZS4oSF25kQAH0hA51Hvw,240,2,5364,1,16475,True,wtZS4oSF25kQAH0hA51Hvw
664,2014,8,257,Minneapolis,44.94496532462888,-93.27216274897803,zU-cKE9yVK-SdZTp6Qh-zA,2065,2,5365,2,16476,True,zU-cKE9yVK-SdZTp6Qh-zA
3126,2016,7,205,Minneapolis,44.97222180671636,-93.2669224238544,zaUOPXvm6KJ3hSPU5piKmw,2905,0,3905,7,16482,True,zaUOPXvm6KJ3hSPU5piKmw
4358,2009,10,153,Minneapolis,44.98584317140271,-93.21558455592164,7YsMg_ZsLhvm91ZHXrwGuQ,2066,1,5366,2,16484,True,7YsMg_ZsLhvm91ZHXrwGuQ
588,2009,10,315,Minneapolis,44.9456400046325,-93.25720100373375,NzE-zZrCq2SCUh7vhgTY7Q,1737,0,1944,4,16489,True,NzE-zZrCq2SCUh7vhgTY7Q
289,2016,10,3,Minneapolis,44.941341672031,-93.28310652670255,3Ex1B5JlaWmFKKWyHl6JSw,1121,1,4423,6,16499,True,3Ex1B5JlaWmFKKWyHl6JSw
2703,2009,6,140,Minneapolis,44.96728314951908,-93.234535943824,FqqmGt0utK_JuKWyi_LLJQ,1698,1,5367,1,16501,True,FqqmGt0utK_JuKWyi_LLJQ
4974,2019,6,26,Minneapolis,44.99229044736554,-93.24098252989448,7D8u_rqWQ19Fyu4ZpXqEcQ,869,0,907,5,16504,True,7D8u_rqWQ19Fyu4ZpXqEcQ
5151,2011,6,107,Minneapolis,44.99433180447154,-93.23970799098304,GPxfGYHQ9ytz_dInpxqI2w,2577,1,4835,3,16506,True,GPxfGYHQ9ytz_dInpxqI2w
2731,2014,9,199,Minneapolis,44.96813574303016,-93.2988391481335,tByFMyqAbgvP1PRBHXSqIg,1014,2,5369,1,16516,True,tByFMyqAbgvP1PRBHXSqIg
2505,2019,6,78,Minneapolis,44.96532106611203,-93.25127603874354,wCJmZege1I-a9D3eEwGuhw,3114,1,5370,2,16518,True,wCJmZege1I-a9D3eEwGuhw
3979,2019,7,233,Minneapolis,44.9816468899642,-93.23308880975851,t6PBgbvU8rUFkdyUWggvlQ,764,1,2255,5,16519,True,t6PBgbvU8rUFkdyUWggvlQ
4241,2016,11,199,Minneapolis,44.98419078746161,-93.2438109719916,2P6LfxzGlFwhTj2NwP-JGA,1161,0,1238,6,16529,True,2P6LfxzGlFwhTj2NwP-JGA
4604,2019,6,252,Minneapolis,44.9883093697421,-93.24420806128607,QkskCrCrjvkKEm1aRIF-og,973,0,1022,3,16530,True,QkskCrCrjvkKEm1aRIF-og
1572,2011,8,267,Minneapolis,44.9553167508319,-93.2740690103859,fl3yWkQCgwi8fDP67u2jwQ,2512,1,5371,1,16533,True,fl3yWkQCgwi8fDP67u2jwQ
1072,2011,10,115,Minneapolis,44.9493536745723,-93.22840520124358,sOF3Dhgww28Z0B5IDoBgEQ,2623,1,4336,3,16539,True,sOF3Dhgww28Z0B5IDoBgEQ
253,2019,6,301,Minneapolis,44.94021795716472,-93.2283043480075,B3DNSPdDrjSP-lo2uA_GDw,2150,0,2512,6,16550,True,B3DNSPdDrjSP-lo2uA_GDw
3385,2008,9,174,Minneapolis,44.97536894042076,-93.28086285069966,U3wKigRtnO-_kqS2KwI4Xw,615,0,629,10,16552,True,U3wKigRtnO-_kqS2KwI4Xw
4361,2014,9,108,Minneapolis,44.98531611118014,-93.21905436099684,Mj6yxha6-bh4CEMnUpL9kw,2432,1,5372,1,16553,True,Mj6yxha6-bh4CEMnUpL9kw
92,2007,7,107,Minneapolis,44.93925128511402,-93.29840785214608,rKPqEjIh6AMYGFO3rMuq2g,2891,3,5373,2,16554,True,rKPqEjIh6AMYGFO3rMuq2g
935,2012,6,326,Minneapolis,44.94833663899238,-93.27412776678815,1hr_3DdBZtz9Yn3qbJdCJw,29,1,4817,6,16555,True,1hr_3DdBZtz9Yn3qbJdCJw
5064,2011,6,268,Minneapolis,44.99328771963375,-93.24114089146214,7aKXngJw9r82hxeViiT9FQ,1679,2,5374,1,16556,True,7aKXngJw9r82hxeViiT9FQ
1762,2014,9,233,Minneapolis,44.95732435096762,-93.26616991718866,ZCUQ7SnfUjkkjxcJZtsk8g,1587,1,5054,3,16563,True,ZCUQ7SnfUjkkjxcJZtsk8g
4571,2017,8,186,Minneapolis,44.9882952048672,-93.28019317384398,dT82Ao8vlm91tHvh07-jUQ,2874,1,5375,2,16566,True,dT82Ao8vlm91tHvh07-jUQ
4334,2019,6,297,Minneapolis,44.98522476382307,-93.24301962164088,Ge-gDbezdHJeYx842BB9gQ,750,2,5376,2,16568,True,Ge-gDbezdHJeYx842BB9gQ
57,2011,9,157,Minneapolis,44.93830135739069,-93.24231381162568,PWU_eUO179j800ywZst_mA,295,2,5377,2,16569,True,PWU_eUO179j800ywZst_mA
3419,2009,7,126,Minneapolis,44.97527892285478,-93.24712805287082,CAD9R9NotyTk0YdK4fEkcA,2732,0,3505,9,16572,True,CAD9R9NotyTk0YdK4fEkcA
4889,2012,8,165,Minneapolis,44.9914415827779,-93.23406379908036,1LhtW2HfLIcG7c3J5iLZOQ,3233,0,5378,8,16573,True,1LhtW2HfLIcG7c3J5iLZOQ
258,2009,10,223,Minneapolis,44.94026731438032,-93.22295446151622,7R-XKtjZ7Aa_UiX47RQ3wQ,2607,2,5379,2,16576,True,7R-XKtjZ7Aa_UiX47RQ3wQ
726,2019,6,340,Minneapolis,44.94520026130316,-93.2100640937152,TeqtrjoA2n7KT2MOI6i5aQ,3116,0,4545,5,16579,True,TeqtrjoA2n7KT2MOI6i5aQ
2527,2014,9,87,Minneapolis,44.9650624941838,-93.22941526300812,EeDPqU5zxJ6FhSyzbeXlQQ,2370,1,4422,5,16580,True,EeDPqU5zxJ6FhSyzbeXlQQ
2455,2009,6,59,Minneapolis,44.96423395864831,-93.210281037003,PwXfmgELIKTnP9XEiP_6kQ,2838,2,5380,1,16582,True,PwXfmgELIKTnP9XEiP_6kQ
3593,2018,10,164,Minneapolis,44.97741444115624,-93.25806144081687,tM6WX9Zfi4PBx3bEuY_tXA,351,0,357,10,16586,True,tM6WX9Zfi4PBx3bEuY_tXA
2062,2017,8,120,Minneapolis,44.96029901552453,-93.2393545927805,02OH4oMqjWojMn67OjR9Ag,475,0,484,5,16589,True,02OH4oMqjWojMn67OjR9Ag
2792,2009,7,203,Minneapolis,44.9687902126207,-93.23695110284127,06bGyWnMJTwBR8nhpXZvgQ,2263,1,5381,1,16593,True,06bGyWnMJTwBR8nhpXZvgQ
812,2011,8,61,Minneapolis,44.94626842537827,-93.21530160811324,zDAxGD8ZlK8xD2tB5nz4Ew,3229,1,5382,2,16599,True,zDAxGD8ZlK8xD2tB5nz4Ew
5032,2016,10,243,Minneapolis,44.99361902294248,-93.27137657148911,owhx-0K_CS7prmTxN4uD8A,3049,1,5383,1,16607,True,owhx-0K_CS7prmTxN4uD8A
5006,2019,6,295,Minneapolis,44.993303844522,-93.29947927167642,i5CbvSLZLnd-Z5oNqJviYA,1326,1,4181,3,16610,True,i5CbvSLZLnd-Z5oNqJviYA
3551,2019,7,209,Minneapolis,44.97754554220661,-93.2958309916385,QeQXaSHoUEVS3DYaGDrwAw,2867,1,5384,1,16613,True,QeQXaSHoUEVS3DYaGDrwAw
4241,2019,6,11,Minneapolis,44.9842045408735,-93.24382556987725,pH5Q98XqoxVq1QjkR767_A,1161,1,2445,4,16620,True,pH5Q98XqoxVq1QjkR767_A
2170,2016,9,357,Minneapolis,44.96113707511739,-93.22236731077166,-NUiqX76b76B7nQiI6jcgA,3172,0,4796,4,16621,True,-NUiqX76b76B7nQiI6jcgA
3562,2007,7,262,Minneapolis,44.9772246520352,-93.28674319556224,PJ6wligM2E2PJl87FHmxmQ,1577,0,1728,11,16632,True,PJ6wligM2E2PJl87FHmxmQ
3506,2009,10,179,Minneapolis,44.97619979709364,-93.24889102333256,XCOV_gLRNlG4WyEgDsGyKw,2071,1,5385,1,16638,True,XCOV_gLRNlG4WyEgDsGyKw
282,2011,9,200,Minneapolis,44.94131174597948,-93.2901058594336,RCv0naMU_y4XRoiDqOi_SQ,2830,0,3712,3,16641,True,RCv0naMU_y4XRoiDqOi_SQ
3122,2007,7,155,Minneapolis,44.97246009447397,-93.27098551463044,LMqOozlQG0BiFN1Ng8VNUg,3156,0,4735,4,16642,True,LMqOozlQG0BiFN1Ng8VNUg
1983,2007,7,71,Minneapolis,44.95918081528937,-93.2271703146436,wkQC7TD_dN9XMPdUzgQncA,1384,1,5386,1,16645,True,wkQC7TD_dN9XMPdUzgQncA
1222,2017,10,46,Minneapolis,44.95138768190286,-93.26014188614909,DvjpFIMfAF8hGfmYShbFHQ,3218,1,5387,1,16647,True,DvjpFIMfAF8hGfmYShbFHQ
2486,2014,7,55,Minneapolis,44.9652953046778,-93.27018128459387,AXAZL6cENyNfP4Zh6dvSAg,1629,0,1796,6,16665,True,AXAZL6cENyNfP4Zh6dvSAg
1789,2017,8,59,Minneapolis,44.95738070136726,-93.2391150272154,DIrIBiu3FGJAo01Zk9oy_w,2661,1,5102,3,16666,True,DIrIBiu3FGJAo01Zk9oy_w
4232,2007,7,186,Minneapolis,44.98437561808679,-93.25204975262018,Oy_IdunkVrVNj5qttCj-ew,2992,1,5388,1,16670,True,Oy_IdunkVrVNj5qttCj-ew
3692,2019,6,274,Minneapolis,44.97773500926538,-93.24674262939055,8JjMnww3d13LUZs-9aOw3g,2879,1,5389,2,16677,True,8JjMnww3d13LUZs-9aOw3g
637,2016,11,257,Minneapolis,44.94526301281851,-93.29961009628074,4U1uHlKNv-u0RX-yXX04FQ,2696,0,3433,5,16695,True,4U1uHlKNv-u0RX-yXX04FQ
975,2014,8,252,Minneapolis,44.94829272465574,-93.23425308862775,QALe2SOXtD36pLCXWIpVsw,1824,1,5390,1,16697,True,QALe2SOXtD36pLCXWIpVsw
4075,2013,8,74,Minneapolis,44.98306742891759,-93.22931809496696,kSWGSSFuy2QOmxo7M5dB1g,246,1,2931,3,16700,True,kSWGSSFuy2QOmxo7M5dB1g
575,2016,9,273,Minneapolis,44.94429143115858,-93.2702970502275,HCoFjxCcRCzi2HHJIw6ZgQ,3234,0,5391,2,16708,True,HCoFjxCcRCzi2HHJIw6ZgQ
1601,2008,10,138,Minneapolis,44.95558117573898,-93.24410586148882,mC6dJ-fzm8vSqv6GCc977A,2167,1,5392,1,16710,True,mC6dJ-fzm8vSqv6GCc977A
3638,2007,6,71,Minneapolis,44.97776828305572,-93.20978613863868,B9EgW9KYlIsqS3dYbCw19A,105,0,105,5,16712,True,B9EgW9KYlIsqS3dYbCw19A
455,2019,5,194,Minneapolis,44.94331133174186,-93.2996305589449,1xuV08IKLLMZkfKkiruOFg,1196,1,4211,3,16713,True,1xuV08IKLLMZkfKkiruOFg
2302,2016,9,47,Minneapolis,44.96342483063555,-93.2727928074538,vFU2bp3ZRu-Gt7BGJFVD4g,2163,1,3054,4,16723,True,vFU2bp3ZRu-Gt7BGJFVD4g
1968,2011,9,62,Minneapolis,44.95936335237422,-93.24211397813238,yER8aCglBhB1ldHt3uRgyQ,917,1,5393,1,16724,True,yER8aCglBhB1ldHt3uRgyQ
473,2014,8,44,Minneapolis,44.94329294882478,-93.28139485666831,t_lSN0MvWriP56vowgLazQ,1352,1,2947,3,16731,True,t_lSN0MvWriP56vowgLazQ
3482,2011,6,237,Minneapolis,44.9761348190449,-93.27480402980164,j5WlVKBhKAWssUo6KQLsgw,2815,0,3679,6,16732,True,j5WlVKBhKAWssUo6KQLsgw
5108,2019,6,71,Minneapolis,44.99435369300251,-93.2879474401512,s1K0hHsahoB51w0ax0cSSw,2945,0,3988,7,16741,True,s1K0hHsahoB51w0ax0cSSw
1568,2019,6,209,Minneapolis,44.95526443280147,-93.27792214732044,wWg9rS-o7_I-4kxFBmaPXw,2112,0,2464,6,16744,True,wWg9rS-o7_I-4kxFBmaPXw
2224,2007,7,43,Minneapolis,44.96234406388322,-93.25967267897497,-OZPdRIyJfqwVu8XsiGCrw,597,0,610,4,16748,True,-OZPdRIyJfqwVu8XsiGCrw
4233,2011,6,207,Minneapolis,44.98405415767381,-93.25439754877844,-1qgyQEedrUduvf1HY6qGQ,2666,0,3374,6,16749,True,-1qgyQEedrUduvf1HY6qGQ
2604,2013,8,109,Minneapolis,44.96628915071208,-93.24252157248152,ezMJH2rJ5SKYYOtPXtWpXw,3160,1,4945,4,16762,True,ezMJH2rJ5SKYYOtPXtWpXw
5066,2015,7,282,Minneapolis,44.99330924499035,-93.23807762942565,9aJHE1tfC3bRQUU80sI2HQ,2325,0,2781,9,16766,True,9aJHE1tfC3bRQUU80sI2HQ
4689,2017,8,236,Minneapolis,44.98939525048228,-93.24522369477693,mIcwC4ZktGZx8fqCdgUAxQ,1110,3,5394,1,16771,True,mIcwC4ZktGZx8fqCdgUAxQ
2830,2014,9,15,Minneapolis,44.96924076258075,-93.2902263411886,LoIOokHls4eEfoKh3KurkQ,1768,0,1983,3,16779,True,LoIOokHls4eEfoKh3KurkQ
366,2019,5,8,Minneapolis,44.94226720698482,-93.29709529321669,fkhhbMC7DmtZWCT39BIR_A,3132,0,4601,4,16786,True,fkhhbMC7DmtZWCT39BIR_A
1240,2017,8,117,Minneapolis,44.95126670013223,-93.2426936818282,MzFNmrLa8y7BGNS5PY8nGw,2540,3,5395,1,16792,True,MzFNmrLa8y7BGNS5PY8nGw
3560,2019,6,82,Minneapolis,44.97732432439904,-93.29173013529729,doRUzNIV4NS-5nBt5SleWQ,2612,2,5396,1,16799,True,doRUzNIV4NS-5nBt5SleWQ
857,2007,7,78,Minneapolis,44.94734377433409,-93.261403474236,BtJFJGqe2HkXL1wC-ALXFg,747,1,5397,1,16804,True,BtJFJGqe2HkXL1wC-ALXFg
2885,2009,7,179,Minneapolis,44.96837311703507,-93.23451186253378,7Rz7Woe7coXPY1ZKn1V7kA,1276,1,4849,3,16808,True,7Rz7Woe7coXPY1ZKn1V7kA
4624,2007,6,191,Minneapolis,44.9882588358158,-93.22285155737733,2wa1neqIiooW6Cx-yVZ-3g,1411,1,5398,1,16809,True,2wa1neqIiooW6Cx-yVZ-3g
2980,2016,9,260,Minneapolis,44.97054178442162,-93.2310537692828,qPtPLtLRbI9W2DY36VVEjQ,977,1,5019,4,16811,True,qPtPLtLRbI9W2DY36VVEjQ
1415,2016,8,12,Minneapolis,44.95327049675574,-93.2486693669215,y0AeibWHZNay1s4ndIEMfA,1489,0,1628,4,16815,True,y0AeibWHZNay1s4ndIEMfA
4155,2007,6,93,Minneapolis,44.98323414362162,-93.23908489316716,nugTmc61uAO1yT_gE3CJEw,1748,1,3925,3,16824,True,nugTmc61uAO1yT_gE3CJEw
2068,2018,10,211,Minneapolis,44.96027529851209,-93.23301986976809,MiLFeOc6AWExQCKfrt0s0A,1784,3,5399,1,16830,True,MiLFeOc6AWExQCKfrt0s0A
2489,2011,6,237,Minneapolis,44.96532779929161,-93.26716279227227,6lxX9Pwz7cv_AIljhGc1OA,2539,0,3148,10,16834,True,6lxX9Pwz7cv_AIljhGc1OA
4353,2019,6,233,Minneapolis,44.98530456298749,-93.22423565763468,o3fIg9NLtv3El0ehKauxgg,1862,2,5400,1,16836,True,o3fIg9NLtv3El0ehKauxgg
4527,2009,10,275,Minneapolis,44.98729752853182,-93.2345989514886,z4iM9rEHr7fNDtbgDoU9qQ,2430,4,5401,1,16840,True,z4iM9rEHr7fNDtbgDoU9qQ
1450,2007,7,243,Minneapolis,44.95334901099969,-93.21403734231664,hQOHlE2vAwGZE2LMztlRJw,3192,0,4940,3,16846,True,hQOHlE2vAwGZE2LMztlRJw
1740,2009,9,104,Minneapolis,44.95730467864639,-93.2880190970093,4pG_jn6mdOazlDW4PdJdWQ,112,2,5402,1,16848,True,4pG_jn6mdOazlDW4PdJdWQ
3230,2019,7,173,Minneapolis,44.97311129654457,-93.25426282807864,hR7m_NTcp9tl1fBbkMYNiA,3224,1,5403,3,16852,True,hR7m_NTcp9tl1fBbkMYNiA
3487,2019,6,270,Minneapolis,44.97609528691806,-93.27026204000532,Pm_S_1fiaRnu6kZuu5QK-Q,251,0,253,8,16855,True,Pm_S_1fiaRnu6kZuu5QK-Q
124,2014,8,81,Minneapolis,44.93932437378982,-93.26636617900576,06nfZVdLK-7xkzAOcJrTRg,338,1,5404,1,16865,True,06nfZVdLK-7xkzAOcJrTRg
3083,2009,10,115,Minneapolis,44.97123661245008,-93.21911755171428,nQj2bjSzga66bTrIiEMdQw,921,1,5277,4,16869,True,nQj2bjSzga66bTrIiEMdQw
2958,2011,10,47,Minneapolis,44.97033792147596,-93.25320526759413,rvpc0_8DaBxBiELTYbCvEA,2548,0,3169,11,16871,True,rvpc0_8DaBxBiELTYbCvEA
2283,2007,7,17,Minneapolis,44.96323156213275,-93.291033786143,04HrSJOnaAWpWGYT5S_S4A,1039,0,1095,10,16874,True,04HrSJOnaAWpWGYT5S_S4A
3333,2015,7,33,Minneapolis,44.97426153118425,-93.24197814657592,KR7Yl6UaQ8nuGua2sqL1mg,309,0,313,5,16875,True,KR7Yl6UaQ8nuGua2sqL1mg
1508,2019,6,264,Minneapolis,44.95424942902412,-93.24736234198085,uecfTECTRXDDJO9zl7poYQ,1967,0,2246,7,16876,True,uecfTECTRXDDJO9zl7poYQ
4711,2009,10,77,Minneapolis,44.98964679584086,-93.23019233806212,It3HOdIQw397DMqWGjmoWA,1470,1,3805,4,16879,True,It3HOdIQw397DMqWGjmoWA
2569,2019,9,306,Minneapolis,44.96632420000954,-93.2781225927586,AlZQQpewwexfsePgcGphpg,561,0,574,17,16884,True,AlZQQpewwexfsePgcGphpg
1750,2007,7,359,Minneapolis,44.9573322964464,-93.27817746045584,Q2IF2RHZJ-P6-a-4-MyGWA,2424,1,5405,1,16899,True,Q2IF2RHZJ-P6-a-4-MyGWA
3128,2019,6,4,Minneapolis,44.97226249445696,-93.26511038522013,8LlzomRZh5SSORc5E586_g,2039,0,2361,7,16902,True,8LlzomRZh5SSORc5E586_g
3548,2016,10,303,Minneapolis,44.97760450911027,-93.2092300368134,qeq3_M3x6kTW7ESI8O7cdw,2538,1,5406,2,16905,True,qeq3_M3x6kTW7ESI8O7cdw
5193,2016,9,206,Minneapolis,44.99527905734379,-93.2971825734116,7MiPqLF1qvYM6vyVWLqAcw,3069,0,4362,5,16906,True,7MiPqLF1qvYM6vyVWLqAcw
4483,2016,9,342,Minneapolis,44.98695851318629,-93.27367901498135,l11fjEl1AqH5FUc9cLuv2A,304,3,5407,1,16907,True,l11fjEl1AqH5FUc9cLuv2A
2972,2007,7,305,Minneapolis,44.96996810623813,-93.23950152604012,Swb-hwhmk_5oUKYtPp3hnA,2239,1,4770,3,16929,True,Swb-hwhmk_5oUKYtPp3hnA
2955,2019,6,209,Minneapolis,44.97017079507001,-93.25636460477313,yiWwiKjdyqMc5Qr-wRQFKg,1939,0,2214,7,16932,True,yiWwiKjdyqMc5Qr-wRQFKg
4532,2009,6,155,Minneapolis,44.98726014109589,-93.2269450360026,zbV__EKwHyaqkRUyzdVjEA,573,0,586,4,16947,True,zbV__EKwHyaqkRUyzdVjEA
2060,2016,9,230,Minneapolis,44.96026215280136,-93.2409267718914,1_RBeDTKmXZ1VsAAD6xP7g,1338,1,5408,2,16954,True,1_RBeDTKmXZ1VsAAD6xP7g
1761,2017,11,9,Minneapolis,44.95732561617517,-93.26710265059668,8_yRMK6z_H2eOOC9sigd6Q,2007,1,2999,5,16957,True,8_yRMK6z_H2eOOC9sigd6Q
3168,2016,9,272,Minneapolis,44.97249732854659,-93.2251099983518,BC93WGZO0-7D0uYLZUbXIg,632,0,647,7,16964,True,BC93WGZO0-7D0uYLZUbXIg
1825,2014,9,261,Minneapolis,44.95829417361275,-93.29439917648789,MUPRzIzTurHOxkH2XUaJBQ,2520,0,3117,5,16975,True,MUPRzIzTurHOxkH2XUaJBQ
232,2011,9,208,Minneapolis,44.94026447168937,-93.2486799508986,baY4b1_P_bLGlgQ75H8bSg,2744,1,5409,1,16983,True,baY4b1_P_bLGlgQ75H8bSg
1759,2013,8,1,Minneapolis,44.95728955868389,-93.26888571228982,Rgsm8KQxdGSjILtb0byQfQ,3082,2,5410,2,16989,True,Rgsm8KQxdGSjILtb0byQfQ
630,2011,8,195,Minneapolis,44.94432254269646,-93.21530986973497,YYJhic0Ko4Drz0-AASDA-g,1778,1,5411,2,16992,True,YYJhic0Ko4Drz0-AASDA-g
4437,2011,7,354,Minneapolis,44.98625800894267,-93.22695948692436,gp0_Tb7PgyAtaWrtPF6dJQ,2902,0,3898,3,16994,True,gp0_Tb7PgyAtaWrtPF6dJQ
4674,2011,6,156,Minneapolis,44.9895128235114,-93.26986902370058,YWAnyUZKXgcz_YKMCVQE2w,248,0,249,4,16999,True,YWAnyUZKXgcz_YKMCVQE2w
4402,2007,7,359,Minneapolis,44.98591116704966,-93.26973531972564,Kn6bJ7-krjhpfQvCnQgPZQ,738,0,759,6,17001,True,Kn6bJ7-krjhpfQvCnQgPZQ
1864,2018,8,174,Minneapolis,44.95826481922518,-93.25496383031972,4C40IfZ9q1NrIOM2qqSzlw,1308,1,4349,3,17009,True,4C40IfZ9q1NrIOM2qqSzlw
1795,2017,8,280,Minneapolis,44.9574072444378,-93.2330679283324,hwtdvh1H5w5zuvCCU_Fkjw,2813,2,5412,1,17011,True,hwtdvh1H5w5zuvCCU_Fkjw
984,2017,8,289,Minneapolis,44.94832851630795,-93.22515103228103,OjPUit8X_QLzxZRvZlVZLw,2603,0,3264,8,17013,True,OjPUit8X_QLzxZRvZlVZLw
2120,2009,6,97,Minneapolis,44.96091826986555,-93.27216567771686,95BGv-L9XDC6wC64ltBMdw,2683,0,3410,5,17018,True,95BGv-L9XDC6wC64ltBMdw
2971,2017,8,208,Minneapolis,44.97017334290748,-93.241032534051,x_YE4fLe3Bk_jHtwThkJsA,3139,0,4655,5,17022,True,x_YE4fLe3Bk_jHtwThkJsA
1069,2007,7,175,Minneapolis,44.9492960342299,-93.23158568060946,v9VgdnDd8NLDcVA4w4x-Ow,875,0,914,3,17028,True,v9VgdnDd8NLDcVA4w4x-Ow
3267,2011,7,238,Minneapolis,44.97306520648405,-93.2172336514476,8-E6y4W0pMRBOJaOZUQ5Gg,1988,1,4295,5,17036,True,8-E6y4W0pMRBOJaOZUQ5Gg
907,2014,8,137,Minneapolis,44.94732828836081,-93.21141188527815,hx-PiB0e3e8f8zvBBTHgCw,2651,3,5414,1,17037,True,hx-PiB0e3e8f8zvBBTHgCw
4199,2019,6,119,Minneapolis,44.98422405469751,-93.28611767528864,JzGKp4E5TTb7jDA2rf4bNw,2459,0,3012,3,17041,True,JzGKp4E5TTb7jDA2rf4bNw
3849,2011,6,202,Minneapolis,44.98014453004757,-93.27342724806128,shZpoN-Y3CeAJRdoGv-iiQ,407,0,413,6,17043,True,shZpoN-Y3CeAJRdoGv-iiQ
5229,2019,6,102,Minneapolis,44.99546417043128,-93.26227803546604,2-FEN3ZpC9Dhnaw0BIr2CA,1445,2,5415,1,17048,True,2-FEN3ZpC9Dhnaw0BIr2CA
3786,2019,7,84,Minneapolis,44.97908514895327,-93.24518325314052,lbzmpMbe5sWcUg4Zn68kJw,1890,1,2847,13,17057,True,lbzmpMbe5sWcUg4Zn68kJw
5164,2011,6,152,Minneapolis,44.99508160072325,-93.23100233710758,0heZiOZnp2rkeaCygCUBvQ,2630,0,3304,4,17058,True,0heZiOZnp2rkeaCygCUBvQ
4514,2014,9,320,Minneapolis,44.98723291276593,-93.24617738816498,g_SAPuirI8rMZr2OIXsg-g,2937,0,3977,4,17064,True,g_SAPuirI8rMZr2OIXsg-g
3622,2017,8,63,Minneapolis,44.97731883802093,-93.23115550330476,mhHqtcDhpYU2c7i-C-4jhg,2913,0,3920,11,17065,True,mhHqtcDhpYU2c7i-C-4jhg
2892,2016,9,246,Minneapolis,44.96940304201514,-93.22815332532213,iBZSwhlVmsOSBtdhPo8iDQ,1155,1,4883,4,17068,True,iBZSwhlVmsOSBtdhPo8iDQ
3513,2012,9,339,Minneapolis,44.97603779025854,-93.24699928395722,LoVeGIos_TFii4zH5k80pg,2884,0,3858,9,17069,True,LoVeGIos_TFii4zH5k80pg
4146,2016,10,244,Minneapolis,44.98329114694489,-93.25000141007897,29WaGSCVkgJ_Qs92bE-pag,2078,1,5416,1,17071,True,29WaGSCVkgJ_Qs92bE-pag
876,2017,10,346,Minneapolis,44.94735302492786,-93.24232506639984,VyXhaqMlADEpNmlA7xUPiw,2826,1,3793,3,17073,True,VyXhaqMlADEpNmlA7xUPiw
640,2017,8,343,Minneapolis,44.94528437552961,-93.2957828401714,cguzFdnTKvciZOWqtZmoQw,2766,0,3584,6,17082,True,cguzFdnTKvciZOWqtZmoQw
3636,2011,6,66,Minneapolis,44.97805549601219,-93.21051200819004,CxXmEv8ZxMBLQ_BIqxS_Kw,2559,0,3188,6,17087,True,CxXmEv8ZxMBLQ_BIqxS_Kw
2401,2019,6,56,Minneapolis,44.96431597069304,-93.26382897680271,5eNn5UoY9oPf8fnRrzTcRg,416,1,5417,2,17089,True,5eNn5UoY9oPf8fnRrzTcRg
4392,2008,9,310,Minneapolis,44.98623991844861,-93.27723940584552,4_8a6x8QY8uYWxv__wLsmw,2556,0,3183,4,17096,True,4_8a6x8QY8uYWxv__wLsmw
3507,2011,6,344,Minneapolis,44.97649024455053,-93.24857647405382,tdgC7LCYClD4lVwlhH05pg,1697,0,1891,5,17098,True,tdgC7LCYClD4lVwlhH05pg
2328,2007,7,108,Minneapolis,44.96332481053286,-93.24569336161204,SvUT337W8GRnOiexawOp5w,2860,0,3796,7,17101,True,SvUT337W8GRnOiexawOp5w
2293,2011,6,185,Minneapolis,44.96330191033197,-93.28084550369842,7JunJD8-gunidJ0lzDownw,687,1,5418,2,17107,True,7JunJD8-gunidJ0lzDownw
2782,2011,6,218,Minneapolis,44.96833966950987,-93.2473164739986,EbAhszmIKrHCz_YCuRv86Q,3099,0,4471,5,17112,True,EbAhszmIKrHCz_YCuRv86Q
2222,2016,10,288,Minneapolis,44.96225534982626,-93.26111457641773,CnZKhkjfcHQE7kjwZT-3Ag,273,1,1211,6,17122,True,CnZKhkjfcHQE7kjwZT-3Ag
4935,2017,8,276,Minneapolis,44.99238880839815,-93.27983391412376,pk7Xp-lEYDTj2FL8JXWaow,3227,1,5420,2,17127,True,pk7Xp-lEYDTj2FL8JXWaow
1030,2016,9,22,Minneapolis,44.94939951295079,-93.27033091370949,6n3DTWaCH7q0OhwQDkn0KA,1979,2,5421,1,17132,True,6n3DTWaCH7q0OhwQDkn0KA
1410,2009,10,106,Minneapolis,44.95327311598093,-93.2537437522498,Q8GUyUuxWf3fEt1cxCRKrg,1075,0,1138,5,17139,True,Q8GUyUuxWf3fEt1cxCRKrg
3384,2008,10,181,Minneapolis,44.97534393016805,-93.2822144146423,KyHzdLwOAZN77RciG5lwRg,494,0,503,7,17141,True,KyHzdLwOAZN77RciG5lwRg
2490,2008,10,292,Minneapolis,44.96532968488989,-93.26618481340928,twy12QW4T08MzTPHNUi5vg,1640,0,1813,10,17150,True,twy12QW4T08MzTPHNUi5vg
5266,2016,10,349,Minneapolis,44.99513310721807,-93.22315063135224,me9gtL2T9pF_JJcxdlp9Ww,403,2,5422,1,17151,True,me9gtL2T9pF_JJcxdlp9Ww
1352,2019,6,212,Minneapolis,44.95200980189489,-93.22108393010969,X2h5z8EC5gU_-hdoIPvS5w,1957,0,2234,3,17152,True,X2h5z8EC5gU_-hdoIPvS5w
4148,2019,6,154,Minneapolis,44.98325806841107,-93.2492695126802,SYJJ2GArMprvRWtV07P_4Q,2927,2,5423,2,17153,True,SYJJ2GArMprvRWtV07P_4Q
5246,2011,7,114,Minneapolis,44.99530244812113,-93.24228311910063,XDHhuljh2eGm-S45nXpynA,1194,1,5424,3,17156,True,XDHhuljh2eGm-S45nXpynA
2743,2011,6,26,Minneapolis,44.96832779704515,-93.28608519615445,68w_HcVKouyT7c4jBy51Hg,853,0,887,4,17163,True,68w_HcVKouyT7c4jBy51Hg
4548,2019,6,53,Minneapolis,44.98729764411674,-93.21521998041722,E0BcQ0LWgIDj5wiMnZGqHA,352,0,358,3,17164,True,E0BcQ0LWgIDj5wiMnZGqHA
627,2019,6,139,Minneapolis,44.94428090603893,-93.21911683674914,CEdWzMJwcCCWPi1Ug2b59g,3211,2,5425,1,17167,True,CEdWzMJwcCCWPi1Ug2b59g
4806,2019,6,254,Minneapolis,44.9902183263453,-93.22558813247288,8weq3S_RCH5at465HXvWZw,2351,0,2818,5,17172,True,8weq3S_RCH5at465HXvWZw
129,2019,5,231,Minneapolis,44.93929232899589,-93.26130294324034,2usZXjdBkifI-WeR3oxeGQ,2897,2,5426,1,17176,True,2usZXjdBkifI-WeR3oxeGQ
4827,2007,8,295,Minneapolis,44.99153275528942,-93.29910319788972,SmDAeRZGJbC7BA-H3XEb0Q,3054,0,4293,5,17177,True,SmDAeRZGJbC7BA-H3XEb0Q
2952,2015,7,198,Minneapolis,44.97012777762683,-93.25765745662464,kvTaPmCgxyPHR5rwsmX6Vw,468,1,5427,1,17190,True,kvTaPmCgxyPHR5rwsmX6Vw
2076,2017,10,91,Minneapolis,44.96030036231849,-93.225436301692,_WLcUm8Zbag3qNLO6xe85w,2113,1,5428,2,17200,True,_WLcUm8Zbag3qNLO6xe85w
2876,2016,8,252,Minneapolis,44.96931473252938,-93.24410169259826,E6nttsjg4PIjSbilxFGdGw,1833,0,2073,5,17203,True,E6nttsjg4PIjSbilxFGdGw
2504,2011,6,298,Minneapolis,44.96514619064981,-93.25224882239375,MyZkSDq6YMmLMLL1M5pOCA,1305,0,1407,10,17205,True,MyZkSDq6YMmLMLL1M5pOCA
4707,2009,10,243,Minneapolis,44.98932577100178,-93.23078052287931,9hbEScrgBZUBlWG7m1VjZQ,1306,1,4133,5,17209,True,9hbEScrgBZUBlWG7m1VjZQ
4124,2011,6,200,Minneapolis,44.98352708026516,-93.269410033505,nR6FG432zJvrz6CkFt2tsA,2567,0,3204,5,17210,True,nR6FG432zJvrz6CkFt2tsA
5035,2016,10,214,Minneapolis,44.99309495955087,-93.27300522809156,r-UNLpz5E4DvoguoewmuDg,1024,1,5429,1,17211,True,r-UNLpz5E4DvoguoewmuDg
1286,2007,7,82,Minneapolis,44.95224982618716,-93.28682374727512,_UTpl1kFgwwcD1sP1OiyZQ,1005,0,1059,6,17212,True,_UTpl1kFgwwcD1sP1OiyZQ
397,2014,10,12,Minneapolis,44.94225757113649,-93.26640896980324,vAZXRVi1C6WKFbX04vzbBg,1417,0,1539,5,17220,True,vAZXRVi1C6WKFbX04vzbBg
4978,2011,6,204,Minneapolis,44.99234130163436,-93.23331775580884,hE-C8nw-sKtnpuYUDAQGPA,1677,0,1860,5,17223,True,hE-C8nw-sKtnpuYUDAQGPA
1209,2007,7,302,Minneapolis,44.95135051021911,-93.27321394272596,b13NoVx2Z4lGlojH5LETJg,2901,0,3897,6,17227,True,b13NoVx2Z4lGlojH5LETJg
4867,2017,8,79,Minneapolis,44.99134564023922,-93.2551695927721,6B-FGF0Y8NUCklWSfgTuIg,2171,1,5430,1,17228,True,6B-FGF0Y8NUCklWSfgTuIg
2432,2016,10,19,Minneapolis,44.96426398901801,-93.23316560834378,BoK3ZKDejxKUiIrXdV2WvQ,2429,0,2964,8,17231,True,BoK3ZKDejxKUiIrXdV2WvQ
1322,2007,7,175,Minneapolis,44.95230074964192,-93.25124606211952,7aolM-6BwpS7IF8keosd1w,1244,1,2583,3,17235,True,7aolM-6BwpS7IF8keosd1w
301,2014,10,299,Minneapolis,44.94138805551844,-93.271152236379,h9SRXKuvw8B6rAVWfncokw,900,0,940,4,17244,True,h9SRXKuvw8B6rAVWfncokw
37,2009,7,242,Minneapolis,44.9383072777287,-93.26253884958726,MFHyYdlIwc8ccX-wjpqq8g,876,0,915,6,17248,True,MFHyYdlIwc8ccX-wjpqq8g
80,2019,6,66,Minneapolis,44.93827627903195,-93.21914632305388,DsvIt1h9gCG4fxODvXEPQg,1432,1,3417,4,17255,True,DsvIt1h9gCG4fxODvXEPQg
2883,2019,6,134,Minneapolis,44.96888967877037,-93.2374171778195,11w2YSeyyF8ElrBzk-VzOg,50,1,3478,3,17259,True,11w2YSeyyF8ElrBzk-VzOg
544,2011,8,256,Minneapolis,44.94330979072065,-93.21012849886844,E77A0BJOctx_ltmpIBslEg,2684,0,3412,3,17261,True,E77A0BJOctx_ltmpIBslEg
163,2019,6,305,Minneapolis,44.93931557871434,-93.22712083342182,qiHZtHc-DyOaVv5KXHeNKw,2885,1,4162,5,17262,True,qiHZtHc-DyOaVv5KXHeNKw
1742,2016,9,26,Minneapolis,44.95736399699296,-93.28617088402048,VlII69R24GKawJGksKC_4w,652,2,5432,1,17266,True,VlII69R24GKawJGksKC_4w
4739,2019,6,66,Minneapolis,44.99029622119166,-93.2920417441522,oMb4HXN2snY38aPhaUihTg,1960,0,2238,5,17268,True,oMb4HXN2snY38aPhaUihTg
864,2019,6,103,Minneapolis,44.94729228212816,-93.25378477399114,14-AXXQEcut1bcFD7HHnsw,2704,0,3452,4,17270,True,14-AXXQEcut1bcFD7HHnsw
1789,2009,10,240,Minneapolis,44.95734612166262,-93.2391339636538,6D95vUMOsRHUkFuICjCtbA,2661,0,3365,5,17273,True,6D95vUMOsRHUkFuICjCtbA
3040,2017,11,328,Minneapolis,44.971336171627,-93.26212952722106,5dPQSnc-meHofzmHIQV-0g,2414,0,2938,3,17275,True,5dPQSnc-meHofzmHIQV-0g
2954,2019,6,148,Minneapolis,44.97047521441764,-93.25708435497572,Plf39jlqcantbrWJTb7yJg,14,0,14,7,17279,True,Plf39jlqcantbrWJTb7yJg
2526,2017,8,212,Minneapolis,44.96530742464916,-93.23013859652724,EJN6pDnbBTcNQB76wg36bw,2610,1,3773,5,17280,True,EJN6pDnbBTcNQB76wg36bw
4187,2011,7,134,Minneapolis,44.98427216609596,-93.29918235637884,XlLaPKx9h3JNmiBEiACWIg,626,0,641,8,17291,True,XlLaPKx9h3JNmiBEiACWIg
4891,2009,6,256,Minneapolis,44.99134815295425,-93.22816828474842,GzQ8hz7vAx0W3VR3MmJK5A,1351,0,1460,11,17294,True,GzQ8hz7vAx0W3VR3MmJK5A
4404,2019,6,201,Minneapolis,44.98649962569293,-93.26385982225425,uVzc3mIZaweNOTAQbpAeRw,1821,2,5433,1,17299,True,uVzc3mIZaweNOTAQbpAeRw
1730,2013,10,140,Minneapolis,44.95730926067711,-93.29825188292476,GG6xLjbY3ES4eGBe8fQO4w,1115,3,5434,1,17306,True,GG6xLjbY3ES4eGBe8fQO4w
729,2007,7,293,Minneapolis,44.94631929633152,-93.29828371223792,VzeHoln7HbsC7WsPUCe40g,1535,0,1679,6,17308,True,VzeHoln7HbsC7WsPUCe40g
2251,2007,7,268,Minneapolis,44.96275343793344,-93.2320809758724,9QqK3XQ6z1rJBJL3u39djg,397,1,2920,10,17320,True,9QqK3XQ6z1rJBJL3u39djg
2310,2009,7,133,Minneapolis,44.96325663778192,-93.26382552588868,20dcJTfOFQHyYZUtAubznQ,93,1,2182,4,17323,True,20dcJTfOFQHyYZUtAubznQ
3829,2019,6,2,Minneapolis,44.9803830232791,-93.29509511344732,Qmz92HLuURD7JzxoORhDEw,649,1,990,6,17327,True,Qmz92HLuURD7JzxoORhDEw
3473,2013,8,70,Minneapolis,44.97630183186195,-93.28417666528097,H8MODHtZULxtV6N1sbOCSQ,893,0,933,10,17329,True,H8MODHtZULxtV6N1sbOCSQ
4654,2019,9,2,Minneapolis,44.98926842750283,-93.28806337184982,VdXTv1Alr0Ce5stA6doukQ,1034,0,1090,7,17332,True,VdXTv1Alr0Ce5stA6doukQ
1486,2007,7,357,Minneapolis,44.95426864036484,-93.2689937057451,pOkyXKTDGnNL0i1ogKCuOw,2103,1,4307,3,17335,True,pOkyXKTDGnNL0i1ogKCuOw
2139,2011,9,152,Minneapolis,44.96126615799056,-93.25353924318122,Hf0CXq0mufgzH8ybQYjPBg,244,0,245,4,17355,True,Hf0CXq0mufgzH8ybQYjPBg
85,2009,10,60,Minneapolis,44.93829118593183,-93.21405418942886,ZeZJAeMMh9_J7Ak-0fmF2A,2930,1,5187,4,17357,True,ZeZJAeMMh9_J7Ak-0fmF2A
2446,2011,9,285,Minneapolis,44.96427477918144,-93.21925890702084,n6M0dqaVgeKcMrLg0_V4oA,2496,0,3081,5,17365,True,n6M0dqaVgeKcMrLg0_V4oA
3266,2009,6,298,Minneapolis,44.97341789828166,-93.21805031734092,qCuXP_6P4H5tw9m673oduw,730,3,3547,3,17366,True,qCuXP_6P4H5tw9m673oduw
4696,2009,7,337,Minneapolis,44.98881200768586,-93.2404981961188,eu9XNp6In3NzWXzZqtitCw,2527,1,5435,1,17371,True,eu9XNp6In3NzWXzZqtitCw
4776,2019,6,162,Minneapolis,44.99028751523047,-93.25440235160303,41vJooTIAjPzooN9yT2GMQ,1047,0,1103,3,17376,True,41vJooTIAjPzooN9yT2GMQ
4665,2011,6,335,Minneapolis,44.9890768189217,-93.2765102955775,VufxCJpi9_0r4qj2q3OhAw,1437,1,4758,4,17377,True,VufxCJpi9_0r4qj2q3OhAw
382,2007,7,334,Minneapolis,44.9422761518827,-93.28140237544892,14ojChPZ3YCxo3ZW32vmPA,3210,1,5436,2,17378,True,14ojChPZ3YCxo3ZW32vmPA
804,2007,7,138,Minneapolis,44.94624036153277,-93.22296900106866,jiSq9ahRHUBYFZJAwjeCIA,234,0,235,3,17381,True,jiSq9ahRHUBYFZJAwjeCIA
3205,2007,7,290,Minneapolis,44.97327890950788,-93.27912096813854,BrPTD3Mya27210KFxr5ALw,2889,0,3867,4,17390,True,BrPTD3Mya27210KFxr5ALw
1697,2016,8,155,Minneapolis,44.95629899827668,-93.23994904090044,gRbOizV3YNwaVVzBTLPhUg,1950,1,5437,2,17396,True,gRbOizV3YNwaVVzBTLPhUg
1052,2019,6,23,Minneapolis,44.94931328216521,-93.24870710257196,DToS9wDiWQ5CaDxjCUK21Q,3065,0,4345,6,17400,True,DToS9wDiWQ5CaDxjCUK21Q
3778,2017,8,50,Minneapolis,44.97755612819449,-93.24832499357,HXvxmu5Vd8MDbki-h6iVhg,809,1,3827,4,17407,True,HXvxmu5Vd8MDbki-h6iVhg
675,2007,7,111,Minneapolis,44.94524901475388,-93.2613727844182,vTCUHHwhwNIvJlwsI_Uvwg,1444,1,3406,3,17414,True,vTCUHHwhwNIvJlwsI_Uvwg
1588,2007,7,244,Minneapolis,44.95555815381084,-93.25813705916606,D_4_rbI-EYwyPgjVyebgHQ,879,0,918,5,17415,True,D_4_rbI-EYwyPgjVyebgHQ
1551,2011,9,102,Minneapolis,44.95554654180587,-93.29511881934134,jo6EXXPjSPIA5ReiSYJLfg,2625,0,3295,6,17419,True,jo6EXXPjSPIA5ReiSYJLfg
1037,2019,5,5,Minneapolis,44.94930060414361,-93.26259396073884,Bv68yW9SysJ0sNmzhBbwsw,2322,3,5438,1,17420,True,Bv68yW9SysJ0sNmzhBbwsw
3079,2017,10,33,Minneapolis,44.97135211612142,-93.22314798866957,HByWKtoCr259CwVPDpZmUQ,113,0,113,10,17426,True,HByWKtoCr259CwVPDpZmUQ
1324,2011,9,90,Minneapolis,44.95230308381961,-93.24867309390008,PzyDcPLKaXcjOjLk39yLfg,463,0,472,5,17429,True,PzyDcPLKaXcjOjLk39yLfg
4326,2007,7,306,Minneapolis,44.98509173125643,-93.24729236013042,XHW8rDkkCUhEplffRgwGrQ,182,0,183,10,17431,True,XHW8rDkkCUhEplffRgwGrQ
1765,2009,7,69,Minneapolis,44.95732604783433,-93.26311576225088,sF5g94yPFvFOh2vCWcUOrg,1220,0,1307,3,17433,True,sF5g94yPFvFOh2vCWcUOrg
2508,2013,9,193,Minneapolis,44.96580029232962,-93.24792511101754,JzilsgfLwa7o5905qKQ9uQ,916,0,956,8,17434,True,JzilsgfLwa7o5905qKQ9uQ
46,2007,7,280,Minneapolis,44.93830243270559,-93.25622776175112,0bRCKHE-B29PXjZ0UH4MFQ,2689,1,5439,1,17442,True,0bRCKHE-B29PXjZ0UH4MFQ
4628,2009,6,10,Minneapolis,44.98834038986935,-93.22154617800769,3laVLkpU7oa3PnwQmFli4Q,2920,1,5182,4,17458,True,3laVLkpU7oa3PnwQmFli4Q
1291,2011,6,336,Minneapolis,44.95195668715711,-93.28218308117668,GXJKNfwB2s6rhObeM9N20Q,2671,0,3386,5,17460,True,GXJKNfwB2s6rhObeM9N20Q
2385,2011,6,346,Minneapolis,44.96423148480952,-93.28015677082688,FrOPnaMP89U8xAl2L_6yBg,2256,0,2668,5,17461,True,FrOPnaMP89U8xAl2L_6yBg
5177,2007,7,47,Minneapolis,44.99432260869268,-93.21407244701712,XqoZ2P7ZScAidMia-jLAwA,2164,0,2535,3,17474,True,XqoZ2P7ZScAidMia-jLAwA
3066,2012,8,30,Minneapolis,44.97133178934197,-93.23626639463669,aWQ9nUSEF4dDzsiPMe-KDw,1198,0,1285,11,17475,True,aWQ9nUSEF4dDzsiPMe-KDw
575,2014,10,81,Minneapolis,44.94430888801991,-93.27025446425247,weiCzKVRtMnOpakLOK-mhw,3234,1,5440,2,17477,True,weiCzKVRtMnOpakLOK-mhw
981,2018,9,274,Minneapolis,44.94834028614086,-93.22807457902792,qFF58wZVo-GCgkLGY6jmzA,2186,0,2561,6,17481,True,qFF58wZVo-GCgkLGY6jmzA
457,2011,9,52,Minneapolis,44.94330999976177,-93.29708717533224,7zwDTOoEfut3_A4OqpW9oA,2978,0,4070,4,17487,True,7zwDTOoEfut3_A4OqpW9oA
3476,2017,11,222,Minneapolis,44.97633639528994,-93.28110951382816,P28KVgFKjXvgycnAAekxmQ,1021,0,1077,4,17490,True,P28KVgFKjXvgycnAAekxmQ
436,2019,6,43,Minneapolis,44.9422726798384,-93.22708304286957,ua5dCFHGyi3ClLF6B9cCJw,1604,1,1994,3,17492,True,ua5dCFHGyi3ClLF6B9cCJw
1339,2016,8,322,Minneapolis,44.95199396634876,-93.2341462246826,fTMziQ7vbNtiVzWcpCrbAA,726,0,747,3,17496,True,fTMziQ7vbNtiVzWcpCrbAA
1031,2019,5,283,Minneapolis,44.94936294463625,-93.26901666231942,I4KYI7E2GzwW6LplVyj8IQ,2035,0,2356,3,17497,True,I4KYI7E2GzwW6LplVyj8IQ
1993,2014,9,122,Minneapolis,44.95818121649454,-93.21888234435004,qg4n5dUb4TujuRNxgNPrYg,3167,1,5061,4,17501,True,qg4n5dUb4TujuRNxgNPrYg
965,2009,10,274,Minneapolis,44.94834513678757,-93.24420034600315,f4ga4kpeQNj85GI_2_u5IA,1765,0,1978,9,17503,True,f4ga4kpeQNj85GI_2_u5IA
1028,2019,5,226,Minneapolis,44.94932713687376,-93.27158666807158,7U698gS_HJXAoAPxKzUI8g,1590,1,1933,5,17504,True,7U698gS_HJXAoAPxKzUI8g
4941,2016,10,200,Minneapolis,44.99266799974703,-93.2743392667447,mfFB-SLRugDpfdN0O8nHUg,2162,1,5441,1,17510,True,mfFB-SLRugDpfdN0O8nHUg
4715,2009,9,115,Minneapolis,44.98932407180684,-93.22693542962678,zQuaP9j2U9oMPcUHtPLeSw,20,1,897,6,17512,True,zQuaP9j2U9oMPcUHtPLeSw
4073,2007,6,6,Minneapolis,44.98209692912918,-93.2333152494265,NhnvLuXnE3AdQS_TnSgxVg,1435,0,1566,6,17515,True,NhnvLuXnE3AdQS_TnSgxVg
2384,2009,7,113,Minneapolis,44.96436025167575,-93.28108270441292,EH9NaEICaLUpKSePTEcVyQ,2543,0,3156,7,17522,True,EH9NaEICaLUpKSePTEcVyQ
2825,2014,9,49,Minneapolis,44.96928298304415,-93.2948967539479,GD26BjbaYABu0pO4haiJVA,3222,0,5190,4,17524,True,GD26BjbaYABu0pO4haiJVA
545,2009,10,330,Minneapolis,44.94330823993176,-93.20912671645964,Tm2-s6mxeEnHci5Ymrf0nQ,3037,0,4253,3,17529,True,Tm2-s6mxeEnHci5Ymrf0nQ
2208,2019,6,342,Minneapolis,44.96231138580412,-93.27528596207412,IVOCsLPtry6lAxWutttPxw,2221,0,2615,8,17531,True,IVOCsLPtry6lAxWutttPxw
2706,2009,7,283,Minneapolis,44.96779596581968,-93.23196213364449,r2rC7Gu2heiiQ9yciqJiNg,1013,1,5442,1,17532,True,r2rC7Gu2heiiQ9yciqJiNg
2288,2016,9,101,Minneapolis,44.96346689947922,-93.28609878765208,NtuUO0sadmPEijj4AT0nug,1185,0,1271,5,17533,True,NtuUO0sadmPEijj4AT0nug
2050,2014,9,327,Minneapolis,44.96031680618059,-93.25109552419754,qzPEYLAmfh1iJ-9THIvboQ,431,0,440,3,17548,True,qzPEYLAmfh1iJ-9THIvboQ
709,2007,7,70,Minneapolis,44.9452794665988,-93.2270846371564,Eu1hyONRcwaorh_hXGTgzA,2969,1,5444,1,17550,True,Eu1hyONRcwaorh_hXGTgzA
2503,2018,8,207,Minneapolis,44.96538633091655,-93.25314576082992,NUbaa54vuCUv9cPECs3tPQ,1145,0,1219,11,17552,True,NUbaa54vuCUv9cPECs3tPQ
2073,2019,6,122,Minneapolis,44.96025749397417,-93.22826492104018,WFpBcRZlUVUvBwt2TXYpDw,746,0,767,5,17553,True,WFpBcRZlUVUvBwt2TXYpDw
3145,2019,6,280,Minneapolis,44.9721705071775,-93.24816617782298,_IMaXTLgnw-NYWOzUd8uKg,2127,0,2485,6,17555,True,_IMaXTLgnw-NYWOzUd8uKg
4646,2008,9,22,Minneapolis,44.98900485099193,-93.29612629596532,CkFq9W-WheSjR2DaIclbpw,22,0,22,4,17559,True,CkFq9W-WheSjR2DaIclbpw
530,2011,8,47,Minneapolis,44.9432103612304,-93.22412483943744,x3yeGiLS7RURgTiX6f-OIA,1866,0,2116,4,17563,True,x3yeGiLS7RURgTiX6f-OIA
284,2011,8,240,Minneapolis,44.94132612609813,-93.28809221506498,f5VV0CbjuOtlWTPq5Un3jw,698,3,5445,1,17565,True,f5VV0CbjuOtlWTPq5Un3jw
1972,2009,10,314,Minneapolis,44.95918329795714,-93.2381036078377,Vw_wZcYv-YLHFyd6cVfMvQ,261,1,1199,4,17569,True,Vw_wZcYv-YLHFyd6cVfMvQ
4524,2011,7,107,Minneapolis,44.98726054448165,-93.23332188679272,qRPo9LdgAbg_Yiq_vagYrw,2808,1,4549,3,17580,True,qRPo9LdgAbg_Yiq_vagYrw
4638,2009,6,225,Minneapolis,44.98804836655709,-93.2120830019227,lQ4nRQ2dy5LbdCz_qRRZIQ,1553,1,5446,1,17584,True,lQ4nRQ2dy5LbdCz_qRRZIQ
448,2019,6,67,Minneapolis,44.94231152224374,-93.21530626989347,E3nQAFDA344unMbKRXDrsQ,1285,1,5447,1,17585,True,E3nQAFDA344unMbKRXDrsQ
5259,2009,10,341,Minneapolis,44.99510009979264,-93.23009531871622,L6m58zzKtM4r5baV8HB6xw,1607,1,3019,4,17586,True,L6m58zzKtM4r5baV8HB6xw
4448,2009,6,122,Minneapolis,44.98633013561589,-93.2203218435088,NyEVilS695Giw8eVZkKYsw,756,1,5448,2,17587,True,NyEVilS695Giw8eVZkKYsw
4132,2013,9,89,Minneapolis,44.98325292443079,-93.25911023805668,9BMpolZvKBxYzFUG67k_3g,2574,0,3216,5,17601,True,9BMpolZvKBxYzFUG67k_3g
4985,2016,10,109,Minneapolis,44.99234592845294,-93.22524306431964,dmS573F9XhCCDfytHEOsiQ,3076,1,5093,4,17603,True,dmS573F9XhCCDfytHEOsiQ
4216,2018,10,69,Minneapolis,44.98425329493168,-93.26736536336412,ddUMg5wRU_meuG4lwdPXOQ,1246,0,1335,5,17612,True,ddUMg5wRU_meuG4lwdPXOQ
1190,2019,5,191,Minneapolis,44.95126980862422,-93.29190677333186,eDec2W616MPchVceplwCbw,1284,3,5449,1,17613,True,eDec2W616MPchVceplwCbw
2217,2019,6,224,Minneapolis,44.96230891318106,-93.26641809033592,rnKeU6q0d9WpFH2fqZDXPA,810,0,842,4,17616,True,rnKeU6q0d9WpFH2fqZDXPA
2226,2018,8,331,Minneapolis,44.9627216976545,-93.25711356357463,iUk9PJbGLFSEFCtpgTgz5w,3055,1,5450,1,17625,True,iUk9PJbGLFSEFCtpgTgz5w
5274,2017,8,163,Minneapolis,44.99517866881105,-93.217112713894,wHPTJDie9xcGl5IvYbRJaA,491,0,500,5,17628,True,wHPTJDie9xcGl5IvYbRJaA
3639,2017,10,226,Minneapolis,44.97747088450439,-93.20901887065357,EYb-NkU9OwUKhvTgahpPZw,3136,0,4626,5,17636,True,EYb-NkU9OwUKhvTgahpPZw
1264,2019,6,151,Minneapolis,44.95133253498717,-93.21784035359244,UPiLYlLdDtRjl01cgw6lZA,2909,1,5451,2,17640,True,UPiLYlLdDtRjl01cgw6lZA
2009,2014,9,36,Minneapolis,44.96030853283554,-93.29184948870724,HXYXsahTfnw9_XsNZe-6Pw,2987,1,5452,2,17641,True,HXYXsahTfnw9_XsNZe-6Pw
1353,2011,7,318,Minneapolis,44.95199526255402,-93.2191705799456,jLNHQxCf-m-FSM_1CvxVuQ,3043,1,5453,3,17644,True,jLNHQxCf-m-FSM_1CvxVuQ
4687,2011,7,268,Minneapolis,44.98930984505659,-93.2572731130449,KHQyINk1ZfhObwXS5nPVfg,1097,1,5454,1,17646,True,KHQyINk1ZfhObwXS5nPVfg
4019,2017,10,68,Minneapolis,44.98283009652011,-93.2822242752179,JY9ky3OScKy-yTdNUKix3w,1461,1,4426,3,17650,True,JY9ky3OScKy-yTdNUKix3w
3336,2007,6,232,Minneapolis,44.97440252131663,-93.23792275434836,PEiCZNvk5tNFZuy5zh_30A,428,1,5455,1,17651,True,PEiCZNvk5tNFZuy5zh_30A
81,2009,10,165,Minneapolis,44.93826794809634,-93.21788230505574,jW01YxbeS0g5tgA110A4Rg,1000,2,5456,1,17655,True,jW01YxbeS0g5tgA110A4Rg
812,2014,8,244,Minneapolis,44.94624103396495,-93.21529614870072,8gZTlZi7fuZn-fY8kZLC5A,3229,0,5272,3,17662,True,8gZTlZi7fuZn-fY8kZLC5A
2056,2016,8,79,Minneapolis,44.960151970172,-93.24557254586416,JSp6pOJkAxLlPKEdQqfHVw,1716,0,1916,4,17663,True,JSp6pOJkAxLlPKEdQqfHVw
3190,2013,8,290,Minneapolis,44.97340426930569,-93.29423158498469,2saIauAv2z4n6nc8oAzkCg,684,0,703,3,17668,True,2saIauAv2z4n6nc8oAzkCg
4378,2008,9,287,Minneapolis,44.98633290340621,-93.2890730095043,mgwFhW0tGLIKZqCn3IurZA,3231,0,5293,5,17670,True,mgwFhW0tGLIKZqCn3IurZA
3235,2009,8,294,Minneapolis,44.97323386895708,-93.24915060003929,LimLEu0fHhq12Jz1ElkZOA,2758,0,3558,6,17677,True,LimLEu0fHhq12Jz1ElkZOA
1603,2008,9,166,Minneapolis,44.95531161335728,-93.2430996773679,uK5uj4TQqA2zQimayRiGNg,2985,0,4093,6,17679,True,uK5uj4TQqA2zQimayRiGNg
5195,2007,7,279,Minneapolis,44.99531811048373,-93.29105450333316,_0xx5_8eYawvdsxnCc77wQ,2988,2,5458,1,17680,True,_0xx5_8eYawvdsxnCc77wQ
2380,2015,7,101,Minneapolis,44.96440079863182,-93.2851381929178,fUaf6hBXpkcmS0nvmy3jww,1431,0,1557,11,17681,True,fUaf6hBXpkcmS0nvmy3jww
2571,2009,7,38,Minneapolis,44.96628493625025,-93.2761029441916,C190O83ArSy1BHIjMUGIlA,2632,0,3310,5,17682,True,C190O83ArSy1BHIjMUGIlA
3529,2019,7,33,Minneapolis,44.97639641315528,-93.23107497028316,JGWMA7oi3oEwUW7NY3rHQQ,1046,1,2050,6,17686,True,JGWMA7oi3oEwUW7NY3rHQQ
467,2019,5,245,Minneapolis,44.94331733850468,-93.28689821921046,mEgPCzZSV4gaGYzgd-utPQ,849,2,5459,1,17697,True,mEgPCzZSV4gaGYzgd-utPQ
848,2014,10,69,Minneapolis,44.94732918788647,-93.27028896473126,wPTFeMciEUlMQ3ypnSu7Fg,1634,1,5204,3,17698,True,wPTFeMciEUlMQ3ypnSu7Fg
2566,2016,9,54,Minneapolis,44.96643984410505,-93.28115540755138,-3DNlbf29wJylFoHb6J-Uw,1937,0,2210,6,17700,True,-3DNlbf29wJylFoHb6J-Uw
816,2014,8,229,Minneapolis,44.9463395913785,-93.21138604024824,kvhqXF3s2wxDpB1HSWMrHA,1618,0,1783,3,17707,True,kvhqXF3s2wxDpB1HSWMrHA
1472,2017,8,68,Minneapolis,44.95429460759829,-93.2829690166535,hUNV9rmPxw6PCuOjSrgQOw,2806,0,3663,4,17714,True,hUNV9rmPxw6PCuOjSrgQOw
2580,2017,8,232,Minneapolis,44.96628077640737,-93.26712425988724,4in9bQJp8u5FZQ4eJCCAOQ,1734,0,1939,8,17716,True,4in9bQJp8u5FZQ4eJCCAOQ
4272,2019,6,79,Minneapolis,44.98451545036093,-93.21184403883822,_fl6flbxSmEdKEA9woxufA,960,0,1008,4,17725,True,_fl6flbxSmEdKEA9woxufA
3596,2011,6,298,Minneapolis,44.97725243198028,-93.25178044165511,IvvSkbEOISX8NdbwkuFnPw,2360,1,5460,1,17736,True,IvvSkbEOISX8NdbwkuFnPw
2212,2017,11,290,Minneapolis,44.96225912092156,-93.27149075611682,ATAuJwe6MO5oAe2zC5-jXA,2797,2,5461,1,17740,True,ATAuJwe6MO5oAe2zC5-jXA
3861,2012,10,294,Minneapolis,44.9801322125076,-93.2612220486359,FL9XNZHqG36j95VEjYACVQ,330,1,631,6,17751,True,FL9XNZHqG36j95VEjYACVQ
1268,2014,9,269,Minneapolis,44.95132259331848,-93.21402304172564,b25LShlxs9ewKgvGcC_F6Q,1251,1,5107,3,17753,True,b25LShlxs9ewKgvGcC_F6Q
925,2011,6,264,Minneapolis,44.94833568744261,-93.28412066652734,9Pj7TOf3Z3X-Ut8ZqEfGiQ,592,0,605,5,17762,True,9Pj7TOf3Z3X-Ut8ZqEfGiQ
5102,2019,6,115,Minneapolis,44.99416887367842,-93.29609708417756,PfCMTlBl1E8CGD1XKAJKBQ,2433,1,4678,3,17763,True,PfCMTlBl1E8CGD1XKAJKBQ
932,2017,8,304,Minneapolis,44.94840088920218,-93.27712561433395,grwV7ldaKdyUAQ9N8D-HLw,804,0,835,7,17765,True,grwV7ldaKdyUAQ9N8D-HLw
2809,2013,8,157,Minneapolis,44.96825394559024,-93.22058999508856,O3uabVjfVhtVVbE8NU1_sA,754,2,5462,1,17769,True,O3uabVjfVhtVVbE8NU1_sA
2863,2014,9,346,Minneapolis,44.96920509846928,-93.25724733353805,uSJhBEUx5I-BiNNioSYDmg,793,0,823,7,17770,True,uSJhBEUx5I-BiNNioSYDmg
280,2011,8,32,Minneapolis,44.94129005618579,-93.29201821095208,JEMJsg_uEW3JjXerlD0fsQ,1280,2,5463,1,17772,True,JEMJsg_uEW3JjXerlD0fsQ
4459,2008,9,225,Minneapolis,44.98731139807889,-93.2981812685355,khkTbfJydDEPLzFwWcqnbw,884,1,1341,3,17776,True,khkTbfJydDEPLzFwWcqnbw
218,2007,7,293,Minneapolis,44.94028797931156,-93.26256737442912,PPYuem094TqDQbhe8B4FSg,801,0,832,5,17780,True,PPYuem094TqDQbhe8B4FSg
2347,2014,9,243,Minneapolis,44.96317116951772,-93.22738564675493,VZL7QZSNlvHypTnQqSEbMQ,3006,1,5431,3,17784,True,VZL7QZSNlvHypTnQqSEbMQ
1257,2014,8,37,Minneapolis,44.95127078197328,-93.2256713569733,exSAsB9okKr-Q15wUxA62w,194,1,5464,1,17793,True,exSAsB9okKr-Q15wUxA62w
2160,2009,6,172,Minneapolis,44.96098059045011,-93.23212217725715,sRvVUvRdsqVfhy8KmG-Qaw,2478,2,5465,1,17801,True,sRvVUvRdsqVfhy8KmG-Qaw
4697,2014,9,201,Minneapolis,44.98935021370669,-93.24338763131922,NqIQoGcBJKlr6gsdfrAqKQ,94,0,94,5,17802,True,NqIQoGcBJKlr6gsdfrAqKQ
2937,2016,11,94,Minneapolis,44.97031005178676,-93.27405320092878,oOxHfK7_edWoAFXmWVnCAQ,1958,0,2235,8,17806,True,oOxHfK7_edWoAFXmWVnCAQ
2402,2019,6,167,Minneapolis,44.9643187180793,-93.26258915678744,IsnFYCKYSIvBeEKebb1rrQ,1077,0,1140,7,17807,True,IsnFYCKYSIvBeEKebb1rrQ
3623,2014,9,42,Minneapolis,44.97740829405775,-93.22200027657406,nj8yQ7pJtZCPFScWcBPTgA,2780,0,3611,7,17814,True,nj8yQ7pJtZCPFScWcBPTgA
557,2016,7,79,Minneapolis,44.94429345804247,-93.2881160069466,TFHHib-61V1HPBMOVBwGPQ,1019,0,1075,7,17826,True,TFHHib-61V1HPBMOVBwGPQ
4875,2007,7,226,Minneapolis,44.99134654137022,-93.25006609597315,jkDwahazOastoLDDr_vI1g,2117,0,2470,6,17828,True,jkDwahazOastoLDDr_vI1g
4638,2009,9,41,Minneapolis,44.9880100854898,-93.21207472692858,rQvepIGF0xSsLRdX5COrVw,1553,0,1700,9,17829,True,rQvepIGF0xSsLRdX5COrVw
4989,2007,7,179,Minneapolis,44.9923812117733,-93.22115354866916,oN9XH0mhbtltBDIDJtmD2A,1131,1,1309,6,17836,True,oN9XH0mhbtltBDIDJtmD2A
2148,2013,8,315,Minneapolis,44.96095222418192,-93.2442497615644,G3xW5HlQzdusT2Kbak5cSw,2441,0,2980,3,17837,True,G3xW5HlQzdusT2Kbak5cSw
86,2014,8,103,Minneapolis,44.93831068296222,-93.21274059259724,qXpRCubXZzBRcThU8skdOQ,379,0,385,3,17838,True,qXpRCubXZzBRcThU8skdOQ
3136,2009,7,251,Minneapolis,44.97202619936542,-93.25628914736016,OboUURL6BLL5Seg-jKwtnw,1620,0,1785,7,17840,True,OboUURL6BLL5Seg-jKwtnw
3328,2015,7,96,Minneapolis,44.97423606586816,-93.24714008000836,xO69QU03HPSW74Me0Ncfdw,3228,0,5271,8,17842,True,xO69QU03HPSW74Me0Ncfdw
2281,2007,7,356,Minneapolis,44.96327241928155,-93.2930790658934,S4s2_iqUDZp1g7LXMpqL_g,753,1,5466,1,17846,True,S4s2_iqUDZp1g7LXMpqL_g
2881,2015,7,105,Minneapolis,44.96926623084364,-93.23821882421193,Z6euqB-S-HHf48KRjMAWBw,2427,1,5467,2,17849,True,Z6euqB-S-HHf48KRjMAWBw
5069,2012,8,33,Minneapolis,44.99327889598131,-93.23311600321468,HdTg4P85P66vnONyLqqvcg,2291,1,3195,4,17859,True,HdTg4P85P66vnONyLqqvcg
2762,2019,6,95,Minneapolis,44.96807859236724,-93.2671492220048,-mQmKMbrZr5LVTBSWDPjyQ,1903,1,3959,6,17861,True,-mQmKMbrZr5LVTBSWDPjyQ
3231,2019,7,297,Minneapolis,44.97287487137732,-93.25318094823362,y1EPWko7atufHjx0JoCZiw,2841,0,3740,3,17862,True,y1EPWko7atufHjx0JoCZiw
4075,2015,10,249,Minneapolis,44.98307284835208,-93.22936546400314,F-ru9bwp9neM63zHFnNTig,246,2,5419,3,17863,True,F-ru9bwp9neM63zHFnNTig
1361,2014,8,316,Minneapolis,44.95227545359305,-93.21209618269356,lVRXm7RTz_gTFUdfZpk20Q,3110,2,4832,3,17869,True,lVRXm7RTz_gTFUdfZpk20Q
1560,2017,8,257,Minneapolis,44.95553632049754,-93.28617541579428,y87ilZXRcdVTWy6opUxxvw,3230,0,5288,4,17870,True,y87ilZXRcdVTWy6opUxxvw
2731,2007,7,30,Minneapolis,44.96809297144436,-93.29886713650924,XJ1iUbVTBlFK6mryj4rl8A,1014,3,5468,1,17875,True,XJ1iUbVTBlFK6mryj4rl8A
3614,2019,6,12,Minneapolis,44.97732345102193,-93.23631035809744,NWuYc6s0YI40h2G7R4awNQ,366,2,5469,1,17877,True,NWuYc6s0YI40h2G7R4awNQ
3367,2009,7,208,Minneapolis,44.97656791341863,-93.29942828123838,V45cZiBeDE_T2n6-3D8zhg,1639,2,5470,2,17878,True,V45cZiBeDE_T2n6-3D8zhg
2560,2016,11,2,Minneapolis,44.96658866409852,-93.2868002715894,yoA-4ASREPUj4-41WB6KdQ,146,3,5471,1,17880,True,yoA-4ASREPUj4-41WB6KdQ
1748,2019,6,236,Minneapolis,44.95732660303968,-93.28013176885776,Z1709pE94emX18q5Uv_pEA,109,0,109,5,17881,True,Z1709pE94emX18q5Uv_pEA
5199,2007,7,287,Minneapolis,44.99485479380494,-93.28532720207562,r7Kn2tZlIXLaBDAvA_CUCg,3104,1,5472,1,17897,True,r7Kn2tZlIXLaBDAvA_CUCg
4814,2009,10,284,Minneapolis,44.99026404153812,-93.22027461238903,pzoFg2h9xZs18ChwhJu94A,731,1,5473,2,17898,True,pzoFg2h9xZs18ChwhJu94A
4055,2011,7,103,Minneapolis,44.98231899206377,-93.25008509265074,NOGXgHtPch1WpSTYmirIcA,385,2,5474,1,17901,True,NOGXgHtPch1WpSTYmirIcA
3892,2017,10,120,Minneapolis,44.97909060486732,-93.22908293230104,inIJW647c6n2QJLVp3A4aw,576,2,5475,1,17927,True,inIJW647c6n2QJLVp3A4aw
582,2011,6,27,Minneapolis,44.94430607093283,-93.2626691251461,LpaLhYL7CTT85NCV-4a0kQ,926,0,970,6,17929,True,LpaLhYL7CTT85NCV-4a0kQ
5130,2009,7,229,Minneapolis,44.99424917460409,-93.2611444209774,s_AaUF3FeF_N89cb7P-u2w,2297,1,4935,4,17931,True,s_AaUF3FeF_N89cb7P-u2w
1570,2016,9,343,Minneapolis,44.95556025902629,-93.276167684579,MTinn7C8tzusOuyofFaMAw,2259,0,2675,8,17947,True,MTinn7C8tzusOuyofFaMAw
3935,2017,8,345,Minneapolis,44.98128466280356,-93.27924435359655,cO9FgBIRKe2j1JJVTtO88g,2529,0,3132,11,17951,True,cO9FgBIRKe2j1JJVTtO88g
2703,2019,6,314,Minneapolis,44.96730132943818,-93.23455735452794,43S_lEcNX6YEjOWgcZNL9w,1698,0,1894,5,17952,True,43S_lEcNX6YEjOWgcZNL9w
3642,2013,9,138,Minneapolis,44.97839489540844,-93.21122496541544,husCuRdd55Gt-xiknLCkoA,2179,1,4079,3,17954,True,husCuRdd55Gt-xiknLCkoA
848,2014,8,237,Minneapolis,44.94731974014154,-93.27033273840205,-ytpqxR2ett5VMzeqkhYhQ,1634,0,1804,4,17959,True,-ytpqxR2ett5VMzeqkhYhQ
2956,2017,8,15,Minneapolis,44.97046478705073,-93.2554671021816,On-ZboeuDj4jJOjJc071Gg,3209,0,5037,4,17965,True,On-ZboeuDj4jJOjJc071Gg
2548,2014,9,330,Minneapolis,44.96642439570702,-93.29916349111684,vPdI1CsHLxZ6VyasXKgxvw,2161,1,5476,2,17976,True,vPdI1CsHLxZ6VyasXKgxvw
90,2019,6,77,Minneapolis,44.93829688682231,-93.20893725394826,IbeT4S-dAO1-dPNEZoJKeA,2257,0,2673,4,17981,True,IbeT4S-dAO1-dPNEZoJKeA
3596,2009,6,314,Minneapolis,44.97724617537245,-93.25178165700764,gHhuNp94SyDwawEbZWghIg,2360,2,5477,1,17982,True,gHhuNp94SyDwawEbZWghIg
456,2011,6,324,Minneapolis,44.94330612206364,-93.29832465736116,aehRGf0dt41Q5weF1IE0nQ,1466,1,4032,3,17983,True,aehRGf0dt41Q5weF1IE0nQ
1594,2016,11,221,Minneapolis,44.95526413780412,-93.25248392635228,8TnkfExyQRaeJ_yi-chFUg,1839,0,2083,4,17984,True,8TnkfExyQRaeJ_yi-chFUg
2149,2007,7,174,Minneapolis,44.96126721943755,-93.24336744548434,x_50_frx6ASDvZvIQ7cFNQ,455,1,5478,1,17991,True,x_50_frx6ASDvZvIQ7cFNQ
3565,2009,6,311,Minneapolis,44.9768860285734,-93.28420145947528,Nc9UqbcrpW2LrVQqDcpVjA,312,2,5479,1,17993,True,Nc9UqbcrpW2LrVQqDcpVjA
3380,2013,8,118,Minneapolis,44.9753279145837,-93.28509346119606,ZA5yJWcmKJVnhc37tZl0bw,1633,0,1803,13,17999,True,ZA5yJWcmKJVnhc37tZl0bw
2910,2019,6,274,Minneapolis,44.96911813900442,-93.2103007901276,BGoUAmo4OoF1tN5f-rUb8g,2454,0,3005,9,18007,True,BGoUAmo4OoF1tN5f-rUb8g
4645,2013,8,169,Minneapolis,44.9890237311849,-93.29715178404496,7oKm2GXVP28huGsax4SpnA,1655,0,1830,4,18016,True,7oKm2GXVP28huGsax4SpnA
435,2019,6,97,Minneapolis,44.94226699636527,-93.22841968471371,7heGb3YJiQfa56LQWgEyLg,862,1,4556,3,18021,True,7heGb3YJiQfa56LQWgEyLg
1795,2019,6,28,Minneapolis,44.95739510580627,-93.23311523467348,4cM2ZYzVw5NTFRhvrvJjNw,2813,3,5481,1,18023,True,4cM2ZYzVw5NTFRhvrvJjNw
741,2019,5,21,Minneapolis,44.9466260281633,-93.28615477912868,B4iNvxKGSRpY-D09JyPRGw,1237,0,1326,4,18024,True,B4iNvxKGSRpY-D09JyPRGw
734,2011,6,103,Minneapolis,44.9463191622979,-93.293221697579,WjPKY_0NahpCiyBs7-qsnA,3146,0,4680,4,18037,True,WjPKY_0NahpCiyBs7-qsnA
4950,2017,8,133,Minneapolis,44.991943357041,-93.2626582026157,-r9bl4OMxkNTBJ7qnDQ0pQ,2518,0,3114,5,18038,True,-r9bl4OMxkNTBJ7qnDQ0pQ
346,2014,9,263,Minneapolis,44.94138230862679,-93.22620119314398,Fpi4-x_gRmq4CKIhHCP_9Q,2460,1,5482,2,18041,True,Fpi4-x_gRmq4CKIhHCP_9Q
2134,2017,8,344,Minneapolis,44.96132871249115,-93.25823273387766,dWhwlUAs-OAvH0cPwC67yA,11,0,11,4,18046,True,dWhwlUAs-OAvH0cPwC67yA
244,2014,9,144,Minneapolis,44.94032514649776,-93.23722470370652,ifKmeyZYCvy3i31KQjVdHA,1376,1,5483,1,18047,True,ifKmeyZYCvy3i31KQjVdHA
4710,2009,6,234,Minneapolis,44.9893492196849,-93.22949411845532,EKIuWE0ztj1xN9fH00YZpQ,594,1,2443,3,18048,True,EKIuWE0ztj1xN9fH00YZpQ
3600,2019,6,48,Minneapolis,44.97721074311815,-93.2479735730408,yw1UCkS96eFuwfHHtsjETw,3029,0,4222,5,18055,True,yw1UCkS96eFuwfHHtsjETw
1330,2013,8,182,Minneapolis,44.95192333783416,-93.24313831504374,tyF23BSoJkZiIPsM1cmi_g,2349,0,2815,8,18056,True,tyF23BSoJkZiIPsM1cmi_g
2103,2007,7,332,Minneapolis,44.96127929537916,-93.28929594977971,ho2F0RaiiouQGn0vaUoI-g,2545,1,5484,2,18063,True,ho2F0RaiiouQGn0vaUoI-g
5264,2019,7,194,Minneapolis,44.99526820714142,-93.21820113056934,bKQDYYrk9XrqRfeaJn5VuA,1932,0,2204,5,18064,True,bKQDYYrk9XrqRfeaJn5VuA
329,2017,8,207,Minneapolis,44.94134518200806,-93.2431955923466,NbtaWtGNEcpudRS4P9YxCA,3034,2,5485,2,18067,True,NbtaWtGNEcpudRS4P9YxCA
1569,2011,7,278,Minneapolis,44.95554564513548,-93.2771818577684,vcCefp2oPWmp5o1XM18Axg,2102,0,2450,8,18071,True,vcCefp2oPWmp5o1XM18Axg
5227,2011,6,9,Minneapolis,44.99510245781256,-93.25712473515853,bD9ZDs3wxyNK9dDBO1b2tw,631,1,5486,1,18072,True,bD9ZDs3wxyNK9dDBO1b2tw
2066,2009,6,256,Minneapolis,44.96026397871382,-93.23465026762688,aEIlVErJUOUhwJqOIRvCow,1477,0,1615,7,18075,True,aEIlVErJUOUhwJqOIRvCow
890,2009,10,315,Minneapolis,44.94734082582303,-93.22841083668396,P3wpEUwpzEBGMsa8CYh5BQ,2076,2,5487,1,18077,True,P3wpEUwpzEBGMsa8CYh5BQ
4487,2009,7,338,Minneapolis,44.98733446155788,-93.27413152946404,n3hefYbd8htvrzwMVrFw7g,920,1,3711,4,18083,True,n3hefYbd8htvrzwMVrFw7g
1349,2009,10,44,Minneapolis,44.95196322045422,-93.22408202677256,a7FobZRDvY2OT2_D9pIz2A,153,0,154,4,18085,True,a7FobZRDvY2OT2_D9pIz2A
2765,2014,9,112,Minneapolis,44.96805276372146,-93.2641212533006,nVbj4mXPbaOQun7hNeY3dQ,1402,1,3189,4,18086,True,nVbj4mXPbaOQun7hNeY3dQ
5001,2017,8,327,Minneapolis,44.99152943579126,-93.2151705829421,rfOMqhu-3-2n_81VW5Li3A,151,2,5488,1,18089,True,rfOMqhu-3-2n_81VW5Li3A
2010,2014,9,118,Minneapolis,44.96029693916024,-93.29056497214792,jQnwcn9bek-l1U1q1e5ZGg,12,0,12,5,18090,True,jQnwcn9bek-l1U1q1e5ZGg
2888,2011,10,22,Minneapolis,44.96796895092869,-93.23283233432464,BfKe4P_WjlKGuh77ZLOqqw,2086,0,2427,4,18093,True,BfKe4P_WjlKGuh77ZLOqqw
830,2019,5,137,Minneapolis,44.94729228510396,-93.28805807192612,kK5qOqqkxSOD9cdfS4w5eQ,313,0,317,4,18097,True,kK5qOqqkxSOD9cdfS4w5eQ
2353,2009,6,24,Minneapolis,44.96430069880611,-93.22037192150458,gOilYNtj7HFEmyhOqSs6SQ,958,2,3924,3,18101,True,gOilYNtj7HFEmyhOqSs6SQ
684,2014,9,200,Minneapolis,44.94529938446409,-93.25251056343768,iMiYfSeZdjn2TTp9iwTsvQ,788,0,816,3,18104,True,iMiYfSeZdjn2TTp9iwTsvQ
3611,2017,10,210,Minneapolis,44.97733869079782,-93.23503950039628,jXZdMNgJ4ZQ_ewzrL4ip1Q,693,0,714,8,18107,True,jXZdMNgJ4ZQ_ewzrL4ip1Q
3050,2011,6,278,Minneapolis,44.97126743273802,-93.25214011105496,XgTXAg2ASjfS9Cqv17sBDQ,33,0,33,6,18115,True,XgTXAg2ASjfS9Cqv17sBDQ
2603,2009,6,195,Minneapolis,44.9663281277194,-93.24413605218636,gXoGCc-1u1u3Mhoh8jxqEg,2641,1,5046,3,18116,True,gXoGCc-1u1u3Mhoh8jxqEg
4195,2007,8,78,Minneapolis,44.98431264062305,-93.2910531125888,KfCEa9IJo8Q1-U9MRU2odA,3081,2,5489,1,18125,True,KfCEa9IJo8Q1-U9MRU2odA
4062,2011,7,236,Minneapolis,44.98233864471478,-93.24528305526684,Iz6H0LBy9M-9WSAP2wMvWg,772,1,1007,4,18126,True,Iz6H0LBy9M-9WSAP2wMvWg
162,2007,7,339,Minneapolis,44.93955404149217,-93.22816954740172,KoGCNEQrRBkwJmEnIIEd2A,1964,1,5490,2,18128,True,KoGCNEQrRBkwJmEnIIEd2A
4361,2007,6,92,Minneapolis,44.98525598449429,-93.21904561795591,JVEp6AQLh_I1TswR68J5KA,2432,2,5491,1,18129,True,JVEp6AQLh_I1TswR68J5KA
1376,2011,6,350,Minneapolis,44.9532442854149,-93.28810587743814,5xfe_l24PR5xN8TLAjdedg,3077,0,4393,6,18136,True,5xfe_l24PR5xN8TLAjdedg
1372,2007,7,159,Minneapolis,44.95326534552193,-93.29192947968107,7g0jcjpoaU5IWWvGxbpt4Q,1257,2,5492,1,18138,True,7g0jcjpoaU5IWWvGxbpt4Q
1249,2019,6,217,Minneapolis,44.95128897797792,-93.23313055433356,xlH-HuPJZHomdGtcvQViiA,70,0,70,7,18143,True,xlH-HuPJZHomdGtcvQViiA
2953,2007,7,100,Minneapolis,44.97037786531621,-93.25933123438948,idwTdk94IhCWhKM044A3jg,241,2,5493,1,18148,True,idwTdk94IhCWhKM044A3jg
312,2007,7,8,Minneapolis,44.94128846488738,-93.26008609202223,N7rxWQBFzzWd93BJil2QxA,1871,4,5480,3,18149,True,N7rxWQBFzzWd93BJil2QxA
3603,2007,7,138,Minneapolis,44.97743945747449,-93.24407045061326,44ZF-R1MLAiIelU9dJe4GA,2994,1,4688,4,18152,True,44ZF-R1MLAiIelU9dJe4GA
2903,2014,9,329,Minneapolis,44.96933473843015,-93.21710574271506,Uu1nYVYSfXBR9-gqJN8WkA,39,0,39,6,18153,True,Uu1nYVYSfXBR9-gqJN8WkA
5115,2019,6,34,Minneapolis,44.99433101797533,-93.28444799081406,7AAeTb55asdRYPNDL7x-kw,1216,0,1303,5,18159,True,7AAeTb55asdRYPNDL7x-kw
4131,2009,9,288,Minneapolis,44.98273368249229,-93.26077629279452,t7QKtU9a0nYSDOWwEVLWDg,247,2,5494,1,18161,True,t7QKtU9a0nYSDOWwEVLWDg
725,2011,8,259,Minneapolis,44.94527134967574,-93.21138104944788,18qgm8JVsdP1dgs9B2PT_w,2642,1,4572,4,18170,True,18qgm8JVsdP1dgs9B2PT_w
3243,2009,10,51,Minneapolis,44.97330864681396,-93.2414279706704,Z7T9R_oH7UvWBoejH2B38w,2583,1,5002,5,18172,True,Z7T9R_oH7UvWBoejH2B38w
4201,2007,8,188,Minneapolis,44.98427068010378,-93.28916471122332,O9EXuOT-bp6IVpf6eV4KLA,2178,0,2552,9,18173,True,O9EXuOT-bp6IVpf6eV4KLA
3149,2019,6,161,Minneapolis,44.9722347314313,-93.24409932458066,_ykkvrjKcjnXLhkJwqA4CQ,2042,0,2366,8,18176,True,_ykkvrjKcjnXLhkJwqA4CQ
4822,2015,10,138,Minneapolis,44.99031386927495,-93.21517115732284,tQrSpVZqOkhlbDc6nxpjQw,1422,1,5495,2,18178,True,tQrSpVZqOkhlbDc6nxpjQw
5195,2011,6,102,Minneapolis,44.99533453908791,-93.291085173715,s8jZ1cs8OUYtev_ZKXSuBA,2988,1,4339,3,18186,True,s8jZ1cs8OUYtev_ZKXSuBA
4012,2013,8,32,Minneapolis,44.98227415716109,-93.29083411713567,e1mMK2t8G1Ag9mPq4BetTw,282,1,820,3,18193,True,e1mMK2t8G1Ag9mPq4BetTw
3556,2011,6,88,Minneapolis,44.97797801257254,-93.28961257306894,_OGwCii9H-7YoKEBnaqc4A,2984,1,5496,2,18198,True,_OGwCii9H-7YoKEBnaqc4A
2881,2009,7,289,Minneapolis,44.96928878660628,-93.2382033914593,7f7EDGJKqqY7mB6r_4WAng,2427,0,2961,4,18200,True,7f7EDGJKqqY7mB6r_4WAng
143,2007,7,305,Minneapolis,44.93930123568818,-93.24741006453397,G_TOqh0byLNdh4PFwRnHrg,2602,1,4529,3,18201,True,G_TOqh0byLNdh4PFwRnHrg
3100,2013,10,111,Minneapolis,44.97217034071343,-93.29309313473672,OYaywt0LsuyOhX9kTY9KNw,2212,0,2601,6,18210,True,OYaywt0LsuyOhX9kTY9KNw
2275,2011,10,202,Minneapolis,44.96325709223284,-93.29948884705664,mqZ-jCUygGK8g6xIk_T0ow,1311,1,5207,3,18217,True,mqZ-jCUygGK8g6xIk_T0ow
546,2014,8,314,Minneapolis,44.94431620790531,-93.2996069829634,59qkneGfbn9PV7aJn4WD_Q,1770,0,1985,4,18221,True,59qkneGfbn9PV7aJn4WD_Q
4163,2013,8,172,Minneapolis,44.98302178017966,-93.2292027608575,hgU1FLD72PtGFu0WoI4Iyg,246,3,5497,1,18223,True,hgU1FLD72PtGFu0WoI4Iyg
60,2007,7,130,Minneapolis,44.93831785213551,-93.23889329284474,ViL3Ix7SsoAW3uWJ7xmeYA,2847,1,5498,2,18224,True,ViL3Ix7SsoAW3uWJ7xmeYA
2005,2019,5,63,Minneapolis,44.96034938094423,-93.2956676048125,0dtRsLr7kmZAQ2BGhNpH-A,899,1,2431,3,18226,True,0dtRsLr7kmZAQ2BGhNpH-A
2798,2007,7,91,Minneapolis,44.96767337900664,-93.23148093474803,hjP9mLyoFafcH7egro4rjg,885,2,5499,1,18227,True,hjP9mLyoFafcH7egro4rjg
148,2011,9,319,Minneapolis,44.93933049133398,-93.24227938880904,pRipS-PKYXVRmB4BV0EvMA,3123,0,4565,4,18228,True,pRipS-PKYXVRmB4BV0EvMA
38,2007,7,157,Minneapolis,44.93832327190162,-93.2612846499889,d9hy1d1xODTAR8f3PpMNrA,1170,0,1249,5,18229,True,d9hy1d1xODTAR8f3PpMNrA
2165,2013,8,76,Minneapolis,44.96125608472364,-93.22689959779257,wFe_qotBU4GbX87w0zR89w,859,1,4008,5,18235,True,wFe_qotBU4GbX87w0zR89w
532,2014,8,46,Minneapolis,44.9432120430114,-93.22209185977154,EEVNdeYF0805R2_uUG6EhA,2203,1,3673,3,18237,True,EEVNdeYF0805R2_uUG6EhA
3123,2019,6,40,Minneapolis,44.97219624403751,-93.2703228216431,2WvkNJtN8aMX4gYupLxbwg,3128,0,4585,4,18240,True,2WvkNJtN8aMX4gYupLxbwg
4226,2019,6,331,Minneapolis,44.98374477825983,-93.2576518799545,-xWlBTipQomvYdM2WKC0Pw,430,0,439,5,18243,True,-xWlBTipQomvYdM2WKC0Pw
3311,2019,6,214,Minneapolis,44.97464493767976,-93.26377170405584,hjhTWX1M-PmFD6hXjzBsbQ,2116,1,5500,1,18250,True,hjhTWX1M-PmFD6hXjzBsbQ
1860,2011,6,106,Minneapolis,44.95827583890467,-93.2587886837012,yZQXo3A01hmxjpM8KlMsFQ,1273,1,1709,4,18253,True,yZQXo3A01hmxjpM8KlMsFQ
813,2019,6,137,Minneapolis,44.94628421108954,-93.21401767466804,WUgX64eumRieV6K1RXND1Q,30,1,3010,3,18254,True,WUgX64eumRieV6K1RXND1Q
3923,2016,9,306,Minneapolis,44.98126107997742,-93.285337168109,e3XbdDp91_2_RsW89sSUKQ,975,0,1024,4,18264,True,e3XbdDp91_2_RsW89sSUKQ
3773,2016,9,347,Minneapolis,44.97896080673573,-93.25842025075583,ZaNwG6hxOGeMDE1LBJeZ-Q,1909,1,3938,5,18270,True,ZaNwG6hxOGeMDE1LBJeZ-Q
3112,2013,10,81,Minneapolis,44.97202307267349,-93.28095776143785,tO7po9D4M-mWK_VSfwoBcQ,1281,1,3945,5,18272,True,tO7po9D4M-mWK_VSfwoBcQ
2980,2019,6,82,Minneapolis,44.97057078744028,-93.23104276371748,V4NfKnZqAzcUmNKDm8U_Kg,977,0,1026,8,18282,True,V4NfKnZqAzcUmNKDm8U_Kg
4772,2017,8,272,Minneapolis,44.99035316490669,-93.26029558218336,tsrMQuSaL49hwfXQ66KrCg,2451,1,4504,3,18283,True,tsrMQuSaL49hwfXQ66KrCg
615,2007,7,284,Minneapolis,44.94427499588386,-93.2300429276236,D5aGF2l05npvQF1f-maC2g,91,1,5501,1,18287,True,D5aGF2l05npvQF1f-maC2g
4157,2009,10,103,Minneapolis,44.98333121117791,-93.2331839535842,lXK2H8pZAIr7Y-WUHleQJg,218,1,4671,4,18290,True,lXK2H8pZAIr7Y-WUHleQJg
4798,2009,6,83,Minneapolis,44.9902264599804,-93.23206844444786,Lyc2312Exs6jU9NqAKre_g,1270,0,1368,5,18292,True,Lyc2312Exs6jU9NqAKre_g
2828,2013,8,359,Minneapolis,44.96988967459779,-93.29213774743369,SLLqQcuaT-vSAZhvQK8ZHQ,572,1,1343,5,18295,True,SLLqQcuaT-vSAZhvQK8ZHQ
1117,2012,6,180,Minneapolis,44.95029788523562,-93.27406275616868,58EhjBO3WnFDrbl0DwKtXw,773,0,799,6,18317,True,58EhjBO3WnFDrbl0DwKtXw
4440,2013,8,52,Minneapolis,44.98630673837557,-93.23039660162114,n-wvVxAKMrnLZn_X0RRQQg,1575,1,2563,7,18324,True,n-wvVxAKMrnLZn_X0RRQQg
3105,2007,7,148,Minneapolis,44.97234329487873,-93.28807156283192,Ut9orrD4Xis9TEhO0oxzkg,2643,0,3328,5,18325,True,Ut9orrD4Xis9TEhO0oxzkg
4592,2011,6,9,Minneapolis,44.98822100080514,-93.25830680893168,qtULcFPhPC-E13nuBkhHhQ,362,0,368,5,18326,True,qtULcFPhPC-E13nuBkhHhQ
4052,2017,8,200,Minneapolis,44.98273665066819,-93.24785217999028,b8gjOwgsIajWwsFmZZenrg,1378,0,1494,4,18332,True,b8gjOwgsIajWwsFmZZenrg
3919,2013,8,207,Minneapolis,44.98167691686275,-93.29213508904724,XD7sp2Yu_qTTji42v1cjqQ,3133,1,5052,3,18333,True,XD7sp2Yu_qTTji42v1cjqQ
3848,2011,6,266,Minneapolis,44.98008761291099,-93.2719196683436,IsRjocKX-gDxCrFKOIr2PA,1090,0,1153,4,18345,True,IsRjocKX-gDxCrFKOIr2PA
4035,2009,8,72,Minneapolis,44.98234033867467,-93.26929269023412,p1nWynJYLyN1sx5kMbdK2A,498,0,507,9,18347,True,p1nWynJYLyN1sx5kMbdK2A
1816,2013,8,59,Minneapolis,44.95741480138659,-93.2117325359406,LnedDokyHy0JyM6KYzJlIw,1761,0,1974,5,18349,True,LnedDokyHy0JyM6KYzJlIw
5099,2007,7,142,Minneapolis,44.99415637303418,-93.29507692732054,ioWVYTHrTKNWBOx0cCVyXg,1843,1,5502,1,18354,True,ioWVYTHrTKNWBOx0cCVyXg
2238,2014,9,118,Minneapolis,44.96225829367846,-93.24502711296918,ZsEYOGKrY0-IDl-l-9X9Bw,55,0,55,9,18356,True,ZsEYOGKrY0-IDl-l-9X9Bw
5085,2019,7,314,Minneapolis,44.99337921991492,-93.21642957791472,f3ORhHCDOmsY-hdOmNDkhQ,1993,2,5503,1,18370,True,f3ORhHCDOmsY-hdOmNDkhQ
306,2014,10,282,Minneapolis,44.94140328415631,-93.26617517909224,F0R64PEgJlSIi57UFEbhXQ,3226,1,5504,3,18371,True,F0R64PEgJlSIi57UFEbhXQ
3827,2019,6,300,Minneapolis,44.98029333301048,-93.29717027817324,bWtilrzLiVpSeVuJly8qDw,3148,1,5505,1,18379,True,bWtilrzLiVpSeVuJly8qDw
403,2009,10,359,Minneapolis,44.94231322295212,-93.2600663696899,YpC4a4wnp0cJ1uJjWrtKdA,56,0,56,10,18384,True,YpC4a4wnp0cJ1uJjWrtKdA
3291,2014,9,114,Minneapolis,44.97429531385538,-93.28419477850532,r7V9R2PHVb_9XAXNls6kPw,1746,1,5506,1,18386,True,r7V9R2PHVb_9XAXNls6kPw
2168,2016,9,262,Minneapolis,44.96138938150497,-93.22396162279573,RDecXNsFZHuI31G-eZ0wbw,1001,0,1055,4,18389,True,RDecXNsFZHuI31G-eZ0wbw
382,2014,10,160,Minneapolis,44.94225603596618,-93.2813928576262,yZ8vJmMYBFN7LJBzYIoSIg,3210,2,5507,1,18391,True,yZ8vJmMYBFN7LJBzYIoSIg
4175,2007,6,357,Minneapolis,44.98419070300158,-93.22315750402848,sNTdOEnCv4SqJRVX_dzvGA,1810,1,3145,4,18395,True,sNTdOEnCv4SqJRVX_dzvGA
2741,2009,7,236,Minneapolis,44.96891092821162,-93.28896633657412,dptKGaptKT1D_YDLvZSA2w,877,1,5508,1,18396,True,dptKGaptKT1D_YDLvZSA2w
3099,2016,10,127,Minneapolis,44.972253147248,-93.29414567783272,H3QJLE__XqD8qjOSnBwgXQ,2168,0,2539,6,18397,True,H3QJLE__XqD8qjOSnBwgXQ
1920,2011,6,238,Minneapolis,44.95911560986815,-93.29011575395342,0Dz064lMCocnoLf_65BHFQ,2146,1,3379,6,18398,True,0Dz064lMCocnoLf_65BHFQ
2672,2019,6,63,Minneapolis,44.9671710973444,-93.26614196970678,kLrg4VVz9wwX5zwasrRS5Q,522,1,4869,3,18401,True,kLrg4VVz9wwX5zwasrRS5Q
3824,2017,8,327,Minneapolis,44.98028765808779,-93.29819851413318,dXYOGGy1e0Aj_fbzvSDyCg,2852,2,5509,1,18406,True,dXYOGGy1e0Aj_fbzvSDyCg
1986,2007,7,90,Minneapolis,44.95917238437696,-93.22418772757972,ncpNvuVy4Eq47_FS4-NaJQ,3093,1,4742,4,18407,True,ncpNvuVy4Eq47_FS4-NaJQ
2419,2007,7,303,Minneapolis,44.96432950554779,-93.24613252642273,1xtAhZqw6Gs4azbiBKu6lQ,686,0,705,10,18409,True,1xtAhZqw6Gs4azbiBKu6lQ
3144,2009,7,43,Minneapolis,44.97235238109113,-93.2491238250346,Bm3ExuHydhtb1EDk1ptABQ,2394,0,2900,4,18410,True,Bm3ExuHydhtb1EDk1ptABQ
3199,2019,7,196,Minneapolis,44.9733232279133,-93.28561985674276,QiOUWXCSa_bTeNWHn6nHvw,2594,0,3250,5,18420,True,QiOUWXCSa_bTeNWHn6nHvw
757,2013,8,202,Minneapolis,44.94628773590377,-93.2703185151705,SbTPlbabCWlpD1qm9ihY-g,1669,0,1847,4,18422,True,SbTPlbabCWlpD1qm9ihY-g
522,2014,9,55,Minneapolis,44.94325758826803,-93.23229068708864,sgKnKhlFni2Dl_Qg6NYcTw,193,0,194,5,18426,True,sgKnKhlFni2Dl_Qg6NYcTw
864,2013,8,276,Minneapolis,44.94727682671299,-93.25378716293166,mV33KFIn838pY4C5HdpmVA,2704,1,5510,2,18428,True,mV33KFIn838pY4C5HdpmVA
2841,2019,6,12,Minneapolis,44.96935033096273,-93.27936232047205,A3FgSUSeJ0Ofq6cLH34Piw,1041,0,1097,9,18431,True,A3FgSUSeJ0Ofq6cLH34Piw
2602,2007,7,251,Minneapolis,44.96661738680637,-93.24510114826454,5Bv7X2RJf7M5_juwd-Qsvg,524,2,5511,1,18432,True,5Bv7X2RJf7M5_juwd-Qsvg
5213,2016,10,229,Minneapolis,44.9955279066009,-93.27256294664204,e7Lw9MrcCCuetr3oyK8RCQ,3143,2,5512,2,18434,True,e7Lw9MrcCCuetr3oyK8RCQ
166,2019,6,237,Minneapolis,44.93926720873864,-93.224324556649,kHkcf3YzwTDtPbXG7eS8Xw,2590,1,5513,2,18438,True,kHkcf3YzwTDtPbXG7eS8Xw
4657,2019,6,212,Minneapolis,44.98927468530159,-93.279055619754,ruN1d4QM8_2tbN-S_HUCQQ,1992,0,2288,8,18443,True,ruN1d4QM8_2tbN-S_HUCQQ
1862,2019,6,188,Minneapolis,44.95830033970056,-93.25750204011806,Gl73AzZHFPlitGY7SW-qLQ,1172,1,4012,3,18449,True,Gl73AzZHFPlitGY7SW-qLQ
1398,2011,7,282,Minneapolis,44.95333551146116,-93.2664249401152,3mLx4J0-Aq2L8S8rk6JDHg,2384,1,5514,1,18450,True,3mLx4J0-Aq2L8S8rk6JDHg
2993,2017,8,47,Minneapolis,44.97029067219547,-93.2178582708702,9fxWkcWSJRarPYxMWOeCuw,467,1,5515,1,18451,True,9fxWkcWSJRarPYxMWOeCuw
1827,2007,7,273,Minneapolis,44.95826828021075,-93.29191492041454,9K-qYY01ovQVQL8E7Ge6Hg,104,1,5516,2,18455,True,9K-qYY01ovQVQL8E7Ge6Hg
3302,2017,8,149,Minneapolis,44.97456689156636,-93.27290012479766,jOnXvRUPVj3RKiEVyUH3nQ,1345,0,1451,9,18460,True,jOnXvRUPVj3RKiEVyUH3nQ
3463,2019,7,343,Minneapolis,44.97598151462031,-93.29535243240788,Tdp5eBO4f6gkycPPU48rLg,2929,0,3965,4,18466,True,Tdp5eBO4f6gkycPPU48rLg
2802,2007,7,253,Minneapolis,44.9685815815867,-93.22668062813482,Df8dsPcr92sjFWaTrmt1Jg,1795,1,3116,6,18468,True,Df8dsPcr92sjFWaTrmt1Jg
1826,2016,9,343,Minneapolis,44.95830794633032,-93.29313483832722,x6fAuaz00OIgnzzp9LgTog,682,1,3088,5,18474,True,x6fAuaz00OIgnzzp9LgTog
1000,2009,10,159,Minneapolis,44.9483434710649,-93.20918694225792,dSaXBw3b9gDHLVppl14Jfw,536,0,549,4,18477,True,dSaXBw3b9gDHLVppl14Jfw
278,2016,9,69,Minneapolis,44.94133646351649,-93.29419702043973,O2rFw05xoguhMfWiQbwjhQ,719,0,740,3,18478,True,O2rFw05xoguhMfWiQbwjhQ
4097,2019,5,126,Minneapolis,44.98330934033878,-93.29819342983711,HiWDHoGtEKaVLzo8K6YdeQ,130,0,131,9,18484,True,HiWDHoGtEKaVLzo8K6YdeQ
945,2009,10,111,Minneapolis,44.94840702816796,-93.26412211249438,a4UloLwt4qpGkuPawcxswg,999,0,1052,5,18491,True,a4UloLwt4qpGkuPawcxswg
132,2015,9,77,Minneapolis,44.93957942118132,-93.25811041546103,niRA0OtMCX8kKYOtNL2YQA,2001,0,2302,3,18493,True,niRA0OtMCX8kKYOtNL2YQA
4758,2017,8,21,Minneapolis,44.99004517395682,-93.27309214766532,xNQrdo506CzyiD3ahft68A,961,1,1556,7,18495,True,xNQrdo506CzyiD3ahft68A
3101,2019,6,80,Minneapolis,44.97215000988564,-93.29210244096988,NWo-ZL7_WI__76AFpjLa_A,3134,0,4618,4,18500,True,NWo-ZL7_WI__76AFpjLa_A
2013,2018,9,17,Minneapolis,44.96031314777484,-93.28799741211856,2kfwIfHLvAvRVNJZrz424g,2546,1,5517,2,18507,True,2kfwIfHLvAvRVNJZrz424g
3177,2009,6,192,Minneapolis,44.97253846140988,-93.21590260885463,Vg4NgIv6ED50rUnZwb26TQ,1811,0,2041,6,18513,True,Vg4NgIv6ED50rUnZwb26TQ
1409,2009,10,348,Minneapolis,44.95326947336962,-93.25503134038964,qKJF-ecHEkOf2fvk-0C7fw,3174,1,5519,1,18522,True,qKJF-ecHEkOf2fvk-0C7fw
5176,2017,8,143,Minneapolis,44.99424037824858,-93.21645141476084,rscHqZ9EeE2iQuaqFRMr2w,1008,0,1062,5,18533,True,rscHqZ9EeE2iQuaqFRMr2w
1609,2009,10,230,Minneapolis,44.95556281756213,-93.23716217204888,dxRWMh4-kQ9T1dAOb7Tm1g,2800,1,4991,3,18537,True,dxRWMh4-kQ9T1dAOb7Tm1g
1868,2011,7,161,Minneapolis,44.95830284103143,-93.2511680750154,qAT3sgkS-uc_w40CJ2BCyw,2490,2,5520,1,18554,True,qAT3sgkS-uc_w40CJ2BCyw
2774,2011,6,317,Minneapolis,44.96829096677366,-93.25510363959933,QY8J6Sr89ok_NZkKJ8KY6w,2090,0,2433,5,18557,True,QY8J6Sr89ok_NZkKJ8KY6w
2212,2014,9,316,Minneapolis,44.96226592040767,-93.2715024055072,T_kPLMwLp_qtAtYTQ2fvhA,2797,1,5230,4,18564,True,T_kPLMwLp_qtAtYTQ2fvhA
785,2009,10,119,Minneapolis,44.94633867134809,-93.24237081765418,OnrMckQljalCwxIRYdd16A,2298,1,4305,4,18569,True,OnrMckQljalCwxIRYdd16A
1677,2017,10,174,Minneapolis,44.95631351807348,-93.26007398846646,_XkS_A6scpqCvUJS-9rd8A,3217,1,5521,2,18572,True,_XkS_A6scpqCvUJS-9rd8A
4809,2017,8,99,Minneapolis,44.9903535026187,-93.22284588224171,iyC8rcbryyIqMjMbndyp_A,2663,1,4836,4,18577,True,iyC8rcbryyIqMjMbndyp_A
2800,2009,7,163,Minneapolis,44.96725084138171,-93.2298202502916,SQXeqfnb-nJB-vmWsDFWCA,1969,0,2251,4,18579,True,SQXeqfnb-nJB-vmWsDFWCA
4063,2019,7,158,Minneapolis,44.98199547819699,-93.23633239244924,NWEylMXxrxFHWTYBks63rg,2762,1,5522,2,18585,True,NWEylMXxrxFHWTYBks63rg
2402,2011,8,352,Minneapolis,44.96432918072252,-93.26254873684432,JCrYOccP_1go7NSQXYuocQ,1077,1,1548,3,18586,True,JCrYOccP_1go7NSQXYuocQ
1641,2019,5,66,Minneapolis,44.95635501765197,-93.29627519756946,6KSOypMZYt-_e-Xf44HdfQ,1189,0,1275,7,18589,True,6KSOypMZYt-_e-Xf44HdfQ
3933,2009,7,77,Minneapolis,44.98083194651566,-93.27865352312789,XNabEzaGwVP4dJkxqCYvPA,569,0,582,8,18591,True,XNabEzaGwVP4dJkxqCYvPA
334,2014,8,313,Minneapolis,44.9413541261687,-93.23816152834571,o4ZcKJmgd_SpsRAmppjbnQ,1503,2,5523,1,18592,True,o4ZcKJmgd_SpsRAmppjbnQ
3182,2011,7,359,Minneapolis,44.97225708463306,-93.21113285522848,GZkNPl9slLrqTbNtvdlUqw,1346,0,1453,4,18593,True,GZkNPl9slLrqTbNtvdlUqw
691,2009,10,161,Minneapolis,44.94530484320162,-93.24484263153651,oIwqx8nR_vSp6O6xmTjoqw,2082,1,4139,3,18597,True,oIwqx8nR_vSp6O6xmTjoqw
436,2009,10,223,Minneapolis,44.94228765398086,-93.22710463658126,HxBxuDmsIH4Ta5S_VUWIwg,1604,0,1767,4,18602,True,HxBxuDmsIH4Ta5S_VUWIwg
1645,2019,5,202,Minneapolis,44.95625563761011,-93.29187140633276,jH-6YNF2nGs-smmqEDr2Xw,1529,1,5524,3,18603,True,jH-6YNF2nGs-smmqEDr2Xw
2988,2016,9,113,Minneapolis,44.97025816982026,-93.22423010745813,9GKjbp7LVB-ndIfexYm7HA,478,0,487,6,18612,True,9GKjbp7LVB-ndIfexYm7HA
763,2011,9,160,Minneapolis,44.94634814359488,-93.26391423463728,fLcGHI8riANLXZ9oRo_zpg,1562,1,4887,3,18617,True,fLcGHI8riANLXZ9oRo_zpg
2613,2017,8,193,Minneapolis,44.96629584154875,-93.2345599154969,LOlZNsMew2BMDQk6UiE4DA,1666,1,5526,3,18619,True,LOlZNsMew2BMDQk6UiE4DA
1946,2016,11,61,Minneapolis,44.95909727615074,-93.26416942744048,H8otji9OpvGST6Kf-gZ_yw,156,1,4748,3,18624,True,H8otji9OpvGST6Kf-gZ_yw
4570,2018,10,133,Minneapolis,44.98806705475864,-93.27741328353738,ZSqgWTpjUM0aMQYBa-He0w,1413,0,1534,8,18625,True,ZSqgWTpjUM0aMQYBa-He0w
324,2007,7,358,Minneapolis,44.9413430189796,-93.2480691212986,jg16P-X4tWn2r81LJjXabQ,1459,2,5527,1,18627,True,jg16P-X4tWn2r81LJjXabQ
1264,2009,10,321,Minneapolis,44.95133592731721,-93.21785652635596,Z5E3Evi2ZGWMpwodk_Xf4A,2909,0,3914,4,18630,True,Z5E3Evi2ZGWMpwodk_Xf4A
357,2009,10,0,Minneapolis,44.94127720508158,-93.21528642811217,pLB9Z_1xlRorklbEp9P20Q,3105,1,4941,3,18635,True,pLB9Z_1xlRorklbEp9P20Q
510,2019,6,204,Minneapolis,44.94291949479601,-93.24417095085936,M3qhA2Z7BBpGzg7wQg-4Uw,76,1,5528,1,18644,True,M3qhA2Z7BBpGzg7wQg-4Uw
1669,2014,9,263,Minneapolis,44.95628915548259,-93.26769535591949,n_9wHYiKsax4qZuXWZbKMw,492,0,501,10,18647,True,n_9wHYiKsax4qZuXWZbKMw
5072,2011,6,201,Minneapolis,44.99329710758606,-93.23109800233932,Mv_XXCuGCOqy1Mfzu4pfqw,1079,1,5368,4,18652,True,Mv_XXCuGCOqy1Mfzu4pfqw
3892,2019,6,141,Minneapolis,44.97907271211245,-93.2290493793314,Pr51oYbc-VAMhLWghjULiQ,576,1,3150,4,18667,True,Pr51oYbc-VAMhLWghjULiQ
3974,2019,6,228,Minneapolis,44.98123979631366,-93.23701290520414,G8Ndcwxjo5ngk5F8SvxFuw,1966,1,3747,3,18669,True,G8Ndcwxjo5ngk5F8SvxFuw
3983,2011,6,214,Minneapolis,44.98159065787137,-93.2248778110297,19EMledsX4fM_c1QknOKUQ,2940,1,5529,1,18670,True,19EMledsX4fM_c1QknOKUQ
1601,2014,9,101,Minneapolis,44.95558853568873,-93.24410390228904,JtvcK-T6mPZb7WtuYQm8xw,2167,0,2538,11,18674,True,JtvcK-T6mPZb7WtuYQm8xw
783,2019,6,257,Minneapolis,44.94653808915376,-93.24411228754494,R14Eu9edv6ZZo8LrkHDr3A,1404,0,1523,5,18679,True,R14Eu9edv6ZZo8LrkHDr3A
3765,2018,10,116,Minneapolis,44.97946838624438,-93.26301379999036,9OVsOZoP3hugjCHydH5h8w,363,0,369,8,18684,True,9OVsOZoP3hugjCHydH5h8w
325,2014,8,95,Minneapolis,44.94133179463718,-93.24715284913329,aD9idCArRDuZGcPqDR5aCw,1542,0,1687,4,18689,True,aD9idCArRDuZGcPqDR5aCw
682,2007,7,333,Minneapolis,44.94535178659086,-93.2537633915084,iGSpRBOPDYARtH7Sg-G3oA,2894,1,5530,1,18693,True,iGSpRBOPDYARtH7Sg-G3oA
969,2011,8,170,Minneapolis,44.9482975370633,-93.24014164563816,kZjCdZ4dX94lBi50ecsk1w,1499,0,1640,12,18695,True,kZjCdZ4dX94lBi50ecsk1w
239,2011,10,210,Minneapolis,44.94032849243442,-93.2422926214484,KyP0u0NRzFdvodw-QWGQ3A,2831,1,5531,2,18696,True,KyP0u0NRzFdvodw-QWGQ3A
1949,2019,6,63,Minneapolis,44.95926088269812,-93.26114468154375,XtCbRsJ3ba_QELInzEmCKw,415,0,421,6,18697,True,XtCbRsJ3ba_QELInzEmCKw
4339,2007,6,111,Minneapolis,44.98546400074213,-93.24027274099512,FXVWUhknGY7NOoaWiyfoeA,3208,1,5532,1,18702,True,FXVWUhknGY7NOoaWiyfoeA
3638,2016,10,255,Minneapolis,44.9777926052213,-93.20972580675075,UhNLEWRGUQWhecIMv_2NkA,105,3,5533,2,18703,True,UhNLEWRGUQWhecIMv_2NkA
2567,2017,8,146,Minneapolis,44.96639215710071,-93.2801089430019,4cFOvIvKIVMijL5LuJ-4Vg,736,1,5307,3,18705,True,4cFOvIvKIVMijL5LuJ-4Vg
2218,2012,7,18,Minneapolis,44.96230292921071,-93.26511097112812,UTm-OjM0Dh1iVkIA8VJ_8w,1219,0,1306,10,18710,True,UTm-OjM0Dh1iVkIA8VJ_8w
4364,2019,6,78,Minneapolis,44.98634349369492,-93.29917832746564,_CX5QlgEkKX7TKMaZRdV3Q,981,2,5534,1,18712,True,_CX5QlgEkKX7TKMaZRdV3Q
4200,2017,8,288,Minneapolis,44.98420623964228,-93.2851242276258,oaQAezDcYKkXG4YLYum8Aw,1631,1,5535,1,18713,True,oaQAezDcYKkXG4YLYum8Aw
1969,2019,6,69,Minneapolis,44.95915286317803,-93.24114496222631,2lyGGLgM_htiPU_gcf0AqA,2416,1,5268,3,18720,True,2lyGGLgM_htiPU_gcf0AqA
1082,2011,10,3,Minneapolis,44.94934614184408,-93.21785468745456,c2XIBxlSDiJRK9lxylZ0VQ,1724,0,1924,3,18723,True,c2XIBxlSDiJRK9lxylZ0VQ
4951,2019,6,111,Minneapolis,44.99233019553744,-93.26325839475112,hGIkVVl83DtsvwkV_0iFiQ,3022,0,4193,4,18731,True,hGIkVVl83DtsvwkV_0iFiQ
4833,2019,6,42,Minneapolis,44.99128498306071,-93.28823662992588,Z1e-SGAqWk4csxfTC8b-Tw,185,0,186,7,18740,True,Z1e-SGAqWk4csxfTC8b-Tw
2285,2007,7,226,Minneapolis,44.96329914063804,-93.28935811239369,kuCD5uNH3VIWrCo6jr1cvw,3135,1,5536,1,18744,True,kuCD5uNH3VIWrCo6jr1cvw
5242,2014,9,106,Minneapolis,44.99532559315056,-93.24732973404645,AWmz0UpoDnEp4KER9GM3-g,3187,1,5138,4,18745,True,AWmz0UpoDnEp4KER9GM3-g
1660,2017,8,234,Minneapolis,44.95625814118765,-93.27664404598715,g6Hmi8lW8zZQZ5JtcIZx-A,168,1,5537,1,18746,True,g6Hmi8lW8zZQZ5JtcIZx-A
3859,2016,10,129,Minneapolis,44.98048439753665,-93.26195481465096,OJh8ZSkXX7FqGj3dpcpjIA,2566,0,3202,4,18747,True,OJh8ZSkXX7FqGj3dpcpjIA
958,2009,10,164,Minneapolis,44.94830820633059,-93.25121077329526,08xY2bn5Ixhg8C6Rm1YtUg,291,3,5538,1,18749,True,08xY2bn5Ixhg8C6Rm1YtUg
3358,2019,6,94,Minneapolis,44.97335852729157,-93.21795988499449,biA5AwZF6_plJTnnaCETTQ,730,2,3399,3,18761,True,biA5AwZF6_plJTnnaCETTQ
527,2007,7,298,Minneapolis,44.94326951222119,-93.22709307679015,i3-U3pEd_uoQ0Kooi_lOPg,2355,1,5539,1,18763,True,i3-U3pEd_uoQ0Kooi_lOPg
4513,2017,8,353,Minneapolis,44.98730285521837,-93.2431648862868,n7a_rvk_S38qHUZIRKd19g,3087,0,4430,3,18770,True,n7a_rvk_S38qHUZIRKd19g
119,2011,8,141,Minneapolis,44.93930063271707,-93.27146575971982,lh0t6KmwRkpiG7D14F4b9Q,1619,0,1784,5,18785,True,lh0t6KmwRkpiG7D14F4b9Q
3797,2019,7,26,Minneapolis,44.97910385853809,-93.23233497215024,gh7U9Ylttj8MiuYZipuHuQ,595,0,608,10,18788,True,gh7U9Ylttj8MiuYZipuHuQ
266,2007,7,67,Minneapolis,44.9403408150473,-93.21530771703924,zISo6cfZqTadyeYITj7wGQ,2550,1,5279,3,18797,True,zISo6cfZqTadyeYITj7wGQ
1969,2009,10,249,Minneapolis,44.95917770472892,-93.2411846084442,3hWDEG9uaoSzb8gdXv-B4g,2416,0,2942,6,18798,True,3hWDEG9uaoSzb8gdXv-B4g
2338,2009,6,320,Minneapolis,44.96330969685676,-93.23617000639392,raF9NH1o5VeyZPSamyliRw,1507,1,5540,1,18807,True,raF9NH1o5VeyZPSamyliRw
3988,2019,6,297,Minneapolis,44.98224018963543,-93.22609733443116,oivl90RjCKLSLtrA_WDBWA,302,1,5541,1,18822,True,oivl90RjCKLSLtrA_WDBWA
4240,2016,11,340,Minneapolis,44.98451571948048,-93.24354961824874,i1smUcu5PkAyR1yASOZv2Q,674,0,692,5,18825,True,i1smUcu5PkAyR1yASOZv2Q
1635,2014,9,318,Minneapolis,44.95632472332371,-93.21026892888848,HeeBAuVOeTuTiYjs6HRZmg,943,1,1551,4,18827,True,HeeBAuVOeTuTiYjs6HRZmg
517,2011,9,45,Minneapolis,44.94329978746874,-93.23726578802068,m-dyR9LiEcJeUmtzIpghdg,2935,0,3973,3,18829,True,m-dyR9LiEcJeUmtzIpghdg
3615,2009,7,133,Minneapolis,44.97715461456301,-93.23641620923914,-32kZYgl1B3EMHRuTW2FpA,1691,0,1881,12,18834,True,-32kZYgl1B3EMHRuTW2FpA
2985,2013,8,3,Minneapolis,44.97025988961225,-93.22610859240989,lfmDG-4cZK_B5BZWhk7wUQ,235,0,236,7,18837,True,lfmDG-4cZK_B5BZWhk7wUQ
4571,2019,6,18,Minneapolis,44.98831870012334,-93.28014032879793,ftCTD1Nrbpt2cXqRxbBKIQ,2874,0,3824,4,18838,True,ftCTD1Nrbpt2cXqRxbBKIQ
345,2017,8,304,Minneapolis,44.94131820782049,-93.22710123988824,AybksRBDjj7-CAVZkSB01w,2977,0,4068,3,18843,True,AybksRBDjj7-CAVZkSB01w
3644,2007,8,294,Minneapolis,44.9789723010552,-93.29309475686664,nLmA8GVNqYyCdlAipR9Q1Q,1096,1,1874,3,18845,True,nLmA8GVNqYyCdlAipR9Q1Q
1636,2014,9,87,Minneapolis,44.95597123534298,-93.20953290231812,PmecmUiWYgqRjb2MQBv55Q,855,2,5542,2,18849,True,PmecmUiWYgqRjb2MQBv55Q
4118,2017,10,36,Minneapolis,44.98350609612525,-93.27586199658826,ZjdE_cydVYK1P1VRAMz60A,2578,0,3225,6,18853,True,ZjdE_cydVYK1P1VRAMz60A
1604,2019,6,136,Minneapolis,44.95560591011562,-93.24220862440193,JSKxT8V2pesXa8w8a9tczg,1867,0,2117,9,18854,True,JSKxT8V2pesXa8w8a9tczg
1762,2019,6,64,Minneapolis,44.95733873516163,-93.2661588199088,Ofomsrz_44B1iVNFIauGJQ,1587,0,1745,4,18855,True,Ofomsrz_44B1iVNFIauGJQ
4729,2019,6,54,Minneapolis,44.98930619490876,-93.21646217507435,p5EnPFwgcsuSWkm7mHfU6g,1215,0,1302,3,18865,True,p5EnPFwgcsuSWkm7mHfU6g
2434,2019,9,30,Minneapolis,44.96428413591895,-93.23115979701753,j3P-HT1rz5bFQYWAmcJQzA,360,0,366,6,18869,True,j3P-HT1rz5bFQYWAmcJQzA
4510,2014,9,105,Minneapolis,44.98752248192471,-93.2487952607592,Ilc5p1nQ2dzft2md1_FAxA,833,0,866,4,18870,True,Ilc5p1nQ2dzft2md1_FAxA
3964,2019,6,269,Minneapolis,44.98135886712546,-93.24352215181608,ZI9U-j3K3MJOZEHDbKP4hQ,2026,0,2343,5,18871,True,ZI9U-j3K3MJOZEHDbKP4hQ
2810,2011,8,328,Minneapolis,44.96828283215459,-93.21865372740017,CefGpN8Szlexfpy57c2m_g,3021,1,5212,4,18875,True,CefGpN8Szlexfpy57c2m_g
5105,2007,7,3,Minneapolis,44.99429282832521,-93.2910610022212,UZJf9CUp9U1q-NpNFQ0-yg,1609,1,5543,1,18876,True,UZJf9CUp9U1q-NpNFQ0-yg
4661,2016,9,196,Minneapolis,44.98927729582852,-93.28203387981524,HPyVzbH7Nvn30VAhkHRFZQ,2449,2,5544,2,18877,True,HPyVzbH7Nvn30VAhkHRFZQ
926,2014,8,235,Minneapolis,44.9483806857121,-93.28318321881744,tRspDV_K_4UqjpNOaeJfcQ,1051,1,5545,1,18886,True,tRspDV_K_4UqjpNOaeJfcQ
439,2014,8,291,Minneapolis,44.94228216780293,-93.22432003762091,L_PHJ38jpeYaIQuORPrwCQ,1688,1,2303,3,18896,True,L_PHJ38jpeYaIQuORPrwCQ
5079,2011,7,242,Minneapolis,44.99324813140241,-93.22704414217428,QPofma_NERF8DNHPIN78Ug,1759,0,1972,4,18897,True,QPofma_NERF8DNHPIN78Ug
2311,2016,8,100,Minneapolis,44.96336400687238,-93.262546058232,-tki6K10TfFLSCeZ0ZhfXQ,1878,1,4491,3,18901,True,-tki6K10TfFLSCeZ0ZhfXQ
4324,2015,10,81,Minneapolis,44.98530591199516,-93.25106971985755,DU-uTerckzOLrrBgvxXnsA,2726,0,3494,5,18905,True,DU-uTerckzOLrrBgvxXnsA
4689,2019,6,91,Minneapolis,44.98937236471943,-93.24518874898357,Gus496_AzHS4eqkSyyYFtQ,1110,4,5546,1,18910,True,Gus496_AzHS4eqkSyyYFtQ
3403,2019,6,79,Minneapolis,44.97551976702992,-93.26295941118066,OFZ60QM6BE6jinK4dnKLWw,2152,1,5547,1,18914,True,OFZ60QM6BE6jinK4dnKLWw
5273,2009,6,256,Minneapolis,44.99525465788349,-93.21619283968222,DIDQQ73iEBG7Y4SQR1Z0bQ,699,1,5548,1,18915,True,DIDQQ73iEBG7Y4SQR1Z0bQ
2891,2011,6,12,Minneapolis,44.96970067625225,-93.22876394174271,J_lNiOoGt4fgDqMYG_h_qA,1074,0,1137,11,18916,True,J_lNiOoGt4fgDqMYG_h_qA
1559,2019,5,27,Minneapolis,44.95553836738075,-93.28714216796298,NGvLXj7Zn9zIhopQz2OHHQ,2950,0,4002,5,18923,True,NGvLXj7Zn9zIhopQz2OHHQ
746,2017,8,33,Minneapolis,44.94627033162226,-93.28138962524324,Z_HGOMDER-kYRXJjhB93Kw,1757,1,4498,3,18928,True,Z_HGOMDER-kYRXJjhB93Kw
4235,2019,6,230,Minneapolis,44.98435341555374,-93.25514509948954,S12HFHZlkyq5J1y7AC0a3Q,815,0,847,5,18933,True,S12HFHZlkyq5J1y7AC0a3Q
4666,2009,7,184,Minneapolis,44.98939470468132,-93.27691279762736,2E_X3k9Ad9f7zl_SEoHzIA,1744,2,5549,1,18934,True,2E_X3k9Ad9f7zl_SEoHzIA
2126,2019,6,39,Minneapolis,44.96123681852525,-93.2664157579123,xSMLBfKLAvjC6KGozTADPg,3084,0,4424,5,18935,True,xSMLBfKLAvjC6KGozTADPg
3377,2014,7,65,Minneapolis,44.97544560252042,-93.2891180632823,hQcsKN4iSuxj6nKbgWZihg,1832,0,2072,10,18942,True,hQcsKN4iSuxj6nKbgWZihg
5150,2019,6,151,Minneapolis,44.99427741536977,-93.24224915613864,IXFMamiS26AYUsSfjE2Thg,956,1,2436,4,18947,True,IXFMamiS26AYUsSfjE2Thg
228,2019,6,19,Minneapolis,44.94025086110356,-93.25372610622676,Ke9y-JRwSmONqB7uQM_Kjw,1117,2,3655,5,18958,True,Ke9y-JRwSmONqB7uQM_Kjw
860,2011,8,206,Minneapolis,44.94725712319379,-93.2575879088987,niOqizsaoW_b93-Bgc9cJQ,695,1,5550,1,18964,True,niOqizsaoW_b93-Bgc9cJQ
198,2014,9,232,Minneapolis,44.94033378155671,-93.28307119795106,oWu3GTzhUh7Va7Gm2MmLow,2289,1,5551,1,18970,True,oWu3GTzhUh7Va7Gm2MmLow
42,2014,9,87,Minneapolis,44.93830256871016,-93.25750146290642,nPOCkYa55V1tCOaj9zCzTQ,2703,0,3450,4,18974,True,nPOCkYa55V1tCOaj9zCzTQ
4794,2017,8,61,Minneapolis,44.98941508571708,-93.24192693721,tNncmLmNCISFFl4hnVJAoA,1464,3,3908,5,18979,True,tNncmLmNCISFFl4hnVJAoA
2602,2017,8,69,Minneapolis,44.96663214667549,-93.24507266040382,G4x_LMe4ayO2BtL5LuHAjA,524,0,537,6,18981,True,G4x_LMe4ayO2BtL5LuHAjA
2735,2019,5,7,Minneapolis,44.96827561556906,-93.29410697890523,Lfjf8V0-gYv8movFpEhmOQ,950,2,5552,1,18982,True,Lfjf8V0-gYv8movFpEhmOQ
5175,2014,9,104,Minneapolis,44.99433935465992,-93.2228504690804,_3KFPQScDJzlPKe8V-LkYQ,2553,2,5553,1,18985,True,_3KFPQScDJzlPKe8V-LkYQ
2229,2013,8,166,Minneapolis,44.96270694268183,-93.25411313387386,DitP2nYHyHhUwexB-VXnMA,781,0,808,9,18987,True,DitP2nYHyHhUwexB-VXnMA
5005,2019,6,54,Minneapolis,44.99227905425461,-93.21029092574604,kKQXKdJxl2n9NJzYrdy_Gw,2919,0,3931,4,18990,True,kKQXKdJxl2n9NJzYrdy_Gw
1492,2018,10,252,Minneapolis,44.95425300499869,-93.26263885634312,OQEaXWb9_CvqFuOKBZQC1w,357,0,363,4,18995,True,OQEaXWb9_CvqFuOKBZQC1w
2121,2019,6,350,Minneapolis,44.96129730867167,-93.27149254491256,nT2VO6BXc2_vMVqwyFOsBg,2698,1,4602,3,18996,True,nT2VO6BXc2_vMVqwyFOsBg
2949,2016,8,34,Minneapolis,44.97008958652491,-93.26233037425692,y1cyzucwMyBDTtkpjlKrYQ,314,0,318,6,19004,True,y1cyzucwMyBDTtkpjlKrYQ
4754,2017,8,287,Minneapolis,44.99017786293269,-93.2803830282122,5ZnTtcohDucWZGZA9ghigA,2184,0,2559,4,19007,True,5ZnTtcohDucWZGZA9ghigA
3417,2011,6,11,Minneapolis,44.97508335417939,-93.24911529201547,QO3w7AyGUl7GGGLedwwY5g,1693,0,1884,3,19010,True,QO3w7AyGUl7GGGLedwwY5g
2934,2017,8,207,Minneapolis,44.96985320313215,-93.27708818429412,I-Z5n6So_3EcYAx5cO6gzg,952,1,5554,1,19011,True,I-Z5n6So_3EcYAx5cO6gzg
2862,2018,10,285,Minneapolis,44.96925678987725,-93.25817361094902,3sCEJYvohQtLaXKMfQMt3A,870,0,908,8,19013,True,3sCEJYvohQtLaXKMfQMt3A
1381,2014,9,191,Minneapolis,44.95332676542976,-93.28299229403017,6R2Z0NYch7SLOuaK5GKm6w,2948,1,4231,3,19015,True,6R2Z0NYch7SLOuaK5GKm6w
2901,2007,6,198,Minneapolis,44.96927608969934,-93.21898441477948,hLez5eYOn6ODIWeVRqOPUA,1741,0,1949,6,19025,True,hLez5eYOn6ODIWeVRqOPUA
4995,2011,7,359,Minneapolis,44.99232107556892,-93.22410903966173,exX2hDKZ4k3rNH19IC0UWg,1327,2,5555,1,19026,True,exX2hDKZ4k3rNH19IC0UWg
1723,2007,7,194,Minneapolis,44.9556728176,-93.21469185666008,dbmbfPlQmaIpwCAWtI0IFw,2825,1,4464,3,19033,True,dbmbfPlQmaIpwCAWtI0IFw
4335,2014,10,86,Minneapolis,44.98532227202414,-93.24126442092674,-LE3Ku-m95t4s-0Rj8QZRw,2238,0,2644,15,19036,True,-LE3Ku-m95t4s-0Rj8QZRw
4494,2009,6,25,Minneapolis,44.98747696809485,-93.26493454505382,RRGfWqft6s2AFrXQYWmR_g,1207,2,5556,1,19037,True,RRGfWqft6s2AFrXQYWmR_g
3406,2019,6,90,Minneapolis,44.9754884437891,-93.26051930095038,GhebKgc-9PQ2N_v0uPcRrA,174,0,175,9,19039,True,GhebKgc-9PQ2N_v0uPcRrA
2575,2014,7,54,Minneapolis,44.96628465444134,-93.27213860644147,xqbbvaZvHpbMqgdg04sd0g,1910,0,2175,7,19043,True,xqbbvaZvHpbMqgdg04sd0g
2987,2019,6,225,Minneapolis,44.97018859621473,-93.22312588292291,mBJyLwRbIE3yT0R8HMzC3g,2772,0,3596,5,19048,True,mBJyLwRbIE3yT0R8HMzC3g
2671,2011,6,175,Minneapolis,44.967176465909,-93.2671771288055,qHzptNSugcr-QCsIDTGDVw,2747,0,3537,3,19050,True,qHzptNSugcr-QCsIDTGDVw
2299,2009,6,304,Minneapolis,44.96329497182454,-93.27530496067206,kwvH4rYgcFKKpK7cwGALzQ,161,0,162,5,19060,True,kwvH4rYgcFKKpK7cwGALzQ
43,2016,9,321,Minneapolis,44.93831909884059,-93.25497556961868,xNKVY5zkAG7EV5CGtvYp0A,2618,2,5557,1,19062,True,xNKVY5zkAG7EV5CGtvYp0A
2409,2018,8,85,Minneapolis,44.96393251338677,-93.25611734757264,I0ZeH2YTdeWxwJzQYoPSuA,1576,1,5558,1,19065,True,I0ZeH2YTdeWxwJzQYoPSuA
1690,2016,10,89,Minneapolis,44.95634449543964,-93.247323582444,MSwFj8OFm-d4fV77M1ZXAQ,537,1,1364,7,19075,True,MSwFj8OFm-d4fV77M1ZXAQ
3708,2011,7,124,Minneapolis,44.97830476992269,-93.23211444268968,vagEsrRIO1JfHpuwHXJBrg,1225,1,1630,9,19077,True,vagEsrRIO1JfHpuwHXJBrg
3970,2014,9,22,Minneapolis,44.98124989692685,-93.23887467455135,xETq2KdVbw9Ar9tPxjLIdg,1864,0,2114,5,19078,True,xETq2KdVbw9Ar9tPxjLIdg
3781,2016,9,144,Minneapolis,44.97796804796562,-93.25173686214322,VVXaZ8RZgmm6ZEABqTWlew,413,0,419,4,19080,True,VVXaZ8RZgmm6ZEABqTWlew
1193,2019,5,19,Minneapolis,44.9512872203536,-93.28935232042512,K0YDLpX3I0aHhraI88sTJQ,621,1,4972,3,19081,True,K0YDLpX3I0aHhraI88sTJQ
694,2011,9,157,Minneapolis,44.94526218736242,-93.24235818283718,1DNYqPBgYn_Idx7FA1l5KA,2947,0,3990,4,19082,True,1DNYqPBgYn_Idx7FA1l5KA
1001,2019,5,55,Minneapolis,44.94925827900254,-93.29924267878556,usZkTjeyfLGf8SXgL1g4cw,2386,0,2886,7,19084,True,usZkTjeyfLGf8SXgL1g4cw
2026,2016,9,8,Minneapolis,44.96028510688174,-93.27529433134252,zuGjaeWCoci8KiZGIGd4nQ,2793,0,3633,5,19085,True,zuGjaeWCoci8KiZGIGd4nQ
3992,2014,9,142,Minneapolis,44.98145603842203,-93.22301928783445,V1KTGnUCSAszDXmeIQSH0w,1447,0,1581,5,19096,True,V1KTGnUCSAszDXmeIQSH0w
5199,2014,9,333,Minneapolis,44.99486528708465,-93.28530654193172,fMnv4vPvw6m9WY0I6cvQqQ,3104,0,4483,3,19097,True,fMnv4vPvw6m9WY0I6cvQqQ
4784,2011,6,205,Minneapolis,44.99021391808458,-93.2472457528588,HhFX62SyBB7s2hnEOsodcg,1597,0,1758,4,19098,True,HhFX62SyBB7s2hnEOsodcg
62,2019,6,331,Minneapolis,44.93827965039991,-93.2372109174544,FC-6oG7DPIa7BKU2ZtfsGQ,1098,1,1943,3,19099,True,FC-6oG7DPIa7BKU2ZtfsGQ
682,2009,10,154,Minneapolis,44.94535227715174,-93.25378019421434,kFIvqBpo3Yub1mbKLUuSOw,2894,0,3878,3,19101,True,kFIvqBpo3Yub1mbKLUuSOw
794,2019,6,147,Minneapolis,44.94637432446558,-93.23277625635656,GGiqwoi_GLEM7VdwsSqzQg,40,0,40,6,19105,True,GGiqwoi_GLEM7VdwsSqzQg
3231,2013,8,318,Minneapolis,44.97288137653639,-93.25317824544932,2xqdWKNuPbFttIFA__XxLA,2841,1,5559,2,19108,True,2xqdWKNuPbFttIFA__XxLA
4340,2011,6,245,Minneapolis,44.98538062013797,-93.23738022745242,w_l9c4XKlnV8-3n14jL80Q,2582,1,3726,4,19110,True,w_l9c4XKlnV8-3n14jL80Q
4108,2016,9,311,Minneapolis,44.9833113187569,-93.28533305104384,sSlqtoWBM0cWYP7PBmdczw,3095,0,4455,4,19114,True,sSlqtoWBM0cWYP7PBmdczw
183,2011,6,340,Minneapolis,44.94029597499885,-93.29835754940814,Lj31nfg3kId5Q-YAl6qOeg,2595,0,3253,5,19120,True,Lj31nfg3kId5Q-YAl6qOeg
128,2007,7,212,Minneapolis,44.93958680082968,-93.26211391014893,iQwB5jPXfQBUCAP07MH0OA,1564,0,1714,8,19128,True,iQwB5jPXfQBUCAP07MH0OA
5099,2019,6,333,Minneapolis,44.99415867631109,-93.29507374317431,pWwdZRtGtGMrcuVFc-iLIQ,1843,2,5560,3,19130,True,pWwdZRtGtGMrcuVFc-iLIQ
3569,2009,6,152,Minneapolis,44.97697474368393,-93.28320985614702,JPdqY3RZxKlc5jgC4DffGw,579,2,5561,1,19137,True,JPdqY3RZxKlc5jgC4DffGw
4360,2009,6,283,Minneapolis,44.98507981825703,-93.21431388418988,mGUlC0McPZGDpuxL94x4EQ,2846,0,3758,3,19140,True,mGUlC0McPZGDpuxL94x4EQ
4557,2011,6,185,Minneapolis,44.9884594350195,-93.28973812903264,_upbVyaPibEbj6S1U0Y5ag,3005,0,4136,5,19141,True,_upbVyaPibEbj6S1U0Y5ag
250,2014,9,247,Minneapolis,44.94032128279956,-93.23111523715154,VoF-xnvjzKAJzteChKXQCQ,225,0,226,5,19148,True,VoF-xnvjzKAJzteChKXQCQ
3678,2019,6,177,Minneapolis,44.97838094561752,-93.25704620904048,cn0P6bwJBJReu7MAkm_VFg,420,0,427,7,19150,True,cn0P6bwJBJReu7MAkm_VFg
3062,2011,6,259,Minneapolis,44.97112133576907,-93.24069768895303,LpdfuZz7HlZ0e7rBoZaRKQ,1884,1,3178,4,19152,True,LpdfuZz7HlZ0e7rBoZaRKQ
1868,2009,10,341,Minneapolis,44.95829476417959,-93.251146747609,X4RSbqbifUGeKQrduNpyTw,2490,0,3071,3,19156,True,X4RSbqbifUGeKQrduNpyTw
735,2011,9,291,Minneapolis,44.94624448499751,-93.29196169222956,kV7_VJEvQJSmZVE2GqX8Lg,2204,0,2590,4,19158,True,kV7_VJEvQJSmZVE2GqX8Lg
2561,2019,6,66,Minneapolis,44.96624916556601,-93.28622705924036,wOE_jU0WANOgq5S2-nFKHQ,1849,0,2096,6,19161,True,wOE_jU0WANOgq5S2-nFKHQ
3874,2017,8,225,Minneapolis,44.98121590706291,-93.24748397776548,95ZcIrVHmFF9N1hTLYwq_g,1483,0,1621,5,19162,True,95ZcIrVHmFF9N1hTLYwq_g
5018,2019,6,128,Minneapolis,44.99329163032743,-93.286191217358,qxQPxiF998eohGRu0rbolg,2845,3,5562,1,19166,True,qxQPxiF998eohGRu0rbolg
824,2019,5,147,Minneapolis,44.94734248634039,-93.2944925006997,ANA8vCJd1Pti-x7mnJ7qGQ,1758,0,1970,6,19170,True,ANA8vCJd1Pti-x7mnJ7qGQ
1350,2014,9,276,Minneapolis,44.95197191956813,-93.22311139383136,rHmthTtSTnsOVejwpqYOoA,2848,0,3764,5,19174,True,rHmthTtSTnsOVejwpqYOoA
1815,2016,9,251,Minneapolis,44.9577201764823,-93.21191615899968,weAfGFQyWU6NklsYIQMgZQ,1682,0,1868,4,19176,True,weAfGFQyWU6NklsYIQMgZQ
2811,2009,10,49,Minneapolis,44.96833214397773,-93.21770817330471,nNfvy7ThgUPVRMdYi9WUfg,710,0,731,6,19179,True,nNfvy7ThgUPVRMdYi9WUfg
2721,2019,6,167,Minneapolis,44.9671978286852,-93.21716490600008,2vyCeNiUmHr2k7JU7dspbA,2286,1,4215,3,19185,True,2vyCeNiUmHr2k7JU7dspbA
5114,2014,7,310,Minneapolis,44.99427106367666,-93.28301625123756,unvgnjimFlVyG6j0TX2f7A,2481,0,3052,7,19187,True,unvgnjimFlVyG6j0TX2f7A
97,2014,9,217,Minneapolis,44.93933489753556,-93.29330878167922,cZdNwhc-Xcw6Wn4FkUNyqg,2027,0,2345,6,19190,True,cZdNwhc-Xcw6Wn4FkUNyqg
1698,2009,10,262,Minneapolis,44.95642804859879,-93.23936986358194,ELTJHqqbOp1ITsYWNu-Jzw,1295,0,1396,5,19196,True,ELTJHqqbOp1ITsYWNu-Jzw
2269,2013,8,255,Minneapolis,44.96206801686844,-93.21452834101326,J5i3fWffyy-EUgrMsC_1zA,2870,0,3819,4,19206,True,J5i3fWffyy-EUgrMsC_1zA
923,2009,10,169,Minneapolis,44.9483263460701,-93.28615031425544,DFQbGYyi67FRqoiq0mHE_A,1995,0,2292,5,19214,True,DFQbGYyi67FRqoiq0mHE_A
4058,2013,8,251,Minneapolis,44.98242871324817,-93.24708640776296,SmfARn-CvhuykyaQRvUsOw,3188,1,5563,1,19217,True,SmfARn-CvhuykyaQRvUsOw
2111,2017,8,161,Minneapolis,44.96124898814177,-93.28127588099828,Pu7hmswxtUG-4R8qLS3wUA,677,2,5564,1,19219,True,Pu7hmswxtUG-4R8qLS3wUA
5141,2019,6,26,Minneapolis,44.9944030254066,-93.2590345874946,wdwn28p_H76fdC_4PLL0Kw,1354,0,1463,3,19221,True,wdwn28p_H76fdC_4PLL0Kw
20,2007,7,133,Minneapolis,44.93836729565685,-93.2797780140289,zvDPYWry_-qKtpicbWAR4Q,744,0,765,7,19222,True,zvDPYWry_-qKtpicbWAR4Q
3683,2019,6,217,Minneapolis,44.97818095397089,-93.25217797888772,6O8_aM6bjT4it53eImeaSw,2128,0,2486,4,19228,True,6O8_aM6bjT4it53eImeaSw
4837,2019,6,323,Minneapolis,44.99119313070889,-93.28508909538397,evLcTDKxswySOa0jZ4Xaow,2153,0,2518,5,19230,True,evLcTDKxswySOa0jZ4Xaow
3170,2007,6,218,Minneapolis,44.97229509810204,-93.22307416426126,EiFWAADL3OP58dxhswWgkw,2843,0,3746,10,19232,True,EiFWAADL3OP58dxhswWgkw
1864,2018,10,157,Minneapolis,44.95830106209802,-93.25492368744582,Z70OZzYcfc7zAL6rOFOOOA,1308,2,5565,1,19234,True,Z70OZzYcfc7zAL6rOFOOOA
3854,2011,6,217,Minneapolis,44.98020817732424,-93.26580704351215,o6rQb0d52xou9EKFR3mjIA,1476,0,1614,8,19244,True,o6rQb0d52xou9EKFR3mjIA
760,2016,8,358,Minneapolis,44.94665990268936,-93.2671584917892,FtWxt7GkGLFKCL0gkuP-lw,898,0,938,5,19245,True,FtWxt7GkGLFKCL0gkuP-lw
1865,2014,9,279,Minneapolis,44.95832859418361,-93.25370532893064,ejZQDGEO2T5eyjKptQv1uA,2028,0,2346,4,19262,True,ejZQDGEO2T5eyjKptQv1uA
254,2013,8,354,Minneapolis,44.94035410562928,-93.22708213144703,ZUrqpsOWb5qH3x__8gAI_g,1982,0,2273,4,19263,True,ZUrqpsOWb5qH3x__8gAI_g
5033,2016,10,56,Minneapolis,44.99335937229039,-93.27217664943711,cORpSZNGdCbXICW11ocdkg,3008,1,5566,1,19264,True,cORpSZNGdCbXICW11ocdkg
189,2011,8,232,Minneapolis,44.94027966868588,-93.29202737121896,WvGV2vA0sWvjjyigltGp1g,3202,0,4981,4,19268,True,WvGV2vA0sWvjjyigltGp1g
1987,2011,10,196,Minneapolis,44.959213175643,-93.22314537474836,LcCWZYEBSfXiEs43D-8E8w,2434,0,2973,5,19270,True,LcCWZYEBSfXiEs43D-8E8w
3577,2011,6,69,Minneapolis,44.97733355459657,-93.26823138877354,G5hKSTstvwyxXZmgKPjOlA,2691,0,3426,10,19277,True,G5hKSTstvwyxXZmgKPjOlA
1437,2011,9,157,Minneapolis,44.9533175045314,-93.22699886736449,qo5eBODd1W-A9dAWjDmteQ,1320,1,3929,3,19278,True,qo5eBODd1W-A9dAWjDmteQ
2352,2019,6,5,Minneapolis,44.9637801117068,-93.22286282747098,Ned21ccxtAD5ylVx81eAlw,2805,1,4276,4,19280,True,Ned21ccxtAD5ylVx81eAlw
2051,2011,9,13,Minneapolis,44.96032606826704,-93.2498352865195,hCAfMiRpyrCGgmk4VQ3xgw,910,0,950,6,19291,True,hCAfMiRpyrCGgmk4VQ3xgw
2628,2014,9,136,Minneapolis,44.96623259576668,-93.21927158492196,WK6NipBoOjFoTJVg6k5llw,1973,1,5567,1,19293,True,WK6NipBoOjFoTJVg6k5llw
2884,2009,7,313,Minneapolis,44.96867569595729,-93.2363843163734,9uU0LlT-wR9s2xtem0LzjQ,2687,1,4018,3,19294,True,9uU0LlT-wR9s2xtem0LzjQ
3420,2019,6,87,Minneapolis,44.97552673729955,-93.24618361908448,TMjaFJUjUv68xhD1eF53Rw,2343,0,2804,8,19295,True,TMjaFJUjUv68xhD1eF53Rw
449,2011,8,297,Minneapolis,44.94227747819993,-93.21400760730344,XbGaPc8pwx6vKsiLYgKzSA,691,1,1064,4,19302,True,XbGaPc8pwx6vKsiLYgKzSA
5269,2017,8,7,Minneapolis,44.99522634310504,-93.21312675656412,_YfTIJP7vEy6G_TQJofQ6g,2224,0,2620,4,19303,True,_YfTIJP7vEy6G_TQJofQ6g
4734,2019,6,261,Minneapolis,44.99085871727543,-93.29614203776464,ghRjS3E4zhLGQdLfhDDRtA,1033,0,1089,4,19305,True,ghRjS3E4zhLGQdLfhDDRtA
4447,2015,10,23,Minneapolis,44.98582351164663,-93.218661956581,kuSwSS_HG9Z0HnIA3RZJoQ,2133,0,2492,4,19311,True,kuSwSS_HG9Z0HnIA3RZJoQ
3592,2019,6,130,Minneapolis,44.97725447050869,-93.25713529432464,rXSX0vk1FTi7eELyqCtTdw,3127,2,5568,1,19312,True,rXSX0vk1FTi7eELyqCtTdw
382,2011,8,180,Minneapolis,44.94225764647984,-93.28138472371538,UbWhjYRWpdwq-MlVD5iAYA,3210,3,5569,1,19315,True,UbWhjYRWpdwq-MlVD5iAYA
5095,2017,10,215,Minneapolis,44.99260108988268,-93.21075922471547,QbALF0MKWmL0wCFGOMjj-w,1613,1,5413,4,19316,True,QbALF0MKWmL0wCFGOMjj-w
312,2014,9,23,Minneapolis,44.94132248615048,-93.26010029444215,JFLPG_7YyBBDzT1TE5Hzuw,1871,5,5570,1,19319,True,JFLPG_7YyBBDzT1TE5Hzuw
3752,2009,8,132,Minneapolis,44.97897228910298,-93.2757288501382,5dhMAm_30Wj-GV7GxQ3rLQ,1383,0,1500,4,19324,True,5dhMAm_30Wj-GV7GxQ3rLQ
144,2009,10,219,Minneapolis,44.93931085237925,-93.2461041187691,zgvWRI_Mt28dazJi6j5_Pw,2462,1,5571,1,19325,True,zgvWRI_Mt28dazJi6j5_Pw
4845,2013,9,100,Minneapolis,44.99112831637176,-93.27945480912692,5uhTHmSbkiQtwh1kGVqzuA,2731,2,5572,2,19328,True,5uhTHmSbkiQtwh1kGVqzuA
2657,2019,5,104,Minneapolis,44.96730931753078,-93.28083827264372,EFHfLhvh0XeMMPvCTfBEsg,567,0,580,6,19333,True,EFHfLhvh0XeMMPvCTfBEsg
2695,2009,6,309,Minneapolis,44.96725662635463,-93.24251039897467,vP2Ij1BR1re8lbZsKhk2fg,2036,1,3662,4,19336,True,vP2Ij1BR1re8lbZsKhk2fg
1947,2016,9,215,Minneapolis,44.95913591600377,-93.26308881202804,zGSgajbxU7t7Yodg-HPvrg,836,0,869,8,19338,True,zGSgajbxU7t7Yodg-HPvrg
4642,2014,9,100,Minneapolis,44.9889843888369,-93.2991357199112,r1SU3eM1ZrHI-1NfwaZ8rA,1850,1,3615,3,19343,True,r1SU3eM1ZrHI-1NfwaZ8rA
1706,2013,8,42,Minneapolis,44.95632739147293,-93.23150274067729,Ga8HC8FiuEvbbVx92xtaMA,603,0,617,5,19345,True,Ga8HC8FiuEvbbVx92xtaMA
4238,2011,7,87,Minneapolis,44.98437015844916,-93.2491340051473,FLdAGdY7er2vqLJNB_2A_g,1007,2,5573,1,19347,True,FLdAGdY7er2vqLJNB_2A_g
2936,2019,6,320,Minneapolis,44.96988788088208,-93.27511347811404,RDOl0UXBZab_I4fViSET4A,1133,0,1204,12,19348,True,RDOl0UXBZab_I4fViSET4A
2317,2018,8,301,Minneapolis,44.96329163078459,-93.25679629765403,1PXoDqAUHe7iGVz7fi1l6A,370,1,1263,3,19350,True,1PXoDqAUHe7iGVz7fi1l6A
142,2019,6,15,Minneapolis,44.93956474596617,-93.248062082979,UbSBrQo2pL7Wu6Yq0DZGUA,1035,0,1091,9,19351,True,UbSBrQo2pL7Wu6Yq0DZGUA
4027,2011,6,324,Minneapolis,44.9829096365624,-93.27711240169344,8wPWlQ4prFPpnyFgTHJmaw,1456,1,5574,1,19353,True,8wPWlQ4prFPpnyFgTHJmaw
1880,2011,9,313,Minneapolis,44.95821842624935,-93.23905287520012,yz47X67MjDxmXXMj7I-mJg,268,1,4630,3,19363,True,yz47X67MjDxmXXMj7I-mJg
385,2015,9,55,Minneapolis,44.94233249029518,-93.27795609701737,5r8-_ac6Rly1liabNPGAIA,1336,0,1440,5,19364,True,5r8-_ac6Rly1liabNPGAIA
4988,2011,7,39,Minneapolis,44.99226028139725,-93.22949788667243,vno5SCjemREqIbPn7hPFLA,2392,3,5575,1,19368,True,vno5SCjemREqIbPn7hPFLA
4016,2007,8,169,Minneapolis,44.98234116479039,-93.28319437284478,vh0GjcTHiGzBuX0ZeWd8Nw,2488,0,3068,6,19380,True,vh0GjcTHiGzBuX0ZeWd8Nw
3592,2016,8,304,Minneapolis,44.97726022981964,-93.25718722313408,Tgk0CovjExICv4mnaxh-nQ,3127,3,5576,1,19386,True,Tgk0CovjExICv4mnaxh-nQ
1567,2011,7,271,Minneapolis,44.95555261307085,-93.27920457460792,ZTCD1EqTvFDmXxfNWomG1w,469,0,478,9,19388,True,ZTCD1EqTvFDmXxfNWomG1w
3840,2019,6,89,Minneapolis,44.97968846587186,-93.28210626209048,mNQbPmcr0GIy09Hcv1oTzA,2435,0,2974,5,19391,True,mNQbPmcr0GIy09Hcv1oTzA
52,2014,9,189,Minneapolis,44.93833609841884,-93.24740852276751,yen39Z4N6w_SZK2fO9-ppg,206,1,3486,3,19397,True,yen39Z4N6w_SZK2fO9-ppg
4788,2016,10,349,Minneapolis,44.9899887190731,-93.2433874794658,bmJKLIUnAKUv5GIn27RCjg,2570,0,3209,7,19416,True,bmJKLIUnAKUv5GIn27RCjg
1721,2013,8,165,Minneapolis,44.95633468510993,-93.21609241929605,gmdNnAcX8OWtupKnvLzefg,2471,1,5577,1,19421,True,gmdNnAcX8OWtupKnvLzefg
271,2019,6,58,Minneapolis,44.940254651433,-93.21020326750735,6leTqECPZGgdGV_mfR1bEQ,1193,1,4882,3,19423,True,6leTqECPZGgdGV_mfR1bEQ
5260,2009,10,85,Minneapolis,44.99531105086954,-93.22414846375244,Q0CJs5kximq-pVJ03U2AmQ,1331,0,1435,4,19425,True,Q0CJs5kximq-pVJ03U2AmQ
2167,2009,6,231,Minneapolis,44.96129022201536,-93.22510641692956,xqUBotzcF7i5O93h5D9gBA,2908,1,4064,4,19426,True,xqUBotzcF7i5O93h5D9gBA
326,2007,7,326,Minneapolis,44.94133501527513,-93.24614304804234,wDJDvPc_DSQWGn2RkGvKvg,1659,2,5578,1,19433,True,wDJDvPc_DSQWGn2RkGvKvg
3819,2019,6,267,Minneapolis,44.98036925760831,-93.29939039356424,6YbKTXsVB3eg99LhmXL43A,399,0,405,3,19435,True,6YbKTXsVB3eg99LhmXL43A
4997,2007,7,210,Minneapolis,44.99232766617168,-93.21772448747048,foAD6H3xKhoqPYP5OyB-Zw,2523,2,5579,1,19436,True,foAD6H3xKhoqPYP5OyB-Zw
989,2014,8,274,Minneapolis,44.94841335624987,-93.22011120114352,j3TpnanppzLo1SBHMiWgEA,1913,0,2178,4,19442,True,j3TpnanppzLo1SBHMiWgEA
944,2018,10,57,Minneapolis,44.94834816954273,-93.26523586380432,3L8nub0sezyDuopixl_pVA,2837,0,3728,8,19449,True,3L8nub0sezyDuopixl_pVA
4858,2019,6,236,Minneapolis,44.99125502699267,-93.26038706758013,pEhBw5-KHxzvs8CYJkDqbA,191,1,2047,4,19451,True,pEhBw5-KHxzvs8CYJkDqbA
3383,2011,6,202,Minneapolis,44.9752450074749,-93.2861256837926,p2YrYwgldLOnMTOJ_HzC1A,1532,0,1676,11,19454,True,p2YrYwgldLOnMTOJ_HzC1A
4725,2016,11,128,Minneapolis,44.98984359064822,-93.21111262391236,7cZQIuAsr6Yq_UEtrJQrgw,2005,1,3376,4,19458,True,7cZQIuAsr6Yq_UEtrJQrgw
937,2019,5,213,Minneapolis,44.94840717594785,-93.27212196325983,fU6Jw2_FwwhTAhExP7P25Q,1040,0,1096,7,19460,True,fU6Jw2_FwwhTAhExP7P25Q
3327,2019,6,85,Minneapolis,44.97437869052247,-93.24830864422688,8CD5NKkf-mWXOLSS4fUb-g,460,0,469,7,19463,True,8CD5NKkf-mWXOLSS4fUb-g
2345,2009,10,35,Minneapolis,44.96325664284451,-93.22987751479094,YeB3EDgRpBq5Ta0M_8RRGg,3166,2,5580,1,19467,True,YeB3EDgRpBq5Ta0M_8RRGg
3641,2019,6,8,Minneapolis,44.97825890640112,-93.297170801663,XwVDl9fTsn-fw7XTpajysA,2910,0,3915,3,19470,True,XwVDl9fTsn-fw7XTpajysA
171,2009,10,258,Minneapolis,44.93930038326049,-93.21913909085605,pv_YLBY4FwXEVtivfPzSrQ,1405,1,5017,3,19473,True,pv_YLBY4FwXEVtivfPzSrQ
2191,2012,8,158,Minneapolis,44.96220345527436,-93.291816263949,DVCVQvqGmF6ECRNBZWNXuA,2234,0,2639,10,19474,True,DVCVQvqGmF6ECRNBZWNXuA
4189,2016,11,144,Minneapolis,44.98335245031205,-93.20918823773016,AzUwRi8qIZb4QlsveArLEw,2100,0,2447,3,19478,True,AzUwRi8qIZb4QlsveArLEw
2593,2008,10,198,Minneapolis,44.96626890140747,-93.25410780796126,P-L1ybCGBMbtwAD0omrFHQ,2003,0,2306,8,19479,True,P-L1ybCGBMbtwAD0omrFHQ
2260,2019,6,168,Minneapolis,44.96205590999521,-93.22355220491272,2jpgbKHMuRIaZffC72ksrg,2407,0,2925,3,19489,True,2jpgbKHMuRIaZffC72ksrg
172,2011,8,223,Minneapolis,44.93924409163155,-93.2178590109804,cJYvDEYiT2KVpE9ucoixxQ,465,1,5581,2,19490,True,cJYvDEYiT2KVpE9ucoixxQ
2268,2009,6,308,Minneapolis,44.96241682933436,-93.21497329529952,wo8Dw33_ksgYsixaSCGu1g,3178,1,5582,1,19498,True,wo8Dw33_ksgYsixaSCGu1g
4023,2019,7,206,Minneapolis,44.98261803867871,-93.27676609050192,kq3Bx5yAGTUfTX7grs1Daw,2615,1,4434,6,19504,True,kq3Bx5yAGTUfTX7grs1Daw
4935,2016,9,86,Minneapolis,44.99234702673942,-93.2798748412158,5KmfBjP3WQBmtIPNWcSTcQ,3227,2,5583,1,19510,True,5KmfBjP3WQBmtIPNWcSTcQ
2971,2016,10,29,Minneapolis,44.97021108875395,-93.24099613807168,9Dd4wubzNfJsGuQqvNHV1A,3139,1,5584,1,19530,True,9Dd4wubzNfJsGuQqvNHV1A
693,2019,6,223,Minneapolis,44.94474167411884,-93.2431347051764,fj_9HoCssz18XzPAEPUktg,436,1,4042,3,19532,True,fj_9HoCssz18XzPAEPUktg
4605,2007,7,173,Minneapolis,44.98852723457617,-93.24293814297636,hacO6v4tidUu8FoB05LVjA,1806,1,4524,4,19533,True,hacO6v4tidUu8FoB05LVjA
2537,2019,6,340,Minneapolis,44.96537743319622,-93.21923650101265,QLRSalIigkRnGpn2fcYCSg,3042,0,4265,4,19536,True,QLRSalIigkRnGpn2fcYCSg
4199,2018,10,136,Minneapolis,44.98422562314121,-93.28611399401836,S7YEEK8vzWDM104iwtQSPg,2459,1,5585,1,19540,True,S7YEEK8vzWDM104iwtQSPg
855,2017,10,151,Minneapolis,44.94735551209563,-93.26270228921103,CjUU-ykEUuv2NPcLhJTxpA,384,1,5586,2,19546,True,CjUU-ykEUuv2NPcLhJTxpA
2096,2011,9,293,Minneapolis,44.96127953633093,-93.29565261592478,FDFVCULNWrI_JEgdKr_I2g,2513,0,3108,3,19547,True,FDFVCULNWrI_JEgdKr_I2g
2219,2015,8,20,Minneapolis,44.9627528337025,-93.26413683170512,TFUNHPvIocAkCaM7TJ_n0Q,2408,0,2926,9,19551,True,TFUNHPvIocAkCaM7TJ_n0Q
3773,2009,6,184,Minneapolis,44.97899163586323,-93.25841179488457,u99PJGTrzojos79P4hSsYw,1909,0,2173,5,19577,True,u99PJGTrzojos79P4hSsYw
176,2017,8,109,Minneapolis,44.93933315982262,-93.21404646667868,WySJLja5S_Ht3TmfOG9Qhw,2568,1,3881,3,19579,True,WySJLja5S_Ht3TmfOG9Qhw
2216,2019,6,160,Minneapolis,44.96228649668112,-93.26770993905362,n1x5rXI3DL-U2yje_Ba4Cg,1844,0,2090,9,19583,True,n1x5rXI3DL-U2yje_Ba4Cg
2520,2019,6,115,Minneapolis,44.96534433057294,-93.2361513290525,oc1KsgWK-lcj_cw-SyZFCQ,964,0,1013,5,19588,True,oc1KsgWK-lcj_cw-SyZFCQ
5244,2019,6,122,Minneapolis,44.9951222586278,-93.2431602137877,s-HnaLdwSRIhBOQYfA7MLQ,688,1,5587,1,19596,True,s-HnaLdwSRIhBOQYfA7MLQ
4195,2019,6,306,Minneapolis,44.98430349984839,-93.29108756512254,2tkU4b-NjbZEoB8ngAj78w,3081,3,5588,1,19600,True,2tkU4b-NjbZEoB8ngAj78w
278,2014,10,247,Minneapolis,44.94132178034127,-93.29422870758911,nu7TE15VxFw9iTbX-8y8yw,719,1,4075,3,19606,True,nu7TE15VxFw9iTbX-8y8yw
4129,2016,11,10,Minneapolis,44.98347092676284,-93.26594826439415,XlrF6eIL7TAHpiKWMyQhlA,2345,1,5589,1,19607,True,XlrF6eIL7TAHpiKWMyQhlA
1089,2019,6,300,Minneapolis,44.94930816697148,-93.2114741453962,i8DnDNDJlfxdPt3_lgvnGQ,2777,1,4212,4,19610,True,i8DnDNDJlfxdPt3_lgvnGQ
985,2011,8,203,Minneapolis,44.94833085960732,-93.2240909171851,cnOlN-v3ELcT-90r9h3FMQ,1760,0,1973,10,19612,True,cnOlN-v3ELcT-90r9h3FMQ
4527,2014,9,82,Minneapolis,44.98729080284852,-93.2346037611254,QGU_W0Fnn1mP_TZE5cOj8Q,2430,5,5590,2,19616,True,QGU_W0Fnn1mP_TZE5cOj8Q
305,2011,8,84,Minneapolis,44.94137492840005,-93.26712571647847,TWBILDgqnRBPlCucR0yLYA,222,1,964,4,19623,True,TWBILDgqnRBPlCucR0yLYA
1017,2019,5,167,Minneapolis,44.94934405143191,-93.2830183507739,jFKm2dePj_OvWQ3Kg3SfNA,1594,0,1754,5,19629,True,jFKm2dePj_OvWQ3Kg3SfNA
2943,2008,10,92,Minneapolis,44.96986377286787,-93.2681825971418,YcSLVB6cQhsUKi-BAf_qrg,210,0,211,10,19636,True,YcSLVB6cQhsUKi-BAf_qrg
1659,2014,10,10,Minneapolis,44.95633293601612,-93.2779042544525,sKyJTCMuPU5t9ehnQUV_Ow,1826,0,2066,6,19637,True,sKyJTCMuPU5t9ehnQUV_Ow
4735,2019,6,207,Minneapolis,44.99028343102628,-93.29817752594911,4hhaLAW0iomcp46dKBU4Xw,1358,1,3070,3,19638,True,4hhaLAW0iomcp46dKBU4Xw
952,2016,8,213,Minneapolis,44.94841691038406,-93.2561680436183,YsR1VRTVIHSbwrZ0v5wS3g,3219,0,5144,6,19646,True,YsR1VRTVIHSbwrZ0v5wS3g
427,2014,9,230,Minneapolis,44.94233875228649,-93.2358941882572,5-SNuqB2ANuOeo1oHfeTMg,2997,0,4117,4,19647,True,5-SNuqB2ANuOeo1oHfeTMg
2167,2007,7,63,Minneapolis,44.96129138901934,-93.22507760965802,iBTP5ldmbzQesLCg6oPeDg,2908,0,3913,5,19651,True,iBTP5ldmbzQesLCg6oPeDg
863,2007,7,12,Minneapolis,44.94733031810962,-93.25504402474736,dUXDj6wSqVwvOfPCHc-CWg,3194,0,4946,5,19652,True,dUXDj6wSqVwvOfPCHc-CWg
610,2019,6,67,Minneapolis,44.94420724049949,-93.23544751413174,6f9wiCe900BwLtN55vhsgg,655,0,671,7,19657,True,6f9wiCe900BwLtN55vhsgg
4207,2014,9,232,Minneapolis,44.98413806372136,-93.27627755721684,Z_D41ZmxzuUjKj0J1-YD4g,279,0,281,9,19659,True,Z_D41ZmxzuUjKj0J1-YD4g
1997,2014,9,341,Minneapolis,44.95931011504726,-93.21320868820156,SIXc4UGTO0ugfFtMi3PYqA,72,2,3241,5,19660,True,SIXc4UGTO0ugfFtMi3PYqA
820,2016,10,274,Minneapolis,44.94737745657409,-93.29828460414976,sXMuRSBbCl6grzoPxhap7A,1572,0,1723,7,19665,True,sXMuRSBbCl6grzoPxhap7A
4202,2016,10,129,Minneapolis,44.9843453248404,-93.28811482516646,x5d8aCHWBv17sOiG-c4UqQ,2269,0,2692,7,19674,True,x5d8aCHWBv17sOiG-c4UqQ
4714,2019,6,329,Minneapolis,44.9896402041533,-93.22614263281896,J9flp7IJ_lJ4tMVTdWAjKw,308,1,5591,2,19675,True,J9flp7IJ_lJ4tMVTdWAjKw
3348,2019,7,1,Minneapolis,44.97431095158713,-93.22717144350834,Deav5lym9wqnNlIRgYpnEA,1611,0,1775,9,19677,True,Deav5lym9wqnNlIRgYpnEA
1020,2018,9,92,Minneapolis,44.94930134356735,-93.2796286802121,0JubkuxETh0YKRbJE_OYQg,2324,1,5592,1,19681,True,0JubkuxETh0YKRbJE_OYQg
5033,2013,8,243,Minneapolis,44.99330144745359,-93.27213677382495,OmuyMFl7SHGjcMhpTpYsgQ,3008,0,4150,4,19683,True,OmuyMFl7SHGjcMhpTpYsgQ
5011,2019,7,6,Minneapolis,44.99306240758552,-93.29214018842151,dt4DGVeDsoxvPCYbgQ0P9Q,318,1,4046,4,19688,True,dt4DGVeDsoxvPCYbgQ0P9Q
1431,2014,8,52,Minneapolis,44.95326953308176,-93.23310855418993,CI8DDtL5qWpRnkAE-jxCpQ,245,0,246,4,19693,True,CI8DDtL5qWpRnkAE-jxCpQ
3052,2013,8,194,Minneapolis,44.97127888492692,-93.25000683301934,kbXQAx_YJJ_RK8DhveuG4g,2965,0,4049,4,19703,True,kbXQAx_YJJ_RK8DhveuG4g
1692,2011,8,344,Minneapolis,44.95647495992903,-93.24513509961308,9GLy3WQkZYLywH2NZI_T9w,1468,0,1605,4,19706,True,9GLy3WQkZYLywH2NZI_T9w
3403,2013,10,267,Minneapolis,44.97551771348598,-93.26295470887084,gs-G_Zm77vdoa-fpm5rQXw,2152,0,2517,5,19708,True,gs-G_Zm77vdoa-fpm5rQXw
210,2019,5,257,Minneapolis,44.94026369672498,-93.270199869338,nubQSqf4NWklUcIbr4-Z8g,316,0,320,4,19709,True,nubQSqf4NWklUcIbr4-Z8g
4671,2017,8,177,Minneapolis,44.98916987912956,-93.26945636423922,H3nskoHCK02FpP_hkhmbQA,2255,0,2666,5,19715,True,H3nskoHCK02FpP_hkhmbQA
924,2019,5,7,Minneapolis,44.94841733497831,-93.2851179304628,bNkw4_A8b22CiHJgXQnhaQ,2143,0,2504,10,19725,True,bNkw4_A8b22CiHJgXQnhaQ
1801,2016,9,272,Minneapolis,44.9573988437512,-93.22709438822302,6nuiWmAP9dll4fz06gU5yg,2555,3,5593,1,19732,True,6nuiWmAP9dll4fz06gU5yg
3692,2011,6,83,Minneapolis,44.97770308237843,-93.2467577978484,gq1ZkFewp-dznMpysED1AQ,2879,2,5594,1,19736,True,gq1ZkFewp-dznMpysED1AQ
975,2013,8,71,Minneapolis,44.94828873513246,-93.234192610312,lXINH3AROA2O__No47Gv3g,1824,2,5595,1,19737,True,lXINH3AROA2O__No47Gv3g
556,2016,10,3,Minneapolis,44.94429668500572,-93.28942380046418,WoHKq1S783W9qKnirXj_gw,811,0,843,5,19751,True,WoHKq1S783W9qKnirXj_gw
2445,2013,9,357,Minneapolis,44.9642113057202,-93.22012811874612,3YEhmtQa4z6HJGPr0lqUug,958,1,2283,3,19764,True,3YEhmtQa4z6HJGPr0lqUug
544,2014,9,76,Minneapolis,44.94328506427174,-93.2101486101235,ggs5PJTJtlx3NVphoAOycQ,2684,1,3934,3,19771,True,ggs5PJTJtlx3NVphoAOycQ
788,2014,9,260,Minneapolis,44.94634970963222,-93.2389499922704,E21pNhne0TKEkU5OseEVCw,2883,1,5235,3,19783,True,E21pNhne0TKEkU5OseEVCw
3921,2019,6,198,Minneapolis,44.98128962457009,-93.29301088361402,_yhK2-MmO9VyMpT7fIebhA,2928,0,3963,3,19786,True,_yhK2-MmO9VyMpT7fIebhA
1794,2019,6,272,Minneapolis,44.95738785038866,-93.2341317630774,_z0EJf6N3e0uB950x8-69w,2752,0,3546,3,19790,True,_z0EJf6N3e0uB950x8-69w
3565,2009,7,136,Minneapolis,44.97686776549586,-93.28413919575708,d2P-vz2-4MjY7qASjNFiiA,312,0,316,8,19794,True,d2P-vz2-4MjY7qASjNFiiA
2141,2009,6,86,Minneapolis,44.96138418579487,-93.251106716248,Ii1kJcXxIH3XyGcDxdqDeg,2936,3,5596,1,19799,True,Ii1kJcXxIH3XyGcDxdqDeg
2528,2019,10,248,Minneapolis,44.96524858487059,-93.22811886897684,DB5eMpQaYj-FGk0MqeF3Ag,2060,0,2389,9,19801,True,DB5eMpQaYj-FGk0MqeF3Ag
636,2019,6,35,Minneapolis,44.94434575419321,-93.20874919290743,slambFjSYhfrMdW0MTuICw,3161,0,4763,3,19804,True,slambFjSYhfrMdW0MTuICw
1766,2016,9,159,Minneapolis,44.95732662499694,-93.2621030571908,cfjkhjpZDugTT06KgQEgXw,2738,0,3518,3,19805,True,cfjkhjpZDugTT06KgQEgXw
349,2011,7,267,Minneapolis,44.94138130302452,-93.22322239801169,YcRPrW15sUf-baCV-hHAqg,2557,1,4486,4,19807,True,YcRPrW15sUf-baCV-hHAqg
701,2019,6,331,Minneapolis,44.94472227314916,-93.23513683986052,WMNel-lgchCpTEGgG_46zQ,1355,0,1464,8,19808,True,WMNel-lgchCpTEGgG_46zQ
5052,2019,6,167,Minneapolis,44.99347062070193,-93.2494418033898,fCpTFSA2WVM4JsnRx8gLLw,1321,0,1424,6,19811,True,fCpTFSA2WVM4JsnRx8gLLw
2017,2011,8,256,Minneapolis,44.96023496838545,-93.28421411737416,I2YAtfixpXYSIrAuieAm-Q,306,0,310,4,19813,True,I2YAtfixpXYSIrAuieAm-Q
3469,2019,7,91,Minneapolis,44.97632865629406,-93.28806415339976,QmcrOlLTag7XEIpEEjGEew,563,0,576,10,19816,True,QmcrOlLTag7XEIpEEjGEew
3308,2008,10,76,Minneapolis,44.97431326156231,-93.26709090865008,9jsy7FQQ63CShkzORPniSA,2002,0,2305,7,19817,True,9jsy7FQQ63CShkzORPniSA
2154,2016,9,61,Minneapolis,44.96127808711946,-93.23775539220549,Uk2sWMRsOZ6_v3oonlbuJg,2773,0,3599,5,19818,True,Uk2sWMRsOZ6_v3oonlbuJg
150,2014,9,316,Minneapolis,44.93955259745463,-93.24007292767784,BA-pLugBu26NXGTU5eOpNQ,2719,0,3482,6,19825,True,BA-pLugBu26NXGTU5eOpNQ
4183,2019,6,201,Minneapolis,44.98343296829579,-93.21000327473462,V8G6svGT53qvq38tAeu1Kg,1928,4,5597,1,19827,True,V8G6svGT53qvq38tAeu1Kg
1740,2014,10,290,Minneapolis,44.95730582790503,-93.28810061773608,uZLe44CejpcpcIvPqbkJlQ,112,0,112,5,19834,True,uZLe44CejpcpcIvPqbkJlQ
2513,2019,6,160,Minneapolis,44.96531615437196,-93.24326884292714,BVLps9NtsVrI5-fGhgztvA,1235,1,3850,5,19838,True,BVLps9NtsVrI5-fGhgztvA
3111,2009,6,71,Minneapolis,44.97235418286522,-93.2819594629896,FwnSfu7sktTqyPYphau-Wg,2109,0,2460,4,19853,True,FwnSfu7sktTqyPYphau-Wg
876,2019,6,166,Minneapolis,44.94736742830611,-93.24238117362488,GcElKm6iZeEV5LpOl-J_RA,2826,0,3700,4,19854,True,GcElKm6iZeEV5LpOl-J_RA
676,2014,8,125,Minneapolis,44.94525876318288,-93.26010417634852,dvu_xSTpUezqFWkMWOL13A,1255,2,5598,1,19855,True,dvu_xSTpUezqFWkMWOL13A
3549,2016,10,22,Minneapolis,44.97784781382949,-93.20986727034756,jboqYH0BJDwCf5GX9QtBvA,105,2,4573,3,19856,True,jboqYH0BJDwCf5GX9QtBvA
3082,2007,6,123,Minneapolis,44.97158578341087,-93.2199503593674,loB6JEPuHZ61wQH-B5OR1w,2425,1,5599,1,19858,True,loB6JEPuHZ61wQH-B5OR1w
419,2014,9,15,Minneapolis,44.94229648420693,-93.24358704985394,sHn5z85l6ziv-fV7k23ypw,358,0,364,7,19860,True,sHn5z85l6ziv-fV7k23ypw
2682,2007,7,4,Minneapolis,44.96724711910405,-93.25634690771234,CyrBxRWCifE4ujEGA_HktQ,2077,1,5600,1,19862,True,CyrBxRWCifE4ujEGA_HktQ
3398,2016,10,251,Minneapolis,44.97521565202715,-93.26811186917683,za1Avx7lpyT6FNPvZFdBpQ,1481,2,5601,1,19864,True,za1Avx7lpyT6FNPvZFdBpQ
922,2011,8,281,Minneapolis,44.94841412966867,-93.28717291105956,6WUhqJtK646KzuQY0JltXw,583,0,596,10,19872,True,6WUhqJtK646KzuQY0JltXw
938,2011,7,252,Minneapolis,44.94834344211708,-93.27112201073334,hDWA1sfBHL3nG0-086UI2Q,3216,1,5602,1,19875,True,hDWA1sfBHL3nG0-086UI2Q
3191,2019,7,96,Minneapolis,44.9733775772016,-93.2933292558445,Q1gB08rL14sHAUrEGVM64w,2955,0,4024,6,19877,True,Q1gB08rL14sHAUrEGVM64w
2680,2014,9,63,Minneapolis,44.96722656097542,-93.25822529361928,AedIgKNFD59vVyfNyM5H4w,1854,1,4804,3,19879,True,AedIgKNFD59vVyfNyM5H4w
5017,2019,6,230,Minneapolis,44.99326455044565,-93.28311029089296,ochLQ_KsZprQjt7O8_5Ytw,979,0,1028,9,19883,True,ochLQ_KsZprQjt7O8_5Ytw
522,2009,10,257,Minneapolis,44.94324326521309,-93.23231977003184,YQeAjwDFamx2jNvUYSYyfg,193,1,5603,2,19887,True,YQeAjwDFamx2jNvUYSYyfg
3748,2009,7,173,Minneapolis,44.97947871516582,-93.2817836501688,crsgo-CxPrvBagsKvvd6kQ,2882,1,5604,2,19891,True,crsgo-CxPrvBagsKvvd6kQ
1790,2013,8,76,Minneapolis,44.95735089169609,-93.2381656558106,-t1Q0hv66-_WRx0NIeiJiw,354,2,5605,1,19895,True,-t1Q0hv66-_WRx0NIeiJiw
1942,2019,6,99,Minneapolis,44.95920649729091,-93.2680694223604,Qm8eWDoHklTGQLkTJ-2M5Q,1954,0,2230,7,19899,True,Qm8eWDoHklTGQLkTJ-2M5Q
2858,2017,8,55,Minneapolis,44.9693218998386,-93.26258972539368,TunHHmPeF5jQnO-9g4uB1Q,1460,0,1597,4,19905,True,TunHHmPeF5jQnO-9g4uB1Q
4407,2007,7,221,Minneapolis,44.98619136790654,-93.26035554224045,ucyXkol60JgyLvdtgemAJw,2784,1,5606,2,19906,True,ucyXkol60JgyLvdtgemAJw
5046,2011,7,37,Minneapolis,44.99328691053334,-93.25999851480356,h0fWKydJMojtwr1WIiComw,766,1,5607,2,19909,True,h0fWKydJMojtwr1WIiComw
330,2017,8,34,Minneapolis,44.94135698255671,-93.2421601202929,1ToLdc73OeL7pp4XWWphWw,1680,2,5608,2,19910,True,1ToLdc73OeL7pp4XWWphWw
5155,2009,7,207,Minneapolis,44.99432951711028,-93.24099244103802,RyWCNuEIYhDWOaYFltyFRQ,828,1,3958,4,19921,True,RyWCNuEIYhDWOaYFltyFRQ
1947,2011,9,46,Minneapolis,44.95910147629471,-93.26308721279908,s6KotljALKgwCVpPTrng-g,836,2,5609,1,19922,True,s6KotljALKgwCVpPTrng-g
2045,2007,7,261,Minneapolis,44.96030671666244,-93.25616801804875,PREwQkd18E5xlknS6-9BEQ,1486,1,5610,1,19923,True,PREwQkd18E5xlknS6-9BEQ
770,2009,7,314,Minneapolis,44.94653497067291,-93.25713275100571,N4G15U1aTOESXf9eUGLjUg,106,1,5611,2,19924,True,N4G15U1aTOESXf9eUGLjUg
4246,2009,10,251,Minneapolis,44.98408385521186,-93.23657703996427,x-Nn4agX-8MC2HqFyhDwAA,1448,1,1625,5,19926,True,x-Nn4agX-8MC2HqFyhDwAA
2667,2011,6,228,Minneapolis,44.9672576540129,-93.27212221163268,t0de2P29qIV8yYOVsi-T4w,1807,0,2037,4,19929,True,t0de2P29qIV8yYOVsi-T4w
4956,2016,9,131,Minneapolis,44.99234074202494,-93.255798877755,u5TPN0tkavaNypO2tv0Zyg,1851,0,2098,4,19935,True,u5TPN0tkavaNypO2tv0Zyg
4400,2019,6,262,Minneapolis,44.98622179845005,-93.27022987376893,g9OxJhjQ8T5kzXz-IKN5ig,3019,2,5612,1,19936,True,g9OxJhjQ8T5kzXz-IKN5ig
2098,2019,5,265,Minneapolis,44.96130674877731,-93.2943840803487,xKNRpGrIPQsd8XoXZ2poVw,2917,1,5613,2,19937,True,xKNRpGrIPQsd8XoXZ2poVw
3871,2016,10,66,Minneapolis,44.98096418243959,-93.24646897245476,8qqGWpm-YM0iYZCu6JkDUQ,700,0,721,4,19938,True,8qqGWpm-YM0iYZCu6JkDUQ
539,2019,6,278,Minneapolis,44.94329594122701,-93.21510360635776,j-qZidLl1CnW-YoDVpbTkA,2962,1,5214,3,19944,True,j-qZidLl1CnW-YoDVpbTkA
3044,2019,6,59,Minneapolis,44.97134681957328,-93.2584275473639,N-AA6TOnoouMfebyqdEqCQ,2327,2,5614,1,19952,True,N-AA6TOnoouMfebyqdEqCQ
361,2011,7,13,Minneapolis,44.94150632219235,-93.21109008176654,AA4wnFA7PcFdVLmZD7akpA,1938,1,5615,1,19953,True,AA4wnFA7PcFdVLmZD7akpA
2693,2009,7,82,Minneapolis,44.96776565985861,-93.24517877677827,A3sL1QOFdWYXzNzqTj01Dw,2943,2,5616,2,19955,True,A3sL1QOFdWYXzNzqTj01Dw
4613,2011,6,10,Minneapolis,44.98830079116787,-93.23922772804976,eg-QcRlUwFmg8oOpOFx1xQ,1546,1,5617,1,19956,True,eg-QcRlUwFmg8oOpOFx1xQ
840,2014,8,158,Minneapolis,44.94729341253027,-93.27796985931188,kDq9VMG0S362Iv-roza79g,186,1,1559,3,19957,True,kDq9VMG0S362Iv-roza79g
2824,2015,8,331,Minneapolis,44.96930815976436,-93.29627790830912,G447N6Qq63_-N5zjiYuYtg,908,0,948,7,19959,True,G447N6Qq63_-N5zjiYuYtg
2934,2016,9,26,Minneapolis,44.96980002929114,-93.277084461733,4JPTrxiBZESrTtgspu6cww,952,0,998,6,19962,True,4JPTrxiBZESrTtgspu6cww
4025,2007,8,345,Minneapolis,44.98179344042696,-93.2799429678158,WLlZaQk9N_ovYCHuL3Za1Q,177,0,178,5,19966,True,WLlZaQk9N_ovYCHuL3Za1Q
1459,2007,7,322,Minneapolis,44.95433518354755,-93.29570075919956,KigqAwhMNSQ4SymoEAxXhg,3213,0,5079,3,19968,True,KigqAwhMNSQ4SymoEAxXhg
3987,2009,6,252,Minneapolis,44.98233669036569,-93.22767421386006,pPrl38epsubSeG6CjgxrYg,969,2,2679,4,19969,True,pPrl38epsubSeG6CjgxrYg
835,2011,6,78,Minneapolis,44.94728667667491,-93.28301590877204,tmt115pKshD3Tvq4nsog7w,2840,1,4794,3,19971,True,tmt115pKshD3Tvq4nsog7w
4666,2009,8,248,Minneapolis,44.98939939872093,-93.27701344408904,UsHdIgh2aXAQSehWRQbM6g,1744,1,4636,3,19976,True,UsHdIgh2aXAQSehWRQbM6g
305,2007,7,255,Minneapolis,44.94139546614461,-93.2671383974474,df40rBgKC1eoekGwmFpMyw,222,0,223,4,19983,True,df40rBgKC1eoekGwmFpMyw
959,2019,6,248,Minneapolis,44.94841727537846,-93.25021273270517,qQNCMSPgK24HfOzpQAhaPg,2851,0,3768,6,19984,True,qQNCMSPgK24HfOzpQAhaPg
1774,2011,9,66,Minneapolis,44.95734018441613,-93.2541664707744,SZQt-XHR0gPAGDVbShRaGA,848,0,881,4,19985,True,SZQt-XHR0gPAGDVbShRaGA
4173,2017,8,177,Minneapolis,44.98422458952047,-93.22120263537398,fh1oc_ns5UEH7sPTklu_jw,593,2,4153,6,19994,True,fh1oc_ns5UEH7sPTklu_jw
279,2014,8,117,Minneapolis,44.94133682130609,-93.29317702708,y7vnnA7YmB0a6gHboaRjeQ,240,3,5618,1,20004,True,y7vnnA7YmB0a6gHboaRjeQ
3398,2015,7,350,Minneapolis,44.975216711868,-93.26818994959427,5jzrOe988PspRL4_Y2gGTA,1481,1,3454,4,20013,True,5jzrOe988PspRL4_Y2gGTA
507,2019,6,307,Minneapolis,44.94324389608214,-93.24738095218916,u0nbdOjlgv1PViwoXKrcFA,2055,0,2384,6,20019,True,u0nbdOjlgv1PViwoXKrcFA
1862,2009,10,22,Minneapolis,44.95829394276102,-93.25752128362934,b9lzt7cSC7xb4q66g7wq7A,1172,2,5619,1,20023,True,b9lzt7cSC7xb4q66g7wq7A
186,2014,8,221,Minneapolis,44.94025998429121,-93.29458285507928,O4AL1qwpKY4JP_JMejnnWg,1809,1,5620,1,20024,True,O4AL1qwpKY4JP_JMejnnWg
3312,2017,8,53,Minneapolis,44.97431515527024,-93.26299034192684,fvsdvsQ8RFXon9YgVSsCRg,2865,0,3806,8,20026,True,fvsdvsQ8RFXon9YgVSsCRg
4518,2014,9,190,Minneapolis,44.98735881797376,-93.24008916576146,N-TNUkFg5dSyyGj9PhUDhA,2979,1,4563,3,20029,True,N-TNUkFg5dSyyGj9PhUDhA
462,2011,6,220,Minneapolis,44.94334965587817,-93.29198299785344,4a_IlimIbC5mpMi9yrC77w,1361,2,5621,1,20033,True,4a_IlimIbC5mpMi9yrC77w
762,2014,10,330,Minneapolis,44.94626560290108,-93.26520979897457,XKTHcxDd8o5OjO0gaPX6bQ,3028,0,4217,9,20038,True,XKTHcxDd8o5OjO0gaPX6bQ
3388,2007,7,1,Minneapolis,44.97549544501987,-93.27777153680104,pioL2cyphV1TYOkyfHt3Fw,1538,0,1683,10,20047,True,pioL2cyphV1TYOkyfHt3Fw
323,2009,10,23,Minneapolis,44.94133330929682,-93.24911983381308,qvMI992iSNhXQi4-c7Xs0g,2342,1,3837,4,20051,True,qvMI992iSNhXQi4-c7Xs0g
4340,2019,6,89,Minneapolis,44.98539539889647,-93.23738378660828,Nosc_PrHxzxvNlrCPa2GEA,2582,2,5622,1,20058,True,Nosc_PrHxzxvNlrCPa2GEA
1681,2014,9,43,Minneapolis,44.95627491852223,-93.25625963332732,f6hM3x0YoDyG4cvN-MafTg,2025,1,3302,3,20060,True,f6hM3x0YoDyG4cvN-MafTg
136,2016,9,68,Minneapolis,44.93957738150505,-93.25413881792684,JmLCkpCEFLzs31jwUuv_Ng,787,0,815,8,20061,True,JmLCkpCEFLzs31jwUuv_Ng
4357,2007,6,295,Minneapolis,44.98528751582218,-93.22031949636788,dDKD4-EgjAHLRI5WdADpWQ,838,1,2989,3,20063,True,dDKD4-EgjAHLRI5WdADpWQ
387,2007,7,121,Minneapolis,44.94229993441967,-93.27664434368774,sL5YIdIT25e1iSNdi6b1dA,1389,0,1506,6,20072,True,sL5YIdIT25e1iSNdi6b1dA
3080,2009,6,209,Minneapolis,44.97122837941735,-93.22218314408072,_gd1It9S_l9gdRNI9XlgLA,1714,0,1913,7,20075,True,_gd1It9S_l9gdRNI9XlgLA
4337,2017,8,352,Minneapolis,44.98533249603998,-93.23930993226138,leKkPwUCXVgK-6_X5Ob_QA,2807,0,3664,5,20076,True,leKkPwUCXVgK-6_X5Ob_QA
4222,2017,8,99,Minneapolis,44.98447709533474,-93.2649054922554,yVSIMACNROBVPz0q18b5kQ,1670,1,2299,6,20085,True,yVSIMACNROBVPz0q18b5kQ
3545,2011,6,140,Minneapolis,44.97737595655974,-93.20868304428268,tJnO7tinO-a1G5nHLzcNJg,1732,0,1935,6,20114,True,tJnO7tinO-a1G5nHLzcNJg
2278,2014,9,190,Minneapolis,44.96334320572407,-93.29563099272268,HuPuAsU5LXnNMYU6O781cw,1656,1,4899,3,20116,True,HuPuAsU5LXnNMYU6O781cw
4319,2009,7,287,Minneapolis,44.98550212649557,-93.2577737361292,F4ze77mgaVU-0aVkOgsR8w,2644,0,3329,3,20121,True,F4ze77mgaVU-0aVkOgsR8w
464,2019,5,24,Minneapolis,44.94292991324473,-93.29013647774087,-_vSyppooLTuC1ZzB_-paw,1204,0,1291,4,20125,True,-_vSyppooLTuC1ZzB_-paw
531,2013,8,302,Minneapolis,44.94319199207602,-93.22319124058988,ngen6OOWNlAnUnHIk2dAwg,3115,1,5623,2,20134,True,ngen6OOWNlAnUnHIk2dAwg
1953,2016,8,135,Minneapolis,44.95914799099975,-93.25710806949095,UDnrdDxB_o4U-CJckUd_kw,1395,0,1512,6,20138,True,UDnrdDxB_o4U-CJckUd_kw
1398,2009,7,84,Minneapolis,44.95333972491228,-93.2664597299126,w0e5flLcqsrBi05L5SNcCw,2384,0,2881,4,20139,True,w0e5flLcqsrBi05L5SNcCw
4067,2019,7,19,Minneapolis,44.98224937460989,-93.2401471182891,61LPWXZMyBJY0UPB-KoySA,1065,0,1124,15,20146,True,61LPWXZMyBJY0UPB-KoySA
4725,2013,8,303,Minneapolis,44.989826940372,-93.21109826021086,AohyufpOPUmgQW8E43qPdA,2005,0,2308,3,20154,True,AohyufpOPUmgQW8E43qPdA
1960,2016,8,70,Minneapolis,44.95913960253795,-93.2500988225196,3zWbLwL_nFrFnofoUbFi5g,816,1,1269,6,20157,True,3zWbLwL_nFrFnofoUbFi5g
4347,2014,9,87,Minneapolis,44.98520762240621,-93.23322506477446,NH81vPK-DjcyBNHMMHjweA,201,0,202,3,20158,True,NH81vPK-DjcyBNHMMHjweA
262,2011,7,42,Minneapolis,44.93964408657655,-93.21912565816824,C4kBV6X2haF2Q7spjsbKRw,2266,0,2688,6,20162,True,C4kBV6X2haF2Q7spjsbKRw
2973,2015,7,332,Minneapolis,44.96960668431937,-93.23891965899202,Rw8x6WEAguYxUWvwHGF86A,1774,1,5624,1,20166,True,Rw8x6WEAguYxUWvwHGF86A
4505,2017,8,260,Minneapolis,44.98708551319807,-93.25233967668848,vXJWgDHmlWcUfoPSuDyzpw,1099,0,1164,6,20167,True,vXJWgDHmlWcUfoPSuDyzpw
854,2007,7,232,Minneapolis,44.94731934552731,-93.26394879790226,W5gnGH9yLUS2xI_il8diUQ,3001,0,4124,6,20169,True,W5gnGH9yLUS2xI_il8diUQ
2693,2009,6,258,Minneapolis,44.9677423863344,-93.2451766452449,_99DKCOLmBdwgN1n_-9ljA,2943,1,5518,3,20171,True,_99DKCOLmBdwgN1n_-9ljA
1509,2009,10,28,Minneapolis,44.95426430969478,-93.24610310865498,XNPi1MdHXS1UakAmVUMBxA,1162,0,1239,6,20173,True,XNPi1MdHXS1UakAmVUMBxA
331,2011,9,324,Minneapolis,44.94133802058612,-93.24118365708148,KB-Vc6lJNOsCP5gRzK6_nA,516,1,5124,5,20174,True,KB-Vc6lJNOsCP5gRzK6_nA
4338,2014,9,168,Minneapolis,44.98516349668489,-93.23390345176269,-jaC8eN6ZoynQcwISCMOSw,2749,0,3542,3,20177,True,-jaC8eN6ZoynQcwISCMOSw
2512,2014,9,273,Minneapolis,44.96535480544925,-93.24405760479571,FFTEVnAXQKS745kGFaAKzw,2267,3,5625,1,20178,True,FFTEVnAXQKS745kGFaAKzw
3303,2016,11,16,Minneapolis,44.97424871981339,-93.27214192851764,Ra_TPG_0TV-O_bezJ0MEdQ,812,0,844,9,20180,True,Ra_TPG_0TV-O_bezJ0MEdQ
5070,2007,6,327,Minneapolis,44.99330048441492,-93.23212259393289,1fr64NdIrp1d54U8iOgZPw,3012,2,5626,1,20182,True,1fr64NdIrp1d54U8iOgZPw
968,2007,7,195,Minneapolis,44.94831917503917,-93.2411024084364,Dip9R6J6_Kg6VUe5ZCRNdA,2941,0,3984,11,20183,True,Dip9R6J6_Kg6VUe5ZCRNdA
2819,2019,6,111,Minneapolis,44.96822325052005,-93.21020647280255,7yApXdXqywbn5htfSkF72A,3189,1,5627,1,20188,True,7yApXdXqywbn5htfSkF72A
448,2014,8,247,Minneapolis,44.94231444281066,-93.21529666901976,eVTCvFbjdnpjXqhRW46WlQ,1285,2,5628,1,20194,True,eVTCvFbjdnpjXqhRW46WlQ
3144,2019,6,217,Minneapolis,44.97231555968698,-93.2491003577412,LsIknOPAEFIf1dGdI1gEng,2394,1,5629,1,20201,True,LsIknOPAEFIf1dGdI1gEng
732,2014,10,305,Minneapolis,44.9466227270684,-93.29516178107828,RXDnEyFoDXtZyvBtspU3aw,2739,0,3519,7,20204,True,RXDnEyFoDXtZyvBtspU3aw
1637,2016,9,198,Minneapolis,44.95560005236483,-93.20884045837352,RFOZTIPzC80Xam3Qnpk3rg,1323,2,5630,1,20210,True,RFOZTIPzC80Xam3Qnpk3rg
2346,2009,10,305,Minneapolis,44.96334780115523,-93.2281667935054,hSlS0f6fnp-5EzEStgpnPQ,521,0,534,7,20215,True,hSlS0f6fnp-5EzEStgpnPQ
967,2016,8,290,Minneapolis,44.94834050522043,-93.24214843457231,bzZzA2N8tlbc_4eV42wX0Q,894,0,934,10,20216,True,bzZzA2N8tlbc_4eV42wX0Q
3916,2016,9,344,Minneapolis,44.9815830397414,-93.2941885352506,0BADVpbDbr7eYKEfLJOfCg,3027,0,4216,6,20220,True,0BADVpbDbr7eYKEfLJOfCg
400,2015,9,295,Minneapolis,44.94231076896919,-93.26259060941476,diJmOZwb14qW3h5Ej-5jyA,2463,1,4876,4,20221,True,diJmOZwb14qW3h5Ej-5jyA
2702,2009,6,280,Minneapolis,44.96729992836051,-93.2361181755999,iF4FZc2ULedSZEt1ZzW3Pw,2828,0,3708,6,20225,True,iF4FZc2ULedSZEt1ZzW3Pw
772,2019,6,308,Minneapolis,44.94626499864717,-93.25504295685867,Cw7aIKzIqY5wB65u9Q2kmg,2949,0,4001,3,20232,True,Cw7aIKzIqY5wB65u9Q2kmg
43,2019,6,127,Minneapolis,44.93832667177085,-93.25495802319628,Khpt2-3fFSvKL2ZGfNxFOw,2618,0,3285,5,20235,True,Khpt2-3fFSvKL2ZGfNxFOw
1772,2014,9,242,Minneapolis,44.9573728414722,-93.256091774381,bTAeAv_NBOSK7e2lkX6_sA,1472,2,3979,3,20239,True,bTAeAv_NBOSK7e2lkX6_sA
4052,2019,6,28,Minneapolis,44.98270351103756,-93.24786773726936,qFi9PDH5ivXj-uJEyx5LGw,1378,1,4338,3,20241,True,qFi9PDH5ivXj-uJEyx5LGw
1869,2014,9,61,Minneapolis,44.95833643238501,-93.24987007008262,1MwLW7POgqHGQ88xcLSNwg,2724,0,3489,8,20247,True,1MwLW7POgqHGQ88xcLSNwg
471,2011,8,83,Minneapolis,44.9433728638751,-93.28307212769818,kgBf0ncslgCfNitmLv8mXA,2862,1,4328,3,20258,True,kgBf0ncslgCfNitmLv8mXA
2568,2016,10,243,Minneapolis,44.96637942099487,-93.27915584738464,OjeINCdAgXxAC2h70qCJkA,3075,1,4466,4,20259,True,OjeINCdAgXxAC2h70qCJkA
4561,2019,7,81,Minneapolis,44.98829304188354,-93.28806160204503,fhLMWvzB2E3bV4sZoLkCBQ,1605,0,1769,6,20262,True,fhLMWvzB2E3bV4sZoLkCBQ
2040,2014,9,161,Minneapolis,44.96028023282848,-93.2611071600985,kv4JiEwAoqb5eZ0Z0ybF4A,901,1,3296,5,20271,True,kv4JiEwAoqb5eZ0Z0ybF4A
4405,2011,6,352,Minneapolis,44.98623237844269,-93.26325399899136,6mhiQ513C-vBK2AMeW5ZRg,42,1,4316,3,20282,True,6mhiQ513C-vBK2AMeW5ZRg
5174,2011,6,133,Minneapolis,44.99434139221032,-93.2240882731976,oZoc_PVQXtmXroRDp_zDZg,1583,0,1738,9,20284,True,oZoc_PVQXtmXroRDp_zDZg
3045,2019,6,88,Minneapolis,44.9711663920235,-93.25678479434264,ODSlqJ7dKe_21pfx0IZsew,2196,0,2578,4,20288,True,ODSlqJ7dKe_21pfx0IZsew
591,2011,8,62,Minneapolis,44.94425969165938,-93.25377625715416,oc10EHfdPu42BDixvI8WDQ,2519,1,5291,3,20298,True,oc10EHfdPu42BDixvI8WDQ
1780,2009,6,291,Minneapolis,44.95726744190684,-93.2485920536284,pzi3wqkHuUcOG5zIbapNzQ,642,3,5633,1,20303,True,pzi3wqkHuUcOG5zIbapNzQ
2058,2009,6,187,Minneapolis,44.96040833898864,-93.242776738058,0RqmIgUN9i6Hf8CXCVfknw,1857,2,2513,3,20304,True,0RqmIgUN9i6Hf8CXCVfknw
631,2014,8,39,Minneapolis,44.94426657217333,-93.2140438879039,vYz85vp5tqygZT89435KNA,1898,2,5634,1,20306,True,vYz85vp5tqygZT89435KNA
2890,2019,6,219,Minneapolis,44.96998496814233,-93.22938878432198,kvdg6QqPc7wXLfOQf4dnEg,915,1,1744,9,20317,True,kvdg6QqPc7wXLfOQf4dnEg
2548,2016,8,146,Minneapolis,44.96645159733846,-93.29917603867176,LdPyEhJfZa3j1wtFWevpTw,2161,2,5635,2,20321,True,LdPyEhJfZa3j1wtFWevpTw
599,2011,8,174,Minneapolis,44.94433913253191,-93.24611479504694,hDkoXAk6xalca5NtufQCiA,1277,0,1376,4,20324,True,hDkoXAk6xalca5NtufQCiA
5151,2011,7,276,Minneapolis,44.99430644149376,-93.23973177060124,W--HyqxvgjfSUQUXEpGQ6Q,2577,2,5636,1,20329,True,W--HyqxvgjfSUQUXEpGQ6Q
4143,2009,7,290,Minneapolis,44.98329387136851,-93.2461180606636,FDb1eYMJ_HWubF3ukxgmuA,180,0,181,11,20338,True,FDb1eYMJ_HWubF3ukxgmuA
2498,2019,6,184,Minneapolis,44.96533041627103,-93.25817356398002,hAqH77dWKMTScohg6XKFCw,1869,1,3474,6,20344,True,hAqH77dWKMTScohg6XKFCw
1050,2011,8,137,Minneapolis,44.94927588496255,-93.24996557961424,USeGb7gRUjkpm9-OiXBlFQ,1179,3,5637,1,20345,True,USeGb7gRUjkpm9-OiXBlFQ
540,2019,6,158,Minneapolis,44.94329601261331,-93.21411173957624,Vg6NJ-Jy_WEVVpPUyU2RIw,2051,0,2380,3,20346,True,Vg6NJ-Jy_WEVVpPUyU2RIw
2671,2016,8,357,Minneapolis,44.96716873422284,-93.26713883028124,q1NnLcwqFRW0GWJcfW0bYQ,2747,1,4218,4,20353,True,q1NnLcwqFRW0GWJcfW0bYQ
5068,2007,7,83,Minneapolis,44.99329477963454,-93.23969448003052,eM0Re4X-v-bukm6Pd77Aug,1739,2,5638,1,20357,True,eM0Re4X-v-bukm6Pd77Aug
3746,2019,7,4,Minneapolis,44.97913066427233,-93.2851981338402,bCLIT2krApSrx0n4b42Bzg,2130,1,5135,5,20363,True,bCLIT2krApSrx0n4b42Bzg
2855,2007,7,345,Minneapolis,44.96933969037844,-93.26512481101794,QBDwUQNP5BdimlUsZ_YXMQ,2990,0,4106,4,20368,True,QBDwUQNP5BdimlUsZ_YXMQ
306,2019,5,95,Minneapolis,44.94137290597862,-93.26617180224778,orkFYqhj5_VFUIQ-JpNXdA,3226,0,5248,3,20370,True,orkFYqhj5_VFUIQ-JpNXdA
4954,2011,6,288,Minneapolis,44.99205758091246,-93.2600324355682,rwhGoH0EPYhqhgmiuqqk2g,2829,1,5639,1,20377,True,rwhGoH0EPYhqhgmiuqqk2g
3734,2009,7,110,Minneapolis,44.97895956067819,-93.29617626056968,ktvuF1E9xlBLu4TsCAlXZw,2761,2,5640,1,20380,True,ktvuF1E9xlBLu4TsCAlXZw
2051,2016,8,193,Minneapolis,44.96030666051779,-93.24988258173292,PHyvwSeDtBMpZGRUqlppjg,910,2,5641,1,20381,True,PHyvwSeDtBMpZGRUqlppjg
358,2019,6,209,Minneapolis,44.94129189297754,-93.21400325243404,Y8gn10HhBMjN_rNhd_qatg,8,1,4294,4,20383,True,Y8gn10HhBMjN_rNhd_qatg
4641,2019,6,241,Minneapolis,44.98936242796575,-93.29817455801034,z6YlzTWjCgZI83XzhLMAzQ,2348,1,5642,2,20399,True,z6YlzTWjCgZI83XzhLMAzQ
1399,2018,10,323,Minneapolis,44.95333836863,-93.26512864636928,TfDuItRqLoK1wYJqTkrLeg,528,1,1053,3,20400,True,TfDuItRqLoK1wYJqTkrLeg
5063,2007,6,359,Minneapolis,44.99330500011726,-93.23707928153418,hW5b968Z-S88o9xsNbJH3g,1426,0,1549,6,20407,True,hW5b968Z-S88o9xsNbJH3g
2708,2009,7,292,Minneapolis,44.96731208688523,-93.2300522628698,-rssbyElxFjABfVQcKC84Q,1969,2,4750,3,20412,True,-rssbyElxFjABfVQcKC84Q
5004,2007,7,306,Minneapolis,44.99307779312358,-93.29608753262973,L_17HLxZXQdLjUOvrDqlcQ,422,0,429,5,20413,True,L_17HLxZXQdLjUOvrDqlcQ
298,2017,8,234,Minneapolis,44.94126545261759,-93.27407951100578,iwvbMcsPY_BOyK5mTbLadA,585,0,598,7,20417,True,iwvbMcsPY_BOyK5mTbLadA
3796,2013,8,358,Minneapolis,44.97918371491853,-93.22930166744052,jSXrmVpAweGDRTNsuZIN6Q,111,1,5643,1,20421,True,jSXrmVpAweGDRTNsuZIN6Q
4955,2011,6,350,Minneapolis,44.99224600341434,-93.26111421847254,_lt_wYejz95_qlKz1FwAMg,1152,0,1227,3,20428,True,_lt_wYejz95_qlKz1FwAMg
3467,2017,8,10,Minneapolis,44.97599919168307,-93.29007098492788,4ZAjH6u1V2BJHGCgGOZUtA,2198,1,2876,5,20430,True,4ZAjH6u1V2BJHGCgGOZUtA
4491,2016,10,73,Minneapolis,44.98729017004002,-93.26418713991409,D9RtaOu1H3cc5bRQgba6oQ,128,1,5644,1,20431,True,D9RtaOu1H3cc5bRQgba6oQ
1732,2014,9,245,Minneapolis,44.95733900061342,-93.29615638053704,hVXaCpTvkIeJ-ntt9pUfTA,1506,0,1648,6,20432,True,hVXaCpTvkIeJ-ntt9pUfTA
5144,2019,6,286,Minneapolis,44.99428376198667,-93.24902641024006,cOIfvB-4i6yM37_mRa7A6Q,2367,1,3947,3,20452,True,cOIfvB-4i6yM37_mRa7A6Q
3751,2017,10,325,Minneapolis,44.97932210780645,-93.27523527671777,rE86qGFtpR_FRfdiWbbfHQ,2839,0,3732,5,20454,True,rE86qGFtpR_FRfdiWbbfHQ
596,2009,10,12,Minneapolis,44.94434164866373,-93.2486800210826,TIUPazA-GJTFP8n6H6elWQ,2571,0,3210,4,20461,True,TIUPazA-GJTFP8n6H6elWQ
4063,2007,6,316,Minneapolis,44.98200832853693,-93.236323522881,Iz7F4hiH7iH9zrh67QA7Xw,2762,0,3564,7,20465,True,Iz7F4hiH7iH9zrh67QA7Xw
2761,2011,6,254,Minneapolis,44.96804709148003,-93.26809762611592,b2JcYFdeL6Fk9KpmnAW84Q,1116,1,5645,2,20468,True,b2JcYFdeL6Fk9KpmnAW84Q
4159,2012,8,216,Minneapolis,44.98342304883737,-93.23531166414534,FEFptO3_5cJNG36JCYQWLg,2670,0,3383,7,20469,True,FEFptO3_5cJNG36JCYQWLg
2776,2008,9,77,Minneapolis,44.96825403554321,-93.25306728046851,G1HvGgAo6QQBxP4jfjRHPw,2963,0,4044,6,20470,True,G1HvGgAo6QQBxP4jfjRHPw
4711,2009,6,269,Minneapolis,44.98965834054164,-93.23017037252568,lIJEWKdHK15222C0SAAqMg,1470,0,1607,3,20479,True,lIJEWKdHK15222C0SAAqMg
2055,2018,8,342,Minneapolis,44.9602757454634,-93.24611551454466,KCd_GOfWG6plKpea_97uCQ,220,0,221,6,20489,True,KCd_GOfWG6plKpea_97uCQ
2171,2007,7,243,Minneapolis,44.96079316839642,-93.22193914999788,WJZMCiaiZ50dM7fSfRm3lQ,439,1,4219,4,20494,True,WJZMCiaiZ50dM7fSfRm3lQ
1353,2019,6,295,Minneapolis,44.95198593916835,-93.21915241111,n-VZR8R_vBLEU-p0iOfl3Q,3043,2,5646,1,20502,True,n-VZR8R_vBLEU-p0iOfl3Q
1463,2007,7,92,Minneapolis,44.95425767159517,-93.2919372798858,7x0K485z4a0904drsCT69w,3206,1,5647,1,20505,True,7x0K485z4a0904drsCT69w
1224,2017,8,94,Minneapolis,44.9512705923322,-93.25758130158552,m9GflmqgZwKxyPD0atmRwA,1398,1,1950,3,20506,True,m9GflmqgZwKxyPD0atmRwA
4775,2017,8,255,Minneapolis,44.99033110238076,-93.25796333210282,AzE9RZXW72L2GFoWb_wrqQ,1227,1,5648,1,20508,True,AzE9RZXW72L2GFoWb_wrqQ
1242,2019,6,32,Minneapolis,44.95134106125941,-93.24021588839352,1DoUIYtwVeDvVLzWUxn3ug,2657,0,3353,6,20511,True,1DoUIYtwVeDvVLzWUxn3ug
3044,2009,7,260,Minneapolis,44.97134434814489,-93.25848950441,lcspM3Hd8U12nNdU5mqX9A,2327,1,3057,3,20517,True,lcspM3Hd8U12nNdU5mqX9A
1474,2007,7,31,Minneapolis,44.95429491627176,-93.28131983008215,q5iAX9YBTm3bonyc2GoO1Q,818,2,5649,1,20518,True,q5iAX9YBTm3bonyc2GoO1Q
2950,2007,7,189,Minneapolis,44.97029848845607,-93.2611887888844,kAKB46_J9BflN-vuSdkaIw,3124,1,4729,5,20521,True,kAKB46_J9BflN-vuSdkaIw
2498,2014,9,12,Minneapolis,44.9653368443723,-93.25822626223118,_JZ2D6nVfkQpaYfW0z7Y7Q,1869,0,2119,5,20522,True,_JZ2D6nVfkQpaYfW0z7Y7Q
3134,2019,6,15,Minneapolis,44.97238397310073,-93.25939385012038,VknAKz0OhPbZqE7b9x37AQ,1347,0,1455,4,20527,True,VknAKz0OhPbZqE7b9x37AQ
3613,2015,7,279,Minneapolis,44.97716537529771,-93.23314879117912,qP8afFJ846n855Ai_Prb0w,2569,2,5650,1,20529,True,qP8afFJ846n855Ai_Prb0w
4368,2011,6,168,Minneapolis,44.98637909923002,-93.29820817475245,BZm4LaSzHLj9aWWU_SfQYQ,2012,3,5651,1,20543,True,BZm4LaSzHLj9aWWU_SfQYQ
685,2019,6,61,Minneapolis,44.94534753953278,-93.25120963321204,rnpJJk0nbCVuZzmGPOWGOg,1263,0,1357,4,20544,True,rnpJJk0nbCVuZzmGPOWGOg
4354,2009,6,224,Minneapolis,44.98529381412204,-93.22288226935014,inoHcMNd8V4cfFN1Vs4_Vw,1250,0,1339,5,20551,True,inoHcMNd8V4cfFN1Vs4_Vw
944,2017,11,322,Minneapolis,44.94833364571497,-93.26517500232926,9hhqh81PVxdSULdHPpmSYA,2837,2,5652,1,20553,True,9hhqh81PVxdSULdHPpmSYA
996,2019,6,345,Minneapolis,44.94831692275458,-93.2131732739854,csO3k4mjLEeeenxItOyuMQ,267,0,269,7,20561,True,csO3k4mjLEeeenxItOyuMQ
1764,2011,9,177,Minneapolis,44.95732247546061,-93.26420840547696,dUYiaPkEtE5i1YR7FmMkHg,1081,2,5653,1,20562,True,dUYiaPkEtE5i1YR7FmMkHg
3049,2019,6,102,Minneapolis,44.97125754806188,-93.25331980461873,01_tebVtgaRCNF7gbUvJ4g,3163,0,4769,6,20569,True,01_tebVtgaRCNF7gbUvJ4g
4314,2009,7,22,Minneapolis,44.98531597348491,-93.26210614371084,3dd3P2FKJ1YHcVR9fYelwA,1292,1,1908,4,20578,True,3dd3P2FKJ1YHcVR9fYelwA
1417,2011,7,320,Minneapolis,44.95329781101562,-93.24741276942152,8CVX2Nvm1rFVaL4lk5EmYA,1935,1,5172,3,20582,True,8CVX2Nvm1rFVaL4lk5EmYA
4227,2019,6,232,Minneapolis,44.98446040254574,-93.25662814489154,H3vgrplf-DmgmlKT_JeY3w,1283,0,1383,5,20591,True,H3vgrplf-DmgmlKT_JeY3w
1450,2011,10,62,Minneapolis,44.95334639847635,-93.21399304328924,yyGV727woxBkK8b-16bcHw,3192,1,5654,1,20619,True,yyGV727woxBkK8b-16bcHw
895,2016,9,236,Minneapolis,44.94732951112857,-93.22296054223165,r_za-c_JvJ-0KoDxdCZcjw,2283,0,2717,4,20622,True,r_za-c_JvJ-0KoDxdCZcjw
21,2014,8,188,Minneapolis,44.93825696301646,-93.27796160832229,l9Y13iTjeisGck2cYRxz5w,2218,0,2611,9,20628,True,l9Y13iTjeisGck2cYRxz5w
4614,2011,7,120,Minneapolis,44.98836473276265,-93.23725112804092,7xjgQKqBLdc8kjxSIlJjYA,2193,0,2574,6,20631,True,7xjgQKqBLdc8kjxSIlJjYA
1263,2019,6,261,Minneapolis,44.95129390289917,-93.21911135102344,kjLnRgCKhYKnvNWpSHFYjQ,2294,0,2730,3,20640,True,kjLnRgCKhYKnvNWpSHFYjQ
4153,2011,10,103,Minneapolis,44.98333094554767,-93.24305212409638,oiCzvtlIEAjALOE0LBgQyQ,2412,0,2935,9,20643,True,oiCzvtlIEAjALOE0LBgQyQ
3358,2009,6,276,Minneapolis,44.97337448348206,-93.21793739491343,mhKwfF3nmmtjdL8XlR9Kmg,730,0,751,6,20645,True,mhKwfF3nmmtjdL8XlR9Kmg
3254,2009,8,289,Minneapolis,44.9732874070348,-93.23031730913073,EZmsg3NVouH7i9yFv2i7Pg,2466,1,3582,3,20646,True,EZmsg3NVouH7i9yFv2i7Pg
2058,2013,8,24,Minneapolis,44.96039266811698,-93.24281606919742,CDVMW9IVn3L_ipCOqpLIOw,1857,0,2104,6,20651,True,CDVMW9IVn3L_ipCOqpLIOw
224,2009,10,205,Minneapolis,44.93954799141738,-93.25723743014214,fehE1S3P3Ls9u5awgVul6A,49,3,5655,1,20656,True,fehE1S3P3Ls9u5awgVul6A
3766,2014,9,39,Minneapolis,44.97951708823615,-93.26460920772058,6HchoTkLpvU0ydmLVDKZXw,2500,0,3087,8,20662,True,6HchoTkLpvU0ydmLVDKZXw
2004,2019,5,108,Minneapolis,44.9603120243378,-93.29691769330144,6d3r0XwRyTJ-pfHVhwVb9A,2306,1,5656,1,20664,True,6d3r0XwRyTJ-pfHVhwVb9A
2314,2018,9,60,Minneapolis,44.96325130176771,-93.25971587242988,audq069nF6eDI_aoJfgBfg,1410,0,1530,5,20672,True,audq069nF6eDI_aoJfgBfg
1975,2017,8,262,Minneapolis,44.95917369230021,-93.23509161950426,JyUn8r9CoG5tjB937iErPw,605,1,5657,1,20675,True,JyUn8r9CoG5tjB937iErPw
4500,2017,8,45,Minneapolis,44.98709349445056,-93.25606535253198,NpL0rZlKblwWV9CBQxUkEg,2954,1,4558,4,20680,True,NpL0rZlKblwWV9CBQxUkEg
4768,2019,6,31,Minneapolis,44.98994192113106,-93.26357304479583,d9JQbAwI0V9Uz-Hv4swPcg,155,0,156,4,20685,True,d9JQbAwI0V9Uz-Hv4swPcg
4849,2013,9,190,Minneapolis,44.9920718222327,-93.2782059978959,E_fGB-eabFSNo1dF8PeMOA,1585,3,5658,1,20687,True,E_fGB-eabFSNo1dF8PeMOA
2738,2011,10,58,Minneapolis,44.96845955455722,-93.29111442090472,hSlCletPNm5zqQiNkn1m0A,2331,3,5659,1,20693,True,hSlCletPNm5zqQiNkn1m0A
2705,2009,6,244,Minneapolis,44.96723388586134,-93.2331439587078,89l5PD1_SG46NmNQ4GPsDA,2585,1,5660,1,20694,True,89l5PD1_SG46NmNQ4GPsDA
54,2019,6,278,Minneapolis,44.93831586224897,-93.24484680471473,_woW_d9eJI4RGI17JdtZxg,2155,1,5318,5,20696,True,_woW_d9eJI4RGI17JdtZxg
3266,2011,7,115,Minneapolis,44.97339810783458,-93.21807898650096,8yqVP-H7fTys0nwLztVg7A,730,1,1131,3,20700,True,8yqVP-H7fTys0nwLztVg7A
1758,2011,8,179,Minneapolis,44.95739577017941,-93.27023919042546,AH7ks8lcflKMnNI_XhAflA,2475,1,5661,1,20701,True,AH7ks8lcflKMnNI_XhAflA
1954,2014,9,300,Minneapolis,44.95927500077481,-93.25618912255224,hasRH0fZtVcVO2fykGVhkA,2787,2,5662,1,20708,True,hasRH0fZtVcVO2fykGVhkA
531,2019,6,128,Minneapolis,44.94320694075572,-93.22319222468298,zQTUE7ZDPUO1qgRZaDecZA,3115,0,4541,5,20710,True,zQTUE7ZDPUO1qgRZaDecZA
1546,2009,10,224,Minneapolis,44.95490688314177,-93.20778840738684,K3nUfXXWA5QVl3QuQbIB0g,2437,3,5663,2,20711,True,K3nUfXXWA5QVl3QuQbIB0g
4450,2007,6,143,Minneapolis,44.98663117090619,-93.2168893798244,FQC1OXmmQZcvHHwdhxKdkg,3119,2,5664,1,20718,True,FQC1OXmmQZcvHHwdhxKdkg
1032,2018,10,88,Minneapolis,44.9493163195459,-93.2677968662452,-jPT8uEVdU3tLGqwOwKCSg,1106,0,1172,10,20721,True,-jPT8uEVdU3tLGqwOwKCSg
3223,2019,6,214,Minneapolis,44.97339519919657,-93.26100560932896,309-ho2h3NluXEJuOJMOqw,1565,0,1715,7,20722,True,309-ho2h3NluXEJuOJMOqw
547,2011,6,288,Minneapolis,44.94429956143329,-93.29831440781308,TwUDxWCdBFMtaan4BigBlA,565,0,578,3,20726,True,TwUDxWCdBFMtaan4BigBlA
4432,2014,9,147,Minneapolis,44.98628336807846,-93.23479627917828,0VxD_dGTKlERfZwTHYTuuw,1165,2,5665,1,20736,True,0VxD_dGTKlERfZwTHYTuuw
3733,2009,7,196,Minneapolis,44.97926052243571,-93.29720259729228,nEvcIwVrfXAtKUOrLld8eA,2702,0,3447,3,20738,True,nEvcIwVrfXAtKUOrLld8eA
96,2011,6,260,Minneapolis,44.93952520897149,-93.29413642955872,SB21KBxEOSzCbVU55PzhdA,1366,2,5666,1,20747,True,SB21KBxEOSzCbVU55PzhdA
831,2011,8,104,Minneapolis,44.9472565458229,-93.28685736946586,ZktgyhrkcmL0pAx6c6LZBg,1260,1,5176,3,20751,True,ZktgyhrkcmL0pAx6c6LZBg
1632,2009,10,283,Minneapolis,44.95534977563813,-93.21405756180312,jXLlxl8moVepFF5iSYE3zQ,280,2,4277,6,20756,True,jXLlxl8moVepFF5iSYE3zQ
521,2007,7,218,Minneapolis,44.94296893636785,-93.23321886258512,DztDkevedP1WTHZfyowqxg,995,0,1048,5,20761,True,DztDkevedP1WTHZfyowqxg
3575,2011,6,301,Minneapolis,44.9775361039741,-93.27549791629116,XOGlQxZKTxZiC14DnuhKRQ,471,0,480,4,20762,True,XOGlQxZKTxZiC14DnuhKRQ
686,2009,10,32,Minneapolis,44.94533841775864,-93.24996221152612,fkijXu9Em_wEz1CrhT8rKw,1628,1,2455,3,20768,True,fkijXu9Em_wEz1CrhT8rKw
517,2007,7,220,Minneapolis,44.94330824072061,-93.23723102839988,HeBivEc4khgFL33UILUFbg,2935,1,5667,2,20769,True,HeBivEc4khgFL33UILUFbg
1090,2011,9,356,Minneapolis,44.94934401223212,-93.21019589368068,xwuWQCvgX7jG-SiLuY_PNQ,620,1,4453,5,20773,True,xwuWQCvgX7jG-SiLuY_PNQ
4762,2009,6,239,Minneapolis,44.99025414123977,-93.27211265639384,hCyVlOAEE9MZcA1l1E1scg,2220,1,4284,4,20777,True,hCyVlOAEE9MZcA1l1E1scg
5267,2019,7,153,Minneapolis,44.99516190233319,-93.22118742487838,XmN7o_q-nzv6DxkWwmkmBw,2877,0,3833,4,20782,True,XmN7o_q-nzv6DxkWwmkmBw
5040,2007,7,66,Minneapolis,44.99322534035326,-93.2652718238638,gS4a6yC1a0sR4eo7PTeiHQ,2551,1,4625,4,20789,True,gS4a6yC1a0sR4eo7PTeiHQ
4272,2011,7,266,Minneapolis,44.98447784102189,-93.21185480666009,vFjfVmQV9b7GHbBYWLlMuw,960,1,5668,1,20790,True,vFjfVmQV9b7GHbBYWLlMuw
835,2019,5,251,Minneapolis,44.94727704361437,-93.28304204140828,eCJfHQjNsnBplr93Ao1IAg,2840,2,5669,1,20798,True,eCJfHQjNsnBplr93Ao1IAg
2128,2007,7,83,Minneapolis,44.96092461970061,-93.26408872774606,FXEKVSVDS5zxSxWsTIZ_gw,2753,1,4262,3,20800,True,FXEKVSVDS5zxSxWsTIZ_gw
897,2009,10,86,Minneapolis,44.94732186473491,-93.22041584400132,fsEw_1KXLwSfbrUab21mZw,175,0,176,4,20801,True,fsEw_1KXLwSfbrUab21mZw
4420,2016,9,292,Minneapolis,44.98654930756882,-93.2509984089164,VQxxhOCdFRO6m8SR0hX1hA,2205,0,2592,10,20802,True,VQxxhOCdFRO6m8SR0hX1hA
5237,2019,6,116,Minneapolis,44.99507562918042,-93.24911053821684,ubTbVk-jZu6JnN5F9oRaEw,3201,1,5264,3,20803,True,ubTbVk-jZu6JnN5F9oRaEw
4006,2019,7,101,Minneapolis,44.98223958447619,-93.2969798472977,mmmQuQ20BAgx6w8B4q1B_Q,2507,0,3100,3,20805,True,mmmQuQ20BAgx6w8B4q1B_Q
3579,2011,6,322,Minneapolis,44.97729122335814,-93.27005718489724,KVK726wVqUFptqbU2uCKRA,340,1,1104,4,20806,True,KVK726wVqUFptqbU2uCKRA
3645,2019,6,206,Minneapolis,44.97830710623941,-93.28953672992102,JyJwFE-ybc0DOkts-1LARQ,1563,1,5670,1,20809,True,JyJwFE-ybc0DOkts-1LARQ
3699,2007,6,345,Minneapolis,44.97828882217064,-93.23919335051896,IowGRH9IgtnhHy3v4sWDHA,223,0,224,7,20812,True,IowGRH9IgtnhHy3v4sWDHA
2309,2017,8,317,Minneapolis,44.96328668546942,-93.26512914032114,-Snp5AsCdy5aivUGhpz_PA,1399,0,1517,8,20817,True,-Snp5AsCdy5aivUGhpz_PA
3483,2007,7,171,Minneapolis,44.976374525027,-93.27411044563846,2ekIcDJIVKrN2IpIkJxj_w,525,0,538,10,20829,True,2ekIcDJIVKrN2IpIkJxj_w
4131,2019,6,307,Minneapolis,44.98273474628686,-93.26080234188692,1T3igVIfFkpdE-2RGm18Vw,247,0,248,4,20837,True,1T3igVIfFkpdE-2RGm18Vw
591,2016,8,239,Minneapolis,44.94423134342466,-93.25375960730868,lOIh6CLBnDbKPTXm99K8Xg,2519,0,3115,4,20838,True,lOIh6CLBnDbKPTXm99K8Xg
4328,2011,6,295,Minneapolis,44.98528459200074,-93.25236034890992,wCatWFeZggsp0qvEFmpCsQ,1556,1,5671,1,20844,True,wCatWFeZggsp0qvEFmpCsQ
614,2019,6,343,Minneapolis,44.94424309505072,-93.23121742820356,N2CNrxKSF1sn11q66Gr9sg,1800,0,2030,5,20848,True,N2CNrxKSF1sn11q66Gr9sg
1740,2007,7,18,Minneapolis,44.95733509523127,-93.28805531070245,Ssv-mNE66bkCj3HzCIQWpg,112,1,2952,3,20856,True,Ssv-mNE66bkCj3HzCIQWpg
2741,2017,8,311,Minneapolis,44.96891042274607,-93.28899367278431,9MJR9QstF_J1toB_tNkVHA,877,0,916,6,20860,True,9MJR9QstF_J1toB_tNkVHA
3278,2016,11,285,Minneapolis,44.97420288442392,-93.295422148677,3W_l2gAGj8rrkrS3kMcCvQ,2209,1,2949,4,20861,True,3W_l2gAGj8rrkrS3kMcCvQ
3978,2009,6,297,Minneapolis,44.98021631666198,-93.23182324903826,PM64k8eJAFTXN0HnO0jIHg,2145,1,2902,7,20863,True,PM64k8eJAFTXN0HnO0jIHg
1070,2011,9,177,Minneapolis,44.9493079166339,-93.23002514910748,zwQ9x0-e7btoxBJ7dZ4fsg,2786,1,4745,3,20866,True,zwQ9x0-e7btoxBJ7dZ4fsg
717,2009,10,16,Minneapolis,44.94527709434276,-93.21911720257266,auRD8-s7wSYGxW0_0icpvA,1972,1,3152,4,20867,True,auRD8-s7wSYGxW0_0icpvA
5082,2007,7,14,Minneapolis,44.99332239160087,-93.22155047243842,oIFlf0I2MFWnf143d_NRcg,1681,0,1865,4,20878,True,oIFlf0I2MFWnf143d_NRcg
2182,2009,6,26,Minneapolis,44.96131295907943,-93.21030898338606,y6_Bq1MkRfEbiDYw-adubg,2939,1,5672,1,20887,True,y6_Bq1MkRfEbiDYw-adubg
3200,2017,8,24,Minneapolis,44.97322403649299,-93.28410654923032,in_JOgdAzzVvrQVu6uFGCg,2275,0,2704,4,20889,True,in_JOgdAzzVvrQVu6uFGCg
4139,2020,6,86,Minneapolis,44.98317602697857,-93.25227270450492,CAoSLEFGMVFpcE5LbFkxVHdqRnM3dnhHZDQyemNKZC12X1F2a3FUbVBMN2U1NzhO,386,2,5673,1,20895,True,CAoSLEFGMVFpcE5LbFkxVHdqRnM3dnhHZDQyemNKZC12X1F2a3FUbVBMN2U1NzhO
4799,2019,7,323,Minneapolis,44.9902966792007,-93.23333431045648,lpQ8ZABXhT95AqJn_tLEtw,706,1,1792,4,20908,True,lpQ8ZABXhT95AqJn_tLEtw
4516,2019,6,144,Minneapolis,44.98694775607759,-93.23604337347706,9D9fT8W41rOnW_dDub6OEQ,2410,1,3481,3,20912,True,9D9fT8W41rOnW_dDub6OEQ
716,2011,9,95,Minneapolis,44.94528534442074,-93.22037115460896,st9hQlMg2t6gw0X4ig5N0Q,2934,1,5674,1,20921,True,st9hQlMg2t6gw0X4ig5N0Q
650,2019,5,107,Minneapolis,44.9453068839973,-93.28558848367192,2oI9sLr2nkqr8Ira6Huqiw,2241,0,2648,3,20937,True,2oI9sLr2nkqr8Ira6Huqiw
4169,2009,10,240,Minneapolis,44.98336149724695,-93.23001067539562,OINyjlZOyUxKSgviLSNH3A,988,1,5675,2,20947,True,OINyjlZOyUxKSgviLSNH3A
1347,2009,10,147,Minneapolis,44.95196926740396,-93.22611127526926,CbjSj0LeQlkj70FS0QbJkg,2748,1,5676,1,20953,True,CbjSj0LeQlkj70FS0QbJkg
807,2007,7,300,Minneapolis,44.9463045984327,-93.22041511947744,AY2z8dLW73egs5d_GPOosw,1365,1,3530,5,20955,True,AY2z8dLW73egs5d_GPOosw
3614,2016,10,193,Minneapolis,44.97734407539632,-93.2363470551745,MBc-Df-NEjQc7J6gpKx3qQ,366,0,372,11,20956,True,MBc-Df-NEjQc7J6gpKx3qQ
23,2019,5,105,Minneapolis,44.93835550549282,-93.27664398918871,ZXdPqXuCN2_4QI3z_BewWw,3017,0,4183,5,20960,True,ZXdPqXuCN2_4QI3z_BewWw
2228,2009,6,122,Minneapolis,44.96233110162465,-93.25485817414692,8BSUixClJosa_Ej6voNwGw,657,1,5044,3,20963,True,8BSUixClJosa_Ej6voNwGw
881,2011,7,220,Minneapolis,44.94726215654502,-93.23718233355876,mJhSb4JO6rpk8I2dwwQKog,3152,0,4714,6,20974,True,mJhSb4JO6rpk8I2dwwQKog
5110,2019,6,106,Minneapolis,44.99416785132912,-93.28212081407035,Rp7TYGQH5ZCFBdlyUWYmfA,1673,1,1980,3,20975,True,Rp7TYGQH5ZCFBdlyUWYmfA
311,2007,7,38,Minneapolis,44.94137309941949,-93.2612494197269,2-37bBJgINRJcgUCl_3flQ,3113,1,5010,5,20976,True,2-37bBJgINRJcgUCl_3flQ
459,2014,10,35,Minneapolis,44.9429339077407,-93.29509566958724,E8vbT6O7xaPm0bahmYhzxQ,2876,1,5631,3,20977,True,E8vbT6O7xaPm0bahmYhzxQ
644,2014,10,64,Minneapolis,44.9452845234213,-93.29196868836245,d-dCwNe08-1jQmHWVYb0GA,1455,0,1589,4,20978,True,d-dCwNe08-1jQmHWVYb0GA
240,2016,9,358,Minneapolis,44.94033577318422,-93.24060299320573,Xr5mwvrNqJQFfiX29rZZkQ,3144,0,4668,5,20994,True,Xr5mwvrNqJQFfiX29rZZkQ
3573,2018,10,30,Minneapolis,44.97729822850677,-93.27316383679208,pbXj9HGXRc2wK45CHcbhWw,2119,0,2472,11,20996,True,pbXj9HGXRc2wK45CHcbhWw
4408,2009,7,236,Minneapolis,44.98642699737555,-93.25889655919426,3D92Vp-WgdDUwy8OHWUKOQ,2132,2,5632,3,20998,True,3D92Vp-WgdDUwy8OHWUKOQ
4882,2019,7,78,Minneapolis,44.99154285850253,-93.2431481949407,pwM6H-kYZbbGizOPUlCz0w,1776,0,1995,5,20999,True,pwM6H-kYZbbGizOPUlCz0w
4695,2011,6,51,Minneapolis,44.9889359836225,-93.2504412306885,gqbWnYmZ8rFa9sGP1avHPg,1173,0,1253,5,21007,True,gqbWnYmZ8rFa9sGP1avHPg
5202,2011,6,354,Minneapolis,44.99565863134941,-93.2873353243017,mDT0-vuHDXtJdArYEdLcgg,3013,1,5199,3,21011,True,mDT0-vuHDXtJdArYEdLcgg
1418,2019,6,74,Minneapolis,44.95332095408316,-93.24611103813716,VAggho22uuHPQ_zA4XxMJA,2971,1,5677,1,21018,True,VAggho22uuHPQ_zA4XxMJA
2089,2019,6,300,Minneapolis,44.96034522659614,-93.21213242852625,93ouRjOvKXpGCA4InS6WqQ,2444,0,2985,4,21019,True,93ouRjOvKXpGCA4InS6WqQ
4555,2016,10,91,Minneapolis,44.98805386809548,-93.20917956793572,n_eIugsh2P5FSAQWfk3XNg,60,0,60,16,21031,True,n_eIugsh2P5FSAQWfk3XNg
3260,2015,8,47,Minneapolis,44.97332765942918,-93.22380478290272,9B2WF-vV40a7-vNmUJGZsA,865,0,903,9,21034,True,9B2WF-vV40a7-vNmUJGZsA
5188,2008,9,79,Minneapolis,44.99520668460404,-93.29919763103896,fuw1jIfRfs24jxdWPZpldw,1684,1,5678,1,21046,True,fuw1jIfRfs24jxdWPZpldw
665,2007,7,50,Minneapolis,44.94532614508516,-93.27153688314802,5Cw8dlH296DrrihpBUrOZg,3232,1,5679,1,21048,True,5Cw8dlH296DrrihpBUrOZg
3370,2019,7,306,Minneapolis,44.97522227966681,-93.29521451830276,PQwIn2qWQf7EumYj8i5WQw,3141,1,5680,2,21055,True,PQwIn2qWQf7EumYj8i5WQw
4360,2017,8,98,Minneapolis,44.98511999537673,-93.21430575908116,89DLGIpY7YsOspMughjjog,2846,1,3871,4,21062,True,89DLGIpY7YsOspMughjjog
4750,2011,6,309,Minneapolis,44.99015127330586,-93.27589393540296,x2rGXgJr3CX9VWwpnEq7Mw,740,2,5681,1,21064,True,x2rGXgJr3CX9VWwpnEq7Mw
2356,2016,11,5,Minneapolis,44.96306669886095,-93.21843461664167,Q-WvdEX1Xxm_WlYjMKeMmA,1723,1,3168,4,21065,True,Q-WvdEX1Xxm_WlYjMKeMmA
1546,2014,10,39,Minneapolis,44.95491606414928,-93.20780524112786,gCldgotSLUlO4zE1CRSqWQ,2437,4,5682,1,21079,True,gCldgotSLUlO4zE1CRSqWQ
543,2019,6,133,Minneapolis,44.94330804960367,-93.21117012083997,ufaxhQRpWPRIC1BU_0Yprw,176,2,5683,1,21080,True,ufaxhQRpWPRIC1BU_0Yprw
2524,2017,10,204,Minneapolis,44.96529232675771,-93.2322022634762,3bVTtervwp0IeaqjdJxK6g,824,1,2857,3,21081,True,3bVTtervwp0IeaqjdJxK6g
3855,2014,10,77,Minneapolis,44.98001931389449,-93.27037092982113,F3oy6854aHxfXXlj5rU2-Q,1600,0,1761,8,21085,True,F3oy6854aHxfXXlj5rU2-Q
2417,2009,6,111,Minneapolis,44.96439381093451,-93.24732508289335,rfclQ3XqXeW4u_Gn8JJxug,3061,0,4329,6,21087,True,rfclQ3XqXeW4u_Gn8JJxug
3802,2009,7,255,Minneapolis,44.97935515950785,-93.23122324665302,qa4mB9NVWwH82OefK7shqg,1160,1,5684,1,21091,True,qa4mB9NVWwH82OefK7shqg
2819,2009,10,324,Minneapolis,44.96819313330952,-93.21019292568808,CL1rGFHSkSVbyqXjKs_Uyg,3189,2,5685,1,21112,True,CL1rGFHSkSVbyqXjKs_Uyg
2558,2017,8,200,Minneapolis,44.96643822958044,-93.28909110152809,RoQQ5-xxXkM4_qe6wB0HYg,127,1,5686,1,21115,True,RoQQ5-xxXkM4_qe6wB0HYg
4427,2014,9,198,Minneapolis,44.9863600216008,-93.2439932205234,ekrnZmH4dSEMYbVTrgb_iw,3168,0,4787,3,21119,True,ekrnZmH4dSEMYbVTrgb_iw
694,2014,9,336,Minneapolis,44.94528682560232,-93.24233265171009,hQnRhGvo4nipNSGbNIpKlA,2947,1,5687,1,21121,True,hQnRhGvo4nipNSGbNIpKlA
693,2014,9,30,Minneapolis,44.9447523415387,-93.24314661828087,5C8Xdoit-UQe8_U5mp1V3Q,436,2,5688,1,21127,True,5C8Xdoit-UQe8_U5mp1V3Q
1673,2009,7,97,Minneapolis,44.95625255803285,-93.26387852181448,U1yslrmnsqKShgZMRjUf9w,1424,0,1546,5,21128,True,U1yslrmnsqKShgZMRjUf9w
1386,2019,6,345,Minneapolis,44.95333423042639,-93.27793908974373,n3MIAnxJ8LCdFh-lKeakxQ,2503,0,3094,6,21129,True,n3MIAnxJ8LCdFh-lKeakxQ
3680,2009,6,181,Minneapolis,44.97832101725179,-93.25810260411004,8LJ_WySGoi5fj3sbaX-Ykg,2373,0,2863,7,21133,True,8LJ_WySGoi5fj3sbaX-Ykg
3424,2016,8,354,Minneapolis,44.97526104349929,-93.24196531093402,a_Mi8Rc-P6ah0F6jbYfeZQ,2741,1,4120,3,21137,True,a_Mi8Rc-P6ah0F6jbYfeZQ
3859,2012,10,308,Minneapolis,44.9804607375034,-93.2619915166118,Giv6puR3aoF7fgCuhaLLnw,2566,1,3381,6,21150,True,Giv6puR3aoF7fgCuhaLLnw
1809,2009,10,37,Minneapolis,44.95740915320744,-93.21911880339889,6MS_u2J_rJ459C-o9T6Hew,3183,0,4888,3,21152,True,6MS_u2J_rJ459C-o9T6Hew
4135,2009,7,281,Minneapolis,44.98285294171817,-93.26457626565588,Qigu2rKjQcUZUpq7xNhQag,2892,0,3873,7,21160,True,Qigu2rKjQcUZUpq7xNhQag
2438,2019,6,164,Minneapolis,44.96434650991188,-93.22812381814376,WxZUiCODLofG2sfR6Xur4w,1513,0,1655,5,21162,True,WxZUiCODLofG2sfR6Xur4w
2882,2011,6,340,Minneapolis,44.96937761480658,-93.23903893675498,Y8Glpeao_mxVgRdAyWBuMg,2390,0,2893,6,21165,True,Y8Glpeao_mxVgRdAyWBuMg
3555,2019,6,115,Minneapolis,44.97798544811401,-93.29734488241697,vjqIGK9zXWTjTrVnZxtLcw,270,0,272,3,21169,True,vjqIGK9zXWTjTrVnZxtLcw
180,2019,6,18,Minneapolis,44.93934265320421,-93.21019785406922,s1LgvDYYfzPEyX1fbPUVOg,178,0,179,3,21170,True,s1LgvDYYfzPEyX1fbPUVOg
2446,2014,9,82,Minneapolis,44.96430706030894,-93.21923506078356,ASy1FO4s4Q8w_Xoq3oRnng,2496,1,5689,1,21176,True,ASy1FO4s4Q8w_Xoq3oRnng
1395,2013,8,194,Minneapolis,44.95336290238799,-93.26899588417974,IbcqaMJKxyxTB5Pz1xVPgQ,1685,1,4214,10,21178,True,IbcqaMJKxyxTB5Pz1xVPgQ
4698,2014,9,146,Minneapolis,44.98906479564091,-93.24436090498074,EDwmcJdMB36MTr_cCXBslg,2646,1,5349,4,21179,True,EDwmcJdMB36MTr_cCXBslg
5228,2007,7,359,Minneapolis,44.99523281169837,-93.2631572765412,mn2k3_Yfe2gn6YK87bZ6bg,2888,2,5690,1,21180,True,mn2k3_Yfe2gn6YK87bZ6bg
2830,2016,8,324,Minneapolis,44.96921267989491,-93.29028080357054,TGI9Fn3twCsDdpu4F4piKg,1768,3,5691,1,21187,True,TGI9Fn3twCsDdpu4F4piKg
3616,2017,10,47,Minneapolis,44.97762610617976,-93.23191614546197,uR1_bBKvhVHD02p6jU5ZFA,763,0,788,11,21196,True,uR1_bBKvhVHD02p6jU5ZFA
5152,2007,7,204,Minneapolis,44.99433710685952,-93.24350529492511,lVQ6oaO1RWgGWnQoetDDuA,2515,1,5692,1,21206,True,lVQ6oaO1RWgGWnQoetDDuA
4578,2014,9,302,Minneapolis,44.98827964861769,-93.26814196879197,0zmhF2Hy1wm8dD01A4pQPA,1861,0,2109,6,21212,True,0zmhF2Hy1wm8dD01A4pQPA
2198,2016,10,7,Minneapolis,44.96221355868261,-93.28547968504093,gV8XvngkOYDD2fBLDOYZ1Q,3138,1,5693,1,21215,True,gV8XvngkOYDD2fBLDOYZ1Q
2098,2012,8,81,Minneapolis,44.96131282762134,-93.29437543287293,0334DbfrNtDQzooA9SJZcQ,2917,0,3928,4,21221,True,0334DbfrNtDQzooA9SJZcQ
1702,2017,8,38,Minneapolis,44.95633575356807,-93.23469600300189,je8mZoR0h_Vgp6aZoRi86Q,326,0,330,4,21226,True,je8mZoR0h_Vgp6aZoRi86Q
3104,2019,7,87,Minneapolis,44.97236329955705,-93.28932023075429,K-9eQkWU5HC5ehZCFwQLLA,1301,1,5694,1,21227,True,K-9eQkWU5HC5ehZCFwQLLA
508,2019,6,234,Minneapolis,44.94330270920909,-93.24610649343124,bdaDPBAosMDm5LjgnP4V6w,2982,0,4081,3,21236,True,bdaDPBAosMDm5LjgnP4V6w
2890,2012,8,54,Minneapolis,44.96994750079644,-93.2294056810516,ToI4jbuzf4zMP_nXOM3BUw,915,2,2650,3,21238,True,ToI4jbuzf4zMP_nXOM3BUw
1308,2014,10,314,Minneapolis,44.95236496890705,-93.26519030852924,8wshjnMZRErtFGvwKwZrsQ,2049,0,2374,7,21242,True,8wshjnMZRErtFGvwKwZrsQ
2104,2017,11,41,Minneapolis,44.96126552412585,-93.28808349959748,TWOuuNifTO9ViMjoK1hhaw,1017,1,2315,7,21248,True,TWOuuNifTO9ViMjoK1hhaw
972,2007,7,353,Minneapolis,44.94830912333686,-93.23710776936936,Yyvv5-2XZ-mjtehn3W98RQ,1241,0,1330,10,21258,True,Yyvv5-2XZ-mjtehn3W98RQ
4616,2009,10,127,Minneapolis,44.98828042751384,-93.23204797534576,xDdo8P4kLmjZgd9d3HuCFg,1720,1,3843,4,21271,True,xDdo8P4kLmjZgd9d3HuCFg
2854,2017,11,63,Minneapolis,44.96912224895263,-93.26625483369058,_UWYzNQjuzLfL8oob7uPvQ,84,3,5695,1,21277,True,_UWYzNQjuzLfL8oob7uPvQ
3571,2009,7,328,Minneapolis,44.97761973574744,-93.27386641807662,VhYr28CBRlPFYHxsy9GNUA,1536,0,1680,10,21278,True,VhYr28CBRlPFYHxsy9GNUA
1036,2016,9,166,Minneapolis,44.94929855559466,-93.263946774485,xnFysGRm6qiaQMEF-8T3jQ,495,1,2971,3,21287,True,xnFysGRm6qiaQMEF-8T3jQ
1685,2016,8,58,Minneapolis,44.95632840447717,-93.25240385548403,4BAKRQrrnrN64CNPKUYvAA,659,1,4297,7,21288,True,4BAKRQrrnrN64CNPKUYvAA
749,2018,10,233,Minneapolis,44.9462774114215,-93.27797350851472,2OagPrZ3MYlED130ypkoxA,1381,1,2301,3,21293,True,2OagPrZ3MYlED130ypkoxA
1995,2016,9,199,Minneapolis,44.9599986732476,-93.21413475924489,pX0cP4258wr5yhhTBuNG7w,1031,2,5696,1,21296,True,pX0cP4258wr5yhhTBuNG7w
3216,2017,8,277,Minneapolis,44.97320001368588,-93.26800387397026,4olTcmK-n5ZvCnJ2CCDXew,512,0,523,10,21298,True,4olTcmK-n5ZvCnJ2CCDXew
4808,2019,6,92,Minneapolis,44.98963735607909,-93.22413758667466,3EFsgUJl_rfdiYomRrEK4w,2866,0,3809,3,21303,True,3EFsgUJl_rfdiYomRrEK4w
855,2011,6,318,Minneapolis,44.94734947899384,-93.26264521852372,cBFNJAs_2Bzl3lqLAjIOUw,384,0,390,7,21304,True,cBFNJAs_2Bzl3lqLAjIOUw
1721,2019,6,347,Minneapolis,44.95634859928968,-93.21603838893871,A9Gmv0svzm5pjEi7lbPv_Q,2471,0,3031,6,21307,True,A9Gmv0svzm5pjEi7lbPv_Q
4507,2011,6,7,Minneapolis,44.98743144410807,-93.24995325375262,QM2_pLfsKmzAn_XFtdvUww,1359,0,1469,8,21310,True,QM2_pLfsKmzAn_XFtdvUww
3541,2009,6,52,Minneapolis,44.97647026829151,-93.21981625848596,c7lKxx6Tys5aRgw_NHRzBw,1192,0,1278,6,21312,True,c7lKxx6Tys5aRgw_NHRzBw
3934,2017,10,122,Minneapolis,44.98132439755504,-93.28299851904649,_EVlf1OeCIGUuAxIa3W2-g,1089,1,3571,6,21314,True,_EVlf1OeCIGUuAxIa3W2-g
780,2016,8,162,Minneapolis,44.94628220139689,-93.2473987510441,ZlAcgtVgtCrQ2xBCZV6BdA,1525,0,1669,8,21315,True,ZlAcgtVgtCrQ2xBCZV6BdA
1644,2007,7,98,Minneapolis,44.95630793947162,-93.29314604989185,vOSQLOaUfakj0EfJfyYWQg,51,0,51,5,21317,True,vOSQLOaUfakj0EfJfyYWQg
2278,2011,6,4,Minneapolis,44.96335530468563,-93.2956156036458,wbUIU4uLIPiKMNr-HU78ag,1656,0,1831,3,21326,True,wbUIU4uLIPiKMNr-HU78ag
193,2016,7,88,Minneapolis,44.9402624058764,-93.2881656415696,tMJF3EX9W9tRrXPd2T02HQ,1668,0,1846,6,21335,True,tMJF3EX9W9tRrXPd2T02HQ
5188,2009,7,94,Minneapolis,44.99522675016925,-93.29920443908588,nkzD8GaxKgWXGQtpnB_VxQ,1684,2,5697,1,21336,True,nkzD8GaxKgWXGQtpnB_VxQ
670,2007,7,237,Minneapolis,44.94532327464235,-93.26644137335089,VzRj7uVk8np_nYzC51lheA,23,0,23,5,21346,True,VzRj7uVk8np_nYzC51lheA
3884,2016,10,338,Minneapolis,44.98053229829238,-93.23761157306215,qSNj4C9gLFjpWJnds1p8ew,2139,0,2500,4,21349,True,qSNj4C9gLFjpWJnds1p8ew
3983,2014,9,50,Minneapolis,44.98156486515072,-93.22491488766522,m_c62CVKLSa1LmLlkAPYYw,2940,0,3982,5,21351,True,m_c62CVKLSa1LmLlkAPYYw
4189,2017,8,181,Minneapolis,44.98331606686618,-93.20916655970052,V8B-45s9SFSLich6GOI2LQ,2100,1,5698,1,21352,True,V8B-45s9SFSLich6GOI2LQ
5183,2009,7,195,Minneapolis,44.99427115968489,-93.21160399002312,N4kKFdkKpZ4r3PeVBSw4Fg,1645,2,5699,1,21357,True,N4kKFdkKpZ4r3PeVBSw4Fg
1793,2009,10,266,Minneapolis,44.95738530559065,-93.2351506996149,3SP6fg6HdNA2w9RDSVMPfA,43,0,43,4,21366,True,3SP6fg6HdNA2w9RDSVMPfA
1938,2011,6,217,Minneapolis,44.95919731986282,-93.27211563789284,9oUdVYYkr0Y5VwPW95d3LQ,2767,2,5700,1,21371,True,9oUdVYYkr0Y5VwPW95d3LQ
4788,2009,7,187,Minneapolis,44.98996156307593,-93.24343102462016,iR13UsquijZhjakJ-bgnLw,2570,1,5701,1,21377,True,iR13UsquijZhjakJ-bgnLw
5116,2020,6,24,Minneapolis,44.99425087835824,-93.27614676902832,CAoSLEFGMVFpcE9pRElLUVZRNkhSZE5McjQ4cUl3T3M2bzVJS0d3SDJRRFpLM0xJ,1084,1,5702,1,21382,True,CAoSLEFGMVFpcE9pRElLUVZRNkhSZE5McjQ4cUl3T3M2bzVJS0d3SDJRRFpLM0xJ
4502,2016,10,241,Minneapolis,44.98727708980031,-93.259403870837,d5CFCaQDPhlDhaDvGan8Rw,3051,0,4289,6,21400,True,d5CFCaQDPhlDhaDvGan8Rw
949,2009,7,75,Minneapolis,44.94831845174855,-93.26016423574082,sLofRA6UhCvEcFipzkX80A,1073,1,4590,4,21402,True,sLofRA6UhCvEcFipzkX80A
3775,2016,9,342,Minneapolis,44.97960569799321,-93.2598626503777,6_tSjogJWhOj4goru0Spgw,767,1,3049,4,21403,True,6_tSjogJWhOj4goru0Spgw
594,2009,10,88,Minneapolis,44.94430362647686,-93.25120942094796,lzSeMlv3wEkrDNNiBNSjoQ,2764,0,3580,4,21404,True,lzSeMlv3wEkrDNNiBNSjoQ
3167,2016,9,200,Minneapolis,44.97231382297955,-93.2256704197152,BrGvQtJoxTJ6yIMjRWi4Ng,570,0,583,8,21406,True,BrGvQtJoxTJ6yIMjRWi4Ng
1203,2011,6,54,Minneapolis,44.95130141184947,-93.2796634409672,v46T5hA37jYgBU_stK2UcQ,2509,0,3103,6,21408,True,v46T5hA37jYgBU_stK2UcQ
931,2016,8,64,Minneapolis,44.94842641549473,-93.27812884432628,9Awo69QwLZXFjnNJNlC6cQ,1528,0,1672,6,21411,True,9Awo69QwLZXFjnNJNlC6cQ
3572,2019,6,71,Minneapolis,44.97705041070578,-93.2779207366324,PwjQsBfSmyKWRuYD_LEBNw,739,0,760,4,21424,True,PwjQsBfSmyKWRuYD_LEBNw
1456,2011,9,333,Minneapolis,44.95432701186783,-93.2989484094454,f4yZq57xqZoosrJRsSvpnw,1473,0,1610,5,21425,True,f4yZq57xqZoosrJRsSvpnw
468,2014,9,214,Minneapolis,44.94327508790474,-93.28560708506969,UCQEsyawCS-0UMhp5HFN_Q,1745,1,5703,1,21445,True,UCQEsyawCS-0UMhp5HFN_Q
4512,2019,6,220,Minneapolis,44.9872595002454,-93.245044607025,jllPOhK8ybT9eL9eECMlbA,1451,1,5704,1,21467,True,jllPOhK8ybT9eL9eECMlbA
4670,2009,6,155,Minneapolis,44.98947001547858,-93.26523853364482,N1TxjvjuoAntSk0y2Yc_RA,2222,0,2617,3,21470,True,N1TxjvjuoAntSk0y2Yc_RA
943,2019,5,42,Minneapolis,44.94838747365549,-93.26613956826046,hlkmijh55e92NiMuL25U5A,3118,1,5331,3,21472,True,hlkmijh55e92NiMuL25U5A
398,2013,8,90,Minneapolis,44.9423070013594,-93.26515379597868,xFDJ0I5PTCY2namfYlLNBw,1667,0,1844,11,21477,True,xFDJ0I5PTCY2namfYlLNBw
2306,2007,7,107,Minneapolis,44.96318646947299,-93.26772324773648,XSWP1DvBirwFQ0apVYc_jw,1144,0,1218,8,21478,True,XSWP1DvBirwFQ0apVYc_jw
5224,2007,7,55,Minneapolis,44.9952847845395,-93.25815525569,gWu9z2vGONRd6MAsuz4mPA,1522,1,5705,1,21481,True,gWu9z2vGONRd6MAsuz4mPA
1417,2018,10,146,Minneapolis,44.95330319982695,-93.24736428457662,g6HPkZcN6j9R7P2ZD9rSlA,1935,0,2208,7,21493,True,g6HPkZcN6j9R7P2ZD9rSlA
2372,2019,5,335,Minneapolis,44.96429188852503,-93.29310584360036,sjegZQaNK0DCGLLueJZ--Q,3220,0,5150,4,21498,True,sjegZQaNK0DCGLLueJZ--Q
216,2014,10,150,Minneapolis,44.9402602638724,-93.26637613425746,ErLSMKmixsnDzAqYV1dUrg,3004,0,4131,6,21499,True,ErLSMKmixsnDzAqYV1dUrg
3321,2019,6,316,Minneapolis,44.97427357015562,-93.25410152955612,bb82Foi0lWdD8BKwOKi_NA,3097,0,4461,9,21517,True,bb82Foi0lWdD8BKwOKi_NA
3502,2009,7,9,Minneapolis,44.97632804011632,-93.25508309608114,8gJFrvTo5P4tDhEykjopDQ,1662,0,1838,9,21519,True,8gJFrvTo5P4tDhEykjopDQ
4691,2009,7,50,Minneapolis,44.98923945731198,-93.25107752157,bdGIj_-DfncZgXxwB0MduQ,1137,5,5706,1,21523,True,bdGIj_-DfncZgXxwB0MduQ
2598,2019,10,5,Minneapolis,44.96637590860937,-93.2491568612777,Y1JiiuEkHB2txlNDFy3vHg,3154,0,4726,7,21530,True,Y1JiiuEkHB2txlNDFy3vHg
3564,2019,6,213,Minneapolis,44.97725887453613,-93.2788156287417,ePG3b1zt6Gmo_3ibgVZIKg,2679,0,3398,7,21531,True,ePG3b1zt6Gmo_3ibgVZIKg
1233,2014,9,169,Minneapolis,44.9512819409562,-93.24868540049128,O-T0M4F4HwJWdmr9fLxlaA,2321,0,2775,4,21539,True,O-T0M4F4HwJWdmr9fLxlaA
299,2019,6,17,Minneapolis,44.94136278146079,-93.27312064713418,sktO8xJxbNTQgyWfoW2bEw,349,1,3774,3,21548,True,sktO8xJxbNTQgyWfoW2bEw
4608,2016,11,80,Minneapolis,44.98794586202968,-93.24148355213336,Pt5butAZFTYiACbIFzxUzw,1240,0,1329,5,21553,True,Pt5butAZFTYiACbIFzxUzw
4662,2019,6,210,Minneapolis,44.98914656465093,-93.28136484643603,pM7ofd8Wu5hPQB6in4rlIQ,1050,1,4363,4,21564,True,pM7ofd8Wu5hPQB6in4rlIQ
774,2017,8,8,Minneapolis,44.94656879833065,-93.25319552722304,5_HwxdDRUJ-EBYdqEtOyog,820,0,853,7,21568,True,5_HwxdDRUJ-EBYdqEtOyog
3748,2017,8,337,Minneapolis,44.97946546318816,-93.28186947317052,WITMZ8kPs9BxuHKCQtQx_g,2882,0,3854,5,21569,True,WITMZ8kPs9BxuHKCQtQx_g
1637,2013,8,27,Minneapolis,44.95563634716977,-93.20881241918096,GrJJeqc_Bg1xL9hz8My5ug,1323,0,1426,4,21574,True,GrJJeqc_Bg1xL9hz8My5ug
4594,2009,7,179,Minneapolis,44.9883099397331,-93.25922332230942,TaaV_09onWqYVwx2h3fr0g,2958,0,4030,8,21578,True,TaaV_09onWqYVwx2h3fr0g
3518,2009,7,346,Minneapolis,44.97632751055728,-93.23814293129423,ruLoGXFtig3jyHqdJi96qQ,704,3,5707,1,21582,True,ruLoGXFtig3jyHqdJi96qQ
2280,2012,7,84,Minneapolis,44.96331235927437,-93.29435368136843,G04CmWa6wUaaJsq6PcveOw,3070,1,5708,1,21583,True,G04CmWa6wUaaJsq6PcveOw
4659,2011,6,314,Minneapolis,44.98916847305763,-93.28340254904172,mE62geeYkLd8w-lp6RrlQQ,2524,0,3123,7,21584,True,mE62geeYkLd8w-lp6RrlQQ
665,2011,8,220,Minneapolis,44.94529994906416,-93.27155673100626,6ls9Nm1twAApNXquEK2jlQ,3232,0,5323,4,21591,True,6ls9Nm1twAApNXquEK2jlQ
1213,2009,7,98,Minneapolis,44.95126773241942,-93.26900416422994,E-j8vlLi59F3L9gtSvtlqg,1508,0,1650,5,21602,True,E-j8vlLi59F3L9gtSvtlqg
786,2009,10,198,Minneapolis,44.94657955116345,-93.24115066208785,-AFOCMcOfdFzUFkSxeotVQ,3126,2,5709,1,21604,True,-AFOCMcOfdFzUFkSxeotVQ
534,2009,10,302,Minneapolis,44.94321564666809,-93.22004243208428,nmrBBKQ-cPgfxWkwMFF6uA,1742,1,3727,3,21615,True,nmrBBKQ-cPgfxWkwMFF6uA
942,2009,10,79,Minneapolis,44.94842007294553,-93.26712277908628,dtPf47ksnu2Yyr_mFCh0ow,2489,0,3069,9,21623,True,dtPf47ksnu2Yyr_mFCh0ow
2945,2019,6,168,Minneapolis,44.97036310410598,-93.26613412733694,0cYV64btnY8LRWKISUO0ew,322,0,326,8,21624,True,0cYV64btnY8LRWKISUO0ew
4660,2016,9,117,Minneapolis,44.98931788644126,-93.28016068356108,uGALGhU_7y2IRFaRlnIPZA,1300,0,1401,4,21627,True,uGALGhU_7y2IRFaRlnIPZA
4756,2009,7,14,Minneapolis,44.99000019111325,-93.27556910618904,CofDknWXzSpuXoGPGjxkPg,16,0,16,6,21628,True,CofDknWXzSpuXoGPGjxkPg
841,2016,9,196,Minneapolis,44.94739082604151,-93.27666075385264,RyQPUtKC-8eEhNdDWE1W4g,408,0,414,5,21635,True,RyQPUtKC-8eEhNdDWE1W4g
1575,2019,6,187,Minneapolis,44.95554249053559,-93.27111587967435,aip5emhEDpu78Jw3J5HXJg,1210,0,1297,9,21640,True,aip5emhEDpu78Jw3J5HXJg
2002,2019,7,248,Minneapolis,44.96023789096087,-93.2997233314243,ppw_L3gUTtJJuVMv_BfZ_Q,2694,0,3430,4,21643,True,ppw_L3gUTtJJuVMv_BfZ_Q
4156,2009,7,265,Minneapolis,44.98330789528595,-93.236284455475,nTh8znTzzwG_7jcNL4s67w,2378,0,2870,9,21647,True,nTh8znTzzwG_7jcNL4s67w
4666,2017,8,299,Minneapolis,44.98943420803118,-93.27696585006122,D4_lpMMki-LpWTsI1lu0YA,1744,3,5710,1,21650,True,D4_lpMMki-LpWTsI1lu0YA
4404,2014,9,29,Minneapolis,44.98653183337473,-93.2638567133182,Ga6pbeCIM7-yWqLhzDyoJg,1821,3,5711,1,21658,True,Ga6pbeCIM7-yWqLhzDyoJg
857,2019,5,257,Minneapolis,44.94733433097592,-93.26138768486756,xmwNBFAMc8t5Qw-gJoNbWg,747,0,769,3,21660,True,xmwNBFAMc8t5Qw-gJoNbWg
412,2009,10,172,Minneapolis,44.94232708254427,-93.25119146929296,FRe-VTkR3FiqPwEAK8t69Q,2312,0,2758,5,21666,True,FRe-VTkR3FiqPwEAK8t69Q
1998,2019,6,228,Minneapolis,44.95931556865795,-93.2120843427943,gY2qeVTnjvCYZrnhXmIWAg,503,1,1342,3,21670,True,gY2qeVTnjvCYZrnhXmIWAg
2765,2011,10,284,Minneapolis,44.96807934818877,-93.26410056089075,dA9vCt6oeYabaw5Up9UAGw,1402,0,1521,7,21671,True,dA9vCt6oeYabaw5Up9UAGw
2611,2011,10,264,Minneapolis,44.96630014538997,-93.23614400893833,qByRrC714ZF82cK8V_uDkw,1933,1,4629,5,21681,True,qByRrC714ZF82cK8V_uDkw
198,2011,6,42,Minneapolis,44.9403364007311,-93.28305432444462,GXWMB6QgRik6-ZLEQCtLQQ,2289,0,2725,6,21687,True,GXWMB6QgRik6-ZLEQCtLQQ
4236,2019,6,231,Minneapolis,44.98424898602394,-93.24514874308714,eOtghZS35rgREPU6q7O0mA,1865,0,2115,13,21688,True,eOtghZS35rgREPU6q7O0mA
1194,2019,5,207,Minneapolis,44.95130568897502,-93.28814213137576,zMbuWey6_D3jdqxrOpE0bA,2330,0,2789,8,21691,True,zMbuWey6_D3jdqxrOpE0bA
5065,2017,8,155,Minneapolis,44.993319325229,-93.23618220681936,DNxOvj4VoXKR-EXE1CL5YQ,703,0,724,8,21693,True,DNxOvj4VoXKR-EXE1CL5YQ
2080,2007,7,310,Minneapolis,44.96022483013324,-93.22133111337914,CfwrwUZ1ntgv3BEncCOfMg,715,0,736,7,21699,True,CfwrwUZ1ntgv3BEncCOfMg
4237,2007,7,267,Minneapolis,44.98436297927576,-93.24735870897334,5HqtnaTKiszbxc94KgL-tw,2875,1,4248,3,21706,True,5HqtnaTKiszbxc94KgL-tw
2787,2013,8,139,Minneapolis,44.96813958471791,-93.24226621950696,fVrYAaKIO4z40KsIQD47QQ,1842,0,2086,8,21710,True,fVrYAaKIO4z40KsIQD47QQ
4821,2009,6,18,Minneapolis,44.99016949362188,-93.21261892424296,gcBi3BJezV7dV1U7lFUW6w,1729,1,5712,1,21713,True,gcBi3BJezV7dV1U7lFUW6w
3857,2017,11,144,Minneapolis,44.98039263667314,-93.2651202135155,Tr-CwSwTp9I9srofjV92Ig,348,0,354,7,21717,True,Tr-CwSwTp9I9srofjV92Ig
4734,2008,9,83,Minneapolis,44.99084473681594,-93.29614453759363,bir_G47ISYBn7_nqEdH_0w,1033,1,5713,1,21721,True,bir_G47ISYBn7_nqEdH_0w
1552,2014,9,96,Minneapolis,44.95524626998171,-93.294421598782,LF1gTV5ZbP0Lk0rI8GtkFA,2783,0,3618,5,21722,True,LF1gTV5ZbP0Lk0rI8GtkFA
593,2015,9,69,Minneapolis,44.9442781830302,-93.25246027105192,eqwiL1FolLbzIe-c6bfcXQ,59,1,3333,3,21732,True,eqwiL1FolLbzIe-c6bfcXQ
5227,2014,9,187,Minneapolis,44.99506201637599,-93.25712207697175,10HgCoOvLGw1LEsPfz_Knw,631,0,646,4,21735,True,10HgCoOvLGw1LEsPfz_Knw
293,2011,8,18,Minneapolis,44.94135945177975,-93.2792572183885,S39k-6OfEavi31xA4IIjrA,2681,2,5714,1,21736,True,S39k-6OfEavi31xA4IIjrA
2375,2012,9,249,Minneapolis,44.96425395198517,-93.29011147920409,clyDRpqQyorEEb6qfrWwGg,2968,0,4053,7,21737,True,clyDRpqQyorEEb6qfrWwGg
3075,2007,6,343,Minneapolis,44.97132268431068,-93.22709298527606,f4jdUPttfGmlnhD1FSZwYg,1,0,1,3,21741,True,f4jdUPttfGmlnhD1FSZwYg
3119,2019,6,236,Minneapolis,44.97233500684944,-93.27416002396686,m5SlTC56QRlvmhTKcb6Meg,1309,1,5715,1,21745,True,m5SlTC56QRlvmhTKcb6Meg
3158,2019,6,134,Minneapolis,44.97238365746797,-93.23514036469211,gUHF5nPGlCASjbDYia0Sgw,2725,1,5103,4,21753,True,gUHF5nPGlCASjbDYia0Sgw
3125,2017,8,181,Minneapolis,44.97248810399324,-93.2680146838538,71HP53h6e11FbUL5k7u6yA,1488,0,1627,8,21754,True,71HP53h6e11FbUL5k7u6yA
4957,2017,8,61,Minneapolis,44.99222313838875,-93.25226230540686,kzCXkyQE8eTvkPvNgw4Dwg,3140,2,5716,2,21756,True,kzCXkyQE8eTvkPvNgw4Dwg
409,2019,6,147,Minneapolis,44.94229107682951,-93.25373948339993,GPeUXW_5OLYr1P58sVz6WA,505,0,515,6,21771,True,GPeUXW_5OLYr1P58sVz6WA
4672,2009,6,274,Minneapolis,44.98929027850096,-93.26617399346324,W_3PPFeKkxa5_ihMbXA5Sg,2114,1,4768,4,21779,True,W_3PPFeKkxa5_ihMbXA5Sg
3966,2016,10,102,Minneapolis,44.98162244528251,-93.2496644913665,ohdt-ExkmgvUoD9z9bvkFw,2563,0,3196,5,21787,True,ohdt-ExkmgvUoD9z9bvkFw
4354,2011,7,30,Minneapolis,44.98527840936125,-93.22288923399827,Z_e9wCK1EDDTFJkHqc6S1Q,1250,1,5717,1,21790,True,Z_e9wCK1EDDTFJkHqc6S1Q
1980,2016,10,29,Minneapolis,44.95932769747075,-93.22984314598716,TXeXcpFMBwGeuqdO1_ipYw,3158,0,4746,4,21794,True,TXeXcpFMBwGeuqdO1_ipYw
5273,2019,6,275,Minneapolis,44.99521635034963,-93.21621426625444,qjXSQ2a-BGBN_irYAOpAPg,699,2,5718,1,21800,True,qjXSQ2a-BGBN_irYAOpAPg
3965,2012,8,261,Minneapolis,44.98155545234592,-93.24488053159185,4RAvuK_wwKhPgDflU21kgg,1390,0,1507,7,21801,True,4RAvuK_wwKhPgDflU21kgg
3583,2009,7,3,Minneapolis,44.97713287379278,-93.26278076893789,I0UAhyJMMaVDD_OGK_uAng,1512,0,1654,7,21806,True,I0UAhyJMMaVDD_OGK_uAng
3986,2011,6,272,Minneapolis,44.98192434331173,-93.22550761939172,fzVFMviTkIETD8cSG17PkQ,1062,1,5719,1,21811,True,fzVFMviTkIETD8cSG17PkQ
1233,2019,6,333,Minneapolis,44.9512859878229,-93.2486716665562,kMx6nyOdNqRrn_r6_Ca1RA,2321,1,3506,3,21827,True,kMx6nyOdNqRrn_r6_Ca1RA
4745,2017,8,253,Minneapolis,44.99024874027332,-93.28547644424953,KrW_s9n1DoD5-mCe6a14og,2287,1,4932,3,21832,True,KrW_s9n1DoD5-mCe6a14og
1984,2017,8,151,Minneapolis,44.95919199816945,-93.22613485041896,Zf8Pp0J3GTJXU_XSZJ7AVg,464,1,2606,4,21834,True,Zf8Pp0J3GTJXU_XSZJ7AVg
4631,2019,6,168,Minneapolis,44.98829702727731,-93.21901921378638,0RW9lE5t0ksH7nWg2t6anQ,2200,0,2584,4,21837,True,0RW9lE5t0ksH7nWg2t6anQ
153,2019,6,189,Minneapolis,44.93924064417044,-93.23721548256464,KY0TC9UgKGM2w3hwpMafBA,1418,1,5720,2,21838,True,KY0TC9UgKGM2w3hwpMafBA
4601,2019,6,265,Minneapolis,44.98829299819386,-93.2481897888527,GE0x9raPJysie-aQQZdacA,2899,1,5525,4,21839,True,GE0x9raPJysie-aQQZdacA
5155,2014,9,31,Minneapolis,44.99433197554047,-93.24098137960546,nxfCmJMXYlwYb3moJfaKMg,828,0,861,3,21849,True,nxfCmJMXYlwYb3moJfaKMg
321,2009,10,328,Minneapolis,44.94135354626939,-93.25116678622436,ZfN8k798amTvpGQKpkEvpw,856,1,1958,5,21855,True,ZfN8k798amTvpGQKpkEvpw
8,2014,8,264,Minneapolis,44.93827685323583,-93.2907538694414,KonxOXYDajL2Y7WxFI8uRw,2105,1,5457,3,21856,True,KonxOXYDajL2Y7WxFI8uRw
4314,2019,6,191,Minneapolis,44.98535113890581,-93.26211540504568,vf3bHPD3p0-izr5tG1G5KA,1292,0,1393,3,21859,True,vf3bHPD3p0-izr5tG1G5KA
4668,2014,9,202,Minneapolis,44.989474803015,-93.27483638195083,xMMdoUb4k8HM88pKFmdW9A,470,0,479,6,21864,True,xMMdoUb4k8HM88pKFmdW9A
1751,2019,6,183,Minneapolis,44.95732192423561,-93.27715060812864,ShAPbC75gZEga8ZLW_CPsw,481,0,490,4,21867,True,ShAPbC75gZEga8ZLW_CPsw
3567,2013,8,146,Minneapolis,44.97692992430453,-93.28208862171816,LUiNHjfb6cP-LMvyv6935g,1279,1,1768,9,21868,True,LUiNHjfb6cP-LMvyv6935g
2948,2014,9,305,Minneapolis,44.97025693575812,-93.26314574271052,sZV1DUM8df68fHTR12-C8w,987,0,1039,6,21872,True,sZV1DUM8df68fHTR12-C8w
4861,2016,10,93,Minneapolis,44.99032664580097,-93.26527721049382,rGZFE88uVT6aGrRFzm67cw,324,2,1743,6,21873,True,rGZFE88uVT6aGrRFzm67cw
2970,2009,7,241,Minneapolis,44.97035434198176,-93.23998085174348,Eli_6jaLe-5Hf4Ii1YXKYQ,400,0,406,6,21875,True,Eli_6jaLe-5Hf4Ii1YXKYQ
3148,2016,8,315,Minneapolis,44.97223999617491,-93.24514938175427,Qg--7U3PScQmNGjvBvyd_w,2972,0,4059,8,21885,True,Qg--7U3PScQmNGjvBvyd_w
3570,2011,6,207,Minneapolis,44.97742403790376,-93.2774878511702,OWiuRLyYh9E1h3vYFvg-gg,1340,2,5721,1,21892,True,OWiuRLyYh9E1h3vYFvg-gg
534,2019,6,121,Minneapolis,44.94324484221961,-93.22006386614504,_cu2nvROKvSn-fxIe1Ic5A,1742,0,1951,3,21896,True,_cu2nvROKvSn-fxIe1Ic5A
3477,2014,9,320,Minneapolis,44.97621040603651,-93.27998961260276,vPmj50IBCicdi6yVhaq91g,1782,2,5722,1,21905,True,vPmj50IBCicdi6yVhaq91g
2655,2017,11,257,Minneapolis,44.96696496770415,-93.2832599464332,2Nnp383aq3GEjbmgWbdOVw,1492,2,5723,1,21907,True,2Nnp383aq3GEjbmgWbdOVw
2995,2007,6,257,Minneapolis,44.97042087145238,-93.21688094774996,zH1jKbGJaeP995bdWbbmaw,1052,0,1109,5,21911,True,zH1jKbGJaeP995bdWbbmaw
1739,2016,9,127,Minneapolis,44.95734153480203,-93.28911944924812,vPVoBwjN4dKw2LeGYifCqw,2904,1,5724,1,21916,True,vPVoBwjN4dKw2LeGYifCqw
3097,2015,7,243,Minneapolis,44.97234140071895,-93.2962714661999,aRRmHNG5vDFpayCvQpIGow,2581,1,5151,3,21920,True,aRRmHNG5vDFpayCvQpIGow
4083,2017,8,287,Minneapolis,44.98231291105967,-93.21858208783348,RTeKCHbL10lGmoYVKl7B_g,3096,0,4456,3,21921,True,RTeKCHbL10lGmoYVKl7B_g
283,2014,8,280,Minneapolis,44.94132702949798,-93.28912671100504,5pkgTxSLCSBF-TvGSzlakw,3125,1,5344,3,21925,True,5pkgTxSLCSBF-TvGSzlakw
599,2009,10,348,Minneapolis,44.94433863028839,-93.24613616595032,lgn1pOnPvzlBVNXuY4NrIg,1277,1,5725,1,21932,True,lgn1pOnPvzlBVNXuY4NrIg
1848,2011,8,261,Minneapolis,44.95827053781166,-93.27150831634606,CDFrAzw4EbCtfUITHZPRiQ,3090,1,5726,1,21939,True,CDFrAzw4EbCtfUITHZPRiQ
2624,2013,8,318,Minneapolis,44.96615952309421,-93.22290673337096,8-QgaCbtcumgcm7Ss4qb7A,1614,1,5727,1,21940,True,8-QgaCbtcumgcm7Ss4qb7A
4650,2016,10,169,Minneapolis,44.98931436512858,-93.28545644691955,M6I9u2eMEfIejwl9O9eAHQ,797,2,5728,1,21943,True,M6I9u2eMEfIejwl9O9eAHQ
2142,2009,6,341,Minneapolis,44.96093589664038,-93.25015537291031,qGEAmhhbS4ML-rcQkC8jvA,2453,0,3004,7,21954,True,qGEAmhhbS4ML-rcQkC8jvA
2805,2009,10,174,Minneapolis,44.96835198005225,-93.2243124177965,IHwOtW20EQajA4k2sQC-lA,2061,0,2393,7,21955,True,IHwOtW20EQajA4k2sQC-lA
3287,2018,10,199,Minneapolis,44.97428134626813,-93.28808627802702,YL02TZxc2kNBjFamE5ac4w,2470,0,3029,4,21957,True,YL02TZxc2kNBjFamE5ac4w
1189,2014,10,85,Minneapolis,44.95128761764763,-93.29316323390252,CAIhsUOMPzoKSp5m6U3q3g,3047,1,4931,4,21959,True,CAIhsUOMPzoKSp5m6U3q3g
334,2007,7,333,Minneapolis,44.94135193998304,-93.2381138723674,5b5OCfPB6Z7A1k8wV_cKYw,1503,1,5229,3,21960,True,5b5OCfPB6Z7A1k8wV_cKYw
5118,2017,10,168,Minneapolis,44.99442307554994,-93.27619596328316,VL-2RsuV429b9Z3DUiFpig,982,0,1031,10,21965,True,VL-2RsuV429b9Z3DUiFpig
4677,2016,10,99,Minneapolis,44.98913595132321,-93.26070073591409,n_jN7rbQonB-7-SfgtpMog,2376,2,5729,1,21971,True,n_jN7rbQonB-7-SfgtpMog
1591,2019,6,191,Minneapolis,44.95533275276442,-93.2549801029428,f7HPG1Jazmt05TPc4l47AQ,2447,1,3578,4,21973,True,f7HPG1Jazmt05TPc4l47AQ
5091,2007,7,113,Minneapolis,44.99323690908039,-93.211398840443,Me60r71CDhzxsFxGZ3C6aw,1394,0,1511,6,21985,True,Me60r71CDhzxsFxGZ3C6aw
689,2017,8,11,Minneapolis,44.94531767311243,-93.24744715161108,wjZocWiJoJkz50cvbfrTdA,2675,2,5730,1,21988,True,wjZocWiJoJkz50cvbfrTdA
3418,2009,6,304,Minneapolis,44.97528521688869,-93.24827767017612,t77e1xct3J3JUrO4zNZ4Pg,1643,0,1816,5,21989,True,t77e1xct3J3JUrO4zNZ4Pg
2455,2019,6,246,Minneapolis,44.96425153571589,-93.21029899215355,2LaRa-Kf2kngU2zV3mhcdQ,2838,1,4351,4,21995,True,2LaRa-Kf2kngU2zV3mhcdQ
1612,2013,8,138,Minneapolis,44.95559474474607,-93.2341832602476,jtUSYoqIjRyORzC1cNA3aw,2873,1,5333,4,22018,True,jtUSYoqIjRyORzC1cNA3aw
2549,2007,7,73,Minneapolis,44.96623200809889,-93.29818545338064,SWNhUBve6kUDdEYuvJUp6A,515,2,5731,1,22020,True,SWNhUBve6kUDdEYuvJUp6A
2680,2016,9,254,Minneapolis,44.96723807175778,-93.25817720086984,5ZOgOob9jWJPuy-yvWEeHw,1854,0,2101,7,22021,True,5ZOgOob9jWJPuy-yvWEeHw
947,2019,5,24,Minneapolis,44.94837161878796,-93.2620956995397,Fj8Ph017d5LE1SMUglZH4Q,527,1,2891,4,22025,True,Fj8Ph017d5LE1SMUglZH4Q
353,2019,6,274,Minneapolis,44.94143885438663,-93.21917345609772,3OZ-ikJGMo-sG0gIfIyB3Q,1298,0,1399,3,22027,True,3OZ-ikJGMo-sG0gIfIyB3Q
4014,2007,8,25,Minneapolis,44.98279985286713,-93.29018236406998,9g4pmf_0XgOXw7yYSDRWBQ,2413,0,2937,4,22032,True,9g4pmf_0XgOXw7yYSDRWBQ
380,2014,8,93,Minneapolis,44.94225195622106,-93.28310532267822,lqqwdCTmdEcvAP_J3RcPww,666,4,5732,1,22038,True,lqqwdCTmdEcvAP_J3RcPww
1593,2009,10,107,Minneapolis,44.95556061977415,-93.25314605440666,FZHtHyO1gH2BcerHxgvAvQ,1233,0,1321,8,22040,True,FZHtHyO1gH2BcerHxgvAvQ
2599,2008,10,84,Minneapolis,44.96620966914389,-93.24814471500406,GSIrwofu58ybp3qmPOaaug,1500,0,1641,6,22041,True,GSIrwofu58ybp3qmPOaaug
1358,2009,10,87,Minneapolis,44.95234417798898,-93.2152750117875,xOVVJjD0hahj8bORKtPB5Q,2673,1,5733,1,22045,True,xOVVJjD0hahj8bORKtPB5Q
3421,2016,8,68,Minneapolis,44.9755621826546,-93.2450761000496,u6di7f83UHu61v5CiV641w,588,1,5734,1,22050,True,u6di7f83UHu61v5CiV641w
4346,2019,7,222,Minneapolis,44.98533519644867,-93.23010914791918,JWYbLAIQsVggiGVCkJ9-wQ,1164,1,3532,5,22052,True,JWYbLAIQsVggiGVCkJ9-wQ
2682,2019,6,179,Minneapolis,44.96727933070581,-93.25635297087392,86GlX0gB69Cy9NmNuedJkQ,2077,0,2414,4,22055,True,86GlX0gB69Cy9NmNuedJkQ
2612,2015,9,121,Minneapolis,44.96660571810735,-93.23515323043544,pcrWuhfZIRHXWvG2YIEf9Q,425,1,682,5,22056,True,pcrWuhfZIRHXWvG2YIEf9Q
4867,2013,8,265,Minneapolis,44.99137844812287,-93.25513936275868,dEqTX-P3o-qp0JYLtwIVRw,2171,2,5735,1,22057,True,dEqTX-P3o-qp0JYLtwIVRw
1694,2008,10,265,Minneapolis,44.9562622277414,-93.24330265549858,fmZWGONb9_ufu9_fmx-lmg,2457,0,3008,8,22060,True,fmZWGONb9_ufu9_fmx-lmg
3756,2009,7,12,Minneapolis,44.97922186815381,-93.27430752213812,GdFrMwqHBPtp_CCZ15Ibhw,2181,0,2556,8,22077,True,GdFrMwqHBPtp_CCZ15Ibhw
4430,2011,7,296,Minneapolis,44.98633668076423,-93.2333655927828,1VsLWif6EcZKoB1CrJgp-w,1202,0,1289,5,22086,True,1VsLWif6EcZKoB1CrJgp-w
4693,2009,6,215,Minneapolis,44.98933612687708,-93.24919723031816,8WIu6g0cG0USHpsBDrBxQg,2849,1,4852,3,22094,True,8WIu6g0cG0USHpsBDrBxQg
2658,2016,8,67,Minneapolis,44.96771768104104,-93.2801815538144,PbX9CdlcwW0prYDVzA5otQ,2097,1,5736,1,22099,True,PbX9CdlcwW0prYDVzA5otQ
435,2015,9,284,Minneapolis,44.94225517208792,-93.22842369831768,GIlmIHMAunlvfzDsUOXcEw,862,0,900,3,22101,True,GIlmIHMAunlvfzDsUOXcEw
4493,2017,10,175,Minneapolis,44.98795449630652,-93.26996565750828,zO7CfmRw7_vYoDxjQy9NoA,2278,2,5737,1,22111,True,zO7CfmRw7_vYoDxjQy9NoA
2914,2019,5,322,Minneapolis,44.97075410407501,-93.2975225954967,fiSA3FZIfpe1QfPz7r1twg,1195,0,1282,7,22114,True,fiSA3FZIfpe1QfPz7r1twg
1632,2019,6,84,Minneapolis,44.95533044110942,-93.21404411860162,FRd8l2H5haVBbwOEGSQjqQ,280,0,282,3,22116,True,FRd8l2H5haVBbwOEGSQjqQ
648,2011,6,269,Minneapolis,44.94534053336371,-93.28810617926796,q7gN9rfujeZwuHNcXMRQ9A,171,0,172,7,22122,True,q7gN9rfujeZwuHNcXMRQ9A
2107,2016,10,291,Minneapolis,44.96123979186223,-93.28549000420205,zLmS7PM_S7wcjLOWrv9Szg,1706,1,5738,1,22126,True,zLmS7PM_S7wcjLOWrv9Szg
706,2014,9,140,Minneapolis,44.94527056124131,-93.23001022800828,eQYDzTMQ4PPUFOMHnIFj0w,547,0,560,4,22127,True,eQYDzTMQ4PPUFOMHnIFj0w
396,2018,10,241,Minneapolis,44.9422715066529,-93.26769600806462,WpKY6QUp0BltC_bZdDs0vw,373,0,379,19,22133,True,WpKY6QUp0BltC_bZdDs0vw
3739,2011,6,61,Minneapolis,44.97933191605851,-93.29145625995784,df6Pgks1e8Eg71VtQFY1ww,2338,2,5739,1,22145,True,df6Pgks1e8Eg71VtQFY1ww
1434,2019,6,288,Minneapolis,44.95333287575939,-93.2299217397284,X4FRkWIBenIZp_JJ0xApJw,211,0,212,5,22147,True,X4FRkWIBenIZp_JJ0xApJw
1035,2011,6,323,Minneapolis,44.94925121870428,-93.26520578777964,Ftnmn1N-qKR71F09AvIQRQ,2697,0,3434,5,22150,True,Ftnmn1N-qKR71F09AvIQRQ
4243,2019,6,176,Minneapolis,44.98433034431165,-93.24011048123812,wMfdtSqJ-zLqm6Pqi505EA,2827,0,3704,5,22153,True,wMfdtSqJ-zLqm6Pqi505EA
3316,2009,7,219,Minneapolis,44.97448513960273,-93.25954416991928,hBBIUix9vyipRhiYBLP7eQ,315,2,5740,1,22157,True,hBBIUix9vyipRhiYBLP7eQ
4401,2016,9,80,Minneapolis,44.98638424972847,-93.26684009037258,S6WZ3VswPuxykpMmS-NVtw,1540,1,5155,3,22161,True,S6WZ3VswPuxykpMmS-NVtw
678,2007,7,333,Minneapolis,44.94568263782095,-93.25753696072248,1QhPuRr1p9i8bHbSvhW-6w,2484,1,5741,1,22164,True,1QhPuRr1p9i8bHbSvhW-6w
2889,2012,8,292,Minneapolis,44.97040444471454,-93.23047456673652,pvCYCr6Aarhk6e-OQodANQ,1818,2,5742,1,22173,True,pvCYCr6Aarhk6e-OQodANQ
1007,2018,10,220,Minneapolis,44.94922351694375,-93.29511117860018,0XLURqFOKcgPiW4C-7BvLQ,3205,0,5004,4,22176,True,0XLURqFOKcgPiW4C-7BvLQ
2527,2009,6,269,Minneapolis,44.96507511607087,-93.22941640308107,br_nJSZ0U2tJf7EJ_5Y7mA,2370,0,2860,4,22178,True,br_nJSZ0U2tJf7EJ_5Y7mA
3315,2009,7,241,Minneapolis,44.97418499917273,-93.25979079465412,wPLehpe0uS1Eg1kB4EHuKg,1596,2,5743,1,22182,True,wPLehpe0uS1Eg1kB4EHuKg
2592,2017,10,73,Minneapolis,44.96637284150925,-93.25518192272816,GNHtrPJZQXK1y7IIcw04eA,2270,0,2695,10,22186,True,GNHtrPJZQXK1y7IIcw04eA
5077,2007,7,77,Minneapolis,44.99328075496847,-93.22672203164169,rUrS2iPQYyV8nL6gFtGeuw,2380,2,5744,1,22191,True,rUrS2iPQYyV8nL6gFtGeuw
104,2007,7,294,Minneapolis,44.93947906341089,-93.2861221021382,5_VzIJsdCBxMhyzNGhN9YA,2335,2,5745,1,22192,True,5_VzIJsdCBxMhyzNGhN9YA
1459,2011,9,144,Minneapolis,44.95434158744845,-93.2957245653402,rhprjfgVE37Q_B9gejDWwg,3213,1,5746,1,22194,True,rhprjfgVE37Q_B9gejDWwg
2176,2014,9,140,Minneapolis,44.96138759587613,-93.21594033115588,BNQYhcvcCMkSaW8FD1DAqA,1683,0,1869,3,22204,True,BNQYhcvcCMkSaW8FD1DAqA
67,2008,9,241,Minneapolis,44.93847034454762,-93.2317594920441,6Izh-jatsSYpV5YojUKNGw,794,0,824,8,22205,True,6Izh-jatsSYpV5YojUKNGw
1025,2007,7,40,Minneapolis,44.94933848120054,-93.27541288824482,imqjlirVzM34riHEu-o_dg,2403,0,2919,6,22212,True,imqjlirVzM34riHEu-o_dg
3713,2007,6,66,Minneapolis,44.97852658434508,-93.22505389318148,ySK77xlkyDZu9ye_r_78sw,1981,0,2272,7,22214,True,ySK77xlkyDZu9ye_r_78sw
4240,2009,6,157,Minneapolis,44.98451856142737,-93.24357635641826,QZZ8Jz5i9mzMbC2HhPbNzQ,674,1,850,4,22215,True,QZZ8Jz5i9mzMbC2HhPbNzQ
69,2019,6,107,Minneapolis,44.93844714954563,-93.229739871451,Ohy6I3oGHrJ1RbBK5bzWzw,2718,2,4375,3,22217,True,Ohy6I3oGHrJ1RbBK5bzWzw
1471,2007,7,257,Minneapolis,44.95373754945946,-93.28412076838198,F2XtWOM-RiCGR0faSvo8lw,1873,2,5747,1,22221,True,F2XtWOM-RiCGR0faSvo8lw
3145,2013,10,102,Minneapolis,44.97212548174956,-93.24818345205875,oOoMImikvksQhSkaxTXtPw,2127,1,5748,1,22224,True,oOoMImikvksQhSkaxTXtPw
5120,2007,7,40,Minneapolis,44.99425894958615,-93.27987942481826,-QX7zPr9VNL9VLVz5wzBbw,3137,0,4633,5,22225,True,-QX7zPr9VNL9VLVz5wzBbw
883,2014,9,220,Minneapolis,44.94723332780489,-93.2351848464106,iZCCM8VHvxu1L4XoB1QMvw,2733,0,3507,6,22226,True,iZCCM8VHvxu1L4XoB1QMvw
1733,2007,7,344,Minneapolis,44.95732262636015,-93.29510188675124,Bgrdj2urzHqBwDaam5_Tfg,2804,0,3659,7,22229,True,Bgrdj2urzHqBwDaam5_Tfg
352,2019,6,110,Minneapolis,44.94140331063444,-93.2201476525162,3Y6xx0QGKxhcfCQI-FWTyg,2122,0,2476,4,22230,True,3Y6xx0QGKxhcfCQI-FWTyg
2868,2008,9,2,Minneapolis,44.96928848964178,-93.2523249990954,XQ1SdxNidzY21Bkrzt9Alg,3033,0,4239,6,22234,True,XQ1SdxNidzY21Bkrzt9Alg
2053,2007,7,203,Minneapolis,44.96048932061782,-93.2477658741556,ZmzIUaXc6PeT9k1TNmI9Kg,1299,0,1400,13,22239,True,ZmzIUaXc6PeT9k1TNmI9Kg
3135,2015,7,117,Minneapolis,44.97219141880922,-93.2581490876689,Bwcnzz8-kogKIchyFrcqVw,2690,0,3422,7,22244,True,Bwcnzz8-kogKIchyFrcqVw
2140,2007,7,107,Minneapolis,44.96128152025114,-93.25231936957424,1IhaYN3FuFQo5w2TjWt_DA,1387,1,5443,3,22249,True,1IhaYN3FuFQo5w2TjWt_DA
588,2011,8,148,Minneapolis,44.94563381514978,-93.25717394137077,KgHIUfJARCzLuOnX0CQmjw,1737,1,5067,3,22252,True,KgHIUfJARCzLuOnX0CQmjw
761,2009,10,157,Minneapolis,44.9463234981941,-93.26646175703311,6PKWqQAZvSPpW0OmQfaCKw,2085,0,2425,6,22256,True,6PKWqQAZvSPpW0OmQfaCKw
577,2007,7,271,Minneapolis,44.94428853650955,-93.26772070545512,AW1psm6rWf5B23WXaOfY7Q,1016,0,1072,10,22258,True,AW1psm6rWf5B23WXaOfY7Q
3894,2009,10,289,Minneapolis,44.98006709620099,-93.23137981549829,wSxKSFfhn6wnRG37MD2blg,2924,0,3949,6,22261,True,wSxKSFfhn6wnRG37MD2blg
376,2016,7,126,Minneapolis,44.94227094079967,-93.28688209903464,teKIfp63DXpdwczAHRtLuQ,761,1,4760,4,22263,True,teKIfp63DXpdwczAHRtLuQ
3311,2011,6,195,Minneapolis,44.9746446776884,-93.26381058574952,wjorm4AfU8hl4EL-Im_1Bg,2116,0,2469,3,22274,True,wjorm4AfU8hl4EL-Im_1Bg
2714,2015,10,214,Minneapolis,44.96734603018906,-93.2239503835794,uKRjkonm8r84Ioot-gX62g,2695,0,3432,4,22277,True,uKRjkonm8r84Ioot-gX62g
2586,2012,8,301,Minneapolis,44.96632947227813,-93.26214559127308,2VJz_ZHV8PaDQjOSWBIaMA,97,0,97,9,22280,True,2VJz_ZHV8PaDQjOSWBIaMA
5096,2007,7,1,Minneapolis,44.99415004495209,-93.29309238279544,3HIYZbg9vIbL9mAy9YeEKg,1699,1,5749,1,22287,True,3HIYZbg9vIbL9mAy9YeEKg
3139,2019,6,56,Minneapolis,44.97222706567315,-93.25516255167048,bR1WXURePWHLjdV1sgvzsg,2107,0,2458,5,22295,True,bR1WXURePWHLjdV1sgvzsg
130,2011,9,233,Minneapolis,44.93930404361658,-93.26002880277264,4cYJPEQ0zEaeH2_LBcy0_g,584,0,597,4,22297,True,4cYJPEQ0zEaeH2_LBcy0_g
888,2011,8,338,Minneapolis,44.94733893897764,-93.23002928041652,9mhex5-5282KhumXfxDmpA,3007,0,4147,4,22321,True,9mhex5-5282KhumXfxDmpA
4411,2019,6,148,Minneapolis,44.98649966326385,-93.25776469308478,5ajX3R7tXigN2_BXGMR6VA,3103,0,4479,6,22324,True,5ajX3R7tXigN2_BXGMR6VA
