place_id,year,month,northdeg,city_id,lat,lon,panoid,spatial_cluster_id,heading_cluster_id,cluster_id,cluster_size,cluster_center_index,is_cluster_center,cluster_center_panoid
182,2019,4,392,OSL,59.90199302467877,10.78855501058088,FYLW2ccGebVvma5dXaAqyw,0,0,0,4,0,True,FYLW2ccGebVvma5dXaAqyw
984,2009,6,201,OSL,59.91705762468704,10.73523588584788,EHaeMiAau2wBdfwNnfEFzA,1,0,1,2,1,True,EHaeMiAau2wBdfwNnfEFzA
1907,2017,5,412,OSL,59.92619090302811,10.71304387763877,kBxIk2262NgFBURvL3mzbw,4,0,4,5,4,True,kBxIk2262NgFBURvL3mzbw
4148,2019,10,504,OSL,59.95012095373684,10.65665196029634,yDn95KAr0WekzVqnCsQlVQ,12,0,12,2,12,True,yDn95KAr0WekzVqnCsQlVQ
1236,2014,6,36,OSL,59.92001459779114,10.69139560518315,3nFL_wGuGlEjaVuQvxCu3g,13,0,13,1,13,True,3nFL_wGuGlEjaVuQvxCu3g
2832,2018,12,214,OSL,59.93491288228479,10.76526997819626,pfOtn8eUbxImZF3VtsG0SA,16,0,16,2,16,True,pfOtn8eUbxImZF3VtsG0SA
1276,2014,8,474,OSL,59.92029901184718,10.73472634585273,dS7tLOCYbyFFSO9tIkSn-g,19,0,19,4,19,True,dS7tLOCYbyFFSO9tIkSn-g
1274,2009,6,440,OSL,59.92003898540866,10.73234088100674,mecoWSiVRrhXCGVQg9nKIA,20,0,20,1,20,True,mecoWSiVRrhXCGVQg9nKIA
805,2018,12,242,OSL,59.91512886768951,10.70606958414802,FFDYF74D13taVnm2qOrsOQ,23,0,23,1,23,True,FFDYF74D13taVnm2qOrsOQ
4616,2009,5,227,OSL,59.95408293178943,10.79235419121245,ewGNkky9F9UMQBn39KqNDA,26,0,26,5,26,True,ewGNkky9F9UMQBn39KqNDA
421,2009,7,173,OSL,59.9090492296142,10.74435045649767,4wXUgE4oZWCfuiMLjK_NyA,28,0,28,4,28,True,4wXUgE4oZWCfuiMLjK_NyA
1910,2018,12,161,OSL,59.92630917259905,10.71800943599489,hWj-0V-AduzMKesQ4TIuxQ,29,0,29,2,29,True,hWj-0V-AduzMKesQ4TIuxQ
486,2017,5,454,OSL,59.91013100908756,10.75688291493151,OQzFVLgJ9PMMh1uMccxbgw,30,0,30,2,30,True,OQzFVLgJ9PMMh1uMccxbgw
1502,2009,7,431,OSL,59.92207241746853,10.73735425258875,7AKqpzNaVN7krt8TTfXHAg,31,0,31,2,31,True,7AKqpzNaVN7krt8TTfXHAg
512,2009,4,305,OSL,59.91002348408826,10.79341623440066,IZFdWYpMhNvqaQW_5L_BJg,39,0,39,8,39,True,IZFdWYpMhNvqaQW_5L_BJg
3933,2017,5,466,OSL,59.94703217642846,10.74936943581773,VtK9Uwiiw4KfDuSC3R2BHQ,40,0,40,2,40,True,VtK9Uwiiw4KfDuSC3R2BHQ
4873,2009,5,504,OSL,59.95800832919684,10.69472650834024,PiE8Xrp_B74ZUcfdmIKJyA,41,0,41,1,41,True,PiE8Xrp_B74ZUcfdmIKJyA
1178,2019,9,360,OSL,59.91898397693183,10.74233143349621,0CzSkm40myvTBorwuylvPQ,42,0,42,3,42,True,0CzSkm40myvTBorwuylvPQ
1147,2009,7,374,OSL,59.91900291680224,10.70137062588809,g2wh-3p-s6DCQUt7-OTv1Q,47,0,47,2,47,True,g2wh-3p-s6DCQUt7-OTv1Q
2771,2009,6,208,OSL,59.93520956608618,10.68714371140088,GwZkGjp_U_1vUUq9VwFv0w,50,0,50,2,50,True,GwZkGjp_U_1vUUq9VwFv0w
4696,2019,6,100,OSL,59.95597015128824,10.64315188891157,zI5m2oWofOzdHFPv7DJetQ,51,0,51,2,51,True,zI5m2oWofOzdHFPv7DJetQ
3212,2017,5,170,OSL,59.93893214954259,10.76298433843027,qix8onXt7jfoMfgsYw-UOQ,52,0,52,4,52,True,qix8onXt7jfoMfgsYw-UOQ
2942,2009,6,37,OSL,59.93604205529323,10.78435028256334,lB9pfwjwDMJzUJwj5kq9QA,53,0,53,2,53,True,lB9pfwjwDMJzUJwj5kq9QA
2047,2017,5,221,OSL,59.92699323456617,10.7611280113505,41xZo2JyYwOY8vIHAagegw,56,0,56,5,56,True,41xZo2JyYwOY8vIHAagegw
3993,2019,10,427,OSL,59.94795228226685,10.70362206563732,xkXXxOzHMYpF3ifnIxmngw,62,0,62,2,62,True,xkXXxOzHMYpF3ifnIxmngw
1717,2019,9,450,OSL,59.92404282349209,10.72838904383845,Dg_sHDWaK3ErE1fM4nXz3w,63,0,63,4,63,True,Dg_sHDWaK3ErE1fM4nXz3w
4395,2016,5,113,OSL,59.95203383963019,10.75070763938852,CGDbza4UiZ0Gq4TZ4DDE1A,65,0,65,3,65,True,CGDbza4UiZ0Gq4TZ4DDE1A
2750,2017,5,152,OSL,59.93496612750055,10.65144861403086,vkFBLQ9EE17vkGWatffAsw,66,0,66,1,66,True,vkFBLQ9EE17vkGWatffAsw
3355,2017,5,509,OSL,59.94106468092804,10.7053125293212,4T9VLv__xV3rJoWYHaEZaA,72,0,72,2,72,True,4T9VLv__xV3rJoWYHaEZaA
4439,2019,10,259,OSL,59.95293016703872,10.6592030704548,ZXhIQvUICMEvHBhAws9kmw,74,0,74,2,75,True,ZXhIQvUICMEvHBhAws9kmw
254,2010,8,538,OSL,59.90398015766672,10.78369908296421,NG0S0BrgRSzMLCE7xVHkHw,76,0,76,11,77,True,NG0S0BrgRSzMLCE7xVHkHw
3305,2019,10,148,OSL,59.94009204619764,10.76023492741603,Pem6YuOISHv4I3ag-aUN8w,77,0,77,2,78,True,Pem6YuOISHv4I3ag-aUN8w
1284,2018,12,437,OSL,59.91998404896006,10.7514591491365,LF4PKSMCnRZQRiecD6koCg,80,0,80,1,82,True,LF4PKSMCnRZQRiecD6koCg
382,2018,12,281,OSL,59.90797938574248,10.76280942402486,rzNQOeoKHhahdKMbzed8yA,81,0,81,2,83,True,rzNQOeoKHhahdKMbzed8yA
3246,2009,5,245,OSL,59.94005110010181,10.68190655528641,xFYBdNV73TbZbQFnb1N21w,64,0,64,6,84,True,xFYBdNV73TbZbQFnb1N21w
2725,2018,12,208,OSL,59.93391575562819,10.76812498485825,M54qUxc-YLfxI1WWE27AcA,83,0,83,3,86,True,M54qUxc-YLfxI1WWE27AcA
2062,2014,6,603,OSL,59.92684412088182,10.77989192615029,1KOg2Se2ZsZOsh0KWbaG-g,88,0,88,2,91,True,1KOg2Se2ZsZOsh0KWbaG-g
4095,2019,10,377,OSL,59.94879086703143,10.72357794034016,tE9oq5QKg8WmSYuUw7SDKA,91,0,91,7,95,True,tE9oq5QKg8WmSYuUw7SDKA
764,2019,9,574,OSL,59.91413968435937,10.76042925113012,XfD-vtC_0RvIEsBfZmPzPg,93,0,93,3,97,True,XfD-vtC_0RvIEsBfZmPzPg
1563,2014,5,320,OSL,59.92328981324351,10.67676617120927,2wzTG_V-mQ84bnl-0hsHXg,95,0,95,2,99,True,2wzTG_V-mQ84bnl-0hsHXg
153,2017,5,277,OSL,59.90195125197555,10.68277442119789,MeUj-4f9z6iXcrYAO6frQQ,96,0,96,1,100,True,MeUj-4f9z6iXcrYAO6frQQ
790,2019,8,175,OSL,59.91531382169601,10.65062004241531,L3umnuR2zU4o8jDsY6ZLFQ,97,0,97,9,101,True,L3umnuR2zU4o8jDsY6ZLFQ
1526,2018,12,274,OSL,59.92200337964488,10.77141668861718,WVNvBzv7nIuJd3uoMnR7Nw,98,0,98,2,102,True,WVNvBzv7nIuJd3uoMnR7Nw
4417,2019,10,323,OSL,59.95207572906833,10.7787041218325,BdriPWEGXkUbQzygdswfLA,101,0,101,2,105,True,BdriPWEGXkUbQzygdswfLA
3353,2019,10,339,OSL,59.94104115607304,10.70380241285419,d1ynVgTm76LwXuyO6y0nIw,105,0,105,1,109,True,d1ynVgTm76LwXuyO6y0nIw
3169,2019,9,241,OSL,59.93902832448483,10.70455733516644,bF4KhqrlkUB21oe2dqchgw,106,0,106,2,110,True,bF4KhqrlkUB21oe2dqchgw
3003,2014,5,222,OSL,59.93695401675922,10.73115131321481,8mRHWqgHWxuon7qUmkb9pw,120,0,120,8,124,True,8mRHWqgHWxuon7qUmkb9pw
654,2018,12,394,OSL,59.91303377939417,10.68870985098166,AOPnTSjHlEta6XPWmxeBgQ,121,0,121,1,125,True,AOPnTSjHlEta6XPWmxeBgQ
2434,2014,5,374,OSL,59.93095649408361,10.77970720537633,yvlApESv50fR5S_Mlf1tcw,124,0,124,4,128,True,yvlApESv50fR5S_Mlf1tcw
2702,2012,10,54,OSL,59.93415245586024,10.73480450118718,GEvGqdgjsi_rOPhhtMi2ag,125,0,125,7,129,True,GEvGqdgjsi_rOPhhtMi2ag
534,2018,12,366,OSL,59.91089494969788,10.74540889928277,Tc-_Pd4nOkAXZimB64UFDg,133,0,135,1,139,True,Tc-_Pd4nOkAXZimB64UFDg
3228,2018,12,652,OSL,59.93907767632522,10.78846206392181,WE_08gPButdJNMu12TtNfA,134,0,136,10,140,True,WE_08gPButdJNMu12TtNfA
4198,2009,6,240,OSL,59.95025373357278,10.73987402222623,Oax_gIdPVMfUkhkTdLz--Q,135,0,137,3,141,True,Oax_gIdPVMfUkhkTdLz--Q
3145,2018,12,413,OSL,59.93905708422354,10.66990769345263,d2OfNLKWNGGhb_Bg5YKb4A,137,0,139,3,143,True,d2OfNLKWNGGhb_Bg5YKb4A
2560,2009,5,400,OSL,59.93303324100054,10.66555211905409,5ra-dYJq-f8GA12Fhd-uAQ,140,0,142,1,146,True,5ra-dYJq-f8GA12Fhd-uAQ
1325,2018,12,606,OSL,59.92099803093726,10.66039906008688,gFZ6O9Zcx9Rm9nWpRrs6gA,145,0,147,5,151,True,gFZ6O9Zcx9Rm9nWpRrs6gA
2507,2019,9,298,OSL,59.93206361641516,10.74023500770287,J3Fe2oPyFRGOlxorIB6x_g,148,0,150,4,154,True,J3Fe2oPyFRGOlxorIB6x_g
1116,2009,5,318,OSL,59.9189217208793,10.65216054243895,nOGCIYAKOyWM6yHAA7kVhw,150,0,152,4,156,True,nOGCIYAKOyWM6yHAA7kVhw
2526,2018,12,67,OSL,59.93218006414001,10.76350395149699,TON5-GQSTkQhE-G5GAmcdQ,152,0,154,2,158,True,TON5-GQSTkQhE-G5GAmcdQ
1724,2017,5,294,OSL,59.92400955425357,10.73854602642955,rqIKIBe55bZ5tq1zZG0AtA,153,0,155,2,159,True,rqIKIBe55bZ5tq1zZG0AtA
741,2018,12,679,OSL,59.91399355783084,10.71945549670238,FlxoimByAr-VsBiKSbUlxg,154,0,156,1,160,True,FlxoimByAr-VsBiKSbUlxg
517,2019,6,356,OSL,59.91101048040976,10.67913228292264,qq6dkFd3Duyde3J7HJSF2w,156,0,158,1,162,True,qq6dkFd3Duyde3J7HJSF2w
1342,2009,7,203,OSL,59.92140251214808,10.68066632375321,G1UtC6CjJv2Qy074KY3Nbw,158,0,160,2,164,True,G1UtC6CjJv2Qy074KY3Nbw
1296,2009,6,619,OSL,59.91997709389454,10.7664125760793,2WRrayPPAhiY0t2GovtXRw,160,0,162,6,167,True,2WRrayPPAhiY0t2GovtXRw
3221,2014,5,319,OSL,59.93901703900292,10.77735801290055,mcOKw7ZawYpI8Gd676vLxw,161,0,163,2,168,True,mcOKw7ZawYpI8Gd676vLxw
3973,2010,9,407,OSL,59.94797640798971,10.65473944083948,4cC4hCnw3edNKka17mJnlw,162,0,164,3,169,True,4cC4hCnw3edNKka17mJnlw
2441,2019,4,316,OSL,59.93089970881444,10.79140696760985,4BxXWr_trpIWpk4N9FIKaw,163,0,165,4,170,True,4BxXWr_trpIWpk4N9FIKaw
4502,2010,9,279,OSL,59.9531127565651,10.76079367851445,NRSj-dEd89H7Ii911Voarg,164,0,166,10,171,True,NRSj-dEd89H7Ii911Voarg
2314,2012,10,293,OSL,59.93012528745396,10.7442926056175,h2MD1NoTJ8cqmKwFsMFZ_g,166,0,168,6,173,True,h2MD1NoTJ8cqmKwFsMFZ_g
2158,2009,6,181,OSL,59.92837495864434,10.78562356201755,NzXJPU03kBduBQZ1CGqtHw,167,0,169,3,174,True,NzXJPU03kBduBQZ1CGqtHw
1961,2018,12,207,OSL,59.92585093621803,10.77824706216468,ZjEoZJeYA_ppzePdEEWc4Q,168,0,170,1,175,True,ZjEoZJeYA_ppzePdEEWc4Q
747,2019,9,534,OSL,59.91389554668626,10.72526936651986,JhcI52IZH5WUHvVY2xGSXw,173,0,175,1,180,True,JhcI52IZH5WUHvVY2xGSXw
2983,2019,10,7,OSL,59.93707697976169,10.69659082740043,2EJlDvSR8hb39_LGKj4HyA,174,0,176,5,181,True,2EJlDvSR8hb39_LGKj4HyA
4296,2009,6,345,OSL,59.95098938902407,10.74236287601917,INZ8wjjWfcV-ZIKbuyup3g,176,0,178,2,183,True,INZ8wjjWfcV-ZIKbuyup3g
1024,2009,5,121,OSL,59.91791262099483,10.65433197872842,ClFeBX2OIhxvBtQSqCNpLA,178,0,180,2,185,True,ClFeBX2OIhxvBtQSqCNpLA
70,2009,6,338,OSL,59.89884378391083,10.77418373612705,j9Mi5cbcd37JDLxbuQyYuw,179,0,181,2,186,True,j9Mi5cbcd37JDLxbuQyYuw
3489,2009,4,255,OSL,59.94203708662868,10.78115120620801,MX6D_7z0Sy3Lqs5Dp1P2aw,89,0,89,10,187,True,MX6D_7z0Sy3Lqs5Dp1P2aw
2729,2018,12,349,OSL,59.93394569792049,10.77185194981772,NEehA6cF9F9QPs67DGYlew,188,0,190,2,197,True,NEehA6cF9F9QPs67DGYlew
3204,2009,6,219,OSL,59.93907181494054,10.75222932431657,n1fyBS_fuf7IY_zLsOl_fA,189,0,191,4,198,True,n1fyBS_fuf7IY_zLsOl_fA
2903,2019,10,209,OSL,59.93595771530436,10.7325294519438,6YM6WS6ZcGBW9J8JtH9bwg,191,0,193,2,200,True,6YM6WS6ZcGBW9J8JtH9bwg
2224,2014,5,230,OSL,59.92915756737925,10.75325043721919,nQqfpck9Oqw5Hs7jKuxMUA,192,0,194,1,201,True,nQqfpck9Oqw5Hs7jKuxMUA
1557,2019,9,148,OSL,59.92282101591273,10.66895334009873,u95zIAQwkEkAGUZ-xx3pog,199,0,201,4,208,True,u95zIAQwkEkAGUZ-xx3pog
2333,2012,10,80,OSL,59.93016355198394,10.7728625332442,EwmjsYnB64Bl59ifFxhWFQ,200,0,202,2,209,True,EwmjsYnB64Bl59ifFxhWFQ
1752,2014,5,632,OSL,59.9240747039681,10.77125714833887,gDXId_Bbs2W105WsbdFliw,203,0,205,4,214,True,gDXId_Bbs2W105WsbdFliw
3496,2009,5,369,OSL,59.94209743347275,10.78887244561881,RESGEXlONraaY2dQHHpaDw,204,0,206,2,215,True,RESGEXlONraaY2dQHHpaDw
3490,2018,12,484,OSL,59.94187735120811,10.78289788577379,r-vMq2lCex56ANroOosVUw,206,0,208,6,217,True,r-vMq2lCex56ANroOosVUw
135,2010,10,605,OSL,59.90103126233338,10.77826933457483,EtFheJxT_tJrmi2KuhAnuw,208,0,210,1,221,True,EtFheJxT_tJrmi2KuhAnuw
2798,2014,5,337,OSL,59.93497910445043,10.72041600846024,8kXyrWpcay2QxAXHnGsEcw,211,0,213,5,224,True,8kXyrWpcay2QxAXHnGsEcw
4829,2018,12,528,OSL,59.92828014087726,10.75486787056723,2DFcaBZvnBOjLVJFvFi8cA,212,0,214,1,225,True,2DFcaBZvnBOjLVJFvFi8cA
4398,2017,5,349,OSL,59.95174322072398,10.75430580438392,QwpvwRVgcz0u7nf1G07BXQ,113,1,215,2,226,True,QwpvwRVgcz0u7nf1G07BXQ
1874,2017,5,505,OSL,59.92490151903327,10.7936677585137,QFedrrZXMe7xeve20-6WhA,181,0,183,5,228,True,QFedrrZXMe7xeve20-6WhA
2510,2017,5,699,OSL,59.93197915701622,10.7433790851153,przcAEMbwaJRqPHTpvdfkA,214,0,217,1,229,True,przcAEMbwaJRqPHTpvdfkA
1240,2009,7,516,OSL,59.92002623370055,10.69583899833266,GNyRFPqPslctqI5dfZLRgA,216,0,219,1,231,True,GNyRFPqPslctqI5dfZLRgA
4623,2019,8,515,OSL,59.95492610216319,10.6572542707411,iW3H5bW2P8X32sK_koXfuA,218,0,221,2,233,True,iW3H5bW2P8X32sK_koXfuA
2340,2009,6,467,OSL,59.92996370430387,10.77962436157176,oGt_jobofcRiR7YyKMQ3_Q,220,0,223,2,235,True,oGt_jobofcRiR7YyKMQ3_Q
3061,2014,5,136,OSL,59.93810564653774,10.68157351152573,Bcw5NatMuvmamFqPOOrDNg,221,0,224,6,236,True,Bcw5NatMuvmamFqPOOrDNg
2401,2012,10,497,OSL,59.93095996440024,10.73380218661715,NOEwhc93l_rw6-wAmiisVg,222,0,225,2,237,True,NOEwhc93l_rw6-wAmiisVg
1327,2019,10,542,OSL,59.92116600204213,10.66246793205677,aureUdxCbnjD37KdPU_huw,223,0,226,4,238,True,aureUdxCbnjD37KdPU_huw
4496,2018,12,328,OSL,59.95310092014415,10.75348015199415,AIPjiEVfnP7ExkiA9qj1Xg,227,0,230,2,242,True,AIPjiEVfnP7ExkiA9qj1Xg
2831,2018,12,316,OSL,59.93510269239884,10.76464645489851,vRsEg3C1EXFCz8saCWZWHw,228,0,231,1,244,True,vRsEg3C1EXFCz8saCWZWHw
4083,2018,12,245,OSL,59.94899783678276,10.69639952650906,yG8NsgOlNsCS3cEsVP-PSw,229,0,232,1,245,True,yG8NsgOlNsCS3cEsVP-PSw
1749,2009,6,333,OSL,59.92399982828395,10.76844548230959,P9c6yLiGIRrXXyKlw7HDdA,230,0,233,5,246,True,P9c6yLiGIRrXXyKlw7HDdA
1516,2018,12,283,OSL,59.92202080435754,10.75925102274599,jSc6oAprgByN_TBqA9Nvdg,231,0,234,5,247,True,jSc6oAprgByN_TBqA9Nvdg
193,2019,6,644,OSL,59.90291153633216,10.68354339519818,DP7D9lKj54pIznaXyw65xg,232,0,235,6,248,True,DP7D9lKj54pIznaXyw65xg
4089,2017,6,140,OSL,59.94861496477132,10.70312994677618,w3cgyA0v6akQKnu0jB8OnQ,233,0,236,2,249,True,w3cgyA0v6akQKnu0jB8OnQ
3222,2018,12,272,OSL,59.93895766316803,10.77833577630583,Z7K1NYUX6cu9VTw2hcccPQ,234,0,237,1,250,True,Z7K1NYUX6cu9VTw2hcccPQ
1384,2014,6,355,OSL,59.92099688673228,10.73447483492356,l-LAt89f8PPJwxSMzSg_gg,235,0,238,2,251,True,l-LAt89f8PPJwxSMzSg_gg
3128,2014,6,412,OSL,59.93814164577552,10.77755209100704,Bnd_sLbF2XVcgvV3mdQKcg,236,0,239,1,252,True,Bnd_sLbF2XVcgvV3mdQKcg
2525,2009,7,433,OSL,59.93200330699576,10.76238043692435,NsZATQruxyXg12lkgRvA-g,237,0,240,2,253,True,NsZATQruxyXg12lkgRvA-g
2750,2012,10,171,OSL,59.93496205303902,10.65142961619035,WiPQG_l4wZUNGZcLVg343g,66,1,242,2,255,True,WiPQG_l4wZUNGZcLVg343g
1595,2014,5,425,OSL,59.92302866683234,10.71240192386578,W4s6qDT0MEJVu_6-enPo1Q,240,0,245,2,258,True,W4s6qDT0MEJVu_6-enPo1Q
601,2009,6,118,OSL,59.9120312589888,10.72334732230879,iwxz3uKkzT4lsViyZMdTSA,242,0,247,1,260,True,iwxz3uKkzT4lsViyZMdTSA
1769,2009,6,374,OSL,59.92498627911953,10.64739421870397,1ortBjV7mUDd82XJRywNdg,243,0,248,8,261,True,1ortBjV7mUDd82XJRywNdg
1912,2009,6,204,OSL,59.926077461244,10.72038977604851,krbG_ekkRY3bBViA5-s3MA,245,0,250,1,263,True,krbG_ekkRY3bBViA5-s3MA
623,2019,9,445,OSL,59.91192034931613,10.76031578570907,HVy5OQVCEbFRIq0C2NEs9g,246,0,251,1,264,True,HVy5OQVCEbFRIq0C2NEs9g
1833,2019,9,547,OSL,59.92484987654722,10.74270880357938,D97WBjRWPUq64IyGVxMENw,248,0,253,2,266,True,D97WBjRWPUq64IyGVxMENw
2562,2019,9,193,OSL,59.9328640051697,10.66871586306542,3xuX4XGWRg7xV61fOzLX9w,250,0,255,1,268,True,3xuX4XGWRg7xV61fOzLX9w
1249,2009,6,342,OSL,59.91985646864816,10.70455089726278,FQRUNCt6Y6Q_Bw2fVS0MLg,251,0,256,2,269,True,FQRUNCt6Y6Q_Bw2fVS0MLg
2591,2019,9,630,OSL,59.93327987040391,10.71693290565206,whPJy3A6V_CPz8Tq1E2DWw,252,0,257,2,270,True,whPJy3A6V_CPz8Tq1E2DWw
1088,2009,7,456,OSL,59.91802055889098,10.75556550878436,KHVGAVy8tVeWVzvhQiJRNw,253,0,258,1,271,True,KHVGAVy8tVeWVzvhQiJRNw
3321,2010,9,270,OSL,59.93989421160397,10.78246384417189,03mKN6hmTLLeiEJfsUQJFA,261,0,266,1,279,True,03mKN6hmTLLeiEJfsUQJFA
3853,2012,10,176,OSL,59.94592041400561,10.76191534171833,PHv8bFQ4OfHJbsym67z6Wg,262,0,267,2,280,True,PHv8bFQ4OfHJbsym67z6Wg
4444,2010,9,499,OSL,59.95299144636132,10.67394396075008,wNhEvKabOUC9P8jJHHKOTw,263,0,268,2,281,True,wNhEvKabOUC9P8jJHHKOTw
2006,2019,9,61,OSL,59.92707813609375,10.71447137524448,OmeM8aCyApUX7mIPQ831bQ,268,0,273,2,286,True,OmeM8aCyApUX7mIPQ831bQ
141,2019,4,413,OSL,59.90104215531455,10.78931775084137,aEEmc7spdKceP1sAPuRvWw,270,0,275,2,288,True,aEEmc7spdKceP1sAPuRvWw
2547,2018,12,475,OSL,59.93291997012007,10.64234513828455,q2Wrx5X3IO-B9BVNNftaWA,272,0,277,2,290,True,q2Wrx5X3IO-B9BVNNftaWA
4198,2014,5,410,OSL,59.95025961172067,10.73987982810175,X1VIJGsii3_nWNX5-1OVBg,135,1,244,5,291,True,X1VIJGsii3_nWNX5-1OVBg
3188,2019,9,494,OSL,59.93911979456708,10.72737424311075,HZbTdSRVmx-ax_6NNZ0-qw,275,0,280,1,294,True,HZbTdSRVmx-ax_6NNZ0-qw
4601,2009,5,490,OSL,59.95436329261359,10.77689888260435,6DepoMXT14L_FrWmcRKcRw,276,0,281,5,295,True,6DepoMXT14L_FrWmcRKcRw
2217,2018,12,354,OSL,59.92907026083797,10.74427072429672,cdAkHutJcZIFQoLKz6WDwQ,278,0,283,2,297,True,cdAkHutJcZIFQoLKz6WDwQ
2549,2017,5,379,OSL,59.93297431729867,10.6525790419864,voLFUCAjtNaeZgPnBFHfcg,279,0,284,1,298,True,voLFUCAjtNaeZgPnBFHfcg
2917,2009,6,310,OSL,59.93611071351915,10.75578757769254,E4AHEAIa5EEJvjyG7mNpTw,280,0,285,1,299,True,E4AHEAIa5EEJvjyG7mNpTw
1050,2018,12,340,OSL,59.91798789816734,10.70355574801355,y2iocXItH3H1R3-7XlNstw,281,0,286,10,300,True,y2iocXItH3H1R3-7XlNstw
328,2019,4,386,OSL,59.90584292994831,10.77934837258089,t_UTyL-vI-50e9a63MRdNA,282,0,287,1,302,True,t_UTyL-vI-50e9a63MRdNA
4229,2019,10,277,OSL,59.95002153757788,10.78356362411606,9TI5sQhIzXbOGXXDSH8h9A,284,0,289,2,304,True,9TI5sQhIzXbOGXXDSH8h9A
4313,2019,10,506,OSL,59.95100339851181,10.76245242177876,jFj3feM33ik6sStZF3psUQ,286,0,291,5,306,True,jFj3feM33ik6sStZF3psUQ
912,2009,6,398,OSL,59.91595717593829,10.75353380443626,o37uhj5-T0YLhdRw4nP5_w,287,0,292,1,307,True,o37uhj5-T0YLhdRw4nP5_w
2462,2012,10,442,OSL,59.93192584190691,10.66847969186039,ZBpsMBNocuz3a-cRHNGjVA,289,0,294,5,310,True,ZBpsMBNocuz3a-cRHNGjVA
2615,2019,9,280,OSL,59.93299110007928,10.75439255736507,_JljgDkmvZwcs1GsfTkqxQ,290,0,295,1,311,True,_JljgDkmvZwcs1GsfTkqxQ
3754,2009,6,426,OSL,59.9449986213903,10.76016482346409,Q9GbAtDOkd9nmZ3DNcfGjA,139,1,296,4,312,True,Q9GbAtDOkd9nmZ3DNcfGjA
2682,2018,12,383,OSL,59.93412923584062,10.70490715050132,LlM_JnEBuks3nCLNXNfBOw,294,0,300,2,317,True,LlM_JnEBuks3nCLNXNfBOw
984,2019,9,180,OSL,59.91706041405254,10.735185502948,awoID_3KLQM3HVSp-XjKVw,1,1,302,1,319,True,awoID_3KLQM3HVSp-XjKVw
2480,2012,10,497,OSL,59.93199857197481,10.70636162209724,cOT1Uj_lJ3AyZh6y39hPaA,297,0,304,11,321,True,cOT1Uj_lJ3AyZh6y39hPaA
912,2014,5,205,OSL,59.91594672810007,10.75359447194851,-UuFhDsSGo8BfWCrQpP-5g,287,1,305,1,322,True,-UuFhDsSGo8BfWCrQpP-5g
3172,2018,12,274,OSL,59.93875898846073,10.70683437381646,nTnJWj5wGk2sLJeY95HgTQ,299,0,307,5,324,True,nTnJWj5wGk2sLJeY95HgTQ
2383,2019,10,118,OSL,59.93103740845662,10.71041183561589,JAFh3vfvWHlQBJNXIpSA3Q,301,0,309,7,327,True,JAFh3vfvWHlQBJNXIpSA3Q
3297,2019,9,404,OSL,59.94007192729006,10.74658538206139,GuFx58fo9zk7DKKy_SHyag,302,0,310,4,329,True,GuFx58fo9zk7DKKy_SHyag
2345,2018,12,90,OSL,59.9300361478582,10.78565767541036,2KAoy6JyPfX0gqzTxLmjcA,305,0,313,3,333,True,2KAoy6JyPfX0gqzTxLmjcA
3367,2018,12,568,OSL,59.94089744102632,10.72578276636045,cm6BKx5dDOy5LHM2QP28Tg,306,0,314,1,334,True,cm6BKx5dDOy5LHM2QP28Tg
4285,2018,12,300,OSL,59.95102542982019,10.7315669842711,41pWgG-znIA9WNKZwzUwGQ,308,0,316,2,336,True,41pWgG-znIA9WNKZwzUwGQ
4880,2019,10,250,OSL,59.95806668900533,10.70646552912332,oL4MVYub-B1dbriL5R02Aw,309,0,317,2,337,True,oL4MVYub-B1dbriL5R02Aw
535,2019,9,563,OSL,59.91113533614146,10.74700231286671,A9--STspkSCTjO5b-l7VmQ,310,0,318,8,338,True,A9--STspkSCTjO5b-l7VmQ
1241,2009,7,328,OSL,59.91997034986521,10.69583672925988,8DzqLJjjJLSuQTio47ujeQ,216,1,321,3,343,True,8DzqLJjjJLSuQTio47ujeQ
2514,2016,5,329,OSL,59.93224834488419,10.74844120563797,0ziFKP_CGPI5cFk2uSsABg,86,0,86,5,346,True,0ziFKP_CGPI5cFk2uSsABg
4004,2018,12,269,OSL,59.94806942444598,10.72338362261416,ArJCkAJrefrGnKSQQiO6dQ,316,0,325,2,349,True,ArJCkAJrefrGnKSQQiO6dQ
4753,2019,6,530,OSL,59.95596692219243,10.76478147369604,4O9bGCWCF7dd1qT8xQzAvQ,70,1,327,1,351,True,4O9bGCWCF7dd1qT8xQzAvQ
3200,2014,5,513,OSL,59.93912821165776,10.74622783111317,Uizqtz05MHtEDRwVXTo7UA,318,0,329,1,353,True,Uizqtz05MHtEDRwVXTo7UA
511,2017,5,343,OSL,59.91009200866917,10.79225535227134,xe1YC5fFD9IjE1uGldHmmA,320,0,331,6,355,True,xe1YC5fFD9IjE1uGldHmmA
2525,2018,12,477,OSL,59.93201284221464,10.76238528181031,9MfM7pBSKqh1vKjZeLVQeg,237,1,332,1,357,True,9MfM7pBSKqh1vKjZeLVQeg
1908,2019,9,406,OSL,59.92588838584481,10.71661900961108,1pXtdvmPNGz3eoVStc-EaQ,321,0,333,1,358,True,1pXtdvmPNGz3eoVStc-EaQ
1748,2009,6,597,OSL,59.92391053545332,10.7675288109463,wkgJpW9wXUrkQ4Mfrl4hLA,324,0,336,1,361,True,wkgJpW9wXUrkQ4Mfrl4hLA
4592,2009,5,316,OSL,59.95404893927611,10.76416687519833,xCWg-r-_LVe8trHgaqbNmg,325,0,337,5,362,True,xCWg-r-_LVe8trHgaqbNmg
3127,2018,12,386,OSL,59.93806935455881,10.77638694458269,nu2yaC9TS6_6jLcyp9Gl2w,328,0,340,4,365,True,nu2yaC9TS6_6jLcyp9Gl2w
3958,2014,5,19,OSL,59.94702931129859,10.78271391543431,QKSzUbfYcFm4UXo6ew4Vdg,329,0,341,2,366,True,QKSzUbfYcFm4UXo6ew4Vdg
4407,2019,10,308,OSL,59.95169651714163,10.76299764073078,43g-3a_15FZ6zaAXv_9zZQ,331,0,343,2,368,True,43g-3a_15FZ6zaAXv_9zZQ
349,2017,5,93,OSL,59.90713054005867,10.76042780677581,sLDuamkDkW2QcW3NGTlkWg,333,0,345,1,370,True,sLDuamkDkW2QcW3NGTlkWg
2972,2018,12,614,OSL,59.93710174113303,10.68437349107547,dp5p-CE7-HrKRE96feMMZA,334,0,346,6,371,True,dp5p-CE7-HrKRE96feMMZA
1277,2009,7,436,OSL,59.92004631589757,10.73544101117611,xroZXd29Ra14zWGrKHtQjg,336,0,348,4,373,True,xroZXd29Ra14zWGrKHtQjg
2324,2019,9,380,OSL,59.92984536405967,10.75629957549508,vxRLwdE9fFLV5dL0nHSSYQ,341,0,354,1,382,True,vxRLwdE9fFLV5dL0nHSSYQ
1643,2019,9,659,OSL,59.92318167617516,10.77200526457185,5n8LXRSLipzib5oZPLsq3w,343,0,356,1,384,True,5n8LXRSLipzib5oZPLsq3w
2036,2014,8,217,OSL,59.92703069015523,10.75084435000038,wHRCpWzpBdgPvYtwPdbc7A,348,0,361,1,389,True,wHRCpWzpBdgPvYtwPdbc7A
2916,2009,6,157,OSL,59.93591281808968,10.75546590179933,SixFapfnWZyjQBAvSHw6Lw,349,0,362,3,390,True,SixFapfnWZyjQBAvSHw6Lw
483,2017,5,440,OSL,59.90992492678077,10.74635260609239,A8TJawREB1OJH8jNTO354w,350,0,363,1,391,True,A8TJawREB1OJH8jNTO354w
1402,2009,6,410,OSL,59.92072383347407,10.76267042738464,s3xEtgEw1fNTOh8oKqh0xw,351,0,364,2,392,True,s3xEtgEw1fNTOh8oKqh0xw
3008,2009,6,195,OSL,59.93701178099533,10.74546230771925,iXsn_BO7Bhl6yMvKe9U1zA,352,0,365,2,393,True,iXsn_BO7Bhl6yMvKe9U1zA
2363,2017,7,278,OSL,59.93115492860017,10.66735547272902,gqKU4ak7E5gdo9kUBAqs6Q,170,0,172,11,394,True,gqKU4ak7E5gdo9kUBAqs6Q
1701,2019,9,383,OSL,59.92388183367865,10.70979208148185,1HhdpsSOSPEHjCyh0S86sA,353,0,366,1,395,True,1HhdpsSOSPEHjCyh0S86sA
338,2009,6,261,OSL,59.90719798308987,10.68763797848536,ieyxieVmiZlB95BBcU8upw,354,0,367,1,396,True,ieyxieVmiZlB95BBcU8upw
2526,2009,6,95,OSL,59.93216957816549,10.76351660886174,IjA6aY28IrXFonTJ7hJvJA,152,1,368,2,397,True,IjA6aY28IrXFonTJ7hJvJA
3395,2014,8,223,OSL,59.9410152031198,10.78136312162541,2s9mnDnMKyMExe2aW68Png,356,0,370,10,399,True,2s9mnDnMKyMExe2aW68Png
2058,2018,12,450,OSL,59.92700659929061,10.77344409880619,kpQDuT2gQ3pY22i8CULcfg,357,0,371,4,400,True,kpQDuT2gQ3pY22i8CULcfg
144,2019,4,227,OSL,59.90116079830391,10.79236064051725,k6SZbihtCsxtq8m8JizALw,358,0,373,2,402,True,k6SZbihtCsxtq8m8JizALw
3087,2018,12,417,OSL,59.93804720118485,10.71625036271172,v65GVpSIOmFoQO-8KDzBUg,362,0,377,2,407,True,v65GVpSIOmFoQO-8KDzBUg
1596,2018,12,346,OSL,59.92284104455625,10.71407029803297,wTlJ494Ipy3exQBxfyeoyA,365,0,380,1,410,True,wTlJ494Ipy3exQBxfyeoyA
3114,2009,6,318,OSL,59.93805578194945,10.76208090375119,M7JWF9nzMCBg2PlZqDLkwQ,367,0,382,4,412,True,M7JWF9nzMCBg2PlZqDLkwQ
2635,2019,7,177,OSL,59.93319708599117,10.78695340087286,-bmDrMhGwot9xW2xCI2MGw,370,0,385,1,416,True,-bmDrMhGwot9xW2xCI2MGw
487,2018,6,394,OSL,59.91002777116597,10.75697787430758,6k5K8ACrx3BaNCHBwSaMwg,30,1,387,4,418,True,6k5K8ACrx3BaNCHBwSaMwg
1271,2017,5,294,OSL,59.92004755946552,10.72852448497339,tohZYxY55DCQb1SvtQR-eQ,372,0,388,1,419,True,tohZYxY55DCQb1SvtQR-eQ
2831,2017,5,146,OSL,59.93508615185007,10.7646071718381,jOjQeoft2tvIt7m5bpCBNw,228,1,389,2,420,True,jOjQeoft2tvIt7m5bpCBNw
1788,2017,5,166,OSL,59.92515107954219,10.68137550991887,ODrFsfOAipji-z93bJC1uw,377,0,394,2,427,True,ODrFsfOAipji-z93bJC1uw
2043,2017,5,406,OSL,59.92720503817191,10.75755114259946,7wS-MV2-kUZq-2IjuuNZJA,379,0,396,3,429,True,7wS-MV2-kUZq-2IjuuNZJA
4769,2018,12,160,OSL,59.95721359266529,10.65269685192694,DLHqjXWV85TD4Fdp_TE1sw,381,0,398,3,431,True,DLHqjXWV85TD4Fdp_TE1sw
238,2018,12,326,OSL,59.90416145308816,10.73871197579334,Ou9XgemtElO1pSBzZyuKlg,387,0,404,1,437,True,Ou9XgemtElO1pSBzZyuKlg
3225,2009,7,264,OSL,59.93901413538137,10.78149583124338,Ah9nJ3z2zB1ikeE2AGpbTQ,390,0,407,1,441,True,Ah9nJ3z2zB1ikeE2AGpbTQ
691,2019,9,629,OSL,59.91299608889068,10.75849375349611,pKZyGzZME0WVekV7nuGe_Q,394,0,411,3,447,True,pKZyGzZME0WVekV7nuGe_Q
3783,2019,10,421,OSL,59.94609356333917,10.64811980314771,15N07SBVVmKfysw2HX14_A,395,0,412,1,448,True,15N07SBVVmKfysw2HX14_A
2153,2012,10,463,OSL,59.92806245771747,10.77744933432129,eEg4ehv09OqD-YQj9_Tp2A,396,0,413,5,449,True,eEg4ehv09OqD-YQj9_Tp2A
490,2019,5,484,OSL,59.90995513707111,10.76126800267721,SxmDugMIi_vXxxnRlAH7ZA,400,0,417,1,453,True,SxmDugMIi_vXxxnRlAH7ZA
2969,2019,10,214,OSL,59.93701598902576,10.68138315747125,4hspJ6n7xiTGObnOo0mxkg,401,0,418,4,454,True,4hspJ6n7xiTGObnOo0mxkg
4603,2018,12,226,OSL,59.95389703006246,10.77831534958453,IAUeoTzKXozHiM3BUHYlDg,403,0,421,2,458,True,IAUeoTzKXozHiM3BUHYlDg
2839,2009,6,178,OSL,59.93520107957383,10.77440407669865,gwCA5UiMcU8SUTp7mTouWA,404,0,422,6,460,True,gwCA5UiMcU8SUTp7mTouWA
4763,2019,10,336,OSL,59.9561505933064,10.78819498707341,wz3ciG0Jnienl0aeEPG98A,407,0,425,2,464,True,wz3ciG0Jnienl0aeEPG98A
424,2019,9,565,OSL,59.90902530299787,10.74735980940371,el4iFB1lluy7g-yKNwdhaA,411,0,429,2,468,True,el4iFB1lluy7g-yKNwdhaA
724,2019,6,314,OSL,59.91381706917363,10.68250375409818,eJaLfLf0HsGX0pEabxnbCw,412,0,430,4,469,True,eJaLfLf0HsGX0pEabxnbCw
1488,2019,9,566,OSL,59.92204981169717,10.71846313062501,0KbbLcVISwDlEwK2MDaHAg,414,0,432,5,471,True,0KbbLcVISwDlEwK2MDaHAg
4760,2016,4,449,OSL,59.9559881319855,10.7857691573764,7YbOl9u30zU9FcpU6IgOtg,415,0,433,1,472,True,7YbOl9u30zU9FcpU6IgOtg
1499,2017,5,466,OSL,59.92197131057695,10.73453574309981,KvlWOerpH53zvhQm39WSrA,417,0,435,1,474,True,KvlWOerpH53zvhQm39WSrA
4692,2019,7,455,OSL,59.95505212688568,10.79137012759492,NqZPowFhmyGE2GNoZBUAsQ,366,0,381,5,475,True,NqZPowFhmyGE2GNoZBUAsQ
3217,2019,10,361,OSL,59.93904196044976,10.77323690957537,gMLafr3WdggTKYk16h1xYw,419,0,437,4,478,True,gMLafr3WdggTKYk16h1xYw
1737,2019,9,329,OSL,59.92399014357157,10.75543393519898,sQgQYIzSQFcNBCQC_1h55Q,108,0,108,3,480,True,sQgQYIzSQFcNBCQC_1h55Q
3908,2019,10,361,OSL,59.94725202823932,10.70281915000957,JVfYKTeg_lNMNPdt1xRMeg,423,0,442,2,484,True,JVfYKTeg_lNMNPdt1xRMeg
140,2017,5,398,OSL,59.90100058583419,10.78834942762803,I80DuUacJqzh6f9DsHyx6w,424,0,443,3,485,True,I80DuUacJqzh6f9DsHyx6w
3030,2019,8,424,OSL,59.93697245386252,10.77356729255877,K1R9pnInAd850BvTlAkPjA,426,0,445,2,487,True,K1R9pnInAd850BvTlAkPjA
2505,2017,5,478,OSL,59.93175000484597,10.73879377280767,paha4vYT9-LiOCF4hb1CFQ,273,1,447,3,489,True,paha4vYT9-LiOCF4hb1CFQ
237,2012,10,498,OSL,59.90409083320959,10.68938821749108,CrJupBiKv8EoN1gR2YZQew,428,0,448,3,490,True,CrJupBiKv8EoN1gR2YZQew
2832,2009,6,392,OSL,59.93494436231274,10.76530244966667,609dU6SDs4NEFc94wH_mXQ,16,1,449,1,491,True,609dU6SDs4NEFc94wH_mXQ
3218,2019,8,331,OSL,59.93897944355199,10.77479749747264,EtLfEy_le5SVlmVPFoz9sw,433,0,454,4,496,True,EtLfEy_le5SVlmVPFoz9sw
437,2017,5,461,OSL,59.90911517732012,10.76673395813129,n3BPVTkmbcY-AqOGN52b0Q,434,0,455,2,497,True,n3BPVTkmbcY-AqOGN52b0Q
3364,2019,9,405,OSL,59.94112874260741,10.71945772536392,HEAEjXsglfSNYt4CEV55eA,437,0,458,1,500,True,HEAEjXsglfSNYt4CEV55eA
237,2018,12,317,OSL,59.90409367511452,10.68940108467291,1zDGn-xQrLfiNdsgs9xZlg,428,1,459,2,502,True,1zDGn-xQrLfiNdsgs9xZlg
3914,2009,5,246,OSL,59.9470996347333,10.71042732071544,Vc0hsxFwClbDEsgqzirdbg,322,1,460,1,504,True,Vc0hsxFwClbDEsgqzirdbg
2422,2009,6,420,OSL,59.93102110261139,10.76242400779477,aoNFnzT201PftVy1nnPZgA,438,0,461,2,505,True,aoNFnzT201PftVy1nnPZgA
3530,2009,7,506,OSL,59.94288972810875,10.70133594212987,2isKkmiSDLTSHbrUK2XJNg,439,0,462,1,506,True,2isKkmiSDLTSHbrUK2XJNg
4511,2019,7,246,OSL,59.95306590622797,10.77357459199906,jJSCt3-N730wL4kPz1dRrA,87,1,463,1,507,True,jJSCt3-N730wL4kPz1dRrA
4476,2017,5,619,OSL,59.95277113138923,10.73402112845815,mLlntbtS2cMdADse15DLBw,440,0,464,1,508,True,mLlntbtS2cMdADse15DLBw
2329,2019,5,451,OSL,59.93015175627021,10.76734138793352,tVVoL3nOfY8shP0etC32xw,55,1,466,2,510,True,tVVoL3nOfY8shP0etC32xw
2611,2009,6,331,OSL,59.93323279854406,10.74999321675894,KFw63hUu5vP3pTsj9PJJqA,441,0,467,2,512,True,KFw63hUu5vP3pTsj9PJJqA
2437,2019,9,513,OSL,59.93125419679327,10.78206703065233,OCh56WDsReQTaXDAM_qBeQ,442,0,468,2,513,True,OCh56WDsReQTaXDAM_qBeQ
731,2014,8,79,OSL,59.91403578761689,10.69955055550774,zmlBSoTVFdYetmGvBu7mgg,444,0,470,12,515,True,zmlBSoTVFdYetmGvBu7mgg
1950,2014,8,169,OSL,59.92630411059429,10.76779633560675,e5PlcGiu5UkSZeDUUWkN5A,446,0,472,2,517,True,e5PlcGiu5UkSZeDUUWkN5A
2069,2014,8,642,OSL,59.92701537659686,10.78742221644939,Cy1Ywc_JkSLxWC9vOqAiuQ,347,0,360,4,520,True,Cy1Ywc_JkSLxWC9vOqAiuQ
2261,2014,6,391,OSL,59.93019511493144,10.66511026419585,VvsUJCM37nJnuhg9fDFpgA,449,0,475,10,521,True,VvsUJCM37nJnuhg9fDFpgA
4916,2018,12,173,OSL,59.95801373324906,10.76373113998153,zOxLkoXW4fPb5ziBHEGbdw,451,0,477,4,523,True,zOxLkoXW4fPb5ziBHEGbdw
2431,2009,6,465,OSL,59.93078395028973,10.77599882400834,dcsh74hSJV8Cea2ClK12ww,453,0,479,1,525,True,dcsh74hSJV8Cea2ClK12ww
3413,2014,5,402,OSL,59.94241438587472,10.66375104166728,hx0IWBgF5EGznIVTxg-u7Q,107,1,480,1,527,True,hx0IWBgF5EGznIVTxg-u7Q
3502,2009,5,247,OSL,59.94289137037289,10.64270342100148,mt7ZaewB718w-lwa8rQdJw,454,0,481,3,528,True,mt7ZaewB718w-lwa8rQdJw
1294,2019,9,165,OSL,59.92010434271183,10.76462437369919,oGkWUQBTQ7RHoGcy27zdlA,455,0,482,3,529,True,oGkWUQBTQ7RHoGcy27zdlA
3376,2019,9,619,OSL,59.94101491419766,10.74688914566235,Br8meQ3p6WKRhlz4_qDGVQ,136,1,484,1,531,True,Br8meQ3p6WKRhlz4_qDGVQ
4016,2018,12,162,OSL,59.94777124680581,10.74353875501991,E-8LXugXGhjbvWL9ljbwzA,457,0,485,1,533,True,E-8LXugXGhjbvWL9ljbwzA
2247,2014,5,368,OSL,59.92899756980123,10.79146311542259,nYwV-Aw7vR42gNoFdXS1Sw,460,0,488,2,536,True,nYwV-Aw7vR42gNoFdXS1Sw
141,2014,5,464,OSL,59.90106151418007,10.78936350450142,2I4y4r-tIRMTuDT1KPcIsQ,270,1,489,1,539,True,2I4y4r-tIRMTuDT1KPcIsQ
4754,2014,5,212,OSL,59.95602439902266,10.76634772402964,z174fYLmbzwHarJuTrIj2w,461,0,490,2,540,True,z174fYLmbzwHarJuTrIj2w
2063,2019,4,274,OSL,59.92706454763727,10.78040742304436,arPULqsBX1O-MVy9eE4K0w,462,0,491,1,542,True,arPULqsBX1O-MVy9eE4K0w
1599,2014,8,241,OSL,59.9231328654155,10.71732364855058,-ZKPsJ7BFX-xc5S3u5yhsA,463,0,492,2,543,True,-ZKPsJ7BFX-xc5S3u5yhsA
2984,2018,12,325,OSL,59.93685393620113,10.69817756888893,J6kYu7-yenPoZDf8waRa4A,469,0,498,2,549,True,J6kYu7-yenPoZDf8waRa4A
1343,2009,7,255,OSL,59.92114119978062,10.68153489033896,TjvMO87O2fm6D3GW3AjYiA,471,0,500,5,551,True,TjvMO87O2fm6D3GW3AjYiA
2189,2019,9,602,OSL,59.92913970615606,10.71017508355638,gwMTh84qSSF7HBLEw7Hx5g,472,0,501,4,552,True,gwMTh84qSSF7HBLEw7Hx5g
3322,2019,9,313,OSL,59.93994024879269,10.79247282251914,dI1StScrdWGHAhS51TXwWA,258,0,263,11,553,True,dI1StScrdWGHAhS51TXwWA
1558,2014,6,654,OSL,59.92304975500888,10.66930377236528,6FdYqWEG8CfKoBjH_NSU8Q,116,1,504,2,557,True,6FdYqWEG8CfKoBjH_NSU8Q
3433,2019,8,654,OSL,59.94195484324584,10.69558061418697,Kx7248mjtj0ZmnsKGm122w,443,0,469,8,558,True,Kx7248mjtj0ZmnsKGm122w
2188,2018,12,537,OSL,59.92888937762896,10.70956194007106,hNDOXBn6prehPMTaV3Iy9g,474,0,505,3,559,True,hNDOXBn6prehPMTaV3Iy9g
222,2014,5,492,OSL,59.90309428649614,10.78234713488655,skB1yKn5TDLSoR8KkEYpeA,475,0,506,7,560,True,skB1yKn5TDLSoR8KkEYpeA
3221,2014,8,491,OSL,59.93904305111528,10.77735027627157,sRnt6uclyPXLt4pSZAfBeg,161,1,507,1,561,True,sRnt6uclyPXLt4pSZAfBeg
1234,2012,10,194,OSL,59.92002815254754,10.6843578708651,FiVS-QqsDvojNasrV1hJDw,477,0,509,2,563,True,FiVS-QqsDvojNasrV1hJDw
3195,2019,9,271,OSL,59.93907783220731,10.74140881154968,Yj9-m5pNFarWEjOuSRBrUA,478,0,510,2,564,True,Yj9-m5pNFarWEjOuSRBrUA
2641,2017,5,265,OSL,59.933975441157,10.65025433123911,t45Ys0mVIogN8yNquGHLBQ,314,0,323,3,565,True,t45Ys0mVIogN8yNquGHLBQ
2038,2016,5,567,OSL,59.92711271152302,10.75191355996413,_BIiWTrP3BnMIYIDdmIL0w,482,0,514,1,569,True,_BIiWTrP3BnMIYIDdmIL0w
3539,2017,5,717,OSL,59.94299946697573,10.71381570104785,LhJmI45w3KbySnCb1qGqyA,484,0,518,4,574,True,LhJmI45w3KbySnCb1qGqyA
4250,2018,12,255,OSL,59.95107010965008,10.67485330503,fLlr9vjPcNZyrdvqY1LGxQ,485,0,519,6,575,True,fLlr9vjPcNZyrdvqY1LGxQ
3302,2014,6,422,OSL,59.94016951150374,10.75360434742462,CDcyKuvg1P5U4VGrrJ3RfA,195,1,522,1,578,True,CDcyKuvg1P5U4VGrrJ3RfA
3304,2019,10,186,OSL,59.93992198953699,10.75955303500462,kZsjjyjh9CMbrBhWaUJATA,488,0,523,1,579,True,kZsjjyjh9CMbrBhWaUJATA
1802,2012,10,371,OSL,59.92491992942163,10.70861274224941,OdUkYVjKphnxqK4KIwMmcw,491,0,527,8,585,True,OdUkYVjKphnxqK4KIwMmcw
2491,2018,12,182,OSL,59.93184688359992,10.72099581181908,-skqaOILBwl8kXuUKOc6Hw,492,0,528,1,586,True,-skqaOILBwl8kXuUKOc6Hw
3866,2017,5,438,OSL,59.9460719449855,10.77920534264249,bwq1QF1wLHMi-BnNup8xlA,502,0,538,1,596,True,bwq1QF1wLHMi-BnNup8xlA
2160,2014,5,242,OSL,59.92786046970616,10.78693664302372,ZmyVi5dSzuu6PBi7LCm2aA,71,1,540,1,598,True,ZmyVi5dSzuu6PBi7LCm2aA
2941,2009,6,219,OSL,59.93620814926948,10.78420459278727,D-QsKgl8CnlDf847vht2Sg,504,0,541,1,599,True,D-QsKgl8CnlDf847vht2Sg
4755,2019,7,190,OSL,59.95597246381485,10.76970474709897,G1hDnwrHTgbOqPj-lti0LA,505,0,542,2,600,True,G1hDnwrHTgbOqPj-lti0LA
2625,2009,6,205,OSL,59.93275744527539,10.76673709268233,jfzEmRhfYoNQzxL9oPpPaQ,507,0,544,2,602,True,jfzEmRhfYoNQzxL9oPpPaQ
4719,2018,12,344,OSL,59.95586673792671,10.69660574693479,_ASc7b50zIimUhOjH6rfJQ,508,0,545,3,603,True,_ASc7b50zIimUhOjH6rfJQ
1184,2017,5,308,OSL,59.91930037585931,10.7505818277018,KuRe2XrMeC-QTbQzIFNkxA,509,0,546,1,606,True,KuRe2XrMeC-QTbQzIFNkxA
4433,2019,6,54,OSL,59.95307699642112,10.64392797137771,xsUeOkAG2CkNAat_HDHubA,510,0,547,2,607,True,xsUeOkAG2CkNAat_HDHubA
2651,2012,10,478,OSL,59.93407610459984,10.66445719563329,KVzim9_Lto2MZvURttCjLw,511,0,548,2,608,True,KVzim9_Lto2MZvURttCjLw
1281,2019,9,389,OSL,59.9199385635871,10.74336420139761,77oXTfP6LFYQxPRB7QXK1A,513,0,550,2,610,True,77oXTfP6LFYQxPRB7QXK1A
4844,2019,10,162,OSL,59.95696325082563,10.79250614017989,6Z0ubyacX0-GtJZDHm4HKw,514,0,551,1,611,True,6Z0ubyacX0-GtJZDHm4HKw
519,2018,12,396,OSL,59.91100503854823,10.68977195002415,TkNPQxSO0kJmUKRRBGgaCQ,515,0,552,2,612,True,TkNPQxSO0kJmUKRRBGgaCQ
1080,2018,12,211,OSL,59.91797867880236,10.74440553480415,FamyYdAQuKc6LkM37fZZbQ,517,0,554,3,615,True,FamyYdAQuKc6LkM37fZZbQ
2155,2017,5,518,OSL,59.92819817083021,10.77995232566844,kFZyCDl0pv5mJZOpUdHZ2Q,518,0,555,1,616,True,kFZyCDl0pv5mJZOpUdHZ2Q
4382,2019,6,449,OSL,59.9522111189404,10.73309183891115,Oc4UFoKol8nwZKFQgIlxCw,519,0,556,2,617,True,Oc4UFoKol8nwZKFQgIlxCw
1622,2017,5,381,OSL,59.92273162040185,10.74275174672615,TcaTAT0xz93lA1T1CYgPAw,520,0,557,5,618,True,TcaTAT0xz93lA1T1CYgPAw
2592,2014,5,304,OSL,59.93291289430949,10.7196401792743,NxaMRak20yF1basbGrgr1w,522,0,559,1,620,True,NxaMRak20yF1basbGrgr1w
3716,2009,7,440,OSL,59.94496066682235,10.70854235122499,UWBQ_kLVUxPd7NxT56Szng,130,1,561,1,622,True,UWBQ_kLVUxPd7NxT56Szng
1683,2014,6,466,OSL,59.92427934664418,10.67425389176827,EI9dkxxoUU3K-lPRVLVFgQ,524,0,562,1,624,True,EI9dkxxoUU3K-lPRVLVFgQ
2231,2018,12,326,OSL,59.92904532019141,10.76486562890063,vDEoJs4MLpGTV1tGSEJJ9A,525,0,563,1,625,True,vDEoJs4MLpGTV1tGSEJJ9A
224,2009,6,296,OSL,59.90328697271224,10.78417039099566,dWGBnYCCdILa3uRZNAxPUA,526,0,564,5,626,True,dWGBnYCCdILa3uRZNAxPUA
4459,2017,5,268,OSL,59.95286343569821,10.69471940516466,u1S08GXPZEzL0Rh7xCGoMw,527,0,565,1,628,True,u1S08GXPZEzL0Rh7xCGoMw
2876,2017,5,496,OSL,59.93596200982243,10.6849304214246,PFamddFkcS4g5EOKr4v0cA,528,0,567,3,630,True,PFamddFkcS4g5EOKr4v0cA
4080,2019,10,50,OSL,59.94911663186372,10.69268002596774,5HrbRad2fKA_Bjy6zWKoKw,10,1,569,2,633,True,5HrbRad2fKA_Bjy6zWKoKw
2224,2017,5,246,OSL,59.92913663263659,10.75322821641976,lydgxwfyoLFWQCUS-cAymw,192,1,571,1,636,True,lydgxwfyoLFWQCUS-cAymw
3981,2018,12,14,OSL,59.94807236431526,10.67636098871099,k1BJkZVB4QZ24RStUEcyJg,533,0,574,1,639,True,k1BJkZVB4QZ24RStUEcyJg
1185,2009,6,345,OSL,59.91902384282305,10.75122620812894,kCnByH63bpsz7I_AeOs12w,534,0,575,6,640,True,kCnByH63bpsz7I_AeOs12w
3500,2019,10,154,OSL,59.94203237462621,10.79236307928893,BWPi56RdVgxcYOiGqzc3HQ,535,0,576,1,641,True,BWPi56RdVgxcYOiGqzc3HQ
3468,2019,10,298,OSL,59.94225419942985,10.74924558066803,G9T-zeUct-Z5ctSSMMLkEA,312,0,320,7,646,True,G9T-zeUct-Z5ctSSMMLkEA
3438,2018,12,323,OSL,59.94189387970829,10.70247218878444,VwbqYH9LxTq5GfAga9rDgw,538,0,579,5,647,True,VwbqYH9LxTq5GfAga9rDgw
3194,2018,12,62,OSL,59.93888989078926,10.73900432684502,_4g2idDtgWJybmBTVQ4g6Q,539,0,580,1,648,True,_4g2idDtgWJybmBTVQ4g6Q
4009,2019,9,410,OSL,59.94829499402694,10.7311300129784,Vyibecm7tdFXcVk8n_g4HA,542,0,584,3,654,True,Vyibecm7tdFXcVk8n_g4HA
2826,2018,12,289,OSL,59.93506192931282,10.75853868100913,_nvbAqib0j6OECTt43T_Tg,540,0,582,4,655,True,_nvbAqib0j6OECTt43T_Tg
2961,2019,10,362,OSL,59.93668369422411,10.67111852959021,_IuccbYX9Cu41JJh7Yz5Bg,547,0,589,1,662,True,_IuccbYX9Cu41JJh7Yz5Bg
2863,2018,12,380,OSL,59.93616046918734,10.66949521135695,C48PQGLaMmTYYw9upFdiQg,549,0,591,2,665,True,C48PQGLaMmTYYw9upFdiQg
4606,2018,12,332,OSL,59.9540657003814,10.78155374012679,4QcEfw8tf_51oII8WKFQ_A,556,0,598,1,674,True,4QcEfw8tf_51oII8WKFQ_A
4308,2019,10,366,OSL,59.95103491789938,10.75671761135228,P8RjMPokTFdnKbRdY3d3PQ,558,0,600,2,676,True,P8RjMPokTFdnKbRdY3d3PQ
4539,2016,5,328,OSL,59.95416614545051,10.66834212112143,xd9sHM-ax64FPL3Yd3Iefw,559,0,601,4,678,True,xd9sHM-ax64FPL3Yd3Iefw
3189,2009,7,464,OSL,59.93901539780401,10.73011032621196,LMHOpsTirZXzuIkcezMzzQ,560,0,602,8,679,True,LMHOpsTirZXzuIkcezMzzQ
3454,2014,5,279,OSL,59.94200672400215,10.73347690899459,Zs67gKG73-WtYfjgZ9Eovg,563,0,605,1,682,True,Zs67gKG73-WtYfjgZ9Eovg
4623,2017,5,346,OSL,59.95490423535358,10.65721438802283,RKoaVNf6a9KEP6D6MID0vQ,218,1,607,3,684,True,RKoaVNf6a9KEP6D6MID0vQ
3684,2018,12,277,OSL,59.94548971603375,10.65266378649211,dtnCfDG3q2epktc4AqRWQw,566,0,609,1,686,True,dtnCfDG3q2epktc4AqRWQw
2611,2009,7,315,OSL,59.93325112308583,10.75001912905564,4kdI0FJdQJeda9p55Jz6hw,441,1,611,2,688,True,4kdI0FJdQJeda9p55Jz6hw
4917,2019,10,569,OSL,59.95783679265474,10.77440089027989,CAi-JB0D2N3P8e-_ZqUyRw,568,0,612,1,689,True,CAi-JB0D2N3P8e-_ZqUyRw
3091,2019,10,302,OSL,59.93801992605525,10.72130820782097,HfQgn13SOu-ofFD_EpdKhQ,363,0,378,5,692,True,HfQgn13SOu-ofFD_EpdKhQ
827,2014,5,72,OSL,59.91502123323826,10.73460733818463,kIn0lSfrMcPxUwYbPkLCoQ,570,0,614,3,694,True,kIn0lSfrMcPxUwYbPkLCoQ
375,2019,5,140,OSL,59.90805436748511,10.74150756746578,fOWe5NqF6TT5PdcpmwHEhQ,572,0,616,6,696,True,fOWe5NqF6TT5PdcpmwHEhQ
4925,2012,10,623,OSL,59.95805802848086,10.78299932730532,M_0BtSYzDOCaMUWMDVqi9g,574,0,618,1,698,True,M_0BtSYzDOCaMUWMDVqi9g
2246,2018,12,264,OSL,59.92944810119349,10.78530790611345,CTjoyoKcALKVPDreWlxp5A,577,0,621,1,702,True,CTjoyoKcALKVPDreWlxp5A
2985,2009,7,351,OSL,59.937059682955,10.69842000168252,BLwbqSC5TAKTOmLw1jsyfg,581,0,625,2,706,True,BLwbqSC5TAKTOmLw1jsyfg
2020,2018,12,695,OSL,59.92696645146232,10.73160356008672,XME2JW0vT1ZsK78y8SzCeQ,582,0,626,3,707,True,XME2JW0vT1ZsK78y8SzCeQ
2461,2014,5,592,OSL,59.93219171119804,10.66708166022786,ojBX1yho4wZqL1wYbX20Jg,585,0,629,2,710,True,ojBX1yho4wZqL1wYbX20Jg
2522,2017,5,653,OSL,59.93196772964784,10.75989867030349,lyaHRFN6CRR0XXA_w21yZg,58,1,630,1,711,True,lyaHRFN6CRR0XXA_w21yZg
4326,2014,5,312,OSL,59.95099497339429,10.77837971918079,ouK4Vcf0ofU9LCSyvaFSmQ,586,0,631,3,712,True,ouK4Vcf0ofU9LCSyvaFSmQ
912,2019,9,228,OSL,59.91594556759917,10.75359621285022,v3QojOJAfsZamitPwtSvyg,287,2,634,2,716,True,v3QojOJAfsZamitPwtSvyg
3375,2009,6,194,OSL,59.94133304116664,10.73514443917353,CND7-jhVOLoKvzO9jqokMA,397,0,414,4,717,True,CND7-jhVOLoKvzO9jqokMA
1093,2014,5,170,OSL,59.91800156775571,10.76219977267279,Op0CUKg0V2f7y6xg_Pshdg,589,0,635,1,718,True,Op0CUKg0V2f7y6xg_Pshdg
1085,2017,5,518,OSL,59.91802850966193,10.75043892196414,sofxmWQyrZq0s58kE9aRbA,590,0,636,2,719,True,sofxmWQyrZq0s58kE9aRbA
490,2018,12,505,OSL,59.90994842940584,10.76127247685999,AUgOTSjwhbY8_1tLAJShgA,400,1,637,2,720,True,AUgOTSjwhbY8_1tLAJShgA
1630,2019,9,449,OSL,59.92309405805324,10.7555435433266,0n2bub92Veprr_RwIIxZzA,473,0,503,5,722,True,0n2bub92Veprr_RwIIxZzA
3544,2018,12,176,OSL,59.94289967649947,10.72058059343603,s8wKtTzK8-rUrYjnZGaUVw,594,0,642,1,727,True,s8wKtTzK8-rUrYjnZGaUVw
2229,2017,5,445,OSL,59.92899892260373,10.76196613644773,VQkrgHSMCBKAbgR_hED6hQ,596,0,644,4,729,True,VQkrgHSMCBKAbgR_hED6hQ
3338,2018,12,158,OSL,59.94104433970235,10.68175452424495,f37mCs3xnSvDAWNGSSpLlg,94,1,649,1,735,True,f37mCs3xnSvDAWNGSSpLlg
3343,2019,10,434,OSL,59.94108424887409,10.68833669338071,4lylHMlfBXVE2cW5EemtZg,602,0,651,2,737,True,4lylHMlfBXVE2cW5EemtZg
1048,2014,6,398,OSL,59.91807346714383,10.70222668320794,XcvM3pP72hAh9vx-QXvv3g,326,1,653,2,740,True,XcvM3pP72hAh9vx-QXvv3g
3267,2014,5,113,OSL,59.9399673864038,10.70411070724121,mVLUnWQxhkkWSobaJMBJiQ,604,0,654,6,741,True,mVLUnWQxhkkWSobaJMBJiQ
2627,2019,8,560,OSL,59.93310014237571,10.76832545477989,mtrSnMAHULwgyZdsGVOmrg,405,1,655,2,742,True,mtrSnMAHULwgyZdsGVOmrg
1861,2014,6,151,OSL,59.92508719221236,10.77857098600104,0GpxDbnsJCPsK5Jd9GwIkA,378,0,395,3,747,True,0GpxDbnsJCPsK5Jd9GwIkA
910,2019,9,307,OSL,59.91604700990718,10.74936741902216,ByKJIxbaIQtxEnGQYWbATg,172,0,174,7,748,True,ByKJIxbaIQtxEnGQYWbATg
4102,2018,12,489,OSL,59.94898778220401,10.73747527063422,k5Vkmv9CqAFINYDRyYhHiA,608,0,659,3,749,True,k5Vkmv9CqAFINYDRyYhHiA
1132,2017,5,368,OSL,59.91907869363146,10.68451149837375,bl3_-qzmx1bSSsweFvLuFg,611,0,663,1,755,True,bl3_-qzmx1bSSsweFvLuFg
3331,2019,9,444,OSL,59.94098540800639,10.67096413187599,YHI36cc0_HV6IzIAAqZ1mw,296,0,303,3,756,True,YHI36cc0_HV6IzIAAqZ1mw
2157,2018,12,476,OSL,59.92821059233429,10.78328606727442,KGLajm4Sxt9FmTYSd-Ilfw,489,0,525,3,759,True,KGLajm4Sxt9FmTYSd-Ilfw
1975,2012,10,267,OSL,59.92710026340571,10.64290706753852,_lqj9zNWkiOaqRaJ9_s-yA,557,0,599,5,760,True,_lqj9zNWkiOaqRaJ9_s-yA
2125,2019,9,524,OSL,59.92795684718243,10.74382577499447,H9gWIYja278MMmwaWvakZQ,613,0,665,3,761,True,H9gWIYja278MMmwaWvakZQ
3077,2012,10,419,OSL,59.93799857611299,10.70346578538048,OZHGJ2eifL4LvKzTrcJkUQ,615,0,667,2,763,True,OZHGJ2eifL4LvKzTrcJkUQ
1771,2019,10,339,OSL,59.92544466617253,10.64897293959042,KDxLQSwjYUT0zNNOf1Qw4g,616,0,668,1,764,True,KDxLQSwjYUT0zNNOf1Qw4g
4016,2017,5,331,OSL,59.94779834931558,10.7435431237046,aJvpnRaISc-sz4Cfb0s0MA,457,1,670,3,766,True,aJvpnRaISc-sz4Cfb0s0MA
4757,2018,12,498,OSL,59.95603869638711,10.78238004137441,lqoE83lAgYqwcWCRjInAEQ,264,1,671,1,769,True,lqoE83lAgYqwcWCRjInAEQ
4234,2019,7,216,OSL,59.94998153703776,10.78855679820804,RmmdrwDD8qxaPeD2OYM_dg,617,0,672,3,770,True,RmmdrwDD8qxaPeD2OYM_dg
2219,2014,6,242,OSL,59.92901057170877,10.74775101749627,dHBWbHcp-YC0wkthQcjd0A,618,0,673,1,771,True,dHBWbHcp-YC0wkthQcjd0A
3210,2017,5,306,OSL,59.9389989372613,10.7593351753051,YAHLRk8JzYwKDOYcSV-hsQ,619,0,674,1,772,True,YAHLRk8JzYwKDOYcSV-hsQ
901,2019,9,235,OSL,59.91611751225534,10.73407798816466,YDbJf2f1Nz8mEaC1AzNBgQ,501,0,537,6,774,True,YDbJf2f1Nz8mEaC1AzNBgQ
3376,2017,5,636,OSL,59.94102645582918,10.74685950128434,OVg5yPg3e6fM0kxXnB7xzQ,136,2,677,2,776,True,OVg5yPg3e6fM0kxXnB7xzQ
2440,2016,5,244,OSL,59.93115059740366,10.79062564829922,Y8HkXNmMojjCJdB7R_YoSw,622,0,678,2,777,True,Y8HkXNmMojjCJdB7R_YoSw
1039,2014,5,408,OSL,59.91807369576233,10.68840092880828,lSxz6w8qJUQDxkl2dQCd1w,623,0,679,3,778,True,lSxz6w8qJUQDxkl2dQCd1w
3103,2019,10,327,OSL,59.93810518070002,10.75008491400164,GALfJ3M4_KlMyYqjUOgFdg,631,0,688,7,794,True,GALfJ3M4_KlMyYqjUOgFdg
1414,2017,5,408,OSL,59.92088299462722,10.77430597813709,kZpyCHMGRlYuLz2k5162cA,551,0,593,4,796,True,kZpyCHMGRlYuLz2k5162cA
4410,2018,12,196,OSL,59.95199805661633,10.76783777221582,lpkzx7O3Zt2yx0B4WaqN9Q,633,0,690,2,798,True,lpkzx7O3Zt2yx0B4WaqN9Q
2444,2012,10,315,OSL,59.93181641314888,10.64275044491085,rZZu8H7pzzYd2C_zaKDJpQ,635,0,692,2,800,True,rZZu8H7pzzYd2C_zaKDJpQ
4085,2019,9,108,OSL,59.9492936068851,10.69868268161994,PEQX5EPXMxOsqfC6mBm9ug,636,0,693,1,801,True,PEQX5EPXMxOsqfC6mBm9ug
2194,2017,5,229,OSL,59.92894119535072,10.71728532792272,BMYnwjJit52jhBqzYM32iQ,639,0,696,1,804,True,BMYnwjJit52jhBqzYM32iQ
3473,2012,10,613,OSL,59.94208789419172,10.7595247792849,Vj5Sj3_UviM4QXFKWQ9AJw,640,0,697,1,806,True,Vj5Sj3_UviM4QXFKWQ9AJw
3214,2019,9,671,OSL,59.9389358547168,10.76867329299618,QRA6m4XP6wRZaTYsBDRCZw,642,0,699,1,809,True,QRA6m4XP6wRZaTYsBDRCZw
3187,2009,6,424,OSL,59.93882202871082,10.72666627789672,fBx-KiSwmqpAawH2W5ns6Q,382,0,399,5,810,True,fBx-KiSwmqpAawH2W5ns6Q
3473,2019,10,630,OSL,59.9420654113863,10.75951036286785,ZbOOeDmN_M216Av5DSmtPw,640,1,700,1,812,True,ZbOOeDmN_M216Av5DSmtPw
692,2017,5,172,OSL,59.91305804728156,10.76037765677362,9911Yp3wdKgtuVtFh9fnDg,445,1,702,1,814,True,9911Yp3wdKgtuVtFh9fnDg
275,2017,5,481,OSL,59.90504324479262,10.7425413094757,vTvKC4yQefFDGThdGMZ67A,644,0,704,2,817,True,vTvKC4yQefFDGThdGMZ67A
879,2016,5,562,OSL,59.91572244598849,10.69539870887475,0hZ1PJ_PJUI5MdB2yt7xtA,239,0,243,14,819,True,0hZ1PJ_PJUI5MdB2yt7xtA
2538,2009,6,194,OSL,59.93227274432448,10.77981762801732,Q86smCPrjGZQpgrRX4lQWw,652,0,713,2,830,True,Q86smCPrjGZQpgrRX4lQWw
3772,2017,6,365,OSL,59.94492922877927,10.78865453123763,lreSVLF7njpe9PlObzBYUg,653,0,714,2,831,True,lreSVLF7njpe9PlObzBYUg
2433,2016,5,521,OSL,59.93104568754429,10.7784280359129,1XStH1EWgp-O3-y40KD3UA,34,0,34,8,832,True,1XStH1EWgp-O3-y40KD3UA
2405,2014,6,538,OSL,59.93076304119601,10.73955279810289,xyVoBI1jDiLDwpybEVDDGg,654,0,715,2,833,True,xyVoBI1jDiLDwpybEVDDGg
4285,2017,5,488,OSL,59.95098880384942,10.7315102508783,WOOyg3LyblYNJxa_ebj6CA,308,1,719,4,837,True,WOOyg3LyblYNJxa_ebj6CA
1865,2009,6,373,OSL,59.92511061169711,10.78217132148421,jOjIVBaShYXoDhBDv7PLQw,658,0,720,2,838,True,jOjIVBaShYXoDhBDv7PLQw
2720,2018,12,564,OSL,59.93394255862549,10.7615861388643,_jq30Ri8icNgG4vdxRnSPw,663,0,728,2,849,True,_jq30Ri8icNgG4vdxRnSPw
3674,2019,10,433,OSL,59.94394921867539,10.78642096611047,uwePC7E_6iAgWojNhoC1WA,666,0,731,4,852,True,uwePC7E_6iAgWojNhoC1WA
1283,2017,5,692,OSL,59.92001730384563,10.75031981364791,VdWVoUA9XgORhN1Cl2TQUg,667,0,732,2,853,True,VdWVoUA9XgORhN1Cl2TQUg
4253,2010,9,555,OSL,59.95106617284054,10.67852482118084,O42njO4o0-dfOK2FUqL8-g,259,0,264,4,854,True,O42njO4o0-dfOK2FUqL8-g
3473,2009,7,454,OSL,59.94206513532266,10.75957003430858,f1x8cDv2TYXBQp1Iul5t7g,640,2,739,4,865,True,f1x8cDv2TYXBQp1Iul5t7g
3916,2009,6,585,OSL,59.94702563749364,10.71827366128194,ya4d8VTqX4fwwK_NaFSt8A,673,0,740,4,866,True,ya4d8VTqX4fwwK_NaFSt8A
2864,2019,9,652,OSL,59.93628542768239,10.67008619381418,B2k3z-m4s-bfwdLcG5rVVg,674,0,741,3,867,True,B2k3z-m4s-bfwdLcG5rVVg
1418,2014,5,390,OSL,59.92082503417608,10.78363480782916,qxTACJHlgV7QMzC1CaMqQg,675,0,742,4,868,True,qxTACJHlgV7QMzC1CaMqQg
2181,2009,7,667,OSL,59.92904181703535,10.67550544229622,9bkcw0EFwF8ZjmJ6DtfEzA,677,0,744,1,870,True,9bkcw0EFwF8ZjmJ6DtfEzA
1526,2014,8,475,OSL,59.9220321826465,10.77147440196727,Wcs8RVWg-jUnG2JI1jrtyA,98,1,745,2,871,True,Wcs8RVWg-jUnG2JI1jrtyA
1390,2016,5,307,OSL,59.92097579972961,10.75055380819854,v1asK7gjvxDpowu7w5wb3w,679,0,747,2,874,True,v1asK7gjvxDpowu7w5wb3w
2726,2014,5,183,OSL,59.93408513986129,10.76824399979451,Bt7Wmb-QzpUa1nneRiSjxw,680,0,748,1,876,True,Bt7Wmb-QzpUa1nneRiSjxw
3006,2018,12,261,OSL,59.93698188064215,10.7404828322064,6O54PXcDz9icHL_qvqU3NA,681,0,749,1,877,True,6O54PXcDz9icHL_qvqU3NA
2409,2018,12,552,OSL,59.93095742432221,10.74269904314761,gT2dzSG8amL0-A3pvly6dg,684,0,752,2,880,True,gT2dzSG8amL0-A3pvly6dg
2314,2014,8,114,OSL,59.9301116284563,10.74434932019211,9ofAkHPGnaqGdKOrpJyxWg,166,1,753,1,881,True,9ofAkHPGnaqGdKOrpJyxWg
1563,2019,10,336,OSL,59.9233062561342,10.67676014015955,-84ljmP22p2xKnsJueT8Xw,95,1,761,3,890,True,-84ljmP22p2xKnsJueT8Xw
4511,2019,10,263,OSL,59.95305931957972,10.77356374042586,njgBYEg0vfkmOhMmYeaNlA,87,2,762,2,891,True,njgBYEg0vfkmOhMmYeaNlA
2969,2014,6,239,OSL,59.93701179159258,10.6814042933065,-ZX0OXMEC_LYp-utYYdsTA,401,1,763,1,892,True,-ZX0OXMEC_LYp-utYYdsTA
69,2018,12,462,OSL,59.89906210085528,10.7736883235049,9q3VGnZpTo8WPwStcIttaQ,692,0,766,1,895,True,9q3VGnZpTo8WPwStcIttaQ
1430,2017,5,232,OSL,59.92209556966294,10.64604700265632,u8ZTzh5auUl8dsxY6n_IHQ,694,0,768,7,897,True,u8ZTzh5auUl8dsxY6n_IHQ
1069,2014,5,455,OSL,59.91804738511465,10.72441043922904,avL-sx-oiSi7Fs-3EGB6Yw,697,0,772,1,902,True,avL-sx-oiSi7Fs-3EGB6Yw
2732,2009,6,287,OSL,59.93392388046716,10.77411871675552,GaqVXw6n0BlD74TvpeBxXQ,698,0,773,2,903,True,GaqVXw6n0BlD74TvpeBxXQ
86,2017,5,464,OSL,59.90002766648693,10.67441288609377,aeqLY3PjpP3WV7pYFjuNyQ,529,0,568,5,909,True,aeqLY3PjpP3WV7pYFjuNyQ
944,2012,10,281,OSL,59.9171018708022,10.65513082243157,ZxLsecgmmAqpoMwDqIafwQ,408,1,777,4,910,True,ZxLsecgmmAqpoMwDqIafwQ
886,2009,6,243,OSL,59.9158979244309,10.70680088811078,L_Yd_-frVCHVtDH9s_c3Sg,702,0,778,1,911,True,L_Yd_-frVCHVtDH9s_c3Sg
4924,2012,10,669,OSL,59.95795835082529,10.78296220192059,N4LBGzs1mPihzAW69K8wWA,574,1,781,4,914,True,N4LBGzs1mPihzAW69K8wWA
3062,2009,5,386,OSL,59.93793893649938,10.68211545069914,BqeTEiVDuOFLKTfOmXJi2w,705,0,783,4,916,True,BqeTEiVDuOFLKTfOmXJi2w
3590,2019,9,393,OSL,59.94287762081159,10.79347994616642,wK9rFbbgHYAX_Kq_pSt6OQ,707,0,785,3,919,True,wK9rFbbgHYAX_Kq_pSt6OQ
3180,2018,12,571,OSL,59.93899773903424,10.71649813225502,pqIk1Icv388quD6j2pMByg,708,0,786,4,920,True,pqIk1Icv388quD6j2pMByg
1909,2014,6,245,OSL,59.92602137288169,10.71749014330462,Uy2xjahlMC3uYh3ZBnobOQ,709,0,787,1,922,True,Uy2xjahlMC3uYh3ZBnobOQ
681,2017,5,431,OSL,59.91327669842173,10.73757080738572,aiWlPN1Pqrem3IF5PSQM7Q,710,0,788,4,923,True,aiWlPN1Pqrem3IF5PSQM7Q
2323,2014,8,663,OSL,59.93015119417547,10.75528347514698,LYIGxKJcPiyzZED0BJ-w3A,711,0,789,4,924,True,LYIGxKJcPiyzZED0BJ-w3A
3191,2017,5,476,OSL,59.93906302220964,10.73192192114143,SZjOOku9FPbQ0vKA1GAa2g,714,0,793,2,931,True,SZjOOku9FPbQ0vKA1GAa2g
3674,2018,12,408,OSL,59.94398797461233,10.78645441437997,W4mFTpgUPkLEQpnDptxgjg,666,1,795,1,936,True,W4mFTpgUPkLEQpnDptxgjg
4119,2018,12,487,OSL,59.94895284400729,10.7596405182663,DDsoxJV_Ngl00mLc7fTWeA,715,0,796,2,937,True,DDsoxJV_Ngl00mLc7fTWeA
1298,2019,9,219,OSL,59.92007336066808,10.76941570544333,Abs8mN2oKNIYcqmXPPe_3g,716,0,797,2,939,True,Abs8mN2oKNIYcqmXPPe_3g
3384,2009,6,392,OSL,59.94109936633818,10.7622059596763,gjZzY3DOoU5XKZZIbjVN0g,499,0,535,4,940,True,gjZzY3DOoU5XKZZIbjVN0g
3201,2012,10,668,OSL,59.93906450901339,10.7500065767246,vFUrwcnJzM1sXXTC4ov1jw,717,0,798,5,941,True,vFUrwcnJzM1sXXTC4ov1jw
1524,2009,6,62,OSL,59.92245684103736,10.76968192803042,UqhowqTo40K5Yul9JTweIQ,718,0,799,1,942,True,UqhowqTo40K5Yul9JTweIQ
195,2012,10,584,OSL,59.90272502375225,10.68584569600801,cn_TvgC19bp3pdq5VbUtoA,720,0,801,2,945,True,cn_TvgC19bp3pdq5VbUtoA
4314,2014,5,415,OSL,59.95098839036196,10.76330486032116,xnr3qAXp9tKTjSWoGBeoVQ,721,0,802,1,946,True,xnr3qAXp9tKTjSWoGBeoVQ
3488,2009,6,272,OSL,59.94195849273785,10.7772356600278,SmYci_M16iZ5A3eW_KdesA,571,0,615,3,948,True,SmYci_M16iZ5A3eW_KdesA
3379,2019,9,485,OSL,59.94093083574975,10.7493192991284,-JqyUI5XBP85HFn_6RM9gg,722,0,803,2,949,True,-JqyUI5XBP85HFn_6RM9gg
1667,2009,5,626,OSL,59.92407888564646,10.65509601615092,sotDqGx8ubcadD27AwiOhg,723,0,804,1,950,True,sotDqGx8ubcadD27AwiOhg
1901,2018,12,280,OSL,59.92584985582965,10.67973907602582,FW-MXB9yGsmk1UlkEvvJlg,724,0,805,1,953,True,FW-MXB9yGsmk1UlkEvvJlg
2730,2018,12,339,OSL,59.93408321361601,10.77208200324871,0pTnQFdO65aQkIsYeiZSAA,726,0,807,2,955,True,0pTnQFdO65aQkIsYeiZSAA
4408,2014,5,552,OSL,59.95227488443343,10.76541734357612,o40Xnw2LRFdE2d5uucOrQw,728,0,809,2,957,True,o40Xnw2LRFdE2d5uucOrQw
656,2016,5,88,OSL,59.91317778344967,10.70082587491181,ChsrNgDZ_ErBVHtfCjkWuQ,210,0,212,14,960,True,ChsrNgDZ_ErBVHtfCjkWuQ
4040,2016,5,506,OSL,59.94806348561801,10.77843997646434,zeYRmX_9pFjGAzDEhBClEA,690,0,764,12,962,True,zeYRmX_9pFjGAzDEhBClEA
154,2019,6,602,OSL,59.90185239292803,10.68379777674169,Ip6nnvUT9ZuDBMOlTJlucw,646,1,811,1,964,True,Ip6nnvUT9ZuDBMOlTJlucw
2235,2018,12,213,OSL,59.92910599146887,10.76941675151343,MsTWztE5RZm067ib4e6PMw,730,0,812,2,965,True,MsTWztE5RZm067ib4e6PMw
421,2017,5,189,OSL,59.90903870694347,10.7443848443637,qEjLByYF-lPO1PxkRZ-PFg,28,1,814,1,967,True,qEjLByYF-lPO1PxkRZ-PFg
4516,2019,10,556,OSL,59.95313470264375,10.78047415691942,2nDdEMP_MooY1vWjfOk5zA,100,1,816,2,969,True,2nDdEMP_MooY1vWjfOk5zA
3306,2017,5,466,OSL,59.94008096937556,10.76118020148342,QzayK8upkgAXYrKiJwWrgw,671,0,737,5,976,True,QzayK8upkgAXYrKiJwWrgw
4761,2019,7,432,OSL,59.9558653109279,10.78657698175146,XD0Vk_XiW1ma7mSqhNElQg,629,1,822,1,978,True,XD0Vk_XiW1ma7mSqhNElQg
3101,2012,10,668,OSL,59.93803055305021,10.7458527461175,AkJpCTOZaRwwhwz6eW6Obg,736,0,824,3,982,True,AkJpCTOZaRwwhwz6eW6Obg
3922,2019,9,391,OSL,59.94715227002366,10.73521595203088,b4HsZsROyteHevm5o8TQVw,737,0,825,1,983,True,b4HsZsROyteHevm5o8TQVw
2511,2014,6,557,OSL,59.9319590182543,10.74489585283642,XpvyzLJmUCvGDLyjCsUxRQ,738,0,826,1,984,True,XpvyzLJmUCvGDLyjCsUxRQ
2509,2018,12,361,OSL,59.93187822955397,10.74190913532589,a7wZzxPg4VgTYT5w6ceu9A,739,0,827,4,985,True,a7wZzxPg4VgTYT5w6ceu9A
479,2019,5,499,OSL,59.91009240072784,10.74179672172729,7UwynJKxmkF3JMoj9Fwn0A,740,0,828,8,986,True,7UwynJKxmkF3JMoj9Fwn0A
1276,2018,12,295,OSL,59.92026602722932,10.73471314402489,OH6N-yXwwEacnGC2YFiRNQ,19,1,829,2,988,True,OH6N-yXwwEacnGC2YFiRNQ
2942,2014,5,215,OSL,59.93605725455772,10.78435349517783,I1AhK8QGhRZ2GYPs8tqhmA,53,1,831,1,990,True,I1AhK8QGhRZ2GYPs8tqhmA
655,2017,5,356,OSL,59.91310063806277,10.68876594506977,-oTRnLx6SiHRBwiNnbQ8cw,121,1,133,5,996,True,-oTRnLx6SiHRBwiNnbQ8cw
1567,2014,8,415,OSL,59.92304969186591,10.68044425165146,Jv2VWcGTwDfnq3t7-pa4Mg,634,1,837,1,999,True,Jv2VWcGTwDfnq3t7-pa4Mg
2155,2009,6,310,OSL,59.92816160713362,10.77994883778192,fHiyaGVm4upm4TOk0961Xw,518,1,839,2,1001,True,fHiyaGVm4upm4TOk0961Xw
1600,2018,12,398,OSL,59.92332018225838,10.71771084034195,1ui1S5pntYPf_tN0IU-l2g,747,0,840,2,1002,True,1ui1S5pntYPf_tN0IU-l2g
827,2010,8,282,OSL,59.9150673005843,10.73462308472756,Nhqe3G46fra93Jf3vrkVWw,570,1,669,3,1007,True,Nhqe3G46fra93Jf3vrkVWw
1643,2014,8,477,OSL,59.92315469192994,10.77203354272566,WMLb3yHXWazCnRGCfYgPIg,343,1,844,3,1010,True,WMLb3yHXWazCnRGCfYgPIg
4704,2016,5,307,OSL,59.9562176256475,10.66220014741038,BzgMGkR5KiDVCEtERgGYTg,750,0,845,4,1011,True,BzgMGkR5KiDVCEtERgGYTg
2104,2017,5,399,OSL,59.92815612269262,10.71624683105459,wkYwMo0yCDEUKDSnNhGOmg,25,1,846,3,1013,True,wkYwMo0yCDEUKDSnNhGOmg
1075,2009,7,488,OSL,59.91794996286016,10.73823336264083,Mpmou6hXgG2A7Chxj2ps-w,751,0,847,9,1014,True,Mpmou6hXgG2A7Chxj2ps-w
2823,2018,12,254,OSL,59.93514288955018,10.75362755125562,dwcb7eLPPjoYQh9hC70pUA,752,0,848,2,1017,True,dwcb7eLPPjoYQh9hC70pUA
1392,2019,9,316,OSL,59.92118382436449,10.75246431437081,cuXVbhu-1pP9F21yZK3JjA,171,1,849,1,1018,True,cuXVbhu-1pP9F21yZK3JjA
1719,2018,12,46,OSL,59.92406098709629,10.73128437768721,rRfltRvRGz_RnsLCQGuGfA,755,0,852,3,1022,True,rRfltRvRGz_RnsLCQGuGfA
3682,2018,12,484,OSL,59.94510686401347,10.64197282727438,nLLqtETugvgvxGvgUPo3xg,756,0,853,2,1023,True,nLLqtETugvgvxGvgUPo3xg
1715,2016,5,349,OSL,59.92404414477022,10.72546386934072,mds7bjU0AjlBeSppWCgEiQ,757,0,854,6,1025,True,mds7bjU0AjlBeSppWCgEiQ
911,2017,5,532,OSL,59.91600742396168,10.75148271336653,iMY80aumyR9aLX0frcL2sQ,758,0,855,2,1026,True,iMY80aumyR9aLX0frcL2sQ
2592,2018,12,497,OSL,59.93292712858327,10.71965173528531,GaWdUTAXEI29VaOqif-83w,522,1,856,1,1027,True,GaWdUTAXEI29VaOqif-83w
2041,2014,5,231,OSL,59.92701451552836,10.75587573795648,HizJDcZXIl9xNpIgu__CYQ,759,0,857,2,1028,True,HizJDcZXIl9xNpIgu__CYQ
4601,2014,8,324,OSL,59.95433856385105,10.77692188048067,tTBLZCO103MZhnHcyfwmJg,276,1,858,2,1029,True,tTBLZCO103MZhnHcyfwmJg
2322,2017,5,502,OSL,59.92988475170593,10.75477999278293,Jd8qqJj6t69n7jKtNf6Hjg,761,0,860,5,1031,True,Jd8qqJj6t69n7jKtNf6Hjg
1757,2019,9,361,OSL,59.92403871733895,10.77765553570227,9qJ5DCndQK0tyhnDI7k5fQ,762,0,861,4,1032,True,9qJ5DCndQK0tyhnDI7k5fQ
4918,2009,5,346,OSL,59.95801650055688,10.77548242397412,-CxDwxSmvR1ItDAUsDOg8A,729,0,810,4,1035,True,-CxDwxSmvR1ItDAUsDOg8A
1827,2012,10,183,OSL,59.92504452248075,10.73634603803902,yhoQnvjO_JurJr8sf_6Y8g,766,0,865,1,1037,True,yhoQnvjO_JurJr8sf_6Y8g
2726,2019,9,359,OSL,59.93409369470839,10.76824698643868,OsxRcEGr0oxd34VygGsC_g,680,1,869,2,1043,True,OsxRcEGr0oxd34VygGsC_g
1997,2017,5,380,OSL,59.92691498163259,10.67636905020639,wirkVTPP0fekjeVPcqmsYg,770,0,871,2,1047,True,wirkVTPP0fekjeVPcqmsYg
4918,2019,7,525,OSL,59.95802266212084,10.77548821522359,pdYMdj5sHlRcg4hKBQPmGw,729,1,872,2,1048,True,pdYMdj5sHlRcg4hKBQPmGw
2850,2017,5,354,OSL,59.93506444336796,10.79142618185507,34l1udbL18M6LbEYUgbXBw,283,0,288,3,1050,True,34l1udbL18M6LbEYUgbXBw
3104,2014,5,138,OSL,59.93817490233403,10.751707672452,6bO2R65okn1vFcQ6lE0GpA,771,0,873,1,1052,True,6bO2R65okn1vFcQ6lE0GpA
328,2009,6,409,OSL,59.90583535591511,10.77936153384793,He9PG4sMTFP0bcrs7YUp4A,282,1,875,2,1054,True,He9PG4sMTFP0bcrs7YUp4A
2749,2019,10,226,OSL,59.93497830460553,10.64174898124342,VM-LWt45FlkIN7UeU0VgEQ,773,0,876,2,1055,True,VM-LWt45FlkIN7UeU0VgEQ
3972,2009,5,227,OSL,59.94804169650985,10.6547031702981,1dW6Hl87NBCWkyiTyv0k5w,162,1,877,5,1060,True,1dW6Hl87NBCWkyiTyv0k5w
2143,2014,5,349,OSL,59.92804931946178,10.76293352610633,PQgr1K2ANUSF3LShcLFsTw,774,0,878,5,1061,True,PQgr1K2ANUSF3LShcLFsTw
1594,2019,9,372,OSL,59.92325820582769,10.71096483630259,janHJdm7BYK4LHsx6AcuuQ,339,1,879,1,1063,True,janHJdm7BYK4LHsx6AcuuQ
4487,2019,6,325,OSL,59.95302518859143,10.74442349381729,aPdD71Or5ULoE_-bmoyjaQ,775,0,880,2,1064,True,aPdD71Or5ULoE_-bmoyjaQ
2838,2009,6,440,OSL,59.93504978569534,10.77339042724901,CJZviElMzcpGmxiITQ027A,778,0,883,6,1068,True,CJZviElMzcpGmxiITQ027A
681,2009,6,249,OSL,59.91323017725029,10.73757772195371,4Zp89iKeFd2-4YUcABL9Yw,710,1,884,2,1069,True,4Zp89iKeFd2-4YUcABL9Yw
3623,2019,9,477,OSL,59.94414184344414,10.70492331500056,KnC9TkxYcE-oGsVLhy1kTg,307,0,315,6,1070,True,KnC9TkxYcE-oGsVLhy1kTg
607,2009,6,247,OSL,59.91182773636167,10.73787670700619,FggBXAuinCPM_fkooGsqww,781,0,888,1,1076,True,FggBXAuinCPM_fkooGsqww
4065,2010,9,453,OSL,59.94905246790337,10.66612871111369,D3wKWhHenfjGsaBpV8KGOA,22,1,890,1,1078,True,D3wKWhHenfjGsaBpV8KGOA
344,2012,10,522,OSL,59.9070006150094,10.69383405100241,49nzuGnxYaZbqyUFiM2nrw,783,0,891,1,1079,True,49nzuGnxYaZbqyUFiM2nrw
2041,2009,6,412,OSL,59.92702490610858,10.75587665387084,xCRly1HSFPD4Ibl6bTARWw,759,1,893,1,1081,True,xCRly1HSFPD4Ibl6bTARWw
986,2019,9,340,OSL,59.91685146912649,10.74012448086857,AAEQqA7wDMBjyjVSKcpfTw,785,0,894,5,1082,True,AAEQqA7wDMBjyjVSKcpfTw
3224,2014,5,214,OSL,59.93891038480235,10.78054703736439,HAjj6IAVVX_y88gyDXNGfA,786,0,895,3,1083,True,HAjj6IAVVX_y88gyDXNGfA
58,2014,6,600,OSL,59.89901262179641,10.75653079931704,W73kW-YG_a2A0U6e9WTK5A,787,0,896,6,1085,True,W73kW-YG_a2A0U6e9WTK5A
3920,2014,8,562,OSL,59.94716222646865,10.73318794378073,Cbx-cNjL4ZGrtq70CdoT1Q,790,0,899,5,1088,True,Cbx-cNjL4ZGrtq70CdoT1Q
2133,2018,7,341,OSL,59.92818408197897,10.75228194937425,JqqpQEn28KHiNAXY7eGVLQ,791,0,900,1,1089,True,JqqpQEn28KHiNAXY7eGVLQ
1585,2014,8,422,OSL,59.9230941335282,10.70252092156696,q8ZY1kqEM16PqAYjL7w-CQ,532,0,573,6,1092,True,q8ZY1kqEM16PqAYjL7w-CQ
4538,2019,10,336,OSL,59.95417719353501,10.66755569139867,fBDomQ2GDrK1YReINFsVOA,795,0,904,4,1094,True,fBDomQ2GDrK1YReINFsVOA
3051,2019,9,442,OSL,59.93792228955299,10.66899102228136,VWaMGsuArCLdSuIdFzsT_A,668,0,733,3,1097,True,VWaMGsuArCLdSuIdFzsT_A
2437,2014,5,343,OSL,59.93124846113251,10.78206493692912,2xSdEGW7JWdOJRxPkUwLGQ,442,1,908,1,1101,True,2xSdEGW7JWdOJRxPkUwLGQ
1712,2014,6,462,OSL,59.9240877103802,10.72218451149854,hU3fZAmWk7Vfbd8IH8dj6A,798,0,909,1,1102,True,hU3fZAmWk7Vfbd8IH8dj6A
1385,2019,9,365,OSL,59.92100397038518,10.73649491845411,fPi5Xof0zZqTiDjs1gIYAg,548,0,590,4,1106,True,fPi5Xof0zZqTiDjs1gIYAg
2627,2009,7,379,OSL,59.93307948170081,10.76836885904047,UDXJex67JjbJZcHIEkRT9Q,405,0,423,3,1107,True,UDXJex67JjbJZcHIEkRT9Q
4488,2019,10,349,OSL,59.95310697503783,10.74534259309827,n5_k7RfdrmeqXBehq1QZow,802,0,913,3,1109,True,n5_k7RfdrmeqXBehq1QZow
480,2012,10,245,OSL,59.91001710052176,10.74353100195602,BnNoWr1hW7ejR_XnmJxUZA,285,1,914,3,1111,True,BnNoWr1hW7ejR_XnmJxUZA
876,2019,9,242,OSL,59.91616627904448,10.69264999284961,I5RqvbV9BnxlMTaz_ONHww,413,0,431,15,1113,True,I5RqvbV9BnxlMTaz_ONHww
3619,2018,6,458,OSL,59.94377133630857,10.70057609941307,UDdYz6e5uL7c56Yma_kXFA,620,0,675,12,1117,True,UDdYz6e5uL7c56Yma_kXFA
4778,2019,8,428,OSL,59.95667991533352,10.66959191373318,TKlR98ipxm-YmqVPCLE44A,807,0,921,1,1122,True,TKlR98ipxm-YmqVPCLE44A
1837,2014,5,417,OSL,59.92511146172168,10.74661208598473,tD67Pj2QrJqFhZRVZkQO7g,808,0,922,1,1124,True,tD67Pj2QrJqFhZRVZkQO7g
1935,2009,6,435,OSL,59.92605345130121,10.74735393194125,btyf5mUhOwznl9pp23qUDQ,813,0,927,2,1129,True,btyf5mUhOwznl9pp23qUDQ
4511,2017,6,436,OSL,59.95308574150001,10.77356887486093,EdubVprS12T7xSWiLD4iMA,87,0,87,4,1131,True,EdubVprS12T7xSWiLD4iMA
3121,2018,12,309,OSL,59.93778027439524,10.7705778337453,MBYJhhuILAGako25GKwNTg,815,0,929,1,1133,True,MBYJhhuILAGako25GKwNTg
2890,2012,10,482,OSL,59.93592809577516,10.70210017496736,vQxSCRb36yKRIsHXmExVGA,817,0,931,2,1137,True,vQxSCRb36yKRIsHXmExVGA
1912,2018,12,140,OSL,59.92609527615356,10.7203483191467,of61z09nzl91STaK3IDVWA,245,1,932,1,1138,True,of61z09nzl91STaK3IDVWA
4844,2019,7,329,OSL,59.95698316820029,10.7925291109223,yWph6b5VrN2oP-h7b1mDVw,514,1,933,1,1139,True,yWph6b5VrN2oP-h7b1mDVw
2408,2017,5,230,OSL,59.93097877384235,10.74233390515735,BG8sIlVWhnEe0J2Gv1EWmA,459,1,935,1,1142,True,BG8sIlVWhnEe0J2Gv1EWmA
2642,2017,5,340,OSL,59.93406921835434,10.65029801175928,lxxt_sJuxS1J7aiJEamlGg,314,1,937,2,1144,True,lxxt_sJuxS1J7aiJEamlGg
2030,2017,5,90,OSL,59.92690491599515,10.74334725148807,jBGPcN_i5AoZh1Zhnp2aYg,820,0,938,2,1145,True,jBGPcN_i5AoZh1Zhnp2aYg
3594,2018,12,225,OSL,59.94391607258982,10.64823511732634,ixaHlrh8GgFJdGhfdy5Bew,821,0,939,1,1147,True,ixaHlrh8GgFJdGhfdy5Bew
4487,2018,12,306,OSL,59.95303212927464,10.74455211158648,L4IvhB4_40D3D-cTJL276g,775,1,940,1,1148,True,L4IvhB4_40D3D-cTJL276g
3396,2018,12,63,OSL,59.94090915353544,10.78184416864083,4CY1MBQQQHnTZ4X40Bf92w,816,1,941,1,1149,True,4CY1MBQQQHnTZ4X40Bf92w
835,2012,10,567,OSL,59.91490321134264,10.74777534586862,a1_VihBYHC__36-zHRM3Nw,822,0,942,8,1150,True,a1_VihBYHC__36-zHRM3Nw
437,2018,12,281,OSL,59.90908467093823,10.76671781190752,YG33Ra17rte_l93JKGZSCw,434,1,945,1,1154,True,YG33Ra17rte_l93JKGZSCw
2774,2012,10,168,OSL,59.93530736410528,10.6916676391142,YGK4BxD-sWUOAj0w3m3ofw,828,0,950,1,1160,True,YGK4BxD-sWUOAj0w3m3ofw
2604,2012,10,410,OSL,59.93311348351224,10.73507670724105,ja-xLEq8dg9oYCB2YlhGDg,337,0,350,6,1162,True,ja-xLEq8dg9oYCB2YlhGDg
1875,2017,6,560,OSL,59.92607743490257,10.64213130403162,nHSJ6T37qQ5gjXKJ2h98zQ,183,1,951,1,1163,True,nHSJ6T37qQ5gjXKJ2h98zQ
2676,2014,8,191,OSL,59.93408106132928,10.69957262455811,D40URiuSUVhmIWgwQVg5Mg,7,0,7,7,1165,True,D40URiuSUVhmIWgwQVg5Mg
3484,2009,6,105,OSL,59.94192850637842,10.77314047137774,d5vQfzr9g9DFlyMXIxz59A,830,0,953,1,1168,True,d5vQfzr9g9DFlyMXIxz59A
2890,2017,5,302,OSL,59.93595121311506,10.70212283120115,X77WCxfYE3vPriNYhUrc3g,817,1,954,2,1171,True,X77WCxfYE3vPriNYhUrc3g
4308,2019,6,565,OSL,59.95103507673757,10.75671703251654,08Bw6q-4FQYGJm_QnI8ccQ,558,1,955,2,1172,True,08Bw6q-4FQYGJm_QnI8ccQ
158,2019,10,293,OSL,59.90185305874421,10.68854561357629,4NBEj3v1mWvuYhfJsbrrvA,831,0,956,1,1173,True,4NBEj3v1mWvuYhfJsbrrvA
522,2009,4,312,OSL,59.91092539915678,10.70644524325365,8uV7URKR9KmlEjkPxNfW2A,832,0,958,2,1176,True,8uV7URKR9KmlEjkPxNfW2A
1339,2019,6,257,OSL,59.92103020689868,10.67642669885857,8LHQtKclEMafpIJL3SHfKg,833,0,959,7,1177,True,8LHQtKclEMafpIJL3SHfKg
4590,2019,7,482,OSL,59.95404966395692,10.76077938049251,evwIqslksL8oUqKXE6zFNA,373,1,962,4,1181,True,evwIqslksL8oUqKXE6zFNA
919,2009,6,288,OSL,59.91607863325363,10.76339594180221,IMmNG-dX0sLeA2IVg_YCtg,838,0,965,9,1186,True,IMmNG-dX0sLeA2IVg_YCtg
4496,2019,10,152,OSL,59.95307681115673,10.75354421022954,N8SCE7ivLBXnflUeErxTiA,227,1,966,5,1187,True,N8SCE7ivLBXnflUeErxTiA
4797,2019,7,601,OSL,59.95679959527229,10.70702939431889,mP0CgsoRAwBk90nz81W2pg,839,0,967,1,1190,True,mP0CgsoRAwBk90nz81W2pg
4790,2019,10,383,OSL,59.95704465616435,10.69441716776099,ZEKQdg5Y9i7fqLvrGeqP-A,840,0,968,1,1191,True,ZEKQdg5Y9i7fqLvrGeqP-A
4572,2019,6,351,OSL,59.95413305021352,10.73834877251845,ZCO0C5TkO5CVus_5XfRDzQ,841,0,969,2,1192,True,ZCO0C5TkO5CVus_5XfRDzQ
1142,2018,12,418,OSL,59.91925147374468,10.69648040141048,DYf5wbNt7lPDxSF3hwkArA,672,0,738,4,1198,True,DYf5wbNt7lPDxSF3hwkArA
3719,2018,12,334,OSL,59.94499383576033,10.71142265265079,_PL1XYhrW7qccVAqiO3FAA,33,0,33,5,1199,True,_PL1XYhrW7qccVAqiO3FAA
2887,2014,5,338,OSL,59.93613781843166,10.6973498198774,dbhlC_xQ463ne4q8utDBWQ,844,0,973,3,1200,True,dbhlC_xQ463ne4q8utDBWQ
991,2019,9,81,OSL,59.91701885818975,10.74764701003457,2euTpzwwUXnSRJUjjH4YHA,847,0,976,3,1203,True,2euTpzwwUXnSRJUjjH4YHA
4718,2019,10,163,OSL,59.9560354334893,10.69432230370317,EbeRg_8xfKRzxdlnnnri2g,848,0,977,1,1204,True,EbeRg_8xfKRzxdlnnnri2g
197,2018,12,347,OSL,59.90307209650572,10.68677807765131,Hzf9bruhjZ-agr3NxzM6gw,67,1,978,1,1205,True,Hzf9bruhjZ-agr3NxzM6gw
1683,2019,10,441,OSL,59.92427171392118,10.67417524978361,lA7r9TfQXG8HwTRVmxrzPA,524,1,979,4,1206,True,lA7r9TfQXG8HwTRVmxrzPA
3118,2009,6,296,OSL,59.93791531959698,10.7659891316295,D_PpjMDPLXRzGgcqbAZsrA,849,0,980,2,1207,True,D_PpjMDPLXRzGgcqbAZsrA
2688,2009,6,556,OSL,59.93392250631144,10.71183488675542,yVyE2T1QyF2qAOeXh92kCg,788,1,981,2,1208,True,yVyE2T1QyF2qAOeXh92kCg
1133,2019,3,508,OSL,59.91896784003114,10.68657405152551,ZVcCeM0CwKsvYzvO-EPX5w,850,0,982,2,1209,True,ZVcCeM0CwKsvYzvO-EPX5w
600,2019,6,327,OSL,59.91215435576221,10.72216036882911,g8X2o3xKthErb3fRp-gXJw,852,0,984,1,1211,True,g8X2o3xKthErb3fRp-gXJw
2527,2018,12,302,OSL,59.93212361850538,10.76454493216471,vaALuzMsG6M1AvUnjiCeGQ,340,0,353,3,1213,True,vaALuzMsG6M1AvUnjiCeGQ
1614,2014,8,394,OSL,59.92307613199238,10.73440081085991,oNMltStfMmetvl881OqJZA,853,0,985,2,1215,True,oNMltStfMmetvl881OqJZA
4913,2019,10,406,OSL,59.95808009156001,10.7614477995491,3jz7xIlRcPxrN8pV_sj8ag,854,0,986,3,1217,True,3jz7xIlRcPxrN8pV_sj8ag
2310,2019,9,266,OSL,59.92975424942585,10.739130226088,igX82xlMs3r22IPWEYWtxg,856,0,988,1,1220,True,igX82xlMs3r22IPWEYWtxg
3218,2009,6,518,OSL,59.93895370422491,10.77475070972739,CyNkODSYgP3aO_y4nyVcTA,433,1,990,2,1222,True,CyNkODSYgP3aO_y4nyVcTA
4176,2012,10,174,OSL,59.95002154621152,10.69454946380342,16Slbrzm4T3IbYRvvpfGNg,858,0,991,3,1224,True,16Slbrzm4T3IbYRvvpfGNg
1390,2018,12,331,OSL,59.92098032057734,10.75055132103972,oRb3hbVhIgbuofVDR6MaAA,679,1,994,2,1228,True,oRb3hbVhIgbuofVDR6MaAA
2802,2009,7,403,OSL,59.93501881252183,10.72733878891534,ZkpbgfKAKW1mWRR4L3DxyA,860,0,995,1,1229,True,ZkpbgfKAKW1mWRR4L3DxyA
2515,2017,5,275,OSL,59.93203850696514,10.74909213667698,v6qZPN6YpsnPyTgqqhtnLg,865,0,1000,2,1234,True,v6qZPN6YpsnPyTgqqhtnLg
328,2017,5,590,OSL,59.90587168852657,10.77933188842872,d-mATS8bpzcrwHi9nXoXtg,282,2,1001,2,1235,True,d-mATS8bpzcrwHi9nXoXtg
3203,2014,6,207,OSL,59.93891271848333,10.75124189358719,asQGAr9Psw56kct34foCpg,866,0,1002,4,1236,True,asQGAr9Psw56kct34foCpg
2027,2016,5,432,OSL,59.92699766274912,10.73868354423343,ZAM93GR0imItD68PZvvwvw,867,0,1003,5,1237,True,ZAM93GR0imItD68PZvvwvw
3920,2018,12,384,OSL,59.94714841149343,10.73316410806932,5wZu1MfdVAiiLe6kGP_Ceg,790,1,1004,2,1238,True,5wZu1MfdVAiiLe6kGP_Ceg
2790,2009,6,361,OSL,59.93505802459865,10.71184709969929,1-t1UXpsSuMEUcsbtjrWuA,868,0,1005,2,1240,True,1-t1UXpsSuMEUcsbtjrWuA
2689,2009,6,482,OSL,59.93416654010406,10.71213741907376,sDMsW4EbIRl-aHS_-nNE4g,670,1,1008,3,1244,True,sDMsW4EbIRl-aHS_-nNE4g
823,2019,9,107,OSL,59.91520975929666,10.72844097681305,LfondmuRJZ7TmEvN5sbwzg,27,0,27,6,1246,True,LfondmuRJZ7TmEvN5sbwzg
4102,2019,10,677,OSL,59.94900120102258,10.73749511242962,U1TIOG5nTzz1KxDmnzDDDw,608,1,841,5,1247,True,U1TIOG5nTzz1KxDmnzDDDw
3854,2018,12,309,OSL,59.94589234406872,10.76267113430061,gUrEqLkagaUoOjunC3CswQ,812,1,1010,1,1248,True,gUrEqLkagaUoOjunC3CswQ
3211,2009,6,228,OSL,59.9391599147688,10.76029622558358,UYqLedpd7I4n6b6UmoZLhw,871,0,1011,3,1249,True,UYqLedpd7I4n6b6UmoZLhw
2908,2019,9,389,OSL,59.93602551267394,10.73847341696365,Wq8gpQbLwRUnBdboyQjECw,873,0,1013,2,1251,True,Wq8gpQbLwRUnBdboyQjECw
537,2009,7,639,OSL,59.91102429944784,10.75736744665133,WTofHBcS0VkAIXx-Dag4wA,875,0,1015,6,1253,True,WTofHBcS0VkAIXx-Dag4wA
3413,2017,5,200,OSL,59.94235801846038,10.66386896012201,lj0et31VgSKTH3pj91zgRw,107,2,1016,1,1254,True,lj0et31VgSKTH3pj91zgRw
4796,2018,12,562,OSL,59.9572557276917,10.70213161668046,lE_BGW9MQ_0ffCPMhqfEeQ,876,0,1017,1,1255,True,lE_BGW9MQ_0ffCPMhqfEeQ
1528,2019,9,576,OSL,59.92203531296457,10.77350332406523,ih_cpuHWm3VROCffnSNbTQ,881,0,1022,3,1260,True,ih_cpuHWm3VROCffnSNbTQ
3856,2009,6,494,OSL,59.94562434069194,10.76406433287058,x1_tclcCo0xc24EkIMgxzQ,490,1,1023,2,1262,True,x1_tclcCo0xc24EkIMgxzQ
1706,2018,12,591,OSL,59.9239173908593,10.71535260266987,2UEfxwtQg6tmLePq5Z8ffA,883,0,1025,1,1264,True,2UEfxwtQg6tmLePq5Z8ffA
680,2018,12,585,OSL,59.91294394834783,10.73629856327661,70_OSZ2gu0cqM7YTOmQSmg,877,1,1026,1,1265,True,70_OSZ2gu0cqM7YTOmQSmg
2705,2019,9,445,OSL,59.93391613692965,10.7399452932306,xXB8yDqNil82BCaToEESEA,885,0,1029,1,1268,True,xXB8yDqNil82BCaToEESEA
4189,2018,12,298,OSL,59.95003957798504,10.72528268848884,qw6zgyBN1cMvvz1tU4y5Cw,886,0,1030,2,1269,True,qw6zgyBN1cMvvz1tU4y5Cw
1836,2019,9,248,OSL,59.9250881147783,10.74529169513968,7EKfhsiG6FONjzaQ6GtBMg,887,0,1031,1,1270,True,7EKfhsiG6FONjzaQ6GtBMg
1771,2019,9,298,OSL,59.92541373089593,10.64891045281832,wXEXI9L2ArG5Vy8p2QQxiw,616,1,1032,1,1271,True,wXEXI9L2ArG5Vy8p2QQxiw
4245,2018,12,221,OSL,59.95097269486633,10.66526505618962,fnXef85nhUqEKLE0neksog,888,0,1033,2,1272,True,fnXef85nhUqEKLE0neksog
1943,2009,6,127,OSL,59.92613198856293,10.75849601469336,kY-fheQsLLzD5GFzQGrMIA,889,0,1035,1,1274,True,kY-fheQsLLzD5GFzQGrMIA
512,2018,6,332,OSL,59.91005875139312,10.79334254632298,p53ZNsBlYcsANJN6y-Uwzg,39,1,1036,2,1275,True,p53ZNsBlYcsANJN6y-Uwzg
2264,2019,10,389,OSL,59.92986720951944,10.67165402074886,Y92q5M8-6CJHTj6I-siEDg,890,0,1037,2,1277,True,Y92q5M8-6CJHTj6I-siEDg
2239,2019,9,465,OSL,59.92908686533597,10.77809474237243,o-sClMTePVH2Ec0mmTAjQw,197,1,685,9,1280,True,o-sClMTePVH2Ec0mmTAjQw
1927,2009,6,277,OSL,59.92607425492977,10.73754022781459,Awk0uXlmKaEgugSmUB9taQ,500,1,1040,1,1281,True,Awk0uXlmKaEgugSmUB9taQ
4424,2019,7,326,OSL,59.95209584141999,10.78536988588331,27y9W9ZyXlMzvK0Vqx103w,893,0,1041,4,1282,True,27y9W9ZyXlMzvK0Vqx103w
684,2019,9,571,OSL,59.91301016132082,10.74467833504133,Ieg_t4QyzDJ9S7_bXYcXSw,79,0,79,6,1283,True,Ieg_t4QyzDJ9S7_bXYcXSw
2560,2019,9,380,OSL,59.93301280623368,10.66550566388095,3pZiFubpn8euJNS1EZ0Kxg,140,2,1042,1,1284,True,3pZiFubpn8euJNS1EZ0Kxg
3969,2018,12,576,OSL,59.94806636506785,10.64528122708342,3ElaYueNlj5Q4y8T5UWwMA,895,0,1044,1,1288,True,3ElaYueNlj5Q4y8T5UWwMA
2052,2014,8,165,OSL,59.92700675225372,10.76632316116678,hue4P2uLLSonFMrN_zlC4w,896,0,1045,2,1290,True,hue4P2uLLSonFMrN_zlC4w
4574,2018,12,396,OSL,59.95389440628706,10.74033900524902,ILTNofsaIqPM3XyJjpMfmQ,35,0,35,4,1291,True,ILTNofsaIqPM3XyJjpMfmQ
1855,2009,6,350,OSL,59.92487123700383,10.77262667745919,JdCS9hAHA5New9sYHXtFPg,385,0,402,3,1295,True,JdCS9hAHA5New9sYHXtFPg
3918,2012,10,304,OSL,59.94699994419982,10.72226246434619,cjdMALSrihPINlyIvuKLvg,899,0,1048,9,1297,True,cjdMALSrihPINlyIvuKLvg
3120,2018,12,296,OSL,59.93810742095777,10.76801816844347,cCuF9IVjlk1wkEw41QJOwg,57,0,57,6,1299,True,cCuF9IVjlk1wkEw41QJOwg
2100,2009,6,236,OSL,59.92796573254031,10.70930390084911,cFyPXmVe-uT8nATwyIEnXw,903,0,1052,3,1305,True,cFyPXmVe-uT8nATwyIEnXw
1739,2014,8,9,OSL,59.92408166924182,10.75723600063316,awnasezMbrVe2HYz3juTxw,789,0,898,6,1308,True,awnasezMbrVe2HYz3juTxw
4175,2016,5,320,OSL,59.95032886166372,10.69412830543164,g-4Ni-Tm1K2eldgpnl9VyA,905,0,1054,2,1309,True,g-4Ni-Tm1K2eldgpnl9VyA
2969,2014,8,400,OSL,59.93704427902882,10.68136922259723,tCp2M-MPpxesdPVi3y6nfw,401,2,1056,1,1312,True,tCp2M-MPpxesdPVi3y6nfw
2796,2019,9,260,OSL,59.93473089787047,10.7180213387659,hnRv9AlACEA2HBoYEIZXEA,323,0,335,6,1314,True,hnRv9AlACEA2HBoYEIZXEA
3721,2012,10,414,OSL,59.94503307719714,10.71423947621799,WAb665sOaGf46ZAXL3po4w,908,0,1058,1,1315,True,WAb665sOaGf46ZAXL3po4w
3516,2017,5,217,OSL,59.94303224164812,10.68131975626997,disLWRAgkn6YRstBbORb1Q,910,0,1060,2,1317,True,disLWRAgkn6YRstBbORb1Q
1683,2012,10,270,OSL,59.92424192177545,10.67411077593449,HaaLwNiWdaPRR7cnV9paPw,524,2,1063,1,1321,True,HaaLwNiWdaPRR7cnV9paPw
4191,2018,12,301,OSL,59.95005065502019,10.73044165588834,ZcjBnB8RQgISmsufMzn25g,467,0,496,7,1322,True,ZcjBnB8RQgISmsufMzn25g
2877,2017,5,562,OSL,59.93610064847939,10.6850063445596,JzEPKymHh_iIbi0NX262Pg,528,2,1064,1,1324,True,JzEPKymHh_iIbi0NX262Pg
3501,2017,6,325,OSL,59.94164255517734,10.79351436868024,0jE_jMBq7GKLMR4Wc19MAg,909,0,1059,6,1326,True,0jE_jMBq7GKLMR4Wc19MAg
1342,2017,5,445,OSL,59.92142959024487,10.68062173295289,7KTMm8EafY3sFaARmuLV0Q,158,1,1067,2,1329,True,7KTMm8EafY3sFaARmuLV0Q
2630,2019,9,600,OSL,59.93284641106241,10.77780444796521,1Lu6NQ9-59eBtWr6XAMmig,691,0,765,9,1333,True,1Lu6NQ9-59eBtWr6XAMmig
1362,2019,9,456,OSL,59.9208356612594,10.70874518473859,Us9LUWupMX5k69hcoWimKQ,916,0,1070,3,1336,True,Us9LUWupMX5k69hcoWimKQ
3580,2014,6,287,OSL,59.94315543190437,10.7744655835668,fFM7u5r42ggtAxqcmdIMRQ,202,0,204,3,1337,True,fFM7u5r42ggtAxqcmdIMRQ
2616,2018,12,206,OSL,59.93290619613538,10.75539016344978,GJNA2L2pTRKpVjafem7ljg,917,0,1071,1,1338,True,GJNA2L2pTRKpVjafem7ljg
2099,2019,9,455,OSL,59.92815812389809,10.70885939677412,FSltJEg9hpd_19ASZSdMMQ,2,1,1074,1,1342,True,FSltJEg9hpd_19ASZSdMMQ
610,2017,5,284,OSL,59.91209969388911,10.74049627065136,umHyg71b8lY8V2lR7mTV1g,919,0,1075,2,1343,True,umHyg71b8lY8V2lR7mTV1g
1705,2019,9,188,OSL,59.92398422180202,10.71339675622501,74kG0OxYlrj6ufRd6XuQfA,127,0,127,3,1347,True,74kG0OxYlrj6ufRd6XuQfA
154,2012,10,582,OSL,59.90187813391757,10.68384446336751,f0HPeafuIU_-JO2y1y3orQ,646,2,1078,1,1351,True,f0HPeafuIU_-JO2y1y3orQ
1613,2014,5,125,OSL,59.92301104394139,10.73347922216621,lISs9_5xChoReaV2iRHdpA,923,0,1082,2,1357,True,lISs9_5xChoReaV2iRHdpA
1786,2012,10,407,OSL,59.92505824293025,10.67542470717882,TvzW6O_TdHbQTLAbXkg0wA,393,0,410,5,1360,True,TvzW6O_TdHbQTLAbXkg0wA
3261,2017,5,279,OSL,59.93980853380912,10.69787708189201,j245WFVPEPjmfFvHcsGQ0w,925,0,1084,3,1361,True,j245WFVPEPjmfFvHcsGQ0w
114,2012,10,509,OSL,59.9013608518361,10.68138895593467,bR7WKem8MPwVH-QW2Gc7GA,926,0,1085,1,1362,True,bR7WKem8MPwVH-QW2Gc7GA
1458,2014,5,409,OSL,59.92210992037976,10.68524918725694,dYMeUyoJj7SjfLljvrTZ0A,927,0,1087,7,1365,True,dYMeUyoJj7SjfLljvrTZ0A
3414,2019,10,360,OSL,59.9423185791778,10.6645111809446,4iObyGN8AuWNiO9Gs-Ggjg,928,0,1088,3,1367,True,4iObyGN8AuWNiO9Gs-Ggjg
4753,2018,12,694,OSL,59.95598680988455,10.76474929322486,c89VYpWXCZQCfvFQvsUirg,70,0,70,4,1369,True,c89VYpWXCZQCfvFQvsUirg
2449,2009,5,424,OSL,59.93207085015424,10.64935619324697,oaSgdjqRt5q_W3ZxERKIHw,749,0,843,4,1370,True,oaSgdjqRt5q_W3ZxERKIHw
2731,2014,6,291,OSL,59.93412534228354,10.77360818294244,_3bUuR1PPaNvyQo7LjlNEw,277,1,1091,1,1372,True,_3bUuR1PPaNvyQo7LjlNEw
2240,2017,5,481,OSL,59.92899003778308,10.77960207740936,A851_9TsC_UdJ27EJDv1uw,432,0,453,3,1374,True,A851_9TsC_UdJ27EJDv1uw
1814,2019,9,384,OSL,59.92497443651371,10.72053007015194,zKU2bYPS6k3C86utpbXtGQ,931,0,1093,5,1375,True,zKU2bYPS6k3C86utpbXtGQ
2438,2018,12,159,OSL,59.93125341310863,10.78436403818772,9KnUwdbn_PMZdCyMP7IWLQ,935,0,1097,4,1380,True,9KnUwdbn_PMZdCyMP7IWLQ
2614,2018,12,405,OSL,59.93302123655972,10.75342195307871,SdHTuDHFQF2mkIBEv3dwkw,383,1,1099,1,1384,True,SdHTuDHFQF2mkIBEv3dwkw
68,2019,4,392,OSL,59.89930055439585,10.77283184410329,qmODOs2Z4HSbvXX_HVKNdA,936,0,1100,1,1385,True,qmODOs2Z4HSbvXX_HVKNdA
2064,2009,6,408,OSL,59.92734713053714,10.78138417836828,UYm8PTCVrXyU0mkRvKYGzQ,937,0,1101,1,1386,True,UYm8PTCVrXyU0mkRvKYGzQ
1906,2019,10,453,OSL,59.92597844776761,10.71273147030171,f4pwfSH2rOVo3zHnGZfIZA,938,0,1102,1,1387,True,f4pwfSH2rOVo3zHnGZfIZA
1366,2014,5,257,OSL,59.92082662511459,10.71272886990059,GgpeH6t6tAG0Bc3VNQthSg,939,0,1103,2,1389,True,GgpeH6t6tAG0Bc3VNQthSg
2961,2018,12,239,OSL,59.93665011690286,10.6710648893735,1xcJ-7GgCTbnGTdM64mF2g,547,1,1105,2,1392,True,1xcJ-7GgCTbnGTdM64mF2g
1136,2019,9,402,OSL,59.91868716426726,10.69066278730612,2UMGh8itAVv6WrvS4q48Cg,941,0,1106,7,1395,True,2UMGh8itAVv6WrvS4q48Cg
1456,2014,5,549,OSL,59.92200328876118,10.68338642172364,yZpYpz2Qo8qAhoektC1bgg,45,0,45,8,1396,True,yZpYpz2Qo8qAhoektC1bgg
3548,2019,10,365,OSL,59.94304010463915,10.72647109305461,WFnWDOc8Z-uKAPUJ7v5mTA,942,0,1107,2,1397,True,WFnWDOc8Z-uKAPUJ7v5mTA
1564,2014,5,477,OSL,59.92313805584338,10.67744420986263,Fj5cU-iL80ANCbUSbwngwQ,943,0,1108,3,1398,True,Fj5cU-iL80ANCbUSbwngwQ
3220,2009,6,379,OSL,59.93908866075424,10.7765108467323,gVZSy31zgKRWKanJ91E66g,944,0,1109,2,1399,True,gVZSy31zgKRWKanJ91E66g
1209,2018,12,312,OSL,59.92004310616149,10.65037187187514,V2tpBtOHd4vPJl9zdDrcPA,874,1,1111,1,1404,True,V2tpBtOHd4vPJl9zdDrcPA
4334,2012,10,159,OSL,59.95110524193103,10.78648847209328,H3uzPuy1XsOtXGBUqjW2UA,384,1,1112,2,1406,True,H3uzPuy1XsOtXGBUqjW2UA
980,2018,12,629,OSL,59.91701075749267,10.72295595418327,caVK4sclrgTcdTS2Ro-MPA,946,0,1113,6,1407,True,caVK4sclrgTcdTS2Ro-MPA
2532,2019,9,449,OSL,59.93202779351772,10.76922432652656,c9E-CQ2Q4yW5ZNdMEyQTaw,947,0,1114,1,1408,True,c9E-CQ2Q4yW5ZNdMEyQTaw
2881,2019,9,576,OSL,59.9361162637346,10.69090979877945,xcMB8LMuxys3OHZlJEw6_Q,949,0,1116,1,1411,True,xcMB8LMuxys3OHZlJEw6_Q
1833,2018,7,354,OSL,59.9248272626839,10.7427204181485,t7Oe8d12l3Y-zAa88o11HQ,248,1,1117,3,1412,True,t7Oe8d12l3Y-zAa88o11HQ
161,2019,6,154,OSL,59.90205140785409,10.69256399151932,_dvByvX8xSFMWAbS1s7lNg,950,0,1118,1,1414,True,_dvByvX8xSFMWAbS1s7lNg
4174,2019,10,226,OSL,59.94992767164769,10.69195743972092,HQmkGuZWtOcn7LLFgzPQJw,953,0,1121,3,1417,True,HQmkGuZWtOcn7LLFgzPQJw
3332,2018,12,609,OSL,59.94109723175342,10.67095803816797,oJaxdjIXZibcb8cHDzDkLw,296,1,1123,1,1419,True,oJaxdjIXZibcb8cHDzDkLw
4033,2018,12,224,OSL,59.94803128196634,10.76440874782682,4FAgjRGdANfh4copBA6-GQ,955,0,1125,1,1422,True,4FAgjRGdANfh4copBA6-GQ
2160,2009,6,265,OSL,59.92785799531119,10.78694665641239,2b1Vd8zfjuEVHejsK6KIxg,71,2,1127,1,1424,True,2b1Vd8zfjuEVHejsK6KIxg
376,2018,12,335,OSL,59.90800385915706,10.74527471336783,j1r_cXIn98n9Nt7O-7P-uw,957,0,1129,5,1426,True,j1r_cXIn98n9Nt7O-7P-uw
598,2019,10,319,OSL,59.9120056041558,10.71859934813071,TCxY9aHyaEjvc_XZZ3Mw_w,806,0,920,3,1432,True,TCxY9aHyaEjvc_XZZ3Mw_w
965,2017,5,189,OSL,59.91682120748968,10.70608100910767,Y_pO_WfZ6aYZ-WpymgPT1w,961,0,1134,1,1436,True,Y_pO_WfZ6aYZ-WpymgPT1w
1472,2018,12,256,OSL,59.92216592205492,10.70251818585244,Wp6ayeycLLMn8x8OZsCFLQ,963,0,1137,1,1440,True,Wp6ayeycLLMn8x8OZsCFLQ
3122,2014,6,440,OSL,59.93809286569879,10.77137168614473,3Z9pK-nxFARN5qZW2Z384w,966,0,1140,2,1444,True,3Z9pK-nxFARN5qZW2Z384w
2705,2012,10,476,OSL,59.9339258232967,10.73993575837215,M3xCBx394TBeB41eHTt_sw,885,1,1141,1,1445,True,M3xCBx394TBeB41eHTt_sw
3100,2019,9,427,OSL,59.93824383863664,10.74330365968983,Z0hqhiCzu1AGHr7pynCFsg,967,0,1143,2,1448,True,Z0hqhiCzu1AGHr7pynCFsg
3890,2019,10,232,OSL,59.94702696791006,10.66050947204647,O4Zfq4yKQC6l7RfFHbBlug,971,0,1148,1,1456,True,O4Zfq4yKQC6l7RfFHbBlug
424,2017,5,590,OSL,59.90900625432457,10.74733463014408,N4FtnZW_jDfTDZtQPRQm9A,411,1,1149,2,1457,True,N4FtnZW_jDfTDZtQPRQm9A
4408,2019,6,371,OSL,59.95226226290028,10.7655034567031,kXrpHgatkUr286jMNge4sA,728,1,870,3,1460,True,kXrpHgatkUr286jMNge4sA
1946,2014,6,557,OSL,59.92613117951925,10.76245786658491,RFIJJ_6vPp2xQlCta2o_LA,974,0,1152,2,1463,True,RFIJJ_6vPp2xQlCta2o_LA
1841,2019,9,293,OSL,59.92501650458581,10.75505216981484,Eb3YzzCKNajicgAZK8eQpA,975,0,1153,3,1464,True,Eb3YzzCKNajicgAZK8eQpA
2802,2014,5,618,OSL,59.93504583713771,10.72739055928833,6SY0jXviC5CCxdIumWhzIg,860,1,1154,1,1465,True,6SY0jXviC5CCxdIumWhzIg
3281,2009,6,496,OSL,59.94001725975206,10.72446672433857,elB-bNfsfJ_mSMxc4-HwIQ,976,0,1155,4,1466,True,elB-bNfsfJ_mSMxc4-HwIQ
221,2014,5,111,OSL,59.9031361637085,10.78150494649192,8ekCqGL5GHyFfGQHMU9xpw,836,1,1156,1,1467,True,8ekCqGL5GHyFfGQHMU9xpw
2903,2019,9,232,OSL,59.9359691221793,10.73254354711203,T4KJPF17Vy_XDD6MmhuxXQ,191,1,1157,3,1468,True,T4KJPF17Vy_XDD6MmhuxXQ
1278,2018,12,503,OSL,59.92014517808021,10.73937580727477,kyy5KNVlpQwcP5wyJaYyGA,930,0,1092,3,1469,True,kyy5KNVlpQwcP5wyJaYyGA
4316,2012,10,404,OSL,59.95104541727368,10.76552953707776,nS0hTbORnJjeVE0fjsBlxg,978,0,1159,1,1471,True,nS0hTbORnJjeVE0fjsBlxg
2568,2019,10,414,OSL,59.93299503109341,10.67633426592506,H_zK2gtCzBx3c83NalfIgA,979,0,1160,5,1472,True,H_zK2gtCzBx3c83NalfIgA
3002,2014,5,281,OSL,59.93726246546228,10.73057424581549,bXNcVnJ24Hm1eLVIUn_n4Q,981,0,1162,6,1474,True,bXNcVnJ24Hm1eLVIUn_n4Q
2692,2019,9,562,OSL,59.93475651767604,10.71999423461446,iav2fr1EzWPVopA8NWJN6w,985,0,1166,1,1479,True,iav2fr1EzWPVopA8NWJN6w
4580,2009,5,429,OSL,59.95422747822252,10.74827363761583,ml3hdey2qcm1GRZY3ICVpw,986,0,1167,2,1480,True,ml3hdey2qcm1GRZY3ICVpw
2236,2009,6,587,OSL,59.92924492983074,10.77563335685078,qMYfRbozLedUX5OIlLu09Q,987,0,1168,2,1482,True,qMYfRbozLedUX5OIlLu09Q
1936,2019,9,297,OSL,59.92595749563055,10.74849003759283,jnycixg2Qf4eo9zFlnyDrw,991,0,1173,1,1489,True,jnycixg2Qf4eo9zFlnyDrw
4536,2019,8,113,OSL,59.95398304784504,10.65804494039784,9pZmjDi3G4cWamD8zxVOLg,993,0,1175,2,1491,True,9pZmjDi3G4cWamD8zxVOLg
2537,2018,12,163,OSL,59.93207454589449,10.77943350979505,tgCHQb3oOE6LFIyPSMdcaQ,994,0,1176,2,1492,True,tgCHQb3oOE6LFIyPSMdcaQ
2317,2018,12,234,OSL,59.93005315805731,10.74736441212852,RQz-bMICGv8Xk12CtP-huA,995,0,1177,1,1495,True,RQz-bMICGv8Xk12CtP-huA
3221,2019,9,508,OSL,59.93904375232056,10.77736215766401,eOo0pQ5J1JBW5VPwOEdSBw,161,2,1180,2,1498,True,eOo0pQ5J1JBW5VPwOEdSBw
745,2009,6,445,OSL,59.91405251797996,10.72319056613275,oBWJdGY6X9pQKpYgqJ_LQw,997,0,1181,5,1499,True,oBWJdGY6X9pQKpYgqJ_LQw
4220,2018,12,416,OSL,59.9501428660235,10.76741899269877,0UG4k8qZ7WK8omXKAqwi4g,999,0,1183,1,1502,True,0UG4k8qZ7WK8omXKAqwi4g
836,2018,12,581,OSL,59.91505654784423,10.75142875492762,ZIJClXGj4PPh6qw1IKJw5g,1005,0,1189,2,1508,True,ZIJClXGj4PPh6qw1IKJw5g
4439,2018,12,68,OSL,59.95290281987317,10.65919396912639,p5WfDan2QcUzX2yEV3re8Q,74,1,1190,2,1509,True,p5WfDan2QcUzX2yEV3re8Q
3418,2018,12,574,OSL,59.94210353966809,10.66847213081662,uCwjkU9YP9O2VBWhjCpYDA,1006,0,1193,1,1517,True,uCwjkU9YP9O2VBWhjCpYDA
1291,2018,12,374,OSL,59.91998630440377,10.76151693502273,05Hb5zW2gvhYl-FmH3PkiA,1007,0,1194,2,1518,True,05Hb5zW2gvhYl-FmH3PkiA
4175,2019,10,512,OSL,59.95030640255567,10.69413687511545,PWgmc7LgTH48B_Cccgcdsw,905,1,1195,1,1520,True,PWgmc7LgTH48B_Cccgcdsw
4740,2012,10,470,OSL,59.95588620482773,10.74702964948221,xrI0IaV7p_rMiO9HbJqYdg,1008,0,1196,5,1521,True,xrI0IaV7p_rMiO9HbJqYdg
4794,2018,12,542,OSL,59.95699704189756,10.70060992769082,hglbY1RpTrMyKxq_2Lwlwg,1010,0,1198,1,1524,True,hglbY1RpTrMyKxq_2Lwlwg
3894,2018,12,298,OSL,59.94707511296334,10.67663109237106,g0G733XlKk8sc9QzNClqFA,1011,0,1199,2,1525,True,g0G733XlKk8sc9QzNClqFA
4365,2018,12,51,OSL,59.9520535854415,10.6932253035946,H7Rn5_pn0i9ALdCWAaq0cg,1012,0,1200,2,1526,True,H7Rn5_pn0i9ALdCWAaq0cg
1503,2017,5,403,OSL,59.92203497731884,10.73838436716767,xlOFJUXunLTNKWuysYc7Zg,1015,0,1203,2,1532,True,xlOFJUXunLTNKWuysYc7Zg
4658,2019,10,362,OSL,59.95502741209711,10.74851354351382,icsZjgJOkVfl0VSaluXZxg,1016,0,1204,3,1533,True,icsZjgJOkVfl0VSaluXZxg
3113,2019,8,89,OSL,59.93808640807001,10.76060531614157,5zDdZoUHHzcRpptcIs6YHA,1017,0,1205,2,1534,True,5zDdZoUHHzcRpptcIs6YHA
3891,2010,9,233,OSL,59.94707670655654,10.66145827641081,NxaGQxFdWUQu-Y3thJ9DXQ,1018,0,1206,1,1536,True,NxaGQxFdWUQu-Y3thJ9DXQ
3779,2018,12,201,OSL,59.94627607322981,10.64358837011862,W9_-7AmoqNpHeHZBdNNUsg,1019,0,1207,2,1538,True,W9_-7AmoqNpHeHZBdNNUsg
1792,2019,9,451,OSL,59.92510734495262,10.68503127627906,X-31MOUoNbygmuPu1TX_VQ,129,0,129,7,1539,True,X-31MOUoNbygmuPu1TX_VQ
993,2019,9,393,OSL,59.91697573684022,10.74956887211453,nV7u6BU6o6qKX4enGqPaag,1020,0,1208,1,1540,True,nV7u6BU6o6qKX4enGqPaag
864,2017,5,445,OSL,59.91602912892446,10.65142979157585,NSjZiYoP1blUmxJ3HOz-kw,9,0,9,11,1543,True,NSjZiYoP1blUmxJ3HOz-kw
4517,2014,6,665,OSL,59.95307661414503,10.78098996143227,Y6_MBqp6Yvkwjpy1o6HN-A,638,0,695,5,1547,True,Y6_MBqp6Yvkwjpy1o6HN-A
3765,2017,6,198,OSL,59.94513965724958,10.7783964141292,Bcx1m1YifaxzwgGYu9IGMw,1023,0,1211,7,1548,True,Bcx1m1YifaxzwgGYu9IGMw
4590,2018,6,279,OSL,59.95402438247707,10.76085802392197,NNrlNhZvu2EUDbcZdIngww,373,0,390,6,1549,True,NNrlNhZvu2EUDbcZdIngww
3683,2018,12,416,OSL,59.9449880033506,10.64746021927929,D0DipwXP1JV3twq9rg86iQ,1024,0,1212,3,1550,True,D0DipwXP1JV3twq9rg86iQ
4405,2009,6,352,OSL,59.95199692582879,10.76091991246633,sTDTERM6g-JIDGgJGvol1g,332,1,1213,1,1554,True,sTDTERM6g-JIDGgJGvol1g
3974,2018,12,236,OSL,59.94824278965466,10.65719333585793,2d_SjFP6_R7bztTWmxe5CA,1025,0,1215,1,1558,True,2d_SjFP6_R7bztTWmxe5CA
2537,2014,8,344,OSL,59.93207536440209,10.77944432874243,PPiNQdE7VEQ_rn64xjix-Q,994,1,1216,2,1559,True,PPiNQdE7VEQ_rn64xjix-Q
349,2018,12,122,OSL,59.90715736902521,10.7603633093543,zn9IWxXZ0MD3qoYcBe5ZiQ,333,1,1217,3,1560,True,zn9IWxXZ0MD3qoYcBe5ZiQ
2487,2019,9,212,OSL,59.93210225481979,10.71736209946218,eAToQKoSFcC_L2b186j3wQ,1026,0,1218,1,1561,True,eAToQKoSFcC_L2b186j3wQ
2511,2019,9,540,OSL,59.93198310870519,10.74487937683058,0g2-aPgkpuMiDaVogReYJA,738,1,1219,1,1562,True,0g2-aPgkpuMiDaVogReYJA
2714,2019,10,394,OSL,59.93369704623704,10.75412984262636,sTMf4k5vRigRDQ25MO2HhQ,1028,0,1222,1,1569,True,sTMf4k5vRigRDQ25MO2HhQ
1340,2014,5,236,OSL,59.9213060806158,10.67742618793288,izQRdspVC1SDqkddWwZzsg,1029,0,1223,5,1570,True,izQRdspVC1SDqkddWwZzsg
4396,2019,10,432,OSL,59.9519624775647,10.75255398971487,LOjTNRDRGlioj_hHmI43aA,1030,0,1224,3,1572,True,LOjTNRDRGlioj_hHmI43aA
4493,2010,9,393,OSL,59.95296957635214,10.75051560009299,9tBJLJG3-ulNSgmDcehAgw,319,1,1225,1,1573,True,9tBJLJG3-ulNSgmDcehAgw
909,2014,5,387,OSL,59.9161037171593,10.74849194877539,BR7TYfOny3XvMXcq7xWIpA,1032,0,1228,2,1577,True,BR7TYfOny3XvMXcq7xWIpA
1448,2014,6,633,OSL,59.92227970613193,10.66790889880468,FM60xyZQRCzsVNERC9hX-Q,1035,0,1231,3,1581,True,FM60xyZQRCzsVNERC9hX-Q
2523,2018,12,233,OSL,59.93205178929421,10.75996870266459,krGbAQ5SLx_KHPQ11gFwpg,58,2,1235,3,1585,True,krGbAQ5SLx_KHPQ11gFwpg
2312,2009,6,193,OSL,59.93021801017746,10.74093213990638,Xsdx0-Z1ghO-S7Q11ztOjQ,776,1,1236,1,1587,True,Xsdx0-Z1ghO-S7Q11ztOjQ
3182,2017,5,338,OSL,59.93902082764752,10.71949219207901,0HAWIx-zfRMPk2lQSzP3jA,1039,0,1237,1,1588,True,0HAWIx-zfRMPk2lQSzP3jA
1636,2009,6,315,OSL,59.92306440947099,10.76125914446626,SMc7cHOWDRz9iT_uiQolVw,1040,0,1238,2,1589,True,SMc7cHOWDRz9iT_uiQolVw
4002,2017,5,630,OSL,59.94798261403211,10.72168602009185,S-HMDd7tSZeFLUET7LaE5A,1042,0,1240,4,1592,True,S-HMDd7tSZeFLUET7LaE5A
2292,2014,5,528,OSL,59.93007273655824,10.71842288358211,nEhrZOoZhi7k9TR3Mwus4g,1045,0,1243,10,1595,True,nEhrZOoZhi7k9TR3Mwus4g
100,2018,12,526,OSL,59.90010648624979,10.77339929003694,fvrZlLD7PWz7CvYS-cZuNg,1022,0,1210,3,1596,True,fvrZlLD7PWz7CvYS-cZuNg
615,2017,5,442,OSL,59.91211071708754,10.74793408182679,nZpoTSZ-nDVSntluQCb7dQ,260,0,265,8,1597,True,nZpoTSZ-nDVSntluQCb7dQ
3819,2017,5,357,OSL,59.9459258301707,10.71423089350069,lBf2K5_gVRiNL36LJw40ug,1046,0,1244,10,1598,True,lBf2K5_gVRiNL36LJw40ug
2520,2018,12,654,OSL,59.93195709481387,10.75565900528704,ZuE1XT_RVNZc8sgOWtRW6A,1047,0,1246,6,1602,True,ZuE1XT_RVNZc8sgOWtRW6A
1817,2018,12,283,OSL,59.92510480669024,10.72341272042777,K6fgus2BlrJkBAzNWqyqUg,1049,0,1248,3,1604,True,K6fgus2BlrJkBAzNWqyqUg
950,2012,10,619,OSL,59.9169892339607,10.6869011917615,phR6Cdm-e7JzZlY_sgVn-g,43,0,43,7,1606,True,phR6Cdm-e7JzZlY_sgVn-g
2160,2017,5,439,OSL,59.92790476528553,10.78691299223625,Z4oUOBCdXVYmNaS6OQHfRA,71,0,71,4,1608,True,Z4oUOBCdXVYmNaS6OQHfRA
2463,2017,7,190,OSL,59.93205187795584,10.66942436909999,D4GhqSH2S1PGFjaFfHF5yA,112,0,112,10,1613,True,D4GhqSH2S1PGFjaFfHF5yA
4778,2017,5,274,OSL,59.95664966601744,10.66959439589963,GXwzmhJfCQDNIqgzRLy6Cg,807,1,1252,2,1614,True,GXwzmhJfCQDNIqgzRLy6Cg
1701,2017,5,409,OSL,59.92388609845815,10.70980207308849,kLkf4kCLq4IgQe3yQE4SQw,353,1,1253,2,1615,True,kLkf4kCLq4IgQe3yQE4SQw
1551,2009,5,612,OSL,59.9230786110902,10.65449863884981,e2W_6edxy3Y36V7LSvtx4Q,580,1,1254,1,1616,True,e2W_6edxy3Y36V7LSvtx4Q
2459,2012,10,569,OSL,59.93203129679107,10.66438888009817,viikPZzaiviA7wsnrFEvtw,1053,0,1255,2,1620,True,viikPZzaiviA7wsnrFEvtw
1913,2009,6,243,OSL,59.92613020256996,10.72165860217108,Hc638mrhyS125WShG5ES8A,1054,0,1256,3,1621,True,Hc638mrhyS125WShG5ES8A
3581,2018,12,284,OSL,59.94289436687988,10.77507122312599,umKkwp-Ex5L7kyLoVKo0rg,1055,0,1257,2,1622,True,umKkwp-Ex5L7kyLoVKo0rg
622,2019,9,68,OSL,59.91201957644258,10.7594676762919,XlNsDPhSxNhEoRbK1vvZxA,1056,0,1258,2,1623,True,XlNsDPhSxNhEoRbK1vvZxA
2557,2019,9,227,OSL,59.93297950537372,10.66246401983252,UB1UyNhUPdpVis3wQdOshQ,1061,0,1263,2,1629,True,UB1UyNhUPdpVis3wQdOshQ
3311,2009,6,495,OSL,59.93990386349817,10.76957564621138,UFpk1nXZHGuDLhHD3_3HCg,954,0,1122,5,1634,True,UFpk1nXZHGuDLhHD3_3HCg
3676,2012,10,418,OSL,59.94364662130013,10.78838174565328,M5H8AY9NE6EfXgfTUxHFvA,452,1,1267,2,1637,True,M5H8AY9NE6EfXgfTUxHFvA
4143,2019,10,199,OSL,59.94888363840157,10.79335274648065,MEAubwuiWhSqII9dfXH37A,1063,0,1268,1,1640,True,MEAubwuiWhSqII9dfXH37A
3468,2012,10,130,OSL,59.94225308623256,10.74918284445799,P_IEjkKs7oGJcDETvP56RQ,312,1,1269,1,1642,True,P_IEjkKs7oGJcDETvP56RQ
437,2019,9,483,OSL,59.90911347082832,10.76673190087235,2dv16jqyIqXL0h3QtUbQug,434,2,1270,1,1645,True,2dv16jqyIqXL0h3QtUbQug
651,2019,6,263,OSL,59.91283628497711,10.68003661825652,CRpD1mQVJHiU-uOBEx6uog,1064,0,1271,1,1646,True,CRpD1mQVJHiU-uOBEx6uog
532,2012,10,539,OSL,59.91116802854227,10.74284510726594,RpTgXmQi0Lt_qRWS_kVGzQ,1065,0,1272,5,1647,True,RpTgXmQi0Lt_qRWS_kVGzQ
274,2019,5,395,OSL,59.90507596734739,10.73825557671107,GD_vQv9ApfzMRi1w_hn6Uw,1066,0,1273,2,1649,True,GD_vQv9ApfzMRi1w_hn6Uw
4231,2018,12,419,OSL,59.94981345233516,10.78615408903632,uKIObZPbLvyalSQYQSz5Jw,1067,0,1274,2,1650,True,uKIObZPbLvyalSQYQSz5Jw
4460,2019,10,519,OSL,59.95307194617711,10.69525586393759,NzlUv14PR5TXQE4FPUwRew,1068,0,1275,2,1651,True,NzlUv14PR5TXQE4FPUwRew
3039,2019,10,509,OSL,59.93686095480585,10.78690827871582,vLEs0Dg5J_eVEpPL0vbRaw,274,0,279,12,1652,True,vLEs0Dg5J_eVEpPL0vbRaw
4718,2018,12,188,OSL,59.95603219664757,10.69432307427194,ANT81h2ER3AxngJ9hsPc4Q,848,1,1276,1,1654,True,ANT81h2ER3AxngJ9hsPc4Q
4396,2017,5,469,OSL,59.95195680641161,10.75254371561388,D_lQAlWPbH2KRg9o6cq5-g,1030,1,1277,1,1655,True,D_lQAlWPbH2KRg9o6cq5-g
1430,2012,9,412,OSL,59.92211443862293,10.64609312501768,9kUy-RcGwKPucs16yKBiBw,694,1,1278,4,1657,True,9kUy-RcGwKPucs16yKBiBw
221,2019,5,139,OSL,59.90312188002164,10.78157634635843,tJZPM0SUU-qEjfsM-zIeWQ,836,0,963,3,1659,True,tJZPM0SUU-qEjfsM-zIeWQ
2688,2016,5,384,OSL,59.93392492501891,10.71184805065152,bbF61WKOJnTRss6PV6OSxg,788,0,897,4,1660,True,bbF61WKOJnTRss6PV6OSxg
3125,2009,6,639,OSL,59.9381629558242,10.77427384107794,DCDyEFYIvC_pMHcLPE26vQ,1069,0,1279,1,1661,True,DCDyEFYIvC_pMHcLPE26vQ
4355,2019,10,378,OSL,59.95176440054706,10.67330993663324,HY5za7OFEKQOxZJ7k8SGvw,1070,0,1280,3,1663,True,HY5za7OFEKQOxZJ7k8SGvw
4722,2019,7,334,OSL,59.95589074386769,10.70434889147251,9Ei_AJwknVtIS1gePSP1uQ,1071,0,1281,1,1664,True,9Ei_AJwknVtIS1gePSP1uQ
2404,2012,10,361,OSL,59.93121866031132,10.73632475108643,YMt40oasaFpyiIq6opXrBw,1072,0,1282,2,1665,True,YMt40oasaFpyiIq6opXrBw
3307,2014,8,145,OSL,59.94042593535523,10.76277040914343,p1vmKlTGU3Cycwb_H8T1Sg,1073,0,1283,1,1669,True,p1vmKlTGU3Cycwb_H8T1Sg
1692,2019,10,523,OSL,59.92413445856099,10.68851057383016,xLpEl-OcbjVKyeJZbs-v_w,819,0,936,6,1670,True,xLpEl-OcbjVKyeJZbs-v_w
875,2018,12,277,OSL,59.91607274303162,10.68693151317326,ubNCekSHzsdpK9JeL7irwQ,476,1,1285,1,1672,True,ubNCekSHzsdpK9JeL7irwQ
4696,2009,5,70,OSL,59.95596279553494,10.64315449686915,IwQVdHKvuu7EEiCc7vf8LQ,51,1,1286,1,1677,True,IwQVdHKvuu7EEiCc7vf8LQ
4873,2018,12,322,OSL,59.95799622021676,10.69470310939094,zvj6cdYRYoekYomoxCkLAw,41,1,1287,1,1678,True,zvj6cdYRYoekYomoxCkLAw
1510,2017,5,420,OSL,59.92200656903076,10.75066521785282,jQL-5cv4sEVxcvbPpcvZgA,1075,0,1288,1,1680,True,jQL-5cv4sEVxcvbPpcvZgA
3410,2017,5,301,OSL,59.9422087823291,10.64877182010817,VN9h23DcqnnnBvvk9u-MyA,1081,0,1295,1,1693,True,VN9h23DcqnnnBvvk9u-MyA
3262,2019,10,410,OSL,59.94012018196133,10.69828456474604,iRUfVWQOePz4U-1Fl6kSug,1082,0,1296,3,1694,True,iRUfVWQOePz4U-1Fl6kSug
3597,2014,5,408,OSL,59.94414872569637,10.65955597867207,I59hkzWzJu-5D7K-DbhLDQ,1084,0,1298,1,1697,True,I59hkzWzJu-5D7K-DbhLDQ
3294,2018,12,309,OSL,59.9400510483018,10.74032456559162,ZoPx5sou6el__uyk16jXrA,1085,0,1299,1,1698,True,ZoPx5sou6el__uyk16jXrA
2802,2019,9,643,OSL,59.93503110874147,10.72735515175123,ThZ0EJITjEW-BOFyJdqmCA,860,2,1302,2,1702,True,ThZ0EJITjEW-BOFyJdqmCA
1274,2014,5,462,OSL,59.92002885253103,10.73235465916583,2SAZi2m8GpdySWdIwzk0TA,20,1,1303,3,1704,True,2SAZi2m8GpdySWdIwzk0TA
533,2014,8,325,OSL,59.91108491913231,10.74462360496599,Npq0QrAz_m-r4yDI-APaBw,1088,0,1304,1,1705,True,Npq0QrAz_m-r4yDI-APaBw
3064,2019,5,309,OSL,59.93832148251522,10.68519548440373,RXBR5kL-j9vCkH_pNIWyEg,1089,0,1305,1,1706,True,RXBR5kL-j9vCkH_pNIWyEg
3900,2017,5,176,OSL,59.94698905544757,10.69288146536629,69IGTxovGYNqk4PWJOoEvg,933,0,1095,4,1714,True,69IGTxovGYNqk4PWJOoEvg
3506,2009,5,-1,OSL,59.94302792784752,10.64891195468149,6GAaNrJdpYgs68V2QK3CMw,1095,0,1311,2,1718,True,6GAaNrJdpYgs68V2QK3CMw
3914,2019,10,556,OSL,59.94707501605352,10.71047512694658,fMyTOgzknhKpPnetOIVMQw,322,2,1313,2,1720,True,fMyTOgzknhKpPnetOIVMQw
4600,2018,12,234,OSL,59.9540701635415,10.7751439932419,RptyLr7sme-Hfk28NRgYVQ,1101,0,1318,1,1726,True,RptyLr7sme-Hfk28NRgYVQ
2921,2019,8,418,OSL,59.93617606685688,10.76134005289809,vnRwvMuzxX10zxdqcvItRA,1102,0,1319,2,1727,True,vnRwvMuzxX10zxdqcvItRA
1734,2014,5,47,OSL,59.92405285336358,10.7506779106958,uON7lVD97gxVLeMunG0tcQ,480,0,512,7,1728,True,uON7lVD97gxVLeMunG0tcQ
271,2019,6,124,OSL,59.90516825868639,10.69136202564244,Eo6kL-1dOV6gmswRPFDxnA,1103,0,1320,3,1729,True,Eo6kL-1dOV6gmswRPFDxnA
1909,2009,7,470,OSL,59.9260104751201,10.71752523851314,sOd9Bn6zU2-Pdnyry103YA,709,1,1321,2,1731,True,sOd9Bn6zU2-Pdnyry103YA
3091,2018,12,124,OSL,59.93798472413459,10.72128321038001,JDJpiZ5I6YB6lZ1lvThvkQ,363,1,1322,1,1732,True,JDJpiZ5I6YB6lZ1lvThvkQ
4444,2018,12,521,OSL,59.95298073519196,10.6739339858642,uIG8jOLKIfvj_9ak-lB6rA,263,1,1324,1,1734,True,uIG8jOLKIfvj_9ak-lB6rA
347,2009,7,390,OSL,59.90697118670642,10.74436052357299,aBIi0PiqqRMII_ZbYSoGHQ,1105,0,1325,1,1735,True,aBIi0PiqqRMII_ZbYSoGHQ
1679,2019,10,374,OSL,59.923980800877,10.67061169426805,f2sDeuCFRNjBvKq2Qb2_uA,1106,0,1326,4,1736,True,f2sDeuCFRNjBvKq2Qb2_uA
3803,2017,5,533,OSL,59.94599775002628,10.69250548304014,NtKgsTLebMH7pcnhzMWBIQ,1107,0,1327,3,1737,True,NtKgsTLebMH7pcnhzMWBIQ
4764,2019,10,354,OSL,59.95597801599047,10.78925017181524,LlQfLZTZ_FAJ0-H7raT4AA,1110,0,1331,4,1746,True,LlQfLZTZ_FAJ0-H7raT4AA
3123,2019,10,506,OSL,59.93834094561836,10.77188683706923,dGmUw4nts2fgI3WGsO0iyg,46,0,46,4,1747,True,dGmUw4nts2fgI3WGsO0iyg
2568,2009,7,583,OSL,59.93299106116564,10.6762792253879,-8J6gaAGJNqFdnu3RgnmPA,979,1,1332,1,1748,True,-8J6gaAGJNqFdnu3RgnmPA
1048,2014,8,220,OSL,59.9180480627296,10.70220347539813,SPWPkm1BztTLl5T2347Zjw,326,0,338,3,1753,True,SPWPkm1BztTLl5T2347Zjw
4131,2019,4,423,OSL,59.94908040271871,10.77790815142722,EEijK_c5DlCMy8Q_68Jymw,368,0,383,10,1754,True,EEijK_c5DlCMy8Q_68Jymw
1703,2019,9,131,OSL,59.92390770613233,10.71109312772247,5lKfuNVv9LZYJlyVFU6r5g,1112,0,1334,2,1755,True,5lKfuNVv9LZYJlyVFU6r5g
2985,2019,9,166,OSL,59.93706713090084,10.69845926168512,_iAStkQX34MQZ0PUyV5iCw,581,2,1339,2,1763,True,_iAStkQX34MQZ0PUyV5iCw
1404,2018,12,410,OSL,59.92117596730932,10.76422424538817,bpgWbk9vBTrhotanU6yGJw,1116,0,1340,4,1765,True,bpgWbk9vBTrhotanU6yGJw
2057,2017,5,399,OSL,59.9267658708704,10.77191084214371,iUxtmqAEvgKVYEwF5XcPiQ,1118,0,1342,2,1767,True,iUxtmqAEvgKVYEwF5XcPiQ
580,2018,12,338,OSL,59.91207131754098,10.68955189901519,tOMBi1CJCV8CHAaSoifQ9g,1119,0,1343,2,1770,True,tOMBi1CJCV8CHAaSoifQ9g
415,2019,5,479,OSL,59.90906992720882,10.73741165889834,BMDUcOH5AM700bM8nlv0Jw,1121,0,1345,1,1774,True,BMDUcOH5AM700bM8nlv0Jw
2043,2009,6,200,OSL,59.92719468399337,10.75751824346406,xXV9khFznk9TZy-CSvNJNA,379,1,1346,1,1777,True,xXV9khFznk9TZy-CSvNJNA
3298,2018,12,602,OSL,59.9400284425103,10.75013629885824,z_w5CzBO7tRq6fokeiX5hg,1122,0,1347,2,1780,True,z_w5CzBO7tRq6fokeiX5hg
2688,2012,10,580,OSL,59.93394109241841,10.71185549025634,nU2nQ_KpCDoPu13U8PggGw,788,2,1348,1,1784,True,nU2nQ_KpCDoPu13U8PggGw
2794,2012,10,323,OSL,59.93502887996461,10.71638960542963,Nx1Y_l2gElO_NTENWg1Lwg,1123,0,1349,1,1787,True,Nx1Y_l2gElO_NTENWg1Lwg
4863,2018,12,459,OSL,59.95814714884068,10.67528619850366,DYxv_PZxZBXdkeoz0C-K1w,1125,0,1352,4,1791,True,DYxv_PZxZBXdkeoz0C-K1w
1024,2019,8,330,OSL,59.91795175028957,10.65435795901951,2WZCKX0XtNqVb4aXxLM_XQ,178,1,1353,4,1793,True,2WZCKX0XtNqVb4aXxLM_XQ
4316,2019,6,430,OSL,59.95106947331557,10.76551584134288,7KKZ3wKToVxA5YI_9GSL8g,978,1,1355,2,1795,True,7KKZ3wKToVxA5YI_9GSL8g
3476,2009,6,449,OSL,59.942012503577,10.76282265506005,KfS5ZBwNsL1nu9J8LfB-RA,630,1,833,3,1796,True,KfS5ZBwNsL1nu9J8LfB-RA
1157,2018,12,647,OSL,59.91900621157853,10.7111280700356,Of3nIpYS2PG8KYgBDQ6Osg,1127,0,1356,2,1800,True,Of3nIpYS2PG8KYgBDQ6Osg
1970,2014,8,259,OSL,59.92597650506542,10.78899936958813,PoePPhTetkZoIcWf8MaLUA,1129,0,1358,2,1804,True,PoePPhTetkZoIcWf8MaLUA
624,2014,5,584,OSL,59.91214137416794,10.76233320810428,a4z4E7hIfFUwTkSELLYlFg,1130,0,1360,2,1807,True,a4z4E7hIfFUwTkSELLYlFg
1935,2018,12,635,OSL,59.9260597934426,10.74733987283671,ARcQTP4Ilq41ely9kuT3oA,813,1,1361,3,1808,True,ARcQTP4Ilq41ely9kuT3oA
1836,2018,12,357,OSL,59.92508423280044,10.74525878641634,0gC7_TB6c3M9CpMu7LuzIA,887,1,1362,1,1809,True,0gC7_TB6c3M9CpMu7LuzIA
1557,2014,6,328,OSL,59.92284265971231,10.66895204111393,q2b-de3m3HvdHniJ69qp0w,199,1,1027,3,1810,True,q2b-de3m3HvdHniJ69qp0w
3823,2017,5,419,OSL,59.94608525854787,10.72027793028253,D14w3BW2cnul-7_PAKpc6Q,1131,0,1364,1,1815,True,D14w3BW2cnul-7_PAKpc6Q
4505,2012,9,347,OSL,59.9533390343099,10.76352472067815,ppzYfltCOkEFQkywZYX6OQ,906,1,1365,3,1816,True,ppzYfltCOkEFQkywZYX6OQ
677,2017,5,400,OSL,59.91294602736426,10.73157592861108,9yy2g5Sja9wUFOJlYifTsA,1133,0,1367,1,1820,True,9yy2g5Sja9wUFOJlYifTsA
3288,2014,8,189,OSL,59.94000851805084,10.73246055424305,PKlOds21o6vofoJSPFPq0Q,54,1,1368,1,1821,True,PKlOds21o6vofoJSPFPq0Q
3419,2019,9,232,OSL,59.94201461366647,10.66935405237179,gFtI2vLL-udYaI_J1cKDsA,1135,0,1370,1,1825,True,gFtI2vLL-udYaI_J1cKDsA
2523,2017,5,428,OSL,59.93206030495951,10.75993025830525,yf-lGrwB6Y3ys9Fjy8rBqw,58,3,1372,2,1827,True,yf-lGrwB6Y3ys9Fjy8rBqw
3006,2019,9,321,OSL,59.93698449094929,10.74051641708192,doKXVZQ6qONK5Iy4zy1OhA,681,1,1373,1,1828,True,doKXVZQ6qONK5Iy4zy1OhA
62,2018,12,269,OSL,59.89913985996847,10.76346402900771,k58PJGAiw7jz492J6R_iNg,1136,0,1374,4,1829,True,k58PJGAiw7jz492J6R_iNg
4080,2017,5,25,OSL,59.94911719940443,10.69270052190385,galjxN5hwk4wALAUiTnZhg,10,2,1376,1,1831,True,galjxN5hwk4wALAUiTnZhg
1451,2019,9,461,OSL,59.92214762014094,10.67491283892128,UzTEaapF_0vESt2DB_rrwQ,1138,0,1377,3,1832,True,UzTEaapF_0vESt2DB_rrwQ
1209,2014,8,344,OSL,59.92003512215139,10.65026787912635,5Fo-kPCCFXVPCblMD64K9w,874,2,1378,2,1833,True,5Fo-kPCCFXVPCblMD64K9w
1562,2018,12,544,OSL,59.92303184866205,10.67423318372469,7U19afiS2DEabFhUxSX1xQ,1139,0,1379,3,1835,True,7U19afiS2DEabFhUxSX1xQ
749,2017,5,357,OSL,59.91399853558206,10.73052470578643,9t70AxuWqfE7x8h0838y5w,1141,0,1381,3,1837,True,9t70AxuWqfE7x8h0838y5w
4058,2018,12,395,OSL,59.94898730022977,10.65667271036469,qx_mrs-ugKSnyfbxB8p_lg,1142,0,1383,1,1840,True,qx_mrs-ugKSnyfbxB8p_lg
4353,2019,10,280,OSL,59.95167352315441,10.67146281162385,vpNnX4zX3mEairImcqg4zg,1143,0,1384,2,1841,True,vpNnX4zX3mEairImcqg4zg
4199,2014,8,320,OSL,59.95000464155642,10.74246006927419,ipYsksedXXswAGjsp-x8UA,1144,0,1385,3,1845,True,ipYsksedXXswAGjsp-x8UA
1396,2018,12,598,OSL,59.92108934412086,10.756342643482,bQjue_ESLMnL9L0gilT_LQ,825,1,1386,2,1846,True,bQjue_ESLMnL9L0gilT_LQ
4489,2014,5,384,OSL,59.95325964910552,10.74619873728794,NCQCwCqx0hiBbxmSJAg_qw,1146,0,1388,4,1848,True,NCQCwCqx0hiBbxmSJAg_qw
3114,2019,9,511,OSL,59.93807505964362,10.76205435694551,A9aHsU2TWYJOH5wbwSNtoA,367,1,1389,1,1849,True,A9aHsU2TWYJOH5wbwSNtoA
2705,2009,6,633,OSL,59.93392645261873,10.73990856867409,dNuQ9yfyUhEvNjhiLJ7mpw,885,2,1390,2,1851,True,dNuQ9yfyUhEvNjhiLJ7mpw
3418,2019,9,365,OSL,59.94206655878914,10.66852361906745,NxyAR_7BsaE0IeZit_c_nw,1006,1,1391,2,1852,True,NxyAR_7BsaE0IeZit_c_nw
2961,2009,5,378,OSL,59.93668137386589,10.67111143178968,h0LHyIAmOJLdQSdTsBBkHg,547,2,1392,1,1854,True,h0LHyIAmOJLdQSdTsBBkHg
4721,2017,5,532,OSL,59.95588248240752,10.70348664109259,ccRcHAufUdowpcr69NfqQg,360,1,1395,2,1864,True,ccRcHAufUdowpcr69NfqQg
3419,2019,10,415,OSL,59.94204760676031,10.66940367747581,iwM6ruRdAqy8bUH6zGF8IA,1135,1,1396,4,1865,True,iwM6ruRdAqy8bUH6zGF8IA
1616,2017,5,101,OSL,59.92312546367538,10.73644823075103,UDX9w444JJjzDaiOpoNWqA,1148,0,1397,2,1866,True,UDX9w444JJjzDaiOpoNWqA
1074,2016,5,286,OSL,59.91789422271788,10.73745593142159,tsqr_YYH1DePnaXzVdztsg,1078,1,1401,2,1873,True,tsqr_YYH1DePnaXzVdztsg
3593,2017,5,374,OSL,59.94388887989162,10.64743840125854,OZR3V65Jyu-9_G4oEChMXQ,1151,0,1402,1,1874,True,OZR3V65Jyu-9_G4oEChMXQ
2156,2017,5,392,OSL,59.92813419977537,10.78255479058396,fMf-I73ewV1Ucsc8ngCoMA,1152,0,1403,4,1876,True,fMf-I73ewV1Ucsc8ngCoMA
3022,2009,6,453,OSL,59.93681174500557,10.76476540712745,9y_CXrk1XKTwtnE7raWSlA,872,0,1012,3,1879,True,9y_CXrk1XKTwtnE7raWSlA
1199,2018,12,157,OSL,59.91902801968499,10.78063019688304,QP70kdzVWDHW0a6edI07mw,1153,0,1404,4,1880,True,QP70kdzVWDHW0a6edI07mw
755,2014,8,437,OSL,59.91387416678118,10.74315771409281,95Rcc7C5BQ-XodaiY1omFg,1154,0,1405,3,1881,True,95Rcc7C5BQ-XodaiY1omFg
2814,2019,9,393,OSL,59.93506864963024,10.74344579250478,POIVtg408Fc4yfYyp_NFmg,1155,0,1406,3,1884,True,POIVtg408Fc4yfYyp_NFmg
4126,2019,10,541,OSL,59.94905476193734,10.76948003375786,LAgMp7aJBfOkTRasNfwpUQ,610,0,662,7,1885,True,LAgMp7aJBfOkTRasNfwpUQ
3130,2019,6,194,OSL,59.93809947318214,10.78358490554961,4NdhrXrgcisZw1hzxSVh1w,1156,0,1407,9,1886,True,4NdhrXrgcisZw1hzxSVh1w
1942,2009,6,376,OSL,59.9261297466436,10.75736727019616,v4hSO6RfiYBC9j25QRdo8A,1157,0,1408,2,1887,True,v4hSO6RfiYBC9j25QRdo8A
4763,2009,5,352,OSL,59.95615221360577,10.78824397781355,49dJ9AV2FKvBr_3Ak9_Xaw,407,1,1409,1,1888,True,49dJ9AV2FKvBr_3Ak9_Xaw
196,2018,12,487,OSL,59.90298084901109,10.68673393387659,rixHyJuU2tKutM7X_fRr1g,67,2,1410,2,1890,True,rixHyJuU2tKutM7X_fRr1g
3409,2018,12,460,OSL,59.94199682377344,10.64857214339392,fI3jptQwPqXlOjqQ15TU5Q,1159,0,1412,1,1892,True,fI3jptQwPqXlOjqQ15TU5Q
934,2009,4,193,OSL,59.91704992470451,10.64340308054033,wlAiP1-xujgYwzq5LNlsMw,1161,0,1414,1,1894,True,wlAiP1-xujgYwzq5LNlsMw
1586,2014,5,227,OSL,59.92288622187285,10.70335277188818,FCuhB1tr96XBrPoiQSf0IQ,732,1,1415,2,1895,True,FCuhB1tr96XBrPoiQSf0IQ
797,2014,8,155,OSL,59.9153975512525,10.69679245412949,t9qp2br_noeel8Hx5CTOUg,435,0,456,14,1897,True,t9qp2br_noeel8Hx5CTOUg
1852,2018,12,189,OSL,59.92482982599095,10.76869628592689,PqUuOg7_K-rqsD3jMBV-Kw,1041,1,1416,1,1898,True,PqUuOg7_K-rqsD3jMBV-Kw
2326,2017,5,330,OSL,59.93031681618131,10.76218125990935,-RqRHC-7_dQaPrAg4_LxKQ,1162,0,1417,2,1899,True,-RqRHC-7_dQaPrAg4_LxKQ
3771,2010,9,299,OSL,59.94470767866887,10.78787083528554,RX-zEHg2932vb8raYHurwg,1163,0,1418,2,1900,True,RX-zEHg2932vb8raYHurwg
2187,2019,9,502,OSL,59.92891238643325,10.70706113924783,GZnRPlfjT3TVSUulezI_Sw,257,0,262,5,1902,True,GZnRPlfjT3TVSUulezI_Sw
677,2018,12,375,OSL,59.91299071207052,10.73159544638463,zrVm0sajsn1I1UGhRHLalA,1133,1,1419,2,1903,True,zrVm0sajsn1I1UGhRHLalA
796,2018,12,481,OSL,59.91517597751911,10.686190427735,Punxn55a15qr1RJRbKDYeA,187,1,1420,2,1904,True,Punxn55a15qr1RJRbKDYeA
2129,2018,12,479,OSL,59.92800389047724,10.74739797891028,_ZfP8a1LIe3YFnpHOxCv4w,1164,0,1421,1,1905,True,_ZfP8a1LIe3YFnpHOxCv4w
1848,2019,9,674,OSL,59.92490381635947,10.7631967761196,zL6BsPA_a3oSXyi02I-Z1w,15,0,15,5,1908,True,zL6BsPA_a3oSXyi02I-Z1w
3376,2012,10,449,OSL,59.94099696767324,10.74689460267024,fSZbOFnEzctpb25EHJVkBQ,136,0,138,4,1913,True,fSZbOFnEzctpb25EHJVkBQ
3496,2019,7,195,OSL,59.94211891835189,10.78886926036241,1x9B-2zE-T8E3NPa2bTqsw,204,1,1425,2,1915,True,1x9B-2zE-T8E3NPa2bTqsw
2138,2018,12,292,OSL,59.92806701886077,10.75700521304353,SHrlTmi0zRbGhyWY9UW6qA,1168,0,1428,4,1922,True,SHrlTmi0zRbGhyWY9UW6qA
3129,2017,5,563,OSL,59.93811397170742,10.7777640253506,oMHzoxGsazx2y9cz__N1TQ,236,1,1429,1,1923,True,oMHzoxGsazx2y9cz__N1TQ
4507,2019,10,129,OSL,59.95305639121897,10.76646237812051,PtlVIx62Fc-gJfJPOCa6uQ,1169,0,1430,3,1924,True,PtlVIx62Fc-gJfJPOCa6uQ
2625,2014,8,366,OSL,59.9327637867458,10.76672706004661,FumIk15U140w3eewRQVokg,507,1,1431,2,1926,True,FumIk15U140w3eewRQVokg
1208,2010,9,129,OSL,59.92018263093576,10.64961966781051,KqpIH2q0w3m4WECsox0O4g,743,1,1432,1,1927,True,KqpIH2q0w3m4WECsox0O4g
3825,2017,5,248,OSL,59.94603252341238,10.72238904010821,aa5c11dRK-KlT9MyEzU1mA,1170,0,1433,1,1928,True,aa5c11dRK-KlT9MyEzU1mA
3279,2018,12,345,OSL,59.93995874415253,10.71981980334928,Aw5qzZ7cgQibrRwVHO8B_w,1171,0,1434,1,1930,True,Aw5qzZ7cgQibrRwVHO8B_w
3920,2017,5,364,OSL,59.94714667285864,10.73316429618725,zfKUROtDCXwcQckDIkIUjw,790,2,1436,1,1935,True,zfKUROtDCXwcQckDIkIUjw
234,2009,6,626,OSL,59.90409381354117,10.68543421795813,rhbvwRPvP6d5Qb3f9o9S0Q,380,1,1438,1,1938,True,rhbvwRPvP6d5Qb3f9o9S0Q
466,2019,10,397,OSL,59.91006115283489,10.71242387766753,vFo5fOZtuAx-YnEP_FldtQ,180,0,182,12,1941,True,vFo5fOZtuAx-YnEP_FldtQ
1279,2009,6,434,OSL,59.92022197784973,10.74014406231671,09cMgRe5Ijkpgt-DfFs04w,431,0,452,4,1942,True,09cMgRe5Ijkpgt-DfFs04w
2732,2018,12,125,OSL,59.93389247709482,10.77418745127051,Qx-tIcbKWCCB-uiP-vjU9g,698,1,1442,3,1948,True,Qx-tIcbKWCCB-uiP-vjU9g
953,2010,10,499,OSL,59.91711956808224,10.69145687251551,iUghIa0HJzaITksj5Zmxcg,1115,0,1338,15,1952,True,iUghIa0HJzaITksj5Zmxcg
2166,2017,5,206,OSL,59.92871665574076,10.64842313485528,COlKSiWtzFkjAc-jFIQQsQ,983,1,1447,1,1959,True,COlKSiWtzFkjAc-jFIQQsQ
1616,2019,9,281,OSL,59.92314726260152,10.73649538162613,AqbT1OvXAPCLT8bC2DuHQg,1148,1,1448,3,1960,True,AqbT1OvXAPCLT8bC2DuHQg
1498,2018,12,278,OSL,59.92199182532318,10.73217183004021,c9xbpmfkU9u4FUPh9na8kw,1178,0,1449,1,1961,True,c9xbpmfkU9u4FUPh9na8kw
1290,2018,12,421,OSL,59.92012815804316,10.76045576824225,fMAzlFl3_6v9Jaqv-2dl1A,1179,0,1450,6,1964,True,fMAzlFl3_6v9Jaqv-2dl1A
3191,2018,12,457,OSL,59.93908064868536,10.73193586020165,lA64GYZMaVXo-SkRPh47QA,714,1,1453,1,1972,True,lA64GYZMaVXo-SkRPh47QA
4214,2018,12,333,OSL,59.94998950873849,10.76080522275,8afq9PbQsqxJ9IjWYlKGTg,21,0,21,11,1973,True,8afq9PbQsqxJ9IjWYlKGTg
1364,2018,12,255,OSL,59.92097185469193,10.71015898961663,uKk0x5N-kIZz3WIrcPR3RQ,468,1,1455,1,1975,True,uKk0x5N-kIZz3WIrcPR3RQ
4314,2012,10,224,OSL,59.9510324603403,10.76320522811192,ywBB2Z9dcF2J0MDjAyOtPw,721,1,1457,4,1977,True,ywBB2Z9dcF2J0MDjAyOtPw
2821,2019,9,573,OSL,59.93510174232011,10.75041679172411,n824xqOkGomPBSOs2XCN9g,1184,0,1459,3,1981,True,n824xqOkGomPBSOs2XCN9g
1363,2018,12,679,OSL,59.92113599902785,10.70925037325125,UhhumYufIjJqDoqybzjcVQ,6,1,1460,2,1983,True,UhhumYufIjJqDoqybzjcVQ
1069,2018,12,500,OSL,59.91804396812859,10.72446943902536,5n1NuRhpg6K8RHuCzpvKvw,697,1,1461,4,1985,True,5n1NuRhpg6K8RHuCzpvKvw
4222,2017,5,126,OSL,59.94992167011765,10.76880722592904,Hw8TeGVzFQdykDKbM0PbCw,1185,0,1462,3,1987,True,Hw8TeGVzFQdykDKbM0PbCw
4325,2017,6,321,OSL,59.95128016642838,10.77742555671615,dctPqsjTIaZbesoxDZu_Hg,1187,0,1464,5,1990,True,dctPqsjTIaZbesoxDZu_Hg
768,2019,9,368,OSL,59.91394331896218,10.76414997838797,8E67W0o-0iZ4510Dl0pd0Q,1189,0,1466,5,1992,True,8E67W0o-0iZ4510Dl0pd0Q
2872,2010,9,476,OSL,59.93610219066966,10.6792775903373,9SAOptyAsWmehVLVVj3cwQ,1033,0,1229,12,1993,True,9SAOptyAsWmehVLVVj3cwQ
3804,2012,10,340,OSL,59.94616826662749,10.69260871061075,MJh7ChV1n3TmwyURlbHR6Q,1190,0,1467,4,1994,True,MJh7ChV1n3TmwyURlbHR6Q
2102,2018,12,537,OSL,59.92786683412248,10.71363423076085,Xz4PzZsX_-z0cnlvPnF_MQ,605,0,656,8,1998,True,Xz4PzZsX_-z0cnlvPnF_MQ
338,2018,12,60,OSL,59.90712466689255,10.68767585282806,zrWdq8SamnX4hBKwnTp-lA,354,1,1469,1,1999,True,zrWdq8SamnX4hBKwnTp-lA
2128,2018,12,229,OSL,59.92794852229735,10.74629209874537,9kMhydcQ0SQ7q2W8xvs38A,1193,0,1471,1,2002,True,9kMhydcQ0SQ7q2W8xvs38A
141,2018,12,246,OSL,59.90102702321614,10.78937499649835,FqxXaml4_Njf_jOGK75d5Q,270,2,1472,2,2003,True,FqxXaml4_Njf_jOGK75d5Q
3714,2012,10,165,OSL,59.94477760370529,10.70625321960527,mtWUqDZ5XLSZ4bl6eX01RA,1195,0,1474,2,2005,True,mtWUqDZ5XLSZ4bl6eX01RA
2510,2009,6,683,OSL,59.93196892267995,10.74333727364062,0lQnqpv9M7OaHgcxzEKjXA,214,2,1475,2,2006,True,0lQnqpv9M7OaHgcxzEKjXA
3858,2018,12,327,OSL,59.94629522169345,10.76634275178426,CvTAoUF3r6PFd0FMhGn4fg,777,1,1476,1,2007,True,CvTAoUF3r6PFd0FMhGn4fg
2866,2012,10,192,OSL,59.93583612652493,10.67198751847016,m64CBt1P0pbA5otiN009ww,1197,0,1479,2,2011,True,m64CBt1P0pbA5otiN009ww
1624,2012,10,223,OSL,59.9232717822827,10.74506342325341,NbyOLve4q1PI0N6W4eGB4w,1199,0,1482,2,2019,True,NbyOLve4q1PI0N6W4eGB4w
4119,2009,6,325,OSL,59.94895402188951,10.75969177373113,_-x6VUsUXr8o0C1cZuNMTw,715,1,1292,7,2022,True,_-x6VUsUXr8o0C1cZuNMTw
4466,2019,10,246,OSL,59.95312771636568,10.70436177257996,GzPKRmSTivE5apKpWH7QWQ,1201,0,1484,1,2024,True,GzPKRmSTivE5apKpWH7QWQ
4071,2019,10,457,OSL,59.94902359762594,10.67624622306538,mgeCfSAyFPZx05yCldfJKg,1202,0,1485,2,2025,True,mgeCfSAyFPZx05yCldfJKg
1246,2018,12,295,OSL,59.92008649010712,10.70134185379909,Uo5g6Ds_7d_y3EzSPx-jLw,1203,0,1486,2,2028,True,Uo5g6Ds_7d_y3EzSPx-jLw
1555,2019,9,416,OSL,59.92319208787627,10.66565242781966,lUDxrcUxcVSMmHmge4mVKg,1204,0,1487,2,2029,True,lUDxrcUxcVSMmHmge4mVKg
1522,2018,12,469,OSL,59.92208781554343,10.76631605903034,ushzLarOzlAUvdlFqUJdqg,1205,0,1488,6,2030,True,ushzLarOzlAUvdlFqUJdqg
4477,2019,6,352,OSL,59.95304685672975,10.73450262436157,Bp5VGzE8SYMOfqfQ10VZpw,1206,0,1490,1,2034,True,Bp5VGzE8SYMOfqfQ10VZpw
693,2009,7,499,OSL,59.91294532999058,10.76124215475089,Bi1Sgswirb_suN2CqksgZg,1207,0,1491,1,2036,True,Bi1Sgswirb_suN2CqksgZg
906,2018,12,341,OSL,59.91612948368071,10.74418106884945,2fwb0tOMb8d1ff1hIXUlYg,1209,0,1493,2,2041,True,2fwb0tOMb8d1ff1hIXUlYg
3107,2019,9,571,OSL,59.93776079233069,10.75425477086563,tnA0NzwiBIe0_kDBpR_1wg,1210,0,1494,2,2042,True,tnA0NzwiBIe0_kDBpR_1wg
2006,2017,5,291,OSL,59.92708709262482,10.71443225922095,UqgWjisTIsGkzc4OUXOAMg,268,1,1496,1,2048,True,UqgWjisTIsGkzc4OUXOAMg
1154,2014,5,438,OSL,59.91908808038757,10.70826649133055,QaMOsQ2uNdxbmkMxQ-xD1g,1211,0,1497,6,2050,True,QaMOsQ2uNdxbmkMxQ-xD1g
2725,2019,9,401,OSL,59.9339193736632,10.76810871272419,yarEPWycqX7GcdvybuUyXQ,83,1,1498,1,2052,True,yarEPWycqX7GcdvybuUyXQ
3377,2014,8,223,OSL,59.94114876795368,10.74757880530692,4J6xrCMhdUcD08_-MfffPQ,523,1,1500,1,2057,True,4J6xrCMhdUcD08_-MfffPQ
3033,2019,8,337,OSL,59.93716511109301,10.77661075901237,WBgwV5LiJBnX0skpaxmLmw,951,0,1119,3,2058,True,WBgwV5LiJBnX0skpaxmLmw
2030,2009,6,278,OSL,59.92691354972691,10.74333349438229,hw51o6A6vSGx1ORI1VBOnQ,820,1,1503,1,2062,True,hw51o6A6vSGx1ORI1VBOnQ
1755,2019,9,521,OSL,59.92404104393643,10.77532351709824,xauU576PbRq7UoML_k0IIw,371,0,386,4,2066,True,xauU576PbRq7UoML_k0IIw
2401,2019,9,680,OSL,59.93094167008415,10.7337542812355,xzUIPii0Sr1JbXqeVge-eg,222,1,1507,4,2076,True,xzUIPii0Sr1JbXqeVge-eg
1309,2019,9,207,OSL,59.92003377385382,10.7938760449752,ofpNKkmS-b2NowQCf2GHKQ,809,0,923,5,2079,True,ofpNKkmS-b2NowQCf2GHKQ
3481,2017,5,343,OSL,59.94201725553623,10.77026466879975,7HwMV5fDsrb_e7qMOwOu7w,1217,0,1508,1,2081,True,7HwMV5fDsrb_e7qMOwOu7w
3006,2019,10,440,OSL,59.9369906127064,10.74043886800447,23PI3hMCyEh1tJWZvJLEUA,681,2,1510,2,2083,True,23PI3hMCyEh1tJWZvJLEUA
4251,2009,5,437,OSL,59.95096439091329,10.67501992991813,4ZUp0MdLTY1fRYl7BLF0qA,485,1,947,7,2084,True,4ZUp0MdLTY1fRYl7BLF0qA
432,2018,6,360,OSL,59.90907853335273,10.75628444207731,PaIPdUoqS5H1vbv4aA0gtA,824,0,944,4,2085,True,PaIPdUoqS5H1vbv4aA0gtA
2471,2019,9,625,OSL,59.93197054625742,10.68235487402761,QZaBk5SHRb_3fOey530Fdg,1219,0,1511,2,2086,True,QZaBk5SHRb_3fOey530Fdg
3591,2010,9,399,OSL,59.94402224942993,10.64163814864529,Rd_r2vAAR2WMy3ItDl-VUg,254,1,703,3,2089,True,Rd_r2vAAR2WMy3ItDl-VUg
1727,2014,5,186,OSL,59.92411732099934,10.74124692289035,gTlAme2JJN14qH2Tii46ZQ,1220,0,1513,1,2090,True,gTlAme2JJN14qH2Tii46ZQ
2901,2014,5,123,OSL,59.935955114696,10.72510874228385,bfZ1AM-05nrqMej9oYOE_A,1221,0,1514,2,2092,True,bfZ1AM-05nrqMej9oYOE_A
994,2019,9,89,OSL,59.91704277174618,10.75038881572446,IAfjQd4n0rpiiToz2vuD0A,765,0,864,6,2093,True,IAfjQd4n0rpiiToz2vuD0A
1208,2012,9,322,OSL,59.92020891775768,10.64963216176845,P7P1BHoHQpARRoNJ-tkUWQ,743,2,1515,2,2094,True,P7P1BHoHQpARRoNJ-tkUWQ
2309,2014,5,520,OSL,59.93002573794798,10.73835722216531,bCShBpPxaZwgJU-g1FkTHA,741,0,830,3,2095,True,bCShBpPxaZwgJU-g1FkTHA
1937,2009,7,123,OSL,59.92601156377062,10.75004943612188,lMv-imzHLTHG5xH857fEMw,760,0,859,7,2097,True,lMv-imzHLTHG5xH857fEMw
2288,2019,9,409,OSL,59.93010307195851,10.7102243299322,lqyS4mC9ePwJE4ixeT6zbQ,719,0,800,3,2098,True,lqyS4mC9ePwJE4ixeT6zbQ
758,2017,7,388,OSL,59.91402026213612,10.75270690463558,ddOMfXheQy_dbiqM_X3yrg,1090,1,1517,1,2099,True,ddOMfXheQy_dbiqM_X3yrg
1959,2019,10,548,OSL,59.92606410686471,10.7764053401144,T83r31-R7OH3xHYCoNOEhQ,1222,0,1518,2,2101,True,T83r31-R7OH3xHYCoNOEhQ
2891,2012,10,607,OSL,59.93602670040809,10.70216498191805,JGArD0RBqrZAlVcYBd5xXQ,817,3,1519,2,2102,True,JGArD0RBqrZAlVcYBd5xXQ
3080,2019,10,339,OSL,59.93789436389794,10.70587189674661,vpBhKiqKD5N9bsjcoyUzew,224,1,815,4,2104,True,vpBhKiqKD5N9bsjcoyUzew
2917,2017,5,286,OSL,59.93608264317498,10.75577707123941,lAX4OgSxZTZWLmYuCqkMnA,280,1,1520,2,2105,True,lAX4OgSxZTZWLmYuCqkMnA
2619,2019,10,207,OSL,59.93301120885867,10.76043429406372,QRjpsnCTB5IWSmYCCFFnvQ,1223,0,1521,2,2106,True,QRjpsnCTB5IWSmYCCFFnvQ
2188,2016,5,367,OSL,59.9289089027092,10.70967715060893,qfOeEfvatIvsi_8PgCQ_DA,474,1,1523,1,2110,True,qfOeEfvatIvsi_8PgCQ_DA
416,2009,7,557,OSL,59.90886870886902,10.7383369272705,eLwtRGVRnuOFLwJmJA23ZA,1225,0,1524,2,2111,True,eLwtRGVRnuOFLwJmJA23ZA
2822,2018,12,154,OSL,59.9350573458488,10.7521427618469,y-Cs4GAh9S1fDz5GP0p4Bw,1228,0,1528,2,2116,True,y-Cs4GAh9S1fDz5GP0p4Bw
2785,2014,6,418,OSL,59.93487381275278,10.70591139344585,V9sVqpFAsxIeyn-CshlPwQ,1230,0,1530,2,2118,True,V9sVqpFAsxIeyn-CshlPwQ
3969,2009,5,324,OSL,59.94806321043222,10.6453674424599,nlAsk1f0Cx1RcCp7N9gLOw,895,1,1531,1,2120,True,nlAsk1f0Cx1RcCp7N9gLOw
1501,2019,9,386,OSL,59.92184565610858,10.7363776117904,xgQUlPXbl_6Hb0arJ3w6Mw,1231,0,1532,2,2121,True,xgQUlPXbl_6Hb0arJ3w6Mw
1087,2018,12,461,OSL,59.91807622854871,10.75330506990057,NnDIREntXR3NRg9qBaGF-w,1233,0,1534,1,2124,True,NnDIREntXR3NRg9qBaGF-w
2193,2012,10,241,OSL,59.92908271061393,10.71626218702525,tgcYnf4SXPA7A5Q-yVzBiQ,988,0,1169,8,2128,True,tgcYnf4SXPA7A5Q-yVzBiQ
2326,2014,5,122,OSL,59.93029848073484,10.76216576077528,kadrNgEX6NTTGWBk7MhIug,1162,1,1537,1,2130,True,kadrNgEX6NTTGWBk7MhIug
3129,2014,6,508,OSL,59.93810601297911,10.7777399338571,LCP0pv6tcet7OlJfQjJxAw,236,2,1538,1,2131,True,LCP0pv6tcet7OlJfQjJxAw
1569,2014,5,423,OSL,59.9230050023728,10.68228972484189,r4Oqnr4AdtjbO0pHe0li1g,392,0,409,5,2132,True,r4Oqnr4AdtjbO0pHe0li1g
3994,2017,5,465,OSL,59.94796475588392,10.70437835160024,F1gDoPF5EN5JWhDGgAWZxQ,1236,0,1539,1,2133,True,F1gDoPF5EN5JWhDGgAWZxQ
728,2018,12,418,OSL,59.91411338672032,10.6875685018429,aPP1FuNcYPNUwBDOofMFgw,1239,0,1542,2,2138,True,aPP1FuNcYPNUwBDOofMFgw
288,2018,12,208,OSL,59.90536873517345,10.78090805220389,-W9QAtzFqjdaig4BFjjuBA,592,1,1543,1,2139,True,-W9QAtzFqjdaig4BFjjuBA
2691,2019,9,540,OSL,59.93407668352734,10.7183540574052,v2qMAI7lPAxBVkr3A4gJIQ,1241,0,1546,2,2143,True,v2qMAI7lPAxBVkr3A4gJIQ
4860,2017,5,573,OSL,59.95817459198259,10.67236114416358,tSChrXzaBw02oekdIlqI6Q,1242,0,1547,1,2144,True,tSChrXzaBw02oekdIlqI6Q
2181,2019,10,480,OSL,59.92902505415585,10.67554374281515,mDYX2dsmnwMtfchzqOjH6A,677,1,1552,4,2150,True,mDYX2dsmnwMtfchzqOjH6A
3277,2009,6,349,OSL,59.93995553086684,10.71736277756402,AElNjjAfCncW4BiKkHNoYA,1059,0,1261,3,2153,True,AElNjjAfCncW4BiKkHNoYA
727,2019,10,454,OSL,59.91428677507155,10.68670920550445,Mg5RusHAQXrsR6kTL6gixQ,1248,0,1555,1,2155,True,Mg5RusHAQXrsR6kTL6gixQ
518,2017,5,197,OSL,59.91096153696246,10.67909717255547,6tl3cKHvD6dM0KEdd4layQ,156,1,1009,10,2156,True,6tl3cKHvD6dM0KEdd4layQ
4075,2019,10,272,OSL,59.94890842774604,10.68089559245494,Fm3dhPouzHNp_2ZhONPGJA,1250,0,1558,3,2159,True,Fm3dhPouzHNp_2ZhONPGJA
2448,2019,10,525,OSL,59.93215950973443,10.64649626685444,sjfHFPYiCtHFoNERMcVjCw,1252,0,1560,1,2163,True,sjfHFPYiCtHFoNERMcVjCw
4752,2014,8,684,OSL,59.95609583683227,10.76318533298674,Y7kQeEh6WkCXd_bzKz5OQA,1147,1,1561,1,2164,True,Y7kQeEh6WkCXd_bzKz5OQA
2713,2018,12,412,OSL,59.93407510444786,10.75210418252554,IGWSqqo-m49_E594NfeaCA,1253,0,1562,1,2165,True,IGWSqqo-m49_E594NfeaCA
2408,2009,6,245,OSL,59.93100662897768,10.74237492014857,-3VODGmyqJVrMIFcNJHH_A,459,2,1563,1,2166,True,-3VODGmyqJVrMIFcNJHH_A
1978,2019,9,177,OSL,59.92703697854609,10.65344885237166,no_ZVZKOyTeVws3C-k-wug,1038,0,1234,14,2167,True,no_ZVZKOyTeVws3C-k-wug
853,2018,12,384,OSL,59.91502215550836,10.77531090167314,qShoLRiEX5inpDiAcaqtVQ,1254,0,1564,4,2168,True,qShoLRiEX5inpDiAcaqtVQ
4084,2018,12,288,OSL,59.94940481983261,10.69751162421712,aeYU1CQ7mxoddPKqBX0wkA,1255,0,1565,1,2169,True,aeYU1CQ7mxoddPKqBX0wkA
2511,2018,12,379,OSL,59.93194668663124,10.74491513440632,HMy3XT3enbnbjiOOR34fZg,738,2,1566,1,2170,True,HMy3XT3enbnbjiOOR34fZg
328,2019,9,565,OSL,59.90586538987061,10.77933362532334,YCWXXB7P6rsDoqt5LRq--Q,282,3,1568,1,2172,True,YCWXXB7P6rsDoqt5LRq--Q
1090,2018,12,396,OSL,59.91796829410004,10.75940234757572,Lu4Bzj0id9oV8DddVT244A,1257,0,1569,2,2173,True,Lu4Bzj0id9oV8DddVT244A
2760,2014,5,446,OSL,59.93527576092479,10.66689697400829,G9TO-3dvYKpjXqf89Xhejg,1258,0,1570,2,2176,True,G9TO-3dvYKpjXqf89Xhejg
1280,2019,9,249,OSL,59.91981300640258,10.74238659362769,sX8J5pN4ORTZrLSB_HdafQ,1259,0,1571,3,2179,True,sX8J5pN4ORTZrLSB_HdafQ
1497,2018,12,639,OSL,59.92208469861019,10.73122507195515,VDZ3bh8xvuF2redj3Ww-0A,1188,0,1465,4,2180,True,VDZ3bh8xvuF2redj3Ww-0A
2691,2017,5,379,OSL,59.93403601195253,10.71837612855845,wYVGE7rpqKOysYlott-bDg,1241,1,1572,2,2183,True,wYVGE7rpqKOysYlott-bDg
1009,2017,5,201,OSL,59.91699739142157,10.78014154519202,BWufwXvtWWM31z8ODbXyCw,1260,0,1573,5,2184,True,BWufwXvtWWM31z8ODbXyCw
2388,2019,9,80,OSL,59.93095730581816,10.71922148970843,BnWFPs6aNdNEz33hnN2i6w,1261,0,1574,3,2187,True,BnWFPs6aNdNEz33hnN2i6w
3439,2017,5,693,OSL,59.94203243799706,10.70456002197759,ZHtKOM-vLWIL_L7hld0POw,621,0,676,5,2193,True,ZHtKOM-vLWIL_L7hld0POw
4879,2018,12,495,OSL,59.95802734928842,10.70551361004876,maAU79ZBhGKbppeNY6arXA,1262,0,1575,1,2197,True,maAU79ZBhGKbppeNY6arXA
1088,2019,9,264,OSL,59.91798415363667,10.75554654519751,bm9muu4VxDG_zavzYvl70g,253,1,524,5,2199,True,bm9muu4VxDG_zavzYvl70g
3862,2012,10,306,OSL,59.94612776517641,10.77299818407008,9ZhMrta638mhxkUEoinRGQ,464,0,493,4,2205,True,9ZhMrta638mhxkUEoinRGQ
1510,2019,9,259,OSL,59.92199512336506,10.75059446737039,SsCx8lk9EEwwX-PJYDZL4g,1075,1,1579,5,2206,True,SsCx8lk9EEwwX-PJYDZL4g
385,2019,9,489,OSL,59.90786511219756,10.77138898312812,ry2xE-lXA2zRuuNRV6Q_Nw,1264,0,1580,2,2209,True,ry2xE-lXA2zRuuNRV6Q_Nw
993,2017,5,409,OSL,59.91696076666766,10.7495575078826,fgSFVZ2xPrCodprHTekTcA,1020,1,1581,4,2210,True,fgSFVZ2xPrCodprHTekTcA
2529,2009,6,419,OSL,59.93187240573313,10.76688055134727,dOC2iJ5lR8Y69bu97KWX_Q,288,1,1583,2,2215,True,dOC2iJ5lR8Y69bu97KWX_Q
158,2018,12,143,OSL,59.9018424984285,10.68860650190156,GdD8uB86ynZAqnxDItvp-g,831,1,1586,2,2218,True,GdD8uB86ynZAqnxDItvp-g
4553,2017,5,449,OSL,59.95399644725992,10.69560148338596,oQMng-MJYzjoruZEQU04tw,1268,0,1587,2,2219,True,oQMng-MJYzjoruZEQU04tw
3145,2014,5,228,OSL,59.93906202114386,10.66995546163696,NvNwjd6O7FnOEXW5ANZTMQ,137,1,1589,2,2222,True,NvNwjd6O7FnOEXW5ANZTMQ
4015,2009,6,495,OSL,59.94806414292166,10.74261256343927,efNHJZq7JLKvlZesOuIdkg,1270,0,1590,2,2223,True,efNHJZq7JLKvlZesOuIdkg
1362,2014,5,652,OSL,59.92085061876467,10.70877567889959,e_2Sw6t7seSbPvxpCqBmAw,916,1,1591,2,2225,True,e_2Sw6t7seSbPvxpCqBmAw
1340,2016,5,415,OSL,59.92134495357161,10.67750546910334,PrwvxF4P0IzyO6cdpSMS_A,1029,1,1592,2,2227,True,PrwvxF4P0IzyO6cdpSMS_A
4071,2017,5,280,OSL,59.94898787984511,10.67619817947641,84x-25S5h0VJlD8TupDaCw,1202,1,1594,2,2230,True,84x-25S5h0VJlD8TupDaCw
1086,2017,5,190,OSL,59.91782748013027,10.75282078226265,JfvLEq_YvAtHtu4hYMDBVg,1273,0,1596,2,2235,True,JfvLEq_YvAtHtu4hYMDBVg
3091,2019,8,104,OSL,59.93800374907807,10.72125918729776,aUwGZP_1fpaJZkZeEJvUnw,363,2,1597,1,2237,True,aUwGZP_1fpaJZkZeEJvUnw
4781,2019,10,199,OSL,59.95694077416842,10.67264357378093,zRR-_6vnT9HtlpaHAvPMEw,1276,0,1601,3,2247,True,zRR-_6vnT9HtlpaHAvPMEw
526,2019,9,578,OSL,59.91096593236299,10.7378686251254,GhyLxvy4htnb1vHcdUz_OA,1277,0,1602,2,2248,True,GhyLxvy4htnb1vHcdUz_OA
2219,2009,6,209,OSL,59.92905285667368,10.7477168263375,Ok3JlsHROqL-E32dT2_u0w,618,1,1604,1,2250,True,Ok3JlsHROqL-E32dT2_u0w
2942,2017,5,231,OSL,59.93603169832521,10.78434506382936,UWkdcG-4Qg21H1Drs13-dQ,53,2,1605,1,2251,True,UWkdcG-4Qg21H1Drs13-dQ
1710,2009,7,271,OSL,59.9241049272155,10.71966945541935,_2IcgesJWfhGBl3cwaFofQ,801,1,1606,3,2253,True,_2IcgesJWfhGBl3cwaFofQ
4142,2017,6,420,OSL,59.94906014627442,10.79227050409188,h58PKox8aMaQ2EsPxB4okQ,1272,0,1595,8,2254,True,h58PKox8aMaQ2EsPxB4okQ
3470,2019,9,549,OSL,59.94200040480941,10.75440815123982,abG99Sl9D9b2QZ2GRSvONg,1278,0,1607,2,2255,True,abG99Sl9D9b2QZ2GRSvONg
4557,2018,12,354,OSL,59.95409029041051,10.70530914064346,ohsa6f2qqrBipWVZgUFGdA,217,0,220,3,2260,True,ohsa6f2qqrBipWVZgUFGdA
236,2009,6,546,OSL,59.90388271453777,10.68877643968287,VkX8Fyms3ePB6HMPppGxCA,1281,0,1610,2,2263,True,VkX8Fyms3ePB6HMPppGxCA
3279,2012,10,330,OSL,59.9399531684829,10.71979713521883,S1DKvZGjsJddY-1weCaPjQ,1171,1,1611,2,2264,True,S1DKvZGjsJddY-1weCaPjQ
3392,2017,5,600,OSL,59.94106324387651,10.77539860245633,rPtYER8DXxb9ybMGCFjF0w,1282,0,1612,1,2267,True,rPtYER8DXxb9ybMGCFjF0w
2057,2018,12,571,OSL,59.92677005829172,10.77199079318873,l03mV1iWc3tX0gMsaeeYUA,1118,1,1614,1,2272,True,l03mV1iWc3tX0gMsaeeYUA
770,2017,5,462,OSL,59.91400719699936,10.76741196705773,_ed5TJp550nP8meAFWh4nQ,1283,0,1615,1,2275,True,_ed5TJp550nP8meAFWh4nQ
1555,2018,12,432,OSL,59.92317613181701,10.66570610063594,75yfXLxnO_6lI5Tae5u5kQ,1204,1,1616,2,2276,True,75yfXLxnO_6lI5Tae5u5kQ
167,2009,6,592,OSL,59.9020023356484,10.76544613178076,MPN84pZkelTZVu0pUkEIRQ,1284,0,1617,1,2278,True,MPN84pZkelTZVu0pUkEIRQ
4859,2018,12,535,OSL,59.95826942443752,10.6717013602558,3wZQtWTSq01lv3R7lXl7gw,1091,0,1307,3,2279,True,3wZQtWTSq01lv3R7lXl7gw
1477,2017,5,413,OSL,59.92227163140925,10.70708706915027,dK-cxxeqtMLkZM9C6wCGmQ,249,0,254,3,2280,True,dK-cxxeqtMLkZM9C6wCGmQ
2436,2014,5,134,OSL,59.93101198637969,10.78153536828912,VD2lIg5U_8MGHvsnupQXLg,1285,0,1618,2,2281,True,VD2lIg5U_8MGHvsnupQXLg
4434,2019,10,317,OSL,59.95301732697131,10.64401197180715,e1TcHY1JENxbZUTQ6Srx-A,510,1,906,5,2283,True,e1TcHY1JENxbZUTQ6Srx-A
3077,2014,6,248,OSL,59.93802723121964,10.70349725895345,UfQZHvMu2myY75Hb1yyyWw,615,1,1621,2,2285,True,UfQZHvMu2myY75Hb1yyyWw
4773,2019,6,317,OSL,59.95713239708687,10.66156671980851,-eOR_VDyUW0LGTwBG01uOA,842,0,971,4,2287,True,-eOR_VDyUW0LGTwBG01uOA
1908,2009,7,390,OSL,59.92591176243167,10.71665282128401,zvQeC5XV8mLMXw7GnbGXaQ,321,1,1623,1,2290,True,zvQeC5XV8mLMXw7GnbGXaQ
2181,2018,12,644,OSL,59.92906470567409,10.67551048800498,X4Uug39n0nlULgngUoM2uA,677,2,1624,1,2291,True,X4Uug39n0nlULgngUoM2uA
1511,2014,5,42,OSL,59.92200064632102,10.75155001613664,6-z-GXHSOXQKfPU0n0q5Jg,1288,0,1625,2,2292,True,6-z-GXHSOXQKfPU0n0q5Jg
70,2014,5,516,OSL,59.89885393531383,10.77418204188131,ckfffNSTAfZ4ELSQUj3GJg,179,1,1628,2,2300,True,ckfffNSTAfZ4ELSQUj3GJg
3581,2014,5,316,OSL,59.94289391164884,10.77509484446366,sNpUVOuEc6odXoa7ilL9_A,1055,1,1630,1,2302,True,sNpUVOuEc6odXoa7ilL9_A
842,2018,12,374,OSL,59.91498159433568,10.76036124272067,can8JnUq0QWaDCsp33hJHQ,1293,0,1633,5,2310,True,can8JnUq0QWaDCsp33hJHQ
3891,2019,10,257,OSL,59.94707829135037,10.66139631536834,Ibpg_XqICrA-ys_cFPyVdw,1018,2,1634,1,2311,True,Ibpg_XqICrA-ys_cFPyVdw
2441,2014,5,482,OSL,59.9309291769776,10.79142849029818,WavQd8wvJwlLIjS-LhOiQg,163,1,1635,2,2313,True,WavQd8wvJwlLIjS-LhOiQg
2875,2017,5,302,OSL,59.93609813227872,10.68231988201208,R1vbgT9AvpYX5Jr2nzjgnw,1294,0,1636,2,2321,True,R1vbgT9AvpYX5Jr2nzjgnw
1174,2009,6,595,OSL,59.91911549489789,10.73525658229036,0RGs21G0vpMWIXowUBJcHQ,375,0,392,3,2325,True,0RGs21G0vpMWIXowUBJcHQ
1736,2018,12,237,OSL,59.92402642601842,10.75438134143078,HUIL7wL-2jCUjPhrelohVw,814,0,928,5,2328,True,HUIL7wL-2jCUjPhrelohVw
2864,2018,12,484,OSL,59.93629126520256,10.67019543951809,8q-xuDhaDwobjn6nwuDj4g,674,1,1637,1,2330,True,8q-xuDhaDwobjn6nwuDj4g
2789,2009,6,518,OSL,59.93493779299582,10.71180226942189,Uo98jZddB6nqqpGB685Ghw,868,2,1641,1,2339,True,Uo98jZddB6nqqpGB685Ghw
2460,2018,12,550,OSL,59.93188657752979,10.66641386251158,iy4x62oGzYgaakQzGq2Yfw,1297,0,1642,2,2340,True,iy4x62oGzYgaakQzGq2Yfw
2507,2017,5,111,OSL,59.93205473687892,10.7402208956945,hvcQIMHYN-wgu_0k-UcrVw,148,1,1643,1,2341,True,hvcQIMHYN-wgu_0k-UcrVw
4636,2018,12,577,OSL,59.95504776344126,10.6962444663373,w91qaHwWnkjmj2RfryW2FA,1298,0,1644,2,2343,True,w91qaHwWnkjmj2RfryW2FA
2619,2009,6,305,OSL,59.93300523742029,10.76050507042487,KnLsa6Qh-ovt0zDTl84DUg,1223,1,1646,2,2345,True,KnLsa6Qh-ovt0zDTl84DUg
2007,2018,12,234,OSL,59.92694403314746,10.71571416153741,TpnCZHiCKpVrPiW-G976bA,1300,0,1647,1,2349,True,TpnCZHiCKpVrPiW-G976bA
4572,2009,5,501,OSL,59.95412910636487,10.73832565820288,K3yE7--WodQN3pe8tiFjAg,841,1,1648,1,2350,True,K3yE7--WodQN3pe8tiFjAg
2538,2019,9,381,OSL,59.9322836294086,10.77987388999092,-QuwsZ_M0wCPE5xvx1pCvw,652,1,1649,1,2351,True,-QuwsZ_M0wCPE5xvx1pCvw
3090,2014,5,455,OSL,59.93795111947792,10.72013717148346,oQdfk5j5CtG2P8RcAMAxhQ,920,1,1650,2,2353,True,oQdfk5j5CtG2P8RcAMAxhQ
2034,2014,8,339,OSL,59.92707257179246,10.74745857332417,QU_y-t4TWnudQ7fxK0BPXQ,355,1,1651,2,2355,True,QU_y-t4TWnudQ7fxK0BPXQ
1630,2014,5,276,OSL,59.92311060489747,10.75553757845597,3_DHKjMtWWfcwT0nja4c6w,473,1,1652,1,2356,True,3_DHKjMtWWfcwT0nja4c6w
1855,2018,12,159,OSL,59.92488281773559,10.77264146024373,mUC4E4G36nEwzfh5LhXlGg,385,1,1653,2,2358,True,mUC4E4G36nEwzfh5LhXlGg
4575,2018,12,330,OSL,59.9538092638744,10.741330112434,HyASIXiOGf6nm1X8KT-2Xg,1301,0,1654,3,2359,True,HyASIXiOGf6nm1X8KT-2Xg
3597,2019,9,223,OSL,59.94410064960987,10.65961482445672,LvUVjfOGOqQ5H1ImHFm0Tw,1084,1,1657,3,2367,True,LvUVjfOGOqQ5H1ImHFm0Tw
2844,2018,12,133,OSL,59.93521701917537,10.78511606030333,8ziwYE8mGvhH0Z7MvWl32A,960,1,1658,1,2368,True,8ziwYE8mGvhH0Z7MvWl32A
3192,2012,10,455,OSL,59.93900667564701,10.73358042073673,KQKzsGLo9E65d-14-rGefA,984,0,1165,5,2369,True,KQKzsGLo9E65d-14-rGefA
2863,2019,10,549,OSL,59.93618383900593,10.66949210597408,iFn1PbrhC1rGdeLD8XGPGA,549,1,1659,4,2372,True,iFn1PbrhC1rGdeLD8XGPGA
2654,2012,10,358,OSL,59.9339959932333,10.66751784190398,KTNahZAk65r4IknbavjJxw,1181,0,1454,4,2378,True,KTNahZAk65r4IknbavjJxw
3382,2009,6,100,OSL,59.94095857380614,10.75213702921721,t57DsJ8KFb_I-smbD-zkag,970,0,1147,4,2387,True,t57DsJ8KFb_I-smbD-zkag
3625,2009,7,314,OSL,59.94416693361904,10.70697696345848,xuS7cpkDYbQuQFyAqLc0zA,1100,1,1666,1,2390,True,xuS7cpkDYbQuQFyAqLc0zA
3293,2019,9,538,OSL,59.93981344091256,10.73981484999064,P7bFZwd04qa9w_mzimyFag,1308,0,1667,2,2395,True,P7bFZwd04qa9w_mzimyFag
538,2019,9,369,OSL,59.9110496915881,10.75800348974795,nasbYMftPVRj7eP2_jFmxw,1309,0,1668,2,2396,True,nasbYMftPVRj7eP2_jFmxw
3115,2018,12,414,OSL,59.93788644057042,10.76364065804128,AdO9GMLj96bGQaTtkqNVnA,1310,0,1669,2,2398,True,AdO9GMLj96bGQaTtkqNVnA
2898,2017,5,474,OSL,59.93603472997685,10.71475806788649,eVZ9pJHP32paZnn_pmr_WA,1311,0,1670,9,2403,True,eVZ9pJHP32paZnn_pmr_WA
784,2017,5,259,OSL,59.91507684327779,10.64245499565602,W0rWa6vkKyB5tYCX9bSlcg,1172,1,1672,1,2408,True,W0rWa6vkKyB5tYCX9bSlcg
1069,2009,7,314,OSL,59.9180554368729,10.72450040356145,tV0bPkkuyIHpYoNZzzOrjQ,697,2,1675,1,2412,True,tV0bPkkuyIHpYoNZzzOrjQ
2039,2019,9,295,OSL,59.92733742616825,10.7536121662573,WAv07rJy7y75iYTymyjAJQ,1313,0,1676,1,2413,True,WAv07rJy7y75iYTymyjAJQ
4792,2009,5,300,OSL,59.95693784510588,10.698336977157,IVrXcwEuYY7FsPW34_-tTA,1314,0,1678,2,2419,True,IVrXcwEuYY7FsPW34_-tTA
3090,2019,10,280,OSL,59.93794100414817,10.72017794309993,O2TMexEadO1ZMKyQxWN0BQ,920,0,1076,4,2421,True,O2TMexEadO1ZMKyQxWN0BQ
4837,2019,10,563,OSL,59.95710393353532,10.78267148343226,JaJURlm2TDz3DibYw2W1Wg,1316,0,1680,1,2422,True,JaJURlm2TDz3DibYw2W1Wg
826,2018,12,547,OSL,59.91507479932584,10.73249539137869,N0ULigoD8eLOZsjCH29ujQ,1317,0,1681,2,2423,True,N0ULigoD8eLOZsjCH29ujQ
4538,2017,5,142,OSL,59.95414397431649,10.66750838110236,J1hpuZSAsZ4YsFwfhpo2Ag,795,1,1682,1,2424,True,J1hpuZSAsZ4YsFwfhpo2Ag
621,2019,5,486,OSL,59.91199395310063,10.75746926298552,_h3rpjpRmG8aGYvPB927gw,1318,0,1683,1,2426,True,_h3rpjpRmG8aGYvPB927gw
3754,2014,8,590,OSL,59.94501228362029,10.76011397426915,OjSaQCvEqb1CsyOuNJ4Erw,139,0,141,4,2427,True,OjSaQCvEqb1CsyOuNJ4Erw
1397,2009,6,631,OSL,59.92103816798399,10.75739208402033,vfBMg3OXgV2wpJWrOzC_oA,1321,0,1687,3,2436,True,vfBMg3OXgV2wpJWrOzC_oA
3279,2019,10,174,OSL,59.93991793021911,10.719784343926,kWFbLXACGZR_Rq0GkAUVLQ,1171,2,1688,2,2440,True,kWFbLXACGZR_Rq0GkAUVLQ
4231,2019,7,442,OSL,59.94983921482436,10.78618606003139,r9mX1Ng9_Zix5qYfyY0fZQ,1067,1,1689,1,2441,True,r9mX1Ng9_Zix5qYfyY0fZQ
4723,2019,7,551,OSL,59.95597108304366,10.70559901120529,Z9erM_eACXJ6NB4Odaklgg,1322,0,1690,1,2444,True,Z9erM_eACXJ6NB4Odaklgg
552,2014,8,346,OSL,59.91107523920443,10.77745305108654,m5xbtt1QlDwttzGbFMZnXA,1323,0,1691,1,2445,True,m5xbtt1QlDwttzGbFMZnXA
3108,2018,12,655,OSL,59.93809948386495,10.75511859175356,bPB4T8yapPCeMpohvCQNPw,1324,0,1692,2,2446,True,bPB4T8yapPCeMpohvCQNPw
4060,2019,10,336,OSL,59.94899287345689,10.65834002697299,vNCdIPCVZsiG_ofVQb1z-w,1325,0,1693,1,2447,True,vNCdIPCVZsiG_ofVQb1z-w
2042,2018,12,226,OSL,59.92712901105746,10.75644211990421,nLErdGkI6tJFPaI-3e6jjg,1326,0,1694,5,2448,True,nLErdGkI6tJFPaI-3e6jjg
3338,2009,5,352,OSL,59.94100532808061,10.68183123848699,OwnmUmo5OEZH9oSGNFIJBw,94,0,94,3,2449,True,OwnmUmo5OEZH9oSGNFIJBw
3450,2019,9,441,OSL,59.94190633225485,10.72529340950466,Aurq25vIHXbYPfxDI6Bgog,303,0,311,3,2452,True,Aurq25vIHXbYPfxDI6Bgog
2447,2019,10,573,OSL,59.93204400258924,10.64540241166244,p_ulB_c1c71wVo89pWCIeg,1287,1,1696,1,2453,True,p_ulB_c1c71wVo89pWCIeg
2639,2019,7,274,OSL,59.93305356326982,10.7903832248847,sSXUJ3o3ofJP1oi0AJoUQw,1328,0,1697,1,2454,True,sSXUJ3o3ofJP1oi0AJoUQw
682,2014,6,116,OSL,59.91302079592347,10.73845840904474,cW2yvTf-Gx1vC5Lc7ph0yw,1329,0,1698,1,2456,True,cW2yvTf-Gx1vC5Lc7ph0yw
1272,2014,5,241,OSL,59.91975867895857,10.72921350555377,SyU3n6gI0lG-Rrh6HMPOqA,628,1,1699,1,2458,True,SyU3n6gI0lG-Rrh6HMPOqA
1551,2017,5,417,OSL,59.92303920386411,10.65444729038386,cS8zrkNKsgZfcLZgUTWXIQ,580,0,624,5,2460,True,cS8zrkNKsgZfcLZgUTWXIQ
202,2018,12,442,OSL,59.90324621496094,10.69806785154952,fW2maez7MjGhwWTFsNmF9w,1330,0,1701,1,2462,True,fW2maez7MjGhwWTFsNmF9w
3197,2018,12,311,OSL,59.93906801604075,10.74361091653075,6AID-nGc6N21dyZNue4bAA,1332,0,1703,1,2464,True,6AID-nGc6N21dyZNue4bAA
4540,2019,10,397,OSL,59.95417683930488,10.66932254352934,HN-LOpJTvTFTTC5Bp2QD2Q,1333,0,1704,4,2468,True,HN-LOpJTvTFTTC5Bp2QD2Q
3030,2009,6,443,OSL,59.93695782814905,10.77355880426078,RIgX-ENUxuxpCsharC2ueA,426,1,1705,1,2470,True,RIgX-ENUxuxpCsharC2ueA
1080,2014,5,354,OSL,59.918019345194,10.74438793836512,C2IJqTiW-jsmd-AP8DpYDw,517,1,1707,1,2473,True,C2IJqTiW-jsmd-AP8DpYDw
4433,2009,6,218,OSL,59.95311466253853,10.64398292070529,ozrz9q0B4o9x_E4IBY8LyQ,510,2,918,4,2480,True,ozrz9q0B4o9x_E4IBY8LyQ
3921,2012,10,503,OSL,59.94690338657214,10.73480962618736,LQr7NJ7hSBQVmQ3Uqd_0og,17,0,17,3,2487,True,LQr7NJ7hSBQVmQ3Uqd_0og
2890,2018,12,284,OSL,59.93595354468446,10.70214255912991,6RekHVRdbftGQ1DfuWWQjg,817,4,1711,1,2489,True,6RekHVRdbftGQ1DfuWWQjg
1209,2019,10,217,OSL,59.92005885292977,10.65032485195224,ZjLrqPqTQlo5-p6qbow7uA,874,3,1714,1,2495,True,ZjLrqPqTQlo5-p6qbow7uA
1751,2018,12,673,OSL,59.92388046396551,10.7710924406097,kpmBTQecYzOo8ItFpiqd_Q,1339,0,1715,2,2498,True,kpmBTQecYzOo8ItFpiqd_Q
1596,2017,5,150,OSL,59.92286134111626,10.71410325608705,rJrGX1Bzbo0xrwNfKxUcBA,365,1,1718,1,2505,True,rJrGX1Bzbo0xrwNfKxUcBA
2448,2017,5,345,OSL,59.93213800955797,10.64646004641899,ijnWuC4_eXV1ORpm79rVOA,1252,1,1719,3,2508,True,ijnWuC4_eXV1ORpm79rVOA
1323,2009,5,308,OSL,59.92117871712593,10.65853001946076,xlqZwBA49VEFXodNTJ1C7Q,913,1,1371,3,2511,True,xlqZwBA49VEFXodNTJ1C7Q
3136,2017,5,103,OSL,59.93910952510552,10.64756539041436,EJoryReEOp84o50cgiA8VA,1341,0,1720,1,2514,True,EJoryReEOp84o50cgiA8VA
1932,2018,12,497,OSL,59.92615599013455,10.7442721647445,uAMGqvLZdnTsMgEbT1tPUg,1342,0,1722,1,2516,True,uAMGqvLZdnTsMgEbT1tPUg
3381,2014,5,141,OSL,59.94111305018326,10.75124258665776,iWFiR2SZKU2u3jzRSfT-8A,1057,0,1259,6,2517,True,iWFiR2SZKU2u3jzRSfT-8A
344,2014,5,357,OSL,59.90698481829296,10.69385195367879,yFPWkm5xrcM_pd1Egg8jQg,783,1,1723,1,2518,True,yFPWkm5xrcM_pd1Egg8jQg
4580,2019,6,257,OSL,59.95420843515198,10.748321867974,HjebXL47BO5g4XdPS0yaqQ,986,1,1724,4,2519,True,HjebXL47BO5g4XdPS0yaqQ
2909,2014,8,452,OSL,59.93630218669659,10.73900331575605,Fg3LJgUODtpZTg7IePRpCw,1050,0,1249,3,2524,True,Fg3LJgUODtpZTg7IePRpCw
3354,2019,10,481,OSL,59.94104002576152,10.70412366618907,u5U3aqy-mcLkQraTajqLRQ,1343,0,1727,2,2525,True,u5U3aqy-mcLkQraTajqLRQ
3993,2018,12,596,OSL,59.94794733182994,10.70358382481557,7NBaG4oLPz3d8iJMVf_fpA,62,1,1489,3,2526,True,7NBaG4oLPz3d8iJMVf_fpA
4290,2017,5,574,OSL,59.95100481991359,10.73655860809066,LthEt79qV1sQPpnHhA9PrA,843,0,972,13,2527,True,LthEt79qV1sQPpnHhA9PrA
2108,2018,12,431,OSL,59.92800623016564,10.72060567047188,Y8iEXGt-MmjrJW-5xBx7Lw,1344,0,1728,2,2531,True,Y8iEXGt-MmjrJW-5xBx7Lw
4248,2019,9,307,OSL,59.9513379026958,10.66906305413312,HS2Hg075LLbCLqQ--HvGxw,1345,0,1729,2,2534,True,HS2Hg075LLbCLqQ--HvGxw
201,2018,12,626,OSL,59.90288336132959,10.69774255053521,qoQtCdToQg6NL_B-liw9Qg,1348,0,1732,3,2538,True,qoQtCdToQg6NL_B-liw9Qg
4720,2017,5,248,OSL,59.95614041559568,10.69703329121744,0vR7UIFIc1A4AOqzcnsOBg,402,1,1733,1,2540,True,0vR7UIFIc1A4AOqzcnsOBg
1686,2019,10,267,OSL,59.92394615803476,10.68101623316325,rHgxZYg_jZ73HhrUpwbQ5Q,1303,1,1734,1,2541,True,rHgxZYg_jZ73HhrUpwbQ5Q
1171,2018,12,390,OSL,59.91895265039742,10.7324888439162,DZcD9MDdF4qHRB7zMG7W0w,1349,0,1735,2,2542,True,DZcD9MDdF4qHRB7zMG7W0w
3349,2014,8,422,OSL,59.94087900393881,10.69971573884282,zXxXoP7Iy3JV_9hzxfvA_Q,1351,0,1737,4,2545,True,zXxXoP7Iy3JV_9hzxfvA_Q
1936,2014,5,270,OSL,59.92595307358685,10.74847905898533,B9fLtIe4pKw4xlonMh2j8g,991,1,1740,2,2552,True,B9fLtIe4pKw4xlonMh2j8g
3701,2018,12,506,OSL,59.9449886362269,10.69182900642085,vpCfo3is7uKhb_Yre4UHAw,1186,1,1741,1,2553,True,vpCfo3is7uKhb_Yre4UHAw
2562,2018,12,349,OSL,59.93288206064621,10.66870242104921,pzZGxQn8PWFyBBAMggB6Og,250,1,1742,4,2555,True,pzZGxQn8PWFyBBAMggB6Og
1762,2019,4,293,OSL,59.92404471511546,10.79135252770448,2S0LXrJfUcXMgQJ_fuCpVQ,1354,0,1744,1,2557,True,2S0LXrJfUcXMgQJ_fuCpVQ
1069,2017,5,435,OSL,59.91805790371779,10.72442524558391,HOtXr0N862MNN5bgCw2MgQ,697,3,1747,1,2560,True,HOtXr0N862MNN5bgCw2MgQ
4121,2018,12,234,OSL,59.94911596660884,10.76157583723034,ObXqlbLuS57zZvnYYyu3qA,1355,0,1748,1,2564,True,ObXqlbLuS57zZvnYYyu3qA
2861,2009,5,605,OSL,59.93590069203749,10.66775850433994,gaU1vLXSO6r8Dy31ysZLWg,102,0,102,4,2574,True,gaU1vLXSO6r8Dy31ysZLWg
674,2016,5,605,OSL,59.91292138647277,10.72641128044305,TkUzAliPAzQq3kABwgntyA,735,0,823,4,2576,True,TkUzAliPAzQq3kABwgntyA
1910,2019,9,343,OSL,59.92633408467481,10.71807686838917,fRNPaPxlLkEDK9ayKhoQDg,29,1,1751,1,2580,True,fRNPaPxlLkEDK9ayKhoQDg
3034,2014,8,582,OSL,59.93686386258448,10.78278303991706,8e-fm1KWhyCJQO8aw02DJg,3,0,3,7,2581,True,8e-fm1KWhyCJQO8aw02DJg
474,2018,12,333,OSL,59.91010315692236,10.72139815564662,LnbPBqeiLlJ9Mg3HisbWjQ,1358,0,1753,1,2583,True,LnbPBqeiLlJ9Mg3HisbWjQ
624,2019,9,418,OSL,59.91210461059459,10.76238252829812,0MQXWlySdSVbmDLrSPuqdA,1130,1,1754,2,2584,True,0MQXWlySdSVbmDLrSPuqdA
1812,2012,10,636,OSL,59.92519920360364,10.71818830060029,UJ-h_VE5hRy3Nmv-MQD7ZA,1359,0,1755,2,2585,True,UJ-h_VE5hRy3Nmv-MQD7ZA
2759,2019,9,564,OSL,59.93501837278987,10.66644291614035,un_4tL6jt6vj7qFY6Hxxlw,651,0,712,3,2586,True,un_4tL6jt6vj7qFY6Hxxlw
1024,2018,12,141,OSL,59.91792447477808,10.65436060444536,MLlP-UPiBbGOC6TRs6H5Pw,178,2,1757,1,2589,True,MLlP-UPiBbGOC6TRs6H5Pw
2287,2019,9,114,OSL,59.93001207983924,10.70944265183014,E-9GZC8Kbk_aGYemdGhsRw,1361,0,1758,2,2590,True,E-9GZC8Kbk_aGYemdGhsRw
2887,2009,7,525,OSL,59.93613856959697,10.69732204031383,RHkJA7sWt_IIZo-w6SEzJA,844,1,1759,2,2591,True,RHkJA7sWt_IIZo-w6SEzJA
2709,2017,5,244,OSL,59.93404471267447,10.74330469499025,6DFtnD6XLChQUc032Ees1Q,1362,0,1760,1,2592,True,6DFtnD6XLChQUc032Ees1Q
1521,2018,12,157,OSL,59.92195615767636,10.76434803173955,48e4uUNZRZE6Pfn7bkFB2w,862,0,997,4,2595,True,48e4uUNZRZE6Pfn7bkFB2w
4753,2009,5,504,OSL,59.95597059492255,10.76475815844451,qf7XmYl087X2PnrpRjaYFg,70,2,1762,1,2597,True,qf7XmYl087X2PnrpRjaYFg
1944,2014,6,517,OSL,59.92605306080216,10.75913163411674,LGhWCKJylhGZKsVjSns1Iw,1365,0,1764,4,2599,True,LGhWCKJylhGZKsVjSns1Iw
2678,2018,12,555,OSL,59.93384347034834,10.7013027129806,bcw6jnyaxVWkvn9DD9fQtQ,1246,0,1553,9,2600,True,bcw6jnyaxVWkvn9DD9fQtQ
4798,2018,12,324,OSL,59.95699466596722,10.70741305500895,f3fZdzXcZ2BsBqEXxfR-rg,1367,0,1766,2,2607,True,f3fZdzXcZ2BsBqEXxfR-rg
2470,2019,9,536,OSL,59.9317858238784,10.68205414310722,Mj4euFxv9no09OLNaVVGag,447,0,473,4,2608,True,Mj4euFxv9no09OLNaVVGag
769,2009,6,558,OSL,59.91403804811354,10.76547273068823,oN1e2o2ai-c3ePdrx3tbBg,59,0,59,4,2609,True,oN1e2o2ai-c3ePdrx3tbBg
1859,2017,5,569,OSL,59.92514612866601,10.77654840438801,4NAp8x9gd_s_Pu23ho7INg,1368,0,1767,4,2610,True,4NAp8x9gd_s_Pu23ho7INg
1236,2009,6,82,OSL,59.92002921171687,10.69148709427173,vZ3CtiiBTyWsRxS6WJIeMw,13,1,130,4,2611,True,vZ3CtiiBTyWsRxS6WJIeMw
4878,2019,7,135,OSL,59.95759495220825,10.70340482130887,kyUWnJnz5rQ_pF0U_JlD4w,1369,0,1768,1,2614,True,kyUWnJnz5rQ_pF0U_JlD4w
234,2014,5,643,OSL,59.90410269553662,10.68544979907505,b3gMlQZcmiZ3IluIbZPaJA,380,0,397,5,2615,True,b3gMlQZcmiZ3IluIbZPaJA
1450,2018,12,641,OSL,59.92203472936604,10.67315933131569,YCfihLqKBJQZjvJhGs6QGg,418,1,1770,2,2619,True,YCfihLqKBJQZjvJhGs6QGg
3125,2014,8,655,OSL,59.93817954934448,10.77428509166093,y__KOXLwGIlv6WRT8gD2lA,1069,1,1772,2,2622,True,y__KOXLwGIlv6WRT8gD2lA
2317,2019,9,212,OSL,59.93004990858736,10.7473609048484,A0fXYDbKMa3tl_Ejz2YNaQ,995,1,1773,1,2623,True,A0fXYDbKMa3tl_Ejz2YNaQ
4576,2012,10,197,OSL,59.95374805140155,10.74239936529952,q4CrDON_tulioVUwWvfhrw,656,0,717,4,2625,True,q4CrDON_tulioVUwWvfhrw
2925,2019,8,511,OSL,59.93604486417471,10.76548228065214,WzMqipD6AC-5dpe5UPR5ww,1373,0,1775,3,2626,True,WzMqipD6AC-5dpe5UPR5ww
3425,2012,10,406,OSL,59.94208896551332,10.68172449869325,vkC1VvA43ij306p42GSstg,1374,0,1776,1,2628,True,vkC1VvA43ij306p42GSstg
3595,2019,10,503,OSL,59.94391722438428,10.65617484606456,_5D2bOMdgmah-ObQ2dVL1w,1375,0,1777,2,2630,True,_5D2bOMdgmah-ObQ2dVL1w
3210,2014,5,261,OSL,59.93898273243987,10.75934057127932,dBWAEq4Jpb2k54-pJ7a63A,619,2,1780,2,2636,True,dBWAEq4Jpb2k54-pJ7a63A
4083,2019,9,266,OSL,59.94902216758414,10.69644365328438,LrKBTwBpv7xFLVc4wQ-wzw,229,1,1781,2,2638,True,LrKBTwBpv7xFLVc4wQ-wzw
3823,2018,12,611,OSL,59.94609079104719,10.72022640068915,FRA-j_wuuSbGt-F8hcjPJg,1131,1,1782,1,2639,True,FRA-j_wuuSbGt-F8hcjPJg
1452,2017,5,442,OSL,59.92192417460617,10.67716912632894,f_TNXn51sDcnJ13TxNaHuw,1378,0,1783,3,2640,True,f_TNXn51sDcnJ13TxNaHuw
2327,2017,5,400,OSL,59.92979744586275,10.7653110199048,_iDu3Kje6r8U1ab5aUmASQ,103,1,1784,1,2642,True,_iDu3Kje6r8U1ab5aUmASQ
3018,2009,6,286,OSL,59.93744584982131,10.75844203012476,u6ygrBtoRPICedOHacHdDg,1379,0,1786,2,2645,True,u6ygrBtoRPICedOHacHdDg
985,2019,9,113,OSL,59.91708147416523,10.73958832641523,3DzazYFoRdJUFczyVnkoVQ,1380,0,1787,4,2646,True,3DzazYFoRdJUFczyVnkoVQ
1781,2019,9,570,OSL,59.92504439906143,10.66634772831602,y9PX1lADc4kXdyJLlZDOzw,104,1,1789,2,2648,True,y9PX1lADc4kXdyJLlZDOzw
1384,2019,9,326,OSL,59.92099783070274,10.73450127717449,NHQBHPuAUykpNSz77HjvOA,235,1,1790,3,2650,True,NHQBHPuAUykpNSz77HjvOA
4722,2019,10,515,OSL,59.9558879194577,10.70436003508999,gIVs2u2CeIabe8afzTXBtA,1071,1,1793,3,2653,True,gIVs2u2CeIabe8afzTXBtA
1752,2014,8,462,OSL,59.92408009924997,10.77125973135045,yXkTNAelYAsweIBOZ36aKg,203,1,1794,2,2654,True,yXkTNAelYAsweIBOZ36aKg
3196,2018,12,139,OSL,59.93932512830323,10.74193516957524,FnRrejTEgTWK1QhmXfIHbQ,1382,0,1796,2,2656,True,FnRrejTEgTWK1QhmXfIHbQ
3629,2009,7,205,OSL,59.94408169819773,10.71404835624862,G1tXYuGSg9vUqBGPNTh1FA,119,1,1797,2,2657,True,G1tXYuGSg9vUqBGPNTh1FA
275,2014,5,498,OSL,59.90502121998829,10.7425146999941,vLRe7O54sfzd1TvZJDPvgA,644,1,1799,2,2659,True,vLRe7O54sfzd1TvZJDPvgA
2924,2019,8,556,OSL,59.9359836525108,10.76461144939783,qe0t_0-uSpxV-ku2fs9AKg,1384,0,1800,2,2662,True,qe0t_0-uSpxV-ku2fs9AKg
3585,2019,7,41,OSL,59.94299618715525,10.78846008750019,89wgCQe49U1v8p-JIB5SoA,704,0,782,3,2666,True,89wgCQe49U1v8p-JIB5SoA
1594,2018,12,558,OSL,59.92324094789637,10.71093069930376,BaCIcy8hZI19M8q4zRTxLw,339,0,352,3,2670,True,BaCIcy8hZI19M8q4zRTxLw
4754,2009,5,30,OSL,59.9560349897321,10.76633238385453,uF2nZ3bu5uBJ4PfuTMoF4g,461,1,1803,2,2674,True,uF2nZ3bu5uBJ4PfuTMoF4g
3558,2019,10,416,OSL,59.94293957898894,10.73964981502487,ZRHc_kYHHI7mUV6x8VXhTQ,369,0,384,4,2678,True,ZRHc_kYHHI7mUV6x8VXhTQ
3854,2009,6,149,OSL,59.94590156980527,10.76259375858718,j21DSxPGM8nICJB4iMgBDQ,812,0,926,5,2681,True,j21DSxPGM8nICJB4iMgBDQ
909,2009,7,364,OSL,59.91609259951665,10.7484950607385,-it-pTEQ-hxFRRnTSd19XA,1032,1,1805,2,2682,True,-it-pTEQ-hxFRRnTSd19XA
3821,2019,10,333,OSL,59.94606271633418,10.71839856778453,OiiFkyZTsDl-0mxd4WAGFw,579,0,623,12,2683,True,OiiFkyZTsDl-0mxd4WAGFw
4154,2018,12,693,OSL,59.95007661897898,10.66618436019976,DzoZVXOdojzXRdmrKAFBQg,1389,0,1807,3,2688,True,DzoZVXOdojzXRdmrKAFBQg
4514,2019,7,92,OSL,59.95281628773116,10.77776416624313,oL3qrOS6WTE-iNtvLBP-7g,1391,0,1809,2,2690,True,oL3qrOS6WTE-iNtvLBP-7g
3596,2017,5,144,OSL,59.94434424361171,10.65867188092573,4bNspZXvnsrtGE72PNN3xQ,1392,0,1810,1,2693,True,4bNspZXvnsrtGE72PNN3xQ
1250,2018,12,152,OSL,59.91994118625823,10.70548598370774,U8usYicmtCaKBxHyRuX4_Q,1393,0,1811,1,2694,True,U8usYicmtCaKBxHyRuX4_Q
161,2019,10,318,OSL,59.90206160146711,10.69259649259665,uG1-ZZjW4-4U2vSQzxIa3A,950,1,1812,2,2696,True,uG1-ZZjW4-4U2vSQzxIa3A
3853,2018,12,328,OSL,59.94592771431635,10.76196033336371,iD22d3XZS-L6J1-LsUZkLg,262,1,1813,1,2697,True,iD22d3XZS-L6J1-LsUZkLg
2514,2009,7,143,OSL,59.93223693266588,10.74849122507978,0TV9k6rd-9CcYhXXI7QmRw,86,1,1814,1,2700,True,0TV9k6rd-9CcYhXXI7QmRw
2865,2018,12,243,OSL,59.93613500573208,10.67165949842067,KTcHATVbkZ9rMnSRVR8SwA,1263,1,1815,2,2701,True,KTcHATVbkZ9rMnSRVR8SwA
2621,2018,12,183,OSL,59.93326689183551,10.762627573547,bLpzizWJ5PisRRDJ3blPqA,892,1,1816,2,2703,True,bLpzizWJ5PisRRDJ3blPqA
2729,2014,6,532,OSL,59.93393895989439,10.77181972857222,pvnCLc7f9fGiGHX6zlV-9g,188,1,1817,3,2705,True,pvnCLc7f9fGiGHX6zlV-9g
1349,2009,6,301,OSL,59.92086001326568,10.69471013607832,qBYMLCmBwE8YRSENWWgWpQ,607,1,1818,2,2706,True,qBYMLCmBwE8YRSENWWgWpQ
1354,2019,9,395,OSL,59.92098484335288,10.70100076918186,c3VQ3fyDjUG49gBcXlNB9Q,416,0,434,5,2710,True,c3VQ3fyDjUG49gBcXlNB9Q
3568,2012,10,328,OSL,59.94282089526009,10.75646986470377,Tmy1Cr6NGeBxFggqap9vCw,429,1,1820,2,2712,True,Tmy1Cr6NGeBxFggqap9vCw
1715,2017,5,195,OSL,59.92402642996105,10.72542789612867,AHNeleb0pqq_w-HECWlucg,757,1,1821,3,2713,True,AHNeleb0pqq_w-HECWlucg
3530,2018,12,269,OSL,59.94290422706715,10.7013103944598,U_hYB0J4I70aw1HTKIZ-EQ,439,2,1822,2,2714,True,U_hYB0J4I70aw1HTKIZ-EQ
2763,2019,8,424,OSL,59.93503916441239,10.67635372584684,zqgNfQtW2MUB0ft9l7k70A,345,0,358,9,2721,True,zqgNfQtW2MUB0ft9l7k70A
3908,2012,10,537,OSL,59.94723446322414,10.70277344391662,g_RZQmYMaCiOsEdZA2jiUg,423,1,1824,3,2722,True,g_RZQmYMaCiOsEdZA2jiUg
2404,2018,12,535,OSL,59.93123720224794,10.73632667411799,3AXIusD5nAQnNPyjFZRU8Q,1072,1,1825,2,2725,True,3AXIusD5nAQnNPyjFZRU8Q
1675,2014,6,358,OSL,59.92415867837793,10.66486376411336,Z-pBhK43d-DD-I2DJ97dSQ,1396,0,1827,4,2727,True,Z-pBhK43d-DD-I2DJ97dSQ
1379,2014,8,449,OSL,59.92115276015525,10.72767386186903,KaPauopjT6-vT66n4OvKkw,1398,0,1830,1,2731,True,KaPauopjT6-vT66n4OvKkw
291,2019,4,370,OSL,59.90493425714326,10.78339459065593,mbc1SLJM64dDl97KV7Fyow,1196,0,1478,4,2734,True,mbc1SLJM64dDl97KV7Fyow
2613,2019,9,563,OSL,59.93305678416441,10.75248334605491,E1Iv_sUnq-aj7FGtq4CuNw,1399,0,1831,1,2735,True,E1Iv_sUnq-aj7FGtq4CuNw
2970,2009,4,671,OSL,59.93729115601342,10.68208849391725,KjYZsVVZUflCj3p6eVizOg,1401,0,1833,2,2737,True,KjYZsVVZUflCj3p6eVizOg
2793,2018,12,335,OSL,59.93502836509847,10.71547420082661,D_Uq9jTL9x-o04kmOT_3bQ,1387,0,1804,3,2740,True,D_Uq9jTL9x-o04kmOT_3bQ
3809,2017,5,611,OSL,59.94606201440566,10.7014422122382,FNOhY2ui4Tgbo8D5DLQ8uQ,1403,0,1835,1,2744,True,FNOhY2ui4Tgbo8D5DLQ8uQ
2218,2018,12,483,OSL,59.92910447083784,10.74660102129748,Fs-fz16KcIQA1m7Op6BtPA,1404,0,1836,1,2748,True,Fs-fz16KcIQA1m7Op6BtPA
1499,2009,7,285,OSL,59.92195902514325,10.73455350008932,6Otq5dA1evmg_9LwtJsTUg,417,1,1506,4,2751,True,6Otq5dA1evmg_9LwtJsTUg
687,2014,5,199,OSL,59.9130790644414,10.74865057953546,_MkixwoMunP6Pq2NPIiwqA,1406,0,1839,1,2752,True,_MkixwoMunP6Pq2NPIiwqA
1770,2017,5,147,OSL,59.92523163924427,10.64822068702828,ThjeemsdwlMN_XK3iUFpFw,742,0,832,6,2755,True,ThjeemsdwlMN_XK3iUFpFw
4217,2018,12,296,OSL,59.95022181349104,10.76340517783883,PrBtHpN2FdnmLuaCkcniSA,1407,0,1840,2,2756,True,PrBtHpN2FdnmLuaCkcniSA
2039,2014,8,134,OSL,59.9273310793501,10.75359433148108,_CigoJH9NmC5ESz8L8DaIw,1313,1,1842,1,2761,True,_CigoJH9NmC5ESz8L8DaIw
1762,2017,5,555,OSL,59.92403104543051,10.79136994497688,bTmdV33gnpDL7-K7PfIMGA,1354,1,1844,1,2764,True,bTmdV33gnpDL7-K7PfIMGA
1703,2014,5,105,OSL,59.92389669410377,10.71110512398862,aYYPm1BWPQHTEebvMo4I_A,1112,1,1845,1,2766,True,aYYPm1BWPQHTEebvMo4I_A
1084,2019,9,368,OSL,59.91816621534984,10.74943192375223,2j9z4dn6kjUrDusfr3mHSw,1409,0,1847,1,2768,True,2j9z4dn6kjUrDusfr3mHSw
4698,2010,9,491,OSL,59.95594672785262,10.65637534541782,kKXFpzpA5YsKOGIf3S0_Zg,118,1,1848,2,2769,True,kKXFpzpA5YsKOGIf3S0_Zg
2613,2009,6,375,OSL,59.93305658135858,10.75246250204006,KaFCZAismUz64HMAGkZvZg,1399,1,1852,2,2776,True,KaFCZAismUz64HMAGkZvZg
2404,2009,6,559,OSL,59.93122063696551,10.7362854197291,dwJILfMWb_v6rxcZurksEQ,1072,2,1853,2,2777,True,dwJILfMWb_v6rxcZurksEQ
1764,2019,8,555,OSL,59.92509848696967,10.64245597554293,u5-kWN4FEcoIK4qz_j5tfw,1412,0,1854,2,2778,True,u5-kWN4FEcoIK4qz_j5tfw
2411,2012,10,375,OSL,59.93125977731898,10.74706106380137,l68Yj35VpveUw7BkGBIv7g,703,1,1856,1,2783,True,l68Yj35VpveUw7BkGBIv7g
1131,2014,6,360,OSL,59.91907080824001,10.68326880969409,m-BE04dUNRwSMwtxubOT3A,1414,0,1857,5,2785,True,m-BE04dUNRwSMwtxubOT3A
4341,2018,12,373,OSL,59.95094181656754,10.79305029505337,j1-KOlio7zXc94QlE7jQNQ,1319,1,1858,1,2787,True,j1-KOlio7zXc94QlE7jQNQ
2419,2019,9,540,OSL,59.93108627938119,10.75847759029337,qb5QwnZ5TaUZdnKZbgtsDw,1416,0,1860,2,2789,True,qb5QwnZ5TaUZdnKZbgtsDw
1496,2009,6,649,OSL,59.92187138407152,10.73079661956054,PsTy7FoWVf8dTV1uhosWlQ,1417,0,1861,2,2791,True,PsTy7FoWVf8dTV1uhosWlQ
2061,2017,5,292,OSL,59.9271553173316,10.77823558520342,DOmGLChBSUtY6sUS4DOTCw,1418,0,1862,4,2792,True,DOmGLChBSUtY6sUS4DOTCw
3312,2009,6,408,OSL,59.94021028659608,10.77011515931936,efnhDbxZfqlwCDV5RCF4pA,1256,0,1567,5,2796,True,efnhDbxZfqlwCDV5RCF4pA
382,2019,5,299,OSL,59.9079484787941,10.7627930800426,amF1S7gSt999XR11w9Wkww,81,1,1865,1,2798,True,amF1S7gSt999XR11w9Wkww
525,2019,9,118,OSL,59.91108109972605,10.73540591587402,EmD_AWSMgkxi2XSOnwqUpA,389,0,406,3,2801,True,EmD_AWSMgkxi2XSOnwqUpA
1713,2019,9,273,OSL,59.92397698316679,10.72361449144148,G95J47qMNs-uzxnN65fHqg,1419,0,1866,2,2802,True,G95J47qMNs-uzxnN65fHqg
2259,2012,10,502,OSL,59.9299514546787,10.66335870664496,NfQJEkztIF1bo57M7IPSdQ,114,0,114,4,2803,True,NfQJEkztIF1bo57M7IPSdQ
3944,2018,12,271,OSL,59.9470192614209,10.76445807655569,Kua7v9GXYM0BygIysunOIQ,1420,0,1867,1,2804,True,Kua7v9GXYM0BygIysunOIQ
1949,2014,5,593,OSL,59.92612087414859,10.76511523870589,9xeubfQVWtM8dgHu214wvw,293,0,299,3,2807,True,9xeubfQVWtM8dgHu214wvw
144,2018,12,403,OSL,59.90117734655532,10.79242517097719,ljL_s-CgGr1ycYlYDS_DRg,358,1,1868,1,2811,True,ljL_s-CgGr1ycYlYDS_DRg
1641,2014,5,441,OSL,59.92306295656851,10.77029415016649,YWhrTOBN6lZcMCaBV1jcYA,1083,0,1297,4,2813,True,YWhrTOBN6lZcMCaBV1jcYA
405,2019,6,551,OSL,59.90922097085987,10.6811161649769,ggDs1kDi-M8SoT90lWM3Yw,1097,1,1870,1,2816,True,ggDs1kDi-M8SoT90lWM3Yw
1847,2018,12,143,OSL,59.92499654710178,10.7611261245242,SfOU3Ot0-opPc2VlFWLNBQ,1422,0,1872,2,2821,True,SfOU3Ot0-opPc2VlFWLNBQ
2533,2018,12,590,OSL,59.93180525996296,10.77582383386296,9TyMEB0i7IQDCdaE72pBnQ,177,0,179,9,2822,True,9TyMEB0i7IQDCdaE72pBnQ
2679,2014,5,306,OSL,59.93366650584185,10.70213832866482,j0JPELfsz_kqu4-4IpWrCg,744,0,835,8,2824,True,j0JPELfsz_kqu4-4IpWrCg
4757,2009,5,684,OSL,59.95600321297655,10.78234571850626,1s9mU12w3gPlHMxAFE16tA,264,0,269,4,2825,True,1s9mU12w3gPlHMxAFE16tA
3131,2014,8,380,OSL,59.93806724568088,10.78435569661707,ftPfQMatMHXMXU7DK_kn-w,1000,0,1184,8,2834,True,ftPfQMatMHXMXU7DK_kn-w
3800,2019,10,531,OSL,59.94595715859897,10.68732855095745,D6qK8Z1387oWjwwgxjeJRQ,1427,0,1877,2,2837,True,D6qK8Z1387oWjwwgxjeJRQ
425,2019,9,411,OSL,59.90896608140856,10.74852238111268,kdER_vNKKLca4eMQfc2T3g,1428,0,1878,1,2838,True,kdER_vNKKLca4eMQfc2T3g
3344,2019,10,634,OSL,59.9409533245182,10.69348262255233,fa7xR__IfEcvpsISgu4Q_Q,292,0,298,8,2841,True,fa7xR__IfEcvpsISgu4Q_Q
1480,2014,5,334,OSL,59.92201091622736,10.7107080036115,XnFJIqRJoP8uaKhljSgq5w,1074,1,1882,1,2852,True,XnFJIqRJoP8uaKhljSgq5w
2910,2019,9,398,OSL,59.93601782268911,10.74474964405671,LA5q7V1FVbYH5qvd3LvIMA,1430,0,1883,2,2854,True,LA5q7V1FVbYH5qvd3LvIMA
757,2017,5,521,OSL,59.91395273388103,10.75143641940424,CPVOGW7X3ifqqIafoNqr_w,1431,0,1884,1,2855,True,CPVOGW7X3ifqqIafoNqr_w
2460,2012,10,534,OSL,59.93192926395459,10.66650674927267,wLeRx3b2SdUawXOddSkZ3g,1297,1,1885,1,2857,True,wLeRx3b2SdUawXOddSkZ3g
2167,2018,12,369,OSL,59.92874205975928,10.64952811316099,50nWHv63_5mCnBje8LBJLA,495,1,1886,1,2858,True,50nWHv63_5mCnBje8LBJLA
599,2019,6,166,OSL,59.91201312678553,10.72135153143882,cfpAWWCEx-8Bnaky40r4TQ,1432,0,1887,1,2859,True,cfpAWWCEx-8Bnaky40r4TQ
3830,2012,10,328,OSL,59.94601233074975,10.73346219990144,ALKR4oU5OVOrlbCAQLH4aA,1331,0,1702,3,2860,True,ALKR4oU5OVOrlbCAQLH4aA
1561,2014,5,491,OSL,59.92283286563854,10.67404130754831,9UEJj4CiX1XdlBUoRdTlzQ,1433,0,1888,4,2861,True,9UEJj4CiX1XdlBUoRdTlzQ
3410,2019,10,281,OSL,59.94220755424015,10.64876775135898,OET55UBIef6up4pIwQtCmg,1081,1,1889,1,2862,True,OET55UBIef6up4pIwQtCmg
2861,2012,10,424,OSL,59.93588681347968,10.66779795044778,R4izzaCHvRc_X2fKYx5g-g,102,1,1890,2,2863,True,R4izzaCHvRc_X2fKYx5g-g
2488,2019,9,447,OSL,59.93227821878526,10.7180404723057,B4TkBHjOWWEEAqOl5Xj0Vg,1434,0,1891,1,2864,True,B4TkBHjOWWEEAqOl5Xj0Vg
2973,2012,10,377,OSL,59.93704702323675,10.68536278708974,aQqVxBtcrmkqD4BwisLgqA,1435,0,1892,4,2868,True,aQqVxBtcrmkqD4BwisLgqA
2287,2009,6,282,OSL,59.93003291558345,10.70942160826792,mPPbgxCW999USP47tTuVzg,1361,1,1828,3,2870,True,mPPbgxCW999USP47tTuVzg
2535,2014,5,275,OSL,59.9322785279689,10.77700833575184,gkIQ2ZJSZb6qtLcTPm3AUw,541,0,583,5,2872,True,gkIQ2ZJSZb6qtLcTPm3AUw
3367,2017,5,383,OSL,59.94089094407745,10.72577544694051,QPsxUIqAZOtaxuxV3oNvNQ,306,1,1894,2,2873,True,QPsxUIqAZOtaxuxV3oNvNQ
2128,2019,9,67,OSL,59.92792717789442,10.74634346921728,4iTtHUqTTph7jKB1ICjOrg,1193,1,1896,2,2878,True,4iTtHUqTTph7jKB1ICjOrg
1814,2009,7,213,OSL,59.92497504125643,10.72053157713748,Nz6O200w68gx9qq2oyRZuA,931,1,1897,1,2880,True,Nz6O200w68gx9qq2oyRZuA
3097,2019,10,401,OSL,59.93808551393177,10.73136539169506,vBor6KVGyT68k87xOqhwgA,597,0,645,6,2883,True,vBor6KVGyT68k87xOqhwgA
4059,2018,12,489,OSL,59.94906108156454,10.65768124577707,08NX6vQgcdWVrCEN_4h3Jw,1436,0,1898,1,2887,True,08NX6vQgcdWVrCEN_4h3Jw
618,2018,12,208,OSL,59.91213138614945,10.75255216771205,2ieMy1iNs8RdsjW8OuQLZg,725,0,806,8,2888,True,2ieMy1iNs8RdsjW8OuQLZg
1771,2018,12,390,OSL,59.92546081628099,10.64904617003963,bkLkvSywUxxeCmqLODaKVQ,616,2,1899,2,2889,True,bkLkvSywUxxeCmqLODaKVQ
1970,2009,7,432,OSL,59.92600635079485,10.78903311543462,b2bGJR1RQ6RVDv0g-I8Elg,1129,1,1901,2,2894,True,b2bGJR1RQ6RVDv0g-I8Elg
983,2009,6,565,OSL,59.91689678352093,10.73482746230766,8O6BUNuRo2GVJgxDL7exyg,128,0,128,6,2895,True,8O6BUNuRo2GVJgxDL7exyg
1501,2009,7,237,OSL,59.92184733803807,10.73630118857261,IHnzgZm9Sjfz3ZbAjm03CQ,1231,1,1902,2,2896,True,IHnzgZm9Sjfz3ZbAjm03CQ
2802,2019,8,385,OSL,59.93501647911796,10.72737127605818,y9hgm4QSBASMYUv7vlhnxA,860,3,1903,1,2898,True,y9hgm4QSBASMYUv7vlhnxA
4248,2010,9,119,OSL,59.95131346870777,10.66912741041127,is0f-qCjPVxkJPJ6Xw1FUQ,1345,1,1907,1,2903,True,is0f-qCjPVxkJPJ6Xw1FUQ
2830,2009,7,481,OSL,59.93496140943597,10.76312716646505,UthHYmIbEeZS1LZrNlzYzg,1440,0,1908,1,2905,True,UthHYmIbEeZS1LZrNlzYzg
3487,2014,5,381,OSL,59.94213335886584,10.77684094426142,mw9klTvH3JvL8578g5TbtA,1441,0,1909,2,2906,True,mw9klTvH3JvL8578g5TbtA
2344,2014,5,393,OSL,59.93007289994033,10.78436114802677,KP-cIvtKukYDmKL9F0009A,932,1,1910,1,2908,True,KP-cIvtKukYDmKL9F0009A
2446,2017,5,342,OSL,59.93197168281689,10.64447312896168,TIBxei0DvxSw1eXuXbMOvQ,1442,0,1911,2,2910,True,TIBxei0DvxSw1eXuXbMOvQ
3169,2018,12,422,OSL,59.93905724353567,10.70460359456252,I_2a5PK74lyKN-r_djLjYQ,106,1,1912,1,2911,True,I_2a5PK74lyKN-r_djLjYQ
3582,2014,8,183,OSL,59.94297736732562,10.78035565189823,y1j0rB0oL01NGyuYFKDa4g,1034,0,1230,10,2912,True,y1j0rB0oL01NGyuYFKDa4g
208,2019,9,501,OSL,59.90292195537587,10.75999097568525,xYBIIzQ50zU3yIjmmowjcg,1443,0,1913,1,2913,True,xYBIIzQ50zU3yIjmmowjcg
2431,2017,5,357,OSL,59.93076897281627,10.77603394151709,70CxcWbd_oJHmvyLUnN8PA,453,1,1914,1,2914,True,70CxcWbd_oJHmvyLUnN8PA
741,2014,6,507,OSL,59.91397064055719,10.71948393175624,_b4Ydl4hqnKvW3C5RuvgxQ,154,1,1917,2,2919,True,_b4Ydl4hqnKvW3C5RuvgxQ
4351,2019,10,473,OSL,59.95178320204915,10.66297375349857,-j4SKN9jWtwUOsjifkC_Ig,1446,0,1918,1,2921,True,-j4SKN9jWtwUOsjifkC_Ig
1928,2019,9,262,OSL,59.92604266412721,10.73854529072795,TAVMtE7wERhI0dNFG3uWvQ,545,1,1920,3,2924,True,TAVMtE7wERhI0dNFG3uWvQ
4033,2019,6,249,OSL,59.94805961601615,10.76439300313926,oS9BNLGjvyuzz5OBkdZDMQ,955,1,1922,1,2930,True,oS9BNLGjvyuzz5OBkdZDMQ
3529,2012,10,312,OSL,59.94307835129774,10.70022951012183,vTP0okSLkLtoDJf-uDX0Ag,1051,1,1923,2,2931,True,vTP0okSLkLtoDJf-uDX0Ag
1634,2017,5,58,OSL,59.92299895417717,10.75920852395404,U18vwi2Au5WLKvOK5T_nZw,829,1,1925,1,2937,True,U18vwi2Au5WLKvOK5T_nZw
3252,2014,6,475,OSL,59.94005027059026,10.68729438249836,G2stsF0yLgCf1kwVWbJmCw,1235,1,1926,1,2941,True,G2stsF0yLgCf1kwVWbJmCw
3874,2009,5,501,OSL,59.94582821770454,10.79192439148716,8HYFnq-iGM8TS1-WGgaImA,1449,0,1927,1,2942,True,8HYFnq-iGM8TS1-WGgaImA
415,2018,12,392,OSL,59.90904048852189,10.73737310659767,OUGHIR40gku7M99hCWQSJg,1121,1,1928,1,2950,True,OUGHIR40gku7M99hCWQSJg
4536,2019,10,281,OSL,59.95400256024659,10.65809606771526,sNMScElozT7Y-UxapX-cqQ,993,1,1929,1,2951,True,sNMScElozT7Y-UxapX-cqQ
1726,2017,5,571,OSL,59.92391735628439,10.74070090640731,JtW1Tk8uKWFyo6RnQQS-jw,1009,0,1197,3,2952,True,JtW1Tk8uKWFyo6RnQQS-jw
1146,2009,6,595,OSL,59.91916505006292,10.70051413958248,xjJ8X3mXoVwtFeLu07wvTg,265,1,1930,2,2953,True,xjJ8X3mXoVwtFeLu07wvTg
3052,2012,10,462,OSL,59.93810394014024,10.66919710070247,ab3b9yMKD9RMwOmfxnh16g,1450,0,1931,2,2954,True,ab3b9yMKD9RMwOmfxnh16g
3682,2017,5,513,OSL,59.94511399264248,10.64194997403319,O5k7Q3Buzypd1nnafWTrcw,756,1,1932,2,2956,True,O5k7Q3Buzypd1nnafWTrcw
1682,2012,10,286,OSL,59.92419373810965,10.67332492449682,kdOwx9pGHGw5qrjdtOSmkg,637,0,694,5,2962,True,kdOwx9pGHGw5qrjdtOSmkg
2137,2009,6,431,OSL,59.92834030442836,10.75619334041454,1ZWFGtU9eW4lz17pwboCSQ,1269,1,1935,2,2965,True,1ZWFGtU9eW4lz17pwboCSQ
4570,2009,5,453,OSL,59.95402879431685,10.73675344130966,1WMu0RUzYPfcY5wxOB8g9g,863,0,998,3,2967,True,1WMu0RUzYPfcY5wxOB8g9g
3453,2009,7,305,OSL,59.94203700396711,10.72966824046176,RBQBdMtKls3M179ILD2TCQ,68,0,68,5,2969,True,RBQBdMtKls3M179ILD2TCQ
1939,2016,5,265,OSL,59.92609702997724,10.75074885307161,uLyAIt1scmdJWDoRwZeBbg,1454,0,1938,2,2973,True,uLyAIt1scmdJWDoRwZeBbg
3481,2009,7,312,OSL,59.94201696279963,10.77028470503007,3q31nzx98tr86NqrapUHJg,1217,1,1939,1,2976,True,3q31nzx98tr86NqrapUHJg
2331,2014,5,339,OSL,59.93003110933186,10.7694822119223,vluI9Ys82TiYAiARUzirtw,857,0,989,6,2979,True,vluI9Ys82TiYAiARUzirtw
1171,2014,5,409,OSL,59.91893356638212,10.73254545585199,CqVZ7V6dyFEuFjoShap2-w,1349,1,1940,1,2981,True,CqVZ7V6dyFEuFjoShap2-w
3921,2018,12,484,OSL,59.94689663613609,10.73480737113114,Lz8kKj9YShf-OaQ9ZvYiKg,17,1,1941,1,2983,True,Lz8kKj9YShf-OaQ9ZvYiKg
1959,2014,6,526,OSL,59.92608319729107,10.77636758872172,r5luGYZ9WJoOt-2BFGo1sQ,1222,1,1942,2,2984,True,r5luGYZ9WJoOt-2BFGo1sQ
4121,2019,10,421,OSL,59.94910154921926,10.76150967227671,k2ggQ1Txj0QwlQsGGo43RQ,1355,1,1943,1,2985,True,k2ggQ1Txj0QwlQsGGo43RQ
2337,2014,8,461,OSL,59.93006161848255,10.77656173947236,aaVBFGk3HouWipcFdB_W9g,335,1,1944,2,2989,True,aaVBFGk3HouWipcFdB_W9g
3415,2019,9,367,OSL,59.94228061758244,10.66552209178773,VCEz4KouVWM-ihxVrkRlMg,1455,0,1945,3,2990,True,VCEz4KouVWM-ihxVrkRlMg
4410,2019,10,380,OSL,59.95203596458271,10.76788162826527,7DB51hXju-bydzIBfMU2Uw,633,1,1946,5,2993,True,7DB51hXju-bydzIBfMU2Uw
3907,2017,5,514,OSL,59.94704609871505,10.70255893798492,sZJ3K-nxXw_BmY7yjrukAA,1166,1,1947,1,2994,True,sZJ3K-nxXw_BmY7yjrukAA
2690,2019,9,277,OSL,59.93413208205567,10.71761514807492,ttgnquR6ZDfWp4oi02TsPQ,498,1,1948,2,2995,True,ttgnquR6ZDfWp4oi02TsPQ
1497,2014,5,457,OSL,59.92205340212192,10.73121797810665,a7LvaddWDOy884X4qf1S6Q,1188,1,1949,1,2999,True,a7LvaddWDOy884X4qf1S6Q
3503,2009,5,384,OSL,59.94301563240899,10.6434613790896,5PE1OeNF5lbImNHtshAMYQ,1456,0,1950,2,3003,True,5PE1OeNF5lbImNHtshAMYQ
3019,2017,5,198,OSL,59.93680790849702,10.75980145812392,9KbG8CHUyil-F2uzLhJhkg,1459,0,1953,2,3013,True,9KbG8CHUyil-F2uzLhJhkg
1466,2012,10,355,OSL,59.92191882862306,10.69628705896955,8hXUq6WV5Jb79rm5wH26ig,884,0,1028,10,3014,True,8hXUq6WV5Jb79rm5wH26ig
2070,2019,4,459,OSL,59.92700878363043,10.78811650108252,No27p4m2E1A_3zNK7Kyw1A,1460,0,1954,3,3018,True,No27p4m2E1A_3zNK7Kyw1A
2840,2009,6,108,OSL,59.93523213308168,10.77531188652887,xaObTi6bEKNdnKaXfZqHsA,169,0,171,6,3019,True,xaObTi6bEKNdnKaXfZqHsA
2665,2009,6,351,OSL,59.93405520533415,10.68532920489162,9uGGY1EurXlnTLMyHrstLQ,1461,0,1955,2,3020,True,9uGGY1EurXlnTLMyHrstLQ
3379,2018,12,313,OSL,59.9409067944671,10.74931422492353,4DUp9k-f5DgA0zePgoGPbw,722,2,1956,2,3022,True,4DUp9k-f5DgA0zePgoGPbw
2512,2018,12,276,OSL,59.9319737101366,10.74531957484652,mfj1eQO8hITlKbFvV9ZzsA,1462,0,1957,1,3024,True,mfj1eQO8hITlKbFvV9ZzsA
2241,2017,5,278,OSL,59.9292768592219,10.78002051684408,2El8iKvV3eZsurIxaks6Cw,1463,0,1958,2,3025,True,2El8iKvV3eZsurIxaks6Cw
3377,2012,10,399,OSL,59.94116144178661,10.74756699487958,igQJ9j89FSWA_sxLilPW8w,523,0,560,3,3028,True,igQJ9j89FSWA_sxLilPW8w
4413,2018,12,330,OSL,59.9519460792411,10.77124125588259,-SC0sJ53wAcdplA6MKxDTw,1465,0,1960,2,3029,True,-SC0sJ53wAcdplA6MKxDTw
2246,2014,5,502,OSL,59.92944304168197,10.78528715437981,hFNoH11CmnpG0GmaOAZ9LQ,577,1,1962,1,3035,True,hFNoH11CmnpG0GmaOAZ9LQ
3374,2012,10,322,OSL,59.94115098799363,10.73404021621133,ugVN9lMwm84BaFpndJppOw,1468,0,1964,4,3038,True,ugVN9lMwm84BaFpndJppOw
2260,2014,5,474,OSL,59.93000925993943,10.66432687296433,W849f1eCYKEIkRTByAohNw,1377,0,1779,7,3040,True,W849f1eCYKEIkRTByAohNw
2467,2019,9,601,OSL,59.93204185406823,10.67605544202611,HiQr5CZZrIM3o2RDNJaliw,1469,0,1965,1,3043,True,HiQr5CZZrIM3o2RDNJaliw
3770,2019,7,359,OSL,59.94499326209933,10.7856255677085,DkIaHfwluVjlCKuRiieekQ,1470,0,1966,2,3045,True,DkIaHfwluVjlCKuRiieekQ
4460,2017,5,328,OSL,59.95305581057336,10.69524975488783,p4u3qna1O8risW9kzEKOQg,1068,1,1967,1,3048,True,p4u3qna1O8risW9kzEKOQg
3826,2019,10,227,OSL,59.94590746300272,10.72442135238993,qPM8cALDf4uurT44GApLVA,1472,0,1971,1,3054,True,qPM8cALDf4uurT44GApLVA
4122,2018,12,184,OSL,59.94905990327654,10.76249386128237,FcD9JiSpSPz8vPwuRV0Rxw,1474,0,1973,2,3059,True,FcD9JiSpSPz8vPwuRV0Rxw
3375,2018,12,380,OSL,59.94133240571404,10.73512020402001,wxuGG4q3aBONrNnQchzePg,397,1,1974,2,3060,True,wxuGG4q3aBONrNnQchzePg
2725,2014,8,378,OSL,59.93391765673321,10.76810950421788,0TfRr8l6g299s6cjpGeuqQ,83,2,1975,1,3064,True,0TfRr8l6g299s6cjpGeuqQ
1998,2018,12,36,OSL,59.92706116021881,10.67760901558384,sVFNzWjo7Vd0gpugD5F8eQ,1476,0,1977,1,3071,True,sVFNzWjo7Vd0gpugD5F8eQ
3078,2018,12,284,OSL,59.9380352963104,10.70425405964185,p01O5Uqyi5eoBtm73vuGhw,1478,0,1980,1,3078,True,p01O5Uqyi5eoBtm73vuGhw
4844,2018,12,190,OSL,59.95698412797054,10.79254794501107,5W1SI2gtht5NqSpgM4k4kQ,514,2,1982,2,3082,True,5W1SI2gtht5NqSpgM4k4kQ
1805,2009,6,376,OSL,59.9247282979399,10.71098243498584,ArqbYF2lTceTXiDYKt25_w,1145,0,1387,3,3086,True,ArqbYF2lTceTXiDYKt25_w
3144,2014,5,238,OSL,59.93887600182906,10.66978636410737,8_SYL2OHozBC1v-fyTMUpg,1480,0,1983,2,3087,True,8_SYL2OHozBC1v-fyTMUpg
694,2019,9,482,OSL,59.91302073405239,10.76351753996943,jkV70O-A2B8tcPd4OHSmIw,1481,0,1984,2,3089,True,jkV70O-A2B8tcPd4OHSmIw
2591,2009,6,465,OSL,59.93325740433302,10.71692619310177,oplztbQQqfPW0O5E9Vce9Q,252,1,1985,1,3090,True,oplztbQQqfPW0O5E9Vce9Q
431,2018,12,355,OSL,59.90896431370357,10.75604703748162,9JbXDEhOA2OL12T0LvlBpQ,1482,0,1986,3,3092,True,9JbXDEhOA2OL12T0LvlBpQ
4916,2019,10,199,OSL,59.95800213219062,10.76374366465095,pVk6U-GzKnzI8qeV97UHLA,451,1,1987,2,3094,True,pVk6U-GzKnzI8qeV97UHLA
4406,2019,6,506,OSL,59.95172930365893,10.7629546358197,Nqnh58241KyXhfCM8tYRiw,331,1,1988,2,3097,True,Nqnh58241KyXhfCM8tYRiw
3099,2019,9,235,OSL,59.93798322324857,10.73833520714504,EK3HCpuX1G90v7KPAlzndQ,1483,0,1989,1,3099,True,EK3HCpuX1G90v7KPAlzndQ
2007,2014,6,424,OSL,59.92694576499474,10.71567274215561,abxlraJ-6VYdRieSUrimBg,1300,1,1990,1,3100,True,abxlraJ-6VYdRieSUrimBg
4085,2019,10,294,OSL,59.94930921708291,10.69864251765378,97dVK4NR3fDW06nE_VpHTw,636,1,1991,1,3102,True,97dVK4NR3fDW06nE_VpHTw
3205,2009,6,113,OSL,59.939137880842,10.75351589914211,RqnVdrp4R4dRwemb8cciBg,82,0,82,3,3105,True,RqnVdrp4R4dRwemb8cciBg
4930,2019,10,354,OSL,59.95813346213839,10.79182114079653,8WuWWBnaKrbk-e-bB6GpRA,1174,0,1440,4,3106,True,8WuWWBnaKrbk-e-bB6GpRA
2563,2019,10,649,OSL,59.93306914793542,10.66938885641926,IIkbS1HyXfWmB5R6ATwQSg,1484,0,1992,1,3107,True,IIkbS1HyXfWmB5R6ATwQSg
1556,2009,5,326,OSL,59.92294060646791,10.66625562642003,qZbjBVlsYAN2EoGAXGyIqg,1444,1,1993,1,3108,True,qZbjBVlsYAN2EoGAXGyIqg
2534,2014,5,353,OSL,59.93202808194008,10.77653867955548,ipJI7V3-U-RYdkpv6fuA6g,733,0,819,6,3111,True,ipJI7V3-U-RYdkpv6fuA6g
3052,2018,12,481,OSL,59.93809454596128,10.6691462977696,_gxvjrWu7XeqzPg-VFD-Ew,1450,1,1994,1,3112,True,_gxvjrWu7XeqzPg-VFD-Ew
4477,2012,10,541,OSL,59.95302052424006,10.734481362634,XID3sVExb6K4lxYQJwyQBA,1206,1,1997,1,3116,True,XID3sVExb6K4lxYQJwyQBA
3330,2017,5,460,OSL,59.94105327845208,10.64958434702583,Lxd4JwmNZjPQddL6mpHL-A,1486,0,1998,1,3122,True,Lxd4JwmNZjPQddL6mpHL-A
3820,2019,10,554,OSL,59.94605532899343,10.71760494351636,Wh4d6mDJB4LosDijdHkCYQ,1058,0,1260,4,3124,True,Wh4d6mDJB4LosDijdHkCYQ
4096,2009,7,347,OSL,59.9491375686593,10.72422752588513,ftvT8CqFBgWTxsJiiNy6IQ,990,1,1999,2,3125,True,ftvT8CqFBgWTxsJiiNy6IQ
1356,2014,8,442,OSL,59.92093032809777,10.70250504661529,srr91J95_lzOgC0cu3r36g,1291,1,2001,1,3127,True,srr91J95_lzOgC0cu3r36g
4313,2019,6,658,OSL,59.95102172721822,10.76242921773415,5bqfnl8MLAvwmXwwo5FOrA,286,1,2002,1,3128,True,5bqfnl8MLAvwmXwwo5FOrA
1283,2019,9,498,OSL,59.91998706915509,10.75030893018447,kpR-2oYVuXW0Avj0KM6M7A,667,1,2003,1,3129,True,kpR-2oYVuXW0Avj0KM6M7A
1176,2009,6,552,OSL,59.91885018157731,10.7404580005792,ENA3NPdb-7ckNfr4epEjmA,1488,0,2005,4,3133,True,ENA3NPdb-7ckNfr4epEjmA
2043,2016,5,382,OSL,59.92721278293877,10.75754080895311,7Udl1Gp3kewPYGHYV_PPgw,379,2,2006,1,3134,True,7Udl1Gp3kewPYGHYV_PPgw
2706,2019,9,188,OSL,59.93394193993679,10.74048894541072,Q8mtWzwXBKLOjD0JXg7SiA,1175,1,2007,1,3135,True,Q8mtWzwXBKLOjD0JXg7SiA
1209,2019,6,242,OSL,59.92007667580308,10.65033365993286,d6qT85uWghaGfheEK-u9ig,874,4,2008,3,3138,True,d6qT85uWghaGfheEK-u9ig
3592,2018,12,565,OSL,59.94408919893691,10.64706696069709,jG-Z8Uv8r89R-s4dDO0lKg,1489,0,2009,2,3139,True,jG-Z8Uv8r89R-s4dDO0lKg
651,2019,10,450,OSL,59.91286336553699,10.68001167400453,tZxNjBgnchGn9PRW2NiXWw,1064,1,1791,5,3141,True,tZxNjBgnchGn9PRW2NiXWw
2562,2009,5,166,OSL,59.93285923045215,10.66870412046513,1NxIdPT0nF3lP5_S1K1DAQ,250,2,2010,1,3142,True,1NxIdPT0nF3lP5_S1K1DAQ
3484,2018,12,279,OSL,59.94191746417446,10.77316217793714,Pdn5tRm5kOEwF54ktDxT8Q,830,1,2011,2,3145,True,Pdn5tRm5kOEwF54ktDxT8Q
4781,2009,5,372,OSL,59.95695288491286,10.67262969677312,_mJFV-75trpDZts08VosaQ,1276,1,2013,1,3147,True,_mJFV-75trpDZts08VosaQ
4197,2019,10,563,OSL,59.95005923330146,10.73951023190882,K5d9FoR8KlQF0z2uWP-k8g,1192,0,1470,5,3149,True,K5d9FoR8KlQF0z2uWP-k8g
3122,2019,10,413,OSL,59.93809265609837,10.77138858163526,py0btJtZd_VDabVWk8YP8w,966,1,2015,1,3151,True,py0btJtZd_VDabVWk8YP8w
2033,2019,9,307,OSL,59.92683290665644,10.74685018957192,gPflUYlI6X9_OiSsklsHmg,256,0,261,6,3152,True,gPflUYlI6X9_OiSsklsHmg
4790,2009,5,179,OSL,59.95702636183252,10.69438055778344,HoA_jvCxhGOKuCC8ea9N9A,840,1,2016,1,3154,True,HoA_jvCxhGOKuCC8ea9N9A
620,2019,9,225,OSL,59.91215805612526,10.75620634624889,EMk5rbKR-2JnNaoN3_bH6A,1493,0,2019,3,3160,True,EMk5rbKR-2JnNaoN3_bH6A
162,2019,10,449,OSL,59.90189201245796,10.69469953222309,wJcjZTDfCIr4S55C2mjkoA,1494,0,2020,2,3163,True,wJcjZTDfCIr4S55C2mjkoA
4572,2012,10,520,OSL,59.95413401419367,10.73833728079693,q5BR9qZmYU-YBVtObJbNzw,841,2,2022,2,3165,True,q5BR9qZmYU-YBVtObJbNzw
1780,2009,7,608,OSL,59.92485059243707,10.66569682709685,znFg0uKfyrQdptNZsfUYTQ,989,0,1170,3,3166,True,znFg0uKfyrQdptNZsfUYTQ
3343,2009,5,234,OSL,59.94107151638024,10.68836983500747,6FYA0nVpUZkg6XhkRU3stw,602,1,2024,2,3168,True,6FYA0nVpUZkg6XhkRU3stw
4860,2019,10,595,OSL,59.95817386337431,10.67239286495978,JSdt6CAOajqTbkSSHe_BHg,1242,1,2025,2,3170,True,JSdt6CAOajqTbkSSHe_BHg
4698,2019,10,514,OSL,59.95594662083027,10.6563704743152,8qNFMiLHRL6CPo-ncR016w,118,0,118,3,3181,True,8qNFMiLHRL6CPo-ncR016w
4074,2019,10,316,OSL,59.94909389745083,10.68082620690324,gJ6pSLX1BTpGX1soG29-OQ,712,0,790,3,3185,True,gJ6pSLX1BTpGX1soG29-OQ
2825,2014,5,268,OSL,59.93508318196059,10.75532912779073,jR8BPztIaaj8RGFtzDuw-g,1497,0,2028,1,3186,True,jR8BPztIaaj8RGFtzDuw-g
1480,2018,12,362,OSL,59.92205379007503,10.71076339726239,TZdGh1kdJrMJFYo_0Iemxw,1074,2,2029,1,3187,True,TZdGh1kdJrMJFYo_0Iemxw
1707,2018,12,427,OSL,59.92387852903542,10.71647816598253,flndUX4C80Cl1hy9TFwYRw,601,1,2030,1,3188,True,flndUX4C80Cl1hy9TFwYRw
2080,2018,12,385,OSL,59.92802720810487,10.65650936268808,TezbzgfY-XJorVYzhGyJfQ,1395,0,1823,10,3191,True,TezbzgfY-XJorVYzhGyJfQ
1465,2019,9,235,OSL,59.92178166406461,10.69620364585257,zzTOLQccj169rTZztZrA4w,884,1,2031,2,3192,True,zzTOLQccj169rTZztZrA4w
2515,2012,10,462,OSL,59.93204875894562,10.74900556175368,F_6tCGBHQn4prYWYGOIZ9w,865,1,2032,1,3193,True,F_6tCGBHQn4prYWYGOIZ9w
3594,2019,10,377,OSL,59.94391914201979,10.6482797055962,X-OYQNHU-S7Y_3L9rq7ftg,821,1,2033,2,3194,True,X-OYQNHU-S7Y_3L9rq7ftg
2529,2019,9,400,OSL,59.93188259234546,10.76689088390024,spedtQ97YL_H4k04sEPptg,288,2,2034,1,3196,True,spedtQ97YL_H4k04sEPptg
2903,2018,12,313,OSL,59.93595417301685,10.73256499139365,mV2ZONvgmfaXVbHGc-4nag,191,2,2035,1,3197,True,mV2ZONvgmfaXVbHGc-4nag
3655,2019,5,398,OSL,59.94408640018599,10.74836879696633,pdDFvW0evabXkIoQMfqHxg,591,0,638,5,3198,True,pdDFvW0evabXkIoQMfqHxg
2634,2009,6,561,OSL,59.9330784179589,10.78319867403379,WOOJbtLknyBDcxrRo9K4EA,1498,0,2036,4,3199,True,WOOJbtLknyBDcxrRo9K4EA
3128,2017,5,234,OSL,59.93812547344797,10.77753147938606,zZlfWKUXMIpjOXEri0bVYA,236,3,2037,1,3202,True,zZlfWKUXMIpjOXEri0bVYA
1574,2017,5,250,OSL,59.92331061137499,10.68806618549384,6mKHEDnQ0FRBs0jgZ5r2sA,897,0,1046,6,3203,True,6mKHEDnQ0FRBs0jgZ5r2sA
3219,2019,10,329,OSL,59.93914005338305,10.77538486667487,jGbWZ6p1NIw40qQFfRqg_A,650,1,2038,4,3204,True,jGbWZ6p1NIw40qQFfRqg_A
236,2018,12,364,OSL,59.90385545837545,10.68872171904726,cltSQljLpns-wFffqxhBVg,1281,1,1639,4,3206,True,cltSQljLpns-wFffqxhBVg
743,2017,5,79,OSL,59.9140240108134,10.7215449202825,6YI_C57TFklvSD_E2GL4gQ,1501,0,2041,2,3210,True,6YI_C57TFklvSD_E2GL4gQ
755,2018,12,252,OSL,59.91385014191941,10.74313118516509,TUlRIa3tq5_ae6q4FJk6cg,1154,1,2042,1,3213,True,TUlRIa3tq5_ae6q4FJk6cg
3909,2019,9,697,OSL,59.94704223529056,10.70576052078591,OgsqeLnxnHWvQvyZdsTTXw,1502,0,2043,2,3214,True,OgsqeLnxnHWvQvyZdsTTXw
3949,2019,10,113,OSL,59.94706528220381,10.77152086143368,voxEmjzv79YmjTK_gF5T8Q,962,0,1136,7,3216,True,voxEmjzv79YmjTK_gF5T8Q
672,2019,9,491,OSL,59.91289688479477,10.72406148672934,mTj9_JW5NgNUJQeD84GmmA,1503,0,2044,1,3222,True,mTj9_JW5NgNUJQeD84GmmA
3202,2018,12,497,OSL,59.93909933264894,10.75019009421273,WK-DFuFqHix4gSlFOKSSEg,717,1,2045,5,3223,True,WK-DFuFqHix4gSlFOKSSEg
416,2009,6,365,OSL,59.90885831585336,10.73828971793373,4KrhY_Q1v37hz_TjzUCjcg,1225,1,2047,2,3226,True,4KrhY_Q1v37hz_TjzUCjcg
2732,2014,8,310,OSL,59.93391753717559,10.77410664242781,FQrimUvy1zSxpeYUNVJDkQ,698,2,2048,1,3227,True,FQrimUvy1zSxpeYUNVJDkQ
2062,2019,4,403,OSL,59.9268318992463,10.77985472594175,pzSXkdqFZBYEOGGVicR1Aw,88,1,2049,1,3228,True,pzSXkdqFZBYEOGGVicR1Aw
1911,2018,12,493,OSL,59.92591131581838,10.71977717242045,JbiuW50AK1JT_RC9UCb0ng,543,1,2052,2,3233,True,JbiuW50AK1JT_RC9UCb0ng
4407,2014,5,444,OSL,59.95170248700405,10.76306581399579,3UGRimlPKB4l9ssm--QzOQ,331,2,2053,1,3237,True,3UGRimlPKB4l9ssm--QzOQ
2619,2019,9,89,OSL,59.93302050968877,10.76050054392608,HPmcYl6Iq1VfFooTGoT2Uw,1223,2,2054,1,3238,True,HPmcYl6Iq1VfFooTGoT2Uw
2135,2019,9,434,OSL,59.92826819506387,10.75420325018259,sem9TbU7g1To0Py1o-NrAw,1504,0,2055,5,3239,True,sem9TbU7g1To0Py1o-NrAw
4512,2018,12,592,OSL,59.95293135884149,10.77435997122201,0JuaVjw_wo-vtB2TDniE8w,1505,0,2056,3,3242,True,0JuaVjw_wo-vtB2TDniE8w
981,2017,5,389,OSL,59.91711849417584,10.73251992991944,k358zbR-YbzyHnzfBFzErA,149,0,151,3,3247,True,k358zbR-YbzyHnzfBFzErA
1083,2018,12,479,OSL,59.91807672484725,10.74727150141955,SvngON-TnXWd6BedFIefBg,1507,0,2058,3,3251,True,SvngON-TnXWd6BedFIefBg
614,2018,12,265,OSL,59.91201478250435,10.74545681584848,TOJzSvqmxzN6I21-8CgGuA,1092,0,1308,7,3252,True,TOJzSvqmxzN6I21-8CgGuA
2442,2019,4,219,OSL,59.93069567109238,10.79211680090385,mYBbi7_X2pIGcdFuHihyPw,1508,0,2059,2,3253,True,mYBbi7_X2pIGcdFuHihyPw
4288,2012,10,431,OSL,59.95066778989258,10.73480078665132,qZ9SUDvxX1kjVIqMZopR9A,155,0,157,12,3259,True,qZ9SUDvxX1kjVIqMZopR9A
2244,2018,12,80,OSL,59.92923948729228,10.78347131021661,CkvIdGPA8UdlOGdHN7bzOw,1137,1,2062,2,3265,True,CkvIdGPA8UdlOGdHN7bzOw
4817,2019,10,95,OSL,59.95700859796604,10.74720910809527,i85a7xGx58jiL4jqpBrY4Q,855,1,1674,3,3266,True,i85a7xGx58jiL4jqpBrY4Q
4281,2019,6,382,OSL,59.95133399773059,10.72688296027977,U40kC73XDiDb2plPUwHleA,422,0,440,4,3267,True,U40kC73XDiDb2plPUwHleA
1036,2019,5,124,OSL,59.91798308963156,10.68539705326672,g67L8Fx2FULumATtWb3bUQ,466,0,495,13,3268,True,g67L8Fx2FULumATtWb3bUQ
3288,2012,10,164,OSL,59.93998389730591,10.73244968071043,zgwmUhVwCT31ZJd45r1mIQ,54,2,2064,2,3271,True,zgwmUhVwCT31ZJd45r1mIQ
672,2018,12,326,OSL,59.91285424485787,10.72408891776293,TAz5iBytUpWBG49ccqlusw,1503,1,2065,1,3272,True,TAz5iBytUpWBG49ccqlusw
4798,2019,7,539,OSL,59.95700609357745,10.70741452453398,bz58etQtMQRffxHScBIP0g,1367,1,2066,1,3275,True,bz58etQtMQRffxHScBIP0g
3440,2009,7,537,OSL,59.94213967002967,10.70573303656204,XsuC_hqJ75o8S3Q9swjT6g,1002,1,2067,1,3278,True,XsuC_hqJ75o8S3Q9swjT6g
3302,2018,12,401,OSL,59.94016204939899,10.75361392930165,zyUW0qsTNLVJzokHQocyig,195,0,197,3,3290,True,zyUW0qsTNLVJzokHQocyig
1271,2014,5,276,OSL,59.92004595496251,10.72853342397337,x6stdGaQNZmEuKylsWDspA,372,1,2072,1,3292,True,x6stdGaQNZmEuKylsWDspA
2243,2018,12,167,OSL,59.92933013787648,10.78259697451419,UOxNhBDYC1SeY9ZH45kZFw,1515,0,2073,2,3294,True,UOxNhBDYC1SeY9ZH45kZFw
1921,2017,5,438,OSL,59.92602950426502,10.73112009021293,nNKB13bxjgVOWBNEYLfufA,864,1,1685,3,3295,True,nNKB13bxjgVOWBNEYLfufA
3658,2019,9,326,OSL,59.94408030563835,10.75956218327318,I1qcl8YxWi0UYC3vPxBImg,1424,0,1874,7,3300,True,I1qcl8YxWi0UYC3vPxBImg
2045,2009,6,337,OSL,59.9269987675818,10.7591382998132,YRB9e6xaMZZ4sfO15pOOgw,1516,0,2074,3,3303,True,YRB9e6xaMZZ4sfO15pOOgw
1298,2018,12,197,OSL,59.92008729001866,10.76935567278992,H54C14znODu28jWKsXvLCg,716,1,2077,1,3309,True,H54C14znODu28jWKsXvLCg
2490,2019,9,272,OSL,59.93206794574781,10.72038613813327,ZSV2qGQU7w-1OBsQ52tujQ,1520,0,2081,4,3322,True,ZSV2qGQU7w-1OBsQ52tujQ
4043,2019,7,236,OSL,59.94801656659886,10.78226907647906,u3IYR7uXAk5gILEosbGSUQ,1521,0,2082,2,3323,True,u3IYR7uXAk5gILEosbGSUQ
4514,2014,5,125,OSL,59.95280831697685,10.77776689706501,97X2M890P-Rl6tpd7pzqag,1391,1,2084,2,3330,True,97X2M890P-Rl6tpd7pzqag
3669,2018,12,84,OSL,59.94449717555445,10.77804537442173,cW-ZrQgYlBYpbCDNCiYZ6Q,1523,0,2086,1,3337,True,cW-ZrQgYlBYpbCDNCiYZ6Q
1364,2014,5,446,OSL,59.92096009236544,10.71017655091602,k8X4OpOy0aLXtrL5eGQRzg,468,0,497,3,3338,True,k8X4OpOy0aLXtrL5eGQRzg
2231,2019,9,511,OSL,59.92904238298475,10.76486915667675,TplIy5-QQiMANDESqQnlyQ,525,1,2087,3,3339,True,TplIy5-QQiMANDESqQnlyQ
1411,2018,12,448,OSL,59.920994126343,10.77147823955799,GY317_PMSO2aYEBL3eTxxQ,1423,1,2088,2,3341,True,GY317_PMSO2aYEBL3eTxxQ
3004,2018,12,244,OSL,59.93704052946349,10.73565545141009,kbLD-esdqK62JPtFoBNvmQ,1524,0,2089,2,3342,True,kbLD-esdqK62JPtFoBNvmQ
3896,2019,9,451,OSL,59.94694090346696,10.68325232669324,2n4FpTvPcW5kSXm1ONCplw,1525,0,2090,4,3344,True,2n4FpTvPcW5kSXm1ONCplw
3262,2014,5,574,OSL,59.94012728837213,10.69831376807257,mziRD4uYndyfvAY1nH0sfA,1082,1,2092,5,3347,True,mziRD4uYndyfvAY1nH0sfA
4705,2010,9,370,OSL,59.95609757857603,10.66438683215108,mk1Difsl7NjJzflTPVmaPA,600,0,648,4,3350,True,mk1Difsl7NjJzflTPVmaPA
4180,2017,5,510,OSL,59.94995739150742,10.70293320015289,9SRPv7-kZtuVoYmTqLuiSA,1198,1,1863,3,3351,True,9SRPv7-kZtuVoYmTqLuiSA
2411,2014,5,347,OSL,59.9312545312868,10.74704067291866,SXz933cVeAZ8ki143P6yNQ,703,2,2093,1,3353,True,SXz933cVeAZ8ki143P6yNQ
1054,2019,9,427,OSL,59.91796984357254,10.70892768396352,IxXr-f3qpwmFRejwKIKmKQ,1527,0,2094,4,3355,True,IxXr-f3qpwmFRejwKIKmKQ
3506,2017,5,200,OSL,59.94301869792609,10.6489456230407,9CSx1SQiPBYT-Z1qDFTeqw,1095,1,2095,2,3356,True,9CSx1SQiPBYT-Z1qDFTeqw
3618,2018,12,530,OSL,59.94403227667661,10.69961345804746,5MHZToY7r6h4vY2Ar5eOxg,797,0,907,4,3359,True,5MHZToY7r6h4vY2Ar5eOxg
2467,2018,12,619,OSL,59.93206953093745,10.67605386302784,adqZJbkedssVXkEAuhRwHA,1469,2,2096,1,3360,True,adqZJbkedssVXkEAuhRwHA
1765,2018,12,174,OSL,59.92498920922102,10.64348952137736,Q7mmmeDjYcr5N06Qf8uzXA,1529,0,2098,2,3367,True,Q7mmmeDjYcr5N06Qf8uzXA
2058,2017,5,250,OSL,59.92699873699205,10.77348308647742,R-Oq2iDmlXieJMSTLi8_Rg,357,1,2100,1,3373,True,R-Oq2iDmlXieJMSTLi8_Rg
347,2019,9,549,OSL,59.90700306078574,10.74431091918202,led3eV4Wzh2zYj_MLgMLxA,1105,1,2102,3,3377,True,led3eV4Wzh2zYj_MLgMLxA
2064,2019,4,435,OSL,59.927331781452,10.78134493434542,9_sxPfCBIOGcI3V7A7042g,937,1,2103,1,3378,True,9_sxPfCBIOGcI3V7A7042g
1397,2017,5,346,OSL,59.92103769892341,10.75736252077781,A5stT9MGeEBeT5RcLdCiDA,1321,1,2107,1,3390,True,A5stT9MGeEBeT5RcLdCiDA
3457,2014,5,390,OSL,59.94183178967054,10.73670697628782,xpWZlIoqnk3Smo2XWxyVEA,1218,1,2108,2,3395,True,xpWZlIoqnk3Smo2XWxyVEA
3304,2017,5,358,OSL,59.93993337903091,10.75954721981357,FPxrD-heVJAmRkVXNRsJJg,488,1,1227,5,3396,True,FPxrD-heVJAmRkVXNRsJJg
1780,2012,10,416,OSL,59.92485536718949,10.66576961240641,pOkizC4472WKW7nKh4SBtA,989,1,2111,4,3399,True,pOkizC4472WKW7nKh4SBtA
2713,2014,6,451,OSL,59.93410475348555,10.75212082053525,ffSiYiC_c7cL8TRhT5gCZA,1253,1,2114,1,3405,True,ffSiYiC_c7cL8TRhT5gCZA
3172,2009,6,475,OSL,59.93876285319582,10.70684491889223,VOKZOH2TgcT7gZcI0voAfw,299,1,2115,1,3410,True,VOKZOH2TgcT7gZcI0voAfw
1287,2019,9,148,OSL,59.92012776130674,10.75638985185544,CJn216PB3fcXzf5nai0_NQ,948,0,1115,4,3413,True,CJn216PB3fcXzf5nai0_NQ
4206,2019,10,436,OSL,59.94999352117291,10.75057152496857,91BT8lUun0L-5p-U0s9a0Q,929,2,2116,1,3414,True,91BT8lUun0L-5p-U0s9a0Q
3169,2019,10,263,OSL,59.9390590349292,10.70454278577876,UETcJuM4Mzh0AdWNIcCTZA,106,2,2117,3,3415,True,UETcJuM4Mzh0AdWNIcCTZA
2326,2018,12,148,OSL,59.93030880096365,10.76221850851318,2WB_8f9EWAoZeieCLB5M1g,1162,2,2118,2,3420,True,2WB_8f9EWAoZeieCLB5M1g
2245,2018,12,300,OSL,59.929147472004,10.78399466528278,GwRyp8AiuTLH06pp8PaxCA,1518,0,2079,4,3429,True,GwRyp8AiuTLH06pp8PaxCA
1277,2019,9,276,OSL,59.92001137459702,10.73542233549514,Y5f6nKx5oqNloji2mmqGjw,336,1,1424,3,3432,True,Y5f6nKx5oqNloji2mmqGjw
1614,2019,9,196,OSL,59.92305451209393,10.73437956259372,-HEBXC51K8ecBWkhi-zorw,853,1,1191,3,3434,True,-HEBXC51K8ecBWkhi-zorw
3107,2009,6,405,OSL,59.93773413549432,10.75423106922092,SjJ_GZ_PMJdppgNQUBvBOw,1210,1,2120,2,3435,True,SjJ_GZ_PMJdppgNQUBvBOw
1592,2014,8,255,OSL,59.92302239840245,10.70921676551878,2jeEiesMDmt6TccvlXnTfA,1534,0,2121,3,3436,True,2jeEiesMDmt6TccvlXnTfA
1675,2012,10,184,OSL,59.92416784655166,10.66485487628683,7j89qtYOeHkFolJcXWeVOg,1396,1,2122,1,3441,True,7j89qtYOeHkFolJcXWeVOg
3822,2018,12,320,OSL,59.94589697009614,10.71960025601162,v2VeMHJFUCNaufhMSUXnMw,1535,0,2123,1,3443,True,v2VeMHJFUCNaufhMSUXnMw
2074,2019,10,426,OSL,59.92820786321213,10.64399737240157,saIVqaUnII2iUtmM3I9kKA,241,0,246,5,3444,True,saIVqaUnII2iUtmM3I9kKA
2771,2019,9,378,OSL,59.93518262049285,10.68708861712878,VxcqHNxWd4Bq9fZA3kFFKA,50,2,2124,1,3445,True,VxcqHNxWd4Bq9fZA3kFFKA
3304,2014,5,168,OSL,59.93991035532869,10.759510034099,0oS-bLe6eP_7LOWgoRIHOQ,488,2,2125,1,3449,True,0oS-bLe6eP_7LOWgoRIHOQ
1582,2014,5,572,OSL,59.92284416992943,10.69768557909292,0TUK_Z2ETEzijUDMDyRr2g,1347,0,1731,3,3452,True,0TUK_Z2ETEzijUDMDyRr2g
2020,2012,10,502,OSL,59.92695266439821,10.73164222146097,L-tIih4tC84HyKbZnNFU_Q,582,1,2127,1,3460,True,L-tIih4tC84HyKbZnNFU_Q
3268,2009,6,278,OSL,59.94000353417492,10.70521773092105,y2ZUTcmP8p6lR4pl37enfQ,767,1,2129,1,3463,True,y2ZUTcmP8p6lR4pl37enfQ
4853,2019,6,123,OSL,59.95764821847996,10.66052904456319,eUCGmVO3_g9yjpZ2TrXTJQ,1538,0,2130,1,3465,True,eUCGmVO3_g9yjpZ2TrXTJQ
2912,2019,10,233,OSL,59.93623679136241,10.74627802548186,_oKslHKqP6-ekP-aMYXeRw,132,0,134,5,3469,True,_oKslHKqP6-ekP-aMYXeRw
2641,2018,12,467,OSL,59.93395945625573,10.65021766718895,oilS5K9r1sz2X4hEfYaMZQ,314,2,2132,1,3472,True,oilS5K9r1sz2X4hEfYaMZQ
2340,2018,12,286,OSL,59.92995313684902,10.77961191597301,2_owMzHr3J1zFcAittSayA,220,1,759,3,3476,True,2_owMzHr3J1zFcAittSayA
2243,2009,6,332,OSL,59.92934574572371,10.78258515393953,n3j8MYSbdKl_s8ZXyRYBiw,1515,1,2133,2,3478,True,n3j8MYSbdKl_s8ZXyRYBiw
1453,2019,9,388,OSL,59.9221650408964,10.68056578354409,sZAEms2dwwyaFiha4ogb2w,146,0,148,9,3480,True,sZAEms2dwwyaFiha4ogb2w
3885,2010,9,247,OSL,59.94699913450246,10.65529792739817,ghLTAFL8NU0QjhU1Ns3WUQ,669,1,2134,1,3483,True,ghLTAFL8NU0QjhU1Ns3WUQ
1023,2019,8,315,OSL,59.91813840764913,10.6536323541081,XesWNFfc40xFuFeRq7rOYg,409,0,427,4,3484,True,XesWNFfc40xFuFeRq7rOYg
1460,2016,5,379,OSL,59.92203388240195,10.68744363337735,Idz5NGe-RdZ8YJK59G8BVQ,311,0,319,10,3486,True,Idz5NGe-RdZ8YJK59G8BVQ
2742,2019,7,390,OSL,59.93399231666385,10.78535972678035,6WcLTKRFrdq5XNpMUYAnCQ,207,0,209,3,3488,True,6WcLTKRFrdq5XNpMUYAnCQ
1814,2014,8,269,OSL,59.9249347269101,10.72052778515065,zGZz6icWqHNX1kAaO2JsBg,931,2,2135,1,3490,True,zGZz6icWqHNX1kAaO2JsBg
2898,2018,12,660,OSL,59.93601844712366,10.71474098504829,0-hwyJA9QolV9-lO92Mlog,1311,1,2136,2,3494,True,0-hwyJA9QolV9-lO92Mlog
818,2009,7,408,OSL,59.91516989148212,10.7214819568914,cNyXDWLwskzPZB7nJ-rhKg,561,0,603,5,3501,True,cNyXDWLwskzPZB7nJ-rhKg
1500,2018,12,457,OSL,59.92209671255,10.73532268761679,dldJbZx7ueLLEjmNeot8Mg,1060,0,1262,5,3503,True,dldJbZx7ueLLEjmNeot8Mg
2548,2019,10,268,OSL,59.93297756817893,10.64976003640115,zc8DziVrsv49BoHskAZ6Vw,1405,0,1838,4,3505,True,zc8DziVrsv49BoHskAZ6Vw
3408,2018,12,611,OSL,59.94221073011828,10.64747090805286,_BEBhRXm_li26HeHs2qqAA,1539,0,2137,1,3506,True,_BEBhRXm_li26HeHs2qqAA
3572,2019,10,251,OSL,59.94302652240565,10.76302737863333,1MPSrOXSg37dQWA1NJlJwA,1429,1,2139,1,3510,True,1MPSrOXSg37dQWA1NJlJwA
758,2009,6,209,OSL,59.9140245075085,10.75261737533946,GEjew-7xnrx_0sUam-X23A,1090,0,1306,4,3512,True,GEjew-7xnrx_0sUam-X23A
962,2019,9,419,OSL,59.91720205619187,10.70345092317773,rb3RGZy-VtDykrO-fi_Iyw,1541,0,2140,1,3513,True,rb3RGZy-VtDykrO-fi_Iyw
4843,2018,12,158,OSL,59.95681678686366,10.79169737318189,l7FJ95TTGeJq9UJRR9mP0g,1542,0,2141,1,3516,True,l7FJ95TTGeJq9UJRR9mP0g
2776,2018,12,288,OSL,59.9350840278489,10.69344362630708,zXwgQZPWUgjaSlXoasME0A,1544,0,2143,1,3520,True,zXwgQZPWUgjaSlXoasME0A
1297,2017,5,288,OSL,59.92025691351438,10.76853365090793,He_mUkL5Ejpm-Dl4BEDsug,1124,0,1351,5,3521,True,He_mUkL5Ejpm-Dl4BEDsug
3866,2019,10,458,OSL,59.94607326196746,10.77924103051233,M97dkiC_xizNEpHmCXzOMQ,502,1,2144,2,3522,True,M97dkiC_xizNEpHmCXzOMQ
3944,2012,10,449,OSL,59.94702100419132,10.76443840651655,dOOPKugBSrH7nQD6HGIuWQ,1420,1,2145,1,3524,True,dOOPKugBSrH7nQD6HGIuWQ
3102,2014,8,439,OSL,59.93805674724683,10.74993114854446,QRSAf2O7e7YBbZ0-Uqz11g,631,1,2146,5,3525,True,QRSAf2O7e7YBbZ0-Uqz11g
742,2019,10,362,OSL,59.91383219307608,10.7207877935855,NRzhYsn1BajRfm7vLqXZLg,157,0,159,3,3528,True,NRzhYsn1BajRfm7vLqXZLg
3572,2012,10,416,OSL,59.94303302597292,10.76301705344516,D_wkhm5qXgSO96KQICxu6Q,1429,0,1879,4,3529,True,D_wkhm5qXgSO96KQICxu6Q
4022,2019,5,496,OSL,59.94808646444368,10.74984731321656,LEXGr5WaGF3QCO2OPy6m5A,1031,0,1226,5,3532,True,LEXGr5WaGF3QCO2OPy6m5A
2916,2014,6,334,OSL,59.93591387649208,10.75546437335772,ghtz2k0mEUTa-koBUJyi4g,349,1,2148,2,3533,True,ghtz2k0mEUTa-koBUJyi4g
1935,2017,5,461,OSL,59.92606618788593,10.74735746925982,VFidsDxW0h9boNrMRvv7MA,813,2,2149,1,3535,True,VFidsDxW0h9boNrMRvv7MA
3534,2009,7,418,OSL,59.9430213628047,10.70545266836883,C0yBFArX1Gy3pAhhkJr97w,1280,1,2150,3,3541,True,C0yBFArX1Gy3pAhhkJr97w
582,2018,12,167,OSL,59.91231156098087,10.70212307011302,vS5Nt-4-G3574cpMsEw9IA,131,0,132,15,3542,True,vS5Nt-4-G3574cpMsEw9IA
2043,2019,9,224,OSL,59.92720554959696,10.75751425852939,bWzgXuVhxLeRc2X_Rj5cdQ,379,3,2151,2,3543,True,bWzgXuVhxLeRc2X_Rj5cdQ
1240,2018,12,470,OSL,59.92005355981862,10.69577380721254,vOOWfoe6qAaWL2xP-8NjVg,216,2,2152,1,3545,True,vOOWfoe6qAaWL2xP-8NjVg
1383,2019,9,467,OSL,59.92110783710511,10.73272575590392,qgTxTEeeUxhHENqhlsvKMw,1546,0,2154,5,3548,True,qgTxTEeeUxhHENqhlsvKMw
3467,2014,5,346,OSL,59.94233563361343,10.74824837078311,DfPVaZK3A7D4XZ0OTjzyCA,1548,0,2157,1,3552,True,DfPVaZK3A7D4XZ0OTjzyCA
1573,2012,10,287,OSL,59.92300724275228,10.68742088858518,IrtdrtnLKcG00SUMqJHQgA,1549,0,2158,5,3554,True,IrtdrtnLKcG00SUMqJHQgA
2605,2014,6,413,OSL,59.93306529477804,10.73851597675118,kqRgeVd6ymNidiEt-CAVBA,1550,0,2159,1,3555,True,kqRgeVd6ymNidiEt-CAVBA
3684,2019,10,112,OSL,59.94544689608942,10.6526768475477,14u5tBtekGlz0HPOgz6OOA,566,1,2160,1,3556,True,14u5tBtekGlz0HPOgz6OOA
2617,2019,5,366,OSL,59.9330377754705,10.75831278672492,RPRwR68-dHogTItXDogVDQ,727,0,808,4,3557,True,RPRwR68-dHogTItXDogVDQ
2527,2014,5,333,OSL,59.93213493424377,10.76454581822988,v_V_S5WInLd7ly46FblgzQ,340,2,2161,1,3558,True,v_V_S5WInLd7ly46FblgzQ
3721,2019,9,578,OSL,59.94507193161864,10.71422551104077,NN6F7th1_VkzEJH6quR6nw,908,1,2162,3,3560,True,NN6F7th1_VkzEJH6quR6nw
1896,2019,9,160,OSL,59.92612664143241,10.67140903249375,BpDAaohBNpurzgKAgqOXlg,1514,0,2071,5,3561,True,BpDAaohBNpurzgKAgqOXlg
2217,2019,9,328,OSL,59.92905194081779,10.74425562698958,S7EYbhXtMxVao7f65LOnTw,278,1,2163,1,3564,True,S7EYbhXtMxVao7f65LOnTw
1149,2019,9,402,OSL,59.91905584825486,10.7033937651956,2AP49ej_cwqPv65yCBy0Hg,1552,0,2167,4,3570,True,2AP49ej_cwqPv65yCBy0Hg
167,2019,3,409,OSL,59.90198115636205,10.76543762302704,a8JVongzjlXYSmQtAmLq9A,1284,1,2168,2,3572,True,a8JVongzjlXYSmQtAmLq9A
3421,2018,12,328,OSL,59.94192374631229,10.67157807341265,IN39NdOqAayXqe3ZSTKC8g,1553,0,2169,2,3573,True,IN39NdOqAayXqe3ZSTKC8g
1906,2017,5,626,OSL,59.92596734278551,10.71271658084886,zEUKFFOCIZeFTxxv6rX6KA,938,1,1726,5,3575,True,zEUKFFOCIZeFTxxv6rX6KA
1642,2018,12,492,OSL,59.92295311061558,10.77171139723701,qr6eCYp0IOg12DtidVezrw,1554,0,2170,4,3576,True,qr6eCYp0IOg12DtidVezrw
4678,2012,10,491,OSL,59.95496486505685,10.76945436703972,bBmgTXSyNBbRnRK0ZBEE0A,1510,0,2061,3,3579,True,bBmgTXSyNBbRnRK0ZBEE0A
4123,2012,10,235,OSL,59.94897012762652,10.76441364096894,dyB1GjbhvNEGfcMkVeU7Gg,1555,0,2171,1,3582,True,dyB1GjbhvNEGfcMkVeU7Gg
2107,2018,12,624,OSL,59.92798060935178,10.71958204613961,aNDiZdLK8N92lhT-kNqAvQ,902,0,1051,3,3583,True,aNDiZdLK8N92lhT-kNqAvQ
273,2009,6,278,OSL,59.90537604151873,10.7367443176695,FE6ww-xRwI5f0UAMS1DVsw,1556,0,2172,5,3584,True,FE6ww-xRwI5f0UAMS1DVsw
2405,2018,12,375,OSL,59.93076676772929,10.73957997024908,x9KJGIwpsYWcdgYo6_qo6Q,654,1,2173,2,3585,True,x9KJGIwpsYWcdgYo6_qo6Q
3467,2018,12,187,OSL,59.94235412368524,10.74836257647038,2ueF90JeMMkf6mMIiPF94A,1548,1,2175,1,3589,True,2ueF90JeMMkf6mMIiPF94A
2824,2018,12,217,OSL,59.93511351074843,10.7543917158952,Sjsmf9EQLUzi5KRmX_VO-w,898,0,1047,3,3590,True,Sjsmf9EQLUzi5KRmX_VO-w
2470,2017,5,340,OSL,59.93177727480961,10.68207608847084,vgM4DllhYz0y01RKmCPzng,447,1,2176,1,3592,True,vgM4DllhYz0y01RKmCPzng
441,2012,10,370,OSL,59.90902793985818,10.77738342420155,-qiS-c5-zaXONdVYPtoO2w,696,0,771,6,3597,True,-qiS-c5-zaXONdVYPtoO2w
764,2009,7,400,OSL,59.91413792198935,10.76040429536289,5vTrdSN0poJYGezVG2hiJg,93,1,2177,2,3598,True,5vTrdSN0poJYGezVG2hiJg
385,2009,6,305,OSL,59.90783667391754,10.77132410756579,w2TdB9F-7cyISfb69O7t9g,1264,1,2178,3,3603,True,w2TdB9F-7cyISfb69O7t9g
3365,2012,10,243,OSL,59.94099010640407,10.72047862790147,Q_NG83ZlEZ1qdDmPCfc1cg,1558,0,2179,2,3605,True,Q_NG83ZlEZ1qdDmPCfc1cg
2439,2009,6,372,OSL,59.93103944061615,10.78505301458915,_WbBldcUc2Qsy7uZnurhHA,1013,0,1201,5,3606,True,_WbBldcUc2Qsy7uZnurhHA
3136,2019,10,273,OSL,59.9391512414727,10.64756085231235,6uwY1J8jBEOge3fOnyw32w,1341,1,2180,1,3607,True,6uwY1J8jBEOge3fOnyw32w
1043,2014,6,277,OSL,59.91812870618198,10.69667946350907,cwGselcP3v_t4Is5hK9dMw,823,1,2181,1,3610,True,cwGselcP3v_t4Is5hK9dMw
1247,2019,9,446,OSL,59.91996887746377,10.70234813282706,5A1BORQ3Lhi9C8eZxLooOw,1560,0,2183,1,3617,True,5A1BORQ3Lhi9C8eZxLooOw
2244,2014,5,279,OSL,59.92924599019758,10.78347523966368,jGgfPrLts1XUIk0uJ5kJdw,1137,0,1375,3,3619,True,jGgfPrLts1XUIk0uJ5kJdw
3969,2019,10,379,OSL,59.94804370062099,10.64532341090401,07fPOPRIMrVje9mArFnjcw,895,2,2184,1,3620,True,07fPOPRIMrVje9mArFnjcw
2961,2014,5,396,OSL,59.93666647834083,10.67104331921977,VO9ywJe1iVfnUuOPyQiOPg,547,3,2185,2,3621,True,VO9ywJe1iVfnUuOPyQiOPg
1380,2009,7,495,OSL,59.92108967233081,10.72926351982622,srSa4K7MVJyw9diyUJLn8Q,1492,1,2186,1,3622,True,srSa4K7MVJyw9diyUJLn8Q
3022,2018,12,433,OSL,59.93682566729385,10.76477107840312,yc8BEqhV97RuGMQMJXZJIw,872,1,2187,2,3623,True,yc8BEqhV97RuGMQMJXZJIw
4220,2019,6,221,OSL,59.95013579864904,10.76737722007219,Fq6EHlUNswyI7HEaZN6eBw,999,1,2085,4,3624,True,Fq6EHlUNswyI7HEaZN6eBw
4837,2012,10,547,OSL,59.95707915916196,10.78267131479157,3z3YTvwmK-dWyPFf-M6nFg,1316,1,2188,3,3626,True,3z3YTvwmK-dWyPFf-M6nFg
4264,2017,5,408,OSL,59.95123156325105,10.69526003451333,NELRe9mY0eEN67V9aKkK-A,573,1,2191,1,3632,True,NELRe9mY0eEN67V9aKkK-A
668,2018,12,399,OSL,59.91296377444414,10.71975872992023,L2VEzjXPataXbLC2rQa6hQ,1334,0,1706,3,3634,True,L2VEzjXPataXbLC2rQa6hQ
4658,2019,6,544,OSL,59.95505088817715,10.74855929179822,ptuk-arkP6q4yHLtkzV0sA,1016,1,2192,3,3642,True,ptuk-arkP6q4yHLtkzV0sA
1841,2014,5,114,OSL,59.92498942452507,10.75506994267293,VAf73-yDIywrfODi3Y8YHw,975,1,2193,2,3644,True,VAf73-yDIywrfODi3Y8YHw
3277,2019,9,182,OSL,59.93996573683346,10.71740743774443,zb6mE7iE-F_-qOWS_KmKdw,1059,1,2194,2,3645,True,zb6mE7iE-F_-qOWS_KmKdw
1129,2019,9,318,OSL,59.91921492378768,10.68207350368115,r8DOhaKJc9OLF3zwijvrRA,731,0,813,9,3646,True,r8DOhaKJc9OLF3zwijvrRA
605,2019,9,659,OSL,59.91205545837084,10.73540987714873,TGSDNsIGrF9PnGaNtukWxQ,1320,0,1686,6,3648,True,TGSDNsIGrF9PnGaNtukWxQ
3826,2018,12,187,OSL,59.94587783802328,10.724469753773,RSmRIGpwj-Ia5iomavgNFQ,1472,1,2195,1,3652,True,RSmRIGpwj-Ia5iomavgNFQ
902,2017,7,393,OSL,59.91599180411882,10.73639455776296,mm1dnmrdfB9kVRr9_W5aEg,1477,1,2196,1,3653,True,mm1dnmrdfB9kVRr9_W5aEg
4097,2012,9,427,OSL,59.94873496976063,10.72764378089917,t7F8qb-2j22L8a3ODsdIMw,914,0,1068,10,3655,True,t7F8qb-2j22L8a3ODsdIMw
4516,2017,6,533,OSL,59.95311356018746,10.78052978488768,ztsvVcE8q6-AnYU1vTzHYA,100,2,2197,2,3658,True,ztsvVcE8q6-AnYU1vTzHYA
1395,2018,12,405,OSL,59.92111968774359,10.75534532131118,o6y8PkD_gmpWaJ8Hcx7lqQ,1562,0,2198,2,3660,True,o6y8PkD_gmpWaJ8Hcx7lqQ
2775,2014,5,102,OSL,59.93507087063976,10.69261037392525,ESJZpJhxeauIKT_cAKefpw,1563,0,2199,1,3667,True,ESJZpJhxeauIKT_cAKefpw
581,2018,12,488,OSL,59.91198848244479,10.68961433962433,G8WohEODQi04Fm2ek4RSgQ,1119,1,2200,2,3668,True,G8WohEODQi04Fm2ek4RSgQ
4682,2009,5,672,OSL,59.95501736373144,10.78205770878278,yNf1dj0YuzNpDeSUghzf5g,701,0,776,4,3669,True,yNf1dj0YuzNpDeSUghzf5g
4508,2019,10,82,OSL,59.95303857441609,10.76853913351413,e-tZ_fdCo9IR3haT9unULw,1564,0,2201,5,3671,True,e-tZ_fdCo9IR3haT9unULw
183,2019,4,541,OSL,59.90200034161386,10.78938005034439,Jlx6Xzgjd2Q5rN7Yx9dSyA,1565,0,2202,2,3672,True,Jlx6Xzgjd2Q5rN7Yx9dSyA
4189,2019,10,279,OSL,59.95002970395318,10.72526273094604,eOTUxyPXdGZKis0aZH5cnw,886,1,2203,3,3674,True,eOTUxyPXdGZKis0aZH5cnw
3354,2019,9,465,OSL,59.94103626755374,10.70413032065177,4ZXtQkylmMmRy9IDaVejgQ,1343,1,2204,2,3676,True,4ZXtQkylmMmRy9IDaVejgQ
1865,2018,12,196,OSL,59.92506930008006,10.78217900672474,UAvVU7BQzHM1OY7psewf8Q,658,1,2205,1,3678,True,UAvVU7BQzHM1OY7psewf8Q
425,2018,12,390,OSL,59.90897612828649,10.74856972607125,HXYnTFQ5QsZjqdYgS0kqFw,1428,1,2206,1,3686,True,HXYnTFQ5QsZjqdYgS0kqFw
3869,2018,12,516,OSL,59.94601478024919,10.78320119213717,6QqZ1H0XT_rIVYYVGNBkzQ,1566,0,2207,2,3687,True,6QqZ1H0XT_rIVYYVGNBkzQ
3449,2019,10,369,OSL,59.94233771187012,10.72184947689508,A1a9oui3XDjuEoNSiuHQEA,1567,0,2208,2,3688,True,A1a9oui3XDjuEoNSiuHQEA
1396,2014,5,432,OSL,59.92109010002791,10.75637445279337,z2RcrDafpKDwGOO6H0MBBA,825,0,946,3,3689,True,z2RcrDafpKDwGOO6H0MBBA
2429,2019,10,370,OSL,59.9311022122718,10.77352276317544,3TKexT4f-OfaAo1jWorP-w,185,0,187,7,3690,True,3TKexT4f-OfaAo1jWorP-w
4210,2012,10,331,OSL,59.95005498741086,10.75638561665889,xPDY68nhou9rZ-gjMSfsJg,687,0,757,5,3692,True,xPDY68nhou9rZ-gjMSfsJg
3207,2019,9,185,OSL,59.93906398645755,10.75617577816373,hzVM2jakjVixkaeT-YYa8A,1302,1,2210,1,3694,True,hzVM2jakjVixkaeT-YYa8A
2900,2014,6,599,OSL,59.93596641528846,10.72359264820116,kRUT7Hxo45NXMwdqr58W1g,1569,0,2211,2,3695,True,kRUT7Hxo45NXMwdqr58W1g
3224,2009,6,395,OSL,59.93893555234306,10.78047279666902,RDOl6lbk-4GkrIpokr6jtw,786,1,1933,4,3696,True,RDOl6lbk-4GkrIpokr6jtw
2881,2014,5,599,OSL,59.93612858447499,10.69090339150807,bRG8_9OZzd7tf10W-9Vk4A,949,1,2212,1,3697,True,bRG8_9OZzd7tf10W-9Vk4A
3528,2017,5,287,OSL,59.94323769613025,10.69945529619871,F-vWpXo3Moy3IpxU0vPFSQ,614,0,666,4,3698,True,F-vWpXo3Moy3IpxU0vPFSQ
4796,2019,10,379,OSL,59.95725561634212,10.70217443078232,V6RcJHZhB4MAnuZphIQuiw,876,1,2213,2,3700,True,V6RcJHZhB4MAnuZphIQuiw
2611,2019,9,289,OSL,59.93325622447485,10.74995898204488,NHwYbUNkhNV5rDG1t5HCsg,441,2,2215,2,3702,True,NHwYbUNkhNV5rDG1t5HCsg
491,2018,12,554,OSL,59.90974999881292,10.76210007430138,MySLWY1iSMYD1r3q1A_z-w,1180,0,1452,3,3705,True,MySLWY1iSMYD1r3q1A_z-w
2733,2019,10,501,OSL,59.93412987259983,10.77510119130588,WqnriymHAIQOGqAHXoBtfQ,1183,0,1458,3,3709,True,WqnriymHAIQOGqAHXoBtfQ
3081,2009,6,398,OSL,59.93811494722556,10.70772792506994,1YzTxaYG2GV8QBE3HqeDjw,175,1,2218,1,3711,True,1YzTxaYG2GV8QBE3HqeDjw
3861,2012,10,383,OSL,59.94595273490484,10.7728931668907,UsIlUBoG0T42aIp37KEi9g,464,1,1600,5,3712,True,UsIlUBoG0T42aIp37KEi9g
4317,2019,6,317,OSL,59.95108278419023,10.76672068387963,rQdxKusggh4UeBepm3e6sw,388,0,405,3,3717,True,rQdxKusggh4UeBepm3e6sw
3064,2018,12,492,OSL,59.9383321189522,10.68522676373227,OPr2jnXbE2AoWWjXFEOsiA,1089,1,2219,2,3718,True,OPr2jnXbE2AoWWjXFEOsiA
2054,2018,12,579,OSL,59.92713865678807,10.76919938406353,88pOCRyV7qnUPJJLCRGIMA,587,0,632,3,3719,True,88pOCRyV7qnUPJJLCRGIMA
1921,2019,9,617,OSL,59.9260405782677,10.73108726365973,a9qgG4OoiukKJgDVpQ3qeg,864,0,999,3,3720,True,a9qgG4OoiukKJgDVpQ3qeg
2029,2017,5,308,OSL,59.92693237360881,10.74311582257228,zxEjmIB4Np6uwnQdaE7VAA,820,2,2220,2,3722,True,zxEjmIB4Np6uwnQdaE7VAA
2824,2014,5,392,OSL,59.93511094629634,10.75436121309291,nl5kacDTzIckfvOhXFNjXw,898,1,2221,1,3728,True,nl5kacDTzIckfvOhXFNjXw
2536,2017,5,408,OSL,59.93203713831242,10.77833596541748,2QHddpVf0QwJh2c5mXEiDA,184,0,186,7,3729,True,2QHddpVf0QwJh2c5mXEiDA
4206,2012,10,614,OSL,59.94999540260437,10.75052543194938,FQtXJrogyVh47UTt1sxM8w,929,0,1090,3,3730,True,FQtXJrogyVh47UTt1sxM8w
3392,2009,6,399,OSL,59.94107973473989,10.77537223695557,Gd8NVL98pTwRE6lCoxg4Vw,1282,1,2222,1,3736,True,Gd8NVL98pTwRE6lCoxg4Vw
540,2017,5,403,OSL,59.91103909279055,10.76038085329906,Zhx5_ZKCEfsKU1TqgJOoYQ,1570,0,2223,5,3737,True,Zhx5_ZKCEfsKU1TqgJOoYQ
2690,2018,12,293,OSL,59.9341289006454,10.71764868720122,3o9DglnTBUEO4NR36M9fnA,498,2,2224,1,3739,True,3o9DglnTBUEO4NR36M9fnA
4507,2009,5,324,OSL,59.95306952632517,10.76647925988146,x6ftm3bkPNHTxrFMQWgoQw,1169,1,2225,2,3742,True,x6ftm3bkPNHTxrFMQWgoQw
4409,2018,12,390,OSL,59.9520435602189,10.76612202833302,yO4zUDrLHuyiRxc4qDatuw,1457,1,2226,1,3744,True,yO4zUDrLHuyiRxc4qDatuw
4740,2017,6,318,OSL,59.95588227176241,10.74694408920701,07-923yrIaPBBPTMchJ5Gg,1008,1,2227,1,3753,True,07-923yrIaPBBPTMchJ5Gg
1700,2018,12,161,OSL,59.92432774734478,10.70786122358668,_DYLCD2pT-IQSAiXVdFjew,891,0,1038,6,3764,True,_DYLCD2pT-IQSAiXVdFjew
1496,2014,8,670,OSL,59.92187401184221,10.73077341876776,9LMrhjEybmFVAKy0cssoRw,1417,1,2230,2,3766,True,9LMrhjEybmFVAKy0cssoRw
4478,2012,10,318,OSL,59.95330346634246,10.73499206788548,SFHnOw4fCC-hR6AGCLCJxQ,1573,0,2231,2,3767,True,SFHnOw4fCC-hR6AGCLCJxQ
1644,2019,10,565,OSL,59.92298213826185,10.77362737044993,HOLIM6AiWumaVOHwYsnBGQ,1574,0,2232,1,3768,True,HOLIM6AiWumaVOHwYsnBGQ
3220,2009,7,209,OSL,59.93906547211812,10.77647899211407,XwQv8OKFnd-tPiDwG-suNw,944,1,1620,5,3769,True,XwQv8OKFnd-tPiDwG-suNw
624,2018,12,609,OSL,59.91211352270566,10.7623074607364,nswgH3hiyo88McY-9W_j6g,1130,2,2234,1,3775,True,nswgH3hiyo88McY-9W_j6g
4365,2009,5,250,OSL,59.95203333610538,10.69328076837172,b7bFW5HftLa5TVQs8L8muQ,1012,1,2235,2,3776,True,b7bFW5HftLa5TVQs8L8muQ
1744,2018,12,388,OSL,59.92398188849522,10.76335007053087,wNPRtMBdwsnZIu33FQL6Jw,1575,0,2236,3,3779,True,wNPRtMBdwsnZIu33FQL6Jw
819,2009,7,548,OSL,59.91494710532877,10.72318020035601,HIRVNqf27NF19Yx9yaI2Rw,1402,0,1834,4,3781,True,HIRVNqf27NF19Yx9yaI2Rw
3188,2009,6,517,OSL,59.93910778474235,10.72734420451224,bbPeI3LrFEkBEnC6k9Z5MA,275,1,2238,3,3784,True,bbPeI3LrFEkBEnC6k9Z5MA
4326,2019,7,296,OSL,59.95098058709124,10.77839178758383,ggGghpW4p0Gfu8B7xO-VfA,586,1,2239,2,3786,True,ggGghpW4p0Gfu8B7xO-VfA
1172,2014,5,391,OSL,59.91911796905441,10.73346776644389,T9apXWo_POWf1c7Oa7BF8w,1076,0,1289,4,3787,True,T9apXWo_POWf1c7Oa7BF8w
669,2018,12,269,OSL,59.91306325740888,10.72177957616456,drdevjvJvUtQvJTdM343Sw,958,0,1130,9,3792,True,drdevjvJvUtQvJTdM343Sw
1358,2014,8,442,OSL,59.92102627754936,10.70439922289088,Mbmw6v_oyZAGYgLKVB8IAw,792,0,901,4,3793,True,Mbmw6v_oyZAGYgLKVB8IAw
617,2017,7,605,OSL,59.91209569874284,10.75141037962321,t0HZG4FRaP9CZcSx0xzH7w,327,1,2240,1,3794,True,t0HZG4FRaP9CZcSx0xzH7w
2129,2017,5,460,OSL,59.92800852046076,10.74741141747793,R4TPnOlHVt0k-BXc5FJ7Kg,1164,1,2243,2,3798,True,R4TPnOlHVt0k-BXc5FJ7Kg
111,2012,10,401,OSL,59.90114079568725,10.67833497301822,qrb_wUZqEb0V9Iqed9cuEg,1240,1,2244,2,3799,True,qrb_wUZqEb0V9Iqed9cuEg
3975,2019,10,560,OSL,59.94777224544896,10.65794681619009,Pkb8G6FZ6SRh7iWDLOrwsw,1578,0,2245,1,3800,True,Pkb8G6FZ6SRh7iWDLOrwsw
3227,2018,7,445,OSL,59.93885981405977,10.7876359495118,cUjjl8qRdh10-GXKnAiK5w,1286,0,1619,8,3805,True,cUjjl8qRdh10-GXKnAiK5w
4593,2019,10,545,OSL,59.95403690625531,10.76568822779383,XYoKVC0Op1171wDyAjkRmQ,921,0,1077,5,3808,True,XYoKVC0Op1171wDyAjkRmQ
1708,2017,5,332,OSL,59.92385124447579,10.71743982845881,2gXdHIVkVLMJN1GQ2DNWbw,531,1,2246,1,3809,True,2gXdHIVkVLMJN1GQ2DNWbw
1288,2019,9,294,OSL,59.92011574647061,10.75837072891961,J_1ORef2xakRhqVVT0niyA,662,1,2247,2,3810,True,J_1ORef2xakRhqVVT0niyA
3367,2019,9,359,OSL,59.94089127872656,10.72577728448107,SIlf1TQYKtMkfnJTGYekbg,306,2,2249,2,3814,True,SIlf1TQYKtMkfnJTGYekbg
3785,2019,10,121,OSL,59.94584183043356,10.65018341364749,MpeV2FXFCEltC1wEIrYLyw,1580,0,2250,2,3816,True,MpeV2FXFCEltC1wEIrYLyw
1519,2017,5,576,OSL,59.92219538913433,10.76240559539993,OSTD6TLZGgYpFJTs2z54lg,1581,0,2251,1,3818,True,OSTD6TLZGgYpFJTs2z54lg
1301,2014,8,498,OSL,59.92011708070742,10.78153934444634,rjlhwF5LpLQ5GQ9Ivrls6w,238,0,241,4,3819,True,rjlhwF5LpLQ5GQ9Ivrls6w
1292,2009,6,502,OSL,59.91982826177734,10.76261955005921,GGnt1pnL9hpZa3lhq9ZFnQ,1410,0,1849,4,3820,True,GGnt1pnL9hpZa3lhq9ZFnQ
4125,2019,6,362,OSL,59.94900095115369,10.76747406740267,I4Sl6GLWFUxltk-Q-10QFQ,61,1,2253,1,3822,True,I4Sl6GLWFUxltk-Q-10QFQ
1281,2017,5,286,OSL,59.91996381279169,10.74342680089079,hEg0iqbcBpxAczWdLQr2Xw,513,1,2254,1,3824,True,hEg0iqbcBpxAczWdLQr2Xw
3217,2017,5,194,OSL,59.93906218719491,10.77327495088041,ZCgr9Tyv_o9URIFf8bKk-Q,419,1,2255,1,3825,True,ZCgr9Tyv_o9URIFf8bKk-Q
2156,2019,9,574,OSL,59.92815504570118,10.78256996142991,CqUsz6C2T8MK-d_OIuIHyQ,1152,1,2256,2,3828,True,CqUsz6C2T8MK-d_OIuIHyQ
4016,2009,6,143,OSL,59.94777168243116,10.74348420388319,HcdqUI9TycTo8uT4clXl0w,457,2,2257,1,3829,True,HcdqUI9TycTo8uT4clXl0w
2823,2019,9,424,OSL,59.9351566875895,10.75355460469862,_yp3M9IP4IYcXYQj-E8XHw,752,1,2260,1,3834,True,_yp3M9IP4IYcXYQj-E8XHw
1561,2019,10,655,OSL,59.92283641047046,10.674034201215,qGUMusDshsvf_RSQ6wV6pQ,1433,1,2261,2,3835,True,qGUMusDshsvf_RSQ6wV6pQ
2240,2014,5,653,OSL,59.92898964170432,10.7795850786941,NrwpUGMupTv32PBecmZD0Q,432,1,1788,3,3837,True,NrwpUGMupTv32PBecmZD0Q
4698,2019,8,337,OSL,59.95590634253047,10.65636371092179,7oh5xzr6PEua3bz5jlxd0w,118,2,2262,1,3839,True,7oh5xzr6PEua3bz5jlxd0w
3467,2017,5,362,OSL,59.94235180534324,10.74828827275994,7Qpr4o8zoUz09s46jkUJPw,1548,2,2263,1,3840,True,7Qpr4o8zoUz09s46jkUJPw
4248,2019,10,328,OSL,59.95134353514516,10.66908610707168,7C28eKBGKlGrsnArm59o1w,1345,2,2264,1,3841,True,7C28eKBGKlGrsnArm59o1w
4863,2019,8,646,OSL,59.95814591831241,10.67521476345787,jn383GymJ5uU9nc7Je2u3Q,1125,1,2265,2,3845,True,jn383GymJ5uU9nc7Je2u3Q
3225,2019,9,435,OSL,59.93904436213028,10.78151207977593,WRBNIUDAXdYrWqlUmF2l-Q,390,1,2076,4,3846,True,WRBNIUDAXdYrWqlUmF2l-Q
2588,2019,10,99,OSL,59.93288690111502,10.71099494897621,Q_ObxHiPxdGjFjAiasIr9A,1052,0,1251,5,3848,True,Q_ObxHiPxdGjFjAiasIr9A
1595,2018,12,250,OSL,59.92301338638906,10.71237816924228,p9ZF__zTb7tvO4-80wICSQ,240,1,2266,2,3849,True,p9ZF__zTb7tvO4-80wICSQ
3825,2018,12,226,OSL,59.94606469991391,10.72234498200353,0SzvewBnsujvuqONePIcmQ,1170,1,2267,1,3850,True,0SzvewBnsujvuqONePIcmQ
1806,2017,5,243,OSL,59.92503668821659,10.71234547915342,NaNxdFj6o4qTFzxThJJjKg,1583,0,2268,1,3854,True,NaNxdFj6o4qTFzxThJJjKg
3457,2019,9,197,OSL,59.94184827888959,10.73674316474156,dIN16JphbtFsMJZa6sY6vg,1218,0,1509,4,3858,True,dIN16JphbtFsMJZa6sY6vg
4269,2017,5,274,OSL,59.95108268671382,10.70333198624751,fsjun6ZKLgjnnef1Qklo9A,1584,0,2269,3,3861,True,fsjun6ZKLgjnnef1Qklo9A
3278,2019,10,312,OSL,59.93983632751585,10.71813717711268,O-s39PnNso2LT445MwzGeg,193,0,195,5,3863,True,O-s39PnNso2LT445MwzGeg
2219,2018,12,327,OSL,59.92907614190492,10.74778044774398,msVvGSPMkU3FUSMO4pONog,618,2,2270,1,3864,True,msVvGSPMkU3FUSMO4pONog
1327,2019,9,359,OSL,59.92114405825889,10.66241255735995,pPPXfCc83wTKClFvM9s9uQ,223,1,2271,2,3866,True,pPPXfCc83wTKClFvM9s9uQ
3487,2018,12,205,OSL,59.94215493229134,10.77676669070596,aEBItbowUF3hzkSBZNc-ig,1441,1,2272,2,3869,True,aEBItbowUF3hzkSBZNc-ig
3716,2017,5,636,OSL,59.94497285214289,10.70848070247151,tdu9b8dggQ_N-J9n2iQ2cg,130,0,131,6,3871,True,tdu9b8dggQ_N-J9n2iQ2cg
4506,2019,6,233,OSL,59.95302433251155,10.7644475018921,JyRMxSPv8cwgQa-NqeNQsQ,1585,0,2273,3,3874,True,JyRMxSPv8cwgQa-NqeNQsQ
4512,2017,6,615,OSL,59.95290963165389,10.77443182326111,sJ_hlxLZL6nHVhipCs22cQ,1505,1,2274,1,3875,True,sJ_hlxLZL6nHVhipCs22cQ
4425,2019,10,108,OSL,59.95159739139612,10.78643831220957,Ao6jTiTPL7HvKFFw5C5dCQ,1587,0,2276,5,3879,True,Ao6jTiTPL7HvKFFw5C5dCQ
3771,2019,7,131,OSL,59.94467929966216,10.787849745395,rpgVFmEUBnObjtA8EqXcJQ,1163,1,2278,4,3882,True,rpgVFmEUBnObjtA8EqXcJQ
1343,2012,10,90,OSL,59.92109916796187,10.68151823611984,bHETHHapsIXfUsv3yqcNxw,471,1,2279,1,3884,True,bHETHHapsIXfUsv3yqcNxw
2146,2017,5,617,OSL,59.92807065782161,10.76638864227756,c-s6C9WuMXzU15R4kQJPAg,1589,0,2280,5,3889,True,c-s6C9WuMXzU15R4kQJPAg
2137,2017,5,283,OSL,59.92833801691568,10.75621300286538,DqcbzGi3pxp2hvo5Z88DFg,1269,2,2281,2,3890,True,DqcbzGi3pxp2hvo5Z88DFg
3658,2014,8,306,OSL,59.94411154802641,10.7595794749602,jaJ_rVsbm0fvtqXHwB9Gtg,1424,1,2282,1,3891,True,jaJ_rVsbm0fvtqXHwB9Gtg
1882,2019,10,291,OSL,59.9260846641946,10.65036990614906,4imTsuxQblGfhow3yiIhRg,894,0,1043,9,3895,True,4imTsuxQblGfhow3yiIhRg
3188,2018,12,330,OSL,59.93910485814161,10.72736576935307,ZFqDp10wXH4xLArnEqOlIg,275,2,2286,2,3902,True,ZFqDp10wXH4xLArnEqOlIg
3207,2014,5,168,OSL,59.9390789362827,10.75616394122543,LIFfTrvaPx3yKa1WjiS7SA,1302,2,2287,1,3903,True,LIFfTrvaPx3yKa1WjiS7SA
2141,2018,12,424,OSL,59.9277603692146,10.76041168305481,uaT9XC1MGtF-T7nG3LZOnQ,1591,0,2288,1,3904,True,uaT9XC1MGtF-T7nG3LZOnQ
1514,2019,9,385,OSL,59.92196887680308,10.75733702415031,VHQOUty8DYt-Km6HwjWAWA,1306,0,1663,5,3905,True,VHQOUty8DYt-Km6HwjWAWA
762,2019,9,383,OSL,59.91385644887613,10.75926315150148,tec3Kgdeshc_VtYaWo06UA,1592,0,2289,3,3906,True,tec3Kgdeshc_VtYaWo06UA
4120,2018,12,237,OSL,59.94906266065244,10.76052305116271,0aOuVo8YB0gWgcD_FmsLlg,1593,0,2290,1,3913,True,0aOuVo8YB0gWgcD_FmsLlg
288,2014,5,177,OSL,59.90536184669335,10.78091116528761,F_hDSvK7wJzq6-UCbnZ0kQ,592,2,2291,1,3914,True,F_hDSvK7wJzq6-UCbnZ0kQ
1852,2009,6,376,OSL,59.9248514705644,10.76875313138265,lyHyeLDupeHDPtJLKXUB4A,1041,0,1239,3,3920,True,lyHyeLDupeHDPtJLKXUB4A
3219,2009,7,169,OSL,59.93911851821945,10.77536862333619,js0ZPSQuzdHxIqsm_aiL1w,650,0,711,3,3923,True,js0ZPSQuzdHxIqsm_aiL1w
4769,2019,10,330,OSL,59.95724206860209,10.6527324809537,ZysiToyY9VIFtHpK4zDnbg,381,1,2295,2,3925,True,ZysiToyY9VIFtHpK4zDnbg
1881,2009,6,463,OSL,59.92602248718113,10.64950164296464,ICI4TKJ1_o45-aGwiYAbeQ,1036,0,1232,9,3927,True,ICI4TKJ1_o45-aGwiYAbeQ
4477,2018,12,374,OSL,59.95305224844559,10.73450788684378,fcAa7cc34r9kdXQ__4fUnQ,1206,2,2297,1,3928,True,fcAa7cc34r9kdXQ__4fUnQ
1016,2014,8,587,OSL,59.91789997043112,10.64566702845033,Cti8ahxbZ0m8fd7TMeuEYA,1226,0,1525,4,3929,True,Cti8ahxbZ0m8fd7TMeuEYA
1519,2018,12,395,OSL,59.92218758322542,10.76232354981966,uv3mu-rtSGR48MkyQvzhPg,1581,1,2298,1,3930,True,uv3mu-rtSGR48MkyQvzhPg
612,2017,5,493,OSL,59.91195795493651,10.74364780430883,uYpA8P0Cd1uJQk4zJw0KBw,1447,0,1921,5,3931,True,uYpA8P0Cd1uJQk4zJw0KBw
3355,2016,5,536,OSL,59.94106162562253,10.70530904250158,yO42RJ3cLX78bIK3sr4RQw,72,1,2299,3,3932,True,yO42RJ3cLX78bIK3sr4RQw
3887,2010,9,325,OSL,59.94677394661233,10.65743570348817,ZwlIjDDXMxbaICnk4G7gUQ,295,0,301,6,3938,True,ZwlIjDDXMxbaICnk4G7gUQ
3036,2014,5,319,OSL,59.93708155637155,10.78437342994176,9es31iVBYb7ef5qTkSRxSA,406,0,424,6,3939,True,9es31iVBYb7ef5qTkSRxSA
3193,2019,9,189,OSL,59.93916977447392,10.73432219483968,9m8SdrG3uMMtT8czW0oIag,554,0,596,6,3943,True,9m8SdrG3uMMtT8czW0oIag
3916,2018,12,426,OSL,59.9470385889718,10.7183454224033,jkuXBSduIXMWys6CmSaLMQ,673,1,2300,1,3944,True,jkuXBSduIXMWys6CmSaLMQ
1150,2009,6,531,OSL,59.9192177709463,10.70439570962331,27CYayFGdzJZ8lR3TdTYbg,598,1,2301,1,3947,True,27CYayFGdzJZ8lR3TdTYbg
1141,2019,10,72,OSL,59.91899609469277,10.69548571490562,VT8d6ukAI-1tLmDf4_0S_g,1244,0,1549,8,3948,True,VT8d6ukAI-1tLmDf4_0S_g
1169,2009,7,471,OSL,59.91913780067072,10.72619026792119,C0BUK4v2aYwf5_e-6Yb4eg,768,1,2302,1,3949,True,C0BUK4v2aYwf5_e-6Yb4eg
911,2009,6,358,OSL,59.9159962088013,10.75147234267334,lYEfYGueayKZB_HRFFt13w,758,1,2303,2,3952,True,lYEfYGueayKZB_HRFFt13w
1223,2019,10,587,OSL,59.92028030970094,10.66821354406549,mv2AH-DxOtmDpZ_017MCmQ,456,1,2165,3,3953,True,mv2AH-DxOtmDpZ_017MCmQ
3413,2019,10,216,OSL,59.94238882622357,10.66380541789314,7Ac3yaAUwPz5ffdd1LdyQg,107,0,107,3,3954,True,7Ac3yaAUwPz5ffdd1LdyQg
3319,2018,12,461,OSL,59.93969065090524,10.7792092716433,n8XvMmA15PVpsFz9DRG--g,1597,0,2304,2,3957,True,n8XvMmA15PVpsFz9DRG--g
4542,2010,9,536,OSL,59.95408977150432,10.67155330204358,Yxu_I1p0Fx3CtI4SrrAtBg,1598,0,2305,2,3958,True,Yxu_I1p0Fx3CtI4SrrAtBg
1619,2014,5,129,OSL,59.92296217056256,10.73948405702355,elecCzvgMbXXCE6ZS0VW3Q,575,0,619,6,3961,True,elecCzvgMbXXCE6ZS0VW3Q
2677,2019,10,383,OSL,59.93401256195987,10.70033307887913,lxFjpQJMEjq01u9M_m7-DA,1120,0,1344,4,3962,True,lxFjpQJMEjq01u9M_m7-DA
2117,2018,12,432,OSL,59.92810826447343,10.73222061350132,hrJM1t0wSE8nYSygUrIRRA,1599,0,2306,2,3963,True,hrJM1t0wSE8nYSygUrIRRA
2656,2019,9,196,OSL,59.93390696906069,10.6688555285959,aBH94at2UqI2GrbvSTzvdg,645,1,2307,2,3964,True,aBH94at2UqI2GrbvSTzvdg
1834,2009,6,149,OSL,59.92503143189946,10.74328326751343,kixqqPYmj2U9u-3BJ38gmA,1600,0,2308,2,3965,True,kixqqPYmj2U9u-3BJ38gmA
4407,2009,6,274,OSL,59.95170637164597,10.76308276832703,qacSYu6MsfU-lHBe8KlXgw,331,4,2309,1,3966,True,qacSYu6MsfU-lHBe8KlXgw
3906,2019,9,387,OSL,59.94721263873514,10.70172827607363,2AbcnjU3tK4hLfH08rApzA,1601,0,2310,1,3968,True,2AbcnjU3tK4hLfH08rApzA
2941,2018,12,21,OSL,59.93622445709987,10.78420410218759,sfEiRkxkr-RqW0BDcsDE-g,504,1,2311,2,3969,True,sfEiRkxkr-RqW0BDcsDE-g
306,2019,6,110,OSL,59.90594676752805,10.69441672349442,8CCBmaBI8BpUamWxxRHB3w,1602,0,2312,2,3970,True,8CCBmaBI8BpUamWxxRHB3w
4778,2018,12,249,OSL,59.95664921191062,10.6695949555468,Jaq_llEeY_Dg1QuFLuGDbA,807,2,2313,1,3971,True,Jaq_llEeY_Dg1QuFLuGDbA
2799,2014,5,288,OSL,59.93527482276083,10.72103170513385,o5wTvFJImXUW-ByqSvlNvw,1603,0,2314,6,3973,True,o5wTvFJImXUW-ByqSvlNvw
1346,2012,10,371,OSL,59.9209042697655,10.68762942770942,roUnkN1Nd_3lH3f6XSG3Dg,1604,0,2315,2,3974,True,roUnkN1Nd_3lH3f6XSG3Dg
2107,2014,5,647,OSL,59.92796391395319,10.71953342093428,nmQX7Srzv24AsYgeN-Brvg,902,1,2316,2,3976,True,nmQX7Srzv24AsYgeN-Brvg
1300,2019,9,547,OSL,59.9199277977637,10.78056466225336,ijihbGpew7Ta4pyLldU8FQ,1605,0,2317,2,3978,True,ijihbGpew7Ta4pyLldU8FQ
2875,2014,5,467,OSL,59.93611049779977,10.68233873346913,Ea2zVo0RTm9k_8awPvcGkA,1294,1,2106,6,3983,True,Ea2zVo0RTm9k_8awPvcGkA
530,2009,6,369,OSL,59.91103872496826,10.74150651592066,gKdpIbamS3wMzJRxdw6Wwg,304,0,312,7,3987,True,gKdpIbamS3wMzJRxdw6Wwg
3841,2019,6,523,OSL,59.94599020149393,10.74900028027648,d94SgTSch2DeJsjmNVIOYA,699,1,2320,1,3989,True,d94SgTSch2DeJsjmNVIOYA
1607,2009,7,413,OSL,59.92305406944595,10.72622226904806,ss7l0wOI71kCANWWTDnXZA,1586,1,2321,1,3990,True,ss7l0wOI71kCANWWTDnXZA
3680,2009,5,275,OSL,59.94367154675187,10.79239024980883,wkWLpbMf0jfiLxxOQotMDQ,1495,1,2322,2,3992,True,wkWLpbMf0jfiLxxOQotMDQ
2538,2014,8,403,OSL,59.93227514818803,10.77986233049289,xxppcoLNSCgBNjxXcKb08A,652,2,2324,1,3997,True,xxppcoLNSCgBNjxXcKb08A
2610,2018,12,478,OSL,59.93302173927546,10.74940627083197,KoiKrFcDcQc9th35UhhbVQ,1606,0,2325,1,4001,True,KoiKrFcDcQc9th35UhhbVQ
1842,2014,5,518,OSL,59.92501829120842,10.75614346395566,GU7XVE6jKz8Xf1_hZnD_uQ,1062,0,1265,5,4004,True,GU7XVE6jKz8Xf1_hZnD_uQ
796,2017,5,645,OSL,59.9151983099768,10.6861515959113,3ENsctIkY7WMPVFa5y_ZCw,187,0,189,4,4005,True,3ENsctIkY7WMPVFa5y_ZCw
2486,2014,6,71,OSL,59.93193558382108,10.71593199843644,O_y2vCwxmDnACK0dWtxagg,1607,0,2326,1,4006,True,O_y2vCwxmDnACK0dWtxagg
980,2009,7,447,OSL,59.91700432522931,10.72300279781598,7KtWqNOyrkzo29bvsQheUQ,946,1,2328,1,4009,True,7KtWqNOyrkzo29bvsQheUQ
3824,2017,5,453,OSL,59.94626369361281,10.72138880482915,1CXrbQXiN--WUgZSTB5JTQ,1609,0,2329,1,4011,True,1CXrbQXiN--WUgZSTB5JTQ
1397,2016,5,403,OSL,59.92106751193383,10.75746070529184,4yyfnPsRv8H7r2tczWozGw,1321,2,2330,1,4012,True,4yyfnPsRv8H7r2tczWozGw
2770,2014,8,642,OSL,59.93496676726068,10.68659938769151,sqxbe_IlgGSdtoCVDpnWwA,1610,0,2331,5,4014,True,sqxbe_IlgGSdtoCVDpnWwA
4089,2012,10,301,OSL,59.948649643981,10.7031096848306,G3ZIqPI8LbPP7dhMgxCmMA,233,1,2332,4,4015,True,G3ZIqPI8LbPP7dhMgxCmMA
1835,2018,12,228,OSL,59.92483605270088,10.7448403640929,4CWI8GVg_PxjlMIn8Cug1w,1611,0,2333,1,4017,True,4CWI8GVg_PxjlMIn8Cug1w
1402,2018,12,430,OSL,59.92074049516706,10.76265303870565,2qma2S0k7nx5F_4XiwcI5Q,351,1,1905,3,4019,True,2qma2S0k7nx5F_4XiwcI5Q
2957,2019,9,419,OSL,59.93719831096987,10.66733164081589,KIv14Tn1XZkGHwA2svLfkQ,1496,0,2027,3,4024,True,KIv14Tn1XZkGHwA2svLfkQ
2384,2019,9,535,OSL,59.93095019595729,10.71123874663194,FEQhmoiZd9gFREfDW7cBhw,952,0,1120,6,4025,True,FEQhmoiZd9gFREfDW7cBhw
1084,2018,12,203,OSL,59.9181608574006,10.74938966535008,qV-GqR4BFW_X7J-f2xKPyQ,1409,1,2336,2,4026,True,qV-GqR4BFW_X7J-f2xKPyQ
138,2019,4,419,OSL,59.90096905728438,10.78247911448186,n6n2J_mjZVBwMbDtzdmuXg,1612,0,2337,2,4030,True,n6n2J_mjZVBwMbDtzdmuXg
2934,2014,8,362,OSL,59.93593403275932,10.77415862455767,-bzKnjOkaJq3RlJz5n5NVA,1613,0,2338,1,4033,True,-bzKnjOkaJq3RlJz5n5NVA
2789,2018,12,696,OSL,59.93495106640113,10.71184631264648,Rg_R4PXeG4KOymdEYjjgJA,868,3,2341,3,4039,True,Rg_R4PXeG4KOymdEYjjgJA
2738,2018,12,344,OSL,59.93390348805898,10.78126128697547,-Ff-pWNl2AuBwk_HVFP0FQ,870,0,1007,5,4040,True,-Ff-pWNl2AuBwk_HVFP0FQ
3621,2018,12,348,OSL,59.94421146075267,10.70309999573337,ReJObIV1-nN4aB1th6bucg,32,0,32,11,4044,True,ReJObIV1-nN4aB1th6bucg
2751,2018,12,462,OSL,59.93499823846015,10.65237557634414,woIvrdFHjRKSh7X8uw_I-Q,1614,0,2342,2,4045,True,woIvrdFHjRKSh7X8uw_I-Q
3529,2009,6,476,OSL,59.94309808286216,10.70029927860935,iZHzAgXsCDkzACV3e9pOBA,1051,0,1250,4,4047,True,iZHzAgXsCDkzACV3e9pOBA
3437,2019,10,524,OSL,59.94169183114089,10.7017449053887,gEHezjEmaLfnAJKemPfs9Q,141,1,326,5,4050,True,gEHezjEmaLfnAJKemPfs9Q
2922,2019,8,524,OSL,59.93596100354824,10.76203076189133,3kZQRR7EU1BrzF6BvnweXw,427,2,2344,1,4052,True,3kZQRR7EU1BrzF6BvnweXw
3382,2014,5,280,OSL,59.94093269237381,10.75216294239521,SgPkvPgCXHusu0lEsLEeyw,970,1,2345,1,4053,True,SgPkvPgCXHusu0lEsLEeyw
2926,2018,12,519,OSL,59.93589935338048,10.76646784434905,sP-FZFUSPUmB9u4g1HiADQ,1615,0,2347,1,4055,True,sP-FZFUSPUmB9u4g1HiADQ
2264,2012,10,569,OSL,59.9298627182922,10.67164478325054,WAznIsrVMGnLXftuhQLFLg,890,1,1864,5,4058,True,WAznIsrVMGnLXftuhQLFLg
1931,2009,6,586,OSL,59.92585621239318,10.74395002801646,17Mae-ZLJFf_NLnMdYzikg,1616,0,2348,1,4060,True,17Mae-ZLJFf_NLnMdYzikg
552,2009,6,319,OSL,59.91106350765081,10.77744215318598,cm2sQPYaHLwr44YfQwkQaw,1323,1,1968,4,4063,True,cm2sQPYaHLwr44YfQwkQaw
795,2009,6,174,OSL,59.91489083323452,10.68561743427,JN1o1J4KwuE6FMJAzvkbTA,1466,1,2350,1,4064,True,JN1o1J4KwuE6FMJAzvkbTA
3530,2009,6,444,OSL,59.94292394700341,10.70134552715305,0J-OnUVmuP6zkjMKMNMctw,439,1,957,3,4067,True,0J-OnUVmuP6zkjMKMNMctw
1639,2016,5,142,OSL,59.92283020679051,10.76810972705382,cA1LnEa4azhxY84bjJ13CQ,1001,1,2000,5,4074,True,cA1LnEa4azhxY84bjJ13CQ
2643,2019,10,191,OSL,59.9340168247692,10.65244250488589,gxu59riBqDlD9O7Twm47Qw,1619,0,2353,2,4078,True,gxu59riBqDlD9O7Twm47Qw
3822,2017,5,127,OSL,59.94588853038761,10.71964261407418,YupCt3svXLAarwoq5TX8aw,1535,1,2355,1,4086,True,YupCt3svXLAarwoq5TX8aw
2241,2014,5,446,OSL,59.92928856733297,10.78003227510625,wXh46Nn798PdaT4AThDhgQ,1463,1,2356,3,4090,True,wXh46Nn798PdaT4AThDhgQ
1007,2016,5,370,OSL,59.91716106032602,10.76630602218903,7tGia2NvB2WsQY8Fkj2oUQ,386,1,2357,1,4095,True,7tGia2NvB2WsQY8Fkj2oUQ
847,2019,9,161,OSL,59.9149857526161,10.76633136816955,QtFXulaWdC0zqe78Si2q9Q,1621,0,2358,7,4097,True,QtFXulaWdC0zqe78Si2q9Q
673,2017,7,479,OSL,59.91277568138549,10.72578408323251,sej_t6qu6Pkq91uyuzI0Aw,1622,0,2359,1,4098,True,sej_t6qu6Pkq91uyuzI0Aw
4465,2018,12,493,OSL,59.95295064400219,10.70427821277218,ILziTj0qmPL3IMwCTirGsg,1623,0,2360,2,4107,True,ILziTj0qmPL3IMwCTirGsg
839,2009,6,452,OSL,59.91520209342399,10.75512804331486,hF3VzyxUgoa6K-gAbfttfA,1487,0,2004,3,4110,True,hF3VzyxUgoa6K-gAbfttfA
2187,2014,8,313,OSL,59.92888012128637,10.70699709970931,fhZ8K6HFKd124uubOO7BcA,257,1,2363,1,4112,True,fhZ8K6HFKd124uubOO7BcA
2770,2014,5,487,OSL,59.93494486912661,10.68660689372144,D3g7Sv1Eax6wkn5p7QuUBQ,1610,1,2364,2,4113,True,D3g7Sv1Eax6wkn5p7QuUBQ
1087,2019,9,481,OSL,59.91806404618467,10.7532781266183,GjodJcKiP4aXA-Ctk6INsQ,1233,1,2366,2,4122,True,GjodJcKiP4aXA-Ctk6INsQ
2138,2009,6,120,OSL,59.9280880368684,10.75695058733653,U4RBFNBrvwVNf1cT0AKvnQ,1168,1,2367,2,4124,True,U4RBFNBrvwVNf1cT0AKvnQ
1598,2012,10,671,OSL,59.92298790216433,10.71631614320762,_EUuf_DSdxjPivANCXrQaw,330,1,2368,1,4127,True,_EUuf_DSdxjPivANCXrQaw
4762,2018,12,611,OSL,59.95602672621044,10.78746143528794,4KGnNGXKjbouhAbd8pL0kg,780,0,887,3,4128,True,4KGnNGXKjbouhAbd8pL0kg
158,2014,5,115,OSL,59.9018399631691,10.68860515003767,e7v7TxXZlLpgxfCfr4_YFA,831,2,2370,1,4132,True,e7v7TxXZlLpgxfCfr4_YFA
4508,2018,12,117,OSL,59.95306084449251,10.76851093503535,fH0A_dzt_omSBKemsTVPbQ,1564,1,2371,1,4133,True,fH0A_dzt_omSBKemsTVPbQ
4636,2017,5,381,OSL,59.95503627979882,10.6962702964221,WEXKOgyXo_fwiOLPbZ0U2w,1298,1,2372,1,4136,True,WEXKOgyXo_fwiOLPbZ0U2w
3454,2009,6,471,OSL,59.94201229672793,10.73341840375603,ToxLq6gZPRyjYnPHiSB9Lg,563,1,993,3,4141,True,ToxLq6gZPRyjYnPHiSB9Lg
1692,2012,10,329,OSL,59.92414354869115,10.68843881923839,HFjips5ZVHX_ZiA-x69HPw,819,1,2374,1,4142,True,HFjips5ZVHX_ZiA-x69HPw
2880,2019,9,218,OSL,59.93607156083191,10.68933668860552,OKFJjouTXmrxKhHQVeO7Rw,512,1,2375,2,4151,True,OKFJjouTXmrxKhHQVeO7Rw
1639,2019,10,323,OSL,59.92284364935704,10.7681442899241,nEHKlVyw78CzK81U1x1YXw,1001,0,1185,3,4156,True,nEHKlVyw78CzK81U1x1YXw
3013,2014,6,678,OSL,59.93707121187644,10.75217213374143,igtXmYPjVNRCwR06neVnlw,1274,0,1598,3,4158,True,igtXmYPjVNRCwR06neVnlw
3544,2017,5,451,OSL,59.94289620280917,10.72053973150883,vYSircU4zm_S4MOk7fUycg,594,1,2376,2,4159,True,vYSircU4zm_S4MOk7fUycg
3073,2014,8,108,OSL,59.93801340103138,10.69643250743431,zSgTUikJt5kFq148VwDbCA,1624,0,2377,1,4161,True,zSgTUikJt5kFq148VwDbCA
2738,2009,6,176,OSL,59.93388574304907,10.78127194181056,9tQYk-ThLj9AsAv5GZSN-A,870,1,1550,3,4162,True,9tQYk-ThLj9AsAv5GZSN-A
757,2016,5,543,OSL,59.91394953289469,10.75142591649467,RvEe16ivoqAE0sYoCqfUTQ,1431,2,2378,1,4164,True,RvEe16ivoqAE0sYoCqfUTQ
3874,2019,7,483,OSL,59.94583127285541,10.79193693429774,muh35zgbhR6WUxwxJE8U2Q,1449,2,2379,1,4165,True,muh35zgbhR6WUxwxJE8U2Q
1347,2014,6,91,OSL,59.92105409994645,10.68835093901744,r5krvKV_8axk2unDZ4ILbA,980,0,1161,3,4167,True,r5krvKV_8axk2unDZ4ILbA
2765,2014,5,263,OSL,59.93502481402173,10.68045679995159,cc0ydSisYtBBxMfBiwhU9g,1625,0,2381,3,4169,True,cc0ydSisYtBBxMfBiwhU9g
183,2017,5,557,OSL,59.90201283996585,10.78938878935346,GRrQUI-viAfcH1WR_vlo5Q,1565,1,2382,1,4170,True,GRrQUI-viAfcH1WR_vlo5Q
1755,2014,8,497,OSL,59.92405578806217,10.77536083497907,6Ccx1i0cMrFDjjJrVuE8Gg,371,1,2383,1,4171,True,6Ccx1i0cMrFDjjJrVuE8Gg
2242,2019,9,456,OSL,59.92942294118214,10.78175374407919,J8fkNfFlx7h14wi9rCKO6g,1626,0,2384,3,4173,True,J8fkNfFlx7h14wi9rCKO6g
140,2018,12,562,OSL,59.90101307736391,10.78825873205986,I4xpaAcrmqB138poOeRncQ,424,1,2385,1,4176,True,I4xpaAcrmqB138poOeRncQ
4539,2019,8,151,OSL,59.95413366672764,10.66838227451243,_qucaw7276psG7kHdB44kg,559,1,2386,1,4179,True,_qucaw7276psG7kHdB44kg
2447,2018,12,388,OSL,59.93201747548004,10.64538822699367,Drn5nBMsJJBUBX-gDg5xKw,1287,0,1622,3,4180,True,Drn5nBMsJJBUBX-gDg5xKw
4247,2019,9,336,OSL,59.95110901024439,10.66828571578169,98X6XGZ6rIL9IxhDrqn40w,1627,0,2387,1,4182,True,98X6XGZ6rIL9IxhDrqn40w
3330,2019,10,265,OSL,59.94106764026757,10.64956859718511,ZK_K4ajhXdYkkmPlPJt39g,1486,1,2388,3,4186,True,ZK_K4ajhXdYkkmPlPJt39g
181,2017,5,159,OSL,59.90200664059397,10.78646754633143,2VfIBtNWMA21ShCsDLKAGg,1628,0,2389,3,4187,True,2VfIBtNWMA21ShCsDLKAGg
1502,2019,9,239,OSL,59.92205317697661,10.73739808492854,krZvRAk8z1LPAfe5Dzp5GA,31,1,916,3,4190,True,krZvRAk8z1LPAfe5Dzp5GA
1002,2018,12,236,OSL,59.91700708808157,10.76082098847937,iL2yX7zFrhVeQScn-I7PuA,1629,0,2390,1,4191,True,iL2yX7zFrhVeQScn-I7PuA
1350,2019,9,253,OSL,59.92110244961819,10.69526326323758,7WQwFB5F-ayYa2nC4nGiPA,1630,0,2391,1,4193,True,7WQwFB5F-ayYa2nC4nGiPA
1392,2009,7,293,OSL,59.92121259571345,10.75240943131696,6nqo3j_YSJHUblfb-xXEXA,171,2,2392,1,4194,True,6nqo3j_YSJHUblfb-xXEXA
693,2014,6,333,OSL,59.91291688355172,10.76122124128721,U4oDwy2_tTg2Lu8vV9f89g,1207,1,2393,2,4195,True,U4oDwy2_tTg2Lu8vV9f89g
3019,2014,8,224,OSL,59.93682013977662,10.75981100087224,3sXDLZokai_cie9-MJ5l8w,1459,1,2394,1,4196,True,3sXDLZokai_cie9-MJ5l8w
3369,2017,5,425,OSL,59.94093455767996,10.72724513287431,dUNa0B3yWG5wGbSwWoAGvg,869,1,2395,1,4197,True,dUNa0B3yWG5wGbSwWoAGvg
1498,2019,9,300,OSL,59.92199305806486,10.73218177804942,HHNP1eZz4ygi1B4s0IzKTg,1178,1,2396,1,4198,True,HHNP1eZz4ygi1B4s0IzKTg
1222,2012,10,633,OSL,59.92005086610819,10.66729704331081,mZX9C8pSkigwnzNm1ooRSA,1346,1,2294,3,4201,True,mZX9C8pSkigwnzNm1ooRSA
3716,2018,12,455,OSL,59.94494880621156,10.70849792681174,iGTD1U4K-IL8pq2hx9IQWA,130,2,2397,1,4203,True,iGTD1U4K-IL8pq2hx9IQWA
2045,2017,5,156,OSL,59.92698853208161,10.75906876427849,3SN8QWFGYvOp2zl5k_XFMw,1516,1,2399,2,4206,True,3SN8QWFGYvOp2zl5k_XFMw
2583,2012,10,149,OSL,59.93297644471048,10.70437266415714,offus8EZ2_c_LW4N4wC5vA,1631,0,2401,1,4210,True,offus8EZ2_c_LW4N4wC5vA
1812,2019,9,475,OSL,59.9251650653628,10.71817143324863,h9BqKRkb5fCQc2zGmVv_AA,1359,1,2402,4,4213,True,h9BqKRkb5fCQc2zGmVv_AA
1076,2018,12,215,OSL,59.91793064426307,10.74021006489101,lLzjoFBIBzjpm2V5WT8f9w,1632,0,2403,1,4214,True,lLzjoFBIBzjpm2V5WT8f9w
887,2009,6,401,OSL,59.91600112567175,10.70681921118481,tnsF88QSiaYjdIfvVB7L3g,702,2,2404,1,4215,True,tnsF88QSiaYjdIfvVB7L3g
3458,2014,5,608,OSL,59.94202952039388,10.73724952827925,ya0dGXMgrO9oxXO2rmOL3Q,69,1,2405,2,4217,True,ya0dGXMgrO9oxXO2rmOL3Q
830,2017,7,455,OSL,59.91529472868159,10.73872291673348,8M5BY4XrauHA1Q3DqDQj8Q,1004,1,2406,1,4224,True,8M5BY4XrauHA1Q3DqDQj8Q
238,2014,5,516,OSL,59.90417214564152,10.73879213256407,jhDoGGn2OIA_BksGikFtkA,387,1,2407,4,4228,True,jhDoGGn2OIA_BksGikFtkA
1294,2018,12,340,OSL,59.92007187760596,10.76465996160391,sfabCsjrOc86JvKEEIUZQg,455,1,2409,1,4233,True,sfabCsjrOc86JvKEEIUZQg
4853,2017,5,144,OSL,59.95764392709243,10.6605218006711,sxRHrWrFn9kYx_rb3DCyNg,1538,1,2410,1,4235,True,sxRHrWrFn9kYx_rb3DCyNg
3577,2009,6,444,OSL,59.94312075309957,10.77085662957991,6yx_YzrV343pt-UewvbxVQ,144,1,779,4,4236,True,6yx_YzrV343pt-UewvbxVQ
3215,2019,10,390,OSL,59.93915075316821,10.76901446844839,sJp4AIw6dbvTXiRu--IV_w,1634,0,2411,5,4237,True,sJp4AIw6dbvTXiRu--IV_w
2780,2009,7,284,OSL,59.93464949176204,10.69726551867693,awGFxHEOR1AdVuFn8ru23w,796,0,905,9,4239,True,awGFxHEOR1AdVuFn8ru23w
1086,2014,8,361,OSL,59.91780586450602,10.75279749901665,nzu4K8bfalRN1rB-HjXkpA,1273,1,2412,2,4240,True,nzu4K8bfalRN1rB-HjXkpA
3813,2019,10,341,OSL,59.94632508216839,10.70721650496269,36abzqCRMFhExHx4jhJnwA,945,0,1110,11,4243,True,36abzqCRMFhExHx4jhJnwA
3455,2017,5,418,OSL,59.94223997707225,10.73423702236327,3WqvA33mdVOF25JOUVipTQ,1234,0,1535,4,4247,True,3WqvA33mdVOF25JOUVipTQ
478,2018,12,418,OSL,59.9099932953408,10.74044592049671,1Z9ft3hKGB8_ZlLsafIzQA,1079,1,2414,1,4249,True,1Z9ft3hKGB8_ZlLsafIzQA
2794,2009,7,479,OSL,59.9350596239479,10.71636862104681,0xFUXBUiH5700DOym6PeYg,1123,1,1435,4,4251,True,0xFUXBUiH5700DOym6PeYg
3732,2010,9,437,OSL,59.9449253472016,10.73190673750261,R3fnT3jgfhO0l4QE8jhXuw,1408,1,2415,2,4252,True,R3fnT3jgfhO0l4QE8jhXuw
1521,2014,5,347,OSL,59.92197383328627,10.7643047309306,mn5c4ikuprkRDrMATMZY6Q,862,1,2416,2,4253,True,mn5c4ikuprkRDrMATMZY6Q
3331,2018,12,641,OSL,59.94100893373148,10.67092725237104,FO8cAKzsxIOW4EiXhPNu_w,296,2,2417,1,4254,True,FO8cAKzsxIOW4EiXhPNu_w
2539,2014,5,553,OSL,59.93193008506235,10.78169331657902,J6IhCvCbG60SaoKrY046Rw,215,0,218,4,4255,True,J6IhCvCbG60SaoKrY046Rw
4143,2018,12,376,OSL,59.94888884871084,10.79341502195155,5-1xcRLXP796sKTHdLwFzw,1063,1,2418,1,4256,True,5-1xcRLXP796sKTHdLwFzw
1404,2019,9,598,OSL,59.92117670190193,10.76421903360286,1GdZBZMOXnMhQHNl1A23DQ,1116,1,2419,1,4257,True,1GdZBZMOXnMhQHNl1A23DQ
1070,2019,9,171,OSL,59.91804606676055,10.73171805741404,8s4YBHfs1lyaiBUka1_MXg,269,1,2420,1,4258,True,8s4YBHfs1lyaiBUka1_MXg
1085,2018,12,539,OSL,59.91801823338003,10.75044414370324,aAnaxw1s7bFkO5WU9tfoiw,590,1,2421,3,4260,True,aAnaxw1s7bFkO5WU9tfoiw
2924,2014,5,586,OSL,59.93595201295039,10.76458366295733,xojG41UKUuYN22D39SM1qA,1384,1,2422,1,4263,True,xojG41UKUuYN22D39SM1qA
531,2012,10,636,OSL,59.91096679015172,10.74264818176765,XfLmqH2tiHpy8ZcYgpuSMw,143,0,145,5,4266,True,XfLmqH2tiHpy8ZcYgpuSMw
162,2014,5,466,OSL,59.90189400470134,10.69469894745073,_msOPCwinfAueug2rBNkkQ,1494,1,2423,1,4267,True,_msOPCwinfAueug2rBNkkQ
368,2019,10,275,OSL,59.90812200368609,10.68561319164174,Hr5ZVPeA_vxRebkkED4wvg,1635,0,2424,3,4273,True,Hr5ZVPeA_vxRebkkED4wvg
4721,2009,5,379,OSL,59.95587464770318,10.70344175269896,MeRx6lLynriR8xowmWyB5Q,360,0,375,3,4274,True,MeRx6lLynriR8xowmWyB5Q
3180,2019,9,404,OSL,59.93900516785495,10.7165248898218,GXo0oHALdpveORfGq-FfeQ,708,1,2426,2,4276,True,GXo0oHALdpveORfGq-FfeQ
4147,2019,10,590,OSL,59.9500545945808,10.65663211251333,g-gCNtJXnXtU8jt41DniIw,12,1,2427,1,4280,True,g-gCNtJXnXtU8jt41DniIw
1793,2014,5,221,OSL,59.92498175073544,10.68621728406248,KPjaG9BM8ynTT86Z7Mq4Mw,1579,0,2248,3,4284,True,KPjaG9BM8ynTT86Z7Mq4Mw
601,2019,9,135,OSL,59.91202490724682,10.7233677122555,1EtWK-glQeCR-JbF7wcdLQ,242,1,1841,3,4288,True,1EtWK-glQeCR-JbF7wcdLQ
1658,2017,5,628,OSL,59.9240122487348,10.6444569421645,uVtfXxxXkcj3ZLXI_od3Sw,612,0,664,7,4289,True,uVtfXxxXkcj3ZLXI_od3Sw
3815,2012,10,693,OSL,59.94598671670109,10.7105130894315,cDeEZDunItWPTMgRYeTcRw,1386,0,1802,7,4293,True,cDeEZDunItWPTMgRYeTcRw
2844,2019,7,154,OSL,59.93518236393253,10.7850952965777,SFsDlqoElHP2ttBhck6gwA,960,2,2430,1,4294,True,SFsDlqoElHP2ttBhck6gwA
2957,2014,5,231,OSL,59.93718498503606,10.66731243790787,ukoVpqDaRrevgNcHItopKA,1496,1,2431,2,4296,True,ukoVpqDaRrevgNcHItopKA
836,2019,9,411,OSL,59.91502845501503,10.75145647603679,3qcrusxyXIVNcvrQ8jYh0Q,1005,1,2432,2,4300,True,3qcrusxyXIVNcvrQ8jYh0Q
2525,2009,5,529,OSL,59.93196680058392,10.76230301768321,Bh7htKiAvcu86Mtn-4mJoQ,237,3,2433,2,4302,True,Bh7htKiAvcu86Mtn-4mJoQ
3421,2012,10,302,OSL,59.94192774816163,10.67147279043473,FZdTDfLtuN0AUH4NihDIEA,1553,1,2436,1,4307,True,FZdTDfLtuN0AUH4NihDIEA
2435,2019,9,667,OSL,59.9311612987219,10.78009496945386,jrcxVuVKB_IYQmnIAL07sA,1212,1,2437,1,4308,True,jrcxVuVKB_IYQmnIAL07sA
3051,2014,5,253,OSL,59.93788257209414,10.66895436446628,OVYZ7DHU7pPnM1KvpkjEgA,668,1,2438,1,4314,True,OVYZ7DHU7pPnM1KvpkjEgA
3594,2009,5,208,OSL,59.94390090560508,10.64830023714469,paShdCwEbpvB_BRMGZkZtg,821,2,2439,1,4315,True,paShdCwEbpvB_BRMGZkZtg
1247,2014,8,429,OSL,59.91997322227833,10.70229287396367,w0VVGHdGWlnTzR2BwxgMdQ,1560,1,2440,1,4317,True,w0VVGHdGWlnTzR2BwxgMdQ
1480,2014,8,176,OSL,59.92201017376514,10.71070269333041,ZavaGsvmcg9p9L-Ij3wlMw,1074,0,1284,4,4320,True,ZavaGsvmcg9p9L-Ij3wlMw
2654,2019,9,526,OSL,59.9340011450259,10.66752416751725,qGbYAY2M3OEclPdtfTfpUQ,1181,1,2441,2,4322,True,qGbYAY2M3OEclPdtfTfpUQ
3596,2018,12,124,OSL,59.94435721305825,10.65865884883646,PrZjPQ0W1yTvf4k0VIAHOA,1392,1,2442,3,4323,True,PrZjPQ0W1yTvf4k0VIAHOA
740,2017,5,249,OSL,59.91399915476561,10.71871511914435,fhQLMumvr5JcTD0yUO11Og,205,0,207,3,4324,True,fhQLMumvr5JcTD0yUO11Og
2052,2019,9,134,OSL,59.9269961395845,10.76635780421911,J_1qMpT9Jb_ntaenSQt1oA,896,1,2443,2,4326,True,J_1qMpT9Jb_ntaenSQt1oA
1740,2017,5,55,OSL,59.92401602316129,10.75914889445387,MsydnTzHN4h8H--8eplM7A,1590,1,2444,1,4329,True,MsydnTzHN4h8H--8eplM7A
2442,2017,5,199,OSL,59.93069328202903,10.79215025349594,V2yUvJ4foygSWmcnQbMmJg,1508,1,2445,2,4332,True,V2yUvJ4foygSWmcnQbMmJg
2410,2016,5,478,OSL,59.93099798496699,10.74658496467024,Qmk4uU97qDwdAftuN8JYiQ,147,0,149,4,4334,True,Qmk4uU97qDwdAftuN8JYiQ
1607,2017,5,281,OSL,59.92304833555393,10.72630536215903,mP559LyyNpC7DiT12sOiyA,1586,0,2275,5,4337,True,mP559LyyNpC7DiT12sOiyA
2709,2009,6,440,OSL,59.93403458796694,10.74323514833137,sKVkZOTvc7BGEtQXrC788Q,1362,1,2447,1,4340,True,sKVkZOTvc7BGEtQXrC788Q
2891,2017,5,436,OSL,59.93603927728352,10.70217669403621,3DGspa5CsYh9uG9mEliG9g,817,2,1098,3,4344,True,3DGspa5CsYh9uG9mEliG9g
3474,2018,12,507,OSL,59.94184202490935,10.76028152181585,YtQEnhnm1ySLcjgF4HXWSA,800,1,2448,1,4345,True,YtQEnhnm1ySLcjgF4HXWSA
1703,2018,12,307,OSL,59.92393010412896,10.71103933075943,5n_t-u3P1QN0uL_7Wb7qHg,1112,2,2449,2,4348,True,5n_t-u3P1QN0uL_7Wb7qHg
1039,2018,12,432,OSL,59.91806036283131,10.68834673240215,67SQU1G6pVqvXr_sBj0l1A,623,1,2450,1,4353,True,67SQU1G6pVqvXr_sBj0l1A
3720,2012,10,94,OSL,59.94476757969883,10.71223111745138,KeIdZWr3ZjzvBEAREI39RA,706,0,784,5,4354,True,KeIdZWr3ZjzvBEAREI39RA
4355,2017,5,402,OSL,59.9517637662704,10.67338491987791,oADR2kXD7aKaZ58ohBp0Ig,1070,1,2451,1,4357,True,oADR2kXD7aKaZ58ohBp0Ig
1343,2019,9,61,OSL,59.92110024845431,10.68154794239848,UkaNNnzZDs2hYIqg9kvUYg,471,2,2452,2,4360,True,UkaNNnzZDs2hYIqg9kvUYg
3814,2018,12,393,OSL,59.9459118024836,10.70883784624981,BZvGkCQuFOkl7H6zbvnurA,964,0,1138,3,4365,True,BZvGkCQuFOkl7H6zbvnurA
3474,2012,10,346,OSL,59.94180913258772,10.76038430747393,cqcNlzpQd4_cRuky7q0Lvg,800,0,911,4,4367,True,cqcNlzpQd4_cRuky7q0Lvg
4488,2019,6,148,OSL,59.95310401501809,10.74532838712165,47PzeSEsMMPAvebqdhVjng,802,1,2453,3,4376,True,47PzeSEsMMPAvebqdhVjng
1001,2009,6,399,OSL,59.91700627394628,10.76049669061833,T1AOb2XYZ7cayA5ESoV3wA,1642,0,2454,2,4378,True,T1AOb2XYZ7cayA5ESoV3wA
716,2014,8,594,OSL,59.91392628494872,10.64351485695803,VE1bvOEQrlcvyf_S0ilLoA,1643,0,2455,7,4379,True,VE1bvOEQrlcvyf_S0ilLoA
1277,2018,12,232,OSL,59.92004074893465,10.73539717119949,PYEo6LHTgQ2h5XeKfh-Prg,336,2,2456,1,4380,True,PYEo6LHTgQ2h5XeKfh-Prg
1189,2009,7,113,OSL,59.91905156888738,10.75731667490092,DepjknwH4Q0xdnlmiyc5sw,1491,0,2017,6,4386,True,DepjknwH4Q0xdnlmiyc5sw
1526,2019,10,447,OSL,59.92202833802546,10.77143642765689,fo5waeTDYK97MgP5Zew9IA,98,2,2457,1,4391,True,fo5waeTDYK97MgP5Zew9IA
3408,2009,5,441,OSL,59.942195991958,10.64746100706842,TxFICjgJxst98IItpKo3Bw,1539,1,2458,2,4393,True,TxFICjgJxst98IItpKo3Bw
2522,2018,12,467,OSL,59.93197025751427,10.75993931828088,tPMCvQkyeAR_TQvl_vo0uA,58,0,58,4,4394,True,tPMCvQkyeAR_TQvl_vo0uA
1613,2014,8,336,OSL,59.92301698096365,10.73354743094288,B_5n9e_PxsrXxLiLkCu-Sg,923,1,2460,2,4398,True,B_5n9e_PxsrXxLiLkCu-Sg
3105,2014,5,577,OSL,59.93805809220054,10.75241057215976,8BwAG4JgNzt4-M7e5Zvuag,1645,0,2461,1,4399,True,8BwAG4JgNzt4-M7e5Zvuag
1961,2009,6,366,OSL,59.9258763509367,10.7782839067282,SNJSY9lw1fQSbDeBENpvtg,168,1,1399,4,4401,True,SNJSY9lw1fQSbDeBENpvtg
1908,2018,12,219,OSL,59.9259133417427,10.71666581100522,dTsf5_7-r675idpX1nWKFg,321,2,2463,1,4402,True,dTsf5_7-r675idpX1nWKFg
3118,2017,5,103,OSL,59.9378972544119,10.76596323014133,g5R5OwcPDkLrdFbC-6mQ7w,849,1,2464,3,4405,True,g5R5OwcPDkLrdFbC-6mQ7w
2484,2012,10,329,OSL,59.93200681456248,10.71245907800801,9L5Q1FJ9YJv9BuGunwG7sw,805,1,2465,1,4408,True,9L5Q1FJ9YJv9BuGunwG7sw
1828,2019,9,71,OSL,59.9251393072912,10.73759205817722,fimKj5VW5Y3DasJ9LmvdVg,399,0,416,5,4411,True,fimKj5VW5Y3DasJ9LmvdVg
2862,2019,9,647,OSL,59.93608588683684,10.66836585063602,5aM0ia-fjSSjqbdBTsiLyg,748,0,842,3,4412,True,5aM0ia-fjSSjqbdBTsiLyg
1487,2018,12,429,OSL,59.92216362880695,10.71759942696257,py6CskosBGkxxL8yC-gXMQ,1646,0,2466,1,4413,True,py6CskosBGkxxL8yC-gXMQ
2657,2018,12,240,OSL,59.93390402783848,10.67045934494484,VMmYEvMqD80oOSxZBdMN3g,1648,0,2468,2,4419,True,VMmYEvMqD80oOSxZBdMN3g
3659,2009,6,625,OSL,59.94387324908102,10.76045440750097,szMnaWegUA5GmNxFdVVqew,1649,0,2470,3,4427,True,szMnaWegUA5GmNxFdVVqew
2462,2018,12,614,OSL,59.93193871580596,10.66844627779776,4s4xJB1no5a8pGWe_SjzTQ,289,1,2471,2,4428,True,4s4xJB1no5a8pGWe_SjzTQ
4764,2012,10,179,OSL,59.9559476003197,10.78924064254589,x-pWlvCkHnL6KC5xtckAKw,1110,1,2472,2,4429,True,x-pWlvCkHnL6KC5xtckAKw
2825,2009,6,108,OSL,59.93507492078315,10.75534108411442,DX9o-JdSvdhU7G5eTZ3efw,1497,1,2473,3,4430,True,DX9o-JdSvdhU7G5eTZ3efw
2680,2012,10,603,OSL,59.93395258694165,10.70370220177585,KmGCjTnRZoqAFq1sct_v9Q,1650,0,2474,2,4431,True,KmGCjTnRZoqAFq1sct_v9Q
3268,2012,10,95,OSL,59.93998684425156,10.70522016165413,k50daynaktO1cGhuUI5yLw,767,0,866,5,4434,True,k50daynaktO1cGhuUI5yLw
2099,2016,5,279,OSL,59.92813295160187,10.70882758197954,mCcEN9CkwfsxeCmAeAbzHg,2,2,2476,1,4438,True,mCcEN9CkwfsxeCmAeAbzHg
3333,2019,10,198,OSL,59.94106821563021,10.67448753994033,BBjXibaqW5_pPkg75rZe8A,956,0,1126,3,4439,True,BBjXibaqW5_pPkg75rZe8A
1287,2014,5,332,OSL,59.92013383742173,10.75636130175288,JdZjuKCkciR3P2MHURHlpg,948,1,2477,2,4443,True,JdZjuKCkciR3P2MHURHlpg
1849,2019,9,420,OSL,59.92506428208175,10.76337185929185,H9zzpfEATrw6WUz9gY3eCA,15,1,1065,5,4449,True,H9zzpfEATrw6WUz9gY3eCA
4915,2019,6,463,OSL,59.95813059952131,10.7633686000405,o9nUjASLzIbazVs-NHF51A,1271,1,2478,1,4451,True,o9nUjASLzIbazVs-NHF51A
1793,2018,12,238,OSL,59.92497992886253,10.6862273950029,PBWV0cjTEQKcm0UKg03EeQ,1579,1,2479,2,4453,True,PBWV0cjTEQKcm0UKg03EeQ
982,2014,8,342,OSL,59.91690433064492,10.73336499278036,OGONh28Cs3B4QQjXwsC_fw,1132,1,2480,3,4455,True,OGONh28Cs3B4QQjXwsC_fw
2742,2018,12,367,OSL,59.93400686266523,10.78543898969786,CiPZagorrZG5YZiIZOuqrw,207,1,2481,2,4456,True,CiPZagorrZG5YZiIZOuqrw
2842,2010,9,545,OSL,59.9348843268682,10.77948300190873,8ViMC_6PW80D9xt4c4hq5w,982,0,1163,11,4460,True,8ViMC_6PW80D9xt4c4hq5w
3745,2012,10,422,OSL,59.94511934425549,10.74400970573308,RNcN9IBA6_gTOpCJVvLcAA,713,0,791,4,4461,True,RNcN9IBA6_gTOpCJVvLcAA
3703,2018,12,443,OSL,59.94479944880013,10.69341986197741,wkq8D-MweBOWHijYsmSv4g,84,1,2483,2,4464,True,wkq8D-MweBOWHijYsmSv4g
2471,2017,5,455,OSL,59.93199117389918,10.68241404027306,rwHlYY12UAq5wSuk7NxviA,1219,1,2484,1,4471,True,rwHlYY12UAq5wSuk7NxviA
2515,2014,8,296,OSL,59.93202115049925,10.74908726287157,LItXEQck1s6XiSRmNF0cKQ,865,2,2485,2,4476,True,LItXEQck1s6XiSRmNF0cKQ
917,2019,9,346,OSL,59.91602859836912,10.75959374147459,RAfdiiWTTJUobcwAUdhE4Q,1500,0,2040,4,4477,True,RAfdiiWTTJUobcwAUdhE4Q
4540,2009,5,214,OSL,59.95414544486378,10.66932569181748,7HpYMmyMmu6xnvF2FF9fig,1333,1,2486,2,4484,True,7HpYMmyMmu6xnvF2FF9fig
1710,2019,10,108,OSL,59.92409498268311,10.71964985156546,nvXFJY0ZgfFpTVYFQ0gsGg,801,0,912,5,4485,True,nvXFJY0ZgfFpTVYFQ0gsGg
1524,2014,8,103,OSL,59.92241617414403,10.76977184665935,OEGB7we-Rdf6N1r18zzlCQ,718,2,2487,2,4490,True,OEGB7we-Rdf6N1r18zzlCQ
2892,2019,9,286,OSL,59.93607566854291,10.70647206407957,soo52i_qVceBpSRc6AJYJQ,1651,0,2488,2,4491,True,soo52i_qVceBpSRc6AJYJQ
680,2016,5,566,OSL,59.91298245599979,10.7363514578143,X7SEiykHUHUwFy5VnU4sgw,877,0,1018,3,4493,True,X7SEiykHUHUwFy5VnU4sgw
3206,2018,12,511,OSL,59.93888154586163,10.75594080502612,aneC9iZjd3y5eou6uHml6Q,1302,3,2489,2,4497,True,aneC9iZjd3y5eou6uHml6Q
3820,2018,12,369,OSL,59.9460435184475,10.71765354731401,E3L82x-W1ncALZNvzlYgvQ,1058,1,2490,2,4499,True,E3L82x-W1ncALZNvzlYgvQ
3888,2016,5,528,OSL,59.94686964402705,10.65845176063704,v8YPrI9cRiZ6A2rSJ-q6Lw,1639,0,2434,5,4500,True,v8YPrI9cRiZ6A2rSJ-q6Lw
3764,2019,8,450,OSL,59.94498873001614,10.77735545007156,ZeRkj9DTsoWtq6qvcAiRqA,1519,0,2080,3,4504,True,ZeRkj9DTsoWtq6qvcAiRqA
347,2009,6,571,OSL,59.90699995587321,10.74422640797979,J8BoOAN1D74ES8QKvNIBtQ,1105,2,2493,1,4506,True,J8BoOAN1D74ES8QKvNIBtQ
3551,2019,10,343,OSL,59.94306842623377,10.73030869410671,vJM7RXRRFnZupffv1skpSA,506,0,543,5,4511,True,vJM7RXRRFnZupffv1skpSA
4829,2017,5,505,OSL,59.92827981018553,10.75491829062575,t9vTBOJOhQ_OFyBZVxVTUw,212,1,2497,3,4518,True,t9vTBOJOhQ_OFyBZVxVTUw
1040,2014,5,388,OSL,59.91805372520339,10.6894867429597,Ud1gw4Pp50U7_Y-aRsO61g,267,0,272,7,4524,True,Ud1gw4Pp50U7_Y-aRsO61g
3105,2018,12,368,OSL,59.93804056714671,10.75243329997794,iKdyp7ITNIx7mhUbD41_-g,1645,1,2499,1,4532,True,iKdyp7ITNIx7mhUbD41_-g
1943,2019,9,317,OSL,59.92613540251161,10.7584304957929,i1SnLL4BJjvDM2gAtmBNjw,889,1,2500,3,4534,True,i1SnLL4BJjvDM2gAtmBNjw
2155,2014,5,339,OSL,59.92813533487178,10.7799463955589,vzZgkzypDYTS4Ppbp4gr_g,518,2,2501,1,4535,True,vzZgkzypDYTS4Ppbp4gr_g
522,2019,6,293,OSL,59.91092348426736,10.70643595702447,1Fy0iPh69xmPkD-BbI2gMQ,832,1,2502,4,4539,True,1Fy0iPh69xmPkD-BbI2gMQ
3350,2012,10,461,OSL,59.94113242505385,10.70026850250502,mwayuCevyVmkagMSO_wLGw,686,0,756,5,4542,True,mwayuCevyVmkagMSO_wLGw
1621,2018,12,211,OSL,59.92289065634288,10.74075696765224,78lBGZTbo9cjNI1uKrp_Fg,75,1,2503,1,4543,True,78lBGZTbo9cjNI1uKrp_Fg
4754,2017,6,238,OSL,59.95603288407537,10.76637265978098,5EZpVjo0j3bTZo5rynAlVQ,461,2,2504,1,4545,True,5EZpVjo0j3bTZo5rynAlVQ
3240,2019,9,442,OSL,59.94006480803436,10.67018628184212,uZM1ZBpfkPxw7g5Thc0Y6w,1654,0,2505,1,4554,True,uZM1ZBpfkPxw7g5Thc0Y6w
3909,2018,12,719,OSL,59.94705098891636,10.70575874094349,LeCIlC0vcELioLNuxJnzeA,1502,1,2507,1,4556,True,LeCIlC0vcELioLNuxJnzeA
4382,2012,10,635,OSL,59.95221403263177,10.73305907071557,GKQuRUl-GL5UunbidI-qqg,519,1,2508,2,4557,True,GKQuRUl-GL5UunbidI-qqg
4495,2019,10,308,OSL,59.95299664811699,10.75256673971593,FktHE-MGuE8BcNUldtIClw,1134,0,1369,6,4560,True,FktHE-MGuE8BcNUldtIClw
4531,2019,10,394,OSL,59.95401409648463,10.64375191404019,oFj_CFTDe0OkNAriG9v2yA,1656,0,2509,4,4562,True,oFj_CFTDe0OkNAriG9v2yA
3713,2012,10,481,OSL,59.94483003135306,10.70569905970308,3gBnkhiE2TusGGzxoc58yw,1360,0,1756,4,4569,True,3gBnkhiE2TusGGzxoc58yw
2242,2017,5,277,OSL,59.92941185323927,10.78177849159106,wuNtQ7uOIX4uI55Z7jNjWQ,1626,1,2513,2,4575,True,wuNtQ7uOIX4uI55Z7jNjWQ
1836,2016,5,426,OSL,59.92512263915517,10.74530103789214,ASr6g435i0yx0jk7mCu8cw,887,2,2515,1,4577,True,ASr6g435i0yx0jk7mCu8cw
1633,2014,5,635,OSL,59.92341222808878,10.75855137528855,xapofqPHO4GgCO14AOhomw,1531,0,2105,4,4585,True,xapofqPHO4GgCO14AOhomw
905,2018,12,381,OSL,59.9160575275131,10.74345506566609,JL4Fpgonnp0TbgNBLQxRBA,1660,0,2516,1,4588,True,JL4Fpgonnp0TbgNBLQxRBA
619,2019,9,374,OSL,59.91201067790953,10.75457359843584,1VMnddRLmswYlkX3nvh3NQ,1661,0,2518,4,4598,True,1VMnddRLmswYlkX3nvh3NQ
3907,2019,10,496,OSL,59.94705846493078,10.70261549234139,FfvMAOn2eDNB-PJbuxrPEg,1166,2,2519,1,4599,True,FfvMAOn2eDNB-PJbuxrPEg
3277,2017,5,166,OSL,59.93996110356867,10.71741098845367,1JFNqzQujjJt95sKJG3jMg,1059,2,2521,1,4602,True,1JFNqzQujjJt95sKJG3jMg
1083,2009,6,303,OSL,59.91807424723363,10.74731163774627,wswK8a_EnlY_I-c9M2WYHA,1507,1,2522,2,4603,True,wswK8a_EnlY_I-c9M2WYHA
2483,2014,8,255,OSL,59.93223120305206,10.71209967908608,SHDF2nk2kt6COAVap7r1ug,794,1,2523,1,4605,True,SHDF2nk2kt6COAVap7r1ug
999,2014,5,547,OSL,59.91706063922781,10.75547975108718,wfek1u6FPX8ZB8Cex8KiZA,657,0,718,5,4608,True,wfek1u6FPX8ZB8Cex8KiZA
2409,2014,8,368,OSL,59.93093507050131,10.74264633516555,e447aRFJUbxUHG3hOjuNbQ,684,1,2525,1,4616,True,e447aRFJUbxUHG3hOjuNbQ
1222,2009,5,437,OSL,59.92005499044101,10.66732162272981,SvTqyqwkF_6WYrPEzrgfFQ,1346,2,2526,1,4622,True,SvTqyqwkF_6WYrPEzrgfFQ
3459,2018,12,600,OSL,59.94232068788767,10.73801822995896,b97DW65yw_JAyY9MoHJzWQ,487,1,2527,1,4625,True,b97DW65yw_JAyY9MoHJzWQ
1872,2009,6,93,OSL,59.92510380733408,10.78952434488719,B4JybX81O4mlMOtKaMs_Jw,1664,0,2530,1,4632,True,B4JybX81O4mlMOtKaMs_Jw
3354,2018,12,300,OSL,59.94104834660644,10.70418834348091,5z2hHBdjaQ4xyXiy9CjNWw,1343,2,2531,2,4635,True,5z2hHBdjaQ4xyXiy9CjNWw
3612,2019,10,474,OSL,59.94407050338371,10.6886348566667,RrCDL2MjQDe_6ebIAewYWA,1528,1,2532,1,4636,True,RrCDL2MjQDe_6ebIAewYWA
791,2019,8,405,OSL,59.91529328233199,10.65146002929629,DaE8JdJYR7VmGhjf2K1Z2w,38,0,38,9,4640,True,DaE8JdJYR7VmGhjf2K1Z2w
1723,2018,12,527,OSL,59.92406287174177,10.73740533723581,RQg8pY4isRPUnQlIH_BvXw,219,0,222,3,4642,True,RQg8pY4isRPUnQlIH_BvXw
2032,2009,6,299,OSL,59.92700502625615,10.74553609223846,x6yHU8tM3tKe1qdPFzhpBw,1665,0,2533,2,4651,True,x6yHU8tM3tKe1qdPFzhpBw
2063,2018,12,469,OSL,59.92706448264627,10.78037443370706,Z5spqSJyYgTPv7HZlhYQAw,462,1,2534,1,4652,True,Z5spqSJyYgTPv7HZlhYQAw
1399,2018,12,522,OSL,59.92107860496844,10.75957662595593,4xxdRQo_WSJFZh8MTZZc_w,1666,0,2535,2,4653,True,4xxdRQo_WSJFZh8MTZZc_w
2508,2018,12,296,OSL,59.93210063302941,10.7416207431458,sSTMwYUrV8eliw9Cjk7aFw,110,0,110,4,4654,True,sSTMwYUrV8eliw9Cjk7aFw
3010,2018,12,314,OSL,59.93701352684631,10.7485760875783,M2_2_syUXIAKh5bt_y_ilQ,1667,0,2536,3,4655,True,M2_2_syUXIAKh5bt_y_ilQ
3240,2012,10,638,OSL,59.9400782973646,10.67015930737337,NynaDIQaV8ykBNVqCKDcxQ,1654,1,2537,2,4659,True,NynaDIQaV8ykBNVqCKDcxQ
2099,2019,10,474,OSL,59.92817704168647,10.7088148139757,z3gOIgI4RD1aO4ggkeLfEQ,2,0,2,4,4661,True,z3gOIgI4RD1aO4ggkeLfEQ
4317,2009,5,296,OSL,59.95111464221925,10.76670866359847,lGpVvccbdnFXY0Qk-g6TjQ,388,1,2538,1,4663,True,lGpVvccbdnFXY0Qk-g6TjQ
536,2009,6,352,OSL,59.91107639231824,10.74814727095917,4s0P-c1RU4T5iW0kw2lAKg,1266,0,1584,6,4670,True,4s0P-c1RU4T5iW0kw2lAKg
2991,2019,10,392,OSL,59.93714519183489,10.7068867732344,kkCpdLepaqoa2dozEfQRhg,1668,0,2539,6,4672,True,kkCpdLepaqoa2dozEfQRhg
2629,2009,6,543,OSL,59.93302974457065,10.77030633564059,cxAoWSMsle3A3yL-7sJjmw,1421,1,2540,1,4675,True,cxAoWSMsle3A3yL-7sJjmw
2793,2014,5,493,OSL,59.93506055328079,10.71543352053524,2aUIo0JLVRvYin2iZW16wQ,1387,1,2541,1,4676,True,2aUIo0JLVRvYin2iZW16wQ
427,2018,12,133,OSL,59.90925602957416,10.75176537901979,7hxUzQwel_RZMKHdhysNbg,1669,0,2542,1,4679,True,7hxUzQwel_RZMKHdhysNbg
1950,2009,6,142,OSL,59.92629635823813,10.76783284123104,y7OEWsMm6GU4YZiRS0kvSA,446,1,1677,3,4685,True,y7OEWsMm6GU4YZiRS0kvSA
4222,2012,10,297,OSL,59.94991237110433,10.76888270107394,RWNfyiZcyINApbi2wY-jXA,1185,1,2543,1,4686,True,RWNfyiZcyINApbi2wY-jXA
3981,2019,10,206,OSL,59.94808142489434,10.67642233302517,fOVR0VjHVw2UtpBIPu9j9A,533,1,2545,1,4690,True,fOVR0VjHVw2UtpBIPu9j9A
4189,2017,6,477,OSL,59.95007151491717,10.72523237689299,Tmc4FKa1B9-mpfabbvJo7A,886,2,2546,1,4692,True,Tmc4FKa1B9-mpfabbvJo7A
1472,2012,10,231,OSL,59.9221620924829,10.70253383998506,VrVH4x5zAW403A7ustJKYA,963,1,2547,1,4694,True,VrVH4x5zAW403A7ustJKYA
3799,2019,10,273,OSL,59.94616610913098,10.68677320097109,I_o4Kpk9g_ZwWPUDDlff6w,1003,0,1187,4,4696,True,I_o4Kpk9g_ZwWPUDDlff6w
657,2017,5,509,OSL,59.91303847369134,10.70131318779392,bgVPl5ridxAQfNvq2knmfw,391,0,408,15,4698,True,bgVPl5ridxAQfNvq2knmfw
4162,2016,5,390,OSL,59.95004465447374,10.67574251060356,3_RzLThB8SGhlFa_ao91jg,1670,0,2548,2,4699,True,3_RzLThB8SGhlFa_ao91jg
3211,2019,8,249,OSL,59.93917747795095,10.76029593179057,1NDfKMl7ExeJ6rswhI6Gkg,871,1,2549,1,4705,True,1NDfKMl7ExeJ6rswhI6Gkg
4206,2019,9,413,OSL,59.94996134270508,10.75057724274876,1qsP4T2LegB0cQW3YLXBRA,929,1,1427,3,4706,True,1qsP4T2LegB0cQW3YLXBRA
4215,2018,12,499,OSL,59.95011453998568,10.7608083658652,gfUYDefWKBFPXCoFv0Jntg,21,2,2550,1,4707,True,gfUYDefWKBFPXCoFv0Jntg
3333,2014,5,31,OSL,59.94104325700134,10.67441767774677,cbVVbo-aKTqsbH9IzKGxZQ,956,1,2551,1,4708,True,cbVVbo-aKTqsbH9IzKGxZQ
4234,2009,5,409,OSL,59.94997229205622,10.78855587156577,xZAynoPekSZtlcoSDOyfkw,617,1,2552,1,4711,True,xZAynoPekSZtlcoSDOyfkw
2922,2009,6,548,OSL,59.93598203894564,10.76203635060062,h45TmPPQRN_BT3BtHnqhXQ,427,1,1795,3,4713,True,h45TmPPQRN_BT3BtHnqhXQ
1130,2014,8,81,OSL,59.91897029663769,10.68238115163016,dkSnLTpd6HcinI7aUlIIaw,564,0,606,8,4716,True,dkSnLTpd6HcinI7aUlIIaw
3392,2018,12,580,OSL,59.94108953835265,10.775346816154,refwIVd5P6LHRU5CH1aUFA,1282,2,2553,1,4718,True,refwIVd5P6LHRU5CH1aUFA
2715,2014,8,328,OSL,59.93414205083759,10.75611775086278,xy2VVfkhNCInub0beugoJg,1608,0,2327,5,4719,True,xy2VVfkhNCInub0beugoJg
3164,2019,10,524,OSL,59.9389639702038,10.697042295389,MVDUQJnFuk4xNU0rgwYsdg,1383,1,2554,2,4720,True,MVDUQJnFuk4xNU0rgwYsdg
1187,2019,9,400,OSL,59.91912824512162,10.75434628146726,BC9YIOP7MyITtN9BD_jA0g,1400,1,2555,1,4724,True,BC9YIOP7MyITtN9BD_jA0g
2137,2014,5,409,OSL,59.92833676828676,10.75623914332715,ofJelUDEPXPiMV8-hZernQ,1269,0,1588,3,4725,True,ofJelUDEPXPiMV8-hZernQ
3332,2019,9,409,OSL,59.9410742519981,10.67099562635713,ncMUzUtUlXjIzx8S20hpqg,296,3,2556,3,4726,True,ncMUzUtUlXjIzx8S20hpqg
1712,2009,7,486,OSL,59.92408162100209,10.72218598728384,6lRbQnm3W4VovupPBI9UeA,798,1,1382,4,4727,True,6lRbQnm3W4VovupPBI9UeA
1386,2018,12,327,OSL,59.92124670647576,10.73722289834246,dUOduv3PNGHHmu7d44Ou1A,1512,0,2068,5,4728,True,dUOduv3PNGHHmu7d44Ou1A
3125,2019,8,460,OSL,59.93814587480374,10.77428781215096,tVKVeHi7HTgsW48YzVEkLQ,1069,2,2557,4,4735,True,tVKVeHi7HTgsW48YzVEkLQ
1834,2019,9,206,OSL,59.92499400318328,10.743265942304,NCWromniON-YB5QRuYFt8w,1600,1,2558,2,4736,True,NCWromniON-YB5QRuYFt8w
1350,2009,6,269,OSL,59.92109553137442,10.69524307396734,Fq5bD__diIyfGNlWOTHRog,1630,1,2560,2,4742,True,Fq5bD__diIyfGNlWOTHRog
4444,2017,5,697,OSL,59.95298006382944,10.67387894631921,1iUk75wH_92sQ3y-c3k2EQ,263,2,2561,3,4744,True,1iUk75wH_92sQ3y-c3k2EQ
2632,2019,9,529,OSL,59.93305097854704,10.78144464624317,rreMo79hzCKSHX18Onzntg,1672,0,2562,1,4747,True,rreMo79hzCKSHX18Onzntg
1653,2019,9,495,OSL,59.92292511509962,10.7886515254055,Nkb3mZzSUXxnZVfHfsFcbg,1499,0,2039,5,4751,True,Nkb3mZzSUXxnZVfHfsFcbg
3779,2009,5,181,OSL,59.94623689021385,10.64359472322869,ZaxBJrfNCLHIJ2ZHj266fQ,1019,1,2563,1,4756,True,ZaxBJrfNCLHIJ2ZHj266fQ
3894,2019,10,480,OSL,59.94708588124584,10.67669518518649,oUP5guBpcBJWbwNj4IyTtA,1011,1,2564,1,4762,True,oUP5guBpcBJWbwNj4IyTtA
4768,2019,8,241,OSL,59.9569783211214,10.64223058135986,sxOl_PK88NnWIGw0WlEwNQ,1530,0,2104,3,4771,True,sxOl_PK88NnWIGw0WlEwNQ
820,2018,12,103,OSL,59.91531447892301,10.72450812552721,HF0Rj_6Mxz8UjcHpDvZCcw,1044,0,1242,5,4777,True,HF0Rj_6Mxz8UjcHpDvZCcw
4774,2019,6,152,OSL,59.95688629376517,10.66194815640534,xeyBpJ8rsI039-ITjMhlQQ,1673,0,2566,1,4779,True,xeyBpJ8rsI039-ITjMhlQQ
1762,2018,12,501,OSL,59.92399141876828,10.7913308428728,eL9Y6kVtIu08Ub3kXe8SDQ,1354,2,2567,1,4780,True,eL9Y6kVtIu08Ub3kXe8SDQ
3676,2009,5,603,OSL,59.94367537715443,10.78839503992507,XIEgxVmMh1ssRURRw3FftQ,452,0,478,3,4796,True,XIEgxVmMh1ssRURRw3FftQ
1133,2018,12,690,OSL,59.9189902701253,10.68652058433566,Xyz-8VzPkJBQuV_0r3UnhQ,850,1,2571,2,4799,True,Xyz-8VzPkJBQuV_0r3UnhQ
952,2009,4,167,OSL,59.91721199339387,10.69108345647582,XbkjJKoNRTHw5MjWOawwpg,648,0,709,11,4801,True,XbkjJKoNRTHw5MjWOawwpg
918,2014,8,310,OSL,59.91605527410775,10.76260492302699,7dEDtT-3yrMZgR8daO0GPw,1165,0,1422,5,4802,True,7dEDtT-3yrMZgR8daO0GPw
2548,2018,12,439,OSL,59.93297667540219,10.6497370927892,aLJcEY5WJrTFxyIHXpPcfw,1405,1,2574,1,4812,True,aLJcEY5WJrTFxyIHXpPcfw
482,2017,5,348,OSL,59.91014270923061,10.74549046846284,Yp40WOTA008Hk4LIFMWwkw,1676,0,2575,1,4813,True,Yp40WOTA008Hk4LIFMWwkw
1078,2017,5,199,OSL,59.91818129760414,10.74235739171841,jCwtXSZ727dlRxqTe7BnEg,1265,0,1582,5,4815,True,jCwtXSZ727dlRxqTe7BnEg
3181,2018,12,445,OSL,59.9386102994472,10.71831860734876,_iPXZsy_M2UnVjEw5bpUoQ,1678,0,2577,1,4823,True,_iPXZsy_M2UnVjEw5bpUoQ
2920,2018,12,582,OSL,59.93601086708568,10.76047061656722,dAJCiYp1gW666TRRWJPe_Q,1679,0,2578,2,4825,True,dAJCiYp1gW666TRRWJPe_Q
1192,2018,12,211,OSL,59.9191027640199,10.7625571449044,t6ZLr3UnTkirOi5cw1d2Ow,1680,0,2579,1,4826,True,t6ZLr3UnTkirOi5cw1d2Ow
1624,2014,5,248,OSL,59.92329739398093,10.74517954823659,wxIf3cf2gWVxgMQ7sxiBqQ,1199,1,2580,1,4830,True,wxIf3cf2gWVxgMQ7sxiBqQ
2613,2014,5,543,OSL,59.9330480692924,10.7524261273132,Qsev79yEZTgXFxo6ey7HKw,1399,2,2581,1,4831,True,Qsev79yEZTgXFxo6ey7HKw
4597,2019,7,273,OSL,59.95404924336554,10.77045699467564,WI5mXcuMl_3JNEKxF0_rhw,968,1,2582,2,4833,True,WI5mXcuMl_3JNEKxF0_rhw
2467,2014,5,423,OSL,59.93205331872613,10.67611766604489,1JGnSApBm9ROtB3NMAhNEQ,1469,1,2075,4,4836,True,1JGnSApBm9ROtB3NMAhNEQ
2151,2012,10,388,OSL,59.92790344164194,10.77223747156776,H0HBnITGS-lb8mJfoY59Kw,1251,0,1559,4,4839,True,H0HBnITGS-lb8mJfoY59Kw
4409,2017,5,211,OSL,59.95208915287562,10.76605124517756,4S2AfVKrHGKe2ZGBkDtz0A,1457,0,1951,4,4843,True,4S2AfVKrHGKe2ZGBkDtz0A
427,2017,5,114,OSL,59.90927098851857,10.75175728886438,dPesAQWeCcEf4D4TlWPQHg,1669,1,2584,2,4845,True,dPesAQWeCcEf4D4TlWPQHg
2446,2018,12,177,OSL,59.93195413250523,10.64448296293295,aIfnEJiKTFmtjPDlzsNIRw,1442,1,2585,2,4850,True,aIfnEJiKTFmtjPDlzsNIRw
1713,2017,5,290,OSL,59.92399260927896,10.72364389971,_xYHWIGcnOp6vhPmIeiPXw,1419,2,2586,1,4856,True,_xYHWIGcnOp6vhPmIeiPXw
2525,2019,9,613,OSL,59.93201052350075,10.7623070992558,UEWUgPdQKdSaIiAtBd-zHQ,237,2,1363,4,4860,True,UEWUgPdQKdSaIiAtBd-zHQ
1288,2009,7,477,OSL,59.92011293595312,10.75837459712728,0gFzdZvFpLBAZQ5ARK7pxw,662,0,727,3,4865,True,0gFzdZvFpLBAZQ5ARK7pxw
682,2016,5,292,OSL,59.91305595123908,10.73851141624248,x1G-AvKTprBgaHVDHGv_Mg,1329,2,2588,1,4869,True,x1G-AvKTprBgaHVDHGv_Mg
1586,2019,10,421,OSL,59.92292214628073,10.70336433144134,paIPDNXZHq5EN_lD54xIWg,732,0,818,5,4871,True,paIPDNXZHq5EN_lD54xIWg
3108,2009,6,486,OSL,59.93812088028615,10.75516267711982,AYpUgdS8lyA6RgrH6g5xDg,1324,1,2589,2,4876,True,AYpUgdS8lyA6RgrH6g5xDg
1236,2017,5,66,OSL,59.92004328699966,10.69142234431215,Qj2Me77D42V7Ie6J0AGVSA,13,2,2590,1,4877,True,Qj2Me77D42V7Ie6J0AGVSA
1278,2019,9,525,OSL,59.92014683752676,10.73934456154592,CEKVqpbHZx0twbIRuczbQg,930,1,2591,2,4878,True,CEKVqpbHZx0twbIRuczbQg
606,2019,9,344,OSL,59.91202179108373,10.73654219876825,ajjXkiO-ChAzsCz7VXH93w,1098,0,1315,6,4879,True,ajjXkiO-ChAzsCz7VXH93w
1517,2017,5,235,OSL,59.9223133649396,10.76043800756844,E3KRfUonXNNHDJCcrFPgMA,552,1,2592,1,4880,True,E3KRfUonXNNHDJCcrFPgMA
1097,2018,12,391,OSL,59.91799056158452,10.76639510204943,m6vqkJhEn2UWt0fzek19Sw,1126,0,1354,4,4884,True,m6vqkJhEn2UWt0fzek19Sw
1613,2019,9,156,OSL,59.92301735398456,10.73345864914792,lki0G99xAFWGPQpKcRZCJg,923,2,2593,2,4887,True,lki0G99xAFWGPQpKcRZCJg
3252,2019,9,282,OSL,59.94003915888914,10.6873376213575,91F6qoblHoZMdli63ADq3g,1235,0,1536,4,4888,True,91F6qoblHoZMdli63ADq3g
2044,2009,6,390,OSL,59.92719934078621,10.75844887525715,S7U9OB9cWaIm9bn1L_oHWQ,1307,1,2595,1,4896,True,S7U9OB9cWaIm9bn1L_oHWQ
729,2017,5,446,OSL,59.91390458833218,10.68820726478665,BUnhWEqalTnwHBrHUBPCcQ,479,0,511,3,4897,True,BUnhWEqalTnwHBrHUBPCcQ
3958,2018,12,237,OSL,59.94705067777792,10.78273682816259,WccrhaqzJj--sXzCq5y8TQ,329,1,2596,2,4898,True,WccrhaqzJj--sXzCq5y8TQ
4830,2012,10,323,OSL,59.95676242610634,10.77011853839351,BEg5DPI6ZcP_2nEE5ZxHUw,1681,0,2597,3,4908,True,BEg5DPI6ZcP_2nEE5ZxHUw
338,2012,10,239,OSL,59.90718282463394,10.68765141513506,cHYK8V3Z2DP5OT94memxhA,354,2,2598,1,4909,True,cHYK8V3Z2DP5OT94memxhA
2845,2009,6,468,OSL,59.93502484859494,10.78528256928869,oL_bVcoiv20LbO6QXbAFUg,960,3,2599,3,4913,True,oL_bVcoiv20LbO6QXbAFUg
1727,2018,7,201,OSL,59.92412910872429,10.74125378714728,6B68UMsrpAgGa9GEFmLMYg,1220,1,2600,2,4916,True,6B68UMsrpAgGa9GEFmLMYg
1839,2014,8,176,OSL,59.9250402138281,10.7483797238537,JdwVIiKopmmldNtxsuJ3uQ,1522,0,2083,7,4918,True,JdwVIiKopmmldNtxsuJ3uQ
220,2014,5,466,OSL,59.90307057264005,10.78065506747779,pxHlnnZXZLTQvG5wEkcIfA,676,1,2601,1,4919,True,pxHlnnZXZLTQvG5wEkcIfA
2794,2018,12,302,OSL,59.93503600010926,10.71636621680755,YzjJQoyPlBqJEdGAxbF0AQ,1123,2,2602,1,4923,True,YzjJQoyPlBqJEdGAxbF0AQ
1592,2009,6,68,OSL,59.92301062166704,10.70918751879516,Tct3vpndUjIBcKdR57JOeQ,1534,1,2603,2,4930,True,Tct3vpndUjIBcKdR57JOeQ
1751,2014,8,467,OSL,59.92390639851965,10.77111516553336,Y9Re7FRgcB8XvyfRFKsNew,1339,1,2604,1,4932,True,Y9Re7FRgcB8XvyfRFKsNew
2382,2012,10,409,OSL,59.9313985732041,10.70870846996842,ARnvdejnKK2Z_ZTqPYxHvQ,1048,0,1247,8,4936,True,ARnvdejnKK2Z_ZTqPYxHvQ
2117,2014,8,254,OSL,59.92809478026538,10.73225279682559,Qlw2zbPovnw7X60Zv3hRmw,1599,1,2605,2,4937,True,Qlw2zbPovnw7X60Zv3hRmw
2793,2012,10,512,OSL,59.93505565981067,10.71544825591244,ddMwrWPLl-bJqSqS8ILEfw,1387,2,2607,1,4940,True,ddMwrWPLl-bJqSqS8ILEfw
3585,2009,5,220,OSL,59.9429684428528,10.7884445767302,qJ8ZQPmvdTPENOsznLIhRw,704,1,2608,2,4946,True,qJ8ZQPmvdTPENOsznLIhRw
3712,2012,9,262,OSL,59.94502920800046,10.70456089731753,olfyyLO_9ku5WspPQAZ2lg,376,0,393,9,4948,True,olfyyLO_9ku5WspPQAZ2lg
4852,2017,5,33,OSL,59.95803833755891,10.65952020609803,Fy8Q5ko9wyBwl-5rzstSaw,1683,0,2610,2,4950,True,Fy8Q5ko9wyBwl-5rzstSaw
1487,2009,6,259,OSL,59.92214596066078,10.71765808352146,e5QusDju15eweVvmdQAc0Q,1646,1,2611,2,4952,True,e5QusDju15eweVvmdQAc0Q
1487,2019,9,240,OSL,59.92216100711024,10.71759971857878,V3it3wsdnwC__6IZkXMHwg,1646,2,2612,1,4953,True,V3it3wsdnwC__6IZkXMHwg
1281,2018,12,450,OSL,59.9199526756864,10.74339653952448,GGVQwI8lG8BuHmqrGNqFxw,513,2,2613,1,4954,True,GGVQwI8lG8BuHmqrGNqFxw
4830,2019,10,495,OSL,59.95676706240086,10.7700698866982,xMnwOlebt4rPFFKvSG5OjQ,1681,1,2614,2,4955,True,xMnwOlebt4rPFFKvSG5OjQ
3338,2019,9,184,OSL,59.9410138651868,10.68175647022438,K_RQZrnsl4Y_AxeyRQsCUA,94,2,2616,1,4957,True,K_RQZrnsl4Y_AxeyRQsCUA
3551,2018,12,525,OSL,59.94310806357383,10.73028114286043,3i2iVjT5FeW2r71R3fkjUg,506,1,2617,1,4959,True,3i2iVjT5FeW2r71R3fkjUg
2680,2014,6,584,OSL,59.93396718370963,10.70372948872023,rEpYBQTA19lhoLUYgns1Yw,1650,1,2618,1,4962,True,rEpYBQTA19lhoLUYgns1Yw
2056,2018,12,265,OSL,59.92703256234001,10.77148114620147,93IaqkcM-uENbaXYIbt0Cg,1684,0,2619,2,4964,True,93IaqkcM-uENbaXYIbt0Cg
4794,2019,10,364,OSL,59.95698019898922,10.7005904873178,GNQam0T8zNCFQ1QAJOBGeA,1010,1,2620,2,4966,True,GNQam0T8zNCFQ1QAJOBGeA
334,2019,10,418,OSL,59.90614056253319,10.78627735267937,t3dROX8fLvUMUgnXzr2Zow,851,0,983,4,4968,True,t3dROX8fLvUMUgnXzr2Zow
1640,2019,9,385,OSL,59.92289909809669,10.77011454688882,e84BymEy0ri6pqiQr5NpTA,1647,1,2621,1,4978,True,e84BymEy0ri6pqiQr5NpTA
2011,2018,12,503,OSL,59.9268989417723,10.71925831262273,MNF7H7Y5E6pFdIvDdvGDmw,1685,0,2622,1,4983,True,MNF7H7Y5E6pFdIvDdvGDmw
3683,2019,10,236,OSL,59.94498534204195,10.64751467346343,asFSkJdHK9Ng_lKDYuONOQ,1024,1,2625,1,4993,True,asFSkJdHK9Ng_lKDYuONOQ
2830,2018,12,461,OSL,59.93495461679395,10.76312895034579,4cEUbj6XjBKM3yUsAK1LXw,1440,1,2626,2,4994,True,4cEUbj6XjBKM3yUsAK1LXw
2381,2014,5,491,OSL,59.93077167084478,10.70726351874868,wh1m9UWs-g6sfs00Y17ogQ,977,0,1158,3,4995,True,wh1m9UWs-g6sfs00Y17ogQ
851,2019,9,379,OSL,59.91503581207365,10.77241114823917,9PFjlURszjAd5UiPBEjYhA,344,0,357,6,4999,True,9PFjlURszjAd5UiPBEjYhA
1861,2009,6,322,OSL,59.92509223157892,10.77861604169176,4y1L3ra9v_j_gn1hycB2dA,378,1,1142,4,5008,True,4y1L3ra9v_j_gn1hycB2dA
2057,2019,9,590,OSL,59.92679220248411,10.77196940349198,uUrLtbBxSc73Uj5eeBY4tQ,1118,2,2627,1,5011,True,uUrLtbBxSc73Uj5eeBY4tQ
2471,2019,10,644,OSL,59.93199074810648,10.68240520630184,a4UVSpz2N0IPnPahOTmREg,1219,2,2628,2,5012,True,a4UVSpz2N0IPnPahOTmREg
1281,2014,5,258,OSL,59.91992030829183,10.74336131043514,uvs_j7a1pAKarjx0KPspOQ,513,3,2629,1,5017,True,uvs_j7a1pAKarjx0KPspOQ
2691,2018,12,561,OSL,59.9340620975776,10.7183270442075,fpICksU2Id3Kxr7Ev-YkPw,1241,2,2630,1,5019,True,fpICksU2Id3Kxr7Ev-YkPw
2656,2019,10,39,OSL,59.93391253417404,10.66882814807352,Z_hZFIruGCNb8NmivLplLQ,645,2,2631,1,5021,True,Z_hZFIruGCNb8NmivLplLQ
1043,2018,12,107,OSL,59.91811163310358,10.69667117996524,elUyfXXXBCUO72amPFJTgg,823,0,943,7,5026,True,elUyfXXXBCUO72amPFJTgg
4080,2018,12,212,OSL,59.94914133568074,10.69267459244898,i-hJ8iE6OtQHUADylgDM6g,10,3,2632,1,5028,True,i-hJ8iE6OtQHUADylgDM6g
2481,2019,10,416,OSL,59.93180953027862,10.70723201391191,GmdsSuKCwGYjcNp_b08AgA,595,0,643,11,5029,True,GmdsSuKCwGYjcNp_b08AgA
833,2019,9,457,OSL,59.91523264511093,10.74262870468234,E-SQggQuR4qk4-A4cSE3xw,48,0,48,5,5033,True,E-SQggQuR4qk4-A4cSE3xw
1835,2014,6,246,OSL,59.9248070222784,10.74481079944867,P3nctuF5FEsizMEw56Jleg,1611,1,2633,2,5034,True,P3nctuF5FEsizMEw56Jleg
3811,2018,12,378,OSL,59.94597616790541,10.70568538994695,NRuBV4H0xBo-6pHKhvh63Q,1687,0,2634,2,5037,True,NRuBV4H0xBo-6pHKhvh63Q
3106,2018,12,500,OSL,59.93791111080724,10.75336318695784,vmsEwb5SvTgux0-W-sZZ1w,1149,0,1398,4,5041,True,vmsEwb5SvTgux0-W-sZZ1w
2042,2014,5,402,OSL,59.92712353132625,10.75642907381148,cjNBNH8IwR7XkF7WW8KlzQ,1326,1,2635,2,5045,True,cjNBNH8IwR7XkF7WW8KlzQ
2712,2014,8,356,OSL,59.93404525244863,10.75147693062524,RpSZVidIClWl4D0MkkGbjA,151,0,153,6,5047,True,RpSZVidIClWl4D0MkkGbjA
2616,2014,5,385,OSL,59.93289887072863,10.75544898484938,RaI53PnIn6IbVUR9UnhtQw,917,1,2636,2,5050,True,RaI53PnIn6IbVUR9UnhtQw
2361,2018,12,522,OSL,59.93079678303962,10.66566483836062,cT1gwcyWc8TK57tXNOE_Zg,1390,0,1808,4,5052,True,cT1gwcyWc8TK57tXNOE_Zg
1174,2019,9,412,OSL,59.91911574734399,10.73529463571506,p1H99oSRV08sLnzw7ON3kA,375,1,2637,1,5056,True,p1H99oSRV08sLnzw7ON3kA
159,2017,5,321,OSL,59.90202534408167,10.68944393141832,3Fnm6cKOGbkSan1BV57s4g,922,0,1079,3,5064,True,3Fnm6cKOGbkSan1BV57s4g
1096,2016,5,368,OSL,59.91807494259261,10.76544166973996,_MiAto8brFHDkqWlLL_RHg,625,0,681,4,5080,True,_MiAto8brFHDkqWlLL_RHg
3105,2009,6,393,OSL,59.93805288882207,10.75245061562354,vYiDr_JN4Ux0Fp2mp4VTkA,1645,2,2641,1,5086,True,vYiDr_JN4Ux0Fp2mp4VTkA
4112,2019,6,595,OSL,59.94901533479179,10.75014181108106,E7wDbPRUx7IaPccNadkWGg,11,0,11,6,5088,True,E7wDbPRUx7IaPccNadkWGg
826,2009,6,575,OSL,59.91506681392228,10.73250627009462,KVY2jJpbZ31crU6j8cMR8A,1317,1,2642,1,5089,True,KVY2jJpbZ31crU6j8cMR8A
1477,2014,5,229,OSL,59.92227023535597,10.70708473451015,tfsOQUXQNtddCE2k57b1Ww,249,1,2643,2,5090,True,tfsOQUXQNtddCE2k57b1Ww
1116,2019,4,510,OSL,59.91892198974431,10.65221742837028,PS1-5XojwLUpNArprdT8uw,150,1,372,4,5095,True,PS1-5XojwLUpNArprdT8uw
2922,2018,12,365,OSL,59.9359587432632,10.76199505872562,1gkOCEWH3BQ9z-76O5f7vg,427,0,446,4,5096,True,1gkOCEWH3BQ9z-76O5f7vg
2917,2014,8,490,OSL,59.93608230762992,10.75575517265192,TQvCU0yXedxXSIC3h7Rl4g,280,2,2496,3,5099,True,TQvCU0yXedxXSIC3h7Rl4g
1907,2019,10,226,OSL,59.92619222342969,10.71303989998916,0-ZNQlRGQG8hEyLuWGo3PQ,4,1,2645,1,5103,True,0-ZNQlRGQG8hEyLuWGo3PQ
671,2014,5,631,OSL,59.91308947767119,10.72344365378411,NsrXzSHnweXzTgQe7ix47A,1366,0,1765,6,5104,True,NsrXzSHnweXzTgQe7ix47A
1208,2018,12,146,OSL,59.92018502909771,10.64960260752338,RwjGGNr-YsRPqHezF9U-Ig,743,0,834,3,5107,True,RwjGGNr-YsRPqHezF9U-Ig
3214,2019,8,688,OSL,59.93898462536938,10.76872143352853,IsoBtaV-5_Yk6UfIukq8TQ,642,2,2346,3,5108,True,IsoBtaV-5_Yk6UfIukq8TQ
4032,2018,12,555,OSL,59.94792149034105,10.76411878696802,garyjMgO6erE9xMGNGpihQ,1633,0,2408,3,5110,True,garyjMgO6erE9xMGNGpihQ
3214,2009,6,492,OSL,59.93894064243639,10.76875737928293,FmYriH1ePU3Z-xUJKfJ7wA,642,1,2026,3,5112,True,FmYriH1ePU3Z-xUJKfJ7wA
1562,2009,5,359,OSL,59.92305829822975,10.67428410849335,X7IC2Ogt_liLRK2jwKHEHQ,1139,1,2646,2,5114,True,X7IC2Ogt_liLRK2jwKHEHQ
672,2017,7,310,OSL,59.91293777940043,10.72403929876941,Tg00srziS0npUwTlsIkTiQ,1503,2,2647,1,5115,True,Tg00srziS0npUwTlsIkTiQ
202,2009,6,468,OSL,59.9032362144214,10.69811460141602,hYH9qW-o0ZKVNw-CkHnAjw,1330,1,2648,2,5116,True,hYH9qW-o0ZKVNw-CkHnAjw
111,2014,5,201,OSL,59.90111683353023,10.67833509545926,EVuaet8f-OK3mWthFk_-bA,1240,0,1545,3,5121,True,EVuaet8f-OK3mWthFk_-bA
2108,2009,6,452,OSL,59.92799917475543,10.72060678008745,nbv5AoW60sTXaV6l9ah01Q,1344,1,2649,1,5122,True,nbv5AoW60sTXaV6l9ah01Q
717,2018,12,512,OSL,59.91409340007363,10.64436120259654,J40RpIqwgMgvxRLmMwPDPw,1479,0,1981,7,5126,True,J40RpIqwgMgvxRLmMwPDPw
3608,2018,12,225,OSL,59.94410028748811,10.68059676609969,1lPvPPvZ1hSfG3ckjQdNqg,1690,0,2651,2,5127,True,1lPvPPvZ1hSfG3ckjQdNqg
3115,2019,8,388,OSL,59.93790914968312,10.76374334078553,7_3x0BXw55XPL3FBpeLFKA,1310,1,2652,1,5136,True,7_3x0BXw55XPL3FBpeLFKA
4488,2014,5,329,OSL,59.95311225091538,10.74534051325787,ls-uARtZP-Ngmvrr2-xYsg,802,2,2653,1,5138,True,ls-uARtZP-Ngmvrr2-xYsg
4086,2019,10,390,OSL,59.9490005134674,10.69948966479191,FeRT47sC1D5jm02ubHo-ww,1571,1,2654,1,5139,True,FeRT47sC1D5jm02ubHo-ww
1087,2009,6,669,OSL,59.91808705556778,10.75329627546229,__U3kpZh3g5hNwFQ8nl6Lw,1233,2,2655,1,5140,True,__U3kpZh3g5hNwFQ8nl6Lw
652,2012,10,424,OSL,59.91308875233614,10.68030859936582,P3h05Z2GpDzAT7vsJpDa9g,655,0,716,6,5141,True,P3h05Z2GpDzAT7vsJpDa9g
2549,2018,12,192,OSL,59.93294885473,10.65259823208392,hkCERS4jLkHEjbIPFK4ewA,279,1,2380,4,5149,True,hkCERS4jLkHEjbIPFK4ewA
4311,2017,6,25,OSL,59.95106849556314,10.76093813297038,Ekc6TyhJXXu9C5_mIpAT1A,915,1,2656,1,5152,True,Ekc6TyhJXXu9C5_mIpAT1A
2703,2014,5,427,OSL,59.9340081459881,10.73524327887741,n1s54lRmz1iYX5ep6EEdtQ,1426,0,1876,6,5154,True,n1s54lRmz1iYX5ep6EEdtQ
3800,2018,12,553,OSL,59.94596674161251,10.68729247813531,72uxX9vkSL9vzIan6CJ0sw,1427,1,2657,1,5157,True,72uxX9vkSL9vzIan6CJ0sw
1927,2019,9,436,OSL,59.92606336277707,10.73749859394433,aOlezQfmALCYCvDw18m_4Q,500,0,536,3,5158,True,aOlezQfmALCYCvDw18m_4Q
3351,2014,5,462,OSL,59.94134904030893,10.7008169156726,cxHmycXv-6djvcXEbJVEYw,784,1,1086,5,5159,True,cxHmycXv-6djvcXEbJVEYw
2427,2019,9,654,OSL,59.93095818123201,10.77143389111517,Xr0jfmZIPUH6BDpmjzJeOA,734,0,820,11,5160,True,Xr0jfmZIPUH6BDpmjzJeOA
1622,2019,9,583,OSL,59.92274402047858,10.74275744016768,rZhHfDSUu2Z7fTU_eQ3SeQ,520,1,2658,1,5162,True,rZhHfDSUu2Z7fTU_eQ3SeQ
2656,2012,10,22,OSL,59.93388377558616,10.6688281558627,Ucl_xfWPg3YhX9Ak2JrW4g,645,0,705,3,5163,True,Ucl_xfWPg3YhX9Ak2JrW4g
3349,2019,10,228,OSL,59.9408912790114,10.69971400708472,w1i9zttJ1vBpY7m6sODpfQ,1351,1,2482,3,5164,True,w1i9zttJ1vBpY7m6sODpfQ
1636,2019,10,135,OSL,59.92304452895326,10.76120532078453,SIR9mSkDJuMRHBhTWVMePw,1040,1,2650,3,5169,True,SIR9mSkDJuMRHBhTWVMePw
3858,2019,6,162,OSL,59.94626454415074,10.76633226376245,IfM9TbPeZSKbVgt197xlQA,777,0,882,5,5172,True,IfM9TbPeZSKbVgt197xlQA
2785,2012,10,231,OSL,59.93486747784035,10.70595242708651,nhUeanMbAtGVeNsRGNbCrg,1230,1,1785,3,5174,True,nhUeanMbAtGVeNsRGNbCrg
1951,2018,12,134,OSL,59.92603495301766,10.76837477414907,YDCmM459bJ20Dktl3b7FuA,685,0,755,5,5176,True,YDCmM459bJ20Dktl3b7FuA
4281,2016,5,550,OSL,59.95135401279244,10.72681122947269,uiNVcGEQzlXToEzuY1PKOg,422,1,2660,2,5185,True,uiNVcGEQzlXToEzuY1PKOg
2241,2019,9,254,OSL,59.92926925835532,10.78002229523774,ZdGeFd7gYdGBqVq8xmsHsQ,1463,2,2661,1,5186,True,ZdGeFd7gYdGBqVq8xmsHsQ
381,2014,8,130,OSL,59.90810201311244,10.75649593800468,n7Yw1iDJDyWg58d8zhoigw,1304,0,1660,5,5188,True,n7Yw1iDJDyWg58d8zhoigw
2410,2018,12,309,OSL,59.93098583566984,10.74665734141247,EDQ7-cfc2JlgIWpesarWqA,147,1,2662,3,5189,True,EDQ7-cfc2JlgIWpesarWqA
1179,2009,6,625,OSL,59.91906325776353,10.74341612779587,FgSmDisH2QP0lMXIEHMEjw,689,0,760,3,5191,True,FgSmDisH2QP0lMXIEHMEjw
2573,2019,10,475,OSL,59.93290547186861,10.6838474070609,BNhhZpnZjO-EPVg5YP9wtQ,746,0,838,4,5193,True,BNhhZpnZjO-EPVg5YP9wtQ
197,2019,6,531,OSL,59.90308041716165,10.6867088122532,KnTyLa0l9_zumdmNDCOseQ,67,3,2663,2,5197,True,KnTyLa0l9_zumdmNDCOseQ
2484,2009,6,160,OSL,59.93199731629792,10.71241677592215,BExJlQxdssTbToz0S2b2_A,805,0,919,6,5198,True,BExJlQxdssTbToz0S2b2_A
2608,2014,8,183,OSL,59.9330812652837,10.7416908206197,1rrBJQyYdzwrRrm7UWhbOA,609,0,660,5,5199,True,1rrBJQyYdzwrRrm7UWhbOA
3459,2012,10,445,OSL,59.94231116416339,10.7379996765085,jVYoLee_SEXWt36xuig9WA,487,0,521,5,5200,True,jVYoLee_SEXWt36xuig9WA
4704,2018,12,117,OSL,59.95618205486178,10.66217221472824,zmu5o7iz8wCs1Lj3PtVoDw,750,1,2664,1,5203,True,zmu5o7iz8wCs1Lj3PtVoDw
3981,2019,9,35,OSL,59.94809645051109,10.67636051449295,qQqRxtkRuh-lEE46j5Ml7Q,533,2,2666,1,5208,True,qQqRxtkRuh-lEE46j5Ml7Q
1125,2017,5,491,OSL,59.91862579939158,10.66663644958459,kdpqOR4GHPAsC1ZVgwlIsQ,965,0,1139,12,5210,True,kdpqOR4GHPAsC1ZVgwlIsQ
2559,2019,9,239,OSL,59.93344216806032,10.66436077960488,8ZMAnaLuOI6GkwoStEAL3g,803,1,2667,4,5220,True,8ZMAnaLuOI6GkwoStEAL3g
3008,2018,12,174,OSL,59.93699084964775,10.74540790167988,tMEhDqA25Ti_zE_qttNm5Q,352,1,2668,1,5221,True,tMEhDqA25Ti_zE_qttNm5Q
2983,2018,12,198,OSL,59.9370777143905,10.69657159533508,5bb-Y4lp93s6imeeXD7SsA,174,1,2669,1,5224,True,5bb-Y4lp93s6imeeXD7SsA
1872,2019,4,292,OSL,59.92511660285911,10.78949850321515,onc6JrhnyaGH72Qqm8GD3g,1664,1,2670,3,5226,True,onc6JrhnyaGH72Qqm8GD3g
166,2012,8,438,OSL,59.90181840345838,10.76466664436813,uW-bEr9RKB7LCiunWjRnBw,1275,0,1599,4,5227,True,uW-bEr9RKB7LCiunWjRnBw
3874,2018,12,662,OSL,59.94583635791908,10.79186371566087,OdbNs_Yg47-4FfL3TXR6Fw,1449,3,2671,1,5230,True,OdbNs_Yg47-4FfL3TXR6Fw
1634,2018,12,222,OSL,59.92302839369336,10.7592502858841,DHI-OfVOMVDLMdRHH2wjDg,829,0,952,3,5231,True,DHI-OfVOMVDLMdRHH2wjDg
1636,2018,12,119,OSL,59.92307301326706,10.76120636687188,aD9-s0OtTo_nTrTfBiRJoA,1040,2,2672,2,5232,True,aD9-s0OtTo_nTrTfBiRJoA
1168,2018,12,624,OSL,59.91885271780346,10.72567422480629,Q-SWYqWH1eBHJM2QUtTbOA,1682,0,2609,4,5235,True,Q-SWYqWH1eBHJM2QUtTbOA
3297,2014,5,583,OSL,59.94004853431639,10.74655120512111,fDYt8_xn-QwGYfAVpHmKlg,302,2,2673,3,5236,True,fDYt8_xn-QwGYfAVpHmKlg
2344,2017,5,213,OSL,59.93004819384718,10.78437065230088,xetC36jJBkIb5nP0tBxhrg,932,0,1094,6,5242,True,xetC36jJBkIb5nP0tBxhrg
2731,2019,10,446,OSL,59.9341142247795,10.77363737590871,NoN3uQcppQTAglp7LBTcFQ,277,0,282,4,5248,True,NoN3uQcppQTAglp7LBTcFQ
740,2018,12,69,OSL,59.91401300921523,10.71864717817005,_upQR18Q3VutPKlA5rQV9g,205,1,2674,1,5250,True,_upQR18Q3VutPKlA5rQV9g
3365,2019,9,269,OSL,59.9410080097207,10.72043705644595,S5ZB23EnRS1kjFuOqAIX9Q,1558,1,2675,2,5257,True,S5ZB23EnRS1kjFuOqAIX9Q
3052,2009,5,290,OSL,59.93808121613596,10.66918105059746,f77KhabeT9Wy9s8PNSXrKQ,1450,2,2676,1,5258,True,f77KhabeT9Wy9s8PNSXrKQ
849,2017,5,468,OSL,59.91499392583511,10.76827823169699,k0MwtcQda26Nk9sQY1mbJg,36,0,36,5,5260,True,k0MwtcQda26Nk9sQY1mbJg
1271,2019,9,99,OSL,59.92003403220529,10.72845263361914,VMr8i-9pJsa49kvga_9gmQ,372,2,2679,1,5268,True,VMr8i-9pJsa49kvga_9gmQ
3500,2017,6,137,OSL,59.94202533056415,10.79235180408589,WlA6euI09VqqX8i1psJdqQ,535,1,2680,3,5272,True,WlA6euI09VqqX8i1psJdqQ
3522,2019,10,506,OSL,59.94304820563607,10.68855189707658,NLg8BABUX1R2NUm9L70P6w,1662,1,2681,1,5274,True,NLg8BABUX1R2NUm9L70P6w
3283,2009,6,182,OSL,59.93979853910887,10.7261255956058,yPkfCOV7GfrcszOpoyt46A,834,1,2682,2,5278,True,yPkfCOV7GfrcszOpoyt46A
1152,2018,12,196,OSL,59.91905435495782,10.70622975594806,uR8vtJE18F4kwKCVuqEBLw,1691,0,2683,1,5280,True,uR8vtJE18F4kwKCVuqEBLw
1152,2014,6,177,OSL,59.91906799720763,10.70622489748565,kygD-nd9jqCkmzwEn4Bo2Q,1691,1,2684,1,5281,True,kygD-nd9jqCkmzwEn4Bo2Q
4396,2009,6,291,OSL,59.95198901555298,10.75258973021316,85ljyIMUqqKzPydF6b-HCw,1030,2,2685,2,5282,True,85ljyIMUqqKzPydF6b-HCw
3220,2019,10,361,OSL,59.93907694115504,10.77649105438603,--V3E6rnEl3asIUAUiXgBw,944,2,2686,1,5284,True,--V3E6rnEl3asIUAUiXgBw
2881,2019,10,414,OSL,59.9361374244164,10.69094262172709,0hEdOwADTggfWkAhHJGjDw,949,2,2339,5,5285,True,0hEdOwADTggfWkAhHJGjDw
1516,2009,6,465,OSL,59.92202417283353,10.75929949615511,Fv9_B5HKQ3oP64LPssPqKg,231,1,2687,2,5286,True,Fv9_B5HKQ3oP64LPssPqKg
1803,2014,8,304,OSL,59.92502257952126,10.70906745836997,tcHcBsFtSSLptpWmYkQ6mQ,165,0,167,7,5293,True,tcHcBsFtSSLptpWmYkQ6mQ
2226,2017,5,279,OSL,59.92905622338554,10.75906716907002,b2honCK0j2B2C2jtMR1Zlg,458,0,486,5,5296,True,b2honCK0j2B2C2jtMR1Zlg
1833,2014,6,527,OSL,59.9248551078351,10.74267668592846,b9GxaM2hrN4ySVj8iWOynQ,248,2,2688,1,5297,True,b9GxaM2hrN4ySVj8iWOynQ
1524,2014,5,82,OSL,59.92243866643616,10.76965901668,_8QLmw_9eI_RxKoVKKPzaQ,718,3,2689,2,5298,True,_8QLmw_9eI_RxKoVKKPzaQ
963,2009,6,552,OSL,59.91719881317528,10.70453201017393,r4CoOCZj6H652yJ0ShiyoA,1692,0,2690,1,5307,True,r4CoOCZj6H652yJ0ShiyoA
1628,2012,10,622,OSL,59.92300464833956,10.75088351261456,HkQvNvcxCn4UnqsBcRcMtA,142,0,144,7,5310,True,HkQvNvcxCn4UnqsBcRcMtA
237,2017,5,334,OSL,59.90409448462793,10.68940872678502,fTnQWIEN4kKzQ44wlMNjMg,428,2,2691,1,5311,True,fTnQWIEN4kKzQ44wlMNjMg
3295,2018,12,319,OSL,59.94020388257122,10.74165155814846,Q39HVcAuRxrn6nOehF3joA,1693,0,2692,2,5312,True,Q39HVcAuRxrn6nOehF3joA
1152,2019,9,371,OSL,59.91905763639707,10.70622790826155,H52h6F9IsRP4KCrPYPtw7A,1691,2,2693,2,5313,True,H52h6F9IsRP4KCrPYPtw7A
470,2018,12,493,OSL,59.90999199013206,10.71641671479439,0LVDpuyNNFkaJD9z3z0XYw,494,0,530,7,5315,True,0LVDpuyNNFkaJD9z3z0XYw
934,2018,12,370,OSL,59.917045683197,10.64336088479225,T861aKD7d-Fs1DED_KiaHw,1161,1,2694,2,5319,True,T861aKD7d-Fs1DED_KiaHw
3732,2019,10,620,OSL,59.94494452481749,10.73186481145131,Z0gJLc4HGteHs_msJf66mg,1408,0,1846,6,5320,True,Z0gJLc4HGteHs_msJf66mg
3371,2009,6,401,OSL,59.94108075834643,10.73140287966132,GCZ6ozMa4x9sITbbBBuX5w,934,1,2695,1,5321,True,GCZ6ozMa4x9sITbbBBuX5w
1157,2017,5,462,OSL,59.91902003382807,10.71113253880705,8j97ZdK2LbP0BViCUu_zyg,1127,1,2046,4,5326,True,8j97ZdK2LbP0BViCUu_zyg
4603,2019,7,391,OSL,59.9539058342323,10.77830976635409,82EnOBu8-xAuuXL716JAYQ,403,1,2233,5,5328,True,82EnOBu8-xAuuXL716JAYQ
414,2018,12,489,OSL,59.90901976067431,10.73484984376284,RBPr1U0SadGM2beRq3dJAA,1689,0,2644,4,5335,True,RBPr1U0SadGM2beRq3dJAA
1723,2019,9,341,OSL,59.92409235266767,10.73743166865587,FUP4XsXS5oKgF25jm53J-Q,219,1,2698,1,5343,True,FUP4XsXS5oKgF25jm53J-Q
1853,2009,6,596,OSL,59.92516541007743,10.76950293178732,2eIsbTdDiX4DMuVOmZ0sQQ,1675,1,2699,2,5346,True,2eIsbTdDiX4DMuVOmZ0sQQ
2505,2019,9,644,OSL,59.93176166231107,10.73879700249764,-G3-gq4gboulWdeL1jX9BQ,273,0,278,3,5349,True,-G3-gq4gboulWdeL1jX9BQ
1362,2017,5,475,OSL,59.92083141860122,10.70875665847189,KjYT4HesLc6bJNff72Ddug,916,2,2700,1,5352,True,KjYT4HesLc6bJNff72Ddug
1183,2018,12,576,OSL,59.91898122908884,10.74967660198487,lSvDZyGyujzFn4hU-ZQOmA,90,0,90,3,5355,True,lSvDZyGyujzFn4hU-ZQOmA
3974,2019,10,433,OSL,59.94826441011655,10.65724621903817,AUwHJc6wFaufQM37KG7heg,1025,1,2701,1,5357,True,AUwHJc6wFaufQM37KG7heg
1960,2019,9,326,OSL,59.92596065863489,10.77730115855772,V7nAgluDBeG_yAH1eqQ0Xw,73,1,2702,2,5364,True,V7nAgluDBeG_yAH1eqQ0Xw
155,2012,10,648,OSL,59.9020921394666,10.68429524765193,LZIl_dO8da-yiGXVgAkHmA,1696,0,2703,1,5365,True,LZIl_dO8da-yiGXVgAkHmA
154,2018,12,427,OSL,59.90184044700197,10.68383397039882,Rq1HuG1UqGYUmWEv8bEsqg,646,0,706,4,5370,True,Rq1HuG1UqGYUmWEv8bEsqg
2921,2017,5,616,OSL,59.93617743120918,10.76133761740022,SxBySYyWQXcGkwpqybiC0A,1102,1,2704,1,5371,True,SxBySYyWQXcGkwpqybiC0A
220,2009,6,288,OSL,59.90303892847384,10.78062805812519,Ot3tMcAW0qb_r1uPB2Ijww,676,0,743,6,5374,True,Ot3tMcAW0qb_r1uPB2Ijww
1348,2016,5,340,OSL,59.92098621004699,10.6895437336307,D4f1mm7g06h1wKKXfvGQjA,483,0,517,8,5378,True,D4f1mm7g06h1wKKXfvGQjA
3171,2016,5,124,OSL,59.93909786743435,10.7063660257678,teZIoZjXOnosS9oG3KYeNw,465,0,494,4,5381,True,teZIoZjXOnosS9oG3KYeNw
3017,2009,6,336,OSL,59.93691375824151,10.75599300611413,m5EWY-36YXSqNJh2wZbl6Q,1215,0,1504,4,5382,True,m5EWY-36YXSqNJh2wZbl6Q
1558,2019,10,451,OSL,59.92302532381189,10.66929521430624,D1x77QeLrTFHh7xi1I-zZw,116,0,116,4,5394,True,D1x77QeLrTFHh7xi1I-zZw
2827,2019,9,465,OSL,59.9347651329551,10.75969575682739,FpGPCUReIUZApxAL2zfJjQ,1200,0,1483,5,5402,True,FpGPCUReIUZApxAL2zfJjQ
533,2012,10,224,OSL,59.91108184103532,10.74455858744114,dHbUx28M0_Ej81lncwGLAg,1088,1,1444,8,5405,True,dHbUx28M0_Ej81lncwGLAg
1466,2019,9,182,OSL,59.92194529823382,10.69639372815892,YktQy3HoEg3oX3vmi62X-Q,884,2,2705,2,5408,True,YktQy3HoEg3oX3vmi62X-Q
2449,2018,12,610,OSL,59.93208679720254,10.64932078060401,bxgcAa60LhtslsIUXmLg8g,749,1,2706,1,5410,True,bxgcAa60LhtslsIUXmLg8g
3484,2019,8,126,OSL,59.94193224974904,10.77311799092388,2nEJF-yMhauzYQ-gq0E4nw,830,2,2707,1,5412,True,2nEJF-yMhauzYQ-gq0E4nw
3287,2018,12,413,OSL,59.94004282169956,10.72996768485486,tkVOfupm2Jnx7zw4OCVQvg,959,0,1131,8,5415,True,tkVOfupm2Jnx7zw4OCVQvg
1726,2009,6,382,OSL,59.92388415330919,10.74073688103112,xEYrRwtAtyIa8GjkExxYOA,1009,1,2708,1,5418,True,xEYrRwtAtyIa8GjkExxYOA
2428,2014,8,467,OSL,59.9310475675089,10.77228214884,swtXkrVfAwSUNzUzMb23Yw,313,0,322,8,5426,True,swtXkrVfAwSUNzUzMb23Yw
3437,2018,12,365,OSL,59.94168496976719,10.70177193943767,BWHeWn7ZQIK7eGjkEZDsZQ,141,0,143,3,5427,True,BWHeWn7ZQIK7eGjkEZDsZQ
694,2018,12,315,OSL,59.91301936422852,10.76354733114841,AYcji8_6Pv7Ti2gyZvu1HQ,1481,1,2709,1,5429,True,AYcji8_6Pv7Ti2gyZvu1HQ
1555,2009,5,237,OSL,59.92317712056125,10.66568443569798,_AVlwZg6xRuCkY2naVuOTA,1204,2,2710,2,5430,True,_AVlwZg6xRuCkY2naVuOTA
4247,2019,10,320,OSL,59.9511213775891,10.66832607642828,PKzbieoDuf6vaHoGoftCtA,1627,1,2711,1,5432,True,PKzbieoDuf6vaHoGoftCtA
2771,2012,10,404,OSL,59.93519970795483,10.68712323375119,Aftc2iYFYIpSgOGc40hhFQ,50,1,770,4,5435,True,Aftc2iYFYIpSgOGc40hhFQ
995,2018,12,217,OSL,59.91705578850095,10.75131584672562,iQsV2Sq7xI1MZfornIEVMw,1697,0,2712,1,5439,True,iQsV2Sq7xI1MZfornIEVMw
239,2009,6,343,OSL,59.90397554461132,10.73942948700057,sxLCi7yVE_FBeWL7IpkIuA,1698,0,2713,2,5441,True,sxLCi7yVE_FBeWL7IpkIuA
239,2014,5,370,OSL,59.90396777113743,10.73946984080795,qqWHrtjhUdaL1G17p145yg,1698,1,2714,1,5450,True,qqWHrtjhUdaL1G17p145yg
3296,2017,5,508,OSL,59.94000611500324,10.74654136093311,NQbDqyRFzIbyNrtY5lP3VQ,302,3,2715,1,5451,True,NQbDqyRFzIbyNrtY5lP3VQ
4705,2019,10,189,OSL,59.95606395877591,10.66434248236519,L0zxbwDATK9DM07OpuMN8g,600,1,2051,3,5456,True,L0zxbwDATK9DM07OpuMN8g
2958,2014,5,449,OSL,59.93735292781733,10.6679675413757,ureoZUpvlZYB0nNKZmbhVQ,1290,1,2717,2,5457,True,ureoZUpvlZYB0nNKZmbhVQ
1414,2009,6,581,OSL,59.92089495029049,10.77438084563811,dO0CvMzPU78NSOP4ENahsQ,551,1,2718,1,5458,True,dO0CvMzPU78NSOP4ENahsQ
1851,2009,6,481,OSL,59.92500741346078,10.76766184889648,e6tBOEnSi5Fg2qwRGtu8tQ,1238,0,1541,3,5459,True,e6tBOEnSi5Fg2qwRGtu8tQ
3171,2012,10,154,OSL,59.93908899772187,10.70638040298612,vD4x4mwXMbt2DPuc5vD3wA,465,1,2719,2,5460,True,vD4x4mwXMbt2DPuc5vD3wA
2800,2014,6,267,OSL,59.93547988725582,10.72246546029879,CmGhX-iG7i1MBSyjavL-gQ,1700,0,2720,1,5462,True,CmGhX-iG7i1MBSyjavL-gQ
1187,2017,5,230,OSL,59.91913293598999,10.75431397416068,Gav8N6WGAo7MfPMdAfLbbA,1400,0,1832,3,5463,True,Gav8N6WGAo7MfPMdAfLbbA
3164,2009,6,707,OSL,59.93898790288665,10.69700578608731,8SnGVkU5yxT6975dFmcFgg,1383,2,2721,2,5464,True,8SnGVkU5yxT6975dFmcFgg
934,2014,6,351,OSL,59.91702091215164,10.64339102021921,vFQsaQZEnXMcK516GLXDOw,1161,2,2722,1,5467,True,vFQsaQZEnXMcK516GLXDOw
3853,2019,8,145,OSL,59.94591555825431,10.76189093127774,mp5ShpWP2sjyS8TzjRhPgw,262,2,2724,3,5470,True,mp5ShpWP2sjyS8TzjRhPgw
2492,2014,8,515,OSL,59.93207753137042,10.72243662400731,rtRU9HrzVoTyiZcKvmKybA,361,1,2725,2,5475,True,rtRU9HrzVoTyiZcKvmKybA
1844,2018,12,377,OSL,59.92503916542438,10.75916552307137,yH7cCavDm23NXK9PJgQu2Q,1701,0,2726,2,5477,True,yH7cCavDm23NXK9PJgQu2Q
1713,2014,8,440,OSL,59.92400164485245,10.7235916341335,hoTuGmiMLdrdKIg3Q4_TPQ,1419,1,2259,3,5479,True,hoTuGmiMLdrdKIg3Q4_TPQ
1455,2009,6,600,OSL,59.92204391326208,10.68247078009601,0r7sOxdsTwlvWbxqgoiumQ,298,0,306,6,5485,True,0r7sOxdsTwlvWbxqgoiumQ
3307,2019,8,336,OSL,59.94042624733783,10.76275429410696,5hmo_Sq6RJI69b0FpskhYA,1073,1,2728,2,5486,True,5hmo_Sq6RJI69b0FpskhYA
4254,2010,9,364,OSL,59.95088615845262,10.67927198610894,KL0UBFDgcMZgm4eCM8-dig,1703,0,2729,2,5488,True,KL0UBFDgcMZgm4eCM8-dig
4060,2018,12,530,OSL,59.94898678815021,10.65839602310385,UazfRqZPcEZyi1co96i74w,1325,1,2730,1,5491,True,UazfRqZPcEZyi1co96i74w
114,2018,12,534,OSL,59.90136136833985,10.68133788418437,fZ16OXN3MWaZ2v1exRSU9Q,926,1,2070,3,5493,True,fZ16OXN3MWaZ2v1exRSU9Q
4010,2019,9,468,OSL,59.94791797297827,10.73246611190778,oFqBliBoZLlq_L7_vK6FgQ,1353,0,1743,5,5498,True,oFqBliBoZLlq_L7_vK6FgQ
344,2018,12,541,OSL,59.90700090162972,10.69382483575132,Gxwzk7QsxlyAfpbA4McAnA,783,2,2731,1,5499,True,Gxwzk7QsxlyAfpbA4McAnA
1234,2009,7,373,OSL,59.92007924950519,10.68432980352919,9mOoEJzxVKQ4MdUlS1U-xw,477,1,1721,6,5500,True,9mOoEJzxVKQ4MdUlS1U-xw
1751,2019,9,487,OSL,59.92391496474874,10.77110817717283,PeTryrbnaPY1Sx4H8Ot5cA,1339,2,2733,1,5504,True,PeTryrbnaPY1Sx4H8Ot5cA
1475,2018,12,280,OSL,59.92199997524769,10.7051571747241,lFO5HJBMBnF9fgi9eYwYaw,1704,0,2734,1,5506,True,lFO5HJBMBnF9fgi9eYwYaw
2543,2014,5,301,OSL,59.93177707236445,10.78644013533792,FlEClBOb-yvfg5wC2Fg8mA,1140,1,2735,1,5509,True,FlEClBOb-yvfg5wC2Fg8mA
2138,2014,8,140,OSL,59.9280796666665,10.7570098815249,6nLkKvv9qZaMkrqniDQr4Q,1168,2,2736,1,5510,True,6nLkKvv9qZaMkrqniDQr4Q
2566,2009,4,188,OSL,59.93323255796731,10.67213008075866,czidMw6qkSsPzzvO1X3AEQ,606,0,657,8,5512,True,czidMw6qkSsPzzvO1X3AEQ
1912,2014,6,231,OSL,59.92608829175438,10.72034584571654,RGcCrEHL-LE44X-1MonCRg,245,2,2737,1,5514,True,RGcCrEHL-LE44X-1MonCRg
2557,2012,10,392,OSL,59.93295806301315,10.66243015839449,tSVzWZDo0HtZXtqsa-Wdnw,1061,1,1336,5,5515,True,tSVzWZDo0HtZXtqsa-Wdnw
1836,2014,6,482,OSL,59.92506982720384,10.74532367296079,MEyx6gtZ522MgRh0DYlRyA,887,3,2738,2,5516,True,MEyx6gtZ522MgRh0DYlRyA
2560,2018,12,228,OSL,59.93304558072889,10.66555645030212,TD01PcbtXyNsYM6opzCivw,140,1,722,5,5520,True,TD01PcbtXyNsYM6opzCivw
1246,2014,6,110,OSL,59.92007979649783,10.70140848236491,07FhQCjB7zp3OX_PWyNlGg,1203,1,2740,2,5522,True,07FhQCjB7zp3OX_PWyNlGg
1390,2014,8,523,OSL,59.92098491985673,10.75052272000049,j2s0cRci_09OmuO1l-kqfw,679,3,2741,1,5523,True,j2s0cRci_09OmuO1l-kqfw
155,2019,6,664,OSL,59.90209087689719,10.68430084568749,TTm7rebUIDDm8yPrkSN4hg,1696,2,2742,1,5524,True,TTm7rebUIDDm8yPrkSN4hg
3669,2017,5,248,OSL,59.94445554054111,10.7780556726062,lWv5xsDx0Jr_zn4QCPoDaQ,1523,1,2743,1,5527,True,lWv5xsDx0Jr_zn4QCPoDaQ
914,2014,5,134,OSL,59.9158196393387,10.75485054775774,X-qMJlLACIPLUrLn8_5usQ,1596,0,2296,4,5529,True,X-qMJlLACIPLUrLn8_5usQ
2061,2009,7,476,OSL,59.92715346225777,10.77817916536898,aEXuHqPb6VOEPhvOJqRqPw,1418,1,2744,1,5533,True,aEXuHqPb6VOEPhvOJqRqPw
2050,2017,5,518,OSL,59.92727557586839,10.76432931215672,2npKM7WhDJ8tI_7TGUG4Ww,1536,1,2745,1,5536,True,2npKM7WhDJ8tI_7TGUG4Ww
2956,2014,5,483,OSL,59.93697526442855,10.66643309044876,ztIu2QQHH6KDlmHKLm2Xag,553,1,2746,2,5539,True,ztIu2QQHH6KDlmHKLm2Xag
2973,2009,6,406,OSL,59.93705457934737,10.68531407459366,Da9c-FoT-68NiijAnlUY0A,1435,1,2747,2,5545,True,Da9c-FoT-68NiijAnlUY0A
2675,2019,9,94,OSL,59.93431280505453,10.69859407130005,A6QTDxUvbswi3yIU9NNhfw,827,0,949,5,5548,True,A6QTDxUvbswi3yIU9NNhfw
3467,2012,10,165,OSL,59.94233944754446,10.74832951991807,5MZD_1-CuKnj169Sul2rAQ,1548,3,2748,3,5550,True,5MZD_1-CuKnj169Sul2rAQ
4774,2019,10,319,OSL,59.9568908675635,10.66195210599984,LEAanQumYjsJakLpSc86XA,1673,1,2750,2,5556,True,LEAanQumYjsJakLpSc86XA
1667,2018,12,441,OSL,59.92406521726601,10.65510842554676,ZHQIQq0zZdpWUmT2Eb_iCg,723,1,1869,4,5557,True,ZHQIQq0zZdpWUmT2Eb_iCg
2972,2017,5,432,OSL,59.93710817236233,10.68439340255961,l2Jr0csUNHr7t8rXDC0mqA,334,1,2751,2,5562,True,l2Jr0csUNHr7t8rXDC0mqA
1738,2018,12,473,OSL,59.92400278937955,10.75635004892399,8c8T606eogXVDQiGXzy67g,450,0,476,3,5565,True,8c8T606eogXVDQiGXzy67g
2558,2019,9,429,OSL,59.93326969363207,10.66315153366884,M2icNQfhiZVkfBDd112pAQ,1182,1,2752,1,5566,True,M2icNQfhiZVkfBDd112pAQ
2034,2018,12,528,OSL,59.92710473943216,10.74741399292291,OID2sw6Zx7PxbmtP7s2vnw,355,0,369,4,5568,True,OID2sw6Zx7PxbmtP7s2vnw
2833,2009,6,253,OSL,59.93501341808203,10.76619489565831,0wyRb7VXacQ4xpdoht4esQ,772,0,874,3,5572,True,0wyRb7VXacQ4xpdoht4esQ
2068,2018,12,156,OSL,59.92691151586818,10.7863489021675,NuEubQpkwQ4pxUsR3CfyIQ,1037,1,2753,1,5573,True,NuEubQpkwQ4pxUsR3CfyIQ
1938,2014,5,499,OSL,59.9260368040491,10.7506882630641,b49MVPyknC2HhEkZMN5B-g,1454,3,2754,2,5576,True,b49MVPyknC2HhEkZMN5B-g
3842,2018,12,284,OSL,59.94614573977372,10.74911339794004,KhfCs2_l-SVRobzera6ubQ,1653,0,2498,7,5578,True,KhfCs2_l-SVRobzera6ubQ
2385,2012,10,410,OSL,59.93120084080674,10.713755275459,eFh6q217Sz52EXEYNm5yuA,49,1,2755,2,5581,True,eFh6q217Sz52EXEYNm5yuA
1942,2018,12,561,OSL,59.92612523320432,10.75735726127177,10Madge-3tm-AGjSsUowNA,1157,1,2756,2,5590,True,10Madge-3tm-AGjSsUowNA
913,2018,12,250,OSL,59.91604104883008,10.75446887447061,GzANWM48H5rcvwfCkxDG2g,1655,0,2506,3,5594,True,GzANWM48H5rcvwfCkxDG2g
4517,2018,12,477,OSL,59.95304606902094,10.78099779335543,Q7zaYgOHkKQCzScEQuBSVg,638,1,2759,1,5596,True,Q7zaYgOHkKQCzScEQuBSVg
3194,2019,9,232,OSL,59.93890973354621,10.73903185047906,cNRjOyy225OBFbaPCvNuQg,539,1,2760,1,5598,True,cNRjOyy225OBFbaPCvNuQg
3079,2018,12,298,OSL,59.93802905069775,10.70574824089751,L9exIQlrE1jKu6SGdgojMg,224,2,970,3,5599,True,L9exIQlrE1jKu6SGdgojMg
1751,2009,6,647,OSL,59.9239297610653,10.77112902741536,Ek9w_XbExjIXsmNfICsHsQ,1339,3,2761,2,5606,True,Ek9w_XbExjIXsmNfICsHsQ
1732,2014,5,489,OSL,59.92399353377034,10.74653092666346,W8YtGr33TNWWSOTy9AyVDQ,1415,0,1859,6,5609,True,W8YtGr33TNWWSOTy9AyVDQ
4702,2009,5,163,OSL,59.95587063454532,10.66093547703626,tiy-TcB-8fgtig8zea2Tgg,374,1,2762,2,5613,True,tiy-TcB-8fgtig8zea2Tgg
1699,2019,9,460,OSL,59.92407079047832,10.70739257224162,CK1EVgKec6ElSVBGg76RZg,584,0,628,6,5614,True,CK1EVgKec6ElSVBGg76RZg
2984,2019,9,154,OSL,59.93684499456023,10.69818984432816,jNMmMtqSDegf_O88yQU2jA,469,1,1665,5,5616,True,jNMmMtqSDegf_O88yQU2jA
2310,2018,12,281,OSL,59.92975905645135,10.73909705295531,OlV_J0Yg7jTX4NE1HYZatA,856,1,2763,1,5617,True,OlV_J0Yg7jTX4NE1HYZatA
3097,2018,12,594,OSL,59.9380701215143,10.7313450189846,BX_Nho8Iqa6t8albdqUggQ,597,1,2764,1,5619,True,BX_Nho8Iqa6t8albdqUggQ
2821,2018,12,372,OSL,59.93508539749362,10.75033451519971,jwTmrkzEIWqQDBjEQUsrUA,1184,1,2766,1,5621,True,jwTmrkzEIWqQDBjEQUsrUA
86,2019,6,300,OSL,59.90002385916543,10.67445749368282,g1R8N4a6oE9au-LA8iF2Lw,529,1,2767,1,5622,True,g1R8N4a6oE9au-LA8iF2Lw
3608,2012,10,432,OSL,59.9441646015315,10.68059966222323,9cYZw05VMQ6Z1Khmqcg3Ow,1690,1,2768,1,5623,True,9cYZw05VMQ6Z1Khmqcg3Ow
2309,2009,6,343,OSL,59.93005321600091,10.738303957895,tWtGheVjy09gXIl1iarzxA,741,1,2770,1,5628,True,tWtGheVjy09gXIl1iarzxA
622,2018,12,245,OSL,59.91203875101367,10.75954638721767,nEvKHAoFNTBC3L9GK2pKCQ,1056,1,2771,1,5641,True,nEvKHAoFNTBC3L9GK2pKCQ
2532,2017,5,466,OSL,59.93203105894422,10.76927915117439,FqEWQfGXrGLbZFWmx9BO_A,947,2,2772,1,5644,True,FqEWQfGXrGLbZFWmx9BO_A
743,2009,6,248,OSL,59.91403219652281,10.72157440890646,1QPzXD34leP3B2shL_VSIg,1501,1,2362,3,5651,True,1QPzXD34leP3B2shL_VSIg
1221,2012,10,468,OSL,59.91984638196219,10.66669327184081,ES2Nd9vXsTimlcpOUY0rDg,1471,1,2623,3,5653,True,ES2Nd9vXsTimlcpOUY0rDg
4351,2018,12,290,OSL,59.95177414286815,10.66298192006587,ghCXZIrGqvr49YnSYYQydg,1446,1,2773,1,5659,True,ghCXZIrGqvr49YnSYYQydg
1326,2009,7,173,OSL,59.92102156940823,10.66133150314631,xj0RQ11P-Ruinf0WdAPlOA,123,1,2775,1,5661,True,xj0RQ11P-Ruinf0WdAPlOA
3033,2014,6,165,OSL,59.93716904198646,10.77660254127139,PRmzKUp3bG3YX2e4aFrTWQ,951,1,2776,1,5665,True,PRmzKUp3bG3YX2e4aFrTWQ
3455,2012,10,595,OSL,59.94223699994463,10.73424845507201,5F_7u4PylnrdicZZfceMEQ,1234,1,2777,2,5668,True,5F_7u4PylnrdicZZfceMEQ
1655,2019,10,165,OSL,59.92305052373411,10.79262822218181,t-AAaZMbKD2dANc3WQlI7g,1299,0,1645,5,5672,True,t-AAaZMbKD2dANc3WQlI7g
2750,2018,12,354,OSL,59.93497179195207,10.65139471875972,aSYPjmesJK1wWlK50RTbkA,66,2,2778,2,5677,True,aSYPjmesJK1wWlK50RTbkA
1897,2019,9,240,OSL,59.92622858159526,10.67169806680626,2HcZ7D-qoISQ8zkAtwHwqA,1710,0,2779,3,5678,True,2HcZ7D-qoISQ8zkAtwHwqA
880,2018,12,282,OSL,59.91564582320285,10.69608835223113,VtDiE5omhFjc9iM640oD7Q,1448,0,1924,11,5680,True,VtDiE5omhFjc9iM640oD7Q
2444,2018,12,337,OSL,59.93180910069678,10.64272762781339,yfUW_JFCT6dH6Xcef8aCuQ,635,1,2780,2,5682,True,yfUW_JFCT6dH6Xcef8aCuQ
2136,2014,5,368,OSL,59.92829548843974,10.7554261894524,TJZqGQyjz8PQCBWrHcMqxA,1708,0,2758,4,5685,True,TJZqGQyjz8PQCBWrHcMqxA
4852,2019,10,218,OSL,59.95804713254582,10.6595582046408,Hl7GDCpAck5nQZyxMhXo2Q,1683,1,2781,1,5688,True,Hl7GDCpAck5nQZyxMhXo2Q
2636,2019,7,274,OSL,59.93294881589594,10.78717964099714,LSZQBJZYH7SoPCiZ0kuT3w,811,1,2782,1,5695,True,LSZQBJZYH7SoPCiZ0kuT3w
2422,2014,5,221,OSL,59.93103349890508,10.76241196103188,kjTDUun-zBs84UIh3X4ZXg,438,1,1080,3,5697,True,kjTDUun-zBs84UIh3X4ZXg
4264,2009,5,216,OSL,59.95122361898333,10.69528624789138,_Hw9bV-kJAOSU_e9-Ev32Q,573,0,617,4,5708,True,_Hw9bV-kJAOSU_e9-Ev32Q
1391,2014,5,307,OSL,59.92105479743445,10.75139388719986,u0E1NneJoAAJNgO1mUYPUQ,1712,0,2784,2,5710,True,u0E1NneJoAAJNgO1mUYPUQ
2777,2009,6,339,OSL,59.93501916571533,10.69441242397241,cF-EYMMX5JVO0Mtvcvfzrg,647,0,707,9,5716,True,cF-EYMMX5JVO0Mtvcvfzrg
4181,2018,12,271,OSL,59.95008801587473,10.70298209835072,M8O-YGqidMvAssybNPNCRw,1198,0,1480,4,5717,True,M8O-YGqidMvAssybNPNCRw
1184,2009,6,278,OSL,59.91929282800867,10.75048808228611,YY7OI2-k55QV-8K0QPWkJQ,509,1,1477,3,5718,True,YY7OI2-k55QV-8K0QPWkJQ
4592,2018,12,496,OSL,59.9540462844999,10.76417430739133,1FJAZALs1Kp8K0nzjcuKVA,325,1,2785,1,5723,True,1FJAZALs1Kp8K0nzjcuKVA
2172,2012,9,173,OSL,59.92901377667145,10.66035074263485,d9Bexx_DHadDjqB9yuAaCg,92,0,92,12,5725,True,d9Bexx_DHadDjqB9yuAaCg
523,2018,12,522,OSL,59.91064151775094,10.7083287272125,BCXl2Yw9oWB_Pqb9xXnGYQ,1114,0,1337,5,5726,True,BCXl2Yw9oWB_Pqb9xXnGYQ
3770,2009,5,342,OSL,59.94501193137452,10.78560733415872,V1U7rfz_owrC3plIIMkgag,1470,1,2659,3,5729,True,V1U7rfz_owrC3plIIMkgag
1519,2016,5,373,OSL,59.92219383168605,10.762355380037,CT_6eP2IPruXbx-jiLoyzA,1581,2,2787,1,5739,True,CT_6eP2IPruXbx-jiLoyzA
2617,2019,9,190,OSL,59.93300453332516,10.75828514550335,PkdCgmSF8HtWFNbr9BeZDQ,727,1,2788,2,5740,True,PkdCgmSF8HtWFNbr9BeZDQ
1589,2014,5,227,OSL,59.9229997686213,10.70634720968838,V56gTTpbVs7IYde3I5wvpA,1117,0,1341,4,5744,True,V56gTTpbVs7IYde3I5wvpA
4619,2018,12,274,OSL,59.9550376141972,10.64348763452071,SUaYPKZmmRukQbxjsBlZoQ,1713,0,2790,3,5747,True,SUaYPKZmmRukQbxjsBlZoQ
3748,2019,5,470,OSL,59.94501155835639,10.74875746948993,GOIPm4KsCjy3k5DTXT-Tng,626,0,682,7,5749,True,GOIPm4KsCjy3k5DTXT-Tng
3350,2018,12,257,OSL,59.94113892097023,10.70022595181016,UbKUab8C_xvKdR22vLroHQ,686,1,2791,1,5752,True,UbKUab8C_xvKdR22vLroHQ
3410,2009,5,477,OSL,59.94217934029658,10.64874172508772,oLjAeFsategHT1qwEmwM4A,1081,2,2792,2,5753,True,oLjAeFsategHT1qwEmwM4A
1724,2012,10,459,OSL,59.92403646590635,10.73854301745352,CnTqNkQK9aKYh-7TlFoNzA,153,1,2665,4,5755,True,CnTqNkQK9aKYh-7TlFoNzA
3831,2019,9,627,OSL,59.94624283200888,10.73382698548239,9H5EFQiOiup0FhvSvMPjXQ,627,1,2793,1,5758,True,9H5EFQiOiup0FhvSvMPjXQ
1132,2019,9,199,OSL,59.91908316913305,10.684469292954,jzOz-0o0qmymvQQuIuQx4w,611,2,2794,1,5760,True,jzOz-0o0qmymvQQuIuQx4w
3612,2018,12,314,OSL,59.94405625571297,10.68866113584997,gYfOQHnfWpsaYcNgiJMgdQ,1528,0,2097,4,5763,True,gYfOQHnfWpsaYcNgiJMgdQ
3906,2018,12,415,OSL,59.94722454860238,10.70172994966026,PFBZlIqBwQh8Krbj4k1a7A,1601,1,2795,1,5766,True,PFBZlIqBwQh8Krbj4k1a7A
2341,2019,9,203,OSL,59.92980377394713,10.78087905928522,QCoV1-_IHE5FjvzAPGzLqQ,1711,0,2783,4,5768,True,QCoV1-_IHE5FjvzAPGzLqQ
2150,2012,10,516,OSL,59.92815351580798,10.77168640373269,4rGCae3rVuKv97In4xEOpA,1557,0,2174,4,5770,True,4rGCae3rVuKv97In4xEOpA
4782,2018,12,187,OSL,59.95715055321121,10.67336215517428,5s8gM1KRgam5QaLB03ev5A,1458,0,1952,4,5775,True,5s8gM1KRgam5QaLB03ev5A
4829,2009,6,332,OSL,59.92826228832415,10.75495336195548,iWcYRj0jfMdca03P9CrPxw,212,2,2796,2,5777,True,iWcYRj0jfMdca03P9CrPxw
3283,2017,5,380,OSL,59.93980879498578,10.72612986642441,vZD5WxmdRYNZMyiyRDnFhg,834,0,960,4,5780,True,vZD5WxmdRYNZMyiyRDnFhg
4086,2018,12,227,OSL,59.9490292612714,10.69943114572541,_ESYSYvM5aSasMePiPM8OA,1571,0,2228,3,5783,True,_ESYSYvM5aSasMePiPM8OA
4317,2014,5,482,OSL,59.95111442097001,10.76673827564846,n6OlOgQqXyWZYL2SDAdNIA,388,2,2797,2,5786,True,n6OlOgQqXyWZYL2SDAdNIA
1041,2009,4,296,OSL,59.91802706540445,10.69047063900797,nUABmIDA2v8CV30dcZohkw,1176,0,1443,7,5792,True,nUABmIDA2v8CV30dcZohkw
1292,2019,9,302,OSL,59.91983342967014,10.76264828133807,-Do6PhN5ww5CRyUcwu_7ZQ,1410,1,2798,1,5793,True,-Do6PhN5ww5CRyUcwu_7ZQ
4879,2019,7,295,OSL,59.95802459520613,10.70552788669186,_wWjSuI0PHdwgpghkEKDLw,1262,1,2799,2,5795,True,_wWjSuI0PHdwgpghkEKDLw
4859,2019,6,366,OSL,59.95823724979135,10.67166996218919,x-z46qZRk4RPgyNkJcPsLg,1091,1,2800,1,5797,True,x-z46qZRk4RPgyNkJcPsLg
2991,2018,12,571,OSL,59.93718513625608,10.70689818849307,6q6SufIenXbEDq3q8j3gUw,1668,1,2801,2,5798,True,6q6SufIenXbEDq3q8j3gUw
1642,2019,9,682,OSL,59.92296437300306,10.77166697697275,rXAy1acQkihWwojkg-VJUA,1554,1,2803,1,5804,True,rXAy1acQkihWwojkg-VJUA
3396,2012,10,253,OSL,59.94089455236995,10.78187135426311,PteZQwdeO-g2-MpjlQAApQ,816,0,930,8,5806,True,PteZQwdeO-g2-MpjlQAApQ
4476,2018,12,432,OSL,59.95277559222873,10.73401340476204,eIG4w7apDnO-upzNpQDRZw,440,1,2804,2,5808,True,eIG4w7apDnO-upzNpQDRZw
2012,2019,9,279,OSL,59.92699109681342,10.72038427681917,H9mduOBSO-cY9buhOh40jw,1714,0,2805,1,5809,True,H9mduOBSO-cY9buhOh40jw
1273,2009,6,495,OSL,59.9201479323758,10.73149869081095,2KsADeof1Z8b1c2c_q9UFA,1715,0,2806,2,5814,True,2KsADeof1Z8b1c2c_q9UFA
1395,2009,6,231,OSL,59.92109233571503,10.75531821614823,E24CTgDNxQufN0LPAXHqPg,1562,1,2587,4,5816,True,E24CTgDNxQufN0LPAXHqPg
1941,2009,6,281,OSL,59.92599646924252,10.75602671554486,hpV-jNIwMaxqVrBBOV1tCA,969,0,1146,5,5817,True,hpV-jNIwMaxqVrBBOV1tCA
416,2014,5,538,OSL,59.90886749809628,10.73831375593906,AitQIJ1HM7T9gmtXwE7Gcg,1225,2,2807,1,5818,True,AitQIJ1HM7T9gmtXwE7Gcg
2844,2014,5,310,OSL,59.93516972720926,10.78517148057336,w2nAEAKmNvsC3kmHI173IQ,960,0,1132,4,5820,True,w2nAEAKmNvsC3kmHI173IQ
4554,2019,10,517,OSL,59.95375535318066,10.69695304328233,h7Hv1il7qMULOC7op_tBeg,1716,0,2808,2,5821,True,h7Hv1il7qMULOC7op_tBeg
1901,2019,10,300,OSL,59.92582972057879,10.67974030883316,jnjbxjKEjLRk7RSY6sUKvg,724,1,2809,1,5822,True,jnjbxjKEjLRk7RSY6sUKvg
1743,2009,6,387,OSL,59.92418373791406,10.76255622824919,QKosj6AQssaHLySaHIvubg,1437,1,2810,1,5825,True,QKosj6AQssaHLySaHIvubg
61,2010,8,401,OSL,59.89924674197553,10.76256048458288,6dw2jzGTekEdKl64jTLQIA,1617,1,2811,1,5827,True,6dw2jzGTekEdKl64jTLQIA
4853,2018,12,315,OSL,59.95765437526723,10.66055352003853,VnG9442LqUdEnJV2AFcMPw,1538,2,2812,1,5832,True,VnG9442LqUdEnJV2AFcMPw
3745,2009,6,602,OSL,59.94510253471074,10.74400702771197,bFA16mO1DGgBlhW2mVYAiw,713,1,2813,1,5838,True,bFA16mO1DGgBlhW2mVYAiw
3577,2017,5,627,OSL,59.94313696262804,10.77082037150435,N0ZVDD4tnYuApxhgsCgl2w,144,0,146,4,5843,True,N0ZVDD4tnYuApxhgsCgl2w
3783,2017,5,594,OSL,59.94607213556079,10.64807113385612,ZmXBpVpXhTuM3LQXQRmyTg,395,1,2369,3,5846,True,ZmXBpVpXhTuM3LQXQRmyTg
3377,2018,12,201,OSL,59.94115445659221,10.74755645221817,ekhteZQXS8a5daA_uG5a_A,523,2,2814,1,5850,True,ekhteZQXS8a5daA_uG5a_A
4333,2019,7,460,OSL,59.95114414169218,10.78490926891772,1mqq7PFfqTOlJAB7A1_sTw,641,0,698,4,5851,True,1mqq7PFfqTOlJAB7A1_sTw
1827,2009,6,167,OSL,59.92504080620034,10.73634562682519,ssNwxt6JOGtw7_EX5td9nA,766,2,2815,1,5855,True,ssNwxt6JOGtw7_EX5td9nA
2442,2009,6,388,OSL,59.93072293836722,10.79216841124299,WXzAUp37K_J_i3c7AIM6xw,1508,2,2816,2,5860,True,WXzAUp37K_J_i3c7AIM6xw
1689,2019,10,334,OSL,59.92414125152931,10.68397606564569,B7c_olITasz3yJ0TiHqSwQ,359,0,374,7,5862,True,B7c_olITasz3yJ0TiHqSwQ
2286,2019,10,339,OSL,59.93001521336739,10.70746749205742,QXLQzZel3XbeMIjz22YGRw,1718,0,2818,3,5868,True,QXLQzZel3XbeMIjz22YGRw
3030,2009,7,253,OSL,59.93698377375204,10.77360601114134,cq5QAcnvAW5G7SxGtaWGFw,426,2,2819,3,5872,True,cq5QAcnvAW5G7SxGtaWGFw
1910,2009,6,179,OSL,59.92635742718664,10.71806276351479,D7JIu-6bz7qL-mTTMhxIfQ,29,2,2820,1,5874,True,D7JIu-6bz7qL-mTTMhxIfQ
1221,2014,6,283,OSL,59.91985024735927,10.66672965924148,jrtKYz5yDeBSsJ8_SsjAYA,1471,0,1969,3,5878,True,jrtKYz5yDeBSsJ8_SsjAYA
2385,2019,10,232,OSL,59.93117415771724,10.71372280377367,AXgfbjTlZDHjFyRnQLAVvw,49,0,49,6,5887,True,AXgfbjTlZDHjFyRnQLAVvw
2919,2018,12,274,OSL,59.93605622529734,10.76009724253038,evqBGoX-kH1Zd1tjfMqBhA,1719,0,2821,1,5889,True,evqBGoX-kH1Zd1tjfMqBhA
2643,2009,5,23,OSL,59.93398679864257,10.65242053400337,E2Av_0Jcnknkh_-pfSu8tg,1619,1,2822,2,5890,True,E2Av_0Jcnknkh_-pfSu8tg
201,2014,5,465,OSL,59.90288495731564,10.69776719842085,4lyPgzcW7i2tcqAS6j_uUg,1348,1,2823,1,5893,True,4lyPgzcW7i2tcqAS6j_uUg
3772,2012,10,181,OSL,59.94488684305865,10.78860148303597,NLK7yilyR8S_DemrhX70Zw,653,1,1128,4,5897,True,NLK7yilyR8S_DemrhX70Zw
195,2017,5,399,OSL,59.90272518377527,10.68593408952046,hirNrF-x8IeweZelyKIyeA,720,1,2824,2,5898,True,hirNrF-x8IeweZelyKIyeA
878,2016,5,421,OSL,59.91584481428043,10.69430170722491,z3FOfhiQCGYsEhrT7QWCDQ,1485,0,1996,15,5902,True,z3FOfhiQCGYsEhrT7QWCDQ
160,2018,12,330,OSL,59.90226934373867,10.69028485037804,I2LQBZ4eDC08O68RzzH_dw,1720,0,2826,2,5904,True,I2LQBZ4eDC08O68RzzH_dw
162,2009,6,297,OSL,59.90187406452493,10.69471740221979,X4s45K7IvRnVZ5k72de5KQ,1494,2,2491,4,5905,True,X4s45K7IvRnVZ5k72de5KQ
1016,2009,4,402,OSL,59.91790973997796,10.64569531004882,YG0G2_Ck7bi5pcUrhkeXjQ,1226,1,2827,1,5907,True,YG0G2_Ck7bi5pcUrhkeXjQ
1786,2009,7,225,OSL,59.92506875097445,10.67535032327876,dn1cVjKpivQML2FN0WMSgw,393,1,2828,2,5908,True,dn1cVjKpivQML2FN0WMSgw
1853,2018,12,427,OSL,59.92514403377394,10.7694538610026,09YGtB-stztvbtkp08FNMQ,1675,0,2570,3,5909,True,09YGtB-stztvbtkp08FNMQ
1806,2018,12,414,OSL,59.92501995940394,10.71238623806894,er6onYUX12qT0Gta7KXzSg,1583,1,2462,4,5915,True,er6onYUX12qT0Gta7KXzSg
4119,2017,6,510,OSL,59.94893885326778,10.7596175613856,SIT_6kRVX7dCS_R-Jad39Q,715,2,2829,1,5917,True,SIT_6kRVX7dCS_R-Jad39Q
3364,2018,12,389,OSL,59.94114755128564,10.7195250226164,tk0bH_UfRkYrReYNvAlDUg,437,1,2830,1,5920,True,tk0bH_UfRkYrReYNvAlDUg
622,2017,5,91,OSL,59.91202200192864,10.75945586735813,eZaoM5g30Tq4ooytOElRVQ,1056,2,2831,1,5924,True,eZaoM5g30Tq4ooytOElRVQ
604,2017,5,649,OSL,59.91203668583626,10.73448462695243,lQzkVMYmgC3T2xJryPFMnQ,1296,0,1640,6,5925,True,lQzkVMYmgC3T2xJryPFMnQ
4570,2018,12,268,OSL,59.95402132847824,10.73680861874851,1cPxicidZqsd-g4kXmSCjw,863,1,2832,2,5926,True,1cPxicidZqsd-g4kXmSCjw
2333,2009,6,249,OSL,59.93016398165977,10.77286411731709,mfjTm1gVk-OJp9KqHAn_yQ,200,1,1881,4,5928,True,mfjTm1gVk-OJp9KqHAn_yQ
2822,2014,6,316,OSL,59.93503971094702,10.75215133222494,JwJZXc95eGBFzCb8qxuRkQ,1228,1,2833,2,5931,True,JwJZXc95eGBFzCb8qxuRkQ
2509,2014,8,189,OSL,59.9318484050313,10.74189168923222,ROXLTvpOTlyxvbgDryJLhw,739,1,2834,2,5935,True,ROXLTvpOTlyxvbgDryJLhw
1087,2014,8,643,OSL,59.91806922321751,10.75330912578528,eDwSlDlDRGSpnVHfrD0lvw,1233,3,2835,1,5939,True,eDwSlDlDRGSpnVHfrD0lvw
4780,2019,8,308,OSL,59.95729886571812,10.67173217271827,IQd8dlOoSDfUZByJDc2lew,1104,0,1323,6,5943,True,IQd8dlOoSDfUZByJDc2lew
1300,2018,12,388,OSL,59.91989486778481,10.78062467154319,v_R2YAnGFm0xBtnQIjqbgg,1605,1,2836,1,5948,True,v_R2YAnGFm0xBtnQIjqbgg
2006,2014,6,255,OSL,59.92708010352252,10.71444170123045,ARtX8qlQ88ylzLXTRNUMgA,268,2,2837,2,5949,True,ARtX8qlQ88ylzLXTRNUMgA
687,2016,5,401,OSL,59.91309306546473,10.74861847549151,WOHOVEZHgKOsfStxtWxW3w,1406,1,2838,1,5951,True,WOHOVEZHgKOsfStxtWxW3w
995,2014,8,387,OSL,59.91707719571728,10.75130468394304,Qxv0Xp1n45o6eeZ2Q7w0Sw,1697,1,2839,1,5954,True,Qxv0Xp1n45o6eeZ2Q7w0Sw
2038,2017,5,374,OSL,59.92713614948557,10.75192200258235,q_OODChtCuYcEOaTpgdOLg,482,1,2544,5,5956,True,q_OODChtCuYcEOaTpgdOLg
2044,2017,5,554,OSL,59.92721331146882,10.75845061910852,lpRPBgdD5tPDWqWNUTnpKw,1307,0,1664,4,5958,True,lpRPBgdD5tPDWqWNUTnpKw
2999,2019,8,105,OSL,59.93692315892439,10.72311107290283,5kTPifBxGeSyO54b87LWNw,1451,1,2840,1,5969,True,5kTPifBxGeSyO54b87LWNw
2368,2017,5,341,OSL,59.93108165436158,10.67574682617898,55ud7hl7tnaBV5svVi7cKA,481,0,513,7,5971,True,55ud7hl7tnaBV5svVi7cKA
3417,2019,10,337,OSL,59.942145385031,10.66748184032358,P8Lr7soJRpffXREjokoS2g,1394,0,1819,3,5973,True,P8Lr7soJRpffXREjokoS2g
3440,2009,6,384,OSL,59.94215005172632,10.70565171843127,Rsbvt1fxZtvSgxfL3qKqxw,1002,0,1186,6,5976,True,Rsbvt1fxZtvSgxfL3qKqxw
2008,2019,9,510,OSL,59.92686762146018,10.7162314193242,hEcnSkjRcwbsf2XvhYzOVA,1292,1,2340,3,5985,True,hEcnSkjRcwbsf2XvhYzOVA
2313,2014,8,393,OSL,59.93005129396273,10.74345597426437,w7EqlKPYSKog1CGmvjxENQ,583,1,2841,1,5987,True,w7EqlKPYSKog1CGmvjxENQ
668,2009,6,572,OSL,59.91295362323989,10.71967587806013,_QRijFTrQZqxBkbBZwVlSg,1334,1,2842,1,5989,True,_QRijFTrQZqxBkbBZwVlSg
824,2009,6,169,OSL,59.91512965514078,10.73059791122602,OnMQ1fy3ZyTLMRt5TQj4Qw,1160,0,1413,8,5992,True,OnMQ1fy3ZyTLMRt5TQj4Qw
2665,2019,9,210,OSL,59.93406355694156,10.6853748206465,tc4H4Fzh6R-7dLIcprenkg,1461,1,2843,2,5996,True,tc4H4Fzh6R-7dLIcprenkg
2636,2009,6,444,OSL,59.93296044123863,10.78719105615389,_-nbL4PQ5FAkccKJmq7IpA,811,0,925,5,6000,True,_-nbL4PQ5FAkccKJmq7IpA
3959,2009,5,418,OSL,59.94695702258912,10.78276585891869,7qp11cSGiwZu0YB0CQ_4QQ,329,2,2844,3,6002,True,7qp11cSGiwZu0YB0CQ_4QQ
1150,2019,9,351,OSL,59.9192116991966,10.70437142098905,PvQ4PuYnkcxXFuQsOBVqcA,598,0,646,4,6003,True,PvQ4PuYnkcxXFuQsOBVqcA
2068,2014,8,435,OSL,59.92687188670807,10.78633499102836,GG-Zic8IWpRYs4SwkTPtLA,1037,0,1233,3,6009,True,GG-Zic8IWpRYs4SwkTPtLA
3880,2016,5,250,OSL,59.94701434864091,10.64736068794905,9bEwjs27BdsTEMmvMiaeJw,1237,1,2845,2,6010,True,9bEwjs27BdsTEMmvMiaeJw
795,2012,10,327,OSL,59.9148971747541,10.68553723103885,lw3_VDwAibF6buhvxzsWIg,1466,0,1961,6,6015,True,lw3_VDwAibF6buhvxzsWIg
3598,2019,9,363,OSL,59.9439301549039,10.66025476101828,N5MUYBMXsDelAB08-BZb0Q,503,0,539,4,6018,True,N5MUYBMXsDelAB08-BZb0Q
3217,2009,6,178,OSL,59.93902987852294,10.77321476408795,FLFrY8o0bEyWWiugAZ_NVA,419,2,2846,1,6019,True,FLFrY8o0bEyWWiugAZ_NVA
2775,2019,10,264,OSL,59.93507925473035,10.69256560267189,exFWeA-o3_OdGTS_mPq3iA,1563,1,2640,3,6023,True,exFWeA-o3_OdGTS_mPq3iA
4542,2017,5,356,OSL,59.9540702185681,10.6714710552676,TpdAOV-pfCMnBGRr9LZEgw,1598,1,2615,3,6024,True,TpdAOV-pfCMnBGRr9LZEgw
3453,2018,12,476,OSL,59.9420490282273,10.72962127580152,ubrIuoPuHQou3NcKkzallw,68,1,2847,1,6026,True,ubrIuoPuHQou3NcKkzallw
3306,2014,5,635,OSL,59.94008627414147,10.7611645485609,NbDvrimHy8xMculF7utw6w,671,1,2848,1,6027,True,NbDvrimHy8xMculF7utw6w
3528,2018,12,124,OSL,59.94320900750989,10.6995107228786,aTTrkFdiIw-6DuoldgT5qw,614,1,1673,3,6032,True,aTTrkFdiIw-6DuoldgT5qw
4313,2014,5,678,OSL,59.95100230262143,10.76238553858518,Gyq7EtoweDTfGM3fXjMQ1A,286,2,2849,1,6035,True,Gyq7EtoweDTfGM3fXjMQ1A
97,2019,4,125,OSL,59.89999961331718,10.76957577976685,5vytwRypC0tFJVBz-g4MLw,1721,0,2850,1,6037,True,5vytwRypC0tFJVBz-g4MLw
3007,2014,8,440,OSL,59.93726150622174,10.74109008643592,byNzGjrCg1qd9pzsyT0xLw,1381,1,2851,1,6038,True,byNzGjrCg1qd9pzsyT0xLw
3101,2019,9,489,OSL,59.93803542789556,10.74590627170346,0_xNUCQASAnZSXFWsn1MWw,736,1,2639,3,6044,True,0_xNUCQASAnZSXFWsn1MWw
3411,2019,10,615,OSL,59.94197875057153,10.65049458495021,oVJiPIKJ93jc9d6-FIjBdg,1722,0,2852,1,6048,True,oVJiPIKJ93jc9d6-FIjBdg
4832,2019,7,643,OSL,59.95732613640219,10.7712721567764,ikWDAF3QkVx8bU4heKUy_g,1723,0,2853,1,6049,True,ikWDAF3QkVx8bU4heKUy_g
3591,2009,5,208,OSL,59.94404349898272,10.64170017532188,pEfVTP0Vm2_e8-YBq3pASA,254,0,259,3,6058,True,pEfVTP0Vm2_e8-YBq3pASA
1069,2019,9,250,OSL,59.91804072149958,10.72445439368514,kDZb93_icgfbVL0bPA9DSQ,697,4,2854,1,6059,True,kDZb93_icgfbVL0bPA9DSQ
2558,2018,12,610,OSL,59.93325480709951,10.66308801772657,Q6Zc-uLD9z2lV9CrPjc4VA,1182,0,1456,6,6060,True,Q6Zc-uLD9z2lV9CrPjc4VA
2140,2018,12,223,OSL,59.92800489772877,10.75912079829759,WCGyAt2pW4UYlZR14OzHKw,1688,0,2638,7,6061,True,WCGyAt2pW4UYlZR14OzHKw
1793,2019,9,51,OSL,59.92497538944038,10.68618671142324,YCFtNvm_dU7YjBtIlUr1gg,1579,2,2855,1,6062,True,YCFtNvm_dU7YjBtIlUr1gg
3715,2019,9,208,OSL,59.9448622301316,10.70768924973817,55lA94sAFEPlUgSWsUjCzw,859,0,992,3,6063,True,55lA94sAFEPlUgSWsUjCzw
2218,2014,6,298,OSL,59.92909226333168,10.7466251163668,jcF3boEbRQ4B5Yrvpiycvg,1404,1,2856,1,6064,True,jcF3boEbRQ4B5Yrvpiycvg
4600,2014,8,215,OSL,59.95411764131632,10.77516236714648,mDoOi_YIHwz1UTdoD7Vfww,1101,1,2857,1,6070,True,mDoOi_YIHwz1UTdoD7Vfww
525,2016,5,303,OSL,59.91110154045958,10.73542367892352,rB2bh1CiK3x7owY7VIzA2w,389,1,2858,2,6073,True,rB2bh1CiK3x7owY7VIzA2w
4696,2019,10,255,OSL,59.95599104717196,10.64320277426242,1JHZ8YoDTy-L8bEKVTnT9Q,51,2,1895,3,6074,True,1JHZ8YoDTy-L8bEKVTnT9Q
1317,2009,7,156,OSL,59.92097578506476,10.65264938861559,KPi-Pu1pTWPRaLxqBhqzRw,1352,0,1738,7,6075,True,KPi-Pu1pTWPRaLxqBhqzRw
1398,2019,9,413,OSL,59.92106760869201,10.75842672537493,TlkElMjoWCxEYgDnvAlP7g,1659,0,2514,4,6078,True,TlkElMjoWCxEYgDnvAlP7g
4537,2019,8,155,OSL,59.95426249093577,10.66681746432654,Jqj2wOOZiQEJLcEtok5H3g,1620,1,2859,1,6081,True,Jqj2wOOZiQEJLcEtok5H3g
3389,2019,8,260,OSL,59.94121518246538,10.77279239949918,UL-SusihjHI_VPANyQjYUQ,804,0,917,3,6085,True,UL-SusihjHI_VPANyQjYUQ
623,2009,7,463,OSL,59.91192384253426,10.76025960381272,sPjrTVSeevfpPI6uBHvGIw,246,1,708,3,6088,True,sPjrTVSeevfpPI6uBHvGIw
3581,2019,8,474,OSL,59.94290522727196,10.7750802475728,sIxP6XI_1pLJM3yvJHIn3A,1055,2,2860,1,6090,True,sIxP6XI_1pLJM3yvJHIn3A
4197,2017,5,392,OSL,59.95005471694355,10.73949596797651,0gokGF8PTY-Ehq-jfPcbdw,1192,1,2109,3,6091,True,0gokGF8PTY-Ehq-jfPcbdw
2774,2019,9,334,OSL,59.93529338828647,10.69168508659896,cNx5zg4qL6fyCXbjEuADdA,828,1,2164,4,6096,True,cNx5zg4qL6fyCXbjEuADdA
4125,2012,10,540,OSL,59.94902846477247,10.76741758916519,OgxmJQEoO5Kj5Wag2kBF3Q,61,0,61,6,6098,True,OgxmJQEoO5Kj5Wag2kBF3Q
1950,2019,9,123,OSL,59.92630680039207,10.76783413584028,OYVlDDpphR7FkCoCgYi1MA,446,2,2861,1,6099,True,OYVlDDpphR7FkCoCgYi1MA
2974,2019,9,369,OSL,59.9368967229725,10.68635775164924,WXupPmCR--FboC0PeicJNA,521,0,558,9,6100,True,WXupPmCR--FboC0PeicJNA
756,2018,12,394,OSL,59.91399754685003,10.7492863504355,obrkPJK5rzR3cKU_S0aj2w,1724,0,2863,2,6102,True,obrkPJK5rzR3cKU_S0aj2w
3890,2010,9,425,OSL,59.94704500907486,10.66045392845616,wNO84LkriilP46NfAXCQ2A,971,1,2189,5,6104,True,wNO84LkriilP46NfAXCQ2A
2151,2019,9,186,OSL,59.9278832128801,10.77218910346703,qdpycahQWnWCgYtiPm4Oqw,1251,1,2864,1,6105,True,qdpycahQWnWCgYtiPm4Oqw
2765,2018,12,444,OSL,59.93506206295355,10.680441666373,ed690E1DGmKNO3NSlRljSg,1625,1,2865,1,6106,True,ed690E1DGmKNO3NSlRljSg
2426,2016,5,440,OSL,59.93081309071424,10.77076846330069,fTZOs_wZgA0v60tB-fMzAg,225,0,228,9,6110,True,fTZOs_wZgA0v60tB-fMzAg
1323,2019,6,492,OSL,59.92119719016284,10.65853530350384,8q2gYS6EsWYq5hlhVOYoUA,913,0,1066,5,6111,True,8q2gYS6EsWYq5hlhVOYoUA
2189,2017,5,412,OSL,59.92910152299334,10.71015295411569,ZiKb8BnqJvqYDMzjG4q5-w,472,1,2866,1,6113,True,ZiKb8BnqJvqYDMzjG4q5-w
4774,2017,5,122,OSL,59.95687721000774,10.66194603276665,y0OkrpZLcNZ0RpJ6EkF1CQ,1673,2,2867,1,6114,True,y0OkrpZLcNZ0RpJ6EkF1CQ
4755,2018,12,364,OSL,59.95595432825116,10.76975355302653,qrJICJEdG-Zw75lVsTQAqg,505,1,2802,3,6116,True,qrJICJEdG-Zw75lVsTQAqg
2431,2019,9,489,OSL,59.93078487200511,10.77598008373199,1C3BBmkpEADxhe99jSnqOw,453,2,2868,1,6118,True,1C3BBmkpEADxhe99jSnqOw
4915,2018,12,286,OSL,59.95810647450258,10.76342905793884,sGd3W126fVPaXVBwUrrZ6Q,1271,0,1593,3,6121,True,sGd3W126fVPaXVBwUrrZ6Q
4424,2012,10,152,OSL,59.95205845781924,10.78531108585692,6L3S5L5OHVQy7pD34kLfbg,893,1,2319,3,6132,True,6L3S5L5OHVQy7pD34kLfbg
3302,2009,6,556,OSL,59.94016421365568,10.75362779446375,v_tlfPTCsk-t79zEuYskxQ,195,2,2869,1,6138,True,v_tlfPTCsk-t79zEuYskxQ
239,2018,12,188,OSL,59.90392066906681,10.73943503749932,QdkjpZVtyI2ipQ6PaHzvQA,1698,2,2870,1,6139,True,QdkjpZVtyI2ipQ6PaHzvQA
3502,2010,9,225,OSL,59.94291427220583,10.64272969055531,cF-UEXqx3xcB2Y2OXNtJbw,454,1,2871,1,6140,True,cF-UEXqx3xcB2Y2OXNtJbw
3104,2018,12,71,OSL,59.93817781832683,10.75174948080277,h_YfDb9ABDqlcNqpMZE-Bw,771,1,2872,1,6141,True,h_YfDb9ABDqlcNqpMZE-Bw
2563,2018,12,669,OSL,59.93305413119636,10.66933847257737,UnI97a5KJZGqP9SAe9vt2g,1484,1,2873,1,6142,True,UnI97a5KJZGqP9SAe9vt2g
181,2018,12,356,OSL,59.90203206499308,10.78654574986954,3Qg8AWXO0G3Jp3rHGKaatQ,1628,1,2874,2,6146,True,3Qg8AWXO0G3Jp3rHGKaatQ
3516,2019,10,403,OSL,59.94302929016922,10.68138637998719,eTHJVyYVQyGTTgrsR5dH1g,910,1,1717,3,6147,True,eTHJVyYVQyGTTgrsR5dH1g
3555,2014,8,455,OSL,59.94303513454418,10.73643177721783,ZjGosMBUKq-0BLh4nI-JFg,1652,0,2492,3,6149,True,ZjGosMBUKq-0BLh4nI-JFg
2651,2018,12,498,OSL,59.93408274387382,10.66439140234009,tSAkwICZdwkdPStan3p9OQ,511,1,2875,2,6150,True,tSAkwICZdwkdPStan3p9OQ
2790,2018,12,552,OSL,59.93503759089503,10.71188156533079,mZm1ReY5COtK9m3OPtKhmg,868,1,1133,4,6151,True,mZm1ReY5COtK9m3OPtKhmg
4487,2009,5,490,OSL,59.9530360473729,10.74445872646742,VXrgCfZHoTw7Dcb_t4M66g,775,2,1081,3,6152,True,VXrgCfZHoTw7Dcb_t4M66g
3708,2017,5,588,OSL,59.94504578607004,10.70038090041215,CbLEm6nQZY482YKtcVcCog,1128,0,1357,4,6154,True,CbLEm6nQZY482YKtcVcCog
3469,2019,9,384,OSL,59.94177668109876,10.75372154487719,p8bv_nHeP80WdCy_t0pwnQ,1686,0,2624,4,6158,True,p8bv_nHeP80WdCy_t0pwnQ
2545,2009,6,212,OSL,59.93218055574306,10.78889178571232,kw6aRsC_YgKa4jFwN1iDvg,1027,1,2876,2,6163,True,kw6aRsC_YgKa4jFwN1iDvg
3240,2009,5,424,OSL,59.94005937793632,10.67017380945232,lYm60GSsrT9e9d0IILZ8Lw,1654,2,2877,2,6164,True,lYm60GSsrT9e9d0IILZ8Lw
3089,2019,10,330,OSL,59.93810970506599,10.71862167400248,63w8wX2FiwCrbjbDlzDA5A,255,0,260,5,6169,True,63w8wX2FiwCrbjbDlzDA5A
3824,2018,12,641,OSL,59.94629145662233,10.72134681233002,bfJz7HYPhcJXJ6wyv5ZVsg,1609,1,2878,1,6170,True,bfJz7HYPhcJXJ6wyv5ZVsg
4032,2017,5,388,OSL,59.94791634446123,10.76415447741741,tIOoNQTBdJGfMqfpjraf6g,1633,1,2879,2,6172,True,tIOoNQTBdJGfMqfpjraf6g
4504,2018,12,330,OSL,59.9530791033901,10.76228485842111,hjh-mQ_Nv0avr-V5QGvGqw,569,0,613,9,6173,True,hjh-mQ_Nv0avr-V5QGvGqw
1003,2019,9,711,OSL,59.91707079323056,10.76237967946195,EoNPN--6mr6nN6IMs7hvJQ,60,0,60,5,6174,True,EoNPN--6mr6nN6IMs7hvJQ
3982,2019,9,346,OSL,59.94811884594243,10.68160865174574,J4knLcpiHQM86w3xJzf3_g,1537,0,2128,4,6181,True,J4knLcpiHQM86w3xJzf3_g
2776,2019,10,260,OSL,59.93509786549149,10.69336381528785,cghUMM_rD7c_TBs2KMBWUQ,1544,1,2880,2,6183,True,cghUMM_rD7c_TBs2KMBWUQ
2665,2012,10,257,OSL,59.9340614783404,10.68535796920082,ybX21p1ST2XLUej92TJobQ,1461,2,2881,1,6184,True,ybX21p1ST2XLUej92TJobQ
1183,2019,9,430,OSL,59.9189838525936,10.74960224206422,voBTzfw18Ksg_3FVSkZ9uQ,90,1,2882,1,6186,True,voBTzfw18Ksg_3FVSkZ9uQ
1701,2014,5,221,OSL,59.92385179877533,10.70975886883936,EdHFu3AnArDMAmRAD5uobA,353,2,2883,1,6187,True,EdHFu3AnArDMAmRAD5uobA
98,2019,4,261,OSL,59.89972718773311,10.77025762390856,dobGHrr7W6iIu86nwzx9NQ,1726,0,2885,1,6190,True,dobGHrr7W6iIu86nwzx9NQ
3153,2019,10,348,OSL,59.93912987988823,10.68158728193939,QXk1-7UsgUoK9RTWYoHnsQ,425,1,817,6,6195,True,QXk1-7UsgUoK9RTWYoHnsQ
2512,2019,9,474,OSL,59.93200753870091,10.74535175712885,kDg6oIRJ0wa7-TBd_LcYQw,1462,1,2886,2,6197,True,kDg6oIRJ0wa7-TBd_LcYQw
3416,2019,9,101,OSL,59.94223990959074,10.66641457211144,EAYgBYOkWMw389OEjJMN4g,1727,0,2887,3,6202,True,EAYgBYOkWMw389OEjJMN4g
1448,2012,10,472,OSL,59.92224335184234,10.66788219650414,wHEkyhj2xdzeYfYUllxRfw,1035,1,1826,4,6203,True,wHEkyhj2xdzeYfYUllxRfw
1748,2019,9,393,OSL,59.92389522103471,10.76753172217928,IKcBiwtSy-Y9NEwesSgYAw,324,1,566,3,6208,True,IKcBiwtSy-Y9NEwesSgYAw
1912,2019,9,165,OSL,59.92611438683834,10.7203504241763,Cbkww0pp25qoDjOc_XYjtQ,245,3,2888,1,6216,True,Cbkww0pp25qoDjOc_XYjtQ
3164,2019,9,684,OSL,59.93893317033238,10.69699599633263,45Z1QPKFd-eVB8jKTYx9ug,1383,0,1798,3,6219,True,45Z1QPKFd-eVB8jKTYx9ug
4254,2018,12,536,OSL,59.95092892153784,10.67921869740423,j8hCmo5qdO0HQ_GcJJHD2A,1703,1,2889,2,6224,True,j8hCmo5qdO0HQ_GcJJHD2A
1079,2019,9,108,OSL,59.91823623001428,10.74344395583655,EeW0d8LDgV9ekREAGazd5A,1709,0,2774,4,6228,True,EeW0d8LDgV9ekREAGazd5A
3115,2009,6,586,OSL,59.93789567298339,10.76364357353873,v8rM9QlSiNkMOiR9QUMlKg,1310,2,2890,3,6231,True,v8rM9QlSiNkMOiR9QUMlKg
4459,2019,10,454,OSL,59.95286578540671,10.69468530900596,hoOPCAs3JporO9opz_mn1g,527,1,2891,2,6233,True,hoOPCAs3JporO9opz_mn1g
1398,2016,5,244,OSL,59.92105777199182,10.75846474582014,aNDHrV4b96EMIDlFffx-xw,1659,1,2892,1,6236,True,aNDHrV4b96EMIDlFffx-xw
1250,2009,6,168,OSL,59.91993939171127,10.70551157515608,YXiQJws52LDsGZihpZDTLw,1393,1,2893,1,6237,True,YXiQJws52LDsGZihpZDTLw
3412,2018,12,173,OSL,59.94189447621292,10.65078915111027,kNRU5yvg89KcKDcjTFaBQQ,1728,0,2894,1,6241,True,kNRU5yvg89KcKDcjTFaBQQ
2627,2018,12,544,OSL,59.93309290817939,10.76836182584023,TUd8QOOJaWws8OjdYoX7Cw,405,2,2895,1,6243,True,TUd8QOOJaWws8OjdYoX7Cw
2759,2014,5,598,OSL,59.9350499714395,10.6664762902477,dPvLat1sRLJfbkCtOlAmhA,651,1,2896,1,6245,True,dPvLat1sRLJfbkCtOlAmhA
2786,2019,9,619,OSL,59.93508594419085,10.70623823898572,dMx5_lOVSVuAfNxKngV46w,901,1,2898,1,6247,True,dMx5_lOVSVuAfNxKngV46w
3625,2012,10,488,OSL,59.94420882280148,10.70696554963479,W3r_4l77aWe3cuHI79nc4Q,1100,0,1317,5,6248,True,W3r_4l77aWe3cuHI79nc4Q
2925,2018,12,318,OSL,59.93603257321265,10.76553120102501,1PKUYpMA1rnw_CEYQQOpeg,1373,1,2899,1,6249,True,1PKUYpMA1rnw_CEYQQOpeg
4878,2018,12,352,OSL,59.95761041279687,10.70330533339721,WTTLxUKD0yT8GgaXMP5iUA,1369,1,2900,1,6250,True,WTTLxUKD0yT8GgaXMP5iUA
1007,2014,6,336,OSL,59.91713123192265,10.76635660156813,ZowuKPQn1w20979DHoTekw,386,0,403,5,6251,True,ZowuKPQn1w20979DHoTekw
2690,2017,5,468,OSL,59.93415266355572,10.71760023239072,1gVszscvJaltPW8EZSO0_w,498,0,534,4,6253,True,1gVszscvJaltPW8EZSO0_w
4553,2018,12,624,OSL,59.95399894263214,10.69553792542019,LcEzFG64QYXrkmFvelZD1Q,1268,1,2902,2,6256,True,LcEzFG64QYXrkmFvelZD1Q
4903,2014,8,284,OSL,59.95804044355439,10.74628625336318,irYy0pDEk9E5Nqq1Geq08w,1717,0,2817,5,6257,True,irYy0pDEk9E5Nqq1Geq08w
3659,2012,10,433,OSL,59.94384433507015,10.76042876689053,LtNNeCpz0Rz_JPUqIsYGgw,1649,1,2565,4,6258,True,LtNNeCpz0Rz_JPUqIsYGgw
526,2018,12,405,OSL,59.91095736470353,10.73785714589902,Ww1LlUCA7Uqy8z8HGa1ToQ,1277,1,2903,1,6260,True,Ww1LlUCA7Uqy8z8HGa1ToQ
2370,2012,10,596,OSL,59.93106203143596,10.68119883122385,Eu0Fm6GbNsvaAL5o1r7Bdg,882,0,1024,5,6263,True,Eu0Fm6GbNsvaAL5o1r7Bdg
3000,2019,9,177,OSL,59.93732187759668,10.72603241342696,PBLY4zYQZ5EEg-K1z6gE8Q,1729,0,2904,2,6266,True,PBLY4zYQZ5EEg-K1z6gE8Q
4199,2012,10,157,OSL,59.94998226766968,10.74246953293579,eK0yorA2SSHwxL95I3Ow1g,1144,1,2862,3,6268,True,eK0yorA2SSHwxL95I3Ow1g
3192,2018,12,430,OSL,59.93897516145196,10.7335535502989,nQQn6zoGNqdk_ejajHZSnw,984,1,2905,1,6270,True,nQQn6zoGNqdk_ejajHZSnw
1905,2017,5,356,OSL,59.92608631588936,10.71034137120053,OYEHkfGbAihV41kdcybXKA,1730,0,2906,2,6279,True,OYEHkfGbAihV41kdcybXKA
2865,2019,10,445,OSL,59.93616097673257,10.67166747973828,4dxE2GmwnH9KyVhlfpzX4Q,1263,0,1577,3,6289,True,4dxE2GmwnH9KyVhlfpzX4Q
2492,2016,5,335,OSL,59.93205707305139,10.72238155011223,Ql4lAIkqK2Y0C8Qxe5XpCg,361,0,376,4,6290,True,Ql4lAIkqK2Y0C8Qxe5XpCg
3943,2018,12,675,OSL,59.94706198756948,10.76343741422577,ll7khMrFe-U6fn5Ec3-UfQ,420,0,438,5,6294,True,ll7khMrFe-U6fn5Ec3-UfQ
3288,2017,5,351,OSL,59.94001243042632,10.73246765009144,2eTmNQITMqM8Mik0vKlYVQ,54,0,54,3,6299,True,2eTmNQITMqM8Mik0vKlYVQ
2659,2019,9,311,OSL,59.93402760807624,10.67447127363547,k1ISKTVN4welmqBCANVwfA,1731,0,2907,1,6300,True,k1ISKTVN4welmqBCANVwfA
687,2019,5,217,OSL,59.91305749640243,10.74857544418144,SWkTT0QfaQ-tU_2lQa_MkQ,1406,2,2908,2,6306,True,SWkTT0QfaQ-tU_2lQa_MkQ
4104,2019,9,239,OSL,59.94903782096142,10.74283712053799,9XOA6cuOlEYm977F59VuAg,1540,1,2909,1,6309,True,9XOA6cuOlEYm977F59VuAg
3701,2019,9,702,OSL,59.94499513172928,10.69184683393721,1BGZdn1eazP2fq1WyjGrwA,1186,0,1463,3,6311,True,1BGZdn1eazP2fq1WyjGrwA
1686,2019,9,455,OSL,59.92393033164072,10.6810446716033,B78zvLp-i8gn4WWi3yymvg,1303,0,1656,6,6328,True,B78zvLp-i8gn4WWi3yymvg
2486,2018,12,265,OSL,59.93192152653292,10.71595458529551,YsQvWLteOKAIHthkG42D9g,1607,1,2910,3,6331,True,YsQvWLteOKAIHthkG42D9g
2032,2018,12,511,OSL,59.92697597691887,10.74548284041111,CkgYtUJ31rRGn_Y0Thzd4Q,1665,1,2911,2,6332,True,CkgYtUJ31rRGn_Y0Thzd4Q
1865,2014,6,215,OSL,59.92511920208651,10.78219181411834,orpdX9VNYpZhyQiyLJDGyA,658,2,2912,1,6336,True,orpdX9VNYpZhyQiyLJDGyA
1928,2016,5,450,OSL,59.92605571882717,10.73849250297163,2ATowjO9WQLPQwenFsMnbg,545,0,587,3,6337,True,2ATowjO9WQLPQwenFsMnbg
4180,2018,12,487,OSL,59.94999906774331,10.70295248052021,Ee6qhlxCI9x9JOqjidRetw,1198,2,2913,1,6343,True,Ee6qhlxCI9x9JOqjidRetw
1558,2019,9,626,OSL,59.92305447589933,10.66930720809795,Rtvbd2n8YRvW8hw9l2Xm9g,116,2,2914,1,6345,True,Rtvbd2n8YRvW8hw9l2Xm9g
1184,2019,9,467,OSL,59.91932550271243,10.75050797259297,pcbP2u5LLhCjkLSAAqHj0Q,509,2,2915,2,6347,True,pcbP2u5LLhCjkLSAAqHj0Q
3323,2014,8,602,OSL,59.94009883063402,10.79334355523283,9EnxOKWCznhdYGVqFrqEUg,793,0,902,11,6353,True,9EnxOKWCznhdYGVqFrqEUg
2046,2017,5,379,OSL,59.92724916973882,10.76038389419996,4L9yPgp_a9lReKVdkL8cQg,782,1,2916,1,6354,True,4L9yPgp_a9lReKVdkL8cQg
623,2017,5,283,OSL,59.91188626578682,10.76032940658027,bslxcCmIhX2nUe_ImAS4ig,246,2,2917,1,6355,True,bslxcCmIhX2nUe_ImAS4ig
4768,2018,12,421,OSL,59.95694707600154,10.64225368620625,jut0JZM0BbjWOyYWmF1cog,1530,1,2918,2,6357,True,jut0JZM0BbjWOyYWmF1cog
3625,2009,6,330,OSL,59.94420345535104,10.70702991724188,vtBsLVm9jHBZQkddF6xc1g,1100,2,2919,2,6358,True,vtBsLVm9jHBZQkddF6xc1g
4487,2017,6,515,OSL,59.95304433619543,10.74446404298392,0GWlseCOmD7a3oQTFJRm2w,775,3,2920,1,6359,True,0GWlseCOmD7a3oQTFJRm2w
4325,2014,8,136,OSL,59.95126737592341,10.7774234944582,CoUFxvUOaIQQLkNuYOzwzg,1187,1,2921,2,6361,True,CoUFxvUOaIQQLkNuYOzwzg
2614,2019,9,588,OSL,59.93302497808519,10.75340397881086,_PyaU1lCo_VBBnKMbKOLxw,383,0,400,3,6362,True,_PyaU1lCo_VBBnKMbKOLxw
3291,2012,10,166,OSL,59.93995438301579,10.73560535055493,LgqoSzKkCPV6WFwQd09qeg,342,0,355,4,6367,True,LgqoSzKkCPV6WFwQd09qeg
4096,2014,8,319,OSL,59.94913692502177,10.72422143051949,rm-P0-HwPbANQK0c690BRw,990,2,2922,1,6368,True,rm-P0-HwPbANQK0c690BRw
2760,2018,12,428,OSL,59.93532169903926,10.66697017808965,uiE_sF8bfLitQSkGrr26fw,1258,1,2923,1,6370,True,uiE_sF8bfLitQSkGrr26fw
4405,2019,6,521,OSL,59.9519918505979,10.76101325368656,Pxi8g3rtrmJK5Eb8mcEBDg,332,0,344,4,6371,True,Pxi8g3rtrmJK5Eb8mcEBDg
2051,2018,12,443,OSL,59.92725582002527,10.76541468986843,p7Vnq6NxE6jE_oT0MrmMoA,1732,0,2924,3,6373,True,p7Vnq6NxE6jE_oT0MrmMoA
4314,2019,6,389,OSL,59.95100300607013,10.7632817090097,7IehbXkt9e0XJETu3U0_MQ,721,2,2925,1,6384,True,7IehbXkt9e0XJETu3U0_MQ
4495,2014,5,488,OSL,59.9530278578982,10.75255611368454,14jJ0Ej7bsbiHb_guvcbyA,1134,1,2926,1,6385,True,14jJ0Ej7bsbiHb_guvcbyA
4059,2019,10,299,OSL,59.94905307805968,10.65765181627148,OB2aVdyFYdtAPez0cG89cw,1436,1,2927,1,6391,True,OB2aVdyFYdtAPez0cG89cw
1562,2019,9,382,OSL,59.92304556006267,10.67423445863682,ef1OFLyY1ZIKlVs0MU06QQ,1139,2,2928,1,6392,True,ef1OFLyY1ZIKlVs0MU06QQ
4234,2018,12,384,OSL,59.94996577063916,10.78853291895932,rlX-SrCpVFTEuD7dkZOXWg,617,2,2929,1,6393,True,rlX-SrCpVFTEuD7dkZOXWg
982,2018,12,163,OSL,59.9168787425943,10.73333879164681,s1O3wwsjhvY0lWD9E9jnWA,1132,0,1366,3,6399,True,s1O3wwsjhvY0lWD9E9jnWA
145,2017,6,277,OSL,59.900976546528,10.79337135635569,wTdQLLXrs4yba1L9nOPQ6A,599,0,647,3,6400,True,wTdQLLXrs4yba1L9nOPQ6A
268,2017,5,584,OSL,59.90504287141998,10.68827230599988,2-DxlzwkJy9cp00Y_d437A,682,0,750,7,6401,True,2-DxlzwkJy9cp00Y_d437A
3593,2009,5,204,OSL,59.94390280793378,10.64738828545956,kqu1EMVPW-XGl8Y5eavmeQ,1151,1,2930,2,6404,True,kqu1EMVPW-XGl8Y5eavmeQ
4873,2019,10,346,OSL,59.95801173628062,10.69470382594856,meUa6-pNf3YV7Dd0r32j6Q,41,2,2931,1,6406,True,meUa6-pNf3YV7Dd0r32j6Q
1970,2019,4,452,OSL,59.92598903185917,10.7889922716175,kr1Vh7-VwmmKmOvxMsQiiw,1129,2,2932,1,6407,True,kr1Vh7-VwmmKmOvxMsQiiw
4531,2019,8,217,OSL,59.9540202269398,10.64369337351213,ljbJSTyxaDsLayXkaZau0A,1656,1,2933,1,6408,True,ljbJSTyxaDsLayXkaZau0A
3703,2009,5,247,OSL,59.94481930112033,10.69329293417718,hCaw9jrGWg0PB_JVPGYwLQ,84,0,84,4,6409,True,hCaw9jrGWg0PB_JVPGYwLQ
4064,2018,12,624,OSL,59.94900645414108,10.66607069242474,CtAIGcQdnfa6BDapUx_jKQ,22,0,22,7,6410,True,CtAIGcQdnfa6BDapUx_jKQ
486,2009,7,471,OSL,59.91012908922433,10.75689027337508,t0kWxaZA4uCvsEQDZfGzYg,30,2,2400,3,6411,True,t0kWxaZA4uCvsEQDZfGzYg
3534,2019,10,600,OSL,59.94300841061173,10.70539590689635,0RlX1j4G1dKKtm9jcTzoQA,1280,0,1609,5,6412,True,0RlX1j4G1dKKtm9jcTzoQA
1249,2019,9,514,OSL,59.91984766290836,10.70455795314925,j9AsJlKBxBCZkj08G9Y6BA,251,1,2934,2,6415,True,j9AsJlKBxBCZkj08G9Y6BA
3073,2018,12,218,OSL,59.93802425194569,10.69645899234306,VhX04_WWl_7jgFqNPHEANg,1624,2,2935,1,6416,True,VhX04_WWl_7jgFqNPHEANg
753,2014,5,489,OSL,59.91410960893298,10.73917562199349,SZO_ehf6kzhWEbGC62Pc6w,1411,1,2936,1,6417,True,SZO_ehf6kzhWEbGC62Pc6w
3181,2012,10,219,OSL,59.93860816042016,10.71846037949692,zi0dd7EYCUGHXcaV_3PmcQ,1678,1,2937,2,6418,True,zi0dd7EYCUGHXcaV_3PmcQ
3092,2012,10,332,OSL,59.93824145298001,10.72528827404314,DaNSJmuVCIvhQl_9iyL2FA,1638,1,2938,2,6419,True,DaNSJmuVCIvhQl_9iyL2FA
3431,2019,10,309,OSL,59.9419172138393,10.68753339257611,-vi6geOAV-CIsVvgKFqTwg,1464,1,2939,1,6420,True,-vi6geOAV-CIsVvgKFqTwg
1379,2017,5,259,OSL,59.9211486349617,10.7276191498937,z4LnG5wWK3JlhHwgAy4QjA,1398,1,1851,7,6422,True,z4LnG5wWK3JlhHwgAy4QjA
668,2019,10,377,OSL,59.91296268089452,10.71974213702433,PorRxsr6JVYDdj7yCg05SQ,1334,2,2940,2,6427,True,PorRxsr6JVYDdj7yCg05SQ
3116,2014,6,491,OSL,59.93812938441299,10.76437246915984,Srd9Qt5g4SUafm-xomHFqw,1561,0,2190,3,6428,True,Srd9Qt5g4SUafm-xomHFqw
1644,2014,8,390,OSL,59.92296017709909,10.77369719520381,TXrXhP7AQ0Ti58XCIUPyAw,1574,1,2941,1,6430,True,TXrXhP7AQ0Ti58XCIUPyAw
2610,2019,9,450,OSL,59.93302918016735,10.74946825482883,mG6zxQlzu4TqbKs9AYJveg,1606,1,2942,1,6434,True,mG6zxQlzu4TqbKs9AYJveg
2408,2018,12,396,OSL,59.93101801208465,10.74237674520052,zVOMRI-ghgLrMOKCSvMcIg,459,0,487,3,6437,True,zVOMRI-ghgLrMOKCSvMcIg
3468,2017,5,111,OSL,59.94227236412793,10.74917466053524,WJBM_Sgrih6K0cE9g8geEw,312,2,2943,1,6440,True,WJBM_Sgrih6K0cE9g8geEw
452,2014,5,365,OSL,59.90899516344783,10.79380234274599,3SdkvdHgCLIR4iASIyxUmA,1490,0,2014,4,6442,True,3SdkvdHgCLIR4iASIyxUmA
2871,2010,9,547,OSL,59.93605253902142,10.67855198237454,odvtBX4M_CRn23sDF8YOgg,753,0,850,7,6443,True,odvtBX4M_CRn23sDF8YOgg
1093,2017,5,152,OSL,59.91798895943921,10.7621996376625,EaHY8Mo1aLauaG6o7xeWWQ,589,2,2944,1,6447,True,EaHY8Mo1aLauaG6o7xeWWQ
2730,2014,6,500,OSL,59.93407893319363,10.77205160033319,IBhQr02uuCIg0yaGoEBunA,726,1,2946,2,6453,True,IBhQr02uuCIg0yaGoEBunA
4873,2019,8,524,OSL,59.95800946842441,10.69472706973867,vgvbhocfuDb2yVTVY75CRg,41,3,2947,1,6456,True,vgvbhocfuDb2yVTVY75CRg
1698,2017,5,598,OSL,59.92388316400739,10.70683277597653,R9ivgfisyzrbqy0zzCThDg,1439,0,1906,8,6458,True,R9ivgfisyzrbqy0zzCThDg
2987,2009,7,325,OSL,59.93694254866494,10.70025951750214,t_pCXHXi919TyAfMfOJF1g,700,0,775,7,6459,True,t_pCXHXi919TyAfMfOJF1g
1856,2019,9,473,OSL,59.92514752615214,10.77341416805526,SJuqfya0YLQ41qgtI-JWxA,1559,0,2182,4,6461,True,SJuqfya0YLQ41qgtI-JWxA
3197,2019,9,293,OSL,59.93907843397229,10.74358453215827,3WLy3nE_z3JsL86muuHmAw,1332,1,2948,1,6462,True,3WLy3nE_z3JsL86muuHmAw
2709,2018,12,270,OSL,59.93406210214182,10.74331570506701,wzM_e7TZbLuN4l2NzXm44g,1362,2,2949,2,6465,True,wzM_e7TZbLuN4l2NzXm44g
3558,2019,9,581,OSL,59.9429522154834,10.73967007734604,Qq84Kx4A0aX2rxfc6FpxXg,369,1,2951,2,6479,True,Qq84Kx4A0aX2rxfc6FpxXg
2265,2014,5,463,OSL,59.93012309575276,10.67232470936715,LL57amxSg45Xuy8xAsbxiw,186,0,188,3,6487,True,LL57amxSg45Xuy8xAsbxiw
3446,2019,9,329,OSL,59.94186587021809,10.71242354433439,FtkFR3LD3j68skb-E67mhg,593,0,641,4,6489,True,FtkFR3LD3j68skb-E67mhg
4837,2018,12,378,OSL,59.9571187784037,10.7826618729661,9P9vT30ERL5VIbbGCEnbnA,1316,2,2952,1,6490,True,9P9vT30ERL5VIbbGCEnbnA
3826,2019,9,203,OSL,59.94589043907462,10.72444909238634,YIfvjFqIjjrKmfknYO6AEQ,1472,2,2953,1,6496,True,YIfvjFqIjjrKmfknYO6AEQ
2212,2012,10,282,OSL,59.92893304086764,10.73815145914571,0oG8lRk9eHNjmOiK_7jliQ,907,0,1057,4,6502,True,0oG8lRk9eHNjmOiK_7jliQ
2431,2018,12,575,OSL,59.93079328239865,10.77594986967299,rIk1kLOqRB2QX6_ZlsMZow,453,3,2955,2,6510,True,rIk1kLOqRB2QX6_ZlsMZow
2069,2018,12,457,OSL,59.92701565432744,10.7874339939669,1VfPljAHss_QNMPq6HwUNQ,347,1,2956,1,6512,True,1VfPljAHss_QNMPq6HwUNQ
4600,2009,5,408,OSL,59.95406860854773,10.77512641310663,deEiHeVvSZmcYCK-4sJKOA,1101,2,2957,2,6513,True,deEiHeVvSZmcYCK-4sJKOA
2236,2012,10,368,OSL,59.92920700314559,10.77569143185909,ZseNcBMudoIvQfK0Lgij6g,987,1,2954,3,6521,True,ZseNcBMudoIvQfK0Lgij6g
2800,2018,12,168,OSL,59.93547575562989,10.72243962263652,8bDuO2g-9KiZHsAtqePYXg,1700,1,2958,1,6522,True,8bDuO2g-9KiZHsAtqePYXg
3128,2018,12,254,OSL,59.93815586235157,10.77749250138394,2nZsUvez1c0WjcZUfgyD2w,236,4,2959,1,6524,True,2nZsUvez1c0WjcZUfgyD2w
1326,2019,10,157,OSL,59.92103067037254,10.66134065215311,FrrK6HIQeFd0Vhq0TuoGAg,123,2,2960,1,6525,True,FrrK6HIQeFd0Vhq0TuoGAg
964,2017,5,279,OSL,59.91708662602709,10.70549135665424,JoQrpSs2RHwlFKgcJJavtw,1445,1,2961,1,6526,True,JoQrpSs2RHwlFKgcJJavtw
921,2014,8,290,OSL,59.91595119131625,10.76493311766403,KA4btHuCdSWzh-UVCPCLgg,1517,1,2962,2,6529,True,KA4btHuCdSWzh-UVCPCLgg
4434,2019,8,133,OSL,59.95299862799921,10.6439516003997,AiHGvVzcBPmBCRKmTBmuPA,510,3,2963,1,6531,True,AiHGvVzcBPmBCRKmTBmuPA
4760,2009,5,633,OSL,59.9560020371328,10.78573162572699,fiFpaxkQ9-CBZ-MrmDtBzQ,415,1,794,6,6532,True,fiFpaxkQ9-CBZ-MrmDtBzQ
4430,2019,7,458,OSL,59.95200304153652,10.7924955342394,NH7hK6zbF7bnJyb2GA20Ww,159,0,161,4,6542,True,NH7hK6zbF7bnJyb2GA20Ww
4476,2012,10,601,OSL,59.95273677364423,10.73397512134143,F-RelNdQW4UvcYd3ISxHWA,440,2,2964,1,6543,True,F-RelNdQW4UvcYd3ISxHWA
3818,2019,4,539,OSL,59.94600187354688,10.71349621029482,jBYMQ_Slfkv3qwZlOucOOA,247,0,252,8,6545,True,jBYMQ_Slfkv3qwZlOucOOA
4506,2014,5,418,OSL,59.95298820972741,10.7644555216154,-S_3_kL5XFiIy1-IJi2aSA,1585,1,2965,2,6549,True,-S_3_kL5XFiIy1-IJi2aSA
2167,2019,10,388,OSL,59.92874798827439,10.64953848376222,xoCOEbX4LrBG6LoGXXvozA,495,0,531,3,6552,True,xoCOEbX4LrBG6LoGXXvozA
3715,2009,6,386,OSL,59.94486360000643,10.70770390566407,7MUm0wyR2739kUFIgeEkYA,859,1,2966,2,6554,True,7MUm0wyR2739kUFIgeEkYA
1737,2018,12,508,OSL,59.92399951911937,10.755436432357,ECuuOdWxvXVcMOZuaJGqIg,108,1,2967,1,6558,True,ECuuOdWxvXVcMOZuaJGqIg
3555,2019,10,428,OSL,59.94301396999327,10.73639491840727,kD2AcaO1_4fFFrwcjQpKHA,1652,1,2968,1,6560,True,kD2AcaO1_4fFFrwcjQpKHA
963,2018,12,386,OSL,59.91719733201224,10.70450449678899,7lAwi91N0kMDpq-E60nLdA,1692,1,2969,2,6563,True,7lAwi91N0kMDpq-E60nLdA
1728,2017,5,635,OSL,59.92386084070649,10.74256702247291,9F-_PfdTov8Zb-X4FutoaA,810,0,924,6,6565,True,9F-_PfdTov8Zb-X4FutoaA
3540,2019,9,469,OSL,59.94310181416177,10.71382555368254,dEiewR0QA5rCTfDa2iIW7Q,484,1,2349,5,6569,True,dEiewR0QA5rCTfDa2iIW7Q
2032,2019,9,484,OSL,59.92699887146573,10.74552421913446,kCRORpZOF2XWOaEyDchQXA,1665,2,2971,1,6570,True,kCRORpZOF2XWOaEyDchQXA
3549,2012,10,344,OSL,59.94304860632325,10.72735501271165,PX1Yr2yoxuu_U6FAmkC4AA,996,0,1178,7,6573,True,PX1Yr2yoxuu_U6FAmkC4AA
3568,2017,5,349,OSL,59.94286380145717,10.75657138424561,t4pof5FQF2Vfd5CRuAFwsg,429,0,450,3,6574,True,t4pof5FQF2Vfd5CRuAFwsg
2362,2012,10,388,OSL,59.93101357421211,10.66636142941875,FW1_Ib69HbDwyuTVdJfeRw,1725,1,2972,2,6578,True,FW1_Ib69HbDwyuTVdJfeRw
607,2018,12,404,OSL,59.9118463412075,10.73785647592947,PJ3mhD9ogdRB2bobI9SFjw,781,1,2973,2,6583,True,PJ3mhD9ogdRB2bobI9SFjw
962,2018,12,444,OSL,59.91719380760948,10.70351448844373,ZrDWQr_CrAUvMCMnpGRIyA,1541,1,2974,1,6586,True,ZrDWQr_CrAUvMCMnpGRIyA
3374,2018,12,499,OSL,59.94114145446937,10.7340085693383,zBUz4Equu2Wl3MH_FCknXA,1468,1,2975,3,6587,True,zBUz4Equu2Wl3MH_FCknXA
1745,2014,6,501,OSL,59.92393063900934,10.76487258828362,ysbs3Qf6qi-O3k3U05P7vw,300,0,308,4,6591,True,ysbs3Qf6qi-O3k3U05P7vw
3064,2019,9,327,OSL,59.93833066013547,10.68521613947811,0-sxuOZyY-sdaIBqFHuXiw,1089,2,2977,1,6592,True,0-sxuOZyY-sdaIBqFHuXiw
4022,2017,5,674,OSL,59.94809968617565,10.74979074907336,TmdomAi9B8lmub6pNvSIvQ,1031,1,2789,3,6595,True,TmdomAi9B8lmub6pNvSIvQ
135,2019,5,585,OSL,59.90105099280873,10.77835028897772,u76cIiY9NGYl48PpGZ9JWg,208,1,2529,3,6596,True,u76cIiY9NGYl48PpGZ9JWg
3812,2019,10,324,OSL,59.94605245911423,10.7063729774648,rjQOKP2w7-DCYM9E5uv0LA,99,0,99,13,6601,True,rjQOKP2w7-DCYM9E5uv0LA
1624,2019,9,403,OSL,59.92329941445794,10.74511712094087,WyPHsTwGy3alAu_v92zrBg,1199,2,2979,1,6602,True,WyPHsTwGy3alAu_v92zrBg
1483,2017,5,244,OSL,59.92194035444894,10.71380274695292,bXOC9AbGbfb41go24Rsd9A,660,1,2980,1,6604,True,bXOC9AbGbfb41go24Rsd9A
2775,2012,10,74,OSL,59.9350601731335,10.69256624297747,VT00tYG9o2h3xShZoMEj0w,1563,2,2981,1,6607,True,VT00tYG9o2h3xShZoMEj0w
1452,2014,5,289,OSL,59.92189351617889,10.67710865975807,J66U3cNhB9IgfB7LRtlv0g,1378,1,2982,1,6610,True,J66U3cNhB9IgfB7LRtlv0g
954,2017,6,364,OSL,59.91685257358614,10.691756967697,EG4jlFdxQ6sQdkY9MOrbQA,695,0,769,14,6611,True,EG4jlFdxQ6sQdkY9MOrbQA
4123,2019,10,385,OSL,59.94899501945525,10.76436030167886,agzGsGFvdj-4h6Ik2g3_Ag,1555,1,2606,5,6615,True,agzGsGFvdj-4h6Ik2g3_Ag
2862,2012,10,474,OSL,59.9360615115074,10.66836185835055,mzsk2mAVaKqYV6OYUlr18g,748,1,2983,2,6622,True,mzsk2mAVaKqYV6OYUlr18g
4536,2009,5,298,OSL,59.95403003501131,10.65811628286793,xEBPS4b461_1geKZeoJt0w,993,2,2984,2,6625,True,xEBPS4b461_1geKZeoJt0w
3371,2017,5,225,OSL,59.94108961052553,10.73134563322636,p0ZQBUkR5QR40tAQ32qiOA,934,0,1096,3,6629,True,p0ZQBUkR5QR40tAQ32qiOA
1616,2014,8,299,OSL,59.92313747446034,10.73647398710871,IUI4h7HxggEyK2n87TQSiA,1148,2,2985,1,6632,True,IUI4h7HxggEyK2n87TQSiA
3914,2016,5,444,OSL,59.94706251803214,10.71051070155929,RDRz0kOuljEcaj1RxzrW6Q,322,0,334,3,6636,True,RDRz0kOuljEcaj1RxzrW6Q
2314,2017,5,140,OSL,59.93011741017914,10.74434870004199,sZgzAnEhj5ORCCk-FMQilQ,166,2,2986,1,6637,True,sZgzAnEhj5ORCCk-FMQilQ
3350,2019,10,286,OSL,59.94113544363319,10.70022928077674,cpVKxYnx7_RSEnUoymLeFQ,686,2,2987,2,6640,True,cpVKxYnx7_RSEnUoymLeFQ
4878,2019,10,334,OSL,59.9576006159374,10.70337518061649,n4971skVMDZ38KMVPJfS_Q,1369,2,2988,1,6641,True,n4971skVMDZ38KMVPJfS_Q
2632,2018,12,353,OSL,59.93304663532251,10.78145025264341,sJiwgcj9WcoFaSsjTrc3nQ,1672,1,2989,2,6651,True,sJiwgcj9WcoFaSsjTrc3nQ
4914,2014,5,399,OSL,59.95809770799363,10.76252952834607,Or7nPR6OQR5fEWoXg_n5Zg,1733,0,2990,1,6654,True,Or7nPR6OQR5fEWoXg_n5Zg
2532,2009,7,645,OSL,59.93206102326377,10.76924887180347,KoquQpbc98zNGGBrLLkhcg,947,1,1843,3,6657,True,KoquQpbc98zNGGBrLLkhcg
3425,2018,12,232,OSL,59.94213612412262,10.68165843352536,WcTD8fwn-nGoW6dDgKxVyw,1374,1,2991,2,6658,True,WcTD8fwn-nGoW6dDgKxVyw
1583,2017,5,431,OSL,59.92307991763431,10.69837978745199,Bs6KLKX5KTwYSypRRFkpyw,1372,1,2992,1,6659,True,Bs6KLKX5KTwYSypRRFkpyw
3668,2012,10,337,OSL,59.94420028051034,10.77596933841153,O9el_-XfpRO3eoYSx15O4g,1043,0,1241,6,6665,True,O9el_-XfpRO3eoYSx15O4g
2605,2012,10,384,OSL,59.93304763753657,10.73853460880303,apE1TEsm61kpONIP3yEFQg,1550,1,2993,2,6667,True,apE1TEsm61kpONIP3yEFQg
636,2018,12,333,OSL,59.91206999465298,10.7773093224365,-EYPXieHjMfpcvbp7ZK02A,1191,0,1468,6,6669,True,-EYPXieHjMfpcvbp7ZK02A
2206,2018,12,536,OSL,59.92900768352066,10.73270265101755,iTbbhuP02Nc-1G0IN0e2wg,1734,0,2995,2,6675,True,iTbbhuP02Nc-1G0IN0e2wg
128,2012,8,362,OSL,59.90102214708476,10.76240174901593,YD64hVaqwO3pH0Z5uZdh0g,1551,0,2166,3,6676,True,YD64hVaqwO3pH0Z5uZdh0g
1247,2018,12,259,OSL,59.91995911819293,10.70233662810951,CBjEGNJ8EiNBghzr9_SsIw,1560,2,2996,2,6682,True,CBjEGNJ8EiNBghzr9_SsIw
995,2009,6,406,OSL,59.91705930386862,10.75127314422025,RKFTLLhPSpf2B6eSvIs-WQ,1697,2,2997,1,6685,True,RKFTLLhPSpf2B6eSvIs-WQ
3884,2017,5,479,OSL,59.94716118408205,10.6552093957506,PV4l0_wUa9DiWBDSxJNNXQ,1312,0,1671,4,6687,True,PV4l0_wUa9DiWBDSxJNNXQ
1840,2009,6,148,OSL,59.92501200066685,10.75029708811367,wRyEFu0t8otK1hX611U2LA,8,0,8,8,6693,True,wRyEFu0t8otK1hX611U2LA
1804,2019,9,202,OSL,59.92496548243434,10.71043134292985,x7tK8iyNwPof8b_5U2TSYg,1335,0,1708,3,6694,True,x7tK8iyNwPof8b_5U2TSYg
2659,2018,12,491,OSL,59.93400755994919,10.67443858035254,qHqm_EHjz3UK0cthi4kYwg,1731,1,2998,1,6695,True,qHqm_EHjz3UK0cthi4kYwg
4752,2019,10,506,OSL,59.95606148269491,10.76323753214836,SekOOxK5ZGkbbCRCnQOMhQ,1147,0,1393,5,6700,True,SekOOxK5ZGkbbCRCnQOMhQ
1624,2018,12,203,OSL,59.92326554810146,10.74509188964812,P0KlOXyeOTeJOI3LKtdisA,1199,3,2999,1,6702,True,P0KlOXyeOTeJOI3LKtdisA
3368,2012,10,339,OSL,59.9411011962668,10.72615039702411,1Wc0ELZmwg0RT4JyL5MH3A,900,0,1049,4,6706,True,1Wc0ELZmwg0RT4JyL5MH3A
2940,2016,5,435,OSL,59.93617153960644,10.78216294394798,TNdKE_np8gaOCA2Z-Zljsg,624,0,680,10,6710,True,TNdKE_np8gaOCA2Z-Zljsg
4103,2014,5,506,OSL,59.94919543533796,10.73786544209403,maF9R8N2LoY3GVVGSRFHOw,1452,0,1936,4,6718,True,maF9R8N2LoY3GVVGSRFHOw
3483,2018,12,485,OSL,59.9420229111291,10.77238538103553,dCcAAILZ1Kfl52OippSCrA,1547,0,2156,5,6719,True,dCcAAILZ1Kfl52OippSCrA
4498,2014,5,592,OSL,59.95319733092131,10.75540112779799,1MyW4E94MYhr94JdAs2BUg,1077,1,3001,1,6720,True,1MyW4E94MYhr94JdAs2BUg
830,2019,9,370,OSL,59.91532527678852,10.73874764048901,Fq55QwqVVYSw2qC3fWWGqw,1004,0,1188,7,6721,True,Fq55QwqVVYSw2qC3fWWGqw
2731,2017,5,262,OSL,59.93410062898082,10.77365849409373,rglLxNsnL_7Sr9aZGIGC6w,277,2,3002,1,6722,True,rglLxNsnL_7Sr9aZGIGC6w
2747,2019,7,433,OSL,59.93414480111043,10.79009070173541,UuNM1gjxNqBULYZtKzBAWA,1706,0,2749,3,6723,True,UuNM1gjxNqBULYZtKzBAWA
4497,2012,10,299,OSL,59.95316041044459,10.7543761998808,oYv9yQI_BRy5cvUJO7Qb_w,818,1,3003,1,6727,True,oYv9yQI_BRy5cvUJO7Qb_w
2713,2009,6,396,OSL,59.93406546074289,10.75209930676028,jtl2CmzlYfa1neQEIRjn5A,1253,2,3004,1,6728,True,jtl2CmzlYfa1neQEIRjn5A
1101,2019,9,532,OSL,59.91803990992645,10.78026111220701,892DzO5qn0F-AE4vvejWxQ,410,0,428,4,6729,True,892DzO5qn0F-AE4vvejWxQ
1340,2019,10,441,OSL,59.92133196769294,10.67742512247231,ajpI5ACjFrMa5EpVZ_X_fA,1029,2,3005,2,6734,True,ajpI5ACjFrMa5EpVZ_X_fA
3378,2017,5,324,OSL,59.94104895076691,10.74842855973454,9TL6a20kSYb_1uiJ9rR3ig,1736,0,3006,1,6737,True,9TL6a20kSYb_1uiJ9rR3ig
3368,2018,12,527,OSL,59.94112078622307,10.72614933956973,_8LEQU3UzDLF8Drro6ihGQ,900,1,3007,1,6738,True,_8LEQU3UzDLF8Drro6ihGQ
1708,2014,5,297,OSL,59.92383784132779,10.71741623797206,6AAjUhWivKh8nzOHfL9zEg,531,0,572,5,6740,True,6AAjUhWivKh8nzOHfL9zEg
2070,2014,5,273,OSL,59.92699774293352,10.78808115275612,oiE7QTXp3XNr7pcNgPsMsg,1460,1,3008,2,6742,True,oiE7QTXp3XNr7pcNgPsMsg
98,2018,12,459,OSL,59.8997478632751,10.77032315275444,EAdq73SkdAeWM6Sc_eBhLw,1726,1,3009,1,6744,True,EAdq73SkdAeWM6Sc_eBhLw
2224,2014,8,432,OSL,59.92914200124293,10.75321784683311,F_iMz74NKc8uLmBIyL0lJA,192,2,581,3,6745,True,F_iMz74NKc8uLmBIyL0lJA
2589,2017,5,200,OSL,59.93280133514433,10.71577505863486,3eSrBlyF2T1lcQ0lfltjaA,1096,0,1312,4,6748,True,3eSrBlyF2T1lcQ0lfltjaA
1134,2014,5,377,OSL,59.91904706319259,10.68723321038991,r6VjSiITW21hbL_a0uqt4w,1243,0,1548,4,6749,True,r6VjSiITW21hbL_a0uqt4w
3449,2019,9,552,OSL,59.94233117743975,10.72182600671782,wanJdJBad0-2JHuvY_5qvg,1567,1,3010,1,6751,True,wanJdJBad0-2JHuvY_5qvg
274,2014,5,411,OSL,59.90506248248809,10.73830752353554,AZGXMHVaolHyRSwGomNSRw,1066,1,3011,1,6752,True,AZGXMHVaolHyRSwGomNSRw
1342,2012,10,269,OSL,59.92139519744192,10.68066551647552,L1-nn_UxTSpSE4C5bWWLsQ,158,2,2994,5,6753,True,L1-nn_UxTSpSE4C5bWWLsQ
160,2019,6,174,OSL,59.90223707437148,10.69025503765665,vhs2bha7NaTiRJ6BxidiWg,1720,1,3012,1,6754,True,vhs2bha7NaTiRJ6BxidiWg
4417,2012,10,493,OSL,59.9520683744156,10.7787598438309,PgRADYBs_5GfTfsrGIKB9A,101,1,754,5,6757,True,PgRADYBs_5GfTfsrGIKB9A
1271,2018,12,116,OSL,59.92002924722306,10.72843737637316,agfwGY8ghD4oy2quRlW-uQ,372,3,3013,1,6761,True,agfwGY8ghD4oy2quRlW-uQ
2488,2018,12,652,OSL,59.93229682963413,10.71808283256569,PVXe2x-_G47hKLRzsVBOWg,1434,1,3014,2,6762,True,PVXe2x-_G47hKLRzsVBOWg
1279,2019,9,278,OSL,59.92020322996944,10.74013783279159,-aST7pwa1slCtLfnCIGCJA,431,1,3015,1,6763,True,-aST7pwa1slCtLfnCIGCJA
3073,2012,10,48,OSL,59.93803194849949,10.69643968157221,fCiM9c4E3gDdBOJrySXHcg,1624,1,2413,4,6766,True,fCiM9c4E3gDdBOJrySXHcg
2311,2018,12,481,OSL,59.92999978484877,10.74067801386427,9mnMlbrq9ZdEyx2JAAbFfA,1364,0,1763,3,6767,True,9mnMlbrq9ZdEyx2JAAbFfA
1676,2019,9,462,OSL,59.92395703462648,10.66496587073356,BgDWt9O0ou-PxhYnyBc4sw,1582,0,2258,5,6768,True,BgDWt9O0ou-PxhYnyBc4sw
1952,2014,5,242,OSL,59.92616603498399,10.76921690895626,rkOqkdOFXcPVZKqAXBjV-A,1356,1,3016,1,6770,True,rkOqkdOFXcPVZKqAXBjV-A
2247,2009,7,535,OSL,59.92900164658535,10.79142368595675,K8Da26IeqbG2aXep_SaTtA,460,1,1516,5,6772,True,K8Da26IeqbG2aXep_SaTtA
770,2019,9,637,OSL,59.91402115457976,10.767420514446,vDLHqArwVOmJGhokJD8Wsg,1283,1,2099,6,6773,True,vDLHqArwVOmJGhokJD8Wsg
3548,2009,6,538,OSL,59.943047951396,10.7264806910073,djEX7LI1dqj-zbn-RUXQrA,942,1,1512,4,6777,True,djEX7LI1dqj-zbn-RUXQrA
4041,2019,7,364,OSL,59.94810292641213,10.78060691417927,0XTJ-Gmn8OaStJdR8O77_A,1737,0,3017,4,6778,True,0XTJ-Gmn8OaStJdR8O77_A
4678,2009,5,689,OSL,59.95496052250989,10.76942051294633,NdW5TfSSy8x35NT-A3R9sA,1510,1,3018,1,6781,True,NdW5TfSSy8x35NT-A3R9sA
2334,2012,10,337,OSL,59.92995178819874,10.77321449415212,sHc34tkeFshUOVVvC-pUxQ,1357,1,3019,2,6782,True,sHc34tkeFshUOVVvC-pUxQ
1250,2014,5,355,OSL,59.91995598573388,10.70552388006334,szoqbKXT8bXN8fC2VKM_Gg,1393,2,3021,2,6789,True,szoqbKXT8bXN8fC2VKM_Gg
528,2014,5,551,OSL,59.91110141205598,10.73928987668712,IDc3QiXuX8qRBd88JfXt3g,1080,0,1294,3,6790,True,IDc3QiXuX8qRBd88JfXt3g
4253,2019,10,387,OSL,59.95103348959238,10.67851024146152,3RgykvE8QTQky_pfVXdlQg,259,1,3022,1,6791,True,3RgykvE8QTQky_pfVXdlQg
1940,2019,10,396,OSL,59.92608609375922,10.7560226367808,WpKNGqUj_p3FBI0vMUU4vA,969,1,1394,5,6794,True,WpKNGqUj_p3FBI0vMUU4vA
4619,2019,8,106,OSL,59.95502618760442,10.64343134789025,HIKeVyfuREyb1LPhMnIFAg,1713,1,3023,1,6797,True,HIKeVyfuREyb1LPhMnIFAg
4003,2019,10,541,OSL,59.94805714721387,10.72237076103769,I22Q9tO8gJ7pukP1VLga9w,918,0,1073,9,6799,True,I22Q9tO8gJ7pukP1VLga9w
143,2018,12,346,OSL,59.90115723329379,10.79149503055038,-eCTYPwpMGntmjNyHTcOAg,1376,0,1778,3,6802,True,-eCTYPwpMGntmjNyHTcOAg
4723,2018,12,354,OSL,59.95597730284139,10.70562490006441,8P_ls33I1_ZyFtWVPh_iqg,1322,1,3024,1,6806,True,8P_ls33I1_ZyFtWVPh_iqg
3670,2019,10,100,OSL,59.94410720950641,10.77964790045533,mR8oOoiXTaVagCL0eyfERQ,1594,0,2292,5,6807,True,mR8oOoiXTaVagCL0eyfERQ
3454,2018,12,295,OSL,59.94199945630125,10.73345202482436,FPpC3dO2SEK3S-Hr7CTidg,563,2,3025,1,6809,True,FPpC3dO2SEK3S-Hr7CTidg
410,2019,10,244,OSL,59.90941367985771,10.68639408315433,mMl5QycFl2zgNa9NLRWs9A,1738,0,3026,2,6810,True,mMl5QycFl2zgNa9NLRWs9A
2628,2014,5,164,OSL,59.93290299737716,10.76922626051632,sL6hRMx1Pn8uXh__oG0cOA,1674,1,3027,1,6811,True,sL6hRMx1Pn8uXh__oG0cOA
1765,2019,10,146,OSL,59.92500817668039,10.64344392261368,7ybCMSrRPMhy2HrXXv3W2Q,1529,1,3028,1,6813,True,7ybCMSrRPMhy2HrXXv3W2Q
610,2014,8,472,OSL,59.91208371411243,10.7404886508425,DLJEQDliKOCC6al18AabFQ,919,1,1970,3,6814,True,DLJEQDliKOCC6al18AabFQ
1582,2019,9,387,OSL,59.9228411850693,10.69778886741317,Il22Yn1G9n--amtPdNaW4g,1347,1,2365,3,6819,True,Il22Yn1G9n--amtPdNaW4g
4843,2019,7,320,OSL,59.95680809178641,10.79158735725907,C2aRKHwxwdVZgIei_qO9Zg,1542,1,3030,1,6820,True,C2aRKHwxwdVZgIei_qO9Zg
1744,2019,10,589,OSL,59.92400250450664,10.7633920087391,9eufCeQBxYRpmNpkqBPN3A,1575,1,3031,2,6825,True,9eufCeQBxYRpmNpkqBPN3A
2028,2009,6,670,OSL,59.92715758699538,10.73876735908023,55Ka6sZa84yRJlpyVzuscA,496,0,532,5,6826,True,55Ka6sZa84yRJlpyVzuscA
1437,2014,8,475,OSL,59.92193536906367,10.65373801204524,N8x5lEmUzMORsqLxADKbDg,530,0,570,6,6831,True,N8x5lEmUzMORsqLxADKbDg
4033,2009,6,300,OSL,59.94807991323496,10.76437589134321,45EQ-T6VW9PkRNEJR45sjw,955,2,3032,1,6837,True,45EQ-T6VW9PkRNEJR45sjw
4790,2018,12,362,OSL,59.95701767585211,10.69437361032207,rcEUgmG8SdknOYVX8YKFYw,840,2,3033,1,6844,True,rcEUgmG8SdknOYVX8YKFYw
4127,2018,12,451,OSL,59.94886135487084,10.7703485646783,TZUVWPisMNYG_99cu4Z9dg,1739,0,3034,2,6845,True,TZUVWPisMNYG_99cu4Z9dg
3104,2009,6,119,OSL,59.93816443678786,10.7517746452451,Br7yX_Ai950XMU8kFZN5ag,771,2,3035,1,6860,True,Br7yX_Ai950XMU8kFZN5ag
1875,2009,5,375,OSL,59.92605012671294,10.64216864990133,zy6PLhErdjFpRWFdrZUpQA,183,0,185,3,6865,True,zy6PLhErdjFpRWFdrZUpQA
1475,2012,10,260,OSL,59.92201130021395,10.70516747610773,t8UilLXnPLSblpWiJs2Sog,1704,1,3036,1,6868,True,t8UilLXnPLSblpWiJs2Sog
763,2009,6,615,OSL,59.91404914087475,10.75939295278125,C_uhkf0ocmsBasG6dtZSpA,1588,0,2277,3,6870,True,C_uhkf0ocmsBasG6dtZSpA
3291,2017,5,335,OSL,59.93993299064679,10.7355878083329,pFyYhHmhc3zWjm80YRWWQQ,342,1,3037,1,6871,True,pFyYhHmhc3zWjm80YRWWQQ
1501,2014,6,213,OSL,59.9218365259331,10.73633545266289,Ydu7d9TsVqIE3YMk7ALXFw,1231,2,3038,1,6872,True,Ydu7d9TsVqIE3YMk7ALXFw
4084,2019,10,473,OSL,59.94942846112111,10.69745060902707,KEaLGMxJIMm1mZsoEWn3Sw,1255,1,3039,1,6879,True,KEaLGMxJIMm1mZsoEWn3Sw
4167,2019,9,245,OSL,59.95006131403552,10.68112374167666,SYi3FGj1hGwtKS7IFTOClA,1245,0,1551,3,6885,True,SYi3FGj1hGwtKS7IFTOClA
2941,2017,5,195,OSL,59.93622046524643,10.78417936425343,fWMFiLrQDVYiLdCHXu71KA,504,2,3040,2,6889,True,fWMFiLrQDVYiLdCHXu71KA
3891,2009,5,441,OSL,59.94710392229219,10.66138639229164,cp98YxPa-yvP8Xjb0ZAqJw,1018,1,1214,5,6891,True,cp98YxPa-yvP8Xjb0ZAqJw
2866,2014,5,381,OSL,59.93586500262845,10.67200015245944,lUrJdF_K2gnp6o4BHgVufg,1197,1,2765,4,6892,True,lUrJdF_K2gnp6o4BHgVufg
2491,2009,6,365,OSL,59.93180448056987,10.72109031836812,Mqx4ZlPxSlC85plnqfil4A,492,1,3041,1,6900,True,Mqx4ZlPxSlC85plnqfil4A
3803,2018,12,350,OSL,59.94602138435669,10.69251625838075,8vVO69aBC39RBXVULi9ZhQ,1107,1,3042,1,6902,True,8vVO69aBC39RBXVULi9ZhQ
420,2017,5,371,OSL,59.90927036095071,10.74357008350207,9O-vE9tTfLSiaoJwN9kfPg,1113,1,2398,4,6912,True,9O-vE9tTfLSiaoJwN9kfPg
2046,2019,10,351,OSL,59.92724697317321,10.76041445569585,sgzGcJ9YK9PMhOnuy9k5ow,782,2,3043,1,6913,True,sgzGcJ9YK9PMhOnuy9k5ow
3267,2014,8,311,OSL,59.93998639080079,10.70415089233428,DyOMSJGvP0E1nCjHiigAMw,604,1,3044,1,6914,True,DyOMSJGvP0E1nCjHiigAMw
3129,2019,8,345,OSL,59.93810419994215,10.77773278709985,lZBbaAyYHitjxMZz0S4yYw,236,5,3045,2,6915,True,lZBbaAyYHitjxMZz0S4yYw
692,2009,7,342,OSL,59.91308907410428,10.76034987050283,tpq2xOadPCBZs3Buh1PudQ,445,0,471,3,6917,True,tpq2xOadPCBZs3Buh1PudQ
1960,2019,10,502,OSL,59.92598469629481,10.77732952360961,Ie5hC5wN91vJtARfCpJlIA,73,0,73,4,6918,True,Ie5hC5wN91vJtARfCpJlIA
1808,2018,12,333,OSL,59.92521286206599,10.71383568134892,OqWYeJ9tYofoEC-XdstzfA,1740,0,3046,1,6920,True,OqWYeJ9tYofoEC-XdstzfA
3933,2019,10,257,OSL,59.947019329524,10.74942121725738,l-WWiTePvudZ_KXpFpYSZA,40,1,1350,6,6921,True,l-WWiTePvudZ_KXpFpYSZA
4104,2012,10,48,OSL,59.94902930202953,10.74283029257337,EQPuMZAPWiZwFQmLqiu46A,1540,0,2138,3,6926,True,EQPuMZAPWiZwFQmLqiu46A
4537,2019,10,329,OSL,59.9542828307819,10.66689225429367,W2cjfC26FeneACjxnesWZg,1620,2,3047,1,6931,True,W2cjfC26FeneACjxnesWZg
1827,2014,6,368,OSL,59.92505120683264,10.7363502211694,XjvqF6t6-aPtA9yRQCBOpw,766,1,1544,3,6934,True,XjvqF6t6-aPtA9yRQCBOpw
4058,2019,10,365,OSL,59.94901044562024,10.65667380328951,aVavLkh9RhcNfRDdxF-p2Q,1142,1,3048,1,6935,True,aVavLkh9RhcNfRDdxF-p2Q
3294,2019,9,333,OSL,59.94006657369561,10.74035485633646,IpEtCs-1ZjJ_h36FXvEvGA,1085,1,3049,1,6938,True,IpEtCs-1ZjJ_h36FXvEvGA
1034,2014,8,180,OSL,59.9182262876919,10.68381073885119,LvjKg5A3X2RjUpB1s1I3gw,196,0,198,12,6939,True,LvjKg5A3X2RjUpB1s1I3gw
4719,2017,5,163,OSL,59.95586817739884,10.69664863698526,WSz3XwfAn5cS7955mdY71A,508,1,3050,1,6943,True,WSz3XwfAn5cS7955mdY71A
207,2019,9,444,OSL,59.90306699582465,10.75950362824452,aOVqF8ga3-8UdyFm8wz-KA,1741,0,3051,2,6949,True,aOVqF8ga3-8UdyFm8wz-KA
748,2018,12,384,OSL,59.91409370675808,10.72609908723229,W9EOUdyELcz_iBT5CPs1aA,763,0,862,6,6963,True,W9EOUdyELcz_iBT5CPs1aA
3318,2019,8,538,OSL,59.93972427990366,10.77868278130768,UtoYU_hf76ybTzSYC8xAiA,1742,0,3052,1,6967,True,UtoYU_hf76ybTzSYC8xAiA
124,2019,9,320,OSL,59.90092593956344,10.75872465625784,8SijlYdu5f88G_aSINhOvA,1743,0,3053,1,6972,True,8SijlYdu5f88G_aSINhOvA
1366,2019,9,435,OSL,59.92083830203559,10.71271803677315,eC6YpWvyLjy1me63KFem8Q,939,1,1725,4,6973,True,eC6YpWvyLjy1me63KFem8Q
1682,2017,5,98,OSL,59.92416139524613,10.67331443602179,m9rfUEhwvDofjqXGXaj3oA,637,1,3054,1,6976,True,m9rfUEhwvDofjqXGXaj3oA
3590,2014,5,371,OSL,59.94291409714088,10.79349977260127,eI_KBaPkESN_qOfuH82-jw,707,2,3055,1,6977,True,eI_KBaPkESN_qOfuH82-jw
1747,2018,12,400,OSL,59.92400180541026,10.76639863419488,Bh1vPP-JC-aSzAO-Jw0tvA,1158,1,3056,2,6979,True,Bh1vPP-JC-aSzAO-Jw0tvA
4792,2019,8,459,OSL,59.95693906370482,10.69842273026144,L5cPLSnSIlMzaVblnX7__w,1314,1,3057,2,6980,True,L5cPLSnSIlMzaVblnX7__w
2588,2014,5,287,OSL,59.93289451911595,10.7110513629736,SvxWh7BZykHd7cg0BDQHkQ,1052,1,2517,3,6990,True,SvxWh7BZykHd7cg0BDQHkQ
3438,2019,9,520,OSL,59.94189889871328,10.70244481739296,Kzh38cRKswLR_UCtTN8RUA,538,1,1451,3,6992,True,Kzh38cRKswLR_UCtTN8RUA
3122,2009,6,253,OSL,59.93808966874104,10.77138235329627,kBrDXws8bl8b5amp4u3iOw,966,2,3058,2,6996,True,kBrDXws8bl8b5amp4u3iOw
2559,2018,12,412,OSL,59.93343795085036,10.66438610567088,tAqYlXVWh692MWdKM9Yj4Q,803,0,915,3,6997,True,tAqYlXVWh692MWdKM9Yj4Q
3572,2009,6,231,OSL,59.9430318970001,10.76304652355906,8Dw6QuuXwuPieBdRbTznFQ,1429,2,3059,2,6999,True,8Dw6QuuXwuPieBdRbTznFQ
418,2019,5,313,OSL,59.9089655171084,10.74039959175835,HY1q-dzu4XDVPxd1G49UxA,1167,0,1426,5,7001,True,HY1q-dzu4XDVPxd1G49UxA
2747,2009,6,264,OSL,59.93410054728254,10.79010420732819,XS1HId5bkcyabWFFClCyHA,1706,1,3060,1,7002,True,XS1HId5bkcyabWFFClCyHA
4795,2019,7,202,OSL,59.95710878610312,10.70139702121624,_kzB6TftLidYZjT0gui1Og,1744,0,3061,2,7003,True,_kzB6TftLidYZjT0gui1Og
1913,2018,12,406,OSL,59.92615878318959,10.72168674654622,gJY83J9bY7UZjVjd4pN6cQ,1054,1,3062,2,7004,True,gJY83J9bY7UZjVjd4pN6cQ
4012,2019,9,590,OSL,59.94817080296725,10.73513664965081,3bA1KvlFAlx2jZHNrk0ppQ,1111,1,2361,5,7007,True,3bA1KvlFAlx2jZHNrk0ppQ
145,2018,12,452,OSL,59.90096760229839,10.79345589244668,z9hpmGHp90Me7r4Zvdd6xg,599,1,3064,2,7012,True,z9hpmGHp90Me7r4Zvdd6xg
3206,2014,5,339,OSL,59.93892182586463,10.75599819476517,j7P2JYJ_Qzb6laJRFCUH8w,1302,0,1655,3,7015,True,j7P2JYJ_Qzb6laJRFCUH8w
4395,2019,10,314,OSL,59.95206326216851,10.75077000379212,vcI31h6d8gwHAxuWhZU__w,65,1,2285,6,7018,True,vcI31h6d8gwHAxuWhZU__w
2286,2019,9,367,OSL,59.93001199735222,10.70748447691393,z8vctBd92tWiq3SQGIq67w,1718,1,3066,1,7023,True,z8vctBd92tWiq3SQGIq67w
220,2018,12,443,OSL,59.90307178896921,10.78065807218608,X1fjCSQkH-LkyQENb-ye6Q,676,2,3067,1,7030,True,X1fjCSQkH-LkyQENb-ye6Q
1317,2009,5,324,OSL,59.92099768297494,10.65265012438757,Lg_mpIMBcrVWKU283zMOeg,1352,1,3068,2,7036,True,Lg_mpIMBcrVWKU283zMOeg
3724,2018,12,392,OSL,59.94503367711031,10.71779541943299,kWz0IvG6T45yyzBAnTH8Zg,1745,0,3069,1,7038,True,kWz0IvG6T45yyzBAnTH8Zg
2039,2018,12,322,OSL,59.92734760061687,10.75361114504778,7asmScON-td9KL3rb2Yaqg,1313,2,3070,1,7039,True,7asmScON-td9KL3rb2Yaqg
4575,2012,10,305,OSL,59.95380975395813,10.74136043688788,-5VWDl1PaAQ8Yyoekk9mDw,1301,1,3071,1,7040,True,-5VWDl1PaAQ8Yyoekk9mDw
3830,2019,10,352,OSL,59.94600093942537,10.73347180542404,WbQeRCnG83T9iul9SdF4-Q,1331,1,3072,2,7042,True,WbQeRCnG83T9iul9SdF4-Q
902,2019,9,425,OSL,59.9160125047972,10.73645459056615,fjuRkbcUJONtw57G5K443A,1477,0,1979,4,7044,True,fjuRkbcUJONtw57G5K443A
3080,2018,12,506,OSL,59.93787771582792,10.7059505197421,wEAnhTmr1JFvS9YTuGyY_g,224,3,3073,1,7049,True,wEAnhTmr1JFvS9YTuGyY_g
3378,2018,12,146,OSL,59.94102780695533,10.74843744501026,yfp6fSxmYQBi5Vm4EEqUgg,1736,1,3074,1,7065,True,yfp6fSxmYQBi5Vm4EEqUgg
4580,2017,6,453,OSL,59.95422541804891,10.74832209979294,hP---x0sVWoMnHXdUjWLAA,986,2,3075,1,7071,True,hP---x0sVWoMnHXdUjWLAA
1524,2019,10,275,OSL,59.92245121037327,10.76972106946591,gsmu4SGWrtzSvU-dXk3VnA,718,1,2131,3,7074,True,gsmu4SGWrtzSvU-dXk3VnA
1386,2019,9,496,OSL,59.92123263711086,10.73725833335144,yhWwPvUjl5MM73cC8FItkw,1512,1,3076,2,7077,True,yhWwPvUjl5MM73cC8FItkw
3669,2019,10,277,OSL,59.94448545439821,10.77806023686449,A8gGYc6ijCal7nENEe0_PQ,1523,2,3077,1,7082,True,A8gGYc6ijCal7nENEe0_PQ
3425,2017,5,255,OSL,59.94212233626563,10.68165640029174,OOj5B73O08PL1sZIMfBQNA,1374,2,3078,1,7088,True,OOj5B73O08PL1sZIMfBQNA
4430,2012,10,280,OSL,59.95204109643307,10.79245464405275,VIMgO3rfH4V3yMQuHHsWrg,159,1,3079,1,7090,True,VIMgO3rfH4V3yMQuHHsWrg
3862,2018,12,493,OSL,59.94612777393323,10.77299230214811,fsODpAkU5mDck4v15S8PWw,464,2,3080,1,7095,True,fsODpAkU5mDck4v15S8PWw
2778,2009,5,604,OSL,59.93489664699319,10.69533849945502,IFowYR_twWY84oCI7umIUQ,24,0,24,9,7096,True,IFowYR_twWY84oCI7umIUQ
1629,2016,5,690,OSL,59.92294488243166,10.75186650376164,xca6l1C2fU6rJlUeWGf6Jw,754,0,851,3,7099,True,xca6l1C2fU6rJlUeWGf6Jw
2924,2009,6,390,OSL,59.93596820619997,10.76460121297398,wCNDYptzhTo8RY6pWzl7og,1384,2,3081,2,7101,True,wCNDYptzhTo8RY6pWzl7og
874,2019,10,688,OSL,59.91600041573749,10.68685740527253,_m2opGK2OCf6A8Av1CcZhQ,476,0,508,7,7102,True,_m2opGK2OCf6A8Av1CcZhQ
3825,2019,9,406,OSL,59.94606558073649,10.72237037578621,n0KssSWuOFgIogy1rvT9CQ,1170,2,3082,1,7103,True,n0KssSWuOFgIogy1rvT9CQ
3181,2017,5,415,OSL,59.9386201661295,10.71838618643544,yBqbnJRjEwHgFwEFlut5vg,1678,2,3083,2,7106,True,yBqbnJRjEwHgFwEFlut5vg
3182,2019,10,523,OSL,59.93903753927184,10.7195198059854,6CZTH8mTTVb4RyhNvTRraQ,1039,1,1709,6,7107,True,6CZTH8mTTVb4RyhNvTRraQ
3078,2019,9,473,OSL,59.93804064314295,10.70425253471551,1azuOkfnQZeMDSjLQq7U8w,1478,1,3084,3,7108,True,1azuOkfnQZeMDSjLQq7U8w
3329,2018,12,496,OSL,59.94106756064207,10.64697443112649,MM7msg9HRy3vMwbCLx-Fug,1746,0,3085,1,7113,True,MM7msg9HRy3vMwbCLx-Fug
1733,2019,9,217,OSL,59.92419547783317,10.74689318456145,zRZHnc03h4Q34FV8cdrAwA,661,0,726,6,7116,True,zRZHnc03h4Q34FV8cdrAwA
1482,2018,12,335,OSL,59.92184293081549,10.71195786762911,2-i7iGVm-iKY-hkKWTQW-A,837,0,964,5,7119,True,2-i7iGVm-iKY-hkKWTQW-A
610,2017,7,393,OSL,59.91210617784833,10.74047532883195,lR8p0RPkpy0UlyLTl6rR3Q,919,2,3086,1,7120,True,lR8p0RPkpy0UlyLTl6rR3Q
3187,2018,12,267,OSL,59.93881059202248,10.72669521236773,T-Jlo0iUwBiwUFh2ClPX2g,382,1,3087,1,7122,True,T-Jlo0iUwBiwUFh2ClPX2g
3152,2019,10,516,OSL,59.93903853754304,10.68154811181145,33bR_Bx3aXcNNHKDzJnLvw,425,0,444,7,7123,True,33bR_Bx3aXcNNHKDzJnLvw
2970,2010,9,487,OSL,59.93727918132632,10.68218008873906,T9Gg-BexwPq8kpANr8r5dA,1401,1,3088,2,7126,True,T9Gg-BexwPq8kpANr8r5dA
2616,2009,6,176,OSL,59.93287890186367,10.75535312615821,y3eexXogX1PXg9cg2pdigQ,917,2,3089,1,7131,True,y3eexXogX1PXg9cg2pdigQ
3409,2019,10,280,OSL,59.94202210891706,10.64853802711466,7bNrfnrYuEVXl5Dl0zaUNQ,1159,1,3090,2,7132,True,7bNrfnrYuEVXl5Dl0zaUNQ
1289,2018,12,292,OSL,59.9200512519913,10.75930796940292,KRs_2x1AlmxgZbRttu6zNw,315,1,3091,1,7135,True,KRs_2x1AlmxgZbRttu6zNw
2362,2017,5,563,OSL,59.93103693337303,10.66635186974822,aCbJn7JEjTgkjE7SutvfXQ,1725,0,2884,4,7138,True,aCbJn7JEjTgkjE7SutvfXQ
3624,2019,10,458,OSL,59.94396855434754,10.70665172823437,2PlMHfLPeP4iyrM4hGx8VQ,138,2,3092,1,7140,True,2PlMHfLPeP4iyrM4hGx8VQ
3921,2019,9,662,OSL,59.94693684464114,10.7348509863656,eD3AxXe-5eXVgMdiIMmRLg,17,2,3093,1,7141,True,eD3AxXe-5eXVgMdiIMmRLg
3318,2018,12,575,OSL,59.93971056309618,10.77871473289839,lvvv3Z0-dIFYV4wuxzKY8Q,1742,1,3094,1,7143,True,lvvv3Z0-dIFYV4wuxzKY8Q
3118,2014,6,280,OSL,59.93790087983644,10.76596932366036,vL9os8-Wh-gZTdUI-N0dGQ,849,2,3095,1,7144,True,vL9os8-Wh-gZTdUI-N0dGQ
3267,2018,12,292,OSL,59.93995242804183,10.70416135625982,mhYybfVgvdqAtTJWkNgtSg,604,2,3096,1,7148,True,mhYybfVgvdqAtTJWkNgtSg
1706,2014,8,423,OSL,59.92390948819229,10.71543335410266,dzTHC7h59qWdtWLNyaJPzA,883,1,2242,5,7149,True,dzTHC7h59qWdtWLNyaJPzA
1617,2009,6,157,OSL,59.92305723593726,10.73740621116795,dBGJo-sHMBoRRr1Ae39ZBw,1216,1,3097,1,7150,True,dBGJo-sHMBoRRr1Ae39ZBw
2850,2019,9,326,OSL,59.93506993216533,10.79144286670476,9jGbzPY8U5aGGg0hFNwubQ,283,1,3098,1,7151,True,9jGbzPY8U5aGGg0hFNwubQ
1617,2014,5,338,OSL,59.92305872451468,10.73743339703536,vTsGErWwHl6XGnNex6R67A,1216,0,1505,4,7153,True,vTsGErWwHl6XGnNex6R67A
1346,2018,12,558,OSL,59.92092590356452,10.68766829602346,KIgil7Sw0FQu8jSUQ8K6Bw,1604,1,3063,3,7154,True,KIgil7Sw0FQu8jSUQ8K6Bw
2104,2009,6,593,OSL,59.92816242562188,10.71622397535258,L0HIiJm7kF7FoLWrKdAC0A,25,0,25,3,7155,True,L0HIiJm7kF7FoLWrKdAC0A
2438,2009,7,340,OSL,59.93127007730168,10.78438636085059,zt-c19E4exXlIGFo_lOiMA,935,1,3099,1,7156,True,zt-c19E4exXlIGFo_lOiMA
1005,2014,5,311,OSL,59.91681684608787,10.76373355016306,_NNm89-k9yHTOFyvj410XA,1747,0,3100,2,7158,True,_NNm89-k9yHTOFyvj410XA
3371,2012,10,419,OSL,59.94109291528002,10.73134755191642,8tWffAM1Mw5v-QFH6b311g,934,2,3101,2,7159,True,8tWffAM1Mw5v-QFH6b311g
2662,2017,5,590,OSL,59.93412809242988,10.67891863657238,7r9FGiUzSKz-dwg9Y9TSag,1336,0,1710,4,7161,True,7r9FGiUzSKz-dwg9Y9TSag
3856,2014,5,335,OSL,59.94563680824662,10.76399853479662,TfSHqfx1IPFzk_1_k1fUKg,490,3,3102,1,7171,True,TfSHqfx1IPFzk_1_k1fUKg
2011,2017,5,390,OSL,59.92693509640208,10.71927028638163,IWYZJDT9Go2uCAyghINCJw,1685,1,3105,1,7181,True,IWYZJDT9Go2uCAyghINCJw
2522,2009,7,630,OSL,59.93194936213072,10.75990871909553,YjHLnktkXhXHMP2OdYebIA,58,4,3106,1,7182,True,YjHLnktkXhXHMP2OdYebIA
2100,2018,12,69,OSL,59.92793840817956,10.70933796732063,GopK0_DNOwo7_bcOi4vG6A,903,1,3107,2,7184,True,GopK0_DNOwo7_bcOi4vG6A
3473,2019,8,435,OSL,59.94203474858679,10.75957391505833,xZ4-OACfGDTRmc7PepBo6g,640,3,3108,1,7188,True,xZ4-OACfGDTRmc7PepBo6g
4335,2014,8,172,OSL,59.95092187905045,10.78737284543808,0J6fGDTPjlA1Yi4NMLJu0w,1267,1,3109,2,7189,True,0J6fGDTPjlA1Yi4NMLJu0w
4512,2019,7,419,OSL,59.95291374287235,10.77430828887633,OoC89HeM-i5JTCKY-HkMUg,1505,2,3110,3,7190,True,OoC89HeM-i5JTCKY-HkMUg
2329,2019,9,262,OSL,59.93011106952661,10.767318437187,wqkY9ErQ0KPscg6fwCI6NQ,55,0,55,6,7192,True,wqkY9ErQ0KPscg6fwCI6NQ
2880,2017,5,192,OSL,59.93604102802477,10.6893458174044,6mLfQC_YDOimi1wLCCeHGQ,512,0,549,5,7193,True,6mLfQC_YDOimi1wLCCeHGQ
3687,2014,5,318,OSL,59.94480713491156,10.6572361083377,DU_lhWZkrHxGiMVPsxcYHA,1315,0,1679,3,7199,True,DU_lhWZkrHxGiMVPsxcYHA
2876,2019,10,315,OSL,59.93595863125593,10.68492758903133,toQsct3CFHssTsEVq3XMKg,528,1,821,4,7206,True,toQsct3CFHssTsEVq3XMKg
2105,2009,6,408,OSL,59.92796587212533,10.71751109325265,W4_GbT4aohsyeH0IWmyYsw,1506,0,2057,3,7208,True,W4_GbT4aohsyeH0IWmyYsw
1236,2018,12,156,OSL,59.92001031859899,10.69144928745156,ZFZBCZiu2xUqRSUWQd3FdA,13,3,3111,1,7211,True,ZFZBCZiu2xUqRSUWQd3FdA
1770,2014,6,328,OSL,59.92526009527498,10.64814572362487,XLwFq8c6zE2TvGeWolOP7g,742,1,2897,3,7213,True,XLwFq8c6zE2TvGeWolOP7g
1851,2017,5,680,OSL,59.92500500803698,10.7676080868652,WQWg3jCfZ8A6vg2ll8tCoA,1238,1,2335,3,7216,True,WQWg3jCfZ8A6vg2ll8tCoA
1016,2014,5,560,OSL,59.91789178062103,10.64570866315946,UmpY2BfhjZ8vWjTxg1QPeA,1226,2,3112,1,7224,True,UmpY2BfhjZ8vWjTxg1QPeA
1209,2009,7,428,OSL,59.92007676706331,10.65028218534975,X8fQHUxZ1bNLiBEbP0skuQ,874,0,1014,5,7228,True,X8fQHUxZ1bNLiBEbP0skuQ
2444,2019,10,279,OSL,59.93178784234311,10.64272079059621,dhZ7dZDf0x000OFD_g5IrQ,635,2,3113,1,7242,True,dhZ7dZDf0x000OFD_g5IrQ
944,2014,5,476,OSL,59.91710648017759,10.65520268397244,Z3SJD9QALSOSPm2fMWdDRQ,408,0,426,7,7243,True,Z3SJD9QALSOSPm2fMWdDRQ
3458,2014,8,432,OSL,59.94203306404057,10.73725573632659,PvTuJIHp8jIhk-HtymAC9A,69,0,69,4,7248,True,PvTuJIHp8jIhk-HtymAC9A
1811,2019,9,185,OSL,59.92499862939015,10.71731541232125,j2gnMk3Y5_fmYQ3AFuDa1g,1363,0,1761,4,7255,True,j2gnMk3Y5_fmYQ3AFuDa1g
1289,2019,10,366,OSL,59.9200725431432,10.75935852672703,5snNTfoVfnBKE5nxqG27Hw,315,2,3114,1,7256,True,5snNTfoVfnBKE5nxqG27Hw
2919,2019,10,242,OSL,59.93607785150145,10.76008065807045,8GDnZZmX_6JqrtuyXbE6Kg,1719,1,3115,2,7257,True,8GDnZZmX_6JqrtuyXbE6Kg
4683,2009,5,510,OSL,59.9550944559503,10.78208801631242,Cvp22jCDguItkQEy39MMDQ,701,1,2214,5,7260,True,Cvp22jCDguItkQEy39MMDQ
2591,2017,5,484,OSL,59.93326162450019,10.71695228888984,EiwLBoWpAQ5v0mC3IxPmDQ,252,2,3116,2,7261,True,EiwLBoWpAQ5v0mC3IxPmDQ
2529,2018,12,249,OSL,59.9318527262776,10.76686479602294,ALgVqroM6-ztaSHHDSR-Nw,288,0,293,4,7267,True,ALgVqroM6-ztaSHHDSR-Nw
2510,2009,7,491,OSL,59.93194455075311,10.74336188112938,3V6WC6pjLf5SXg6fGQjBbw,214,1,723,3,7271,True,3V6WC6pjLf5SXg6fGQjBbw
3930,2009,6,446,OSL,59.94711398173013,10.74387167974406,mFIouMOmf_2BQAS1o29Bhw,244,1,3117,1,7272,True,mFIouMOmf_2BQAS1o29Bhw
2798,2019,9,529,OSL,59.9349995732351,10.72042263376298,HGbFc_w_c7_s3JiRUDSjyg,211,1,3118,1,7277,True,HGbFc_w_c7_s3JiRUDSjyg
4396,2012,10,266,OSL,59.95196133770099,10.75257008207886,s-PZlW7Oy4KenpRgVb5PSQ,1030,3,3119,1,7284,True,s-PZlW7Oy4KenpRgVb5PSQ
2625,2018,12,182,OSL,59.932765886935,10.76675970176094,nTWsnqDZ9g1xPN39I0KbYw,507,2,3120,2,7285,True,nTWsnqDZ9g1xPN39I0KbYw
2605,2018,12,230,OSL,59.9330445868563,10.73852570686728,xlxxb7BsTCbsHpraQX9NhA,1550,2,3121,1,7287,True,xlxxb7BsTCbsHpraQX9NhA
1528,2014,8,600,OSL,59.92205460182529,10.77345710379997,dB1stkzEp5ll7l1aQlOiYw,881,1,3122,1,7288,True,dB1stkzEp5ll7l1aQlOiYw
4189,2016,5,461,OSL,59.9500422881497,10.72520275094626,3fkgbbZ8h10X3k79chfgOg,886,3,3123,2,7289,True,3fkgbbZ8h10X3k79chfgOg
3583,2012,9,285,OSL,59.94302041767858,10.78061902751725,QK4o32Z_5UqYF675dq69yA,1034,1,2373,7,7290,True,QK4o32Z_5UqYF675dq69yA
982,2018,11,191,OSL,59.91691120009821,10.73322840636136,iCPwxSSUn7cMOCiF7hOjeg,1132,2,3124,1,7294,True,iCPwxSSUn7cMOCiF7hOjeg
2359,2018,12,488,OSL,59.93094773444062,10.66263536600617,LALBuY5frrs2Nx9PdHnDzg,1177,0,1445,3,7296,True,LALBuY5frrs2Nx9PdHnDzg
1289,2014,8,470,OSL,59.92004877601104,10.75935521967915,sj-0boTepZfpxa5m_opVCQ,315,0,324,5,7301,True,sj-0boTepZfpxa5m_opVCQ
3226,2014,8,344,OSL,59.9390538902344,10.78257778750694,meycis05sWEe0G2ZUNgkSw,544,0,586,11,7302,True,meycis05sWEe0G2ZUNgkSw
4398,2014,6,318,OSL,59.9517643351862,10.7542938679874,gJkcWgDZT2tBe2e8cv3N1Q,113,2,3126,2,7306,True,gJkcWgDZT2tBe2e8cv3N1Q
4103,2018,12,333,OSL,59.94917897614962,10.73783483784186,RdxPN2q4_9Qc_qY8MdZ7-g,1452,1,3127,1,7307,True,RdxPN2q4_9Qc_qY8MdZ7-g
2437,2018,12,533,OSL,59.93125548761065,10.7820648448989,KbgKGImF01-qyoLLc0aTLw,442,2,3128,1,7321,True,KbgKGImF01-qyoLLc0aTLw
4214,2017,6,528,OSL,59.94999315748806,10.76073830340614,KX0JCUWzbp210WPF0kzqig,21,1,2216,3,7322,True,KX0JCUWzbp210WPF0kzqig
4081,2018,12,306,OSL,59.9489662856652,10.69279677532651,NQ0tsMoaDtoY4z9ZT8P7mA,10,4,3129,1,7324,True,NQ0tsMoaDtoY4z9ZT8P7mA
4237,2012,10,389,OSL,59.95001041398785,10.79351943525313,nELDXcC5NnnR3RF53X4tzQ,1509,0,2060,5,7329,True,nELDXcC5NnnR3RF53X4tzQ
3724,2019,10,218,OSL,59.9450726499563,10.71776513466865,K4dXKd4RbYAa7QQFbkXc3w,1745,1,3130,1,7330,True,K4dXKd4RbYAa7QQFbkXc3w
2073,2012,10,297,OSL,59.92799256448986,10.64364900652291,Ost16A9p8WPRZWpu4qZY5Q,1337,0,1712,4,7334,True,Ost16A9p8WPRZWpu4qZY5Q
617,2009,6,437,OSL,59.91213978558675,10.75142132881624,79kYt5gb_tnk-0rk5bbbPQ,327,0,339,9,7335,True,79kYt5gb_tnk-0rk5bbbPQ
1240,2014,8,485,OSL,59.92003013183385,10.69571652067995,zdb0vxgRKRZ5KuNHwjO0Bg,216,3,3131,1,7337,True,zdb0vxgRKRZ5KuNHwjO0Bg
2029,2019,9,336,OSL,59.92693493752213,10.74304287294462,ib7T4GbyyFhWB_edmbLecw,820,3,3132,2,7340,True,ib7T4GbyyFhWB_edmbLecw
1070,2017,5,195,OSL,59.91803965595476,10.73172389403203,DkC-2xKpGUTK4hCM9gJYyA,269,0,274,3,7343,True,DkC-2xKpGUTK4hCM9gJYyA
1359,2019,9,326,OSL,59.92102392299974,10.70531698161703,WHGDPzk3QwezQ_HkhfbXqg,1748,1,3133,2,7344,True,WHGDPzk3QwezQ_HkhfbXqg
3527,2009,4,384,OSL,59.9432371869087,10.69838855488806,uh3OP-tEwgdWWnoXc8a9og,271,0,276,7,7351,True,uh3OP-tEwgdWWnoXc8a9og
2219,2019,9,28,OSL,59.92903618938708,10.74776345785309,OGni3uyWM3Nj7qRKgITNNA,618,3,3134,1,7358,True,OGni3uyWM3Nj7qRKgITNNA
3522,2012,10,329,OSL,59.94305043537253,10.68858955954995,gIrqMw3Q31gJkWd2WFxpAw,1662,0,2520,4,7363,True,gIrqMw3Q31gJkWd2WFxpAw
4843,2019,10,142,OSL,59.95680952558015,10.79165225852191,ZLrNzXGak36awgpXgF33ng,1542,2,3135,1,7364,True,ZLrNzXGak36awgpXgF33ng
255,2014,5,319,OSL,59.90404285491382,10.78453558199212,pulMrJFYlyURdnZ-fR949g,122,0,122,6,7365,True,pulMrJFYlyURdnZ-fR949g
1847,2019,10,317,OSL,59.9249973508873,10.76118914085304,MQbaj1tl4zwfIVxi8HUS4A,1422,1,3136,5,7368,True,MQbaj1tl4zwfIVxi8HUS4A
539,2014,6,299,OSL,59.91122053009583,10.7595365508967,da8t_2S1svQxWoSeV7keCg,1094,0,1310,6,7370,True,da8t_2S1svQxWoSeV7keCg
3533,2009,6,361,OSL,59.94309114750735,10.70400660228496,5AuA7xtKsiDkDlzVV_9Opg,1279,0,1608,6,7375,True,5AuA7xtKsiDkDlzVV_9Opg
2439,2014,5,565,OSL,59.93107958498891,10.78502842413124,3P008GvYNKwH-IVmUZ2L-Q,1013,1,3137,1,7379,True,3P008GvYNKwH-IVmUZ2L-Q
4210,2009,6,501,OSL,59.95005779524035,10.75636873194842,DM1XWtmdWF3dsm1tkqafAA,687,1,3138,1,7381,True,DM1XWtmdWF3dsm1tkqafAA
3098,2018,12,572,OSL,59.93810725128976,10.73629322440628,eVVZ_PpN4Km_R3OUUoWRQA,1749,0,3139,2,7386,True,eVVZ_PpN4Km_R3OUUoWRQA
1363,2009,6,475,OSL,59.92110201924027,10.70920071013916,U3TdSqFjSLhklPwipKRi-g,6,0,6,4,7396,True,U3TdSqFjSLhklPwipKRi-g
4489,2012,10,194,OSL,59.95324620214468,10.74617326154374,X-EZMlkpmWkOQlVjzWdQvw,1146,1,2217,3,7399,True,X-EZMlkpmWkOQlVjzWdQvw
2319,2018,12,283,OSL,59.92999508817502,10.74912328827304,mLdZ7lqDbHGmEzY_nviYBA,588,0,633,5,7400,True,mLdZ7lqDbHGmEzY_nviYBA
3144,2012,10,411,OSL,59.93885994844045,10.66976670179391,YeUAnEqGVlfiROwBlia3pg,1480,1,3140,2,7418,True,YeUAnEqGVlfiROwBlia3pg
2157,2019,9,661,OSL,59.92819218815337,10.78324604444255,r18Zc-qM8RMQ0hDaLXOW5w,489,1,2021,3,7424,True,r18Zc-qM8RMQ0hDaLXOW5w
4083,2019,10,429,OSL,59.94902010451538,10.69641482043566,DOCSePEoTcnl5gH6FANMQg,229,2,3141,1,7427,True,DOCSePEoTcnl5gH6FANMQg
1196,2018,12,88,OSL,59.91892124108249,10.76605995390251,EIhDBXq4tO6TiFzg6xDEgg,1702,0,2727,3,7429,True,EIhDBXq4tO6TiFzg6xDEgg
1070,2009,6,344,OSL,59.91806944334915,10.73175483272451,GkUHRIS-RYFf-y4cCIlkog,269,2,3142,1,7432,True,GkUHRIS-RYFf-y4cCIlkog
1426,2019,10,55,OSL,59.92106506018904,10.79352991313911,I_nFvShkLgU7M4bAVDtG7Q,1513,0,2069,4,7436,True,I_nFvShkLgU7M4bAVDtG7Q
2266,2009,7,546,OSL,59.93036343403779,10.67307209950125,E6zLYfL4dFdrZz44KhuGGg,266,0,271,4,7441,True,E6zLYfL4dFdrZz44KhuGGg
3136,2018,12,79,OSL,59.93913244616782,10.64752151571335,S6cDi3a849jrryyoEV8Ffw,1341,2,3143,1,7443,True,S6cDi3a849jrryyoEV8Ffw
2010,2019,9,402,OSL,59.92727550048507,10.71803965166354,_Sk1mah3DJZ7fK_GTZf8qg,578,0,622,5,7444,True,_Sk1mah3DJZ7fK_GTZf8qg
1567,2012,10,236,OSL,59.92303849782989,10.68050370838369,gHUqAi-0gcUZpe4c8_0DSw,634,0,691,7,7445,True,gHUqAi-0gcUZpe4c8_0DSw
1474,2014,5,401,OSL,59.92203973797744,10.70495497594099,dlF0m9iHAGQG-SlCq-du4g,1704,2,3144,2,7450,True,dlF0m9iHAGQG-SlCq-du4g
3624,2009,6,296,OSL,59.94396633004541,10.7067138778373,9B93HfnFODzVNtJep_OReQ,138,0,140,3,7452,True,9B93HfnFODzVNtJep_OReQ
673,2018,12,643,OSL,59.91275044838076,10.72582073536701,47ZuPlxBsTfpY86aiMPgYQ,1622,1,3145,1,7455,True,47ZuPlxBsTfpY86aiMPgYQ
3296,2012,10,487,OSL,59.93998334902208,10.74653393664873,yd09VAhZyjMvIDZn3GISQA,302,4,3146,2,7456,True,yd09VAhZyjMvIDZn3GISQA
2726,2009,6,200,OSL,59.93412325392606,10.76829975443693,ejMaVHvinyFQqm9CVK0qlQ,680,2,3147,2,7460,True,ejMaVHvinyFQqm9CVK0qlQ
2491,2019,9,201,OSL,59.93182309946629,10.72102631550816,nmIYtpHVmsEQGp2FQEV8FA,492,2,3148,1,7463,True,nmIYtpHVmsEQGp2FQEV8FA
3329,2019,10,291,OSL,59.94106927340194,10.64701065392344,3p25AAev1nEsvt04867APQ,1746,1,3149,2,7466,True,3p25AAev1nEsvt04867APQ
3680,2014,5,107,OSL,59.94367674171265,10.79240443526356,pcKXsMi59QC_ED5DUeoJ4Q,1495,0,2023,3,7467,True,pcKXsMi59QC_ED5DUeoJ4Q
2830,2009,6,302,OSL,59.93497671335231,10.76305315700442,7yXDMO3RqCt9MI2mxW5COw,1440,2,3150,1,7469,True,7yXDMO3RqCt9MI2mxW5COw
1948,2019,9,520,OSL,59.92591836083828,10.76476219065737,VVMVMICXKxDsiSXGsS_Y5w,998,0,1182,3,7471,True,VVMVMICXKxDsiSXGsS_Y5w
1350,2018,12,438,OSL,59.92112973286802,10.69523194719518,W6DArKQY71jKHYXLb3rtZw,1630,2,3152,2,7480,True,W6DArKQY71jKHYXLb3rtZw
1236,2019,9,118,OSL,59.920018213262,10.69150165165522,5lLAHxYg50379Ip9dIj14A,13,4,3153,1,7481,True,5lLAHxYg50379Ip9dIj14A
408,2019,10,450,OSL,59.9088440610853,10.683620138339,ETxNk9eqwwIEVk9wYQd1Ig,1327,0,1695,6,7484,True,ETxNk9eqwwIEVk9wYQd1Ig
2714,2019,9,567,OSL,59.93372649591596,10.75416976524107,xYgjFUnEgvcEG_3Vhhee8Q,1028,1,1837,8,7488,True,xYgjFUnEgvcEG_3Vhhee8Q
2007,2017,5,254,OSL,59.92694404183202,10.71571381496795,1DlSVFCGF0JKMswaEUTLvA,1300,2,3029,3,7489,True,1DlSVFCGF0JKMswaEUTLvA
2905,2009,7,297,OSL,59.93602668650653,10.73451390574271,U5jg8GH90qRgwXgyolMAkw,291,0,297,7,7493,True,U5jg8GH90qRgwXgyolMAkw
1938,2014,8,700,OSL,59.9260126616019,10.75069282540509,h2J6zKxPeP5RCwHZlwyKxw,1454,1,2101,3,7494,True,h2J6zKxPeP5RCwHZlwyKxw
3880,2018,12,267,OSL,59.94701372649173,10.6473733863676,eO-f4wej4qrLl3Rdt9PXag,1237,2,3154,1,7510,True,eO-f4wej4qrLl3Rdt9PXag
4593,2019,6,356,OSL,59.9540246739644,10.76563936952701,vLa7TtNspLdObYlsVfMNGQ,921,1,3155,2,7511,True,vLa7TtNspLdObYlsVfMNGQ
3222,2014,5,288,OSL,59.93895471892208,10.77837513676762,xxgYkmc22hFtGGeIjRPpYg,234,2,3156,1,7512,True,xxgYkmc22hFtGGeIjRPpYg
2833,2019,8,271,OSL,59.93499282407495,10.76619867631103,KQqibkyTHoYXJzFCD4ilag,772,1,3157,1,7515,True,KQqibkyTHoYXJzFCD4ilag
4702,2019,6,344,OSL,59.95588780594381,10.66087949078441,pexoiTfrYs4HFw1RTcxlkA,374,0,391,5,7522,True,pexoiTfrYs4HFw1RTcxlkA
4720,2009,5,432,OSL,59.95611818921436,10.69698486107223,DG_yXY-DvaPn1gPFh6TMEQ,402,0,419,4,7523,True,DG_yXY-DvaPn1gPFh6TMEQ
3412,2019,10,339,OSL,59.94186733563344,10.65082710822301,9DAJMF7-pKgKCe5W_1fWkw,1728,1,3158,1,7527,True,9DAJMF7-pKgKCe5W_1fWkw
3225,2014,5,241,OSL,59.93901352677596,10.78150222838757,U8shY3wi6hux-4yLJ5oT6A,390,2,3159,2,7531,True,U8shY3wi6hux-4yLJ5oT6A
1701,2009,6,205,OSL,59.92389768421987,10.70982562643931,EWyfwHF4a1VdI6tU1eiOUg,353,3,3160,1,7538,True,EWyfwHF4a1VdI6tU1eiOUg
2440,2017,5,67,OSL,59.93111979744929,10.79061088611796,bRAa3QctMvDzIwHs2Z0PTQ,622,1,2825,3,7553,True,bRAa3QctMvDzIwHs2Z0PTQ
2589,2014,5,395,OSL,59.9327927653398,10.71575823378629,BKct1EgfgzkC1wnkeJRdug,1096,1,3161,1,7559,True,BKct1EgfgzkC1wnkeJRdug
757,2014,8,364,OSL,59.91393292089264,10.75145950769716,3YHdXZx4gpsaKRr5W2VDaA,1431,1,2110,3,7562,True,3YHdXZx4gpsaKRr5W2VDaA
2909,2018,12,259,OSL,59.93629314432291,10.73903117149094,yZqKdypyT8PJ8uRqUmzQhw,1050,1,3162,1,7565,True,yZqKdypyT8PJ8uRqUmzQhw
437,2012,10,307,OSL,59.90908956072823,10.76670525028972,ZSqLCV3ZNGhTNuGt3nmnnQ,434,3,3163,1,7571,True,ZSqLCV3ZNGhTNuGt3nmnnQ
2484,2014,8,347,OSL,59.93199928469011,10.71246770803362,EEd2zNNvnYGufOFqzaGYeA,805,2,3164,1,7572,True,EEd2zNNvnYGufOFqzaGYeA
4466,2018,12,230,OSL,59.95312317581017,10.70436025108751,CmtByotxlhBzreHuD73y1Q,1201,1,3166,1,7578,True,CmtByotxlhBzreHuD73y1Q
4406,2018,12,331,OSL,59.95171115110969,10.76296596648611,4O72r8-asMuem7UwWEQCVA,331,3,2112,3,7580,True,4O72r8-asMuem7UwWEQCVA
3624,2012,10,476,OSL,59.94398014430192,10.70666132143027,I4zu5B937IJNofQPK_xN4Q,138,1,2252,4,7581,True,I4zu5B937IJNofQPK_xN4Q
240,2017,5,458,OSL,59.90388889092473,10.7402895785306,99nA7eZzr0zYOK0AIYV2cg,1338,0,1713,4,7584,True,99nA7eZzr0zYOK0AIYV2cg
4043,2009,5,421,OSL,59.94800389118864,10.78229913534792,Qo7T83bLbkWPl8FdYiNhtw,1521,1,3167,2,7586,True,Qo7T83bLbkWPl8FdYiNhtw
3785,2017,5,291,OSL,59.94587838050547,10.65013583871854,EM5XlPb2JJxHqh-eRdmk9g,1580,1,3168,2,7591,True,EM5XlPb2JJxHqh-eRdmk9g
3874,2012,10,682,OSL,59.94585110292402,10.79189820084668,ml5lbcDwt2Wd2GOqLKmZlg,1449,1,2318,3,7600,True,ml5lbcDwt2Wd2GOqLKmZlg
4269,2019,7,256,OSL,59.95105062966997,10.70331939630849,42W0fhCQdyPHbcu9Wz4IKg,1584,1,3169,1,7602,True,42W0fhCQdyPHbcu9Wz4IKg
4162,2017,5,209,OSL,59.95001905271744,10.67569521463184,pczXsc1uaC-HK2QrHcLN2A,1670,1,3020,3,7605,True,pczXsc1uaC-HK2QrHcLN2A
1804,2018,12,233,OSL,59.9249531562652,10.71046204262827,wqCP-rRBZwE-M-r9WFRC7g,1335,1,3170,1,7606,True,wqCP-rRBZwE-M-r9WFRC7g
166,2019,3,242,OSL,59.90179286674579,10.76469896240385,heKggJ3yYMq-VNpG1Nk3bg,1275,1,3171,1,7608,True,heKggJ3yYMq-VNpG1Nk3bg
269,2019,6,555,OSL,59.90532053795557,10.68910736015623,Z_lxJy2Eq_BIh1CnucD0og,688,1,3172,1,7619,True,Z_lxJy2Eq_BIh1CnucD0og
2657,2019,9,415,OSL,59.93387737949435,10.6703845647567,7gT-XuX2jSlMe4MDz94wLg,1648,1,3173,1,7622,True,7gT-XuX2jSlMe4MDz94wLg
3680,2019,10,301,OSL,59.94367492219071,10.79233463930476,dGDnajei0_koC1o25hfGFA,1495,2,3174,1,7627,True,dGDnajei0_koC1o25hfGFA
3780,2019,10,409,OSL,59.94615773569227,10.64438366907419,S53sVba9zZgWzY_W8pjwlg,1595,0,2293,4,7633,True,S53sVba9zZgWzY_W8pjwlg
2229,2018,12,260,OSL,59.92896719108079,10.76195693452928,UsTVT32rpSJEwRzSvddvbA,596,1,3175,1,7634,True,UsTVT32rpSJEwRzSvddvbA
1591,2018,12,656,OSL,59.92309587941318,10.70848052721869,gfuuBncygoiOvIf56qIeOw,550,1,3176,2,7635,True,gfuuBncygoiOvIf56qIeOw
2141,2009,6,440,OSL,59.92776817467006,10.76038901072439,5aAubmQ8eNhs4G_YZxo24Q,1591,1,3177,2,7636,True,5aAubmQ8eNhs4G_YZxo24Q
4724,2018,12,188,OSL,59.9562445635076,10.70612925977175,L9WvNj5r71HxxaQxPGcUpg,1750,0,3178,1,7641,True,L9WvNj5r71HxxaQxPGcUpg
1146,2014,8,573,OSL,59.9191633442836,10.7005297044749,BD4ER9o9MnB2c-csznKBMg,265,0,270,5,7648,True,BD4ER9o9MnB2c-csznKBMg
4505,2014,8,384,OSL,59.95331106772191,10.76346466118165,LzEvxKck4IgidXNgFMMbfw,906,0,1055,7,7651,True,LzEvxKck4IgidXNgFMMbfw
3181,2019,10,268,OSL,59.93861983764455,10.71838462136246,Dc-mAIWyX-Cxq13hzX3m6A,1678,3,3180,1,7653,True,Dc-mAIWyX-Cxq13hzX3m6A
1852,2019,9,212,OSL,59.9248468539275,10.76872951270209,nONRc2KU42rIPtANYzA_5A,1041,2,3181,1,7656,True,nONRc2KU42rIPtANYzA_5A
3127,2014,8,558,OSL,59.9380344769014,10.77635737360642,GMrJe4Yb1j6dY2XdgNriyg,328,1,3182,1,7678,True,GMrJe4Yb1j6dY2XdgNriyg
474,2019,10,518,OSL,59.91010175210651,10.72144453721012,riz_IknWMjfnOOxeZze_1A,1358,1,3183,1,7682,True,riz_IknWMjfnOOxeZze_1A
693,2019,9,515,OSL,59.9129544455591,10.76123134006268,FGv-U92bDoBRWg50NDc0RQ,1207,2,3184,3,7683,True,FGv-U92bDoBRWg50NDc0RQ
2958,2019,9,623,OSL,59.93736490448246,10.66798221564569,3grdQEm8W6QNrFNfUnS5-w,1290,0,1627,3,7685,True,3grdQEm8W6QNrFNfUnS5-w
964,2019,9,304,OSL,59.91709504562949,10.70546432748338,JRsLgmNd2ua7WsCFb3vpCw,1445,2,3186,1,7686,True,JRsLgmNd2ua7WsCFb3vpCw
4409,2014,5,415,OSL,59.95206613078042,10.76608258037333,Dmo6RbwkssrR4QJc0rOulA,1457,2,3187,1,7688,True,Dmo6RbwkssrR4QJc0rOulA
2191,2019,10,204,OSL,59.92906758361485,10.71450225088708,kI8Q7nOTfUwmRjyRKkaBBw,1677,0,2576,8,7690,True,kI8Q7nOTfUwmRjyRKkaBBw
432,2014,5,544,OSL,59.90912457797352,10.75622806621309,yhVgEJA2ewTl5APB93w99w,824,1,3188,1,7693,True,yhVgEJA2ewTl5APB93w99w
1704,2019,9,389,OSL,59.92405552216334,10.71233872455686,6WNeFRqhWGAOJnf1vITqmQ,1545,1,3189,1,7696,True,6WNeFRqhWGAOJnf1vITqmQ
327,2014,5,421,OSL,59.90596405758461,10.77829160186952,gYejwKZpNH7JKuUB1tqG3g,912,0,1062,5,7697,True,gYejwKZpNH7JKuUB1tqG3g
2044,2019,9,364,OSL,59.92721012301485,10.75843081929072,ORovBpv0AX20JQL25U_hjQ,1307,2,3190,1,7698,True,ORovBpv0AX20JQL25U_hjQ
24,2019,9,306,OSL,59.89801743650342,10.7561160832435,PkvTmnDMenKQC8eAKgyGow,536,0,577,7,7699,True,PkvTmnDMenKQC8eAKgyGow
4763,2012,10,169,OSL,59.95614298230079,10.78823732262667,DMvbFBzwFpYXyVw0B9inLg,407,2,1576,3,7702,True,DMvbFBzwFpYXyVw0B9inLg
817,2018,12,413,OSL,59.91507523302853,10.72040540522914,exQ6wte3UXqwhYfSd39frA,769,0,868,6,7711,True,exQ6wte3UXqwhYfSd39frA
1596,2009,6,330,OSL,59.92285699403335,10.71408945893484,t8OFvE9jBLbbe56QrqedAA,365,2,3191,1,7713,True,t8OFvE9jBLbbe56QrqedAA
2635,2018,12,355,OSL,59.93317803993666,10.78700222797051,nl7hrzJEXdhZkW73AmB6lg,370,1,2495,4,7718,True,nl7hrzJEXdhZkW73AmB6lg
3982,2009,5,147,OSL,59.94811358848057,10.68156639395513,FAsbGs6XsZ4NAUQ_PsFLDQ,1537,1,3192,1,7721,True,FAsbGs6XsZ4NAUQ_PsFLDQ
4678,2019,10,651,OSL,59.95499561968358,10.76942417313413,cC_9fNHXQRP7PvRAsBfiuA,1510,2,3193,1,7722,True,cC_9fNHXQRP7PvRAsBfiuA
4916,2019,7,351,OSL,59.95801797636738,10.76366256199866,EDpsUh8-VJD_JJiPoOFGPQ,451,2,3194,1,7723,True,EDpsUh8-VJD_JJiPoOFGPQ
3113,2019,10,277,OSL,59.93809540428857,10.76058844033142,erywFzQgddjcZKyp5sNdHA,1017,1,3195,1,7727,True,erywFzQgddjcZKyp5sNdHA
4754,2019,6,60,OSL,59.95604308933778,10.76636039264359,2Vu0Z7tXlzIfKbEFI0dfAA,461,3,3196,1,7729,True,2Vu0Z7tXlzIfKbEFI0dfAA
1337,2019,10,409,OSL,59.92107130133589,10.67442647311061,fqd2OV_P3bCCXvY0udJsXg,213,0,216,10,7730,True,fqd2OV_P3bCCXvY0udJsXg
1359,2017,5,505,OSL,59.92101693812869,10.70533422779488,Iwjvqcqg2jDcVcNrTtU_9g,1748,0,3125,3,7733,True,Iwjvqcqg2jDcVcNrTtU_9g
2218,2019,9,466,OSL,59.92909102431868,10.74661895025374,QtjuY6nkXNQ0ye5OiJJrXw,1404,2,3197,1,7734,True,QtjuY6nkXNQ0ye5OiJJrXw
3210,2018,12,143,OSL,59.93895794920542,10.75926505228219,oZqA90UznivgC0NxwWlWxQ,619,3,3198,1,7735,True,oZqA90UznivgC0NxwWlWxQ
3841,2018,12,358,OSL,59.94598107715208,10.74905508213057,ZqARVCK9_C2MNwXDEvxsYw,699,0,774,6,7738,True,ZqARVCK9_C2MNwXDEvxsYw
2927,2014,6,180,OSL,59.93583307179463,10.76730704441094,wDRU4OXuMoBlvowmTacxHw,1576,0,2237,4,7742,True,wDRU4OXuMoBlvowmTacxHw
4133,2009,5,265,OSL,59.94901730573604,10.7797373812291,ye_OqD8wcoczRTayl-lWcg,201,0,203,10,7752,True,ye_OqD8wcoczRTayl-lWcg
208,2018,12,482,OSL,59.9029645532317,10.75998455320848,SvmGsEz4iIRnx3EngcH3sA,1443,1,3199,1,7753,True,SvmGsEz4iIRnx3EngcH3sA
4311,2018,12,191,OSL,59.95107518853563,10.76099891219178,NrVwe5CPr7NK5YAOIVP1UA,915,0,1069,6,7754,True,NrVwe5CPr7NK5YAOIVP1UA
3870,2014,5,301,OSL,59.94592402571399,10.78447891957316,XWmzPpgo-eieHZIlAfh-lg,992,1,3200,1,7759,True,XWmzPpgo-eieHZIlAfh-lg
1551,2012,10,583,OSL,59.92308499298333,10.65447882268841,MampH2PhQA_wN1TzOAsEHA,580,2,3201,1,7764,True,MampH2PhQA_wN1TzOAsEHA
584,2012,9,453,OSL,59.91190812018762,10.70305923843893,8z5u8l9kiIgw9vi6B7NsBw,78,0,78,14,7775,True,8z5u8l9kiIgw9vi6B7NsBw
805,2014,5,422,OSL,59.91511901530179,10.70603733547084,m2i2ulr6j1WWolPby3_4Xw,23,1,3202,2,7778,True,m2i2ulr6j1WWolPby3_4Xw
376,2009,4,275,OSL,59.90799031854917,10.74526633214512,TDEJ7sdU8RKT1C_Z9z4Q4w,957,1,3203,1,7780,True,TDEJ7sdU8RKT1C_Z9z4Q4w
158,2019,6,322,OSL,59.90185603028263,10.68856532342391,7s5YRugxX0KNSwEqyWbbpg,831,3,3205,1,7784,True,7s5YRugxX0KNSwEqyWbbpg
1325,2009,7,418,OSL,59.92097828692742,10.66039020297673,5dtTuJ58UJN94EqhgZImpg,145,1,2976,3,7786,True,5dtTuJ58UJN94EqhgZImpg
1042,2019,5,364,OSL,59.91778401329751,10.69069522503755,5dO8cFxaZtZ9QUcHoi0k1Q,1350,0,1736,9,7787,True,5dO8cFxaZtZ9QUcHoi0k1Q
1591,2009,6,492,OSL,59.92305665862228,10.7083980444476,yQEnfINMmZe35vWVLsYdqg,550,0,592,3,7789,True,yQEnfINMmZe35vWVLsYdqg
1380,2019,9,673,OSL,59.92109328752355,10.72919834163122,XFlKnhlUgIkiOsz80hcdWg,1492,0,2018,4,7802,True,XFlKnhlUgIkiOsz80hcdWg
2709,2014,6,228,OSL,59.93404509785213,10.74331995640728,q2twHaNopSQUv8ZjDya5ew,1362,3,3206,1,7808,True,q2twHaNopSQUv8ZjDya5ew
1295,2018,12,606,OSL,59.92007121569979,10.76539442436365,udYNMB4kQFpJHgmNmkBWYw,1751,0,3207,1,7811,True,udYNMB4kQFpJHgmNmkBWYw
1837,2019,9,224,OSL,59.92510816894134,10.74661985029219,w0JWfb_2E1TFjQuqHyl8Ug,808,1,1220,3,7814,True,w0JWfb_2E1TFjQuqHyl8Ug
3209,2019,9,277,OSL,59.93903138917502,10.75837999646665,wtS3sul8k-pk2rDK7dKp9A,1641,0,2446,3,7817,True,wtS3sul8k-pk2rDK7dKp9A
3079,2012,10,117,OSL,59.93801405566291,10.7057032314459,1ekUczkvzQUPTT9MkibrWQ,224,0,227,5,7819,True,1ekUczkvzQUPTT9MkibrWQ
153,2014,5,432,OSL,59.90198101651261,10.68279009102435,MTL12USGFj86wJhlov0uBw,96,1,502,5,7826,True,MTL12USGFj86wJhlov0uBw
2461,2019,9,412,OSL,59.93221639049556,10.66715211537907,Jx3k4wjtyg1Ey4Vo_CnmAA,585,1,3208,1,7827,True,Jx3k4wjtyg1Ey4Vo_CnmAA
1612,2019,9,340,OSL,59.92296322201877,10.73256210910981,eOQQTyDVnrbmfJeOEETzlw,555,0,597,3,7834,True,eOQQTyDVnrbmfJeOEETzlw
1275,2019,9,255,OSL,59.92002996168996,10.73335447208176,ofkJjoWNZkRWY_T0S2QncQ,1438,0,1904,5,7835,True,ofkJjoWNZkRWY_T0S2QncQ
1074,2014,8,448,OSL,59.91793437270911,10.73747609182051,-VZDMtZrBrYUkIIlpFZ_nw,1078,0,1291,4,7836,True,-VZDMtZrBrYUkIIlpFZ_nw
4308,2012,10,539,OSL,59.95104174039189,10.75672279993148,akplZXeuhJV51l2E9vZbsA,558,2,2769,3,7837,True,akplZXeuhJV51l2E9vZbsA
3857,2017,5,268,OSL,59.94566130964606,10.76378133818267,vVNLyuDcfFR8mpAbJ2eEdA,490,0,526,6,7840,True,vVNLyuDcfFR8mpAbJ2eEdA
482,2014,5,164,OSL,59.91010703955531,10.74551577988501,ouKs3ga8otwMm3j_6TqB-g,1676,1,3165,4,7844,True,ouKs3ga8otwMm3j_6TqB-g
3500,2014,6,312,OSL,59.9420389726933,10.79236544845768,9ASxds0GEAVvyfaJHvgERw,535,2,3103,3,7847,True,9ASxds0GEAVvyfaJHvgERw
1100,2009,6,265,OSL,59.91796242408618,10.78029067325015,UzREPm8jldYAVs9CgBvywA,410,2,3209,1,7848,True,UzREPm8jldYAVs9CgBvywA
274,2018,12,547,OSL,59.90506108034687,10.73817713202578,FkZEKZSScK5UddvcL6iE4A,1066,2,3210,1,7851,True,FkZEKZSScK5UddvcL6iE4A
2608,2014,5,368,OSL,59.9331003736868,10.74166683120495,LzoLCgt-hKsL6bHdymJNcw,609,1,3211,1,7854,True,LzoLCgt-hKsL6bHdymJNcw
1844,2009,6,200,OSL,59.92504599513717,10.75912919291033,HNi5thU7w8vBQkQ9riQ38A,1701,1,3212,1,7855,True,HNi5thU7w8vBQkQ9riQ38A
1621,2019,9,383,OSL,59.92285327565437,10.74078563447559,w3oaFWSqkcMlVfvjn_1oeg,75,0,75,5,7856,True,w3oaFWSqkcMlVfvjn_1oeg
1939,2014,8,429,OSL,59.92609546959982,10.75072652991339,Lmpl8b3TIg2MLKnJqNOx2Q,1454,2,2155,4,7863,True,Lmpl8b3TIg2MLKnJqNOx2Q
1612,2014,8,516,OSL,59.92298939142813,10.73251780271263,8W3-hJrDja86rx1GjuZUIQ,555,1,3213,2,7865,True,8W3-hJrDja86rx1GjuZUIQ
898,2016,5,719,OSL,59.91603988284088,10.72269798000731,ft2CUC2kId2X_HklZDBV6Q,436,0,457,14,7866,True,ft2CUC2kId2X_HklZDBV6Q
4324,2019,8,405,OSL,59.95101209972009,10.77622991251989,51kFA_IksWKO_ZAZFMV9Gw,14,0,14,11,7867,True,51kFA_IksWKO_ZAZFMV9Gw
288,2017,5,373,OSL,59.90541030854012,10.78090823869712,CMQ33zyWi_LE2OiKNiyCKA,592,0,640,4,7875,True,CMQ33zyWi_LE2OiKNiyCKA
1937,2018,12,320,OSL,59.92602102870769,10.75011842137153,hian5ZCJ-8Gb2VMgSZplJg,760,1,3214,1,7876,True,hian5ZCJ-8Gb2VMgSZplJg
3713,2019,10,643,OSL,59.94484735589662,10.70569540199474,Ss5ehyQxIaFg0Kde7_kZzw,1360,1,3215,1,7877,True,Ss5ehyQxIaFg0Kde7_kZzw
4012,2018,12,414,OSL,59.94816505462283,10.73513279075352,fGHNy0QGSRIu_d8bIkSslg,1111,0,1333,3,7881,True,fGHNy0QGSRIu_d8bIkSslg
483,2018,12,262,OSL,59.90990213028918,10.74628084602469,6llv4g_HY5vcguperAzunA,350,1,2494,4,7885,True,6llv4g_HY5vcguperAzunA
4478,2019,6,146,OSL,59.95331213504746,10.73499529545504,kDkIkGjkZTVgkLlrB_IIqQ,1573,1,3216,2,7893,True,kDkIkGjkZTVgkLlrB_IIqQ
3880,2019,10,63,OSL,59.94697436852476,10.6473543573192,7wZnOSb2L40gLqAOgjyACA,1237,0,1540,3,7897,True,7wZnOSb2L40gLqAOgjyACA
1582,2014,8,542,OSL,59.92284806254602,10.6977041828571,bKLAa0oXpKQ8ccIBIphXLw,1347,2,3217,2,7901,True,bKLAa0oXpKQ8ccIBIphXLw
3481,2019,10,513,OSL,59.9420147355147,10.77031835779364,dD9iFryyVZ4-EHrbbdapeQ,1217,2,2012,5,7904,True,dD9iFryyVZ4-EHrbbdapeQ
3051,2009,5,237,OSL,59.93792419896604,10.66901870965156,L_jB8dUzLpsLVzvmQJzuSQ,668,2,3218,1,7908,True,L_jB8dUzLpsLVzvmQJzuSQ
1137,2014,5,575,OSL,59.9188446035497,10.6916236543433,91L2EDKBluNCxSmy9sGJBg,565,0,608,7,7909,True,91L2EDKBluNCxSmy9sGJBg
1705,2009,6,367,OSL,59.92398551832011,10.71336312411261,RUK0N8M24qCOAVaChhCr-Q,127,1,3219,1,7910,True,RUK0N8M24qCOAVaChhCr-Q
489,2019,5,443,OSL,59.91015696327107,10.76046396657095,ZE9FV4on3iSTSznC9mpwkw,1173,0,1439,3,7913,True,ZE9FV4on3iSTSznC9mpwkw
2807,2012,10,360,OSL,59.9350815721386,10.7335048935828,I0uVGi1dhSvCOck1j2_86Q,1021,0,1209,5,7917,True,I0uVGi1dhSvCOck1j2_86Q
1618,2009,6,456,OSL,59.92289678153955,10.73859668110601,Ks-ZwpA5-TvtCxCYhyBjaw,826,0,948,6,7920,True,Ks-ZwpA5-TvtCxCYhyBjaw
3023,2014,8,283,OSL,59.93705306688974,10.7653379149123,F_b_nlRe5ujrjyGFLZCm1w,779,0,885,5,7921,True,F_b_nlRe5ujrjyGFLZCm1w
4316,2018,12,229,OSL,59.95104250466466,10.76550970099275,K6GehOYYmRTPvlE3jMmoCg,978,2,3220,2,7922,True,K6GehOYYmRTPvlE3jMmoCg
1911,2014,8,322,OSL,59.92589480725333,10.71977531030878,dFMyFiAxBSYessJFXdChSQ,543,0,585,6,7926,True,dFMyFiAxBSYessJFXdChSQ
1023,2012,10,142,OSL,59.91809686862183,10.65364587041425,amEJ4wrfu_2CRqYT0DC91Q,409,1,3065,3,7927,True,amEJ4wrfu_2CRqYT0DC91Q
3087,2019,9,236,OSL,59.93803274927549,10.716237100224,MMqtpbii0cGsOuMp9ndYpg,362,1,1179,4,7928,True,MMqtpbii0cGsOuMp9ndYpg
3888,2019,10,365,OSL,59.94684766553031,10.6585132361474,FFC8gvASaQ-mgWNh6AzSQg,1639,1,3221,1,7931,True,FFC8gvASaQ-mgWNh6AzSQg
2629,2019,9,380,OSL,59.9330365648883,10.77033055252934,82qJ_ANBAPITgfeadLb08Q,1421,0,1871,3,7933,True,82qJ_ANBAPITgfeadLb08Q
673,2017,5,661,OSL,59.91272371017439,10.7258150017272,mcy80gi2a_96vJuA9Q9vQg,1622,2,3222,1,7934,True,mcy80gi2a_96vJuA9Q9vQg
159,2019,6,514,OSL,59.90205369820287,10.68945966233695,lZrifP5_XbbfqcDM5i5a-Q,922,1,3223,2,7937,True,lZrifP5_XbbfqcDM5i5a-Q
3165,2018,12,334,OSL,59.93917985416817,10.69723032480865,EQnAOn8oCf11dphSELx6Bg,1099,1,3224,2,7939,True,EQnAOn8oCf11dphSELx6Bg
48,2019,10,413,OSL,59.89904286911387,10.67413674235695,XWsnwuFAFDwohTj1-gEj1A,1289,1,3225,2,7942,True,XWsnwuFAFDwohTj1-gEj1A
4514,2018,12,279,OSL,59.95280706061345,10.77781820644087,7VjQ227HKHuWoawosqsWxg,1391,2,3226,1,7944,True,7VjQ227HKHuWoawosqsWxg
2483,2017,5,92,OSL,59.93220826100156,10.71206771328736,E2GvvUmulMxETXHyDczy6A,794,0,903,7,7946,True,E2GvvUmulMxETXHyDczy6A
1497,2014,8,612,OSL,59.92210523193103,10.73124781223469,7pw4i2CrcET9AIoLVrHCKg,1188,2,3227,1,7948,True,7pw4i2CrcET9AIoLVrHCKg
1326,2012,10,365,OSL,59.92103764281978,10.6613390479358,lmbEjfFyie25bwRR_Vl8OQ,123,0,123,7,7951,True,lmbEjfFyie25bwRR_Vl8OQ
2322,2014,5,316,OSL,59.92987473269221,10.7547508962376,0xYhHL9TAzA-s0iSwspHDA,761,1,3228,1,7953,True,0xYhHL9TAzA-s0iSwspHDA
963,2014,5,370,OSL,59.91719495964869,10.70448730669117,598uauN2nlcxW45TONt93g,1692,2,3229,1,7957,True,598uauN2nlcxW45TONt93g
2621,2014,8,367,OSL,59.93325411479957,10.76268786564694,wbGgc9e17KlikOZ-ZCYpVA,892,0,1039,3,7960,True,wbGgc9e17KlikOZ-ZCYpVA
2129,2009,6,289,OSL,59.92801132533152,10.74740282360441,qGUFQzPSvUmPTLQaLoM6tQ,1164,2,3230,1,7965,True,qGUFQzPSvUmPTLQaLoM6tQ
472,2019,5,427,OSL,59.90996742144142,10.71853477745019,lwZuAfGU_OrIs9VlnOPl7A,209,0,211,6,7968,True,lwZuAfGU_OrIs9VlnOPl7A
2711,2014,5,308,OSL,59.93415479703153,10.75050151367115,f1fDeP90hf4z_Ri4F1o98g,18,0,18,5,7969,True,f1fDeP90hf4z_Ri4F1o98g
69,2019,4,289,OSL,59.89906398465192,10.77362214665567,YMFWcKxfvR0maCSGPbFVKw,692,1,3231,1,7973,True,YMFWcKxfvR0maCSGPbFVKw
1132,2014,5,351,OSL,59.91907791939568,10.68450250554758,eAGF46WChECfy-Blw45hqA,611,1,2594,3,7976,True,eAGF46WChECfy-Blw45hqA
373,2014,5,157,OSL,59.90801275524569,10.7396765232011,6NAN1JD7dg56bhCMSiKOZQ,126,0,126,5,7984,True,6NAN1JD7dg56bhCMSiKOZQ
1145,2017,5,576,OSL,59.91925682822063,10.69951607460053,12RkWNirm2M4GDJW2YWvug,5,0,5,7,7989,True,12RkWNirm2M4GDJW2YWvug
2008,2019,10,331,OSL,59.92686455975652,10.71619882365368,1RamagQHKROfIkI7rSW6CA,1292,0,1632,3,7990,True,1RamagQHKROfIkI7rSW6CA
61,2019,9,383,OSL,59.89927828970026,10.7625821912326,rfBl7BE8bhJNePWcS1o8zQ,1617,0,2351,3,7992,True,rfBl7BE8bhJNePWcS1o8zQ
2629,2018,12,563,OSL,59.93306130002828,10.77037830742986,Q7dpWmbqboRr1117RVmcqg,1421,2,3232,1,7997,True,Q7dpWmbqboRr1117RVmcqg
741,2019,10,647,OSL,59.91399933374583,10.71947625766173,f3bcN_aUPmh1fYW1gMxu0g,154,2,3233,1,8004,True,f3bcN_aUPmh1fYW1gMxu0g
2227,2018,12,77,OSL,59.92905679308686,10.76102050973521,K_29TQ9wBYbmLG0HtGb9HA,1388,0,1806,10,8005,True,K_29TQ9wBYbmLG0HtGb9HA
4193,2018,12,436,OSL,59.95009404727995,10.73244275758721,fz2M6V2gWyl8hI2UN4FLDg,643,0,701,6,8008,True,fz2M6V2gWyl8hI2UN4FLDg
2795,2019,9,555,OSL,59.93493559061481,10.71740651872335,y6AMHT6qbW1Tfp8nw6bfYA,1640,0,2435,6,8010,True,y6AMHT6qbW1Tfp8nw6bfYA
1454,2009,7,249,OSL,59.92202083132047,10.68136164449693,8dRV3Cfq8kSjc-DyllBDQg,1526,0,2091,7,8013,True,8dRV3Cfq8kSjc-DyllBDQg
407,2017,5,582,OSL,59.90869514463476,10.68270173351629,04KB1UgP2RYBGhO3zd1Skg,1213,1,3234,1,8015,True,04KB1UgP2RYBGhO3zd1Skg
4015,2019,9,297,OSL,59.94804521803474,10.7425901102977,2sT_Fn3r0odO2V05-0xtew,1270,1,1603,4,8020,True,2sT_Fn3r0odO2V05-0xtew
4147,2018,12,611,OSL,59.95002284411435,10.65661510546764,wmoidD1D_evVyAOlHyHb9Q,12,2,3235,1,8022,True,wmoidD1D_evVyAOlHyHb9Q
3488,2017,5,81,OSL,59.94190749235938,10.77721697135014,6_XwyZtxPN_iTuzuiwdRsA,571,1,3236,2,8025,True,6_XwyZtxPN_iTuzuiwdRsA
718,2014,8,216,OSL,59.91408025477809,10.64547869731149,O4QSILANKLW7KWw8BAJQmQ,470,0,499,7,8028,True,O4QSILANKLW7KWw8BAJQmQ
3379,2014,6,298,OSL,59.94090325854985,10.74930332271325,_4PNc071FYGI9fW3IYwKEQ,722,1,1495,3,8031,True,_4PNc071FYGI9fW3IYwKEQ
3861,2018,12,554,OSL,59.94595774447807,10.77287854459466,-XA5sOpoDvjnsH17loDIBw,464,3,3237,1,8032,True,-XA5sOpoDvjnsH17loDIBw
816,2017,5,323,OSL,59.91501106778311,10.7194143035707,55lPcVN28qzxHS0ixg9BqQ,1224,0,1522,4,8042,True,55lPcVN28qzxHS0ixg9BqQ
3948,2009,6,360,OSL,59.94707923260093,10.77032070167138,NRK0Ycq1uf7x0vFSvbqZEw,537,0,578,6,8044,True,NRK0Ycq1uf7x0vFSvbqZEw
3593,2019,10,350,OSL,59.94390752633324,10.64740461182507,px1yu1L5R46zpBEhXfVfhQ,1151,2,3238,1,8047,True,px1yu1L5R46zpBEhXfVfhQ
1740,2018,12,229,OSL,59.92401923797246,10.75920136532716,c9PSUKDF6QPZcCEc4g-4hw,1590,0,2283,3,8048,True,c9PSUKDF6QPZcCEc4g-4hw
1747,2009,6,579,OSL,59.92402284393843,10.76637308389428,05FaNXvBWjj3Y2ajl9E53A,1158,0,1411,3,8049,True,05FaNXvBWjj3Y2ajl9E53A
744,2019,10,420,OSL,59.91383925318639,10.72287947546991,2WqQLFmeKZeltOw8o1ns8g,182,0,184,6,8050,True,2WqQLFmeKZeltOw8o1ns8g
2705,2014,5,654,OSL,59.93391153743534,10.73989850497323,aq4KNk69qxtMGWctnM39yw,885,3,3239,1,8051,True,aq4KNk69qxtMGWctnM39yw
2926,2014,6,332,OSL,59.93589739138375,10.76649467269549,OlIsAh0Xef5VBQPh5au6ZA,1615,1,3240,2,8057,True,OlIsAh0Xef5VBQPh5au6ZA
4832,2019,10,622,OSL,59.95730192690426,10.77119783545688,Eaz1wUpKKlsgWl5xBdklHA,1723,1,3241,1,8062,True,Eaz1wUpKKlsgWl5xBdklHA
1147,2012,10,568,OSL,59.91904819306898,10.70127432065634,P078C5QgUgy5FkeTq44gZQ,47,1,1746,5,8065,True,P078C5QgUgy5FkeTq44gZQ
3745,2018,12,623,OSL,59.94511565019189,10.74400166164933,Nx0QEWNJFHixfeiiAn0s7A,713,2,3242,1,8067,True,Nx0QEWNJFHixfeiiAn0s7A
3831,2019,10,430,OSL,59.94622222337507,10.7337901101359,fFGKKXjr75AtYQQGJd3Z7Q,627,0,683,4,8070,True,fFGKKXjr75AtYQQGJd3Z7Q
905,2009,6,176,OSL,59.91605919854484,10.74335916391975,ot2jJcUtRRQE_Usv6zdccg,1660,1,3243,2,8075,True,ot2jJcUtRRQE_Usv6zdccg
1932,2017,5,512,OSL,59.92616121378238,10.74428945336227,xpwFMNImgTS4It8IufxQ0w,1342,1,3244,1,8076,True,xpwFMNImgTS4It8IufxQ0w
1004,2009,6,98,OSL,59.91702082074669,10.76343552094268,47ErFtS46LENj3TKKrwkYQ,576,0,620,4,8078,True,47ErFtS46LENj3TKKrwkYQ
1679,2018,12,555,OSL,59.92398808330642,10.67058292900025,rN6SuxF4k7VPINjT2Jur8w,1106,1,2732,3,8079,True,rN6SuxF4k7VPINjT2Jur8w
1457,2014,6,472,OSL,59.92203069395173,10.68439723474531,grrm7TCvfdx_k4hz_oxKTw,1247,0,1554,5,8086,True,grrm7TCvfdx_k4hz_oxKTw
4096,2019,10,166,OSL,59.94910843602238,10.72427943330452,FLciLMc9zCX3wxFmc24lhw,990,0,1171,6,8087,True,FLciLMc9zCX3wxFmc24lhw
4852,2018,12,238,OSL,59.95804400439965,10.65955913856218,xt5ICW3ULRbi843mRfSsjw,1683,2,3245,1,8088,True,xt5ICW3ULRbi843mRfSsjw
2615,2014,5,260,OSL,59.93298791402673,10.75439941156432,aqh-JLNIhe0Z5LtQH9JuiA,290,1,3246,1,8095,True,aqh-JLNIhe0Z5LtQH9JuiA
1946,2019,9,580,OSL,59.9261288724904,10.76248257251532,HBHmM8-IteK3f83oQ_l13A,974,1,3247,1,8096,True,HBHmM8-IteK3f83oQ_l13A
1005,2019,9,469,OSL,59.91680539122828,10.7637419616364,AO25de-54g0akIFxnvi9jw,1747,1,3248,1,8100,True,AO25de-54g0akIFxnvi9jw
2158,2018,12,379,OSL,59.92837374134403,10.78564277235606,KPw26G4-vgVqcGSJxh7reg,167,1,420,3,8106,True,KPw26G4-vgVqcGSJxh7reg
2583,2018,12,113,OSL,59.93294926994121,10.70436466217016,WszNj0iWGp2I9WUYgP5kUg,1631,1,3249,1,8108,True,WszNj0iWGp2I9WUYgP5kUg
1381,2019,9,233,OSL,59.92104483951761,10.73033643139497,ylEpce5K-b6FXnf_UzG9nA,1644,0,2459,5,8109,True,ylEpce5K-b6FXnf_UzG9nA
1835,2012,10,414,OSL,59.92480248717171,10.74475441067572,DGyWZq5mVfTBjYHGtgNwZQ,1611,2,3250,2,8110,True,DGyWZq5mVfTBjYHGtgNwZQ
3816,2019,10,261,OSL,59.94604746732298,10.71157973048876,7U5WJrR4xYFfCR2uGwymhA,1397,0,1829,6,8112,True,7U5WJrR4xYFfCR2uGwymhA
338,2019,10,78,OSL,59.90715568042784,10.68763428439511,B2fYA8qtjLZXF2BkfDteYA,354,3,3251,1,8118,True,B2fYA8qtjLZXF2BkfDteYA
4355,2018,12,201,OSL,59.95173404681366,10.67332398746972,XAu9V5UfC9IqEJK5-DoVCQ,1070,2,3252,1,8122,True,XAu9V5UfC9IqEJK5-DoVCQ
4500,2017,5,193,OSL,59.95325129992904,10.75754097567599,zwpv2CUFi1ZGVors8Nv7hA,878,0,1019,9,8134,True,zwpv2CUFi1ZGVors8Nv7hA
3608,2019,10,416,OSL,59.9441308304834,10.6806337173122,yikUIc5b4_kHqqY3Iw0lKQ,1690,2,3253,1,8135,True,yikUIc5b4_kHqqY3Iw0lKQ
3390,2014,6,292,OSL,59.94097680570048,10.77342630688733,YjFO0EEsv4TDhMD3tzK85w,904,0,1053,4,8137,True,YjFO0EEsv4TDhMD3tzK85w
3809,2018,12,584,OSL,59.9460592307196,10.70143040569657,lK7S8ZnDVuNOMFmDcUYW9g,1403,1,3254,2,8143,True,lK7S8ZnDVuNOMFmDcUYW9g
1237,2016,5,507,OSL,59.91996509294322,10.6923460165693,f1upSaFbVM76Msn73QKYew,924,0,1083,6,8144,True,f1upSaFbVM76Msn73QKYew
269,2019,10,539,OSL,59.905319814515,10.6891014302203,bdVQ6FDToQih0Ksge_tX5w,688,0,758,4,8150,True,bdVQ6FDToQih0Ksge_tX5w
1788,2019,10,141,OSL,59.9251378349842,10.68136675901308,n-KtK6RGaAPLyHUTv4yvUA,377,1,3255,1,8151,True,n-KtK6RGaAPLyHUTv4yvUA
114,2017,5,353,OSL,59.90133855027672,10.68135449363766,j565cI2WTjiTgKF2-LQ4Lw,926,2,3256,1,8156,True,j565cI2WTjiTgKF2-LQ4Lw
167,2018,7,570,OSL,59.90201016455,10.7653839311073,VNTR-nyDhGXR1fnJatXzTQ,1284,2,3257,1,8157,True,VNTR-nyDhGXR1fnJatXzTQ
2751,2012,10,304,OSL,59.93502552086992,10.65238416775287,ZgP7pEQlNjAcKyVbd7Sr7g,1614,1,3104,3,8159,True,ZgP7pEQlNjAcKyVbd7Sr7g
2206,2009,6,366,OSL,59.92898627703172,10.73273665192741,R2geJYH9JAFVTKNZA_pnqw,1734,1,3258,1,8162,True,R2geJYH9JAFVTKNZA_pnqw
2312,2014,6,394,OSL,59.93020920101438,10.74092062419391,AEzL0sjNFiHuw1plm0UzbA,776,0,881,3,8165,True,AEzL0sjNFiHuw1plm0UzbA
4606,2019,7,513,OSL,59.95404889056417,10.78151152053336,Gra5GuNiQjLZWaZZD5m3Sg,556,1,725,4,8166,True,Gra5GuNiQjLZWaZZD5m3Sg
886,2018,12,227,OSL,59.91595563319192,10.70680275430758,6tKPWSLOO0JIv6ZfIv9BuQ,702,1,2323,6,8170,True,6tKPWSLOO0JIv6ZfIv9BuQ
97,2018,12,311,OSL,59.90001494565239,10.76964017858087,vSqfg4grv9qv3WS4Kkjz7A,1721,1,3259,1,8172,True,vSqfg4grv9qv3WS4Kkjz7A
1743,2017,5,554,OSL,59.92420691638689,10.76257409417913,ivIHAeH7Psxb2iCwX7xDEA,1437,0,1900,6,8175,True,ivIHAeH7Psxb2iCwX7xDEA
1857,2014,5,385,OSL,59.92487342142982,10.77418502307427,DWomhAAPhrCOXApGSTlLPQ,546,0,588,5,8178,True,DWomhAAPhrCOXApGSTlLPQ
827,2009,6,262,OSL,59.91505025895407,10.73461064017253,TsaloVimNwCcQbQEU_T37g,570,2,3260,1,8182,True,TsaloVimNwCcQbQEU_T37g
2692,2014,5,405,OSL,59.9347587130233,10.72004069393611,tIAVm7UK7HRF-CUK-_JGQQ,985,1,1978,4,8184,True,tIAVm7UK7HRF-CUK-_JGQQ
995,2017,5,233,OSL,59.91705331643529,10.75128465154976,z5tjXj1clPwMCGN3jGRyPQ,1697,3,3261,1,8193,True,z5tjXj1clPwMCGN3jGRyPQ
1742,2019,10,216,OSL,59.92396854408833,10.76117621266893,y6dqR0S5MiZTGLkNyp_Cpw,845,0,974,5,8195,True,y6dqR0S5MiZTGLkNyp_Cpw
1465,2017,5,208,OSL,59.92178209135503,10.69619377069559,67osLBcvIpPyuK6RRrXdYQ,884,3,3262,1,8200,True,67osLBcvIpPyuK6RRrXdYQ
3035,2019,6,663,OSL,59.9370308658001,10.78334734220646,icKY0d_gtQ6Ea57nvrsK-A,115,0,115,5,8206,True,icKY0d_gtQ6Ea57nvrsK-A
854,2017,5,214,OSL,59.91496991999976,10.7767939194133,xbJChooaR0KN9BYfzRHUbg,693,0,767,6,8207,True,xbJChooaR0KN9BYfzRHUbg
2823,2014,6,237,OSL,59.93515973603445,10.75352922030387,tS9XDdQJ4U9P_oXuZXJmwg,752,2,3263,1,8213,True,tS9XDdQJ4U9P_oXuZXJmwg
3392,2014,5,416,OSL,59.94106928066279,10.77536841567877,sEZlQJy3vPx501VGbMnUBA,1282,3,3264,1,8214,True,sEZlQJy3vPx501VGbMnUBA
1517,2009,6,420,OSL,59.92233030067757,10.76040322744437,RsC5PNJob8di3jl3g8Nj8g,552,0,594,3,8220,True,RsC5PNJob8di3jl3g8Nj8g
4531,2019,6,201,OSL,59.95399899686355,10.64369262955694,kBGXyQyXfNglVbAAELKapg,1656,2,3265,1,8226,True,kBGXyQyXfNglVbAAELKapg
4111,2018,12,417,OSL,59.94899241694579,10.75018797586521,LYswMG8yifFCFwb5JecMOw,11,1,465,8,8234,True,LYswMG8yifFCFwb5JecMOw
2908,2018,12,580,OSL,59.93608823162004,10.73856284778486,Bp2iZHvlTY_fVT86aEjSng,873,1,3266,1,8236,True,Bp2iZHvlTY_fVT86aEjSng
1409,2019,9,482,OSL,59.92108382824409,10.76929612857564,baiQwA3TUtbrT7ieJ3Mr9w,835,0,961,3,8238,True,baiQwA3TUtbrT7ieJ3Mr9w
4081,2019,9,140,OSL,59.94895270654991,10.69279655072504,ZAv0p7aBx04Ko99bXtc7iw,10,0,10,3,8241,True,ZAv0p7aBx04Ko99bXtc7iw
4353,2018,12,115,OSL,59.95165925525485,10.67151607405216,ffILaZxb4luz7illsYdtbQ,1143,1,3267,1,8249,True,ffILaZxb4luz7illsYdtbQ
2324,2018,12,361,OSL,59.92981925590983,10.75628019162656,STXz8VV3-thdTgYIxNyIpg,341,1,3268,1,8250,True,STXz8VV3-thdTgYIxNyIpg
2540,2014,5,470,OSL,59.93213364677762,10.78210783535686,XQ15jnYY1fV0APxgzOsfEg,198,0,200,4,8253,True,XQ15jnYY1fV0APxgzOsfEg
4537,2018,12,353,OSL,59.95428913022855,10.66687560259788,CX7h34NZOvLAZpP0iRNlDQ,1620,0,2354,3,8260,True,CX7h34NZOvLAZpP0iRNlDQ
981,2014,5,594,OSL,59.91712895809625,10.73258979039584,CBS68aCtk3olJ7UYkbvLAA,149,1,3269,2,8261,True,CBS68aCtk3olJ7UYkbvLAA
1177,2019,9,656,OSL,59.91895531483551,10.74124223748892,b0Cy6JDH57vQUYvNzQHZMA,562,0,604,4,8264,True,b0Cy6JDH57vQUYvNzQHZMA
682,2009,6,95,OSL,59.91301753725654,10.7384897192136,STh2Mi5Ad9thiXIgdV8wzw,1329,1,1919,3,8265,True,STh2Mi5Ad9thiXIgdV8wzw
4853,2019,10,296,OSL,59.95766727165609,10.66056849092931,OYdT_I-xfagb5sBA4cJPcA,1538,3,3270,1,8272,True,OYdT_I-xfagb5sBA4cJPcA
2628,2009,7,346,OSL,59.93289892294296,10.76923047655361,xtICgPw7u7youqNpxw4OVw,1674,0,2569,4,8274,True,xtICgPw7u7youqNpxw4OVw
4678,2019,7,667,OSL,59.95495923334325,10.76941299844516,NYiJJHObyDKvkRJ7kZ0RSQ,1510,3,3271,1,8275,True,NYiJJHObyDKvkRJ7kZ0RSQ
4817,2014,5,300,OSL,59.95704798246688,10.7472101366916,L5Wo4ggSS0YisKJIu4VaAg,855,0,987,3,8277,True,L5Wo4ggSS0YisKJIu4VaAg
599,2017,5,350,OSL,59.91199285703846,10.72136597075615,yXVECBILtO_4iEL9bobmMw,1432,1,2284,4,8278,True,yXVECBILtO_4iEL9bobmMw
4528,2019,10,440,OSL,59.95304273313202,10.79244626342551,we-uBMtgsT-DxQ2FJJ9F6Q,1305,0,1661,6,8292,True,we-uBMtgsT-DxQ2FJJ9F6Q
3885,2018,12,440,OSL,59.9469705358942,10.65532159454809,MVkG7sEefCW5V2LBLThI1w,669,0,734,3,8294,True,MVkG7sEefCW5V2LBLThI1w
4224,2016,5,405,OSL,59.95007891158917,10.77732918656433,tr4vh7i6ZW8RsLSBrud4Hg,421,0,439,11,8295,True,tr4vh7i6ZW8RsLSBrud4Hg
3411,2018,12,444,OSL,59.94200203025929,10.65052913364434,shvnTS65stRzi09lYDIbPw,1722,1,3272,1,8296,True,shvnTS65stRzi09lYDIbPw
625,2018,12,440,OSL,59.91202626697025,10.76355902011992,2xZanJA-1-qb8UwPR3Pmzg,1208,0,1492,3,8297,True,2xZanJA-1-qb8UwPR3Pmzg
621,2018,12,100,OSL,59.91199636588454,10.75746782939836,ty7TlHl7qGgZFCg767h0IQ,1318,1,3273,1,8299,True,ty7TlHl7qGgZFCg767h0IQ
48,2018,12,598,OSL,59.89906789577188,10.67412860181475,Fb8rhQQg6qmhFJsxZZLfyg,1289,0,1626,4,8300,True,Fb8rhQQg6qmhFJsxZZLfyg
3856,2012,10,529,OSL,59.94562066245655,10.76400452599324,_KmMByC4yB3UZOg966y1eg,490,2,2970,3,8301,True,_KmMByC4yB3UZOg966y1eg
143,2019,4,163,OSL,59.90112403374176,10.79144481962909,X7XORYI5FdhGAx-RtZhHWw,1376,1,3274,1,8304,True,X7XORYI5FdhGAx-RtZhHWw
1080,2019,9,174,OSL,59.91798581199202,10.7443883332116,gEbXneTqChofSM-0bJWydQ,517,2,3275,1,8306,True,gEbXneTqChofSM-0bJWydQ
1791,2019,9,425,OSL,59.92486651997295,10.68475945096206,I1ZhNX7X0kLikorpiDKxVg,493,0,529,7,8309,True,I1ZhNX7X0kLikorpiDKxVg
2359,2014,6,305,OSL,59.93100315132448,10.66268376786001,R456ZkQyD8wvZzfwhPj4Sw,1177,1,3276,2,8312,True,R456ZkQyD8wvZzfwhPj4Sw
68,2018,12,560,OSL,59.8993005941629,10.77290138261322,Gn0NOEcDn_6gDOWsDZbApQ,936,1,3277,1,8313,True,Gn0NOEcDn_6gDOWsDZbApQ
1343,2017,5,273,OSL,59.92108602576806,10.68157534765541,h-hRZrmFDxlV-I5cdP10KA,471,3,3278,1,8316,True,h-hRZrmFDxlV-I5cdP10KA
3958,2009,5,192,OSL,59.94707754756264,10.78271826655844,8J00LPB9lMSERGAWZHqOQQ,329,3,3279,1,8322,True,8J00LPB9lMSERGAWZHqOQQ
3205,2014,6,286,OSL,59.9391363682965,10.75352016167843,uUdYWuyFj2NO2i8-cd4wEQ,82,1,1745,3,8324,True,uUdYWuyFj2NO2i8-cd4wEQ
2461,2018,12,608,OSL,59.93220147018048,10.66707913914458,WfdhJrTBxksVWYgqtSbcaQ,585,2,3280,1,8325,True,WfdhJrTBxksVWYgqtSbcaQ
1644,2018,12,585,OSL,59.92296574165879,10.77358918915004,BMSAYR8pc-oZWPsQXnJCkQ,1574,2,3281,1,8327,True,BMSAYR8pc-oZWPsQXnJCkQ
3355,2009,6,343,OSL,59.94108005705277,10.70536526255052,34xOCAr43fniNFw2FQNIRQ,72,2,3282,1,8329,True,34xOCAr43fniNFw2FQNIRQ
3210,2009,7,287,OSL,59.93895372328103,10.75936006865459,OLmhF8is5qguGLeWrHLPqw,619,1,1264,3,8332,True,OLmhF8is5qguGLeWrHLPqw
2460,2019,9,377,OSL,59.93190870105433,10.6664655077149,LNUfFnGVzLfO44ETDKBidg,1297,2,3283,1,8336,True,LNUfFnGVzLfO44ETDKBidg
2615,2018,12,93,OSL,59.93298618049718,10.75436421097012,CDOx_XOmwS5YiQL1WiFC3Q,290,2,3284,1,8338,True,CDOx_XOmwS5YiQL1WiFC3Q
1770,2009,6,126,OSL,59.9252160188218,10.64818679129577,ooyvZvrdWUNbNmkBy1qbIg,742,2,3285,1,8343,True,ooyvZvrdWUNbNmkBy1qbIg
4917,2019,7,592,OSL,59.95785634818848,10.77434818211684,Upckr0rUDmOYsXf0AisIlA,568,2,3286,1,8344,True,Upckr0rUDmOYsXf0AisIlA
3280,2019,9,325,OSL,59.93996327876059,10.72022290079867,_wwRGyl6c6ZXwxinct4B4A,1735,0,3000,3,8346,True,_wwRGyl6c6ZXwxinct4B4A
4516,2018,12,350,OSL,59.95313320825539,10.78044941553128,PJRt4YWvAgfJH9PB5cR7Jw,100,0,100,3,8347,True,PJRt4YWvAgfJH9PB5cR7Jw
565,2018,12,542,OSL,59.91085559962612,10.79368517694398,woPHynFU3pbc6x14i3pI-Q,880,0,1021,7,8351,True,woPHynFU3pbc6x14i3pI-Q
3200,2012,10,492,OSL,59.93912334262372,10.74621604419888,WXwRwp6pF0yHm0iW2kmM3g,318,2,3287,2,8352,True,WXwRwp6pF0yHm0iW2kmM3g
527,2019,9,646,OSL,59.9111308451992,10.73803625193828,egb129aCId5jONd9WAhI1w,1752,0,3288,1,8353,True,egb129aCId5jONd9WAhI1w
3508,2019,9,55,OSL,59.94273615139168,10.66277796291437,kpNvZXvvPguBoN-T_RlwyQ,1533,0,2119,3,8355,True,kpNvZXvvPguBoN-T_RlwyQ
1951,2014,8,339,OSL,59.92606378926703,10.76834333766791,7BkSTGzKVTmZCY9U5roT9w,685,1,3289,1,8361,True,7BkSTGzKVTmZCY9U5roT9w
2313,2009,6,566,OSL,59.93005687546932,10.74350144992089,LkOygowYZMFPd2ImrWJdag,583,0,627,4,8363,True,LkOygowYZMFPd2ImrWJdag
3629,2012,10,389,OSL,59.94407621631005,10.71399081362388,FfcN6CHgIv71TX11DmQCEA,119,0,119,3,8364,True,FfcN6CHgIv71TX11DmQCEA
2923,2019,8,491,OSL,59.93610948204307,10.76335102664093,E1HfoJC5krfgPDjPgehljg,190,0,192,5,8365,True,E1HfoJC5krfgPDjPgehljg
201,2019,6,650,OSL,59.9029166027029,10.69775021920218,OskmOdPu9sYuVXRajpjNjQ,1348,2,3290,1,8376,True,OskmOdPu9sYuVXRajpjNjQ
2865,2014,5,423,OSL,59.93614969055094,10.67166182339135,eySqInepM8sevHUGsHVIxg,1263,2,3291,1,8380,True,eySqInepM8sevHUGsHVIxg
374,2018,12,287,OSL,59.90826010659386,10.74070687641503,I-uF1C1AfdmoYg9JQXTPoA,1699,0,2716,6,8394,True,I-uF1C1AfdmoYg9JQXTPoA
2327,2018,12,430,OSL,59.92981517499879,10.7652091036961,_DPqVDNFo4-y1IqKEf3OMQ,103,2,3292,1,8406,True,_DPqVDNFo4-y1IqKEf3OMQ
4636,2019,8,561,OSL,59.95502457926965,10.6962280935111,sCyAnmXdWtwtGsNoSqYAqQ,1298,2,3293,1,8407,True,sCyAnmXdWtwtGsNoSqYAqQ
4832,2018,12,457,OSL,59.9572671932579,10.77114767753012,hS4xTHia2fOyW7z0fwIT9Q,1723,2,3294,1,8409,True,hS4xTHia2fOyW7z0fwIT9Q
3714,2019,9,344,OSL,59.94479961390996,10.70620837809159,byjJC56mChRIU1U0kb4fYQ,1195,1,3295,2,8411,True,byjJC56mChRIU1U0kb4fYQ
3222,2014,8,461,OSL,59.93898604899055,10.77836348083335,ZPMo8ke3JUSv2trK52vtDA,234,1,2786,4,8413,True,ZPMo8ke3JUSv2trK52vtDA
4334,2018,12,318,OSL,59.95111562560201,10.7866069709704,cEIzhT_YyLHgrRSQiviZPg,384,0,401,4,8417,True,cEIzhT_YyLHgrRSQiviZPg
2681,2009,6,568,OSL,59.93399723342202,10.70433044790714,SPw9ox6k2Fn9f99N61yAag,1532,0,2113,7,8420,True,SPw9ox6k2Fn9f99N61yAag
3907,2019,9,684,OSL,59.94705389050217,10.70256725803375,WrP2yj75ugI8rr3m9534Ng,1166,0,1423,4,8426,True,WrP2yj75ugI8rr3m9534Ng
2368,2009,7,524,OSL,59.93107454530217,10.67566577304158,a45QDtQzj0XKNX_VvMz0lA,481,1,2343,5,8428,True,a45QDtQzj0XKNX_VvMz0lA
1946,2009,6,399,OSL,59.9261314896771,10.76245451241114,_BKRVu7i_me9y-WxalaDHg,974,2,3296,1,8433,True,_BKRVu7i_me9y-WxalaDHg
2592,2009,6,481,OSL,59.93293520551178,10.7196230278346,Lm9FMuAEdLLrhxcqTgqK8Q,522,2,3297,1,8434,True,Lm9FMuAEdLLrhxcqTgqK8Q
2194,2019,10,47,OSL,59.92891208572595,10.71723113432262,XaXtWLT_eHeb2YW67onKuA,639,1,1893,5,8437,True,XaXtWLT_eHeb2YW67onKuA
2150,2014,8,362,OSL,59.92813216747672,10.77164838008991,Fs1f10zMeSKgRoaC0f4ofA,1557,1,3298,2,8441,True,Fs1f10zMeSKgRoaC0f4ofA
4740,2009,5,291,OSL,59.95589482924845,10.74691877770229,S1A3zotC923sGbj5qeTiYQ,1008,2,3299,1,8445,True,S1A3zotC923sGbj5qeTiYQ
1091,2014,8,548,OSL,59.91822480658947,10.76031347231011,AIZB0t6nJKJmxuD07QiuPw,1637,0,2428,4,8452,True,AIZB0t6nJKJmxuD07QiuPw
2956,2019,9,666,OSL,59.93698995239718,10.66645838595005,rVGr-IoJmeogd7rzOc_h8w,553,0,595,3,8455,True,rVGr-IoJmeogd7rzOc_h8w
1741,2014,6,336,OSL,59.92407258238994,10.76117058598246,zHGrj6YS6W6U9MuO2KVxZw,845,1,2475,4,8456,True,zHGrj6YS6W6U9MuO2KVxZw
2046,2014,6,193,OSL,59.92723012719003,10.76046174099478,Xnr1NmG9fGz7fY_JpOLNpw,782,0,889,4,8457,True,Xnr1NmG9fGz7fY_JpOLNpw
4790,2019,8,195,OSL,59.9570385869229,10.69442189863942,1ZC_Y58TMs5uXo1L73YmKg,840,3,3300,1,8462,True,1ZC_Y58TMs5uXo1L73YmKg
3004,2019,10,437,OSL,59.93709637748298,10.7356323767044,B8jaEdmRMQIKJPS3woTt7w,1524,1,3301,1,8465,True,B8jaEdmRMQIKJPS3woTt7w
2005,2018,12,369,OSL,59.92683442457781,10.71397307500068,rX8U_Jbc2loEOu7ITpskfA,85,0,85,4,8469,True,rX8U_Jbc2loEOu7ITpskfA
2825,2014,8,296,OSL,59.93506540108486,10.75533917454899,8r0zlNu1VIh9NJVge7ghlw,1497,2,3302,1,8471,True,8r0zlNu1VIh9NJVge7ghlw
2901,2012,10,317,OSL,59.93596032290564,10.72517200367293,fviaeyKnmxEbtU740QPxvw,1221,1,1527,4,8472,True,fviaeyKnmxEbtU740QPxvw
3353,2019,9,515,OSL,59.9410399535634,10.70380900264713,nQuccL9fhWgqW-NDTAXNSg,105,1,3303,2,8473,True,nQuccL9fhWgqW-NDTAXNSg
3380,2014,5,638,OSL,59.94098993825105,10.75046910879849,ZP5YekwCy40GB5VyFOL0Ew,879,0,1020,7,8475,True,ZP5YekwCy40GB5VyFOL0Ew
875,2019,10,453,OSL,59.91608747099195,10.68686212476011,96ZZWj3hoITPasl0PLaOmg,476,2,1481,5,8477,True,96ZZWj3hoITPasl0PLaOmg
2012,2019,10,103,OSL,59.92697956587089,10.72031871066951,nAAHJRLAmlrHSLFDZ7WEgA,1714,1,2978,5,8480,True,nAAHJRLAmlrHSLFDZ7WEgA
4245,2019,10,401,OSL,59.95100474883193,10.66526390634338,o1K5YlSQdCCewdJiZnOjlQ,888,1,3304,1,8482,True,o1K5YlSQdCCewdJiZnOjlQ
1005,2009,6,295,OSL,59.91679183296802,10.7637787337738,3DY31yBhpH0dvRruqzVlFQ,1747,2,3305,1,8490,True,3DY31yBhpH0dvRruqzVlFQ
2487,2018,12,404,OSL,59.93213180221805,10.71731232990547,bKUtJnALVSObibjWx4AbVg,1026,1,3306,1,8492,True,bKUtJnALVSObibjWx4AbVg
1399,2009,6,344,OSL,59.92106648505862,10.75960025010185,fG2gU8MsDVHh5smiyGEwFQ,1666,1,3185,3,8495,True,fG2gU8MsDVHh5smiyGEwFQ
1742,2009,6,385,OSL,59.92398864524606,10.76122722514487,gzwC_hv1sXycimwgAghrzA,845,3,3307,2,8496,True,gzwC_hv1sXycimwgAghrzA
3171,2009,6,334,OSL,59.93908882678634,10.70639547185044,0VZ2U-GVT8vUwTl2F9I1Pg,465,2,3308,1,8497,True,0VZ2U-GVT8vUwTl2F9I1Pg
478,2016,5,505,OSL,59.91003753360015,10.74053649774118,yiof2BOSznolQbV27OBY1A,1079,0,1293,6,8498,True,yiof2BOSznolQbV27OBY1A
4597,2014,8,439,OSL,59.95404078654589,10.77048788769751,rpZBCzdyJneWi2541MDU1A,968,0,1145,5,8500,True,rpZBCzdyJneWi2541MDU1A
2117,2012,10,232,OSL,59.92807785141271,10.7322357506181,lH2nYOAeBHfwwfb-yt6y5Q,1599,2,3309,1,8504,True,lH2nYOAeBHfwwfb-yt6y5Q
2828,2018,12,322,OSL,59.93504886243503,10.76022469423402,OT7tkbKbpNjgCO5RHoKzzg,1753,0,3310,2,8505,True,OT7tkbKbpNjgCO5RHoKzzg
2642,2012,10,312,OSL,59.93404356265329,10.65029758841309,55TRL6vZ86H12eW_Y-iqeQ,314,3,3311,2,8507,True,55TRL6vZ86H12eW_Y-iqeQ
167,2012,8,386,OSL,59.90196427776507,10.76535845921478,jYPTqrA7uKBciOJJ-PA_dQ,1284,3,3312,1,8509,True,jYPTqrA7uKBciOJJ-PA_dQ
2064,2014,6,611,OSL,59.92734463127497,10.78142338126426,WK3MtCUmUAD4JaCR5Y4Rag,937,2,3313,2,8513,True,WK3MtCUmUAD4JaCR5Y4Rag
2642,2018,12,506,OSL,59.93404946102085,10.65026923503898,6qDPm2z8WDmxQkym0jgu_g,314,4,3314,1,8515,True,6qDPm2z8WDmxQkym0jgu_g
1208,2019,10,349,OSL,59.92022197133422,10.64962401960856,mtR0JedpdEfVDxzRcqf9iA,743,3,2950,3,8516,True,mtR0JedpdEfVDxzRcqf9iA
1831,2009,6,426,OSL,59.9248978021924,10.74091447060975,oUwpaZTl2eRBhFYF8s3W8w,1657,0,2510,5,8520,True,oUwpaZTl2eRBhFYF8s3W8w
4880,2019,7,79,OSL,59.958048282405,10.70643091133508,Ki84Cvy0DJYFVVj615u6sw,309,1,3315,1,8523,True,Ki84Cvy0DJYFVVj615u6sw
1753,2019,9,604,OSL,59.92404255504098,10.77223509742889,0SjZ_OWyXl364h38Ivm5dw,846,0,975,3,8524,True,0SjZ_OWyXl364h38Ivm5dw
1291,2019,9,216,OSL,59.91997930021508,10.76147641508262,_HFyZo9WzpsDAAQBC9aRTQ,1007,1,3316,1,8525,True,_HFyZo9WzpsDAAQBC9aRTQ
3309,2019,10,151,OSL,59.93997447156463,10.76543825746937,JzM11zNEEI07DoLbvsoeWQ,1671,0,2559,3,8526,True,JzM11zNEEI07DoLbvsoeWQ
4247,2018,12,169,OSL,59.95107868432643,10.66831496842277,FHvqb6g5lq827fVy9gOuJQ,1627,2,3317,1,8532,True,FHvqb6g5lq827fVy9gOuJQ
1943,2014,5,153,OSL,59.9261398103752,10.75843142873811,WTvcKRq012k7ZHAaaVvzvA,889,2,3318,1,8533,True,WTvcKRq012k7ZHAaaVvzvA
1817,2009,6,95,OSL,59.92507889024373,10.72337653005791,6dIdTCO9QR7pvrFBVCY-9Q,1049,1,1662,5,8538,True,6dIdTCO9QR7pvrFBVCY-9Q
2831,2009,6,346,OSL,59.93510658960903,10.76461012818142,E6paagCU1Ipt2pWqfztKqQ,228,2,3319,1,8540,True,E6paagCU1Ipt2pWqfztKqQ
1830,2012,10,79,OSL,59.92501005321976,10.73948509339767,-ixj8HqfpNi3A8OLKi_E5g,516,0,553,4,8541,True,-ixj8HqfpNi3A8OLKi_E5g
1496,2014,5,471,OSL,59.92183627391089,10.73076577217487,b66xY3TQXs07yz3H1ZJs_w,1417,2,3320,1,8543,True,b66xY3TQXs07yz3H1ZJs_w
3482,2014,5,664,OSL,59.94188820167253,10.77200966202511,W7lhfBqAmvjfXiK2c-eP4Q,649,0,710,6,8547,True,W7lhfBqAmvjfXiK2c-eP4Q
2259,2019,9,307,OSL,59.92993326789661,10.66339723407124,6fKu2InMXZp8i3kzKcyQ6A,114,1,3321,1,8549,True,6fKu2InMXZp8i3kzKcyQ6A
2459,2014,5,585,OSL,59.93204973862405,10.66435501344035,6AhuYbmTvKClr00s3Liptg,1053,1,3322,1,8551,True,6AhuYbmTvKClr00s3Liptg
2489,2018,12,271,OSL,59.93183229978671,10.71978011768847,SwBqKA5esLtN7-I-D5ETkg,972,0,1150,3,8555,True,SwBqKA5esLtN7-I-D5ETkg
991,2014,8,281,OSL,59.91702904896634,10.74766598607393,kgsr2YsevRYMttdlteHVnA,847,1,3323,1,8566,True,kgsr2YsevRYMttdlteHVnA
1601,2017,5,240,OSL,59.9230273161618,10.72046857468424,MrlbmPrnsFb65B2N7cEF3A,1150,1,1995,3,8567,True,MrlbmPrnsFb65B2N7cEF3A
2341,2018,12,383,OSL,59.92983252248548,10.78091286684768,gmk1T6nBth19mflx9FO_Ow,1711,1,3324,1,8571,True,gmk1T6nBth19mflx9FO_Ow
3165,2009,6,522,OSL,59.93915062074961,10.69713676228028,PjxSeA_AUqJiH-3EZOgl1A,1099,0,1316,5,8581,True,PjxSeA_AUqJiH-3EZOgl1A
1741,2009,6,520,OSL,59.92408247976551,10.76122590809368,EeBCbYfWHC_ovOwsdg4Mug,845,2,2511,3,8584,True,EeBCbYfWHC_ovOwsdg4Mug
1127,2018,7,467,OSL,59.91904109301866,10.66833176273797,YfcjrfuDZSkocLFw6rIYVQ,448,0,474,11,8586,True,YfcjrfuDZSkocLFw6rIYVQ
1764,2018,12,571,OSL,59.9251010281524,10.64247655697749,znCa67u23tQ_RoXZMvKQJQ,1412,1,3325,1,8587,True,znCa67u23tQ_RoXZMvKQJQ
4795,2018,12,369,OSL,59.95713488638362,10.70146777784923,vkjkdM01_lS1aSj8zjotbg,1744,1,3326,1,8592,True,vkjkdM01_lS1aSj8zjotbg
1598,2019,9,509,OSL,59.92299878095778,10.71634410838036,5pzUgx2LE4kf4Kb-LRG-yw,330,0,342,5,8593,True,5pzUgx2LE4kf4Kb-LRG-yw
2821,2009,6,395,OSL,59.93509925196297,10.75046406625824,IK-cRfHO5j2E0OJSTIlIlA,1184,2,3327,1,8596,True,IK-cRfHO5j2E0OJSTIlIlA
752,2016,5,373,OSL,59.9140162658455,10.73443890136559,ycpxChT0g_m3qwXXHhNNDQ,861,0,996,6,8602,True,ycpxChT0g_m3qwXXHhNNDQ
4002,2019,9,451,OSL,59.94794321397718,10.72168877545102,HUxQg5XZCzAKQyE9GDDQlw,1042,1,1700,3,8604,True,HUxQg5XZCzAKQyE9GDDQlw
2921,2019,10,597,OSL,59.93616064462424,10.76125734042514,dkjnC8KyN8cMDlJQcsaVag,1102,2,3328,1,8606,True,dkjnC8KyN8cMDlJQcsaVag
1474,2009,6,378,OSL,59.92199709115168,10.70491856291227,_dmSdtPA_8VlZ67fzk-nRg,1704,3,3329,2,8609,True,_dmSdtPA_8VlZ67fzk-nRg
1293,2019,9,290,OSL,59.92002509814439,10.7633637221119,kIM_3omQ4SnWIDN0tORicw,764,0,863,5,8610,True,kIM_3omQ4SnWIDN0tORicw
2942,2018,12,60,OSL,59.93604994885022,10.78436070986062,760t4R8BO-KsMHTlBvWbsg,53,3,3330,1,8613,True,760t4R8BO-KsMHTlBvWbsg
2151,2014,8,203,OSL,59.9278986482124,10.77216361326898,z3FSdPZg-BR3mw8cwOXehg,1251,2,3331,1,8615,True,z3FSdPZg-BR3mw8cwOXehg
4296,2018,12,318,OSL,59.95098156742527,10.74238385708323,nNN5FgSvdW_jXNuhI-qDiQ,176,2,3332,1,8616,True,nNN5FgSvdW_jXNuhI-qDiQ
2581,2012,10,259,OSL,59.93338078469078,10.70273083951467,eyJ2tqFwOa9FR1w6XLWvgg,109,0,109,8,8620,True,eyJ2tqFwOa9FR1w6XLWvgg
3121,2014,6,361,OSL,59.93778658734886,10.77051236015972,8f8pBG0kgTpnB14oa5U4vg,815,1,2147,4,8621,True,8f8pBG0kgTpnB14oa5U4vg
1483,2009,6,78,OSL,59.92197906049531,10.71380225105646,WAjo3pfUY_trANdXvZ12QA,660,0,724,4,8629,True,WAjo3pfUY_trANdXvZ12QA
2435,2014,5,645,OSL,59.93114600149475,10.78009800267623,SvS3y24bG_6rh6A6zC02yA,1212,0,1499,3,8631,True,SvS3y24bG_6rh6A6zC02yA
1942,2019,9,535,OSL,59.92612678811141,10.75734473604663,v9_70Hs3FcBU4gh2V5UUQQ,1157,2,3333,1,8632,True,v9_70Hs3FcBU4gh2V5UUQQ
4914,2018,12,230,OSL,59.95807637642091,10.76253762130969,AxuknZACcz46MRJJd6KGRg,1733,1,3334,1,8634,True,AxuknZACcz46MRJJd6KGRg
1719,2014,8,205,OSL,59.92406282233517,10.731338028256,SYCauxEsaYEOQ5PzyIJV0A,755,1,1089,4,8647,True,SYCauxEsaYEOQ5PzyIJV0A
1002,2009,6,212,OSL,59.91702104879622,10.76086585896264,I3Jkj8q_aItRxiNOtnzw-w,1629,1,3335,1,8649,True,I3Jkj8q_aItRxiNOtnzw-w
2889,2009,6,490,OSL,59.93618083036463,10.69990763765551,GeaLS-6zCnM0SakdAqsGTA,1232,0,1533,6,8652,True,GeaLS-6zCnM0SakdAqsGTA
421,2018,12,365,OSL,59.90906881647427,10.74443827070358,sfsxge0KCwOfOmzDg5qL6w,28,2,3336,2,8653,True,sfsxge0KCwOfOmzDg5qL6w
1569,2009,6,605,OSL,59.92301014139221,10.68235140410695,g5jU-DiH7WrWBBUKwwZQpQ,392,1,3337,2,8658,True,g5jU-DiH7WrWBBUKwwZQpQ
4600,2019,10,392,OSL,59.9540879860248,10.77514290106064,1iODWl6iFsuJ3u05Spd25g,1101,3,3338,1,8659,True,1iODWl6iFsuJ3u05Spd25g
4296,2012,10,510,OSL,59.95098805532398,10.7424488177232,RGa_5RZ-eYwYut9KGDDYqw,176,1,661,5,8660,True,RGa_5RZ-eYwYut9KGDDYqw
2568,2019,9,604,OSL,59.93299404345393,10.67628245033354,su_h9CVcdC79iT-2I1ez-A,979,2,3339,1,8663,True,su_h9CVcdC79iT-2I1ez-A
2194,2016,5,247,OSL,59.92893643330811,10.71728634074527,6grkBV0fjCVLe5gfabo7JQ,639,2,3340,1,8664,True,6grkBV0fjCVLe5gfabo7JQ
1574,2014,8,427,OSL,59.92332078658983,10.68807112642174,ssyDOExaGNcfy22vepd6UA,897,1,3341,1,8666,True,ssyDOExaGNcfy22vepd6UA
4085,2018,12,129,OSL,59.94931507822059,10.69857674939796,fCQPTYlPvJCq0-AtuDp_ew,636,2,3342,1,8669,True,fCQPTYlPvJCq0-AtuDp_ew
4915,2014,5,444,OSL,59.95811774625847,10.76339489523076,8JjycY46zxz1EWD01ogcPw,1271,2,3343,1,8671,True,8JjycY46zxz1EWD01ogcPw
2231,2017,5,359,OSL,59.92901225702482,10.76485452487577,-VoUHwRe8fKNsep1zlfEwA,525,2,3344,1,8672,True,-VoUHwRe8fKNsep1zlfEwA
4143,2009,5,181,OSL,59.94886711070269,10.79342107287046,wgmOtUyqPyRS0fyyUlruiQ,1063,2,3345,1,8674,True,wgmOtUyqPyRS0fyyUlruiQ
3005,2019,9,236,OSL,59.93682516746556,10.73696343599385,rSjRwA-MEweeMT3jR84CkQ,1754,0,3346,2,8676,True,rSjRwA-MEweeMT3jR84CkQ
1843,2019,10,66,OSL,59.92498105006565,10.75717036613973,evIeJ1kOujZ5vYNh1qff8Q,1413,0,1855,5,8678,True,evIeJ1kOujZ5vYNh1qff8Q
4405,2019,10,489,OSL,59.95201730212521,10.76098391856578,qb5MKHuY6nOedRhCBqIDog,332,2,3347,1,8683,True,qb5MKHuY6nOedRhCBqIDog
4335,2019,7,351,OSL,59.95096092060943,10.78733061240337,dt9ChCKR07CfCPEUdtaQZA,1267,0,1585,4,8686,True,dt9ChCKR07CfCPEUdtaQZA
4860,2019,6,405,OSL,59.95814752928531,10.67233280528697,ahySakfZppJbH_83TOvllg,1242,2,3348,1,8692,True,ahySakfZppJbH_83TOvllg
4088,2019,7,362,OSL,59.94908399242624,10.70235278445689,PxdkNmAmgBtI_hAwWo5cRQ,1086,0,1300,4,8702,True,PxdkNmAmgBtI_hAwWo5cRQ
1356,2019,9,628,OSL,59.92094375934341,10.70250894163637,eRDESANflN8lbzAljWmOaw,1291,0,1631,5,8707,True,eRDESANflN8lbzAljWmOaw
4573,2012,10,185,OSL,59.95408465256593,10.73951591672524,1CxKzkupMsS1xpZ8p0dt3w,37,0,37,4,8708,True,1CxKzkupMsS1xpZ8p0dt3w
2786,2012,10,431,OSL,59.93509051383504,10.70624543851494,YVtShUkkMcUOdgs8o0HP4A,901,0,1050,5,8709,True,YVtShUkkMcUOdgs8o0HP4A
2783,2012,10,472,OSL,59.93511290933635,10.70071052994558,Oosif0QJgVb-Fh-bVtPg1w,799,0,910,6,8713,True,Oosif0QJgVb-Fh-bVtPg1w
3707,2018,12,605,OSL,59.94488808336475,10.70024847663559,GWStWfzL4-wCWY-KRGq9Lw,1214,0,1502,5,8720,True,GWStWfzL4-wCWY-KRGq9Lw
831,2017,5,681,OSL,59.91511259755094,10.74022873409051,sOz1P8rq9o6nW9bWfF2Y2A,1511,0,2063,4,8724,True,sOz1P8rq9o6nW9bWfF2Y2A
849,2018,12,280,OSL,59.91496929558338,10.76829221609315,TPCULUe5FmdUXCiCn6t6Rw,36,1,3349,1,8725,True,TPCULUe5FmdUXCiCn6t6Rw
1076,2018,7,198,OSL,59.91791021893028,10.74016893305556,bYO07b8TL0vjxa0aiWi80w,1632,1,3350,2,8726,True,bYO07b8TL0vjxa0aiWi80w
1390,2014,5,502,OSL,59.92100049921883,10.7505221444225,JkvMJxLip6NtmwlbbkrG6g,679,2,1172,3,8729,True,JkvMJxLip6NtmwlbbkrG6g
1233,2012,10,633,OSL,59.92013968150172,10.68310165858405,Mr9p4VR5UX4Y5gvIVtJuUw,1093,0,1309,5,8731,True,Mr9p4VR5UX4Y5gvIVtJuUw
3114,2016,5,490,OSL,59.93810403246567,10.76208859638427,PP140ehubdnqjskJQRKgYg,367,2,3351,1,8736,True,PP140ehubdnqjskJQRKgYg
3476,2018,12,629,OSL,59.94201155531032,10.76280004415888,rE1uRDcgiZNKMia9aLwXJw,630,0,687,4,8737,True,rE1uRDcgiZNKMia9aLwXJw
1089,2009,7,417,OSL,59.9182182364217,10.75615232034747,AatmKOfq8EYxTmIwA1oGiA,1568,1,3352,1,8740,True,AatmKOfq8EYxTmIwA1oGiA
270,2019,6,378,OSL,59.90495657952074,10.6905971948976,cz_QIDL3DdSh150_OXldYw,117,0,117,3,8741,True,cz_QIDL3DdSh150_OXldYw
196,2019,10,655,OSL,59.90301223890252,10.68668436238399,M7IMOVlvJozPrBgvOBJGmw,67,0,67,6,8742,True,M7IMOVlvJozPrBgvOBJGmw
3099,2018,12,420,OSL,59.93797563078353,10.73838248483486,rWgN2YBHz820IHnv5xVCCQ,1483,1,3353,1,8743,True,rWgN2YBHz820IHnv5xVCCQ
3496,2014,5,222,OSL,59.94210447261987,10.78887899466933,5GoRxRTh2-H05MyZ2CD3KA,204,2,3354,1,8744,True,5GoRxRTh2-H05MyZ2CD3KA
1781,2009,7,543,OSL,59.92503826954334,10.6663505477819,O6RXEqhnZCVUACmidMKFLg,104,2,3355,1,8749,True,O6RXEqhnZCVUACmidMKFLg
4365,2019,10,227,OSL,59.95204343288921,10.69328320237472,99Ny8D2S1ciLH4BFN5hfEw,1012,2,3356,1,8751,True,99Ny8D2S1ciLH4BFN5hfEw
4225,2014,5,297,OSL,59.94989039796786,10.77904175730825,tkJskALq59O1NQa9RYFcpw,665,0,730,5,8756,True,tkJskALq59O1NQa9RYFcpw
1222,2014,5,461,OSL,59.92005929908167,10.66730346160302,AnvmnyvLol5csJw7Wap2BA,1346,0,1730,3,8765,True,AnvmnyvLol5csJw7Wap2BA
2126,2009,6,236,OSL,59.92815731740477,10.74395014216384,FI_jwAwm93p7jNZeYCGrHQ,664,0,729,3,8771,True,FI_jwAwm93p7jNZeYCGrHQ
3081,2014,6,211,OSL,59.9381154540435,10.70770729234699,-BZ3YAr3We2Bn5pb8pYeWw,175,0,177,6,8777,True,-BZ3YAr3We2Bn5pb8pYeWw
2133,2019,9,514,OSL,59.92822263817339,10.75225866255697,uGyB6-X2xfVXn5Elk8XqpQ,791,1,2334,6,8781,True,uGyB6-X2xfVXn5Elk8XqpQ
2527,2009,6,503,OSL,59.93211247059312,10.7645858614513,Q7ahW5ZNbp-pAG-_BByfoA,340,1,1629,3,8786,True,Q7ahW5ZNbp-pAG-_BByfoA
86,2019,10,283,OSL,59.90002083362204,10.67446130012658,44qjpebkmd5jQ1mgEj6cUQ,529,2,3357,1,8787,True,44qjpebkmd5jQ1mgEj6cUQ
877,2017,5,259,OSL,59.91602653763996,10.69344542503909,_ah1RmYzEm4DpPXMOK2uJA,567,0,610,13,8802,True,_ah1RmYzEm4DpPXMOK2uJA
1727,2017,5,373,OSL,59.92416228331027,10.74124804079113,k_OgR09y0MCReHghNto3zg,1220,2,3179,3,8807,True,k_OgR09y0MCReHghNto3zg
293,2017,7,385,OSL,59.90501088810874,10.78522884776557,V3kHqVgFfo-87nbF_XF_QQ,338,0,351,12,8808,True,V3kHqVgFfo-87nbF_XF_QQ
1223,2019,9,407,OSL,59.92026891953115,10.66822888609669,MY0gwBksHSvcNXFVj0x24g,456,0,483,3,8809,True,MY0gwBksHSvcNXFVj0x24g
1234,2019,9,174,OSL,59.92004786234647,10.68428766846856,4PIhabNtXrL1TRMxwBqJwQ,477,2,3358,1,8810,True,4PIhabNtXrL1TRMxwBqJwQ
1633,2019,10,455,OSL,59.92340428538257,10.75851127220675,0Cq6dbIichN56ORg4XZcVg,1531,1,3359,1,8814,True,0Cq6dbIichN56ORg4XZcVg
3296,2019,9,316,OSL,59.93998169296853,10.74655545297266,354y0tkDci5LLK6mh--_yg,302,1,1330,3,8815,True,354y0tkDci5LLK6mh--_yg
1640,2014,5,553,OSL,59.92292092725028,10.77011425600724,_7zXORooYk1HFBFSgTTYiQ,1647,0,2467,4,8818,True,_7zXORooYk1HFBFSgTTYiQ
4104,2014,5,215,OSL,59.9490162304286,10.74283751613997,EmwL5dY95t6z9QvxXE6WBQ,1540,2,3360,2,8820,True,EmwL5dY95t6z9QvxXE6WBQ
3333,2018,12,217,OSL,59.9410519390501,10.67449116457433,iw1cse2hByRvcn0SJQbKvw,956,2,3361,1,8826,True,iw1cse2hByRvcn0SJQbKvw
4797,2018,12,414,OSL,59.95679959470572,10.70705589982065,e52V4vdHsK7-hF894Q5eJA,839,1,3362,1,8827,True,e52V4vdHsK7-hF894Q5eJA
704,2018,12,381,OSL,59.91317609629139,10.77671276257022,yeFSIG3fK7OZVZHog6QAZw,1014,0,1202,4,8829,True,yeFSIG3fK7OZVZHog6QAZw
168,2019,3,179,OSL,59.90219396433069,10.76634129963923,56eIuJu465RIb2kOFyIOGA,1295,0,1638,3,8830,True,56eIuJu465RIb2kOFyIOGA
1093,2009,6,358,OSL,59.91798921800598,10.76225305228171,ri71lrPSc9bBCuRsYi-jNg,589,1,1359,3,8835,True,ri71lrPSc9bBCuRsYi-jNg
913,2014,5,268,OSL,59.91606965533812,10.75445914591807,JB1THM1IuXyNxn6LtB_BuQ,1655,1,3363,1,8838,True,JB1THM1IuXyNxn6LtB_BuQ
2720,2009,6,388,OSL,59.93391257044828,10.76160162651009,zPU1v3GLQNdbEoEznltqSQ,663,1,1578,5,8841,True,zPU1v3GLQNdbEoEznltqSQ
1540,2014,5,458,OSL,59.92200858953763,10.79330174682625,jWExEVAIZITU9yEc8_5kIg,1087,0,1301,9,8851,True,jWExEVAIZITU9yEc8_5kIg
2265,2019,10,273,OSL,59.93012946533373,10.67230570322208,0m47NXrH92sZRuzXfJScJg,186,1,3364,1,8857,True,0m47NXrH92sZRuzXfJScJg
420,2009,6,207,OSL,59.9092456094888,10.74355801577095,h5KtPp5NivS_CIcM-iRbHg,1113,0,1335,3,8858,True,h5KtPp5NivS_CIcM-iRbHg
3870,2018,12,480,OSL,59.94596606027954,10.78446479317975,7Pt0bn7KabYy0NRyFXbK6g,992,0,1174,3,8859,True,7Pt0bn7KabYy0NRyFXbK6g
1781,2012,10,383,OSL,59.92503256097675,10.66640304764988,TxwgDOCY8mbsuY9_p6F3LQ,104,0,104,4,8861,True,TxwgDOCY8mbsuY9_p6F3LQ
3975,2018,12,645,OSL,59.94781080152034,10.65791865922436,3pPjLifq59W89-yVv9GctQ,1578,1,3365,1,8862,True,3pPjLifq59W89-yVv9GctQ
1235,2014,5,181,OSL,59.92026389961774,10.69087903317686,ohhbLTTPIH2VSYwKGnphpw,1109,0,1329,9,8867,True,ohhbLTTPIH2VSYwKGnphpw
4314,2009,6,197,OSL,59.95099501464725,10.76330557752617,KxzX8jX9UPw8QYUwPZqI0w,721,3,3366,1,8870,True,KxzX8jX9UPw8QYUwPZqI0w
1683,2017,5,287,OSL,59.92425509471229,10.67422994890854,i8eNIjWKJGWbwm7f9NCiTg,524,3,3367,1,8871,True,i8eNIjWKJGWbwm7f9NCiTg
4103,2009,6,304,OSL,59.94920393170379,10.73788373220689,7kt2_GV4Z1JEp0HeFBs08w,1452,2,3368,2,8873,True,7kt2_GV4Z1JEp0HeFBs08w
4498,2009,4,393,OSL,59.95317204749531,10.75545624171658,zvx1eMgQT4CTFvRlk-7ZMQ,1077,0,1290,5,8878,True,zvx1eMgQT4CTFvRlk-7ZMQ
1344,2009,6,320,OSL,59.92107919895146,10.6822325842634,45V_YvEJmVMMaAiXWknp8A,1663,0,2528,5,8885,True,45V_YvEJmVMMaAiXWknp8A
2390,2018,12,447,OSL,59.93111122580905,10.72131320290003,DeCy2K6K0J2AJP-q2_9kiA,973,0,1151,5,8887,True,DeCy2K6K0J2AJP-q2_9kiA
1713,2016,5,464,OSL,59.92401486922499,10.72360653390324,n5u0s7w98a_N_a8CaZMCbw,1419,3,2945,3,8888,True,n5u0s7w98a_N_a8CaZMCbw
2864,2012,10,457,OSL,59.93626589574676,10.67010237704115,1J61YCt7CGF7w-sK4AFqeg,674,2,3369,1,8891,True,1J61YCt7CGF7w-sK4AFqeg
905,2014,5,200,OSL,59.91606647232713,10.74343909264352,5zdIIfUN_nCb2jQ6jVondw,1660,2,3370,1,8900,True,5zdIIfUN_nCb2jQ6jVondw
2513,2012,10,347,OSL,59.9318666213827,10.74789224406961,2pFl0BQRzI3y43z55M4QWw,1658,0,2512,5,8902,True,2pFl0BQRzI3y43z55M4QWw
3321,2012,10,448,OSL,59.9399244430461,10.78248325333459,GQgCtU7iKlmVLtEvbES7dQ,261,1,515,7,8903,True,GQgCtU7iKlmVLtEvbES7dQ
2411,2016,5,531,OSL,59.93128211992779,10.74701064211008,G4r0Z34S8isyGHijrNq8EA,703,0,780,4,8907,True,G4r0Z34S8isyGHijrNq8EA
1812,2014,8,663,OSL,59.92515981096532,10.71812959260152,O4sOMD0OlaDOuHlcsLtFhw,1359,2,3371,1,8910,True,O4sOMD0OlaDOuHlcsLtFhw
4229,2014,6,456,OSL,59.95001918453404,10.7835256550648,nACPI1ZDEms5A7G2gqGQoA,284,1,1752,3,8917,True,nACPI1ZDEms5A7G2gqGQoA
2784,2019,9,622,OSL,59.93506684885966,10.70155896485287,4JuQGlD79RKuBKdwyadWFQ,1249,0,1556,4,8924,True,4JuQGlD79RKuBKdwyadWFQ
1952,2019,9,289,OSL,59.92620347675634,10.76919153097455,pgyhd73714Ka3a4bWLtURg,1356,0,1749,5,8925,True,pgyhd73714Ka3a4bWLtURg
3580,2019,8,487,OSL,59.94314769568308,10.77451134611467,4xTEwexw-eaJ2lnEsvpFWQ,202,1,3372,1,8935,True,4xTEwexw-eaJ2lnEsvpFWQ
2689,2019,9,284,OSL,59.93414630249844,10.71214196221392,S8lCzdbpUYNAVxHwwqX6-A,670,0,736,4,8938,True,S8lCzdbpUYNAVxHwwqX6-A
4398,2018,12,141,OSL,59.95174794022919,10.75427590922751,Y-L_k7w--ZPE38iu6hPpJw,113,0,113,3,8939,True,Y-L_k7w--ZPE38iu6hPpJw
4914,2019,6,417,OSL,59.95809587170577,10.76247965554203,SkqqEvQEaDuTWMPXi51zZQ,1733,2,3373,1,8947,True,SkqqEvQEaDuTWMPXi51zZQ
747,2018,12,335,OSL,59.91386807934852,10.72520453863092,zMLKrrIWxnlA-BA5Qmk35A,173,1,3374,1,8948,True,zMLKrrIWxnlA-BA5Qmk35A
1583,2014,5,453,OSL,59.92307754778439,10.69836934446088,IdW6HhWo-lajM7lwGrlOdw,1372,2,3375,1,8954,True,IdW6HhWo-lajM7lwGrlOdw
3431,2019,9,128,OSL,59.94191276402965,10.6875068165663,FYiGlTsDGR63JobBa7tECw,1464,0,1959,4,8955,True,FYiGlTsDGR63JobBa7tECw
2155,2018,12,495,OSL,59.92817950742731,10.77994209774137,V4xtJb1uBoLCCdYScwj6qQ,518,3,3376,1,8961,True,V4xtJb1uBoLCCdYScwj6qQ
2334,2014,5,515,OSL,59.92995209408176,10.77324674917073,ghYuqVvUKHDfyfz4poLdOg,1357,0,1750,4,8962,True,ghYuqVvUKHDfyfz4poLdOg
2999,2018,12,277,OSL,59.93693865211524,10.72316309984798,QleXNzh3T88wyoi8XuT1GQ,1451,0,1934,4,8968,True,QleXNzh3T88wyoi8XuT1GQ
3116,2018,12,325,OSL,59.93811012570661,10.76431811897131,SKoEElOeXWJUWawG4iCcZA,1561,1,3377,1,8973,True,SKoEElOeXWJUWawG4iCcZA
2784,2014,6,455,OSL,59.93507091435129,10.70154563588555,Z4HEEv0S6AUTOFAKYaPCkw,1249,1,3378,1,8981,True,Z4HEEv0S6AUTOFAKYaPCkw
3814,2019,10,576,OSL,59.94589998927603,10.70880462776913,Fou_7QPeYBm9hkeQM8zhEg,964,1,3379,1,8987,True,Fou_7QPeYBm9hkeQM8zhEg
1143,2009,6,335,OSL,59.91925097160059,10.69736293128512,AuoravAnxehNsB83I1kzKA,111,0,111,9,8990,True,AuoravAnxehNsB83I1kzKA
1295,2014,5,437,OSL,59.92008628309141,10.76547281907766,D2w8-TNeX3GnNtsXsc5I6w,1751,1,3380,2,8993,True,D2w8-TNeX3GnNtsXsc5I6w
1843,2017,5,49,OSL,59.92499980452872,10.7571710500913,EMMHxAWGHRa49147Zadvag,1413,1,3381,1,9004,True,EMMHxAWGHRa49147Zadvag
2733,2018,12,322,OSL,59.93413234412005,10.7750899580071,cBDkV-dQ_t9mXL2SOhiUWA,1183,1,1613,3,9009,True,cBDkV-dQ_t9mXL2SOhiUWA
4098,2017,7,597,OSL,59.94896482801973,10.72848375289771,_ktRd4s5wZsUi5ATLmM8BQ,745,0,836,10,9014,True,_ktRd4s5wZsUi5ATLmM8BQ
3714,2018,12,185,OSL,59.94478427352801,10.706221180761,0n4u5lY6mf0AM-MlEI1WCw,1195,2,3382,1,9015,True,0n4u5lY6mf0AM-MlEI1WCw
1053,2014,5,394,OSL,59.91822585740211,10.70726767789813,dfFGNlFH4TYikxxn8gn_yg,1705,0,2739,5,9016,True,dfFGNlFH4TYikxxn8gn_yg
2259,2009,5,336,OSL,59.92992514711753,10.66333442580854,LiC63Ia5jCWq31Fw-YVLGw,114,2,3383,1,9017,True,LiC63Ia5jCWq31Fw-YVLGw
1931,2019,9,402,OSL,59.92589911518999,10.74396627782952,k7wpT0G5vdO2GtA6yJBDPA,1616,1,3384,1,9019,True,k7wpT0G5vdO2GtA6yJBDPA
1284,2017,5,252,OSL,59.92001865119276,10.7514000188715,XmUSo9Tad7akRs1NgD0urA,80,1,1245,5,9022,True,XmUSo9Tad7akRs1NgD0urA
1720,2019,9,440,OSL,59.924016542149,10.73339754266355,vykleammL-aBFRWBFT-0zA,1572,0,2229,4,9026,True,vykleammL-aBFRWBFT-0zA
2724,2019,8,472,OSL,59.93405893657635,10.76535863258738,LNQfGwfU6GyrYE0hY0wnjA,1543,0,2142,3,9030,True,LNQfGwfU6GyrYE0hY0wnjA
1089,2019,9,244,OSL,59.91821757451612,10.7562378022664,NdH4oxTxH_pJJ-kNdBQ9Qg,1568,0,2209,3,9034,True,NdH4oxTxH_pJJ-kNdBQ9Qg
528,2019,9,359,OSL,59.91108955894921,10.73933518433064,JQtsDKKgRBo3IA5AftSQKg,1080,1,2050,3,9035,True,JQtsDKKgRBo3IA5AftSQKg
2036,2009,6,412,OSL,59.92700297080872,10.75079900085786,xwVwcYfB6XLQzsgr8Sk6_Q,348,1,735,5,9042,True,xwVwcYfB6XLQzsgr8Sk6_Q
2513,2009,7,139,OSL,59.93184788016558,10.74788588578823,8BS8cXk8jHRRrQ6Wagne4w,1658,1,3385,1,9044,True,8BS8cXk8jHRRrQ6Wagne4w
3591,2019,10,233,OSL,59.9440359610569,10.64170555892168,86dKdCO5V0G-QFLukd90hQ,254,2,3386,1,9046,True,86dKdCO5V0G-QFLukd90hQ
1583,2019,10,616,OSL,59.92309240703398,10.69830377901822,ZSVQ16V8mCaY4c9zbmhgjQ,1372,0,1774,5,9051,True,ZSVQ16V8mCaY4c9zbmhgjQ
1169,2017,5,655,OSL,59.91914228585141,10.72610679742828,dsuQl-ZGvF8GnrLvM2xotw,768,0,867,6,9055,True,dsuQl-ZGvF8GnrLvM2xotw
2903,2012,10,334,OSL,59.93598659096224,10.73253811190808,qCssG46YeerUp9c5t1SRmw,191,3,2901,3,9059,True,qCssG46YeerUp9c5t1SRmw
2051,2017,5,622,OSL,59.9272745401006,10.76537717388111,K_KL9h-GyG5v8mPf-1onvA,1732,1,3387,1,9061,True,K_KL9h-GyG5v8mPf-1onvA
4913,2009,5,579,OSL,59.9581138123223,10.76146958405763,bTLiI5FSJcrKn25Mtur43Q,854,1,3388,2,9063,True,bTLiI5FSJcrKn25Mtur43Q
727,2018,12,435,OSL,59.91427976639232,10.68672007338079,uQZmMl2XRAkPHmAm60P9pQ,1248,1,3389,1,9064,True,uQZmMl2XRAkPHmAm60P9pQ
240,2009,6,407,OSL,59.90385229015972,10.74028539112091,AdKdR6aUT_jPGLUTtIdqsg,1338,1,3390,1,9066,True,AdKdR6aUT_jPGLUTtIdqsg
1858,2017,5,464,OSL,59.92501219840445,10.77566864371989,lbH8sfGM-UdxV7XvKgCbAw,1385,0,1801,6,9069,True,lbH8sfGM-UdxV7XvKgCbAw
750,2017,5,453,OSL,59.91421781455056,10.73129650895576,knnCmxOxlf4NnUysNcDywQ,1695,0,2697,3,9070,True,knnCmxOxlf4NnUysNcDywQ
3369,2019,10,590,OSL,59.94093636767105,10.72729866272156,ikWFvsSSc4GFIbFMrvJT8w,869,0,1006,3,9071,True,ikWFvsSSc4GFIbFMrvJT8w
4724,2019,7,364,OSL,59.95624078108829,10.70608180366493,v0vomdNzz7oMODVyL1MsnA,1750,1,3391,1,9073,True,v0vomdNzz7oMODVyL1MsnA
2050,2018,12,335,OSL,59.92724824776133,10.76435065079957,0uYpzQeg4brX0KlzZmNVmw,1536,0,2126,5,9075,True,0uYpzQeg4brX0KlzZmNVmw
1100,2018,12,450,OSL,59.91795808319026,10.78021062227556,8nFSKpKW36f8ahOAXIGwFA,410,1,1124,4,9085,True,8nFSKpKW36f8ahOAXIGwFA
2337,2019,9,655,OSL,59.93006159045715,10.77656183986611,Xs3b76XbthsGMbYCECHsMw,335,0,347,3,9089,True,Xs3b76XbthsGMbYCECHsMw
4762,2009,5,404,OSL,59.95600084741866,10.78744659250521,tzndsxDcSJssxeMTHIEHlQ,780,1,1880,3,9093,True,tzndsxDcSJssxeMTHIEHlQ
1272,2019,9,47,OSL,59.91973079879629,10.72918621217817,WLt2_jRSBeHK8WJkiie6Hw,628,0,684,3,9095,True,WLt2_jRSBeHK8WJkiie6Hw
3080,2014,8,521,OSL,59.93791091230916,10.70590707185828,4oN6mpXu1iPUIjK-8ExQgw,224,4,3392,1,9111,True,4oN6mpXu1iPUIjK-8ExQgw
2311,2009,6,304,OSL,59.9300232401173,10.74068779614828,vyYS1eL9-3opZvLKQbpKSw,1364,1,3393,1,9125,True,vyYS1eL9-3opZvLKQbpKSw
4761,2017,6,257,OSL,59.95585838060968,10.78657568172163,BErgeXVU46NbFUhW0wPStw,629,0,686,5,9130,True,BErgeXVU46NbFUhW0wPStw
1897,2014,6,457,OSL,59.92625022267209,10.67170937283788,1ErysRRMnuumNV9KvWilHw,1710,1,3394,1,9135,True,1ErysRRMnuumNV9KvWilHw
3281,2018,12,663,OSL,59.9400600383791,10.72449790442979,yNUoW8FziHbcuQc4rZStCA,976,1,3395,1,9136,True,yNUoW8FziHbcuQc4rZStCA
1707,2014,5,232,OSL,59.92386480033324,10.71644630761987,jd91qSqvYoM22yam-Lio1w,601,0,650,5,9138,True,jd91qSqvYoM22yam-Lio1w
3092,2009,6,524,OSL,59.93823585498847,10.72521259497894,LR8GLwcDJ97nSEwm84m3xg,1638,0,2429,4,9143,True,LR8GLwcDJ97nSEwm84m3xg
467,2019,10,571,OSL,59.90996740248266,10.71334294766314,enWfVc6cN069czYPicTEOg,1370,0,1769,6,9144,True,enWfVc6cN069czYPicTEOg
4206,2017,5,597,OSL,59.95000392918627,10.75052601451806,9pejXDP3BB2qojPsFgXp4Q,929,3,3396,1,9145,True,9pejXDP3BB2qojPsFgXp4Q
2130,2018,7,355,OSL,59.92777201700006,10.74890363306327,goc3H3HPp4TYT662hhhg8g,194,1,516,3,9147,True,goc3H3HPp4TYT662hhhg8g
2289,2019,9,475,OSL,59.92982347621315,10.71123984970508,YCCYEKQySMgNSfSNkQcAEg,430,0,451,6,9153,True,YCCYEKQySMgNSfSNkQcAEg
2545,2018,12,366,OSL,59.93219913098048,10.78884482311338,h7bHa6aRUrklveQreucOtg,1027,0,1221,3,9155,True,h7bHa6aRUrklveQreucOtg
3770,2014,5,162,OSL,59.94499373863616,10.7855940383482,A5j6GKqEfCfjygNbFv-Hgw,1470,2,3397,1,9159,True,A5j6GKqEfCfjygNbFv-Hgw
600,2009,6,498,OSL,59.91217926182583,10.72218634117298,oSozAApc88MhB9Wn61X0Hw,852,1,1072,4,9161,True,oSozAApc88MhB9Wn61X0Hw
3000,2009,6,361,OSL,59.93730129418658,10.72606082235754,rqm9TFLld1C-FXCI_AYmDw,1729,1,3398,1,9178,True,rqm9TFLld1C-FXCI_AYmDw
1808,2019,10,147,OSL,59.92520672945236,10.7139078410061,6C58EWUtpSxDQm9pdI39zQ,1740,1,3399,1,9179,True,6C58EWUtpSxDQm9pdI39zQ
1573,2014,8,484,OSL,59.92301171102584,10.68743200162972,RwpgnGOCwvM5IMdud9LJQg,1549,1,3400,1,9184,True,RwpgnGOCwvM5IMdud9LJQg
918,2017,5,285,OSL,59.91601942846374,10.76246641551032,sr8OOJnTuLWBnplgT5gY7w,1165,1,3401,1,9185,True,sr8OOJnTuLWBnplgT5gY7w
784,2012,9,440,OSL,59.91507214872543,10.64242953377836,V6-rdQeGsrAkI9nld6t9nA,1172,0,1437,3,9194,True,V6-rdQeGsrAkI9nld6t9nA
2681,2019,9,393,OSL,59.93397883627912,10.70428960931431,r9ExE9S3OLObGYq0gIqnEw,1532,1,3402,1,9195,True,r9ExE9S3OLObGYq0gIqnEw
3439,2018,12,494,OSL,59.94200175827203,10.70458364499946,F8I-AAMEq5mtd3BfHH7mjw,621,1,3403,1,9198,True,F8I-AAMEq5mtd3BfHH7mjw
4302,2019,8,532,OSL,59.95099345669578,10.75114050455567,HgF3y_gSuKCeZ7GPxr4Mew,603,0,652,5,9201,True,HgF3y_gSuKCeZ7GPxr4Mew
2459,2019,9,379,OSL,59.93205009460922,10.66435750532036,54bcI0mZoOcXTtJ8PCDlXg,1053,2,3404,1,9206,True,54bcI0mZoOcXTtJ8PCDlXg
1291,2017,5,394,OSL,59.92001293056282,10.7614906370179,It1P-_SwjHNGxh65ugA2Gw,1007,2,3405,1,9209,True,It1P-_SwjHNGxh65ugA2Gw
1930,2014,6,461,OSL,59.92607849689656,10.74237557595724,HYVAsJKbV2hvAY-Dw1p4vg,683,0,751,4,9212,True,HYVAsJKbV2hvAY-Dw1p4vg
3592,2019,10,387,OSL,59.94410867525749,10.64712225941622,dhSu_oqh2hKNw80okPV58g,1489,1,3406,1,9223,True,dhSu_oqh2hKNw80okPV58g
4493,2016,5,567,OSL,59.95297547094003,10.75050746357604,YGrvUw90DwPWzTS-CpP-Pg,319,0,330,7,9224,True,YGrvUw90DwPWzTS-CpP-Pg
480,2019,5,224,OSL,59.91002340434991,10.74354759630541,qu_W-mTUTFe38dBCc5UffA,285,0,290,3,9228,True,qu_W-mTUTFe38dBCc5UffA
3123,2017,5,335,OSL,59.93834644682665,10.77190285867935,_s2KlHqH2pow3Ngox-fSYw,46,1,3407,1,9230,True,_s2KlHqH2pow3Ngox-fSYw
4718,2019,8,346,OSL,59.95603987918256,10.69433332487571,85i1XJ11WbSEb6BXSz0ftQ,848,2,3408,1,9237,True,85i1XJ11WbSEb6BXSz0ftQ
821,2019,9,389,OSL,59.91529091377453,10.72559473452925,kJVTEA3Y2sXxHcihPrrpLw,226,0,229,4,9239,True,kJVTEA3Y2sXxHcihPrrpLw
111,2018,12,380,OSL,59.90113255755801,10.67827937079798,IR6h1hEiU3sbfejA5Tlr5g,1240,2,3409,1,9241,True,IR6h1hEiU3sbfejA5Tlr5g
2639,2018,12,375,OSL,59.9330225531555,10.79040113026529,QhXOM9untlOXswbXRsFiag,1328,1,3410,1,9244,True,QhXOM9untlOXswbXRsFiag
1854,2014,6,506,OSL,59.92500734623802,10.7705498490151,9mX-Aio8rqnYwkQckm2JnQ,1453,0,1937,5,9246,True,9mX-Aio8rqnYwkQckm2JnQ
753,2018,12,507,OSL,59.91409954384446,10.73919817842545,vp7iGW_dIWioVRznoQg2XA,1411,0,1850,3,9248,True,vp7iGW_dIWioVRznoQg2XA
2934,2019,8,520,OSL,59.93593509279135,10.77417305810071,VzCCf9DQ4tIeJg-glNRIAw,1613,1,2573,6,9252,True,VzCCf9DQ4tIeJg-glNRIAw
834,2018,12,584,OSL,59.91505562633648,10.74324693319554,tApIQ1bCsIsjy1KPPPPChQ,659,0,721,5,9257,True,tApIQ1bCsIsjy1KPPPPChQ
2877,2009,6,582,OSL,59.93613117838885,10.6850081617624,9-CUF0d-1c3YpjWUozQ4GQ,528,4,3411,1,9259,True,9-CUF0d-1c3YpjWUozQ4GQ
3900,2018,12,367,OSL,59.94699205922422,10.69288585399829,MC4UU3001zys_c4H8vmKjA,933,1,3412,1,9275,True,MC4UU3001zys_c4H8vmKjA
3590,2009,5,557,OSL,59.9428849106996,10.7934270179394,K8See04QI2DfNTO3z1VWZw,707,1,1557,3,9276,True,K8See04QI2DfNTO3z1VWZw
2212,2019,9,445,OSL,59.92894378747385,10.73819778220132,ty-6gqu6b-RJeIzvfhOweA,907,1,3413,1,9277,True,ty-6gqu6b-RJeIzvfhOweA
1810,2009,6,418,OSL,59.92501119009538,10.71638973362327,FLJeWu034hg-A89CA91mkA,1467,0,1963,4,9279,True,FLJeWu034hg-A89CA91mkA
194,2019,6,508,OSL,59.90320009870114,10.68423580423681,1ooafdepysowAEOUgTrX0A,1707,0,2757,5,9288,True,1ooafdepysowAEOUgTrX0A
3201,2019,9,649,OSL,59.93906654233128,10.750031367965,6eB1QmVArH6UUk5h-YPmbA,717,2,3414,1,9289,True,6eB1QmVArH6UUk5h-YPmbA
326,2019,4,356,OSL,59.9060330215984,10.77737582090018,6wELHAn7TzqEaRPhYj1Ung,1618,0,2352,5,9295,True,6wELHAn7TzqEaRPhYj1Ung
906,2016,5,175,OSL,59.91617000765262,10.74416933695082,Yw9aG5J2c1RxiqcOyK271Q,1209,1,3415,1,9297,True,Yw9aG5J2c1RxiqcOyK271Q
3618,2012,10,515,OSL,59.94402937638898,10.69965113862828,u4kmoS4sVgq5UdYehlf6GA,797,1,3416,1,9299,True,u4kmoS4sVgq5UdYehlf6GA
405,2012,10,385,OSL,59.90922988000388,10.68104147478883,XeXC-ztfAyBtbC1eLXWj5A,1097,0,1314,5,9304,True,XeXC-ztfAyBtbC1eLXWj5A
2716,2019,9,312,OSL,59.93397680277178,10.75623047628177,UhxAjRPSjunw3DPBGLJxNg,364,0,379,5,9309,True,UhxAjRPSjunw3DPBGLJxNg
2692,2009,7,582,OSL,59.93473462771269,10.71996391512299,BsI4zOrQX8u7V1Bt6rCk4A,985,2,3417,1,9310,True,BsI4zOrQX8u7V1Bt6rCk4A
1641,2019,9,236,OSL,59.9230627027256,10.77028955662494,KYf5X0P53o_vmpNhXCzQfg,1083,1,3418,1,9318,True,KYf5X0P53o_vmpNhXCzQfg
528,2014,8,566,OSL,59.91108922521525,10.73935460743952,pxHnM7LvTT8ncU6Xx_-WZA,1080,2,3419,1,9319,True,pxHnM7LvTT8ncU6Xx_-WZA
2062,2009,6,428,OSL,59.92681649969136,10.77979043442537,VXGKf-E9sZCDG8BByOAbxQ,88,2,3420,1,9330,True,VXGKf-E9sZCDG8BByOAbxQ
2625,2014,5,391,OSL,59.93277714031177,10.7667914194051,IAehlOXZFERU6V7bWn7ffA,507,3,3421,1,9331,True,IAehlOXZFERU6V7bWn7ffA
2033,2014,6,370,OSL,59.92681004555186,10.74691764161446,Oh4bqN_N6Ra3rus2TL7Zog,256,1,3422,1,9332,True,Oh4bqN_N6Ra3rus2TL7Zog
1151,2009,6,451,OSL,59.91873827581101,10.70553209254636,ZKFx_ueDjQmC6wAGthmaug,1227,0,1526,6,9333,True,ZKFx_ueDjQmC6wAGthmaug
2327,2014,8,232,OSL,59.92979548436725,10.76528459638533,U0yIEW6GI93E6JWh75rzfQ,103,0,103,3,9334,True,U0yIEW6GI93E6JWh75rzfQ
2055,2014,5,365,OSL,59.92698131780125,10.77059081460212,s0tfmfo8ygP6_azRmPUfxQ,1194,0,1473,6,9339,True,s0tfmfo8ygP6_azRmPUfxQ
3200,2019,9,308,OSL,59.9391213105481,10.74626850956258,DnKShAzMrvCbp2lsBKfu3w,318,1,441,3,9340,True,DnKShAzMrvCbp2lsBKfu3w
2543,2009,6,146,OSL,59.93175357308467,10.78642328808194,C7vrHUBqmOAGd-x9TDKO_w,1140,0,1380,6,9342,True,C7vrHUBqmOAGd-x9TDKO_w
1909,2018,12,297,OSL,59.92601706947937,10.71749112994,mESQ2HMILXZdaq9kVxOXQw,709,2,2568,4,9343,True,mESQ2HMILXZdaq9kVxOXQw
1290,2009,7,598,OSL,59.92013443554922,10.76040789315389,VySdTBr2eJh8sRtD7Ttb-g,1179,1,3423,1,9345,True,VySdTBr2eJh8sRtD7Ttb-g
4925,2018,12,465,OSL,59.95805921590346,10.78298711901677,tJD7PBJ3HEOuuqJ3Z5HOsQ,574,3,3424,1,9347,True,tJD7PBJ3HEOuuqJ3Z5HOsQ
1455,2014,8,435,OSL,59.92205517968216,10.68252501476462,BkwOK73zV0qkikx78N_swg,298,1,3425,1,9350,True,BkwOK73zV0qkikx78N_swg
1281,2009,7,433,OSL,59.91996069498393,10.7433804264147,tUSi71ugAaEkYn9rJdP2wQ,513,4,3426,1,9351,True,tUSi71ugAaEkYn9rJdP2wQ
3305,2017,5,324,OSL,59.94009112694282,10.76018998261918,1UzO1IxkV1ZwU2HS1uuwgg,77,1,2469,4,9352,True,1UzO1IxkV1ZwU2HS1uuwgg
1702,2014,5,324,OSL,59.92406523879347,10.710116979112,9Qo78jG6xVPlO0Q9JbktNg,317,1,3427,1,9356,True,9Qo78jG6xVPlO0Q9JbktNg
1450,2014,6,455,OSL,59.9220455168618,10.67317793146411,hItX72H7GIoPR8hzjFzXqA,418,0,436,3,9358,True,hItX72H7GIoPR8hzjFzXqA
3144,2018,12,395,OSL,59.93888783595589,10.66978330277414,Y8xWRttk-GWd_ToIeXCkSQ,1480,2,3428,1,9360,True,Y8xWRttk-GWd_ToIeXCkSQ
1385,2014,8,194,OSL,59.92098396898371,10.73652355878199,duOfc7bo3h-N0P-FzGoohQ,548,1,1144,4,9363,True,duOfc7bo3h-N0P-FzGoohQ
3261,2012,10,469,OSL,59.93982591330853,10.69787450944218,2PMpMcOrUy9nO5_VdVt0mA,925,1,2678,5,9373,True,2PMpMcOrUy9nO5_VdVt0mA
4924,2018,12,510,OSL,59.95797120026204,10.78296186098614,iV9iQGZ5L_touBy2C1aZxA,574,4,3429,1,9374,True,iV9iQGZ5L_touBy2C1aZxA
1357,2019,9,185,OSL,59.92136261837386,10.70360223953909,Wrb2-s-2M3cHgvwIW62z9g,1371,0,1771,4,9375,True,Wrb2-s-2M3cHgvwIW62z9g
2206,2014,8,340,OSL,59.92897710280135,10.73272899480602,B2wV1r4xElQAehwap0nGTg,1734,2,3430,1,9382,True,B2wV1r4xElQAehwap0nGTg
1245,2012,10,185,OSL,59.92004072489833,10.70054840641555,PP4RkVx_xIXTZOrZo1a7NA,1577,0,2241,4,9383,True,PP4RkVx_xIXTZOrZo1a7NA
2802,2018,12,439,OSL,59.93505177694453,10.72731900509013,bmUut6gwi-1tFECs2IFl8w,860,4,3431,1,9386,True,bmUut6gwi-1tFECs2IFl8w
991,2009,6,261,OSL,59.91701360631795,10.74765506868158,528exol8nFYm4hYotaklDA,847,2,3432,1,9405,True,528exol8nFYm4hYotaklDA
4120,2019,10,430,OSL,59.94907090033244,10.76049302192969,NtJjF9sXm1Fa0zNsGxcwKA,1593,1,3433,1,9406,True,NtJjF9sXm1Fa0zNsGxcwKA
1126,2014,5,511,OSL,59.91880831214015,10.66755549501293,KlG_sVcim1BHA92vxLNmKQ,1425,0,1875,13,9411,True,KlG_sVcim1BHA92vxLNmKQ
2436,2019,9,318,OSL,59.9310087340278,10.78151913914554,ofbEG8J3DeBPk0ifLkD_rQ,1285,1,1739,3,9417,True,ofbEG8J3DeBPk0ifLkD_rQ
1192,2009,6,237,OSL,59.91908251182355,10.7625338621517,lMTQdGQXlhI0XohyYwqzfg,1680,1,2583,3,9418,True,lMTQdGQXlhI0XohyYwqzfg
3378,2019,9,308,OSL,59.94106832877724,10.74845547265771,kkGc4N_q_2EsBx3f2PkIgA,1736,2,3434,1,9429,True,kkGc4N_q_2EsBx3f2PkIgA
155,2017,5,495,OSL,59.90208529714143,10.68435879536147,KBSjsmS_iFzWsOl7R-hj7Q,1696,1,2723,3,9430,True,KBSjsmS_iFzWsOl7R-hj7Q
1632,2014,5,371,OSL,59.92300137697354,10.75733549407123,v6RWoU9bL87ZHFmaKJrPNw,1475,1,3435,1,9431,True,v6RWoU9bL87ZHFmaKJrPNw
3191,2009,6,296,OSL,59.93909059511687,10.73194246650328,KvgN15N71nTSbPxP6l4ksw,714,2,2572,4,9436,True,KvgN15N71nTSbPxP6l4ksw
2850,2019,7,391,OSL,59.93509875483896,10.79143466973963,kPeJso87hzktgRcT7mkSRQ,283,2,3436,1,9437,True,kPeJso87hzktgRcT7mkSRQ
407,2019,10,393,OSL,59.90867693523114,10.68274799912153,eXiklyX2F9cGDd34TPBTVQ,1213,0,1501,5,9438,True,eXiklyX2F9cGDd34TPBTVQ
3425,2019,10,421,OSL,59.9421174303349,10.68172007025628,IQsDgozXc2Kj3QimIbKBtQ,1374,3,3437,1,9439,True,IQsDgozXc2Kj3QimIbKBtQ
534,2009,6,558,OSL,59.91089326254394,10.74538193732057,BlWVE76075qiz6kwPLSglw,133,1,792,3,9442,True,BlWVE76075qiz6kwPLSglw
4084,2012,10,267,OSL,59.94941038376555,10.69747962178694,nxbUr3fqhYyxBnwqdpdwdA,1255,2,3438,1,9444,True,nxbUr3fqhYyxBnwqdpdwdA
2706,2009,6,375,OSL,59.93394410671075,10.74053780724099,YtEVBgVVpGr0m_fmHD9GhQ,1175,0,1441,3,9447,True,YtEVBgVVpGr0m_fmHD9GhQ
583,2018,12,161,OSL,59.91209234462497,10.70245310634069,gwKT4Fm4TNygAlwh5OL-Sw,497,0,533,15,9459,True,gwKT4Fm4TNygAlwh5OL-Sw
459,2018,12,158,OSL,59.91000192758278,10.68031792143661,xZ_5oHInyl0TBla9lgi7fw,632,0,689,5,9469,True,xZ_5oHInyl0TBla9lgi7fw
3916,2012,10,405,OSL,59.94703193372945,10.71834327850168,zrdriAmPIviTbhQHPhGgjw,673,2,3439,1,9470,True,zrdriAmPIviTbhQHPhGgjw
135,2017,7,413,OSL,59.9010479010087,10.77828435380301,Wa5fHpD0GQxGHVp1ADSsTw,208,2,3440,1,9478,True,Wa5fHpD0GQxGHVp1ADSsTw
1704,2018,12,566,OSL,59.92406651570921,10.71230186902261,hJqJcqxcNjkXLZGMgWd_SQ,1545,0,2153,3,9484,True,hJqJcqxcNjkXLZGMgWd_SQ
3804,2018,12,159,OSL,59.94618559234257,10.69263255109178,SnmlC9DaUMsdisWpbIo4zA,1190,1,3441,1,9488,True,SnmlC9DaUMsdisWpbIo4zA
3389,2014,6,571,OSL,59.94122892027939,10.77282543377498,T6pwyOjbtgOiH3VEt0UhxQ,804,1,3442,1,9489,True,T6pwyOjbtgOiH3VEt0UhxQ
1702,2019,9,513,OSL,59.92409352481286,10.71015009873138,Z4pgRdYFTcaYKw04e-WtCg,317,0,328,4,9491,True,Z4pgRdYFTcaYKw04e-WtCg
3129,2009,6,280,OSL,59.93809667463701,10.77779063395193,E_8nM2MW60zhJx7ZXVtRtw,236,6,3443,1,9492,True,E_8nM2MW60zhJx7ZXVtRtw
1556,2018,12,496,OSL,59.92295558168776,10.66627426262928,yj9h64njfsM8pCFSUnMtqA,1444,0,1915,4,9495,True,yj9h64njfsM8pCFSUnMtqA
2332,2019,9,428,OSL,59.93030113436522,10.77001712178378,uzMAZQ9Twfpr2GbbTyNjXg,398,0,415,9,9496,True,uzMAZQ9Twfpr2GbbTyNjXg
1556,2019,10,308,OSL,59.92295084108234,10.66629576402098,7nzI5LCIMQ4er-44Z1hYJw,1444,2,3444,1,9502,True,7nzI5LCIMQ4er-44Z1hYJw
2130,2019,9,550,OSL,59.92778349178418,10.74884204346694,rDJVODZymh2-otxnT2-nNQ,194,0,196,5,9507,True,rDJVODZymh2-otxnT2-nNQ
1195,2014,5,425,OSL,59.91905194725538,10.76546627027143,J_U5Q1iHulsCAfqcbzI-Rw,486,0,520,4,9509,True,J_U5Q1iHulsCAfqcbzI-Rw
110,2019,6,318,OSL,59.90095920968084,10.67626844280361,k1ZlHTMbS4K9-vwjXKz33g,1694,0,2696,6,9514,True,k1ZlHTMbS4K9-vwjXKz33g
2682,2014,8,197,OSL,59.9341590735652,10.70496511625269,r3RXW8NNI81HwL13TDMdxg,294,1,639,4,9516,True,r3RXW8NNI81HwL13TDMdxg
2063,2014,6,189,OSL,59.92703942391218,10.78041436282555,FMmrPIH_eyuISyFj_eCIXg,462,2,3445,1,9518,True,FMmrPIH_eyuISyFj_eCIXg
3000,2012,10,487,OSL,59.93730402023889,10.72608582733867,-S1zWK8A1d9NH8ZvfVjeFw,1729,2,3446,1,9519,True,-S1zWK8A1d9NH8ZvfVjeFw
2657,2009,5,431,OSL,59.93387942590525,10.67044451161193,4KTkbbmWgxA1PDPCoWhkbQ,1648,2,3447,1,9525,True,4KTkbbmWgxA1PDPCoWhkbQ
1573,2019,9,462,OSL,59.92302321464911,10.68745568572143,PAQ8Qn7XgQvApvcm2bXaaA,1549,2,3448,1,9526,True,PAQ8Qn7XgQvApvcm2bXaaA
4925,2019,7,642,OSL,59.95803285970012,10.78298579932727,N3Fj4APocDyeDdqcoeiv4w,574,2,1034,3,9529,True,N3Fj4APocDyeDdqcoeiv4w
964,2009,6,471,OSL,59.9170925799671,10.70546537362352,mMa1DT1Z4-QfxYsg2waArA,1445,0,1916,4,9530,True,mMa1DT1Z4-QfxYsg2waArA
2323,2017,5,488,OSL,59.9301359813305,10.75527270708289,LnFeMo37JGxrn42M96hOjQ,711,1,3449,1,9548,True,LnFeMo37JGxrn42M96hOjQ
1601,2019,10,412,OSL,59.9230518044178,10.72049334218846,1gtIzCnfEeCZIcsgWZoqJw,1150,0,1400,4,9551,True,1gtIzCnfEeCZIcsgWZoqJw
3157,2014,5,436,OSL,59.93901747750663,10.68832499300997,ycwLIxZtRXssevvxVJzqSQ,940,0,1104,5,9553,True,ycwLIxZtRXssevvxVJzqSQ
1929,2019,9,195,OSL,59.92585086867408,10.74208754539841,fd1L5XyHeiFjd7xz3cVz7g,1229,0,1529,4,9557,True,fd1L5XyHeiFjd7xz3cVz7g
816,2018,12,349,OSL,59.91502423602176,10.7194902647975,z3CNuobTT0jQ04QVNP9rLw,1224,1,3450,1,9562,True,z3CNuobTT0jQ04QVNP9rLw
3869,2019,7,355,OSL,59.94601891733879,10.78320543373642,wx2SwwKD7rRzOTXD_3EJHg,1566,1,3451,1,9567,True,wx2SwwKD7rRzOTXD_3EJHg
4917,2017,6,398,OSL,59.95783734555191,10.77440299773708,0jcKdKqMeaB-eAMQ2WLhQg,568,1,1446,4,9574,True,0jcKdKqMeaB-eAMQ2WLhQg
3490,2010,9,669,OSL,59.94189690402732,10.78284850974266,lKupY-vXdh2XBmLVITmjQQ,206,1,349,3,9577,True,lKupY-vXdh2XBmLVITmjQQ
1932,2019,9,334,OSL,59.92613906183118,10.74425232445252,-u42Xf6kL9VHEjypVINtWw,1342,2,3452,1,9579,True,-u42Xf6kL9VHEjypVINtWw
3121,2009,6,64,OSL,59.93779319317829,10.77063535350855,lL87p1841FjcYLJ_p8fG2w,815,2,3453,1,9582,True,lL87p1841FjcYLJ_p8fG2w
2166,2018,12,224,OSL,59.92871731754411,10.64843764946496,hRm_zL2qJW6PW4e3HvLSCw,983,0,1164,3,9591,True,hRm_zL2qJW6PW4e3HvLSCw
1745,2019,9,692,OSL,59.92393619492508,10.76484259558822,cgFl9n-XMcgbGNHMOtAtEA,300,1,3454,1,9592,True,cgFl9n-XMcgbGNHMOtAtEA
2877,2019,10,397,OSL,59.9360864087015,10.68500654680032,oSXTjCyzYvcyf6mLwnl8ig,528,3,1192,5,9596,True,oSXTjCyzYvcyf6mLwnl8ig
1411,2014,8,612,OSL,59.9210005314748,10.7714797513487,5lKdZ0zbxq4Wp1Zsu3GUzQ,1423,0,1873,4,9598,True,5lKdZ0zbxq4Wp1Zsu3GUzQ
3930,2019,9,624,OSL,59.94711602950964,10.74386353819078,farYQB9dVEh2qmDiF5snpQ,244,0,249,4,9599,True,farYQB9dVEh2qmDiF5snpQ
1239,2014,8,462,OSL,59.92008933920985,10.69414001129234,F4UaJM0TcIJS_H-yt70tFw,1636,0,2425,4,9600,True,F4UaJM0TcIJS_H-yt70tFw
3431,2012,10,325,OSL,59.94191446593354,10.68749822523423,uaRyVb97g-W4vg2mFl01uA,1464,2,3455,1,9601,True,uaRyVb97g-W4vg2mFl01uA
4778,2019,10,464,OSL,59.95667829959525,10.66961522851711,94iC1vMWLr_vCzQIq4xSTA,807,3,3456,1,9606,True,94iC1vMWLr_vCzQIq4xSTA
1998,2019,9,199,OSL,59.92705849654803,10.67761546736981,6WS0O3zeMUIghyKyBYpoIQ,1476,1,3457,1,9607,True,6WS0O3zeMUIghyKyBYpoIQ
375,2014,5,196,OSL,59.90807680749634,10.74157857870786,34MG_A-2UiT5-nR5dBBj0w,572,1,3458,1,9608,True,34MG_A-2UiT5-nR5dBBj0w
2920,2019,10,606,OSL,59.93600902239881,10.76045929166455,wQdS03QA9MZ_Xy1JPjpGVg,1679,1,3459,1,9613,True,wQdS03QA9MZ_Xy1JPjpGVg
965,2014,5,341,OSL,59.9168425679311,10.70602975922741,M1HtCDhb3ipNqwfa1n3iHg,961,1,3151,4,9614,True,M1HtCDhb3ipNqwfa1n3iHg
4176,2019,10,367,OSL,59.9500276615758,10.69459267690961,ngIO3qjUuCS47oXSEZRJuw,858,1,3460,1,9620,True,ngIO3qjUuCS47oXSEZRJuw
527,2018,12,466,OSL,59.91115407154602,10.73805197806939,UdlORsGrci7kwxHSIOAxZw,1752,1,3461,1,9621,True,UdlORsGrci7kwxHSIOAxZw
420,2009,7,183,OSL,59.90924752194058,10.74353791288633,lroEuo-RxsVSe6zhtlXNew,1113,2,3462,1,9622,True,lroEuo-RxsVSe6zhtlXNew
4004,2019,10,250,OSL,59.94806552332397,10.72342368879879,R8mBg015qMVIgDJ4nAUHlQ,316,1,1135,3,9623,True,R8mBg015qMVIgDJ4nAUHlQ
3018,2019,10,123,OSL,59.93741485770793,10.75838449483138,ydZx5ldEUQBM4XBOjedVSg,1379,1,2524,4,9634,True,ydZx5ldEUQBM4XBOjedVSg
1931,2018,12,563,OSL,59.92593817426791,10.74397447134262,lm-dJ-DSefpeLR_mFumukg,1616,2,3463,1,9635,True,lm-dJ-DSefpeLR_mFumukg
1349,2012,10,508,OSL,59.92088504083384,10.6946837594009,9JQQn1XuwfuVmcFbtluGcA,607,0,658,6,9636,True,9JQQn1XuwfuVmcFbtluGcA
921,2019,9,269,OSL,59.91592169821488,10.76496652005723,KkPzy_nmB-KA9lqSDMS2DA,1517,0,2078,3,9637,True,KkPzy_nmB-KA9lqSDMS2DA
2359,2019,9,261,OSL,59.93096609760203,10.66263618496336,cX97SYEOMH70oj-UNLY-PA,1177,2,3464,1,9643,True,cX97SYEOMH70oj-UNLY-PA
1392,2017,5,118,OSL,59.92118816499146,10.7524276467214,MVbjwsChlv7MOHAhHYph4w,171,0,173,3,9651,True,MVbjwsChlv7MOHAhHYph4w
2266,2019,10,361,OSL,59.93035217362296,10.6730685583161,kQ7uKO97qTGoUN2RrHqJew,266,1,3465,1,9653,True,kQ7uKO97qTGoUN2RrHqJew
4497,2019,6,112,OSL,59.9531352105543,10.7544284820425,hHSp32E-6IVc8c9oxrXMCQ,818,0,934,7,9656,True,hHSp32E-6IVc8c9oxrXMCQ
124,2018,12,301,OSL,59.90092041976303,10.75868943738121,KG-pTEZ2fGCveqksTL8GDA,1743,1,3466,1,9658,True,KG-pTEZ2fGCveqksTL8GDA
1616,2018,12,79,OSL,59.92314138590761,10.73647544929487,aHqYNxDprzeN-8ZrwT7r6A,1148,3,3467,1,9660,True,aHqYNxDprzeN-8ZrwT7r6A
2286,2009,6,537,OSL,59.93002508093014,10.7074193167824,IoPQm-ZFK2XVMo9wG35svw,1718,2,3468,1,9661,True,IoPQm-ZFK2XVMo9wG35svw
1717,2018,12,618,OSL,59.92407297592303,10.72836113421237,CeeWgby636D3x8jcYmWl-g,63,1,3469,1,9668,True,CeeWgby636D3x8jcYmWl-g
1632,2017,5,196,OSL,59.92301797100831,10.75731122225852,GhvTbHldX4qpUsCCgw7ZyQ,1475,0,1976,5,9670,True,GhvTbHldX4qpUsCCgw7ZyQ
3922,2018,12,188,OSL,59.94713457481511,10.73517805950091,CadsELov0dPzb189DZylww,737,1,2677,4,9678,True,CadsELov0dPzb189DZylww
1481,2009,6,468,OSL,59.92209362219936,10.71142182466457,7sGkFBT3nWb2S56p8m0IWg,911,0,1061,5,9682,True,7sGkFBT3nWb2S56p8m0IWg
3007,2018,12,259,OSL,59.93726503872089,10.74118604237368,l3OTgKC5cfr_di_nDsFVKw,1381,0,1792,3,9685,True,l3OTgKC5cfr_di_nDsFVKw
1345,2018,12,506,OSL,59.92107071853123,10.68443480499637,0tJycw3LR10e-InmEH6yag,346,0,359,7,9687,True,0tJycw3LR10e-InmEH6yag
1872,2014,8,115,OSL,59.9250909902841,10.78952434399681,rM-qVkAPhBFT-hZhY7B17g,1664,2,3470,1,9691,True,rM-qVkAPhBFT-hZhY7B17g
4174,2018,12,405,OSL,59.94988825496993,10.69199150645098,2Ag2wQoTK70LdLF3TjkoKA,953,1,3471,1,9692,True,2Ag2wQoTK70LdLF3TjkoKA
4231,2019,10,238,OSL,59.94983003410088,10.78617400221608,wACDLIYt5ioTzspUSyIfiw,1067,2,3472,1,9693,True,wACDLIYt5ioTzspUSyIfiw
3994,2019,10,284,OSL,59.94797198581728,10.70439358390468,7HJG4Dti492CzCD7eTta3A,1236,1,3204,4,9694,True,7HJG4Dti492CzCD7eTta3A
3320,2018,12,255,OSL,59.94012629528765,10.78161618706779,XGeAnXrTJo3T8pNrxNDDGw,1473,0,1972,3,9700,True,XGeAnXrTJo3T8pNrxNDDGw
3830,2019,9,511,OSL,59.94600053009153,10.73344956145428,0SkMPEBg2cWStHlzV_t4kA,1331,2,3473,1,9704,True,0SkMPEBg2cWStHlzV_t4kA
3351,2018,12,274,OSL,59.94136885138043,10.70087526522556,UsQ4dYLXwSdWEKPpU1u5kw,784,0,892,3,9710,True,UsQ4dYLXwSdWEKPpU1u5kw
1667,2012,10,600,OSL,59.9240689024333,10.65508759273343,cl8SkQdxEd1affA1v1azFQ,723,2,3474,1,9711,True,cl8SkQdxEd1affA1v1azFQ
3886,2016,5,347,OSL,59.94668835103688,10.6563849408374,s6d8BCVtkmU9tX9pu-1x-A,678,0,746,6,9714,True,s6d8BCVtkmU9tX9pu-1x-A
481,2014,8,110,OSL,59.91030315230974,10.74469244199847,JsN0pzlQvCpzUnrkqaxkMA,1340,0,1716,5,9722,True,JsN0pzlQvCpzUnrkqaxkMA
2168,2009,5,227,OSL,59.92876702813272,10.65043312125978,je63Pg4iua3MejkokIDowg,44,0,44,5,9723,True,je63Pg4iua3MejkokIDowg
4341,2017,6,186,OSL,59.95094681281275,10.79298743271438,8gCqyo8MF9ElcKoyFLZ2YQ,1319,0,1684,5,9725,True,8gCqyo8MF9ElcKoyFLZ2YQ
1563,2017,5,144,OSL,59.92326585833273,10.67673983396564,ccsHsZ6l18hY7gVLpaCRyA,95,2,886,3,9728,True,ccsHsZ6l18hY7gVLpaCRyA
2342,2019,9,447,OSL,59.93029500344577,10.78196513863925,AT83tLTWwvQ9BSHE3-vBSQ,1108,0,1328,6,9734,True,AT83tLTWwvQ9BSHE3-vBSQ
3013,2017,5,709,OSL,59.93708953431439,10.75215908908678,FrlAzEYZ-od_kZXyamJ3dA,1274,1,3475,1,9735,True,FrlAzEYZ-od_kZXyamJ3dA
2985,2012,10,196,OSL,59.9370548926037,10.69843083831175,8KMJYbUTsmoxBSevOOnbQg,581,1,1266,3,9736,True,8KMJYbUTsmoxBSevOOnbQg
1054,2009,6,609,OSL,59.91795746561287,10.7089423120936,iLncaJ0bqqL2oz1XikXEbA,1527,1,3476,1,9739,True,iLncaJ0bqqL2oz1XikXEbA
1830,2017,5,273,OSL,59.92501701865833,10.73955830046246,tHeoEM0te64TEyN-ZfO8Mg,516,1,3477,1,9750,True,tHeoEM0te64TEyN-ZfO8Mg
2238,2017,5,551,OSL,59.92902152016892,10.77785918910099,biVyUmZPOO1dHc_WYEWM0w,197,0,199,7,9754,True,biVyUmZPOO1dHc_WYEWM0w
