place_id,year,month,northdeg,city_id,lat,lon,panoid,spatial_cluster_id,heading_cluster_id,cluster_id,cluster_size,cluster_center_index,is_cluster_center,cluster_center_panoid
1867,2018,10,115,WashingtonDC,38.91990872964759,-77.04943050062093,yzdbBED6VKBXtj_YOobdwQ,1,0,1,1,1,True,yzdbBED6VKBXtj_YOobdwQ
1963,2009,7,382,WashingtonDC,38.92076269222978,-77.00261626576862,4117Ky0tbrhRTq3VLE1_hg,3,0,3,6,3,True,4117Ky0tbrhRTq3VLE1_hg
1033,2019,7,367,WashingtonDC,38.90468792123487,-77.01251806762191,8j36LleQv6QGzYW-5BdjcQ,8,0,8,1,8,True,8j36LleQv6QGzYW-5BdjcQ
406,2018,10,412,WashingtonDC,38.8941325953398,-76.99958986179941,Ll4Heu3HuEGhAz6u9G-SyQ,9,0,9,2,9,True,Ll4Heu3HuEGhAz6u9G-SyQ
898,2014,6,441,WashingtonDC,38.90263084292544,-77.0305303940666,_0EB89LoZCXHBHWSD5dTtg,11,0,11,4,11,True,_0EB89LoZCXHBHWSD5dTtg
1061,2018,10,305,WashingtonDC,38.90578235620275,-77.03855111092419,MkQE4zn_ALf4zvHuWcIKvw,13,0,13,7,13,True,MkQE4zn_ALf4zvHuWcIKvw
731,2011,6,447,WashingtonDC,38.89985661441759,-77.01955198221404,gNQvWZf_vro1MkiSfg10xA,21,0,21,8,21,True,gNQvWZf_vro1MkiSfg10xA
1526,2011,8,297,WashingtonDC,38.91408762576972,-77.03753708619533,ExQkx3AECONBuoq9dDkj7Q,27,0,27,2,27,True,ExQkx3AECONBuoq9dDkj7Q
818,2018,10,256,WashingtonDC,38.90191910340364,-77.04851657153961,EKYvAhpw66GzbKLDu5f9zw,31,0,31,10,32,True,EKYvAhpw66GzbKLDu5f9zw
1698,2012,5,357,WashingtonDC,38.91684088870655,-77.04155105747333,JH4oduLpil_mHIGvnXwuwA,45,0,45,3,46,True,JH4oduLpil_mHIGvnXwuwA
1223,2018,10,690,WashingtonDC,38.90879570209907,-77.04663898049272,-FUrwxt4II1zENSHtWgmjA,51,0,51,9,52,True,-FUrwxt4II1zENSHtWgmjA
1448,2019,9,357,WashingtonDC,38.91287636236189,-77.05347063270668,hDW_z3m1VpSg-t6OTjQo_g,54,0,54,12,55,True,hDW_z3m1VpSg-t6OTjQo_g
1345,2014,4,334,WashingtonDC,38.91078318822122,-77.04875935231723,kAPAIZIXvdjuKGsXtcJ7Wg,55,0,55,9,56,True,kAPAIZIXvdjuKGsXtcJ7Wg
359,2018,10,353,WashingtonDC,38.89376956306964,-77.0434389612343,ZXB_DVZCYiEnzC93Vr3Aag,58,0,58,4,59,True,ZXB_DVZCYiEnzC93Vr3Aag
1225,2018,9,31,WashingtonDC,38.90875520139891,-77.04931785042416,jLkucv6BGCdJ0lGb57CEDg,59,0,59,7,60,True,jLkucv6BGCdJ0lGb57CEDg
1257,2014,5,320,WashingtonDC,38.90856289039788,-77.01851240928009,-lKosKyNLeQ5RSTM5zvujA,61,0,61,5,62,True,-lKosKyNLeQ5RSTM5zvujA
1625,2009,7,341,WashingtonDC,38.91557865303028,-77.05452497075188,QHce3SNKzv9uOHMvGBwCXA,65,0,65,1,66,True,QHce3SNKzv9uOHMvGBwCXA
1569,2014,4,282,WashingtonDC,38.91479603656101,-77.05062870270815,tGTkL_QCh95ssN4qiZ8EMA,66,0,66,1,67,True,tGTkL_QCh95ssN4qiZ8EMA
558,2018,7,253,WashingtonDC,38.8968277962644,-77.0229584251226,kce1PUKLwfy-EanixEL2zg,70,0,70,4,72,True,kce1PUKLwfy-EanixEL2zg
1420,2019,7,426,WashingtonDC,38.91186790876773,-77.03053287674102,9655YFJANDB_O4ODchlGmA,71,0,71,9,73,True,9655YFJANDB_O4ODchlGmA
1600,2016,10,497,WashingtonDC,38.91483377974218,-77.02459980149766,WIDPZMO4qRV6BapYppbCGw,75,0,75,6,77,True,WIDPZMO4qRV6BapYppbCGw
455,2014,5,399,WashingtonDC,38.89481033290451,-77.0055920227524,cG6AqKg7hGby0NmuKp2chg,78,0,79,2,81,True,cG6AqKg7hGby0NmuKp2chg
1581,2018,8,583,WashingtonDC,38.91483493620885,-77.04057360048091,TiRrt27lnJx1Qz6C3V0iqQ,90,0,91,7,93,True,TiRrt27lnJx1Qz6C3V0iqQ
1750,2009,7,439,WashingtonDC,38.91767261968528,-77.047465871045,BOC4PzhoTuBVWtTcOCG_bg,98,0,99,1,101,True,BOC4PzhoTuBVWtTcOCG_bg
767,2016,11,277,WashingtonDC,38.90068852147873,-77.04753548866577,JgBloTMNvn9uMthwy9Fn0w,103,0,104,7,106,True,JgBloTMNvn9uMthwy9Fn0w
1331,2018,10,423,WashingtonDC,38.90988221104489,-77.00159336472437,9asv76mAiHxPAfzWCCUTag,104,0,105,9,107,True,9asv76mAiHxPAfzWCCUTag
1265,2019,11,525,WashingtonDC,38.9085765494512,-77.01061336850945,LTTtwwXYU0dsngK5NCZfEg,109,0,110,1,112,True,LTTtwwXYU0dsngK5NCZfEg
1915,2011,6,236,WashingtonDC,38.92101975996568,-77.05544709649293,CFN2xfsVV4mhIMEc_zyAEA,112,0,113,3,115,True,CFN2xfsVV4mhIMEc_zyAEA
1621,2011,6,396,WashingtonDC,38.91573630901895,-77.05257612401293,3c7EJBAm7IQwwlMC-hHJWQ,116,0,117,3,119,True,3c7EJBAm7IQwwlMC-hHJWQ
476,2018,10,307,WashingtonDC,38.89580376039074,-77.03943689345134,os8G-rE309j-jBk8mxzAUA,107,0,108,6,136,True,os8G-rE309j-jBk8mxzAUA
1417,2007,9,554,WashingtonDC,38.91177953458464,-77.02705456778321,b_BYa4LZ3MOWhv_9CCbn3A,63,0,63,10,137,True,b_BYa4LZ3MOWhv_9CCbn3A
1645,2016,10,368,WashingtonDC,38.91557557159089,-77.03563012114799,9TxEHN99QSOHMobLUYEnnQ,135,0,136,9,141,True,9TxEHN99QSOHMobLUYEnnQ
161,2017,7,291,WashingtonDC,38.88906062009742,-77.01213457906383,CnT_YObizPDUq0w59Zru0A,140,0,141,7,146,True,CnT_YObizPDUq0w59Zru0A
709,2018,10,455,WashingtonDC,38.89980723140891,-77.03945145445375,HJEl3Dn7eUxDMa9NvjL0Qw,161,0,162,2,169,True,HJEl3Dn7eUxDMa9NvjL0Qw
29,2019,6,181,WashingtonDC,38.8875298253887,-77.0225295230909,StsoIJqyi0TIVgzHWGVSYA,167,0,168,7,176,True,StsoIJqyi0TIVgzHWGVSYA
975,2017,6,271,WashingtonDC,38.90372543964649,-77.00558952280639,1UL5TkseSA2gqTR238URcw,168,0,169,3,177,True,1UL5TkseSA2gqTR238URcw
991,2019,10,588,WashingtonDC,38.90499424049633,-77.04781953800739,-lH4ZslYatZMlKZcQ5vkFw,173,0,174,3,182,True,-lH4ZslYatZMlKZcQ5vkFw
1816,2008,6,407,WashingtonDC,38.91852826854516,-77.03839929709605,FdQmSWFDSSdpV1vECPD8yw,174,0,175,5,183,True,FdQmSWFDSSdpV1vECPD8yw
1198,2014,5,524,WashingtonDC,38.90724064582514,-77.01661541625667,lMWX40LBxYsvryaT7LEelA,176,0,177,2,185,True,lMWX40LBxYsvryaT7LEelA
1325,2009,7,308,WashingtonDC,38.90964383753703,-77.00961859148912,c01a3CqcXCZe34E52VsnLA,189,0,190,7,198,True,c01a3CqcXCZe34E52VsnLA
988,2014,4,308,WashingtonDC,38.90483563238612,-77.05328866938616,jtxHVQ8eQ5k69XEiAG8-dQ,151,1,191,4,200,True,jtxHVQ8eQ5k69XEiAG8-dQ
1068,2018,9,307,WashingtonDC,38.90565733159971,-77.03065585372117,Qsgh4lTdRbCmE58TfdBERQ,191,0,193,3,204,True,Qsgh4lTdRbCmE58TfdBERQ
1705,2017,7,320,WashingtonDC,38.91683415621222,-77.03652237455668,Os__88pMSUn0ma_QK2yxBA,198,0,200,8,213,True,Os__88pMSUn0ma_QK2yxBA
1746,2007,9,217,WashingtonDC,38.9177588210235,-77.04961242984962,fsDLVw_7I-3WvaphgMyTeA,210,0,213,3,226,True,fsDLVw_7I-3WvaphgMyTeA
1534,2014,5,423,WashingtonDC,38.91373873992731,-77.0295983688163,CE6LHPA-y63O1X4RZQ3AGw,211,0,214,8,227,True,CE6LHPA-y63O1X4RZQ3AGw
427,2007,8,347,WashingtonDC,38.89479174012687,-77.03359703056678,eN2ov_3aey__OxteVn9UJA,216,0,219,5,233,True,eN2ov_3aey__OxteVn9UJA
1206,2012,5,486,WashingtonDC,38.90723995845158,-77.01348135245948,JzpemAIH4GVYjjuHt-4FrQ,217,0,220,4,234,True,JzpemAIH4GVYjjuHt-4FrQ
1766,2017,7,621,WashingtonDC,38.91810783329305,-77.03054618950617,LMmtPV3sd2rIXk5Si5tz9A,223,0,226,8,242,True,LMmtPV3sd2rIXk5Si5tz9A
1780,2018,10,525,WashingtonDC,38.91783265602734,-77.01886198485408,mSRzEv7EydBc70jqZuBGkg,226,0,229,2,245,True,mSRzEv7EydBc70jqZuBGkg
1718,2019,7,372,WashingtonDC,38.91678364619067,-77.01870609557933,vI1aAbRJyz-H7L7dAgHG1g,231,0,234,6,251,True,vI1aAbRJyz-H7L7dAgHG1g
514,2018,10,348,WashingtonDC,38.89583022150382,-77.00658938450299,MdwImPTA4j5MOZbP-6eWYA,241,0,244,1,262,True,MdwImPTA4j5MOZbP-6eWYA
1282,2007,8,302,WashingtonDC,38.9096193576497,-77.04755471802086,Af9t1ZQjKrR9n6Iv3gjicQ,243,0,246,1,265,True,Af9t1ZQjKrR9n6Iv3gjicQ
1162,2014,8,549,WashingtonDC,38.90777217195364,-77.05452339568984,dww0VjpsMRo1Mn2sZTtMDA,250,0,253,14,274,True,dww0VjpsMRo1Mn2sZTtMDA
977,2017,7,478,WashingtonDC,38.90376324445707,-77.00857229482042,IHYCyJ0fSmaGhsELH8m_KQ,251,0,254,2,275,True,IHYCyJ0fSmaGhsELH8m_KQ
745,2007,11,126,WashingtonDC,38.90014006608936,-77.00454330215015,Yc4urGfAi_TcqNauub1N4Q,252,0,255,8,276,True,Yc4urGfAi_TcqNauub1N4Q
1358,2007,8,168,WashingtonDC,38.91112821464498,-77.03253309110276,AC30va49qmENb9E_ZoQuKg,258,0,261,12,285,True,AC30va49qmENb9E_ZoQuKg
1754,2011,6,581,WashingtonDC,38.91781746803277,-77.04063042489862,UbOio0q0LZ8uGNkKs2Ccmw,261,0,264,2,286,True,UbOio0q0LZ8uGNkKs2Ccmw
1350,2011,8,351,WashingtonDC,38.91077391488824,-77.03850026483885,53cM6nhCqqzlzwi_dDVORA,265,0,268,10,290,True,53cM6nhCqqzlzwi_dDVORA
179,2017,7,55,WashingtonDC,38.89101321702989,-77.05422691873345,Y_3-hISe7bgzUzuL47gkbQ,128,1,271,9,295,True,Y_3-hISe7bgzUzuL47gkbQ
270,2018,7,340,WashingtonDC,38.89179584975314,-77.01644910563566,GCBwFxELlisGl4FOIGlb5A,276,0,281,4,306,True,GCBwFxELlisGl4FOIGlb5A
289,2011,8,461,WashingtonDC,38.89178952735907,-76.99952344747282,ovyggONH8m0ms71u-5g_OQ,283,0,288,7,313,True,ovyggONH8m0ms71u-5g_OQ
344,2017,7,370,WashingtonDC,38.89276011556431,-77.00150276761637,vcs-k_ou37X6Jm8skyQlTw,286,0,291,1,318,True,vcs-k_ou37X6Jm8skyQlTw
623,2012,5,85,WashingtonDC,38.89769132437943,-77.01202743933501,jB3hY73w3QBEcY3VrHZxZQ,273,1,296,1,323,True,jB3hY73w3QBEcY3VrHZxZQ
23,2018,10,368,WashingtonDC,38.88787728028845,-77.03358489269881,k8Fy5lKoZT_PQ6EbNL8xtQ,294,0,300,8,328,True,k8Fy5lKoZT_PQ6EbNL8xtQ
1521,2007,8,215,WashingtonDC,38.91409239984888,-77.04256267865827,tMqIV3MoGTuNAiZwXWBE9A,278,1,302,2,330,True,tMqIV3MoGTuNAiZwXWBE9A
719,2007,8,371,WashingtonDC,38.89962997766727,-77.0314536727994,DNx7f4S0fLSxID5M2_jFVA,297,0,304,9,332,True,DNx7f4S0fLSxID5M2_jFVA
1216,2007,8,187,WashingtonDC,38.90878692777907,-77.05584080681481,KhisgJxQH-k7PTn_oKV2-Q,307,0,314,5,342,True,KhisgJxQH-k7PTn_oKV2-Q
477,2017,6,508,WashingtonDC,38.89598211922553,-77.0425300563814,42tJNTrw33ckKEkN3GimwQ,308,0,315,9,343,True,42tJNTrw33ckKEkN3GimwQ
574,2014,8,335,WashingtonDC,38.896744599711,-77.00762260258026,zD5AxWsB6IYnZj78JZzvWw,316,0,323,1,355,True,zD5AxWsB6IYnZj78JZzvWw
676,2007,11,355,WashingtonDC,38.89834484689318,-77.01758169244243,BkzfTRRUXeRDlu-9Jb6_VA,319,0,326,11,359,True,BkzfTRRUXeRDlu-9Jb6_VA
1277,2018,9,431,WashingtonDC,38.90962729689929,-77.0516496048823,9FrtIy8Kpp4gFRMiUsI3Lw,323,0,330,2,365,True,9FrtIy8Kpp4gFRMiUsI3Lw
172,2009,7,380,WashingtonDC,38.88982481244297,-77.00253688242813,xliHOnFqQHDc_8CStl4jew,46,0,46,7,367,True,xliHOnFqQHDc_8CStl4jew
1853,2009,7,44,WashingtonDC,38.91875908600187,-77.00058817340536,dCHkTjzOf1sU0kaPpySmBQ,327,0,334,7,372,True,dCHkTjzOf1sU0kaPpySmBQ
56,2018,8,443,WashingtonDC,38.88782585485779,-76.9995178612851,wAda6mxgQ89SPIX38w0t4Q,337,0,344,6,382,True,wAda6mxgQ89SPIX38w0t4Q
421,2014,4,354,WashingtonDC,38.89433989823772,-77.0406288330048,Z_w-dL2KA_0EqFG1bf1-DA,247,0,250,5,383,True,Z_w-dL2KA_0EqFG1bf1-DA
283,2017,6,361,WashingtonDC,38.89203806715702,-77.00663979495796,JX-lQqzDJkjJnsmse6xPCg,102,0,103,8,385,True,JX-lQqzDJkjJnsmse6xPCg
1220,2014,7,577,WashingtonDC,38.90803955150544,-77.00033546151407,UcnqPoTTG8z0I_2ac7ofjA,340,0,348,3,389,True,UcnqPoTTG8z0I_2ac7ofjA
1439,2016,10,201,WashingtonDC,38.91180600659013,-77.01213137934236,IhiDYX9ZYyIhOZeMewEWbg,346,0,354,1,397,True,IhiDYX9ZYyIhOZeMewEWbg
1969,2011,7,341,WashingtonDC,38.92057679136214,-76.99840749879775,EbCMiQ4MbLQz8So_1rCXqw,348,0,356,10,400,True,EbCMiQ4MbLQz8So_1rCXqw
1279,2011,6,304,WashingtonDC,38.90950500415708,-77.05347903934124,KNdeJFU6cLzJm4nZU8JrKw,357,0,366,4,413,True,KNdeJFU6cLzJm4nZU8JrKw
949,2007,8,178,WashingtonDC,38.90372997060039,-77.03054909479853,bbN2PxCfo-TbsvyX47mdkQ,360,0,369,7,419,True,bbN2PxCfo-TbsvyX47mdkQ
742,2008,6,557,WashingtonDC,38.90022815845902,-77.01054158257587,J5sTCeS22XT6lqd7frtd-g,195,1,371,1,421,True,J5sTCeS22XT6lqd7frtd-g
1482,2011,6,311,WashingtonDC,38.91260569905563,-77.02457221400292,LpD-ViJvdKhHltuGehPy1A,214,0,217,9,422,True,LpD-ViJvdKhHltuGehPy1A
1557,2009,7,456,WashingtonDC,38.91408651795174,-77.00863479600967,bWifrV_Q09oFlx_oWIuiRw,368,0,378,5,430,True,bWifrV_Q09oFlx_oWIuiRw
177,2008,6,157,WashingtonDC,38.89066309788607,-77.05082864322286,JemlaAS4o9wL1B_nN-XDvw,202,0,205,13,433,True,JemlaAS4o9wL1B_nN-XDvw
983,2017,6,406,WashingtonDC,38.90372235722039,-76.99861751853811,7gijHXGM5KF3EzBY-ni6WQ,374,0,384,2,438,True,7gijHXGM5KF3EzBY-ni6WQ
967,2017,7,471,WashingtonDC,38.90374361026626,-77.017586143804,YSr86nPZONNPrPN2Wb0__Q,381,0,391,4,448,True,YSr86nPZONNPrPN2Wb0__Q
980,2018,8,401,WashingtonDC,38.9037549246568,-77.00656183388844,cmdqTSlqe8Dp36FwTsRebw,382,0,392,2,451,True,cmdqTSlqe8Dp36FwTsRebw
1313,2019,7,310,WashingtonDC,38.90965216626306,-77.01858824958934,MkjiE_cfB4uhEMtvyg--Dg,384,0,394,6,455,True,MkjiE_cfB4uhEMtvyg--Dg
375,2009,7,408,WashingtonDC,38.8938068298168,-77.02809641876478,Zj3HouA0YEyjmm3qVx8xJQ,389,0,399,7,461,True,Zj3HouA0YEyjmm3qVx8xJQ
1021,2019,11,510,WashingtonDC,38.90479926612743,-77.01659298034515,kkzAPmBG_OXfYgEC4DQnDg,393,0,403,9,465,True,kkzAPmBG_OXfYgEC4DQnDg
1611,2018,10,135,WashingtonDC,38.91479792974523,-77.01163155425792,DCL7DawHvbS7UQMW-FL56Q,397,0,407,1,470,True,DCL7DawHvbS7UQMW-FL56Q
1733,2014,7,522,WashingtonDC,38.91676141849499,-77.00654378879871,Zu9puVV1B2D9kUgQPqJ5Vg,404,0,414,2,477,True,Zu9puVV1B2D9kUgQPqJ5Vg
939,2014,4,172,WashingtonDC,38.90372893883909,-77.04861246564197,J1T7DAfdXUjIQwtgnciKdw,409,0,419,8,484,True,J1T7DAfdXUjIQwtgnciKdw
904,2017,7,355,WashingtonDC,38.90252203734931,-77.02458781306308,Tu2DUDTTKA4MCyo5JlvLjA,410,0,420,5,485,True,Tu2DUDTTKA4MCyo5JlvLjA
1512,2012,5,519,WashingtonDC,38.91409905723297,-77.05059443590321,qKHsrEx3JeXYmo9pJHfdnA,413,0,423,1,488,True,qKHsrEx3JeXYmo9pJHfdnA
1565,2011,8,378,WashingtonDC,38.91452233349953,-77.05580906178363,BGhUqUKTdElLv1fdkfdsqw,419,0,429,1,495,True,BGhUqUKTdElLv1fdkfdsqw
1910,2018,9,223,WashingtonDC,38.91982192711528,-76.99953081700284,UAkcg3LfHM1ukbc95n4hCQ,425,0,435,1,503,True,UAkcg3LfHM1ukbc95n4hCQ
1587,2015,7,109,WashingtonDC,38.91480045984713,-77.03653284472249,fDjvwymgy-GJyM-fRxlhWg,430,0,440,1,509,True,fDjvwymgy-GJyM-fRxlhWg
1459,2017,6,634,WashingtonDC,38.91272804716128,-77.04663866456842,xsBEVJMwioDzfc6GWJhEWg,432,0,442,7,512,True,xsBEVJMwioDzfc6GWJhEWg
1527,2019,11,453,WashingtonDC,38.91377365692143,-77.0364884779694,t6LgIOISKiekIFGwzyFpNw,437,0,447,9,520,True,t6LgIOISKiekIFGwzyFpNw
1294,2018,7,387,WashingtonDC,38.90984275313933,-77.04164293379074,Ok-rchkZBZAAtWAkJe3DYA,441,0,451,4,524,True,Ok-rchkZBZAAtWAkJe3DYA
139,2019,6,301,WashingtonDC,38.8897946540994,-77.03292984678563,myKUQxVTUs-778rG9Qv0Yw,442,0,452,3,525,True,myKUQxVTUs-778rG9Qv0Yw
1500,2018,7,256,WashingtonDC,38.91258285982359,-77.00555730560772,1S_DQug37e3n1SeF3DopgA,444,0,454,1,527,True,1S_DQug37e3n1SeF3DopgA
1431,2011,10,454,WashingtonDC,38.9118641198355,-77.0175731991609,jOWyc4ABCayzcKRvyUnL-A,445,0,455,1,529,True,jOWyc4ABCayzcKRvyUnL-A
279,2007,8,303,WashingtonDC,38.89213273164658,-77.0115764203747,4BRMMsI46MGfcFyJ3PRjnw,446,0,456,7,530,True,4BRMMsI46MGfcFyJ3PRjnw
1744,2014,4,238,WashingtonDC,38.91759201389544,-77.05436561115141,7Vyo4YhD2vcjdw0AIoFZHw,449,0,459,3,534,True,7Vyo4YhD2vcjdw0AIoFZHw
1536,2014,5,208,WashingtonDC,38.91407660046305,-77.02557288420516,pz1L0lsklnWJiA5upug6pw,452,0,462,2,537,True,pz1L0lsklnWJiA5upug6pw
1946,2011,8,108,WashingtonDC,38.92063108962093,-77.02561339733333,2sE_fgkLeCztXhkgzSqhUQ,456,0,466,5,542,True,2sE_fgkLeCztXhkgzSqhUQ
847,2018,7,724,WashingtonDC,38.90177142533859,-77.02705415727661,7iFxiPtSz5POzv2djuzBGw,459,0,469,5,545,True,7iFxiPtSz5POzv2djuzBGw
907,2011,6,404,WashingtonDC,38.90254416380869,-77.01956134634662,1CLXNoCn__yxAssTdizXRA,330,0,337,7,549,True,1CLXNoCn__yxAssTdizXRA
1240,2018,10,316,WashingtonDC,38.90869159062807,-77.03756841619153,hNsJaBGcb0hJmw3i5BuJmg,462,0,473,4,551,True,hNsJaBGcb0hJmw3i5BuJmg
1524,2011,8,188,WashingtonDC,38.91378586969178,-77.03953218115764,DbkwLWg6McABN4XXThDDOg,40,1,482,6,569,True,DbkwLWg6McABN4XXThDDOg
312,2014,4,569,WashingtonDC,38.89217035214901,-77.0375114679278,oNT3YmTdu7j1-93rtUDHOA,471,0,483,7,571,True,oNT3YmTdu7j1-93rtUDHOA
285,2014,5,153,WashingtonDC,38.89174810516803,-77.00355109092565,ccKAL99iGots5j2NQkkj0g,472,0,484,10,572,True,ccKAL99iGots5j2NQkkj0g
1671,2019,7,400,WashingtonDC,38.91581547948223,-77.00764504480942,8gGVe97WZm6WG3ZwolMDjQ,477,0,489,6,577,True,8gGVe97WZm6WG3ZwolMDjQ
1627,2019,7,408,WashingtonDC,38.91571181842291,-76.99960853811181,3WM1phWjkTwwICUu63IbYA,246,1,490,3,578,True,3WM1phWjkTwwICUu63IbYA
1628,2009,7,550,WashingtonDC,38.91558460818172,-77.05161038488937,QAowiaeD1zQp9f3WUYQgeg,479,0,492,2,580,True,QAowiaeD1zQp9f3WUYQgeg
100,2015,7,456,WashingtonDC,38.88881903363517,-77.01654778819544,Ql3y-CYuLuoVKd1Fw2-PSQ,182,0,183,9,582,True,Ql3y-CYuLuoVKd1Fw2-PSQ
1428,2011,8,286,WashingtonDC,38.91183575696333,-77.0198793827296,m_34VHbnScIm5HholIibgg,481,0,494,2,583,True,m_34VHbnScIm5HholIibgg
432,2019,11,336,WashingtonDC,38.8950686564995,-77.0283882834403,0BofOcmHcTzSrOfDdN4KDA,489,0,503,5,596,True,0BofOcmHcTzSrOfDdN4KDA
417,2011,4,559,WashingtonDC,38.89485351509516,-77.04670121443442,qS3C8IsuMF1RFesVSOHEOw,141,0,142,9,598,True,qS3C8IsuMF1RFesVSOHEOw
314,2011,5,355,WashingtonDC,38.89217253139194,-77.0345695400142,quHrUQno2cNPjaqG77xMvg,494,0,508,9,602,True,quHrUQno2cNPjaqG77xMvg
1326,2016,10,394,WashingtonDC,38.90964561794613,-77.00756017913338,iyda4jZ1QjH2G7X-ZfLXgA,495,0,509,2,604,True,iyda4jZ1QjH2G7X-ZfLXgA
932,2014,4,341,WashingtonDC,38.90374154182759,-77.05151961829249,x0-0FODSj0LarV-YPfu4mQ,500,0,515,9,612,True,x0-0FODSj0LarV-YPfu4mQ
1638,2014,6,722,WashingtonDC,38.9158232084609,-77.04167695265932,wnDgRSJBL9C3S9K5Z78p4g,507,0,525,4,626,True,wnDgRSJBL9C3S9K5Z78p4g
1410,2019,10,90,WashingtonDC,38.91184624429644,-77.03654387268493,WW5yKD_fwjUZB5hK5HMH6w,187,0,188,12,644,True,WW5yKD_fwjUZB5hK5HMH6w
504,2014,7,389,WashingtonDC,38.89576959619614,-77.01427581729337,vqn0paiQP35cWV_eP6F1_w,530,0,550,4,661,True,vqn0paiQP35cWV_eP6F1_w
1739,2011,7,211,WashingtonDC,38.91681704411857,-77.00054387806743,_diiCgqKEIYSqhzwyUZDVw,200,1,551,2,662,True,_diiCgqKEIYSqhzwyUZDVw
931,2017,7,255,WashingtonDC,38.90372608332623,-77.0545580280568,a-BpzbB_T0kekg3UkhUM_Q,32,0,32,7,665,True,a-BpzbB_T0kekg3UkhUM_Q
1699,2012,5,369,WashingtonDC,38.91698993633662,-77.03758844921666,Cc0H7qManO1uUxlWGIth2g,536,0,557,1,673,True,Cc0H7qManO1uUxlWGIth2g
1218,2014,10,438,WashingtonDC,38.90876241413274,-77.05352195798908,wln_-nXq9sOGRMEUB_CuMQ,537,0,558,1,674,True,wln_-nXq9sOGRMEUB_CuMQ
1288,2016,10,456,WashingtonDC,38.90966065504355,-77.0395204051323,vSNKNX5qI5jAXg5dHA0SVg,403,0,413,4,676,True,vSNKNX5qI5jAXg5dHA0SVg
1483,2009,7,568,WashingtonDC,38.91262829967225,-77.02158103741232,rGT9GMim0QKBPFe4VBDpTg,277,0,282,6,685,True,rGT9GMim0QKBPFe4VBDpTg
499,2016,10,450,WashingtonDC,38.89580540079562,-77.01985803377376,bMEECVHouJIrEEV8Ut258A,545,0,566,7,690,True,bMEECVHouJIrEEV8Ut258A
1912,2018,7,317,WashingtonDC,38.91980448119388,-77.0005919630887,iDiV4SMXLgt3ULKEUQXU6Q,556,0,577,4,705,True,iDiV4SMXLgt3ULKEUQXU6Q
61,2007,8,238,WashingtonDC,38.88842849264432,-77.04946932089852,Dl4ztmUKlQklW5y28Jz4OQ,238,0,241,5,707,True,Dl4ztmUKlQklW5y28Jz4OQ
831,2016,10,122,WashingtonDC,38.90183282367614,-77.03461649121078,jU6K3PnA_ZBFHsRiVmqLpg,562,0,583,3,712,True,jU6K3PnA_ZBFHsRiVmqLpg
169,2016,10,603,WashingtonDC,38.88982416209354,-77.00360265117516,URjCcYjsGRje6ADU-61Gyg,566,0,588,1,719,True,URjCcYjsGRje6ADU-61Gyg
1868,2014,4,522,WashingtonDC,38.91965882203353,-77.0426115981119,5yoaUw4nuictYo5i0jReQQ,567,0,589,3,720,True,5yoaUw4nuictYo5i0jReQQ
859,2016,10,207,WashingtonDC,38.90250218662567,-77.00754313266614,TUyRnTIKd737rN6ARVPWlA,569,0,591,2,727,True,TUyRnTIKd737rN6ARVPWlA
1957,2017,9,479,WashingtonDC,38.92093920128625,-77.01364835208545,RzjJRDDuWR4NN13gD-4AcA,570,0,592,3,728,True,RzjJRDDuWR4NN13gD-4AcA
641,2007,8,243,WashingtonDC,38.89879465858681,-77.05012923055753,BV7FoUZ2BB_68QbqZA2sYw,324,1,605,1,750,True,BV7FoUZ2BB_68QbqZA2sYw
1614,2011,8,474,WashingtonDC,38.91482085726363,-77.00956432709683,VXA7QUNGnQr6kBrtC-b-zQ,582,0,606,2,752,True,VXA7QUNGnQr6kBrtC-b-zQ
167,2007,8,595,WashingtonDC,38.88981948850014,-77.00587828535083,tncVtwE7yP-0fCEY30oX8A,50,2,612,1,763,True,tncVtwE7yP-0fCEY30oX8A
39,2017,7,300,WashingtonDC,38.88785789718126,-77.0175610860341,P0zKUzSFsAXKkHT3a-VExA,591,0,616,1,770,True,P0zKUzSFsAXKkHT3a-VExA
71,2007,8,470,WashingtonDC,38.88875954483905,-77.03953397429785,rDse3VIshqunQi8SMhcfpA,150,0,151,12,773,True,rDse3VIshqunQi8SMhcfpA
1177,2014,4,507,WashingtonDC,38.90781426041796,-77.0366574916009,g43scGeNchXFpUIZN6SFUg,596,0,621,7,777,True,g43scGeNchXFpUIZN6SFUg
387,2009,7,441,WashingtonDC,38.89359334237209,-77.0166117157429,j2TEWEN34Nlb-Rf_FyvgyQ,598,0,623,4,781,True,j2TEWEN34Nlb-Rf_FyvgyQ
1779,2014,5,302,WashingtonDC,38.91781935324499,-77.01767949052028,qpURL8uRt539NDphHtqkvg,380,1,624,1,782,True,qpURL8uRt539NDphHtqkvg
976,2018,8,316,WashingtonDC,38.90375733735575,-77.00754940735325,OqS9w00VG6afOCR0iL-NWg,514,1,625,2,783,True,OqS9w00VG6afOCR0iL-NWg
173,2017,6,634,WashingtonDC,38.88977084386698,-77.00056494284603,Fvka8vtqlxYyCEgmDEIL7g,600,0,627,1,788,True,Fvka8vtqlxYyCEgmDEIL7g
117,2016,10,389,WashingtonDC,38.88881605933614,-76.99845632956148,okBF8CTGTCpkz-ZDJrkQQg,601,0,628,10,789,True,okBF8CTGTCpkz-ZDJrkQQg
1316,2009,7,419,WashingtonDC,38.90964006924837,-77.01563311650938,gxnK8RFW70lVjml6daVLPw,602,0,629,8,790,True,gxnK8RFW70lVjml6daVLPw
1103,2009,7,27,WashingtonDC,38.90679435370373,-77.05580896417104,mMcnzSzEt_v68TK9yZLQ8g,605,0,632,1,796,True,mMcnzSzEt_v68TK9yZLQ8g
942,2018,7,374,WashingtonDC,38.90378554041184,-77.03846778255165,9RBRlhF0PtmSWOTJzqB2pg,607,0,634,2,799,True,9RBRlhF0PtmSWOTJzqB2pg
240,2011,3,201,WashingtonDC,38.89201600376535,-77.04956255232952,EPbeoFWNYD5C3WN8AJXV5w,608,0,635,5,800,True,EPbeoFWNYD5C3WN8AJXV5w
1870,2009,7,463,WashingtonDC,38.91971272342656,-77.04070149221603,tiZvPNohoWgb56x_Iu_oPg,610,0,637,1,805,True,tiZvPNohoWgb56x_Iu_oPg
1491,2014,5,124,WashingtonDC,38.91276345752389,-77.01744421290522,UsCwPPbu7wqKu_lTHMS6vw,326,0,333,9,811,True,UsCwPPbu7wqKu_lTHMS6vw
1764,2018,10,403,WashingtonDC,38.91811413569194,-77.0325784360348,jhfH1V3toNEjZbLgzxOsBQ,615,0,643,8,814,True,jhfH1V3toNEjZbLgzxOsBQ
1837,2016,10,144,WashingtonDC,38.91858187377856,-77.01551138687493,UCzctwn1OGA_yaDZamV8IQ,177,1,648,3,824,True,UCzctwn1OGA_yaDZamV8IQ
1044,2018,10,412,WashingtonDC,38.90561290672047,-77.05468971647453,xhP4Rr1KYW6RKcyL9EUiQA,621,0,650,3,827,True,xhP4Rr1KYW6RKcyL9EUiQA
414,2014,7,227,WashingtonDC,38.89544519721948,-77.0478587242792,npVbduqLonAQMCQ7xxvGnw,623,0,652,3,830,True,npVbduqLonAQMCQ7xxvGnw
1574,2009,7,142,WashingtonDC,38.91484702355068,-77.05259990784639,Lk6N_LqGj7fcfm-7lrzbEg,630,0,659,2,838,True,Lk6N_LqGj7fcfm-7lrzbEg
823,2017,6,470,WashingtonDC,38.90177997724078,-77.04488818124275,cg-gt4Ebf0TbV3VCPv9y1w,631,0,661,10,840,True,cg-gt4Ebf0TbV3VCPv9y1w
456,2007,9,572,WashingtonDC,38.89481374010319,-77.0045520777489,4mJ2bSsBHzkJ9IFt3s0CMw,639,0,669,4,853,True,4mJ2bSsBHzkJ9IFt3s0CMw
1392,2008,6,536,WashingtonDC,38.91045488426798,-77.0003392047899,inYrtkzD9w7ccw-dWJZIAQ,642,0,672,12,861,True,inYrtkzD9w7ccw-dWJZIAQ
33,2007,8,308,WashingtonDC,38.88752517499653,-77.02359005151119,O_2uY9wMy5To40qR1WeFpQ,509,0,527,9,881,True,O_2uY9wMy5To40qR1WeFpQ
602,2011,6,457,WashingtonDC,38.89736062613797,-77.03253562974602,DPUagdZbdK4iNcNE0sEUZA,651,0,682,3,882,True,DPUagdZbdK4iNcNE0sEUZA
1333,2011,8,651,WashingtonDC,38.91018284178169,-77.0008085731767,N72nGkUSxiQuvz5sohyktQ,660,0,692,2,899,True,N72nGkUSxiQuvz5sohyktQ
1220,2009,7,626,WashingtonDC,38.90804841049192,-77.00039395964254,wxBH8Evo2xCiQd9Fb8BLCQ,340,1,698,2,908,True,wxBH8Evo2xCiQd9Fb8BLCQ
1782,2018,7,551,WashingtonDC,38.91777167030551,-77.0146029395911,SoXdgwtYuuJOkkEckfOk_g,667,0,701,2,914,True,SoXdgwtYuuJOkkEckfOk_g
50,2018,10,284,WashingtonDC,38.88763071324366,-77.00454794235755,lXVdQYKohrgzzoud0ijqZA,669,0,704,2,919,True,lXVdQYKohrgzzoud0ijqZA
1164,2017,7,504,WashingtonDC,38.90794088744786,-77.0497765942514,-l3RgCdD_NgoNTYpDMZ1rA,237,0,240,9,921,True,-l3RgCdD_NgoNTYpDMZ1rA
602,2007,8,267,WashingtonDC,38.89733921537886,-77.03253539942833,9seMYnUdsv_RVlLNY2XJvQ,651,1,707,1,924,True,9seMYnUdsv_RVlLNY2XJvQ
1202,2014,5,341,WashingtonDC,38.90789658713704,-77.00960512702795,iQd_OVm3_U0rRI9Jr6GBlg,673,0,710,5,930,True,iQd_OVm3_U0rRI9Jr6GBlg
699,2018,10,719,WashingtonDC,38.89979771768252,-77.05145005812253,6l8qxH89aZGGYTFlRAiEwA,677,0,714,8,937,True,6l8qxH89aZGGYTFlRAiEwA
300,2019,8,461,WashingtonDC,38.89280246104228,-77.04491363769979,r6oCeVa4sHR9Dw_t6Cwazg,268,0,272,8,938,True,r6oCeVa4sHR9Dw_t6Cwazg
1109,2011,6,195,WashingtonDC,38.90698127227925,-77.04589569446321,O5O9Yk92Uz6DUcYcQ8f6ag,679,0,717,6,943,True,O5O9Yk92Uz6DUcYcQ8f6ag
1676,2018,7,436,WashingtonDC,38.91578757355948,-76.9995517806148,kpo2EgHiAiP97m5FU8BRbA,246,2,719,3,945,True,kpo2EgHiAiP97m5FU8BRbA
1806,2015,11,254,WashingtonDC,38.91792883214853,-77.05020668644347,8An2_oBz6Vnw7mVOl6DzJg,36,1,720,1,946,True,8An2_oBz6Vnw7mVOl6DzJg
1698,2009,7,413,WashingtonDC,38.91681669509627,-77.0415219617037,Z30zGmDgNA_jIdX10K8IuQ,45,1,510,9,951,True,Z30zGmDgNA_jIdX10K8IuQ
1068,2017,7,115,WashingtonDC,38.90564905613289,-77.03064493827519,3Mpf5NMN1ckbIMmtY2NqpA,191,1,725,2,956,True,3Mpf5NMN1ckbIMmtY2NqpA
922,2007,11,501,WashingtonDC,38.90280577675247,-76.99951524416585,i1h53AE9x3A2_AAUtv2Q-w,539,1,728,3,959,True,i1h53AE9x3A2_AAUtv2Q-w
964,2014,4,418,WashingtonDC,38.9037249250596,-77.01660731866463,LbrDTwkkr3F1o2OMilsQbg,687,0,731,2,962,True,LbrDTwkkr3F1o2OMilsQbg
1753,2012,5,369,WashingtonDC,38.91791296482754,-77.04663608592648,-DYdjCsS-bO-BJYsihimWQ,478,0,491,4,973,True,-DYdjCsS-bO-BJYsihimWQ
342,2019,6,417,WashingtonDC,38.89276007740422,-77.0005767532971,PsPhSvK2cyOI3te4cu-3Kw,260,0,263,11,979,True,PsPhSvK2cyOI3te4cu-3Kw
1694,2014,6,34,WashingtonDC,38.91674604386186,-77.04379320811422,NG0-54gVcvTJIDR6qMX2bw,697,0,741,2,982,True,NG0-54gVcvTJIDR6qMX2bw
1390,2009,7,177,WashingtonDC,38.91060986015255,-76.99948887494178,CcZYZRrg0m0m9cBQnFPjjQ,358,0,367,6,986,True,CcZYZRrg0m0m9cBQnFPjjQ
1622,2019,7,213,WashingtonDC,38.91480092121178,-77.00058178855218,nazygWwZT7kbhwOe85Q6Vg,395,0,405,5,990,True,nazygWwZT7kbhwOe85Q6Vg
1102,2016,10,466,WashingtonDC,38.90581801875627,-76.99842451600145,5FPftxP8iytEgrpj0e80QQ,706,0,751,5,1000,True,5FPftxP8iytEgrpj0e80QQ
1779,2011,10,435,WashingtonDC,38.91783183645475,-77.01762916866267,Ga3FCic_rO_K-gy815oSRQ,380,0,390,4,1008,True,Ga3FCic_rO_K-gy815oSRQ
1227,2018,10,435,WashingtonDC,38.90879563955569,-77.04879507786434,XAib_0qsYCkwPgs3mpPR9Q,711,0,756,9,1009,True,XAib_0qsYCkwPgs3mpPR9Q
519,2019,6,307,WashingtonDC,38.89613447133967,-77.00256401431322,Nwx1orkMYK5HTW7tMiNVDg,137,0,138,5,1010,True,Nwx1orkMYK5HTW7tMiNVDg
1386,2011,8,382,WashingtonDC,38.91112323530736,-77.00558474033421,cNkNCvvQY56DaJK_d-XROQ,85,1,758,2,1013,True,cNkNCvvQY56DaJK_d-XROQ
379,2016,10,143,WashingtonDC,38.89392558436582,-77.02447998723015,eqaGck-56wEE-TSvYunkQw,192,0,194,8,1015,True,eqaGck-56wEE-TSvYunkQw
1410,2018,10,252,WashingtonDC,38.91183046457582,-77.03649648131704,i64a40HTaq1tSth0kVGA8A,187,1,761,2,1020,True,i64a40HTaq1tSth0kVGA8A
1725,2007,9,104,WashingtonDC,38.9168522443155,-77.01449568006372,t_Yewud75DNXEuwDlzDqAw,715,0,762,2,1023,True,t_Yewud75DNXEuwDlzDqAw
925,2018,7,373,WashingtonDC,38.90274258945082,-77.00057277152088,xt24rdUvRT12drfCPU1k1g,718,0,765,8,1026,True,xt24rdUvRT12drfCPU1k1g
459,2019,6,323,WashingtonDC,38.89478250891979,-77.00362427023126,J_thsgW1KlMHYWUDzrqglA,720,0,767,5,1031,True,J_thsgW1KlMHYWUDzrqglA
1295,2007,8,535,WashingtonDC,38.90980596119405,-77.03650045841034,bqQoE5C0Ec3lNG8dl2Dujw,123,1,770,2,1035,True,bqQoE5C0Ec3lNG8dl2Dujw
1069,2019,7,296,WashingtonDC,38.90564132719754,-77.02853693682322,-h_TPYa-sr1a4gYbSeV7VA,248,0,251,6,1046,True,-h_TPYa-sr1a4gYbSeV7VA
422,2014,8,522,WashingtonDC,38.89478203198966,-77.03943936004464,mQSCjU_guaeDH0xZVgau2A,664,1,782,9,1056,True,mQSCjU_guaeDH0xZVgau2A
1618,2018,10,296,WashingtonDC,38.91556758968288,-77.0055771601933,a5pf5P7uEo2TUFPuLLeDkQ,686,0,730,4,1057,True,a5pf5P7uEo2TUFPuLLeDkQ
1010,2018,7,452,WashingtonDC,38.90484519086481,-77.02808051681515,5MDBg37jT93UUWTAfNOYKA,738,0,790,11,1071,True,5MDBg37jT93UUWTAfNOYKA
787,2019,11,129,WashingtonDC,38.90083079466145,-77.02761185801786,Y4PP69uLnVz1h7rjQstRIg,575,0,597,13,1081,True,Y4PP69uLnVz1h7rjQstRIg
1007,2016,10,491,WashingtonDC,38.90488048880159,-77.03852249512602,KT96zK6EB3oPLBChXYHUiQ,745,0,797,5,1089,True,KT96zK6EB3oPLBChXYHUiQ
1370,2009,7,454,WashingtonDC,38.91080341013172,-77.0166902633385,e6A2m1_BvgjHKa4cG5n_Eg,215,1,802,2,1099,True,e6A2m1_BvgjHKa4cG5n_Eg
1561,2018,7,243,WashingtonDC,38.91488042907934,-77.05442478548062,Gaao8wpfgKGH9KvunRJ7eg,439,0,449,12,1100,True,Gaao8wpfgKGH9KvunRJ7eg
1060,2018,10,466,WashingtonDC,38.90587011794251,-77.04055541166814,sepJPBIiVN3_4SFJ5_6VsA,466,0,477,12,1108,True,sepJPBIiVN3_4SFJ5_6VsA
801,2019,6,374,WashingtonDC,38.90026749489559,-77.00758676796795,vbu4Ggz1VIngQWchSi4JMA,527,0,547,10,1110,True,vbu4Ggz1VIngQWchSi4JMA
567,2014,4,282,WashingtonDC,38.89679639317135,-77.01365748488489,Guz1HPMQp95LAaZovQSTMA,765,0,819,4,1128,True,Guz1HPMQp95LAaZovQSTMA
1580,2009,7,656,WashingtonDC,38.91477675000717,-77.04553620556443,01f3HWE4b8VkGSEAeKXgCw,769,0,825,5,1136,True,01f3HWE4b8VkGSEAeKXgCw
205,2018,10,290,WashingtonDC,38.89052787354816,-77.02358429353967,t_Wh8nL5FUrTLnU83zqW_g,589,0,614,9,1137,True,t_Wh8nL5FUrTLnU83zqW_g
845,2018,10,455,WashingtonDC,38.90208506764129,-77.02354850988641,z8SkDa-exSkHlClo9hOq7A,771,0,828,1,1141,True,z8SkDa-exSkHlClo9hOq7A
1290,2018,10,205,WashingtonDC,38.90963054659553,-77.04058634347314,cc8W5HAJRxhIkXD2A6MiYA,772,0,829,5,1143,True,cc8W5HAJRxhIkXD2A6MiYA
1398,2016,11,50,WashingtonDC,38.91202999723124,-77.05231323078173,NIE5TookNntvxJiOsDUVCA,108,0,109,11,1144,True,NIE5TookNntvxJiOsDUVCA
1027,2019,7,257,WashingtonDC,38.90484062945558,-77.01452551798303,1izMEIIIICbQcGsI0iv36w,146,0,147,8,1146,True,1izMEIIIICbQcGsI0iv36w
1913,2016,10,594,WashingtonDC,38.91956390266051,-76.99844185781102,4JupccTaazFac2yMPbWatg,774,0,831,5,1149,True,4JupccTaazFac2yMPbWatg
757,2009,7,612,WashingtonDC,38.90068131809321,-77.04956666455952,vO5gefIt1ZkaQewDV2yiJA,110,1,835,1,1156,True,vO5gefIt1ZkaQewDV2yiJA
1127,2018,10,303,WashingtonDC,38.90675826624565,-77.03128286910544,YVHkerKHq0d5PCuLqJxX2g,778,0,836,10,1157,True,YVHkerKHq0d5PCuLqJxX2g
1289,2011,8,617,WashingtonDC,38.90965439373186,-77.0376198407665,U46zJ88RwopweLAvlVheng,779,0,838,7,1160,True,U46zJ88RwopweLAvlVheng
39,2017,11,478,WashingtonDC,38.88785563966729,-77.01752208331322,R_eYvzNBdfI0UVsMpcGq-A,591,1,851,7,1180,True,R_eYvzNBdfI0UVsMpcGq-A
294,2008,6,504,WashingtonDC,38.89278615350722,-77.05257797077365,5fi2wuOKOztehe8OVfGRYA,788,0,852,6,1181,True,5fi2wuOKOztehe8OVfGRYA
924,2019,7,527,WashingtonDC,38.90252854005578,-77.00256887893325,tuNImfUXTjUm1R6A3u--3Q,169,1,855,2,1185,True,tuNImfUXTjUm1R6A3u--3Q
865,2011,6,381,WashingtonDC,38.90250442427719,-77.00462153898118,U--dQU4xRcoRcuWJl3cQ2Q,794,0,859,2,1193,True,U--dQU4xRcoRcuWJl3cQ2Q
1779,2017,9,285,WashingtonDC,38.91780578367938,-77.01767457007647,rKDpBCbXxFO5XjGDmwZmYQ,380,3,868,1,1208,True,rKDpBCbXxFO5XjGDmwZmYQ
1251,2011,6,418,WashingtonDC,38.90856133413377,-77.02154475698221,2sq9ifw59Xn88q8GhW5EJw,801,0,869,2,1210,True,2sq9ifw59Xn88q8GhW5EJw
1686,2011,8,194,WashingtonDC,38.91689623705572,-77.05540644118658,ORoA3-MLkhF-p-_pKfjZvQ,802,0,871,1,1214,True,ORoA3-MLkhF-p-_pKfjZvQ
54,2019,7,421,WashingtonDC,38.88759871323532,-77.00561790091916,0dAYCx8BYmE6WyBLPhelcQ,115,0,116,10,1215,True,0dAYCx8BYmE6WyBLPhelcQ
1354,2018,7,363,WashingtonDC,38.91112979951424,-77.0355285689565,AF2ro3I787Y7Sn3qUTTkNw,563,0,584,11,1217,True,AF2ro3I787Y7Sn3qUTTkNw
236,2017,6,135,WashingtonDC,38.89214597197519,-77.0514689634576,PW0_5I-bu6P9xH8vERUn9g,133,0,134,9,1223,True,PW0_5I-bu6P9xH8vERUn9g
1721,2017,9,283,WashingtonDC,38.91699384833721,-77.01059887288555,-crLn-zpdTvH1O1E7tI_DA,770,0,827,5,1226,True,-crLn-zpdTvH1O1E7tI_DA
1112,2017,6,456,WashingtonDC,38.90675918348049,-77.04344417371144,MyRoXjx7zefJ_l2xmFJE7w,808,0,877,9,1232,True,MyRoXjx7zefJ_l2xmFJE7w
514,2019,7,322,WashingtonDC,38.8958055333492,-77.00660426758589,gE1_9Cnqa0O9pSRZ4ifAbw,241,1,586,10,1238,True,gE1_9Cnqa0O9pSRZ4ifAbw
1608,2009,7,306,WashingtonDC,38.91482211798023,-77.00850632455663,r3VA3aq0wpAIMu9kwgna1A,815,0,885,5,1249,True,r3VA3aq0wpAIMu9kwgna1A
1957,2014,5,302,WashingtonDC,38.92092920899873,-77.01363948513394,MFz1Kq2wODxqsgV_-94X3g,570,1,888,4,1255,True,MFz1Kq2wODxqsgV_-94X3g
1238,2007,11,156,WashingtonDC,38.90833610311434,-77.03334020579209,FMLF_QbnKY7HmoB7WNrp4A,540,1,894,2,1267,True,FMLF_QbnKY7HmoB7WNrp4A
1709,2009,7,257,WashingtonDC,38.91691080083211,-77.02348246781524,OT7wsJMcM7n77Qv4byRJrg,547,0,568,7,1274,True,OT7wsJMcM7n77Qv4byRJrg
1217,2018,10,482,WashingtonDC,38.90773196631383,-77.00172535297993,QnEK4j4PX0-U8uqvU8efGA,224,0,227,9,1278,True,QnEK4j4PX0-U8uqvU8efGA
49,2018,10,175,WashingtonDC,38.88759683278297,-77.00662726512869,sqqZqRXSeGxCPjei-Fiw1A,267,0,270,7,1282,True,sqqZqRXSeGxCPjei-Fiw1A
749,2019,10,104,WashingtonDC,38.90066209144631,-77.05553251841289,bXecw0gr-H4n7vFn68sinQ,824,0,899,11,1286,True,bXecw0gr-H4n7vFn68sinQ
446,2016,10,395,WashingtonDC,38.89483331961969,-77.01755974528203,DrDlmZqS0Jike8mLs1METg,825,0,901,6,1289,True,DrDlmZqS0Jike8mLs1METg
303,2008,6,352,WashingtonDC,38.89294711894794,-77.04235749515284,V4aRsmC2Ske9Fetm4RlnhA,826,0,902,1,1291,True,V4aRsmC2Ske9Fetm4RlnhA
1256,2019,7,355,WashingtonDC,38.90855248880023,-77.01553535218473,krk4b_FIdFdTrDOJNks4Bg,828,0,905,1,1300,True,krk4b_FIdFdTrDOJNks4Bg
1631,2016,11,417,WashingtonDC,38.91569523690065,-77.04881642540771,92Pzpg6RXSg1SIt_LAl5Jg,416,1,906,1,1301,True,92Pzpg6RXSg1SIt_LAl5Jg
1912,2019,11,611,WashingtonDC,38.9198046730742,-77.00059606260075,9Hp4XwwR3G7O8_AsODiCTg,556,1,909,6,1308,True,9Hp4XwwR3G7O8_AsODiCTg
1363,2011,6,373,WashingtonDC,38.91079266445454,-77.02652925840901,zatd3xF7OIfy-a0iH56v5w,423,0,433,12,1316,True,zatd3xF7OIfy-a0iH56v5w
1464,2018,8,521,WashingtonDC,38.91260484754171,-77.03957184411159,-cFAZU8GQuwTbms14AsIhg,726,0,775,9,1318,True,-cFAZU8GQuwTbms14AsIhg
1035,2018,7,162,WashingtonDC,38.90564392041198,-77.00459890738215,6yZLUdOpNxowkeBOgwgs7w,149,0,150,10,1320,True,6yZLUdOpNxowkeBOgwgs7w
1911,2011,8,525,WashingtonDC,38.92025887658011,-77.00344872820193,u2vM841L7jDU1Ev7wuvSbQ,94,1,916,2,1322,True,u2vM841L7jDU1Ev7wuvSbQ
465,2009,7,34,WashingtonDC,38.89482008865655,-77.0005744432757,vkYI1KHl-JdFDsPcdR5V-A,843,0,923,9,1330,True,vkYI1KHl-JdFDsPcdR5V-A
1797,2014,10,429,WashingtonDC,38.91870919351412,-77.05540327681783,tiiaDhaDkMzgh_i83rsL5w,73,1,928,2,1336,True,tiiaDhaDkMzgh_i83rsL5w
747,2019,6,120,WashingtonDC,38.89957993448357,-77.00755083634543,No0jJYpYeQCVIrXX7CKjoQ,833,0,912,4,1352,True,No0jJYpYeQCVIrXX7CKjoQ
825,2011,6,298,WashingtonDC,38.90177586227946,-77.0466513748275,2pR0xI5C89mCjYTpissnyQ,704,0,749,8,1359,True,2pR0xI5C89mCjYTpissnyQ
1584,2018,8,209,WashingtonDC,38.91483357815396,-77.03754317004523,YY7pAg__PIuTjDl_qG3ZlA,859,0,942,7,1362,True,YY7pAg__PIuTjDl_qG3ZlA
1128,2018,7,88,WashingtonDC,38.90684498941931,-77.02963996511684,4VLjHTSCRMWOT99qXDEd0A,868,0,952,2,1371,True,4VLjHTSCRMWOT99qXDEd0A
1891,2009,7,300,WashingtonDC,38.91982111593582,-77.02068115720141,g37k-_TXsA2GYIYtM6PzYQ,871,0,955,4,1379,True,g37k-_TXsA2GYIYtM6PzYQ
964,2016,10,594,WashingtonDC,38.90375078631097,-77.0166101565567,cCxFliC4Q6QMrdCAd9Xlpg,687,1,956,4,1381,True,cCxFliC4Q6QMrdCAd9Xlpg
1673,2018,10,320,WashingtonDC,38.91555981985014,-77.01052004203407,z_j_ghm6BJQhBYUW4C_N1w,872,0,957,9,1384,True,z_j_ghm6BJQhBYUW4C_N1w
1499,2014,8,614,WashingtonDC,38.91260887071755,-77.00756298436562,fgwiUj9ybAgjg5edf8lUsQ,730,1,958,3,1385,True,fgwiUj9ybAgjg5edf8lUsQ
1066,2017,7,505,WashingtonDC,38.9057796519845,-77.03450803191188,X7Jz1xP1c03JCsiI0JT7rQ,875,0,961,7,1391,True,X7Jz1xP1c03JCsiI0JT7rQ
630,2014,8,466,WashingtonDC,38.89774493832241,-77.00203751289416,gIvfXt9M-rri45SRAhxJJA,157,1,963,6,1395,True,gIvfXt9M-rri45SRAhxJJA
1607,2018,8,456,WashingtonDC,38.91477391775015,-77.01466851118855,9zRiFRvUh9UdF0v_SCV_1A,878,0,965,11,1402,True,9zRiFRvUh9UdF0v_SCV_1A
1649,2017,7,280,WashingtonDC,38.91581443642414,-77.02960313588397,st5xghXu89kvdmG3J4N9ew,879,0,966,8,1404,True,st5xghXu89kvdmG3J4N9ew
295,2007,8,182,WashingtonDC,38.89282973041296,-77.04664102812623,Ie6qXuFZ3cdWv0jd4mINBg,880,0,967,2,1406,True,Ie6qXuFZ3cdWv0jd4mINBg
558,2008,6,62,WashingtonDC,38.8968484552658,-77.02298866387495,DKPzeNLkzZ3DEJdQkxkpew,70,1,969,2,1409,True,DKPzeNLkzZ3DEJdQkxkpew
1734,2019,7,574,WashingtonDC,38.91670433235939,-77.00952879901641,KgvGrEAqTVgZNgoSjV_q6Q,271,0,275,11,1417,True,KgvGrEAqTVgZNgoSjV_q6Q
1696,2015,7,540,WashingtonDC,38.91701913286616,-77.0405759171843,btX6JqnqK0QjeDLusfCLHw,74,0,74,6,1420,True,btX6JqnqK0QjeDLusfCLHw
1862,2012,5,403,WashingtonDC,38.91983195171132,-77.0476134953123,WNi_Uof63UiHWdUExqhOwg,723,0,771,4,1421,True,WNi_Uof63UiHWdUExqhOwg
176,2009,7,75,WashingtonDC,38.89064401279226,-77.05377292647657,hR8iiDJUT4xDBFgOWAKUAA,813,0,883,11,1423,True,hR8iiDJUT4xDBFgOWAKUAA
480,2016,10,289,WashingtonDC,38.89600740220019,-77.04459968131351,xY01AJYmVxmOr3RL_tw5fw,96,0,97,10,1429,True,xY01AJYmVxmOr3RL_tw5fw
574,2012,5,220,WashingtonDC,38.89678626237473,-77.00762359469857,Lw8-9VOHMelgKFgyIwC7-g,316,1,976,4,1432,True,Lw8-9VOHMelgKFgyIwC7-g
1273,2007,11,331,WashingtonDC,38.90864884175379,-77.00549011239336,x2CrmBW2ciQIgv6ucNScHA,222,0,225,11,1435,True,x2CrmBW2ciQIgv6ucNScHA
1522,2019,11,431,WashingtonDC,38.91378315363165,-77.04163338646536,xQlLRnu-s1b4WHhSoZ3GzA,851,0,932,7,1438,True,xQlLRnu-s1b4WHhSoZ3GzA
1614,2019,7,291,WashingtonDC,38.91482102254567,-77.00959502804209,mSpVDFUzLST2NpBg5LhHCA,582,1,980,5,1439,True,mSpVDFUzLST2NpBg5LhHCA
130,2014,8,212,WashingtonDC,38.8897794343396,-77.03946902164498,aW7VEUkriVO1KAppKHT16Q,891,0,983,2,1443,True,aW7VEUkriVO1KAppKHT16Q
1314,2011,10,203,WashingtonDC,38.90961090635817,-77.01755488865338,5dJO2XngbtSZD78zR9waWw,893,0,985,1,1446,True,5dJO2XngbtSZD78zR9waWw
1185,2016,11,325,WashingtonDC,38.90787054125715,-77.0295771799161,1j7SwG3UCp5qwUe56Cd6yw,896,0,988,6,1454,True,1j7SwG3UCp5qwUe56Cd6yw
1304,2011,6,563,WashingtonDC,38.90964841703038,-77.02654733372331,iJBbxJM95C1-CH3vJMlv5Q,900,0,992,3,1461,True,iJBbxJM95C1-CH3vJMlv5Q
1216,2009,7,-5,WashingtonDC,38.90880133129009,-77.05584340124899,IaFkzfhzkJ2sC9e_w5gX6Q,307,1,993,1,1464,True,IaFkzfhzkJ2sC9e_w5gX6Q
538,2018,10,219,WashingtonDC,38.89734846905129,-77.04261394078625,6J9mnZ5_6HWhVRd_qSd7kA,906,0,999,9,1474,True,6J9mnZ5_6HWhVRd_qSd7kA
1330,2011,7,321,WashingtonDC,38.90939932873535,-77.00332306166365,o0IuA_7QqYKe0KRSx7zODA,375,1,1000,1,1475,True,o0IuA_7QqYKe0KRSx7zODA
14,2011,7,470,WashingtonDC,38.88753733746761,-77.0414001550584,hMB6T8NQ2asAvy_a3MwR6Q,450,0,460,11,1477,True,hMB6T8NQ2asAvy_a3MwR6Q
287,2019,6,418,WashingtonDC,38.89173464769787,-77.00445467682374,zz7aVfqPH2-CMQozK4q4bw,908,0,1003,5,1481,True,zz7aVfqPH2-CMQozK4q4bw
1255,2019,7,275,WashingtonDC,38.90858234770764,-77.0136153893038,fVh1Fr5f65MwuJUJFMYH4Q,303,0,310,3,1488,True,fVh1Fr5f65MwuJUJFMYH4Q
926,2014,5,666,WashingtonDC,38.902860247236,-76.99847295116027,O6_bBRFbmCNMmNsGYD7XZQ,913,0,1009,3,1498,True,O6_bBRFbmCNMmNsGYD7XZQ
491,2018,10,473,WashingtonDC,38.89560925197732,-77.03053632823564,UvQgn_m28TdRXDrl_YwYaw,916,0,1012,7,1505,True,UvQgn_m28TdRXDrl_YwYaw
1259,2019,7,516,WashingtonDC,38.90857929373541,-77.01452872902044,APHTvDEBZsHXRRzPFwYQaw,922,0,1018,3,1515,True,APHTvDEBZsHXRRzPFwYQaw
386,2009,7,446,WashingtonDC,38.89360716108848,-77.01747581348043,y0xu4dMD7R3Zv4QcYbeBTA,924,0,1020,1,1517,True,y0xu4dMD7R3Zv4QcYbeBTA
1431,2014,5,292,WashingtonDC,38.91186374904154,-77.01757437774215,ygkjYpF5U3eEsBcRD2LDPQ,445,1,1021,2,1519,True,ygkjYpF5U3eEsBcRD2LDPQ
1893,2009,7,439,WashingtonDC,38.9197624999236,-77.02296369548847,oAbPZTsP7uU_sf_XuX0F2w,76,1,1022,1,1520,True,oAbPZTsP7uU_sf_XuX0F2w
816,2018,10,249,WashingtonDC,38.90160650556705,-77.04763495612474,Mswruappd4nuv-vXjZ0f4A,925,0,1024,9,1524,True,Mswruappd4nuv-vXjZ0f4A
1832,2019,7,381,WashingtonDC,38.91880045889011,-77.02384950412878,FKiwrAWi54wmgzH7ood9nA,926,0,1025,1,1525,True,FKiwrAWi54wmgzH7ood9nA
1854,2016,12,568,WashingtonDC,38.91980117380406,-77.05362620747137,zpZy7ieciMT7LhaUcx8Oyg,873,0,959,6,1526,True,zpZy7ieciMT7LhaUcx8Oyg
951,2016,10,163,WashingtonDC,38.90368519247976,-77.0295381535082,aUffL-RNCETGqWID31btyQ,928,0,1027,1,1530,True,aUffL-RNCETGqWID31btyQ
1241,2011,6,91,WashingtonDC,38.90857278929074,-77.02664112134104,YjYcOUKI6FBnSnmAybboMA,491,0,505,5,1532,True,YjYcOUKI6FBnSnmAybboMA
773,2015,7,321,WashingtonDC,38.9007486570205,-77.04167748771302,XA4fdOa_KYnMfjWEND9rJA,930,0,1030,12,1534,True,XA4fdOa_KYnMfjWEND9rJA
959,2019,7,593,WashingtonDC,38.90384677690859,-77.02658313066767,xVP6MpBq-7Po-oA4Hbb36g,931,0,1031,7,1535,True,xVP6MpBq-7Po-oA4Hbb36g
1148,2019,7,445,WashingtonDC,38.90681751539727,-77.00586341794894,sH38LUhQ1C-91hEJGXJZcw,932,0,1033,1,1538,True,sH38LUhQ1C-91hEJGXJZcw
1550,2017,6,588,WashingtonDC,38.91386912666851,-77.01580502792567,R45IHAn8aEe1XOZomTjnVQ,328,1,1036,1,1545,True,R45IHAn8aEe1XOZomTjnVQ
1590,2007,8,114,WashingtonDC,38.9148149972409,-77.03260171239596,P0ocaRuOiiZQoz3dYXaHFw,935,0,1037,1,1546,True,P0ocaRuOiiZQoz3dYXaHFw
718,2007,8,230,WashingtonDC,38.89970397518696,-77.03364648494446,Qzb5JKYxjnXo1alhU0T1sQ,366,1,1040,4,1555,True,Qzb5JKYxjnXo1alhU0T1sQ
1776,2015,11,610,WashingtonDC,38.91745084103821,-77.01656457032385,IRKYsGMjkllw5bc4G5DBoA,629,1,1041,1,1558,True,IRKYsGMjkllw5bc4G5DBoA
1516,2018,10,533,WashingtonDC,38.91371638060829,-77.04571393428681,t9SZuRqOK5ojSvxJwL9s4w,117,0,118,6,1564,True,t9SZuRqOK5ojSvxJwL9s4w
909,2016,10,286,WashingtonDC,38.90252188765407,-77.01659378599088,5c-sZKckbFOc5jjeq0ZmKg,343,1,1048,3,1578,True,5c-sZKckbFOc5jjeq0ZmKg
805,2019,6,377,WashingtonDC,38.90028143370592,-77.00456463639559,lj2XcjrPfb4tShkLFqBxVg,252,1,1001,10,1581,True,lj2XcjrPfb4tShkLFqBxVg
1935,2007,9,351,WashingtonDC,38.9207816529499,-77.03185961498858,xnRT3_168o9RXOASlF6lcg,809,0,879,3,1584,True,xnRT3_168o9RXOASlF6lcg
1796,2016,11,367,WashingtonDC,38.91887937466015,-77.05365486043584,6V6kvq5QW1zZrgnQL4at3g,945,0,1051,3,1585,True,6V6kvq5QW1zZrgnQL4at3g
854,2018,4,174,WashingtonDC,38.90182646965015,-77.01439801638242,DC__b0bSdd96ShMU-xLieQ,793,0,858,7,1588,True,DC__b0bSdd96ShMU-xLieQ
647,2008,6,523,WashingtonDC,38.89859656782664,-77.05275018577773,5v6QUzxZM3Me8h_uhuCVsA,947,0,1053,5,1590,True,5v6QUzxZM3Me8h_uhuCVsA
1351,2018,7,315,WashingtonDC,38.9111332786032,-77.04056115441989,Nl-j3S4gPvzh8mgiw5vSTg,682,0,723,11,1602,True,Nl-j3S4gPvzh8mgiw5vSTg
1109,2017,7,371,WashingtonDC,38.90699985675369,-77.04593922072054,d0xVXa8dKhILnqHWRDwSdQ,679,1,1058,2,1605,True,d0xVXa8dKhILnqHWRDwSdQ
45,2011,3,134,WashingtonDC,38.8875823106446,-77.00954960458338,uxzqBXqArO4LtsOa2HxCyA,954,0,1061,10,1609,True,uxzqBXqArO4LtsOa2HxCyA
330,2018,9,93,WashingtonDC,38.89277261908778,-77.01523812905147,YfKOHfTsuIDj8dWDHKI3nA,762,1,1063,1,1612,True,YfKOHfTsuIDj8dWDHKI3nA
1864,2007,9,522,WashingtonDC,38.91963259856668,-77.04462057922001,MsxSrBTVIT5cm958jHZJ6A,82,1,1065,2,1615,True,MsxSrBTVIT5cm958jHZJ6A
793,2017,7,295,WashingtonDC,38.90086066607385,-77.01953820589655,hGVaGzKzlwklcOyqFMAc-A,655,0,686,6,1617,True,hGVaGzKzlwklcOyqFMAc-A
1477,2009,7,452,WashingtonDC,38.9126105694897,-77.02861145622153,29zY22KXKG9o0QvlS0ZVhA,632,0,662,9,1619,True,29zY22KXKG9o0QvlS0ZVhA
1799,2009,7,331,WashingtonDC,38.9180928302433,-77.00159010380702,yjTGPd7HjUXujjjB2tv9WQ,465,1,1070,2,1629,True,yjTGPd7HjUXujjjB2tv9WQ
826,2017,7,479,WashingtonDC,38.90185487755372,-77.043472865004,7gXUl1WbhQ5_LqhCpzlkfQ,122,0,123,9,1630,True,7gXUl1WbhQ5_LqhCpzlkfQ
1312,2011,6,495,WashingtonDC,38.90964674626097,-77.02157089445296,hSQc8oxnk5mdGkrQbW4R5w,41,0,41,5,1635,True,hSQc8oxnk5mdGkrQbW4R5w
1858,2015,7,209,WashingtonDC,38.92026132516411,-77.05189997031391,B6Gq_DqRIN1LnWAd1udn0Q,719,0,766,11,1637,True,B6Gq_DqRIN1LnWAd1udn0Q
1413,2016,10,364,WashingtonDC,38.91180817855577,-77.03849133714427,sceOCa9TsyIAHc8yVCfv-g,963,0,1074,4,1639,True,sceOCa9TsyIAHc8yVCfv-g
1191,2017,7,474,WashingtonDC,38.90780676222307,-77.02294819303064,1bMpMh7GphdLBmQuvVMTSA,821,1,1075,2,1642,True,1bMpMh7GphdLBmQuvVMTSA
1413,2018,10,40,WashingtonDC,38.91180166423354,-77.0385196906763,E7fd9AHJ31DfFmWgmSlNRw,963,1,1083,4,1657,True,E7fd9AHJ31DfFmWgmSlNRw
1513,2014,4,238,WashingtonDC,38.91402161526486,-77.05325117121816,embMzlkWh3H2XRHhqXCpuw,969,0,1085,11,1659,True,embMzlkWh3H2XRHhqXCpuw
1830,2011,10,348,WashingtonDC,38.91912483181886,-77.02062229025424,10B6peE5asB9uPtbnhz6DA,406,1,1086,2,1660,True,10B6peE5asB9uPtbnhz6DA
1551,2017,9,289,WashingtonDC,38.91409572090908,-77.01258460726326,NNSGVkypGsSCN6X6X9bCSA,320,0,327,4,1662,True,NNSGVkypGsSCN6X6X9bCSA
1403,2007,8,255,WashingtonDC,38.91186660789351,-77.04554031161571,VuJdDobp6PeKodhmJKnllw,970,0,1088,6,1666,True,VuJdDobp6PeKodhmJKnllw
320,2019,11,453,WashingtonDC,38.89280983449381,-77.02588463456985,3bi2UH-EpH8yhs3a_Op9TA,971,0,1089,6,1668,True,3bi2UH-EpH8yhs3a_Op9TA
1515,2011,8,249,WashingtonDC,38.91376816744029,-77.04342658381393,8Q3d8gZAo8sfa_H8nmBo-g,524,1,1090,2,1669,True,8Q3d8gZAo8sfa_H8nmBo-g
987,2019,7,568,WashingtonDC,38.90373553351353,-77.00255171238265,L_p78UyTcbfTSD41pFuUVA,64,0,64,8,1670,True,L_p78UyTcbfTSD41pFuUVA
1243,2019,7,423,WashingtonDC,38.90857015210666,-77.02854409652886,l5F3p5ME1_2xmYWYq6cwdg,519,1,1091,6,1671,True,l5F3p5ME1_2xmYWYq6cwdg
503,2007,10,221,WashingtonDC,38.89579167458705,-77.01218154020049,YjHVrmq6As-N6EAAk_YfPQ,972,0,1092,1,1672,True,YjHVrmq6As-N6EAAk_YfPQ
1229,2011,10,657,WashingtonDC,38.90862521846983,-77.04442140976768,DHUWBUhfc4c_zJCBwAHSOg,974,0,1094,2,1674,True,DHUWBUhfc4c_zJCBwAHSOg
1861,2014,6,294,WashingtonDC,38.92015556221488,-77.04956950645318,wa5C35VdBJo1yoaHIo--lQ,164,0,165,3,1677,True,wa5C35VdBJo1yoaHIo--lQ
705,2011,6,531,WashingtonDC,38.89957886034019,-77.04956998532514,giqWbO2HRiesyY1RqqS5Ew,976,0,1096,2,1678,True,giqWbO2HRiesyY1RqqS5Ew
49,2017,9,361,WashingtonDC,38.8876315412029,-77.00658844489153,Kbc8TVeHGHgjUfbyHxny0Q,267,1,1100,2,1690,True,Kbc8TVeHGHgjUfbyHxny0Q
1534,2007,8,618,WashingtonDC,38.91372499199144,-77.02964565389854,ZkXRi5x4BUiu7rWr9MAAJw,211,1,1081,4,1691,True,ZkXRi5x4BUiu7rWr9MAAJw
1230,2014,4,355,WashingtonDC,38.9087721861553,-77.04346193435067,_TTp6a1QxMO4TcilxOu17w,483,0,497,6,1693,True,_TTp6a1QxMO4TcilxOu17w
536,2011,6,478,WashingtonDC,38.89631852909918,-77.04044986441774,YtxilP9GfIDsVRv1SX8flw,559,0,580,8,1696,True,YtxilP9GfIDsVRv1SX8flw
350,2017,6,257,WashingtonDC,38.89377931321389,-77.05009975693535,NYzQO_f4hHgbO-yHJ3tVpQ,755,0,809,8,1703,True,NYzQO_f4hHgbO-yHJ3tVpQ
1639,2017,7,500,WashingtonDC,38.91564329227606,-77.04467813045058,BW2enykAcFw6xAogh9qghA,882,1,1104,2,1707,True,BW2enykAcFw6xAogh9qghA
1753,2018,10,548,WashingtonDC,38.91792141095722,-77.0466464380969,_9ZrXesang4Qss4-yZ6qOw,478,1,1105,3,1708,True,_9ZrXesang4Qss4-yZ6qOw
1323,2019,7,512,WashingtonDC,38.90974808197464,-77.00510002681274,vJFXTkRa47JYVhFBEtwQAQ,982,0,1106,1,1709,True,vJFXTkRa47JYVhFBEtwQAQ
526,2019,10,240,WashingtonDC,38.89687966006287,-77.05286510820068,ZBMt1JFa_b5OLAlKxv33xA,984,0,1108,7,1711,True,ZBMt1JFa_b5OLAlKxv33xA
595,2018,10,241,WashingtonDC,38.89777741231586,-77.03945136173897,ar355E416967Utw-vIk0hg,987,0,1111,3,1719,True,ar355E416967Utw-vIk0hg
1791,2019,7,117,WashingtonDC,38.91790001902057,-77.00569106807947,tHPDbesGU4HwBfjpFGHk_A,124,0,125,15,1735,True,tHPDbesGU4HwBfjpFGHk_A
1745,2009,7,414,WashingtonDC,38.91782635864072,-77.05051738230257,ssAmxCuRu8nos36M1RJnog,993,0,1117,2,1738,True,ssAmxCuRu8nos36M1RJnog
955,2011,8,429,WashingtonDC,38.90371961573763,-77.02857212439459,aEMCvxvBIC2kR7bxtQFE-w,994,0,1118,6,1739,True,aEMCvxvBIC2kR7bxtQFE-w
1923,2007,9,364,WashingtonDC,38.92076640615498,-77.04559327060146,ymEY4CyZNnZfX4EfNyMjeA,996,0,1120,3,1742,True,ymEY4CyZNnZfX4EfNyMjeA
1276,2016,11,444,WashingtonDC,38.90969192058284,-77.05542012815359,lcmpR0SSVslmUuLV2Nzk3w,998,0,1122,3,1746,True,lcmpR0SSVslmUuLV2Nzk3w
1272,2018,8,205,WashingtonDC,38.90884707766695,-77.00455558470462,B_xkf7VB5Y7CzVaehpj6Jg,43,1,1123,7,1747,True,B_xkf7VB5Y7CzVaehpj6Jg
944,2007,8,434,WashingtonDC,38.90374979819171,-77.04251668390214,he6HKbLHoq5joDm93U9XdA,962,0,1073,10,1749,True,he6HKbLHoq5joDm93U9XdA
1349,2014,4,246,WashingtonDC,38.91113008217581,-77.03953106547834,MGLNKZZtxns_1lUXwfcs5g,766,0,820,11,1755,True,MGLNKZZtxns_1lUXwfcs5g
595,2008,6,54,WashingtonDC,38.89777484266598,-77.03948321382485,pYO3WoShH11XLy3mbtM1Aw,987,1,1128,3,1759,True,pYO3WoShH11XLy3mbtM1Aw
1153,2018,10,328,WashingtonDC,38.90643775669352,-77.00659732912828,828FBi65ide1hkmZOO9tPQ,829,1,1134,4,1769,True,828FBi65ide1hkmZOO9tPQ
639,2007,8,77,WashingtonDC,38.89918814293659,-77.05418522484351,6uHxCOGnQF8Y_YLn8i-KBQ,644,0,674,6,1776,True,6uHxCOGnQF8Y_YLn8i-KBQ
174,2017,6,399,WashingtonDC,38.88976796931074,-76.99951244542375,Fs5fYKI8ijG36hlSk8_MMw,1010,0,1140,1,1780,True,Fs5fYKI8ijG36hlSk8_MMw
1256,2017,7,339,WashingtonDC,38.90855073344422,-77.01556427287423,plAcRrToyAfk8nq9cUAX2g,828,1,1142,2,1782,True,plAcRrToyAfk8nq9cUAX2g
1693,2016,11,249,WashingtonDC,38.91701332258041,-77.04389594788186,19oeWzi2yZ6Jrs6Unmzt8Q,578,1,1146,1,1793,True,19oeWzi2yZ6Jrs6Unmzt8Q
774,2014,8,219,WashingtonDC,38.90085457312072,-77.03951505517438,EQn2Bk4okSfpuXWrY7ERCA,1013,0,1147,8,1794,True,EQn2Bk4okSfpuXWrY7ERCA
441,2011,6,435,WashingtonDC,38.89480971037784,-77.02053359751754,TQ_hoDvu-fL8e4bFVr5SVg,315,0,322,6,1805,True,TQ_hoDvu-fL8e4bFVr5SVg
976,2016,10,129,WashingtonDC,38.90373365285404,-77.00751919052718,8xxr6HTMpqwv_mgjm-nG6g,514,0,532,7,1810,True,8xxr6HTMpqwv_mgjm-nG6g
1583,2017,8,530,WashingtonDC,38.91482468643034,-77.03861873017928,-i0VvLjxiQOetxDyIoVorg,1016,0,1151,7,1813,True,-i0VvLjxiQOetxDyIoVorg
55,2018,6,47,WashingtonDC,38.8877772677396,-77.000577805365,g8kL8_x1Gkb7Zdo5cmlumQ,1019,0,1155,13,1818,True,g8kL8_x1Gkb7Zdo5cmlumQ
2,2017,6,478,WashingtonDC,38.88799660945219,-77.05378260727709,9O0cEM16mh2aCcoBz9GvLA,864,0,948,7,1819,True,9O0cEM16mh2aCcoBz9GvLA
404,2019,6,535,WashingtonDC,38.8935848310901,-77.00164911775559,cB5s84iwXexUqAWoy3V3mQ,914,0,1010,7,1824,True,cB5s84iwXexUqAWoy3V3mQ
1609,2018,7,231,WashingtonDC,38.91482502095696,-77.01251270750694,4Jk0gkSWIJnkCZX-maGZUg,363,0,373,5,1835,True,4Jk0gkSWIJnkCZX-maGZUg
1374,2018,10,76,WashingtonDC,38.91074969794579,-77.02092520702782,xZPalRiyl80i_I0pvcAnRQ,1021,0,1157,6,1842,True,xZPalRiyl80i_I0pvcAnRQ
346,2019,8,491,WashingtonDC,38.89244217859076,-77.00238331227759,PxwA_NcMaeNdL9PijJMdIQ,165,0,166,9,1844,True,PxwA_NcMaeNdL9PijJMdIQ
1156,2009,7,57,WashingtonDC,38.90675612750871,-77.00203827746346,zsuKsWTPkfU94cu6pBe_fw,234,1,1167,2,1851,True,zsuKsWTPkfU94cu6pBe_fw
1215,2014,7,309,WashingtonDC,38.90781564423037,-76.998639376721,TAzjgRJYewH5FPLSU03GDw,1028,0,1171,8,1859,True,TAzjgRJYewH5FPLSU03GDw
452,2018,6,230,WashingtonDC,38.89478453592012,-77.0125837619571,npovBhcEdKIKQTfhd_ynFA,1029,0,1172,1,1861,True,npovBhcEdKIKQTfhd_ynFA
435,2014,6,416,WashingtonDC,38.8947891037351,-77.02152667151742,pUMgpAh3SESsGyU3W2KDPQ,898,1,1174,2,1866,True,pUMgpAh3SESsGyU3W2KDPQ
1082,2017,7,363,WashingtonDC,38.90564118058477,-77.01761930231932,6BAANpbyq_pLD0lPGJ-mbA,1031,0,1175,9,1867,True,6BAANpbyq_pLD0lPGJ-mbA
1730,2009,7,585,WashingtonDC,38.91699590300083,-77.0045421538504,G0s04YmWR93IHC-lOR4elg,870,0,954,7,1878,True,G0s04YmWR93IHC-lOR4elg
1397,2018,8,304,WashingtonDC,38.91183915195786,-77.0506194712568,gKSBOYrdaefGiXY9bErbdQ,159,1,1182,2,1893,True,gKSBOYrdaefGiXY9bErbdQ
643,2009,7,237,WashingtonDC,38.89884336115455,-77.05143315558192,bRY3XBzOEUS90yksMLnHAg,557,0,578,6,1896,True,bRY3XBzOEUS90yksMLnHAg
987,2017,6,398,WashingtonDC,38.90372524343846,-77.00252376800971,s9B4JJfaDN7NI-JlmCw_eA,64,1,1192,3,1918,True,s9B4JJfaDN7NI-JlmCw_eA
64,2009,7,431,WashingtonDC,38.88885801632549,-77.05249403661166,FaV4SoG-UjrQhD_gKpkiCg,113,0,114,13,1925,True,FaV4SoG-UjrQhD_gKpkiCg
1790,2011,6,447,WashingtonDC,38.91772563753136,-77.00660674483235,mclkg_-yZBHvIafb-hnuCw,661,0,693,9,1926,True,mclkg_-yZBHvIafb-hnuCw
1315,2017,7,606,WashingtonDC,38.90964287493345,-77.01156562713372,9J66dHFbAZYiqpHbPTRzeQ,722,1,837,5,1931,True,9J66dHFbAZYiqpHbPTRzeQ
1353,2016,10,416,WashingtonDC,38.91082556045223,-77.04166999843244,sJdQGVVLVCwNLLTxF8ZIlQ,692,1,1198,6,1935,True,sJdQGVVLVCwNLLTxF8ZIlQ
670,2018,10,374,WashingtonDC,38.89904784619491,-77.02554903841904,w06dDGfv1KEW4LmN1OKw2g,876,0,962,6,1943,True,w06dDGfv1KEW4LmN1OKw2g
1180,2018,7,440,WashingtonDC,38.90777732009949,-77.03851518195563,P-UQcjV1uQjbKpMo9QC7cA,773,0,830,7,1949,True,P-UQcjV1uQjbKpMo9QC7cA
1201,2018,10,459,WashingtonDC,38.90761067798704,-77.00849218024231,1EX0DqaUmzs4LjNAAReOFw,1053,0,1206,8,1953,True,1EX0DqaUmzs4LjNAAReOFw
1535,2019,7,243,WashingtonDC,38.91407562989881,-77.02854453659783,ZQdnhaiAVFwVUwohMa7T1w,35,0,35,4,1959,True,ZQdnhaiAVFwVUwohMa7T1w
1918,2019,8,459,WashingtonDC,38.92105152063186,-77.0510797973926,5FBMt0B7W8mCObUxIOfLtw,520,0,538,10,1964,True,5FBMt0B7W8mCObUxIOfLtw
173,2019,8,398,WashingtonDC,38.88979464312133,-77.00057939860837,edxtDBo_upPl2_2pJgE5DA,600,1,1138,5,1968,True,edxtDBo_upPl2_2pJgE5DA
1302,2009,7,467,WashingtonDC,38.90965010801947,-77.02552985002352,hxvq_IAd6jTcYG8ppKjB5A,764,0,818,8,1970,True,hxvq_IAd6jTcYG8ppKjB5A
1302,2014,5,280,WashingtonDC,38.90962225169534,-77.02555596439056,2hemSaHMd4u7Gr-PEhHqRQ,764,1,1212,2,1976,True,2hemSaHMd4u7Gr-PEhHqRQ
603,2017,6,401,WashingtonDC,38.89780412534236,-77.03188625012324,jCUsj_REuAZklateuUrVXg,744,0,796,13,1977,True,jCUsj_REuAZklateuUrVXg
587,2018,10,380,WashingtonDC,38.89736893532502,-77.04950925644918,Rvh9kCSav75iyUDq17H55w,1015,0,1149,9,1988,True,Rvh9kCSav75iyUDq17H55w
443,2007,11,309,WashingtonDC,38.89481024438101,-77.01660554935088,_3W4mYIst44dGIw9znKuYg,1063,0,1217,1,1991,True,_3W4mYIst44dGIw9znKuYg
1242,2016,10,415,WashingtonDC,38.90870262857396,-77.03240323267521,0DpHD1PYb1Vh-_CxXZH9xw,1032,0,1176,13,1994,True,0DpHD1PYb1Vh-_CxXZH9xw
436,2012,5,170,WashingtonDC,38.89478975677635,-77.02252675198253,JdQyR3AKNkOzjUKr9fhe7A,1066,0,1221,2,1996,True,JdQyR3AKNkOzjUKr9fhe7A
1254,2009,7,104,WashingtonDC,38.9085563433435,-77.02062942623303,WUEcYULO1khNGixKC1zV6A,1068,0,1223,3,2000,True,WUEcYULO1khNGixKC1zV6A
1846,2009,7,512,WashingtonDC,38.91887076294682,-77.00676795371766,owD3q9xlUAIRhFpHLQwHXw,933,0,1034,3,2004,True,owD3q9xlUAIRhFpHLQwHXw
331,2014,4,476,WashingtonDC,38.89286849927228,-77.01364765015309,FGChp8cG6v5UOA3O_Ud32A,121,0,122,6,2007,True,FGChp8cG6v5UOA3O_Ud32A
1279,2007,8,117,WashingtonDC,38.9094719529347,-77.05348432641965,m4FjrGRGBcisWWJh0XsWkQ,357,1,1229,2,2017,True,m4FjrGRGBcisWWJh0XsWkQ
1247,2011,6,125,WashingtonDC,38.90891712304219,-77.03166502369608,c2EzGox1VF84bQZDwVM-kw,727,1,1230,1,2021,True,c2EzGox1VF84bQZDwVM-kw
1254,2014,5,267,WashingtonDC,38.90858048923499,-77.02066178779593,G4VNrGAcvvYQqampVOKe6Q,1068,1,1233,5,2024,True,G4VNrGAcvvYQqampVOKe6Q
1699,2018,10,546,WashingtonDC,38.91702057073779,-77.03764829711761,DNSMQNJVKYn-LIGNLSv9sg,536,1,891,5,2036,True,DNSMQNJVKYn-LIGNLSv9sg
783,2008,6,477,WashingtonDC,38.90089439246186,-77.0225691362239,Klu4RHFMEMaWkOKudZHicw,576,0,598,5,2038,True,Klu4RHFMEMaWkOKudZHicw
700,2009,7,481,WashingtonDC,38.89984377039821,-77.05258385911807,m2l_WD8oQHNnQ7JGPD_3vg,654,0,685,7,2047,True,m2l_WD8oQHNnQ7JGPD_3vg
1468,2017,7,427,WashingtonDC,38.91279565378719,-77.03453248500472,dUh7zgHW_qJsw2zjLH1nrQ,1076,0,1241,6,2048,True,dUh7zgHW_qJsw2zjLH1nrQ
1380,2009,7,364,WashingtonDC,38.91112005104431,-77.0145379937216,PlxpQlb_h09xPSvJBcbJfA,1077,0,1242,5,2050,True,PlxpQlb_h09xPSvJBcbJfA
1531,2011,8,140,WashingtonDC,38.91408557172905,-77.03153959930407,HAU0B25haFfbyWO-j2qHog,939,1,1243,1,2051,True,HAU0B25haFfbyWO-j2qHog
215,2014,5,452,WashingtonDC,38.89073306527295,-77.01213567606021,0dyNowSlRtPNNPlpy-tnaw,968,0,1084,17,2053,True,0dyNowSlRtPNNPlpy-tnaw
1500,2019,7,272,WashingtonDC,38.91258770781403,-77.00558528940208,2LOZ4evAlhQtH9Ah3SuDsg,444,1,1245,2,2054,True,2LOZ4evAlhQtH9Ah3SuDsg
1571,2011,6,122,WashingtonDC,38.91483716617945,-77.0495189589907,b0f3yMv-2_-sDw2iIWLnEQ,758,0,812,4,2060,True,b0f3yMv-2_-sDw2iIWLnEQ
30,2019,6,122,WashingtonDC,38.88753209867739,-77.02452776148436,endiPSFNvdy4NefLjzKV0A,940,0,1045,5,2071,True,endiPSFNvdy4NefLjzKV0A
842,2018,10,128,WashingtonDC,38.9021188399088,-77.02258981467116,kGRNrlOBZy1YURcpzhqK2w,344,0,352,5,2076,True,kGRNrlOBZy1YURcpzhqK2w
1385,2017,6,376,WashingtonDC,38.91060243883202,-77.00357018080895,_Xm4TV7qzMM_AoWeET7kpw,29,0,29,5,2081,True,_Xm4TV7qzMM_AoWeET7kpw
705,2016,10,363,WashingtonDC,38.89957074586075,-77.04961352115139,NBJ2RWN2of6Y1YpUluxCKg,976,1,1253,5,2082,True,NBJ2RWN2of6Y1YpUluxCKg
592,2011,6,445,WashingtonDC,38.8977618949092,-77.04490994315665,xeNuICm2XZQGXnKn4f5fEA,1085,0,1255,9,2084,True,xeNuICm2XZQGXnKn4f5fEA
557,2008,6,496,WashingtonDC,38.8967235042033,-77.0219057206559,c-vdPMHcVNWLTRmfnCxx_Q,732,0,784,10,2089,True,c-vdPMHcVNWLTRmfnCxx_Q
556,2017,11,438,WashingtonDC,38.89682075592174,-77.01891607918682,L9pScpaGljUtWOerNtV91w,1087,0,1258,11,2091,True,L9pScpaGljUtWOerNtV91w
1308,2011,8,207,WashingtonDC,38.90961659062157,-77.02060504931416,1I1yiSaSkQM9kNkqAkJ20w,1090,0,1261,2,2097,True,1I1yiSaSkQM9kNkqAkJ20w
440,2018,7,359,WashingtonDC,38.89478066664793,-77.02391915199031,1eubamudx5PQEW4J_e5zog,339,1,1264,2,2104,True,1eubamudx5PQEW4J_e5zog
130,2011,4,26,WashingtonDC,38.88977588296036,-77.0395342833181,kr-9loW95BuWcW0Wlp6RFw,891,1,1266,4,2108,True,kr-9loW95BuWcW0Wlp6RFw
1615,2011,8,141,WashingtonDC,38.91477124462173,-77.00352431452394,aQvrQKWZUkymC7ljJstVPw,1040,0,1188,7,2112,True,aQvrQKWZUkymC7ljJstVPw
1619,2019,7,448,WashingtonDC,38.91481696505519,-77.00255976080481,BzocvwevNQ3zAhVenoisBA,1094,0,1269,3,2117,True,BzocvwevNQ3zAhVenoisBA
1953,2007,9,446,WashingtonDC,38.92050239191018,-77.01649497136789,1RnePr7xyZpBrg4-oKE45A,1095,0,1270,3,2118,True,1RnePr7xyZpBrg4-oKE45A
733,2007,8,423,WashingtonDC,38.89983689195289,-77.02251265691237,DJHYm4F2ZQXAF7hV-5YOEw,155,0,156,7,2121,True,DJHYm4F2ZQXAF7hV-5YOEw
52,2011,6,460,WashingtonDC,38.88778126600963,-77.00349944076585,ShECqDNHHxk5K76Y0U8TXg,1097,0,1272,2,2122,True,ShECqDNHHxk5K76Y0U8TXg
1569,2014,6,149,WashingtonDC,38.91481166121654,-77.05064688304931,UBTMYFGsZbQ3Di-Oc28xGQ,66,1,1274,1,2124,True,UBTMYFGsZbQ3Di-Oc28xGQ
1148,2011,8,627,WashingtonDC,38.90679606356527,-77.00590066516158,f0WyqSuv4zKKeqGqV9rsww,932,1,1279,2,2138,True,f0WyqSuv4zKKeqGqV9rsww
505,2018,8,259,WashingtonDC,38.89574280738239,-77.01519041985897,efgutF5cYHEKgB8il8_3gA,973,1,1280,2,2145,True,efgutF5cYHEKgB8il8_3gA
439,2015,7,576,WashingtonDC,38.89471967424576,-77.02661222396094,PBuvNJWNyZLpv1jUtSx4DA,768,0,824,8,2148,True,PBuvNJWNyZLpv1jUtSx4DA
395,2007,8,399,WashingtonDC,38.89477350842841,-77.00869249756614,Lr_zM4e7N8E3uzVoXgcOAQ,1084,1,1282,2,2151,True,Lr_zM4e7N8E3uzVoXgcOAQ
779,2011,8,479,WashingtonDC,38.90086957951235,-77.03188888013153,y3yDjxiVdKQDlm1Z_9MCww,496,0,511,7,2154,True,y3yDjxiVdKQDlm1Z_9MCww
1276,2009,7,627,WashingtonDC,38.90968393641361,-77.05543349528253,38VdKMjdzLPtJJM8rt0sOw,998,1,1286,1,2167,True,38VdKMjdzLPtJJM8rt0sOw
1785,2017,9,555,WashingtonDC,38.91784585551329,-77.01353714910704,kSFe_cRswIoKcSpRmSfaEA,1108,0,1289,7,2171,True,kSFe_cRswIoKcSpRmSfaEA
1895,2007,9,229,WashingtonDC,38.91959142894188,-77.01554388885494,NJqEUyUKIf0pSw4HHz4t4g,1109,0,1290,5,2173,True,NJqEUyUKIf0pSw4HHz4t4g
914,2009,7,290,WashingtonDC,38.90254307934102,-77.01260050445802,bWurDWyPXofEaWkuS52YmA,1113,0,1296,4,2184,True,bWurDWyPXofEaWkuS52YmA
1037,2019,7,500,WashingtonDC,38.90483824851748,-77.00586930812418,tSTvdLxpnTwoDVcg66AmHQ,1115,0,1298,5,2190,True,tSTvdLxpnTwoDVcg66AmHQ
1383,2014,8,488,WashingtonDC,38.91060821350983,-77.00452785046234,2yK0JPN_Y3NgRqt7ZxOqBg,428,0,438,5,2199,True,2yK0JPN_Y3NgRqt7ZxOqBg
1924,2011,6,284,WashingtonDC,38.92092024421645,-77.0482791428458,4-PtMgLaKKGVLVqDkAzyjw,26,0,26,3,2203,True,4-PtMgLaKKGVLVqDkAzyjw
1072,2019,7,292,WashingtonDC,38.90577881465175,-77.03149131040202,JzyIGWdF469Ulc0x5Mg9WA,120,0,121,15,2204,True,JzyIGWdF469Ulc0x5Mg9WA
661,2017,7,52,WashingtonDC,38.89875284717876,-77.02965795034429,SBCv1ScVPK41p0AEMfQX_w,1081,0,1249,8,2207,True,SBCv1ScVPK41p0AEMfQX_w
1813,2014,4,590,WashingtonDC,38.91873845338051,-77.0425346497513,imD4zOSUTiPyftJLG64s1Q,729,1,1303,3,2216,True,imD4zOSUTiPyftJLG64s1Q
1555,2019,7,516,WashingtonDC,38.91393650322529,-77.0081504654447,SV21agRtD7eplRfxGq_TJQ,114,1,842,5,2231,True,SV21agRtD7eplRfxGq_TJQ
15,2008,6,411,WashingtonDC,38.8878344156033,-77.04057511501823,UXepF2EfiZx9EvMl9sKDtA,703,0,748,7,2241,True,UXepF2EfiZx9EvMl9sKDtA
106,2014,4,410,WashingtonDC,38.8889501927862,-77.01211665960201,hjqYqBPOaivLqzzKLOFoVA,140,1,495,7,2242,True,hjqYqBPOaivLqzzKLOFoVA
941,2018,10,249,WashingtonDC,38.90373198273661,-77.03758094722401,Wy6pziJ1gB0SCnMALlQUyQ,803,0,872,8,2244,True,Wy6pziJ1gB0SCnMALlQUyQ
27,2016,10,307,WashingtonDC,38.88764651334716,-77.02957913814734,gZR_10ErzigkhV6_3DshZQ,983,0,1107,6,2250,True,gZR_10ErzigkhV6_3DshZQ
1461,2018,10,664,WashingtonDC,38.9127649598439,-77.04343514062784,LjDZqOLVH9bNyPfuu8EP0g,1125,0,1312,6,2256,True,LjDZqOLVH9bNyPfuu8EP0g
431,2018,9,350,WashingtonDC,38.8948209846621,-77.0275016327833,n-4sCFiFyBVrCRwOgOa3UQ,1126,0,1313,6,2260,True,n-4sCFiFyBVrCRwOgOa3UQ
1535,2011,6,435,WashingtonDC,38.91410454887311,-77.02850980531508,-wSHtE-gvr9enT5LieRG3w,35,1,1314,3,2262,True,-wSHtE-gvr9enT5LieRG3w
1071,2014,6,509,WashingtonDC,38.90576917331259,-77.02964419883949,_jqO2CPvci0IBm64DdgT-w,1128,0,1316,1,2270,True,_jqO2CPvci0IBm64DdgT-w
1148,2016,10,464,WashingtonDC,38.90684785207338,-77.00586744616147,BGIs2o4WNILcvyB3uCI0dA,932,2,1317,4,2271,True,BGIs2o4WNILcvyB3uCI0dA
756,2011,6,418,WashingtonDC,38.90072416904175,-77.05460518863713,Qupwj99ue-aYtWQ_0KIt2A,705,0,750,8,2281,True,Qupwj99ue-aYtWQ_0KIt2A
467,2014,5,328,WashingtonDC,38.89479638088515,-76.99855451902637,cFt72F_dNRBtgTDAoqlBUg,431,0,441,6,2287,True,cFt72F_dNRBtgTDAoqlBUg
510,2018,10,58,WashingtonDC,38.89580210820626,-77.01133479381248,Euqa_daUAx4mcweXX1wZ2g,1026,1,1321,2,2289,True,Euqa_daUAx4mcweXX1wZ2g
1330,2016,10,342,WashingtonDC,38.90939114438016,-77.00335928972765,fiWA95leNuicj7QFAXdSKQ,375,0,385,12,2295,True,fiWA95leNuicj7QFAXdSKQ
1945,2016,11,159,WashingtonDC,38.92073032161588,-77.02448019929597,AynaSrnRWJQ4iq7ynIAujQ,1132,0,1322,5,2297,True,AynaSrnRWJQ4iq7ynIAujQ
297,2009,7,232,WashingtonDC,38.89278337363089,-77.05009888368639,z_ie-1XbUw9SZLNVCCkloA,332,0,339,5,2300,True,z_ie-1XbUw9SZLNVCCkloA
225,2019,6,604,WashingtonDC,38.89203734029991,-77.00755041158595,1IDAOR6aokqLB4k_7yrCmQ,628,0,657,9,2302,True,1IDAOR6aokqLB4k_7yrCmQ
1272,2015,9,339,WashingtonDC,38.90888179179393,-77.00456281521802,WmHK7wPunUtllULP4Xc9Cg,43,0,43,7,2303,True,WmHK7wPunUtllULP4Xc9Cg
1282,2009,7,286,WashingtonDC,38.90962249385644,-77.04751850034441,e9evyeEwBIBn8vYijGttIg,243,1,1324,1,2307,True,e9evyeEwBIBn8vYijGttIg
1229,2009,7,473,WashingtonDC,38.90861180656875,-77.04437987894424,mYZ3wqEikepUXC-lg7mnxg,974,1,1152,7,2318,True,mYZ3wqEikepUXC-lg7mnxg
786,2018,10,512,WashingtonDC,38.90089032365914,-77.02452870867619,X5TF9A3Sj_7F8ATtAtieLg,544,0,565,5,2340,True,X5TF9A3Sj_7F8ATtAtieLg
1250,2011,6,615,WashingtonDC,38.9085789351507,-77.02562121214389,xEp2aOy3hf_lxFJvvSF55A,235,0,238,6,2344,True,xEp2aOy3hf_lxFJvvSF55A
556,2009,7,619,WashingtonDC,38.8968116958849,-77.01895038159027,jY7zHwhViLbELPMeeOcxVg,1087,1,1335,1,2346,True,jY7zHwhViLbELPMeeOcxVg
352,2018,10,525,WashingtonDC,38.89370108357836,-77.05587638481143,GxlwIUXsWeLun4JYvdd9WA,886,0,975,13,2351,True,GxlwIUXsWeLun4JYvdd9WA
965,2009,7,287,WashingtonDC,38.90378436043851,-77.02195790673659,Sw5LUvTPUHGwEBk5lu41Kg,699,1,1337,1,2352,True,Sw5LUvTPUHGwEBk5lu41Kg
1868,2007,9,344,WashingtonDC,38.91965974536345,-77.04261318578716,PRKCB6_3kEYCzgUF52cfFA,567,1,1338,5,2354,True,PRKCB6_3kEYCzgUF52cfFA
865,2011,7,554,WashingtonDC,38.90253035061382,-77.00460599250177,VpnFXuYA2vPnDACufoXrkw,794,1,937,4,2361,True,VpnFXuYA2vPnDACufoXrkw
1376,2016,11,608,WashingtonDC,38.91080783081911,-77.01216848414201,VIiEkrWELBY20in-Dp8CEQ,1100,0,1276,8,2367,True,VIiEkrWELBY20in-Dp8CEQ
1097,2009,7,558,WashingtonDC,38.9056698261382,-77.00255484695418,qhE9ZpfRhe4xXH-IDEBkuA,535,1,1342,2,2368,True,qhE9ZpfRhe4xXH-IDEBkuA
737,2014,4,337,WashingtonDC,38.89974020444986,-77.0147017551086,72qKuLGk1BxWKZJB9qnCTQ,877,0,964,9,2370,True,72qKuLGk1BxWKZJB9qnCTQ
954,2009,7,193,WashingtonDC,38.90373116451086,-77.03355674115409,H902cSLpBNCpz3dY9lmdMg,903,0,996,7,2388,True,H902cSLpBNCpz3dY9lmdMg
1537,2011,6,324,WashingtonDC,38.91410323466719,-77.02346114382823,1KKGezVs2XltWOi6_beruQ,525,1,726,3,2395,True,1KKGezVs2XltWOi6_beruQ
942,2014,6,236,WashingtonDC,38.90379872692007,-77.03850734767632,Yp4-tTTEM8ari3nFACn1dg,607,1,1352,1,2410,True,Yp4-tTTEM8ari3nFACn1dg
120,2011,3,611,WashingtonDC,38.88990284155778,-77.05162636311928,4Kisiw8q_hHm6yTjn9LVOQ,1136,0,1329,10,2411,True,4Kisiw8q_hHm6yTjn9LVOQ
901,2018,7,305,WashingtonDC,38.90297238262899,-77.0225593221703,3SonsmD64mNYGIqjHgInIA,581,0,603,8,2413,True,3SonsmD64mNYGIqjHgInIA
1098,2014,8,329,WashingtonDC,38.90579910174826,-76.99950273058228,a71prUTz2yBA6qy9Zv0zNg,505,0,523,6,2416,True,a71prUTz2yBA6qy9Zv0zNg
1067,2019,11,321,WashingtonDC,38.90579432278585,-77.03251006404369,_-5vP3C4b17Cj4qOHUN92w,904,0,997,5,2423,True,_-5vP3C4b17Cj4qOHUN92w
969,2017,7,118,WashingtonDC,38.90372225189869,-77.01254767573782,ABvxol9Xh9WXtPDjqZn8Xw,218,1,1355,1,2426,True,ABvxol9Xh9WXtPDjqZn8Xw
1797,2011,6,610,WashingtonDC,38.91873919840224,-77.05540702359683,Gs9UAO5CVlN3FPsLCziKBQ,73,0,73,8,2427,True,Gs9UAO5CVlN3FPsLCziKBQ
402,2019,6,591,WashingtonDC,38.89358714286907,-77.00264442756188,EThgByWjCS-MGSaa-jTEUA,301,0,308,6,2431,True,EThgByWjCS-MGSaa-jTEUA
922,2009,7,335,WashingtonDC,38.90282192878602,-76.99950324033874,PVBVCK1J8Y-Xcj0KT_EJ0g,539,0,560,4,2434,True,PVBVCK1J8Y-Xcj0KT_EJ0g
1925,2012,5,221,WashingtonDC,38.92078811811299,-77.04686234731183,I2P92B7sP5JEfVGbT7TQ6Q,917,1,1357,2,2438,True,I2P92B7sP5JEfVGbT7TQ6Q
1494,2017,6,224,WashingtonDC,38.91258243960082,-77.0126288826991,TeFxLxVoohO3JN5ApV8r5w,1152,0,1359,1,2442,True,TeFxLxVoohO3JN5ApV8r5w
802,2018,7,609,WashingtonDC,38.90079553997897,-77.00652011055757,bPdLeYHwL23obzN6bvGDeQ,118,0,119,7,2445,True,bPdLeYHwL23obzN6bvGDeQ
809,2016,10,440,WashingtonDC,38.90080233882647,-76.9995080668363,Ok__sKhFVqml2FIAqG4abw,1022,1,1361,2,2446,True,Ok__sKhFVqml2FIAqG4abw
202,2018,10,582,WashingtonDC,38.89049958723009,-77.02551501302818,4-FhZSqVqFFerYpXrZndIA,1080,0,1248,10,2448,True,4-FhZSqVqFFerYpXrZndIA
48,2019,6,575,WashingtonDC,38.88759052616319,-77.0025506929818,3HjVc7I1ttb93zOumzn8JQ,1154,0,1363,4,2456,True,3HjVc7I1ttb93zOumzn8JQ
1013,2017,7,413,WashingtonDC,38.90477454230867,-77.03245163766114,667fSbd87OYAxy_ZXJSoYw,1156,0,1366,1,2461,True,667fSbd87OYAxy_ZXJSoYw
1657,2011,8,230,WashingtonDC,38.91568322384703,-77.02063627749212,1-2zTjAHCetqzDFW7DWO3Q,401,0,411,10,2475,True,1-2zTjAHCetqzDFW7DWO3Q
1803,2018,10,517,WashingtonDC,38.91895233928117,-77.05261929873403,F0aQIvrq6PQMN_lVlE7iTg,1162,0,1372,6,2476,True,F0aQIvrq6PQMN_lVlE7iTg
988,2009,7,127,WashingtonDC,38.90484288611697,-77.05331147991174,B38qVISVqT0AA2eKY126uQ,151,0,152,5,2484,True,B38qVISVqT0AA2eKY126uQ
861,2019,7,484,WashingtonDC,38.90190612922297,-77.00356429482638,zPDdR9YwjsLOnnoOgqJyew,909,0,1004,5,2490,True,zPDdR9YwjsLOnnoOgqJyew
1443,2014,7,559,WashingtonDC,38.91182920687547,-77.00651860771619,-MuSlm_5-gU0EBPwFxJfmg,1169,0,1382,1,2505,True,-MuSlm_5-gU0EBPwFxJfmg
1323,2008,6,486,WashingtonDC,38.90976818928738,-77.00511562856744,X3l308ge0iR8uhg4QbocOA,982,1,1307,3,2511,True,X3l308ge0iR8uhg4QbocOA
1900,2009,7,208,WashingtonDC,38.91950080047326,-77.01649412071023,9_Xz83ssbOw0rww9EF8Kkw,1173,0,1386,5,2514,True,9_Xz83ssbOw0rww9EF8Kkw
1321,2009,7,474,WashingtonDC,38.90964930687714,-77.01047191613134,ifG5gfiFInA70ufgbVSWJQ,1024,0,1163,7,2518,True,ifG5gfiFInA70ufgbVSWJQ
1152,2017,7,228,WashingtonDC,38.90645066479432,-77.00752097841283,coIvitWVsfej-zkFUqu8YA,1175,0,1388,3,2519,True,coIvitWVsfej-zkFUqu8YA
453,2019,6,388,WashingtonDC,38.89481633971026,-77.00953827073701,2KulRKcXbIYlVTnMZ6xsYg,555,0,576,6,2521,True,2KulRKcXbIYlVTnMZ6xsYg
1123,2014,4,553,WashingtonDC,38.90649344237058,-77.03382710014729,D4SthUvvaY9XyiLeWfWlLQ,550,0,571,6,2524,True,D4SthUvvaY9XyiLeWfWlLQ
1682,2007,9,429,WashingtonDC,38.91700753672588,-77.05357304085405,kQVvmtDqToLDIcDl7aMOhQ,822,0,896,3,2527,True,kQVvmtDqToLDIcDl7aMOhQ
1041,2018,10,501,WashingtonDC,38.90578522632167,-77.05328159422398,5EW13Lw8h_b-kkmhaIoZHQ,595,1,1394,2,2536,True,5EW13Lw8h_b-kkmhaIoZHQ
116,2016,11,302,WashingtonDC,38.89060975669645,-77.0536706091342,8X5tbqf3Wd9aeOz9MneVaQ,813,2,1395,4,2543,True,8X5tbqf3Wd9aeOz9MneVaQ
878,2018,10,350,WashingtonDC,38.90263743629341,-77.04858963331654,qLaST4Z50y3bVFXERqWEdQ,761,0,815,9,2544,True,qLaST4Z50y3bVFXERqWEdQ
169,2007,11,564,WashingtonDC,38.88981247883042,-77.00355932866634,br0B_M7q8trE4gebJ0nn2g,566,2,1397,2,2549,True,br0B_M7q8trE4gebJ0nn2g
1930,2014,6,370,WashingtonDC,38.92079566713424,-77.03885482215716,6ee0DWLwgOm1siAT_dogAQ,533,0,554,7,2556,True,6ee0DWLwgOm1siAT_dogAQ
1869,2009,7,283,WashingtonDC,38.91976502158222,-77.0395754842057,G9FG2bdrMKysVsoJyTPuHg,614,1,1404,3,2565,True,G9FG2bdrMKysVsoJyTPuHg
395,2012,5,417,WashingtonDC,38.89478224001637,-77.00872211898846,nLPEd5kZMk69D2peggc5qw,1084,2,1405,1,2568,True,nLPEd5kZMk69D2peggc5qw
1506,2009,7,456,WashingtonDC,38.91335788456215,-77.00088507883999,mIFr7bZ3KQJlgECY2Gk4qg,1187,0,1406,2,2576,True,mIFr7bZ3KQJlgECY2Gk4qg
261,2016,10,436,WashingtonDC,38.89215890361285,-77.02561208936798,fDayPWs_SL23O8cT0NoW5w,892,0,984,5,2591,True,fDayPWs_SL23O8cT0NoW5w
1198,2009,7,344,WashingtonDC,38.9072285624053,-77.0166307495678,d2fN_6gfDw-6bNOjrtw_OQ,176,1,276,9,2592,True,d2fN_6gfDw-6bNOjrtw_OQ
422,2008,6,327,WashingtonDC,38.8947761141678,-77.03949671345543,rF21YNXHzn_zyzIzgyOskQ,664,0,696,4,2594,True,rF21YNXHzn_zyzIzgyOskQ
981,2016,10,461,WashingtonDC,38.90384190906501,-77.00057054776677,o-WX0_ZNPcVKvquTH1xNQQ,390,0,400,7,2607,True,o-WX0_ZNPcVKvquTH1xNQQ
1251,2016,10,587,WashingtonDC,38.90858303957917,-77.0215497529732,LWyGIb-Cz16QLc5xUCcDOA,801,1,1413,5,2616,True,LWyGIb-Cz16QLc5xUCcDOA
1409,2011,6,207,WashingtonDC,38.91175143608616,-77.03453892120352,RvhO_ICut5l5tBD6j2rXLQ,1193,0,1417,6,2630,True,RvhO_ICut5l5tBD6j2rXLQ
1174,2014,4,204,WashingtonDC,38.90756648594472,-77.03768820419614,fVbzE1k82bvvtgoGauEZJg,613,1,1418,1,2631,True,fVbzE1k82bvvtgoGauEZJg
1200,2019,7,263,WashingtonDC,38.90775236347558,-77.01555477039366,pjyW3STQZs5yxDTNIKgqTg,329,0,336,7,2637,True,pjyW3STQZs5yxDTNIKgqTg
1630,2014,4,325,WashingtonDC,38.91553698006032,-77.04747057290481,73ySaNB1hotLTmdHjF9ZBg,1075,0,1239,8,2640,True,73ySaNB1hotLTmdHjF9ZBg
1299,2011,6,291,WashingtonDC,38.90966038021658,-77.03349757795422,m0ciwo3-CzLx6iTLiaMaRw,1181,0,1396,4,2642,True,m0ciwo3-CzLx6iTLiaMaRw
986,2017,7,403,WashingtonDC,38.90494185459917,-77.05588166715356,TL_upvYVXtjYRS3I7dQPTw,467,0,478,11,2643,True,TL_upvYVXtjYRS3I7dQPTw
693,2018,7,296,WashingtonDC,38.89878617290341,-76.99952274718126,LP9fypFU5rFeX26Uf3Y-6g,1196,0,1421,2,2645,True,LP9fypFU5rFeX26Uf3Y-6g
1317,2009,7,374,WashingtonDC,38.90964699527595,-77.01453809303128,Mfgui8xF2fSL5LfKHZwgDQ,967,1,1422,1,2646,True,Mfgui8xF2fSL5LfKHZwgDQ
1255,2017,7,93,WashingtonDC,38.90855835726787,-77.01359825806281,-cu9jPnQawAcRBAQubzgCw,303,1,1424,1,2649,True,-cu9jPnQawAcRBAQubzgCw
1073,2008,6,573,WashingtonDC,38.90565127681155,-77.02652775707499,FQchc0zDIszCZ67HspmpAA,1199,0,1427,2,2656,True,FQchc0zDIszCZ67HspmpAA
1640,2011,7,486,WashingtonDC,38.91581032414535,-77.04354084745603,WT635Ps8FRCjPSSYzYM8Qw,1044,0,1193,7,2665,True,WT635Ps8FRCjPSSYzYM8Qw
1445,2011,8,507,WashingtonDC,38.91173932614207,-77.00207135455577,_oPflZmLdBDGubp6HxplOw,944,0,1050,6,2670,True,_oPflZmLdBDGubp6HxplOw
842,2011,8,306,WashingtonDC,38.90214796284365,-77.02255830590428,PR7sL5WzIQPs8VROIQJdnQ,344,1,1032,7,2680,True,PR7sL5WzIQPs8VROIQJdnQ
1156,2017,6,239,WashingtonDC,38.90676837770677,-77.00202714444505,ef5zSQQYIOOR0aV37ACj6A,234,0,237,8,2681,True,ef5zSQQYIOOR0aV37ACj6A
1813,2009,7,398,WashingtonDC,38.91873384985065,-77.04251679151477,HbEHrPnF2ZICxcedjr_2dw,729,0,780,5,2682,True,HbEHrPnF2ZICxcedjr_2dw
1606,2015,9,204,WashingtonDC,38.91485103119549,-77.01569857925824,QHsiy4RNompc83Ya6CYjgw,918,0,1014,6,2688,True,QHsiy4RNompc83Ya6CYjgw
651,2016,10,481,WashingtonDC,38.89874379535703,-77.04490790191592,2Nl9z-pYQ4aYp7E1D6Ue7g,259,0,262,10,2701,True,2Nl9z-pYQ4aYp7E1D6Ue7g
1461,2014,6,474,WashingtonDC,38.91278414673194,-77.04341707558856,kLT9sFU-6J_LXuqAEZhzsg,1125,1,1440,4,2703,True,kLT9sFU-6J_LXuqAEZhzsg
1807,2019,6,497,WashingtonDC,38.91881427344583,-77.04855138855899,ni3yhhqaSvqYMMS_K9vDVA,1208,0,1441,4,2705,True,ni3yhhqaSvqYMMS_K9vDVA
1179,2018,10,455,WashingtonDC,38.90723827361037,-77.04067304355488,bBO3aUeRR-NG4ZcsnX-U1g,1210,0,1443,5,2710,True,bBO3aUeRR-NG4ZcsnX-U1g
1626,2014,4,501,WashingtonDC,38.91557339473525,-77.05362252285413,zplLdkbIefJPe00qdyawCw,953,1,1444,2,2711,True,zplLdkbIefJPe00qdyawCw
497,2016,10,630,WashingtonDC,38.89582946792049,-77.02298986763407,BCY8Cc8Mea_l5w4qGWhmKA,609,0,636,3,2714,True,BCY8Cc8Mea_l5w4qGWhmKA
502,2014,8,500,WashingtonDC,38.8957580498629,-77.01363873320933,cBod1ptzhLVFh-poCknEBw,1211,0,1445,8,2715,True,cBod1ptzhLVFh-poCknEBw
1259,2017,7,336,WashingtonDC,38.90855333005724,-77.01455114494811,sBy9JAO--Ji4uqYHEDOqmQ,922,1,1447,1,2720,True,sBy9JAO--Ji4uqYHEDOqmQ
1309,2018,11,408,WashingtonDC,38.90964485009295,-77.01953562910172,SiX4GXwwyJqTDW01jmsEdg,1212,0,1448,6,2721,True,SiX4GXwwyJqTDW01jmsEdg
6,2018,10,386,WashingtonDC,38.88784605696089,-77.05012801889397,z7xLM8kEmC1X5AF5STc7Pg,1049,0,1202,5,2738,True,z7xLM8kEmC1X5AF5STc7Pg
890,2015,7,624,WashingtonDC,38.90255015719485,-77.03264752712668,XlxqQMBiSC7QkaCPwkns9Q,1038,0,1184,9,2755,True,XlxqQMBiSC7QkaCPwkns9Q
1866,2014,6,264,WashingtonDC,38.91996271579633,-77.04520615573036,d6vMs56v7ReVaoj6oq0K9g,534,1,1455,3,2761,True,d6vMs56v7ReVaoj6oq0K9g
169,2014,5,422,WashingtonDC,38.88982235174904,-77.00359863587899,oNBbAv8pCKWCFKC_Xzjztg,566,3,1456,1,2762,True,oNBbAv8pCKWCFKC_Xzjztg
905,2018,7,440,WashingtonDC,38.90254301347307,-77.02051836798931,weu-Nx6Lpi50WNe-pr3qqw,193,0,195,6,2766,True,weu-Nx6Lpi50WNe-pr3qqw
663,2014,4,495,WashingtonDC,38.89878606133458,-77.02701824273328,Lad8MiLCNhPVAh6Bz5Qi2g,1220,0,1459,1,2771,True,Lad8MiLCNhPVAh6Bz5Qi2g
328,2011,3,138,WashingtonDC,38.89263118818131,-77.0123218117312,r8N2W94AxPBlVsT5t_7Txg,1148,1,1461,1,2782,True,r8N2W94AxPBlVsT5t_7Txg
1700,2011,6,614,WashingtonDC,38.91674857978944,-77.03847177411133,hpu5gs3sMm2eSk6o28s2wg,1018,0,1154,10,2783,True,hpu5gs3sMm2eSk6o28s2wg
1798,2014,6,252,WashingtonDC,38.91861573780203,-77.05438027147977,Wie60RQS6whpLTamTL16Bg,148,0,149,4,2784,True,Wie60RQS6whpLTamTL16Bg
1512,2014,6,469,WashingtonDC,38.91414331276619,-77.05058454727384,HhS4XiHPsdv1eDxrxEGNxQ,413,2,1464,1,2793,True,HhS4XiHPsdv1eDxrxEGNxQ
1278,2018,9,465,WashingtonDC,38.90978789843712,-77.05476142047372,EOWt0tZS9tAeJQ5fvomjtw,1222,0,1465,1,2794,True,EOWt0tZS9tAeJQ5fvomjtw
887,2016,10,577,WashingtonDC,38.90264184213064,-77.04071048369688,bsWSxJD4qMPLXI9e4nkvuA,1224,0,1468,4,2799,True,bsWSxJD4qMPLXI9e4nkvuA
1545,2007,8,482,WashingtonDC,38.91378582023848,-77.0219369082251,rNoyXofezW0kk6Y1WHv_EQ,618,1,801,3,2813,True,rNoyXofezW0kk6Y1WHv_EQ
1598,2019,7,397,WashingtonDC,38.91483598423734,-77.02556440052624,3y7K5TlXsY5Tm4ymD6iyPA,587,0,611,6,2814,True,3y7K5TlXsY5Tm4ymD6iyPA
290,2015,7,306,WashingtonDC,38.89276559957428,-77.05455949838908,J_8Y40XOhUEuc-RmWj4CBQ,37,0,37,10,2819,True,J_8Y40XOhUEuc-RmWj4CBQ
950,2017,6,329,WashingtonDC,38.90372905538919,-77.03156661757129,ovhausvExJw7s2Pj97rdOQ,1228,0,1473,9,2821,True,ovhausvExJw7s2Pj97rdOQ
344,2019,8,540,WashingtonDC,38.89278790765582,-77.00153243970223,cyJ3UzGcRjCCD3QzuI5mBg,286,1,1039,11,2824,True,cyJ3UzGcRjCCD3QzuI5mBg
212,2016,10,430,WashingtonDC,38.89055384369445,-77.02159508086787,oxy8h05mxXj5cr7csJOUWA,262,0,265,10,2830,True,oxy8h05mxXj5cr7csJOUWA
1168,2012,5,107,WashingtonDC,38.90776617521159,-77.04663706590486,r4OxQ6rAMd91Q6-fQ4xtMA,799,0,865,11,2832,True,r4OxQ6rAMd91Q6-fQ4xtMA
1232,2007,8,140,WashingtonDC,38.90881253537303,-77.041713589883,AG8XFYEW677cZuhHWbJGnA,685,0,729,5,2833,True,AG8XFYEW677cZuhHWbJGnA
1278,2011,6,276,WashingtonDC,38.90980037807,-77.05476418756275,isBZLnAyQSRmfDBzbS9Gxg,1222,1,1475,5,2838,True,isBZLnAyQSRmfDBzbS9Gxg
1692,2009,7,632,WashingtonDC,38.91697189628675,-77.04972295449859,wEgNRNrwBmBa1unSivG-OA,776,1,1477,2,2851,True,wEgNRNrwBmBa1unSivG-OA
445,2014,6,531,WashingtonDC,38.89480561435821,-77.01560196446655,CQa4O9q8tdlR46c5I3_CpA,518,0,536,6,2870,True,CQa4O9q8tdlR46c5I3_CpA
82,2018,10,421,WashingtonDC,38.88873500730994,-77.03259867204306,0hLLL85bj7WHyJj7Xox8sQ,253,0,256,8,2881,True,0hLLL85bj7WHyJj7Xox8sQ
942,2011,6,297,WashingtonDC,38.90376394983399,-77.03845608274754,eYS2rjOXQ-xtC6WHezu4mw,607,2,1481,2,2884,True,eYS2rjOXQ-xtC6WHezu4mw
1692,2018,10,467,WashingtonDC,38.91696143888063,-77.04971086864155,MCW556xY_V5Wcthfmw0xLg,776,0,833,5,2885,True,MCW556xY_V5Wcthfmw0xLg
1666,2015,9,212,WashingtonDC,38.91583138962417,-77.01554757633768,gxGt_6KqSdfAqs-a64mGiA,616,0,644,10,2887,True,gxGt_6KqSdfAqs-a64mGiA
1591,2014,5,511,WashingtonDC,38.91481488235663,-77.02808491286682,cy5iA9KTqpPpAM9MLd3MIw,1231,0,1482,3,2890,True,cy5iA9KTqpPpAM9MLd3MIw
1634,2018,10,364,WashingtonDC,38.91586012105577,-77.0496770852582,9S7mnz16R4hNgH0ebP_p5g,797,0,863,4,2892,True,9S7mnz16R4hNgH0ebP_p5g
722,2019,11,170,WashingtonDC,38.89984780808192,-77.03045990074466,egrBEeG-ei8Sf2D-YGldyA,1203,0,1433,6,2901,True,egrBEeG-ei8Sf2D-YGldyA
1502,2018,7,441,WashingtonDC,38.9125744210673,-77.00460244972687,eSwCeQBHWrdE05lyc-PlVg,1232,0,1483,3,2904,True,eSwCeQBHWrdE05lyc-PlVg
1456,2007,9,258,WashingtonDC,38.91278548314514,-77.04879055898569,0zDdnd5C_PrfZL5Rw5vJow,1233,0,1484,4,2905,True,0zDdnd5C_PrfZL5Rw5vJow
306,2009,7,76,WashingtonDC,38.89275014016122,-77.03951304254812,auOeVu84RhS8Ar80LYMoig,634,1,1486,4,2910,True,auOeVu84RhS8Ar80LYMoig
1300,2016,11,370,WashingtonDC,38.90966980046741,-77.03162327774828,iXTt-aVpK2cWUJmcwTJNXw,1234,0,1487,2,2915,True,iXTt-aVpK2cWUJmcwTJNXw
1846,2017,7,326,WashingtonDC,38.91885332666551,-77.00673133619192,bSdCSXSudZ5etjdO7TAP1g,933,1,1488,3,2918,True,bSdCSXSudZ5etjdO7TAP1g
506,2009,7,446,WashingtonDC,38.8957619812612,-77.01891192608011,InGXbp78iuE8A6tkcIlFIg,349,0,357,7,2925,True,InGXbp78iuE8A6tkcIlFIg
998,2016,10,174,WashingtonDC,38.90478141377187,-77.04665250396799,VytfhlqUQZz9hiHMCnT67w,681,0,722,10,2932,True,VytfhlqUQZz9hiHMCnT67w
229,2009,7,233,WashingtonDC,38.89075889327494,-76.99949404159166,PqoE3aT9otQ_wkwkM4VQoA,464,0,475,5,2936,True,PqoE3aT9otQ_wkwkM4VQoA
1723,2009,7,376,WashingtonDC,38.91682619398696,-77.01652482007076,2bDbxTBWeuFlyCyZHZ9o-g,1238,0,1493,2,2938,True,2bDbxTBWeuFlyCyZHZ9o-g
20,2009,7,404,WashingtonDC,38.88772903751983,-77.03765803758625,BTqFgs94BIIKpNw8GinHQQ,460,0,470,16,2947,True,BTqFgs94BIIKpNw8GinHQQ
1620,2014,7,618,WashingtonDC,38.91556219223455,-77.00453599569069,bfI1aC9BtqWnjMzVLoQJ7g,295,0,301,5,2948,True,bfI1aC9BtqWnjMzVLoQJ7g
1755,2018,10,435,WashingtonDC,38.91791137733465,-77.0356442361051,crA6v9Wun89I38a4OqQwzw,1225,0,1470,7,2950,True,crA6v9Wun89I38a4OqQwzw
1754,2011,8,397,WashingtonDC,38.91780255174221,-77.0405988437261,DXNCfN8FMsEIIiNdjZujHg,261,1,1077,6,2953,True,DXNCfN8FMsEIIiNdjZujHg
1508,2012,5,135,WashingtonDC,38.91383493779281,-77.05564363211838,ZmsR0AYdpS4rCEafylMgyQ,511,0,529,10,2954,True,ZmsR0AYdpS4rCEafylMgyQ
848,2019,7,393,WashingtonDC,38.90183420860021,-77.01345741218886,syKsrhyJCLlGe48z9n_Qew,1008,0,1137,6,2956,True,syKsrhyJCLlGe48z9n_Qew
995,2011,8,529,WashingtonDC,38.90477514506816,-77.04167960727017,HKkjJ-qISVW4bQtHgfTk_Q,398,0,408,13,2957,True,HKkjJ-qISVW4bQtHgfTk_Q
1960,2009,7,310,WashingtonDC,38.92061810810754,-77.01550082488437,2Cb8mUSHVw6dwwgq4FN0yg,1057,1,1278,5,2960,True,2Cb8mUSHVw6dwwgq4FN0yg
1167,2015,7,179,WashingtonDC,38.90810607724354,-77.05419260591714,PppC3oEpvX7mYPaOsPWv1A,750,0,804,11,2961,True,PppC3oEpvX7mYPaOsPWv1A
1032,2008,7,509,WashingtonDC,38.90468601412184,-77.00760166192643,T9g-o0rscVELgrhpXDvTiQ,22,0,22,8,2962,True,T9g-o0rscVELgrhpXDvTiQ
1836,2019,7,257,WashingtonDC,38.91879004959051,-77.01469434761306,BhVFuScac99lzRwazb0yVQ,1240,0,1496,5,2964,True,BhVFuScac99lzRwazb0yVQ
1338,2018,10,79,WashingtonDC,38.91077937422852,-77.05043060536269,3HCxn8uc1oiYV-gEsYBDeA,1241,0,1497,6,2968,True,3HCxn8uc1oiYV-gEsYBDeA
516,2014,5,534,WashingtonDC,38.89576279296412,-76.99951599578768,CoC8MBWiFLxclIzM845H3g,1235,0,1489,5,2972,True,CoC8MBWiFLxclIzM845H3g
742,2007,11,384,WashingtonDC,38.90018677823898,-77.01052031082311,HMgLxelZ_sK1iYnJcXrDYw,195,0,197,10,2976,True,HMgLxelZ_sK1iYnJcXrDYw
1210,2016,10,389,WashingtonDC,38.90773691686702,-77.00348732472533,SQUChSgsfNK1kRws_r0yiw,1242,0,1499,5,2980,True,SQUChSgsfNK1kRws_r0yiw
872,2018,10,569,WashingtonDC,38.90263568164609,-77.055676310794,bP_jcWNG9h_AxsDCWXRAWQ,858,0,941,10,2981,True,bP_jcWNG9h_AxsDCWXRAWQ
626,2018,10,432,WashingtonDC,38.89781913614627,-77.01424554297081,wQmiklQbWerpXOQmrjZuOA,849,0,930,7,2986,True,wQmiklQbWerpXOQmrjZuOA
581,2019,10,373,WashingtonDC,38.89782835675054,-77.0527152086358,MYkB_u6NjewULuql4L9w0Q,854,0,936,9,2993,True,MYkB_u6NjewULuql4L9w0Q
118,2008,6,595,WashingtonDC,38.89026988580809,-77.0530631203681,mLIwTQoX6r7WU_KDaIwmEQ,650,1,1500,2,2994,True,mLIwTQoX6r7WU_KDaIwmEQ
648,2017,6,578,WashingtonDC,38.89832847363785,-77.04257113620312,whm1qSeRbeHkMFeeyOWniA,564,0,585,7,2996,True,whm1qSeRbeHkMFeeyOWniA
864,2018,8,476,WashingtonDC,38.90156755547487,-77.00605899531713,HbandJoXZo0FSkv03-jlrg,249,1,1508,2,3016,True,HbandJoXZo0FSkv03-jlrg
671,2016,10,248,WashingtonDC,38.89904826742109,-77.02451116814963,JKWh9t4lHNgGDaZT_GyZqg,1249,0,1509,6,3020,True,JKWh9t4lHNgGDaZT_GyZqg
1551,2019,7,114,WashingtonDC,38.91408394304607,-77.0126026451776,V5Z9m1rN0kYUyGKegzfCBA,320,1,1510,2,3021,True,V5Z9m1rN0kYUyGKegzfCBA
1735,2007,11,329,WashingtonDC,38.9167044441575,-76.99951397818752,iSrH_Bgk2-GSk_NLbekCUQ,1250,0,1512,3,3026,True,iSrH_Bgk2-GSk_NLbekCUQ
1860,2014,8,575,WashingtonDC,38.91957222498978,-77.05429666507682,gx-VR37QG2-1RvDhXWclpw,1172,0,1385,4,3040,True,gx-VR37QG2-1RvDhXWclpw
1355,2011,6,381,WashingtonDC,38.91113056832895,-77.03349426412731,f-lzyBQKUKXf6E3LZssL7w,213,0,216,10,3048,True,f-lzyBQKUKXf6E3LZssL7w
442,2014,6,586,WashingtonDC,38.89481166512071,-77.01956677038916,REraI67vcE_0GHpEJSH0pg,816,0,887,6,3051,True,REraI67vcE_0GHpEJSH0pg
1782,2019,7,374,WashingtonDC,38.9177898920239,-77.01457942131461,mAdFWBi85c0n7d9eordu0A,667,1,1517,3,3056,True,mAdFWBi85c0n7d9eordu0A
306,2017,6,236,WashingtonDC,38.89275902242663,-77.03945263927827,rkQNRtVuQvFPKC36ncJNIQ,634,0,664,6,3068,True,rkQNRtVuQvFPKC36ncJNIQ
1488,2017,6,346,WashingtonDC,38.91260103465743,-77.01461029899336,xF9aepHJy3vgSxszKWMUqQ,986,0,1110,8,3070,True,xF9aepHJy3vgSxszKWMUqQ
169,2019,6,622,WashingtonDC,38.88984515750649,-77.00359039836154,QWY6QQ3Id2vwHA09Ga2zKg,566,4,1522,1,3082,True,QWY6QQ3Id2vwHA09Ga2zKg
1154,2012,5,189,WashingtonDC,38.90681724558767,-77.00890664724977,-QgU51-MPlP0zmOXlqWlMQ,943,0,1049,6,3091,True,-QgU51-MPlP0zmOXlqWlMQ
706,2015,9,319,WashingtonDC,38.89957297896697,-77.04758333899586,HorB1zzPsSViB7EipdigMw,487,0,501,8,3097,True,HorB1zzPsSViB7EipdigMw
1203,2019,7,279,WashingtonDC,38.90723296299603,-77.01462495774632,C-oTHWJ0vkWKyTZt75Xp-Q,19,0,19,6,3101,True,C-oTHWJ0vkWKyTZt75Xp-Q
646,2007,8,555,WashingtonDC,38.89883680631494,-77.0466663304886,4xhl_ww8F6c7h27lkt4SZw,848,0,929,11,3109,True,4xhl_ww8F6c7h27lkt4SZw
460,2019,7,528,WashingtonDC,38.89480603896312,-77.00663033364265,kACXzd6ERgJf7Ksy1YJqeg,1165,0,1376,3,3118,True,kACXzd6ERgJf7Ksy1YJqeg
1173,2018,9,236,WashingtonDC,38.90781778860509,-77.04345355563991,m0HvvGaFIl88cmKd-oHzzg,1221,0,1463,9,3126,True,m0HvvGaFIl88cmKd-oHzzg
1089,2018,10,97,WashingtonDC,38.90564114543614,-77.00651080922029,oJqI1t_-90zymEdLy3fjCQ,83,0,84,10,3129,True,oJqI1t_-90zymEdLy3fjCQ
1726,2009,7,349,WashingtonDC,38.91699886738291,-77.01158350825106,omWpYMqFVeP5XxAhr5rIiQ,1197,1,1529,2,3130,True,omWpYMqFVeP5XxAhr5rIiQ
891,2016,10,308,WashingtonDC,38.9027783342874,-77.03357460996415,wHffFNTv8JCQ1BC-M7-jZw,1195,0,1420,6,3133,True,wHffFNTv8JCQ1BC-M7-jZw
1284,2011,5,308,WashingtonDC,38.90964824633799,-77.04847314215606,vE0llMvlVCwWr_QSXxrd7w,739,1,1530,1,3134,True,vE0llMvlVCwWr_QSXxrd7w
1879,2019,7,371,WashingtonDC,38.91976425884667,-77.03474076995118,aLkKjirQfWhRCyMBxBEZQg,612,0,639,7,3143,True,aLkKjirQfWhRCyMBxBEZQg
1613,2017,6,612,WashingtonDC,38.91482122210061,-77.00793385254711,_aRMOalM7zYYrb2OH397SA,306,0,313,7,3146,True,_aRMOalM7zYYrb2OH397SA
861,2016,10,664,WashingtonDC,38.90190320739754,-77.0036010107315,t9XZqPJEoRucRwXg5wtxjQ,909,1,1531,2,3149,True,t9XZqPJEoRucRwXg5wtxjQ
1750,2011,6,240,WashingtonDC,38.91765880977945,-77.04746388088,VcNCDV3eVH6CC5Qe0DTd-Q,98,1,690,7,3152,True,VcNCDV3eVH6CC5Qe0DTd-Q
1379,2017,8,189,WashingtonDC,38.91095069394751,-77.00951325443788,-8M5MSzEyLP2ZAq5k5HD2Q,571,1,716,5,3163,True,-8M5MSzEyLP2ZAq5k5HD2Q
353,2014,6,412,WashingtonDC,38.8938256527903,-77.05464424330826,OnjbA88DdfgPd2_uoAYNsw,1046,0,1199,8,3168,True,OnjbA88DdfgPd2_uoAYNsw
709,2009,7,280,WashingtonDC,38.89980830972817,-77.03949052711842,gnTG7lJLm3UeBAnNtLs_fA,161,1,1535,2,3171,True,gnTG7lJLm3UeBAnNtLs_fA
1611,2009,7,397,WashingtonDC,38.91482563441257,-77.01158506695026,wuSRD60CsnkgY239a8MndA,397,2,1536,3,3173,True,wuSRD60CsnkgY239a8MndA
1367,2009,7,297,WashingtonDC,38.91087712276357,-77.02889378962934,DQyA6kzz2taoXAU22NYN_w,721,0,768,7,3182,True,DQyA6kzz2taoXAU22NYN_w
332,2018,10,293,WashingtonDC,38.89228963740744,-77.01777343964106,nNBfi9eXJs_eKivtTMhSmg,1155,0,1364,5,3187,True,nNBfi9eXJs_eKivtTMhSmg
1107,2012,5,288,WashingtonDC,38.90687939677294,-77.05485436960731,29DCwXktqalZD0QvMmY-Gg,130,0,131,13,3192,True,29DCwXktqalZD0QvMmY-Gg
1039,2014,5,431,WashingtonDC,38.90479115415283,-77.00336982829403,mcx8KCRSJJuV0lj3A5Jl5A,1182,1,1538,2,3195,True,mcx8KCRSJJuV0lj3A5Jl5A
1214,2009,7,424,WashingtonDC,38.90874546200887,-77.05474829717524,qUK0Y-jF8sXYFFrC3ptqNg,1267,0,1539,5,3202,True,qUK0Y-jF8sXYFFrC3ptqNg
1945,2017,8,336,WashingtonDC,38.92075980443995,-77.02454823499117,_8ldOAqkTz_qDpIbMkXJuQ,1132,1,1381,3,3208,True,_8ldOAqkTz_qDpIbMkXJuQ
406,2011,8,368,WashingtonDC,38.89409876416853,-76.99960373141182,1DxkjNTLu9uclrSRZHdzzw,9,1,1541,5,3211,True,1DxkjNTLu9uclrSRZHdzzw
1479,2019,7,263,WashingtonDC,38.91278718606062,-77.0295986257024,_n8d_UjJE8HtaLYyOWf1Lw,658,1,703,5,3214,True,_n8d_UjJE8HtaLYyOWf1Lw
1758,2007,9,308,WashingtonDC,38.91779709007176,-77.04153210316375,AQE-IOaHGSNFs5uAvBvutQ,281,0,286,5,3217,True,AQE-IOaHGSNFs5uAvBvutQ
310,2007,8,636,WashingtonDC,38.89279288592142,-77.03203320474856,RjnqsB_AqtS0RnK5NfeDbw,372,0,382,6,3220,True,RjnqsB_AqtS0RnK5NfeDbw
113,2018,6,546,WashingtonDC,38.88869078200579,-77.0016149869029,3rPApDV8idwwHlfqoCpsHg,333,0,340,9,3223,True,3rPApDV8idwwHlfqoCpsHg
1045,2011,8,228,WashingtonDC,38.90479240236417,-76.99950447749225,GSvGfFkMWVpTvVjwS9FvNA,426,1,1542,3,3224,True,GSvGfFkMWVpTvVjwS9FvNA
1104,2017,10,618,WashingtonDC,38.90679102953456,-77.05329615571182,dyatd1USeibClgv6FSHjqA,1269,0,1544,9,3230,True,dyatd1USeibClgv6FSHjqA
1288,2018,9,293,WashingtonDC,38.90963073217535,-77.03954996493525,1vI2aLCDLfgBdpQBWHNdpg,403,1,1511,6,3233,True,1vI2aLCDLfgBdpQBWHNdpg
869,2009,7,321,WashingtonDC,38.9018336142348,-76.99950554530606,BiWSMqmDVBZNZUGUTO3p-g,938,1,1545,2,3236,True,BiWSMqmDVBZNZUGUTO3p-g
88,2011,6,305,WashingtonDC,38.88874991134164,-77.02161102122666,p8Js4sRiQbRc36sLZlKT0A,311,0,318,10,3250,True,p8Js4sRiQbRc36sLZlKT0A
1266,2017,6,359,WashingtonDC,38.9085693491684,-77.01159379002644,B2FxpPgasokzqBJ-V9OPew,1271,0,1549,2,3255,True,B2FxpPgasokzqBJ-V9OPew
1689,2011,6,466,WashingtonDC,38.91654317277249,-77.04747766123481,TSAHI0eZ8Gh6n99PBz_dSg,690,0,734,8,3263,True,TSAHI0eZ8Gh6n99PBz_dSg
1532,2019,7,500,WashingtonDC,38.91372958198234,-77.0332498315946,hf8j8oXRogfq5tIVdRoqXA,736,0,788,8,3266,True,hf8j8oXRogfq5tIVdRoqXA
1741,2009,7,439,WashingtonDC,38.91795511679683,-77.05150660543048,gFROM2AtmrgCJOuEXHpGWQ,1069,1,1476,3,3274,True,gFROM2AtmrgCJOuEXHpGWQ
1573,2018,7,278,WashingtonDC,38.91448610350675,-77.05388232997132,E1nMW1Zii_JJ48Lz8ufZZQ,737,0,789,8,3281,True,E1nMW1Zii_JJ48Lz8ufZZQ
1384,2009,7,382,WashingtonDC,38.9107188953539,-77.0025186153642,RoxBCOUpjXUX-5r8fma20w,136,1,1557,1,3282,True,RoxBCOUpjXUX-5r8fma20w
221,2017,6,361,WashingtonDC,38.89207577981246,-77.0084589189837,FOyRmeiOZfYORbTPoe6yCQ,541,0,562,5,3289,True,FOyRmeiOZfYORbTPoe6yCQ
1447,2011,8,299,WashingtonDC,38.9117498976469,-77.00457028505252,7oGfCr-6ETvJ6nt2pF6v5Q,1276,0,1559,3,3297,True,7oGfCr-6ETvJ6nt2pF6v5Q
297,2017,6,69,WashingtonDC,38.89280500125693,-77.05016436514008,VLCVWpWg_C_i7soUHtPLhg,332,1,660,4,3299,True,VLCVWpWg_C_i7soUHtPLhg
521,2007,8,607,WashingtonDC,38.89682183523519,-77.0501800033718,3tTpegg0YfSVXjO5VaS7Xw,279,0,284,10,3306,True,3tTpegg0YfSVXjO5VaS7Xw
1941,2011,9,427,WashingtonDC,38.92071963912449,-77.0275603401717,ZEwtjwML7Fn7qUsOTKTLfA,1012,1,1560,2,3307,True,ZEwtjwML7Fn7qUsOTKTLfA
768,2007,8,301,WashingtonDC,38.90053556378025,-77.03817130455012,SMWSmxT5Az6ArM_PMTS46Q,33,0,33,8,3308,True,SMWSmxT5Az6ArM_PMTS46Q
1307,2014,5,324,WashingtonDC,38.9096207076218,-77.02759189575593,8a0jqB0kU580gmEU9frYRQ,269,0,273,9,3314,True,8a0jqB0kU580gmEU9frYRQ
1028,2008,6,541,WashingtonDC,38.90478523635029,-77.01118766478208,7ajOMSuKARMkK4T6Wqd_Jg,1184,0,1400,4,3331,True,7ajOMSuKARMkK4T6Wqd_Jg
809,2019,8,244,WashingtonDC,38.90081006344668,-76.99951741500676,MgPXP468sdVkge-pwM4vWQ,1022,0,1159,6,3337,True,MgPXP468sdVkge-pwM4vWQ
1531,2019,7,318,WashingtonDC,38.91410295412275,-77.0315629087676,He44B9-V1Cn4vMkTTKCPwQ,939,0,1044,5,3353,True,He44B9-V1Cn4vMkTTKCPwQ
1454,2018,10,366,WashingtonDC,38.91282504882366,-77.0516138912592,ofPAQtIOrrw45TXBRdeMYQ,421,1,970,7,3358,True,ofPAQtIOrrw45TXBRdeMYQ
947,2011,5,409,WashingtonDC,38.90380781098607,-77.03649252586258,ykUNTU5TOIBX1Ab7IMaBrQ,280,0,285,7,3364,True,ykUNTU5TOIBX1Ab7IMaBrQ
1322,2014,8,477,WashingtonDC,38.9099409072648,-77.00507035781479,cYX4FZ9W0Y6oldgCmKt-ng,304,0,311,5,3369,True,cYX4FZ9W0Y6oldgCmKt-ng
990,2016,10,489,WashingtonDC,38.90475928456017,-77.04880408716139,69ANXgZ1DDS8sBwhvUvsmQ,648,0,679,12,3370,True,69ANXgZ1DDS8sBwhvUvsmQ
385,2017,7,402,WashingtonDC,38.89355608517153,-77.01845779710857,IkFrVrSwylPb4TWOEYXPVQ,1281,0,1570,3,3372,True,IkFrVrSwylPb4TWOEYXPVQ
1058,2016,11,312,WashingtonDC,38.9056435407335,-77.04261020644863,sPNsEbQgp117UedR5WFQow,1282,0,1572,13,3377,True,sPNsEbQgp117UedR5WFQow
1478,2009,7,382,WashingtonDC,38.91281581824562,-77.02769445363643,IfpNMM8le3P3-bPnsZHLqQ,156,0,157,10,3378,True,IfpNMM8le3P3-bPnsZHLqQ
1856,2014,10,352,WashingtonDC,38.91996083102354,-77.05262469934878,nf5b0sgqe3azDuzM5ieHAA,653,1,1573,2,3380,True,nf5b0sgqe3azDuzM5ieHAA
1743,2014,4,348,WashingtonDC,38.91737991600679,-77.04839517847165,ez8CpuYUqW2yEd4qpKUO9A,12,1,1575,2,3387,True,ez8CpuYUqW2yEd4qpKUO9A
1495,2017,6,412,WashingtonDC,38.91259139969483,-77.01055682846113,yyJL5DRDE4dm9ycIn2R4ww,695,0,739,5,3394,True,yyJL5DRDE4dm9ycIn2R4ww
1174,2016,10,234,WashingtonDC,38.90760528921597,-77.0376285185477,nEgXZglTuDAjiZ-r0I-F2w,613,0,641,7,3404,True,nEgXZglTuDAjiZ-r0I-F2w
208,2018,10,582,WashingtonDC,38.89058419252624,-77.01957962752091,8xKXM7FicGQ58PfaZmNlzg,178,0,179,9,3415,True,8xKXM7FicGQ58PfaZmNlzg
582,2017,7,701,WashingtonDC,38.89781461711702,-77.05334843532678,jQrP2Oh84Y0YGJLHH4lLIg,1218,0,1457,4,3432,True,jQrP2Oh84Y0YGJLHH4lLIg
1184,2018,10,484,WashingtonDC,38.90775985544885,-77.03189824116028,FvMkRRyS1PsB6xB-C8qkKg,617,0,645,10,3439,True,FvMkRRyS1PsB6xB-C8qkKg
1811,2017,7,345,WashingtonDC,38.91883619009183,-77.04040294950603,ssQlxYsU2FiBv1voppjDkQ,1047,1,1580,2,3443,True,ssQlxYsU2FiBv1voppjDkQ
923,2011,8,527,WashingtonDC,38.90285680933562,-77.00356243701755,XTZ-IM8kVqnFcvVQ8WUjWw,1259,1,1581,5,3445,True,XTZ-IM8kVqnFcvVQ8WUjWw
1544,2011,6,249,WashingtonDC,38.91377955127242,-77.01756777780435,Hh1kbdf2p2NMlL_y9zgmLQ,807,0,876,16,3451,True,Hh1kbdf2p2NMlL_y9zgmLQ
289,2019,6,268,WashingtonDC,38.89178766686687,-76.99949799683718,_SVJRMJjugyazH9K6kLnzQ,283,1,1583,2,3455,True,_SVJRMJjugyazH9K6kLnzQ
1503,2007,11,632,WashingtonDC,38.91128001276795,-76.9977214413108,vRDZ8RghJHmpcHDW0QYQug,1244,1,1584,2,3457,True,vRDZ8RghJHmpcHDW0QYQug
1574,2011,6,331,WashingtonDC,38.91486761217661,-77.05257958752729,85dBFxvguE9v3h4fg7iFLQ,630,1,1585,2,3459,True,85dBFxvguE9v3h4fg7iFLQ
725,2019,11,100,WashingtonDC,38.89978569571306,-77.02556226651724,bbupC0q5UBb3izaFDPbyJw,1289,0,1587,1,3465,True,bbupC0q5UBb3izaFDPbyJw
1857,2018,10,400,WashingtonDC,38.91879361573815,-76.99951340039802,1KO8Nh9o2thTL3mz23-NEw,1291,0,1589,2,3474,True,1KO8Nh9o2thTL3mz23-NEw
1283,2017,6,375,WashingtonDC,38.90983273480821,-77.04664055284955,ldsWFn-GVu5w75mSQhEuzw,1103,0,1283,9,3479,True,ldsWFn-GVu5w75mSQhEuzw
495,2016,10,440,WashingtonDC,38.89615907822122,-77.02454641182503,ZYv2ORR1yI_-SMV1yMYd0Q,645,0,675,6,3487,True,ZYv2ORR1yI_-SMV1yMYd0Q
1214,2014,6,594,WashingtonDC,38.90874873204091,-77.05474917496554,UaSIFgAzE0ERygNBgZFL1w,1267,1,1590,1,3496,True,UaSIFgAzE0ERygNBgZFL1w
784,2016,10,400,WashingtonDC,38.90077103313016,-77.02709322630166,FpFH1gtm93FGziFMFXaZiA,275,0,280,4,3502,True,FpFH1gtm93FGziFMFXaZiA
1672,2018,7,634,WashingtonDC,38.9155718251813,-77.00851985988918,LBBxwObZLDMxW9gn0XY8YQ,417,0,427,5,3506,True,LBBxwObZLDMxW9gn0XY8YQ
1616,2011,7,300,WashingtonDC,38.91555994505313,-77.0065520708885,b0y0QbzJqnMzV1jI1GGKrQ,1294,0,1593,3,3511,True,b0y0QbzJqnMzV1jI1GGKrQ
1073,2007,9,395,WashingtonDC,38.9056467708947,-77.02650764955541,YHK_eiFbiSaxgPrjH9wyDg,1199,1,1492,8,3513,True,YHK_eiFbiSaxgPrjH9wyDg
702,2014,4,563,WashingtonDC,38.89958299589524,-77.0505818554403,ke00CmJ05GpZ3UuSpFce0g,777,1,1594,1,3514,True,ke00CmJ05GpZ3UuSpFce0g
1125,2011,8,264,WashingtonDC,38.90723246813997,-77.0305865602895,Hk4SYSHznLGcC-W_o7-bSQ,190,1,1597,1,3519,True,Hk4SYSHznLGcC-W_o7-bSQ
317,2017,6,319,WashingtonDC,38.89276873630156,-77.02809611110624,nAFcjE5konPaicFTNwxKbQ,92,0,93,6,3522,True,nAFcjE5konPaicFTNwxKbQ
1796,2011,8,192,WashingtonDC,38.91888405167415,-77.05362377426742,KeaorFfjIo4SBf7aP0zqBw,945,1,1599,3,3525,True,KeaorFfjIo4SBf7aP0zqBw
683,2019,7,560,WashingtonDC,38.89894881844135,-77.00760896427144,m4OWC_5-_j9aHy0Yv_ozgQ,1298,0,1601,7,3532,True,m4OWC_5-_j9aHy0Yv_ozgQ
1851,2020,6,343,WashingtonDC,38.91880025620627,-77.00350118950062,CAoSLEFGMVFpcE9ybm1VSnEyaGVCYzBZb3Z0MUJIVTVvU3BlV09fNTRLNVNybGxP,842,1,1602,1,3533,True,CAoSLEFGMVFpcE9ybm1VSnEyaGVCYzBZb3Z0MUJIVTVvU3BlV09fNTRLNVNybGxP
1422,2015,11,518,WashingtonDC,38.91151225551023,-77.02444512012865,OnfJXdW16Wka2XjER-Jx8A,1179,0,1392,13,3534,True,OnfJXdW16Wka2XjER-Jx8A
1400,2014,4,391,WashingtonDC,38.91168239190321,-77.04852696325469,4fnkHn92VUQygX83kfjPRQ,1007,1,1603,1,3536,True,4fnkHn92VUQygX83kfjPRQ
209,2016,10,498,WashingtonDC,38.89062606468608,-77.01555047834565,Zdk1Mg9-AwoAZDRbDIaHuQ,1299,0,1604,10,3546,True,Zdk1Mg9-AwoAZDRbDIaHuQ
23,2007,8,339,WashingtonDC,38.88790206648675,-77.03359326687922,ULhrGQGlUpBKnAa3oaovNQ,294,1,1606,1,3554,True,ULhrGQGlUpBKnAa3oaovNQ
985,2007,11,1,WashingtonDC,38.90377611214347,-76.99951164152621,byByUUMqB6PuZjGqgse7OQ,977,1,1607,1,3556,True,byByUUMqB6PuZjGqgse7OQ
1504,2019,7,649,WashingtonDC,38.91275262737515,-77.00350117448664,WgIpZ_ALxB5qgTEev8EllQ,862,0,945,7,3557,True,WgIpZ_ALxB5qgTEev8EllQ
758,2015,9,266,WashingtonDC,38.90067291474574,-77.05161800363724,a1DRMULLaWqz2i4i-6fR9g,989,0,1113,4,3558,True,a1DRMULLaWqz2i4i-6fR9g
114,2019,8,349,WashingtonDC,38.88884314119473,-77.0020363251314,Ubqwbf8GbDzLvr_XYB7GYQ,196,0,198,10,3560,True,Ubqwbf8GbDzLvr_XYB7GYQ
1360,2014,8,569,WashingtonDC,38.91084044027389,-77.02963981815157,SzyoObidRidmFqUstjM30A,24,0,24,7,3569,True,SzyoObidRidmFqUstjM30A
1274,2018,9,179,WashingtonDC,38.90963496348245,-77.05258024695691,Nd3bCfkVazp9K6CRaOeu7A,1288,1,1608,1,3572,True,Nd3bCfkVazp9K6CRaOeu7A
1473,2017,7,599,WashingtonDC,38.91260678723715,-77.03152407574348,t5pb-AHiy8pzBmeYzr8tkw,516,0,534,11,3578,True,t5pb-AHiy8pzBmeYzr8tkw
1404,2007,8,245,WashingtonDC,38.91180824226253,-77.04456612378972,CXzTW7j4Sbmh-SDFwk5gvA,1295,0,1596,8,3581,True,CXzTW7j4Sbmh-SDFwk5gvA
1122,2011,7,628,WashingtonDC,38.90675703141343,-77.0365837314741,5D6xWsb_pMxKVfI86ccLlA,1042,0,1190,10,3583,True,5D6xWsb_pMxKVfI86ccLlA
1178,2014,6,280,WashingtonDC,38.90757102283892,-77.03551964972874,X9tKV3qcZGSkJsZWvf-J1w,414,0,424,10,3593,True,X9tKV3qcZGSkJsZWvf-J1w
1452,2018,7,335,WashingtonDC,38.91249984992149,-77.05278302286382,BME_UgE7Booz0NrXqNIFoA,1258,0,1523,10,3601,True,BME_UgE7Booz0NrXqNIFoA
1281,2017,7,391,WashingtonDC,38.90963070135267,-77.04560901685112,IDBf_iUayItd-2w0u0ns7Q,961,0,1072,5,3603,True,IDBf_iUayItd-2w0u0ns7Q
1618,2017,6,107,WashingtonDC,38.91556429210401,-77.00556589217412,VdMFkjgJRmqqoOuabSJA7w,686,1,1612,3,3605,True,VdMFkjgJRmqqoOuabSJA7w
451,2012,5,350,WashingtonDC,38.89478054310363,-77.01157104829122,RO1QVwF8yZFu_eUdvFa22Q,678,0,715,5,3606,True,RO1QVwF8yZFu_eUdvFa22Q
1605,2019,7,366,WashingtonDC,38.91486715712608,-77.01853589048247,lRFBup-rJKDOL__4SVemYg,1246,0,1505,10,3611,True,lRFBup-rJKDOL__4SVemYg
1339,2018,10,416,WashingtonDC,38.91058504791896,-77.05362413309696,WZemiOfAa9BWNbnjKjJ9bQ,284,0,289,6,3613,True,WZemiOfAa9BWNbnjKjJ9bQ
1738,2011,6,224,WashingtonDC,38.91775739261358,-77.05541057474234,bJgGz8tcIty0wfmOfzxleg,48,0,48,4,3615,True,bJgGz8tcIty0wfmOfzxleg
405,2019,8,565,WashingtonDC,38.89374989655807,-77.00059246952976,laIvFJIlj3SeaSoGDY0N0Q,1188,0,1407,12,3620,True,laIvFJIlj3SeaSoGDY0N0Q
349,2012,5,450,WashingtonDC,38.89375026681272,-77.05364223730969,1eNsGdaS8Z2QGBM1nBuAjg,1119,0,1304,5,3636,True,1eNsGdaS8Z2QGBM1nBuAjg
1655,2018,8,271,WashingtonDC,38.91557512937126,-77.02348412263947,h55p4Ed3ZY35mPCgdwizeQ,87,0,88,8,3637,True,h55p4Ed3ZY35mPCgdwizeQ
897,2018,7,402,WashingtonDC,38.90250502422668,-77.02653269114498,yKkC1bOL9AcYtYjyk0IVtw,894,1,1558,4,3639,True,yKkC1bOL9AcYtYjyk0IVtw
1738,2016,11,395,WashingtonDC,38.91775153761991,-77.05542349658,zV_AY5FOxFR67WqK_4xHxQ,48,1,1618,2,3646,True,zV_AY5FOxFR67WqK_4xHxQ
983,2018,7,601,WashingtonDC,38.90373469702539,-76.9986393119296,aoh3Hg3pR2sI8sM9yqtT4w,374,1,1619,6,3647,True,aoh3Hg3pR2sI8sM9yqtT4w
1022,2016,10,257,WashingtonDC,38.9049833841694,-77.01568116127953,IFXkP7dfKeR8EDOi_DTF6w,313,0,320,13,3648,True,IFXkP7dfKeR8EDOi_DTF6w
385,2016,10,577,WashingtonDC,38.8935809882199,-77.01845317629082,PylzPb1wNWaUjdUo4ZoMEg,1281,1,1620,1,3655,True,PylzPb1wNWaUjdUo4ZoMEg
45,2011,6,307,WashingtonDC,38.88761338240106,-77.00954739129769,_C94KmSAkqFZc4PB5bFDag,954,1,1621,2,3657,True,_C94KmSAkqFZc4PB5bFDag
1287,2014,10,300,WashingtonDC,38.90980027188817,-77.05035921709043,7mLqIYArRa6aO8umrhwhRg,443,1,1624,1,3675,True,7mLqIYArRa6aO8umrhwhRg
707,2016,10,162,WashingtonDC,38.89957821539215,-77.04556136012238,CEuN1KrD94y74H94Yj-aNQ,1134,0,1327,8,3678,True,CEuN1KrD94y74H94Yj-aNQ
1512,2016,11,334,WashingtonDC,38.91407854085735,-77.05058547855094,QHVGlWgaXBs0J2MR6Fweiw,413,1,678,6,3694,True,QHVGlWgaXBs0J2MR6Fweiw
1470,2007,8,384,WashingtonDC,38.91260946441062,-77.03360501171434,2kOPjakNJlwZARWkqcMOhw,93,0,94,13,3698,True,2kOPjakNJlwZARWkqcMOhw
1495,2011,8,587,WashingtonDC,38.91261147439462,-77.01055447755002,mc0B9EkucAR7eY0UWTGKpA,695,1,1179,4,3701,True,mc0B9EkucAR7eY0UWTGKpA
1910,2017,7,105,WashingtonDC,38.91981296834673,-76.99953956766156,g6MQTzx0PY3V7Hu1wOsbfg,425,1,1628,2,3704,True,g6MQTzx0PY3V7Hu1wOsbfg
321,2007,8,387,WashingtonDC,38.89282559957293,-77.02052823528318,HiQzr9iAHSwGnGhp_pN3Kg,888,0,978,5,3708,True,HiQzr9iAHSwGnGhp_pN3Kg
1312,2017,7,314,WashingtonDC,38.90961893863238,-77.02155042018764,6Iijf3GrCN6DzWSnagryXg,41,1,1629,2,3714,True,6Iijf3GrCN6DzWSnagryXg
1113,2011,9,373,WashingtonDC,38.90674655478973,-77.0501001415267,3uPMMtU1-d3iXepwDr0ANQ,355,0,364,9,3726,True,3uPMMtU1-d3iXepwDr0ANQ
833,2018,8,421,WashingtonDC,38.90181852755924,-77.03951323793193,2ylypQq2At070OX1Vezz0w,298,0,305,9,3727,True,2ylypQq2At070OX1Vezz0w
1410,2014,8,111,WashingtonDC,38.91181206067846,-77.03656332271649,sXwG_47vn0bqWj2uRxUfYA,187,2,1631,1,3734,True,sXwG_47vn0bqWj2uRxUfYA
1325,2011,8,119,WashingtonDC,38.90962852773159,-77.00961059943036,yls-g02fe1Ve8L2r3si1Gg,189,1,1006,4,3737,True,yls-g02fe1Ve8L2r3si1Gg
1565,2019,8,203,WashingtonDC,38.91448214341877,-77.05582108045115,eOYNdHf4fb4HWGfXLBmdaA,419,1,947,5,3738,True,eOYNdHf4fb4HWGfXLBmdaA
458,2012,5,300,WashingtonDC,38.89480429403264,-77.0025534105356,vxdZvMq5JuIahSS9wg4tJQ,5,1,1434,5,3747,True,vxdZvMq5JuIahSS9wg4tJQ
166,2009,7,494,WashingtonDC,38.88982288210554,-77.00455557486907,e5a-xabq_paY5o52J_BH6Q,756,0,810,3,3762,True,e5a-xabq_paY5o52J_BH6Q
516,2016,10,699,WashingtonDC,38.89575672245051,-76.99951469963611,w9RvsdchM-KFSdjlDEQC5g,1235,1,1633,5,3763,True,w9RvsdchM-KFSdjlDEQC5g
1287,2016,11,464,WashingtonDC,38.90979491405787,-77.05040648996149,TshAGt_dvWsuQujo8jUUCA,443,0,453,14,3767,True,TshAGt_dvWsuQujo8jUUCA
1115,2011,6,566,WashingtonDC,38.90645589291626,-77.04255394783002,Rt3O6OojcmMRcjcgk-TeaQ,184,0,185,5,3769,True,Rt3O6OojcmMRcjcgk-TeaQ
438,2007,8,609,WashingtonDC,38.89481753555649,-77.02361261834083,oS9ZnOQMl0H8HGjy0_nWeg,188,0,189,8,3775,True,oS9ZnOQMl0H8HGjy0_nWeg
723,2007,11,361,WashingtonDC,38.89980056844277,-77.02461172400824,sypocPHXoDdT2-tJGc17_g,1312,0,1634,2,3777,True,sypocPHXoDdT2-tJGc17_g
1690,2011,6,399,WashingtonDC,38.91679057248221,-77.04665105435987,R4vTqmNjb0pF0dGjpSJ6pA,1313,0,1635,2,3778,True,R4vTqmNjb0pF0dGjpSJ6pA
1489,2011,8,539,WashingtonDC,38.91279719317887,-77.0136365190355,P5H4kJxBEd2lKrDfBL29JQ,274,1,1331,7,3788,True,P5H4kJxBEd2lKrDfBL29JQ
1296,2007,8,334,WashingtonDC,38.90983968448269,-77.03454935586656,1718i4sXo2kWdZ_c-mDzHg,901,0,994,8,3794,True,1718i4sXo2kWdZ_c-mDzHg
573,2016,10,251,WashingtonDC,38.89713272856406,-77.00833283241052,qSJ4zhvSpkDcVCCpGtC3Bg,166,0,167,4,3795,True,qSJ4zhvSpkDcVCCpGtC3Bg
1916,2018,10,645,WashingtonDC,38.92028441820619,-77.05199442954888,WMu0McWxUmbqduxjmx856Q,719,1,862,11,3797,True,WMu0McWxUmbqduxjmx856Q
1408,2014,6,140,WashingtonDC,38.91187808179791,-77.03758425248908,mkapc_FoCnfV8G8iX497TQ,95,0,96,7,3798,True,mkapc_FoCnfV8G8iX497TQ
1059,2017,6,409,WashingtonDC,38.9058226117301,-77.04169806180188,X_YFvzpVJtZ0huHQl9bxFg,162,0,163,8,3809,True,X_YFvzpVJtZ0huHQl9bxFg
940,2014,4,133,WashingtonDC,38.90374378131842,-77.04656090746062,7Hf34dcaWiA9eSfkr9isFw,734,1,1639,1,3814,True,7Hf34dcaWiA9eSfkr9isFw
1893,2018,8,421,WashingtonDC,38.91978546582239,-77.02291312196843,dXP_KWlBJvVZFxiXTj1r5A,76,2,1640,2,3816,True,dXP_KWlBJvVZFxiXTj1r5A
1307,2007,8,496,WashingtonDC,38.90964852936909,-77.02755566986168,Mvp9rIZ8800nVrjbVc4chQ,269,1,1641,2,3822,True,Mvp9rIZ8800nVrjbVc4chQ
1590,2011,6,65,WashingtonDC,38.91480667268949,-77.03261765618869,H3iGOlinjU7oNwV_v6ecGQ,935,1,1642,1,3827,True,H3iGOlinjU7oNwV_v6ecGQ
769,2018,10,409,WashingtonDC,38.90091426858928,-77.03834989352174,Y0r94h260ysrWbVVwGHIfw,1143,1,1643,2,3835,True,Y0r94h260ysrWbVVwGHIfw
1432,2014,5,395,WashingtonDC,38.91186571392944,-77.01861891820175,EYUest0WhngjSTtTVDP3tg,1279,1,1644,2,3836,True,EYUest0WhngjSTtTVDP3tg
531,2016,10,464,WashingtonDC,38.89680042656308,-77.04666696461796,zO3d70azFPFT_gb8CFmC1w,302,0,309,11,3844,True,zO3d70azFPFT_gb8CFmC1w
1775,2014,5,348,WashingtonDC,38.91754832589567,-77.01558381471958,iV6vtjYsg31iqXYedMFcAA,391,0,401,5,3845,True,iV6vtjYsg31iqXYedMFcAA
1883,2019,7,338,WashingtonDC,38.9200538334437,-77.0254837037831,KUbRV20OCCcjcj5cV8LXww,318,0,325,11,3847,True,KUbRV20OCCcjcj5cV8LXww
269,2014,8,413,WashingtonDC,38.89181157360056,-77.01383358115474,BreYlanRo-N0lo7xBQ1ghA,1316,0,1646,4,3852,True,BreYlanRo-N0lo7xBQ1ghA
757,2014,4,421,WashingtonDC,38.90068439161681,-77.04955071101438,OsLc7OAP02Gaq3HulgBs-A,110,0,111,7,3862,True,OsLc7OAP02Gaq3HulgBs-A
1165,2012,5,112,WashingtonDC,38.90790134512736,-77.04854227453129,nfTbREl8VJxjAIHJ5zVIPQ,960,0,1071,9,3873,True,nfTbREl8VJxjAIHJ5zVIPQ
1576,2014,4,368,WashingtonDC,38.91482626128241,-77.04660201936643,dYKaSp-dqTv-p-coC34baQ,180,1,1652,2,3874,True,dYKaSp-dqTv-p-coC34baQ
228,2017,9,428,WashingtonDC,38.89095402970566,-77.00156581085382,yjFwnRISn7_LUR4tzmjJRg,694,1,1653,5,3880,True,yjFwnRISn7_LUR4tzmjJRg
1801,2016,11,387,WashingtonDC,38.91875300255698,-77.0475424131069,fl7iGbZrKeb4EmoNqsrSrg,1101,0,1277,4,3882,True,fl7iGbZrKeb4EmoNqsrSrg
1865,2014,4,130,WashingtonDC,38.91983599251176,-77.0465326396114,9Zj0TTtfqdV43o7i3cmqgA,558,0,579,4,3890,True,9Zj0TTtfqdV43o7i3cmqgA
1583,2017,6,348,WashingtonDC,38.91480044051318,-77.03858425370085,Uak38ap9ga4r-7EiJYaa8g,1016,1,1655,4,3891,True,Uak38ap9ga4r-7EiJYaa8g
686,2016,10,466,WashingtonDC,38.89881625930835,-77.01163654852056,f5eRJeUNkCRMl1-XNA8_6Q,743,0,795,6,3894,True,f5eRJeUNkCRMl1-XNA8_6Q
44,2019,6,472,WashingtonDC,38.88761226483717,-77.0115311170121,oqG6u2fJCNSPZosQfawx-w,1137,1,1656,2,3898,True,oqG6u2fJCNSPZosQfawx-w
1472,2009,7,445,WashingtonDC,38.91279242389506,-77.03649685302913,XCAP88ZbIwwdHDNL4ytiQw,239,1,870,3,3901,True,XCAP88ZbIwwdHDNL4ytiQw
1211,2012,5,266,WashingtonDC,38.90803374614818,-77.00236843930468,AfTRg0_ZhDxBw_fASjKCLA,504,0,522,8,3905,True,AfTRg0_ZhDxBw_fASjKCLA
1320,2011,8,208,WashingtonDC,38.90962821053432,-77.01251661781785,iCDu9Hb8Lg81qQ9uMXj6pw,347,0,355,5,3908,True,iCDu9Hb8Lg81qQ9uMXj6pw
1339,2014,8,603,WashingtonDC,38.91060899417583,-77.05360011037666,GpYCP-6fcg9RmBLVpPUfZg,284,1,718,3,3910,True,GpYCP-6fcg9RmBLVpPUfZg
836,2011,6,316,WashingtonDC,38.90136362632792,-77.03256047521484,006lge8jmlJRULst1KZeTA,561,0,582,9,3911,True,006lge8jmlJRULst1KZeTA
1943,2007,9,501,WashingtonDC,38.92069167572033,-77.028572028092,zNgzJ1LtQNkgIG8FoHtb5A,786,1,904,5,3914,True,zNgzJ1LtQNkgIG8FoHtb5A
811,2009,7,198,WashingtonDC,38.90185806181626,-77.05531803721554,Pec_RE4TtrV0ICltwfs6gA,402,0,412,9,3918,True,Pec_RE4TtrV0ICltwfs6gA
1802,2009,7,143,WashingtonDC,38.91902280458596,-77.04666225823176,5weOdrZ24Dj1B92BEsoJ_A,920,1,1658,2,3938,True,5weOdrZ24Dj1B92BEsoJ_A
1563,2019,7,339,WashingtonDC,38.91411290604049,-77.00063099328247,afMrbvHJO1SQtFB7I2uUEQ,656,1,1080,5,3940,True,afMrbvHJO1SQtFB7I2uUEQ
1249,2016,10,476,WashingtonDC,38.90858050475549,-77.01960929768762,ND9Dy0kYMRi3o-Mr9Zi5GQ,1227,0,1472,6,3942,True,ND9Dy0kYMRi3o-Mr9Zi5GQ
1921,2012,5,398,WashingtonDC,38.92056165703026,-77.04391021913793,eIeaEvAs8B8lnQ54JW5kSA,255,0,258,5,3946,True,eIeaEvAs8B8lnQ54JW5kSA
1678,2019,7,325,WashingtonDC,38.91555935183862,-77.0025593405241,xPSh8pEO0FMG-i0P_8no0g,1091,0,1263,3,3948,True,xPSh8pEO0FMG-i0P_8no0g
697,2017,6,134,WashingtonDC,38.89983975526252,-77.05331742423148,GEtZzcy7bbL1ee-O0z2q-w,855,1,1659,1,3950,True,GEtZzcy7bbL1ee-O0z2q-w
726,2017,6,481,WashingtonDC,38.89983660278052,-77.02957007376136,xeXx_kxKf8z3us7zXpdpDw,1025,1,1660,1,3952,True,xeXx_kxKf8z3us7zXpdpDw
1205,2014,5,445,WashingtonDC,38.90789882155253,-77.01057638927672,Q1hQ4BGotnqmGQWeXXaGQw,1130,0,1319,4,3958,True,Q1hQ4BGotnqmGQWeXXaGQw
871,2007,8,547,WashingtonDC,38.90263193767067,-77.0525539862675,oGRxaARsa1CvQIettRrYtQ,549,0,570,10,3961,True,oGRxaARsa1CvQIettRrYtQ
348,2018,10,300,WashingtonDC,38.89339128197608,-77.0520744733415,Q4PPfrGYyxOtLgQA-0YNVg,1105,0,1285,5,3962,True,Q4PPfrGYyxOtLgQA-0YNVg
46,2011,6,543,WashingtonDC,38.88761713699149,-77.00849283680895,p9i5Uv4ltYty6tg-hpOQGw,1290,1,1662,2,3965,True,p9i5Uv4ltYty6tg-hpOQGw
659,2016,10,358,WashingtonDC,38.89880174596338,-77.03349485864831,0a3A5sadfc0SbOX3PNmsyA,1321,0,1663,4,3966,True,0a3A5sadfc0SbOX3PNmsyA
1128,2016,10,259,WashingtonDC,38.90683325568952,-77.02956308150651,guRHCqVh-CbG0UIaiund3Q,868,1,1664,3,3967,True,guRHCqVh-CbG0UIaiund3Q
21,2018,9,567,WashingtonDC,38.88764256910417,-77.03061235292348,-IaSiY_L1dosVItSTGWnJA,296,0,303,7,3969,True,-IaSiY_L1dosVItSTGWnJA
765,2018,10,310,WashingtonDC,38.90069217081343,-77.04564005657635,Kbs0BmI6YR4oHD3ElCymxw,1088,0,1259,7,3970,True,Kbs0BmI6YR4oHD3ElCymxw
1057,2007,8,337,WashingtonDC,38.90566514288674,-77.04451716304315,qI82Gj87rC0f3qJhwefYrg,1304,0,1615,9,3981,True,qI82Gj87rC0f3qJhwefYrg
167,2019,6,476,WashingtonDC,38.8898443857175,-77.00590564627174,PqxWUR4lkaWY0gVFYfC5YQ,50,0,50,9,3985,True,PqxWUR4lkaWY0gVFYfC5YQ
228,2014,5,250,WashingtonDC,38.89094175332272,-77.00153618897198,IkqaHLoBjc-1wunnXy00EA,694,0,738,7,3988,True,IkqaHLoBjc-1wunnXy00EA
571,2017,7,393,WashingtonDC,38.89668299339323,-77.0056717022886,iq8JJGkjtiAT6XcalAwsVw,143,1,1668,1,4000,True,iq8JJGkjtiAT6XcalAwsVw
978,2016,10,357,WashingtonDC,38.90376258456283,-77.00353407191264,YfshrruAqNtTSqc9-PAWbQ,1327,0,1671,1,4011,True,YfshrruAqNtTSqc9-PAWbQ
1447,2017,6,475,WashingtonDC,38.91177708888166,-77.00464557514069,OsJXs0X4FGyerjEBnEKzhA,1276,1,1672,2,4012,True,OsJXs0X4FGyerjEBnEKzhA
1401,2011,8,244,WashingtonDC,38.91181342985919,-77.04341709888976,gblZAKeyWiVSt5YpvCOwnQ,1157,1,1673,1,4015,True,gblZAKeyWiVSt5YpvCOwnQ
1946,2018,10,295,WashingtonDC,38.92065854091938,-77.02560989956257,Uc1_QCLkgZ2LKn15oI8ZrA,456,1,1674,1,4017,True,Uc1_QCLkgZ2LKn15oI8ZrA
1252,2009,7,417,WashingtonDC,38.90857467965234,-77.02452875754629,XzhNvq7DzjGWQQZaPKmqbQ,506,1,1675,3,4020,True,XzhNvq7DzjGWQQZaPKmqbQ
231,2007,11,124,WashingtonDC,38.89075613524899,-77.00057797265518,5Tp4KwWI9VhtiEaeKGFXYQ,476,0,488,13,4022,True,5Tp4KwWI9VhtiEaeKGFXYQ
2,2019,10,304,WashingtonDC,38.88800685841775,-77.05374856211436,toWlsJRqH9wM5QVVHlkz0A,864,1,1676,4,4026,True,toWlsJRqH9wM5QVVHlkz0A
667,2016,10,209,WashingtonDC,38.89911236665816,-77.03268361262997,crNmxenECl4JpzmGEwBb2Q,919,0,1015,6,4048,True,crNmxenECl4JpzmGEwBb2Q
363,2018,7,456,WashingtonDC,38.89387037705453,-77.03943725237521,bC2Kw2c9RhePJgA7ns72BQ,361,1,1126,6,4050,True,bC2Kw2c9RhePJgA7ns72BQ
1601,2019,7,210,WashingtonDC,38.91486582678268,-77.01716781556864,950VMTxZH-XWrXTwRR1ZXg,552,0,573,7,4051,True,950VMTxZH-XWrXTwRR1ZXg
1002,2011,7,320,WashingtonDC,38.90478044127887,-77.03649230847186,ZSdzrHeCltrWZk0FXq_YJg,684,0,727,10,4055,True,ZSdzrHeCltrWZk0FXq_YJg
712,2017,7,184,WashingtonDC,38.90021111052041,-77.04052453566777,qhEgd306I1OkCTZfDJLDzA,1035,0,1180,6,4061,True,qhEgd306I1OkCTZfDJLDzA
444,2014,4,412,WashingtonDC,38.89477078317523,-77.018616686611,X6LtjbQk-a9blIapgJCkEg,440,1,1680,4,4063,True,X6LtjbQk-a9blIapgJCkEg
1716,2009,7,388,WashingtonDC,38.91675115619712,-77.01750887897323,0qCxolG0PYHGagoBZLryFA,1330,0,1681,1,4071,True,0qCxolG0PYHGagoBZLryFA
1649,2007,9,458,WashingtonDC,38.91582608550183,-77.02964493490089,qU3iMxiQWWsVrS6Z26Sn6Q,879,1,1682,2,4072,True,qU3iMxiQWWsVrS6Z26Sn6Q
1663,2017,7,232,WashingtonDC,38.91587487327138,-77.01757303956036,9LTw9b2o-XrGkwTT2Aa3iQ,14,1,1683,3,4074,True,9LTw9b2o-XrGkwTT2Aa3iQ
1282,2014,6,481,WashingtonDC,38.90964801079468,-77.04756204989327,rnsBWRu9uCQBV4DNXvAs2g,243,2,1684,3,4078,True,rnsBWRu9uCQBV4DNXvAs2g
160,2008,6,431,WashingtonDC,38.88979059872751,-77.01401303358467,8XRht8kuH6zinCOaWemvQg,160,0,161,6,4083,True,8XRht8kuH6zinCOaWemvQg
1276,2017,6,644,WashingtonDC,38.90968978000932,-77.05543469846488,Xl2lKz8kEas8KlVUOD8p9Q,998,2,1685,2,4084,True,Xl2lKz8kEas8KlVUOD8p9Q
1942,2014,5,474,WashingtonDC,38.92084646609223,-77.0235762854036,jKRPmlb1b_GpgNMh4TaFvA,227,0,230,5,4087,True,jKRPmlb1b_GpgNMh4TaFvA
1406,2016,10,160,WashingtonDC,38.91185674691608,-77.04058640350976,RA9ZlewCUAM7drKpOz85Qg,88,0,89,10,4093,True,RA9ZlewCUAM7drKpOz85Qg
1049,2009,7,187,WashingtonDC,38.90604949360547,-77.04734135251189,ozw9J6CW1gRI0Qsq7tlntg,852,0,933,9,4095,True,ozw9J6CW1gRI0Qsq7tlntg
1191,2019,7,648,WashingtonDC,38.9077821077948,-77.0229436102632,xfL8cbOIASj5QpFogWRLiA,821,0,895,7,4099,True,xfL8cbOIASj5QpFogWRLiA
97,2018,10,125,WashingtonDC,38.88883607610256,-77.01556702970935,QRHMwpOqBJ-IoAN4ifXvSg,810,0,880,8,4101,True,QRHMwpOqBJ-IoAN4ifXvSg
724,2007,11,166,WashingtonDC,38.89980042370991,-77.026537864961,zo6xLwRlmMSGjVmk5gOXPA,625,0,654,5,4107,True,zo6xLwRlmMSGjVmk5gOXPA
295,2018,10,201,WashingtonDC,38.89283180951498,-77.04665392292051,0kIW5daqyOL4EXR8wbGrwA,880,2,1691,1,4116,True,0kIW5daqyOL4EXR8wbGrwA
1020,2011,8,112,WashingtonDC,38.90479970123483,-77.02399169128257,gp2yjIyQSj2mqLpBz7ydiA,840,0,920,11,4117,True,gp2yjIyQSj2mqLpBz7ydiA
858,2017,6,239,WashingtonDC,38.90250948991236,-77.0104908667217,_RyDy6WcFjbHqY2i_qixfQ,488,1,1695,2,4142,True,_RyDy6WcFjbHqY2i_qixfQ
1657,2016,10,420,WashingtonDC,38.91572358838846,-77.02058738648445,EqAuo-BLx7U2lkUmuJQGbg,401,1,1696,2,4144,True,EqAuo-BLx7U2lkUmuJQGbg
952,2017,6,395,WashingtonDC,38.90373039518398,-77.03252574045,fAz0KjUyn77l8B4bm1piRQ,817,0,889,7,4149,True,fAz0KjUyn77l8B4bm1piRQ
829,2018,10,326,WashingtonDC,38.90135514344935,-77.03756586323335,LmE2inOd1lz4NB000xhKYw,780,0,839,12,4151,True,LmE2inOd1lz4NB000xhKYw
1713,2019,7,95,WashingtonDC,38.9169861523007,-77.0264811721577,QYfmDTb4bagvTymnKZ53fg,1118,0,1302,5,4153,True,QYfmDTb4bagvTymnKZ53fg
0,2018,10,405,WashingtonDC,38.88744324247723,-77.05536722026818,1wOcDsrj1NFMM9p_5u1Zlw,1009,0,1139,4,4154,True,1wOcDsrj1NFMM9p_5u1Zlw
768,2012,5,492,WashingtonDC,38.90053188604443,-77.03812276548426,JsuO7FNe80nUM7xLiqC6SQ,33,1,1697,1,4156,True,JsuO7FNe80nUM7xLiqC6SQ
1870,2018,10,295,WashingtonDC,38.91971585925452,-77.04071319210065,86I5yKmS17_YmDD16w46Rw,610,1,1556,4,4158,True,86I5yKmS17_YmDD16w46Rw
753,2016,10,323,WashingtonDC,38.89979464812418,-76.99950020826749,qd4qRl9TSOBatbZwsR77aA,412,1,886,5,4159,True,qd4qRl9TSOBatbZwsR77aA
1091,2007,11,398,WashingtonDC,38.90563732665954,-77.00852174100652,uFP6G3IvXAA5gyAfeCdlZA,257,0,260,9,4165,True,uFP6G3IvXAA5gyAfeCdlZA
399,2007,8,480,WashingtonDC,38.89376631045633,-77.00354718692775,-dI588Legfmoebj9qfbcaQ,513,1,1699,3,4169,True,-dI588Legfmoebj9qfbcaQ
164,2018,10,334,WashingtonDC,38.88973190606583,-77.0059100589503,qoPW8-essl5QJFZDtCnZBQ,50,1,539,6,4170,True,qoPW8-essl5QJFZDtCnZBQ
1376,2011,9,414,WashingtonDC,38.91082962404428,-77.01213092000472,6UDsf0HiokfhDbtcL95Www,1100,1,1701,2,4186,True,6UDsf0HiokfhDbtcL95Www
1079,2009,7,401,WashingtonDC,38.90564439509764,-77.0215433702896,Ykuv2JhHjC_YQbxp5bBoDg,966,1,1693,8,4193,True,Ykuv2JhHjC_YQbxp5bBoDg
1620,2017,6,442,WashingtonDC,38.91555097177291,-77.00454131731514,PixLtqgSdZkPpTJH7deVJA,295,1,1702,2,4196,True,PixLtqgSdZkPpTJH7deVJA
945,2007,8,151,WashingtonDC,38.9037284171653,-77.04060672048318,ZkoTpm62ZTyzUqurUL_K7A,498,0,513,7,4199,True,ZkoTpm62ZTyzUqurUL_K7A
839,2018,7,381,WashingtonDC,38.90182412085423,-77.02806782978536,zg5b-WfhkhGN73_P_PzMQQ,44,0,44,10,4205,True,zg5b-WfhkhGN73_P_PzMQQ
1924,2018,10,109,WashingtonDC,38.92091466132622,-77.0482616604864,OmmSka-1qrhNpJIDxBppZA,26,1,1704,2,4218,True,OmmSka-1qrhNpJIDxBppZA
1183,2009,7,471,WashingtonDC,38.90780987280248,-77.03066072668814,qk496PCYkEOPyShkhzAx2A,147,0,148,11,4222,True,qk496PCYkEOPyShkhzAx2A
299,2011,7,209,WashingtonDC,38.89203423536319,-77.04753181697474,Anl26DstkQ0ssn4765D8_g,1110,0,1291,5,4225,True,Anl26DstkQ0ssn4765D8_g
1427,2018,7,367,WashingtonDC,38.91183309464279,-77.02352953000374,0P6E-12VDpx_yjVXxOCL3w,503,0,519,15,4228,True,0P6E-12VDpx_yjVXxOCL3w
470,2015,11,118,WashingtonDC,38.8957728515801,-77.04852771238863,EMOatsELW0uZQsAOtZ5Vag,1263,0,1532,4,4232,True,EMOatsELW0uZQsAOtZ5Vag
1875,2009,7,187,WashingtonDC,38.919849879612,-77.0347627823896,vcQmo0H77OW503XDNHsVIQ,612,1,1616,7,4235,True,vcQmo0H77OW503XDNHsVIQ
1859,2014,8,253,WashingtonDC,38.92011102680339,-77.0557678188072,iiDDlJZNRc4PQZiIdrbS2g,1204,0,1436,3,4240,True,iiDDlJZNRc4PQZiIdrbS2g
1789,2018,8,605,WashingtonDC,38.91811114023345,-77.00260721826906,EHmoZ4S3_UA4-5k3znhJKQ,1067,0,1222,3,4244,True,EHmoZ4S3_UA4-5k3znhJKQ
1756,2007,9,448,WashingtonDC,38.91812145516032,-77.03759785738288,yb4Uf1oVOyyv3-jQMZk-Jg,1209,0,1442,4,4249,True,yb4Uf1oVOyyv3-jQMZk-Jg
1820,2011,6,488,WashingtonDC,38.91878004012093,-77.03460446231662,JnrO-Re2rfa6sdC6Ds-Ipw,142,0,143,4,4254,True,JnrO-Re2rfa6sdC6Ds-Ipw
630,2014,5,278,WashingtonDC,38.89776436795884,-77.00204938647991,cKC4dw8qBzTyrsKA6A2v-A,157,0,158,5,4255,True,cKC4dw8qBzTyrsKA6A2v-A
172,2014,8,199,WashingtonDC,38.88979681996238,-77.00251916879175,xCfVsNO4GvTjGrGMk3NHeA,46,1,1690,4,4256,True,xCfVsNO4GvTjGrGMk3NHeA
392,2008,6,278,WashingtonDC,38.89354950313965,-77.01160001845454,zcTH4YmX0iNx1W06vfYzcA,1102,0,1281,5,4257,True,zcTH4YmX0iNx1W06vfYzcA
1648,2008,7,147,WashingtonDC,38.91557634973053,-77.02758684459917,O3PtE3lbLVsmiCITx7GpNw,212,0,215,10,4260,True,O3PtE3lbLVsmiCITx7GpNw
635,2014,5,538,WashingtonDC,38.89782773733721,-77.00057434583287,VGXQl2PzQBTFHbDcGZM3kg,1253,0,1516,11,4265,True,VGXQl2PzQBTFHbDcGZM3kg
1111,2011,5,181,WashingtonDC,38.90681457575335,-77.04880287878478,2Di01WQ91bgMIPRvt8N8Zg,373,0,383,10,4268,True,2Di01WQ91bgMIPRvt8N8Zg
606,2018,7,262,WashingtonDC,38.89780446006117,-77.033595004189,8Dd-ZYEwpN0b-BKzyC2oZA,256,0,259,9,4272,True,8Dd-ZYEwpN0b-BKzyC2oZA
1865,2011,6,321,WashingtonDC,38.9198266018414,-77.04651945961606,nEHlWzh_YhtHoYUXyPaJUw,558,1,1710,2,4273,True,nEHlWzh_YhtHoYUXyPaJUw
1562,2019,7,282,WashingtonDC,38.91408611972174,-77.00166449063713,Alh1V9s9VJupiV4tEHoeuQ,1078,0,1244,4,4274,True,Alh1V9s9VJupiV4tEHoeuQ
776,2018,9,161,WashingtonDC,38.90074371109107,-77.02965981482168,dMd_rhF-kXC_oPTMTvTBUg,1213,0,1450,7,4275,True,dMd_rhF-kXC_oPTMTvTBUg
1243,2014,5,603,WashingtonDC,38.90858273243544,-77.02852154173613,JXlnfOYl8KUlrk46-sYZ-w,519,0,537,4,4279,True,JXlnfOYl8KUlrk46-sYZ-w
1799,2018,10,574,WashingtonDC,38.91813136433954,-77.00153299154445,AvncqumTjR_QIt-GZc6D4A,465,2,1711,1,4281,True,AvncqumTjR_QIt-GZc6D4A
50,2019,7,114,WashingtonDC,38.88759344771223,-77.00453025626453,k_Lft_JrcY2IQt4RkZuVyg,669,1,1144,11,4290,True,k_Lft_JrcY2IQt4RkZuVyg
991,2018,10,391,WashingtonDC,38.90497378971328,-77.04779356267942,xQHlg1TjmDbKjZdoJ2sSXw,173,1,1712,2,4301,True,xQHlg1TjmDbKjZdoJ2sSXw
980,2014,5,230,WashingtonDC,38.9037269568768,-77.00653918389727,asa2RkVSZQul7sznT78Cjw,382,1,1713,7,4302,True,asa2RkVSZQul7sznT78Cjw
174,2009,7,365,WashingtonDC,38.88976816719811,-76.99950288097396,3d3eVMbI6-XjqmmuBN1yMA,1010,2,1714,1,4303,True,3d3eVMbI6-XjqmmuBN1yMA
1042,2011,8,527,WashingtonDC,38.90579497510506,-77.05539365620093,edqEWseN3yESGUvAtIJUZQ,663,1,1715,1,4306,True,edqEWseN3yESGUvAtIJUZQ
576,2018,7,524,WashingtonDC,38.8968273313824,-77.00057747708674,ZBldWr6t0fTe4dNi306fxQ,636,0,666,8,4308,True,ZBldWr6t0fTe4dNi306fxQ
1435,2011,10,96,WashingtonDC,38.91185197765597,-77.00752633095738,sgZEf4dH9J3zmWT9VO4tMA,1335,0,1716,5,4310,True,sgZEf4dH9J3zmWT9VO4tMA
663,2007,8,328,WashingtonDC,38.89875489954157,-77.02706906527719,eT1qHECiokrBgaYP72AUYw,1220,1,1515,8,4313,True,eT1qHECiokrBgaYP72AUYw
1424,2007,9,315,WashingtonDC,38.91199564102482,-77.02266275972144,NArEst8rQ9GLiA0NyUb_dw,480,0,493,11,4329,True,NArEst8rQ9GLiA0NyUb_dw
1317,2008,6,195,WashingtonDC,38.90962958590892,-77.01455822191603,2__qY5ul4P6R5TrKhbxFQQ,967,0,1082,4,4332,True,2__qY5ul4P6R5TrKhbxFQQ
1048,2018,9,116,WashingtonDC,38.90581885062561,-77.0501103264971,H0CMZ6NdAATPpFhsAOLqZg,299,0,306,9,4342,True,H0CMZ6NdAATPpFhsAOLqZg
754,2009,7,167,WashingtonDC,38.89971548296122,-77.00353703433757,j0uEF5t2pAT7tdXbY31cZg,1338,0,1721,1,4354,True,j0uEF5t2pAT7tdXbY31cZg
1526,2018,8,474,WashingtonDC,38.91410232789569,-77.03753226900675,THjhVTpSRxHEJ1nKMfFMjQ,27,1,1336,7,4355,True,THjhVTpSRxHEJ1nKMfFMjQ
697,2007,8,315,WashingtonDC,38.89982724534494,-77.05330910793465,EGtoR7rQf2gGxy3BbLj_-g,855,0,938,6,4362,True,EGtoR7rQf2gGxy3BbLj_-g
1151,2019,7,614,WashingtonDC,38.90725704955074,-77.00369112617547,CM3DqJJnVwGZblcaoXEK4A,1089,1,1723,2,4363,True,CM3DqJJnVwGZblcaoXEK4A
1453,2016,11,370,WashingtonDC,38.91321105500446,-77.05504174109261,45a9Z-SGkSujRkSyHwCexw,400,0,410,5,4366,True,45a9Z-SGkSujRkSyHwCexw
1050,2018,9,292,WashingtonDC,38.9058548431011,-77.04879666779064,Q15cqdkADJJaOHCTtGE4Zw,341,0,349,9,4376,True,Q15cqdkADJJaOHCTtGE4Zw
1874,2019,7,611,WashingtonDC,38.91974655375666,-77.03653604764244,62qNchuQhiHjwPbVV6SJWg,592,0,617,11,4377,True,62qNchuQhiHjwPbVV6SJWg
841,2018,10,363,WashingtonDC,38.90167425636525,-77.02054370133314,y8MjihWKUs-imiMBZoQCAg,1237,1,1726,5,4381,True,y8MjihWKUs-imiMBZoQCAg
636,2019,8,198,WashingtonDC,38.89773929440733,-76.99952799813151,HNljFSA7hO_aUj7rkpp4Jg,1178,0,1391,4,4383,True,HNljFSA7hO_aUj7rkpp4Jg
1416,2019,7,56,WashingtonDC,38.91181293076404,-77.02964234272008,r5KpvPWzobl-MWcj8jZ3HQ,352,0,361,7,4387,True,r5KpvPWzobl-MWcj8jZ3HQ
1316,2011,8,231,WashingtonDC,38.90961150785326,-77.01563362505819,FzbHmFKg7PeH_u_OwEJ5Kg,602,1,1727,2,4393,True,FzbHmFKg7PeH_u_OwEJ5Kg
408,2017,9,191,WashingtonDC,38.89540588378106,-77.04838835060258,DO4fNLFOCPaU9-xEUxrYwQ,1045,0,1194,10,4400,True,DO4fNLFOCPaU9-xEUxrYwQ
3,2011,4,578,WashingtonDC,38.88810462091658,-77.05204477569109,S6I44RocpFwOiz3xNkrutA,126,0,127,13,4410,True,S6I44RocpFwOiz3xNkrutA
681,2014,4,604,WashingtonDC,38.89892749952124,-77.01062897719576,m_GRJtgjWw80_y5O3TVqDA,1050,0,1203,6,4411,True,m_GRJtgjWw80_y5O3TVqDA
628,2017,6,216,WashingtonDC,38.89794386564836,-77.0035400954063,sDW7DDDv8Max7bEFKhdpHg,659,0,691,3,4414,True,sDW7DDDv8Max7bEFKhdpHg
1174,2009,7,343,WashingtonDC,38.90755788798637,-77.03763314234139,HzzSYboJXEJ6UlBtwdFCGA,613,2,1732,2,4426,True,HzzSYboJXEJ6UlBtwdFCGA
791,2018,7,166,WashingtonDC,38.90086140727495,-77.02052551341127,xXrK6HNO_P9uPpqTlt9Y5w,583,0,607,9,4427,True,xXrK6HNO_P9uPpqTlt9Y5w
1239,2018,7,201,WashingtonDC,38.9087952888239,-77.03455144231663,8PRQmBnjaHGbiupIci7dgw,980,0,1102,10,4429,True,8PRQmBnjaHGbiupIci7dgw
641,2008,6,53,WashingtonDC,38.89879184797718,-77.05018171044145,xaejHdza49M0lqrLmEnT9Q,324,0,331,7,4436,True,xaejHdza49M0lqrLmEnT9Q
1456,2009,7,446,WashingtonDC,38.9127922511383,-77.04878262811494,XS2mhQm6dwDgvYxcGxSkvg,1233,1,1563,3,4437,True,XS2mhQm6dwDgvYxcGxSkvg
1513,2016,12,417,WashingtonDC,38.91406721914237,-77.05324377304241,j_tn1DHF7PI7scbMKhtVSA,969,1,1735,2,4454,True,j_tn1DHF7PI7scbMKhtVSA
355,2011,4,156,WashingtonDC,38.89381946129232,-77.04669572226305,7dfz0WdFkVOWJDeYFu6Vkw,529,0,549,9,4457,True,7dfz0WdFkVOWJDeYFu6Vkw
943,2018,10,134,WashingtonDC,38.90373639747587,-77.03957334085167,bp6rKsC4G0UtYOoXoGPGcQ,1070,0,1226,8,4458,True,bp6rKsC4G0UtYOoXoGPGcQ
51,2011,6,411,WashingtonDC,38.88763304637644,-77.00752601174338,YPMvX7bcOLoRRj85_9QxHQ,693,1,1561,3,4465,True,YPMvX7bcOLoRRj85_9QxHQ
191,2011,4,13,WashingtonDC,38.89075538688272,-77.03953042458241,NswOVifYT24EEbtM5p9XEg,574,0,596,6,4470,True,NswOVifYT24EEbtM5p9XEg
1672,2019,7,436,WashingtonDC,38.91555930871529,-77.00852511536944,nAsBkHMAKGmlgBO-dcmhow,417,1,1567,5,4473,True,nAsBkHMAKGmlgBO-dcmhow
1798,2007,9,444,WashingtonDC,38.91861320401052,-77.05438076688144,lFz3WRM1T5gHyfsEtPe95A,148,1,1736,2,4474,True,lFz3WRM1T5gHyfsEtPe95A
1250,2019,7,444,WashingtonDC,38.90857424528475,-77.02560897214431,yoJpqrQzRTYwZTU-Vaeydg,235,1,1737,3,4479,True,yoJpqrQzRTYwZTU-Vaeydg
1683,2007,9,318,WashingtonDC,38.91700041180936,-77.05460533478119,P3Xd8uQ5CIudXreOV4EW_Q,1341,0,1739,4,4492,True,P3Xd8uQ5CIudXreOV4EW_Q
1965,2017,7,562,WashingtonDC,38.92081596404392,-77.00469393677112,93aAA9vr7CPMxsiqpIVj9Q,1131,0,1320,3,4501,True,93aAA9vr7CPMxsiqpIVj9Q
1808,2018,10,599,WashingtonDC,38.91874527999268,-77.04356631562725,9VPcla1eZIGbzmxNlv4Tfw,461,0,471,3,4508,True,9VPcla1eZIGbzmxNlv4Tfw
1011,2011,10,426,WashingtonDC,38.90480469463905,-77.03188796661102,BkYpsTPqLzXM5ZxV2IcWVQ,392,0,402,8,4516,True,BkYpsTPqLzXM5ZxV2IcWVQ
292,2015,7,272,WashingtonDC,38.89284536844539,-77.05548313830833,gv3dryuQMJHnSMNJh-_GJA,254,0,257,14,4519,True,gv3dryuQMJHnSMNJh-_GJA
191,2011,7,204,WashingtonDC,38.89075567175507,-77.0394964539055,-RpaDZAAM4_-ah6npgzXuA,574,1,1741,1,4521,True,-RpaDZAAM4_-ah6npgzXuA
1714,2007,9,310,WashingtonDC,38.91701820085633,-77.02849482125963,tr8DT2wNK5Xt8Cs6vTR_5w,1099,0,1275,7,4523,True,tr8DT2wNK5Xt8Cs6vTR_5w
935,2007,8,289,WashingtonDC,38.90375827902356,-77.04357928455696,UFBIaykd7u3oH6i7Ieeaeg,72,0,72,8,4524,True,UFBIaykd7u3oH6i7Ieeaeg
1426,2019,7,539,WashingtonDC,38.91178571906976,-77.02092480313193,Hcgge46N0TUAoF5ptzDIHg,369,0,379,6,4528,True,Hcgge46N0TUAoF5ptzDIHg
577,2018,10,266,WashingtonDC,38.89678724636459,-76.99950807178256,ta1C_2P3ImL3Ak8E13qWKg,671,1,1744,5,4537,True,ta1C_2P3ImL3Ak8E13qWKg
1333,2009,7,457,WashingtonDC,38.91016142097081,-77.00079147119294,8b57_gk7jipgI7BUXXjpAQ,660,1,979,9,4554,True,8b57_gk7jipgI7BUXXjpAQ
1820,2007,9,472,WashingtonDC,38.91878871580806,-77.03459769133742,X5iM13ZGv-7kTb06ezR9mw,142,1,1748,1,4559,True,X5iM13ZGv-7kTb06ezR9mw
496,2014,7,193,WashingtonDC,38.89582620841193,-77.02191972955836,9J0acdRqIcxgOBZaXYgt2g,1002,1,1731,5,4562,True,9J0acdRqIcxgOBZaXYgt2g
1644,2011,6,485,WashingtonDC,38.9158185229147,-77.03847728358629,a7AUcl6bGIGgYfKumZ78Xw,1139,0,1334,8,4564,True,a7AUcl6bGIGgYfKumZ78Xw
57,2018,10,381,WashingtonDC,38.88793638003308,-77.05401119584631,sgtPPI--VCYYTwNpN-av1A,229,0,232,14,4578,True,sgtPPI--VCYYTwNpN-av1A
859,2011,7,393,WashingtonDC,38.90253796232988,-77.00759159674304,E8Xtm0WY9Roxtxef_3-1jg,569,1,900,8,4582,True,E8Xtm0WY9Roxtxef_3-1jg
1718,2018,8,192,WashingtonDC,38.91680218471509,-77.01873527465638,-BO5jaXDCqE2BNO4Y3DJxw,231,1,1750,2,4589,True,-BO5jaXDCqE2BNO4Y3DJxw
392,2019,6,460,WashingtonDC,38.89359253379136,-77.01155570158039,WOJya9bSUWgn_Ko8bPAS7g,1102,1,1751,2,4590,True,WOJya9bSUWgn_Ko8bPAS7g
962,2009,7,171,WashingtonDC,38.90372662817204,-77.01846562575444,uRBHg2UiSwGZdb-mnxPIpA,312,1,1752,2,4596,True,uRBHg2UiSwGZdb-mnxPIpA
1047,2018,7,644,WashingtonDC,38.90479308618399,-77.00056515061446,iyxV4IWQaFY6SbiPj1guVA,831,0,910,7,4597,True,iyxV4IWQaFY6SbiPj1guVA
1496,2009,7,469,WashingtonDC,38.91280009782646,-77.00655319129483,gSbqE_u7jedbKnrT0Gw2HA,1215,0,1452,4,4598,True,gSbqE_u7jedbKnrT0Gw2HA
1942,2011,6,298,WashingtonDC,38.92081744611141,-77.02355933107545,ueNUbG1ofRoE8rUdNqE3mA,227,1,359,6,4611,True,ueNUbG1ofRoE8rUdNqE3mA
1641,2007,9,218,WashingtonDC,38.91557007586459,-77.03360181175854,3w6oC6JXB0lHBO5XCx8hkg,97,0,98,9,4612,True,3w6oC6JXB0lHBO5XCx8hkg
691,2011,8,375,WashingtonDC,38.89892361588282,-77.00159705529168,SKzZPPrWenv5cXiNS6q5Xg,1280,0,1568,9,4617,True,SKzZPPrWenv5cXiNS6q5Xg
725,2011,9,84,WashingtonDC,38.89977917526201,-77.02557098151388,lOSotzBDfTjIoH-L6x6VfA,1289,1,1754,2,4618,True,lOSotzBDfTjIoH-L6x6VfA
1837,2019,7,329,WashingtonDC,38.91859058934616,-77.01548521798047,bv9_EWe4IWcz6wXpnGYhAw,177,0,178,5,4621,True,bv9_EWe4IWcz6wXpnGYhAw
732,2019,7,244,WashingtonDC,38.89977440381762,-77.01754033436305,x2cSn_2VtaQbo9aZktZGFQ,782,0,841,7,4628,True,x2cSn_2VtaQbo9aZktZGFQ
288,2011,5,448,WashingtonDC,38.89289261988826,-77.0535828876017,YrwtB_bfJOAC4o34UrDRHg,543,0,564,6,4633,True,YrwtB_bfJOAC4o34UrDRHg
1737,2019,7,252,WashingtonDC,38.91699311704161,-77.00157927634113,XJwP82PGIjzAI945_YA-BQ,523,1,1757,1,4643,True,XJwP82PGIjzAI945_YA-BQ
863,2007,11,137,WashingtonDC,38.90180152442164,-77.00057005238143,EwDN7hpAsVoIikQZQGwqsQ,1059,0,1213,9,4648,True,EwDN7hpAsVoIikQZQGwqsQ
497,2009,7,466,WashingtonDC,38.89582474975884,-77.02295160701105,eaGo9Wnlhj0iqZcBBUKc9A,609,1,1227,5,4651,True,eaGo9Wnlhj0iqZcBBUKc9A
454,2018,6,464,WashingtonDC,38.89476457513035,-77.0135588035297,dF0ezRg5GPomAqbP1TUePA,1096,1,1759,1,4658,True,dF0ezRg5GPomAqbP1TUePA
1258,2019,7,289,WashingtonDC,38.90856610604514,-77.01662171342588,qukqVdPpMs9qfCg1c8gVCw,759,0,813,5,4661,True,qukqVdPpMs9qfCg1c8gVCw
666,2015,9,478,WashingtonDC,38.89833753893295,-77.03057234311301,zSizc5i1xyrcBAcAOvgAhQ,841,0,921,4,4665,True,zSizc5i1xyrcBAcAOvgAhQ
440,2017,7,48,WashingtonDC,38.8947826509516,-77.02397017623663,Q4uY3kGl1Puw-rl_3dNZ0Q,339,0,347,11,4668,True,Q4uY3kGl1Puw-rl_3dNZ0Q
1218,2019,7,610,WashingtonDC,38.90878535810619,-77.0535222461193,8KYx5VnPPk_biadkkw8nBQ,537,1,773,10,4676,True,8KYx5VnPPk_biadkkw8nBQ
1329,2011,6,407,WashingtonDC,38.91056008870606,-77.05556472327495,jLuiRsiJUhWWKd2j0psTVw,1144,0,1344,5,4695,True,jLuiRsiJUhWWKd2j0psTVw
1778,2018,8,179,WashingtonDC,38.91776800185493,-77.0185392229713,lpP3yP_dWuY34Ym57J1KuQ,1310,0,1627,7,4700,True,lpP3yP_dWuY34Ym57J1KuQ
769,2009,7,227,WashingtonDC,38.90092480745798,-77.03839047087105,vSmx3v37XjshbTyJbk-Oqw,1143,0,1343,6,4707,True,vSmx3v37XjshbTyJbk-Oqw
797,2016,11,263,WashingtonDC,38.90075212170382,-77.00912697377629,Z8M-awQOQLHwdMG8UuNPCg,427,1,709,13,4708,True,Z8M-awQOQLHwdMG8UuNPCg
746,2019,6,104,WashingtonDC,38.90016329367447,-77.00547210570086,TRoS_xJOGIHQLUkbQqs3GA,1272,1,1760,1,4712,True,TRoS_xJOGIHQLUkbQqs3GA
116,2014,4,118,WashingtonDC,38.89059661964802,-77.05369809761963,s8OgdkVu98AO1yrfq0hEBA,813,1,935,9,4714,True,s8OgdkVu98AO1yrfq0hEBA
1578,2011,8,195,WashingtonDC,38.9147942439647,-77.04341525684308,eQM3bmHXYGd-kTBZPf6lqQ,724,1,1762,2,4717,True,eQM3bmHXYGd-kTBZPf6lqQ
1174,2018,9,531,WashingtonDC,38.90755715373609,-77.03766058305152,b-oYKHbZvfUt5WuRBkxG8Q,613,3,1763,1,4718,True,b-oYKHbZvfUt5WuRBkxG8Q
780,2009,7,487,WashingtonDC,38.90077483241193,-77.03362023591204,5nTnipyEiHVD13v2vOshwA,1030,0,1173,5,4724,True,5nTnipyEiHVD13v2vOshwA
11,2018,10,563,WashingtonDC,38.88705668410337,-77.04457456085765,EYQ8X7-TGwwiVCqV-2Feog,1006,0,1133,12,4732,True,EYQ8X7-TGwwiVCqV-2Feog
333,2018,7,194,WashingtonDC,38.89357099293061,-77.01647327973788,HZDZC-YOGDpWAl5MYpBZ3A,598,1,1333,3,4745,True,HZDZC-YOGDpWAl5MYpBZ3A
25,2017,6,391,WashingtonDC,38.88764967497188,-77.03159775029452,zgXOqfGqGDgSH0Zbt3k3Ig,342,0,350,7,4746,True,zgXOqfGqGDgSH0Zbt3k3Ig
1570,2018,10,280,WashingtonDC,38.91483582313887,-77.0475390991041,0SN2bzd-MrrhHmij7ERQ0Q,1347,0,1765,4,4755,True,0SN2bzd-MrrhHmij7ERQ0Q
1947,2016,11,537,WashingtonDC,38.92074546085637,-77.02657908471056,9PuMeLezunQLHo2A_6NPHA,1074,0,1237,9,4759,True,9PuMeLezunQLHo2A_6NPHA
696,2012,5,401,WashingtonDC,38.89994613308876,-77.05554711048934,f6DQ5m9W_xbaK8tv8M6wrA,652,0,683,5,4760,True,f6DQ5m9W_xbaK8tv8M6wrA
170,2017,6,350,WashingtonDC,38.88982443561194,-76.99848285380942,Ji-q8xDT1YCgmoV9xXQtYg,688,0,732,3,4772,True,Ji-q8xDT1YCgmoV9xXQtYg
918,2011,9,425,WashingtonDC,38.9025453755491,-77.00854581013675,KmoK9s8xF9nfwI2kNr_TnQ,1348,0,1767,8,4781,True,KmoK9s8xF9nfwI2kNr_TnQ
1721,2009,7,481,WashingtonDC,38.91699807860412,-77.01060983685198,uASWnpOpqZcSI6vSM574LA,770,1,1768,1,4782,True,uASWnpOpqZcSI6vSM574LA
1569,2011,6,101,WashingtonDC,38.91479746235753,-77.05063453855963,pWB2nzFDZ-f34WnyG3_X0g,66,2,1708,5,4790,True,pWB2nzFDZ-f34WnyG3_X0g
1079,2014,4,579,WashingtonDC,38.9056498468835,-77.02148944588508,93E0av6WUPSMDDCivCI_Qg,966,0,1079,3,4792,True,93E0av6WUPSMDDCivCI_Qg
736,2007,11,391,WashingtonDC,38.90019040355152,-77.01151939375356,BPtn9Q7godxPq1c-VFjwKA,293,0,299,11,4796,True,BPtn9Q7godxPq1c-VFjwKA
1684,2019,7,499,WashingtonDC,38.91587896081244,-76.99954541231577,BYKo3svcFaZJ_FZOyZccgg,246,0,249,3,4801,True,BYKo3svcFaZJ_FZOyZccgg
942,2007,8,274,WashingtonDC,38.90375333120553,-77.03847115495229,LTU6vWDBT7wrXkQQe87N1g,607,3,1770,1,4811,True,LTU6vWDBT7wrXkQQe87N1g
39,2009,7,285,WashingtonDC,38.88785739720937,-77.0175725843654,4-3Nz0u28ulR4IhsxLDg9Q,591,2,1771,1,4813,True,4-3Nz0u28ulR4IhsxLDg9Q
94,2018,7,409,WashingtonDC,38.88877167169572,-77.02057262574206,6oghBFNCGvgbMnGjbMZABA,67,0,67,10,4814,True,6oghBFNCGvgbMnGjbMZABA
1920,2015,9,383,WashingtonDC,38.92073699365794,-77.0498659145971,9XBBiLnMahgj0I4VmvGtGQ,364,1,1772,2,4822,True,9XBBiLnMahgj0I4VmvGtGQ
1691,2014,6,460,WashingtonDC,38.91725512960221,-77.04880311201411,yFXJ7nuh8UFDrgvXq3o5-A,798,0,864,7,4824,True,yFXJ7nuh8UFDrgvXq3o5-A
1415,2019,7,293,WashingtonDC,38.91187144190514,-77.03156263426199,wYGOvR7jkSAovLBKndypjg,844,0,924,8,4838,True,wYGOvR7jkSAovLBKndypjg
1953,2019,7,618,WashingtonDC,38.92053295082292,-77.01649576742838,IMgWSpldEod24knyaIiLEQ,1095,1,1365,5,4842,True,IMgWSpldEod24knyaIiLEQ
1416,2011,6,231,WashingtonDC,38.91182950507984,-77.029601979588,1zpmnrKdndIqiU5UpJWOlw,352,1,1087,3,4849,True,1zpmnrKdndIqiU5UpJWOlw
1921,2009,7,377,WashingtonDC,38.92055968730212,-77.0438708755152,ik8QwvU0VTKYAj-w2EGdVg,255,1,1774,1,4850,True,ik8QwvU0VTKYAj-w2EGdVg
1733,2019,7,705,WashingtonDC,38.91674503407626,-77.00654819879651,NST9MQT8o4KAGm0TX_v1dA,404,1,1775,4,4851,True,NST9MQT8o4KAGm0TX_v1dA
1595,2017,6,269,WashingtonDC,38.9147975984448,-77.02654111532614,G5oA3eZOxEcQkTtur19AZQ,468,0,479,11,4852,True,G5oA3eZOxEcQkTtur19AZQ
951,2018,10,181,WashingtonDC,38.90371245832564,-77.02956047247774,fWNnNskeb4HnlzPT65s9hg,928,2,1776,1,4856,True,fWNnNskeb4HnlzPT65s9hg
511,2007,9,421,WashingtonDC,38.89588821787257,-77.00553591055451,pW1Ml04g_nUHR_6RKKQamQ,577,0,599,13,4866,True,pW1Ml04g_nUHR_6RKKQamQ
44,2011,3,303,WashingtonDC,38.88758015593516,-77.0115364955005,98_FPmGdVG-dw8AhvFSCSw,1137,0,1330,10,4871,True,98_FPmGdVG-dw8AhvFSCSw
1570,2011,6,95,WashingtonDC,38.91483008523175,-77.04752126128786,2uvMis1f0Gw4hQCKQn1DNw,1347,1,1777,2,4874,True,2uvMis1f0Gw4hQCKQn1DNw
420,2016,10,419,WashingtonDC,38.89540537014951,-77.04252788573042,ixxtVvjwEtVhof2xVXl6yQ,334,0,341,8,4877,True,ixxtVvjwEtVhof2xVXl6yQ
1536,2007,9,385,WashingtonDC,38.91410045610019,-77.02557782998386,iucZoJSDlF7-IhD68j685Q,452,1,1778,2,4879,True,iucZoJSDlF7-IhD68j685Q
1682,2011,8,618,WashingtonDC,38.91702805345913,-77.05355025406735,Ux26BoOZIsfttVOdHYj_rw,822,1,1779,3,4880,True,Ux26BoOZIsfttVOdHYj_rw
413,2011,4,283,WashingtonDC,38.89469592303669,-77.05333563391352,hUWLd6dhYmYAFE8PMfw39Q,951,0,1057,6,4885,True,hUWLd6dhYmYAFE8PMfw39Q
650,2011,6,247,WashingtonDC,38.8988349830876,-77.04168200198747,BnTyiztdUS2aVJzWiVFvVw,959,0,1069,9,4889,True,BnTyiztdUS2aVJzWiVFvVw
985,2008,7,283,WashingtonDC,38.90374255192523,-76.99952233764603,zSZVO8j1NwgBVtXzSevSHg,977,2,1780,1,4894,True,zSZVO8j1NwgBVtXzSevSHg
450,2008,6,393,WashingtonDC,38.89481198157708,-77.01057130767764,Ne4MUpP0Nx2aiAGtqY584w,179,0,180,5,4902,True,Ne4MUpP0Nx2aiAGtqY584w
345,2018,8,224,WashingtonDC,38.89272082271452,-76.99846947767074,mcwHsWyt_1FKoMYZf5709A,1319,1,1781,1,4910,True,mcwHsWyt_1FKoMYZf5709A
1353,2014,8,233,WashingtonDC,38.91082838189685,-77.04164106410195,eGHuyz_xSzRa2d-x7_h95w,692,0,736,6,4915,True,eGHuyz_xSzRa2d-x7_h95w
877,2018,9,413,WashingtonDC,38.90263377856302,-77.04755838768214,T0N2LPVzKJqYxGK2e3MeSw,457,0,467,9,4920,True,T0N2LPVzKJqYxGK2e3MeSw
1275,2019,7,467,WashingtonDC,38.90878782546531,-76.99935856359976,hZB14MBXDxUF695Uh9QO7g,1346,0,1761,8,4921,True,hZB14MBXDxUF695Uh9QO7g
226,2007,11,195,WashingtonDC,38.89080078438319,-77.00355621628987,_2RNnJxHOPRMCHa122Az8Q,1079,0,1247,9,4927,True,_2RNnJxHOPRMCHa122Az8Q
1431,2009,7,471,WashingtonDC,38.91186818051509,-77.01760508070012,cw4zvfCK7hYvAA94t7gFtQ,445,2,1784,2,4934,True,cw4zvfCK7hYvAA94t7gFtQ
893,2016,10,554,WashingtonDC,38.90263526765634,-77.03151097357798,I0jwT7B3zcqKOUimgYUCjw,1328,0,1678,4,4938,True,I0jwT7B3zcqKOUimgYUCjw
520,2017,6,646,WashingtonDC,38.8957843112745,-77.00354303441719,pIgXSG7XQJnxpyyZyKi1qA,1017,0,1153,3,4939,True,pIgXSG7XQJnxpyyZyKi1qA
1571,2011,8,306,WashingtonDC,38.91484210295042,-77.04953288422287,BFwIw7yoDRt8TNZY9O7rOg,758,1,1785,1,4940,True,BFwIw7yoDRt8TNZY9O7rOg
740,2019,7,275,WashingtonDC,38.89976530814614,-77.01269419129382,2tNLHkkM7Gh3MiTeaauZaA,365,0,375,11,4958,True,2tNLHkkM7Gh3MiTeaauZaA
1961,2011,7,232,WashingtonDC,38.9208175476848,-77.00350146361012,1BdOQR3LuTRLLXa1QrXwQA,1251,1,1786,2,4959,True,1BdOQR3LuTRLLXa1QrXwQA
533,2014,4,346,WashingtonDC,38.89675949111229,-77.04348581015704,o-t7M72IFv0YfjdEdL6uaw,946,0,1052,9,4962,True,o-t7M72IFv0YfjdEdL6uaw
1440,2009,7,383,WashingtonDC,38.91184731135259,-77.00860910053008,_Kc8ptUIEPvuNzQcEph0GQ,1219,0,1458,5,4977,True,_Kc8ptUIEPvuNzQcEph0GQ
1437,2017,6,492,WashingtonDC,38.91186070322647,-77.00939345012901,0BzOhsVVrB3vbs-T2nddJA,447,0,457,4,4984,True,0BzOhsVVrB3vbs-T2nddJA
636,2007,11,375,WashingtonDC,38.89773845130059,-76.99950785514899,eSg65j_PDeits1vxS2vIww,1178,1,1569,3,4993,True,eSg65j_PDeits1vxS2vIww
103,2019,6,380,WashingtonDC,38.88880384232137,-77.00590863843166,GbVOc8eFInG6kzC4hVUozg,670,0,705,9,4996,True,GbVOc8eFInG6kzC4hVUozg
1240,2017,7,131,WashingtonDC,38.90869557151806,-77.03756271163256,3hGwMJNgVzV4FJ3XuhJVxQ,462,1,1788,2,5002,True,3hGwMJNgVzV4FJ3XuhJVxQ
1815,2019,7,88,WashingtonDC,38.91877346859091,-77.03652832449718,vpWsy4gKgv4vLGI_GcTMNg,1104,0,1284,12,5003,True,vpWsy4gKgv4vLGI_GcTMNg
1817,2011,6,181,WashingtonDC,38.91896385286375,-77.039177199277,5IC0hkS3GDflTs-2BgY0JA,482,1,1789,1,5011,True,5IC0hkS3GDflTs-2BgY0JA
1748,2014,6,584,WashingtonDC,38.91781700263824,-77.04558023180172,TM75oVBF0IkH9J05mV9w6w,385,1,1790,1,5016,True,TM75oVBF0IkH9J05mV9w6w
1779,2009,7,257,WashingtonDC,38.91781837760931,-77.01766229638348,58QtHe8mWKWer5FruroSTg,380,2,847,6,5026,True,58QtHe8mWKWer5FruroSTg
1037,2009,7,678,WashingtonDC,38.90484534782847,-77.0059098222396,QVVeNubMQsmIhQzvg_ks-A,1115,1,1791,5,5031,True,QVVeNubMQsmIhQzvg_ks-A
873,2014,4,486,WashingtonDC,38.90264219572636,-77.05357966983794,GCGFpMe5mjB-C7Q2PtNbjg,698,0,742,5,5032,True,GCGFpMe5mjB-C7Q2PtNbjg
792,2014,4,541,WashingtonDC,38.90078678288084,-77.01521914625988,jo5q_9Ax7JR_VLCmGAjOcw,619,0,647,7,5035,True,jo5q_9Ax7JR_VLCmGAjOcw
162,2007,8,486,WashingtonDC,38.88982606564058,-77.00561316306477,6wYt8TVQAAbOUeKSLQQIxw,424,0,434,4,5037,True,6wYt8TVQAAbOUeKSLQQIxw
832,2017,6,431,WashingtonDC,38.9013669841762,-77.03553750227483,SSEZZmaA7okr0p3q1U-y6w,228,0,231,12,5064,True,SSEZZmaA7okr0p3q1U-y6w
819,2016,10,330,WashingtonDC,38.9018662152741,-77.05069560406348,EapJskWdPC1mJyScVNUmuw,242,0,245,6,5065,True,EapJskWdPC1mJyScVNUmuw
1471,2016,11,336,WashingtonDC,38.91260271683559,-77.03755077483375,KcLI1TYkDMxgMYaJNiP80w,1037,0,1183,9,5068,True,KcLI1TYkDMxgMYaJNiP80w
1530,2011,6,272,WashingtonDC,38.91409939076545,-77.03557705502682,22fO3XPQ3YhpeouTT4nUjA,1329,0,1679,6,5087,True,22fO3XPQ3YhpeouTT4nUjA
1737,2009,7,420,WashingtonDC,38.91699869887078,-77.0016295359634,-Kr-V-FBdl-G12ad8WjzkA,523,0,543,4,5089,True,-Kr-V-FBdl-G12ad8WjzkA
1679,2017,6,138,WashingtonDC,38.91555343377268,-77.00163849301453,tuBdO_3CrEBiajuh18t25w,1343,1,1795,2,5110,True,tuBdO_3CrEBiajuh18t25w
1538,2009,7,291,WashingtonDC,38.91408365318743,-77.02656362878594,3y9Kj81aD1wPJvLOHyaRWQ,28,0,28,3,5116,True,3y9Kj81aD1wPJvLOHyaRWQ
1032,2018,8,341,WashingtonDC,38.90468710268777,-77.00759831476324,cdKiS6Vg6qPIyZW2LaFTEw,22,1,1797,1,5118,True,cdKiS6Vg6qPIyZW2LaFTEw
1523,2018,7,326,WashingtonDC,38.91408912048117,-77.04066382272103,ZOpkP8eQ7o6LOuCecJV0kg,714,1,1798,3,5120,True,ZOpkP8eQ7o6LOuCecJV0kg
471,2011,6,542,WashingtonDC,38.89575454651415,-77.04760767941566,IuZms1AEwn460GHygf72CQ,1166,0,1378,4,5125,True,IuZms1AEwn460GHygf72CQ
1136,2018,10,202,WashingtonDC,38.90676188932125,-77.01987880696367,LzpK29zNIaTAMlCVGF2jbg,1116,1,1799,2,5127,True,LzpK29zNIaTAMlCVGF2jbg
855,2016,10,312,WashingtonDC,38.9018413462128,-77.01215992355515,Lf_BHcYvPOpsQXSdIKuE_g,839,1,1246,5,5128,True,Lf_BHcYvPOpsQXSdIKuE_g
1153,2018,7,511,WashingtonDC,38.90645039026965,-77.0066423472912,y_keI-MQa4lDIogCwHBEPA,829,0,907,4,5129,True,y_keI-MQa4lDIogCwHBEPA
1306,2017,7,617,WashingtonDC,38.90965040983131,-77.02859441895093,iCQy3C8hMvoTkAm8L5qtEg,627,1,1801,1,5133,True,iCQy3C8hMvoTkAm8L5qtEg
1194,2009,7,434,WashingtonDC,38.9078370422825,-77.02189177232663,lzg5cBc1wxPEI0sEsxCGTw,18,0,18,8,5137,True,lzg5cBc1wxPEI0sEsxCGTw
774,2016,11,390,WashingtonDC,38.90086009344057,-77.03943366941401,7dlayxwhJDR1Pt5_24ZE5Q,1013,1,1802,1,5152,True,7dlayxwhJDR1Pt5_24ZE5Q
1094,2011,8,203,WashingtonDC,38.90563456971115,-77.01052488307687,qbnIUWJTe12nP9yNpnxMTQ,948,0,1054,9,5156,True,qbnIUWJTe12nP9yNpnxMTQ
428,2017,7,486,WashingtonDC,38.89483651476233,-77.03195803285506,75ZqQXmXp50dvv3imsQQjA,134,1,1803,1,5157,True,75ZqQXmXp50dvv3imsQQjA
1035,2008,6,336,WashingtonDC,38.9056794863717,-77.00462159875812,mgI7khuYiD_A63sptlUWsQ,149,1,1804,1,5162,True,mgI7khuYiD_A63sptlUWsQ
109,2012,5,510,WashingtonDC,38.888802913318,-77.00349801237394,JNdcA3BTq7GPc-cEsNSruQ,1262,0,1528,5,5164,True,JNdcA3BTq7GPc-cEsNSruQ
1671,2017,7,209,WashingtonDC,38.91583778065917,-77.0076097209202,5Wn9EsNSusT_gzcE6dD-Zw,477,1,1769,3,5166,True,5Wn9EsNSusT_gzcE6dD-Zw
229,2014,5,427,WashingtonDC,38.89075434656178,-76.99952138529291,oe3TWdDM5m1zSEIX4IDE7Q,464,1,520,3,5180,True,oe3TWdDM5m1zSEIX4IDE7Q
1514,2018,7,423,WashingtonDC,38.91408946844856,-77.04959973463383,Gf3rHgCuBfYmGyLujKSayA,351,1,1805,5,5182,True,Gf3rHgCuBfYmGyLujKSayA
1765,2019,7,463,WashingtonDC,38.91780984471551,-77.03190057657226,XyA91UjOeOjL8BPdYC6E5g,1308,0,1625,6,5184,True,XyA91UjOeOjL8BPdYC6E5g
1574,2018,10,174,WashingtonDC,38.91484576874218,-77.05259458911506,HJ0wxqkVvGgySkwEEGsREQ,630,2,1806,1,5197,True,HJ0wxqkVvGgySkwEEGsREQ
1728,2018,7,118,WashingtonDC,38.91674799617731,-77.00350496819604,6eUvC1ilerEeYlqcA7m-LQ,674,0,711,5,5200,True,6eUvC1ilerEeYlqcA7m-LQ
1314,2016,10,391,WashingtonDC,38.90964797582014,-77.0175873992231,PqSTz5sCh7mvBtTDxd2Zew,893,1,1409,8,5220,True,PqSTz5sCh7mvBtTDxd2Zew
281,2007,12,156,WashingtonDC,38.89202519763376,-77.00260654948684,cNY0URBn1474uJv1JRltOg,287,0,292,9,5227,True,cNY0URBn1474uJv1JRltOg
1817,2009,7,354,WashingtonDC,38.91894504518535,-77.03916777325747,20sb7xYC1pSr-DZgq6yJwQ,482,0,496,5,5234,True,20sb7xYC1pSr-DZgq6yJwQ
1364,2018,9,372,WashingtonDC,38.91095846890563,-77.02564583495779,ipwZDoY59becT6XQecYlLg,20,0,20,5,5245,True,ipwZDoY59becT6XQecYlLg
1814,2018,10,282,WashingtonDC,38.91880774118268,-77.03748578371186,XBNFVEo6AyXy9J5z3Dc3sg,1353,0,1808,4,5253,True,XBNFVEo6AyXy9J5z3Dc3sg
111,2016,10,451,WashingtonDC,38.88879641582704,-77.00058198689784,X-69coDN0kp_El4E87zboA,16,0,16,13,5254,True,X-69coDN0kp_El4E87zboA
98,2011,6,247,WashingtonDC,38.88879102545307,-77.0185566042623,0qD4iDccVmY3gi3SozGfvA,47,0,47,10,5256,True,0qD4iDccVmY3gi3SozGfvA
582,2007,8,517,WashingtonDC,38.8978022394984,-77.05330881178364,XiSJF909x1OuimbAFgx6yg,1218,1,1811,2,5267,True,XiSJF909x1OuimbAFgx6yg
771,2009,7,272,WashingtonDC,38.9005391254595,-77.03491278158675,Gf0YWa1tIa8_Hl_BUONlAg,205,1,1812,3,5269,True,Gf0YWa1tIa8_Hl_BUONlAg
1071,2007,8,320,WashingtonDC,38.90579528161653,-77.02959687323796,P6sYMzStzaQx5ZbNQZJ8kA,1128,1,1460,4,5277,True,P6sYMzStzaQx5ZbNQZJ8kA
393,2011,4,395,WashingtonDC,38.89370800969079,-77.01356300019238,IQsElY3gEp_gPYMK1XT8LQ,292,0,298,4,5284,True,IQsElY3gEp_gPYMK1XT8LQ
396,2019,6,224,WashingtonDC,38.89477812693648,-77.00757745441075,1wT7aLEBv3JPnLBxQgYz3g,795,1,1749,5,5285,True,1wT7aLEBv3JPnLBxQgYz3g
1063,2016,10,305,WashingtonDC,38.90564603547054,-77.033537728531,JYAhwKZe8vgsixDT579Uhg,1320,0,1654,9,5292,True,JYAhwKZe8vgsixDT579Uhg
979,2011,8,357,WashingtonDC,38.90371587056651,-77.00451851823583,KCxlSM4AwwwOjOR_Ohxv6Q,362,1,521,4,5293,True,KCxlSM4AwwwOjOR_Ohxv6Q
227,2019,6,180,WashingtonDC,38.89143412851357,-77.00492258636773,Utf1l4ZFwrpteI3mkyzL5A,665,1,1186,5,5300,True,Utf1l4ZFwrpteI3mkyzL5A
598,2018,10,102,WashingtonDC,38.89734619255578,-77.04060787933504,Cqechh5ZqVXhlL6A6Bc8iw,138,0,139,11,5301,True,Cqechh5ZqVXhlL6A6Bc8iw
1007,2014,4,316,WashingtonDC,38.90488413242766,-77.0384632103604,4Bwf3THRy-foRRbbK0rpAw,745,1,1813,1,5305,True,4Bwf3THRy-foRRbbK0rpAw
1169,2018,10,384,WashingtonDC,38.90790174753043,-77.04453769661392,7L5O2n0IeBJPaLi4DcN-SQ,528,0,548,9,5314,True,7L5O2n0IeBJPaLi4DcN-SQ
1932,2009,7,159,WashingtonDC,38.92085745967002,-77.03757519964873,ssP9qIfADpenh8pUP1xvZw,502,0,518,7,5321,True,ssP9qIfADpenh8pUP1xvZw
1910,2007,9,286,WashingtonDC,38.91982427905334,-76.99949747378794,MHpeYl9VN27Wdcxm_Mb6eg,425,2,1747,6,5325,True,MHpeYl9VN27Wdcxm_Mb6eg
283,2016,10,175,WashingtonDC,38.89200554150934,-77.00664869141907,jtGqpnZhcuzLJkK4HE3nBA,102,1,1814,2,5326,True,jtGqpnZhcuzLJkK4HE3nBA
897,2018,10,585,WashingtonDC,38.90253890319209,-77.02654956120855,khlr4ucs9whj2Qr3ztWLrg,894,0,986,4,5334,True,khlr4ucs9whj2Qr3ztWLrg
1661,2012,5,369,WashingtonDC,38.91589716525032,-77.0146367848095,DDkB8gyoyWb5dQKAzWGf9w,1247,1,1766,3,5335,True,DDkB8gyoyWb5dQKAzWGf9w
1931,2014,4,274,WashingtonDC,38.92082057824818,-77.0397818376073,lcLO6vtpan_yBX94IiA4ZQ,1261,1,1816,2,5336,True,lcLO6vtpan_yBX94IiA4ZQ
469,2014,4,318,WashingtonDC,38.8958437808682,-77.04558442949659,ZYVABeXqQajbhfhNbsKspQ,1239,0,1495,4,5345,True,ZYVABeXqQajbhfhNbsKspQ
1588,2019,7,80,WashingtonDC,38.91478329473878,-77.02963856756098,_UfECyURyiZsdbBHE017-g,1355,0,1818,6,5353,True,_UfECyURyiZsdbBHE017-g
1651,2017,6,578,WashingtonDC,38.91557405908885,-77.0285364751667,ga68YAhX7nfNNjMl9udZaA,139,1,1819,1,5356,True,ga68YAhX7nfNNjMl9udZaA
1044,2016,10,443,WashingtonDC,38.90564232002279,-77.05469348424225,oLn9qm6Gdbubs-9FlavL0g,621,1,1820,1,5366,True,oLn9qm6Gdbubs-9FlavL0g
895,2018,10,319,WashingtonDC,38.90250529483973,-77.0276124109023,VQ_AkcP-pmScVpYBZ8N_wQ,127,0,128,7,5367,True,VQ_AkcP-pmScVpYBZ8N_wQ
735,2009,7,399,WashingtonDC,38.89984532092519,-77.01365881838028,ZXyo9c42ucY6CjSFiSEGcw,270,0,274,8,5370,True,ZXyo9c42ucY6CjSFiSEGcw
1297,2009,7,339,WashingtonDC,38.90962291074688,-77.03564557820025,kQCVnPVh_JZpCUnKRtO17w,1230,1,1698,7,5381,True,kQCVnPVh_JZpCUnKRtO17w
619,2018,10,295,WashingtonDC,38.897732867915,-77.01986344604673,WnEr46BU1XtAc7drHddrYg,1147,0,1347,9,5384,True,WnEr46BU1XtAc7drHddrYg
937,2014,4,256,WashingtonDC,38.903757285659,-77.04459853116927,dNuXkim3tThvmn89kxp7qQ,712,0,757,7,5402,True,dNuXkim3tThvmn89kxp7qQ
323,2014,4,318,WashingtonDC,38.89274848362788,-77.01952964906016,ge-DCwoEwDp5HBn9Otkn_w,81,0,82,7,5406,True,ge-DCwoEwDp5HBn9Otkn_w
1490,2017,6,292,WashingtonDC,38.91260100303561,-77.01558027255771,nA9HooMrr3ICRee0dSS1sQ,291,0,297,7,5408,True,nA9HooMrr3ICRee0dSS1sQ
1075,2011,6,331,WashingtonDC,38.90564532283721,-77.02061211617561,ytQGwTi43Gvswru9rdbFrg,429,0,439,8,5410,True,ytQGwTi43Gvswru9rdbFrg
1331,2011,6,618,WashingtonDC,38.90988283426472,-77.00166997577908,dVCKxpaBRffVeqZDeYqPNA,104,1,1823,2,5420,True,dVCKxpaBRffVeqZDeYqPNA
1187,2017,6,506,WashingtonDC,38.90785110700038,-77.02809177917239,tB6Fwdg3gkUN4J_HgAVt-A,1004,0,1131,10,5423,True,tB6Fwdg3gkUN4J_HgAVt-A
1941,2017,6,624,WashingtonDC,38.92074060061229,-77.02761132450736,JMzZmUutF91Uw_d2oVGqtw,1012,0,1145,10,5424,True,JMzZmUutF91Uw_d2oVGqtw
222,2017,6,373,WashingtonDC,38.89077918322952,-77.00587862574179,NVk0yCOKhocz0b9ubDOUwg,593,0,618,11,5437,True,NVk0yCOKhocz0b9ubDOUwg
1792,2018,7,167,WashingtonDC,38.91782106435024,-77.00350720312674,0-3S2fLQhyQLXZ5il0GgNA,470,0,481,7,5442,True,0-3S2fLQhyQLXZ5il0GgNA
1808,2007,9,429,WashingtonDC,38.91873553585984,-77.04355978604087,0u3fUGSE08863U33xUQq3g,461,1,1822,4,5443,True,0u3fUGSE08863U33xUQq3g
879,2018,7,530,WashingtonDC,38.90280413876294,-77.04665818224619,5b0UtWI82_DIQwcdEcdb3g,988,0,1112,9,5458,True,5b0UtWI82_DIQwcdEcdb3g
585,2014,4,257,WashingtonDC,38.89776947817311,-77.048847833428,FUWoKUfE9jKaZHsREZGdvg,1332,0,1692,7,5459,True,FUWoKUfE9jKaZHsREZGdvg
1855,2007,10,335,WashingtonDC,38.91937757913769,-76.99895884173712,iLylgHW0vrHb8geUY0qD_A,1186,1,1825,2,5473,True,iLylgHW0vrHb8geUY0qD_A
618,2008,6,82,WashingtonDC,38.89783607553391,-77.01519477826055,KYLp6DwGVJFD5oK3moOb5A,1277,1,1826,1,5475,True,KYLp6DwGVJFD5oK3moOb5A
1861,2019,6,465,WashingtonDC,38.92017038926048,-77.04953551246585,b7eBovhXAH42b_COPnOrvw,164,1,1827,4,5476,True,b7eBovhXAH42b_COPnOrvw
546,2018,7,595,WashingtonDC,38.897392525924,-77.03054169932645,5AAyExsCVQYeuDwJ0Cd2VA,895,0,987,4,5481,True,5AAyExsCVQYeuDwJ0Cd2VA
1443,2011,10,589,WashingtonDC,38.91179139956201,-77.00654369189678,0EL_7kCz3uuJ6zzuYRUszg,1169,1,1829,5,5486,True,0EL_7kCz3uuJ6zzuYRUszg
1625,2007,9,157,WashingtonDC,38.91556817799065,-77.05451227034861,qulMf7IcAsa8rTmThM1sVg,65,1,202,6,5487,True,qulMf7IcAsa8rTmThM1sVg
1383,2009,7,315,WashingtonDC,38.91056063518029,-77.00450852437262,LQKHuHv9rCIdn00TCL93jA,428,1,1830,1,5489,True,LQKHuHv9rCIdn00TCL93jA
1327,2018,7,253,WashingtonDC,38.90962194816573,-77.00855204671481,HF9Lj-fshyhJIlCcWyEgQQ,709,1,1135,4,5497,True,HF9Lj-fshyhJIlCcWyEgQQ
951,2011,9,197,WashingtonDC,38.90369663261232,-77.02958445977082,eJvmvye551VveHiydYMZ0A,928,3,1831,1,5508,True,eJvmvye551VveHiydYMZ0A
847,2014,4,545,WashingtonDC,38.90177710977487,-77.0270193819519,lS-DgGIQm4rJ09SEFffxlg,459,1,1832,1,5511,True,lS-DgGIQm4rJ09SEFffxlg
1110,2018,7,303,WashingtonDC,38.90680241246422,-77.04487481324911,SLqApr4trnmiK4yPgL71qA,91,0,92,11,5512,True,SLqApr4trnmiK4yPgL71qA
662,2011,8,261,WashingtonDC,38.89882945112676,-77.03189092825166,E25MGXfe_0yU6pF7E3AEOQ,964,0,1076,9,5517,True,E25MGXfe_0yU6pF7E3AEOQ
1160,2009,7,572,WashingtonDC,38.90680310987668,-76.99955918350855,jZkAcb6JTem2CTBht9MJqA,1061,0,1215,8,5524,True,jZkAcb6JTem2CTBht9MJqA
1742,2011,6,584,WashingtonDC,38.91797642895785,-77.05360133483669,suNj-BSq515xonizTmBc9A,1314,0,1638,4,5529,True,suNj-BSq515xonizTmBc9A
443,2018,7,489,WashingtonDC,38.89482498881899,-77.01662813291853,YU23JeOgxEzHa3z-oC7m9w,1063,1,1834,4,5531,True,YU23JeOgxEzHa3z-oC7m9w
1511,2012,5,501,WashingtonDC,38.91382575614539,-77.05458055575104,qvd0derfcgi2ng2cfpTgBg,1257,0,1521,9,5535,True,qvd0derfcgi2ng2cfpTgBg
219,2009,7,376,WashingtonDC,38.89092262706044,-77.01350770870879,ZzBymdyAmD34N8Qbig5ahw,1268,0,1543,5,5548,True,ZzBymdyAmD34N8Qbig5ahw
1498,2014,7,522,WashingtonDC,38.91281742008901,-77.00847732844953,YEb88yEMLMhFs04Nv-HbKw,827,0,903,4,5554,True,YEb88yEMLMhFs04Nv-HbKw
1494,2011,8,407,WashingtonDC,38.91261215907519,-77.01259656717079,Jdm-4P6-A1V-uNXqseVSog,1152,1,1446,6,5557,True,Jdm-4P6-A1V-uNXqseVSog
1697,2009,7,158,WashingtonDC,38.91698624452705,-77.04262442950242,mqf4wNGdUZI-0G6c0S7i7A,735,0,787,6,5566,True,mqf4wNGdUZI-0G6c0S7i7A
794,2014,4,268,WashingtonDC,38.90063253899493,-77.01765143611904,WL9NrcYVG9LMnzngy4wifw,1217,0,1454,5,5573,True,WL9NrcYVG9LMnzngy4wifw
957,2018,10,157,WashingtonDC,38.90415773811853,-77.02464194979858,VWgrvoKKDVO6UQEml3y0eQ,15,1,1835,1,5574,True,VWgrvoKKDVO6UQEml3y0eQ
1582,2011,6,582,WashingtonDC,38.91483167320197,-77.03958915783183,rXQDkIQH3lVKuPgP_9JnEA,1073,0,1234,7,5578,True,rXQDkIQH3lVKuPgP_9JnEA
1299,2018,10,116,WashingtonDC,38.90963565016808,-77.03352142145361,iyKe88keGuaNHYQHDipbtQ,1181,1,1733,6,5585,True,iyKe88keGuaNHYQHDipbtQ
436,2016,10,362,WashingtonDC,38.89481064762224,-77.02254574557534,fAMGAmDqId4J5Z6eu8QK7g,1066,1,1435,8,5586,True,fAMGAmDqId4J5Z6eu8QK7g
1917,2016,11,550,WashingtonDC,38.92092521036066,-77.05469459045723,bnAXxfjhAcnBqEfNaiVdPg,1356,0,1836,1,5589,True,bnAXxfjhAcnBqEfNaiVdPg
1831,2018,8,456,WashingtonDC,38.91876852092756,-77.02294351782987,DLNq0ztODfinfUx1VK7BEw,1357,0,1837,1,5604,True,DLNq0ztODfinfUx1VK7BEw
971,2017,7,284,WashingtonDC,38.90372962316169,-77.01361916645907,IV_PUM5Mjp6r-5m26om3lA,1358,0,1838,3,5616,True,IV_PUM5Mjp6r-5m26om3lA
678,2011,6,136,WashingtonDC,38.89886045292932,-77.01895460714782,e6oxIBuqnKRXMKU-3MXplA,473,1,1839,2,5623,True,e6oxIBuqnKRXMKU-3MXplA
1577,2018,10,287,WashingtonDC,38.91483928081798,-77.04261458826767,c5HXRmWxdMJYkh2KctdKZg,1149,0,1350,7,5626,True,c5HXRmWxdMJYkh2KctdKZg
1742,2009,7,414,WashingtonDC,38.91796036982023,-77.05360812877784,tc9tsoub1yIptS13FXBOQg,1314,1,1840,2,5627,True,tc9tsoub1yIptS13FXBOQg
457,2007,11,306,WashingtonDC,38.89479465583171,-77.00152404776907,HvSA3vV3XGWXa1lT7upfkA,1171,0,1384,7,5643,True,HvSA3vV3XGWXa1lT7upfkA
927,2011,7,559,WashingtonDC,38.90253015403708,-77.00160215115486,qpG_LVgMOGn6twmHgWmDXw,230,0,233,5,5653,True,qpG_LVgMOGn6twmHgWmDXw
771,2017,7,445,WashingtonDC,38.90057560781951,-77.03493034363972,XVqRcOS8He9Zg48OeyG8KA,205,0,208,4,5655,True,XVqRcOS8He9Zg48OeyG8KA
1638,2007,8,530,WashingtonDC,38.91582824463323,-77.04162909852323,v1Lb1Uz3nSV9HgaCPaNkzA,507,1,1196,5,5657,True,v1Lb1Uz3nSV9HgaCPaNkzA
622,2017,7,328,WashingtonDC,38.89779175316325,-77.01218659811632,JXiEs3usHa_yLCm4Ak5emQ,638,0,668,5,5658,True,JXiEs3usHa_yLCm4Ak5emQ
621,2009,7,246,WashingtonDC,38.89776079998144,-77.00965818613788,hadYVowDF1OPfZPYngz91A,934,0,1035,10,5665,True,hadYVowDF1OPfZPYngz91A
168,2011,7,602,WashingtonDC,38.88982751528592,-77.00151341977232,tloV0_3BrWJnIT_NTqHrkw,633,1,1841,5,5667,True,tloV0_3BrWJnIT_NTqHrkw
1056,2019,10,592,WashingtonDC,38.90565744222231,-77.03953580650057,0I5SVn8J75sKeiSwB0Timw,1306,0,1622,12,5669,True,0I5SVn8J75sKeiSwB0Timw
54,2018,10,600,WashingtonDC,38.88762974045682,-77.00564186010914,H6pBe1cJ_GH5qaD1iu_hYQ,115,1,1842,2,5670,True,H6pBe1cJ_GH5qaD1iu_hYQ
1723,2019,7,190,WashingtonDC,38.91682623184774,-77.0165195977921,whdQSpRQXbDqj2wk_ZvA5A,1238,1,1843,3,5672,True,whdQSpRQXbDqj2wk_ZvA5A
914,2019,7,307,WashingtonDC,38.90256586053344,-77.01259341936395,BLzNq7UQirv-_Uax09FO7w,1113,1,1844,1,5673,True,BLzNq7UQirv-_Uax09FO7w
1590,2018,8,208,WashingtonDC,38.91480381684323,-77.032599767311,LAf_mwjo5-yl1LgHsmYkNA,935,2,1828,3,5683,True,LAf_mwjo5-yl1LgHsmYkNA
629,2017,7,373,WashingtonDC,38.89781876833532,-77.00756511112851,PU0eeItiFHcN_kjTsBC1Cw,975,0,1095,7,5685,True,PU0eeItiFHcN_kjTsBC1Cw
520,2019,7,475,WashingtonDC,38.89578657899852,-77.00350406036735,W6arx9IUS1nip8gwbVfOXw,1017,1,1251,7,5689,True,W6arx9IUS1nip8gwbVfOXw
751,2018,7,416,WashingtonDC,38.89981029570926,-77.00057499456767,2TwC7TgJZfWKXazkTSv-5A,981,0,1103,10,5710,True,2TwC7TgJZfWKXazkTSv-5A
500,2007,8,112,WashingtonDC,38.89613086864842,-77.02052323912498,bdVAb06ufIfzNCOWESlwTQ,1303,1,1848,1,5729,True,bdVAb06ufIfzNCOWESlwTQ
1830,2019,7,309,WashingtonDC,38.91910961758683,-77.02061800067705,azDrLHB7VW0lHSqJvg-Z9g,406,0,416,9,5735,True,azDrLHB7VW0lHSqJvg-Z9g
214,2014,4,459,WashingtonDC,38.89080264988872,-77.01750996557152,rQ1R7Fa9gFW-XdJHrI21Wg,979,0,1101,8,5738,True,rQ1R7Fa9gFW-XdJHrI21Wg
1567,2019,7,279,WashingtonDC,38.91407757416934,-77.00253073601414,4okZEIhpuHxJtwczeyyvdw,1236,1,1849,1,5741,True,4okZEIhpuHxJtwczeyyvdw
1145,2009,7,301,WashingtonDC,38.90674191535204,-77.01365311296063,oKss3CoxAJkWpHB3lhpX1g,1133,0,1325,6,5745,True,oKss3CoxAJkWpHB3lhpX1g
1680,2019,7,385,WashingtonDC,38.91579458731227,-77.00059063941566,_sHrBCxjNBSb8RbXsLp62g,890,0,982,6,5748,True,_sHrBCxjNBSb8RbXsLp62g
1086,2016,10,312,WashingtonDC,38.90584010612416,-77.01356972871514,Jbc4_iu4V4_JCguN8apDeA,754,0,808,16,5756,True,Jbc4_iu4V4_JCguN8apDeA
1335,2017,6,350,WashingtonDC,38.91066222040298,-77.05146683184677,e6tZe2jUQmYXN34AFOaZWg,34,0,34,6,5757,True,e6tZe2jUQmYXN34AFOaZWg
1771,2018,10,422,WashingtonDC,38.91779073282618,-77.02360505480723,eWvwtTMzERPqxY2mtK10Hg,1311,0,1632,8,5767,True,eWvwtTMzERPqxY2mtK10Hg
807,2017,6,117,WashingtonDC,38.90081087867377,-77.00360420456117,CNA7F2ED6oPpk_zoZCA5xw,717,1,1850,1,5770,True,CNA7F2ED6oPpk_zoZCA5xw
435,2018,7,595,WashingtonDC,38.89481120876186,-77.02153714139361,Zxi7CY9XvpG_8826vJK0yA,898,0,990,5,5780,True,Zxi7CY9XvpG_8826vJK0yA
718,2009,7,65,WashingtonDC,38.89973114230747,-77.03368192497432,-dxgPQ0dHkjNpkcJjSnL5w,366,0,376,3,5787,True,-dxgPQ0dHkjNpkcJjSnL5w
308,2019,11,243,WashingtonDC,38.89278583459561,-77.03360088280591,T0BS7E_9PSCfATU2XqnDDA,635,0,665,9,5789,True,T0BS7E_9PSCfATU2XqnDDA
1954,2018,8,413,WashingtonDC,38.92073443447052,-77.01448622528781,2dd-hUoBwqUojAj19n3PGg,399,0,409,4,5791,True,2dd-hUoBwqUojAj19n3PGg
1522,2017,7,614,WashingtonDC,38.91377370649671,-77.04166338491163,FYbNDrxhW7y0DdXsnJSOvA,851,1,1852,3,5801,True,FYbNDrxhW7y0DdXsnJSOvA
1561,2016,12,415,WashingtonDC,38.91489511907779,-77.05437048703637,pJhSJLkUaE5E_VosFx2WKQ,439,1,1853,1,5803,True,pJhSJLkUaE5E_VosFx2WKQ
428,2015,7,668,WashingtonDC,38.89483497450765,-77.0320247603716,LruvIXtuuCqoSYb-enuKwg,134,0,135,6,5806,True,LruvIXtuuCqoSYb-enuKwg
1631,2017,7,260,WashingtonDC,38.91571448243668,-77.04875562992368,FXfy9qLaCdf36WmOMdqqyw,416,2,1854,1,5815,True,FXfy9qLaCdf36WmOMdqqyw
1084,2019,11,128,WashingtonDC,38.90564581991076,-77.01859236029163,bZlqm2W8_qX5tflYUYLtbg,1301,0,1609,9,5821,True,bZlqm2W8_qX5tflYUYLtbg
507,2017,7,152,WashingtonDC,38.89581793829162,-77.01618504647321,yCRCD0wlhu2yW3ndnvkwjw,1185,0,1401,6,5822,True,yCRCD0wlhu2yW3ndnvkwjw
1051,2007,8,411,WashingtonDC,38.905805577928,-77.0466444717061,xX5_EgjrkKOR0zMYvompSg,956,0,1064,9,5826,True,xX5_EgjrkKOR0zMYvompSg
1937,2018,10,692,WashingtonDC,38.92080321216006,-77.02971641109507,DYCCKWsv4EY7I-N5hF07tQ,1146,1,1501,7,5835,True,DYCCKWsv4EY7I-N5hF07tQ
113,2018,8,370,WashingtonDC,38.8886821489714,-77.00158549394112,ayacsf24FhqJB0FjvCaBGw,333,1,1855,2,5837,True,ayacsf24FhqJB0FjvCaBGw
1507,2011,8,386,WashingtonDC,38.91258857943782,-77.00257935362276,OEUvqqGp7eXl3UnCPaGMtw,1093,0,1268,6,5841,True,OEUvqqGp7eXl3UnCPaGMtw
1438,2011,10,307,WashingtonDC,38.91181824613574,-77.01151672315906,iWBw8RSoCoEYJskYFQtE9A,1161,0,1371,8,5843,True,iWBw8RSoCoEYJskYFQtE9A
1046,2019,8,553,WashingtonDC,38.90481171005948,-76.99846087201327,tDtfoiP7GQUz0dWMbG8oFA,422,0,432,4,5844,True,tDtfoiP7GQUz0dWMbG8oFA
559,2018,10,439,WashingtonDC,38.89679644382365,-77.0198580977953,GcyidRF35nwCt9mzBq3y-A,884,0,973,7,5846,True,GcyidRF35nwCt9mzBq3y-A
1909,2011,7,384,WashingtonDC,38.92023210136423,-77.00261684363556,z6DLKeCXXtGtqoLmPxzdLg,1123,0,1310,4,5849,True,z6DLKeCXXtGtqoLmPxzdLg
293,2017,6,449,WashingtonDC,38.89179333823045,-76.99845702686238,QD7IWdfR8WctjxBMTcJYEw,757,0,811,10,5863,True,QD7IWdfR8WctjxBMTcJYEw
26,2018,9,554,WashingtonDC,38.88777657609228,-77.0325436713175,1ksnZSDOBXfRyQLAqlXVKw,490,0,504,11,5868,True,1ksnZSDOBXfRyQLAqlXVKw
1914,2011,10,512,WashingtonDC,38.9211966768144,-77.05404723915657,sxhLtrpd8or2p3Ul0IcufA,1349,1,1793,4,5872,True,sxhLtrpd8or2p3Ul0IcufA
1663,2018,8,427,WashingtonDC,38.91589356880995,-77.01756657423482,ej-x1_wBt0BML59JZvwftw,14,0,14,4,5877,True,ej-x1_wBt0BML59JZvwftw
1800,2018,7,272,WashingtonDC,38.91785442587873,-77.00058833481441,knRivNQeTzYyH5Cd0owQyg,1364,0,1859,2,5878,True,knRivNQeTzYyH5Cd0owQyg
437,2018,10,312,WashingtonDC,38.89464913418291,-77.02596256462809,TI4ZG_OocH2zr6lDxCCTzA,1003,0,1130,6,5881,True,TI4ZG_OocH2zr6lDxCCTzA
1038,2018,8,250,WashingtonDC,38.90466273141733,-77.00657203772808,B7boypq1nj3v8CfG04ZEtg,1114,1,1860,1,5901,True,B7boypq1nj3v8CfG04ZEtg
994,2009,7,242,WashingtonDC,38.90476356171327,-77.05139288530164,oPkkslulM68POn-w2g-9dA,1226,1,1550,4,5907,True,oPkkslulM68POn-w2g-9dA
122,2019,10,176,WashingtonDC,38.89007692286815,-77.05079247321738,X4EdVKQZ7INknii74U7p2Q,800,0,867,8,5915,True,X4EdVKQZ7INknii74U7p2Q
1100,2007,11,319,WashingtonDC,38.90579246652354,-77.00057116398484,fhYPquMfkOiJT3vBP6SH5A,1264,0,1533,9,5919,True,fhYPquMfkOiJT3vBP6SH5A
1395,2018,10,285,WashingtonDC,38.91162002056946,-77.05171849502301,N-jfH5JwjUX-cIZ5YjmdLw,492,0,506,11,5922,True,N-jfH5JwjUX-cIZ5YjmdLw
1911,2019,7,341,WashingtonDC,38.92024094342906,-77.00344742786805,cD01qKfTda-bklcypTh63g,94,0,95,4,5925,True,cD01qKfTda-bklcypTh63g
1573,2018,10,465,WashingtonDC,38.91450746531061,-77.0538421110771,Y35SZDP9ABLGmfKchyHkKw,737,1,1426,4,5938,True,Y35SZDP9ABLGmfKchyHkKw
1172,2019,10,248,WashingtonDC,38.90760550462615,-77.04532939825283,eL11VHFCjV2ETOI-jZdwVw,590,0,615,7,5945,True,eL11VHFCjV2ETOI-jZdwVw
967,2009,7,287,WashingtonDC,38.90372549968873,-77.01761218089436,EK2E8sf0miJ9W2vQZCPNLg,381,1,1864,1,5958,True,EK2E8sf0miJ9W2vQZCPNLg
1498,2016,11,699,WashingtonDC,38.91284029972998,-77.00850213213396,_TWdPG5n6uNTSm9xQtIBbA,827,1,1847,5,5974,True,_TWdPG5n6uNTSm9xQtIBbA
1816,2009,7,586,WashingtonDC,38.91855195618187,-77.03842754272965,OGgr9uqbAwebZGnlNDmHCA,174,1,1867,2,5982,True,OGgr9uqbAwebZGnlNDmHCA
1004,2009,7,199,WashingtonDC,38.90477786442764,-77.03451671403434,awByVGd0YW8UUYcYL313Xw,1127,0,1315,8,5987,True,awByVGd0YW8UUYcYL313Xw
460,2016,11,359,WashingtonDC,38.89478134990955,-77.00664813255027,AuDNCo-1fzY1vNr39h4Cdw,1165,1,1866,5,6004,True,AuDNCo-1fzY1vNr39h4Cdw
1130,2007,9,495,WashingtonDC,38.90674737680281,-77.02398900673516,bSAtWwyafTcIQhp3Ija-Dg,336,0,343,10,6021,True,bSAtWwyafTcIQhp3Ija-Dg
166,2014,5,309,WashingtonDC,38.88979563884451,-77.00457604765035,Ny-VwdBRE5KqQbXRwLO5Eg,756,1,1873,1,6028,True,Ny-VwdBRE5KqQbXRwLO5Eg
845,2012,5,439,WashingtonDC,38.90208516792861,-77.02354576076698,ptLnEdVImzhV84TV5eGSRg,771,2,1874,1,6048,True,ptLnEdVImzhV84TV5eGSRg
843,2017,10,292,WashingtonDC,38.90171182260691,-77.0255189128708,swpzsbqhiqR_X1lVFj-d1g,1054,0,1207,4,6049,True,swpzsbqhiqR_X1lVFj-d1g
238,2011,7,127,WashingtonDC,38.89202377421287,-77.05043259467662,Lq_jMws8igQMK8doTiBDrA,853,0,934,9,6057,True,Lq_jMws8igQMK8doTiBDrA
1725,2011,8,289,WashingtonDC,38.91685191478886,-77.01445961629085,vePn96obZUP9eK7zQAbQCg,715,1,1877,2,6063,True,vePn96obZUP9eK7zQAbQCg
679,2016,10,570,WashingtonDC,38.89875844693999,-77.01619513439279,zOe9Q_eqjqx0I3TFrtsw5A,641,0,671,7,6073,True,zOe9Q_eqjqx0I3TFrtsw5A
1337,2018,9,274,WashingtonDC,38.9106231601579,-77.05258403600563,GO2WXkui_9xhIh8siwnfZw,586,1,1878,1,6076,True,GO2WXkui_9xhIh8siwnfZw
1014,2017,7,432,WashingtonDC,38.90459272177686,-77.02873331178287,GRXReDB096wpZ5ikihGjzQ,1365,0,1862,10,6084,True,GRXReDB096wpZ5ikihGjzQ
32,2019,6,108,WashingtonDC,38.88752405931785,-77.02557285134097,TK8S6_MzT0qHjdO2LBNJaw,377,0,387,11,6088,True,TK8S6_MzT0qHjdO2LBNJaw
1487,2016,10,284,WashingtonDC,38.91260014336852,-77.02364436213338,BvgzRQW4Tdj2zXkf5OaLWA,863,0,946,9,6090,True,BvgzRQW4Tdj2zXkf5OaLWA
479,2014,4,263,WashingtonDC,38.89586054094806,-77.04168931042582,AmFCDR0WNrJmdr7AzihiRw,1001,0,1127,9,6094,True,AmFCDR0WNrJmdr7AzihiRw
991,2018,7,410,WashingtonDC,38.90495996522023,-77.04780545397125,tWqlV9wTzgSsql-2w2OUVA,173,2,1880,2,6106,True,tWqlV9wTzgSsql-2w2OUVA
152,2019,6,237,WashingtonDC,38.88976318953772,-77.0175254935192,NW293lxjUc8HFckHUYWaaQ,69,0,69,8,6109,True,NW293lxjUc8HFckHUYWaaQ
1731,2012,5,655,WashingtonDC,38.91676338427823,-77.00737147463165,J2SqZdyKzcqb0VNy0m5f2g,1352,0,1800,4,6123,True,J2SqZdyKzcqb0VNy0m5f2g
1054,2011,9,352,WashingtonDC,38.90583600274284,-77.05139459410641,ZJbRp3iWCFAzw2stA7pHKQ,371,0,381,9,6148,True,ZJbRp3iWCFAzw2stA7pHKQ
421,2017,6,530,WashingtonDC,38.89434556833218,-77.04060616276583,DNF3Sf6kizxd2cXUXv0mVw,247,1,1881,3,6150,True,DNF3Sf6kizxd2cXUXv0mVw
1366,2011,7,137,WashingtonDC,38.91077554263582,-77.02401958447092,DfFJxwc84hWyyp_MePH6mg,897,0,989,7,6169,True,DfFJxwc84hWyyp_MePH6mg
459,2017,7,500,WashingtonDC,38.89480516510594,-77.00363515317163,7b0wFP_cyQ2sllxIxQFqfQ,720,1,1725,3,6174,True,7b0wFP_cyQ2sllxIxQFqfQ
1447,2011,10,340,WashingtonDC,38.91178053920453,-77.00459882845851,FFSP1YWRrylvfFWzotbPaA,1276,2,1883,1,6175,True,FFSP1YWRrylvfFWzotbPaA
1576,2017,6,191,WashingtonDC,38.91481615870577,-77.04659713050424,EYA3dhwwc6IcKHhWbGeqpg,180,0,181,3,6177,True,EYA3dhwwc6IcKHhWbGeqpg
1927,2007,9,342,WashingtonDC,38.92058672004556,-77.04255996433388,59cjp49sdRyrkQ5lU9oNPg,1351,1,1884,1,6178,True,59cjp49sdRyrkQ5lU9oNPg
1629,2011,8,300,WashingtonDC,38.91583675562443,-77.04656659473365,cCfyr_NuH42N9CgiEdaNqg,84,0,85,8,6180,True,cCfyr_NuH42N9CgiEdaNqg
534,2017,9,305,WashingtonDC,38.89683472080516,-77.04884699178874,TZxtF5D4B6zkJTi54UWDLQ,857,0,940,7,6182,True,TZxtF5D4B6zkJTi54UWDLQ
1253,2017,7,615,WashingtonDC,38.90857834459241,-77.02257865179357,Jep-TFS_-ibFrRL7p4o25Q,767,0,822,8,6184,True,Jep-TFS_-ibFrRL7p4o25Q
1347,2009,7,396,WashingtonDC,38.91112663045401,-77.04552168162935,i3GR1nKd8PNnId8-qb8KwA,99,0,100,8,6193,True,i3GR1nKd8PNnId8-qb8KwA
1104,2011,9,431,WashingtonDC,38.90676454289223,-77.05329028882196,J9hsgEwGih7WCPWm-CLYtA,1269,1,1657,3,6200,True,J9hsgEwGih7WCPWm-CLYtA
259,2017,7,557,WashingtonDC,38.89178842241729,-77.02819759366261,yJH9MisU-ge7BmJmjDmotg,784,0,846,4,6218,True,yJH9MisU-ge7BmJmjDmotg
1661,2019,7,164,WashingtonDC,38.91588458963612,-77.01464981433898,Qya52qFbYemUnzS6A_nyqg,1247,0,1506,6,6227,True,Qya52qFbYemUnzS6A_nyqg
461,2014,4,338,WashingtonDC,38.8958247977082,-77.0535249937176,M3zsbk-9SA9BnvYeB9Vz2w,1151,0,1358,6,6235,True,M3zsbk-9SA9BnvYeB9Vz2w
1606,2007,9,386,WashingtonDC,38.91486317588522,-77.01574031196682,SfpTBuLUYv6K2yFMcNbAZA,918,1,1885,3,6241,True,SfpTBuLUYv6K2yFMcNbAZA
1262,2017,7,237,WashingtonDC,38.90855373199518,-77.01256127608559,x0QzXQa-UUzTOt2KbPBEjw,101,1,1887,1,6244,True,x0QzXQa-UUzTOt2KbPBEjw
1876,2016,10,482,WashingtonDC,38.91972934379811,-77.03352208756974,hm3s4OAevpGpoQ70MZn1Xw,170,0,171,6,6246,True,hm3s4OAevpGpoQ70MZn1Xw
957,2018,7,328,WashingtonDC,38.90417871647817,-77.02463685151335,cEDoNRX98YLljvRPqc_BVg,15,0,15,12,6249,True,cEDoNRX98YLljvRPqc_BVg
638,2014,4,536,WashingtonDC,38.89865110358031,-77.05632181392122,AaU2oMJYg6BOmMT3IXfS8g,1065,0,1220,12,6260,True,AaU2oMJYg6BOmMT3IXfS8g
704,2011,9,500,WashingtonDC,38.89977345191932,-77.04665455355084,UUbtuBZYDY3AJ9g1caS88g,463,0,474,10,6264,True,UUbtuBZYDY3AJ9g1caS88g
252,2018,10,438,WashingtonDC,38.89217807472706,-77.03855563281812,E3vkCHrIwmnPmrH-l1TGVA,415,0,425,7,6266,True,E3vkCHrIwmnPmrH-l1TGVA
430,2019,11,136,WashingtonDC,38.89531503201919,-77.0292940146585,iTd1IBrQreDUlx7TemqLxA,345,0,353,3,6271,True,iTd1IBrQreDUlx7TemqLxA
830,2018,7,434,WashingtonDC,38.90183856162949,-77.03363587620002,WMCFPpZSooTOT1N0_gf7VA,834,0,913,9,6279,True,WMCFPpZSooTOT1N0_gf7VA
1496,2011,8,307,WashingtonDC,38.91279937848245,-77.00655463079137,nTzjVkQyAAJF3hPU9liVQw,1215,1,1890,1,6286,True,nTzjVkQyAAJF3hPU9liVQw
232,2019,6,399,WashingtonDC,38.89079513761455,-76.99844772417859,1NTYLfY5Y7nFusGLEI053g,370,0,380,10,6291,True,1NTYLfY5Y7nFusGLEI053g
1401,2007,8,79,WashingtonDC,38.9118273550144,-77.04343783505846,QzPsriGz99bg-Mim6IrtfA,1157,0,1367,4,6292,True,QzPsriGz99bg-Mim6IrtfA
669,2014,6,457,WashingtonDC,38.89879902391682,-77.02295265755333,U1YpigAv3crbGLq4dSD-6Q,1140,1,1892,2,6298,True,U1YpigAv3crbGLq4dSD-6Q
1695,2012,5,334,WashingtonDC,38.91699075913802,-77.03951360116606,CZOReZnWJK8zPkeqxMFAFQ,1033,1,1893,1,6315,True,CZOReZnWJK8zPkeqxMFAFQ
1563,2014,7,144,WashingtonDC,38.91409081064032,-77.00064954467416,sPbkz1qgIC7QeBoOnZgwTQ,656,2,1894,1,6328,True,sPbkz1qgIC7QeBoOnZgwTQ
1449,2014,5,229,WashingtonDC,38.91290330433995,-77.0544638102182,Ny9ZMhVlr9NxGdsdm7SvRQ,493,0,507,5,6332,True,Ny9ZMhVlr9NxGdsdm7SvRQ
206,2015,7,575,WashingtonDC,38.89053900484468,-77.02252803385467,uXTD5_61ZAjaf6ByClk3iw,17,0,17,10,6333,True,uXTD5_61ZAjaf6ByClk3iw
761,2018,10,299,WashingtonDC,38.90055032183371,-77.04468146968003,-L3TPdqjBMXaIdFHziXGrw,1121,0,1306,5,6336,True,-L3TPdqjBMXaIdFHziXGrw
1315,2019,7,424,WashingtonDC,38.90962872453118,-77.01155021212573,zIAEy5cWYQ0K5vL_3bbwVA,722,0,769,4,6338,True,zIAEy5cWYQ0K5vL_3bbwVA
246,2014,8,341,WashingtonDC,38.89203339181454,-77.0406328184646,jaYYa-wfBEsGjEnVKEYJQg,554,0,575,8,6344,True,jaYYa-wfBEsGjEnVKEYJQg
119,2016,11,240,WashingtonDC,38.89088744100423,-77.05408700933998,zfGlmMdUs-oc2JiEuo_AiQ,128,0,129,12,6348,True,zfGlmMdUs-oc2JiEuo_AiQ
1587,2009,7,210,WashingtonDC,38.91482935594559,-77.03658276848029,CO3UO2E_qBoQ-0NTbLhG7w,430,1,1323,6,6358,True,CO3UO2E_qBoQ-0NTbLhG7w
713,2014,6,219,WashingtonDC,38.90020849026943,-77.03863196486024,pvhw4qR1pA1CVudq1MvIXA,1092,0,1267,6,6363,True,pvhw4qR1pA1CVudq1MvIXA
1623,2016,11,383,WashingtonDC,38.91576723150951,-77.05567381430474,i38HwodPQ1-VCLbirg22YQ,887,0,977,10,6365,True,i38HwodPQ1-VCLbirg22YQ
226,2011,3,373,WashingtonDC,38.89079576750694,-77.00351793691486,_xypP2jwM1ywDlL-jlUHLA,1079,1,1896,2,6380,True,_xypP2jwM1ywDlL-jlUHLA
616,2019,7,504,WashingtonDC,38.89776672149262,-77.0161825114067,Bol94yZBObmtfMSbtNNMSQ,997,0,1121,8,6383,True,Bol94yZBObmtfMSbtNNMSQ
903,2007,9,600,WashingtonDC,38.90296940030458,-77.02360652807866,IbuEmKNfEmeW3spFiD4quQ,985,0,1109,7,6386,True,IbuEmKNfEmeW3spFiD4quQ
753,2019,8,153,WashingtonDC,38.89980915285387,-76.99951650122638,XNZqwFbEqQh68NHMgt5opw,412,0,422,3,6407,True,XNZqwFbEqQh68NHMgt5opw
1851,2009,7,417,WashingtonDC,38.91880300939635,-77.00350600867831,27DZPcLDKs-NgzaGOZX3Ag,842,0,922,9,6411,True,27DZPcLDKs-NgzaGOZX3Ag
494,2019,11,305,WashingtonDC,38.89616243608989,-77.02656777160712,sJAVvXB-mvjdslLQSOh5vA,1255,0,1519,6,6422,True,sJAVvXB-mvjdslLQSOh5vA
542,2016,10,408,WashingtonDC,38.89681946048197,-77.03188656760209,oKbFOOI-2i98oFJMNql_VA,1176,0,1389,10,6425,True,oKbFOOI-2i98oFJMNql_VA
1525,2017,7,28,WashingtonDC,38.91377852494695,-77.03848262409299,Ir4uV_Uw2LEQPDTdPnn8pA,1318,0,1650,7,6431,True,Ir4uV_Uw2LEQPDTdPnn8pA
506,2018,7,268,WashingtonDC,38.89576261883212,-77.01895316397489,PThbkI_j_0cWK0nex2IBpA,349,1,1900,3,6436,True,PThbkI_j_0cWK0nex2IBpA
1163,2017,7,380,WashingtonDC,38.90762987673132,-77.05006370887384,WRXw17NXtEyd6xA4Ti-3KA,454,0,464,8,6442,True,WRXw17NXtEyd6xA4Ti-3KA
1943,2011,9,327,WashingtonDC,38.92066429385889,-77.02854936545576,v_zRXi7MaAfqCDbGjFJB6A,786,0,849,6,6447,True,v_zRXi7MaAfqCDbGjFJB6A
1539,2019,8,511,WashingtonDC,38.91365309419215,-77.02733237614852,ddqgoLz_1DC8QTd9-wDGmQ,1056,0,1209,8,6451,True,ddqgoLz_1DC8QTd9-wDGmQ
1600,2007,9,324,WashingtonDC,38.91482677371558,-77.02460197248945,BEDsGUh47SozfKLVovZlxw,75,1,1902,1,6454,True,BEDsGUh47SozfKLVovZlxw
472,2014,7,174,WashingtonDC,38.89578794908599,-77.05053435394115,wpL1q2X31SxakV3U5nry4Q,1191,0,1412,7,6461,True,wpL1q2X31SxakV3U5nry4Q
1864,2014,4,336,WashingtonDC,38.91962294820195,-77.04458741162286,g1LxRnhn7z2fjFfT8Oqtaw,82,0,83,5,6462,True,g1LxRnhn7z2fjFfT8Oqtaw
1472,2011,7,268,WashingtonDC,38.91281038878339,-77.036543856426,loW29hLDnVzyLc-RowGIIg,239,0,242,11,6478,True,loW29hLDnVzyLc-RowGIIg
1619,2011,8,432,WashingtonDC,38.91482629240006,-77.00258258341178,YcZ37Kk5Frx919NPgLmaBQ,1094,1,1903,1,6479,True,YcZ37Kk5Frx919NPgLmaBQ
715,2018,7,288,WashingtonDC,38.90016338753819,-77.03261002358785,HqqRFis2HiygzxpxwrdwGQ,1368,0,1904,6,6484,True,HqqRFis2HiygzxpxwrdwGQ
517,2019,6,387,WashingtonDC,38.89613843364267,-77.00152960104208,XuFn00cAIKxvxKsjjIDo_w,79,0,80,7,6491,True,XuFn00cAIKxvxKsjjIDo_w
341,2016,10,496,WashingtonDC,38.89288802440549,-77.00354235954767,rbDAbVwwAqMp0Teg7qAFKg,396,1,845,5,6506,True,rbDAbVwwAqMp0Teg7qAFKg
1328,2018,4,465,WashingtonDC,38.90969935460249,-77.00247131716935,48O30kZZGaXNxsSl1btR9A,1317,0,1647,11,6516,True,48O30kZZGaXNxsSl1btR9A
795,2019,6,199,WashingtonDC,38.90089432106813,-77.01214547838958,wo2Ar6zbAFACLQjpswTzhg,1305,0,1617,3,6518,True,wo2Ar6zbAFACLQjpswTzhg
1812,2017,6,318,WashingtonDC,38.91878250140507,-77.04161559539098,dK3TSylh-nzR0r4qynsSEg,1369,0,1905,4,6522,True,dK3TSylh-nzR0r4qynsSEg
1332,2016,12,458,WashingtonDC,38.90988586085582,-76.99860616269919,aoBWGcVrLAj6PSztUr4G5A,689,0,733,9,6540,True,aoBWGcVrLAj6PSztUr4G5A
1450,2011,7,634,WashingtonDC,38.91083034515457,-76.99903117403265,FL-5M41Om3Y4PUGPEy9bJw,1296,1,1630,4,6542,True,FL-5M41Om3Y4PUGPEy9bJw
1869,2014,4,108,WashingtonDC,38.91975042546579,-77.0395820034044,qxSUKYLsITl8p1ruUYWo_A,614,0,642,4,6576,True,qxSUKYLsITl8p1ruUYWo_A
791,2016,10,338,WashingtonDC,38.90088641646388,-77.02048991642947,x9ji6DzmMtKkcGex8AiFbA,583,1,1907,2,6589,True,x9ji6DzmMtKkcGex8AiFbA
1228,2016,10,426,WashingtonDC,38.90875442157459,-77.04279256027425,mr9Ku_8eQ6VKWQe-HjD8oQ,763,0,817,4,6590,True,mr9Ku_8eQ6VKWQe-HjD8oQ
693,2007,11,477,WashingtonDC,38.89877639375414,-76.99950715830458,An1_YMx_6JbzEwhoYwsQyQ,1196,1,1868,5,6607,True,An1_YMx_6JbzEwhoYwsQyQ
1914,2009,7,683,WashingtonDC,38.92117002275725,-77.05406197581726,87FmKIMkzEscAQO7kCDcsQ,1349,0,1787,4,6609,True,87FmKIMkzEscAQO7kCDcsQ
1004,2017,9,242,WashingtonDC,38.9047512914393,-77.03449526805173,y8dkK4QeGhfmaHbQZykO1A,1127,1,1908,1,6613,True,y8dkK4QeGhfmaHbQZykO1A
1586,2014,4,369,WashingtonDC,38.91483359997333,-77.03552499283825,ljCJXP5M2ecmCcogZ1SqJg,1142,0,1341,9,6614,True,ljCJXP5M2ecmCcogZ1SqJg
741,2019,7,615,WashingtonDC,38.89988913129876,-77.00685273235086,OVNxPYG0UZTu3z75QJUIug,125,0,126,9,6628,True,OVNxPYG0UZTu3z75QJUIug
1533,2017,6,368,WashingtonDC,38.91409782453824,-77.03053084601625,EmjRhyZN-ILnmyesoX_Ppw,145,0,146,4,6630,True,EmjRhyZN-ILnmyesoX_Ppw
1633,2009,7,210,WashingtonDC,38.91574327959429,-77.05063770699965,K-Fq865r-A-E-V8WG_NDbQ,999,1,1745,3,6633,True,K-Fq865r-A-E-V8WG_NDbQ
1935,2009,7,526,WashingtonDC,38.92076855385738,-77.03182482512759,LPPGzxTf41G0OLTadH00Xg,809,1,1912,3,6634,True,LPPGzxTf41G0OLTadH00Xg
1284,2018,9,111,WashingtonDC,38.90961812344839,-77.04850004961733,Ge8J-qAU3GWyTwLlYR9EBQ,739,0,791,6,6637,True,Ge8J-qAU3GWyTwLlYR9EBQ
1138,2018,9,387,WashingtonDC,38.90675732355752,-77.02187990765677,mVvUe3LGKauSxvLZBrcZjQ,25,0,25,6,6647,True,mVvUe3LGKauSxvLZBrcZjQ
282,2019,6,377,WashingtonDC,38.89203854759126,-77.00555621915404,Ju7ZzhHB3a43M6xzGJbTfg,1000,0,1125,8,6653,True,Ju7ZzhHB3a43M6xzGJbTfg
1158,2014,5,524,WashingtonDC,38.90674896666961,-77.00056313211331,q7rCvWAvq1u5IKUHCd53sQ,672,0,708,7,6656,True,q7rCvWAvq1u5IKUHCd53sQ
690,2007,11,664,WashingtonDC,38.89885911282938,-77.00351087036378,3v_z0trSxuOzvLb8OJA4kg,1141,1,1913,2,6661,True,3v_z0trSxuOzvLb8OJA4kg
295,2011,4,378,WashingtonDC,38.89282912710146,-77.04668900597119,E3Y2HvTb36m5UQXR95tViA,880,1,1165,8,6668,True,E3Y2HvTb36m5UQXR95tViA
58,2016,12,499,WashingtonDC,38.88782542620517,-76.99845502703353,3kc7HtNeoHQ1nUJF8ZrLCg,760,0,814,12,6669,True,3kc7HtNeoHQ1nUJF8ZrLCg
684,2009,7,622,WashingtonDC,38.89892520063101,-77.00957057627497,mGkI2Ec6UwQ8fNsxhlYATQ,508,0,526,5,6680,True,mGkI2Ec6UwQ8fNsxhlYATQ
1411,2018,7,364,WashingtonDC,38.91186803351097,-77.03351148421834,Lu8ZBAWPuaoOYHPEUznN6g,1051,0,1204,8,6686,True,Lu8ZBAWPuaoOYHPEUznN6g
1119,2007,8,219,WashingtonDC,38.90680092293405,-77.04168035036592,JeUGERwxwZz1W0uq-reFtQ,448,0,458,12,6693,True,JeUGERwxwZz1W0uq-reFtQ
590,2014,4,693,WashingtonDC,38.89778398118473,-77.04173297012836,2aOzuiVitt5a1Ys27hLA3g,604,1,1914,1,6696,True,2aOzuiVitt5a1Ys27hLA3g
1909,2017,7,193,WashingtonDC,38.92022842882056,-77.00258893459996,rzGW5rgIBc4tkBYY8rty1A,1123,1,1915,2,6702,True,rzGW5rgIBc4tkBYY8rty1A
1862,2016,11,236,WashingtonDC,38.91983376541835,-77.0476093482476,8n26azp_dSWlgvmgtf2E9g,723,1,1916,2,6703,True,8n26azp_dSWlgvmgtf2E9g
1774,2019,7,535,WashingtonDC,38.91811020338276,-77.02555936067965,7n-E3gMzlMlUasjIqPxMFg,713,0,759,9,6712,True,7n-E3gMzlMlUasjIqPxMFg
1633,2007,9,397,WashingtonDC,38.91577534006056,-77.05063131197078,uGOBaeKzwQL9fXD568T3QQ,999,0,1124,4,6716,True,uGOBaeKzwQL9fXD568T3QQ
971,2019,7,469,WashingtonDC,38.90375108558794,-77.01359561429997,eztNg_CY541aqlkDFWwmGA,1358,1,1917,2,6721,True,eztNg_CY541aqlkDFWwmGA
800,2007,9,605,WashingtonDC,38.90025811181118,-77.01054060074581,wmPHQdwv9N9p1pFb_1R4fg,195,2,1348,10,6729,True,wmPHQdwv9N9p1pFb_1R4fg
498,2014,6,277,WashingtonDC,38.8957951593469,-77.02397111078969,nxxrTGMPYYdEPyELJONuuQ,350,0,358,13,6730,True,nxxrTGMPYYdEPyELJONuuQ
458,2018,10,462,WashingtonDC,38.89484531753207,-77.00254948770183,q60xyzJCm8UkyamCj0VTAA,5,0,5,9,6739,True,q60xyzJCm8UkyamCj0VTAA
4,2009,7,486,WashingtonDC,38.88772616465666,-77.05160639233175,afVXMUIgTn-wl_T7fgoIlg,119,0,120,17,6744,True,afVXMUIgTn-wl_T7fgoIlg
473,2018,9,87,WashingtonDC,38.89581605395672,-77.0495824705561,vxJaJOrbk2CLeXBKuUNM1g,1216,0,1453,5,6754,True,vxJaJOrbk2CLeXBKuUNM1g
1232,2017,6,317,WashingtonDC,38.90880635662613,-77.04163696957386,VNDQ0EeMlxC6mIQGxwLieQ,685,1,1920,4,6758,True,VNDQ0EeMlxC6mIQGxwLieQ
1550,2009,7,604,WashingtonDC,38.91387256545097,-77.01580947149512,EgrnuICkq2ZaNzIcF5TaCA,328,2,1921,2,6761,True,EgrnuICkq2ZaNzIcF5TaCA
1575,2018,8,595,WashingtonDC,38.91483814190151,-77.04157843414725,0GhT1BMgnCFsns5C88yhNA,1245,0,1504,7,6763,True,0GhT1BMgnCFsns5C88yhNA
1475,2016,10,289,WashingtonDC,38.91260519860981,-77.03054969941228,ShlPb9nU1CHJxLN9TN9Lhw,455,0,465,10,6775,True,ShlPb9nU1CHJxLN9TN9Lhw
728,2007,9,598,WashingtonDC,38.89983110118947,-77.01851084810086,EY8X-cFK7LaB8GoR794F_Q,1283,1,1922,2,6782,True,EY8X-cFK7LaB8GoR794F_Q
1202,2018,8,289,WashingtonDC,38.90791039105036,-77.00962778471191,XMJqjMGhpMMu5etpkX54iw,673,1,1923,1,6787,True,XMJqjMGhpMMu5etpkX54iw
689,2017,6,471,WashingtonDC,38.89892060319893,-77.00261296732918,30VXhVoyM5fmQfwOctHuLQ,1315,0,1645,7,6796,True,30VXhVoyM5fmQfwOctHuLQ
1394,2011,10,76,WashingtonDC,38.91242601745476,-77.0531325551468,4bka6pNg2ZV26Acqgq4Hjw,405,0,415,6,6797,True,4bka6pNg2ZV26Acqgq4Hjw
1203,2018,7,458,WashingtonDC,38.90725098210847,-77.0146442085354,8RBX0X0jBoGYzDvoTCJ0NQ,19,1,1546,3,6799,True,8RBX0X0jBoGYzDvoTCJ0NQ
953,2014,4,162,WashingtonDC,38.90380559628359,-77.03458673841948,a2Rl6DvP0yk8bC_Hun6RDg,725,1,1925,1,6804,True,a2Rl6DvP0yk8bC_Hun6RDg
1754,2014,6,599,WashingtonDC,38.91781391400696,-77.0406124397818,WRwzF1b8VObbXGmshN9ncQ,261,2,1926,1,6815,True,WRwzF1b8VObbXGmshN9ncQ
1537,2014,8,150,WashingtonDC,38.91408216112208,-77.0234654221829,ud4daV7g5Q_o98W-Qi-7tg,525,0,545,4,6818,True,ud4daV7g5Q_o98W-Qi-7tg
286,2007,11,287,WashingtonDC,38.89175520932309,-77.00057885071054,S4kvqPS0Zp7tH2YKw0V3SQ,588,0,613,12,6820,True,S4kvqPS0Zp7tH2YKw0V3SQ
1881,2019,7,354,WashingtonDC,38.91978125176614,-77.0295733065078,E9wrYet69uKH-RJ9nTUIlw,881,0,968,6,6827,True,E9wrYet69uKH-RJ9nTUIlw
1713,2011,6,281,WashingtonDC,38.917016393876,-77.02649679467049,jvgKPtMiqyzPg73XKZpjPQ,1118,1,1927,1,6831,True,jvgKPtMiqyzPg73XKZpjPQ
1081,2019,7,555,WashingtonDC,38.90565110249337,-77.01553838339007,6RyDtJxCzE_uJRPaPgU6yw,526,0,546,11,6836,True,6RyDtJxCzE_uJRPaPgU6yw
1134,2018,7,259,WashingtonDC,38.90676851795372,-77.02808930413383,JWcstg8eX7XsVtSSCtAcDw,1342,0,1743,11,6844,True,JWcstg8eX7XsVtSSCtAcDw
1030,2019,7,337,WashingtonDC,38.90469131914929,-77.01354200105658,vy67plrDyDqsVyNLGppvxQ,289,1,1928,1,6853,True,vy67plrDyDqsVyNLGppvxQ
1337,2017,9,96,WashingtonDC,38.91059254154452,-77.05257507461589,x2NKdrQz_2_TnAukOjZEOw,586,0,610,7,6855,True,x2NKdrQz_2_TnAukOjZEOw
1405,2011,6,406,WashingtonDC,38.91187575463107,-77.04253760194129,u-Jw3OJayeMvAsIBZcJftw,1202,0,1432,7,6857,True,u-Jw3OJayeMvAsIBZcJftw
1260,2018,7,464,WashingtonDC,38.9085819179401,-77.01760847584771,8m1nxWpaHhNsVJdDPU81Kw,1266,0,1537,4,6858,True,8m1nxWpaHhNsVJdDPU81Kw
361,2016,10,421,WashingtonDC,38.89374242287066,-77.039506945423,DHUuu7AWKHEU7e8gbmoumw,361,2,1162,4,6860,True,DHUuu7AWKHEU7e8gbmoumw
602,2016,10,439,WashingtonDC,38.89736698138566,-77.0325289116602,ozsBJv57kA-UmZ_kCDow1Q,651,2,1930,2,6862,True,ozsBJv57kA-UmZ_kCDow1Q
1265,2019,7,543,WashingtonDC,38.90857474860127,-77.01061679088338,s9pv6JGtYvLq4egkux67sg,109,2,1931,1,6868,True,s9pv6JGtYvLq4egkux67sg
1300,2015,7,389,WashingtonDC,38.909666736551,-77.03160845314778,Nnrx-_RCBiPoVjZ_x_8G4A,1234,2,1932,2,6869,True,Nnrx-_RCBiPoVjZ_x_8G4A
1855,2009,7,515,WashingtonDC,38.91937780018055,-76.99896477606121,AaWF6blvupA_IVm3LVmDVw,1186,0,1402,3,6873,True,AaWF6blvupA_IVm3LVmDVw
1221,2014,4,229,WashingtonDC,38.90900557232964,-77.05255962932954,jFNrOifa_sP_N7Zr7DfAsA,1340,0,1729,10,6881,True,jFNrOifa_sP_N7Zr7DfAsA
395,2018,10,586,WashingtonDC,38.89481101083076,-77.00868792696477,p-y7BLSYQFP4kahG36wDGg,1084,0,1254,5,6885,True,p-y7BLSYQFP4kahG36wDGg
1726,2017,9,158,WashingtonDC,38.91699700268839,-77.01158021896393,qJCWf82cwjSDLxiVXi1o_g,1197,0,1423,5,6900,True,qJCWf82cwjSDLxiVXi1o_g
817,2011,5,162,WashingtonDC,38.90209982039544,-77.04970028387382,cqeoW6xQsu-5ddm8ZvNQRw,232,0,235,11,6913,True,cqeoW6xQsu-5ddm8ZvNQRw
1831,2009,7,439,WashingtonDC,38.91877245416079,-77.02294819734344,ryVbh-QKDSZ-iFICjOYauQ,1357,1,1935,2,6914,True,ryVbh-QKDSZ-iFICjOYauQ
1877,2014,4,589,WashingtonDC,38.91997297281229,-77.037877141503,olCB9UPTo017NRis3jFuLg,100,0,101,7,6921,True,olCB9UPTo017NRis3jFuLg
1080,2018,7,345,WashingtonDC,38.90563001861888,-77.02362165324385,xdyRJHvHCySgcy0Q8pXIbQ,2,1,1299,6,6924,True,xdyRJHvHCySgcy0Q8pXIbQ
1794,2017,6,246,WashingtonDC,38.91776754851253,-76.99950611128324,YrC0FPwc4N90eLa8IIpp5Q,741,1,1494,4,6928,True,YrC0FPwc4N90eLa8IIpp5Q
1524,2019,11,370,WashingtonDC,38.91381198440077,-77.0395619294661,Zq3b-3mJSG_h9h2RHlkDnQ,40,0,40,4,6932,True,Zq3b-3mJSG_h9h2RHlkDnQ
561,2017,6,452,WashingtonDC,38.8968132954305,-77.01426650874006,weiiiMn8DJAfiQOZLN2gCA,129,0,130,8,6949,True,weiiiMn8DJAfiQOZLN2gCA
1642,2014,4,193,WashingtonDC,38.91576059576573,-77.03648321426425,dmN3hSmMA0498SCa4ZPfeA,1160,0,1370,8,6953,True,dmN3hSmMA0498SCa4ZPfeA
1188,2019,7,444,WashingtonDC,38.90776274810718,-77.02706822511271,ayYVvWo4FTwUozvN5p4_Gw,1170,0,1383,7,6954,True,ayYVvWo4FTwUozvN5p4_Gw
1303,2011,6,580,WashingtonDC,38.90969142692621,-77.03047869696802,WQ0P4_Y9TlMnKsaBlgDMuA,538,0,559,9,6959,True,WQ0P4_Y9TlMnKsaBlgDMuA
89,2018,7,75,WashingtonDC,38.88883944365975,-77.02459616635683,17SLaDK9YDplX82Lv-KD4w,6,0,6,10,6966,True,17SLaDK9YDplX82Lv-KD4w
1454,2015,7,549,WashingtonDC,38.91285392748285,-77.0515822783044,n07wyFck2ABYnrE76nq-CA,421,0,431,3,6969,True,n07wyFck2ABYnrE76nq-CA
1418,2012,5,483,WashingtonDC,38.91181895498644,-77.02840244964709,LbqMKwBKszp0--aWSrHNbg,60,0,60,9,6971,True,LbqMKwBKszp0--aWSrHNbg
95,2017,7,465,WashingtonDC,38.88866434014768,-77.01348461102111,BxHRHsDw487b5Hr_imLiYg,1373,0,1936,1,6983,True,BxHRHsDw487b5Hr_imLiYg
1311,2018,10,366,WashingtonDC,38.90964820928531,-77.02352596752432,Vj5vS-EdgfZkasNp1HbcgA,1336,0,1717,4,6995,True,Vj5vS-EdgfZkasNp1HbcgA
927,2017,6,392,WashingtonDC,38.90249924484662,-77.00158760227478,Tlj8MWfmXHu_BdL65N4vlg,230,1,1728,7,7015,True,Tlj8MWfmXHu_BdL65N4vlg
459,2014,5,522,WashingtonDC,38.89482462928337,-77.00361067622718,FtJRVTkT65fIQ4L7IVynjg,720,2,1937,1,7020,True,FtJRVTkT65fIQ4L7IVynjg
1045,2007,11,55,WashingtonDC,38.90478427208409,-76.99951258113055,EDaXJ3Iw8g_Zr3DL_LroNQ,426,0,436,3,7026,True,EDaXJ3Iw8g_Zr3DL_LroNQ
834,2007,8,335,WashingtonDC,38.90176346958816,-77.0385379158097,O7mv1oC0-cb6olFwDJC3qw,175,0,176,10,7051,True,O7mv1oC0-cb6olFwDJC3qw
1920,2018,10,190,WashingtonDC,38.92073177643273,-77.04990546773658,FEGrhTcAA81AkBf_NWZv8w,364,0,374,3,7054,True,FEGrhTcAA81AkBf_NWZv8w
1690,2019,6,300,WashingtonDC,38.91677591641503,-77.0466672349479,oAr4Hdm8rlAkxvTu1KbsQQ,1313,1,1924,3,7079,True,oAr4Hdm8rlAkxvTu1KbsQQ
1329,2014,8,582,WashingtonDC,38.91058468869055,-77.05559678174077,W6yL0iMA0Al8QSuzLp2Rzg,1144,1,1940,2,7087,True,W6yL0iMA0Al8QSuzLp2Rzg
929,2017,6,430,WashingtonDC,38.90373696563584,-77.04951179446212,teGyhQ9deaHAMlO-u7pABA,497,0,512,10,7090,True,teGyhQ9deaHAMlO-u7pABA
783,2007,8,297,WashingtonDC,38.90088099753709,-77.02259262885593,v-1roDcuuYqRA8uTd2UPzg,576,1,1809,4,7093,True,v-1roDcuuYqRA8uTd2UPzg
782,2019,11,217,WashingtonDC,38.90086804405016,-77.0255675119797,WCJ4YbLqcjK9IUJ5eDMF-A,152,1,1941,1,7098,True,WCJ4YbLqcjK9IUJ5eDMF-A
1574,2014,6,197,WashingtonDC,38.9148526756898,-77.05254783194832,cmihn-ooLiQ5lx3buScNaA,630,3,1942,1,7103,True,cmihn-ooLiQ5lx3buScNaA
1008,2018,10,120,WashingtonDC,38.90478105554038,-77.02957368733306,VjUmjM0o2hzjvcQuO_wFLw,1374,0,1943,4,7119,True,VjUmjM0o2hzjvcQuO_wFLw
570,2019,7,476,WashingtonDC,38.89683550049885,-77.00351335251351,ICBSI5M_znwovu7JD_5-5w,874,0,960,6,7137,True,ICBSI5M_znwovu7JD_5-5w
1628,2011,8,370,WashingtonDC,38.91557302107665,-77.05160351787521,NfBJTGmNdeTbmopmtQuFtg,479,1,697,4,7151,True,NfBJTGmNdeTbmopmtQuFtg
880,2011,9,417,WashingtonDC,38.90280503478034,-77.05068056000871,fNqTJaQ8_Pv2-8-xyTSR3A,52,0,52,14,7152,True,fNqTJaQ8_Pv2-8-xyTSR3A
289,2007,11,290,WashingtonDC,38.89179536664092,-76.99949977619187,9-llGrb7-Spb2byhgoQzKA,283,2,1944,1,7155,True,9-llGrb7-Spb2byhgoQzKA
938,2014,4,397,WashingtonDC,38.90374847157102,-77.04559877333146,IJ8uHd8OvxxYVuqPrE5VxQ,912,0,1008,7,7157,True,IJ8uHd8OvxxYVuqPrE5VxQ
258,2015,7,549,WashingtonDC,38.89178621232002,-77.03202677689967,IyCYNQJOahDLo9FQO_uXWg,1189,0,1408,6,7160,True,IyCYNQJOahDLo9FQO_uXWg
1676,2019,7,624,WashingtonDC,38.91579201927284,-76.99956822742043,3ZtTXXOYFgrQHuiOruVm7Q,246,5,1870,3,7164,True,3ZtTXXOYFgrQHuiOruVm7Q
1675,2018,10,369,WashingtonDC,38.91573350756898,-77.0035123208622,3ky_wzw41RJjt9CCuFDQ7g,1324,0,1667,8,7168,True,3ky_wzw41RJjt9CCuFDQ7g
643,2007,8,406,WashingtonDC,38.89882798278095,-77.05144584493087,wwsiruYidNlzYdUsBIj39g,557,1,1807,3,7171,True,wwsiruYidNlzYdUsBIj39g
1489,2014,5,346,WashingtonDC,38.91275121706317,-77.01368322041412,K22dQO99n2UjcEb5zJnK3g,274,0,279,3,7176,True,K22dQO99n2UjcEb5zJnK3g
1735,2011,7,144,WashingtonDC,38.91672406002569,-76.99952630169682,4nB0hri3gyy3uXCpGfGsyw,1250,1,1946,2,7184,True,4nB0hri3gyy3uXCpGfGsyw
1298,2011,6,617,WashingtonDC,38.90966161677773,-77.03258810870112,gRnhZhrJYdSg2CbXtdJX6w,1052,1,1947,1,7189,True,gRnhZhrJYdSg2CbXtdJX6w
1615,2018,7,476,WashingtonDC,38.91479227023451,-77.00347929436076,xchhfUU3DVUmOtK_wcu9yQ,1040,1,1949,1,7200,True,xchhfUU3DVUmOtK_wcu9yQ
780,2018,10,434,WashingtonDC,38.90077830288033,-77.03357144112258,uyJOl02LLh5dmTbtWbaCbg,1030,1,1950,1,7205,True,uyJOl02LLh5dmTbtWbaCbg
770,2007,8,237,WashingtonDC,38.90076906095142,-77.03652324567564,XUF0v7QqSTrQ-DEx3UK8YQ,921,1,1951,1,7216,True,XUF0v7QqSTrQ-DEx3UK8YQ
911,2009,7,571,WashingtonDC,38.90255792440156,-77.01551635366289,sfqDidqf3bLX0oyZ7oXLmg,1027,0,1168,3,7218,True,sfqDidqf3bLX0oyZ7oXLmg
1136,2019,7,32,WashingtonDC,38.90676410666062,-77.01991582375963,CJIgb6G40VG-rFWiTwKiyg,1116,0,1300,6,7221,True,CJIgb6G40VG-rFWiTwKiyg
248,2007,8,605,WashingtonDC,38.89170924494485,-77.03950883133274,yTMpHFZ3RVvcWh2rj2tdYg,749,0,803,9,7222,True,yTMpHFZ3RVvcWh2rj2tdYg
1257,2018,7,483,WashingtonDC,38.90857600994276,-77.0185257327709,0Uems6YzquQxAaQAXGnwPg,61,1,77,4,7231,True,0Uems6YzquQxAaQAXGnwPg
846,2017,7,183,WashingtonDC,38.90186401982775,-77.02461636608797,XTYJ67AdClY2hIAG2cP9hA,353,0,362,12,7239,True,XTYJ67AdClY2hIAG2cP9hA
1133,2019,7,228,WashingtonDC,38.90682378471616,-77.02598345801886,0VwDJXBHAkb-L3DEHbRs-w,553,0,574,11,7240,True,0VwDJXBHAkb-L3DEHbRs-w
1568,2014,4,460,WashingtonDC,38.91485465609413,-77.04838783765142,X8BG082R7ZqL4neTqDYyIg,378,1,1954,1,7246,True,X8BG082R7ZqL4neTqDYyIg
16,2011,8,456,WashingtonDC,38.88804279150157,-77.03949784376925,pSIIvBksFTKpbSltKoAx6w,435,0,445,7,7250,True,pSIIvBksFTKpbSltKoAx6w
1866,2007,9,445,WashingtonDC,38.91994456300645,-77.04519007210519,wyh8xChFhKcsGYOkdwm8eQ,534,0,555,4,7254,True,wyh8xChFhKcsGYOkdwm8eQ
699,2011,9,550,WashingtonDC,38.89979009918451,-77.05142070268907,PBSazqWz7KLlref5XVXndg,677,1,823,4,7256,True,PBSazqWz7KLlref5XVXndg
728,2019,7,412,WashingtonDC,38.89978798517055,-77.01851706403643,h-RDureU9LlLLiPizgrjHg,1283,0,1574,4,7264,True,h-RDureU9LlLLiPizgrjHg
1695,2018,9,527,WashingtonDC,38.91702211554508,-77.03954380354062,MVKuO2aKYgDn3ZMHEAREPA,1033,0,1177,9,7266,True,MVKuO2aKYgDn3ZMHEAREPA
17,2018,10,497,WashingtonDC,38.88791277051319,-77.03851201529422,Mk7zIm0JvHObqwNSZcH1Vg,356,0,365,11,7274,True,Mk7zIm0JvHObqwNSZcH1Vg
1070,2019,7,559,WashingtonDC,38.90566046428548,-77.02758240765326,F6J4-DAjHKc0-rABP85ESA,1223,0,1466,5,7286,True,F6J4-DAjHKc0-rABP85ESA
1396,2015,11,608,WashingtonDC,38.91176433701704,-77.04948522361381,xG64xvrSV4XWqS9d1bTiCg,1164,1,1479,8,7287,True,xG64xvrSV4XWqS9d1bTiCg
685,2012,5,161,WashingtonDC,38.89884457753904,-77.01260089874228,2XlZGjJRUVL8EJa7shjjqA,775,0,832,7,7290,True,2XlZGjJRUVL8EJa7shjjqA
1414,2011,6,460,WashingtonDC,38.91188071230473,-77.0355479406881,9UZwg4eG6TMDOyaWC-wBrA,1129,0,1318,6,7298,True,9UZwg4eG6TMDOyaWC-wBrA
1231,2007,9,319,WashingtonDC,38.90877834207228,-77.045760763478,sYj_hnU2pRdRXsFjA0OUIA,220,1,1957,1,7301,True,sYj_hnU2pRdRXsFjA0OUIA
1523,2018,10,496,WashingtonDC,38.91409997730157,-77.04063372814694,YPHGJwWOUJVQnkZDpszPFg,714,0,760,5,7318,True,YPHGJwWOUJVQnkZDpszPFg
452,2018,10,417,WashingtonDC,38.8948118575212,-77.01255671632097,5AGsZbgoj3mxxTt4DkGGtw,1029,1,1197,6,7322,True,5AGsZbgoj3mxxTt4DkGGtw
381,2018,10,200,WashingtonDC,38.89395179955237,-77.02165648654085,ylISpdulP5aKq-9xDBNcFw,144,0,145,6,7324,True,ylISpdulP5aKq-9xDBNcFw
1831,2017,8,260,WashingtonDC,38.9187856716698,-77.02295149197165,dOsXSBBoDPwEK9kZ78ytZg,1357,2,1958,3,7342,True,dOsXSBBoDPwEK9kZ78ytZg
1410,2016,11,139,WashingtonDC,38.91184823065942,-77.0365932158172,1G0PV38Hgq73fG5lMHro5g,187,3,1959,1,7353,True,1G0PV38Hgq73fG5lMHro5g
1729,2018,10,202,WashingtonDC,38.91688128981616,-77.00861597411063,AbBzzTG8Oq_y527TKyFLxA,233,0,236,10,7360,True,AbBzzTG8Oq_y527TKyFLxA
1466,2017,8,558,WashingtonDC,38.91260444114172,-77.04262469280428,CudGEp6iND5f-iWCv0sC0A,647,0,677,9,7367,True,CudGEp6iND5f-iWCv0sC0A
1876,2018,10,310,WashingtonDC,38.91968828823479,-77.03358165835205,mG_BQZ6CIAPGzIuxIj_UNw,170,1,1960,1,7374,True,mG_BQZ6CIAPGzIuxIj_UNw
912,2017,6,356,WashingtonDC,38.90279089253074,-77.0137840824962,MhyC2EwJNBUTAxKzR7DGEA,1326,0,1670,9,7376,True,MhyC2EwJNBUTAxKzR7DGEA
1674,2007,10,400,WashingtonDC,38.91555544512958,-77.00960019136306,DyAVBzY8JlhpZ87Wq8ZFZQ,611,0,638,9,7382,True,DyAVBzY8JlhpZ87Wq8ZFZQ
729,2007,9,434,WashingtonDC,38.89983191432855,-77.02358029804986,A83glIn8eBtzr3esABIedQ,1323,1,1783,3,7386,True,A83glIn8eBtzr3esABIedQ
500,2016,10,281,WashingtonDC,38.89616036958466,-77.02051220898271,J3SMmzPcgTa1MktHdz7X3Q,1303,0,1614,4,7394,True,J3SMmzPcgTa1MktHdz7X3Q
1802,2014,4,335,WashingtonDC,38.91901411307563,-77.04668424289727,DQaKeusW3jRg585ux7tSSg,920,0,1016,6,7397,True,DQaKeusW3jRg585ux7tSSg
1503,2008,6,447,WashingtonDC,38.91121659301488,-76.99768565779104,NcG2uPCPQKEOl2UaVqcsmg,1244,0,1503,3,7400,True,NcG2uPCPQKEOl2UaVqcsmg
1619,2018,7,261,WashingtonDC,38.91481636829691,-77.00253386636687,fmyDJToln8GZvKL2qDqSFA,1094,2,1961,1,7401,True,fmyDJToln8GZvKL2qDqSFA
1617,2011,8,435,WashingtonDC,38.91482812975651,-77.00157059689646,9QY5yo5Wm7kLi8NCHjHxJA,163,0,164,5,7410,True,9QY5yo5Wm7kLi8NCHjHxJA
1848,2007,11,167,WashingtonDC,38.91894622074467,-77.00269083874944,k7TXFs82HTDZz_ycT88a6g,418,0,428,12,7411,True,k7TXFs82HTDZz_ycT88a6g
490,2017,6,449,WashingtonDC,38.89615842443106,-77.0255995892942,otmvfmjRIWkj5Wj-vO_fxQ,1273,0,1552,6,7416,True,otmvfmjRIWkj5Wj-vO_fxQ
1775,2012,5,171,WashingtonDC,38.91753885682042,-77.01556392644797,53wEGbxEpAzAAolmf1WO-Q,391,1,1952,3,7420,True,53wEGbxEpAzAAolmf1WO-Q
978,2017,7,480,WashingtonDC,38.9037804596563,-77.00356640807595,LEqjULN6zLdV5993jl1Wkg,1327,3,1962,1,7423,True,LEqjULN6zLdV5993jl1Wkg
1008,2011,9,244,WashingtonDC,38.90482013481957,-77.02959879013191,_VQxGyEBYroc5dg4UlmU-Q,1374,1,1963,1,7425,True,_VQxGyEBYroc5dg4UlmU-Q
350,2018,7,88,WashingtonDC,38.89375881215052,-77.05014599125842,BiswozgYnitYXzEvF8G14w,755,1,1964,1,7433,True,BiswozgYnitYXzEvF8G14w
1344,2018,8,427,WashingtonDC,38.91077772056252,-77.0466489686223,EluriTnyKDho_XPheD668g,57,0,57,10,7436,True,EluriTnyKDho_XPheD668g
966,2007,9,446,WashingtonDC,38.90347229693957,-77.02036597586071,puLGtN8t6RWRDKX3cL_6yQ,1285,0,1578,7,7441,True,puLGtN8t6RWRDKX3cL_6yQ
668,2016,10,458,WashingtonDC,38.89880660398862,-77.02395886943685,tYM059aVsP2gXuzq-uKr3w,221,0,224,10,7443,True,tYM059aVsP2gXuzq-uKr3w
608,2015,7,405,WashingtonDC,38.89777842165145,-77.02807250754415,P19Ma-yZPHaUCEL5hSSXlQ,751,0,805,17,7451,True,P19Ma-yZPHaUCEL5hSSXlQ
975,2019,7,438,WashingtonDC,38.90375526520738,-77.00559941613191,fRdSRXV75pP2F4-tBcRDjg,168,1,1709,8,7452,True,fRdSRXV75pP2F4-tBcRDjg
211,2016,10,320,WashingtonDC,38.89059275279669,-77.01855415475995,mTvfsig014yaGgWjccHCgQ,599,0,626,9,7456,True,mTvfsig014yaGgWjccHCgQ
777,2018,10,503,WashingtonDC,38.90080388591548,-77.03480352744542,_nEWmFqgchQiP4U1rM7GPQ,1307,0,1623,3,7457,True,_nEWmFqgchQiP4U1rM7GPQ
1917,2011,6,395,WashingtonDC,38.92090010468538,-77.05465006763832,JjyT9z_FAxf7o4r4c0n2ww,1356,1,1875,4,7459,True,JjyT9z_FAxf7o4r4c0n2ww
1748,2007,9,396,WashingtonDC,38.91779766056285,-77.04555537278392,342XrqEQ9nA9NZHL4VEC4A,385,0,395,6,7462,True,342XrqEQ9nA9NZHL4VEC4A
1390,2014,4,359,WashingtonDC,38.91066233118661,-76.99955062159465,oH-X-a27a2DztetyrKW_2w,358,1,1965,2,7474,True,oH-X-a27a2DztetyrKW_2w
928,2011,7,368,WashingtonDC,38.90367990720089,-77.05358340512612,VFTDSjCXLUXao3RTNrF0XQ,646,0,676,9,7486,True,VFTDSjCXLUXao3RTNrF0XQ
694,2014,8,3,WashingtonDC,38.89881446887933,-77.00057542715976,7qnA1XllMuAeQKU19KA02Q,657,0,688,10,7489,True,7qnA1XllMuAeQKU19KA02Q
109,2018,8,336,WashingtonDC,38.88879035291752,-77.00353957235848,esDfpw6vQlbRS5_1d53ZpA,1262,1,1719,3,7495,True,esDfpw6vQlbRS5_1d53ZpA
888,2015,7,476,WashingtonDC,38.90279218527853,-77.03651234066183,eoSbVYnJEiTda7wKqMFtYg,42,0,42,7,7497,True,eoSbVYnJEiTda7wKqMFtYg
940,2009,7,175,WashingtonDC,38.90373350786135,-77.0465906638967,GV4gbA-NOXGa_tOJzVPkRw,734,0,786,6,7499,True,GV4gbA-NOXGa_tOJzVPkRw
770,2018,10,43,WashingtonDC,38.90076806115894,-77.03657020114693,jY31zGSUHKH7JVC7ZPeH5Q,921,0,1017,8,7507,True,jY31zGSUHKH7JVC7ZPeH5Q
775,2015,11,305,WashingtonDC,38.90135931392635,-77.0305920086349,383r6bHbkbbZdMJSW8H-og,30,0,30,9,7510,True,383r6bHbkbbZdMJSW8H-og
989,2007,8,385,WashingtonDC,38.90526631158004,-77.05258613093378,XvRpwMcqah7P2vwPEAfkdA,171,0,172,11,7511,True,XvRpwMcqah7P2vwPEAfkdA
1127,2014,8,481,WashingtonDC,38.90676203809064,-77.03132645837093,nC564Wltd3_8vfT6SEwwtw,778,1,1953,3,7514,True,nC564Wltd3_8vfT6SEwwtw
723,2011,8,534,WashingtonDC,38.89984578175092,-77.02461165513093,4Z9Ope0huRjhnzUM7YGeAw,1312,1,1966,3,7517,True,4Z9Ope0huRjhnzUM7YGeAw
199,2014,6,390,WashingtonDC,38.89044878944358,-77.02959008117536,sI81Hf91luRDT0J1KeTWTQ,206,0,209,11,7520,True,sI81Hf91luRDT0J1KeTWTQ
99,2018,7,405,WashingtonDC,38.88881230056158,-77.0175233397055,SgtePd65okjj6MJZLMX-UA,731,1,1238,4,7521,True,SgtePd65okjj6MJZLMX-UA
1553,2018,7,313,WashingtonDC,38.91408564941754,-77.01358422326057,QQ5KaKKL_xA8sSUiMMbBHw,937,1,1756,3,7533,True,QQ5KaKKL_xA8sSUiMMbBHw
1740,2018,8,202,WashingtonDC,38.91677167732772,-77.00203506782262,YRQTpdvnXg6SkbhzOgzOeA,624,0,653,7,7535,True,YRQTpdvnXg6SkbhzOgzOeA
911,2007,11,399,WashingtonDC,38.90252010486569,-77.01552447653957,8qV--ylEzDkNY20hd1Zt8g,1027,1,1968,1,7538,True,8qV--ylEzDkNY20hd1Zt8g
1363,2011,8,140,WashingtonDC,38.91076068877964,-77.02655502715521,zvx_lpxtjk-Q7lhA3INsiA,423,1,1969,2,7545,True,zvx_lpxtjk-Q7lhA3INsiA
62,2007,12,341,WashingtonDC,38.88879107983468,-77.05168144103958,StzXAZssvTf3DphAeGcJzg,700,1,1970,1,7549,True,StzXAZssvTf3DphAeGcJzg
1686,2017,7,376,WashingtonDC,38.91690263768592,-77.05539972322532,0d9kzmeP54W6N3oO8pMiog,802,1,1416,7,7551,True,0d9kzmeP54W6N3oO8pMiog
1055,2018,9,121,WashingtonDC,38.90583628876879,-77.04344874745667,PWBT9GkK0H9tU106Homl-A,551,0,572,9,7564,True,PWBT9GkK0H9tU106Homl-A
1407,2014,4,247,WashingtonDC,38.91186601473067,-77.04160813644701,gAn-QvvZ3Dd4Hdou_W2gCg,783,0,843,5,7566,True,gAn-QvvZ3Dd4Hdou_W2gCg
1438,2007,9,485,WashingtonDC,38.91184493398084,-77.01147719388159,_V-RoRE9whLuuZltKicbLw,1161,1,1972,1,7573,True,_V-RoRE9whLuuZltKicbLw
362,2016,10,348,WashingtonDC,38.89376980036428,-77.04173543697084,yQUnvjbS_YkLTmKsGW-lNg,1180,0,1393,5,7586,True,yQUnvjbS_YkLTmKsGW-lNg
225,2018,10,423,WashingtonDC,38.89200117772307,-77.00754373221366,kI0PHUByNAbN9lXFJCIzKA,628,1,1973,1,7595,True,kI0PHUByNAbN9lXFJCIzKA
195,2009,7,367,WashingtonDC,38.89034242576923,-77.03234175768308,IAgAdwFmgbCYgbLc3tL3fQ,264,0,267,11,7596,True,IAgAdwFmgbCYgbLc3tL3fQ
1513,2016,11,278,WashingtonDC,38.91406727262294,-77.05322375093559,x0jT0CI_5JR1qCKWT4qpyw,969,2,1974,1,7610,True,x0jT0CI_5JR1qCKWT4qpyw
1114,2009,7,333,WashingtonDC,38.90675210116592,-77.04664263006556,wsQNmsa2XW3jblEehK4rzA,1023,0,1161,11,7611,True,wsQNmsa2XW3jblEehK4rzA
1598,2007,9,214,WashingtonDC,38.91482559388322,-77.02553872656992,0QVYE-SnN6NAdFR7NSV22Q,587,1,1975,1,7615,True,0QVYE-SnN6NAdFR7NSV22Q
1248,2007,9,486,WashingtonDC,38.90858876210817,-77.02355113393592,BVhTef5dCLFWDSduv4Npuw,580,0,602,5,7617,True,BVhTef5dCLFWDSduv4Npuw
788,2018,10,175,WashingtonDC,38.90085453103719,-77.01856955467348,U5PQUmkSxnYzEuUnA8fX5w,832,0,911,5,7618,True,U5PQUmkSxnYzEuUnA8fX5w
794,2018,7,444,WashingtonDC,38.90069936396497,-77.0176257376584,ev7JSZKB_jNKAlZNQOJDkA,1217,1,1976,2,7621,True,ev7JSZKB_jNKAlZNQOJDkA
678,2017,7,306,WashingtonDC,38.89883017756096,-77.01891772347753,-aSC9mpH_3f6YgxHdAAfMg,473,0,485,9,7623,True,-aSC9mpH_3f6YgxHdAAfMg
926,2007,10,488,WashingtonDC,38.90284170965599,-76.99842787619443,Xrd9PQcwTjZxpsnJztDmjQ,913,1,1977,2,7626,True,Xrd9PQcwTjZxpsnJztDmjQ
746,2016,10,133,WashingtonDC,38.90014389845091,-77.00547459821604,l8sSMX-RhrujXUQGGKL8rw,1272,0,1551,8,7644,True,l8sSMX-RhrujXUQGGKL8rw
985,2009,7,188,WashingtonDC,38.90375542699805,-76.9994966374374,6PNcNR4wyDVlTT2YGWVfFA,977,0,1098,5,7645,True,6PNcNR4wyDVlTT2YGWVfFA
1772,2014,5,598,WashingtonDC,38.91779867133408,-77.02156714018547,kukvdovtWs8bHtxznf6OhQ,367,0,377,4,7648,True,kukvdovtWs8bHtxznf6OhQ
820,2018,7,460,WashingtonDC,38.90179275216585,-77.05140497459602,-9XynXDN-osJorkzik094w,387,1,1374,5,7649,True,-9XynXDN-osJorkzik094w
795,2017,6,21,WashingtonDC,38.90089262414273,-77.0121781814712,T8knAFdNDKKJXjRqjS1mrQ,1305,1,1979,2,7657,True,T8knAFdNDKKJXjRqjS1mrQ
951,2014,4,100,WashingtonDC,38.9037233803793,-77.0295449992776,NhXbujZr8j4lGMW0hQbXNA,928,1,1257,6,7672,True,NhXbujZr8j4lGMW0hQbXNA
628,2016,10,389,WashingtonDC,38.89788837777589,-77.00350991809493,okXhVf2u_FCfhx-WcvOMGQ,659,1,1160,7,7676,True,okXhVf2u_FCfhx-WcvOMGQ
963,2014,6,479,WashingtonDC,38.90419362474627,-77.02254044734364,ErKo8fo4kvYkii7YopU3sQ,838,0,918,10,7677,True,ErKo8fo4kvYkii7YopU3sQ
1300,2018,10,197,WashingtonDC,38.90964240602591,-77.03156804395584,7oSsql2rRU8vhnUj_0ySxw,1234,1,1821,7,7699,True,7oSsql2rRU8vhnUj_0ySxw
468,2018,9,278,WashingtonDC,38.89580939641209,-77.05156920299105,xYUNe5k4lzlcUK8rmLcujQ,753,1,844,8,7702,True,xYUNe5k4lzlcUK8rmLcujQ
1428,2009,7,102,WashingtonDC,38.9118186994575,-77.0199248782923,IQi4f559lMvjTCGAuC1ZCg,481,1,1636,6,7705,True,IQi4f559lMvjTCGAuC1ZCg
885,2007,8,332,WashingtonDC,38.90263905614503,-77.04261926471543,TdIHFwIzALCD5vQG6dEkaQ,0,0,0,4,7727,True,TdIHFwIzALCD5vQG6dEkaQ
772,2018,10,311,WashingtonDC,38.90135039873127,-77.04053861127294,NL0CwPJ1vgQQn4hf5--dBA,942,0,1047,12,7729,True,NL0CwPJ1vgQQn4hf5--dBA
444,2018,9,599,WashingtonDC,38.8948143727278,-77.0186206927373,x88MDMyqUcd_6Wv1Fx_ucQ,440,0,450,4,7731,True,x88MDMyqUcd_6Wv1Fx_ucQ
1290,2016,10,387,WashingtonDC,38.90965640507277,-77.04057131433053,9y50oJwDgJ0G_HQ-z4gmgw,772,1,1462,5,7735,True,9y50oJwDgJ0G_HQ-z4gmgw
1789,2019,7,429,WashingtonDC,38.91809827406977,-77.0025852337343,yS6h8gV-MnmSz63AxKfWng,1067,1,1262,3,7736,True,yS6h8gV-MnmSz63AxKfWng
454,2008,6,620,WashingtonDC,38.89480572693108,-77.01359102287458,fB-0KunL49IPSuzscxa84Q,1096,0,1271,6,7740,True,fB-0KunL49IPSuzscxa84Q
1007,2018,9,291,WashingtonDC,38.9048647041024,-77.03850376054812,gqqpJpQC4KvdDt_r42MiOA,745,2,1980,1,7746,True,gqqpJpQC4KvdDt_r42MiOA
324,2018,10,557,WashingtonDC,38.89251618910905,-77.01877089939289,dlRwoHEkaVy7ja1Dkq7SGw,626,0,655,7,7760,True,dlRwoHEkaVy7ja1Dkq7SGw
478,2011,9,289,WashingtonDC,38.89540215409345,-77.04059992331683,eahR8Qm3FDRchCT7DxtmQA,792,0,857,8,7766,True,eahR8Qm3FDRchCT7DxtmQA
1731,2009,7,486,WashingtonDC,38.91677348972126,-77.00732741444406,xWhIdC5694grI4Bqu5sKng,1352,1,1955,5,7768,True,xWhIdC5694grI4Bqu5sKng
984,2018,10,351,WashingtonDC,38.9048312628513,-77.05474763343095,SSAm446_E72fA5ZZ-wZrMQ,388,0,398,6,7775,True,SSAm446_E72fA5ZZ-wZrMQ
618,2018,7,268,WashingtonDC,38.89782380258873,-77.01514527524819,vVqlyUYZ0tV2mitCtrIRHw,1277,0,1562,7,7790,True,vVqlyUYZ0tV2mitCtrIRHw
1933,2014,5,138,WashingtonDC,38.92076409112685,-77.03652657369648,0xyoo8MOzkRTd1AQf_r4eA,965,0,1078,10,7806,True,0xyoo8MOzkRTd1AQf_r4eA
1231,2017,7,500,WashingtonDC,38.90878442128533,-77.04576007631388,pQ5JDFe856n2zm8NjPo-2Q,220,0,223,5,7811,True,pQ5JDFe856n2zm8NjPo-2Q
1150,2009,7,129,WashingtonDC,38.90724666990279,-77.00457741262828,PEVLERQshFzVqgVDFCm_Nw,1201,0,1431,6,7814,True,PEVLERQshFzVqgVDFCm_Nw
1920,2019,6,367,WashingtonDC,38.92074545701398,-77.04986741786946,AFaxhfRpMOxxjGklY1meoQ,364,2,1981,1,7819,True,AFaxhfRpMOxxjGklY1meoQ
1572,2011,8,271,WashingtonDC,38.91482600588675,-77.05161028072341,m0yL9bd7uGEiiQV5Jka0Bg,106,0,107,6,7827,True,m0yL9bd7uGEiiQV5Jka0Bg
810,2017,6,297,WashingtonDC,38.90078852019754,-76.99844847615276,JstXrnaH3KqxXaoOuIev2w,1174,0,1387,9,7829,True,JstXrnaH3KqxXaoOuIev2w
894,2009,7,471,WashingtonDC,38.90278178185513,-77.0345345394305,MF0d5cKMav5VKbJUMNmZJA,927,0,1026,8,7833,True,MF0d5cKMav5VKbJUMNmZJA
1716,2017,9,422,WashingtonDC,38.91674817630419,-77.01755927573319,C48W8xDGWTPnRt3v4alXkA,1330,1,1686,4,7835,True,C48W8xDGWTPnRt3v4alXkA
571,2014,8,414,WashingtonDC,38.89666775529192,-77.00570329843119,RuKALGQj6CJXGU28ajKa0g,143,0,144,6,7841,True,RuKALGQj6CJXGU28ajKa0g
115,2011,4,387,WashingtonDC,38.88976555974655,-77.05245939706715,lgZC1lgPzIBeWMHDANqLIA,244,0,247,13,7845,True,lgZC1lgPzIBeWMHDANqLIA
564,2012,5,70,WashingtonDC,38.89675187274581,-77.016181538054,_Jy5XGHTBEqCfKZwnwJgNA,183,0,184,6,7846,True,_Jy5XGHTBEqCfKZwnwJgNA
1805,2009,7,296,WashingtonDC,38.91867691353699,-77.05202882212126,3hdK5PP8uOpMk7-dMMDu3g,325,0,332,8,7850,True,3hdK5PP8uOpMk7-dMMDu3g
785,2008,6,157,WashingtonDC,38.90086363982727,-77.0234160717365,XVs9W-dGRVrpl_hpKFplRA,521,0,540,3,7858,True,XVs9W-dGRVrpl_hpKFplRA
112,2011,8,512,WashingtonDC,38.8888082034906,-76.9995192545544,0uU6Jotk6jh-LNp2yi_2eA,866,0,950,7,7860,True,0uU6Jotk6jh-LNp2yi_2eA
851,2018,7,140,WashingtonDC,38.90179911384592,-77.01521863376668,tT5-rPlCZBx8c_0QHHojlQ,1362,0,1857,4,7861,True,tT5-rPlCZBx8c_0QHHojlQ
1143,2018,7,436,WashingtonDC,38.90676014635859,-77.01058588172765,IvIRweteQSb8sjWUNw5NhQ,436,0,446,13,7862,True,IvIRweteQSb8sjWUNw5NhQ
197,2011,6,459,WashingtonDC,38.89044098197948,-77.03054677781324,0H_QKKNEhC5Sg97SjIARYQ,845,0,925,11,7871,True,0H_QKKNEhC5Sg97SjIARYQ
1631,2014,6,99,WashingtonDC,38.9157029013769,-77.04879400829884,Q3IM5Bb2F_1yJFB8D5MTvA,416,0,426,8,7875,True,Q3IM5Bb2F_1yJFB8D5MTvA
1313,2011,8,129,WashingtonDC,38.90961501506911,-77.01856990020879,3Ql8xm-F89YQxgz_ccuGXA,384,1,1449,4,7885,True,3Ql8xm-F89YQxgz_ccuGXA
914,2007,11,115,WashingtonDC,38.90252314356855,-77.01260200358334,9YtWSDTfasAkwHds6UfH5w,1113,2,1982,1,7890,True,9YtWSDTfasAkwHds6UfH5w
883,2007,8,113,WashingtonDC,38.9027758862408,-77.04348936950417,j9LvpKbBd3aKDARJLNhTZQ,199,0,201,8,7902,True,j9LvpKbBd3aKDARJLNhTZQ
566,2008,6,370,WashingtonDC,38.89735053832636,-77.01051650101881,aPNWg_-qYRB9QWMv5OpalA,806,0,875,7,7904,True,aPNWg_-qYRB9QWMv5OpalA
326,2018,7,505,WashingtonDC,38.89277008480377,-77.02185535089299,57XoUuhqzOAHYxZEotWlmA,603,0,630,8,7909,True,57XoUuhqzOAHYxZEotWlmA
1229,2017,9,638,WashingtonDC,38.90863739269815,-77.04442292675309,lvBT4Xveqou71wos493jog,974,2,1984,1,7928,True,lvBT4Xveqou71wos493jog
1701,2014,4,178,WashingtonDC,38.91677000663974,-77.03448288540756,GahrRM0HL1wB3lcwE1yEDA,1124,0,1311,5,7930,True,GahrRM0HL1wB3lcwE1yEDA
171,2008,6,552,WashingtonDC,38.89130371885142,-77.0544691697981,CJBn5PmRRa2BY0o6aVfLpA,522,1,1985,1,7937,True,CJBn5PmRRa2BY0o6aVfLpA
174,2019,8,274,WashingtonDC,38.88979203290442,-76.99951075487297,2IFFEjQsSUfl4ZNqS9LL8Q,1010,1,1240,6,7939,True,2IFFEjQsSUfl4ZNqS9LL8Q
401,2012,5,468,WashingtonDC,38.89376328355796,-76.99848216414856,yj8EwF9glFQmzbJ9qw71Gg,282,0,287,13,7947,True,yj8EwF9glFQmzbJ9qw71Gg
855,2018,7,135,WashingtonDC,38.90183073279339,-77.01219111160731,AqhV7z4w_7PwNNZndMAL9g,839,0,919,8,7948,True,AqhV7z4w_7PwNNZndMAL9g
382,2017,9,322,WashingtonDC,38.8936193702241,-77.02264701420337,GPaseJ2HjyPMSF0uRwZrnw,1150,0,1353,7,7950,True,GPaseJ2HjyPMSF0uRwZrnw
1306,2018,10,434,WashingtonDC,38.90962258340971,-77.02854501329277,GIcA4ioTdcjosJ3jjOeo-w,627,0,656,9,7955,True,GIcA4ioTdcjosJ3jjOeo-w
1324,2015,9,554,WashingtonDC,38.90978248757152,-77.00652285014863,YFiJoGrcQl6gE7IlyKoj8A,958,0,1068,9,7964,True,YFiJoGrcQl6gE7IlyKoj8A
387,2018,7,273,WashingtonDC,38.89357309898925,-77.01658805071898,yecG0szDyZqDc_k9f-0nfQ,598,2,1595,3,7966,True,yecG0szDyZqDc_k9f-0nfQ
489,2018,10,525,WashingtonDC,38.89616551232064,-77.02850686973319,V0M2xYNXeljr5T2WcxaLRQ,791,0,856,6,7972,True,V0M2xYNXeljr5T2WcxaLRQ
1295,2011,5,351,WashingtonDC,38.90980926604986,-77.03654901207173,agaX9otn_p7gP9dX79hooA,123,0,124,11,7977,True,agaX9otn_p7gP9dX79hooA
548,2017,9,342,WashingtonDC,38.89679763235934,-77.02807185812681,lmBXvMHxT1wQFL7G5ruD7g,338,0,345,13,7980,True,lmBXvMHxT1wQFL7G5ruD7g
1758,2016,11,458,WashingtonDC,38.91781955036919,-77.04155491905587,_tNe-BLSNFNOyvzIZJpRDA,281,1,1987,1,7984,True,_tNe-BLSNFNOyvzIZJpRDA
291,2018,10,247,WashingtonDC,38.89284980683081,-77.05145511145437,K5ZMRfkpFkliBw6IIPlxNA,379,0,389,5,7986,True,K5ZMRfkpFkliBw6IIPlxNA
1554,2019,7,146,WashingtonDC,38.91405282577792,-77.01457706267783,UB69jrcTsHHgngPgjNfEWA,288,1,1988,1,7990,True,UB69jrcTsHHgngPgjNfEWA
752,2014,5,514,WashingtonDC,38.89974052166104,-76.99846042780739,g8y5juVt--T5ut5FraCUrg,1138,0,1332,8,7994,True,g8y5juVt--T5ut5FraCUrg
915,2018,11,544,WashingtonDC,38.90254093350328,-77.00662069426328,TMavUXW0rkj-K2QWbER1zg,752,1,1185,8,7997,True,TMavUXW0rkj-K2QWbER1zg
875,2017,10,443,WashingtonDC,38.90263689250869,-77.04550437151148,vziiOD6YD8WbLuSrwjRdmA,1333,0,1705,4,8011,True,vziiOD6YD8WbLuSrwjRdmA
1684,2014,7,318,WashingtonDC,38.91589166525935,-76.99952205345512,S07XqVPcse5PMt_aOvw3Pg,246,3,1292,3,8016,True,S07XqVPcse5PMt_aOvw3Pg
1937,2009,7,523,WashingtonDC,38.92080829353279,-77.02967801541858,aiOg1NRUcCijmG7ysVOokw,1146,0,1346,3,8034,True,aiOg1NRUcCijmG7ysVOokw
1926,2012,5,398,WashingtonDC,38.92081299143213,-77.04379734187377,DVPVHzcZu7ap-1BsxDmEjQ,1345,0,1758,5,8038,True,DVPVHzcZu7ap-1BsxDmEjQ
519,2007,11,137,WashingtonDC,38.89612612355257,-77.0025702586193,7EUnNB_MBJz6-1nY5zCjjQ,137,1,1170,3,8043,True,7EUnNB_MBJz6-1nY5zCjjQ
1039,2018,7,258,WashingtonDC,38.90477506953322,-77.00333998970821,kFsoZ0LKsy-mjhc3u3lTww,1182,0,1398,4,8047,True,kFsoZ0LKsy-mjhc3u3lTww
1612,2019,7,321,WashingtonDC,38.91482767932881,-77.01353400249893,jlFn4f8g0aLfCXdi2OJ4iQ,584,0,608,6,8051,True,jlFn4f8g0aLfCXdi2OJ4iQ
1455,2007,8,582,WashingtonDC,38.91260508539003,-77.04953597760621,RfOn0WbnKRvU889fRVacbg,885,0,974,8,8053,True,RfOn0WbnKRvU889fRVacbg
1377,2014,5,382,WashingtonDC,38.91112197226172,-77.01155755466723,yNrZX4S-6LsAt2TOfBHliQ,434,0,444,7,8057,True,yNrZX4S-6LsAt2TOfBHliQ
1186,2018,10,533,WashingtonDC,38.9077934344828,-77.03458956674999,QJVkwtU8lYro9W2IYwpX5g,992,0,1116,4,8061,True,QJVkwtU8lYro9W2IYwpX5g
1859,2018,10,417,WashingtonDC,38.92012551154611,-77.05581976846041,IZV30s4Et7pDDCVLEdVkpQ,1204,1,1485,4,8062,True,IZV30s4Et7pDDCVLEdVkpQ
1458,2016,11,597,WashingtonDC,38.91260580118205,-77.05058799606064,E_qrjfm7w6pgPTwL2qGu9Q,911,0,1007,8,8071,True,E_qrjfm7w6pgPTwL2qGu9Q
418,2019,8,547,WashingtonDC,38.89482332261066,-77.04559500912185,f9AGk375GZgTWj98zPYOEA,266,0,269,10,8079,True,f9AGk375GZgTWj98zPYOEA
1519,2017,7,181,WashingtonDC,38.91369319456167,-77.04663302715358,j36DkuIKj7pPPV2PlohamQ,820,0,893,9,8084,True,j36DkuIKj7pPPV2PlohamQ
60,2009,7,477,WashingtonDC,38.88761948456941,-77.05493126493731,O4HlY7B4VadI8phDHiRsfg,691,0,735,13,8086,True,O4HlY7B4VadI8phDHiRsfg
1024,2017,7,446,WashingtonDC,38.90482135155819,-77.01986364490297,3BCmjxZLtp2U1gHqi8xt7A,305,0,312,8,8117,True,3BCmjxZLtp2U1gHqi8xt7A
333,2009,7,378,WashingtonDC,38.89358372992634,-77.01650899112016,6ud7RansPDRxThoz_22XuQ,598,3,1990,1,8144,True,6ud7RansPDRxThoz_22XuQ
1751,2018,10,326,WashingtonDC,38.91782413599366,-77.04352795558852,goKvualE5VxxsoFtGvloqw,1229,0,1474,6,8145,True,goKvualE5VxxsoFtGvloqw
406,2019,6,442,WashingtonDC,38.8941263317847,-76.99956466332436,SPvn9iG2tkH4-3FU-vF31A,9,2,1991,1,8146,True,SPvn9iG2tkH4-3FU-vF31A
1744,2009,7,421,WashingtonDC,38.91760371529093,-77.05435714516197,Beo95ZaGTmLbKgXdo1TZ_g,449,1,1218,3,8150,True,Beo95ZaGTmLbKgXdo1TZ_g
330,2019,7,265,WashingtonDC,38.89275179154674,-77.01518919079786,QUy3z4gLdqiYi3SuKAQLag,762,0,816,9,8168,True,QUy3z4gLdqiYi3SuKAQLag
1884,2011,8,184,WashingtonDC,38.91984923183894,-77.0270195000057,yG5zKH4xRJHMVbxjnbZGEg,883,0,972,4,8198,True,yG5zKH4xRJHMVbxjnbZGEg
1070,2007,9,381,WashingtonDC,38.90563941292375,-77.02755984890798,eH9E33YqXTZO2rjaM0B4-A,1223,1,1553,5,8202,True,eH9E33YqXTZO2rjaM0B4-A
899,2016,10,533,WashingtonDC,38.90279410905855,-77.02960668637608,PbZZSdhNscY1WmvFKM0Ctw,475,1,1993,1,8207,True,PbZZSdhNscY1WmvFKM0Ctw
1506,2014,7,372,WashingtonDC,38.91333760447598,-77.00090654298668,J4vgg3ZrGDtF_xHBVorT6g,1187,1,1996,1,8223,True,J4vgg3ZrGDtF_xHBVorT6g
1761,2009,7,325,WashingtonDC,38.91778515715291,-77.03451391674317,y2eN5I8neQK4KUZRhxuVtw,1190,0,1410,7,8224,True,y2eN5I8neQK4KUZRhxuVtw
274,2019,6,216,WashingtonDC,38.89180724086364,-77.01748854378548,tK_IjjcykUvONBgQEaDAeA,1354,0,1815,6,8228,True,tK_IjjcykUvONBgQEaDAeA
876,2019,10,471,WashingtonDC,38.90280858633852,-77.04951642153779,cDoKN6qWFG0e3MCYJXNBhQ,622,0,651,12,8239,True,cDoKN6qWFG0e3MCYJXNBhQ
1693,2018,10,405,WashingtonDC,38.9169873344372,-77.04388580469238,umtaKmQiA_yawK43SmNGKA,578,0,600,5,8246,True,umtaKmQiA_yawK43SmNGKA
1590,2018,10,44,WashingtonDC,38.91478405060672,-77.03260706648419,gWt4zoiyKkorZohaObev9A,935,3,1997,1,8255,True,gWt4zoiyKkorZohaObev9A
924,2009,7,511,WashingtonDC,38.90255194702669,-77.00255904008168,A6AyYQ9CAiBZ0P4UZyZT_Q,169,2,1998,1,8271,True,A6AyYQ9CAiBZ0P4UZyZT_Q
589,2016,11,290,WashingtonDC,38.89782926002315,-77.04347939402204,7Vb5dwW6n81GyAAMalI3Pg,710,0,755,9,8272,True,7Vb5dwW6n81GyAAMalI3Pg
1799,2019,7,514,WashingtonDC,38.91811556161834,-77.00158510528387,WfRE5Uwfvc5Ffu42vi-hUg,465,0,476,5,8290,True,WfRE5Uwfvc5Ffu42vi-hUg
319,2015,7,482,WashingtonDC,38.89216690742526,-77.030531854232,gkYsgjaeti1SwJxsOVK8bg,846,0,926,8,8306,True,gkYsgjaeti1SwJxsOVK8bg
1033,2009,7,536,WashingtonDC,38.90469812085986,-77.01257066140123,dhR-rU2FkmZgsRoxx8GNMQ,8,1,1876,4,8322,True,dhR-rU2FkmZgsRoxx8GNMQ
1043,2018,9,143,WashingtonDC,38.90617763990269,-77.05255990528975,4kPjmDfcIqRPbPkChhUKGg,1270,0,1548,4,8323,True,4kPjmDfcIqRPbPkChhUKGg
1001,2017,7,298,WashingtonDC,38.90476398940296,-77.039561713721,JkR2RJJGO82NmD9w6c2V8A,1083,0,1252,4,8326,True,JkR2RJJGO82NmD9w6c2V8A
1499,2009,7,434,WashingtonDC,38.91258401329096,-77.00756817307207,ypJEzejqhO4S35NvFIDM-w,730,0,781,3,8330,True,ypJEzejqhO4S35NvFIDM-w
1893,2019,7,604,WashingtonDC,38.91977713665376,-77.0229600676514,3JhPlj8o9HRRsh49pt_5zA,76,0,76,4,8337,True,3JhPlj8o9HRRsh49pt_5zA
786,2019,11,334,WashingtonDC,38.90086263857432,-77.02451853669339,IvMtHmI5BJ9Au1cF8ZBY0A,544,1,1999,1,8344,True,IvMtHmI5BJ9Au1cF8ZBY0A
1965,2019,11,375,WashingtonDC,38.92077792698458,-77.00466957463708,H477lBb_8NeK_ZYp1QVP7A,1131,1,1895,4,8360,True,H477lBb_8NeK_ZYp1QVP7A
973,2016,10,244,WashingtonDC,38.90375072370158,-77.01554719831388,ilpWpYT4LOsIJ58kMKSGxg,662,0,694,12,8366,True,ilpWpYT4LOsIJ58kMKSGxg
1685,2007,9,330,WashingtonDC,38.91686093285152,-77.05060479780113,ICDtMs9epbjaMqZkbcsc8A,1361,1,2000,1,8370,True,ICDtMs9epbjaMqZkbcsc8A
287,2007,8,591,WashingtonDC,38.89174991565081,-77.0044367507658,d87c2ZlYtRMH3x97MzuRNg,908,1,1029,3,8373,True,d87c2ZlYtRMH3x97MzuRNg
210,2009,7,443,WashingtonDC,38.89062044189001,-77.0165642108454,N-_DUTQVGDrAOJUojzALJA,38,0,38,10,8387,True,N-_DUTQVGDrAOJUojzALJA
248,2011,7,413,WashingtonDC,38.89170238966334,-77.03947415845302,rK4tyz25R8uSNuyV3ABJ4g,749,1,2001,2,8391,True,rK4tyz25R8uSNuyV3ABJ4g
1121,2018,10,277,WashingtonDC,38.90724057650154,-77.03252502994074,GUnuHz6BOuLGEUkj80dfvQ,201,0,204,8,8399,True,GUnuHz6BOuLGEUkj80dfvQ
396,2007,9,406,WashingtonDC,38.89480994222943,-77.00756413052737,LRKFcGwVpIGxy-Ghpprw-A,795,0,860,5,8406,True,LRKFcGwVpIGxy-Ghpprw-A
1298,2014,8,446,WashingtonDC,38.9096376636572,-77.0325856076482,jsFmdUAkQeIUFm4oiUK44g,1052,0,1205,6,8415,True,jsFmdUAkQeIUFm4oiUK44g
1776,2015,9,415,WashingtonDC,38.91744536534115,-77.01654646836857,pDv8FaD_RuVltWj_w_ZbHQ,629,0,658,4,8417,True,pDv8FaD_RuVltWj_w_ZbHQ
862,2018,10,632,WashingtonDC,38.90185611555484,-77.00259875062086,tyFS9rlrtiN8IikQAp5PDQ,991,0,1115,6,8419,True,tyFS9rlrtiN8IikQAp5PDQ
1961,2019,7,72,WashingtonDC,38.92080467646323,-77.00348481038704,dsbtxNRrQkhRHDeVTycCjg,1251,0,1513,4,8420,True,dsbtxNRrQkhRHDeVTycCjg
1451,2009,7,286,WashingtonDC,38.9110366238699,-76.99822706871632,PKztQQt1a8QzVA8bojIu7Q,335,0,342,7,8423,True,PKztQQt1a8QzVA8bojIu7Q
1327,2018,10,438,WashingtonDC,38.90964709293599,-77.00856257448896,13W31Flm2H7aPJAMl2ZGFg,709,0,754,4,8425,True,13W31Flm2H7aPJAMl2ZGFg
764,2014,4,669,WashingtonDC,38.90079559375511,-77.04665227525616,XF6zi-AOgncaGv4Yy8Xg8Q,1292,0,1591,9,8426,True,XF6zi-AOgncaGv4Yy8Xg8Q
1693,2015,7,226,WashingtonDC,38.91699167098914,-77.0439048198984,WMmPGWwxMREn2EAZizJYjg,578,2,1872,3,8427,True,WMmPGWwxMREn2EAZizJYjg
508,2017,6,236,WashingtonDC,38.89610150247167,-77.00953769307557,ki51ekpL7JIyY92f8R823Q,1020,0,1156,6,8429,True,ki51ekpL7JIyY92f8R823Q
203,2015,7,501,WashingtonDC,38.89049121290159,-77.0265412566657,z_YtXRcPI3RytyN82Eob7A,811,0,881,10,8435,True,z_YtXRcPI3RytyN82Eob7A
262,2017,6,345,WashingtonDC,38.89203918433684,-77.02249158452658,izbJrVSMnqUfiHywTA6hvA,86,0,87,8,8438,True,izbJrVSMnqUfiHywTA6hvA
1088,2016,10,199,WashingtonDC,38.90564026402267,-77.00558746535357,Cg5byMc0w3kNhOuCjcpT_g,172,0,173,8,8453,True,Cg5byMc0w3kNhOuCjcpT_g
1545,2019,11,299,WashingtonDC,38.91380126374984,-77.02189189273139,CV7mh5l_JErwcPRWe71TUQ,618,0,646,7,8459,True,CV7mh5l_JErwcPRWe71TUQ
309,2009,7,538,WashingtonDC,38.89217183080514,-77.03560507434466,2qZO8fm_NI7AYAoP7fAeoA,1107,0,1288,7,8466,True,2qZO8fm_NI7AYAoP7fAeoA
1811,2009,7,675,WashingtonDC,38.91888090863633,-77.04041226790719,QNegewpqf44l0sCznYehaQ,1047,0,1200,5,8477,True,QNegewpqf44l0sCznYehaQ
1204,2018,10,261,WashingtonDC,38.90780565876598,-77.01212966295333,aA_zuik0zSAsgwBBBrbSSg,1062,1,1225,6,8482,True,aA_zuik0zSAsgwBBBrbSSg
1708,2017,7,381,WashingtonDC,38.91677793367439,-77.02959724191172,Brer1zfBGpvn3A1KHm_GBg,321,1,2002,2,8485,True,Brer1zfBGpvn3A1KHm_GBg
870,2012,5,330,WashingtonDC,38.90276970183661,-77.05473321824907,14vocHcOzBSVMyCAoPDr9Q,1366,0,1865,6,8496,True,14vocHcOzBSVMyCAoPDr9Q
1304,2019,7,386,WashingtonDC,38.90962137168864,-77.02657554812592,nUoaV4_9Lnepk3bQ9xHS1w,900,1,1411,6,8503,True,nUoaV4_9Lnepk3bQ9xHS1w
1954,2017,9,602,WashingtonDC,38.92075266079639,-77.01452773148843,4BXQle40ameFOFNa8zGzQA,399,1,1694,3,8506,True,4BXQle40ameFOFNa8zGzQA
623,2009,7,251,WashingtonDC,38.89767385715267,-77.01197470805893,IbBE8bkVciss8beoiMwsMg,273,0,278,5,8510,True,IbBE8bkVciss8beoiMwsMg
961,2008,6,558,WashingtonDC,38.90378469120343,-77.01944322246429,hKtt7QvK0pj-5xESGuVEtw,1334,0,1707,7,8512,True,hKtt7QvK0pj-5xESGuVEtw
235,2012,5,498,WashingtonDC,38.89177412962711,-77.05247056766832,SeS3f49Fl5fYz6D9Go67FA,1122,0,1309,8,8517,True,SeS3f49Fl5fYz6D9Go67FA
1297,2015,7,520,WashingtonDC,38.90965088407435,-77.03561462077593,oVTjhA07jzKypC8Y_Gw4yw,1230,0,1480,4,8522,True,oVTjhA07jzKypC8Y_Gw4yw
739,2019,7,122,WashingtonDC,38.89975051807549,-77.01662940971369,I5j03hrwW7Vv2s7BPj_2BA,830,0,908,6,8531,True,I5j03hrwW7Vv2s7BPj_2BA
1691,2009,7,621,WashingtonDC,38.91725221250239,-77.04882319615466,5iskRoXBfLaPIOHb0n06Ng,798,1,2003,1,8551,True,5iskRoXBfLaPIOHb0n06Ng
977,2008,6,305,WashingtonDC,38.90373435327869,-77.0085629438571,kiDw3IOwczofalQVyf1gEw,251,1,541,6,8554,True,kiDw3IOwczofalQVyf1gEw
170,2014,8,167,WashingtonDC,38.88979269762125,-76.99844319868446,VGpwTL2Z_hXLxkDrYA6lqw,688,1,1235,6,8560,True,VGpwTL2Z_hXLxkDrYA6lqw
1099,2014,5,407,WashingtonDC,38.90565595308411,-77.0036149609226,KzFOuu7j4oIUkDRCUgfZ3A,1248,1,2004,1,8563,True,KzFOuu7j4oIUkDRCUgfZ3A
354,2014,7,272,WashingtonDC,38.89382658925192,-77.05253956303324,7rty7U0biR2AYyrC_ODQ6w,263,0,266,7,8564,True,7rty7U0biR2AYyrC_ODQ6w
725,2014,6,263,WashingtonDC,38.89982910672281,-77.02556505255305,kSicBrmlT7jPGLfxT2ZqwA,1289,2,2005,1,8570,True,kSicBrmlT7jPGLfxT2ZqwA
1927,2014,6,165,WashingtonDC,38.92058452313453,-77.04256412347414,lRH8XhnhUoDqgzEdNrbUow,1351,0,1794,6,8574,True,lRH8XhnhUoDqgzEdNrbUow
1752,2007,9,357,WashingtonDC,38.91782090240947,-77.04260329106499,uDfHgutIUBgOPR6vE6nO1Q,1183,0,1399,6,8578,True,uDfHgutIUBgOPR6vE6nO1Q
919,2018,10,416,WashingtonDC,38.90280741990523,-77.00587205166171,LV2P6elB4G59gU6OerKBJg,952,1,2006,1,8580,True,LV2P6elB4G59gU6OerKBJg
1260,2009,7,302,WashingtonDC,38.9085566038975,-77.01759821064223,QNXGrVaaVLTtlJl3jhwXlQ,1266,1,1687,5,8595,True,QNXGrVaaVLTtlJl3jhwXlQ
1237,2017,7,474,WashingtonDC,38.90869889361991,-77.03555755429481,fLu8WCjO4yE2U5IOuo7MMw,1363,0,1858,4,8603,True,fLu8WCjO4yE2U5IOuo7MMw
1423,2018,8,644,WashingtonDC,38.91180754737005,-77.02194212870859,Iu9ogO2wE-Cio21_I9c5jA,510,1,777,4,8605,True,Iu9ogO2wE-Cio21_I9c5jA
978,2017,6,332,WashingtonDC,38.9037951836079,-77.00356350610333,7MMG-EbzFU6hLXu6YiwWag,1327,1,1703,3,8612,True,7MMG-EbzFU6hLXu6YiwWag
729,2019,11,267,WashingtonDC,38.89980286298845,-77.0235869335852,vM18QjNP5QZvwC4Kab3nCw,1323,0,1666,3,8616,True,vM18QjNP5QZvwC4Kab3nCw
1076,2011,6,424,WashingtonDC,38.90564408549145,-77.02458656026838,yStNOthOEK2-pEBvxg3FHw,153,0,154,10,8619,True,yStNOthOEK2-pEBvxg3FHw
1046,2011,8,373,WashingtonDC,38.90481022720409,-76.99842291398251,jgZ0nU_4FHtuxdbX9NFr8Q,422,1,1718,4,8627,True,jgZ0nU_4FHtuxdbX9NFr8Q
175,2011,4,423,WashingtonDC,38.8908322003912,-77.0516113848682,Zi2g2ibUIVVdE6JqPHl0AA,708,0,753,13,8629,True,Zi2g2ibUIVVdE6JqPHl0AA
687,2009,7,359,WashingtonDC,38.8989443205905,-77.00862313510675,-4WVVLbKOBFngYElz-1QSw,186,0,187,6,8645,True,-4WVVLbKOBFngYElz-1QSw
369,2011,3,420,WashingtonDC,38.8937382588483,-77.03202758658608,Z5CeXRkeuh7TKt8EZm-_Mw,1359,1,1882,7,8647,True,Z5CeXRkeuh7TKt8EZm-_Mw
982,2019,7,575,WashingtonDC,38.90373580377149,-77.00158351333104,XMyZ41gBNphvnyNoZeexFA,861,0,944,8,8648,True,XMyZ41gBNphvnyNoZeexFA
378,2014,6,290,WashingtonDC,38.89375056315438,-77.026046151129,K2jPZfki3YybEgU28visLw,1011,1,2007,5,8659,True,K2jPZfki3YybEgU28visLw
1126,2014,4,522,WashingtonDC,38.90683853473676,-77.03454152472197,Fy36n-iD4mue-mRIJNQALw,742,0,794,4,8661,True,Fy36n-iD4mue-mRIJNQALw
1237,2018,7,303,WashingtonDC,38.90870046148567,-77.03553285689586,d8SbJKjCJ6ouHmLNt5MiYQ,1363,1,1939,3,8666,True,d8SbJKjCJ6ouHmLNt5MiYQ
1871,2011,6,187,WashingtonDC,38.91970065427475,-77.04149266106367,Xr4sWJUAq9O12EfXIwSdSw,1163,1,1730,3,8676,True,Xr4sWJUAq9O12EfXIwSdSw
1588,2016,10,253,WashingtonDC,38.9147512049189,-77.02960468890706,ngk42YIrFR_HnwkRAP5xWg,1355,1,1994,3,8688,True,ngk42YIrFR_HnwkRAP5xWg
1080,2011,6,538,WashingtonDC,38.90566869224104,-77.02361929886456,xtBrxFlZ9gypXQKPM3M9Qg,2,0,2,3,8714,True,xtBrxFlZ9gypXQKPM3M9Qg
1379,2009,7,374,WashingtonDC,38.91101019444525,-77.00948115704443,vCohLRyrdSYVSgSm7Vtk5w,571,0,593,5,8726,True,vCohLRyrdSYVSgSm7Vtk5w
124,2009,7,402,WashingtonDC,38.89022577122728,-77.04959833924208,KguQ1B-I64Dja8cGsSxGdg,836,0,915,7,8735,True,KguQ1B-I64Dja8cGsSxGdg
1293,2014,4,321,WashingtonDC,38.90974080724145,-77.04264372578298,TJtmRVVFx284O03ZAkEMVA,386,0,396,14,8740,True,TJtmRVVFx284O03ZAkEMVA
1917,2014,4,585,WashingtonDC,38.92091880144264,-77.05464351031767,0S94yaDuceZ_9LPsts048w,1356,2,1948,3,8741,True,0S94yaDuceZ_9LPsts048w
915,2017,6,373,WashingtonDC,38.90249859540784,-77.00660393588615,_5swfgO0aiKVrjKrJ196YQ,752,0,806,3,8743,True,_5swfgO0aiKVrjKrJ196YQ
1052,2017,6,553,WashingtonDC,38.90564686415929,-77.04557335510628,4q5qfCdCinOntkJAh-i5nQ,747,0,799,11,8745,True,4q5qfCdCinOntkJAh-i5nQ
1550,2014,5,413,WashingtonDC,38.91387151578201,-77.01575266592677,PRJD4v217bfbEPPdsUmSYw,328,0,335,3,8747,True,PRJD4v217bfbEPPdsUmSYw
953,2019,6,235,WashingtonDC,38.90378565395113,-77.03453572414028,GNSVvncsPlKtdmiO5qOvcg,725,0,774,8,8749,True,GNSVvncsPlKtdmiO5qOvcg
845,2011,8,620,WashingtonDC,38.90215142436518,-77.02352578210133,rwey7QGXue7i1_O2wpdwpw,771,1,897,8,8754,True,rwey7QGXue7i1_O2wpdwpw
579,2018,10,362,WashingtonDC,38.89676078974296,-76.99845483799136,Tq5dkopU-1W99L5K2RKQCg,1034,0,1178,8,8760,True,Tq5dkopU-1W99L5K2RKQCg
380,2019,11,241,WashingtonDC,38.89381740693781,-77.02588931485658,4ssydzr-7yrerDlafp2v9g,1011,0,1141,7,8766,True,4ssydzr-7yrerDlafp2v9g
590,2018,9,508,WashingtonDC,38.89779521037142,-77.0417190582786,XT_7kEHY9lW8v9uGKjNtlg,604,0,631,6,8767,True,XT_7kEHY9lW8v9uGKjNtlg
1479,2007,9,442,WashingtonDC,38.91279743060308,-77.02964804305391,zY-MVjc2RsQF6pUGQu0G7g,658,0,689,5,8771,True,zY-MVjc2RsQF6pUGQu0G7g
1280,2009,7,408,WashingtonDC,38.90884598370319,-76.99855967921225,iCAfbQOAz73TXIyNb4GzOA,905,1,1526,3,8780,True,iCAfbQOAz73TXIyNb4GzOA
304,2017,6,319,WashingtonDC,38.89277077497519,-77.04345340782204,oEEnsCTZo91Z8JK_N72eOQ,902,0,995,5,8786,True,oEEnsCTZo91Z8JK_N72eOQ
953,2016,10,138,WashingtonDC,38.9037527319506,-77.03450895250828,czADqbkrXTF_Xtd4BEOtqA,725,2,2008,2,8797,True,czADqbkrXTF_Xtd4BEOtqA
1611,2018,7,211,WashingtonDC,38.91482526936427,-77.01158256238138,8V1khKZ5bmgFWUZhdFH-sA,397,1,1158,4,8799,True,8V1khKZ5bmgFWUZhdFH-sA
493,2018,10,588,WashingtonDC,38.89616618611914,-77.02752799237632,Wqs6dwfIMGejSxzWEfaOtg,1331,0,1689,10,8820,True,Wqs6dwfIMGejSxzWEfaOtg
1397,2015,11,382,WashingtonDC,38.91179580136343,-77.05061881073378,yEQ22myLF-oXvcMLFDe9JQ,159,0,160,4,8822,True,yEQ22myLF-oXvcMLFDe9JQ
933,2018,10,456,WashingtonDC,38.90359586395056,-77.05533630933019,RiaghOed4rDOB4laXrM0HQ,1372,0,1918,5,8829,True,RiaghOed4rDOB4laXrM0HQ
99,2007,8,363,WashingtonDC,38.88883505698806,-77.01756878568803,L_L8T24AkVXRHhJiupRgig,731,2,2009,1,8830,True,L_L8T24AkVXRHhJiupRgig
52,2007,11,654,WashingtonDC,38.88780067923355,-77.00354141183236,Z-MuRrtLPwglXUiuXkJblw,1097,1,1429,10,8831,True,Z-MuRrtLPwglXUiuXkJblw
1708,2012,5,202,WashingtonDC,38.91678117838249,-77.02964348767131,xUDkJOQVZaB5Z21n-fZ1Gg,321,0,328,5,8836,True,xUDkJOQVZaB5Z21n-fZ1Gg
278,2019,6,488,WashingtonDC,38.89208465363819,-77.00857501698962,1B3Nt5cFyNowBi-qszByjA,541,2,1740,5,8843,True,1B3Nt5cFyNowBi-qszByjA
1832,2017,8,309,WashingtonDC,38.91877773132033,-77.0238755508632,jv-rVWevLgliVEVR07pM4A,926,1,1724,3,8847,True,jv-rVWevLgliVEVR07pM4A
338,2019,6,418,WashingtonDC,38.89209454355825,-77.00869066676209,I7_4BfpFz3_JqBmgm7aWDQ,541,1,821,9,8848,True,I7_4BfpFz3_JqBmgm7aWDQ
483,2018,10,598,WashingtonDC,38.89558213285504,-77.03256382786465,Hs5aCF4ehXmX-Vwx23Y5yw,823,0,898,9,8850,True,Hs5aCF4ehXmX-Vwx23Y5yw
1587,2018,8,159,WashingtonDC,38.91480937663425,-77.03658649543684,eRRZek_PSd5RG6yjcDAWJw,430,2,2010,1,8859,True,eRRZek_PSd5RG6yjcDAWJw
1463,2017,7,191,WashingtonDC,38.91277147676787,-77.03849325716136,GqeDQF6R0TFY2TVGXx-c1g,573,0,595,6,8862,True,GqeDQF6R0TFY2TVGXx-c1g
451,2008,6,536,WashingtonDC,38.89480388765092,-77.01159508210907,9zR5IbNxoiqC3TF6uimflg,678,1,1879,3,8871,True,9zR5IbNxoiqC3TF6uimflg
1613,2018,7,433,WashingtonDC,38.91479339884602,-77.00790294084457,pfGGPxNgfcZR1LGobe_Edg,306,1,2011,1,8873,True,pfGGPxNgfcZR1LGobe_Edg
850,2011,6,445,WashingtonDC,38.90189510917334,-77.01987874110836,UFPCPKYl46DqONMmGCynlA,158,0,159,8,8874,True,UFPCPKYl46DqONMmGCynlA
1724,2019,7,121,WashingtonDC,38.91672756773283,-77.01586403675964,f2j0qwzKseoG3oL96MBEXQ,1360,0,1851,4,8886,True,f2j0qwzKseoG3oL96MBEXQ
271,2018,10,462,WashingtonDC,38.89210707334212,-77.01884584894665,ITmxGb4u0cSY7c5UVBA-gg,1254,0,1518,4,8899,True,ITmxGb4u0cSY7c5UVBA-gg
858,2019,7,426,WashingtonDC,38.90254630458441,-77.01051319683611,SH8gNHP2YQTSg5To7f03Zw,488,0,502,8,8906,True,SH8gNHP2YQTSg5To7f03Zw
24,2011,3,550,WashingtonDC,38.88763899456355,-77.02860913443318,IiwQfi6JAx44A2-pPZnO7g,486,0,500,8,8908,True,IiwQfi6JAx44A2-pPZnO7g
56,2009,7,271,WashingtonDC,38.88784507948534,-76.99950697195375,9nXCxJyO3LEntYnuCRFLWg,337,1,826,4,8911,True,9nXCxJyO3LEntYnuCRFLWg
813,2007,11,192,WashingtonDC,38.90083300891455,-77.00203224238827,X46LgUKdeazn5MkPaWeLWg,548,1,1143,7,8923,True,X46LgUKdeazn5MkPaWeLWg
162,2017,6,300,WashingtonDC,38.88979365366797,-77.00563186775278,dME4DBFFbR3J3C53NEHnmA,424,1,604,3,8925,True,dME4DBFFbR3J3C53NEHnmA
1739,2018,7,37,WashingtonDC,38.91681457629461,-77.00058730868406,XhPFYVyVYZsKxIA_68GQag,200,0,203,6,8927,True,XhPFYVyVYZsKxIA_68GQag
1272,2009,7,152,WashingtonDC,38.90886675773327,-77.00457554971278,-CsyxgFgtvpW3LkmugUC4g,43,2,2012,1,8930,True,-CsyxgFgtvpW3LkmugUC4g
1,2007,8,329,WashingtonDC,38.88776910142569,-77.05449926544277,3r05xs0TkDe1Sn4vsNbs1g,185,0,186,14,8931,True,3r05xs0TkDe1Sn4vsNbs1g
1651,2018,10,395,WashingtonDC,38.91557338301772,-77.02853462718947,d2wjUPi6Dx5awuGcl7v0RA,139,0,140,10,8937,True,d2wjUPi6Dx5awuGcl7v0RA
169,2017,9,291,WashingtonDC,38.88984973823788,-77.00355026960321,MUBNh7E2rqROm-JSeZN1nA,566,1,776,5,8944,True,MUBNh7E2rqROm-JSeZN1nA
1183,2014,8,644,WashingtonDC,38.9078171573403,-77.03069453291388,BWQqqb6qToG7dxfMsnbm3g,147,1,1362,3,8947,True,BWQqqb6qToG7dxfMsnbm3g
1621,2018,10,223,WashingtonDC,38.91576515457215,-77.05260776488224,1-dqRIHi6qKAk3fStr2NGQ,116,1,2013,1,8965,True,1-dqRIHi6qKAk3fStr2NGQ
1568,2007,9,239,WashingtonDC,38.91482989983822,-77.04843227140022,4oyOhXLAUPUljGKCmwwLQw,378,0,388,6,8968,True,4oyOhXLAUPUljGKCmwwLQw
1274,2011,5,368,WashingtonDC,38.90966677607803,-77.05258519759319,cbq_NnvaZpUB-DDMqpY_Ug,1288,0,1586,5,8969,True,cbq_NnvaZpUB-DDMqpY_Ug
982,2017,7,394,WashingtonDC,38.90372398947278,-77.00162209865235,SA_hO72VXQVr_KgboIBHJA,861,1,1978,3,8971,True,SA_hO72VXQVr_KgboIBHJA
1658,2017,7,285,WashingtonDC,38.91557342303204,-77.02262428170457,IjzlhFKwZHZvaiDQ7MpbkQ,207,0,210,8,8979,True,IjzlhFKwZHZvaiDQ7MpbkQ
1640,2017,6,653,WashingtonDC,38.91584470041825,-77.04355904612873,Rq9aSvaV6k9jBSjgyWUiRw,1044,1,1764,5,8990,True,Rq9aSvaV6k9jBSjgyWUiRw
1800,2009,7,443,WashingtonDC,38.91782984025094,-77.00054444973574,_awhbKJ4Gc0UvS88SsiBsg,1364,1,1910,4,8994,True,_awhbKJ4Gc0UvS88SsiBsg
377,2017,9,590,WashingtonDC,38.89385777080949,-77.02350289947252,aOpEGGZ8JPzWCmdXhpjDOA,620,0,649,8,8996,True,aOpEGGZ8JPzWCmdXhpjDOA
759,2016,10,415,WashingtonDC,38.90070285332151,-77.05355590087831,RUzdbV59eublCXYX6fAapw,818,0,890,8,9023,True,RUzdbV59eublCXYX6fAapw
329,2014,5,351,WashingtonDC,38.89306875868984,-77.01183577598779,Bq_KxOcIcYuRRFDjdG8BMg,1375,0,1945,5,9025,True,Bq_KxOcIcYuRRFDjdG8BMg
1647,2014,4,464,WashingtonDC,38.91585338871871,-77.03761507892945,uPd6Xa4b1jpJsrnzZFFUOw,80,0,81,9,9026,True,uPd6Xa4b1jpJsrnzZFFUOw
586,2014,4,603,WashingtonDC,38.89780778864866,-77.05462034374808,0HpoItlBZz7mnU5_wr0jcA,572,0,594,4,9033,True,0HpoItlBZz7mnU5_wr0jcA
515,2014,5,465,WashingtonDC,38.89571210135825,-77.00057446082161,BB5UI0YM3erVAVWZvKW5TA,62,0,62,9,9035,True,BB5UI0YM3erVAVWZvKW5TA
1681,2016,11,298,WashingtonDC,38.91701147142272,-77.0516161438549,l1z-DC9kJSFNUKdKwFytlg,1168,0,1380,5,9041,True,l1z-DC9kJSFNUKdKwFytlg
1871,2017,7,357,WashingtonDC,38.91970183061648,-77.04151126764901,DI45x2f3-ocX7RTgLkiSQA,1163,0,1373,3,9049,True,DI45x2f3-ocX7RTgLkiSQA
1090,2017,7,408,WashingtonDC,38.90564328584939,-77.00759246814438,bOMeJngn-dTzLqq74qp0pA,105,0,106,10,9055,True,bOMeJngn-dTzLqq74qp0pA
155,2014,4,255,WashingtonDC,38.88980764307429,-77.01244792055921,YrHZzdltd-K1jvFRk_CfsQ,955,0,1062,4,9057,True,YrHZzdltd-K1jvFRk_CfsQ
1142,2017,6,327,WashingtonDC,38.90656186124178,-77.01139608122175,pul82kZ9ABkvnWGJsxlAjQ,1058,0,1211,7,9090,True,pul82kZ9ABkvnWGJsxlAjQ
1270,2012,5,409,WashingtonDC,38.9085808762398,-77.0036759575466,UlXdPxku6BAAM-BCUVtrlw,696,0,740,7,9092,True,UlXdPxku6BAAM-BCUVtrlw
923,2009,7,350,WashingtonDC,38.90284314013469,-77.00358682545497,ha2XH3zqA7d6cAoQ3fKNGw,1259,0,1524,5,9098,True,ha2XH3zqA7d6cAoQ3fKNGw
1533,2016,11,544,WashingtonDC,38.91409629933158,-77.03056704386906,x0FfmOgZsXkXQir33g07yQ,145,1,1294,5,9109,True,x0FfmOgZsXkXQir33g07yQ
1224,2018,10,348,WashingtonDC,38.90913961991699,-77.05080763822099,2wGTtNHY_IYgQaPsoheWtQ,474,0,486,12,9116,True,2wGTtNHY_IYgQaPsoheWtQ
1538,2011,6,482,WashingtonDC,38.91409674497383,-77.0265566609322,FeSfy1FNcJ4AWVhbdMe3fg,28,1,2014,1,9129,True,FeSfy1FNcJ4AWVhbdMe3fg
1746,2018,10,416,WashingtonDC,38.91775640616456,-77.04960562451943,D7ADAa4mjoN1LRjRNL7UXw,210,1,2015,2,9135,True,D7ADAa4mjoN1LRjRNL7UXw
1749,2007,9,375,WashingtonDC,38.91785650641352,-77.0442595970816,Ox4dFQUsO03U4WAvcQfJEA,1106,0,1287,8,9139,True,Ox4dFQUsO03U4WAvcQfJEA
360,2018,7,326,WashingtonDC,38.89352679763191,-77.04552263869125,uVpYtcaU2geiWxV7eI439w,485,1,2016,1,9145,True,uVpYtcaU2geiWxV7eI439w
537,2017,6,468,WashingtonDC,38.89680014602123,-77.0417209952745,TM4oYHvZKS0S1v1pPpdmeg,1153,0,1360,4,9150,True,TM4oYHvZKS0S1v1pPpdmeg
1554,2018,7,318,WashingtonDC,38.91405636313787,-77.01458775670892,g_cr3xwVUOWACsoUOJ5L9g,288,0,293,6,9152,True,g_cr3xwVUOWACsoUOJ5L9g
985,2019,7,50,WashingtonDC,38.90376425962295,-76.9994989585283,v9mbhrjY1XZ79ZSClrM0qQ,977,3,2017,1,9153,True,v9mbhrjY1XZ79ZSClrM0qQ
1547,2011,8,572,WashingtonDC,38.91360440801174,-77.01842149990127,JWmXO42CBtwSuCzM_Jo9JA,469,0,480,11,9156,True,JWmXO42CBtwSuCzM_Jo9JA
1065,2008,6,491,WashingtonDC,38.90564833687679,-77.03751644358314,RzDTqQETfFW5UjkxakMKtQ,1344,0,1755,9,9175,True,RzDTqQETfFW5UjkxakMKtQ
892,2007,8,579,WashingtonDC,38.90255094945134,-77.03765843664578,POrZP8H352hMw8JIkLoKtg,787,0,850,7,9179,True,POrZP8H352hMw8JIkLoKtg
1745,2017,6,598,WashingtonDC,38.91782361584377,-77.0505616137634,gvxDtaHS9_O8PHUEKUx63A,993,1,1889,5,9183,True,gvxDtaHS9_O8PHUEKUx63A
869,2007,11,123,WashingtonDC,38.90184267620376,-76.99951784006925,J0Io4-Zm8CK0-a8A878gwQ,938,0,1043,6,9199,True,J0Io4-Zm8CK0-a8A878gwQ
1246,2007,11,454,WashingtonDC,38.90877867431515,-77.02955566289306,WvG4Y1j3KKTOLb0OnjS52w,929,0,1028,10,9205,True,WvG4Y1j3KKTOLb0OnjS52w
528,2015,11,360,WashingtonDC,38.89683962078439,-77.04491492864591,kY8QOy11Lalz2juo6bGJyA,245,0,248,8,9220,True,kY8QOy11Lalz2juo6bGJyA
1253,2016,10,407,WashingtonDC,38.90854964699516,-77.02257836778024,o9KCleIGM5SJ5pDqSUvfyQ,767,1,2018,1,9227,True,o9KCleIGM5SJ5pDqSUvfyQ
1500,2011,10,443,WashingtonDC,38.91260731021762,-77.00557980609393,TUzf8gtaV-5RB7BB2tjUCg,444,2,1706,4,9239,True,TUzf8gtaV-5RB7BB2tjUCg
767,2009,7,464,WashingtonDC,38.90070326860802,-77.04754921788285,10r730xfLywTOtMUygZQUA,103,1,2019,1,9249,True,10r730xfLywTOtMUygZQUA
841,2016,10,530,WashingtonDC,38.90170601471842,-77.02053694162007,xQ-w23_lSAyAFTAwUKLgPQ,1237,0,1491,4,9261,True,xQ-w23_lSAyAFTAwUKLgPQ
1502,2011,10,629,WashingtonDC,38.91260528334683,-77.00462599776519,kyVBSVNFyEu9lctGcYX7jQ,1232,1,2020,2,9270,True,kyVBSVNFyEu9lctGcYX7jQ
677,2018,10,50,WashingtonDC,38.89875395561624,-77.01428802461001,rkbjqPEqU4hHWKj_0V0qWg,565,0,587,9,9275,True,rkbjqPEqU4hHWKj_0V0qWg
924,2017,6,349,WashingtonDC,38.90250069230574,-77.00255446533752,9zTtbuqEYw0C_Mwu0-9N_w,169,0,170,8,9276,True,9zTtbuqEYw0C_Mwu0-9N_w
1041,2014,8,306,WashingtonDC,38.90578355064356,-77.0532948516398,9Ej5F1XE2ob9FJepubqvJA,595,0,620,11,9277,True,9Ej5F1XE2ob9FJepubqvJA
708,2014,7,633,WashingtonDC,38.89971744694095,-77.04347301356421,fj-GuOHqljNASHGzqm9LSw,957,0,1067,7,9280,True,fj-GuOHqljNASHGzqm9LSw
328,2018,7,180,WashingtonDC,38.8926629492958,-77.01239867463408,fw5JCRSf9M3pK3xThR1RAg,1148,0,1349,3,9281,True,fw5JCRSf9M3pK3xThR1RAg
46,2019,7,370,WashingtonDC,38.8875829925998,-77.00850457881845,9QDc14xRj7lKvqlGN_gkMw,1290,0,1588,7,9286,True,9QDc14xRj7lKvqlGN_gkMw
1521,2014,6,383,WashingtonDC,38.91409722128038,-77.04256043653396,3xKU9gMOTtlW__r5meREag,278,0,283,6,9287,True,3xKU9gMOTtlW__r5meREag
1301,2018,10,574,WashingtonDC,38.91019198044221,-77.02963358553008,-d9cFbiggHdaSaBoo5MqcQ,1256,0,1520,9,9288,True,-d9cFbiggHdaSaBoo5MqcQ
1213,2014,5,330,WashingtonDC,38.90778419312038,-77.00763066929791,JDFv53IT6ejn4JkqADbERw,941,0,1046,9,9289,True,JDFv53IT6ejn4JkqADbERw
316,2007,8,291,WashingtonDC,38.89280669735063,-77.02604937603344,Eh4Emwn9PPglqyyIpIH1Xg,971,1,1415,4,9292,True,Eh4Emwn9PPglqyyIpIH1Xg
726,2012,5,294,WashingtonDC,38.89980164320557,-77.0295784517924,QQTGpEH7wFawIkZpM1sE5g,1025,0,1164,7,9296,True,QQTGpEH7wFawIkZpM1sE5g
793,2016,10,467,WashingtonDC,38.90088758097439,-77.01957630085653,lJY-RtfYQy2AqjVGFdrIgQ,655,1,2021,1,9302,True,lJY-RtfYQy2AqjVGFdrIgQ
874,2019,8,486,WashingtonDC,38.90184241966178,-76.99844603888243,mP-RFJLSWiqyPwijWRG8Hw,453,0,463,8,9312,True,mP-RFJLSWiqyPwijWRG8Hw
62,2019,10,152,WashingtonDC,38.88877674646905,-77.05163812705099,VclU3dc5FOoafksEGmCcmg,700,0,744,6,9321,True,VclU3dc5FOoafksEGmCcmg
1319,2018,7,87,WashingtonDC,38.90979961926985,-77.01637761092496,rDiZfYNv8KtMPyoMg4L-4A,597,0,622,11,9323,True,rDiZfYNv8KtMPyoMg4L-4A
1030,2014,5,517,WashingtonDC,38.90469112356258,-77.01352282809081,P-aco5E9HBBiOHUYQv7yCw,289,0,294,5,9325,True,P-aco5E9HBBiOHUYQv7yCw
1371,2012,5,279,WashingtonDC,38.91081972235236,-77.01519150677926,W9XfafwfHsR0d3NtUXGjeQ,517,0,535,4,9341,True,W9XfafwfHsR0d3NtUXGjeQ
1873,2018,10,437,WashingtonDC,38.91966158489193,-77.0435314338859,hqa1D-dkk4Mmv-xvSlqw_Q,560,0,581,6,9346,True,hqa1D-dkk4Mmv-xvSlqw_Q
496,2014,4,18,WashingtonDC,38.89584006016381,-77.02195700164302,hj16Y0QwrD-g9m5YBihCkQ,1002,0,1129,5,9352,True,hj16Y0QwrD-g9m5YBihCkQ
173,2018,10,302,WashingtonDC,38.88979161046242,-77.00057902884534,uuh6gr0oLDTlaUeMGud5_g,600,2,1869,4,9354,True,uuh6gr0oLDTlaUeMGud5_g
574,2014,5,364,WashingtonDC,38.89679633657894,-77.00766687122673,cegw9z2sOKGq3HiqqAya5g,316,2,2023,1,9357,True,cegw9z2sOKGq3HiqqAya5g
95,2009,7,648,WashingtonDC,38.88869575972266,-77.01350888557013,j-hmucYZq_e-J25QKwjAOg,1373,1,1995,3,9359,True,j-hmucYZq_e-J25QKwjAOg
509,2015,7,143,WashingtonDC,38.89609866653619,-77.01057697304394,Lh2zkRGrlJGROyMQNxv0hA,1322,0,1665,6,9374,True,Lh2zkRGrlJGROyMQNxv0hA
1235,2019,7,351,WashingtonDC,38.90877754805552,-77.03659996135775,JdEEPeUCuvb5MbFgcZZRJQ,203,0,206,10,9376,True,JdEEPeUCuvb5MbFgcZZRJQ
170,2016,12,250,WashingtonDC,38.88976299828273,-76.99845278348629,5FkpX95geimJPnqIHiH8Fg,688,2,1351,4,9377,True,5FkpX95geimJPnqIHiH8Fg
702,2015,9,382,WashingtonDC,38.89956586164155,-77.05059082220728,UCnmKs-oBoqARqElZKHcVg,777,0,834,6,9378,True,UCnmKs-oBoqARqElZKHcVg
446,2007,11,219,WashingtonDC,38.89482390501254,-77.01756294138426,BdIr8vw9ebyXxSHy2H-9xA,825,1,2025,1,9387,True,BdIr8vw9ebyXxSHy2H-9xA
1931,2017,7,456,WashingtonDC,38.92086272105736,-77.03971933768199,4aJtWLLKb1Zwx93c_uxNhg,1261,0,1527,4,9394,True,4aJtWLLKb1Zwx93c_uxNhg
1336,2011,6,421,WashingtonDC,38.91114900336814,-77.04963450347964,fbjuQ2B4HVX1YEDeIIUJsA,1379,1,2026,1,9398,True,fbjuQ2B4HVX1YEDeIIUJsA
867,2019,7,410,WashingtonDC,38.90181408982105,-77.00594323404277,8wDYh08tLy_kVI9DKROeAg,1198,0,1425,8,9400,True,8wDYh08tLy_kVI9DKROeAg
343,2016,10,560,WashingtonDC,38.89204194300606,-77.00435700105827,C5har80m4TRshorgsQAk6Q,309,0,316,9,9415,True,C5har80m4TRshorgsQAk6Q
139,2018,10,478,WashingtonDC,38.88978606843246,-77.03288478578642,ha74h_PIdrM2YBCsYY7gOg,442,1,1938,6,9419,True,ha74h_PIdrM2YBCsYY7gOg
808,2018,7,137,WashingtonDC,38.90077467829665,-77.00057394015927,yLGBi2YE43W2GHMdoXUPkg,804,0,873,6,9422,True,yLGBi2YE43W2GHMdoXUPkg
1969,2020,6,275,WashingtonDC,38.92055340422449,-76.99838681213501,CAoSLEFGMVFpcFBrRmJNXzZaaFN0eUcxQ01iYjg4b3dIaDVwSmNTZEJ1LUlTR2RB,348,1,2027,1,9424,True,CAoSLEFGMVFpcFBrRmJNXzZaaFN0eUcxQ01iYjg4b3dIaDVwSmNTZEJ1LUlTR2RB
207,2017,6,370,WashingtonDC,38.89051233844453,-77.02459863164073,aadDzuO376X907AiugQwag,1194,0,1419,10,9428,True,aadDzuO376X907AiugQwag
441,2008,6,256,WashingtonDC,38.89485312556933,-77.02053024795087,913ozEK1R3Ses8TSV9bCJg,315,1,2028,1,9430,True,913ozEK1R3Ses8TSV9bCJg
1579,2018,10,441,WashingtonDC,38.91481722782457,-77.04486805775163,XbEVo4wn6KRU6JMtpYdlWw,1207,0,1439,8,9433,True,XbEVo4wn6KRU6JMtpYdlWw
43,2009,7,267,WashingtonDC,38.88757941651304,-77.01055014697073,nYswu8LWAXWsPRCr_-gXyg,1082,0,1250,6,9437,True,nYswu8LWAXWsPRCr_-gXyg
1912,2011,7,508,WashingtonDC,38.91979996632124,-77.00054576503754,wl0-Vzu10dnu4-kGnTcGSQ,556,2,2029,1,9441,True,wl0-Vzu10dnu4-kGnTcGSQ
171,2012,5,375,WashingtonDC,38.89130322222654,-77.05450222057526,EXRiBs2YxICPvsvKx1AKiA,522,0,542,13,9443,True,EXRiBs2YxICPvsvKx1AKiA
1919,2019,10,587,WashingtonDC,38.92069783587718,-77.05148779811003,rpoAJyq0OWPVRD6UDoCm6Q,407,0,417,12,9459,True,rpoAJyq0OWPVRD6UDoCm6Q
1292,2009,7,94,WashingtonDC,38.90984562272529,-77.03850960007124,UmLUElU1-A0h3AY53fL0Ug,1055,0,1208,7,9469,True,UmLUElU1-A0h3AY53fL0Ug
625,2011,6,503,WashingtonDC,38.89806749043488,-77.01041241667716,pXp38hezECu7c0Hy12SF9w,1135,0,1328,8,9475,True,pXp38hezECu7c0Hy12SF9w
906,2018,7,226,WashingtonDC,38.90297551697733,-77.02160000011776,O29Bx8p5s86iSkgqsQHkgg,781,0,840,6,9494,True,O29Bx8p5s86iSkgqsQHkgg
1252,2014,5,478,WashingtonDC,38.90854574852947,-77.0245710221163,6Pk5vhZGIKIcfPk-srllUA,506,2,2030,1,9495,True,6Pk5vhZGIKIcfPk-srllUA
1359,2019,11,510,WashingtonDC,38.91073143502361,-77.03456809079638,xs_e0-4bGcp5P56FWlN3qQ,394,0,404,8,9500,True,xs_e0-4bGcp5P56FWlN3qQ
1763,2018,10,605,WashingtonDC,38.91811311511257,-77.03355257903883,wSfLjTk8EP_5L7FCBFLHWg,1278,0,1564,9,9502,True,wSfLjTk8EP_5L7FCBFLHWg
913,2018,6,483,WashingtonDC,38.90278718303999,-77.01467577791047,okCUFAROKZMjnsd2B66GOQ,675,0,712,10,9504,True,okCUFAROKZMjnsd2B66GOQ
814,2014,4,369,WashingtonDC,38.90180364224661,-77.05330620326609,SUoR382DG7RhL-rg7uJ2dw,1205,0,1437,8,9506,True,SUoR382DG7RhL-rg7uJ2dw
919,2009,7,597,WashingtonDC,38.90280252888643,-77.00591033351267,NydlqYbL4y8bJ0dNZOvZ3A,952,0,1059,5,9508,True,NydlqYbL4y8bJ0dNZOvZ3A
518,2007,10,72,WashingtonDC,38.89568194207216,-77.00471861240167,fAtfBqc2srN8eTmHzHh2kw,683,1,878,5,9510,True,fAtfBqc2srN8eTmHzHh2kw
1334,2019,7,591,WashingtonDC,38.90951292480965,-76.99884515668259,DD1uXBiyr_krVZ5TYWgWOQ,300,0,307,9,9515,True,DD1uXBiyr_krVZ5TYWgWOQ
518,2014,5,240,WashingtonDC,38.89571373709119,-77.00468881316505,Lv60FIBjSJeUsaUnMgZBIA,683,0,724,9,9516,True,Lv60FIBjSJeUsaUnMgZBIA
1923,2014,4,173,WashingtonDC,38.9207747312115,-77.04559611183535,PRgZ83bPjTmSa6DKKqC1ew,996,1,1833,4,9518,True,PRgZ83bPjTmSa6DKKqC1ew
555,2017,7,309,WashingtonDC,38.89732273892449,-77.01754946804117,D_mjR_7AtdlzcxvxyUbfsg,501,0,517,6,9520,True,D_mjR_7AtdlzcxvxyUbfsg
1616,2018,7,486,WashingtonDC,38.9155680452567,-77.00652145035677,qkm6V3ShD3z8UW86R8-XmA,1294,1,1911,4,9522,True,qkm6V3ShD3z8UW86R8-XmA
51,2018,10,226,WashingtonDC,38.88759705932186,-77.0075360892762,BGS6m-iqpq7AJKDL1vfM-A,693,0,737,8,9526,True,BGS6m-iqpq7AJKDL1vfM-A
1741,2018,10,611,WashingtonDC,38.91797384023459,-77.05152645659906,XPE5D7GATHSg1ANprariag,1069,0,1224,5,9531,True,XPE5D7GATHSg1ANprariag
1258,2009,7,460,WashingtonDC,38.90858102923509,-77.0166110615515,9C31fNl6mt2Dh33BCCdakQ,759,1,1810,4,9532,True,9C31fNl6mt2Dh33BCCdakQ
790,2018,10,616,WashingtonDC,38.90089477633236,-77.02153829926091,WKbXNAsxCTskyE41K9BQsg,865,1,1933,3,9536,True,WKbXNAsxCTskyE41K9BQsg
1432,2011,10,578,WashingtonDC,38.91186870117856,-77.0186031588736,u3SAY9k2d1YT2afFER91WQ,1279,0,1566,4,9540,True,u3SAY9k2d1YT2afFER91WQ
1388,2019,7,484,WashingtonDC,38.91100860195788,-77.00241906747196,pwKpWNDZmfejosgbrXenyQ,835,0,914,3,9543,True,pwKpWNDZmfejosgbrXenyQ
1064,2016,11,623,WashingtonDC,38.90566038607575,-77.03560137996344,ID57mb8JgQcNf4ZPn-6rOQ,131,0,132,9,9550,True,ID57mb8JgQcNf4ZPn-6rOQ
1705,2018,10,496,WashingtonDC,38.91683198178627,-77.03649063375187,dZbr5PH1JbHqlUvqqFxsnA,198,1,2031,1,9552,True,dZbr5PH1JbHqlUvqqFxsnA
280,2017,6,336,WashingtonDC,38.89210680199732,-77.01058768451179,buDAB7IgStGXAbQjTLWGpA,68,0,68,4,9561,True,buDAB7IgStGXAbQjTLWGpA
367,2007,8,575,WashingtonDC,38.89354925501851,-77.04057427248767,2gIIpuAKj6gbc2LxUumaPg,1297,0,1600,9,9576,True,2gIIpuAKj6gbc2LxUumaPg
1282,2011,5,463,WashingtonDC,38.90965024095133,-77.04760803603243,UAGnQTMTo-V820OHHEGaWA,243,3,2032,1,9577,True,UAGnQTMTo-V820OHHEGaWA
535,2014,8,398,WashingtonDC,38.89677431173506,-77.03942498106301,IIDsQBU1LHr0c7LU6eVyPw,438,0,448,9,9581,True,IIDsQBU1LHr0c7LU6eVyPw
802,2016,10,434,WashingtonDC,38.90081045987394,-77.00648296109382,5AO-hLSmI1QvomsUfkolqg,118,1,2033,2,9593,True,5AO-hLSmI1QvomsUfkolqg
1443,2011,8,413,WashingtonDC,38.91179197160925,-77.00653561944345,nRaEPE5zLuNVFUgLlgdnug,1169,2,2034,1,9594,True,nRaEPE5zLuNVFUgLlgdnug
1680,2014,7,200,WashingtonDC,38.9158019681829,-77.00055427894756,rnAfLiDPrACheKWXcHpsIQ,890,1,2035,1,9599,True,rnAfLiDPrACheKWXcHpsIQ
781,2011,5,448,WashingtonDC,38.9006610237567,-77.02855452594177,SxR8Cfy7DXB6bcfoveAsCA,451,0,461,7,9601,True,SxR8Cfy7DXB6bcfoveAsCA
948,2017,7,332,WashingtonDC,38.90372924779473,-77.03563383010325,JbKACU-vqtkKaC_w6A_0-g,899,0,991,9,9609,True,JbKACU-vqtkKaC_w6A_0-g
386,2018,7,268,WashingtonDC,38.89357605478512,-77.01745516052927,k-t5gTipwjLf-7MbP0AMZg,924,1,1661,4,9611,True,k-t5gTipwjLf-7MbP0AMZg
1460,2007,9,365,WashingtonDC,38.91272210186978,-77.04750167778333,-0ZGvtP4XS-01dcH7sBQxQ,515,0,533,7,9616,True,-0ZGvtP4XS-01dcH7sBQxQ
112,2017,6,330,WashingtonDC,38.8888001040917,-76.9995159360098,_-0X4Ftf1s6KcR6VYo-fZw,866,1,1377,3,9638,True,_-0X4Ftf1s6KcR6VYo-fZw
721,2014,4,115,WashingtonDC,38.899805557452,-77.0285724005466,Fo3S-gT6hpZSwcnWtwgSEg,77,0,78,9,9640,True,Fo3S-gT6hpZSwcnWtwgSEg
967,2018,9,420,WashingtonDC,38.90376069554662,-77.01758579649677,s0qQjCkldTegJE6EZhIy1Q,381,2,2036,1,9641,True,s0qQjCkldTegJE6EZhIy1Q
965,2019,7,465,WashingtonDC,38.90380968093292,-77.0219128359083,jnTFw83Xl1L55kpDintnOg,699,0,743,8,9644,True,jnTFw83Xl1L55kpDintnOg
1384,2019,7,570,WashingtonDC,38.9107512985418,-77.00255733369106,doOivLnID95DOkjHwA_uIA,136,0,137,4,9645,True,doOivLnID95DOkjHwA_uIA
1118,2012,5,500,WashingtonDC,38.90685527676313,-77.038513821783,T7pWLAfhgZmWPsAGt7sOhw,1371,0,1909,5,9648,True,T7pWLAfhgZmWPsAGt7sOhw
409,2016,10,441,WashingtonDC,38.89577730071428,-77.0516774272533,z8-axGxDIFQghtVsuekLig,753,0,807,6,9659,True,z8-axGxDIFQghtVsuekLig
777,2017,7,317,WashingtonDC,38.90076926566048,-77.03477579105152,idjglmuPx_nYbvydQzeZvQ,1307,1,2037,1,9665,True,idjglmuPx_nYbvydQzeZvQ
456,2019,6,385,WashingtonDC,38.89477513471945,-77.00455796410613,k7ltQS34vJvZZpdaC4jBgA,639,1,866,4,9666,True,k7ltQS34vJvZZpdaC4jBgA
886,2018,7,205,WashingtonDC,38.90278227032804,-77.04166825110119,m-A2wB2B0SF4k4R6933kmw,889,0,981,10,9667,True,m-A2wB2B0SF4k4R6933kmw
1899,2014,5,572,WashingtonDC,38.91982787903309,-77.01354051245944,fu8k5z9Le1Iq4CmWCcimkA,1376,0,1983,7,9683,True,fu8k5z9Le1Iq4CmWCcimkA
1925,2014,4,398,WashingtonDC,38.92079205053145,-77.04685191743766,Uyqp5qtgS7MzaAUixw-35g,917,0,1013,4,9701,True,Uyqp5qtgS7MzaAUixw-35g
53,2007,11,237,WashingtonDC,38.88760051507079,-77.00160974559587,7kiQLD7prGoNdHZIxu-SPQ,643,0,673,9,9702,True,7kiQLD7prGoNdHZIxu-SPQ
1634,2017,7,546,WashingtonDC,38.91587435578863,-77.04966502625642,lfRML7RfiU97YZaAw0hsfA,797,1,1308,3,9704,True,lfRML7RfiU97YZaAw0hsfA
1856,2019,10,535,WashingtonDC,38.91998173708807,-77.05266055501762,unITgmwUZo9bzGj4pITqLg,653,0,684,7,9706,True,unITgmwUZo9bzGj4pITqLg
1256,2009,7,524,WashingtonDC,38.90858046078041,-77.01557391859441,VQYZQ3Iv2JZQAoVyP1E-7A,828,2,1547,4,9708,True,VQYZQ3Iv2JZQAoVyP1E-7A
1801,2014,6,208,WashingtonDC,38.91875365471251,-77.04751784982236,OoUg75T985isb_XMqERbKg,1101,1,1700,3,9711,True,OoUg75T985isb_XMqERbKg
230,2014,4,243,WashingtonDC,38.89195930056584,-77.05499034388421,LMJM3OFLXwQqZEJnmiy1PA,1370,1,2038,1,9712,True,LMJM3OFLXwQqZEJnmiy1PA
896,2018,9,340,WashingtonDC,38.90262799531737,-77.02863689951432,u8BqaOv_ETu3kSEyhxLxDg,819,0,892,4,9715,True,u8BqaOv_ETu3kSEyhxLxDg
416,2009,7,521,WashingtonDC,38.89496756943679,-77.0449068971729,e2_98IoIJ3doNsRzW1-4XA,640,0,670,7,9718,True,e2_98IoIJ3doNsRzW1-4XA
1566,2019,7,643,WashingtonDC,38.91409290171973,-77.0006863368026,wRnyi4yzfM85HHxkvJ0v7Q,656,0,687,4,9724,True,wRnyi4yzfM85HHxkvJ0v7Q
1141,2009,7,213,WashingtonDC,38.90645821234133,-77.0145768256906,zSSrenoLDUcYdNd3AyR7nw,1098,0,1273,3,9730,True,zSSrenoLDUcYdNd3AyR7nw
1368,2015,7,196,WashingtonDC,38.91081079726595,-77.01987442838964,3nes7p94O_MXzx1xk58j-Q,236,1,1845,3,9737,True,3nes7p94O_MXzx1xk58j-Q
1926,2017,6,597,WashingtonDC,38.92084867027032,-77.04383106098012,FPBOn-bTO_iMQ_PQqjK3OQ,1345,1,2039,1,9751,True,FPBOn-bTO_iMQ_PQqjK3OQ
1515,2018,7,438,WashingtonDC,38.91375930374498,-77.04343110235436,6xldQNW-li65JyRNSlpM4g,524,0,544,6,9759,True,6xldQNW-li65JyRNSlpM4g
744,2017,9,616,WashingtonDC,38.89976529402336,-77.00913362057334,wxpdESYqjbcqik-Y3XF_1A,805,0,874,10,9761,True,wxpdESYqjbcqik-Y3XF_1A
168,2017,6,434,WashingtonDC,38.88979471064979,-77.00151293511058,8HuIMj2P3WDfi1Z6h7Z60Q,633,0,663,6,9767,True,8HuIMj2P3WDfi1Z6h7Z60Q
1388,2014,7,308,WashingtonDC,38.91099920754856,-77.00236293964866,XPilmBe2DM1RELxIkZaIHw,835,1,2040,1,9770,True,XPilmBe2DM1RELxIkZaIHw
282,2007,8,190,WashingtonDC,38.89199901544846,-77.00555475195924,X3JvrlV2cHVTf6VtciCOXw,1000,1,1886,3,9781,True,X3JvrlV2cHVTf6VtciCOXw
1096,2011,8,113,WashingtonDC,38.90563289230905,-77.00162780930644,mJpH0DG3oefGTeKPXrGrjg,10,0,10,10,9784,True,mJpH0DG3oefGTeKPXrGrjg
1662,2014,8,472,WashingtonDC,38.91567578040324,-77.01249810941432,86Cc7yuAlwblSu0yPykrnQ,1275,0,1555,11,9789,True,86Cc7yuAlwblSu0yPykrnQ
1465,2016,10,516,WashingtonDC,38.91274165685043,-77.04167155525522,eaCw8z7bA0TOfOYB7We_sw,194,0,196,4,9805,True,eaCw8z7bA0TOfOYB7We_sw
1017,2009,7,219,WashingtonDC,38.90474794886528,-77.0218826940428,pBeqXlB78qgqHA8-q2JDxw,225,0,228,9,9807,True,pBeqXlB78qgqHA8-q2JDxw
1151,2014,5,431,WashingtonDC,38.90723441834714,-77.00367511376564,d6hDrZLsbeNuxqzlTO7T2g,1089,0,1260,5,9810,True,d6hDrZLsbeNuxqzlTO7T2g
1474,2018,10,488,WashingtonDC,38.91260194272273,-77.03556163496032,JgZb1iOcTV4T7g_k2-M4bA,209,0,212,10,9826,True,JgZb1iOcTV4T7g_k2-M4bA
909,2011,6,462,WashingtonDC,38.90254023084384,-77.01659832641049,Fb99He9B1KwqxhKos3B-wA,343,0,351,5,9836,True,Fb99He9B1KwqxhKos3B-wA
430,2008,6,313,WashingtonDC,38.89533466510738,-77.02929244579543,mnaBysg0z88q4SWFvUc5IQ,345,1,2042,1,9838,True,mnaBysg0z88q4SWFvUc5IQ
63,2011,4,349,WashingtonDC,38.88846193994554,-77.05088637909735,Sh2wZ3pk2xRHxvtC7AvNAQ,785,0,848,11,9843,True,Sh2wZ3pk2xRHxvtC7AvNAQ
1185,2018,10,144,WashingtonDC,38.90786507512961,-77.0296424207392,TWBn_ULr-6uY_av5nywgKQ,896,1,1023,3,9853,True,TWBn_ULr-6uY_av5nywgKQ
1396,2017,7,431,WashingtonDC,38.91173760476265,-77.04953506971798,wTso8rTKB7GF_kyRwNZmog,1164,0,1375,3,9855,True,wTso8rTKB7GF_kyRwNZmog
1241,2012,5,267,WashingtonDC,38.90857928379643,-77.02660527772528,6_bIOCjQe2x4IrVArmhEwg,491,1,1326,4,9857,True,6_bIOCjQe2x4IrVArmhEwg
1912,2019,7,366,WashingtonDC,38.919802345378,-77.00057841689544,mubHsHTBPA08_H89AePFNA,556,3,2043,1,9859,True,mubHsHTBPA08_H89AePFNA
227,2007,8,371,WashingtonDC,38.89142855509758,-77.00493610857131,hxRLe5k6ZJsqbIPenmIzTQ,665,0,699,3,9860,True,hxRLe5k6ZJsqbIPenmIzTQ
828,2007,8,680,WashingtonDC,38.90178480219149,-77.03657968706565,_tq6LgtzncMAMBc73PLL9g,869,0,953,8,9876,True,_tq6LgtzncMAMBc73PLL9g
1074,2019,7,361,WashingtonDC,38.90564632942142,-77.02556303941653,PDt59OX-uHeCT4ZuhG8mQA,1072,0,1232,10,9877,True,PDt59OX-uHeCT4ZuhG8mQA
1767,2014,8,719,WashingtonDC,38.91778199703419,-77.02965834246679,WWO3IQTmzK1ap2LcCi_BGw,331,0,338,7,9884,True,WWO3IQTmzK1ap2LcCi_BGw
1289,2018,10,440,WashingtonDC,38.90962641016303,-77.03762712574964,QcIu0iJ0pY2R5fWnP_ONTQ,779,1,1899,3,9887,True,QcIu0iJ0pY2R5fWnP_ONTQ
864,2018,10,653,WashingtonDC,38.90158922112474,-77.00607604682659,b7W4rJpqKV_r2Xp_8me8mg,249,0,252,9,9889,True,b7W4rJpqKV_r2Xp_8me8mg
1444,2014,7,299,WashingtonDC,38.9117687830816,-77.00201346850959,iFumV9uaWbLrWbldU7ZVog,944,1,1565,4,9890,True,iFumV9uaWbLrWbldU7ZVog
568,2012,5,416,WashingtonDC,38.89682486630845,-77.00493757058939,jMvXGjm1bWfIqSAjWX405w,272,0,277,8,9894,True,jMvXGjm1bWfIqSAjWX405w
1075,2017,7,504,WashingtonDC,38.90565006172373,-77.0205719982275,MSobnN0ziEOKVmAp68UHug,429,1,2044,1,9895,True,MSobnN0ziEOKVmAp68UHug
958,2017,6,208,WashingtonDC,38.90373972286508,-77.0276062980562,WCLZJirhWz5MwXJwk6bBGQ,1086,0,1256,8,9897,True,WCLZJirhWz5MwXJwk6bBGQ
1857,2016,10,586,WashingtonDC,38.91877528389014,-76.99951383185748,65mnKDO3vIQSIkU3CWgc4Q,1291,1,1796,4,9898,True,65mnKDO3vIQSIkU3CWgc4Q
503,2014,4,393,WashingtonDC,38.89580095723552,-77.01215231438421,vcgDF8h5fjEk-jKpCaoMoQ,972,1,1648,4,9937,True,vcgDF8h5fjEk-jKpCaoMoQ
1710,2018,7,111,WashingtonDC,38.91696094135126,-77.0275475958665,23HkyCEl_ScYJSBZ26I_wA,1060,0,1214,7,9946,True,23HkyCEl_ScYJSBZ26I_wA
1249,2009,7,304,WashingtonDC,38.90856438094771,-77.01959966338119,EnD3rvR-GFlNmOx-DFeMdA,1227,1,1478,3,9951,True,EnD3rvR-GFlNmOx-DFeMdA
1872,2014,4,441,WashingtonDC,38.91980122657085,-77.03864711142275,XDcmk5ILlfxAz3CZ_SHWVA,837,0,917,7,9952,True,XDcmk5ILlfxAz3CZ_SHWVA
1891,2011,10,106,WashingtonDC,38.91979464242545,-77.02067740906503,h91Vv_BbQGDPl8DrJ0Zlww,871,1,1888,3,9955,True,h91Vv_BbQGDPl8DrJ0Zlww
884,2007,8,254,WashingtonDC,38.90280815175557,-77.03957374019248,QBYRoSM2j2sh-bds5oQwHA,383,0,393,6,9956,True,QBYRoSM2j2sh-bds5oQwHA
782,2015,9,403,WashingtonDC,38.9008900519128,-77.0255687620791,AHYN2ycc4qLVfCy6BMWNLA,152,0,153,5,9957,True,AHYN2ycc4qLVfCy6BMWNLA
1934,2017,11,369,WashingtonDC,38.92094912674725,-77.03512746149046,yR3-84a6gfxi9Jj31W9qmg,420,0,430,5,9959,True,yR3-84a6gfxi9Jj31W9qmg
695,2019,7,392,WashingtonDC,38.89981715203716,-77.05448600607657,agzmjg1KFw-gJFMmgoekLA,1120,0,1305,11,9961,True,agzmjg1KFw-gJFMmgoekLA
1670,2011,6,242,WashingtonDC,38.91585182811573,-77.01159034949588,A1YTgniHOS9THKcE7ciP-w,314,0,321,15,9966,True,A1YTgniHOS9THKcE7ciP-w
1215,2018,8,487,WashingtonDC,38.90780848385098,-76.99866790683959,yLoY0zlvVgpJqoxvjgbi9Q,1028,1,2045,1,9969,True,yLoY0zlvVgpJqoxvjgbi9Q
861,2011,8,535,WashingtonDC,38.90189180551151,-77.00353006600818,LUjaFB8HrWFPI52tFiMcBw,909,2,2046,1,9973,True,LUjaFB8HrWFPI52tFiMcBw
1236,2018,10,267,WashingtonDC,38.90880164754444,-77.03850136574636,PI_i1zGh7FGR386LszppWQ,132,0,133,8,9981,True,PI_i1zGh7FGR386LszppWQ
1099,2014,8,215,WashingtonDC,38.90563220127398,-77.00363469430006,VWTrgPlGkciAnm_9AhlaZw,1248,0,1507,10,9988,True,VWTrgPlGkciAnm_9AhlaZw
217,2011,3,533,WashingtonDC,38.89082406848653,-77.01254114615246,JjozsF3fliBM89s4vsJBeA,1378,0,1989,5,9990,True,JjozsF3fliBM89s4vsJBeA
930,2011,6,202,WashingtonDC,38.90373896917833,-77.05054658247472,4V7iiaRgbwixTXHOkEwj_g,1064,0,1219,10,9996,True,4V7iiaRgbwixTXHOkEwj_g
455,2007,8,215,WashingtonDC,38.89477392035531,-77.00557047954327,SKOPdEnW-LV6VtVBahS6Lg,78,1,1863,4,10005,True,SKOPdEnW-LV6VtVBahS6Lg
1530,2017,6,93,WashingtonDC,38.91408228854022,-77.03559484696599,DB09m0Y5oGEnE1qS6jvPWw,1329,1,2024,3,10008,True,DB09m0Y5oGEnE1qS6jvPWw
5,2018,8,623,WashingtonDC,38.88783968403591,-77.05083653702711,Gh6Nnvu6ifS9zlOsZGSCuQ,978,0,1099,9,10013,True,Gh6Nnvu6ifS9zlOsZGSCuQ
118,2019,10,417,WashingtonDC,38.89026626031882,-77.0531046889647,L2vhWJ8zeLL2i1YH6DgQMA,650,0,681,13,10019,True,L2vhWJ8zeLL2i1YH6DgQMA
368,2018,7,574,WashingtonDC,38.89382878461799,-77.03202777738733,iRiYqTJkhExMDbluGqCvhw,1359,0,1846,7,10022,True,iRiYqTJkhExMDbluGqCvhw
637,2018,7,420,WashingtonDC,38.89780079121523,-76.9984551893127,kqZVQvbG_Ghxol8upzevVQ,354,0,363,9,10026,True,kqZVQvbG_Ghxol8upzevVQ
1797,2020,8,570,WashingtonDC,38.91872558125183,-77.05537368417573,CAoSLEFGMVFpcFBieVVsTGdSQndDV0JYanRCa0t5aTBBZjZ4OGgyRkxCaXFNc0w2,73,2,2047,1,10029,True,CAoSLEFGMVFpcFBieVVsTGdSQndDV0JYanRCa0t5aTBBZjZ4OGgyRkxCaXFNc0w2
180,2018,10,567,WashingtonDC,38.89067300949653,-77.04912161915048,L3raFwRXCEqBDo29MA3Raw,907,0,1002,6,10037,True,L3raFwRXCEqBDo29MA3Raw
1627,2018,7,216,WashingtonDC,38.91569925552537,-76.99959507686484,NFudFAXi-2N_cvDlY3D7pw,246,4,1613,3,10039,True,NFudFAXi-2N_cvDlY3D7pw
1170,2014,6,79,WashingtonDC,38.90790413760485,-77.04752270011663,32GHceCcV3TiyIvEahZtAA,1177,0,1390,9,10048,True,32GHceCcV3TiyIvEahZtAA
1912,2020,6,537,WashingtonDC,38.91977747310195,-77.00057684076639,CAoSLEFGMVFpcE42ZXZMbUxodElWNkVxVmpZWUxwaHdfOTkyUFFaWWI1NTd4SUFr,556,4,2048,1,10050,True,CAoSLEFGMVFpcE42ZXZMbUxodElWNkVxVmpZWUxwaHdfOTkyUFFaWWI1NTd4SUFr
762,2009,7,319,WashingtonDC,38.90070422457606,-77.04856137244236,xQmtPWsdHAdg2CP8Igh2bw,950,1,2049,1,10062,True,xQmtPWsdHAdg2CP8Igh2bw
882,2018,10,629,WashingtonDC,38.90263860566838,-77.04457658924989,bJXTySxWDtHdYHYky3QEGw,789,0,853,6,10064,True,bJXTySxWDtHdYHYky3QEGw
690,2009,7,481,WashingtonDC,38.89883075400515,-77.0035111455312,i79lzl9w7XfAGiZD8hc81w,1141,0,1340,7,10070,True,i79lzl9w7XfAGiZD8hc81w
475,2017,6,653,WashingtonDC,38.89578843834479,-77.0435017740915,cDc0v5M-arjeYucbu91VdA,512,0,530,6,10074,True,cDc0v5M-arjeYucbu91VdA
1386,2019,7,185,WashingtonDC,38.91110477018907,-77.00556387797204,boRgCFfOroMJjVO4jZCYFQ,85,0,86,5,10081,True,boRgCFfOroMJjVO4jZCYFQ
804,2016,10,431,WashingtonDC,38.90082498797157,-77.00900275988494,L8O1UPpK2LNaNqkb-a705A,427,0,437,12,10083,True,L8O1UPpK2LNaNqkb-a705A
1253,2007,9,423,WashingtonDC,38.9085417755464,-77.02258034060752,ZlT_nSftW4f2ZNtMI6PElQ,767,2,2050,1,10084,True,ZlT_nSftW4f2ZNtMI6PElQ
322,2017,6,67,WashingtonDC,38.89283180771468,-77.02398829603982,bOh0DrWlA7mSrq52MChEVA,208,0,211,14,10085,True,bOh0DrWlA7mSrq52MChEVA
1326,2019,7,206,WashingtonDC,38.90963169460525,-77.00760519770076,iuxFyHhIGZ91MQ7jeJswUw,495,1,1169,5,10086,True,iuxFyHhIGZ91MQ7jeJswUw
649,2009,7,293,WashingtonDC,38.89879495341806,-77.04347992798263,zggDAtT61xE3tUIZqMPCQQ,702,0,746,10,10091,True,zggDAtT61xE3tUIZqMPCQQ
1712,2011,6,676,WashingtonDC,38.91677943216651,-77.02551330806904,BrbJnSUS73ojtYlpP_fm4w,1158,0,1368,8,10094,True,BrbJnSUS73ojtYlpP_fm4w
1512,2009,7,492,WashingtonDC,38.91410412465414,-77.05055484874497,Zs-aY6IFEEW7ANNLPCmpAA,413,3,2051,2,10095,True,Zs-aY6IFEEW7ANNLPCmpAA
1266,2009,7,545,WashingtonDC,38.90857484454545,-77.01157233509589,IO1tPd0lRotdkCZ4LQdoZg,1271,1,1576,4,10097,True,IO1tPd0lRotdkCZ4LQdoZg
1650,2014,8,156,WashingtonDC,38.91557419490146,-77.02652849452897,rfLQToO82I-8w7WC3kYjiQ,7,0,7,10,10104,True,rfLQToO82I-8w7WC3kYjiQ
1457,2018,10,321,WashingtonDC,38.91283931739786,-77.04538594146703,-RencFQGpbTD5T0c4ZCslw,936,0,1038,9,10109,True,-RencFQGpbTD5T0c4ZCslw
166,2007,8,475,WashingtonDC,38.88982862748897,-77.00456046971894,suS6eHY6DCFkugjnbq188w,756,2,2052,1,10111,True,suS6eHY6DCFkugjnbq188w
766,2017,7,102,WashingtonDC,38.900838706229,-77.04343681736671,McnDp0PjItQ8V9M89tVrbA,707,0,752,9,10117,True,McnDp0PjItQ8V9M89tVrbA
1238,2019,7,335,WashingtonDC,38.9083597173205,-77.03337080581888,GVTg9zgSeKPux_LgIBQlig,540,0,561,11,10120,True,GVTg9zgSeKPux_LgIBQlig
844,2018,10,284,WashingtonDC,38.90177370198406,-77.02188802174948,HxeCOMtJgVQA0D1L-OvuAA,181,0,182,6,10122,True,HxeCOMtJgVQA0D1L-OvuAA
1083,2018,10,405,WashingtonDC,38.90564279374836,-77.01657174791617,ZG20msL7kByfkeh4xRWeVQ,499,0,514,10,10124,True,ZG20msL7kByfkeh4xRWeVQ
1425,2015,11,350,WashingtonDC,38.91123800576057,-77.02522875389472,_ijc6UNT9B5P6yitpiUB-A,89,0,90,12,10128,True,_ijc6UNT9B5P6yitpiUB-A
785,2011,6,345,WashingtonDC,38.90088893579439,-77.02344427012656,dtcyXNWS2zdHSeDyVcHVYQ,521,1,1742,4,10132,True,dtcyXNWS2zdHSeDyVcHVYQ
1176,2016,10,366,WashingtonDC,38.90782959598955,-77.04170880959788,QznFB5x3PGl-rFwPImFGVw,606,0,633,5,10137,True,QznFB5x3PGl-rFwPImFGVw
1103,2011,6,208,WashingtonDC,38.90676720684444,-77.05578847277333,ObQTP8V_0B-wIXBQJU4hig,605,1,640,5,10140,True,ObQTP8V_0B-wIXBQJU4hig
1368,2019,11,20,WashingtonDC,38.910807998519,-77.01992572813278,XG_bGhhfJql12-Qf4h9-7A,236,0,239,7,10143,True,XG_bGhhfJql12-Qf4h9-7A
827,2007,8,390,WashingtonDC,38.90132105362189,-77.04561105920092,tYyRgqXi_A5coeuWJZ7LAQ,433,0,443,10,10147,True,tYyRgqXi_A5coeuWJZ7LAQ
1757,2011,10,247,WashingtonDC,38.91776896700376,-77.03652519474167,DYJHi_P36-BRLwY9TuuwXQ,322,0,329,12,10148,True,DYJHi_P36-BRLwY9TuuwXQ
1439,2014,5,375,WashingtonDC,38.91178239149342,-77.01216330726112,Yskvi2MozTeo_RFNxJwgrA,346,1,1467,9,10157,True,Yskvi2MozTeo_RFNxJwgrA
1743,2011,6,158,WashingtonDC,38.91736470438006,-77.04841599614024,xvefaPF67zILr4NIVy-4iw,12,0,12,6,10164,True,xvefaPF67zILr4NIVy-4iw
549,2014,4,620,WashingtonDC,38.89678799977025,-77.02396247956807,ALAD8pQdsouslOXKfgNgQw,676,0,713,8,10168,True,ALAD8pQdsouslOXKfgNgQw
737,2016,10,156,WashingtonDC,38.89976429448514,-77.01471659802094,_EE64EEYvqmduk81Y0u3LA,877,1,2053,1,10173,True,_EE64EEYvqmduk81Y0u3LA
680,2012,5,657,WashingtonDC,38.89876807788801,-77.01522984897397,KdCNrUAoNpbcNm5scwkPyw,1036,0,1181,7,10174,True,KdCNrUAoNpbcNm5scwkPyw
577,2019,8,432,WashingtonDC,38.89678016666647,-76.99952087875755,MuqRjolZRbVp2jxhqY6osw,671,0,706,5,10175,True,MuqRjolZRbVp2jxhqY6osw
627,2008,6,270,WashingtonDC,38.89779962495334,-77.01365652330605,R-Toz5pcg6uHMVxAv-5BrQ,1377,0,1986,4,10177,True,R-Toz5pcg6uHMVxAv-5BrQ
727,2018,9,443,WashingtonDC,38.89985449812587,-77.02755800545722,s4zsHuz_i7X7iMjmQ7H9YQ,1014,0,1148,6,10179,True,s4zsHuz_i7X7iMjmQ7H9YQ
899,2014,5,730,WashingtonDC,38.90281930010291,-77.02965239799278,LqYWkuIQ-v8UeUyIJmtyFA,475,0,487,8,10187,True,LqYWkuIQ-v8UeUyIJmtyFA
831,2009,7,286,WashingtonDC,38.90181907266548,-77.03457872739232,WKKUy32BgPLys8XbkXKS0g,562,1,2054,1,10188,True,WKKUy32BgPLys8XbkXKS0g
807,2019,7,287,WashingtonDC,38.90083366408442,-77.00357080244316,7HWhH9tdeSCS_praY_4xJg,717,0,764,8,10190,True,7HWhH9tdeSCS_praY_4xJg
450,2019,6,225,WashingtonDC,38.89477986531772,-77.01053972824948,cYXFWbmJKTR7e38eTAS9Pw,179,1,516,4,10195,True,cYXFWbmJKTR7e38eTAS9Pw
1321,2019,7,298,WashingtonDC,38.90962907755885,-77.01045057907474,bYZR7xjEKKF4GYWKz5hb9g,1024,1,1891,3,10198,True,bYZR7xjEKKF4GYWKz5hb9g
1206,2018,8,301,WashingtonDC,38.90723011881542,-77.0134929321813,sk-0_2bfb4c4ddOADOeoBw,217,1,472,7,10204,True,sk-0_2bfb4c4ddOADOeoBw
555,2009,7,489,WashingtonDC,38.89735157828621,-77.01756290069707,ctts-SRk98VJ3kE0LoLeXg,501,1,2055,1,10205,True,ctts-SRk98VJ3kE0LoLeXg
1307,2018,8,443,WashingtonDC,38.90962662811234,-77.02760418526012,S-I23A1-xiWvwoPzBURKmA,269,2,2056,1,10210,True,S-I23A1-xiWvwoPzBURKmA
1558,2017,6,23,WashingtonDC,38.91376486471878,-77.00349467967136,S0penodT7_kXOgDCoHyvQw,1286,0,1579,6,10214,True,S0penodT7_kXOgDCoHyvQw
1141,2019,7,388,WashingtonDC,38.90646475086034,-77.01459106918942,kWdFP9uScj3egh5s0pc0YA,1098,1,2057,2,10224,True,kWdFP9uScj3egh5s0pc0YA
813,2019,6,364,WashingtonDC,38.90081333508984,-77.0020544547917,R2IFy26cH0izKmdNVMCbUA,548,0,569,3,10227,True,R2IFy26cH0izKmdNVMCbUA
486,2014,6,335,WashingtonDC,38.89577130448574,-77.03369729922618,uDat5m6cxWUrExETGf2zWg,56,0,56,8,10228,True,uDat5m6cxWUrExETGf2zWg
570,2018,10,295,WashingtonDC,38.89683759333339,-77.00354374075239,d3VPqnXaRz6tevYG9UNYLw,874,1,1428,6,10237,True,d3VPqnXaRz6tevYG9UNYLw
1005,2014,4,392,WashingtonDC,38.90480593190688,-77.04054494174332,henRwwE3Is9Syw3wQUQakg,1287,0,1582,9,10239,True,henRwwE3Is9Syw3wQUQakg
1915,2018,10,419,WashingtonDC,38.9210416656558,-77.05546785750553,spNJhoWkjDPJjrwBcB-YjQ,112,1,747,4,10246,True,spNJhoWkjDPJjrwBcB-YjQ
1529,2017,7,473,WashingtonDC,38.9137016282884,-77.03452915564013,CK9Y035BwAAfuxFVSXyLDg,285,0,290,8,10247,True,CK9Y035BwAAfuxFVSXyLDg
505,2015,7,428,WashingtonDC,38.895758460686,-77.01514593732497,WRazYfG9yF1dp0omrmQZ5w,973,0,1093,5,10265,True,WRazYfG9yF1dp0omrmQZ5w
820,2012,5,273,WashingtonDC,38.90177719863342,-77.05142506941914,BazGAYfQz0MRXo12Q4HXNA,387,0,397,7,10286,True,BazGAYfQz0MRXo12Q4HXNA
969,2011,8,291,WashingtonDC,38.90375237617823,-77.0125241043578,7SbcH5K27_Cf2CYXTJjBhQ,218,0,221,3,10296,True,7SbcH5K27_Cf2CYXTJjBhQ
345,2007,12,260,WashingtonDC,38.89273078782414,-76.99845600051542,HWR-Fv-roODiWuumWfCwBA,1319,0,1651,10,10301,True,HWR-Fv-roODiWuumWfCwBA
1042,2012,5,696,WashingtonDC,38.90578367551763,-77.05547387142005,8jXw0bPqqxNMN8ygZByyTw,663,0,695,11,10303,True,8jXw0bPqqxNMN8ygZByyTw
1097,2007,11,374,WashingtonDC,38.90563194443036,-77.00254641946498,DJP5LqxRmtghP8zTpvg0UQ,535,0,556,10,10314,True,DJP5LqxRmtghP8zTpvg0UQ
1632,2015,7,406,WashingtonDC,38.91596137482637,-77.04543299933287,tS8q27T4ZqHjyelqqeiGpA,796,1,2058,1,10318,True,tS8q27T4ZqHjyelqqeiGpA
584,2018,10,76,WashingtonDC,38.89780276693101,-77.05152413560181,-XTYs7mIRjnMMnRoGZOUag,1325,0,1669,10,10328,True,-XTYs7mIRjnMMnRoGZOUag
1252,2016,10,253,WashingtonDC,38.90856204905428,-77.02456698288209,voL-aqQqlv2NfUuHauzeUA,506,0,524,5,10346,True,voL-aqQqlv2NfUuHauzeUA
1176,2017,6,545,WashingtonDC,38.9078122421625,-77.04167473030374,utQlb-TvE5hExmu6WAQ7ug,606,1,1066,4,10354,True,utQlb-TvE5hExmu6WAQ7ug
856,2011,8,502,WashingtonDC,38.90182731849971,-77.00900691717727,6jcD4BsTPNNwh_mxeKFy_g,923,0,1019,12,10359,True,6jcD4BsTPNNwh_mxeKFy_g
230,2018,10,221,WashingtonDC,38.89198713842126,-77.05496726613453,KGjQkatr786n-ZZ2LrYKMg,1370,0,1906,10,10363,True,KGjQkatr786n-ZZ2LrYKMg
799,2012,5,192,WashingtonDC,38.90078472331041,-77.0136412865441,jMZJ6DqpHUmifvz-O5sXjg,812,0,882,6,10364,True,jMZJ6DqpHUmifvz-O5sXjg
36,2018,10,525,WashingtonDC,38.88761311416017,-77.01564459104287,M3MlBZt7zDUODJD4VxwJDA,1041,0,1189,5,10375,True,M3MlBZt7zDUODJD4VxwJDA
1679,2019,7,312,WashingtonDC,38.91558038623633,-77.00165053132648,0wafbhKOxILCGpi1AqumBQ,1343,0,1746,4,10383,True,0wafbhKOxILCGpi1AqumBQ
213,2018,10,424,WashingtonDC,38.89056558526698,-77.02063550044727,3uaHYcBacIMHH7ZU-rvIYQ,1167,0,1379,10,10384,True,3uaHYcBacIMHH7ZU-rvIYQ
453,2012,5,181,WashingtonDC,38.89478486083844,-77.00954772721653,I8-BR-ChCocBeBjayi0mug,555,2,2059,1,10386,True,I8-BR-ChCocBeBjayi0mug
10,2016,10,517,WashingtonDC,38.88709986269141,-77.04561749462248,y8aJB1Y_kfaYK1LUMvrh9A,850,0,931,11,10395,True,y8aJB1Y_kfaYK1LUMvrh9A
1277,2017,7,614,WashingtonDC,38.90965805716784,-77.051654955203,JGtb6ThmPg5K_7Xd-Kv-aQ,323,1,1782,6,10403,True,JGtb6ThmPg5K_7Xd-Kv-aQ
341,2011,6,317,WashingtonDC,38.89287512663771,-77.0035056241302,xzdN6N3_LjRLx77dda4Fqw,396,0,406,6,10411,True,xzdN6N3_LjRLx77dda4Fqw
1078,2009,7,133,WashingtonDC,38.9056435929711,-77.01952444969939,Y1gh3_iAOITlMNoC0caU9A,1337,0,1720,9,10415,True,Y1gh3_iAOITlMNoC0caU9A
754,2018,7,343,WashingtonDC,38.89972636509116,-77.00351539753972,F9ClS-TH1flEAflH1NZk-Q,1338,1,1971,5,10417,True,F9ClS-TH1flEAflH1NZk-Q
790,2019,11,438,WashingtonDC,38.90086046707687,-77.0215241019282,2UwDFXCQQn3dbtNQ1b8GOA,865,0,949,8,10419,True,2UwDFXCQQn3dbtNQ1b8GOA
675,2008,6,503,WashingtonDC,38.89880864897876,-77.01361982818797,gDU7e_wXRoaK9lCNI-JkDw,847,0,927,6,10427,True,gDU7e_wXRoaK9lCNI-JkDw
721,2017,6,290,WashingtonDC,38.89983618287635,-77.02855835170847,pqz2TJ-Q88oATy_mEHyMeg,77,1,2060,1,10428,True,pqz2TJ-Q88oATy_mEHyMeg
1308,2011,6,391,WashingtonDC,38.90964709925304,-77.02066635265933,pWlNi63Y0u-et180opFD3w,1090,1,1356,6,10445,True,pWlNi63Y0u-et180opFD3w
1780,2018,7,343,WashingtonDC,38.91783345435,-77.01887876521097,AjeXGPs98234OSwzoRvonw,226,1,1773,5,10462,True,AjeXGPs98234OSwzoRvonw
762,2011,6,145,WashingtonDC,38.90067777174071,-77.04854760267881,q4Gg39PLq1wdXqI6xDbv-A,950,0,1056,8,10464,True,q4Gg39PLq1wdXqI6xDbv-A
1210,2018,9,584,WashingtonDC,38.90776907633529,-77.0035120533885,op81NyVx2mBVyYQrhw5k1A,1242,1,2061,1,10466,True,op81NyVx2mBVyYQrhw5k1A
1681,2014,6,123,WashingtonDC,38.91701587908469,-77.05160690350175,PEYLLyIkC9XwtqI4mjm5ow,1168,1,2062,3,10467,True,PEYLLyIkC9XwtqI4mjm5ow
1971,2017,6,152,WashingtonDC,38.92078207587152,-77.00059089670397,82xLFBkVVmdElZBdPOH5ew,1145,0,1345,5,10469,True,82xLFBkVVmdElZBdPOH5ew
857,2019,6,35,WashingtonDC,38.90176897858937,-77.00912666386951,m75LyMqfCFH73ke3koM4Zg,923,1,1498,12,10471,True,m75LyMqfCFH73ke3koM4Zg
174,2016,10,201,WashingtonDC,38.88976253680487,-76.99953058965762,cxD9m59oqo3bwcCDMTmjqA,1010,3,1967,3,10474,True,cxD9m59oqo3bwcCDMTmjqA
1601,2011,6,26,WashingtonDC,38.91485434028366,-77.01720176008398,pXBfFmKgZ12nbHZV6gRtVA,552,1,1929,3,10479,True,pXBfFmKgZ12nbHZV6gRtVA
1172,2011,8,410,WashingtonDC,38.90763704731682,-77.04536834796976,BjSMKR4o10NYrxkkqKOBYg,590,1,1231,4,10485,True,BjSMKR4o10NYrxkkqKOBYg
1450,2018,10,442,WashingtonDC,38.91076812819394,-76.99900791612188,m0J0OA85OVLvZv_ypgGAHA,1296,0,1598,6,10488,True,m0J0OA85OVLvZv_ypgGAHA
1626,2016,11,317,WashingtonDC,38.91556555985542,-77.05362013470628,BN-juWLXerl-s7vOhPuZIg,953,0,1060,5,10490,True,BN-juWLXerl-s7vOhPuZIg
59,2014,7,443,WashingtonDC,38.88823391524612,-77.05322403210704,BvoY9gXAKqxgFM9oR_R0lQ,1039,0,1187,12,10499,True,BvoY9gXAKqxgFM9oR_R0lQ
683,2018,10,363,WashingtonDC,38.89891810324058,-77.00758740655903,SXSpRt8JAHaWGq90NgoJcg,1298,1,2063,1,10515,True,SXSpRt8JAHaWGq90NgoJcg
234,2014,4,200,WashingtonDC,38.89178899249767,-77.05474177873786,Yukzx7RlZH0_CeRUSpJy3Q,790,0,854,9,10523,True,Yukzx7RlZH0_CeRUSpJy3Q
510,2008,6,243,WashingtonDC,38.89582431227038,-77.01130192030631,BwJXwwX6XO7aVz7cYpmxGA,1026,0,1166,5,10525,True,BwJXwwX6XO7aVz7cYpmxGA
784,2019,11,76,WashingtonDC,38.90075225371524,-77.02708782140515,Q7sy1IJaiORlVRkDRR8x0A,275,1,2064,1,10527,True,Q7sy1IJaiORlVRkDRR8x0A
1724,2018,7,285,WashingtonDC,38.91672339458828,-77.01584498759829,5ppcU8IoqHmkA8cscdzwWQ,1360,1,2065,1,10528,True,5ppcU8IoqHmkA8cscdzwWQ
583,2018,10,352,WashingtonDC,38.89759767918007,-77.05076913129241,2WbMRhAtBiRy0LQmAQhEZA,1243,0,1502,5,10533,True,2WbMRhAtBiRy0LQmAQhEZA
1867,2019,6,309,WashingtonDC,38.91992272785468,-77.04939114322588,sFdVoma4NOiVdo3NxLbJPA,1,1,1677,6,10536,True,sFdVoma4NOiVdo3NxLbJPA
1152,2012,5,408,WashingtonDC,38.90645216245706,-77.00751858983641,RgyrSCX8ikQmOoc0g5yEEw,1175,1,1688,4,10553,True,RgyrSCX8ikQmOoc0g5yEEw
93,2011,6,133,WashingtonDC,38.88878107388338,-77.0195526285335,-YhOlt7qjnktBTOvHWYkuw,1200,0,1430,10,10560,True,-YhOlt7qjnktBTOvHWYkuw
344,2007,11,351,WashingtonDC,38.89275127171468,-77.00151333303688,_zu9SY7eM90RohZKrdyvsQ,286,2,2066,1,10562,True,_zu9SY7eM90RohZKrdyvsQ
1884,2009,7,23,WashingtonDC,38.91985172714763,-77.02704839716833,Zee5Mx4c9bjqtchsqmOIbg,883,1,1540,6,10565,True,Zee5Mx4c9bjqtchsqmOIbg
1822,2009,7,266,WashingtonDC,38.91883020364354,-77.02957576212545,BNCrUOqlepgOGlGJSAccKA,568,0,590,9,10568,True,BNCrUOqlepgOGlGJSAccKA
365,2008,6,526,WashingtonDC,38.89352587547938,-77.04262580562607,VNx2knMQfctf5RW5ReB0VQ,53,0,53,9,10576,True,VNx2knMQfctf5RW5ReB0VQ
1029,2018,10,119,WashingtonDC,38.90484513966573,-77.00912286168234,N-2Ccau6uRjSLtjxwzpqNg,867,0,951,10,10577,True,N-2Ccau6uRjSLtjxwzpqNg
1320,2016,11,397,WashingtonDC,38.90964678423543,-77.0124982035015,GvdLzFbL1LggMk2gsE6ZMA,347,1,1817,6,10582,True,GvdLzFbL1LggMk2gsE6ZMA
1248,2019,7,319,WashingtonDC,38.90856596342743,-77.02353600773789,Nh2eepAcnBeeRt0bxonBOA,580,1,1097,6,10594,True,Nh2eepAcnBeeRt0bxonBOA
1642,2012,5,8,WashingtonDC,38.91575078297971,-77.03653161694587,3ApOz2Wz4ZHRKvAuNGwgcg,1160,1,1753,7,10595,True,3ApOz2Wz4ZHRKvAuNGwgcg
956,2018,7,275,WashingtonDC,38.90353290017067,-77.02576334621233,2oYST3PPA1hZxCaxqR6aEA,484,0,498,10,10598,True,2oYST3PPA1hZxCaxqR6aEA
34,2018,7,337,WashingtonDC,38.8875374593091,-77.0216229383043,34u9emlQeq3Zy3k6fZWweA,411,0,421,4,10602,True,34u9emlQeq3Zy3k6fZWweA
1960,2007,9,136,WashingtonDC,38.9205964645379,-77.01550556339632,pEB7ELxYNMZ8g2YwcF9BZQ,1057,0,1210,3,10606,True,pEB7ELxYNMZ8g2YwcF9BZQ
1344,2018,7,546,WashingtonDC,38.91077275352183,-77.04663462606202,Lc8tWtZehIv6Xx9U1u8BLg,57,1,1403,4,10614,True,Lc8tWtZehIv6Xx9U1u8BLg
1309,2011,8,238,WashingtonDC,38.90961635481626,-77.01956082048473,YErqc7nEBbeOYxJjQ6GPng,1212,1,1871,3,10624,True,YErqc7nEBbeOYxJjQ6GPng
216,2017,6,351,WashingtonDC,38.89210324254909,-77.00954325121307,eRqB0gFyJLMN9gGq8OxqFw,1309,0,1626,7,10625,True,eRqB0gFyJLMN9gGq8OxqFw
1146,2014,8,320,WashingtonDC,38.90687775211493,-77.01533897905563,BmwzmsodK91K08mQ_HmhDw,915,0,1011,10,10628,True,BmwzmsodK91K08mQ_HmhDw
1527,2015,7,630,WashingtonDC,38.91376482187047,-77.0365346760807,amodo6nqWQGHzLOxyR_6ew,437,1,1150,3,10629,True,amodo6nqWQGHzLOxyR_6ew
267,2019,11,620,WashingtonDC,38.89215713805459,-77.02457089684873,dKmLm3tX8iYzSx9x24PKmQ,1367,0,1898,4,10632,True,dKmLm3tX8iYzSx9x24PKmQ
664,2016,10,213,WashingtonDC,38.89882361434553,-77.02807963192339,Hx95TF7Z0ZPLp9bh9FE-zA,1071,0,1228,11,10635,True,Hx95TF7Z0ZPLp9bh9FE-zA
196,2015,7,287,WashingtonDC,38.89078205091047,-77.03202375940549,fr4VVh2vTaO-QqNiOsO5jA,649,0,680,5,10636,True,fr4VVh2vTaO-QqNiOsO5jA
1678,2017,6,156,WashingtonDC,38.91554876619197,-77.00254375492916,MDwHaml1Gmgqve9F4hVe_g,1091,1,1649,4,10638,True,MDwHaml1Gmgqve9F4hVe_g
868,2009,7,19,WashingtonDC,38.9027272830745,-77.05144442769995,fLz81thWS8cgp3FtcMGQ_w,701,0,745,9,10642,True,fLz81thWS8cgp3FtcMGQ_w
666,2016,10,303,WashingtonDC,38.89830756093086,-77.03057689500655,Sf7AKtJozqFEYyeGU71ESw,841,1,2067,1,10643,True,Sf7AKtJozqFEYyeGU71ESw
1531,2017,6,121,WashingtonDC,38.91408207969846,-77.03160260348184,EEf6j05XwYhcZ30aE2LuNg,939,2,2068,1,10645,True,EEf6j05XwYhcZ30aE2LuNg
370,2009,7,187,WashingtonDC,38.89382194145107,-77.03358022532676,5J1rbPMJ2DssApjdhjpIyA,856,0,939,6,10653,True,5J1rbPMJ2DssApjdhjpIyA
173,2007,11,570,WashingtonDC,38.88981883409433,-77.0005845487508,PDQxskwYtfn_g1uHpnZ1yQ,600,3,2069,1,10654,True,PDQxskwYtfn_g1uHpnZ1yQ
474,2011,6,538,WashingtonDC,38.89572135090389,-77.04659586617183,c_2wXsmC4v5UQKdytQHPAw,1214,0,1451,6,10657,True,c_2wXsmC4v5UQKdytQHPAw
303,2016,10,533,WashingtonDC,38.8929624970946,-77.04232365966271,WTn8PMovJLPCgqnMjO9lfQ,826,1,1610,8,10659,True,WTn8PMovJLPCgqnMjO9lfQ
1038,2016,10,443,WashingtonDC,38.9046903959923,-77.00656712501488,JGPj3ryXwAM4-1UTpDJJZA,1114,0,1297,9,10677,True,JGPj3ryXwAM4-1UTpDJJZA
525,2019,10,556,WashingtonDC,38.89685396015513,-77.05355626502454,d5MpavwpUVZbgsXMbRK68w,359,0,368,11,10684,True,d5MpavwpUVZbgsXMbRK68w
1294,2009,7,200,WashingtonDC,38.90982074655646,-77.04168411153162,HCfxeChnz1hpFOAspsre-w,441,1,1236,6,10691,True,HCfxeChnz1hpFOAspsre-w
1465,2018,9,344,WashingtonDC,38.9127308904146,-77.04163206298256,0rI9Ll35TEd4RM7HG6aNLA,194,1,1571,5,10692,True,0rI9Ll35TEd4RM7HG6aNLA
1171,2014,4,344,WashingtonDC,38.90785969863082,-77.04250821093054,nQrUiGIbm0XxeCqxUA5OxQ,814,0,884,8,10697,True,nQrUiGIbm0XxeCqxUA5OxQ
1144,2016,10,672,WashingtonDC,38.9067969343046,-77.0122010596428,2S6k79rxRhI4b4iG4yU61w,310,0,317,8,10706,True,2S6k79rxRhI4b4iG4yU61w
960,2015,7,491,WashingtonDC,38.90382884673979,-77.02401415470109,qRtiLlzc_LQyGLbFvLg30Q,290,0,295,12,10708,True,qRtiLlzc_LQyGLbFvLg30Q
1341,2019,10,280,WashingtonDC,38.91070177369202,-77.04242716572722,gHTkcM4LxC488pmiK0OF7Q,23,1,1734,6,10709,True,gHTkcM4LxC488pmiK0OF7Q
1563,2018,7,177,WashingtonDC,38.91412167869107,-77.00057908645326,G4VMRg6HvVdJuMfd0Wo2iw,656,3,2070,1,10713,True,G4VMRg6HvVdJuMfd0Wo2iw
1683,2011,8,505,WashingtonDC,38.91700377869169,-77.0545581888346,3TFzlbLlG6B0ICMsDbmqQQ,1341,1,2071,1,10715,True,3TFzlbLlG6B0ICMsDbmqQQ
361,2014,8,237,WashingtonDC,38.89378164449786,-77.03943943989383,upBut4qPpTRgjlpthgK_2Q,361,0,370,12,10716,True,upBut4qPpTRgjlpthgK_2Q
1735,2009,7,160,WashingtonDC,38.9167239257844,-76.99952631684408,NvReO4MMDbE8aJrgzlhqLA,1250,2,2072,1,10719,True,NvReO4MMDbE8aJrgzlhqLA
992,2016,10,185,WashingtonDC,38.90477703294668,-77.05010366522338,1CL2t9SPx3y0quiwBN7kbg,716,0,763,8,10727,True,1CL2t9SPx3y0quiwBN7kbg
1016,2017,6,140,WashingtonDC,38.90484069829746,-77.02707419800817,9LxNwO_MIPpJ_Bf1LFpv_g,579,1,2073,1,10728,True,9LxNwO_MIPpJ_Bf1LFpv_g
1639,2018,10,304,WashingtonDC,38.91560612317175,-77.04467378155167,7v3GM6_D-AZg9AFTnLiwRQ,882,0,971,5,10737,True,7v3GM6_D-AZg9AFTnLiwRQ
738,2007,11,130,WashingtonDC,38.89980988760858,-77.01554836324763,6hL313EGJ5_9spnvbsQg3Q,733,0,785,5,10750,True,6hL313EGJ5_9spnvbsQg3Q
1467,2017,8,521,WashingtonDC,38.91283798660976,-77.04047296479735,l3ZXqxWpJmdOZrKl6El65w,111,0,112,7,10765,True,l3ZXqxWpJmdOZrKl6El65w
1341,2011,10,466,WashingtonDC,38.91071384599082,-77.04246217350295,6EBsjuu116vM2ZKhm_nqlA,23,0,23,4,10772,True,6EBsjuu116vM2ZKhm_nqlA
1247,2019,7,294,WashingtonDC,38.90894256800632,-77.03170849745062,QvDNGEI6ZX-r2HJFiEkoDA,727,0,778,10,10773,True,QvDNGEI6ZX-r2HJFiEkoDA
1776,2007,9,595,WashingtonDC,38.91745949444638,-77.01653369718937,_BdzOZrrw2S49rEFokMoHQ,629,2,1637,3,10774,True,_BdzOZrrw2S49rEFokMoHQ
1262,2019,7,424,WashingtonDC,38.90857957532762,-77.0125725139123,38NUoCr51NIvcHDy1skHAA,101,0,102,3,10776,True,38NUoCr51NIvcHDy1skHAA
553,2019,11,514,WashingtonDC,38.89674093552426,-77.02964210326861,QTO2IKq2YgftCHu-RL47Lg,748,0,800,8,10779,True,QTO2IKq2YgftCHu-RL47Lg
812,2018,10,458,WashingtonDC,38.90176667324491,-77.05474985855463,J8G5jLFqD6lGCqidiRGKpw,4,0,4,8,10787,True,J8G5jLFqD6lGCqidiRGKpw
1417,2009,7,371,WashingtonDC,38.91179457439701,-77.02702147740158,sYo2Q5oAW1e1-lcfwvCd9w,63,1,2074,1,10799,True,sYo2Q5oAW1e1-lcfwvCd9w
1346,2014,6,146,WashingtonDC,38.91091623397203,-77.04431241941899,NeHDiV6jq8y8vxf4mGgnzg,39,0,39,5,10800,True,NeHDiV6jq8y8vxf4mGgnzg
994,2011,7,59,WashingtonDC,38.90476440018063,-77.05141746965528,BAIEXhk4dgo0AUWbmaYVIA,1226,0,1471,3,10807,True,BAIEXhk4dgo0AUWbmaYVIA
176,2018,10,263,WashingtonDC,38.89064326774758,-77.05372145353,OI9NqG3EBQBMXdIzfgzJkA,813,3,1469,4,10838,True,OI9NqG3EBQBMXdIzfgzJkA
1402,2014,4,584,WashingtonDC,38.91173527957182,-77.0466292383127,8hyuCdVgABFmFm2G5VWdsg,1111,0,1293,8,10847,True,8hyuCdVgABFmFm2G5VWdsg
1574,2007,9,257,WashingtonDC,38.91483274062342,-77.05254143982808,ILGQAOZahWgXunYfl37UEg,630,4,2075,1,10851,True,ILGQAOZahWgXunYfl37UEg
1485,2018,7,530,WashingtonDC,38.91260100677541,-77.01850416546989,-7aDngmWB8UnM2bGY_67Xg,1265,0,1534,8,10862,True,-7aDngmWB8UnM2bGY_67Xg
1194,2015,7,259,WashingtonDC,38.90780830659014,-77.02193801924292,eGOuWFrO3jF4j2w60CUIRg,18,1,2076,1,10865,True,eGOuWFrO3jF4j2w60CUIRg
1553,2009,7,123,WashingtonDC,38.91407947808172,-77.01356998855076,9HzNEr9Ixdd1_BE1pvC0gQ,937,0,1042,4,10873,True,9HzNEr9Ixdd1_BE1pvC0gQ
1591,2012,5,324,WashingtonDC,38.91482493945592,-77.0280862548174,Ocys2qc8oX-AfYoj0_esyQ,1231,1,1992,5,10878,True,Ocys2qc8oX-AfYoj0_esyQ
239,2007,8,381,WashingtonDC,38.8916814619571,-77.04830636176453,oiYq2jyam0dv3Skh-g8vJg,219,0,222,7,10893,True,oiYq2jyam0dv3Skh-g8vJg
1088,2009,7,370,WashingtonDC,38.90566563888149,-77.00555594839,-pBjmtEs7NoN4oFqT45n7A,172,1,2077,1,10901,True,-pBjmtEs7NoN4oFqT45n7A
1280,2016,10,582,WashingtonDC,38.90886363293806,-76.99855372886408,Cdrb2ax6ctk9-i9CZ5JtHA,905,0,998,4,10904,True,Cdrb2ax6ctk9-i9CZ5JtHA
730,2007,8,278,WashingtonDC,38.89985651574193,-77.02155657998223,EZCRllkTwgLyViKXJGP8bQ,1206,0,1438,6,10915,True,EZCRllkTwgLyViKXJGP8bQ
720,2007,8,397,WashingtonDC,38.90021509103497,-77.03451803306938,fj2_bpEyVxgFhny2RgFURg,1284,0,1577,11,10922,True,fj2_bpEyVxgFhny2RgFURg
1243,2017,6,450,WashingtonDC,38.90859363573271,-77.02856390236785,INlIz55iq7O5Z43WIGflPA,519,2,2078,1,10923,True,INlIz55iq7O5Z43WIGflPA
1204,2018,7,76,WashingtonDC,38.90781197847483,-77.01216540783422,0q-tnwAGLrYvheL0YCcHFg,1062,0,1216,7,10924,True,0q-tnwAGLrYvheL0YCcHFg
936,2016,10,374,WashingtonDC,38.90373108203721,-77.04758710660779,Y4TllKbFXmGkqLv2jTcOQQ,728,0,779,10,10928,True,Y4TllKbFXmGkqLv2jTcOQQ
492,2015,7,535,WashingtonDC,38.89560962801213,-77.03160659350159,I79671_zlslOIQiOH8I0dw,637,0,667,6,10932,True,I79671_zlslOIQiOH8I0dw
1245,2014,5,405,WashingtonDC,38.90864512571953,-77.03023254730104,OLY1U97dlY3NVrO5zLwB8g,1260,0,1525,7,10934,True,OLY1U97dlY3NVrO5zLwB8g
411,2017,9,424,WashingtonDC,38.89478042944624,-77.0500999801932,04-mbWzdCEXdUeYwwP_cSQ,1302,0,1611,8,10940,True,04-mbWzdCEXdUeYwwP_cSQ
399,2008,6,300,WashingtonDC,38.89376371888704,-77.00349940847816,zLdhe27puq_YZ3Dj2B21gA,513,0,531,10,10941,True,zLdhe27puq_YZ3Dj2B21gA
1694,2018,10,229,WashingtonDC,38.91676879463137,-77.0437960501269,Oe0s3jA8APWnSC_SwxTUZQ,697,1,1265,3,10949,True,Oe0s3jA8APWnSC_SwxTUZQ
902,2019,7,516,WashingtonDC,38.90256121649675,-77.01852159322708,TOaVo89QsRhlDmBftxoKBw,1043,0,1191,5,10953,True,TOaVo89QsRhlDmBftxoKBw
12,2018,10,401,WashingtonDC,38.88702273619285,-77.04360396278322,nR9ZKFqqUroe5ECL26gKAw,585,0,609,13,10970,True,nR9ZKFqqUroe5ECL26gKAw
726,2007,8,401,WashingtonDC,38.89977889125741,-77.029588097098,3PeVGx2Z3OMVtwTwLQsIhQ,1025,2,2079,1,10979,True,3PeVGx2Z3OMVtwTwLQsIhQ
1486,2009,7,462,WashingtonDC,38.912599444054,-77.01956295388341,lqbHQeZPAdnEmNvEmvXsAQ,408,0,418,9,10982,True,lqbHQeZPAdnEmNvEmvXsAQ
979,2014,8,537,WashingtonDC,38.90374559842171,-77.0045081448107,VWH6WdZR1Li0h4CmIA8cuw,362,0,372,8,10988,True,VWH6WdZR1Li0h4CmIA8cuw
1580,2007,8,492,WashingtonDC,38.91475711766167,-77.04549463446766,2Gm9BcW93sB5yHls_pRavg,769,1,1919,4,10989,True,2Gm9BcW93sB5yHls_pRavg
198,2007,8,52,WashingtonDC,38.89074053852876,-77.03351721243162,yPlP1nLdRBenOW2hKHXpMg,949,0,1055,6,11000,True,yPlP1nLdRBenOW2hKHXpMg
1497,2019,7,217,WashingtonDC,38.91258870274135,-77.00962365439152,kBW35yAeZxbCznXJ_65JIg,1117,0,1301,4,11005,True,kBW35yAeZxbCznXJ_65JIg
1336,2009,7,243,WashingtonDC,38.91112571203852,-77.04961335325311,fdX5ozGW1VYul3JAFYbwvA,1379,0,2022,4,11013,True,fdX5ozGW1VYul3JAFYbwvA
1361,2016,10,124,WashingtonDC,38.91113168526552,-77.02756733628466,-pmRM3J2twcWaStD8jOpEQ,204,0,207,12,11014,True,-pmRM3J2twcWaStD8jOpEQ
1632,2017,6,243,WashingtonDC,38.91594673647053,-77.04546503686095,Sa3Hitini3FH0f2bzuZnJA,796,0,861,5,11019,True,Sa3Hitini3FH0f2bzuZnJA
1462,2011,6,589,WashingtonDC,38.91260147909929,-77.04455057680268,v0KWqAV7V4FJ_K35tt5ygw,1048,0,1201,9,11044,True,v0KWqAV7V4FJ_K35tt5ygw
1226,2016,11,206,WashingtonDC,38.90896364566962,-77.0516074212162,XtQ3p0MDjV4W5S8TRBPMFQ,1159,0,1369,7,11053,True,XtQ3p0MDjV4W5S8TRBPMFQ
1836,2007,9,81,WashingtonDC,38.91880036703988,-77.01471755691036,FLv0vVjxhFKCtJpBdIi8oQ,1240,1,1824,3,11057,True,FLv0vVjxhFKCtJpBdIi8oQ
1794,2019,7,55,WashingtonDC,38.91774738493309,-76.99953291303721,zAurDMydU-XxnxiIjmNcpg,741,0,793,3,11060,True,zAurDMydU-XxnxiIjmNcpg
1594,2019,7,102,WashingtonDC,38.9148324665036,-77.03355556649103,YM5bfY8t8qJf9UgJeqbhkA,197,0,199,8,11062,True,YM5bfY8t8qJf9UgJeqbhkA
1578,2009,7,18,WashingtonDC,38.91478722253387,-77.04342761124207,11HCFllHPmpllYdmeWUvlw,724,0,772,7,11066,True,11HCFllHPmpllYdmeWUvlw
250,2009,7,315,WashingtonDC,38.89180884921286,-77.0336113709634,gyci8jbBlYHew3EA7BDoJQ,1274,0,1554,5,11071,True,gyci8jbBlYHew3EA7BDoJQ
1555,2011,8,702,WashingtonDC,38.91396000855691,-77.00818091929163,ZcguYR4UKSUv-QRJCw7Phw,114,0,115,3,11072,True,ZcguYR4UKSUv-QRJCw7Phw
1085,2011,6,304,WashingtonDC,38.90563657966737,-77.01259230716738,Y_rUdVm6VBVPAvfDT-P6uw,990,0,1114,11,11073,True,Y_rUdVm6VBVPAvfDT-P6uw
1149,2019,7,399,WashingtonDC,38.90682233861018,-77.00918301009918,p0Jun5NESGOCiRcynR2j8w,995,0,1119,10,11074,True,p0Jun5NESGOCiRcynR2j8w
1016,2011,6,327,WashingtonDC,38.90482461551636,-77.02699846306325,04C8WC4B4aTkcJf3Df3_rA,579,0,601,5,11082,True,04C8WC4B4aTkcJf3Df3_rA
1069,2008,6,493,WashingtonDC,38.90565559203728,-77.02853664664424,3Vi50IiHNmTOvsxHNBsQPg,248,1,346,4,11083,True,3Vi50IiHNmTOvsxHNBsQPg
517,2008,6,197,WashingtonDC,38.89612879294221,-77.0015018276642,D3ZyOKI4shY_d6uDrDzcKw,79,1,1897,3,11089,True,D3ZyOKI4shY_d6uDrDzcKw
978,2019,7,495,WashingtonDC,38.90380706226618,-77.00353903060086,JxwiB_h70yGqIrQiIqeobQ,1327,2,1956,3,11090,True,JxwiB_h70yGqIrQiIqeobQ
1102,2019,8,296,WashingtonDC,38.90582276106627,-76.99847734925443,VakE9QhbS7TwBMGY8XxkeA,706,1,1934,3,11091,True,VakE9QhbS7TwBMGY8XxkeA
604,2009,7,37,WashingtonDC,38.89772934347884,-77.02969044114376,whs6IPFy502K1DV3r03uyg,376,0,386,8,11098,True,whs6IPFy502K1DV3r03uyg
669,2018,10,285,WashingtonDC,38.89882266870393,-77.022937757723,JJqiieC0rt5NIsOqjgh5vA,1140,0,1339,6,11108,True,JJqiieC0rt5NIsOqjgh5vA
544,2007,8,458,WashingtonDC,38.89686949469337,-77.03361399261662,O0qH653F1jKtg0KV9_NSIQ,740,0,792,10,11114,True,O0qH653F1jKtg0KV9_NSIQ
717,2018,10,324,WashingtonDC,38.90018589070223,-77.03657097426697,6WyhjH7GgcMNf2Xc3j19-A,594,0,619,9,11115,True,6WyhjH7GgcMNf2Xc3j19-A
900,2018,10,365,WashingtonDC,38.90253045636221,-77.02562384571861,sx5FDL3ZJMSe-WToMYIkvg,680,0,721,6,11119,True,sx5FDL3ZJMSe-WToMYIkvg
1839,2014,5,339,WashingtonDC,38.91879220700421,-77.0135372252946,Z-YEl2nfC_Oz-QUCX4xgDw,668,0,702,6,11120,True,Z-YEl2nfC_Oz-QUCX4xgDw
1013,2009,7,613,WashingtonDC,38.90480621156809,-77.0324898153126,mjhxxwoB9M9NxwqSVxxb2g,1156,1,1738,5,11122,True,mjhxxwoB9M9NxwqSVxxb2g
292,2011,8,449,WashingtonDC,38.89284636149101,-77.05544692274734,6dqrby74MxrDazJNNUNFYA,254,1,2080,1,11129,True,6dqrby74MxrDazJNNUNFYA
821,2018,7,346,WashingtonDC,38.90183438005342,-77.04167182481268,1PRsmjCAtLYM49rb_C9k7w,860,0,943,11,11139,True,1PRsmjCAtLYM49rb_C9k7w
453,2016,10,355,WashingtonDC,38.89481217620004,-77.0095229140173,wWBj7vYgtmfR_rowLXDhcA,555,1,1354,3,11148,True,wWBj7vYgtmfR_rowLXDhcA
13,2011,6,563,WashingtonDC,38.88718013702959,-77.04230354479441,YErRyC4QYZI42R8Mv9ndcw,746,0,798,12,11154,True,YErRyC4QYZI42R8Mv9ndcw
710,2011,6,211,WashingtonDC,38.89981116464975,-77.04168350527402,8SFvNVfmkgcZ_5Yw6jTejA,1005,0,1132,10,11164,True,8SFvNVfmkgcZ_5Yw6jTejA
1806,2009,7,438,WashingtonDC,38.91794574702744,-77.05015265564889,nVRFLo-PlU4nf_yoVVmvyw,36,0,36,7,11171,True,nVRFLo-PlU4nf_yoVVmvyw
1724,2009,7,304,WashingtonDC,38.91673689810735,-77.01582454177675,PE4ParGQ2ahZcY-BihltxA,1360,2,2081,1,11172,True,PE4ParGQ2ahZcY-BihltxA
1013,2018,9,430,WashingtonDC,38.90479174574509,-77.03244588154237,h_04PAuvgNiuIpdhxd8riw,1156,2,2082,1,11176,True,h_04PAuvgNiuIpdhxd8riw
233,2007,8,256,WashingtonDC,38.89180059562512,-77.05357161649762,1N_sywzFxXCqmhEcdzCHaQ,1293,0,1592,11,11188,True,1N_sywzFxXCqmhEcdzCHaQ
1460,2017,7,187,WashingtonDC,38.91268871557179,-77.04745482135682,JT3gHpJkAXMsJ-iExpZppw,515,1,2041,3,11191,True,JT3gHpJkAXMsJ-iExpZppw
1834,2007,9,502,WashingtonDC,38.91920216874848,-77.0196674443604,jE6AprgL58BjFxZVIsf9Sw,1339,0,1722,4,11192,True,jE6AprgL58BjFxZVIsf9Sw
313,2015,7,557,WashingtonDC,38.89217040395827,-77.03656357838874,VDhTvyG_0Aj3swN_4sxojw,49,0,49,9,11202,True,VDhTvyG_0Aj3swN_4sxojw
1412,2016,10,244,WashingtonDC,38.911864345571,-77.03954724751848,567oquFVzwKOaCqy7MHLvw,546,0,567,10,11212,True,567oquFVzwKOaCqy7MHLvw
1702,2019,7,96,WashingtonDC,38.91696066101966,-77.0335594822009,rWRYttuoL-kl3N1FLSP89Q,317,0,324,7,11216,True,rWRYttuoL-kl3N1FLSP89Q
1567,2009,7,469,WashingtonDC,38.91408236744943,-77.00256209435548,0L2IlaLOYyqJvTQ64hQGOQ,1236,0,1490,3,11233,True,0L2IlaLOYyqJvTQ64hQGOQ
414,2011,4,198,WashingtonDC,38.89539369361859,-77.04783684938175,E9Hr5Z40nfY33p_0w3TUZg,623,1,1861,6,11245,True,E9Hr5Z40nfY33p_0w3TUZg
1423,2016,10,464,WashingtonDC,38.91180312669277,-77.02189134196388,h7Fe8--5TY3pgm7A76snbA,510,0,528,7,11257,True,h7Fe8--5TY3pgm7A76snbA
905,2008,6,261,WashingtonDC,38.90251190446094,-77.02054951718239,fRn61I4QUkZ6VvOJ3wlq-g,193,1,2083,1,11259,True,fRn61I4QUkZ6VvOJ3wlq-g
524,2018,6,535,WashingtonDC,38.89584619154907,-76.99845555041279,aDbgwxgQZEEvUyG3qZ7KaQ,1350,0,1792,9,11266,True,aDbgwxgQZEEvUyG3qZ7KaQ
1685,2011,6,507,WashingtonDC,38.91683380990244,-77.0506389684989,oubFEwsaWZXwhAVZyvANLA,1361,0,1856,5,11275,True,oubFEwsaWZXwhAVZyvANLA
1873,2011,6,612,WashingtonDC,38.91966266884216,-77.0435635697174,OZ2ve-vb1J_l5QLG_MCH5A,560,1,2084,2,11280,True,OZ2ve-vb1J_l5QLG_MCH5A
1093,2011,8,121,WashingtonDC,38.9056337856186,-77.01157735275193,MFlnMWXPZZhCqcy_FDcLQA,542,0,563,10,11284,True,MFlnMWXPZZhCqcy_FDcLQA
463,2011,8,220,WashingtonDC,38.89479515499911,-76.99965033707652,xng2Hk9g0dGkb3bToktQaA,910,0,1005,6,11299,True,xng2Hk9g0dGkb3bToktQaA
1265,2016,10,364,WashingtonDC,38.90855406634203,-77.01060964898791,-JWqTuYBIbsP_6Yu99bRsA,109,1,1195,6,11304,True,-JWqTuYBIbsP_6Yu99bRsA
698,2018,10,218,WashingtonDC,38.89880013552953,-76.99845340477937,VWkH5Wez2n2t1eSZv2nHHA,1300,0,1605,8,11323,True,VWkH5Wez2n2t1eSZv2nHHA
1370,2019,7,253,WashingtonDC,38.91079678382998,-77.01674019379875,HdKkf_dTcsdB_Z7EN_--AQ,215,0,218,5,11327,True,HdKkf_dTcsdB_Z7EN_--AQ
1360,2014,5,384,WashingtonDC,38.91082621925746,-77.02960347980225,ZxS_J8X8wjCzgQxpjvmyKQ,24,1,2085,1,11328,True,ZxS_J8X8wjCzgQxpjvmyKQ
687,2016,10,181,WashingtonDC,38.89890816159412,-77.0086069676383,gBooncGmaTs1lWJ0ZOGNJA,186,1,2086,1,11333,True,gBooncGmaTs1lWJ0ZOGNJA
1311,2012,5,191,WashingtonDC,38.90962247271774,-77.02351694686834,iUa4eEL56NG6Zu7uCCI8zw,1336,1,1901,4,11344,True,iUa4eEL56NG6Zu7uCCI8zw
495,2018,10,263,WashingtonDC,38.89612362639498,-77.02454006875685,LXq6xeL4gVYlmu9yTBN_ww,645,1,2087,1,11352,True,LXq6xeL4gVYlmu9yTBN_ww
1829,2012,5,441,WashingtonDC,38.91876084387683,-77.02458521779783,IOXkO8c-RWnaSW5prvyuqg,1252,0,1514,7,11355,True,IOXkO8c-RWnaSW5prvyuqg
465,2018,10,127,WashingtonDC,38.89479662113437,-77.00059877081533,1TAynMcteft-OQXEH6Hhyg,843,1,2088,1,11356,True,1TAynMcteft-OQXEH6Hhyg
1562,2018,7,97,WashingtonDC,38.9140746562706,-77.00162832042996,QZvah87DNBRx0gCwKv-tAA,1078,1,2089,1,11357,True,QZvah87DNBRx0gCwKv-tAA
1400,2018,10,574,WashingtonDC,38.91172017667838,-77.04855401437979,6vcZXWVSr9k4nUJaq72d7g,1007,0,1136,5,11361,True,6vcZXWVSr9k4nUJaq72d7g
1646,2014,4,386,WashingtonDC,38.91557498391321,-77.03254035969015,wU5WKJPI-v9a4WYmbcBFoA,531,0,552,9,11364,True,wU5WKJPI-v9a4WYmbcBFoA
99,2009,7,316,WashingtonDC,38.88880815254523,-77.01754123299402,5OqlZ0fcR8QhjJrRmK801w,731,0,783,5,11372,True,5OqlZ0fcR8QhjJrRmK801w
1832,2014,5,134,WashingtonDC,38.91877918576936,-77.02388769798655,wjxWEP0tde1HPR4_5iJxZw,926,2,2090,1,11378,True,wjxWEP0tde1HPR4_5iJxZw
563,2017,7,411,WashingtonDC,38.89671650739052,-77.01514124513417,r33BQ5Qn40Zq50tUmVFlOw,240,0,243,9,11380,True,r33BQ5Qn40Zq50tUmVFlOw
984,2008,6,525,WashingtonDC,38.9048440780811,-77.05476123582824,cx8mSm1jlTOAsA2U3i-VNA,388,1,2091,1,11384,True,cx8mSm1jlTOAsA2U3i-VNA
1378,2019,8,317,WashingtonDC,38.91112261060148,-77.01062538041936,EDgZIJYzgn2j2BTCg8WdiQ,532,0,553,8,11409,True,EDgZIJYzgn2j2BTCg8WdiQ
1659,2018,7,260,WashingtonDC,38.91557008189955,-77.02160241104374,m5zLsfEe59I32Ne9dyhF0g,154,0,155,7,11434,True,m5zLsfEe59I32Ne9dyhF0g
1092,2011,8,360,WashingtonDC,38.90563307578515,-77.00962283865303,BeHW8fZHKoCWFZT68g9hqg,666,0,700,9,11435,True,BeHW8fZHKoCWFZT68g9hqg
1098,2007,11,142,WashingtonDC,38.90580335599827,-76.9995173877675,2Jr5YQn7Sz75rxtn-Azw8g,505,1,2092,1,11441,True,2Jr5YQn7Sz75rxtn-Azw8g
1858,2011,6,392,WashingtonDC,38.92027635705843,-77.05198598209296,9-XITst6lKWw8a63-N1JFw,719,2,2093,1,11451,True,9-XITst6lKWw8a63-N1JFw
1568,2017,6,290,WashingtonDC,38.91481209819664,-77.04839868923133,xy2DhicmVQj9YXG16lJ6jQ,378,2,2094,1,11477,True,xy2DhicmVQj9YXG16lJ6jQ
360,2014,4,169,WashingtonDC,38.89350083536796,-77.04555180615176,5ycTJjfWHuOLirz9jkbaJw,485,0,499,4,11478,True,5ycTJjfWHuOLirz9jkbaJw
1125,2007,8,448,WashingtonDC,38.90725256137799,-77.03058005780088,40hOO3T6Bi87ls80Ddx_Cw,190,0,192,9,11479,True,40hOO3T6Bi87ls80Ddx_Cw
1484,2015,11,155,WashingtonDC,38.91273061989629,-77.02055823149529,t4nf9iTT22DWnKqV6_sq9w,458,0,468,14,11489,True,t4nf9iTT22DWnKqV6_sq9w
1854,2019,8,406,WashingtonDC,38.91973744438839,-77.05360372645919,hwT_D9lX2mB00CvLRjU2DA,873,1,2095,1,11490,True,hwT_D9lX2mB00CvLRjU2DA
1476,2011,8,532,WashingtonDC,38.9126038285011,-77.02657966591819,-K7BW46u6Wltc5b-IJmVsw,1192,0,1414,10,11500,True,-K7BW46u6Wltc5b-IJmVsw
1506,2011,8,496,WashingtonDC,38.91337113018206,-77.00088219712272,KwFErSBu9aU8aK8op1FLjg,1187,2,2096,1,11501,True,KwFErSBu9aU8aK8op1FLjg
1749,2015,7,184,WashingtonDC,38.91788474351265,-77.04430463712102,_Fqe0LopSWQ_ORIznOVMXA,1106,1,2097,1,11515,True,_Fqe0LopSWQ_ORIznOVMXA
263,2018,10,414,WashingtonDC,38.89204140472198,-77.02343730073551,BlmhkpFn7D2oLIxVZrJQtg,1112,0,1295,4,11516,True,BlmhkpFn7D2oLIxVZrJQtg
962,2018,9,358,WashingtonDC,38.90374637670391,-77.01848846813125,uyup4SaQWWC54cT4iNTLaw,312,0,319,4,11534,True,uyup4SaQWWC54cT4iNTLaw
1514,2014,6,619,WashingtonDC,38.91409502121346,-77.04961164160187,HQ3beaD3EPjYj6NfHTLkTA,351,0,360,4,11540,True,HQ3beaD3EPjYj6NfHTLkTA
